Price,Area_m2,Building_Age,Floor,City,District,Neighborhood,Room,Living_Room
54000,80,10,3,İzmir,Karşıyaka,Yalı Mah.,2,1
23000,116,3,3,İzmir,Torbalı,Pancar Mah.,2,0
60000,140,0,5,İzmir,Karşıyaka,Goncalar Mah.,3,1
25000,65,6,3,İzmir,Buca,Atatürk Mah.,2,1
30000,135,30,3,İzmir,Buca,Vali Rahmi Bey Mah.,3,1
42000,130,30,2,İzmir,Çiğli,Evka - 2 Mah.,3,1
50000,185,30,2,İzmir,Çiğli,Evka - 2 Mah.,5,1
38000,115,0,3,İzmir,Karabağlar,Bahar Mah.,3,1
40000,100,30,3,İzmir,Karabağlar,Basın Sitesi Mah.,2,1
45000,80,46,1,İzmir,Karabağlar,Esenyalı Mah.,2,1
32000,80,2,5,İzmir,Buca,Şirinkapı Mah.,2,1
16000,95,25,3,İzmir,Torbalı,Cumhuriyet Mah.,2,1
23000,125,15,2,İzmir,Ödemiş,Atatürk Mah.,2,1
21000,80,21,5,İzmir,Buca,İzkent Mah.,2,1
27000,100,40,2,İzmir,Bornova,Kazımdirik Mah.,3,1
25000,110,30,4,İzmir,Bornova,Kazımdirik Mah.,3,1
47500,85,31,1,İzmir,Karşıyaka,Aksoy Mah.,2,1
50000,120,37,2,İzmir,Bornova,Kazımdirik Mah.,3,1
150000,265,31,6,İzmir,Konak,Kültür Mah.,4,1
25000,85,3,5,İzmir,Kemalpaşa,Armutlu Hürriyet Mah.,2,1
250000,350,2,2,İzmir,Çiğli,Sasallı Merkez Mah.,5,1
52000,130,16,3,İzmir,Çiğli,Yeni Mahalle Mah.,3,1
37500,75,1,0,İzmir,Kemalpaşa,Ulucak Mustafa Kemal Atatürk Mah.,2,1
40000,95,6,2,İzmir,Balçova,Onur Mah.,2,1
23000,120,45,0,İzmir,Konak,Atilla Mah.,2,1
32000,125,11,5,İzmir,Karşıyaka,Fikri Altay Mah.,3,1
55000,150,6,2,İzmir,Seferihisar,Düzce Mah.,3,1
64000,96,0,2,İzmir,Konak,Umurbey Mah.,2,1
16000,110,31,1,İzmir,Karşıyaka,Latife Hanım Mah.,3,1
32000,100,40,4,İzmir,Karabağlar,Üçkuyular Mah.,2,1
41000,130,5,3,İzmir,Karşıyaka,Zübeyde Hanım Mah.,3,1
20000,45,2,3,İzmir,Menemen,İnönü Mah.,1,1
23500,125,21,2,İzmir,Bayraklı,Muhittin Erener Mah.,3,1
27000,120,26,2,İzmir,Buca,Adatepe Mah.,3,1
40000,95,10,2,İzmir,Konak,Atilla Mah.,2,1
130000,260,16,2,İzmir,Seferihisar,Ulamış Mah.,3,1
30000,90,4,1,İzmir,Karabağlar,Refet Bele Mah.,2,1
28000,50,11,7,İzmir,Karşıyaka,İnönü Mah.,1,1
110000,250,20,8,İzmir,Bornova,Erzene Mah.,4,1
33000,95,10,1,İzmir,Bornova,Ergene Mah.,1,1
45000,85,3,2,İzmir,Seferihisar,Kavakdere Mah.,2,1
34000,62,12,2,İzmir,Bornova,Mevlana Mah.,1,1
38000,90,26,2,İzmir,Gaziemir,Yeşil Mah.,2,1
27500,85,5,0,İzmir,Çiğli,Şirintepe Mah.,2,1
78000,134,20,9,İzmir,Karşıyaka,Yalı Mah.,3,1
33000,85,30,1,İzmir,Karabağlar,Üçkuyular Mah.,2,1
27000,90,35,5,İzmir,Bornova,Kazımdirik Mah.,2,1
26000,50,3,1,İzmir,Seferihisar,Hıdırlık Mah.,1,1
49000,80,6,1,İzmir,Karşıyaka,Bostanlı Mah.,2,1
20500,55,2,4,İzmir,Seferihisar,Camikebir Mah.,1,1
30000,120,26,4,İzmir,Karabağlar,Bahçelievler Mah.,3,1
26000,138,37,3,İzmir,Karabağlar,Bahçelievler Mah.,3,1
18000,65,5,0,İzmir,Bayraklı,Çiçek Mah.,1,1
55000,80,4,3,İzmir,Karşıyaka,Aksoy Mah.,2,1
25000,75,8,2,İzmir,Buca,Hürriyet Mah.,2,1
22000,135,21,2,İzmir,Bergama,Zafer Mah.,3,1
20000,52,5,2,İzmir,Buca,Kozağaç Mah.,1,1
50000,120,31,3,İzmir,Karşıyaka,Bostanlı Mah.,3,1
36000,110,26,0,İzmir,Bornova,Erzene Mah.,3,1
35000,130,31,2,İzmir,Konak,Kılıç Reis Mah.,3,1
37000,125,28,3,İzmir,Çiğli,Ataşehir Mah.,3,1
30000,50,1,2,İzmir,Çeşme,Ovacık Mah.,1,1
32000,115,40,2,İzmir,Konak,Çankaya Mah.,3,1
25000,100,31,5,İzmir,Karşıyaka,Bahçelievler Mah.,2,1
30000,100,31,4,İzmir,Buca,Vali Rahmi Bey Mah.,2,1
35000,62,5,2,İzmir,Karşıyaka,Bahçelievler Mah.,2,1
40000,90,2,1,İzmir,Karşıyaka,Dedebaşı Mah.,2,1
37000,150,5,2,İzmir,Seferihisar,Kavakdere Mah.,3,1
40000,115,0,2,İzmir,Karabağlar,Bahar Mah.,3,1
28000,75,33,3,İzmir,Karşıyaka,Bahariye Mah.,2,1
35000,125,26,3,İzmir,Balçova,Onur Mah.,3,1
29000,110,31,1,İzmir,Bornova,Kazımdirik Mah.,3,1
33000,85,31,5,İzmir,Karşıyaka,Aksoy Mah.,2,1
30000,82,42,2,İzmir,Karabağlar,Esenyalı Mah.,3,1
25000,85,6,2,İzmir,Buca,Kozağaç Mah.,2,1
37000,157,29,5,İzmir,Karşıyaka,Şemikler Mah.,3,1
45000,95,26,2,İzmir,Dikili,Cumhuriyet Mah.,2,1
30000,90,4,2,İzmir,Çiğli,Ataşehir Mah.,2,1
32000,90,35,3,İzmir,Karşıyaka,Bahariye Mah.,2,1
35000,130,30,5,İzmir,Karabağlar,Üçkuyular Mah.,3,1
30000,110,40,4,İzmir,Karabağlar,Esenyalı Mah.,3,1
72000,140,31,6,İzmir,Konak,Kültür Mah.,3,1
23000,50,6,2,İzmir,Buca,Atatürk Mah.,1,1
35000,63,0,3,İzmir,Çiğli,Ataşehir Mah.,1,1
35000,120,31,4,İzmir,Karşıyaka,Bostanlı Mah.,3,1
35000,90,8,1,İzmir,Bornova,Kazımdirik Mah.,2,1
37000,95,6,1,İzmir,Karşıyaka,Şemikler Mah.,2,1
20000,90,21,4,İzmir,Menemen,Kasımpaşa Mah.,2,1
20000,180,6,2,İzmir,Bergama,Okçular Mah.,3,1
26000,70,4,1,İzmir,Buca,Yaylacık Mah.,2,1
34000,110,5,1,İzmir,Karabağlar,Vatan Mah.,3,1
50000,120,6,0,İzmir,Seferihisar,Sığacık Mah.,3,1
30000,120,21,2,İzmir,Karabağlar,Bozyaka Mah.,3,1
40000,300,3,2,İzmir,Urla,İçmeler Mah.,2,1
20000,95,25,0,İzmir,Bayraklı,Tepekule Mah.,2,1
27000,86,39,5,İzmir,Karşıyaka,Bahçelievler Mah.,3,1
29000,120,31,0,İzmir,Konak,Mithatpaşa Mah.,3,1
30000,95,30,4,İzmir,Balçova,Korutürk Mah.,2,1
28000,65,37,2,İzmir,Konak,Alsancak Mah.,2,1
23250,45,2,2,İzmir,Çiğli,Balatçık Mah.,1,1
80000,280,11,2,İzmir,Menemen,Yahşelli Mah.,5,1
25000,100,21,1,İzmir,Bornova,İnönü Mah.,2,1
25000,90,5,2,İzmir,Karabağlar,Bozyaka Mah.,2,1
25000,90,25,0,İzmir,Karabağlar,Bahçelievler Mah.,3,0
25000,150,15,2,İzmir,Torbalı,Torbalı Mah.,3,1
24000,70,12,1,İzmir,Buca,Adatepe Mah.,2,1
70000,185,31,4,İzmir,Konak,Kültür Mah.,3,1
25000,95,32,1,İzmir,Karşıyaka,Donanmacı Mah.,2,1
25000,130,30,1,İzmir,Selçuk,Cumhuriyet Mah.,2,1
30000,125,4,3,İzmir,Karabağlar,Ali Fuat Erden Mah.,2,1
18000,95,21,2,İzmir,Buca,Atatürk Mah.,2,1
22500,110,2,2,İzmir,Torbalı,Atatürk Mah.,2,1
18500,60,5,0,İzmir,Buca,Kuruçeşme Mah.,1,1
35000,130,16,2,İzmir,Seferihisar,Camikebir Mah.,3,1
21000,70,6,2,İzmir,Buca,Kuruçeşme Mah.,1,1
20000,110,3,2,İzmir,Seferihisar,Orhanlı Mah.,2,1
35000,95,35,5,İzmir,Bornova,Kazımdirik Mah.,2,1
28000,100,4,1,İzmir,Buca,İnönü Mah.,2,1
29000,120,5,2,İzmir,Seferihisar,Hıdırlık Mah.,3,1
25000,155,21,0,İzmir,Buca,Atatürk Mah.,3,1
25000,104,3,3,İzmir,Menemen,Zeytinlik Mah.,2,1
30000,100,31,3,İzmir,Karabağlar,Basın Sitesi Mah.,3,1
21000,90,35,2,İzmir,Karabağlar,Bozyaka Mah.,2,1
28000,65,0,0,İzmir,Seferihisar,Sığacık Mah.,1,1
15500,120,2,1,İzmir,Menemen,Kesik Mah.,3,1
32000,110,8,1,İzmir,Çiğli,Maltepe Mah.,3,1
25000,92,0,2,İzmir,Seferihisar,Camikebir Mah.,2,1
25000,95,31,0,İzmir,Karabağlar,Basın Sitesi Mah.,2,1
14500,50,5,0,İzmir,Menemen,Gazi Mustafa Kemal Mah.,1,10
23000,75,6,3,İzmir,Seferihisar,Turabiye Mah.,2,1
20000,60,6,2,İzmir,Seferihisar,Çolak İbrahim Bey Mah.,1,1
55000,120,0,2,İzmir,Bayraklı,Mansuroğlu Mah.,2,1
47000,86,2,6,İzmir,Bayraklı,Mansuroğlu Mah.,2,1
46000,120,31,2,İzmir,Konak,Göztepe Mah.,3,1
30000,94,25,5,İzmir,Buca,Çamlıkule Mah.,2,1
22000,60,6,1,İzmir,Buca,Yıldız Mah.,1,1
60000,148,0,8,İzmir,Bayraklı,Osmangazi Mah.,3,1
40000,145,8,5,İzmir,Menemen,Ulus Mah.,3,1
27000,40,0,0,İzmir,Buca,Atatürk Mah.,1,1
17000,50,3,2,İzmir,Menemen,Gazi Mustafa Kemal Mah.,1,1
36000,95,30,3,İzmir,Bornova,Ergene Mah.,3,1
38000,60,2,5,İzmir,Bornova,Kazımdirik Mah.,1,1
38500,135,36,2,İzmir,Konak,Piri Reis Mah.,3,1
26500,135,11,2,İzmir,Tire,Fatih Mah.,3,1
25000,42,0,2,İzmir,Seferihisar,Çolak İbrahim Bey Mah.,1,1
40000,130,6,2,İzmir,Karşıyaka,Şemikler Mah.,3,1
16000,85,16,2,İzmir,Torbalı,Bahçelievler Mah.,1,1
30500,110,32,1,İzmir,Bornova,Kazımdirik Mah.,3,1
64000,96,0,2,İzmir,Konak,Umurbey Mah.,2,1
38000,120,26,2,İzmir,Karşıyaka,Bahçelievler Mah.,3,1
130000,150,2,0,İzmir,Güzelbahçe,Kahramandere Mah.,4,1
29000,60,2,4,İzmir,Karşıyaka,Demirköprü Mah.,1,1
32000,130,26,2,İzmir,Çiğli,Ataşehir Mah.,3,1
27000,43,3,1,İzmir,Çiğli,Maltepe Mah.,1,1
36000,85,0,1,İzmir,Çiğli,Esentepe Mah.,2,1
60000,82,6,5,İzmir,Bornova,Kazımdirik Mah.,2,1
50000,130,22,1,İzmir,Balçova,Çetin Emeç Mah.,3,1
180000,420,7,2,İzmir,Güzelbahçe,Kahramandere Mah.,6,1
19000,55,6,1,İzmir,Menemen,İnönü Mah.,1,1
58000,108,7,2,İzmir,Bornova,Erzene Mah.,2,1
25000,84,30,2,İzmir,Buca,İzkent Mah.,2,1
20000,90,18,1,İzmir,Karşıyaka,Örnekköy Mah.,1,1
30000,75,6,0,İzmir,Seferihisar,Hıdırlık Mah.,2,1
25000,120,2,2,İzmir,Ödemiş,Mimar Sinan Mah.,2,1
35000,130,20,1,İzmir,Bayraklı,Soğukkuyu Mah.,3,1
45000,145,30,6,İzmir,Bayraklı,Manavkuyu Mah.,3,1
40000,100,35,2,İzmir,Karabağlar,Fahrettin Altay Mah.,2,1
36000,70,31,5,İzmir,Karşıyaka,Mavişehir Mah.,1,1
27000,95,31,2,İzmir,Karşıyaka,Tersane Mah.,3,1
36000,135,20,5,İzmir,Bornova,Erzene Mah.,3,1
42000,120,31,2,İzmir,Konak,Güzelyalı Mah.,2,1
32500,85,8,1,İzmir,Konak,Altıntaş Mah.,2,1
36500,85,2,19,İzmir,Bornova,Koşukavak Mah.,2,1
18000,120,23,6,İzmir,Ödemiş,Süleyman Demirel Mah.,3,1
23000,55,6,1,İzmir,Menemen,İnönü Mah.,1,1
42000,150,5,3,İzmir,Buca,Kozağaç Mah.,3,1
23000,40,6,1,İzmir,Bornova,Kazımdirik Mah.,1,0
47500,210,31,7,İzmir,Karşıyaka,Bahariye Mah.,6,1
34000,130,3,5,İzmir,Bornova,Kemalpaşa Mah.,3,1
45000,100,10,5,İzmir,Karşıyaka,İmbatlı Mah.,2,1
27000,43,3,1,İzmir,Çiğli,Maltepe Mah.,1,1
179000,220,2,0,İzmir,Güzelbahçe,Kahramandere Mah.,5,2
90000,60,16,0,İzmir,Karaburun,Mordoğan Mah.,1,1
40000,160,11,3,İzmir,Menderes,Gümüldür Fevzi Çakmak Mah.,3,1
55000,120,31,5,İzmir,Karşıyaka,Aksoy Mah.,3,1
40000,110,26,5,İzmir,Balçova,Teleferik Mah.,3,1
27000,60,31,2,İzmir,Konak,Mimar Sinan Mah.,1,1
45000,75,0,1,İzmir,Konak,Mehmet Ali Akman Mah.,2,1
42000,128,6,3,İzmir,Karşıyaka,Şemikler Mah.,3,1
27500,85,11,0,İzmir,Karşıyaka,Zübeyde Hanım Mah.,2,1
26000,110,31,7,İzmir,Çiğli,Çağdaş Mah.,3,1
50000,120,40,7,İzmir,Konak,Barbaros Mah.,2,1
20000,90,25,2,İzmir,Çiğli,İzkent Mah.,2,1
30000,110,30,1,İzmir,Bornova,Erzene Mah.,3,1
37000,85,5,3,İzmir,Bornova,Ergene Mah.,2,1
21000,50,0,1,İzmir,Menemen,Gazi Mustafa Kemal Mah.,1,1
35000,52,6,2,İzmir,Bornova,Kazımdirik Mah.,1,1
35000,105,16,5,İzmir,Buca,Yıldız Mah.,2,1
53000,75,29,6,İzmir,Konak,Alsancak Mah.,2,1
55000,140,30,1,İzmir,Balçova,Korutürk Mah.,3,1
60000,116,6,9,İzmir,Karşıyaka,Örnekköy Mah.,2,1
35000,110,40,2,İzmir,Karabağlar,Fahrettin Altay Mah.,3,1
25000,85,28,3,İzmir,Konak,Kahramanlar Mah.,2,1
20000,110,30,5,İzmir,Bayraklı,Osmangazi Mah.,2,1
33000,130,6,3,İzmir,Menderes,Gümüldür Fevzi Çakmak Mah.,3,1
43000,150,16,0,İzmir,Çeşme,Musalla Mah.,3,1
38000,120,35,2,İzmir,Bornova,Evka 3 Mah.,3,1
18000,130,25,1,İzmir,Bayraklı,Yamanlar Mah.,3,1
25000,60,25,1,İzmir,Bornova,Evka 3 Mah.,1,1
30000,75,13,2,İzmir,Karşıyaka,Goncalar Mah.,2,1
17000,65,0,1,İzmir,Menemen,85. Yıl Cumhuriyet Mah.,1,1
65000,130,21,2,İzmir,Seferihisar,Sığacık Mah.,3,1
35500,170,28,0,İzmir,Karşıyaka,Yalı Mah.,3,1
30000,120,16,2,İzmir,Bornova,Karacaoğlan Mah.,3,1
33000,120,45,3,İzmir,Karşıyaka,Alaybey Mah.,3,1
30000,105,31,2,İzmir,Karşıyaka,Tersane Mah.,3,1
70000,200,0,0,İzmir,Konak,Mersinli Mah.,3,1
60000,250,21,1,İzmir,Gaziemir,Dokuz Eylül Mah.,4,1
30000,130,11,1,İzmir,Karabağlar,Gülyaka Mah.,3,1
20000,85,25,1,İzmir,Buca,Adatepe Mah.,2,1
25000,115,25,3,İzmir,Karabağlar,Gülyaka Mah.,3,1
24000,85,26,5,İzmir,Karşıyaka,Donanmacı Mah.,2,1
20000,125,39,5,İzmir,Bayraklı,Mansuroğlu Mah.,1,1
25000,105,26,4,İzmir,Karabağlar,Doğanay Mah.,2,1
28000,160,16,1,İzmir,Seferihisar,Turabiye Mah.,3,1
26000,100,21,1,İzmir,Bayraklı,Adalet Mah.,2,1
60000,200,4,2,İzmir,Menemen,Göktepe Mah.,3,1
45000,103,0,2,İzmir,Foça,Hacıveli Mah.,2,1
28000,130,31,4,İzmir,Buca,Vali Rahmi Bey Mah.,3,1
22000,60,6,0,İzmir,Torbalı,Yedi Eylül Mah.,1,1
30000,90,31,1,İzmir,Gaziemir,Gazikent Mah.,2,1
9000,20,6,2,İzmir,Buca,Adatepe Mah.,1,0
69000,2000,21,2,İzmir,Seferihisar,Tepecik Mah.,3,1
34000,50,6,6,İzmir,Karşıyaka,Yalı Mah.,1,1
17000,200,15,0,İzmir,Kemalpaşa,Atatürk Mah.,3,1
30000,110,30,3,İzmir,Bayraklı,Manavkuyu Mah.,3,1
60000,140,26,6,İzmir,Bornova,Erzene Mah.,3,1
40000,150,6,2,İzmir,Menderes,Çukuraltı Mah.,3,1
85000,150,28,6,İzmir,Konak,Çankaya Mah.,3,1
17000,45,0,3,İzmir,Menemen,Gazi Mustafa Kemal Mah.,1,1
46000,98,31,1,İzmir,Konak,Göztepe Mah.,1,1
20000,85,44,1,İzmir,Karşıyaka,Tuna Mah.,2,1
19000,110,6,1,İzmir,Torbalı,Yazıbaşı Mah.,2,1
30000,100,31,5,İzmir,Karşıyaka,Tuna Mah.,2,1
35000,125,25,3,İzmir,Çiğli,Ataşehir Mah.,3,1
25000,110,16,3,İzmir,Buca,Çamlıkule Mah.,2,1
60000,125,26,1,İzmir,Balçova,Onur Mah.,3,1
24000,115,16,4,İzmir,Bayraklı,Adalet Mah.,3,1
25000,110,26,2,İzmir,Buca,Barış Mah.,3,1
40000,145,31,0,İzmir,Çiğli,Aydınlıkevler Mah.,4,1
45000,90,5,1,İzmir,Konak,Güzelyalı Mah.,2,1
45000,135,3,4,İzmir,Seferihisar,Camikebir Mah.,3,1
35000,120,30,4,İzmir,Bornova,Erzene Mah.,3,1
35000,90,35,8,İzmir,Karabağlar,Üçkuyular Mah.,3,1
18500,55,9,0,İzmir,Buca,Atatürk Mah.,1,1
30000,110,35,1,İzmir,Menemen,Kasımpaşa Mah.,3,1
38000,130,31,3,İzmir,Karşıyaka,Bostanlı Mah.,3,1
80000,175,11,3,İzmir,Bornova,Rafet Paşa Mah.,3,1
43500,125,26,3,İzmir,Balçova,Fevzi Çakmak Mah.,3,1
35000,145,26,0,İzmir,Karabağlar,Adnan Süvari Mah.,3,1
40000,60,32,2,İzmir,Bornova,Kazımdirik Mah.,2,1
20000,40,6,1,İzmir,Buca,Kozağaç Mah.,1,1
33000,100,3,4,İzmir,Seferihisar,Çolak İbrahim Bey Mah.,2,1
18000,100,30,1,İzmir,Karşıyaka,Latife Hanım Mah.,2,0
22000,75,17,5,İzmir,Konak,Kemal Reis Mah.,2,1
40000,140,30,4,İzmir,Karabağlar,Üçkuyular Mah.,3,1
23000,40,10,7,İzmir,Buca,Laleli Mah.,1,1
19500,50,2,2,İzmir,Menemen,Gazi Mustafa Kemal Mah.,1,1
21000,55,3,0,İzmir,Buca,Şirinkapı Mah.,1,1
28000,120,31,2,İzmir,Çiğli,Aydınlıkevler Mah.,3,1
36500,140,36,6,İzmir,Bornova,Kazımdirik Mah.,3,1
45000,74,1,0,İzmir,Bornova,Kazımdirik Mah.,1,1
20000,55,4,0,İzmir,Buca,Atatürk Mah.,1,1
35000,110,30,4,İzmir,Konak,Mimar Sinan Mah.,2,1
30000,70,16,3,İzmir,Buca,Adatepe Mah.,2,1
18000,50,2,1,İzmir,Seferihisar,Çolak İbrahim Bey Mah.,1,1
27000,85,28,3,İzmir,Konak,Kılıç Reis Mah.,3,0
30000,155,20,3,İzmir,Bornova,Mevlana Mah.,3,1
23000,60,21,2,İzmir,Dikili,Çandarlı Mah.,1,1
30000,56,6,1,İzmir,Karşıyaka,Goncalar Mah.,2,1
25000,120,26,4,İzmir,Çiğli,Egekent Mah.,3,1
35000,108,26,4,İzmir,Karabağlar,Basın Sitesi Mah.,2,1
35000,94,5,3,İzmir,Buca,İnkılap Mah.,2,1
65000,115,1,5,İzmir,Karşıyaka,Aksoy Mah.,3,1
110000,220,11,2,İzmir,Güzelbahçe,Çamlı Mah.,4,1
21500,85,7,2,İzmir,Menemen,Gazi Mustafa Kemal Mah.,2,1
38000,130,25,5,İzmir,Karşıyaka,Bahriye Üçok Mah.,3,1
55000,75,6,3,İzmir,Bornova,Kazımdirik Mah.,2,1
30000,100,31,1,İzmir,Konak,Kılıç Reis Mah.,2,1
32000,135,24,1,İzmir,Buca,Barış Mah.,3,1
40000,120,26,2,İzmir,Karşıyaka,Bahçelievler Mah.,3,1
28000,42,16,2,İzmir,Karşıyaka,Dedebaşı Mah.,1,1
87500,200,11,2,İzmir,Güzelbahçe,Kahramandere Mah.,3,1
34000,90,3,3,İzmir,Çiğli,Esentepe Mah.,2,1
33000,70,2,1,İzmir,Menderes,Cüneytbey Mah.,2,1
37500,137,31,1,İzmir,Bayraklı,Mansuroğlu Mah.,3,1
27000,52,0,4,İzmir,Çiğli,Şirintepe Mah.,1,1
40500,90,6,4,İzmir,Karşıyaka,İmbatlı Mah.,2,1
26500,60,6,3,İzmir,Buca,Atatürk Mah.,1,1
25000,78,1,4,İzmir,Menemen,29 Ekim Mah.,2,1
28000,95,21,5,İzmir,Çiğli,Evka-5 Mah.,2,1
38000,135,21,2,İzmir,Karşıyaka,Dedebaşı Mah.,3,1
50000,180,21,2,İzmir,Bayraklı,Tepekule Mah.,3,1
32000,100,0,2,İzmir,Çiğli,Şirintepe Mah.,3,1
34000,140,9,3,İzmir,Selçuk,İsa Bey Mah.,3,1
30000,105,3,0,İzmir,Bayraklı,R. Şevket İnce Mah.,2,1
33000,130,13,3,İzmir,Menemen,Mermerli Mah.,3,1
30000,95,0,3,İzmir,Karşıyaka,Örnekköy Mah.,2,1
20000,64,0,1,İzmir,Buca,Mustafa Kemal Mah.,1,1
35000,130,21,5,İzmir,Bayraklı,Osmangazi Mah.,3,1
58000,150,11,1,İzmir,Çiğli,Ataşehir Mah.,3,1
50000,140,0,20,İzmir,Bornova,Yeşilova Mah.,3,1
45000,140,6,3,İzmir,Seferihisar,Camikebir Mah.,3,1
45000,130,25,1,İzmir,Karşıyaka,Aksoy Mah.,3,1
26000,70,6,2,İzmir,Buca,Adatepe Mah.,2,1
52000,130,26,6,İzmir,Karabağlar,Arap Hasan Mah.,3,1
37000,75,0,2,İzmir,Konak,Kahramanlar Mah.,2,1
27000,45,4,6,İzmir,Çiğli,Balatçık Mah.,1,1
18000,40,11,4,İzmir,Buca,Yıldız Mah.,1,0
50000,86,21,3,İzmir,Urla,Yelaltı Mah.,2,1
27000,60,12,2,İzmir,Dikili,İsmetpaşa Mah.,1,1
42000,165,16,1,İzmir,Buca,Kozağaç Mah.,3,1
45000,60,1,13,İzmir,Konak,Ege Mah.,1,1
35000,150,0,4,İzmir,Menderes,Kemalpaşa Mah.,3,1
57500,54,2,2,İzmir,Konak,Halkapınar Mah.,1,1
28000,85,6,5,İzmir,Karabağlar,Aydın Mah.,2,1
28500,120,30,3,İzmir,Konak,Güneşli Mah.,3,1
45000,70,26,5,İzmir,Karabağlar,Fahrettin Altay Mah.,1,1
21500,85,3,3,İzmir,Ödemiş,Umurbey Mah.,2,1
30000,47,0,2,İzmir,Buca,Güven Mah.,1,1
25500,55,0,2,İzmir,Menemen,İstiklal Mah.,1,1
75000,155,21,9,İzmir,Karşıyaka,Mavişehir Mah.,3,1
42000,130,11,5,İzmir,Karşıyaka,Nergiz Mah.,3,1
24000,85,21,5,İzmir,Menderes,Hürriyet Mah.,2,1
20000,95,25,2,İzmir,Konak,Ferahlı Mah.,2,1
29500,85,38,0,İzmir,Konak,Kılıç Reis Mah.,2,1
39000,140,25,2,İzmir,Bornova,Erzene Mah.,3,1
47000,156,16,1,İzmir,Narlıdere,2. İnönü Mah.,3,1
26000,150,30,2,İzmir,Tire,Hürriyet Mah.,4,1
20500,85,5,1,İzmir,Menemen,Gazi Mustafa Kemal Mah.,2,1
65000,160,30,0,İzmir,Karşıyaka,Bostanlı Mah.,3,1
39000,110,26,6,İzmir,Karşıyaka,Bahriye Üçok Mah.,3,1
21000,140,3,2,İzmir,Selçuk,14 Mayıs Mah.,3,1
43000,150,6,0,İzmir,Seferihisar,Camikebir Mah.,3,1
23500,89,4,3,İzmir,Çiğli,Şirintepe Mah.,2,1
40000,135,35,4,İzmir,Karabağlar,Bahçelievler Mah.,3,1
18000,60,0,3,İzmir,Menemen,Gazi Mustafa Kemal Mah.,1,1
40000,140,45,4,İzmir,Karabağlar,Basın Sitesi Mah.,3,1
45000,150,5,2,İzmir,Çeşme,Şifne Mah.,4,1
45000,195,31,3,İzmir,Narlıdere,Narlı Mah.,3,1
28000,105,24,1,İzmir,Menemen,30 Ağustos Mah.,2,1
26500,140,5,1,İzmir,Torbalı,Torbalı Mah.,3,1
100000,248,15,2,İzmir,Urla,Şirinkent Mah.,4,1
17000,80,11,3,İzmir,Torbalı,İnönü Mah.,2,1
45000,145,3,3,İzmir,Seferihisar,Camikebir Mah.,3,1
45500,87,31,7,İzmir,Konak,Alsancak Mah.,2,1
35000,135,15,1,İzmir,Bayraklı,Osmangazi Mah.,3,1
29000,52,2,3,İzmir,Buca,Adatepe Mah.,1,1
25000,100,0,4,İzmir,Torbalı,Yedi Eylül Mah.,2,1
33000,55,0,4,İzmir,Bornova,Erzene Mah.,1,1
40000,120,31,1,İzmir,Karşıyaka,Bostanlı Mah.,3,1
22000,90,8,6,İzmir,Menemen,Cumhuriyet Mah.,2,1
90000,115,16,1,İzmir,Güzelbahçe,Maltepe Mah.,2,1
42000,92,6,6,İzmir,Konak,Barbaros Mah.,2,1
37000,95,0,5,İzmir,Çiğli,Uğur Mumcu Mah.,2,1
42500,340,8,2,İzmir,Torbalı,Fevzi Çakmak Mah.,4,1
45000,135,21,7,İzmir,Balçova,Teleferik Mah.,3,1
26000,95,12,4,İzmir,Menemen,Kasımpaşa Mah.,2,1
38000,110,5,2,İzmir,Bornova,Ergene Mah.,2,1
50000,135,6,2,İzmir,Gaziemir,Gazi Mah.,3,1
30000,100,26,4,İzmir,Konak,Çankaya Mah.,2,1
22000000,150,15,2,İzmir,Foça,Fatih Mah.,4,1
26000,125,24,5,İzmir,Buca,Barış Mah.,3,1
35000,100,8,0,İzmir,Seferihisar,Çolak İbrahim Bey Mah.,3,0
550000,620,0,2,İzmir,Çeşme,İsmet İnönü Mah.,7,1
250000,850,20,2,İzmir,Çeşme,Çakabey Mah.,4,1
30000,130,4,4,İzmir,Menemen,Zeytinlik Mah.,3,1
45000,200,6,0,İzmir,Seferihisar,Atatürk Mah.,4,1
33000,130,33,2,İzmir,Balçova,Eğitim Mah.,3,1
60000,80,15,0,İzmir,Menderes,Gümüldür İnönü Mah.,2,1
42000,65,6,1,İzmir,Çeşme,İsmet İnönü Mah.,1,1
36000,65,26,6,İzmir,Konak,Mimar Sinan Mah.,1,1
18000,70,4,1,İzmir,Buca,Atatürk Mah.,1,1
21000,68,32,3,İzmir,Çiğli,Evka - 2 Mah.,1,1
40000,105,18,2,İzmir,Balçova,Çetin Emeç Mah.,2,1
20000,140,25,5,İzmir,Ödemiş,Anafartalar Mah.,3,1
100000,240,20,3,İzmir,Bornova,Erzene Mah.,4,1
35000,66,4,0,İzmir,Dikili,İsmetpaşa Mah.,2,1
33000,130,35,3,İzmir,Konak,Alsancak Mah.,3,1
33000,80,5,0,İzmir,Karşıyaka,Fikri Altay Mah.,2,1
35000,120,31,4,İzmir,Bornova,Evka 3 Mah.,3,1
33000,100,3,1,İzmir,Karabağlar,Muammer Akar Mah.,2,1
24000,85,25,6,İzmir,Karabağlar,Doğanay Mah.,2,1
80000,170,48,7,İzmir,Konak,Güzelyalı Mah.,3,0
320000,140,5,2,İzmir,Çeşme,Reisdere Mah.,3,1
30000,70,3,1,İzmir,Bornova,Erzene Mah.,1,1
22500,85,26,3,İzmir,Buca,İzkent Mah.,2,1
45000,325,0,2,İzmir,Seferihisar,Kavakdere Mah.,3,1
21000,100,40,0,İzmir,Karabağlar,Basın Sitesi Mah.,2,1
75000,250,9,2,İzmir,Çeşme,Alaçatı Mah.,3,1
31000,90,25,1,İzmir,Karşıyaka,Goncalar Mah.,2,1
29000,115,30,2,İzmir,Buca,Hürriyet Mah.,3,1
50000,145,40,3,İzmir,Karşıyaka,Bostanlı Mah.,3,1
38000,120,35,6,İzmir,Bornova,Kazımdirik Mah.,3,1
23000,70,5,2,İzmir,Buca,Adatepe Mah.,2,1
50000,85,5,5,İzmir,Karşıyaka,Bostanlı Mah.,2,1
20000,200,10,0,İzmir,Menderes,Bulgurca Mah.,2,1
35000,135,32,4,İzmir,Karabağlar,Üçkuyular Mah.,3,1
45000,50,0,3,İzmir,Çeşme,Musalla Mah.,1,1
26000,160,0,5,İzmir,Selçuk,Zafer Mah.,4,1
23000,55,6,1,İzmir,Çiğli,Balatçık Mah.,1,1
29250,50,4,2,İzmir,Çiğli,Balatçık Mah.,1,1
40000,145,31,8,İzmir,Bornova,Kazımdirik Mah.,3,1
28000,108,34,2,İzmir,Çiğli,Egekent Mah.,3,1
40000,55,5,0,İzmir,Çeşme,Ilıca Mah.,1,1
40000,70,8,1,İzmir,Urla,Gülbahçe Mah.,2,1
45000,60,1,6,İzmir,Bornova,Kazımdirik Mah.,1,1
35000,130,11,3,İzmir,Buca,Kozağaç Mah.,3,1
20000,100,6,1,İzmir,Buca,Atatürk Mah.,2,1
26000,85,6,3,İzmir,Karabağlar,Bahar Mah.,2,1
35000,120,26,7,İzmir,Buca,Buca Koop. Mah.,3,1
32000,60,0,4,İzmir,Karabağlar,Devrim Mah.,1,1
50000,180,30,6,İzmir,Balçova,Eğitim Mah.,3,1
35000,130,32,3,İzmir,Bornova,Erzene Mah.,3,1
36000,80,20,3,İzmir,Karşıyaka,Dedebaşı Mah.,1,1
33000,140,25,6,İzmir,Bayraklı,Adalet Mah.,3,1
20000,62,4,3,İzmir,Torbalı,İnönü Mah.,1,1
29000,60,0,3,İzmir,Aliağa,Kurtuluş Mah.,1,1
30000,125,26,3,İzmir,Çiğli,Evka-5 Mah.,3,1
110000,250,0,2,İzmir,Çeşme,Dalyan Mah.,4,1
52000,120,3,1,İzmir,Karşıyaka,Bahriye Üçok Mah.,3,1
32000,135,35,4,İzmir,Karşıyaka,Tuna Mah.,3,1
140000,300,12,2,İzmir,Dikili,Salihler Mah.,5,1
38000,130,31,5,İzmir,Bayraklı,Mansuroğlu Mah.,3,1
150000,240,11,2,İzmir,Urla,Yeni Mah.,4,1
30000,100,11,0,İzmir,Bornova,Atatürk Mah.,2,1
30000,135,21,2,İzmir,Karabağlar,Vatan Mah.,3,1
42000,120,31,4,İzmir,Karabağlar,Basın Sitesi Mah.,3,1
40000,80,6,1,İzmir,Çiğli,Balatçık Mah.,2,1
45000,135,11,1,İzmir,Buca,Yiğitler Mah.,3,1
32000,50,1,7,İzmir,Çiğli,Balatçık Mah.,1,1
35000,140,21,5,İzmir,Bayraklı,Osmangazi Mah.,3,1
45000,60,6,2,İzmir,Karşıyaka,Bahçelievler Mah.,1,1
32000,45,3,1,İzmir,Bornova,Kazımdirik Mah.,1,0
35000,115,31,5,İzmir,Karşıyaka,Bahçelievler Mah.,3,1
28000,55,0,3,İzmir,Menemen,İstiklal Mah.,1,1
120000,150,11,3,İzmir,Karşıyaka,Yalı Mah.,3,1
38000,118,26,6,İzmir,Gaziemir,Sevgi Mah.,3,1
29000,110,16,2,İzmir,Karabağlar,General Kazım Özalp Mah.,3,1
40000,100,16,2,İzmir,Menemen,30 Ağustos Mah.,3,1
45000,105,6,2,İzmir,Buca,Çamlıkule Mah.,2,1
260000,490,5,2,İzmir,Güzelbahçe,Kahramandere Mah.,3,2
25000,80,31,2,İzmir,Buca,Karanfil Mah.,2,1
37000,115,16,3,İzmir,Karşıyaka,Goncalar Mah.,2,1
34000,110,32,2,İzmir,Bornova,Kazımdirik Mah.,3,1
45000,125,6,1,İzmir,Buca,Çamlık Mah.,3,1
60000,160,11,2,İzmir,Seferihisar,Sığacık Mah.,3,1
32000,55,6,1,İzmir,Bornova,Erzene Mah.,1,1
30000,55,11,1,İzmir,Karşıyaka,İnönü Mah.,1,1
19000,64,3,3,İzmir,Menemen,Ulus Mah.,1,1
45000,100,31,4,İzmir,Konak,Kılıç Reis Mah.,2,1
41500,150,19,1,İzmir,Karşıyaka,Şemikler Mah.,3,1
57500,135,26,5,İzmir,Konak,Göztepe Mah.,3,1
27000,130,6,4,İzmir,Seferihisar,Hıdırlık Mah.,2,1
18000,55,2,1,İzmir,Menemen,Gazi Mustafa Kemal Mah.,1,1
30000,60,0,4,İzmir,Karşıyaka,Bahçelievler Mah.,1,1
50000,120,31,3,İzmir,Karşıyaka,Bostanlı Mah.,3,1
97000,140,11,14,İzmir,Karşıyaka,Bahçelievler Mah.,3,1
23000,125,2,3,İzmir,Torbalı,Yedi Eylül Mah.,2,1
28000,52,3,3,İzmir,Buca,Adatepe Mah.,1,1
25000,70,0,2,İzmir,Foça,Kazım Dirik Mah.,2,1
54000,117,6,0,İzmir,Menemen,9 Eylül Mah.,2,1
35000,110,0,2,İzmir,Bayraklı,R. Şevket İnce Mah.,2,1
23000,120,16,4,İzmir,Çiğli,Yakakent Mah.,3,1
30000,135,23,0,İzmir,Karabağlar,Vatan Mah.,3,1
45000,160,11,4,İzmir,Karabağlar,General Kazım Özalp Mah.,3,1
38500,45,11,15,İzmir,Karşıyaka,Yalı Mah.,1,1
21500,85,7,2,İzmir,Menemen,Gazi Mustafa Kemal Mah.,2,1
36000,120,6,3,İzmir,Seferihisar,Camikebir Mah.,3,1
42000,140,8,5,İzmir,Karabağlar,Vatan Mah.,3,1
27000,70,3,5,İzmir,Selçuk,14 Mayıs Mah.,1,1
32000,120,38,4,İzmir,Karabağlar,Bahçelievler Mah.,3,1
25000,105,16,4,İzmir,Karabağlar,Gülyaka Mah.,2,1
1050000,140,6,2,İzmir,Çeşme,Alaçatı Mah.,3,1
120000,210,2,0,İzmir,Menemen,Kazımpaşa Mah.,4,1
179000,350,2,0,İzmir,Güzelbahçe,Kahramandere Mah.,5,2
22000,90,30,1,İzmir,Bornova,İnönü Mah.,2,1
20000,85,3,5,İzmir,Menemen,İncirli Pınar Mah.,2,1
26000,140,35,2,İzmir,Karabağlar,Vatan Mah.,3,1
39000,136,26,5,İzmir,Karşıyaka,Dedebaşı Mah.,3,1
26000,98,10,3,İzmir,Buca,Hürriyet Mah.,2,1
43000,76,6,2,İzmir,Bornova,Atatürk Mah.,1,1
40000,121,28,4,İzmir,Balçova,Fevzi Çakmak Mah.,3,1
44000,140,16,3,İzmir,Çiğli,Ataşehir Mah.,3,1
25000,60,4,1,İzmir,Buca,Buca Koop. Mah.,1,1
95000,187,31,5,İzmir,Konak,Çankaya Mah.,3,1
39000,130,29,6,İzmir,Bornova,Erzene Mah.,3,1
32000,125,25,1,İzmir,Buca,Hürriyet Mah.,3,1
45000,75,16,3,İzmir,Seferihisar,Sığacık Mah.,2,1
48000,120,40,2,İzmir,Konak,Çankaya Mah.,3,1
30000,125,39,3,İzmir,Bayraklı,Mansuroğlu Mah.,2,1
30000,60,20,3,İzmir,Urla,Gülbahçe Mah.,2,1
85000,115,11,0,İzmir,Karşıyaka,Yalı Mah.,2,1
32000,119,45,0,İzmir,Konak,Çankaya Mah.,3,1
33000,80,31,3,İzmir,Bornova,İnönü Mah.,2,1
30000,77,26,3,İzmir,Bornova,Evka 4 Mah.,2,1
40000,90,2,1,İzmir,Çiğli,Balatçık Mah.,2,1
22000,125,11,7,İzmir,Menemen,Zeytinlik Mah.,3,1
50000,128,31,2,İzmir,Konak,Kahramanlar Mah.,3,1
60000,150,27,4,İzmir,Konak,Alsancak Mah.,2,1
32000,90,10,2,İzmir,Çiğli,Ataşehir Mah.,2,1
34000,120,16,3,İzmir,Konak,Piri Reis Mah.,3,1
30000,110,31,2,İzmir,Çiğli,Aydınlıkevler Mah.,3,1
23000,110,5,5,İzmir,Ödemiş,Üç Eylül Mah.,2,1
30000,55,8,3,İzmir,Bornova,Mevlana Mah.,1,1
28000,140,16,4,İzmir,Karabağlar,Yaşar Kemal Mah.,3,1
28000,65,9,3,İzmir,Çiğli,Balatçık Mah.,2,1
40000,140,26,3,İzmir,Karşıyaka,Bostanlı Mah.,3,1
34000,135,22,1,İzmir,Bayraklı,Soğukkuyu Mah.,3,1
40000,135,11,3,İzmir,Gaziemir,Yeşil Mah.,3,1
35000,140,25,3,İzmir,Çiğli,Ataşehir Mah.,3,1
50000,75,6,3,İzmir,Çeşme,16 Eylül Mah.,1,1
22000,62,0,2,İzmir,Torbalı,İnönü Mah.,1,1
30000,50,3,2,İzmir,Seferihisar,Sığacık Mah.,1,1
35000,170,7,3,İzmir,Torbalı,Muratbey Mah.,3,1
45000,160,16,1,İzmir,Gaziemir,Gazi Mah.,3,1
31000,165,20,-2,İzmir,Bayraklı,Osmangazi Mah.,3,1
35000,120,35,5,İzmir,Karşıyaka,Bostanlı Mah.,3,1
26000,120,20,2,İzmir,Karabağlar,Gülyaka Mah.,3,1
35000,155,11,3,İzmir,Buca,Adatepe Mah.,3,1
45000,270,22,4,İzmir,Buca,Kozağaç Mah.,4,0
37000,130,40,5,İzmir,Konak,Mimar Sinan Mah.,3,1
25500,85,6,1,İzmir,Karşıyaka,İmbatlı Mah.,2,1
18500,75,10,0,İzmir,Buca,Adatepe Mah.,2,1
67500,150,25,3,İzmir,Karşıyaka,Bostanlı Mah.,3,1
24000,160,20,4,İzmir,Ödemiş,Süleyman Demirel Mah.,3,1
35000,47,9,1,İzmir,Bornova,Kazımdirik Mah.,1,1
80000,150,31,3,İzmir,Konak,Kültür Mah.,3,1
21000,45,6,1,İzmir,Bornova,Mevlana Mah.,1,1
17000,140,6,-3,İzmir,Buca,Çamlıpınar Mah.,1,1
22000,60,30,5,İzmir,Karabağlar,Yunus Emre Mah.,1,1
50000,75,11,7,İzmir,Narlıdere,Yenikale Mah.,1,1
32000,115,0,1,İzmir,Seferihisar,Çolak İbrahim Bey Mah.,2,1
25000,75,6,2,İzmir,Buca,Kuruçeşme Mah.,2,1
34500,105,30,6,İzmir,Bayraklı,Manavkuyu Mah.,3,1
60000,155,16,1,İzmir,Balçova,Korutürk Mah.,3,1
27000,58,4,2,İzmir,Çiğli,Yeni Mahalle Mah.,1,1
28000,120,16,1,İzmir,Seferihisar,Camikebir Mah.,3,1
30000,90,6,1,İzmir,Seferihisar,Turabiye Mah.,2,1
40000,120,12,3,İzmir,Karşıyaka,Örnekköy Mah.,3,1
60000,130,5,2,İzmir,Gaziemir,Irmak Mah.,3,1
33500,120,15,4,İzmir,Dikili,Salimbey Mah.,3,1
40000,80,10,1,İzmir,Karşıyaka,Dedebaşı Mah.,2,1
45000,155,12,4,İzmir,Konak,Murat Reis Mah.,3,1
58000,280,14,3,İzmir,Bornova,Atatürk Mah.,4,1
20000,110,16,0,İzmir,Bayraklı,Çiçek Mah.,2,1
30000,120,29,4,İzmir,Karşıyaka,Bahçelievler Mah.,3,1
75000,165,11,8,İzmir,Narlıdere,2. İnönü Mah.,3,1
29500,40,0,2,İzmir,Konak,Murat Reis Mah.,1,1
57000,150,14,1,İzmir,Çiğli,Ataşehir Mah.,3,1
31000,95,2,4,İzmir,Dikili,İsmetpaşa Mah.,2,1
46500,110,14,1,İzmir,Karşıyaka,Demirköprü Mah.,3,1
25000,100,26,3,İzmir,Karşıyaka,Zübeyde Hanım Mah.,2,1
25000,110,28,4,İzmir,Karşıyaka,Tersane Mah.,2,1
35000,115,31,4,İzmir,Konak,Güzelyalı Mah.,3,1
40000,140,26,5,İzmir,Çiğli,Ataşehir Mah.,3,1
29500,130,11,5,İzmir,Çiğli,İnönü Mah.,3,1
36000,72,0,4,İzmir,Çiğli,Uğur Mumcu Mah.,2,1
53000,132,11,6,İzmir,Karşıyaka,Mustafa Kemal Mah.,3,1
28000,130,26,6,İzmir,Karabağlar,Ali Fuat Cebesoy Mah.,3,1
45000,90,26,2,İzmir,Konak,Alsancak Mah.,2,1
25000,50,6,5,İzmir,Buca,Adatepe Mah.,1,1
32000,75,13,1,İzmir,Karşıyaka,Yalı Mah.,2,1
35000,126,6,3,İzmir,Buca,Hürriyet Mah.,3,1
45000,120,0,2,İzmir,Karşıyaka,Tersane Mah.,3,1
18000,100,5,0,İzmir,Karabağlar,Refet Bele Mah.,2,1
35000,90,26,2,İzmir,Balçova,Çetin Emeç Mah.,2,1
32000,45,0,3,İzmir,Bornova,Erzene Mah.,1,1
110000,175,16,4,İzmir,Karşıyaka,Yalı Mah.,3,1
24000,53,0,3,İzmir,Çiğli,Şirintepe Mah.,1,1
25000,53,6,4,İzmir,Buca,Yaylacık Mah.,1,1
52500,165,17,4,İzmir,Narlıdere,Atatürk Mah.,3,1
67500,130,45,3,İzmir,Konak,Turgut Reis Mah.,3,0
30000,125,6,4,İzmir,Çiğli,Küçük Çiğli Mah.,3,1
35000,145,9,2,İzmir,Çiğli,Esentepe Mah.,3,1
16000,50,2,2,İzmir,Menemen,Gazi Mustafa Kemal Mah.,1,1
31000,122,31,8,İzmir,Karşıyaka,Zübeyde Hanım Mah.,3,1
35000,70,11,5,İzmir,Bayraklı,Mansuroğlu Mah.,1,1
38000,110,6,6,İzmir,Karşıyaka,Cumhuriyet Mah.,2,1
17500,60,5,1,İzmir,Menemen,İnönü Mah.,1,1
15500,55,0,3,İzmir,Menemen,Gazi Mustafa Kemal Mah.,1,1
30000,140,27,2,İzmir,Karşıyaka,Dedebaşı Mah.,3,1
35000,116,30,5,İzmir,Balçova,Çetin Emeç Mah.,2,1
22000,80,36,1,İzmir,Bergama,Barbaros Mah.,2,1
70000,110,5,3,İzmir,Çiğli,Ataşehir Mah.,2,1
33000,65,6,2,İzmir,Bornova,Mevlana Mah.,1,1
40000,85,28,4,İzmir,Bornova,Erzene Mah.,2,1
35000,66,26,6,İzmir,Gaziemir,Sevgi Mah.,1,1
20000,49,6,0,İzmir,Bornova,Kızılay Mah.,1,1
42500,135,35,4,İzmir,Karabağlar,Fahrettin Altay Mah.,3,1
35000,120,35,1,İzmir,Karabağlar,Poligon Mah.,3,1
15000,115,25,3,İzmir,Buca,Fırat Mah.,2,1
100000,180,26,2,İzmir,Seferihisar,Akarca Mah.,7,1
36000,120,29,5,İzmir,Karşıyaka,Donanmacı Mah.,3,1
29000,60,6,9,İzmir,Karşıyaka,İmbatlı Mah.,1,1
30000,100,26,2,İzmir,Buca,Buca Koop. Mah.,2,1
45000,160,35,1,İzmir,Konak,Göztepe Mah.,3,1
36500,95,40,0,İzmir,Karabağlar,Muammer Akar Mah.,2,1
43000,140,18,1,İzmir,Bayraklı,Manavkuyu Mah.,3,1
40000,90,15,1,İzmir,Bayraklı,Mansuroğlu Mah.,2,1
36000,90,6,2,İzmir,Karşıyaka,Şemikler Mah.,2,1
60000,155,31,6,İzmir,Konak,Akın Simav Mah.,3,1
25000,85,8,3,İzmir,Buca,Adatepe Mah.,2,1
65000,120,16,1,İzmir,Karşıyaka,Yalı Mah.,2,1
28000,130,28,5,İzmir,Bayraklı,Yamanlar Mah.,3,1
8700000,145,45,7,İzmir,Konak,Kültür Mah.,4,1
27500,70,20,3,İzmir,Foça,Mustafa Kemal Atatürk Mah.,2,1
17500,45,2,2,İzmir,Menemen,85. Yıl Cumhuriyet Mah.,1,1
38000,42,6,4,İzmir,Bornova,Kazımdirik Mah.,1,1
22000,85,30,3,İzmir,Konak,Murat Reis Mah.,2,1
40000,100,9,3,İzmir,Bornova,Atatürk Mah.,3,0
75000,110,11,1,İzmir,Karşıyaka,Yalı Mah.,3,1
39000,130,21,1,İzmir,Gaziemir,Atıfbey Mah.,3,1
26500,118,7,2,İzmir,Aliağa,Örnekkent Mah.,3,1
45000,100,10,0,İzmir,Çeşme,Ilıca Mah.,2,1
45000,125,31,4,İzmir,Karabağlar,Bahçelievler Mah.,3,1
38000,85,4,2,İzmir,Konak,Kılıç Reis Mah.,2,1
35000,175,26,6,İzmir,Bayraklı,Fuat Edip Baksı Mah.,3,1
25000,180,4,1,İzmir,Torbalı,Ayrancılar Mah.,3,2
20000,85,15,1,İzmir,Buca,Adatepe Mah.,2,1
35000,100,22,5,İzmir,Bornova,İnönü Mah.,2,1
36000,120,38,1,İzmir,Bornova,Evka 3 Mah.,3,1
35000,95,7,9,İzmir,Karşıyaka,Örnekköy Mah.,2,1
65000,100,1,14,İzmir,Bayraklı,Mansuroğlu Mah.,2,1
50000,150,11,2,İzmir,Karşıyaka,Şemikler Mah.,3,1
45000,200,6,3,İzmir,Çiğli,Yeni Mahalle Mah.,4,2
25000,100,16,6,İzmir,Karşıyaka,Zübeyde Hanım Mah.,2,1
50000,76,6,0,İzmir,Bornova,Kazımdirik Mah.,1,1
28000,90,13,5,İzmir,Buca,Adatepe Mah.,2,1
27000,88,5,3,İzmir,Karabağlar,Vatan Mah.,2,1
30000,80,1,3,İzmir,Bornova,Doğanlar Mah.,2,1
110000,180,16,2,İzmir,Urla,Kuşçular Mah.,3,1
45000,160,16,4,İzmir,Karşıyaka,Mustafa Kemal Mah.,3,1
89000,220,20,2,İzmir,Bornova,Erzene Mah.,4,1
180000,420,5,2,İzmir,Güzelbahçe,Mustafa Kemal Paşa Mah.,8,1
28000,130,25,3,İzmir,Buca,Hürriyet Mah.,3,1
42500,55,6,5,İzmir,Bornova,Kazımdirik Mah.,1,1
24000,120,16,5,İzmir,Çiğli,Yakakent Mah.,3,1
27000,80,5,2,İzmir,Dikili,Salimbey Mah.,2,1
46000,157,12,4,İzmir,Karşıyaka,Dedebaşı Mah.,2,1
70000,115,0,1,İzmir,Konak,Halkapınar Mah.,2,1
20000,70,5,0,İzmir,Seferihisar,Turabiye Mah.,1,1
48000,80,31,3,İzmir,Urla,Zeytinalanı Mah.,1,1
19500,60,10,3,İzmir,Çiğli,Balatçık Mah.,1,1
25000,81,8,2,İzmir,Menemen,İnönü Mah.,2,1
25000,75,21,2,İzmir,Menderes,Çukuraltı Mah.,1,1
25000,60,6,1,İzmir,Buca,Adatepe Mah.,1,1
91000,106,11,0,İzmir,Karşıyaka,Mavişehir Mah.,2,1
39000,140,21,2,İzmir,Gaziemir,Gazi Mah.,3,1
30000,196,25,3,İzmir,Buca,Yeşilbağlar Mah.,3,1
40000,145,14,7,İzmir,Buca,Gaziler Mah.,3,1
35000,145,25,4,İzmir,Balçova,Onur Mah.,3,1
24000,100,7,5,İzmir,Torbalı,Tepeköy Mah.,2,1
150000,160,6,2,İzmir,Çeşme,Reisdere Mah.,4,1
36500,135,20,3,İzmir,Bornova,Ergene Mah.,3,1
300000,290,8,2,İzmir,Çeşme,Alaçatı Mah.,3,1
18000,110,30,0,İzmir,Ödemiş,Bengisu Mah.,2,1
21000,100,26,3,İzmir,Buca,Menderes Mah.,3,1
22000,180,5,4,İzmir,Bayraklı,Cengizhan Mah.,3,1
26500,85,6,1,İzmir,Menderes,Görece Cumhuriyet Mah.,2,1
25000,90,31,0,İzmir,Konak,Göztepe Mah.,2,1
15000,100,3,2,İzmir,Menderes,Gümüldür Cumhuriyet Mah.,1,1
25000,120,25,1,İzmir,Buca,Güven Mah.,3,1
12500,75,30,1,İzmir,Konak,Mehmet Akif Mah.,2,1
55000,245,15,0,İzmir,Balçova,Eğitim Mah.,3,1
35000,100,10,1,İzmir,Karşıyaka,Örnekköy Mah.,2,1
60000,105,15,3,İzmir,Karşıyaka,Yalı Mah.,2,1
37000,120,4,1,İzmir,Kemalpaşa,Ulucak Mustafa Kemal Atatürk Mah.,3,1
32500,110,21,0,İzmir,Urla,M. Fevzi Çakmak Mah.,3,1
36500,90,7,1,İzmir,Karşıyaka,Tersane Mah.,2,1
23500,52,6,1,İzmir,Çiğli,Balatçık Mah.,1,1
27500,110,26,0,İzmir,Bornova,İnönü Mah.,3,1
36000,165,5,2,İzmir,Torbalı,Alpkent Mah.,3,1
26000,50,6,1,İzmir,Buca,Adatepe Mah.,1,1
30000,60,0,5,İzmir,Karşıyaka,Şemikler Mah.,1,1
38000,150,10,4,İzmir,Konak,Zafertepe Mah.,3,1
28000,110,50,1,İzmir,Dikili,İsmetpaşa Mah.,2,1
26500,120,26,5,İzmir,Bayraklı,Postacılar Mah.,3,1
30000,140,26,3,İzmir,Bayraklı,Gümüşpala Mah.,2,1
36000,150,21,0,İzmir,Balçova,Teleferik Mah.,3,1
30000,135,30,2,İzmir,Konak,Zafertepe Mah.,3,1
50000,165,22,3,İzmir,Karabağlar,Muammer Akar Mah.,3,1
45000,110,31,2,İzmir,Aliağa,Yalı Mah.,3,1
30000,120,30,5,İzmir,Karabağlar,Vatan Mah.,3,1
28000,55,9,0,İzmir,Urla,Gülbahçe Mah.,1,0
27000,130,6,3,İzmir,Menemen,Gazi Mustafa Kemal Mah.,3,1
27500,100,16,0,İzmir,Buca,Efeler Mah.,2,1
31000,85,26,4,İzmir,Konak,Barbaros Mah.,2,1
45000,160,12,4,İzmir,Karşıyaka,Fikri Altay Mah.,3,1
45000,120,31,4,İzmir,Balçova,Korutürk Mah.,3,1
22000,75,32,0,İzmir,Bayraklı,Adalet Mah.,2,1
26000,85,0,2,İzmir,Dikili,İsmetpaşa Mah.,2,1
40000,170,26,2,İzmir,Seferihisar,Turabiye Mah.,3,2
15000,100,26,2,İzmir,Tire,Cumhuriyet Mah.,2,1
26000,115,40,0,İzmir,Karabağlar,Basın Sitesi Mah.,2,1
35000,110,16,0,İzmir,Çiğli,Ataşehir Mah.,2,1
25500,65,2,3,İzmir,Menderes,Barbaros Mah.,1,1
32000,100,45,4,İzmir,Karabağlar,Basın Sitesi Mah.,2,1
35000,130,31,2,İzmir,Karşıyaka,Bostanlı Mah.,3,1
35000,120,35,4,İzmir,Konak,Güzelyalı Mah.,3,1
35000,70,11,3,İzmir,Bayraklı,Mansuroğlu Mah.,1,1
28000,120,38,4,İzmir,Karabağlar,Bahçelievler Mah.,3,1
30000,115,35,3,İzmir,Karabağlar,Vatan Mah.,3,1
30000,110,40,5,İzmir,Bayraklı,Manavkuyu Mah.,3,1
37000,85,31,4,İzmir,Konak,Göztepe Mah.,2,1
65000,185,31,5,İzmir,Konak,Güzelyalı Mah.,3,1
35000,100,45,3,İzmir,Balçova,Fevzi Çakmak Mah.,2,1
24000,55,2,6,İzmir,Menemen,İstiklal Mah.,1,1
55000,145,45,7,İzmir,Konak,Alsancak Mah.,4,1
25000,96,35,4,İzmir,Konak,Alsancak Mah.,2,1
17500,85,30,3,İzmir,Konak,Güneşli Mah.,2,1
23000,45,6,3,İzmir,Çiğli,Balatçık Mah.,1,1
21000,85,2,4,İzmir,Menemen,Uğur Mumcu Mah.,2,1
35000,120,31,4,İzmir,Bornova,Kazımdirik Mah.,3,1
27500,160,21,5,İzmir,Torbalı,Ertuğrul Mah.,3,1
50000,100,7,2,İzmir,Çeşme,Musalla Mah.,2,1
40000,120,30,3,İzmir,Bornova,Kazımdirik Mah.,3,1
43000,135,11,2,İzmir,Gaziemir,Atıfbey Mah.,3,1
25000,100,3,3,İzmir,Torbalı,Pancar Mah.,2,1
110000,160,0,11,İzmir,Konak,Umurbey Mah.,3,1
87500,178,11,2,İzmir,Menemen,9 Eylül Mah.,3,1
50000,160,15,3,İzmir,Bornova,Yeşilova Mah.,4,1
28500,70,16,1,İzmir,Karabağlar,Vatan Mah.,1,1
75000,140,11,3,İzmir,Narlıdere,Çamtepe Mah.,3,1
110000,300,15,2,İzmir,Urla,Şirinkent Mah.,5,1
130000,280,9,2,İzmir,Balçova,Korutürk Mah.,4,2
55000,150,10,2,İzmir,Bornova,Erzene Mah.,2,1
37000,125,6,5,İzmir,Çiğli,Esentepe Mah.,3,1
57000,170,31,15,İzmir,Karşıyaka,Mavişehir Mah.,3,1
40000,105,6,5,İzmir,Buca,Yaylacık Mah.,3,1
85000,200,26,2,İzmir,Çeşme,16 Eylül Mah.,3,1
55000,150,17,5,İzmir,Güzelbahçe,Maltepe Mah.,3,1
35000,70,26,4,İzmir,Karabağlar,Fahrettin Altay Mah.,1,1
25000,160,30,3,İzmir,Karşıyaka,Zübeyde Hanım Mah.,3,1
33000,125,11,5,İzmir,Karşıyaka,Fikri Altay Mah.,3,1
65000,55,16,0,İzmir,Menderes,Gümüldür Fevzi Çakmak Mah.,1,1
26000,120,20,2,İzmir,Bornova,İnönü Mah.,3,1
35000,135,32,1,İzmir,Konak,Güzelyalı Mah.,3,1
20000,60,0,2,İzmir,Seferihisar,Turabiye Mah.,1,1
35000,85,35,2,İzmir,Konak,Altıntaş Mah.,2,1
35000,95,30,3,İzmir,Bayraklı,Mansuroğlu Mah.,2,1
30000,104,40,3,İzmir,Balçova,Onur Mah.,3,1
53000,156,20,4,İzmir,Karşıyaka,Mustafa Kemal Mah.,3,1
400000,140,21,0,İzmir,Çeşme,16 Eylül Mah.,3,1
20000,110,26,2,İzmir,Buca,Dicle Mah.,2,1
22000,70,7,2,İzmir,Buca,Atatürk Mah.,2,0
72000,115,26,2,İzmir,Bornova,Erzene Mah.,3,1
21000,70,0,2,İzmir,Menemen,Gazi Mustafa Kemal Mah.,1,1
22000,90,3,3,İzmir,Konak,Güneşli Mah.,2,1
53000,135,32,3,İzmir,Bornova,Evka 3 Mah.,3,1
40000,130,30,3,İzmir,Balçova,Fevzi Çakmak Mah.,3,1
350000,130,6,2,İzmir,Çeşme,Alaçatı Mah.,3,1
25000,70,5,2,İzmir,Menderes,Cüneytbey Mah.,1,1
30000,125,21,1,İzmir,Aliağa,Yeni Mah.,3,1
33000,110,26,3,İzmir,Karşıyaka,Yalı Mah.,3,1
40000,75,26,2,İzmir,Konak,Alsancak Mah.,2,1
62000,145,31,3,İzmir,Konak,Alsancak Mah.,3,1
31000,130,26,0,İzmir,Karşıyaka,Şemikler Mah.,3,1
20000,50,6,3,İzmir,Menemen,İnönü Mah.,1,1
25000,55,8,1,İzmir,Selçuk,Zafer Mah.,1,1
30000,95,26,3,İzmir,Karşıyaka,Bostanlı Mah.,2,1
30000,120,26,2,İzmir,Seferihisar,Camikebir Mah.,3,1
115000,450,11,2,İzmir,Urla,Kalabak Mah.,4,2
21000,100,6,1,İzmir,Torbalı,İnönü Mah.,2,1
34000,165,26,3,İzmir,Karabağlar,Basın Sitesi Mah.,3,1
21000,120,35,3,İzmir,Karabağlar,Şehitler Mah.,2,1
32000,130,21,3,İzmir,Bornova,Koşukavak Mah.,3,1
27500,107,6,1,İzmir,Torbalı,Bahçelievler Mah.,2,1
23000,60,5,1,İzmir,Buca,Adatepe Mah.,1,1
35000,95,31,0,İzmir,Konak,Çankaya Mah.,2,1
25000,110,30,5,İzmir,Karabağlar,Reis Mah.,3,1
23000,85,26,2,İzmir,Konak,Atilla Mah.,2,1
45000,130,21,0,İzmir,Balçova,Korutürk Mah.,3,1
28000,50,0,7,İzmir,Çiğli,Uğur Mumcu Mah.,1,1
22000,90,31,3,İzmir,Bayraklı,Fuat Edip Baksı Mah.,2,1
25000,120,26,2,İzmir,Bayraklı,Yamanlar Mah.,2,1
17000,90,35,0,İzmir,Karabağlar,Sevgi Mah.,2,1
27500,50,13,1,İzmir,Bornova,Mevlana Mah.,1,1
55000,110,31,6,İzmir,Narlıdere,Huzur Mah.,2,1
19500,40,15,5,İzmir,Bornova,Kızılay Mah.,1,1
25000,50,40,2,İzmir,Bornova,Kazımdirik Mah.,1,1
35000,130,21,6,İzmir,Bornova,Ergene Mah.,3,0
15000,140,25,2,İzmir,Ödemiş,Anafartalar Mah.,3,1
30000,100,3,2,İzmir,Çiğli,Yeni Mahalle Mah.,2,1
29000,55,4,5,İzmir,Çiğli,Balatçık Mah.,1,1
33000,160,31,2,İzmir,Karabağlar,Bahçelievler Mah.,4,1
50000,150,21,6,İzmir,Karabağlar,Basın Sitesi Mah.,4,1
23000,55,7,1,İzmir,Buca,Kuruçeşme Mah.,1,1
26000,130,26,4,İzmir,Karşıyaka,Dedebaşı Mah.,3,1
60000,170,25,4,İzmir,Konak,Alsancak Mah.,3,1
25000,130,29,5,İzmir,Buca,Barış Mah.,3,1
60000,135,48,3,İzmir,Konak,Kültür Mah.,3,1
21000,80,44,3,İzmir,Konak,Kemal Reis Mah.,1,1
21000,70,0,1,İzmir,Tire,İbni Melek Mah.,2,1
50000,125,21,1,İzmir,Karabağlar,Maliyeciler Mah.,3,1
28500,130,27,2,İzmir,Karabağlar,Bahçelievler Mah.,3,1
36000,110,30,1,İzmir,Narlıdere,Çamtepe Mah.,3,1
29000,75,0,3,İzmir,Torbalı,Alpkent Mah.,2,1
40000,165,15,2,İzmir,Buca,Akıncılar Mah.,3,1
45000,150,25,5,İzmir,Karşıyaka,Goncalar Mah.,3,1
35000,60,2,7,İzmir,Bornova,Kazımdirik Mah.,1,1
32000,45,3,1,İzmir,Bornova,Kazımdirik Mah.,1,0
40000,65,0,21,İzmir,Bornova,Yeşilova Mah.,1,1
27000,50,6,5,İzmir,Karşıyaka,İnönü Mah.,1,1
57000,90,5,8,İzmir,Karşıyaka,İmbatlı Mah.,2,1
90000,160,0,1,İzmir,Gaziemir,Irmak Mah.,3,1
120000,120,4,2,İzmir,Çeşme,Musalla Mah.,4,1
36000,85,21,2,İzmir,Foça,Fevzipaşa Mah.,2,1
35000,140,20,7,İzmir,Bornova,Erzene Mah.,3,1
80000,140,35,2,İzmir,Menderes,Çukuraltı Mah.,3,1
25000,160,30,4,İzmir,Karşıyaka,Bahçelievler Mah.,3,1
37000,110,27,4,İzmir,Karabağlar,Esenyalı Mah.,3,1
36000,135,25,8,İzmir,Buca,Atatürk Mah.,3,1
90000,210,31,3,İzmir,Konak,Göztepe Mah.,5,1
35000,100,16,3,İzmir,Urla,Zeytinalanı Mah.,2,1
26000,85,31,1,İzmir,Konak,Barbaros Mah.,2,1
23000,45,1,3,İzmir,Buca,Yıldız Mah.,1,1
18000,55,6,1,İzmir,Bornova,Kızılay Mah.,1,1
19000,48,6,1,İzmir,Menemen,Gazi Mustafa Kemal Mah.,1,1
30000,80,5,1,İzmir,Buca,Kozağaç Mah.,2,1
22000,55,0,2,İzmir,Çiğli,Balatçık Mah.,1,1
28000,60,10,1,İzmir,Karşıyaka,Fikri Altay Mah.,1,1
42500,60,2,3,İzmir,Bornova,Kazımdirik Mah.,1,1
22500,48,5,3,İzmir,Çiğli,Uğur Mumcu Mah.,1,1
19500,48,6,2,İzmir,Buca,Kuruçeşme Mah.,1,1
32000,130,12,4,İzmir,Buca,Kozağaç Mah.,3,1
100000,160,0,3,İzmir,Gaziemir,Irmak Mah.,3,1
110000,150,24,2,İzmir,Çeşme,Alaçatı Mah.,3,1
23000,53,11,8,İzmir,Karşıyaka,İnönü Mah.,1,1
35000,50,6,9,İzmir,Konak,Mersinli Mah.,1,1
18000,120,30,1,İzmir,Karabağlar,Çalıkuşu Mah.,2,1
36000,140,31,2,İzmir,Karşıyaka,Aksoy Mah.,3,1
42000,120,30,0,İzmir,Karabağlar,Esenyalı Mah.,2,1
33000,60,6,4,İzmir,Konak,Güngör Mah.,2,1
40000,138,35,3,İzmir,Balçova,Onur Mah.,3,1
55000,209,35,1,İzmir,Karabağlar,Üçkuyular Mah.,4,1
45000,145,30,2,İzmir,Karşıyaka,Dedebaşı Mah.,3,1
32000,110,15,0,İzmir,Karabağlar,General Kazım Özalp Mah.,2,1
20000,115,21,9,İzmir,Çiğli,Evka-5 Mah.,3,1
21000,95,19,3,İzmir,Menemen,Mermerli Mah.,2,1
18000,80,35,1,İzmir,Karabağlar,Vatan Mah.,2,1
17000,40,6,1,İzmir,Buca,Adatepe Mah.,1,1
30000,129,4,8,İzmir,Menemen,İstiklal Mah.,2,1
48000,115,6,2,İzmir,Gaziemir,Irmak Mah.,2,1
33000,74,41,3,İzmir,Konak,Alsancak Mah.,2,1
30000,90,6,5,İzmir,Karşıyaka,Şemikler Mah.,2,1
40000,110,35,4,İzmir,Bornova,Kazımdirik Mah.,3,1
25000,85,27,2,İzmir,Karşıyaka,Nergiz Mah.,2,1
30000,105,6,1,İzmir,Bornova,Doğanlar Mah.,2,1
23000,45,7,3,İzmir,Buca,Yıldız Mah.,1,1
38000,130,40,2,İzmir,Karabağlar,Esenyalı Mah.,3,1
23000,115,31,4,İzmir,Menemen,Esatpaşa Mah.,3,1
26000,95,31,2,İzmir,Çiğli,Yeni Mahalle Mah.,2,1
25000,130,25,5,İzmir,Selçuk,Atatürk Mah.,3,1
25000,130,25,5,İzmir,Selçuk,Atatürk Mah.,3,1
28000,100,31,2,İzmir,Karşıyaka,Donanmacı Mah.,3,1
27500,130,11,2,İzmir,Seferihisar,Camikebir Mah.,3,1
23000,55,11,1,İzmir,Buca,Atatürk Mah.,1,1
31000,130,30,2,İzmir,Karşıyaka,Tersane Mah.,3,1
36000,130,36,5,İzmir,Karşıyaka,Tuna Mah.,3,1
200000,130,21,2,İzmir,Çeşme,Çiftlik Mah.,3,1
35000,52,31,4,İzmir,Konak,Mimar Sinan Mah.,2,1
22500,95,40,3,İzmir,Bornova,Erzene Mah.,2,1
41000,170,25,5,İzmir,Karşıyaka,Yalı Mah.,3,1
35000,75,10,6,İzmir,Bornova,Erzene Mah.,2,1
40000,85,4,2,İzmir,Karşıyaka,İnönü Mah.,2,1
60000,151,12,2,İzmir,Balçova,Onur Mah.,3,1
35000,110,31,4,İzmir,Balçova,Teleferik Mah.,3,1
28000,45,28,1,İzmir,Balçova,Korutürk Mah.,1,1
16000,110,38,4,İzmir,Ödemiş,İnönü Mah.,3,1
19000,65,25,5,İzmir,Buca,Yeşilbağlar Mah.,1,1
60000,180,26,2,İzmir,Seferihisar,Akarca Mah.,3,1
20000,48,6,1,İzmir,Buca,Kuruçeşme Mah.,1,1
30000,130,31,5,İzmir,Karşıyaka,Nergiz Mah.,3,1
105000,173,3,21,İzmir,Konak,Halkapınar Mah.,3,1
30000,135,22,2,İzmir,Bornova,Ergene Mah.,3,1
37000,110,31,2,İzmir,Karabağlar,Üçkuyular Mah.,3,1
35000,115,31,2,İzmir,Gaziemir,Irmak Mah.,3,1
55000,85,0,2,İzmir,Balçova,Fevzi Çakmak Mah.,2,1
32000,90,38,8,İzmir,Konak,Alsancak Mah.,2,1
30000,115,11,3,İzmir,Karabağlar,Bahar Mah.,3,1
27000,120,30,5,İzmir,Buca,Efeler Mah.,3,1
38000,75,38,5,İzmir,Konak,Mimar Sinan Mah.,2,1
50000,130,16,2,İzmir,Seferihisar,Akarca Mah.,3,1
24000,115,40,3,İzmir,Menemen,Mermerli Mah.,3,1
50000,51,0,2,İzmir,Karşıyaka,Atakent Mah.,1,1
22500,48,5,3,İzmir,Çiğli,Uğur Mumcu Mah.,1,1
60000,104,0,13,İzmir,Konak,Umurbey Mah.,2,1
40000,115,0,4,İzmir,Karabağlar,Bahar Mah.,3,1
27000,105,30,0,İzmir,Bornova,Kızılay Mah.,2,1
26000,88,2,1,İzmir,Buca,Adatepe Mah.,2,1
17250,74,32,1,İzmir,Bayraklı,Tepekule Mah.,2,1
26000,125,22,1,İzmir,Çiğli,İnönü Mah.,3,1
35000,100,10,1,İzmir,Gaziemir,Irmak Mah.,2,1
30000,95,21,0,İzmir,Urla,M. Fevzi Çakmak Mah.,1,1
60000,100,31,2,İzmir,Bornova,Kazımdirik Mah.,2,1
52000,160,12,2,İzmir,Balçova,Onur Mah.,3,1
40500,85,6,2,İzmir,Seferihisar,Sığacık Mah.,2,1
34000,140,27,1,İzmir,Karşıyaka,Goncalar Mah.,3,1
30000,105,36,2,İzmir,Konak,Göztepe Mah.,3,1
150000,250,3,2,İzmir,Urla,İskele Mah.,3,2
45000,120,26,2,İzmir,Buca,Murathan Mah.,3,1
32000,80,6,4,İzmir,Buca,Yaylacık Mah.,1,1
15000,140,25,3,İzmir,Ödemiş,Zafer Mah.,3,1
27000,100,30,2,İzmir,Karabağlar,Barış Mah.,2,1
27000,80,30,0,İzmir,Konak,Murat Reis Mah.,2,1
23000,50,0,2,İzmir,Menemen,85. Yıl Cumhuriyet Mah.,1,1
30000,90,6,3,İzmir,Menderes,Cüneytbey Mah.,2,1
72000,140,4,6,İzmir,Çiğli,Ahmet Efendi Mah.,3,1
1350000,140,14,2,İzmir,Çeşme,Alaçatı Mah.,4,1
20000,55,5,4,İzmir,Seferihisar,Turabiye Mah.,1,1
30000,105,42,5,İzmir,Karabağlar,Basın Sitesi Mah.,3,1
24500,45,5,1,İzmir,Buca,Adatepe Mah.,1,1
25000,90,0,4,İzmir,Seferihisar,Camikebir Mah.,2,1
23000,95,6,2,İzmir,Torbalı,İnönü Mah.,2,1
50000,130,11,3,İzmir,Karşıyaka,Yalı Mah.,3,1
29000,90,6,4,İzmir,Karşıyaka,İmbatlı Mah.,2,1
25000,55,0,1,İzmir,Kemalpaşa,Sekiz Eylül Mah.,1,1
22000,55,6,2,İzmir,Menemen,İnönü Mah.,1,1
52000,145,6,2,İzmir,Gaziemir,Gazi Mah.,3,1
50000,150,21,5,İzmir,Karşıyaka,Yalı Mah.,3,1
32000,120,38,5,İzmir,Balçova,Eğitim Mah.,3,1
45000,140,26,-1,İzmir,Gaziemir,Irmak Mah.,3,1
45000,50,6,2,İzmir,Bornova,Kazımdirik Mah.,1,1
45000,125,31,6,İzmir,Karşıyaka,Aksoy Mah.,3,1
35000,140,16,4,İzmir,Buca,Adatepe Mah.,3,1
40000,135,35,5,İzmir,Konak,Piri Reis Mah.,3,1
65000,130,23,2,İzmir,Urla,Atatürk Mah.,3,1
200000,225,1,2,İzmir,Çeşme,Musalla Mah.,5,2
70000,200,21,2,İzmir,Menderes,Çukuraltı Mah.,4,1
15000,85,25,8,İzmir,Torbalı,Cumhuriyet Mah.,2,1
70000,90,4,12,İzmir,Konak,Halkapınar Mah.,2,1
49000,145,31,3,İzmir,Karşıyaka,Yalı Mah.,4,1
35000,72,11,6,İzmir,Bornova,Yeşilova Mah.,1,1
51000,110,31,1,İzmir,Balçova,Korutürk Mah.,3,1
40000,45,5,1,İzmir,Çeşme,Musalla Mah.,1,1
53000,151,16,4,İzmir,Narlıdere,2. İnönü Mah.,3,1
50000,160,21,1,İzmir,Gaziemir,Dokuz Eylül Mah.,3,1
37000,90,11,3,İzmir,Karşıyaka,Şemikler Mah.,2,1
41000,90,11,1,İzmir,Karşıyaka,İnönü Mah.,2,1
40000,100,13,3,İzmir,Karşıyaka,İmbatlı Mah.,3,1
55000,119,26,4,İzmir,Dikili,İsmetpaşa Mah.,3,1
35000,150,16,2,İzmir,Buca,Yaylacık Mah.,3,1
43000,135,15,3,İzmir,Bornova,Mevlana Mah.,3,1
195000,367,2,2,İzmir,Urla,M. Fevzi Çakmak Mah.,8,1
69000,130,5,18,İzmir,Bornova,Barbaros Mah.,3,1
25750,135,11,1,İzmir,Tire,Hürriyet Mah.,3,1
25000,55,0,5,İzmir,Menemen,İstiklal Mah.,1,1
125000,150,0,2,İzmir,Urla,Atatürk Mah.,4,1
125000,300,0,2,İzmir,Urla,M. Fevzi Çakmak Mah.,4,1
195000,320,0,2,İzmir,Urla,Güvendik Mah.,5,2
55000,180,6,5,İzmir,Dikili,Salimbey Mah.,4,1
45000,140,15,3,İzmir,Bayraklı,Soğukkuyu Mah.,3,1
31000,70,2,5,İzmir,Menderes,Cüneytbey Mah.,2,1
36000,100,31,1,İzmir,Bayraklı,75. Yıl Mah.,3,1
45000,120,6,2,İzmir,Seferihisar,Camikebir Mah.,3,1
40000,140,31,4,İzmir,Karabağlar,Basın Sitesi Mah.,3,1
26000,50,5,3,İzmir,Buca,Yaylacık Mah.,1,1
220000,300,4,2,İzmir,Güzelbahçe,Kahramandere Mah.,4,1
22000,95,0,2,İzmir,Seferihisar,Camikebir Mah.,2,1
41000,62,0,4,İzmir,Karşıyaka,Bostanlı Mah.,1,1
47000,135,16,2,İzmir,Karşıyaka,Yalı Mah.,3,1
22500,95,6,4,İzmir,Karabağlar,Bozyaka Mah.,2,1
30000,120,25,6,İzmir,Çiğli,Çağdaş Mah.,3,1
50000,110,0,2,İzmir,Menemen,Villakent Mah.,2,1
35000,140,21,2,İzmir,Buca,Fırat Mah.,3,1
29000,80,3,2,İzmir,Dikili,Çandarlı Mah.,2,1
32500,80,3,5,İzmir,Dikili,Çandarlı Mah.,2,1
70000,200,31,6,İzmir,Konak,Göztepe Mah.,3,1
45000,130,30,4,İzmir,Narlıdere,Narlı Mah.,3,1
40000,120,26,3,İzmir,Karabağlar,Vatan Mah.,3,1
35000,140,7,2,İzmir,Foça,Yenibağarası Mah.,3,1
33000,160,21,1,İzmir,Karabağlar,Kazım Karabekir Mah.,3,1
310000,300,0,2,İzmir,Güzelbahçe,Yelki Mah.,4,2
34000,95,6,1,İzmir,Dikili,İsmetpaşa Mah.,2,1
25000,60,0,1,İzmir,Menemen,Gazi Mustafa Kemal Mah.,1,1
27000,90,4,1,İzmir,Seferihisar,Camikebir Mah.,2,1
40000,135,6,2,İzmir,Menemen,30 Ağustos Mah.,3,1
16500,50,6,1,İzmir,Buca,Kuruçeşme Mah.,1,1
40000,120,30,-2,İzmir,Karşıyaka,Bahçelievler Mah.,3,1
45000,90,16,1,İzmir,Bornova,Kazımdirik Mah.,2,1
31000,53,0,2,İzmir,Bornova,Yeşilova Mah.,1,1
27000,100,6,1,İzmir,Dikili,İsmetpaşa Mah.,2,1
57500,115,3,1,İzmir,Bergama,Fatih Mah.,3,1
34000,85,11,4,İzmir,Karşıyaka,Şemikler Mah.,2,1
33000,102,31,1,İzmir,Karabağlar,Fahrettin Altay Mah.,2,1
22000,220,6,3,İzmir,Torbalı,Fevzi Çakmak Mah.,3,1
1950000,350,16,2,İzmir,Çeşme,Ilıca Mah.,6,2
35000,39,2,1,İzmir,Çeşme,Reisdere Mah.,1,1
40000,100,6,2,İzmir,Bornova,Erzene Mah.,2,1
20000,130,110,0,İzmir,Torbalı,Alpkent Mah.,3,1
27500,67,3,3,İzmir,Buca,Yaylacık Mah.,1,1
30000,85,8,2,İzmir,Konak,Altıntaş Mah.,2,1
42000,85,7,1,İzmir,Gaziemir,Atıfbey Mah.,2,1
36500,120,45,0,İzmir,Konak,Göztepe Mah.,3,1
96000,300,15,2,İzmir,Karaburun,Saip Mah.,4,1
65000,130,0,0,İzmir,Menemen,Emiralem Merkez Mah.,3,1
34000,80,10,5,İzmir,Karşıyaka,Şemikler Mah.,2,1
19000,70,18,2,İzmir,Çiğli,Evka-5 Mah.,1,1
30000,184,31,2,İzmir,Karaburun,İskele Mah.,3,1
29000,135,21,0,İzmir,Konak,Atilla Mah.,3,1
100000,320,25,2,İzmir,Güzelbahçe,Mustafa Kemal Paşa Mah.,5,1
45000,170,6,7,İzmir,Torbalı,İnönü Mah.,4,1
18000,135,26,2,İzmir,Ödemiş,Anafartalar Mah.,3,1
70000,140,26,1,İzmir,Karşıyaka,Bostanlı Mah.,3,1
50000,90,6,1,İzmir,Karşıyaka,Dedebaşı Mah.,2,1
115000,160,4,0,İzmir,Menemen,İstiklal Mah.,3,1
47500,140,15,2,İzmir,Karşıyaka,İmbatlı Mah.,3,1
35000,38,6,9,İzmir,Bornova,Kazımdirik Mah.,1,0
35000,155,25,3,İzmir,Karabağlar,Vatan Mah.,3,1
37000,110,15,3,İzmir,Urla,Altıntaş Mah.,2,1
28500,140,8,5,İzmir,Torbalı,Yedi Eylül Mah.,3,1
35000,135,11,1,İzmir,Karabağlar,Esenlik Mah.,3,1
23000,60,0,1,İzmir,Buca,Hürriyet Mah.,1,1
22000,90,2,3,İzmir,Torbalı,Ertuğrul Mah.,2,1
35000,130,21,2,İzmir,Karşıyaka,Zübeyde Hanım Mah.,3,1
31000,90,5,2,İzmir,Seferihisar,Camikebir Mah.,2,1
24500,66,4,2,İzmir,Tire,Toki Mah.,1,1
26500,140,25,1,İzmir,Karabağlar,Reis Mah.,2,1
16000,50,1,1,İzmir,Menemen,Irmak Mah.,1,1
90000,250,6,12,İzmir,Menemen,Uğur Mumcu Mah.,3,1
25000,90,5,2,İzmir,Kemalpaşa,Ulucak Mustafa Kemal Atatürk Mah.,2,1
50000,90,5,3,İzmir,Balçova,Fevzi Çakmak Mah.,2,1
65000,100,11,9,İzmir,Karabağlar,Adnan Süvari Mah.,2,1
60000,75,3,2,İzmir,Urla,Camiatik Mah.,1,1
27000,90,6,2,İzmir,Bayraklı,Muhittin Erener Mah.,2,1
60000,98,11,4,İzmir,Bayraklı,Mansuroğlu Mah.,1,1
33000,95,35,5,İzmir,Karabağlar,Arap Hasan Mah.,2,1
20000,60,6,1,İzmir,Buca,Yaylacık Mah.,1,1
20000,95,6,2,İzmir,Torbalı,Fevzi Çakmak Mah.,2,1
40000,120,26,4,İzmir,Buca,Efeler Mah.,3,1
138000,220,0,10,İzmir,Konak,Umurbey Mah.,4,1
41000,108,0,3,İzmir,Seferihisar,Camikebir Mah.,2,1
375000,200,20,2,İzmir,Seferihisar,Payamlı Mah.,5,1
40000,140,10,1,İzmir,Karabağlar,Arap Hasan Mah.,3,1
16750,130,25,7,İzmir,Torbalı,Torbalı Mah.,3,1
80000,100,6,2,İzmir,Karaburun,Kösedere Mah.,2,1
63000,150,5,12,İzmir,Karabağlar,Ali Fuat Cebesoy Mah.,3,1
300000,730,5,2,İzmir,Çeşme,Ilıca Mah.,4,1
7500,75,30,1,İzmir,Konak,Mehmet Akif Mah.,2,1
45000,120,35,4,İzmir,Karabağlar,Fahrettin Altay Mah.,3,1
17000,110,20,5,İzmir,Ödemiş,Akıncılar Mah.,2,1
15000,65,26,0,İzmir,Buca,Kozağaç Mah.,2,1
40000,110,20,-1,İzmir,Karabağlar,Fahrettin Altay Mah.,3,1
40000,90,36,3,İzmir,Foça,Atatürk Mah.,3,1
33000,120,35,3,İzmir,Karşıyaka,Bostanlı Mah.,3,1
32000,75,35,1,İzmir,Konak,Kahramanlar Mah.,2,1
30000,108,31,2,İzmir,Karabağlar,Üçkuyular Mah.,2,1
35000,90,25,3,İzmir,Selçuk,Atatürk Mah.,2,1
55000,140,26,2,İzmir,Karabağlar,Üçkuyular Mah.,3,1
20000,55,6,2,İzmir,Buca,Atatürk Mah.,1,1
31000,95,7,2,İzmir,Karşıyaka,Cumhuriyet Mah.,2,1
35000,110,21,5,İzmir,Çiğli,Evka - 6 Mah.,3,1
17000,42,1,2,İzmir,Buca,Göksu Mah.,1,1
5000,200,35,2,İzmir,Karaburun,Mordoğan Mah.,2,1
60000,160,11,1,İzmir,Aliağa,Yalı Mah.,3,1
31000,80,2,13,İzmir,Bornova,Birlik Mah.,1,1
28000,88,26,3,İzmir,Bornova,Evka 4 Mah.,2,1
40000,150,1,1,İzmir,Tire,Fatih Mah.,4,1
30000,135,0,3,İzmir,Tire,Yeni Mah.,3,1
16000,100,30,0,İzmir,Karşıyaka,Örnekköy Mah.,2,1
36000,54,32,3,İzmir,Karşıyaka,Atakent Mah.,1,1
30000,65,11,3,İzmir,Foça,Mustafa Kemal Atatürk Mah.,2,1
27000,65,2,2,İzmir,Çiğli,Balatçık Mah.,2,1
30000,130,20,2,İzmir,Bornova,Atatürk Mah.,2,1
18750,115,25,2,İzmir,Bayraklı,Adalet Mah.,2,1
19000,120,30,5,İzmir,Karabağlar,Doğanay Mah.,2,1
38000,100,40,5,İzmir,Balçova,Eğitim Mah.,2,1
35000,125,35,3,İzmir,Balçova,Fevzi Çakmak Mah.,3,1
40000,150,21,2,İzmir,Bornova,Evka 3 Mah.,3,1
130000,300,21,2,İzmir,Güzelbahçe,Mustafa Kemal Paşa Mah.,5,2
65000,95,3,2,İzmir,Urla,İçmeler Mah.,2,1
38000,130,20,4,İzmir,Bornova,Erzene Mah.,3,1
36000,95,31,7,İzmir,Konak,Göztepe Mah.,2,1
26000,60,12,0,İzmir,Buca,Kuruçeşme Mah.,2,1
31500,60,5,1,İzmir,Dikili,Çandarlı Mah.,1,1
40000,90,11,2,İzmir,Karşıyaka,Yalı Mah.,2,1
42000,145,16,1,İzmir,Bayraklı,Soğukkuyu Mah.,3,1
22000,120,16,1,İzmir,Bornova,Atatürk Mah.,1,1
27500,85,0,-1,İzmir,Karabağlar,General Kazım Özalp Mah.,2,1
47500,51,0,1,İzmir,Karşıyaka,Atakent Mah.,1,1
34000,125,24,4,İzmir,Karşıyaka,Goncalar Mah.,3,1
26500,90,31,0,İzmir,Balçova,Çetin Emeç Mah.,2,1
27000,80,6,1,İzmir,Karşıyaka,Şemikler Mah.,2,1
43000,144,20,5,İzmir,Bayraklı,Soğukkuyu Mah.,3,1
23500,95,35,3,İzmir,Gaziemir,Emrez Mah.,3,1
29000,75,30,4,İzmir,Narlıdere,Çamtepe Mah.,2,1
42000,85,31,6,İzmir,Karşıyaka,Bostanlı Mah.,2,1
35000,120,25,3,İzmir,Karabağlar,Muammer Akar Mah.,3,1
60000,120,2,8,İzmir,Menemen,29 Ekim Mah.,2,1
14750,50,4,3,İzmir,Menemen,Gazi Mustafa Kemal Mah.,1,1
40000,80,3,2,İzmir,Dikili,Gazipaşa Mah.,2,1
45000,95,35,4,İzmir,Balçova,Fevzi Çakmak Mah.,3,1
22000,60,0,2,İzmir,Tire,Adnan Menderes Mah.,2,1
32000,136,5,2,İzmir,Tire,Adnan Menderes Mah.,3,1
50000,110,13,2,İzmir,Foça,Atatürk Mah.,1,1
19000,90,32,5,İzmir,Çiğli,Evka - 2 Mah.,2,1
28000,65,5,2,İzmir,Çiğli,Balatçık Mah.,2,1
50000,90,5,2,İzmir,Balçova,Fevzi Çakmak Mah.,2,1
40000,160,6,3,İzmir,Buca,Mustafa Kemal Mah.,3,1
28000,125,6,2,İzmir,Buca,İnönü Mah.,3,1
35000,135,31,0,İzmir,Balçova,Onur Mah.,3,1
20500,145,16,1,İzmir,Torbalı,Cumhuriyet Mah.,3,1
46000,150,15,4,İzmir,Karşıyaka,Dedebaşı Mah.,3,1
35000,125,26,5,İzmir,Karşıyaka,Bahçelievler Mah.,3,1
27000,50,3,2,İzmir,Karşıyaka,Örnekköy Mah.,1,1
34500,135,16,3,İzmir,Menemen,İstiklal Mah.,3,1
22000,86,0,1,İzmir,Aliağa,Örnekkent Mah.,2,1
65000,110,6,3,İzmir,Karşıyaka,Bostanlı Mah.,2,1
105000,235,16,5,İzmir,Bornova,Evka 3 Mah.,4,1
32000,49,5,4,İzmir,Çiğli,Balatçık Mah.,1,1
20000,140,30,5,İzmir,Tire,Kurtuluş Mah.,3,1
39500,135,21,4,İzmir,Karşıyaka,Goncalar Mah.,3,1
25500,55,0,1,İzmir,Menemen,İstiklal Mah.,1,1
22000,95,16,1,İzmir,Buca,Adatepe Mah.,2,1
28000,100,5,2,İzmir,Torbalı,İnönü Mah.,2,1
27000,90,29,1,İzmir,Bayraklı,Onur Mah.,2,1
43000,70,0,2,İzmir,Çiğli,Ataşehir Mah.,2,1
60000,169,31,17,İzmir,Karşıyaka,Mavişehir Mah.,4,1
43000,160,21,3,İzmir,Karşıyaka,Örnekköy Mah.,3,1
51000,175,6,5,İzmir,Karşıyaka,Örnekköy Mah.,4,1
145000,275,24,2,İzmir,Güzelbahçe,Kahramandere Mah.,5,1
22000,55,6,1,İzmir,Menemen,İnönü Mah.,1,1
24000,50,0,3,İzmir,Çiğli,Cumhuriyet Mah.,1,1
53000,150,21,6,İzmir,Gaziemir,Atıfbey Mah.,3,1
40000,135,11,9,İzmir,Buca,Yenigün Mah.,3,1
25000,55,0,1,İzmir,Çiğli,Esentepe Mah.,1,1
59000,105,6,1,İzmir,Çeşme,İsmet İnönü Mah.,2,1
69000,130,5,18,İzmir,Bornova,Barbaros Mah.,3,1
42500,92,7,5,İzmir,Karşıyaka,Bahçelievler Mah.,2,1
25000,55,0,3,İzmir,Menemen,İstiklal Mah.,1,1
18000,52,6,2,İzmir,Çiğli,Balatçık Mah.,1,1
27500,110,6,5,İzmir,Menemen,Gazi Mah.,2,1
40000,114,16,3,İzmir,Karşıyaka,Goncalar Mah.,3,1
26000,100,21,4,İzmir,Karabağlar,Yurdoğlu Mah.,3,1
14000,50,6,3,İzmir,Menemen,85. Yıl Cumhuriyet Mah.,1,1
300000,400,11,0,İzmir,Urla,Yenice Mah.,5,2
60000,220,25,2,İzmir,Menemen,Villakent Mah.,4,2
37500,88,12,2,İzmir,Karşıyaka,Dedebaşı Mah.,2,1
25000,125,26,1,İzmir,Karabağlar,Doğanay Mah.,3,1
27000,95,6,3,İzmir,Karabağlar,Ali Fuat Cebesoy Mah.,2,1
16500,50,0,1,İzmir,Menemen,İsmet İnönü Mah.,1,1
25000,80,3,1,İzmir,Dikili,Salimbey Mah.,2,1
36000,140,31,4,İzmir,Bayraklı,Osmangazi Mah.,3,1
27000,75,1,2,İzmir,Menemen,9 Eylül Mah.,2,1
105000,160,0,2,İzmir,Urla,Denizli Mah.,4,1
35000,120,26,7,İzmir,Buca,Buca Koop. Mah.,3,1
42000,117,33,1,İzmir,Karabağlar,Bahar Mah.,3,1
26000,110,31,1,İzmir,Karşıyaka,Alaybey Mah.,2,1
35000,133,8,4,İzmir,Menemen,9 Eylül Mah.,3,1
32000,50,2,6,İzmir,Karşıyaka,Şemikler Mah.,1,1
17000,112,26,4,İzmir,Bergama,Maltepe Mah.,3,1
37000,140,16,4,İzmir,Karabağlar,Doğanay Mah.,3,1
23000,65,5,2,İzmir,Menemen,Gazi Mustafa Kemal Mah.,2,0
40000,128,34,6,İzmir,Karabağlar,Esentepe Mah.,3,1
70000,130,16,1,İzmir,Güzelbahçe,Yalı Mah.,3,1
29000,130,31,2,İzmir,Çiğli,Küçük Çiğli Mah.,3,1
31000,60,3,5,İzmir,Çiğli,Ahmet Efendi Mah.,1,1
40000,70,6,3,İzmir,Karaburun,Merkez Mah.,2,1
21000,65,5,2,İzmir,Torbalı,Fevzi Çakmak Mah.,1,1
48000,200,0,3,İzmir,Menemen,30 Ağustos Mah.,3,1
23000,100,11,2,İzmir,Menderes,Özdere Cumhuriyet Mah.,2,1
28000,145,11,2,İzmir,Karabağlar,Kazım Karabekir Mah.,3,1
36000,55,31,2,İzmir,Karşıyaka,Atakent Mah.,1,1
36000,120,31,0,İzmir,Konak,Göztepe Mah.,3,1
38000,130,0,3,İzmir,Menemen,Uğur Mumcu Mah.,3,1
30000,65,5,3,İzmir,Seferihisar,Sığacık Mah.,1,1
24000,85,6,1,İzmir,Karabağlar,Kazım Karabekir Mah.,2,1
150000,250,12,2,İzmir,Çeşme,Alaçatı Mah.,4,1
30000,75,6,0,İzmir,Çiğli,Balatçık Mah.,1,1
35000,85,5,1,İzmir,Seferihisar,Hıdırlık Mah.,2,1
23000,55,6,1,İzmir,Buca,Kuruçeşme Mah.,1,1
62500,78,6,5,İzmir,Bornova,Kazımdirik Mah.,2,1
32500,65,2,8,İzmir,Karşıyaka,İmbatlı Mah.,1,1
32000,105,31,5,İzmir,Konak,Barbaros Mah.,2,1
25000,60,4,2,İzmir,Buca,Kuruçeşme Mah.,2,0
35000,140,31,5,İzmir,Karabağlar,Bahçelievler Mah.,3,1
52000,145,21,9,İzmir,Bornova,Evka 3 Mah.,3,1
22000,55,6,2,İzmir,Buca,Adatepe Mah.,1,1
30000,90,21,2,İzmir,Karaburun,Küçükbahçe Mah.,2,1
60000,75,3,0,İzmir,Urla,Camiatik Mah.,1,1
35000,90,21,3,İzmir,Dikili,İsmetpaşa Mah.,2,1
85000,270,31,1,İzmir,Konak,Güzelyalı Mah.,4,1
25000,80,0,1,İzmir,Kemalpaşa,Ulucak Cumhuriyet Mah.,2,1
16999,92,6,2,İzmir,Çiğli,Şirintepe Mah.,2,1
26000,55,5,2,İzmir,Buca,Atatürk Mah.,1,1
26000,58,6,2,İzmir,Buca,Atatürk Mah.,1,1
24000,110,21,3,İzmir,Ödemiş,Zafer Mah.,2,1
45000,140,40,3,İzmir,Karabağlar,Esenyalı Mah.,3,1
32000,135,16,0,İzmir,Torbalı,Muratbey Mah.,3,1
36000,140,45,1,İzmir,Konak,Mithatpaşa Mah.,3,1
45000,135,16,2,İzmir,Balçova,Eğitim Mah.,3,1
850000,140,15,2,İzmir,Çeşme,Alaçatı Mah.,3,1
1500000,2000,2,2,İzmir,Çeşme,Ovacık Mah.,6,2
18000,78,31,2,İzmir,Bayraklı,Muhittin Erener Mah.,2,1
29000,80,33,8,İzmir,Konak,Mimar Sinan Mah.,1,1
22000,120,21,2,İzmir,Bayraklı,Fuat Edip Baksı Mah.,3,1
45000,200,15,0,İzmir,Seferihisar,Atatürk Mah.,4,1
63000,145,3,2,İzmir,Selçuk,14 Mayıs Mah.,3,1
75000,350,35,2,İzmir,Urla,Zeytinalanı Mah.,3,1
32000,55,5,2,İzmir,Karşıyaka,Yalı Mah.,1,1
78000,165,5,13,İzmir,Karabağlar,Ali Fuat Cebesoy Mah.,3,1
22750,70,1,5,İzmir,Menemen,Uğur Mumcu Mah.,1,1
67500,120,2,3,İzmir,Seferihisar,Camikebir Mah.,3,1
45000,120,20,3,İzmir,Bornova,Evka 3 Mah.,3,1
20000,100,31,5,İzmir,Bayraklı,Tepekule Mah.,1,1
34000,100,32,-1,İzmir,Karabağlar,Basın Sitesi Mah.,3,1
25000,85,35,1,İzmir,Balçova,Eğitim Mah.,2,1
27000,140,11,1,İzmir,Ödemiş,Süleyman Demirel Mah.,3,1
33000,50,9,1,İzmir,Bornova,Kazımdirik Mah.,1,1
22000,85,26,2,İzmir,Buca,İzkent Mah.,2,1
75000,205,16,1,İzmir,Balçova,Korutürk Mah.,5,1
26000,80,6,4,İzmir,Seferihisar,Çolak İbrahim Bey Mah.,2,1
21000,180,16,2,İzmir,Bornova,Yeşilova Mah.,3,1
30000,105,44,0,İzmir,Karabağlar,Esenyalı Mah.,2,1
33000,125,0,3,İzmir,Menderes,Barbaros Mah.,3,1
19000,50,1,3,İzmir,Menemen,85. Yıl Cumhuriyet Mah.,1,1
38000,90,11,0,İzmir,Karabağlar,Üçkuyular Mah.,2,1
30000,55,15,2,İzmir,Buca,Yaylacık Mah.,1,1
35000,125,6,2,İzmir,Çiğli,Esentepe Mah.,3,1
25000,110,21,1,İzmir,Karabağlar,Metin Oktay Mah.,3,1
41500,120,31,3,İzmir,Balçova,Onur Mah.,2,1
30000,110,18,1,İzmir,Selçuk,Atatürk Mah.,2,1
40000,75,7,5,İzmir,Bornova,Erzene Mah.,2,1
22500,125,21,2,İzmir,Bornova,Meriç Mah.,3,1
24500,90,26,1,İzmir,Çiğli,Evka - 6 Mah.,2,1
35000,50,5,2,İzmir,Buca,Kuruçeşme Mah.,1,1
26000,125,28,5,İzmir,Buca,Efeler Mah.,3,1
26000,90,10,5,İzmir,Buca,İnönü Mah.,2,1
38000,95,6,1,İzmir,Bayraklı,Osmangazi Mah.,2,1
40000,165,11,2,İzmir,Bayraklı,Org. Nafiz Gürman Mah.,3,1
45000,65,12,1,İzmir,Çiğli,Ataşehir Mah.,1,1
40000,50,6,9,İzmir,Bornova,Kazımdirik Mah.,1,1
25000,95,1,5,İzmir,Tire,İhsaniye Mah.,2,1
15000,123,35,2,İzmir,Menemen,Zafer Mah.,2,1
25000,115,4,3,İzmir,Seferihisar,Turabiye Mah.,2,1
30000,90,5,2,İzmir,Bornova,Evka 3 Mah.,2,1
15000,70,25,1,İzmir,Buca,Fırat Mah.,1,1
120000,130,4,2,İzmir,Çeşme,Sakarya Mah.,3,1
35000,105,31,4,İzmir,Çiğli,Ahmet Taner Kışlalı Mah.,3,1
22000,50,21,3,İzmir,Menderes,Gümüldür Fevzi Çakmak Mah.,1,1
32000,75,0,0,İzmir,Urla,Torasan Mah.,2,1
37000,95,21,3,İzmir,Narlıdere,Narlı Mah.,2,1
45000,125,0,2,İzmir,Karabağlar,Ali Fuat Cebesoy Mah.,3,1
50000,75,21,0,İzmir,Foça,İsmetpaşa Mah.,2,1
37000,120,35,7,İzmir,Bayraklı,Osmangazi Mah.,3,1
18750,83,25,0,İzmir,Bayraklı,Tepekule Mah.,2,1
25000,80,5,1,İzmir,Buca,Kozağaç Mah.,2,1
20000,95,15,2,İzmir,Karabağlar,Umut Mah.,2,1
25000,90,31,5,İzmir,Karşıyaka,Tersane Mah.,2,1
28000,60,6,0,İzmir,Buca,Yaylacık Mah.,2,1
17000,50,6,4,İzmir,Torbalı,Torbalı Mah.,1,1
37000,120,3,5,İzmir,Bayraklı,R. Şevket İnce Mah.,2,1
36000,110,30,6,İzmir,Bayraklı,Adalet Mah.,2,1
28000,80,8,3,İzmir,Foça,Mustafa Kemal Atatürk Mah.,2,1
40000,94,11,0,İzmir,Karabağlar,Basın Sitesi Mah.,2,1
45000,145,30,0,İzmir,Karşıyaka,Yalı Mah.,3,1
160000,235,2,0,İzmir,Güzelbahçe,Yelki Mah.,4,1
35000,110,6,2,İzmir,Karabağlar,Cennetoğlu Mah.,2,1
39000,110,31,1,İzmir,Karabağlar,Adnan Süvari Mah.,2,1
35000,100,26,1,İzmir,Karşıyaka,Yalı Mah.,2,1
17000,53,4,2,İzmir,Menemen,85. Yıl Cumhuriyet Mah.,1,1
17500,180,31,2,İzmir,Bergama,Okçular Mah.,3,1
30000,85,11,7,İzmir,Buca,Aydoğdu Mah.,2,1
40000,40,1,4,İzmir,Bornova,Kazımdirik Mah.,1,1
137500,200,0,2,İzmir,Çiğli,Aydınlıkevler Mah.,3,1
35000,120,0,2,İzmir,Konak,Atilla Mah.,3,1
23000,20,21,1,İzmir,Balçova,Onur Mah.,1,0
40000,150,31,6,İzmir,Bayraklı,Manavkuyu Mah.,3,1
42000,130,31,1,İzmir,Karşıyaka,Bostanlı Mah.,3,1
25000,100,4,1,İzmir,Seferihisar,Cumhuriyet Mah.,1,1
50000,130,40,1,İzmir,Karşıyaka,Bostanlı Mah.,3,1
60000,220,0,8,İzmir,Bayraklı,Soğukkuyu Mah.,4,1
22000,50,16,4,İzmir,Buca,Kozağaç Mah.,1,1
20000,50,1,3,İzmir,Çiğli,Balatçık Mah.,1,1
23000,60,3,0,İzmir,Karaburun,Mordoğan Mah.,1,1
25000,80,6,1,İzmir,Buca,Fırat Mah.,1,1
38000,100,26,1,İzmir,Bornova,Kazımdirik Mah.,2,1
27500,45,6,5,İzmir,Karşıyaka,Demirköprü Mah.,1,1
15000,75,6,0,İzmir,Tire,Toki Mah.,2,1
40000,95,0,4,İzmir,Menderes,Altıntepe Mah.,2,1
32000,85,12,2,İzmir,Balçova,Eğitim Mah.,2,1
38000,150,5,2,İzmir,Menderes,Çukuraltı Mah.,3,1
1500000,250,10,2,İzmir,Çeşme,Alaçatı Mah.,4,2
65000,200,21,2,İzmir,Urla,Kalabak Mah.,3,1
37000,70,6,5,İzmir,Buca,Hürriyet Mah.,2,1
60000,160,31,4,İzmir,Konak,Kültür Mah.,2,1
45000,145,11,3,İzmir,Bayraklı,75. Yıl Mah.,3,1
25000,74,26,1,İzmir,Bornova,Barbaros Mah.,2,1
85000,210,26,7,İzmir,Karşıyaka,Mavişehir Mah.,4,1
48000,120,25,2,İzmir,Dikili,Cumhuriyet Mah.,3,1
31500,70,0,3,İzmir,Selçuk,Atatürk Mah.,2,1
35000,135,6,6,İzmir,Buca,Aydoğdu Mah.,3,1
27000,48,0,4,İzmir,Karşıyaka,Şemikler Mah.,1,1
34000,65,21,1,İzmir,Bornova,Evka 3 Mah.,1,1
33000,95,2,1,İzmir,Bayraklı,R. Şevket İnce Mah.,2,1
125000,190,3,2,İzmir,Urla,Kuşçular Mah.,3,1
30000,100,2,7,İzmir,Menemen,9 Eylül Mah.,2,1
35000,105,4,3,İzmir,Buca,Kozağaç Mah.,2,1
47500,120,11,4,İzmir,Karşıyaka,Dedebaşı Mah.,3,1
35000,45,37,9,İzmir,Karşıyaka,Atakent Mah.,1,1
45000,75,26,11,İzmir,Karşıyaka,Mavişehir Mah.,2,1
65000,190,3,5,İzmir,Karşıyaka,Bahariye Mah.,3,1
10000,80,26,2,İzmir,Konak,İsmet Paşa Mah.,2,1
35000,115,26,3,İzmir,Bornova,Kazımdirik Mah.,3,1
35000,140,5,3,İzmir,Tire,Fatih Mah.,3,1
85000,160,17,1,İzmir,Karşıyaka,Bostanlı Mah.,3,1
23000,65,0,2,İzmir,Torbalı,İnönü Mah.,1,1
37000,50,5,9,İzmir,Konak,Çınarlı Mah.,1,1
35000,92,11,3,İzmir,Karşıyaka,Dedebaşı Mah.,2,1
30000,120,35,5,İzmir,Karşıyaka,Dedebaşı Mah.,3,1
38000,120,26,5,İzmir,Karşıyaka,Bahçelievler Mah.,3,1
40000,130,116,4,İzmir,Karşıyaka,Şemikler Mah.,3,1
23000,55,4,1,İzmir,Buca,Kozağaç Mah.,1,1
120000,175,2,2,İzmir,Urla,Kuşçular Mah.,3,1
32000,130,38,4,İzmir,Karşıyaka,Bahçelievler Mah.,3,1
32000,145,8,4,İzmir,Çiğli,Cumhuriyet Mah.,3,1
23000,55,0,13,İzmir,Menemen,Uğur Mumcu Mah.,1,1
25000,44,5,1,İzmir,Karşıyaka,Dedebaşı Mah.,1,1
32500,160,26,1,İzmir,Karabağlar,Sevgi Mah.,3,1
250000,423,2,0,İzmir,Çiğli,Sasallı Merkez Mah.,5,1
40000,140,16,8,İzmir,Bayraklı,Soğukkuyu Mah.,3,1
38000,145,31,3,İzmir,Karşıyaka,Bahriye Üçok Mah.,3,1
35000,120,16,4,İzmir,Çiğli,Yeni Mahalle Mah.,3,1
38000,140,20,4,İzmir,Menemen,30 Ağustos Mah.,3,1
35000,140,16,4,İzmir,Karşıyaka,Nergiz Mah.,3,1
35000,110,16,3,İzmir,Karşıyaka,Nergiz Mah.,3,1
41000,140,11,3,İzmir,Menderes,Kemalpaşa Mah.,3,1
40000,150,25,4,İzmir,Bornova,Kazımdirik Mah.,3,1
60000,120,31,3,İzmir,Bornova,Kazımdirik Mah.,3,1
45000,125,21,3,İzmir,Karşıyaka,Bahçelievler Mah.,3,1
23000,95,6,2,İzmir,Karabağlar,Bozyaka Mah.,2,1
31000,60,3,5,İzmir,Çiğli,Ahmet Efendi Mah.,1,1
39000,90,11,3,İzmir,Karşıyaka,Şemikler Mah.,2,1
18000,70,6,1,İzmir,Menemen,İnönü Mah.,2,1
23000,90,0,2,İzmir,Seferihisar,Camikebir Mah.,2,1
38000,60,5,1,İzmir,Çiğli,Ataşehir Mah.,1,1
85000,180,6,0,İzmir,Karaburun,Kösedere Mah.,2,1
26000,100,0,2,İzmir,Bergama,Bahçelievler Mah.,2,1
22000,55,6,4,İzmir,Buca,Atatürk Mah.,1,1
32000,80,11,1,İzmir,Gaziemir,Yeşil Mah.,2,1
32500,55,6,7,İzmir,Bornova,Kazımdirik Mah.,1,1
62000,72,6,11,İzmir,Bornova,Kazımdirik Mah.,2,1
34000,190,12,5,İzmir,Torbalı,Fevzi Çakmak Mah.,3,1
21000,90,16,5,İzmir,Torbalı,Torbalı Mah.,2,1
25000,110,29,4,İzmir,Dikili,İsmetpaşa Mah.,2,1
56000,145,0,2,İzmir,Karşıyaka,Goncalar Mah.,3,1
21500,90,31,4,İzmir,Konak,Barbaros Mah.,2,1
27500,90,5,3,İzmir,Menderes,Mithatpaşa Mah.,2,1
32500,80,0,3,İzmir,Karşıyaka,İmbatlı Mah.,2,1
25000,115,7,0,İzmir,Kemalpaşa,Ulucak Mustafa Kemal Atatürk Mah.,2,1
35000,130,21,9,İzmir,Buca,Adatepe Mah.,3,1
45000,85,11,1,İzmir,Karşıyaka,Yalı Mah.,1,1
45000,130,31,3,İzmir,Karabağlar,Esenyalı Mah.,3,1
38000,95,6,2,İzmir,Karşıyaka,İnönü Mah.,2,1
20000,60,6,1,İzmir,Torbalı,Ayrancılar Mah.,1,1
33000,165,1,2,İzmir,Ödemiş,Süleyman Demirel Mah.,3,1
32500,120,16,4,İzmir,Konak,Akın Simav Mah.,3,1
200000,360,11,0,İzmir,Urla,Kalabak Mah.,4,2
38000,120,15,1,İzmir,Balçova,Eğitim Mah.,3,1
29000,190,5,1,İzmir,Ödemiş,Süleyman Demirel Mah.,3,1
38000,95,11,5,İzmir,Karşıyaka,Yalı Mah.,2,1
34000,115,2,3,İzmir,Bayraklı,Soğukkuyu Mah.,2,1
29000,100,30,3,İzmir,Narlıdere,Çamtepe Mah.,2,1
17000,45,1,3,İzmir,Menemen,Gazi Mustafa Kemal Mah.,1,1
26000,48,4,3,İzmir,Çiğli,Küçük Çiğli Mah.,1,1
25500,120,37,2,İzmir,Konak,Çankaya Mah.,3,1
23000,65,8,1,İzmir,Buca,Kuruçeşme Mah.,2,1
39000,120,6,2,İzmir,Menderes,Barbaros Mah.,2,1
47000,145,6,1,İzmir,Karabağlar,Bahçelievler Mah.,3,1
33000,115,48,2,İzmir,Konak,Göztepe Mah.,3,1
38500,125,31,5,İzmir,Bayraklı,Manavkuyu Mah.,3,1
35000,125,31,1,İzmir,Karabağlar,Üçkuyular Mah.,3,1
22500,58,20,1,İzmir,Buca,Adatepe Mah.,1,1
25000,115,6,2,İzmir,Karabağlar,Refet Bele Mah.,3,1
35000,70,5,1,İzmir,Konak,Kahramanlar Mah.,2,1
45000,74,0,11,İzmir,Konak,Halkapınar Mah.,1,1
25000,53,5,2,İzmir,Konak,Kahramanlar Mah.,1,1
79000,130,31,5,İzmir,Konak,Alsancak Mah.,3,1
20000,110,30,4,İzmir,Bornova,Erzene Mah.,3,1
18000,35,16,0,İzmir,Buca,Yenigün Mah.,1,0
33000,165,21,2,İzmir,Buca,Akıncılar Mah.,3,1
40000,80,40,0,İzmir,Çeşme,Musalla Mah.,1,1
22000,45,8,4,İzmir,Konak,Güneşli Mah.,1,1
28000,85,25,1,İzmir,Dikili,Gazipaşa Mah.,2,1
23000,80,2,4,İzmir,Menemen,Gazi Mustafa Kemal Mah.,2,1
30000,120,11,0,İzmir,Balçova,Eğitim Mah.,2,1
60000,150,21,3,İzmir,Konak,Göztepe Mah.,3,1
250000,130,5,2,İzmir,Çeşme,Alaçatı Mah.,3,1
60000,112,26,4,İzmir,Konak,Kültür Mah.,2,1
35000,85,4,2,İzmir,Karşıyaka,Yalı Mah.,2,1
32500,95,26,4,İzmir,Konak,Akın Simav Mah.,2,1
36000,45,1,1,İzmir,Konak,Kahramanlar Mah.,1,1
29000,105,28,1,İzmir,Çiğli,Ataşehir Mah.,3,1
36000,53,4,3,İzmir,Bornova,Kazımdirik Mah.,1,1
39000,110,31,5,İzmir,Balçova,Korutürk Mah.,3,1
25000,130,25,4,İzmir,Ödemiş,Akıncılar Mah.,2,1
23000,60,44,-2,İzmir,Konak,Turgut Reis Mah.,1,1
60000,105,4,4,İzmir,Çiğli,Ataşehir Mah.,2,1
22000,52,0,1,İzmir,Buca,Hürriyet Mah.,1,1
40000,110,28,2,İzmir,Balçova,Onur Mah.,2,1
45000,137,31,1,İzmir,Bayraklı,Mansuroğlu Mah.,3,1
45000,135,16,5,İzmir,Karşıyaka,Şemikler Mah.,3,1
38000,110,1,0,İzmir,Urla,Gülbahçe Mah.,1,1
30000,120,38,6,İzmir,Bayraklı,Manavkuyu Mah.,3,1
39000,65,3,0,İzmir,Güzelbahçe,Yelki Mah.,1,1
23500,90,6,1,İzmir,Buca,Adatepe Mah.,2,1
65000,180,5,2,İzmir,Seferihisar,Cumhuriyet Mah.,4,1
29000,120,25,4,İzmir,Buca,Yıldız Mah.,3,1
40000,70,10,0,İzmir,Urla,Gülbahçe Mah.,2,1
155000,140,5,2,İzmir,Urla,Güvendik Mah.,3,1
30000,55,14,1,İzmir,Karşıyaka,Dedebaşı Mah.,2,1
25000,60,5,1,İzmir,Buca,Barış Mah.,1,1
24000,120,31,1,İzmir,Bornova,Mevlana Mah.,3,1
26000,110,40,5,İzmir,Konak,Piri Reis Mah.,3,1
28000,55,11,8,İzmir,Karşıyaka,İnönü Mah.,1,1
28000,130,21,1,İzmir,Karabağlar,Maliyeciler Mah.,3,1
38000,135,14,1,İzmir,Balçova,Eğitim Mah.,3,0
40000,180,31,4,İzmir,Karşıyaka,Donanmacı Mah.,3,1
43000,60,1,2,İzmir,Bornova,Kazımdirik Mah.,1,1
18000,100,4,0,İzmir,Karabağlar,Refet Bele Mah.,1,1
30000,77,28,7,İzmir,Bornova,Evka 4 Mah.,2,1
23000,40,6,1,İzmir,Balçova,Onur Mah.,1,1
37000,45,6,3,İzmir,Balçova,Çetin Emeç Mah.,1,1
14500,70,40,0,İzmir,Buca,Ufuk Mah.,2,1
15000,90,11,4,İzmir,Menemen,Yeşil Pınar Mah.,2,1
28000,50,4,1,İzmir,Seferihisar,Camikebir Mah.,1,1
49500,135,7,4,İzmir,Menderes,Barbaros Mah.,3,1
35000,95,30,3,İzmir,Bornova,Erzene Mah.,2,1
25000,120,35,2,İzmir,Karşıyaka,Nergiz Mah.,3,0
25500,50,6,2,İzmir,Menemen,Gazi Mustafa Kemal Mah.,1,1
100000,75,11,1,İzmir,Seferihisar,Bengiler Mah.,1,1
40000,117,11,2,İzmir,Karabağlar,Maliyeciler Mah.,2,1
16000,20,10,0,İzmir,Bornova,Evka 3 Mah.,1,0
24000,60,6,1,İzmir,Çiğli,Balatçık Mah.,1,1
25000,75,21,3,İzmir,Gaziemir,Zafer Mah.,2,1
30000,80,21,2,İzmir,Urla,Şirinkent Mah.,2,1
30000,95,40,4,İzmir,Karşıyaka,Tuna Mah.,2,1
36500,135,26,1,İzmir,Bayraklı,Manavkuyu Mah.,3,1
21000,45,6,0,İzmir,Buca,Kuruçeşme Mah.,1,1
22000,57,8,2,İzmir,Buca,Adatepe Mah.,1,1
45000,100,31,3,İzmir,Karabağlar,Basın Sitesi Mah.,2,1
25000,100,26,7,İzmir,Bornova,Kazımdirik Mah.,3,1
48000,120,25,2,İzmir,Dikili,Cumhuriyet Mah.,3,1
19500,55,2,2,İzmir,Menemen,İnönü Mah.,1,1
109000,275,21,3,İzmir,Bornova,Erzene Mah.,3,1
35000,140,6,1,İzmir,Karşıyaka,Şemikler Mah.,3,1
35000,60,6,1,İzmir,Karşıyaka,Yalı Mah.,1,1
23500,95,21,1,İzmir,Bayraklı,Tepekule Mah.,2,1
31500,100,3,2,İzmir,Karşıyaka,İmbatlı Mah.,2,1
33000,90,35,5,İzmir,Karabağlar,Basın Sitesi Mah.,2,10
29000,125,21,3,İzmir,Karabağlar,Bahçelievler Mah.,2,1
65000,93,10,5,İzmir,Karşıyaka,Yalı Mah.,2,1
26000,90,28,4,İzmir,Karşıyaka,Nergiz Mah.,2,1
20000,160,20,0,İzmir,Selçuk,İsa Bey Mah.,3,1
30000,130,21,3,İzmir,Buca,Menderes Mah.,3,1
32000,120,3,3,İzmir,Kemalpaşa,Ulucak Cumhuriyet Mah.,3,1
39000,147,6,3,İzmir,Karşıyaka,Cumhuriyet Mah.,3,1
33000,50,0,6,İzmir,Bornova,Kazımdirik Mah.,1,1
25000,100,6,4,İzmir,Torbalı,Fevzi Çakmak Mah.,2,1
26500,83,6,2,İzmir,Bayraklı,Gümüşpala Mah.,2,1
23500,55,6,5,İzmir,Menemen,9 Eylül Mah.,1,1
20500,55,11,1,İzmir,Buca,Atatürk Mah.,1,1
47000,140,6,3,İzmir,Karabağlar,Sevgi Mah.,3,1
46000,175,16,1,İzmir,Çiğli,Yeni Mahalle Mah.,4,1
48000,130,6,2,İzmir,Torbalı,Türkmenköy Mah.,4,1
23000,51,0,0,İzmir,Çiğli,Harmandalı Gazi Mustafa Kemal Atatürk Mah.,1,1
40000,114,16,4,İzmir,Karşıyaka,Goncalar Mah.,3,1
65000,130,31,2,İzmir,Karşıyaka,Yalı Mah.,3,1
60000,104,5,0,İzmir,Çiğli,Ataşehir Mah.,2,1
41000,85,5,18,İzmir,Bornova,Koşukavak Mah.,2,1
35000,105,25,1,İzmir,Bornova,Atatürk Mah.,2,1
56000,375,8,5,İzmir,Menemen,İstiklal Mah.,4,1
27500,70,1,3,İzmir,Karşıyaka,Örnekköy Mah.,2,1
55000,140,11,5,İzmir,Çiğli,Ataşehir Mah.,3,1
53000,140,13,5,İzmir,Karşıyaka,İmbatlı Mah.,2,1
38000,60,4,6,İzmir,Bornova,Rafet Paşa Mah.,1,1
38000,95,3,2,İzmir,Çiğli,Yeni Mahalle Mah.,2,1
65000,160,1,2,İzmir,Konak,Akın Simav Mah.,3,1
25000,76,4,1,İzmir,Menemen,85. Yıl Cumhuriyet Mah.,2,1
35000,60,6,0,İzmir,Seferihisar,Sığacık Mah.,1,1
24000,110,23,1,İzmir,Karabağlar,Ali Fuat Cebesoy Mah.,2,1
25000,120,6,5,İzmir,Torbalı,İnönü Mah.,3,1
36000,48,6,10,İzmir,Bornova,Kazımdirik Mah.,1,0
25000,60,13,1,İzmir,Dikili,İsmetpaşa Mah.,1,1
40000,120,12,1,İzmir,Gaziemir,Atıfbey Mah.,3,1
32500,130,30,2,İzmir,Bornova,Atatürk Mah.,3,1
80000,250,0,2,İzmir,Menderes,Çukuraltı Mah.,4,1
35000,80,4,3,İzmir,Karşıyaka,Dedebaşı Mah.,2,1
68000,85,0,4,İzmir,Konak,Mimar Sinan Mah.,2,1
57000,145,0,2,İzmir,Karşıyaka,Goncalar Mah.,3,1
40000,45,16,14,İzmir,Karşıyaka,Mavişehir Mah.,1,1
37000,130,31,4,İzmir,Karabağlar,Esenyalı Mah.,3,1
33000,120,26,1,İzmir,Buca,Buca Koop. Mah.,3,1
30000,115,35,5,İzmir,Bornova,Erzene Mah.,3,11
45000,80,4,2,İzmir,Urla,Yaka Mah.,2,1
6000,100,4,0,İzmir,Seferihisar,Atatürk Mah.,2,1
120000,230,11,7,İzmir,Narlıdere,Ilıca Mah.,4,1
48000,145,16,5,İzmir,Karşıyaka,Mustafa Kemal Mah.,3,1
40000,125,11,5,İzmir,Karşıyaka,Dedebaşı Mah.,3,1
37000,140,30,4,İzmir,Karşıyaka,Bostanlı Mah.,3,1
26000,90,25,5,İzmir,Buca,Hürriyet Mah.,2,1
33000,120,32,3,İzmir,Karşıyaka,Fikri Altay Mah.,3,1
35000,115,31,2,İzmir,Karşıyaka,Donanmacı Mah.,3,1
25000,54,10,5,İzmir,Buca,Adatepe Mah.,1,1
28000,90,6,1,İzmir,Karabağlar,Ali Fuat Cebesoy Mah.,2,1
35000,95,6,2,İzmir,Güzelbahçe,Mustafa Kemal Paşa Mah.,2,1
30000,85,5,0,İzmir,Selçuk,Atatürk Mah.,2,1
25500,135,21,4,İzmir,Konak,Kocatepe Mah.,3,1
80000,130,0,2,İzmir,Urla,M. Fevzi Çakmak Mah.,3,1
20000,55,10,0,İzmir,Buca,Kuruçeşme Mah.,1,1
25000,120,36,1,İzmir,Konak,Güneşli Mah.,3,1
18000,60,8,3,İzmir,Buca,Kuruçeşme Mah.,1,1
40000,70,11,2,İzmir,Karşıyaka,Mavişehir Mah.,1,1
35000,85,10,1,İzmir,Karşıyaka,Fikri Altay Mah.,2,1
28000,46,5,3,İzmir,Çiğli,Balatçık Mah.,1,1
29000,100,5,8,İzmir,Menemen,Gazi Mah.,2,1
45000,111,11,0,İzmir,Karabağlar,Adnan Süvari Mah.,3,1
30000,75,6,2,İzmir,Buca,Adatepe Mah.,2,1
55000,93,0,6,İzmir,Karşıyaka,Şemikler Mah.,2,1
25000,45,6,2,İzmir,Seferihisar,Turabiye Mah.,1,1
115000,140,2,0,İzmir,Urla,İskele Mah.,3,1
22000,55,6,4,İzmir,Buca,Kuruçeşme Mah.,1,1
27000,55,6,3,İzmir,Seferihisar,Turabiye Mah.,1,1
29000,60,12,0,İzmir,Narlıdere,Çamtepe Mah.,1,1
18000,60,40,1,İzmir,Konak,Kahramanlar Mah.,1,1
25000,110,30,4,İzmir,Balçova,Fevzi Çakmak Mah.,2,1
25000,50,0,1,İzmir,Menderes,Orta Mah.,1,1
50000,155,26,6,İzmir,Bayraklı,Soğukkuyu Mah.,3,1
20000,60,3,1,İzmir,Menemen,Gazi Mustafa Kemal Mah.,1,1
32000,95,38,4,İzmir,Karşıyaka,Bostanlı Mah.,3,1
40000,95,8,3,İzmir,Çiğli,Balatçık Mah.,2,1
20000,50,2,1,İzmir,Menemen,Gazi Mustafa Kemal Mah.,1,1
35000,140,25,6,İzmir,Karşıyaka,Dedebaşı Mah.,3,1
45000,85,5,2,İzmir,Seferihisar,Sığacık Mah.,2,1
26500,110,32,2,İzmir,Karabağlar,Esenlik Mah.,3,1
30000,105,30,2,İzmir,Balçova,Fevzi Çakmak Mah.,2,1
26000,130,25,5,İzmir,Bornova,Atatürk Mah.,1,1
18000,125,35,1,İzmir,Konak,Akın Simav Mah.,2,1
41500,70,9,0,İzmir,Urla,Gülbahçe Mah.,2,1
35000,45,3,5,İzmir,Bornova,Erzene Mah.,1,1
70000,185,40,3,İzmir,Konak,Kültür Mah.,3,1
30000,90,25,1,İzmir,Balçova,Çetin Emeç Mah.,2,1
119500,260,16,5,İzmir,Narlıdere,Ilıca Mah.,4,1
14000,100,3,2,İzmir,Kemalpaşa,Sütçüler Mah.,2,1
28000,130,3,1,İzmir,Menemen,İstiklal Mah.,3,1
48000,130,51,1,İzmir,Karabağlar,Muammer Akar Mah.,3,1
60000,155,30,1,İzmir,Narlıdere,Ilıca Mah.,3,1
25000,85,38,1,İzmir,Karabağlar,Basın Sitesi Mah.,2,1
31000,95,11,2,İzmir,Karşıyaka,Şemikler Mah.,2,1
57000,125,8,2,İzmir,Çiğli,Yeni Mahalle Mah.,2,1
35000,140,12,3,İzmir,Menemen,Gazi Mustafa Kemal Mah.,3,1
43000,125,11,2,İzmir,Karşıyaka,Fikri Altay Mah.,3,1
62000,180,30,1,İzmir,Karşıyaka,Mavişehir Mah.,4,1
45000,55,6,1,İzmir,Karşıyaka,Bostanlı Mah.,1,1
27500,80,10,2,İzmir,Konak,Güneşli Mah.,2,1
23000,55,0,8,İzmir,Buca,Kuruçeşme Mah.,1,1
30000,100,15,1,İzmir,Selçuk,Zafer Mah.,2,1
26000,98,33,1,İzmir,Karabağlar,Metin Oktay Mah.,2,1
15000,85,26,0,İzmir,Bayraklı,Org. Nafiz Gürman Mah.,2,1
24000,55,5,1,İzmir,Buca,Kuruçeşme Mah.,1,1
30000,130,31,2,İzmir,Bayraklı,Çiçek Mah.,3,1
38000,130,26,5,İzmir,Bayraklı,Mansuroğlu Mah.,3,1
38000,120,30,4,İzmir,Buca,Menderes Mah.,3,1
30000,150,10,3,İzmir,Menemen,Uğur Mumcu Mah.,3,1
20000,140,30,5,İzmir,Ödemiş,İnönü Mah.,3,1
30000,130,30,5,İzmir,Bornova,Erzene Mah.,3,1
35000,90,35,3,İzmir,Balçova,Onur Mah.,2,1
36000,45,6,6,İzmir,Bornova,Mevlana Mah.,1,1
40000,140,34,4,İzmir,Karşıyaka,Bahçelievler Mah.,3,1
45000,120,26,2,İzmir,Bornova,Evka 3 Mah.,3,1
42000,140,25,10,İzmir,Bayraklı,Soğukkuyu Mah.,3,1
52500,160,33,2,İzmir,Karşıyaka,Bahriye Üçok Mah.,3,1
22000,60,5,3,İzmir,Buca,Yaylacık Mah.,1,1
18000,61,0,1,İzmir,Torbalı,Muratbey Mah.,1,1
42000,135,5,5,İzmir,Torbalı,Fevzi Çakmak Mah.,3,1
16000,100,35,1,İzmir,Bornova,Merkez Mah.,2,1
17000,120,31,1,İzmir,Karabağlar,Günaltay Mah.,2,1
22500,85,10,0,İzmir,Seferihisar,Mersin Alanı Mah.,2,1
60000,250,16,0,İzmir,Aliağa,Şakran Sayfiye Mah.,4,1
30000,120,26,2,İzmir,Selçuk,Atatürk Mah.,3,1
20000,110,30,1,İzmir,Ödemiş,Bengisu Mah.,3,1
20000,145,18,1,İzmir,Bergama,Bahçelievler Mah.,3,1
22000,55,5,3,İzmir,Buca,Kozağaç Mah.,1,1
20000,110,31,4,İzmir,Menemen,Esatpaşa Mah.,3,1
40000,165,15,1,İzmir,Buca,Atatürk Mah.,4,1
29000,80,31,4,İzmir,Karşıyaka,Aksoy Mah.,2,1
65000,60,5,0,İzmir,Çeşme,Çakabey Mah.,1,1
20000,110,25,4,İzmir,Karabağlar,Refet Bele Mah.,3,1
36000,140,26,3,İzmir,Kemalpaşa,Sekiz Eylül Mah.,3,1
75000,178,11,0,İzmir,Menemen,9 Eylül Mah.,3,1
120000,160,2,2,İzmir,Urla,Torasan Mah.,3,1
30000,170,6,4,İzmir,Kemalpaşa,Mehmet Akif Ersoy Mah.,3,1
19500,100,31,3,İzmir,Çiğli,Küçük Çiğli Mah.,2,1
50000,150,11,9,İzmir,Karşıyaka,Örnekköy Mah.,3,1
23000,55,8,2,İzmir,Buca,Atatürk Mah.,1,1
28000,55,2,2,İzmir,Buca,Şirinkapı Mah.,1,1
49000,180,16,2,İzmir,Foça,Cumhuriyet Mah.,3,1
50000,135,0,4,İzmir,Menderes,Altıntepe Mah.,3,1
18000,120,26,3,İzmir,Tire,4 Eylül Mah.,3,1
32500,100,40,4,İzmir,Karşıyaka,Donanmacı Mah.,2,1
55000,160,45,1,İzmir,Konak,Barbaros Mah.,3,1
55000,100,1,2,İzmir,Güzelbahçe,Yalı Mah.,2,1
21500,55,1,1,İzmir,Seferihisar,Çolak İbrahim Bey Mah.,1,1
40000,120,30,5,İzmir,Karşıyaka,Bahçelievler Mah.,3,1
47000,180,30,3,İzmir,Narlıdere,Yenikale Mah.,3,1
31000,115,25,3,İzmir,Karşıyaka,Bahariye Mah.,3,1
32000,135,1,5,İzmir,Menemen,Ahıhıdır Mah.,3,1
23000,85,5,3,İzmir,Bergama,Fatih Mah.,2,1
22000,77,0,2,İzmir,Bergama,Atatürk Mah.,2,1
40000,85,30,5,İzmir,Bornova,Erzene Mah.,2,1
32000,70,0,9,İzmir,Konak,Akarcalı Mah.,1,1
30000,140,25,3,İzmir,Buca,Kozağaç Mah.,3,1
75000,210,13,2,İzmir,Güzelbahçe,Mustafa Kemal Paşa Mah.,4,1
25000,400,6,0,İzmir,Dikili,Çandarlı Mah.,2,0
45000,120,11,2,İzmir,Menderes,Orta Mah.,3,1
18000,65,5,1,İzmir,Menemen,Gazi Mustafa Kemal Mah.,1,1
25000,95,35,3,İzmir,Seferihisar,Mersin Alanı Mah.,3,1
25000,100,20,1,İzmir,Menderes,Orta Mah.,2,1
16500,59,2,3,İzmir,Buca,Atatürk Mah.,1,1
28000,110,31,4,İzmir,Karşıyaka,Aksoy Mah.,3,1
45000,145,14,1,İzmir,Balçova,Eğitim Mah.,3,1
38000,86,8,1,İzmir,Bornova,Mevlana Mah.,2,1
23500,68,6,2,İzmir,Buca,Kuruçeşme Mah.,2,0
35000,120,31,2,İzmir,Karabağlar,Üçkuyular Mah.,2,1
20000,45,6,2,İzmir,Buca,Atatürk Mah.,1,1
45000,135,0,3,İzmir,Bayraklı,Körfez Mah.,3,1
18000,45,6,2,İzmir,Buca,Adatepe Mah.,1,1
45000,54,3,0,İzmir,Urla,Gülbahçe Mah.,2,1
21000,110,30,1,İzmir,Çiğli,Köyiçi Mah.,3,1
25000,77,26,7,İzmir,Bornova,Evka 4 Mah.,2,1
17000,60,26,3,İzmir,Bornova,Evka 4 Mah.,1,1
35000,95,6,2,İzmir,Güzelbahçe,Mustafa Kemal Paşa Mah.,2,1
22000,50,8,1,İzmir,Buca,Adatepe Mah.,1,1
25000,40,40,5,İzmir,Foça,İsmetpaşa Mah.,1,1
37000,140,11,2,İzmir,Aliağa,Şakran Sayfiye Mah.,3,1
42000,110,31,8,İzmir,Karabağlar,Poligon Mah.,3,1
36000,120,31,2,İzmir,Bornova,Kazımdirik Mah.,3,1
70000,140,0,0,İzmir,Gaziemir,Beyazevler Mah.,3,1
40000,65,25,0,İzmir,Menderes,Gümüldür İnönü Mah.,2,1
21000,44,0,1,İzmir,Menemen,Gazi Mustafa Kemal Mah.,1,1
35000,120,26,1,İzmir,Karabağlar,Doğanay Mah.,3,1
45000,125,31,1,İzmir,Karşıyaka,Bostanlı Mah.,2,1
78000,160,26,3,İzmir,Karşıyaka,Mavişehir Mah.,3,1
30000,100,0,2,İzmir,Kemalpaşa,Ulucak İstiklal Mah.,2,1
25000,95,20,5,İzmir,Menemen,Mermerli Mah.,2,1
33000,90,6,6,İzmir,Çiğli,Balatçık Mah.,2,1
35000,115,11,3,İzmir,Bornova,İnönü Mah.,2,1
25000,80,11,1,İzmir,Menemen,Gazi Mustafa Kemal Mah.,2,1
35000,75,25,0,İzmir,Karşıyaka,Yalı Mah.,2,1
22000,50,6,2,İzmir,Buca,Atatürk Mah.,1,1
28500,90,14,4,İzmir,Karabağlar,Vatan Mah.,2,1
27000,100,8,-2,İzmir,Dikili,Salimbey Mah.,2,1
47000,78,6,2,İzmir,Çeşme,Sakarya Mah.,1,1
32000,90,26,1,İzmir,Gaziemir,Gazikent Mah.,2,1
55000,93,0,4,İzmir,Karşıyaka,Şemikler Mah.,2,1
41000,70,9,0,İzmir,Urla,Gülbahçe Mah.,2,1
38000,60,2,5,İzmir,Bornova,Kazımdirik Mah.,1,1
110000,160,0,2,İzmir,Urla,Kalabak Mah.,4,1
28500,105,36,2,İzmir,Karabağlar,Bahçelievler Mah.,2,1
44000,150,5,3,İzmir,Çiğli,Yeni Mahalle Mah.,4,1
65000,123,8,1,İzmir,Çiğli,Yeni Mahalle Mah.,2,1
40000,105,15,2,İzmir,Balçova,Fevzi Çakmak Mah.,2,1
30000,220,2,5,İzmir,Kiraz,Kırköy Mah.,5,2
21000,50,0,2,İzmir,Ödemiş,İnönü Mah.,1,1
23000,45,9,1,İzmir,Buca,Kuruçeşme Mah.,1,1
21000,50,0,3,İzmir,Menemen,Gazi Mustafa Kemal Mah.,1,1
30000,100,6,2,İzmir,Seferihisar,Çolak İbrahim Bey Mah.,2,1
21000,39,2,3,İzmir,Menemen,Gazi Mustafa Kemal Mah.,1,1
40000,110,21,5,İzmir,Karabağlar,Esentepe Mah.,2,1
35000,130,31,2,İzmir,Karşıyaka,Bostanlı Mah.,3,1
15000,105,16,2,İzmir,Menemen,İncirli Pınar Mah.,2,1
40000,145,31,5,İzmir,Karşıyaka,Bostanlı Mah.,3,1
18000,60,2,2,İzmir,Buca,Yıldız Mah.,1,1
26500,70,11,1,İzmir,Karşıyaka,Şemikler Mah.,2,1
58000,125,31,4,İzmir,Karabağlar,Esenyalı Mah.,3,1
150000,150,25,2,İzmir,Çeşme,16 Eylül Mah.,3,1
23000,55,6,0,İzmir,Menemen,85. Yıl Cumhuriyet Mah.,1,1
25000,135,16,4,İzmir,Menemen,Esatpaşa Mah.,3,1
35000,55,6,5,İzmir,Bornova,Mevlana Mah.,1,1
37000,120,36,1,İzmir,Bayraklı,Manavkuyu Mah.,2,10
20000,55,1,3,İzmir,Menemen,Uğur Mumcu Mah.,1,1
35000,120,26,0,İzmir,Karabağlar,Esenyalı Mah.,3,1
44000,50,4,16,İzmir,Konak,Çınarlı Mah.,1,1
35000,150,25,6,İzmir,Bayraklı,Soğukkuyu Mah.,3,1
42000,125,40,2,İzmir,Karabağlar,Esenyalı Mah.,3,1
30000,50,0,0,İzmir,Çiğli,Harmandalı Gazi Mustafa Kemal Atatürk Mah.,1,1
47000,145,26,4,İzmir,Balçova,Teleferik Mah.,3,1
85000,60,0,7,İzmir,Bayraklı,Turan Mah.,1,1
45000,145,11,4,İzmir,Karabağlar,Sevgi Mah.,3,1
59000,160,16,6,İzmir,Karşıyaka,Mustafa Kemal Mah.,2,1
18000,55,4,3,İzmir,Buca,Hürriyet Mah.,1,1
35000,60,0,3,İzmir,Bornova,Mevlana Mah.,1,1
26000,120,31,1,İzmir,Çiğli,Egekent Mah.,3,1
30000,65,6,6,İzmir,Çiğli,Balatçık Mah.,1,1
25000,80,6,2,İzmir,Buca,Laleli Mah.,2,1
35000,125,35,7,İzmir,Karşıyaka,Bostanlı Mah.,3,1
47000,145,11,5,İzmir,Karşıyaka,Latife Hanım Mah.,3,1
21000,90,2,0,İzmir,Menemen,İnönü Mah.,1,1
44500,115,31,2,İzmir,Narlıdere,Ilıca Mah.,3,1
109000,275,21,3,İzmir,Bornova,Evka 3 Mah.,3,1
27000,125,46,5,İzmir,Karabağlar,Basın Sitesi Mah.,3,1
18500,75,6,2,İzmir,Menemen,İnönü Mah.,2,1
27500,47,0,1,İzmir,Çiğli,Şirintepe Mah.,1,1
36500,145,16,6,İzmir,Çiğli,Ataşehir Mah.,3,1
48000,65,6,15,İzmir,Bornova,Kazımdirik Mah.,1,1
25000,80,26,3,İzmir,Karabağlar,Bahar Mah.,2,1
26000,80,5,1,İzmir,Karabağlar,Vatan Mah.,2,1
28000,60,4,3,İzmir,Menemen,İnönü Mah.,1,1
18000,140,21,0,İzmir,Buca,Atatürk Mah.,3,1
32000,120,21,2,İzmir,Bayraklı,Osmangazi Mah.,3,1
180000,580,3,2,İzmir,Balçova,Çetin Emeç Mah.,5,1
39000,180,3,4,İzmir,Kemalpaşa,Ulucak Mustafa Kemal Atatürk Mah.,3,1
20000,140,25,4,İzmir,Torbalı,Ertuğrul Mah.,3,1
15000,120,30,2,İzmir,Ödemiş,Cumhuriyet Mah.,2,1
30000,120,21,3,İzmir,Menemen,İstiklal Mah.,3,1
45000,150,23,3,İzmir,Karşıyaka,Bahçelievler Mah.,3,1
23000,112,25,2,İzmir,Bornova,Rafet Paşa Mah.,2,1
35000,90,35,1,İzmir,Karşıyaka,Donanmacı Mah.,2,1
21000,100,16,2,İzmir,Karabağlar,Günaltay Mah.,3,1
65000,80,3,2,İzmir,Çeşme,Ilıca Mah.,1,1
60000,160,35,2,İzmir,Karşıyaka,Bostanlı Mah.,3,1
80000,320,11,4,İzmir,Gaziemir,Atıfbey Mah.,5,1
26000,85,5,1,İzmir,Menemen,Ulus Mah.,2,1
23000,140,18,2,İzmir,Buca,Göksu Mah.,3,1
29000,75,2,2,İzmir,Buca,Adatepe Mah.,2,1
20000,120,21,1,İzmir,Tire,Cumhuriyet Mah.,3,1
20000,85,11,2,İzmir,Bergama,Fatih Mah.,2,1
30000,95,31,2,İzmir,Karşıyaka,Donanmacı Mah.,3,1
28000,180,21,0,İzmir,Buca,Yiğitler Mah.,3,1
32000,130,26,2,İzmir,Aliağa,Kazım Dirik Mah.,3,1
39000,110,31,1,İzmir,Balçova,Korutürk Mah.,2,1
23500,125,20,5,İzmir,Tire,Hürriyet Mah.,3,1
20000,66,27,3,İzmir,Çiğli,Evka-5 Mah.,2,1
27500,150,31,4,İzmir,Karabağlar,Doğanay Mah.,3,1
38500,150,6,4,İzmir,Torbalı,Torbalı Mah.,3,1
95000,600,16,2,İzmir,Aliağa,Yalı Mah.,10,1
32000,130,31,3,İzmir,Konak,Murat Reis Mah.,3,1
23000,45,5,3,İzmir,Karabağlar,Bahar Mah.,1,1
30000,140,31,1,İzmir,Karabağlar,Doğanay Mah.,3,1
28000,100,18,2,İzmir,Buca,Yaylacık Mah.,2,1
38000,120,31,1,İzmir,Menemen,Kasımpaşa Mah.,3,1
50000,180,50,1,İzmir,Karabağlar,Arap Hasan Mah.,4,1
38000,125,6,3,İzmir,Menderes,Kemalpaşa Mah.,3,1
31000,135,30,2,İzmir,Konak,Göztepe Mah.,4,1
73000,175,5,2,İzmir,Kemalpaşa,Sekiz Eylül Mah.,3,1
38000,130,28,2,İzmir,Balçova,Onur Mah.,3,1
47500,145,16,1,İzmir,Balçova,Eğitim Mah.,3,1
26000,120,26,2,İzmir,Buca,Dicle Mah.,3,1
33000,85,21,2,İzmir,Bergama,Zafer Mah.,2,1
31500,80,5,6,İzmir,Çiğli,Küçük Çiğli Mah.,2,1
30000,90,11,1,İzmir,Buca,Kuruçeşme Mah.,2,1
30000,115,26,3,İzmir,Çiğli,Ataşehir Mah.,3,1
30000,130,31,1,İzmir,Karabağlar,Selvili Mah.,2,1
32500,90,1,0,İzmir,Aliağa,Yalı Mah.,2,1
30000,95,21,0,İzmir,Bayraklı,Adalet Mah.,2,1
35000,150,35,1,İzmir,Karşıyaka,Şemikler Mah.,3,1
17500,55,0,3,İzmir,Menemen,İnönü Mah.,1,1
35000,100,11,2,İzmir,Buca,Hürriyet Mah.,3,1
25000,90,35,4,İzmir,Konak,Mimar Sinan Mah.,2,0
300000,350,3,2,İzmir,Çeşme,Çiftlik Mah.,4,1
35000,135,18,5,İzmir,Buca,Yıldız Mah.,3,1
35000,120,31,2,İzmir,Bornova,Kızılay Mah.,3,1
55000,145,6,2,İzmir,Menderes,Görece Cumhuriyet Mah.,3,1
18000,60,0,1,İzmir,Torbalı,Yedi Eylül Mah.,1,1
5000,500,6,0,İzmir,Dikili,Bademli Mah.,2,1
16000,80,16,2,İzmir,Bornova,Yeşilçam Mah.,2,1
17000,55,0,1,İzmir,Torbalı,Tepeköy Mah.,1,1
45000,174,12,5,İzmir,Menderes,Çukuraltı Mah.,4,1
28000,90,45,3,İzmir,Konak,Murat Reis Mah.,2,1
41000,130,40,3,İzmir,Karşıyaka,Donanmacı Mah.,3,1
48000,120,40,6,İzmir,Konak,Kahramanlar Mah.,2,1
40000,70,5,2,İzmir,Bornova,Kazımdirik Mah.,2,1
30000,110,31,2,İzmir,Konak,Güzelyalı Mah.,3,1
16000,40,5,2,İzmir,Buca,Adatepe Mah.,1,0
21000,100,30,4,İzmir,Karabağlar,Çalıkuşu Mah.,3,1
23000,80,11,2,İzmir,Buca,Adatepe Mah.,2,1
30000,128,29,3,İzmir,Buca,Yenigün Mah.,3,1
46500,160,36,3,İzmir,Karşıyaka,Aksoy Mah.,3,1
22500,77,26,3,İzmir,Bornova,Evka 4 Mah.,2,1
60000,104,6,0,İzmir,Çiğli,Ataşehir Mah.,2,1
70000,140,30,5,İzmir,Balçova,Korutürk Mah.,3,1
40000,90,10,1,İzmir,Balçova,Çetin Emeç Mah.,2,1
110000,400,6,2,İzmir,Bornova,Yakaköy Mah.,6,1
20000,64,3,2,İzmir,Menemen,Ulus Mah.,1,1
48000,120,26,3,İzmir,Karşıyaka,Bostanlı Mah.,3,1
30000,85,6,3,İzmir,Menemen,29 Ekim Mah.,2,1
31000,130,35,3,İzmir,Karabağlar,Basın Sitesi Mah.,3,1
22500,40,0,1,İzmir,Çiğli,Esentepe Mah.,1,1
30000,85,16,2,İzmir,Bayraklı,Mansuroğlu Mah.,2,1
23000,105,25,2,İzmir,Karabağlar,Gülyaka Mah.,2,1
26000,45,11,1,İzmir,Karşıyaka,Fikri Altay Mah.,1,1
16000,100,40,1,İzmir,Buca,Dumlupınar Mah.,2,1
24000,70,7,1,İzmir,Kemalpaşa,Mehmet Akif Ersoy Mah.,2,1
26000,140,31,3,İzmir,Bergama,Bahçelievler Mah.,3,1
43000,80,16,2,İzmir,Urla,Güvendik Mah.,2,1
30000,60,5,2,İzmir,Bayraklı,Mansuroğlu Mah.,1,1
25000,85,11,3,İzmir,Foça,Mustafa Kemal Atatürk Mah.,2,1
22000,90,5,4,İzmir,Menemen,Gazi Mustafa Kemal Mah.,2,1
28000,85,31,5,İzmir,Karabağlar,General Kazım Özalp Mah.,2,1
38000,50,6,3,İzmir,Bornova,Kazımdirik Mah.,1,1
47000,69,6,1,İzmir,Çeşme,Sakarya Mah.,1,1
23000,75,0,2,İzmir,Aliağa,Fatih Mah.,2,1
18000,45,8,1,İzmir,Buca,Kozağaç Mah.,1,1
25000,65,25,0,İzmir,Buca,Adatepe Mah.,1,1
28500,45,2,2,İzmir,Karşıyaka,Goncalar Mah.,1,1
19000,75,0,0,İzmir,Torbalı,Yedi Eylül Mah.,2,1
22000,50,8,1,İzmir,Bornova,Mevlana Mah.,1,0
30000,135,21,1,İzmir,Seferihisar,Camikebir Mah.,3,1
50000,120,45,4,İzmir,Konak,Göztepe Mah.,3,1
45000,51,0,2,İzmir,Karşıyaka,Atakent Mah.,1,1
20000,90,26,0,İzmir,Karabağlar,Bahar Mah.,2,1
26000,60,3,3,İzmir,Çiğli,Ahmet Efendi Mah.,2,1
30000,130,20,2,İzmir,Buca,Fırat Mah.,3,1
23000,110,10,2,İzmir,Çiğli,Küçük Çiğli Mah.,3,1
53000,51,0,3,İzmir,Karşıyaka,Atakent Mah.,1,1
30000,45,6,3,İzmir,Bornova,Erzene Mah.,1,1
25000,127,2,3,İzmir,Kiraz,Kırköy Mah.,3,1
33000,65,5,3,İzmir,Buca,Menderes Mah.,1,1
38000,90,26,2,İzmir,Balçova,Çetin Emeç Mah.,2,1
30000,110,15,2,İzmir,Torbalı,Yeşilköy Mah.,2,1
28000,65,6,2,İzmir,Bornova,Mevlana Mah.,1,1
65000,140,4,7,İzmir,Karşıyaka,Nergiz Mah.,3,1
18000,85,8,1,İzmir,Torbalı,İnönü Mah.,2,1
30000,120,37,2,İzmir,Konak,Çankaya Mah.,2,1
22000,100,44,6,İzmir,Konak,Atilla Mah.,2,1
25000,60,8,4,İzmir,Buca,Adatepe Mah.,1,1
85000,170,14,8,İzmir,Narlıdere,2. İnönü Mah.,3,1
62000,104,15,5,İzmir,Karşıyaka,Yalı Mah.,2,1
40000,55,6,4,İzmir,Bornova,Kazımdirik Mah.,1,1
17000,60,8,-1,İzmir,Buca,Atatürk Mah.,1,1
72000,163,5,5,İzmir,Kemalpaşa,Sekiz Eylül Mah.,3,1
17750,140,6,0,İzmir,Karabağlar,Refet Bele Mah.,2,1
57000,125,26,5,İzmir,Bornova,Kazımdirik Mah.,2,1
50000,125,16,6,İzmir,Bayraklı,Manavkuyu Mah.,3,1
18000,50,6,0,İzmir,Menemen,İnönü Mah.,1,1
22000,55,6,1,İzmir,Buca,Adatepe Mah.,1,1
56000,135,28,17,İzmir,Karşıyaka,Mavişehir Mah.,2,1
30000,90,6,1,İzmir,Çiğli,Yeni Mahalle Mah.,2,1
22000,53,3,2,İzmir,Buca,Adatepe Mah.,1,1
20000,50,0,3,İzmir,Menemen,85. Yıl Cumhuriyet Mah.,1,1
17000,50,5,3,İzmir,Menemen,İnönü Mah.,1,1
25000,100,31,7,İzmir,Çiğli,Egekent Mah.,3,1
38500,110,6,6,İzmir,Menemen,9 Eylül Mah.,2,1
64000,85,6,6,İzmir,Bornova,Kazımdirik Mah.,2,1
35000,70,0,2,İzmir,Konak,Kılıç Reis Mah.,2,1
45000,93,0,3,İzmir,Çiğli,Şirintepe Mah.,2,1
24000,110,25,4,İzmir,Karabağlar,Metin Oktay Mah.,3,1
47500,100,4,4,İzmir,Karşıyaka,Şemikler Mah.,2,1
27000,100,31,5,İzmir,Karabağlar,Üçkuyular Mah.,3,1
45000,120,6,2,İzmir,Menderes,Orta Mah.,3,1
48000,74,0,1,İzmir,Narlıdere,2. İnönü Mah.,2,1
28000,125,26,1,İzmir,Çiğli,Küçük Çiğli Mah.,3,1
20000,70,2,4,İzmir,Menemen,85. Yıl Cumhuriyet Mah.,2,1
17250,50,5,2,İzmir,Buca,Adatepe Mah.,1,1
32000,150,3,1,İzmir,Torbalı,Torbalı Mah.,3,1
35000,100,31,3,İzmir,Karşıyaka,Tersane Mah.,3,1
19000,100,16,4,İzmir,Buca,Yeşilbağlar Mah.,2,1
28000,78,6,2,İzmir,Buca,Kuruçeşme Mah.,2,1
45000,105,26,2,İzmir,Urla,Güvendik Mah.,2,1
20000,55,5,0,İzmir,Buca,Atatürk Mah.,2,1
30000,95,21,0,İzmir,Urla,Kalabak Mah.,2,1
46000,95,10,1,İzmir,Karşıyaka,Yalı Mah.,2,1
30000,85,21,2,İzmir,Buca,Yiğitler Mah.,2,1
27000,95,31,5,İzmir,Karşıyaka,Bahariye Mah.,2,1
21500,45,6,0,İzmir,Buca,Atatürk Mah.,1,1
18000,50,3,3,İzmir,Torbalı,Muratbey Mah.,1,1
35000,100,21,2,İzmir,Aliağa,Kültür Mah.,2,1
28000,100,40,1,İzmir,Karşıyaka,Tersane Mah.,2,1
21000,125,11,2,İzmir,Kemalpaşa,Sütçüler Mah.,3,1
44000,135,31,5,İzmir,Karşıyaka,Yalı Mah.,3,1
22000,85,40,2,İzmir,Konak,Murat Reis Mah.,2,1
28000,110,31,4,İzmir,Karşıyaka,Bahçelievler Mah.,3,1
35000,155,21,3,İzmir,Bornova,Yeşilova Mah.,3,1
20000,135,21,2,İzmir,Karabağlar,Sevgi Mah.,3,1
53000,145,5,2,İzmir,Menderes,Kemalpaşa Mah.,3,1
40000,140,31,2,İzmir,Konak,Akın Simav Mah.,3,1
75000,150,4,2,İzmir,Urla,İskele Mah.,4,1
25000,110,26,4,İzmir,Menemen,Esatpaşa Mah.,3,1
43000,160,6,3,İzmir,Çiğli,Küçük Çiğli Mah.,3,1
27000,70,31,4,İzmir,Konak,Alsancak Mah.,1,1
15000,85,32,3,İzmir,Bayraklı,Muhittin Erener Mah.,2,1
25000,95,30,1,İzmir,Konak,Turgut Reis Mah.,2,1
21500,95,4,1,İzmir,Bergama,İslamsaray Mah.,2,1
29000,75,6,3,İzmir,Buca,Yaylacık Mah.,2,1
45000,200,31,4,İzmir,Balçova,Çetin Emeç Mah.,3,1
36000,120,31,5,İzmir,Karşıyaka,Aksoy Mah.,3,1
18500,60,4,3,İzmir,Buca,Atatürk Mah.,1,1
32000,90,6,1,İzmir,Karabağlar,General Kazım Özalp Mah.,2,1
40000,150,20,3,İzmir,Balçova,Fevzi Çakmak Mah.,3,1
25000,100,6,0,İzmir,Konak,Güneşli Mah.,2,1
40000,156,11,3,İzmir,Çiğli,İnönü Mah.,3,1
40000,130,31,1,İzmir,Konak,Çankaya Mah.,3,1
29000,70,2,5,İzmir,Bayraklı,Soğukkuyu Mah.,2,1
150000,320,9,7,İzmir,Konak,Alsancak Mah.,3,1
38000,130,15,3,İzmir,Buca,Kozağaç Mah.,3,1
40000,70,10,0,İzmir,Urla,Gülbahçe Mah.,2,1
37000,95,31,1,İzmir,Konak,Göztepe Mah.,2,1
38000,130,20,4,İzmir,Narlıdere,Ilıca Mah.,3,1
39000,90,6,7,İzmir,Karşıyaka,İmbatlı Mah.,2,1
23000,70,6,0,İzmir,Buca,Adatepe Mah.,2,1
26000,80,14,1,İzmir,Dikili,İsmetpaşa Mah.,2,1
46000,140,6,2,İzmir,Menemen,30 Ağustos Mah.,3,1
20000,125,20,3,İzmir,Menemen,Esatpaşa Mah.,3,1
30000,114,35,3,İzmir,Bayraklı,Mansuroğlu Mah.,3,1
36000,120,31,1,İzmir,Balçova,Eğitim Mah.,3,1
26000,55,5,3,İzmir,Çiğli,Uğur Mumcu Mah.,1,1
120000,145,11,9,İzmir,Karşıyaka,Yalı Mah.,3,1
30000,125,28,4,İzmir,Karabağlar,Reis Mah.,3,1
25000,110,31,5,İzmir,Konak,Murat Reis Mah.,2,1
53000,85,5,2,İzmir,Karşıyaka,Tuna Mah.,2,1
23500,100,8,0,İzmir,Torbalı,Yedi Eylül Mah.,2,1
40000,130,31,3,İzmir,Karşıyaka,Bostanlı Mah.,3,1
30000,55,6,1,İzmir,Buca,Menderes Mah.,1,1
40000,150,9,3,İzmir,Karşıyaka,Örnekköy Mah.,3,1
61000,110,31,4,İzmir,Konak,Mehmet Ali Akman Mah.,3,1
20000,50,0,3,İzmir,Menemen,Esatpaşa Mah.,1,1
24000,40,6,2,İzmir,Çiğli,Balatçık Mah.,1,1
30000,120,20,3,İzmir,Karabağlar,Bahar Mah.,3,1
35000,130,26,3,İzmir,Karşıyaka,Bostanlı Mah.,3,1
36000,120,31,3,İzmir,Konak,Güzelyalı Mah.,3,1
29500,117,6,5,İzmir,Menemen,İstiklal Mah.,2,1
120000,175,5,1,İzmir,Güzelbahçe,Yalı Mah.,3,1
40000,155,16,2,İzmir,Menderes,Barbaros Mah.,3,1
21000,50,6,2,İzmir,Buca,Atatürk Mah.,1,1
35000,130,20,1,İzmir,Balçova,Eğitim Mah.,3,1
22000,100,10,2,İzmir,Karabağlar,Çalıkuşu Mah.,2,1
25000,77,28,5,İzmir,Bornova,Evka 4 Mah.,2,1
18500,90,11,7,İzmir,Menemen,Gazi Mah.,2,1
33500,120,27,3,İzmir,Konak,Alsancak Mah.,2,1
50000,130,2,2,İzmir,Foça,Cumhuriyet Mah.,3,1
20500,50,11,1,İzmir,Buca,Atatürk Mah.,1,1
30000,120,26,4,İzmir,Karabağlar,Vatan Mah.,3,1
60000,140,11,1,İzmir,Gaziemir,Atıfbey Mah.,3,1
40000,140,30,3,İzmir,Bornova,Kazımdirik Mah.,3,1
30000,110,35,1,İzmir,Balçova,Onur Mah.,3,1
32000,90,31,4,İzmir,Karabağlar,Vatan Mah.,2,1
35000,135,16,2,İzmir,Menemen,İstiklal Mah.,3,1
22500,130,10,4,İzmir,Ödemiş,Hürriyet Mah.,3,1
26000,41,26,0,İzmir,Karabağlar,Üçkuyular Mah.,1,1
40000,50,10,3,İzmir,Bornova,Kazımdirik Mah.,1,1
37000,110,31,1,İzmir,Konak,Murat Reis Mah.,3,1
45000,135,28,5,İzmir,Balçova,Eğitim Mah.,3,1
40000,80,11,4,İzmir,Balçova,Çetin Emeç Mah.,2,1
35000,75,31,0,İzmir,Karabağlar,Arap Hasan Mah.,2,1
35000,90,30,3,İzmir,Bornova,Atatürk Mah.,2,1
45000,80,6,0,İzmir,Seferihisar,Sığacık Mah.,2,1
18000,90,20,5,İzmir,Torbalı,Ertuğrul Mah.,3,1
21000,75,5,0,İzmir,Buca,Adatepe Mah.,2,1
25000,110,26,3,İzmir,Karabağlar,Bozyaka Mah.,2,1
28500,90,26,1,İzmir,Konak,Mithatpaşa Mah.,2,1
35000,54,8,1,İzmir,Bornova,Mevlana Mah.,1,1
36000,100,6,0,İzmir,Konak,Turgut Reis Mah.,2,1
25000,120,26,2,İzmir,Buca,Barış Mah.,3,1
21500,84,0,1,İzmir,Menemen,Gazi Mustafa Kemal Mah.,2,1
20000,90,0,1,İzmir,Menemen,İsmet İnönü Mah.,2,1
30000,95,26,4,İzmir,Konak,Kahramanlar Mah.,2,1
17000,120,26,0,İzmir,Bornova,Atatürk Mah.,2,1
34000,125,38,2,İzmir,Karabağlar,Basın Sitesi Mah.,3,1
35000,120,35,1,İzmir,Karabağlar,Üçkuyular Mah.,3,1
32000,95,26,6,İzmir,Bornova,Ergene Mah.,2,1
62500,105,15,0,İzmir,Karşıyaka,Yalı Mah.,2,1
25000,115,21,1,İzmir,Karabağlar,Vatan Mah.,3,1
18000,110,30,3,İzmir,Karabağlar,Bahar Mah.,2,1
26000,80,6,2,İzmir,Buca,Hürriyet Mah.,2,1
30000,115,8,3,İzmir,Karabağlar,Selvili Mah.,2,1
35000,136,33,4,İzmir,Karşıyaka,Bahriye Üçok Mah.,3,1
35000,95,10,1,İzmir,Balçova,Eğitim Mah.,2,1
25000,80,7,-1,İzmir,Balçova,Eğitim Mah.,2,1
25000,90,31,3,İzmir,Konak,Atilla Mah.,2,1
20000,110,25,5,İzmir,Çiğli,Egekent Mah.,3,1
45000,145,11,9,İzmir,Buca,Buca Koop. Mah.,3,1
45000,60,2,6,İzmir,Bornova,Kazımdirik Mah.,1,1
37500,70,0,3,İzmir,Çiğli,Maltepe Mah.,2,1
125000,220,11,1,İzmir,Narlıdere,Yenikale Mah.,3,1
38000,127,31,5,İzmir,Bayraklı,Manavkuyu Mah.,3,1
130000,120,37,0,İzmir,Urla,Balıklıova Mah.,5,1
75000,187,28,11,İzmir,Karşıyaka,Mavişehir Mah.,3,1
25000,135,17,5,İzmir,Selçuk,Zafer Mah.,2,1
30000,110,12,1,İzmir,Bornova,Kızılay Mah.,2,1
115000,140,2,0,İzmir,Urla,İskele Mah.,3,1
19000,48,8,1,İzmir,Menemen,Gazi Mustafa Kemal Mah.,1,1
35000,77,4,1,İzmir,Bornova,Atatürk Mah.,2,1
43500,145,16,9,İzmir,Bayraklı,Soğukkuyu Mah.,3,1
23000,55,5,7,İzmir,Buca,Atatürk Mah.,1,1
57000,130,37,3,İzmir,Karşıyaka,Atakent Mah.,3,1
35000,105,0,2,İzmir,Karabağlar,Tahsin Yazıcı Mah.,2,1
12750,55,6,1,İzmir,Menemen,İnönü Mah.,1,1
26000,45,5,1,İzmir,Karşıyaka,Örnekköy Mah.,1,1
36000,37,6,4,İzmir,Bornova,Kazımdirik Mah.,1,0
30000,120,35,4,İzmir,Konak,Alsancak Mah.,3,1
30000,120,22,3,İzmir,Balçova,Çetin Emeç Mah.,2,1
50000,75,5,2,İzmir,Çeşme,Reisdere Mah.,2,1
23000,75,5,3,İzmir,Buca,Kuruçeşme Mah.,1,1
16000,55,24,0,İzmir,Çiğli,Evka - 6 Mah.,1,1
34500,115,32,6,İzmir,Bornova,Kazımdirik Mah.,3,1
18000,90,15,3,İzmir,Çiğli,Atatürk Mah.,2,1
27000,110,35,2,İzmir,Karşıyaka,Donanmacı Mah.,2,1
35000,110,35,1,İzmir,Karabağlar,Üçkuyular Mah.,3,1
42000,59,6,4,İzmir,Çiğli,Ataşehir Mah.,1,1
17000,55,0,2,İzmir,Torbalı,Ayrancılar Mah.,1,1
20000,50,5,3,İzmir,Buca,Yaylacık Mah.,1,1
25000,52,0,6,İzmir,Buca,Çamlıkule Mah.,1,1
16000,100,6,0,İzmir,Buca,Kozağaç Mah.,2,1
28000,120,31,1,İzmir,Karabağlar,Esenyalı Mah.,2,1
18500,95,31,3,İzmir,Bayraklı,Gümüşpala Mah.,2,1
55000,150,6,2,İzmir,Balçova,Eğitim Mah.,3,1
30000,70,6,1,İzmir,Buca,Yaylacık Mah.,2,1
20000,100,26,2,İzmir,Karabağlar,Karabağlar Mah.,2,1
26000,80,31,2,İzmir,Çeşme,Şehit Mehmet Mah.,1,1
30000,126,31,4,İzmir,Karabağlar,Tahsin Yazıcı Mah.,3,1
33000,145,26,3,İzmir,Karşıyaka,Goncalar Mah.,3,1
25000,110,26,4,İzmir,Karşıyaka,Bahçelievler Mah.,3,1
15000,90,16,1,İzmir,Konak,Çınartepe Mah.,2,1
24500,45,11,4,İzmir,Buca,Adatepe Mah.,1,1
28000,140,6,3,İzmir,Torbalı,Torbalı Mah.,3,1
30000,90,4,2,İzmir,Menderes,Cüneytbey Mah.,2,1
29000,140,15,5,İzmir,Tire,Fatih Mah.,3,1
25000,110,2,1,İzmir,Buca,Göksu Mah.,3,1
30000,130,26,3,İzmir,Karşıyaka,Yalı Mah.,3,1
37000,130,11,4,İzmir,Menderes,Barbaros Mah.,3,1
25000,65,11,2,İzmir,Karabağlar,Bozyaka Mah.,2,1
30000,130,31,4,İzmir,Karabağlar,Basın Sitesi Mah.,3,1
29000,95,40,3,İzmir,Konak,Piri Reis Mah.,3,1
52000,88,6,2,İzmir,Çeşme,İsmet İnönü Mah.,2,1
21000,100,31,2,İzmir,Bornova,Yeşilova Mah.,2,1
35000,135,28,4,İzmir,Karabağlar,Vatan Mah.,2,1
32000,160,31,2,İzmir,Konak,Mithatpaşa Mah.,3,1
25000,80,16,2,İzmir,Menemen,Esatpaşa Mah.,2,1
30000,120,31,3,İzmir,Konak,Murat Reis Mah.,3,1
21000,50,1,3,İzmir,Menemen,İnönü Mah.,1,1
18000,60,5,2,İzmir,Buca,Kuruçeşme Mah.,1,1
25000,85,6,2,İzmir,Çiğli,Şirintepe Mah.,2,1
31000,120,21,3,İzmir,Karşıyaka,Bahariye Mah.,3,1
27500,125,21,4,İzmir,Çiğli,Atatürk Mah.,3,1
35000,135,31,3,İzmir,Karabağlar,Üçkuyular Mah.,3,1
1050000,130,3,2,İzmir,Çeşme,Alaçatı Mah.,3,1
27000,140,11,3,İzmir,Buca,Laleli Mah.,3,1
23000,55,0,2,İzmir,Konak,Barbaros Mah.,1,1
29000,100,5,2,İzmir,Karabağlar,Refet Bele Mah.,2,1
20000,65,6,0,İzmir,Buca,Adatepe Mah.,2,0
38500,55,11,4,İzmir,Karşıyaka,Yalı Mah.,1,1
55000,160,6,2,İzmir,Çeşme,İsmet İnönü Mah.,2,1
28000,100,11,1,İzmir,Bornova,Atatürk Mah.,2,1
39000,60,1,3,İzmir,Çeşme,Musalla Mah.,1,1
29000,100,31,1,İzmir,Karşıyaka,Tersane Mah.,2,1
17000,56,10,1,İzmir,Buca,Atatürk Mah.,1,1
36000,70,10,0,İzmir,Urla,Gülbahçe Mah.,2,1
18000,55,10,3,İzmir,Buca,Atatürk Mah.,1,1
35000,100,6,2,İzmir,Çiğli,Küçük Çiğli Mah.,3,1
29000,115,41,6,İzmir,Bayraklı,Mansuroğlu Mah.,3,1
28500,115,31,4,İzmir,Karşıyaka,Tersane Mah.,3,1
24000,100,30,4,İzmir,Karşıyaka,Zübeyde Hanım Mah.,2,1
22500,80,2,2,İzmir,Menemen,Gazi Mustafa Kemal Mah.,2,1
20000,100,30,3,İzmir,Ödemiş,İnönü Mah.,2,1
22000,70,32,1,İzmir,Buca,Yiğitler Mah.,1,1
27000,140,31,3,İzmir,Konak,Kahramanlar Mah.,3,1
60000,70,0,0,İzmir,Narlıdere,2. İnönü Mah.,2,1
32000,120,31,1,İzmir,Karabağlar,Esenyalı Mah.,3,1
18000,45,6,2,İzmir,Buca,Atatürk Mah.,1,1
20000,45,5,2,İzmir,Bornova,Mevlana Mah.,1,0
24000,75,7,3,İzmir,Bergama,Fatih Mah.,2,1
16000,58,1,2,İzmir,Menemen,Gazi Mustafa Kemal Mah.,1,1
45000,135,6,5,İzmir,Karşıyaka,Örnekköy Mah.,3,1
35000,120,31,2,İzmir,Bornova,Ergene Mah.,3,1
45000,125,31,6,İzmir,Karabağlar,Esenyalı Mah.,3,1
90000,100,0,7,İzmir,Konak,Mimar Sinan Mah.,2,1
50000,100,3,1,İzmir,Urla,Gülbahçe Mah.,2,1
20000,100,25,5,İzmir,Ödemiş,Anafartalar Mah.,2,1
29000,130,28,2,İzmir,Bayraklı,Yamanlar Mah.,3,1
31000,100,31,1,İzmir,Karabağlar,Üçkuyular Mah.,2,1
18500,105,8,3,İzmir,Torbalı,Ayrancılar Mah.,2,1
54000,180,6,2,İzmir,Karaburun,Mordoğan Mah.,4,1
29500,40,6,4,İzmir,Bornova,Kazımdirik Mah.,1,0
53000,80,11,4,İzmir,Karşıyaka,Yalı Mah.,1,1
26000,125,21,1,İzmir,Karabağlar,Vatan Mah.,3,1
28000,120,15,2,İzmir,Menderes,Özdere Cumhuriyet Mah.,3,1
180000,180,0,0,İzmir,Çeşme,16 Eylül Mah.,3,1
35000,110,31,2,İzmir,Bornova,Kazımdirik Mah.,3,1
18000,50,0,0,İzmir,Menemen,Uğur Mumcu Mah.,1,1
25000,90,2,2,İzmir,Menemen,29 Ekim Mah.,2,1
4000,170,25,1,İzmir,Menderes,Çukuraltı Mah.,3,0
38000,120,30,3,İzmir,Konak,Güzelyalı Mah.,2,1
38000,140,15,3,İzmir,Buca,Kozağaç Mah.,3,1
28000,75,27,1,İzmir,Konak,Alsancak Mah.,2,1
16500,95,30,2,İzmir,Menemen,Kasımpaşa Mah.,2,1
35000,120,33,4,İzmir,Narlıdere,Çamtepe Mah.,3,1
40000,160,32,7,İzmir,Konak,Barbaros Mah.,3,1
20500,140,23,3,İzmir,Torbalı,Alpkent Mah.,3,1
25000,130,16,2,İzmir,Seferihisar,Camikebir Mah.,3,1
59000,1300,31,3,İzmir,Konak,Kültür Mah.,3,1
35000,110,30,3,İzmir,Konak,Yeşiltepe Mah.,3,11
30000,100,26,4,İzmir,Konak,Mithatpaşa Mah.,3,1
26000,120,30,3,İzmir,Karabağlar,Vatan Mah.,3,1
1500000,170,6,2,İzmir,Çeşme,Alaçatı Mah.,4,2
22500,60,4,2,İzmir,Menemen,Uğur Mumcu Mah.,2,1
32500,100,6,3,İzmir,Çiğli,Balatçık Mah.,2,1
26000,50,4,3,İzmir,Çiğli,Balatçık Mah.,1,1
99000,220,15,5,İzmir,Bornova,Erzene Mah.,4,1
46000,140,32,3,İzmir,Balçova,Onur Mah.,2,1
43500,63,0,3,İzmir,Çiğli,Ataşehir Mah.,1,1
35000,136,31,4,İzmir,Karşıyaka,Bahriye Üçok Mah.,3,1
30000,115,11,4,İzmir,Karabağlar,Bahar Mah.,3,1
36500,138,6,4,İzmir,Karabağlar,Kazım Karabekir Mah.,3,1
30000,120,31,3,İzmir,Karabağlar,Arap Hasan Mah.,3,1
33000,120,26,1,İzmir,Bornova,Atatürk Mah.,3,1
24500,55,5,1,İzmir,Çiğli,Balatçık Mah.,1,1
18000,90,5,1,İzmir,Karabağlar,Refet Bele Mah.,1,1
35000,75,5,1,İzmir,Karşıyaka,Bahriye Üçok Mah.,2,1
72000,145,3,2,İzmir,Menemen,Villakent Mah.,3,1
87000,160,0,7,İzmir,Konak,Umurbey Mah.,3,1
27000,130,30,5,İzmir,Selçuk,Atatürk Mah.,3,1
80000,200,26,12,İzmir,Karşıyaka,Mavişehir Mah.,4,1
145000,240,5,2,İzmir,Urla,Rüstem Mah.,3,1
34000,90,5,4,İzmir,Karşıyaka,Şemikler Mah.,2,1
38000,145,30,5,İzmir,Karşıyaka,Aksoy Mah.,3,1
50000,145,17,3,İzmir,Çiğli,Ataşehir Mah.,3,1
40000,146,11,1,İzmir,Balçova,Eğitim Mah.,3,1
35000,120,35,7,İzmir,Bornova,Kazımdirik Mah.,3,1
29000,90,6,2,İzmir,Karabağlar,Bozyaka Mah.,2,1
80000,134,19,10,İzmir,Karşıyaka,Yalı Mah.,3,1
24500,75,6,2,İzmir,Menemen,Gazi Mustafa Kemal Mah.,2,1
60000,75,6,5,İzmir,Bornova,Kazımdirik Mah.,2,1
29000,50,0,3,İzmir,Çiğli,Şirintepe Mah.,1,1
22000,75,5,4,İzmir,Karabağlar,Bahçelievler Mah.,2,1
30000,85,6,2,İzmir,Karaburun,Mordoğan Mah.,2,1
26000,78,1,3,İzmir,Dikili,Salimbey Mah.,2,1
32500,120,6,2,İzmir,Seferihisar,Çolak İbrahim Bey Mah.,3,1
22000,60,6,4,İzmir,Buca,Kuruçeşme Mah.,1,1
22000,60,5,0,İzmir,Selçuk,14 Mayıs Mah.,1,1
8000,60,30,1,İzmir,Konak,İsmet Paşa Mah.,2,1
25000,110,31,4,İzmir,Bayraklı,Bayraklı Mah.,3,1
37000,165,35,4,İzmir,Karşıyaka,Alaybey Mah.,4,2
30000,135,21,3,İzmir,Bornova,Atatürk Mah.,3,1
34000,140,5,4,İzmir,Torbalı,İnönü Mah.,3,1
18000,90,5,1,İzmir,Torbalı,Fevzi Çakmak Mah.,2,1
23000,60,3,3,İzmir,Seferihisar,Camikebir Mah.,1,1
25000,100,31,1,İzmir,Karabağlar,Kazım Karabekir Mah.,2,1
32000,105,32,3,İzmir,Karşıyaka,Tersane Mah.,3,1
30000,130,15,4,İzmir,Çiğli,Küçük Çiğli Mah.,3,1
29000,100,14,3,İzmir,Çiğli,Balatçık Mah.,2,1
20000,100,16,1,İzmir,Buca,Çamlıpınar Mah.,2,1
75000,210,18,4,İzmir,Karabağlar,Muammer Akar Mah.,4,1
44000,130,26,3,İzmir,Karabağlar,Arap Hasan Mah.,3,1
30000,130,11,1,İzmir,Çiğli,Yeni Mahalle Mah.,3,1
25000,55,11,3,İzmir,Karabağlar,Gülyaka Mah.,1,1
25000,90,33,3,İzmir,Konak,Piri Reis Mah.,2,1
35000,140,5,5,İzmir,Karabağlar,Reis Mah.,3,1
30000,132,0,3,İzmir,Tire,Toki Mah.,3,1
18500,70,5,2,İzmir,Buca,Atatürk Mah.,1,1
30000,130,0,6,İzmir,Menemen,Esatpaşa Mah.,3,1
23000,80,11,2,İzmir,Buca,Mustafa Kemal Mah.,2,1
35000,80,6,1,İzmir,Karşıyaka,Yalı Mah.,2,1
31000,90,31,1,İzmir,Konak,Akın Simav Mah.,2,1
30000,110,16,3,İzmir,Bornova,İnönü Mah.,2,1
50000,110,35,4,İzmir,Karabağlar,Üçkuyular Mah.,2,1
35000,145,38,5,İzmir,Konak,Atilla Mah.,3,1
30000,135,16,3,İzmir,Karabağlar,Ali Fuat Cebesoy Mah.,3,1
18000,90,31,0,İzmir,Konak,Mersinli Mah.,2,1
40000,135,25,4,İzmir,Balçova,Onur Mah.,3,1
52500,120,1,1,İzmir,Güzelbahçe,Yelki Mah.,3,1
120000,175,5,3,İzmir,Bayraklı,Osmangazi Mah.,4,1
32000,95,30,6,İzmir,Bornova,Ergene Mah.,2,1
30000,150,38,3,İzmir,Balçova,Onur Mah.,3,1
30000,140,35,-2,İzmir,Balçova,Eğitim Mah.,3,1
40000,125,31,2,İzmir,Konak,Kemal Reis Mah.,3,1
26000,85,0,2,İzmir,Buca,Yaylacık Mah.,2,1
50000,150,35,1,İzmir,Karabağlar,Esenyalı Mah.,3,1
25000,85,45,1,İzmir,Karabağlar,Basın Sitesi Mah.,2,1
37500,90,31,4,İzmir,Balçova,Teleferik Mah.,2,1
32500,45,7,0,İzmir,Urla,Gülbahçe Mah.,1,1
20000,40,0,-1,İzmir,Seferihisar,Çolak İbrahim Bey Mah.,1,1
25000,50,0,3,İzmir,Karşıyaka,İmbatlı Mah.,1,1
38000,130,21,4,İzmir,Buca,Güven Mah.,3,1
24000,85,8,3,İzmir,Karşıyaka,Zübeyde Hanım Mah.,2,1
30000,75,32,0,İzmir,Konak,Kılıç Reis Mah.,2,1
30000,75,6,0,İzmir,Konak,Kahramanlar Mah.,1,1
21000,46,1,3,İzmir,Menemen,9 Eylül Mah.,1,1
32000,90,30,1,İzmir,Balçova,Fevzi Çakmak Mah.,2,1
14000,90,30,2,İzmir,Karabağlar,Gülyaka Mah.,2,1
25000,60,3,1,İzmir,Menemen,85. Yıl Cumhuriyet Mah.,1,1
45000,120,21,2,İzmir,Bornova,Erzene Mah.,3,1
38000,130,31,6,İzmir,Bornova,Kazımdirik Mah.,3,1
20000,70,6,2,İzmir,Buca,Kozağaç Mah.,1,1
58000,140,16,2,İzmir,Konak,Güzelyalı Mah.,3,1
40000,60,6,15,İzmir,Bornova,Yeşilova Mah.,1,1
42500,150,21,3,İzmir,Urla,Çamlıçay Mah.,2,1
26000,110,1,3,İzmir,Torbalı,Pancar Mah.,2,1
26000,90,0,1,İzmir,Torbalı,Torbalı Mah.,2,1
42000,43,2,6,İzmir,Bornova,Kazımdirik Mah.,1,1
29000,150,20,2,İzmir,Menderes,Gümüldür Fevzi Çakmak Mah.,3,1
45000,125,26,0,İzmir,Aliağa,Çakmaklı Mah.,3,1
27500,55,5,2,İzmir,Çiğli,Balatçık Mah.,1,1
20000,100,15,0,İzmir,Bornova,Serintepe Mah.,2,1
33000,130,11,1,İzmir,Tire,Adnan Menderes Mah.,3,1
35000,105,30,2,İzmir,Karabağlar,Bahçelievler Mah.,2,1
27000,135,26,8,İzmir,Buca,Buca Koop. Mah.,3,1
25000,110,0,2,İzmir,Torbalı,Torbalı Mah.,2,1
18000,85,11,0,İzmir,Torbalı,Ayrancılar Mah.,2,1
25000,100,11,1,İzmir,Seferihisar,Hıdırlık Mah.,1,1
27500,70,11,3,İzmir,Buca,Adatepe Mah.,2,1
29000,75,31,4,İzmir,Karşıyaka,Tuna Mah.,2,1
17000,95,26,8,İzmir,Torbalı,Cumhuriyet Mah.,2,1
35000,135,4,6,İzmir,Menemen,Irmak Mah.,3,1
28000,85,6,2,İzmir,Dikili,Gazipaşa Mah.,2,1
25000,83,0,3,İzmir,Menemen,Atatürk Mah.,2,1
56000,170,11,2,İzmir,Dikili,Çandarlı Mah.,4,1
33000,100,26,7,İzmir,Bayraklı,Mansuroğlu Mah.,3,1
30000,120,0,2,İzmir,Menemen,Atatürk Mah.,3,1
19500,60,3,2,İzmir,Seferihisar,Turabiye Mah.,1,1
1900,150,5,3,İzmir,Bornova,Yunus Emre Mah.,3,1
65000,145,6,1,İzmir,Güzelbahçe,Yelki Mah.,3,1
39000,65,5,4,İzmir,Güzelbahçe,Yelki Mah.,2,1
32000,80,2,1,İzmir,Seferihisar,Çolak İbrahim Bey Mah.,2,1
15000,220,1,2,İzmir,Çeşme,Germiyan Mah.,4,1
30000,72,16,0,İzmir,Çiğli,Ataşehir Mah.,1,1
48000,123,0,4,İzmir,Menderes,Barbaros Mah.,3,1
25000,180,6,2,İzmir,Torbalı,Fevzi Çakmak Mah.,3,1
80000,165,16,2,İzmir,Güzelbahçe,Yalı Mah.,3,1
30000,145,5,0,İzmir,Foça,Kazım Dirik Mah.,3,1
35000,100,21,2,İzmir,Karaburun,Tepeboz Mah.,3,1
35000,140,31,4,İzmir,Konak,Murat Reis Mah.,3,1
120000,220,3,0,İzmir,Urla,Kalabak Mah.,4,1
22000,130,21,3,İzmir,Ödemiş,Süleyman Demirel Mah.,3,1
80000,170,0,2,İzmir,Foça,Cumhuriyet Mah.,6,1
100000,105,11,0,İzmir,Karaburun,Küçükbahçe Mah.,3,1
34000,100,8,7,İzmir,Çiğli,İnönü Mah.,1,1
250000,380,16,0,İzmir,Urla,Kalabak Mah.,5,2
41000,110,6,3,İzmir,Menderes,Barbaros Mah.,2,1
26000,160,2,3,İzmir,Torbalı,Tepeköy Mah.,3,1
41000,135,20,5,İzmir,Bayraklı,Tepekule Mah.,3,1
140000,170,21,2,İzmir,Menderes,Özdere Cumhuriyet Mah.,3,1
27500,145,11,2,İzmir,Torbalı,Ertuğrul Mah.,3,1
37000,100,25,3,İzmir,Gaziemir,Gazikent Mah.,2,1
45000,117,25,9,İzmir,Çiğli,Yakakent Mah.,3,1
85000,180,2,0,İzmir,Seferihisar,Çolak İbrahim Bey Mah.,4,1
23000,75,6,2,İzmir,Karabağlar,Selvili Mah.,2,1
95000,180,30,2,İzmir,Narlıdere,Limanreis Mah.,3,1
42000,115,6,2,İzmir,Menemen,9 Eylül Mah.,3,1
22500,48,4,1,İzmir,Çiğli,Ahmet Efendi Mah.,1,0
18000,90,31,3,İzmir,Bayraklı,Tepekule Mah.,2,1
30000,110,6,4,İzmir,Menemen,Ulus Mah.,2,1
19000,120,11,1,İzmir,Menemen,Kemal Atatürk Mah.,2,1
32000,70,21,2,İzmir,Dikili,Çandarlı Mah.,2,1
50000,74,31,5,İzmir,Konak,Yeşiltepe Mah.,1,0
28000,55,2,9,İzmir,Buca,Adatepe Mah.,1,1
19000,65,0,4,İzmir,Torbalı,Türkmenköy Mah.,1,1
65000,145,5,5,İzmir,Karşıyaka,Bahçelievler Mah.,3,1
28000,80,10,3,İzmir,Konak,Kahramanlar Mah.,2,1
125000,90,40,0,İzmir,Çeşme,Boyalık Mah.,2,1
45000,135,25,4,İzmir,Karşıyaka,Bostanlı Mah.,3,1
40000,130,31,3,İzmir,Karşıyaka,Bostanlı Mah.,3,1
65000,160,16,7,İzmir,Narlıdere,Atatürk Mah.,3,1
23000,55,11,2,İzmir,Çiğli,Balatçık Mah.,1,1
18000,115,28,4,İzmir,Ödemiş,Cumhuriyet Mah.,3,1
35000,110,10,3,İzmir,Buca,Kozağaç Mah.,3,1
33000,110,35,1,İzmir,Bornova,Kazımdirik Mah.,3,1
32000,85,0,3,İzmir,Seferihisar,Hıdırlık Mah.,3,1
23000,125,21,3,İzmir,Bornova,Rafet Paşa Mah.,2,1
16000,60,7,3,İzmir,Menemen,Gazi Mustafa Kemal Mah.,1,1
120000,170,6,2,İzmir,Urla,İçmeler Mah.,3,1
28000,80,21,1,İzmir,Bornova,Evka 4 Mah.,2,1
35000,115,31,2,İzmir,Karabağlar,Esenyalı Mah.,3,1
28500,90,6,1,İzmir,Konak,Kılıç Reis Mah.,2,1
24500,75,0,2,İzmir,Menemen,29 Ekim Mah.,2,1
45000,300,4,2,İzmir,Buca,Kaynaklar Merkez Mah.,2,1
23000,56,5,1,İzmir,Buca,Atatürk Mah.,1,1
24000,125,0,1,İzmir,Torbalı,Torbalı Mah.,3,1
80000,65,4,2,İzmir,Çeşme,Ilıca Mah.,1,1
43000,155,25,4,İzmir,Bayraklı,Manavkuyu Mah.,3,1
37000,91,9,5,İzmir,Bornova,Mevlana Mah.,2,1
36000,110,7,1,İzmir,Karşıyaka,Dedebaşı Mah.,2,1
40000,70,5,1,İzmir,Balçova,Eğitim Mah.,2,1
160000,145,0,5,İzmir,Karşıyaka,Bostanlı Mah.,3,1
55000,50,4,21,İzmir,Konak,Halkapınar Mah.,1,1
36000,158,10,-1,İzmir,Konak,Barbaros Mah.,3,1
24000,90,11,1,İzmir,Karabağlar,Sevgi Mah.,2,1
72000,145,3,2,İzmir,Menemen,Villakent Mah.,3,1
27500,46,0,21,İzmir,Bornova,Yeşilova Mah.,1,0
18000,121,26,2,İzmir,Çiğli,Güzeltepe Mah.,3,1
46000,120,31,1,İzmir,Karşıyaka,Bostanlı Mah.,3,1
80000,147,0,3,İzmir,Çiğli,Sasallı Merkez Mah.,3,1
45000,135,16,5,İzmir,Karabağlar,Bahçelievler Mah.,3,1
62000,180,5,2,İzmir,Karşıyaka,Dedebaşı Mah.,3,1
40000,127,31,5,İzmir,Bayraklı,Manavkuyu Mah.,3,1
35000,140,25,4,İzmir,Bornova,Kazımdirik Mah.,3,1
35000,135,18,0,İzmir,Selçuk,Atatürk Mah.,3,1
26000,100,11,4,İzmir,Karabağlar,Ali Fuat Cebesoy Mah.,2,1
70000,85,6,5,İzmir,Bornova,Kazımdirik Mah.,2,1
48000,66,3,21,İzmir,Konak,Halkapınar Mah.,1,1
650000,140,30,2,İzmir,Çeşme,Alaçatı Mah.,3,1
24000,50,6,2,İzmir,Buca,Adatepe Mah.,1,1
26000,115,31,4,İzmir,Konak,Turgut Reis Mah.,2,1
30000,115,11,4,İzmir,Karabağlar,Bahar Mah.,3,1
28000,55,0,3,İzmir,Menemen,İstiklal Mah.,1,1
28000,128,31,3,İzmir,Karşıyaka,Zübeyde Hanım Mah.,3,1
21000,55,9,2,İzmir,Buca,Atatürk Mah.,1,1
27000,90,31,2,İzmir,Konak,Barbaros Mah.,2,1
35000,130,5,0,İzmir,Karabağlar,General Kazım Özalp Mah.,3,1
16500,145,25,0,İzmir,Bergama,Zafer Mah.,4,1
27500,65,2,2,İzmir,Seferihisar,Çolak İbrahim Bey Mah.,1,1
30000,105,6,4,İzmir,Kemalpaşa,Ulucak İstiklal Mah.,2,1
40000,120,31,3,İzmir,Balçova,Korutürk Mah.,3,1
25000,140,26,3,İzmir,Karabağlar,Yunus Emre Mah.,3,1
30000,110,21,0,İzmir,Dikili,İsmetpaşa Mah.,2,1
47000,110,2,4,İzmir,Buca,Yenigün Mah.,2,1
25000,80,25,1,İzmir,Buca,Gaziler Mah.,2,1
50000,240,21,1,İzmir,Seferihisar,Atatürk Mah.,4,2
26000,50,5,3,İzmir,Buca,Şirinkapı Mah.,1,1
35000,100,6,2,İzmir,Torbalı,Muratbey Mah.,2,1
35000,150,21,5,İzmir,Buca,Buca Koop. Mah.,3,1
85000,150,6,2,İzmir,Seferihisar,Düzce Mah.,3,1
25000,50,0,4,İzmir,Seferihisar,Camikebir Mah.,1,1
14000,85,31,2,İzmir,Menemen,Atatürk Mah.,2,1
20000,55,6,2,İzmir,Buca,Atatürk Mah.,1,1
52000,230,6,2,İzmir,Seferihisar,Akarca Mah.,4,1
24000,100,25,5,İzmir,Bornova,Atatürk Mah.,1,1
105000,242,0,2,İzmir,Çeşme,Reisdere Mah.,7,1
30000,55,6,3,İzmir,Torbalı,Yedi Eylül Mah.,1,1
32000,150,6,2,İzmir,Seferihisar,Çolak İbrahim Bey Mah.,3,1
18500,43,1,2,İzmir,Dikili,Çandarlı Mah.,1,1
38000,75,6,2,İzmir,Güzelbahçe,Yelki Mah.,2,1
57500,115,5,2,İzmir,Güzelbahçe,Maltepe Mah.,3,1
11000,120,6,2,İzmir,Çeşme,Reisdere Mah.,3,1
30000,140,21,2,İzmir,Menderes,Çukuraltı Mah.,3,1
42000,164,0,3,İzmir,Ödemiş,Süleyman Demirel Mah.,4,1
55000,157,11,6,İzmir,Çiğli,Ataşehir Mah.,3,1
29999,50,6,6,İzmir,Bornova,Kazımdirik Mah.,1,0
35000,130,21,3,İzmir,Buca,Kuruçeşme Mah.,3,1
29500,130,5,4,İzmir,Torbalı,Ertuğrul Mah.,3,1
54000,120,6,4,İzmir,Güzelbahçe,Mustafa Kemal Paşa Mah.,3,1
37000,130,11,3,İzmir,Menderes,Cüneytbey Mah.,3,1
155000,260,21,3,İzmir,Urla,Yenikent Mah.,3,1
23000,60,0,2,İzmir,Seferihisar,Çolak İbrahim Bey Mah.,1,1
22000,105,31,3,İzmir,Menemen,Esatpaşa Mah.,3,1
55000,100,6,2,İzmir,Çeşme,Musalla Mah.,2,1
160000,130,21,0,İzmir,Seferihisar,Cumhuriyet Mah.,3,1
32000,90,31,2,İzmir,Karabağlar,Fahrettin Altay Mah.,3,1
135000,150,2,2,İzmir,Urla,Denizli Mah.,3,1
60000,98,11,4,İzmir,Bayraklı,Mansuroğlu Mah.,1,1
20000,95,25,5,İzmir,Konak,Kılıç Reis Mah.,2,1
26500,130,29,4,İzmir,Karabağlar,Doğanay Mah.,3,1
40000,70,6,2,İzmir,Güzelbahçe,Mustafa Kemal Paşa Mah.,2,1
39500,64,0,21,İzmir,Bornova,Yeşilova Mah.,1,1
21000,105,16,5,İzmir,Menemen,Zeytinlik Mah.,2,1
118000,280,16,6,İzmir,Narlıdere,Yenikale Mah.,4,1
32000,90,10,1,İzmir,Karşıyaka,Şemikler Mah.,2,1
50000,150,12,2,İzmir,Karşıyaka,Şemikler Mah.,3,1
25750,95,11,4,İzmir,Karabağlar,Gülyaka Mah.,2,1
23000,90,6,0,İzmir,Çiğli,Küçük Çiğli Mah.,2,1
31500,37,6,9,İzmir,Bornova,Kazımdirik Mah.,1,0
150000,260,20,14,İzmir,Konak,Alsancak Mah.,4,1
30000,45,37,6,İzmir,Karşıyaka,Atakent Mah.,1,1
32500000,135,25,4,İzmir,Buca,Yiğitler Mah.,3,1
25000,45,5,2,İzmir,Buca,Yıldız Mah.,1,1
35000,90,26,3,İzmir,Balçova,Onur Mah.,2,1
22000,65,26,1,İzmir,Bayraklı,Tepekule Mah.,1,1
35000,100,31,1,İzmir,Konak,Mimar Sinan Mah.,3,1
30000,130,5,1,İzmir,Karabağlar,Vatan Mah.,3,1
40000,130,21,5,İzmir,Bornova,Erzene Mah.,3,1
35000,100,31,1,İzmir,Karabağlar,Esenyalı Mah.,2,1
22500,55,5,2,İzmir,Buca,Adatepe Mah.,1,1
27000,150,21,4,İzmir,Bayraklı,R. Şevket İnce Mah.,3,1
20000,100,16,0,İzmir,Konak,Akın Simav Mah.,2,1
28000,58,11,2,İzmir,Bornova,Mevlana Mah.,1,1
18500,27,30,1,İzmir,Karabağlar,Arap Hasan Mah.,1,0
42000,145,20,2,İzmir,Karşıyaka,Bahçelievler Mah.,3,1
35000,130,16,1,İzmir,Buca,Barış Mah.,3,1
53000,175,31,4,İzmir,Konak,Mimar Sinan Mah.,3,1
25000,110,15,3,İzmir,Selçuk,14 Mayıs Mah.,3,1
38000,135,4,6,İzmir,Torbalı,Ertuğrul Mah.,3,1
25000,90,35,3,İzmir,Konak,Atilla Mah.,2,1
18000,120,26,4,İzmir,Karabağlar,Doğanay Mah.,3,1
70000,130,31,5,İzmir,Konak,Alsancak Mah.,3,1
33000,120,25,4,İzmir,Karşıyaka,Yalı Mah.,3,1
85000,125,0,5,İzmir,Karşıyaka,Bostanlı Mah.,3,1
30000,100,6,2,İzmir,Konak,Atilla Mah.,2,1
20000,85,1,2,İzmir,Ödemiş,Kuvvetli Mah.,1,1
30000,85,35,0,İzmir,Aliağa,Çakmaklı Mah.,2,1
30000,70,3,2,İzmir,Karabağlar,Vatan Mah.,2,1
26000,35,5,2,İzmir,Bornova,Kazımdirik Mah.,1,0
40000,68,16,14,İzmir,Karşıyaka,Mavişehir Mah.,1,1
36500,140,28,4,İzmir,Karşıyaka,Bahçelievler Mah.,3,1
28000,100,24,3,İzmir,Buca,Güven Mah.,2,1
28000,115,30,4,İzmir,Bornova,Ergene Mah.,3,1
22000,55,1,1,İzmir,Buca,Hürriyet Mah.,1,1
25000,190,25,3,İzmir,Ödemiş,Anafartalar Mah.,3,1
30000,120,35,3,İzmir,Konak,Çankaya Mah.,3,1
19000,110,21,2,İzmir,Bayraklı,R. Şevket İnce Mah.,2,1
52000,110,1,2,İzmir,Güzelbahçe,Yelki Mah.,2,1
31500,75,2,0,Aydın,Kuşadası,İkiçeşmelik Mah.,1,1
27000,57,10,0,Aydın,Kuşadası,Türkmen Mah.,1,1
57500,260,4,3,Aydın,Efeler,Mimar Sinan Mah.,5,1
28000,90,0,2,Aydın,Efeler,Zafer Mah.,2,1
47000,200,15,5,Aydın,Efeler,Girne Mah.,4,1
50000,125,1,2,Aydın,Kuşadası,Değirmendere Mah.,2,1
30000,145,29,3,Aydın,Kuşadası,Cumhuriyet Mah.,3,1
20000,90,0,1,Aydın,Çine,Hamitabat Mah.,2,0
30000,58,1,2,Aydın,Kuşadası,Cumhuriyet Mah.,1,1
25000,150,11,0,Aydın,Didim,Hisar Mah.,3,1
45000,75,1,0,Aydın,Kuşadası,Türkmen Mah.,1,1
35000,100,8,3,Aydın,Kuşadası,İkiçeşmelik Mah.,2,1
37000,110,7,0,Aydın,Didim,Yeni Mah.,3,1
70000,300,8,5,Aydın,Efeler,Efeler Mah.,6,1
25000,74,2,3,Aydın,Kuşadası,İkiçeşmelik Mah.,2,1
42000,175,6,5,Aydın,Nazilli,Zafer Mah.,3,1
22500,90,6,1,Aydın,Söke,Çeltikçi Mah.,2,1
40000,210,26,4,Aydın,Söke,Atatürk Mah.,4,1
25000,100,5,2,Aydın,Efeler,İstiklal Mah.,2,1
27000,100,38,5,Aydın,Kuşadası,Kadınlar Denizi Mah.,2,1
22000,70,0,3,Aydın,Efeler,Güzelhisar Mah.,2,0
28000,65,10,3,Aydın,Kuşadası,Cumhuriyet Mah.,1,1
18000,65,10,1,Aydın,Efeler,Güzelhisar Mah.,2,0
31000,170,15,1,Aydın,Efeler,Hasanefendi - Ramazan Paşa Mah.,4,1
40000,180,6,1,Aydın,Efeler,Efeler Mah.,3,1
38000,85,6,4,Aydın,Didim,Altınkum Mah.,2,1
27000,110,30,1,Aydın,Kuşadası,Alacamescit Mah.,2,1
40000,250,15,2,Aydın,Kuşadası,Değirmendere Mah.,3,1
30000,84,6,1,Aydın,Didim,Hisar Mah.,2,1
12000,55,7,5,Aydın,Nazilli,İsabeyli Mah.,1,1
18000,100,39,1,Aydın,Efeler,Kurtuluş Mah.,2,1
20000,150,35,5,Aydın,Kuşadası,Camikebir Mah.,3,1
14000,50,6,1,Aydın,Efeler,Orta Mah.,1,1
20000,60,10,1,Aydın,Efeler,Zafer Mah.,1,1
52000,170,6,3,Aydın,Efeler,Kemer Mah.,3,1
18000,125,25,1,Aydın,Efeler,Güzelhisar Mah.,3,1
25000,95,15,1,Aydın,Didim,Yeni Mah.,2,1
18000,90,4,1,Aydın,İncirliova,İstiklal Mah.,2,1
120000,221,3,2,Aydın,Kuşadası,Soğucak Mah.,6,1
40000,210,6,3,Aydın,Efeler,Kemer Mah.,4,1
4500,92,26,2,Aydın,Didim,Hisar Mah.,2,1
39000,140,6,3,Aydın,Efeler,Girne Mah.,3,1
25000,70,16,1,Aydın,Kuşadası,Cumhuriyet Mah.,2,1
29500,65,5,3,Aydın,Kuşadası,Değirmendere Mah.,2,1
25000,130,16,1,Aydın,Efeler,Cumhuriyet Mah.,3,1
27000,100,16,5,Aydın,Kuşadası,Değirmendere Mah.,2,1
13500,60,6,1,Aydın,Nazilli,İsabeyli Mah.,1,1
15000,45,10,1,Aydın,Efeler,Orta Mah.,1,1
12000,70,6,2,Aydın,Nazilli,İsabeyli Mah.,2,0
34000,75,5,3,Aydın,Kuşadası,Türkmen Mah.,1,1
38500,100,16,3,Aydın,Kuşadası,Değirmendere Mah.,2,1
50000,220,15,7,Aydın,Efeler,Girne Mah.,3,1
30000,62,7,3,Aydın,Efeler,Efeler Mah.,1,1
30000,125,0,3,Aydın,Kuşadası,Güzelçamlı Mah.,2,1
30000,95,6,3,Aydın,Kuşadası,Davutlar Mah.,2,1
17250,130,25,4,Aydın,Efeler,Cumhuriyet Mah.,3,1
100000,350,3,2,Aydın,Kuşadası,Karaova Mah.,4,1
50000,280,6,5,Aydın,Söke,Yenikent Mah.,3,2
22000,85,6,3,Aydın,Kuşadası,Davutlar Mah.,2,1
20000,130,30,5,Aydın,Efeler,Güzelhisar Mah.,3,1
19000,55,6,3,Aydın,Efeler,Orta Mah.,1,1
40000,100,9,2,Aydın,Didim,Altınkum Mah.,3,1
57000,140,0,4,Aydın,Kuşadası,Hacıfeyzullah Mah.,3,1
28500,65,2,1,Aydın,Didim,Akbük Mah.,1,1
25000,70,6,1,Aydın,Efeler,Zafer Mah.,1,1
19000,45,0,1,Aydın,Söke,Kemalpaşa Mah.,1,1
62500,150,3,2,Aydın,Didim,Akbük Mah.,3,1
50000,245,16,5,Aydın,Kuşadası,Türkmen Mah.,1,1
68000,140,31,0,Aydın,Kuşadası,Kadınlar Denizi Mah.,3,1
100000,179,14,2,Aydın,Kuşadası,Kadınlar Denizi Mah.,5,1
21500,60,3,0,Aydın,Kuşadası,Karaova Mah.,1,0
51000,229,17,2,Aydın,Kuşadası,Güzelçamlı Mah.,4,1
50000,180,11,2,Aydın,Didim,Cumhuriyet Mah.,3,1
30000,100,25,5,Aydın,Kuşadası,İkiçeşmelik Mah.,2,1
40000,140,21,2,Aydın,Kuşadası,Kadınlar Denizi Mah.,2,1
53000,120,0,5,Aydın,Kuşadası,Kadınlar Denizi Mah.,2,1
20000,78,0,3,Aydın,Çine,Soğancılar Mah.,2,1
25000,60,6,0,Aydın,Kuşadası,Davutlar Mah.,1,1
30000,155,6,6,Aydın,İncirliova,Cumhuriyet Mah.,3,1
26000,105,16,3,Aydın,Efeler,Girne Mah.,3,1
28000,100,3,4,Aydın,Kuşadası,Ege Mah.,2,1
40000,130,25,2,Aydın,Kuşadası,Bayraklıdede Mah.,5,1
50000,200,10,3,Aydın,Efeler,Tepecik Mah.,3,1
16500,90,25,2,Aydın,Efeler,Güzelhisar Mah.,2,1
22000,90,4,4,Aydın,Kuşadası,Davutlar Mah.,2,1
40000,110,25,0,Aydın,Kuşadası,Türkmen Mah.,2,1
25000,75,0,2,Aydın,Efeler,Ata Mah.,2,1
30000,140,20,4,Aydın,Efeler,Kurtuluş Mah.,2,1
28000,135,30,5,Aydın,Efeler,Yedi Eylül Mah.,3,1
35000,150,21,5,Aydın,Efeler,Güzelhisar Mah.,3,1
25000,99,5,4,Aydın,İncirliova,Cumhuriyet Mah.,3,1
80000,140,3,2,Aydın,Kuşadası,Karaova Mah.,4,1
40000,130,0,2,Aydın,Kuşadası,Güzelçamlı Mah.,3,1
26000,90,4,3,Aydın,Efeler,Meşrutiyet Mah.,2,1
20000,80,8,5,Aydın,Efeler,Zafer Mah.,2,1
23000,50,3,2,Aydın,Kuşadası,Davutlar Mah.,2,1
27500,69,3,1,Aydın,Didim,Akbük Mah.,1,1
19000,50,4,2,Aydın,Efeler,Zafer Mah.,1,1
17000,70,10,3,Aydın,Nazilli,İsabeyli Mah.,2,0
26000,90,0,5,Aydın,Söke,Konak Mah.,2,1
28000,95,10,1,Aydın,Efeler,Girne Mah.,2,1
20000,75,9,3,Aydın,Efeler,Orta Mah.,2,1
27500,140,20,4,Aydın,Efeler,Meşrutiyet Mah.,3,1
14500,22,3,0,Aydın,Kuşadası,Karaova Mah.,1,1
26000,85,4,3,Aydın,Kuşadası,Değirmendere Mah.,2,1
27500,70,6,4,Aydın,Efeler,Zafer Mah.,2,1
280000,100,15,3,Aydın,Didim,Altınkum Mah.,2,1
30000,89,1,4,Aydın,Kuşadası,Değirmendere Mah.,1,1
30000,180,26,3,Aydın,Efeler,Yedi Eylül Mah.,4,1
35000,100,8,1,Aydın,Kuşadası,Değirmendere Mah.,3,1
25000,50,6,2,Aydın,Söke,Yenikent Mah.,1,1
25000,130,26,4,Aydın,Efeler,Zafer Mah.,3,1
30000,95,8,3,Aydın,Kuşadası,Davutlar Mah.,2,1
19500,110,35,3,Aydın,Efeler,Fatih Mah.,3,1
25000,95,30,4,Aydın,Efeler,Meşrutiyet Mah.,2,0
17000,85,8,1,Aydın,Efeler,Orta Mah.,2,1
45000,195,15,3,Aydın,Efeler,Cuma Mah.,5,1
16000,50,10,3,Aydın,Efeler,Orta Mah.,1,10
15000,55,8,1,Aydın,Efeler,Zafer Mah.,1,1
23000,140,25,3,Aydın,Efeler,Efeler Mah.,3,1
40000,100,5,2,Aydın,Kuşadası,Kadınlar Denizi Mah.,2,1
13200,60,6,3,Aydın,Nazilli,İsabeyli Mah.,1,1
22500,50,12,1,Aydın,Didim,Efeler Mah.,1,1
25000,150,8,2,Aydın,Nazilli,Yeşil Mah.,3,1
22000,105,7,1,Aydın,Nazilli,Yeşil Mah.,2,1
25000,140,22,4,Aydın,Efeler,Yedi Eylül Mah.,3,1
47500,150,3,1,Aydın,Didim,Akbük Mah.,3,1
45000,160,25,1,Aydın,Kuşadası,Bayraklıdede Mah.,3,1
14000,42,6,1,Aydın,Efeler,Orta Mah.,1,1
22000,50,6,5,Aydın,Efeler,Zafer Mah.,1,1
25000,55,5,0,Aydın,Kuşadası,Değirmendere Mah.,1,1
18000,50,6,3,Aydın,Efeler,Zafer Mah.,1,1
32000,60,1,4,Aydın,Efeler,Zafer Mah.,1,1
20000,50,5,3,Aydın,Çine,Şevketiye Mah.,1,1
16000,45,10,2,Aydın,Efeler,Orta Mah.,1,1
18000,130,46,4,Aydın,Efeler,Kurtuluş Mah.,3,1
23500,52,6,4,Aydın,Efeler,Zafer Mah.,1,1
30000,56,3,1,Aydın,Kuşadası,Cumhuriyet Mah.,1,1
14500,70,6,2,Aydın,Nazilli,İsabeyli Mah.,1,1
27000,150,4,1,Aydın,Germencik,Yedieylül Mah.,3,1
80000,489,15,2,Aydın,Kuşadası,Değirmendere Mah.,3,1
25000,160,25,5,Aydın,Efeler,Fatih Mah.,3,1
23000,90,5,1,Aydın,Efeler,Kurtuluş Mah.,2,1
28000,85,11,1,Aydın,Didim,Efeler Mah.,2,1
28000,125,30,3,Aydın,Efeler,Meşrutiyet Mah.,2,1
25000,55,6,1,Aydın,Kuşadası,Değirmendere Mah.,1,1
21000,135,25,3,Aydın,Efeler,Meşrutiyet Mah.,3,1
35000,145,16,1,Aydın,Söke,Atatürk Mah.,3,1
23000,110,2,2,Aydın,Nazilli,Aydoğdu Mah.,3,1
25000,90,16,2,Aydın,Didim,Akbük Mah.,1,1
22000,90,6,2,Aydın,Kuşadası,Davutlar Mah.,2,1
65000,300,3,2,Aydın,Kuşadası,Kadınlar Denizi Mah.,4,1
25000,60,1,1,Aydın,Kuşadası,İkiçeşmelik Mah.,1,1
20000,115,35,3,Aydın,Efeler,Zafer Mah.,3,1
21000,120,26,1,Aydın,Efeler,Hasanefendi - Ramazan Paşa Mah.,3,1
17000,200,26,3,Aydın,Çine,Hamitabat Mah.,2,1
22000,80,11,5,Aydın,Efeler,Kurtuluş Mah.,2,0
30000,85,26,1,Aydın,Kuşadası,Türkmen Mah.,2,1
25000,135,25,4,Aydın,Efeler,Efeler Mah.,3,1
35000,120,25,7,Aydın,Kuşadası,İkiçeşmelik Mah.,3,1
45000,140,6,2,Aydın,Kuşadası,Karaova Mah.,3,1
22000,50,16,0,Aydın,Kuşadası,Kadınlar Denizi Mah.,1,1
25000,85,18,3,Aydın,Didim,Cumhuriyet Mah.,2,1
35000,135,30,3,Aydın,Kuşadası,Türkmen Mah.,3,1
22000,130,26,2,Aydın,Söke,Atatürk Mah.,2,1
22000,90,21,0,Aydın,Kuşadası,Soğucak Mah.,2,1
25000,145,25,10,Aydın,Efeler,Güzelhisar Mah.,3,1
27000,1000,20,2,Aydın,Kuşadası,Camiatik Mah.,2,1
30000,80,0,1,Aydın,Didim,Hisar Mah.,2,1
40000,70,11,0,Aydın,Kuşadası,Türkmen Mah.,1,1
24000,70,6,2,Aydın,Söke,Yenikent Mah.,2,0
35000,120,5,2,Aydın,Efeler,Kemer Mah.,2,1
36000,170,15,6,Aydın,Efeler,Mimar Sinan Mah.,3,1
21000,65,8,3,Aydın,Efeler,Orta Mah.,1,1
22000,140,30,2,Aydın,Efeler,Meşrutiyet Mah.,3,1
50000,65,20,3,Aydın,Kuşadası,Türkmen Mah.,1,1
22000,110,21,1,Aydın,Efeler,Yedi Eylül Mah.,2,1
25000,125,16,3,Aydın,Efeler,Meşrutiyet Mah.,3,1
21000,68,26,2,Aydın,Kuşadası,İkiçeşmelik Mah.,2,1
25000,105,24,4,Aydın,Söke,Fevzipaşa Mah.,2,1
17000,110,31,1,Aydın,Çine,Şevketiye Mah.,3,1
21000,82,17,3,Aydın,Efeler,Zeybek Mah.,2,1
20000,60,6,3,Aydın,Söke,Yenikent Mah.,2,0
20000,55,9,1,Aydın,Efeler,Orta Mah.,1,1
25000,115,29,1,Aydın,Efeler,Zafer Mah.,2,1
18000,45,6,4,Aydın,Efeler,Zafer Mah.,1,1
30000,85,5,0,Aydın,Kuşadası,Değirmendere Mah.,2,1
25000,75,10,1,Aydın,Didim,Efeler Mah.,2,1
33000,160,21,3,Aydın,Efeler,Kurtuluş Mah.,3,1
22000,130,6,3,Aydın,Efeler,Ata Mah.,3,1
25000,120,26,4,Aydın,Efeler,Zafer Mah.,3,1
14000,120,25,5,Aydın,Efeler,Kurtuluş Mah.,2,1
25000,50,5,5,Aydın,Efeler,Güzelhisar Mah.,1,1
15000,53,7,4,Aydın,Efeler,Orta Mah.,1,1
16000,115,28,1,Aydın,Nazilli,Kurtuluş Mah.,2,1
18000,55,10,3,Aydın,Efeler,Kurtuluş Mah.,1,1
25000,62,6,3,Aydın,Kuşadası,Davutlar Mah.,1,1
18000,140,16,3,Aydın,Çine,Cumhuriyet Mah.,3,1
20000,52,8,3,Aydın,Efeler,Güzelhisar Mah.,1,1
33000,90,0,2,Aydın,Efeler,Osman Yozgatlı Mah.,2,1
75000,300,4,2,Aydın,Kuşadası,Soğucak Mah.,4,1
30000,60,0,3,Aydın,Efeler,Zafer Mah.,1,1
62000,130,3,2,Aydın,Kuşadası,Kadınlar Denizi Mah.,3,1
60000,300,18,5,Aydın,Kuşadası,Ege Mah.,5,1
30000,125,6,1,Aydın,Efeler,Kemer Mah.,3,1
42500,180,12,3,Aydın,Efeler,Mimar Sinan Mah.,3,1
27000,110,0,2,Aydın,Nazilli,Zafer Mah.,2,1
23000,90,0,1,Aydın,Efeler,Ata Mah.,2,1
65000,225,11,2,Aydın,Didim,Efeler Mah.,4,1
30000,72,11,2,Aydın,Didim,Hisar Mah.,2,1
52000,300,7,7,Aydın,Efeler,Adnan Menderes Mah.,5,1
12000,55,6,1,Aydın,Nazilli,Sümer Mah.,1,1
22000,70,7,1,Aydın,Efeler,Zafer Mah.,2,1
50000,90,6,6,Aydın,Kuşadası,Bayraklıdede Mah.,2,1
25000,50,12,5,Aydın,Kuşadası,Değirmendere Mah.,1,1
140000,400,3,2,Aydın,Kuşadası,Değirmendere Mah.,4,2
33000,150,16,3,Aydın,Didim,Akbük Mah.,3,1
60000,170,1,0,Aydın,Kuşadası,Değirmendere Mah.,3,1
57000,120,0,5,Aydın,Kuşadası,Kadınlar Denizi Mah.,2,1
20000,60,2,1,Aydın,Çine,Yeni Mah.,1,1
23000,60,0,3,Aydın,Efeler,Adnan Menderes Mah.,1,1
37000,130,29,0,Aydın,Didim,Çamlık Mah.,3,1
50000,200,18,2,Aydın,Kuşadası,Davutlar Mah.,5,1
27000,110,30,1,Aydın,Efeler,Mesudiye Mah.,2,1
17000,58,6,4,Aydın,Efeler,Orta Mah.,1,1
27000,110,21,5,Aydın,Kuşadası,Camiatik Mah.,2,1
55000,120,6,0,Aydın,Kuşadası,Soğucak Mah.,3,1
18000,130,25,3,Aydın,Nazilli,Pınarbaşı Mah.,3,1
28000,65,5,3,Aydın,Efeler,Zeybek Mah.,1,1
31000,160,6,8,Aydın,İncirliova,Cumhuriyet Mah.,3,1
34000,135,21,1,Aydın,Efeler,Mimar Sinan Mah.,3,1
24950,75,5,1,Aydın,Kuşadası,İkiçeşmelik Mah.,2,1
80000,300,1,0,Aydın,Kuşadası,Davutlar Mah.,3,1
22000,110,20,4,Aydın,Efeler,Ata Mah.,2,1
33000,140,16,3,Aydın,Didim,Yeni Mah.,3,1
26000,80,4,4,Aydın,Söke,Yenikent Mah.,2,1
100000,300,4,2,Aydın,Kuşadası,Güzelçamlı Mah.,4,1
35000,140,6,3,Aydın,Didim,Hisar Mah.,3,1
45000,119,16,1,Aydın,Didim,Akbük Mah.,2,1
35000,90,0,1,Aydın,Kuşadası,Güzelçamlı Mah.,2,1
35000,155,20,3,Aydın,Efeler,Cumhuriyet Mah.,3,1
24000,145,25,2,Aydın,Efeler,Güzelhisar Mah.,3,10
60000,320,0,2,Aydın,Nazilli,Dallıca Mah.,5,1
28000,90,20,5,Aydın,Kuşadası,Güzelçamlı Mah.,2,1
20000,200,26,0,Aydın,Kuşadası,Soğucak Mah.,2,1
30000,145,14,12,Aydın,Nazilli,İsabeyli Mah.,3,1
95000,250,18,2,Aydın,Kuşadası,Kadınlar Denizi Mah.,4,1
35000,140,26,6,Aydın,Efeler,Kurtuluş Mah.,3,1
22500,120,6,3,Aydın,Köşk,Çarşı Mah.,2,1
23000,75,6,1,Aydın,Efeler,Zafer Mah.,2,10
25000,110,8,3,Aydın,Efeler,Efeler Mah.,3,1
25000,125,8,2,Aydın,Kuşadası,Davutlar Mah.,3,1
60000,250,30,0,Aydın,Kuşadası,Yavansu Mah.,4,1
21000,70,6,5,Aydın,Efeler,Kurtuluş Mah.,2,0
30000,100,6,2,Aydın,Didim,Efeler Mah.,3,1
13000,125,40,0,Aydın,Nazilli,Yıldıztepe Mah.,3,0
18000,55,11,2,Aydın,Efeler,Cuma Mah.,1,1
19000,60,5,3,Aydın,Efeler,Zafer Mah.,2,0
43000,85,16,1,Aydın,Kuşadası,Türkmen Mah.,2,1
50000,90,1,2,Aydın,Kuşadası,Değirmendere Mah.,2,1
38000,130,6,3,Aydın,Didim,Yeni Mah.,3,1
21000,85,1,3,Aydın,Efeler,Kardeşköy Mah.,2,1
35000,220,21,2,Aydın,Didim,Yeni Mah.,5,1
20000,70,6,2,Aydın,Söke,Yenikent Mah.,1,1
23000,75,12,4,Aydın,Efeler,Orta Mah.,2,1
35000,130,28,7,Aydın,Efeler,Kurtuluş Mah.,3,1
51000,400,20,2,Aydın,Kuşadası,Karaova Mah.,3,1
13000,75,6,2,Aydın,Nazilli,İsabeyli Mah.,1,1
24000,85,0,0,Aydın,Germencik,Park Mah.,2,1
28500,70,6,5,Aydın,Kuşadası,İkiçeşmelik Mah.,1,1
38000,150,11,1,Aydın,Kuşadası,İkiçeşmelik Mah.,3,1
23000,55,10,5,Aydın,Efeler,Kurtuluş Mah.,1,1
15000,90,35,0,Aydın,Efeler,Kurtuluş Mah.,2,1
22000,85,0,0,Aydın,Kuşadası,İkiçeşmelik Mah.,2,1
35000,160,20,2,Aydın,Efeler,Cumhuriyet Mah.,3,1
80000,180,5,0,Aydın,Kuşadası,Değirmendere Mah.,3,1
50000,70,0,2,Aydın,Kuşadası,Kadınlar Denizi Mah.,1,1
25000,55,6,3,Aydın,Didim,Efeler Mah.,1,1
52500,175,2,4,Aydın,Efeler,Zeybek Mah.,3,1
20000,145,20,2,Aydın,Nazilli,Zafer Mah.,3,1
28000,60,6,6,Aydın,Efeler,Zafer Mah.,1,1
22000,170,15,3,Aydın,Çine,Karakollar Mah.,3,1
26000,130,2,3,Aydın,Germencik,Camikebir Mah.,3,1
12500,110,35,5,Aydın,Nazilli,Yeni Mah.,2,1
40000,190,16,3,Aydın,Didim,Cumhuriyet Mah.,4,1
70000,300,1,0,Aydın,Kuşadası,Davutlar Mah.,3,1
33500,100,6,4,Aydın,Kuşadası,İkiçeşmelik Mah.,2,1
35000,140,13,6,Aydın,Efeler,Ata Mah.,3,1
25000,90,10,1,Aydın,Söke,Çeltikçi Mah.,2,1
30000,95,12,3,Aydın,Didim,Efeler Mah.,2,1
27000,85,20,1,Aydın,Kuşadası,Güzelçamlı Mah.,1,1
38000,150,11,2,Aydın,Efeler,Girne Mah.,3,1
52500,160,11,8,Aydın,Efeler,Girne Mah.,3,1
25000,110,10,5,Aydın,Efeler,Güzelhisar Mah.,2,1
14200,60,6,2,Aydın,Nazilli,İsabeyli Mah.,1,1
35000,85,5,1,Aydın,Efeler,Girne Mah.,2,0
28000,130,11,2,Aydın,Efeler,Adnan Menderes Mah.,3,1
23000,80,0,2,Aydın,Efeler,Ata Mah.,2,0
17000,60,2,2,Aydın,Efeler,Cuma Mah.,1,1
27000,65,12,2,Aydın,Didim,Hisar Mah.,1,1
22500,55,11,2,Aydın,Efeler,Mesudiye Mah.,1,1
27000,85,6,2,Aydın,Kuşadası,Davutlar Mah.,2,1
50000,120,0,2,Aydın,Kuşadası,Kadınlar Denizi Mah.,3,1
38000,90,2,0,Aydın,Kuşadası,Hacıfeyzullah Mah.,2,1
26500,75,6,2,Aydın,Efeler,Zeybek Mah.,1,1
35000,50,40,5,Aydın,Kuşadası,Kadınlar Denizi Mah.,1,1
11000,120,29,5,Aydın,Efeler,Cumhuriyet Mah.,3,1
4750000,80,0,1,Aydın,Efeler,Girne Mah.,2,1
25000,150,28,5,Aydın,Efeler,Hasanefendi - Ramazan Paşa Mah.,3,1
17000,55,9,1,Aydın,Efeler,Orta Mah.,1,1
30000,180,37,2,Aydın,Didim,Altınkum Mah.,2,1
35000,70,8,3,Aydın,Kuşadası,Değirmendere Mah.,1,1
32000,90,11,2,Aydın,Didim,Akbük Mah.,2,1
11000,70,5,2,Aydın,Nazilli,İsabeyli Mah.,1,1
27000,100,26,4,Aydın,Kuşadası,Kadınlar Denizi Mah.,2,1
29500,65,6,1,Aydın,Efeler,Girne Mah.,1,1
30000,160,21,6,Aydın,Efeler,Mimar Sinan Mah.,3,1
45000,115,3,3,Aydın,Kuşadası,Hacıfeyzullah Mah.,3,1
47000,81,4,0,Aydın,Kuşadası,Kadınlar Denizi Mah.,1,1
28000,80,5,3,Aydın,Kuşadası,Değirmendere Mah.,2,1
18000,85,6,0,Aydın,Çine,Hamitabat Mah.,2,1
25000,150,30,5,Aydın,Efeler,Yedi Eylül Mah.,3,1
21000,65,3,4,Aydın,Kuşadası,İkiçeşmelik Mah.,1,1
125000,402,2,0,Aydın,Efeler,Kardeşköy Mah.,4,1
78000,700,6,1,Aydın,Efeler,Adnan Menderes Mah.,4,1
40000,75,12,0,Aydın,Kuşadası,İkiçeşmelik Mah.,2,1
28000,105,6,1,Aydın,Efeler,Güzelhisar Mah.,3,1
28000,155,7,0,Aydın,Nazilli,Zafer Mah.,3,1
30000,94,13,1,Aydın,Didim,Çamlık Mah.,2,0
27000,55,1,2,Aydın,Kuşadası,Bayraklıdede Mah.,1,1
25000,110,30,3,Aydın,Söke,Çeltikçi Mah.,2,1
32500,52,5,3,Aydın,Kuşadası,Değirmendere Mah.,1,1
27000,130,31,5,Aydın,Efeler,Cumhuriyet Mah.,3,1
25000,65,1,2,Aydın,Efeler,Zafer Mah.,1,1
27000,74,0,1,Aydın,Söke,Yenikent Mah.,2,1
13000,80,6,2,Aydın,Nazilli,Çapahasan Mah.,1,1
35000,154,14,3,Aydın,Kuşadası,Hacıfeyzullah Mah.,3,1
18500,55,6,1,Aydın,Efeler,Zafer Mah.,1,1
50000,230,14,5,Aydın,Kuşadası,Dağ Mah.,3,1
27000,90,13,3,Aydın,Didim,Hisar Mah.,2,1
65000,125,6,2,Aydın,Kuşadası,Değirmendere Mah.,3,1
15500,110,31,3,Aydın,Efeler,Cuma Mah.,2,1
36000,120,21,3,Aydın,Kuşadası,Hacıfeyzullah Mah.,3,1
30000,115,14,4,Aydın,Efeler,Meşrutiyet Mah.,2,1
44000,75,0,2,Aydın,Kuşadası,Kadınlar Denizi Mah.,1,1
25000,85,6,1,Aydın,Didim,Efeler Mah.,1,1
30000,130,16,3,Aydın,Kuşadası,Güzelçamlı Mah.,3,1
26000,150,10,2,Aydın,Nazilli,Yeşil Mah.,3,1
12500,55,9,1,Aydın,Nazilli,İsabeyli Mah.,1,1
45000,140,6,3,Aydın,Efeler,Efeler Mah.,3,1
35000,120,7,1,Aydın,Kuşadası,Değirmendere Mah.,3,1
26000,90,16,2,Aydın,Kuşadası,Kadınlar Denizi Mah.,2,1
32000,105,5,1,Aydın,Efeler,Ata Mah.,2,1
22000,90,3,4,Aydın,Kuşadası,Davutlar Mah.,2,1
40000,90,0,0,Aydın,Kuşadası,Hacıfeyzullah Mah.,2,1
75000,400,26,1,Aydın,Kuşadası,Kadınlar Denizi Mah.,3,2
18000,75,6,1,Aydın,Efeler,Orta Mah.,2,1
25000,50,10,3,Aydın,Didim,Efeler Mah.,1,1
32000,150,0,2,Aydın,İncirliova,Zafer Mah.,3,1
30000,65,0,2,Aydın,Kuşadası,Türkmen Mah.,1,1
16500,50,6,4,Aydın,Efeler,Zafer Mah.,1,1
27500,140,28,4,Aydın,Efeler,Yedi Eylül Mah.,3,1
25000,50,0,3,Aydın,Kuşadası,Hacıfeyzullah Mah.,1,1
50000,90,1,2,Aydın,Kuşadası,Bayraklıdede Mah.,2,1
40000,195,7,1,Aydın,Nazilli,Aydoğdu Mah.,3,1
15000,44,10,2,Aydın,Efeler,Orta Mah.,1,1
30000,160,11,3,Aydın,Didim,Efeler Mah.,3,1
25000,90,6,4,Aydın,Efeler,Girne Mah.,2,1
30000,165,30,5,Aydın,Kuşadası,Cumhuriyet Mah.,2,1
12500,160,31,2,Aydın,Efeler,Yedi Eylül Mah.,3,1
26000,140,25,3,Aydın,Efeler,Adnan Menderes Mah.,3,1
25000,45,5,2,Aydın,Efeler,Zafer Mah.,1,1
11000,60,10,4,Aydın,Nazilli,Sümer Mah.,1,1
19000,50,6,1,Aydın,Efeler,Orta Mah.,1,1
35000,90,8,2,Aydın,Kuşadası,Değirmendere Mah.,2,1
18000,135,31,5,Aydın,Efeler,Cumhuriyet Mah.,3,1
25000,60,15,2,Aydın,Kuşadası,Hacıfeyzullah Mah.,1,1
25500,55,6,2,Aydın,Kuşadası,Davutlar Mah.,1,1
30000,80,0,1,Aydın,Kuşadası,Güzelçamlı Mah.,2,1
21000,120,6,1,Aydın,Nazilli,Yeşil Mah.,2,1
72000,190,5,2,Aydın,Kuşadası,Bayraklıdede Mah.,4,1
12000,45,6,1,Aydın,Efeler,Orta Mah.,1,1
75000,350,26,1,Aydın,Kuşadası,Kadınlar Denizi Mah.,3,2
65000,320,1,0,Aydın,Nazilli,Dallıca Mah.,5,1
20000,120,10,5,Aydın,Efeler,Cuma Mah.,2,1
22000,125,6,4,Aydın,Efeler,Çeştepe Mah.,2,1
25000,110,10,5,Aydın,Efeler,Orta Mah.,3,1
16000,45,10,5,Aydın,Efeler,Orta Mah.,1,1
55000,245,6,4,Aydın,Kuşadası,Ege Mah.,6,1
170000,550,3,2,Aydın,Kuşadası,Türkmen Mah.,5,2
25000,60,11,4,Aydın,Efeler,Zafer Mah.,1,1
26000,55,3,1,Aydın,Efeler,Yedi Eylül Mah.,1,1
50000,125,1,2,Aydın,Kuşadası,Güzelçamlı Mah.,3,1
28000,110,5,3,Aydın,Efeler,Ata Mah.,2,1
50000,120,1,1,Aydın,Kuşadası,Değirmendere Mah.,2,1
40000,220,20,2,Aydın,Kuşadası,Güzelçamlı Mah.,5,1
18000,80,5,1,Aydın,Nazilli,Yeni Mah.,2,1
24000,65,6,1,Aydın,Kuşadası,Türkmen Mah.,1,1
16000,85,6,0,Aydın,Nazilli,İsabeyli Mah.,2,1
32500,130,6,2,Aydın,İncirliova,Cumhuriyet Mah.,2,1
50000,160,2,2,Aydın,Didim,Hisar Mah.,4,1
22000,145,30,4,Aydın,Efeler,Yedi Eylül Mah.,3,1
60000,146,2,2,Aydın,Kuşadası,Değirmendere Mah.,4,1
42000,280,7,5,Aydın,Söke,Yenikent Mah.,3,1
42000,130,10,2,Aydın,Didim,Akbük Mah.,4,1
20000,140,26,1,Aydın,Nazilli,Zafer Mah.,3,1
180000,950,25,2,Aydın,Nazilli,İsabeyli Mah.,9,3
25000,58,0,2,Aydın,Efeler,Ata Mah.,1,1
25000,140,6,3,Aydın,Kuşadası,Davutlar Mah.,3,1
30000,78,0,2,Aydın,Didim,Cumhuriyet Mah.,2,1
13500,55,6,1,Aydın,Nazilli,İsabeyli Mah.,1,1
28000,130,26,5,Aydın,Efeler,Meşrutiyet Mah.,2,1
37000,72,0,3,Aydın,Kuşadası,Değirmendere Mah.,1,1
25000,70,6,1,Aydın,Efeler,Zafer Mah.,2,1
21000,93,6,4,Aydın,Efeler,Orta Mah.,2,1
40000,100,1,0,Aydın,Kuşadası,Kadınlar Denizi Mah.,2,1
25000,45,6,3,Aydın,Söke,Yenikent Mah.,1,1
12500,50,6,3,Aydın,Nazilli,İsabeyli Mah.,1,1
21000,60,5,2,Aydın,Efeler,Zafer Mah.,1,1
39000,180,15,1,Aydın,Efeler,Girne Mah.,3,1
28000,170,10,3,Aydın,Nazilli,Yeni Mah.,3,1
25000,55,16,0,Aydın,Kuşadası,Bayraklıdede Mah.,1,0
21000,55,6,3,Aydın,Efeler,Zafer Mah.,1,1
22500,75,5,2,Aydın,Efeler,Zafer Mah.,2,1
13000,140,21,4,Aydın,Nazilli,Yeni Sanayi Mah.,3,1
48000,140,11,3,Aydın,Kuşadası,İkiçeşmelik Mah.,3,1
29000,91,3,0,Aydın,Kuşadası,Kadınlar Denizi Mah.,1,1
17500,160,25,5,Aydın,Efeler,Hasanefendi - Ramazan Paşa Mah.,3,1
50000,165,15,2,Aydın,Kuşadası,Ege Mah.,3,0
15000,45,10,3,Aydın,Efeler,Orta Mah.,1,1
28000,100,6,3,Aydın,Efeler,Zafer Mah.,2,1
22000,120,30,3,Aydın,Efeler,Yedi Eylül Mah.,3,1
45000,112,0,2,Aydın,Kuşadası,Değirmendere Mah.,2,1
25000,140,10,3,Aydın,Efeler,Ata Mah.,3,1
13000,90,8,0,Aydın,Nazilli,İsabeyli Mah.,1,1
15000,85,15,5,Aydın,Çine,Hamitabat Mah.,1,1
16500,75,6,1,Aydın,Nazilli,İsabeyli Mah.,2,1
26000,90,21,2,Aydın,Didim,Hisar Mah.,3,1
25000,130,26,1,Aydın,Efeler,Meşrutiyet Mah.,3,1
28000,90,1,2,Aydın,Efeler,Adnan Menderes Mah.,2,1
32500,70,0,1,Aydın,Efeler,Zafer Mah.,2,1
18500,85,10,1,Aydın,Efeler,Orta Mah.,2,0
12000,45,6,1,Aydın,Nazilli,İsabeyli Mah.,1,1
35500,145,35,3,Aydın,Efeler,Girne Mah.,2,1
43000,125,11,2,Aydın,Kuşadası,Türkmen Mah.,3,1
57000,120,16,5,Aydın,Kuşadası,Ege Mah.,5,1
37000,130,4,0,Aydın,Kuşadası,İkiçeşmelik Mah.,3,1
23000,80,12,1,Aydın,Efeler,Zafer Mah.,1,1
17500,70,0,2,Aydın,İncirliova,Cumhuriyet Mah.,2,0
22500,120,26,1,Aydın,Efeler,Cumhuriyet Mah.,3,1
25000,80,11,2,Aydın,Kuşadası,Davutlar Mah.,2,1
30000,140,1,5,Aydın,Didim,Ak - Yeniköy Mah.,3,1
28000,100,10,0,Aydın,Didim,Mersindere Mah.,2,1
34000,155,16,2,Aydın,Efeler,Yedi Eylül Mah.,3,1
35000,80,11,2,Aydın,Söke,Kemalpaşa Mah.,2,1
17000,60,7,2,Aydın,Efeler,Zafer Mah.,1,1
11000,55,9,3,Aydın,Nazilli,İsabeyli Mah.,1,1
25000,145,10,3,Aydın,Köşk,Soğukkuyu Mah.,3,1
27000,170,10,1,Aydın,Efeler,Cumhuriyet Mah.,4,1
36000,105,2,2,Aydın,Kuşadası,İkiçeşmelik Mah.,2,1
37500,155,31,2,Aydın,Didim,Akbük Mah.,3,1
50000,248,16,1,Aydın,Kuşadası,Türkmen Mah.,3,1
18500,45,6,2,Aydın,Efeler,Orta Mah.,1,1
18000,120,16,2,Aydın,Nazilli,Yeşil Mah.,2,1
13500,40,8,3,Aydın,Efeler,Orta Mah.,1,1
60000,125,1,2,Aydın,Kuşadası,İkiçeşmelik Mah.,3,1
60000,160,23,4,Aydın,Kuşadası,Türkmen Mah.,3,1
38000,75,2,3,Aydın,Didim,Efeler Mah.,2,1
24500,50,12,3,Aydın,Efeler,Hasanefendi - Ramazan Paşa Mah.,1,1
12000,90,16,1,Aydın,Nazilli,Sümer Mah.,2,0
38000,80,2,0,Aydın,Kuşadası,Hacıfeyzullah Mah.,2,1
25000,55,6,1,Aydın,Efeler,Zafer Mah.,1,1
48000,130,4,2,Aydın,Didim,Hisar Mah.,3,1
47000,155,7,6,Aydın,Efeler,Adnan Menderes Mah.,3,1
95000,350,11,1,Aydın,Efeler,Adnan Menderes Mah.,4,1
20000,100,16,4,Aydın,Kuşadası,Davutlar Mah.,2,1
20000,95,1,1,Aydın,Kuşadası,Kirazlı Mah.,2,1
22000,120,25,3,Aydın,Nazilli,Turan Mah.,3,1
25000,88,9,5,Aydın,Efeler,Orta Mah.,2,1
23000,120,35,1,Aydın,Efeler,Zafer Mah.,3,1
25000,140,21,5,Aydın,Efeler,Güzelhisar Mah.,3,1
22000,130,28,2,Aydın,Efeler,Efeler Mah.,3,1
25000,120,25,0,Aydın,Kuşadası,Cumhuriyet Mah.,2,1
15000,55,7,3,Aydın,Efeler,Orta Mah.,2,0
25000,80,12,3,Aydın,Didim,Altınkum Mah.,2,1
26000,70,6,2,Aydın,Efeler,Hasanefendi - Ramazan Paşa Mah.,2,1
23000,180,30,4,Aydın,Nazilli,Altıntaş Mah.,3,1
30000,120,21,3,Aydın,Kuşadası,Türkmen Mah.,2,1
29000,60,5,2,Aydın,Efeler,Mimar Sinan Mah.,1,1
15000,55,6,3,Aydın,Efeler,Kurtuluş Mah.,1,1
20000,75,0,1,Aydın,Kuşadası,Güzelçamlı Mah.,2,1
40000,120,21,2,Aydın,Kuşadası,Değirmendere Mah.,4,1
22000,50,16,2,Aydın,Kuşadası,Kadınlar Denizi Mah.,1,1
30000,75,6,2,Aydın,Kuşadası,Ege Mah.,2,1
9000,50,8,0,Aydın,Nazilli,İsabeyli Mah.,1,1
20000,60,6,0,Aydın,Kuşadası,Değirmendere Mah.,1,1
13500,45,5,1,Aydın,Efeler,Orta Mah.,1,1
12000,60,5,3,Aydın,Nazilli,İsabeyli Mah.,2,1
30000,140,15,5,Aydın,Didim,Akbük Mah.,4,1
30000,110,30,2,Aydın,Kuşadası,Camikebir Mah.,2,1
40000,170,16,3,Aydın,Kuşadası,Değirmendere Mah.,3,1
20000,160,11,1,Aydın,Çine,Karakollar Mah.,3,1
25000,65,30,5,Aydın,Didim,Mavişehir Mah.,2,1
29000,40,0,2,Aydın,Efeler,Fatih Mah.,1,1
72000,150,1,1,Aydın,Kuşadası,Değirmendere Mah.,3,1
23000,100,20,2,Aydın,Efeler,Cumhuriyet Mah.,3,1
17000,60,13,0,Aydın,Kuşadası,Karaova Mah.,1,1
18000,100,25,3,Aydın,Efeler,Güzelhisar Mah.,2,1
17000,70,10,5,Aydın,Efeler,Zafer Mah.,2,0
25000,75,0,5,Aydın,Didim,Akbük Mah.,2,1
40000,175,6,2,Aydın,Efeler,Osman Yozgatlı Mah.,3,1
17500,55,11,4,Aydın,Efeler,Zafer Mah.,1,1
29000,110,0,1,Aydın,Çine,Cumhuriyet Mah.,3,1
16250,60,6,1,Aydın,Nazilli,İsabeyli Mah.,2,1
19000,110,25,9,Aydın,Kuşadası,Değirmendere Mah.,2,1
21000,55,6,3,Aydın,Efeler,Hasanefendi - Ramazan Paşa Mah.,1,1
15000,58,4,4,Aydın,Efeler,Orta Mah.,1,1
30000,65,6,2,Aydın,Kuşadası,Cumhuriyet Mah.,1,1
21000,100,5,1,Aydın,İncirliova,Zafer Mah.,2,1
20000,45,0,3,Aydın,Kuşadası,Davutlar Mah.,1,1
24000,125,25,3,Aydın,Efeler,Meşrutiyet Mah.,3,1
19000,50,7,1,Aydın,Efeler,Cumhuriyet Mah.,1,1
13500,45,7,1,Aydın,Efeler,Orta Mah.,1,1
25000,60,6,0,Aydın,Kuşadası,Değirmendere Mah.,1,1
16750,60,2,-2,Aydın,Efeler,Cuma Mah.,1,1
55000,150,21,2,Aydın,Kuşadası,Türkmen Mah.,3,1
20000,130,26,2,Aydın,Efeler,Kurtuluş Mah.,3,1
30000,100,6,2,Aydın,Kuşadası,Davutlar Mah.,2,1
16000,65,7,0,Aydın,Nazilli,İsabeyli Mah.,2,1
25000,90,25,2,Aydın,Kuşadası,Kadınlar Denizi Mah.,2,1
25000,120,21,2,Aydın,Efeler,Köprülü - Veysipaşa Mah.,2,1
20000,55,21,0,Aydın,Kuşadası,Güzelçamlı Mah.,1,1
40000,140,6,4,Aydın,Kuşadası,İkiçeşmelik Mah.,3,1
18000,75,4,2,Aydın,Efeler,Orta Mah.,2,1
20000,130,25,2,Aydın,Efeler,Kurtuluş Mah.,3,1
45000,110,30,5,Aydın,Kuşadası,Türkmen Mah.,2,1
17000,120,45,1,Aydın,Nazilli,Yıldıztepe Mah.,3,1
28500,60,6,1,Aydın,Efeler,Adnan Menderes Mah.,1,1
22000,165,21,2,Aydın,Nazilli,Yeni Mah.,3,1
15500,155,26,2,Aydın,Nazilli,Şirinevler Mah.,3,1
35000,180,11,0,Aydın,Kuşadası,Soğucak Mah.,3,1
31000,115,31,1,Aydın,Efeler,Ata Mah.,3,1
20000,90,0,4,Aydın,İncirliova,Hürriyet Mah.,2,1
29000,80,5,1,Aydın,Kuşadası,Davutlar Mah.,2,1
35000,200,20,2,Aydın,Kuşadası,Davutlar Mah.,3,1
25000,140,3,2,Aydın,Nazilli,Yıldıztepe Mah.,3,1
50000,300,15,5,Aydın,Efeler,Girne Mah.,5,1
60000,185,11,2,Aydın,Efeler,Mimar Sinan Mah.,3,1
25000,130,25,3,Aydın,Efeler,Meşrutiyet Mah.,3,1
25000,45,0,1,Aydın,Kuşadası,Davutlar Mah.,1,1
48000,210,8,3,Aydın,Kuşadası,İkiçeşmelik Mah.,4,1
70000,300,11,2,Aydın,Kuşadası,Caferli Mah.,4,2
80000,150,0,2,Aydın,Kuşadası,Güzelçamlı Mah.,4,1
20000,140,25,1,Aydın,Efeler,Çeştepe Mah.,2,1
60000,110,3,2,Aydın,Didim,Akbük Mah.,3,1
49000,145,5,1,Aydın,Didim,Akbük Mah.,3,1
20000,85,10,4,Aydın,Efeler,Kurtuluş Mah.,2,0
30000,85,25,3,Aydın,Kuşadası,Türkmen Mah.,2,1
35000,85,0,2,Aydın,Kuşadası,Değirmendere Mah.,2,1
23000,50,0,2,Aydın,Kuşadası,Ege Mah.,1,1
23000,60,8,3,Aydın,Efeler,Güzelhisar Mah.,1,1
23000,55,6,0,Aydın,Söke,Yenikent Mah.,1,1
20000,120,26,2,Aydın,Çine,Hamitabat Mah.,2,1
28000,45,5,2,Aydın,Efeler,Mimar Sinan Mah.,1,1
59000,200,6,4,Aydın,Efeler,Kemer Mah.,4,1
25000,60,0,2,Aydın,Kuşadası,Kadınlar Denizi Mah.,1,1
22500,160,35,5,Aydın,Söke,Konak Mah.,3,1
31000,140,5,4,Aydın,İncirliova,Sandıklı Mah.,3,1
28000,95,11,0,Aydın,Didim,Çamlık Mah.,2,1
28000,90,2,0,Aydın,Didim,Akbük Mah.,2,1
25000,55,6,8,Aydın,Söke,Yenicamii Mah.,1,1
32000,90,11,3,Aydın,Didim,Yeni Mah.,2,1
35000,330,19,5,Aydın,Kuşadası,İkiçeşmelik Mah.,5,2
32000,61,1,1,Aydın,Kuşadası,Değirmendere Mah.,1,1
40000,240,18,5,Aydın,Efeler,Yedi Eylül Mah.,3,1
16000,35,10,5,Aydın,Efeler,Zafer Mah.,1,1
23000,95,26,3,Aydın,Efeler,Fatih Mah.,2,1
10000,90,31,1,Aydın,Çine,Evciler Mah.,2,1
21000,120,30,3,Aydın,Efeler,Köprülü - Veysipaşa Mah.,2,1
25000,60,16,3,Aydın,Söke,Yenikent Mah.,1,1
40000,85,8,0,Aydın,Kuşadası,Kadınlar Denizi Mah.,2,1
19000,45,10,3,Aydın,Efeler,Kurtuluş Mah.,1,1
26000,85,4,1,Aydın,Söke,Konak Mah.,2,1
25000,50,31,1,Aydın,Kuşadası,Camikebir Mah.,1,1
25000,60,6,1,Aydın,Kuşadası,Değirmendere Mah.,1,1
12000,60,26,0,Aydın,Efeler,Mesudiye Mah.,2,1
30000,55,0,2,Aydın,Kuşadası,Hacıfeyzullah Mah.,1,1
25000,120,28,3,Aydın,Efeler,Yedi Eylül Mah.,3,1
40000,120,20,2,Aydın,Kuşadası,Kadınlar Denizi Mah.,2,1
18000,110,26,2,Aydın,Efeler,Kurtuluş Mah.,2,1
24000,100,30,1,Aydın,Efeler,Meşrutiyet Mah.,2,1
17000,60,2,2,Aydın,Efeler,Cuma Mah.,1,1
30000,67,0,6,Aydın,Efeler,Zeybek Mah.,1,1
20000,50,11,3,Aydın,Didim,Cumhuriyet Mah.,1,1
50000,135,10,2,Aydın,Kuşadası,Davutlar Mah.,3,1
16500,95,0,3,Aydın,Nazilli,Yeni Mah.,2,1
26000,135,31,2,Aydın,Söke,Cumhuriyet Mah.,3,1
33000,135,21,3,Aydın,Efeler,Mimar Sinan Mah.,3,1
22000,80,5,5,Aydın,Efeler,Cuma Mah.,2,1
41500,220,0,3,Aydın,Söke,Çeltikçi Mah.,4,1
16500,70,6,4,Aydın,Nazilli,İsabeyli Mah.,2,0
22000,150,25,5,Aydın,Efeler,Efeler Mah.,3,1
22000,90,4,4,Aydın,Germencik,Park Mah.,2,1
27000,165,11,3,Aydın,İncirliova,Cumhuriyet Mah.,3,1
36000,90,6,2,Aydın,Kuşadası,Değirmendere Mah.,2,1
42000,135,6,2,Aydın,Kuşadası,Değirmendere Mah.,3,1
20000,45,0,4,Aydın,Efeler,Meşrutiyet Mah.,1,1
27500,120,1,4,Aydın,Kuşadası,Değirmendere Mah.,2,1
50000,140,26,0,Aydın,Kuşadası,Türkmen Mah.,3,1
32000,100,11,3,Aydın,Didim,Efeler Mah.,2,1
55000,170,6,3,Aydın,Efeler,Kemer Mah.,3,1
6500000,95,5,2,Aydın,Didim,Efeler Mah.,2,1
50000,120,5,3,Aydın,Didim,Altınkum Mah.,3,1
100000,140,20,0,Aydın,Kuşadası,Kadınlar Denizi Mah.,3,1
30000,200,26,0,Aydın,Kuşadası,Soğucak Mah.,4,1
25000,60,10,4,Aydın,Efeler,Orta Mah.,1,1
35000,90,6,1,Aydın,Efeler,Girne Mah.,2,1
30000,130,35,3,Aydın,Kuşadası,Türkmen Mah.,3,1
30000,95,15,2,Aydın,Didim,Efeler Mah.,2,1
42000,255,25,7,Aydın,Efeler,Güzelhisar Mah.,4,1
16500,120,25,4,Aydın,Efeler,Orta Mah.,2,1
4850000,90,6,3,Aydın,Efeler,Çeştepe Mah.,2,1
27000,140,6,3,Aydın,Çine,Hamitabat Mah.,3,1
25000,40,10,5,Aydın,Kuşadası,Cumhuriyet Mah.,1,1
25000,90,0,0,Aydın,Kuşadası,Davutlar Mah.,2,1
16000,70,6,2,Aydın,Nazilli,İsabeyli Mah.,2,1
35000,100,0,2,Aydın,Kuşadası,Değirmendere Mah.,2,1
18000,60,4,1,Aydın,Kuşadası,İkiçeşmelik Mah.,1,1
40000,75,2,2,Aydın,Didim,Altınkum Mah.,2,1
25000,145,12,1,Aydın,Efeler,Fatih Mah.,3,1
45000,160,2,2,Aydın,Kuşadası,Değirmendere Mah.,3,1
33000,150,31,5,Aydın,Efeler,Güzelhisar Mah.,3,1
28000,145,16,3,Aydın,Efeler,Efeler Mah.,3,1
10000,60,10,3,Aydın,Nazilli,Sümer Mah.,1,1
26500,50,0,3,Aydın,Efeler,Osman Yozgatlı Mah.,1,1
20000,75,0,4,Aydın,Nazilli,İsabeyli Mah.,2,1
64000,240,6,8,Aydın,Efeler,Adnan Menderes Mah.,4,1
41500,135,6,2,Aydın,Söke,Çeltikçi Mah.,3,1
26000,130,11,1,Aydın,Kuşadası,Kadınlar Denizi Mah.,3,1
60000,155,16,1,Aydın,Efeler,Mimar Sinan Mah.,3,1
60000,140,5,2,Aydın,Kuşadası,Ege Mah.,3,1
20000,94,0,4,Aydın,İncirliova,Zafer Mah.,2,0
31000,55,0,3,Aydın,Kuşadası,Kadınlar Denizi Mah.,1,1
75000,320,26,0,Aydın,Kuşadası,Davutlar Mah.,5,2
25000,71,0,1,Aydın,Didim,Hisar Mah.,2,1
35000,90,12,3,Aydın,Didim,Akbük Mah.,2,1
15000,45,11,1,Aydın,Efeler,Zafer Mah.,1,1
23000,70,0,2,Aydın,Efeler,Ata Mah.,2,1
20000,55,6,3,Aydın,Kuşadası,Davutlar Mah.,1,1
45000,115,11,2,Aydın,Didim,Akbük Mah.,2,1
50000,165,6,3,Aydın,Efeler,Kemer Mah.,3,1
20000,60,2,4,Aydın,Kuşadası,Davutlar Mah.,1,1
65000,120,18,0,Aydın,Kuşadası,Kadınlar Denizi Mah.,2,1
24000,55,6,3,Aydın,Efeler,Girne Mah.,1,1
60000,70,0,0,Aydın,Didim,Altınkum Mah.,2,1
25000,70,5,4,Aydın,Efeler,Ata Mah.,2,1
18000,45,8,2,Aydın,Efeler,Zafer Mah.,1,1
20000,45,0,2,Aydın,Kuşadası,Türkmen Mah.,1,0
25000,50,4,1,Aydın,Didim,Hisar Mah.,1,1
18000,75,0,4,Aydın,Nazilli,İsabeyli Mah.,2,1
45000,150,21,0,Aydın,Kuşadası,Karaova Mah.,2,1
75000,350,0,2,Aydın,Efeler,Kardeşköy Mah.,3,1
22000,170,16,2,Aydın,Çine,Karakollar Mah.,3,1
22000,100,6,5,Aydın,Efeler,Zafer Mah.,2,1
55000,175,6,5,Aydın,Efeler,Kemer Mah.,3,1
41500,135,6,2,Aydın,Söke,Konak Mah.,3,1
20000,100,16,1,Aydın,Kuşadası,Davutlar Mah.,2,1
55000,160,11,3,Aydın,Kuşadası,İkiçeşmelik Mah.,3,1
19500,120,25,4,Aydın,Efeler,Kurtuluş Mah.,3,1
17500,45,21,1,Aydın,Kuşadası,Camiatik Mah.,1,1
17500,55,0,2,Aydın,Nazilli,İsabeyli Mah.,1,1
49000,140,7,1,Aydın,Kuşadası,Değirmendere Mah.,3,1
19000,60,8,4,Aydın,Efeler,Zafer Mah.,1,1
30000,120,12,2,Aydın,Efeler,Zafer Mah.,3,1
27000,90,10,0,Aydın,Didim,Efeler Mah.,2,1
25500,130,26,1,Aydın,Efeler,Yedi Eylül Mah.,3,1
23000,110,3,3,Aydın,Kuşadası,Değirmendere Mah.,2,1
20000,35,11,3,Aydın,Efeler,Cumhuriyet Mah.,1,1
40000,120,6,2,Aydın,Kuşadası,Değirmendere Mah.,3,1
36000,175,3,1,Aydın,Efeler,Efeler Mah.,3,1
35000,75,3,0,Aydın,Didim,Altınkum Mah.,2,1
30000,160,15,5,Aydın,Didim,Efeler Mah.,3,1
23500,60,0,1,Aydın,Efeler,Mesudiye Mah.,1,1
20000,45,6,3,Aydın,Kuşadası,Davutlar Mah.,1,1
28000,95,1,1,Aydın,Kuşadası,Değirmendere Mah.,2,1
25000,100,27,1,Aydın,Efeler,Fatih Mah.,2,1
80000,180,4,2,Aydın,Didim,Mersindere Mah.,4,1
20000,95,0,2,Aydın,Germencik,Ortaklar Mah.,2,1
45000,120,16,0,Aydın,Kuşadası,Davutlar Mah.,3,1
42000,90,2,3,Aydın,Didim,Cumhuriyet Mah.,3,1
45000,100,1,2,Aydın,Didim,Efeler Mah.,3,1
28000,55,4,1,Aydın,Kuşadası,Davutlar Mah.,1,1
35000,80,6,0,Aydın,Kuşadası,Caferli Mah.,1,1
50000,125,6,4,Aydın,Kuşadası,Değirmendere Mah.,3,1
25000,180,25,3,Aydın,Çine,Şevketiye Mah.,3,1
17000,160,20,1,Aydın,Nazilli,Aydoğdu Mah.,3,1
25000,160,25,4,Aydın,Efeler,Hasanefendi - Ramazan Paşa Mah.,3,1
50000,145,20,2,Aydın,Kuşadası,Karaova Mah.,3,1
40000,120,26,6,Aydın,Kuşadası,Türkmen Mah.,3,1
40000,120,27,2,Aydın,Didim,Akbük Mah.,3,1
30000,95,6,3,Aydın,Kuşadası,Davutlar Mah.,2,1
15000,85,6,5,Aydın,Nazilli,Yeşil Mah.,2,1
60000,300,1,0,Aydın,Kuşadası,Davutlar Mah.,3,1
30000,135,21,5,Aydın,Efeler,Adnan Menderes Mah.,3,1
45000,135,2,2,Aydın,Kuşadası,Güzelçamlı Mah.,3,1
12000,60,3,2,Aydın,Çine,Karakollar Mah.,1,1
31000,60,2,2,Aydın,Efeler,Zafer Mah.,1,1
27000,45,4,3,Aydın,Kuşadası,Türkmen Mah.,1,1
20000,40,1,2,Aydın,Kuşadası,Bayraklıdede Mah.,1,1
18000,55,6,3,Aydın,Efeler,Adnan Menderes Mah.,1,1
25000,55,1,1,Aydın,Efeler,Zafer Mah.,1,1
30000,160,19,6,Aydın,Efeler,Güzelhisar Mah.,3,1
17000,50,6,3,Aydın,Efeler,Cuma Mah.,1,1
35000,55,1,0,Aydın,Kuşadası,Kadınlar Denizi Mah.,1,1
3500,90,5,2,Aydın,Kuşadası,Hacıfeyzullah Mah.,2,1
4000,100,20,2,Aydın,Didim,Akbük Mah.,3,1
24000,80,25,2,Aydın,Didim,Altınkum Mah.,2,1
35000,122,8,3,Aydın,Didim,Yeni Mah.,3,1
17000,120,25,6,Aydın,Efeler,Güzelhisar Mah.,2,1
33000,135,20,3,Aydın,Efeler,Mimar Sinan Mah.,3,1
35000,220,5,5,Aydın,Kuşadası,Davutlar Mah.,4,1
28000,100,11,1,Aydın,Söke,Atatürk Mah.,2,1
25000,70,6,2,Aydın,Kuşadası,Davutlar Mah.,2,1
40000,110,10,0,Aydın,Kuşadası,Türkmen Mah.,2,1
42000,100,26,5,Aydın,Kuşadası,Türkmen Mah.,2,1
15000,90,16,5,Aydın,Efeler,Orta Mah.,2,1
25000,55,15,0,Aydın,Didim,Altınkum Mah.,1,1
12000,160,25,2,Aydın,Nazilli,İsabeyli Mah.,2,1
20000,125,20,3,Aydın,Efeler,Fatih Mah.,3,1
30000,60,0,5,Aydın,Kuşadası,Değirmendere Mah.,1,1
30000,60,6,5,Aydın,Efeler,Zafer Mah.,1,1
35000,100,21,2,Aydın,Kuşadası,Kadınlar Denizi Mah.,2,1
32000,71,4,3,Aydın,Didim,Yeni Mah.,2,1
35000,75,3,0,Aydın,Didim,Altınkum Mah.,2,1
18500,70,6,2,Aydın,Nazilli,İsabeyli Mah.,2,1
18000,110,28,2,Aydın,Efeler,Kurtuluş Mah.,2,1
30000,180,21,2,Aydın,Kuşadası,Güzelçamlı Mah.,3,1
26000,115,21,0,Aydın,Efeler,Adnan Menderes Mah.,3,1
22000,40,6,4,Aydın,Efeler,Cumhuriyet Mah.,1,1
115000,350,1,2,Aydın,Efeler,Mimar Sinan Mah.,5,1
21000,65,8,5,Aydın,Efeler,Zafer Mah.,1,1
23000,55,30,1,Aydın,Kuşadası,Karaova Mah.,1,1
37000,118,15,3,Aydın,Kuşadası,İkiçeşmelik Mah.,2,1
20500,105,6,2,Aydın,Kuşadası,Davutlar Mah.,2,1
15000,60,6,1,Aydın,Nazilli,Yeni Mah.,1,1
21000,55,7,3,Aydın,Efeler,Güzelhisar Mah.,1,1
13000,50,15,4,Aydın,Nazilli,Dumlupınar Mah.,1,1
28000,110,23,3,Aydın,Kuşadası,Kadınlar Denizi Mah.,3,1
37000,150,11,2,Aydın,Efeler,Efeler Mah.,3,1
30000,85,16,2,Aydın,Didim,Efeler Mah.,2,1
28000,100,25,1,Aydın,Didim,Yeni Mah.,3,1
30000,130,13,1,Aydın,Efeler,Meşrutiyet Mah.,3,1
20000,115,25,4,Aydın,Efeler,Meşrutiyet Mah.,2,1
45000,120,5,3,Aydın,Didim,Yeni Mah.,3,1
16000,128,35,4,Aydın,Efeler,Güzelhisar Mah.,3,1
15000,60,7,2,Aydın,Efeler,Orta Mah.,1,1
27000,100,1,5,Aydın,Efeler,Güzelhisar Mah.,2,1
250000,400,0,2,Aydın,Kuşadası,Türkmen Mah.,5,2
42500,140,5,0,Aydın,Kuşadası,Kadınlar Denizi Mah.,3,1
125000,380,0,2,Aydın,Efeler,Mimar Sinan Mah.,4,2
25000,85,5,2,Aydın,Efeler,Cuma Mah.,2,1
40000,70,12,0,Aydın,Kuşadası,Türkmen Mah.,1,1
21000,65,6,2,Aydın,Söke,Yenikent Mah.,1,1
45000,230,11,2,Aydın,Didim,Çamlık Mah.,5,1
25000,95,10,0,Aydın,Efeler,Cuma Mah.,2,1
25000,120,11,3,Aydın,Kuşadası,Davutlar Mah.,3,1
18000,55,5,3,Aydın,Efeler,Güzelhisar Mah.,1,1
45000,160,6,4,Aydın,Efeler,Adnan Menderes Mah.,3,1
23000,90,10,1,Aydın,Nazilli,Şirinevler Mah.,2,1
25000,95,25,3,Aydın,Didim,Altınkum Mah.,3,1
30000,75,3,2,Aydın,Kuşadası,Türkmen Mah.,2,1
16000,65,6,1,Aydın,Nazilli,Yeşil Mah.,1,1
35000,65,5,0,Aydın,Didim,Altınkum Mah.,1,1
20000,60,10,3,Aydın,Efeler,Zafer Mah.,1,1
26000,90,16,4,Aydın,Efeler,Efeler Mah.,2,1
26000,150,20,5,Aydın,Efeler,Meşrutiyet Mah.,3,1
37000,85,0,2,Aydın,Kuşadası,Alacamescit Mah.,2,1
20000,160,0,6,Aydın,Nazilli,Yıldıztepe Mah.,3,1
55000,180,26,2,Aydın,Kuşadası,Bayraklıdede Mah.,4,1
26000,85,21,0,Aydın,Kuşadası,Kadınlar Denizi Mah.,2,1
16000,85,10,3,Aydın,Efeler,Orta Mah.,2,1
45000,118,0,3,Aydın,Kuşadası,İkiçeşmelik Mah.,2,1
46000,135,10,7,Aydın,Söke,Yenicamii Mah.,3,1
18000,120,5,4,Aydın,Karacasu,Yaylalı Mah.,3,1
14000,60,5,1,Aydın,Nazilli,İsabeyli Mah.,1,1
28000,75,5,2,Aydın,Efeler,Orta Mah.,2,1
23000,50,10,3,Aydın,Efeler,Zafer Mah.,3,1
50000,130,4,2,Aydın,Efeler,Kemer Mah.,4,1
30000,110,11,1,Aydın,Didim,Efeler Mah.,3,1
23000,65,8,5,Aydın,Efeler,Orta Mah.,2,0
25000,100,30,3,Aydın,Kuşadası,Türkmen Mah.,2,1
30000,110,10,5,Aydın,Didim,Cumhuriyet Mah.,2,1
26000,130,26,2,Aydın,Efeler,Mesudiye Mah.,3,1
20000,94,1,4,Aydın,İncirliova,Zafer Mah.,2,1
18500,55,7,3,Aydın,Efeler,Orta Mah.,1,1
50000,160,21,2,Aydın,Didim,Akbük Mah.,4,1
25000,75,8,3,Aydın,Efeler,Güzelhisar Mah.,2,1
26000,130,11,1,Aydın,Kuşadası,Kadınlar Denizi Mah.,3,1
30000,140,26,2,Aydın,Kuşadası,Cumhuriyet Mah.,3,1
33000,190,22,2,Aydın,Efeler,Cumhuriyet Mah.,3,1
13000,90,6,2,Aydın,Nazilli,İsabeyli Mah.,1,1
30000,91,3,-1,Aydın,Kuşadası,Kadınlar Denizi Mah.,1,1
26000,55,30,3,Aydın,Kuşadası,Türkmen Mah.,1,1
14250,60,6,1,Aydın,Nazilli,İsabeyli Mah.,2,1
53000,240,6,9,Aydın,Efeler,Kemer Mah.,4,1
5000,95,15,2,Aydın,Kuşadası,Güzelçamlı Mah.,2,1
25000,120,26,2,Aydın,Söke,Cumhuriyet Mah.,3,1
25000,60,5,0,Aydın,Kuşadası,Davutlar Mah.,1,1
30000,130,24,2,Aydın,Efeler,Cuma Mah.,3,1
30000,55,2,1,Aydın,Kuşadası,Değirmendere Mah.,1,1
42000,95,7,0,Aydın,Kuşadası,İkiçeşmelik Mah.,2,1
50000,130,10,2,Aydın,Didim,Hisar Mah.,4,1
30000,140,16,4,Aydın,Didim,Cumhuriyet Mah.,3,1
35000,55,6,3,Aydın,Efeler,Meşrutiyet Mah.,1,1
35000,120,1,1,Aydın,İncirliova,Hürriyet Mah.,2,1
22000,135,21,2,Aydın,Söke,Yenicamii Mah.,3,1
22000,80,5,5,Aydın,Efeler,Cuma Mah.,2,1
17500,110,20,0,Aydın,Efeler,Kurtuluş Mah.,1,1
23000,90,2,3,Aydın,Kuşadası,İkiçeşmelik Mah.,2,1
32000,85,9,3,Aydın,Efeler,Hasanefendi - Ramazan Paşa Mah.,2,1
42000,175,6,8,Aydın,Nazilli,Zafer Mah.,3,1
65000,120,9,1,Aydın,Kuşadası,Ege Mah.,2,1
23000,120,18,3,Aydın,Efeler,Meşrutiyet Mah.,3,1
17500,50,10,1,Aydın,Efeler,Zafer Mah.,1,1
24000,60,8,5,Aydın,Efeler,Efeler Mah.,1,1
35000,110,11,2,Aydın,Didim,Akbük Mah.,3,1
25000,120,29,7,Aydın,Efeler,Güzelhisar Mah.,2,1
20000,55,5,1,Aydın,Efeler,Meşrutiyet Mah.,2,1
32000,90,18,3,Aydın,Didim,Altınkum Mah.,2,1
35000,200,10,3,Aydın,Nazilli,Turan Mah.,6,2
30000,165,16,1,Aydın,Kuşadası,İkiçeşmelik Mah.,3,1
52500,190,5,2,Aydın,Kuşadası,Değirmendere Mah.,3,1
6500,130,16,0,Aydın,Didim,Akbük Mah.,3,1
24000,60,5,2,Aydın,Kuşadası,Güzelçamlı Mah.,1,1
60000,125,15,2,Aydın,Didim,Çamlık Mah.,3,1
50000,160,26,0,Aydın,Kuşadası,Soğucak Mah.,4,1
4750,150,0,3,Aydın,Kuşadası,Davutlar Mah.,3,1
15500,70,8,5,Aydın,Nazilli,İsabeyli Mah.,2,1
19000,100,5,2,Aydın,Köşk,Serdaroğlu Mah.,2,1
33000,120,10,2,Aydın,Didim,Hisar Mah.,3,1
8000,165,30,2,Aydın,Nazilli,Zafer Mah.,4,0
10000,150,25,0,Aydın,Kuşadası,Güzelçamlı Mah.,5,1
28500,90,10,5,Aydın,Kuşadası,Güzelçamlı Mah.,2,1
100000,210,20,0,Aydın,Kuşadası,Davutlar Mah.,4,1
13500,50,5,4,Aydın,Efeler,Orta Mah.,1,1
40000,200,10,3,Aydın,Didim,Altınkum Mah.,3,1
14000,50,5,4,Aydın,Efeler,Orta Mah.,1,1
30000,75,1,2,Aydın,Efeler,Zafer Mah.,1,1
10250,60,6,3,Aydın,Nazilli,İsabeyli Mah.,1,1
22000,50,0,1,Aydın,Söke,Yenikent Mah.,1,1
52500,110,3,0,Aydın,Kuşadası,Değirmendere Mah.,2,1
26000,45,1,2,Aydın,Kuşadası,Türkmen Mah.,1,1
20000,55,6,1,Aydın,Efeler,Orta Mah.,1,1
45000,110,31,0,Aydın,Kuşadası,Kadınlar Denizi Mah.,2,1
22500,125,26,1,Aydın,Söke,Yenicamii Mah.,2,1
25000,165,21,5,Aydın,Çine,Hamitabat Mah.,3,1
20000,55,0,3,Aydın,Kuşadası,Davutlar Mah.,1,1
23500,95,21,3,Aydın,Efeler,Orta Mah.,2,1
25000,150,0,3,Aydın,Nazilli,İsabeyli Mah.,3,1
30000,130,16,5,Aydın,Kuşadası,Kadınlar Denizi Mah.,3,1
30000,85,21,1,Aydın,Didim,Yeni Mah.,2,1
19000,50,7,2,Aydın,Nazilli,Zafer Mah.,1,1
26500,70,8,2,Aydın,Efeler,Zeybek Mah.,1,1
28000,240,28,0,Aydın,Didim,Mersindere Mah.,2,1
26000,170,11,5,Aydın,İncirliova,Cumhuriyet Mah.,3,1
14000,70,5,2,Aydın,Nazilli,İsabeyli Mah.,1,1
70000,168,1,2,Aydın,Kuşadası,Değirmendere Mah.,3,1
25000,70,4,1,Aydın,Didim,Hisar Mah.,1,1
35000,100,0,3,Aydın,Kuşadası,Değirmendere Mah.,2,1
65000,140,6,2,Aydın,Kuşadası,Güzelçamlı Mah.,3,1
30000,140,2,4,Aydın,Kuşadası,Kirazlı Mah.,3,1
18500,50,6,1,Aydın,Efeler,Güzelhisar Mah.,1,1
37500,165,0,1,Aydın,İncirliova,Sandıklı Mah.,3,1
20000,120,31,4,Aydın,Söke,Çeltikçi Mah.,3,1
22000,100,30,6,Aydın,Efeler,Güzelhisar Mah.,2,1
45000,130,3,2,Aydın,Didim,Cumhuriyet Mah.,3,1
10200,60,5,1,Aydın,Nazilli,İsabeyli Mah.,1,1
40000,80,16,2,Aydın,Kuşadası,Türkmen Mah.,2,1
25000,110,10,4,Aydın,Efeler,Cuma Mah.,2,1
28000,120,11,4,Aydın,Efeler,Orta Mah.,2,1
21000,60,11,1,Aydın,Didim,Efeler Mah.,1,1
27000,145,30,5,Aydın,Efeler,Meşrutiyet Mah.,3,1
15000,120,25,2,Aydın,Nazilli,Karaçay Mah.,2,1
22500,90,0,2,Aydın,Efeler,Ata Mah.,2,1
22000,60,5,4,Aydın,Efeler,Zafer Mah.,1,1
25000,65,6,2,Aydın,Söke,Çeltikçi Mah.,2,1
22000,50,0,2,Aydın,Söke,Yenikent Mah.,1,1
26000,70,8,1,Aydın,Söke,Yenikent Mah.,2,1
12500,70,3,1,Aydın,Çine,Karakollar Mah.,1,1
20000,55,4,1,Aydın,Efeler,Meşrutiyet Mah.,1,1
45000,85,26,2,Aydın,Kuşadası,Türkmen Mah.,2,1
20000,145,21,1,Aydın,Efeler,Kardeşköy Mah.,3,1
45000,145,6,0,Aydın,Kuşadası,Davutlar Mah.,3,1
25000,139,35,2,Aydın,Efeler,Güzelhisar Mah.,3,1
32500,120,21,2,Aydın,Kuşadası,Ege Mah.,3,1
40000,135,0,4,Aydın,Efeler,Zeybek Mah.,3,1
25000,48,5,4,Aydın,Kuşadası,Davutlar Mah.,1,1
17000,45,5,1,Aydın,Efeler,Zafer Mah.,1,1
25000,110,15,12,Aydın,Kuşadası,Değirmendere Mah.,2,1
24000,70,30,5,Aydın,Didim,Altınkum Mah.,2,1
18000,110,30,0,Aydın,Efeler,Zafer Mah.,1,1
17000,55,12,2,Aydın,Efeler,Zafer Mah.,2,0
12200,60,5,2,Aydın,Nazilli,İsabeyli Mah.,1,1
20000,100,40,1,Aydın,Efeler,Kurtuluş Mah.,3,1
24000,135,16,3,Aydın,Efeler,Adnan Menderes Mah.,3,1
17000,100,14,3,Aydın,Çine,Soğancılar Mah.,1,1
45000,110,3,0,Aydın,Kuşadası,Değirmendere Mah.,2,1
13000,55,6,3,Aydın,Nazilli,İsabeyli Mah.,1,1
25000,80,21,2,Aydın,Kuşadası,Kadınlar Denizi Mah.,2,1
25000,60,0,1,Aydın,Söke,Yenikent Mah.,2,1
32000,65,11,1,Aydın,Didim,Altınkum Mah.,2,1
45000,120,31,0,Aydın,Didim,Altınkum Mah.,3,1
50000,65,6,2,Aydın,Kuşadası,Türkmen Mah.,1,1
17000,50,11,4,Aydın,Efeler,Zafer Mah.,1,1
30000,140,14,2,Aydın,Efeler,Girne Mah.,3,1
200000,200,26,0,Aydın,Kuşadası,Davutlar Mah.,3,1
40000,130,21,0,Aydın,Kuşadası,Karaova Mah.,3,1
25000,85,11,0,Aydın,Söke,Ağaçlı Mah.,2,1
70000,304,40,2,Aydın,Efeler,Meşrutiyet Mah.,3,1
42000,75,3,1,Aydın,Didim,Altınkum Mah.,2,1
28000,170,26,2,Aydın,Söke,Çeltikçi Mah.,3,1
35000,155,6,4,Aydın,Söke,Fevzipaşa Mah.,4,1
13000,60,6,1,Aydın,Nazilli,İsabeyli Mah.,1,1
18000,110,21,2,Aydın,Efeler,Kurtuluş Mah.,2,1
22000,50,5,3,Aydın,Efeler,Zafer Mah.,1,1
24000,65,6,1,Aydın,Efeler,Adnan Menderes Mah.,2,0
23000,55,7,4,Aydın,Efeler,Meşrutiyet Mah.,1,1
15000,60,5,6,Aydın,Nazilli,Yeşil Mah.,1,1
20000,60,10,5,Aydın,Efeler,Zafer Mah.,2,0
35000,80,11,2,Aydın,Söke,Kemalpaşa Mah.,2,1
25000,85,11,3,Aydın,Didim,Efeler Mah.,2,1
35000,170,15,2,Aydın,Kuşadası,Karaova Mah.,3,1
25000,70,0,2,Aydın,Efeler,Güzelhisar Mah.,2,1
75000,220,11,2,Aydın,Kuşadası,Türkmen Mah.,4,1
23000,120,11,6,Aydın,Kuşadası,Değirmendere Mah.,2,1
320000,80,3,2,Aydın,Kuşadası,Güzelçamlı Mah.,2,1
26000,149,6,3,Aydın,Efeler,Kardeşköy Mah.,2,1
20000,75,10,5,Aydın,Efeler,Orta Mah.,2,1
35000,165,20,5,Aydın,Efeler,Cumhuriyet Mah.,3,1
19000,91,5,3,Aydın,Nazilli,İsabeyli Mah.,2,1
40000,235,10,3,Aydın,Efeler,Efeler Mah.,5,1
50000,130,31,0,Aydın,Kuşadası,Türkmen Mah.,3,1
25000,45,0,3,Aydın,Efeler,Cuma Mah.,1,1
38000,85,6,2,Aydın,Kuşadası,Kadınlar Denizi Mah.,1,1
38000,150,33,5,Aydın,Efeler,Güzelhisar Mah.,3,1
25000,55,1,1,Aydın,Efeler,Hasanefendi - Ramazan Paşa Mah.,1,1
28000,190,16,2,Aydın,Efeler,Cumhuriyet Mah.,3,1
27000,110,21,3,Aydın,Efeler,Yedi Eylül Mah.,3,1
89000,280,31,2,Aydın,Kuşadası,Bayraklıdede Mah.,4,1
12000,60,3,1,Aydın,Bozdoğan,Yeni Mah.,1,1
24000,65,6,1,Aydın,Efeler,Adnan Menderes Mah.,2,0
25000,80,30,3,Aydın,Kuşadası,Hacıfeyzullah Mah.,2,1
15000,62,8,3,Aydın,Nazilli,Şirinevler Mah.,1,1
20000,48,7,3,Aydın,Efeler,Ata Mah.,1,1
25000,100,11,1,Aydın,Efeler,Efeler Mah.,2,1
13000,50,8,1,Aydın,Efeler,Cuma Mah.,1,1
30000,60,3,1,Aydın,Kuşadası,Değirmendere Mah.,1,1
15500,45,6,3,Aydın,Efeler,Zafer Mah.,1,1
55000,160,26,5,Aydın,Kuşadası,Camikebir Mah.,3,1
55000,175,6,1,Aydın,Efeler,Kemer Mah.,3,1
40000,202,6,4,Aydın,Efeler,Fatih Mah.,5,1
35000,140,26,3,Aydın,Efeler,Hasanefendi - Ramazan Paşa Mah.,3,1
18000,55,10,4,Aydın,Efeler,Zafer Mah.,1,1
40000,140,22,0,Aydın,Kuşadası,Davutlar Mah.,3,1
320000,86,3,3,Aydın,Kuşadası,Güzelçamlı Mah.,1,1
23000,90,7,3,Aydın,Efeler,Hasanefendi - Ramazan Paşa Mah.,2,1
17000,65,0,4,Aydın,Nazilli,Sümer Mah.,1,1
105000,700,6,2,Aydın,Efeler,Kardeşköy Mah.,5,1
35000,130,26,0,Aydın,Kuşadası,Türkmen Mah.,2,1
25000,120,26,3,Aydın,Efeler,Efeler Mah.,3,1
33000,125,25,3,Aydın,Kuşadası,Hacıfeyzullah Mah.,3,1
23000,50,5,2,Aydın,Kuşadası,Davutlar Mah.,1,1
35000,120,5,3,Aydın,Kuşadası,Değirmendere Mah.,2,1
23500,155,20,5,Aydın,Efeler,Cuma Mah.,3,1
24000,123,26,4,Aydın,Efeler,Efeler Mah.,3,1
14000,70,6,2,Aydın,Nazilli,İsabeyli Mah.,2,1
12000,50,7,1,Aydın,Nazilli,İsabeyli Mah.,1,1
30000,135,0,1,Aydın,Efeler,Mimar Sinan Mah.,3,1
21000,60,0,3,Aydın,Kuşadası,Davutlar Mah.,1,1
45000,170,11,2,Aydın,Kuşadası,Ege Mah.,3,1
13500,45,10,1,Aydın,Efeler,Orta Mah.,1,0
25000,50,0,3,Aydın,Kuşadası,Hacıfeyzullah Mah.,1,1
25000,145,21,7,Aydın,Efeler,Güzelhisar Mah.,3,1
20000,50,10,1,Aydın,Efeler,Kurtuluş Mah.,1,1
24500,120,8,5,Aydın,Kuşadası,Güzelçamlı Mah.,3,1
35000,45,1,1,Aydın,Kuşadası,Değirmendere Mah.,1,1
20000,120,40,4,Aydın,Söke,Çeltikçi Mah.,3,1
23000,50,4,1,Aydın,Kuşadası,Davutlar Mah.,1,1
42500,90,0,0,Aydın,Kuşadası,Hacıfeyzullah Mah.,2,1
18000,55,8,2,Aydın,Efeler,Güzelhisar Mah.,1,1
30000,100,0,3,Aydın,Efeler,Orta Mah.,2,1
28500,65,3,3,Aydın,Efeler,Zeybek Mah.,1,1
75000,160,16,0,Aydın,Kuşadası,Bayraklıdede Mah.,3,1
15000,65,6,3,Aydın,Efeler,Zafer Mah.,1,1
55000,200,16,2,Aydın,Kuşadası,Kadıkalesi Mah.,3,1
17500,55,3,3,Aydın,Efeler,Orta Mah.,1,1
180000,280,1,2,Aydın,Kuşadası,Değirmendere Mah.,4,1
20000,135,14,1,Aydın,Nazilli,İsabeyli Mah.,3,1
18000,55,0,2,Aydın,Nazilli,İsabeyli Mah.,1,1
20000,45,6,1,Aydın,Söke,Yenikent Mah.,1,1
35000,140,16,4,Aydın,Efeler,Cumhuriyet Mah.,3,1
45000,200,6,0,Aydın,Kuşadası,Davutlar Mah.,3,1
30000,95,25,3,Aydın,Didim,Çamlık Mah.,2,1
25000,100,4,1,Aydın,Kuşadası,Davutlar Mah.,2,1
38500,150,4,2,Aydın,Kuşadası,Davutlar Mah.,2,1
85000,300,11,0,Aydın,Efeler,Mimar Sinan Mah.,4,1
25000,55,5,0,Aydın,Kuşadası,Değirmendere Mah.,1,1
18000,90,16,6,Aydın,Efeler,Zeybek Mah.,2,1
15000,55,8,4,Aydın,Efeler,Zafer Mah.,1,1
17500,110,6,2,Aydın,Nazilli,Yıldıztepe Mah.,2,1
18000,52,5,1,Aydın,Efeler,Zafer Mah.,1,1
18000,55,6,1,Aydın,Efeler,Meşrutiyet Mah.,2,1
17000,45,7,2,Aydın,Nazilli,Karaçay Mah.,1,1
15000,58,5,1,Aydın,Efeler,Kurtuluş Mah.,1,1
33500,90,15,3,Aydın,Kuşadası,İkiçeşmelik Mah.,2,1
20000,120,31,4,Aydın,Kuşadası,Davutlar Mah.,3,1
28000,60,5,3,Aydın,Efeler,Girne Mah.,2,1
160000,85,26,2,Aydın,Kuşadası,Davutlar Mah.,2,1
110000,240,11,2,Aydın,Efeler,Kardeşköy Mah.,4,1
95000,145,19,2,Aydın,Kuşadası,Karaova Mah.,3,1
15000,55,2,2,Aydın,Nazilli,İsabeyli Mah.,1,1
30000,60,6,0,Aydın,Kuşadası,Davutlar Mah.,1,1
17000,150,11,3,Aydın,Nazilli,Yeni Mah.,3,1
13500,55,6,2,Aydın,Nazilli,İsabeyli Mah.,1,1
20000,75,6,1,Aydın,Kuşadası,Davutlar Mah.,2,1
26000,165,8,2,Aydın,Nazilli,Turan Mah.,3,1
17000,50,7,2,Aydın,Efeler,Meşrutiyet Mah.,1,1
38000,195,21,2,Aydın,Efeler,Efeler Mah.,4,1
16000,50,9,3,Aydın,Efeler,Orta Mah.,1,1
16000,70,6,2,Aydın,Nazilli,Sümer Mah.,1,1
12000,60,9,3,Aydın,Nazilli,Sümer Mah.,1,1
30000,90,5,2,Aydın,Kuşadası,Hacıfeyzullah Mah.,2,1
9000,40,15,2,Aydın,Kuşadası,Güzelçamlı Mah.,1,1
29000,110,26,2,Aydın,Söke,Yenicamii Mah.,2,1
17000,50,3,1,Aydın,Efeler,Orta Mah.,1,1
35000,115,31,2,Aydın,Didim,Akbük Mah.,3,1
40000,70,11,2,Aydın,Söke,Kemalpaşa Mah.,1,1
36500,103,0,2,Aydın,Efeler,Zeybek Mah.,2,1
27500,80,0,2,Aydın,Söke,Konak Mah.,2,1
14000,55,5,3,Aydın,Nazilli,İsabeyli Mah.,1,1
51000,170,8,4,Aydın,Efeler,Zeybek Mah.,3,1
13500,60,11,1,Aydın,Nazilli,İsabeyli Mah.,1,1
18000,120,11,3,Aydın,Kuşadası,Davutlar Mah.,2,1
50000,250,3,0,Aydın,Kuşadası,Değirmendere Mah.,5,2
30000,110,13,0,Aydın,Kuşadası,İkiçeşmelik Mah.,3,1
38000,90,16,4,Aydın,Kuşadası,Türkmen Mah.,2,1
20000,70,4,1,Aydın,Efeler,Orta Mah.,2,1
12000,160,21,3,Aydın,Çine,Hamitabat Mah.,3,1
21000,65,6,6,Aydın,Efeler,Zafer Mah.,1,1
29000,95,3,1,Aydın,Kuşadası,Davutlar Mah.,2,1
25000,110,16,2,Aydın,Didim,Hisar Mah.,3,1
20000,60,0,3,Aydın,Kuşadası,Güzelçamlı Mah.,1,1
19000,50,8,1,Aydın,Efeler,Zafer Mah.,1,1
110000,300,0,2,Aydın,Kuşadası,Soğucak Mah.,5,2
90000,300,5,1,Aydın,Efeler,Girne Mah.,3,1
70000,210,6,0,Aydın,Kuşadası,Soğucak Mah.,3,1
35000,198,35,2,Aydın,Efeler,Kurtuluş Mah.,3,1
100000,200,16,2,Aydın,Kuşadası,Hacıfeyzullah Mah.,4,1
20000,110,30,1,Aydın,Efeler,Güzelhisar Mah.,2,1
23000,160,8,0,Aydın,Nazilli,İsabeyli Mah.,3,1
29000,60,0,4,Aydın,Söke,Kemalpaşa Mah.,1,1
50000,100,26,2,Aydın,Kuşadası,Cumhuriyet Mah.,2,1
17000,170,21,5,Aydın,Çine,Hamitabat Mah.,3,1
55000,110,2,2,Aydın,Didim,Akbük Mah.,3,1
30000,60,6,3,Aydın,Kuşadası,Davutlar Mah.,1,1
19000,120,25,5,Aydın,Karacasu,Yaylalı Mah.,3,1
19000,55,6,4,Aydın,Efeler,Orta Mah.,1,1
65000,130,6,0,Aydın,Kuşadası,Karaova Mah.,3,1
22500,85,12,0,Aydın,Kuşadası,Karaova Mah.,2,1
16000,50,10,-1,Aydın,Efeler,Zafer Mah.,1,1
28000,110,16,1,Aydın,Kuşadası,Türkmen Mah.,2,1
23000,170,16,2,Aydın,Kuşadası,Soğucak Mah.,3,1
35000,125,5,3,Aydın,Kuşadası,İkiçeşmelik Mah.,3,1
25000,138,35,2,Aydın,Efeler,Güzelhisar Mah.,3,1
20000,55,6,6,Aydın,Efeler,Kurtuluş Mah.,1,1
12500,60,6,2,Aydın,Nazilli,İsabeyli Mah.,2,1
45000,120,26,2,Aydın,Kuşadası,Kadınlar Denizi Mah.,3,1
17000,120,1,0,Aydın,Didim,Efeler Mah.,3,1
15000,65,4,3,Aydın,Nazilli,İsabeyli Mah.,2,1
19000,50,7,4,Aydın,Kuşadası,İkiçeşmelik Mah.,1,1
52500,240,6,9,Aydın,Efeler,Kemer Mah.,4,1
80000,130,6,2,Aydın,Kuşadası,Karaova Mah.,3,1
12000,95,26,2,Aydın,İncirliova,Zafer Mah.,3,1
50000,120,5,3,Aydın,Kuşadası,Ege Mah.,3,1
25000,110,31,2,Aydın,Didim,Yeni Mah.,2,1
12000,55,7,3,Aydın,Nazilli,İsabeyli Mah.,1,1
16000,100,25,4,Aydın,İncirliova,Cumhuriyet Mah.,2,1
35000,165,16,0,Aydın,Kuşadası,Davutlar Mah.,3,1
24000,65,0,2,Aydın,Kuşadası,Değirmendere Mah.,1,1
29000,135,21,6,Aydın,Efeler,Kurtuluş Mah.,2,1
35000,145,21,2,Aydın,Kuşadası,Hacıfeyzullah Mah.,3,1
32500,135,21,6,Aydın,Efeler,Meşrutiyet Mah.,3,1
35000,70,8,2,Aydın,Kuşadası,Türkmen Mah.,1,1
23000,130,26,1,Aydın,Efeler,Cumhuriyet Mah.,3,1
26000,135,16,5,Aydın,Söke,Yenikent Mah.,3,1
17000,55,9,3,Aydın,Efeler,Zafer Mah.,1,1
38000,100,6,2,Aydın,Kuşadası,Davutlar Mah.,2,1
11000,140,25,5,Aydın,Nazilli,Yıldıztepe Mah.,3,1
75000,230,3,2,Aydın,Efeler,Yılmazköy Mah.,5,1
50000,150,16,0,Aydın,Kuşadası,Güzelçamlı Mah.,4,1
30000,165,25,3,Aydın,Efeler,Efeler Mah.,3,1
120000,130,3,2,Aydın,Kuşadası,Güzelçamlı Mah.,3,1
17000,150,6,3,Aydın,Nazilli,İsabeyli Mah.,3,1
50000,60,4,2,Aydın,Kuşadası,Ege Mah.,1,1
10000,500,6,0,Aydın,Söke,Ağaçlı Mah.,4,2
50000,60,6,2,Aydın,Kuşadası,Davutlar Mah.,1,1
14500,70,5,2,Aydın,Nazilli,Sümer Mah.,2,0
50000,120,11,1,Aydın,Didim,Altınkum Mah.,2,1
23000,80,11,1,Aydın,Efeler,Zafer Mah.,2,0
15000,45,10,1,Aydın,Efeler,Orta Mah.,1,1
22000,50,6,3,Aydın,Efeler,Cuma Mah.,1,1
28000,140,35,3,Aydın,Efeler,Hasanefendi - Ramazan Paşa Mah.,3,1
28500,70,25,5,Aydın,Kuşadası,Türkmen Mah.,1,1
15000,117,40,3,Aydın,Efeler,Zafer Mah.,2,1
23000,100,5,0,Aydın,Didim,Akbük Mah.,2,1
60000,145,0,5,Aydın,Kuşadası,Değirmendere Mah.,3,1
6000,30,25,0,Aydın,Nazilli,İsabeyli Mah.,1,0
25000,55,2,1,Aydın,Efeler,Güzelhisar Mah.,1,1
20000,75,9,1,Aydın,Kuşadası,Davutlar Mah.,1,1
25000,50,5,2,Aydın,Kuşadası,Değirmendere Mah.,1,1
12000,60,9,2,Aydın,Nazilli,İsabeyli Mah.,1,1
27500,110,6,2,Aydın,Efeler,Efeler Mah.,2,1
14000,55,5,1,Aydın,Nazilli,Sümer Mah.,1,0
35000,80,26,1,Aydın,Kuşadası,Cumhuriyet Mah.,2,1
19000,95,6,2,Aydın,Efeler,Zafer Mah.,2,0
40000,110,0,1,Aydın,Kuşadası,Değirmendere Mah.,2,1
60000,150,31,0,Aydın,Kuşadası,Güzelçamlı Mah.,3,1
15000,35,11,1,Aydın,Efeler,Zafer Mah.,1,1
21500,70,6,3,Aydın,Efeler,Mesudiye Mah.,1,1
17000,110,30,4,Aydın,Efeler,Cumhuriyet Mah.,2,1
25000,117,35,3,Aydın,Efeler,Kurtuluş Mah.,3,1
32000,220,6,7,Aydın,İncirliova,Cumhuriyet Mah.,5,1
7500,50,2,1,Aydın,Didim,Altınkum Mah.,1,1
14000,50,8,3,Aydın,Nazilli,İsabeyli Mah.,1,1
15500,45,5,1,Aydın,Efeler,Orta Mah.,1,1
16000,100,9,4,Aydın,Efeler,Orta Mah.,2,1
25000,70,26,2,Aydın,Söke,Konak Mah.,2,1
32000,75,0,1,Aydın,Kuşadası,Değirmendere Mah.,1,1
12000,65,4,3,Aydın,Nazilli,İsabeyli Mah.,1,1
21000,110,35,2,Aydın,Efeler,Kurtuluş Mah.,2,1
12500,60,8,5,Aydın,Nazilli,İsabeyli Mah.,2,1
28000,125,6,1,Aydın,Didim,Akbük Mah.,2,1
28000,85,8,5,Aydın,Efeler,Orta Mah.,2,1
38000,185,16,5,Aydın,Didim,Çamlık Mah.,3,1
19500,60,6,2,Aydın,Efeler,Girne Mah.,2,1
150000,110,31,0,Aydın,Kuşadası,Kadıkalesi Mah.,2,1
20000,90,5,3,Aydın,Efeler,Zafer Mah.,2,0
80000,170,15,2,Aydın,Kuşadası,Ege Mah.,2,0
40000,110,30,0,Aydın,Kuşadası,Soğucak Mah.,2,1
32000,120,8,2,Aydın,Kuşadası,Güzelçamlı Mah.,3,1
70000,100,10,2,Aydın,Kuşadası,Karaova Mah.,3,1
34000,55,1,5,Aydın,Efeler,Güzelhisar Mah.,1,1
24000,120,25,2,Aydın,Efeler,Mimar Sinan Mah.,3,1
15000,50,6,4,Aydın,Efeler,Orta Mah.,1,1
20000,100,25,1,Aydın,Karacasu,Yaylalı Mah.,2,1
19000,70,6,3,Aydın,Söke,Yenikent Mah.,2,0
19500,160,21,2,Aydın,Nazilli,Cumhuriyet Mah.,3,1
13000,100,45,3,Aydın,Efeler,Köprülü - Veysipaşa Mah.,2,1
7000,320,20,0,Aydın,Kuşadası,Davutlar Mah.,3,1
59000,120,0,2,Aydın,Kuşadası,Kadınlar Denizi Mah.,2,1
20000,65,15,5,Aydın,Efeler,Kurtuluş Mah.,1,1
8500,110,21,3,Aydın,Nazilli,Pınarbaşı Mah.,2,1
37000,150,12,0,Aydın,Kuşadası,Karaova Mah.,4,1
17000,85,0,1,Aydın,Nazilli,İsabeyli Mah.,3,0
18000,150,26,6,Aydın,Nazilli,Cumhuriyet Mah.,3,1
20000,110,30,5,Aydın,Söke,Konak Mah.,2,1
13000,43,5,5,Aydın,Nazilli,İsabeyli Mah.,1,1
16000,50,10,4,Aydın,Efeler,Orta Mah.,1,1
22000,85,6,2,Aydın,Germencik,Camikebir Mah.,2,1
59000,120,0,2,Aydın,Kuşadası,Kadınlar Denizi Mah.,2,1
20000,50,10,3,Aydın,Efeler,Kurtuluş Mah.,1,1
16500,90,31,5,Aydın,Efeler,Cumhuriyet Mah.,2,1
11000,40,4,4,Aydın,Efeler,Orta Mah.,1,0
11000,50,6,0,Aydın,Nazilli,İsabeyli Mah.,1,1
45000,80,21,3,Aydın,Kuşadası,Türkmen Mah.,2,1
19000,140,30,3,Aydın,Germencik,Camikebir Mah.,3,1
13000,90,6,3,Aydın,Nazilli,Sümer Mah.,2,0
20000,110,25,1,Aydın,Nazilli,Yeni Mah.,3,1
16500,45,6,3,Aydın,Efeler,Cuma Mah.,1,1
55000,165,21,0,Aydın,Kuşadası,Güzelçamlı Mah.,4,1
19000,110,21,4,Aydın,Nazilli,Yeni Mah.,2,1
70000,170,20,4,Aydın,Kuşadası,Türkmen Mah.,3,1
20000,60,16,1,Aydın,Kuşadası,Güzelçamlı Mah.,1,1
4000,10,40,0,Aydın,Kuşadası,Alacamescit Mah.,1,0
10000,50,6,1,Aydın,Nazilli,İsabeyli Mah.,1,1
13000,120,35,2,Aydın,Söke,Akçakonak Mah.,3,1
120000,140,20,2,Aydın,Kuşadası,Davutlar Mah.,4,1
28000,65,6,2,Aydın,Kuşadası,Güzelçamlı Mah.,1,1
30000,75,31,4,Aydın,Didim,Mavişehir Mah.,2,1
20000,95,30,3,Aydın,Efeler,Güzelhisar Mah.,2,1
18000,55,4,3,Aydın,Söke,Yenikent Mah.,1,1
18000,120,10,4,Aydın,Çine,Şevketiye Mah.,2,1
35000,160,22,1,Aydın,Efeler,Adnan Menderes Mah.,4,1
49000,60,0,2,Aydın,Kuşadası,Kadınlar Denizi Mah.,1,1
20000,95,20,2,Aydın,Efeler,Mesudiye Mah.,2,1
16000,130,30,0,Aydın,Nazilli,Yeni Mah.,3,1
21000,70,20,3,Aydın,Kuşadası,İkiçeşmelik Mah.,1,1
18000,121,21,3,Aydın,Efeler,Güzelhisar Mah.,3,1
25000,110,30,5,Aydın,Efeler,Güzelhisar Mah.,2,1
35000,105,5,4,Aydın,Efeler,Ata Mah.,2,1
5000,140,6,3,Aydın,Didim,Akbük Mah.,3,1
57000,120,0,2,Aydın,Kuşadası,Kadınlar Denizi Mah.,2,1
35000,120,2,0,Aydın,Didim,Hisar Mah.,3,1
21000,70,6,2,Aydın,Efeler,Orta Mah.,2,1
13000,140,35,6,Aydın,Efeler,Cuma Mah.,3,1
11000,55,7,2,Aydın,Nazilli,İsabeyli Mah.,1,1
52000,120,5,0,Aydın,Kuşadası,Türkmen Mah.,3,1
37000,90,10,1,Aydın,Söke,Yenikent Mah.,2,1
35000,155,18,2,Aydın,Kuşadası,Soğucak Mah.,3,1
41000,160,6,3,Aydın,Efeler,Efeler Mah.,3,1
23000,90,1,2,Aydın,Efeler,Zafer Mah.,1,1
15000,75,6,2,Aydın,Nazilli,İsabeyli Mah.,2,1
25000,50,1,0,Aydın,Efeler,Kurtuluş Mah.,1,1
27000,95,6,2,Aydın,Efeler,Güzelhisar Mah.,2,1
21000,60,6,2,Aydın,Söke,Konak Mah.,1,1
11000,50,6,1,Aydın,Nazilli,İsabeyli Mah.,1,1
45000,170,0,6,Aydın,Efeler,Cumhuriyet Mah.,3,1
38000,180,16,0,Aydın,Kuşadası,Bayraklıdede Mah.,3,1
18000,49,5,2,Aydın,Kuşadası,Davutlar Mah.,1,1
100000,179,0,2,Aydın,Kuşadası,Bayraklıdede Mah.,4,1
35000,75,0,4,Aydın,Kuşadası,Değirmendere Mah.,2,1
65000,230,11,8,Aydın,Efeler,Mimar Sinan Mah.,4,1
25000,57,6,2,Aydın,Kuşadası,Değirmendere Mah.,1,1
55000,150,31,1,Aydın,Kuşadası,Karaova Mah.,2,1
27000,190,26,3,Aydın,Efeler,Kurtuluş Mah.,3,1
32000,85,40,0,Aydın,Kuşadası,Hacıfeyzullah Mah.,2,1
50000,257,11,0,Aydın,Kuşadası,Kadıkalesi Mah.,3,1
13500,75,6,2,Aydın,Nazilli,İsabeyli Mah.,2,1
25000,95,6,5,Aydın,Efeler,Cumhuriyet Mah.,2,1
20000,80,11,2,Aydın,Kuşadası,Davutlar Mah.,2,1
25000,75,30,1,Aydın,Kuşadası,Türkmen Mah.,2,1
33000,160,23,3,Aydın,Efeler,Adnan Menderes Mah.,3,1
21000,50,6,3,Aydın,Efeler,Orta Mah.,1,1
19999,95,6,2,Aydın,Efeler,Cuma Mah.,2,0
33000,55,0,5,Aydın,Efeler,Güzelhisar Mah.,1,1
30000,85,16,2,Aydın,Didim,Çamlık Mah.,2,1
28000,110,15,2,Aydın,Didim,Yeni Mah.,2,1
35000,55,1,0,Aydın,Efeler,Girne Mah.,1,1
60000,170,35,2,Aydın,Kuşadası,Davutlar Mah.,4,1
40000,40,0,3,Aydın,Kuşadası,Türkmen Mah.,1,0
25000,80,6,2,Aydın,Efeler,Mimar Sinan Mah.,2,1
30000,160,21,2,Aydın,Kuşadası,Ege Mah.,3,1
25000,80,9,3,Aydın,Efeler,Orta Mah.,2,1
60000,152,0,5,Aydın,Efeler,Kurtuluş Mah.,3,1
60000,200,21,2,Aydın,Kuşadası,Türkmen Mah.,4,1
22000,50,6,3,Aydın,Efeler,Meşrutiyet Mah.,1,1
40000,130,0,0,Aydın,Didim,Hisar Mah.,3,1
20000,55,5,5,Aydın,Efeler,Orta Mah.,1,1
25000,55,3,5,Aydın,Efeler,Cumhuriyet Mah.,1,1
15000,100,35,4,Aydın,Efeler,Hasanefendi - Ramazan Paşa Mah.,3,1
25000,135,35,4,Aydın,Efeler,Kurtuluş Mah.,3,1
20000,60,11,3,Aydın,Efeler,Zafer Mah.,2,0
25000,110,11,5,Aydın,Efeler,Cumhuriyet Mah.,2,1
5000,90,15,0,Aydın,Kuşadası,Soğucak Mah.,2,1
45000,105,5,1,Aydın,Kuşadası,Kadınlar Denizi Mah.,2,1
20000,8,0,1,Aydın,Kuşadası,Hacıfeyzullah Mah.,1,1
14500,55,0,1,Aydın,Nazilli,Şirinevler Mah.,1,1
12000,100,16,0,Aydın,Efeler,Baltaköy Mah.,2,0
36000,75,2,0,Aydın,Kuşadası,Davutlar Mah.,2,1
30000,140,30,5,Aydın,Efeler,Güzelhisar Mah.,3,1
25000,55,0,2,Aydın,Efeler,Ata Mah.,1,1
70000,65,1,1,Aydın,Didim,Altınkum Mah.,1,1
30000,125,2,2,Aydın,Efeler,Zafer Mah.,2,1
12000,65,8,4,Aydın,Nazilli,Dumlupınar Mah.,1,1
27000,55,0,0,Aydın,Efeler,Fatih Mah.,1,1
50000,120,15,3,Aydın,Kuşadası,Türkmen Mah.,2,1
10500,55,6,1,Aydın,Nazilli,İsabeyli Mah.,1,1
33000,135,21,6,Aydın,Efeler,Meşrutiyet Mah.,3,1
20000,140,6,3,Aydın,Çine,Evciler Mah.,4,1
24000,145,16,3,Aydın,Efeler,Cumhuriyet Mah.,3,1
120000,270,6,0,Aydın,Kuşadası,Davutlar Mah.,3,1
15000,55,6,1,Aydın,Efeler,Orta Mah.,1,1
15999,105,16,0,Aydın,Kuşadası,Güzelçamlı Mah.,3,1
15000,80,6,4,Aydın,Nazilli,İsabeyli Mah.,2,0
29000,65,5,2,Aydın,Efeler,Zeybek Mah.,2,0
30000,100,4,0,Aydın,Efeler,Baltaköy Mah.,2,1
55000,165,6,7,Aydın,Efeler,Ovaeymir Mah.,3,1
15000,55,6,3,Aydın,Efeler,Orta Mah.,1,1
35000,65,2,1,Aydın,Efeler,Mimar Sinan Mah.,2,1
19500,55,1,5,Aydın,Efeler,Orta Mah.,1,1
85000,140,3,0,Aydın,Kuşadası,Soğucak Mah.,3,1
55000,180,15,4,Aydın,Kuşadası,Ege Mah.,4,1
25000,145,16,1,Aydın,Efeler,Meşrutiyet Mah.,3,1
20000,55,6,5,Aydın,Efeler,Kurtuluş Mah.,1,1
19000,55,6,4,Aydın,Efeler,Adnan Menderes Mah.,1,1
17500,38,11,3,Aydın,Efeler,Orta Mah.,1,1
18000,48,6,3,Aydın,Efeler,Orta Mah.,1,1
23000,40,6,3,Aydın,Efeler,Adnan Menderes Mah.,1,1
27000,85,35,2,Aydın,Kuşadası,Cumhuriyet Mah.,2,1
16000,50,6,0,Aydın,Efeler,Orta Mah.,1,1
45000,185,2,3,Aydın,Efeler,Adnan Menderes Mah.,4,1
20000,40,6,1,Aydın,Efeler,Orta Mah.,1,1
26000,70,5,3,Aydın,Efeler,Meşrutiyet Mah.,2,1
17000,45,11,2,Aydın,Efeler,Orta Mah.,1,1
20000,60,0,1,Aydın,Efeler,Ata Mah.,2,1
26000,140,21,1,Aydın,Efeler,Cumhuriyet Mah.,3,1
23000,65,6,4,Aydın,Efeler,Cumhuriyet Mah.,2,1
19500,60,6,3,Aydın,Efeler,Zafer Mah.,1,1
25000,40,6,3,Aydın,Efeler,Adnan Menderes Mah.,1,1
15000,50,26,0,Aydın,Efeler,Güzelhisar Mah.,1,1
20000,55,6,2,Aydın,Efeler,Orta Mah.,1,1
34000,105,0,1,Muğla,Dalaman,Altıntas Mah.,2,1
30000,90,11,2,Muğla,Fethiye,Pazaryeri Mah.,2,1
150000,174,0,2,Muğla,Milas,Güllük Mah.,4,1
37500,85,7,5,Muğla,Fethiye,Foça Mah.,2,1
120000,240,0,2,Muğla,Marmaris,Çamdibi Mah.,4,1
20000,50,20,3,Muğla,Fethiye,Yeni Mah.,1,1
65000,65,19,0,Muğla,Bodrum,Yeniköy Mah.,2,1
45000,130,16,2,Muğla,Fethiye,Akarca Mah.,3,1
17500,60,1,3,Muğla,Dalaman,Atakent Mah.,1,1
110000,200,10,1,Muğla,Bodrum,Eskiçeşme Mah.,4,1
50000,150,6,2,Muğla,Fethiye,Foça Mah.,3,1
100000,145,15,2,Muğla,Bodrum,Koyunbaba Mah.,3,1
410000,188,3,1,Muğla,Bodrum,Gündoğan Mah.,3,1
120000,180,4,2,Muğla,Bodrum,İslamhaneleri Mah.,4,1
40000,80,11,0,Muğla,Fethiye,Foça Mah.,2,1
30000,93,3,1,Muğla,Dalaman,Karaçalı Mah.,2,1
120000,200,6,0,Muğla,Bodrum,Küçükbük Mah.,2,1
20000,100,39,0,Muğla,Menteşe,Muslihittin Mah.,1,1
25000,120,16,1,Muğla,Dalaman,Hürriyet Mah.,3,1
25000,40,7,1,Muğla,Menteşe,Yeniköy Mah.,1,1
32000,170,15,5,Muğla,Fethiye,Pazaryeri Mah.,3,1
50000,130,6,2,Muğla,Fethiye,Çiftlik Mah.,3,1
75000,160,9,2,Muğla,Bodrum,Kumbahçe Mah.,3,1
70000,110,26,1,Muğla,Bodrum,Farilya Mah.,2,1
18500,120,25,2,Muğla,Menteşe,Yeşilyurt Mah.,2,1
40000,55,0,1,Muğla,Fethiye,Tuzla Mah.,1,1
22000,55,5,4,Muğla,Dalaman,Altıntas Mah.,1,1
19000,55,0,1,Muğla,Ortaca,Atatürk Mah.,1,1
35000,80,6,2,Muğla,Milas,Güllük Mah.,2,1
45000,180,15,5,Muğla,Fethiye,Patlangıç Mah.,5,1
52000,160,12,2,Muğla,Menteşe,Karamehmet Mah.,3,1
19000,80,2,2,Muğla,Dalaman,Karaçalı Mah.,1,1
30000,140,16,2,Muğla,Fethiye,Karagedik Mah.,3,1
35000,95,6,3,Muğla,Dalaman,Altıntas Mah.,2,1
49000,90,11,2,Muğla,Bodrum,Koyunbaba Mah.,2,1
37500,65,15,2,Muğla,Bodrum,Çarşı Mah.,1,1
40000,130,21,3,Muğla,Fethiye,Tuzla Mah.,3,1
53000,150,15,2,Muğla,Bodrum,Turgutreis Mah.,4,1
25000,50,2,2,Muğla,Milas,Emek Mah.,1,1
35000,60,16,1,Muğla,Bodrum,Yokuşbaşı Mah.,1,1
50000,120,25,2,Muğla,Marmaris,Çıldır Mah.,2,1
23000,120,11,2,Muğla,Milas,Gümüşlük Mah.,3,1
28000,120,30,5,Muğla,Menteşe,Muslihittin Mah.,2,1
25000,55,6,1,Muğla,Menteşe,Kötekli Mah.,2,0
28000,110,13,3,Muğla,Menteşe,Karamehmet Mah.,2,1
42500,90,26,0,Muğla,Marmaris,Çamdibi Mah.,2,1
80000,145,4,2,Muğla,Fethiye,Menteşeoğlu Mah.,3,1
26000,110,5,2,Muğla,Köyceğiz,Yayla Mah.,2,1
60000,110,3,2,Muğla,Fethiye,Yakacık Mah.,2,1
35000,120,6,5,Muğla,Fethiye,Menteşeoğlu Mah.,3,1
26000,60,0,1,Muğla,Fethiye,Taşyaka Mah.,1,1
42000,175,16,2,Muğla,Fethiye,Patlangıç Mah.,4,1
40000,100,20,3,Muğla,Fethiye,Tuzla Mah.,2,1
30000,80,0,3,Muğla,Bodrum,Mumcular Mah.,2,1
50000,130,11,2,Muğla,Bodrum,Koyunbaba Mah.,3,1
80000,170,2,2,Muğla,Fethiye,Çiftlik Mah.,4,1
110000,125,6,0,Muğla,Bodrum,Yahşi Mah.,3,1
95000,210,1,2,Muğla,Fethiye,Gökçeovacık Mah.,4,1
70000,130,2,2,Muğla,Fethiye,Karakeçililer Mah.,2,1
45000,125,21,2,Muğla,Marmaris,Çamdibi Mah.,3,1
43000,109,25,2,Muğla,Bodrum,Türkbükü Mah.,2,1
240000,600,6,2,Muğla,Bodrum,Torba Mah.,6,1
70000,160,5,2,Muğla,Marmaris,Çıldır Mah.,3,1
29000,105,20,3,Muğla,Milas,Beçin Mah.,3,1
110000,165,18,5,Muğla,Marmaris,Armutalan Mah.,3,1
45000,150,6,3,Muğla,Fethiye,Patlangıç Mah.,3,1
35000,135,8,3,Muğla,Dalaman,Karaçalı Mah.,3,1
20000,80,5,0,Muğla,Dalaman,Bezkese Mah.,2,1
20000,50,6,1,Muğla,Ula,Köprübaşı Mah.,1,1
25000,70,4,1,Muğla,Dalaman,Söğütlüyurt Mah.,1,1
75000,170,3,2,Muğla,Menteşe,Yeniköy Mah.,4,1
100000,135,2,2,Muğla,Bodrum,Dereköy Mah.,3,1
48000,80,25,3,Muğla,Fethiye,Foça Mah.,2,1
25000,95,5,3,Muğla,Dalaman,Hürriyet Mah.,1,1
70000,75,11,1,Muğla,Marmaris,Çıldır Mah.,1,1
20000,45,0,0,Muğla,Bodrum,Mumcular Mah.,1,1
36500,170,15,2,Muğla,Köyceğiz,Gülpınar Mah.,4,1
45000,95,2,2,Muğla,Fethiye,Yeşilüzümlü Mah.,2,1
95000,120,1,0,Muğla,Bodrum,Torba Mah.,3,1
35000,125,26,3,Muğla,Fethiye,Tuzla Mah.,2,1
35000,165,11,0,Muğla,Milas,Ahmet Çavuş Hayıtlı Mah.,3,1
42000,130,6,1,Muğla,Fethiye,Ölüdeniz Mah.,3,1
50000,120,30,2,Muğla,Köyceğiz,Gülpınar Mah.,2,0
35000,55,1,5,Muğla,Fethiye,Taşyaka Mah.,1,1
30000,80,5,2,Muğla,Milas,Kıyıkışlacık Mah.,2,1
23000,130,20,0,Muğla,Fethiye,Karaçulha Mah.,3,1
135000,145,16,0,Muğla,Bodrum,Bitez Mah.,3,1
90000,120,6,0,Muğla,Bodrum,Yahşi Mah.,2,1
250000,600,9,2,Muğla,Bodrum,Turgutreis Mah.,6,2
50000,110,6,0,Muğla,Bodrum,Karabağ Mah.,3,1
90000,180,6,2,Muğla,Bodrum,İslamhaneleri Mah.,3,1
80000,150,6,3,Muğla,Marmaris,Armutalan Mah.,3,1
55000,185,10,2,Muğla,Milas,Bozalan Mah.,4,1
60000,120,10,0,Muğla,Milas,Güllük Mah.,4,1
30000,90,25,0,Muğla,Milas,Kıyıkışlacık Mah.,3,1
65000,124,6,2,Muğla,Bodrum,Türkkuyusu Mah.,2,1
60000,200,5,0,Muğla,Milas,Beçin Mah.,3,1
32000,130,5,3,Muğla,Milas,Burgaz Mah.,3,1
29000,95,4,2,Muğla,Dalaman,Karaçalı Mah.,2,1
90000,100,26,2,Muğla,Marmaris,İçmeler Mah.,2,1
65000,112,20,0,Muğla,Bodrum,Yahşi Mah.,2,1
65000,100,5,0,Muğla,Bodrum,Konacık Mah.,3,1
45000,100,11,3,Muğla,Bodrum,Karabağ Mah.,2,1
40000,55,35,0,Muğla,Bodrum,Peksimet Mah.,1,1
24000,80,6,2,Muğla,Ula,Demirtaş Mah.,2,1
43000,93,11,2,Muğla,Bodrum,Geriş Mah.,2,1
40000,50,21,1,Muğla,Marmaris,Hatipirimi Mah.,1,1
30000,120,38,5,Muğla,Menteşe,Karşıyaka Mah.,3,1
55000,110,26,0,Muğla,Datça,İskele Mah.,3,1
47500,95,20,3,Muğla,Marmaris,Karşıyaka Mah.,2,1
30000,80,40,5,Muğla,Marmaris,Hisarönü Mah.,2,1
55000,185,35,2,Muğla,Menteşe,Orhaniye Mah.,4,1
25000,55,3,1,Muğla,Dalaman,Hürriyet Mah.,1,1
17000,45,3,3,Muğla,Ortaca,Bahçelievler Mah.,1,1
65000,150,6,2,Muğla,Fethiye,Yeşilüzümlü Mah.,3,1
130000,130,6,1,Muğla,Bodrum,Yahşi Mah.,3,1
100000,120,25,2,Muğla,Bodrum,Yahşi Mah.,3,2
15000,60,6,4,Muğla,Dalaman,Merkez Mah.,1,1
65000,165,21,3,Muğla,Marmaris,Kemeraltı Mah.,4,1
30000,50,25,0,Muğla,Milas,Boğaziçi Mah.,1,1
48000,82,5,1,Muğla,Bodrum,Çırkan Mah.,2,1
48000,140,25,3,Muğla,Menteşe,Muslihittin Mah.,3,1
80000,150,1,2,Muğla,Ortaca,Mergenli Mah.,4,1
125000,140,16,2,Muğla,Bodrum,Eskiçeşme Mah.,3,1
37000,72,6,2,Muğla,Fethiye,Taşyaka Mah.,1,1
35000,80,21,2,Muğla,Fethiye,Foça Mah.,1,1
65000,180,11,2,Muğla,Fethiye,Foça Mah.,3,1
36000,114,10,2,Muğla,Milas,Ören Mah.,3,0
72500,250,15,2,Muğla,Köyceğiz,Yeni Mah.,5,1
55000,86,2,0,Muğla,Bodrum,Peksimet Mah.,2,1
175000,190,16,2,Muğla,Fethiye,Göcek Mah.,3,1
150000,140,0,0,Muğla,Bodrum,Bitez Mah.,3,1
30000,135,6,1,Muğla,Dalaman,Hürriyet Mah.,3,1
55000,70,1,0,Muğla,Bodrum,Cevat Şakir Mah.,2,1
35000,95,26,2,Muğla,Bodrum,Akyarlar Mah.,2,1
28000,60,30,0,Muğla,Milas,Kıyıkışlacık Mah.,1,1
28000,58,12,1,Muğla,Menteşe,Kötekli Mah.,2,1
90000,125,10,2,Muğla,Bodrum,Çırkan Mah.,3,1
60000,140,32,2,Muğla,Bodrum,Gümüşlük Mah.,3,1
28000,95,11,2,Muğla,Dalaman,Söğütlüyurt Mah.,2,1
65000,130,15,2,Muğla,Bodrum,Gümbet Mah.,3,1
43000,93,11,2,Muğla,Bodrum,Geriş Mah.,2,1
38000,95,20,1,Muğla,Menteşe,Emirbeyazıt Mah.,2,1
65000,120,3,2,Muğla,Bodrum,Karabağ Mah.,2,1
75000,185,16,2,Muğla,Menteşe,Muslihittin Mah.,4,1
26000,150,5,0,Muğla,Milas,Aydınlıkevler Mah.,2,1
48000,85,18,1,Muğla,Marmaris,Siteler Mah.,2,1
28000,100,5,3,Muğla,Dalaman,Karaçalı Mah.,2,1
45000,50,2,0,Muğla,Bodrum,Eskiçeşme Mah.,1,1
120000,155,2,2,Muğla,Bodrum,Müskebi Mah.,3,2
32000,85,0,1,Muğla,Fethiye,Karaçulha Mah.,2,1
30000,100,30,2,Muğla,Ortaca,Güzelyurt Mah.,3,1
45000,110,10,2,Muğla,Milas,Ören Mah.,2,1
39750,115,6,5,Muğla,Menteşe,Kötekli Mah.,2,1
45000,30,21,1,Muğla,Bodrum,Akyarlar Mah.,1,0
100000,100,28,2,Muğla,Marmaris,Siteler Mah.,2,1
33000,130,25,5,Muğla,Menteşe,Muslihittin Mah.,3,1
40000,75,15,0,Muğla,Bodrum,Turgutreis Mah.,2,1
23000,85,3,2,Muğla,Köyceğiz,Toparlar Mah.,2,1
60000,120,26,2,Muğla,Bodrum,Kumbahçe Mah.,2,1
50000,55,5,5,Muğla,Bodrum,Gümbet Mah.,1,1
55000,150,5,2,Muğla,Fethiye,Foça Mah.,3,1
26500,90,4,2,Muğla,Dalaman,Karaçalı Mah.,2,1
140000,200,8,2,Muğla,Bodrum,Gümüşlük Mah.,4,1
31000,115,9,2,Muğla,Milas,Ören Mah.,3,1
40000,105,5,4,Muğla,Menteşe,Kötekli Mah.,2,1
37000,130,5,4,Muğla,Milas,Emek Mah.,3,1
26000,65,20,1,Muğla,Milas,Güllük Mah.,2,1
25000,90,2,2,Muğla,Bodrum,Yeniköy Karaova Mah.,2,1
53000,170,11,3,Muğla,Datça,İskele Mah.,3,1
315000,420,20,2,Muğla,Bodrum,Yokuşbaşı Mah.,4,1
65000,85,2,2,Muğla,Bodrum,Gündoğan Mah.,2,1
30000,150,23,2,Muğla,Milas,Burgaz Mah.,3,1
30000,110,0,0,Muğla,Seydikemer,Gerişburnu Mah.,3,1
32000,75,3,3,Muğla,Ortaca,Karaburun Mah.,2,1
22000,130,4,3,Muğla,Fethiye,Eldirek Mah.,3,1
25000,70,21,0,Muğla,Milas,Boğaziçi Mah.,1,1
45000,90,16,1,Muğla,Fethiye,Foça Mah.,2,1
20000,120,5,1,Muğla,Seydikemer,Menekşe Mah.,3,1
90000,200,15,2,Muğla,Datça,İskele Mah.,5,1
32500,48,0,5,Muğla,Menteşe,Emirbeyazıt Mah.,1,1
85000,160,16,0,Muğla,Marmaris,Beldibi Mah.,4,1
20000,80,31,2,Muğla,Marmaris,Bayır Mah.,1,1
35000,70,5,0,Muğla,Fethiye,Foça Mah.,2,1
60000,125,5,1,Muğla,Milas,Boğaziçi Mah.,2,1
70000,120,15,2,Muğla,Bodrum,Konacık Mah.,3,1
116500,350,11,0,Muğla,Fethiye,Göcek Mah.,4,1
31000,130,1,5,Muğla,Köyceğiz,Toparlar Mah.,3,1
67000,139,11,0,Muğla,Bodrum,Yahşi Mah.,2,1
30000,120,21,4,Muğla,Milas,İsmet Paşa Mah.,3,1
25000,105,5,3,Muğla,Ortaca,Bahçelievler Mah.,2,1
25000,55,3,2,Muğla,Dalaman,Hürriyet Mah.,1,1
32000,55,6,0,Muğla,Datça,İskele Mah.,1,1
27500,65,3,1,Muğla,Datça,İskele Mah.,1,1
29000,103,11,1,Muğla,Fethiye,Patlangıç Mah.,3,1
40000,120,31,3,Muğla,Menteşe,Orhaniye Mah.,3,1
22000,100,4,1,Muğla,Dalaman,Karacaağaç Mah.,2,1
45000,100,16,3,Muğla,Marmaris,Kemeraltı Mah.,2,1
30000,100,3,2,Muğla,Bodrum,Karaova Mah.,3,1
90000,150,1,2,Muğla,Fethiye,Çiftlik Mah.,3,1
46000,120,5,1,Muğla,Fethiye,Karagedik Mah.,3,1
50000,200,21,3,Muğla,Marmaris,Çıldır Mah.,3,1
60000,180,16,2,Muğla,Bodrum,Akçaalan Mah.,3,2
55000,145,14,1,Muğla,Marmaris,Sinan Mah.,3,1
26000,40,10,3,Muğla,Menteşe,Kötekli Mah.,1,1
25000,55,2,0,Muğla,Fethiye,Patlangıç Mah.,1,1
65000,75,6,0,Muğla,Bodrum,Bitez Mah.,2,1
23000,60,2,2,Muğla,Dalaman,Hürriyet Mah.,1,1
25000,110,0,1,Muğla,Milas,Gümüşlük Mah.,2,1
42000,110,26,0,Muğla,Fethiye,Tuzla Mah.,3,1
55000,120,11,1,Muğla,Marmaris,Sarıana Mah.,2,1
70000,150,20,2,Muğla,Bodrum,Yahşi Mah.,2,1
18750,70,30,0,Muğla,Milas,Burgaz Mah.,2,0
50000,89,10,0,Muğla,Bodrum,Çırkan Mah.,2,1
19000,80,6,1,Muğla,Fethiye,Karaçulha Mah.,2,1
31000,80,0,0,Muğla,Köyceğiz,Gülpınar Mah.,2,1
38000,55,11,0,Muğla,Bodrum,Turgutreis Mah.,2,1
30000,60,30,3,Muğla,Marmaris,Armutalan Mah.,1,1
45000,130,3,0,Muğla,Marmaris,Turunç Mah.,3,1
110000,180,7,2,Muğla,Marmaris,Selimiye Mah.,3,1
62000,250,5,2,Muğla,Marmaris,Turgut Mah.,3,1
25000,90,6,3,Muğla,Fethiye,Taşyaka Mah.,2,1
55000,150,5,2,Muğla,Fethiye,Foça Mah.,3,1
130000,230,11,2,Muğla,Marmaris,Camiavlu Mah.,3,1
25000,180,15,2,Muğla,Fethiye,Çamköy Mah.,3,1
90000,190,2,2,Muğla,Bodrum,Kızılağaç Mah.,4,1
30000,140,26,4,Muğla,Milas,Cumhuriyet Mah.,3,1
24000,37,10,1,Muğla,Menteşe,Emirbeyazıt Mah.,1,1
30000,65,3,0,Muğla,Bodrum,Gölköy Mah.,1,1
29000,45,5,1,Muğla,Menteşe,Kötekli Mah.,1,1
55000,70,1,0,Muğla,Bodrum,Cevat Şakir Mah.,2,1
100000,190,0,2,Muğla,Fethiye,Karagedik Mah.,3,1
22000,130,15,2,Muğla,Ortaca,Dalyan Mah.,3,1
55000,110,5,0,Muğla,Bodrum,Çırkan Mah.,2,1
41000,170,12,1,Muğla,Menteşe,Karamehmet Mah.,3,1
25000,38,11,0,Muğla,Bodrum,Yeniköy Mah.,1,1
62500,145,15,2,Muğla,Köyceğiz,Ulucami Mah.,3,1
50000,90,2,2,Muğla,Bodrum,Akyarlar Mah.,2,1
28000,110,25,3,Muğla,Fethiye,Tuzla Mah.,2,1
44000,70,0,2,Muğla,Ula,Çıtlık Mah.,1,1
24000,70,3,0,Muğla,Fethiye,Çamköy Mah.,2,1
28000,65,1,1,Muğla,Dalaman,Atakent Mah.,2,1
30000,140,11,3,Muğla,Fethiye,Taşyaka Mah.,3,1
28000,100,29,5,Muğla,Menteşe,Muslihittin Mah.,2,1
32000,110,11,2,Muğla,Köyceğiz,Gülpınar Mah.,2,1
50000,85,6,0,Muğla,Bodrum,Tepecik Mah.,2,1
540000,140,30,2,Muğla,Marmaris,Turunç Mah.,2,1
60000,140,25,2,Muğla,Bodrum,Gündoğan Mah.,3,1
260000,175,4,2,Muğla,Milas,Boğaziçi Mah.,3,1
27000,80,5,0,Muğla,Milas,Emek Mah.,2,1
33000,275,5,0,Muğla,Milas,Meşelik Mah.,2,1
25000,60,11,2,Muğla,Fethiye,Akarca Mah.,1,1
23000,55,1,1,Muğla,Ortaca,Terzialiler Mah.,1,1
25000,90,0,0,Muğla,Milas,Emek Mah.,2,1
22000,65,3,1,Muğla,Dalaman,Merkez Mah.,1,1
36000,130,10,1,Muğla,Fethiye,Patlangıç Mah.,3,1
27000,200,8,0,Muğla,Bodrum,Mazıköy Mah.,2,1
40000,115,16,3,Muğla,Köyceğiz,Gülpınar Mah.,2,1
80000,190,16,2,Muğla,Bodrum,Turgutreis Mah.,3,1
100000,170,26,2,Muğla,Bodrum,Bitez Mah.,3,1
50000,95,2,2,Muğla,Bodrum,Yahşi Mah.,2,1
56000,90,6,0,Muğla,Menteşe,Düğerek Mah.,2,1
32000,95,5,3,Muğla,Ortaca,Çaylı Mah.,2,1
45000,55,5,0,Muğla,Datça,İskele Mah.,1,1
125000,190,30,2,Muğla,Fethiye,Kargı Mah.,3,1
50000,105,6,2,Muğla,Marmaris,Sinan Mah.,2,1
32000,100,3,3,Muğla,Ortaca,Çaylı Mah.,2,1
52000,120,5,2,Muğla,Ortaca,Fevziye Mah.,3,1
166000,260,3,2,Muğla,Bodrum,Koyunbaba Mah.,5,1
90000,200,2,2,Muğla,Bodrum,Akyarlar Mah.,4,1
100000,460,21,0,Muğla,Bodrum,Çırkan Mah.,6,1
60000,140,26,0,Muğla,Bodrum,Geriş Mah.,3,2
135000,250,5,2,Muğla,Fethiye,Göcek Mah.,4,1
130000,155,16,2,Muğla,Bodrum,Yalıkavak Mah.,3,1
60000,160,1,1,Muğla,Fethiye,Foça Mah.,3,1
30000,50,6,0,Muğla,Marmaris,Turgut Mah.,1,1
33000,168,2,5,Muğla,Dalaman,Altıntas Mah.,2,1
25000,135,11,1,Muğla,Ortaca,Yerbelen Mah.,3,1
100000,180,1,0,Muğla,Bodrum,Çarşı Mah.,3,1
25000,95,8,3,Muğla,Dalaman,Karaçalı Mah.,2,1
35000,175,4,1,Muğla,Dalaman,Karaçalı Mah.,3,1
40000,150,6,2,Muğla,Datça,Datça Mah.,3,1
45000,97,0,0,Muğla,Bodrum,Gölbaşı Mah.,3,1
28000,100,2,2,Muğla,Dalaman,Atakent Mah.,2,1
30000,90,5,1,Muğla,Ortaca,Karaburun Mah.,2,1
50000,88,6,2,Muğla,Bodrum,Dirmil Mah.,2,1
922000,180,15,2,Muğla,Fethiye,Ölüdeniz Mah.,4,1
9500,150,0,2,Muğla,Milas,Ören Mah.,3,1
175000,250,10,2,Muğla,Bodrum,Dirmil Mah.,3,1
150000,95,11,0,Muğla,Bodrum,Dirmil Mah.,2,1
120000,200,1,0,Muğla,Fethiye,Çiftlik Mah.,4,1
75000,351,10,2,Muğla,Bodrum,Yalıkavak Mah.,3,1
30000,130,20,2,Muğla,Fethiye,Patlangıç Mah.,2,1
45000,90,16,3,Muğla,Menteşe,Orhaniye Mah.,1,1
350000,140,30,0,Muğla,Bodrum,Akyarlar Mah.,2,1
25000,40,0,0,Muğla,Yatağan,Dere Mah.,1,0
55000,300,20,2,Muğla,Milas,Cumhuriyet Mah.,4,2
25500,60,3,2,Muğla,Dalaman,Karaçalı Mah.,1,1
80000,110,15,0,Muğla,Ula,Akyaka Mah.,3,1
20000,80,15,2,Muğla,Fethiye,Esenköy Mah.,2,1
40000,130,16,2,Muğla,Bodrum,Karabağ Mah.,3,1
31000,135,2,2,Muğla,Köyceğiz,Toparlar Mah.,3,1
60000,80,10,2,Muğla,Bodrum,Yakaköy Mah.,2,1
40000,80,5,2,Muğla,Ula,Gökova Mah.,3,1
33000,160,16,3,Muğla,Milas,Cumhuriyet Mah.,3,1
40000,95,6,0,Muğla,Ortaca,Sarıgerme Mah.,2,1
35000,75,6,2,Muğla,Fethiye,Kargı Mah.,2,1
40000,90,6,3,Muğla,Bodrum,Peksimet Mah.,2,1
22000,50,6,2,Muğla,Ula,Demirtaş Mah.,1,1
30000,100,5,2,Muğla,Fethiye,Pazaryeri Mah.,2,1
100000,200,16,2,Muğla,Bodrum,Eskiçeşme Mah.,3,1
28000,120,16,2,Muğla,Fethiye,İnlice Mah.,2,1
30000,140,11,2,Muğla,Milas,Hacıabti Mah.,3,1
30000,85,6,1,Muğla,Dalaman,Hürriyet Mah.,2,1
50000,149,16,3,Muğla,Menteşe,Orhaniye Mah.,3,1
51000,90,16,2,Muğla,Milas,Boğaziçi Mah.,2,1
120000,200,6,0,Muğla,Bodrum,Bitez Mah.,4,1
30000,110,10,1,Muğla,Fethiye,Cami Mah.,2,1
18000,95,5,0,Muğla,Seydikemer,Cumhuriyet Mah.,2,1
19000,115,18,4,Muğla,Ortaca,Terzialiler Mah.,2,1
70000,150,2,2,Muğla,Bodrum,Gümüşlük Mah.,3,1
35000,120,4,2,Muğla,Fethiye,Karaçulha Mah.,3,1
23000,60,6,1,Muğla,Dalaman,Altıntas Mah.,1,1
35000,100,3,0,Muğla,Marmaris,Turgut Mah.,2,1
90000,120,21,3,Muğla,Marmaris,Siteler Mah.,2,1
23500,62,6,3,Muğla,Milas,Meşelik Mah.,1,1
41000,95,6,2,Muğla,Datça,İskele Mah.,3,1
35000,75,5,3,Muğla,Fethiye,Tuzla Mah.,2,1
75000,160,7,2,Muğla,Marmaris,Kemeraltı Mah.,3,1
32000,100,6,3,Muğla,Dalaman,Hürriyet Mah.,2,1
25000,65,6,2,Muğla,Milas,Dörttepe Mah.,1,1
100000,130,0,0,Muğla,Bodrum,Torba Mah.,3,1
43000,90,6,0,Muğla,Milas,Güllük Mah.,2,1
26000,110,16,3,Muğla,Ortaca,Çaylı Mah.,2,1
18000,62,0,1,Muğla,Ortaca,Bahçelievler Mah.,1,1
420000,300,2,1,Muğla,Bodrum,Gündoğan Mah.,4,1
70000,250,20,5,Muğla,Bodrum,Torba Mah.,3,1
30000,75,16,0,Muğla,Bodrum,Gündoğan Mah.,2,1
7250,91,2,-1,Muğla,Milas,Ören Mah.,2,1
35000,60,15,3,Muğla,Menteşe,Emirbeyazıt Mah.,1,1
22000,45,11,2,Muğla,Menteşe,Kötekli Mah.,2,0
22500,60,5,3,Muğla,Dalaman,Altıntas Mah.,1,1
65000,110,11,5,Muğla,Bodrum,Türkbükü Mah.,2,1
32500,65,25,0,Muğla,Bodrum,Turgutreis Mah.,2,1
350000,250,15,2,Muğla,Bodrum,Bitez Mah.,5,1
150000,80,31,2,Muğla,Datça,Emecik Mah.,2,1
60000,215,15,2,Muğla,Fethiye,Çiftlik Mah.,4,1
22000,120,4,2,Muğla,Dalaman,Merkez Mah.,2,1
22000,55,5,0,Muğla,Ortaca,Karaburun Mah.,1,1
28000,85,0,3,Muğla,Ortaca,Karaburun Mah.,2,1
25000,55,0,5,Muğla,Ortaca,Atatürk Mah.,1,1
35000,60,5,2,Muğla,Datça,Datça Mah.,2,1
160000,240,11,2,Muğla,Bodrum,Küçükbük Mah.,5,1
42000,135,11,2,Muğla,Fethiye,Tuzla Mah.,3,1
75000,95,11,0,Muğla,Bodrum,Dirmil Mah.,2,1
750000,190,11,0,Muğla,Ortaca,Dalyan Mah.,3,1
32500,70,0,0,Muğla,Fethiye,Taşyaka Mah.,1,1
25000,85,5,3,Muğla,Ortaca,Beşköprü Mah.,2,1
37500,110,26,0,Muğla,Bodrum,Bitez Mah.,2,1
20000,55,3,2,Muğla,Menteşe,Yeniköy Mah.,1,1
34000,85,5,1,Muğla,Dalaman,Altıntas Mah.,2,1
150000,160,16,0,Muğla,Bodrum,Dirmil Mah.,3,1
32000,80,7,0,Muğla,Bodrum,Mumcular Mah.,2,1
100000,220,21,2,Muğla,Bodrum,Yahşi Mah.,3,1
67000,139,25,0,Muğla,Bodrum,Yahşi Mah.,2,1
25000,55,6,1,Muğla,Fethiye,Cami Mah.,1,1
60000,100,40,0,Muğla,Bodrum,Cumhuriyet Mah.,3,1
60000,90,5,0,Muğla,Datça,İskele Mah.,2,1
22000,115,11,3,Muğla,Dalaman,Merkez Mah.,3,1
40000,60,6,0,Muğla,Fethiye,Akarca Mah.,1,1
70000,225,16,2,Muğla,Bodrum,Koyunbaba Mah.,5,2
37000,100,20,1,Muğla,Fethiye,Patlangıç Mah.,2,1
65000,160,6,2,Muğla,Bodrum,Yalıkavak Mah.,2,1
35000,60,2,0,Muğla,Fethiye,Çatalarık Mah.,1,1
29999,90,0,0,Muğla,Milas,İsmet Paşa Mah.,2,1
33000,100,4,3,Muğla,Dalaman,Söğütlüyurt Mah.,2,1
70000,150,26,2,Muğla,Marmaris,Armutalan Mah.,3,1
35000,165,3,2,Muğla,Dalaman,Hürriyet Mah.,3,1
95000,270,25,2,Muğla,Marmaris,Hisarönü Mah.,4,1
32000,130,31,2,Muğla,Dalaman,Hürriyet Mah.,3,1
45000,100,5,0,Muğla,Fethiye,İnlice Mah.,2,1
36000,145,16,3,Muğla,Fethiye,Taşyaka Mah.,3,1
36000,80,11,0,Muğla,Milas,Boğaziçi Mah.,2,1
100000,200,6,0,Muğla,Bodrum,Yalıkavak Mah.,3,1
50000,100,0,0,Muğla,Fethiye,Karaçulha Mah.,2,1
85000,100,3,0,Muğla,Bodrum,Gölköy Mah.,2,1
40000,110,5,3,Muğla,Bodrum,Gölbaşı Mah.,3,1
42000,143,3,1,Muğla,Datça,Datça Mah.,3,1
28000,90,5,1,Muğla,Dalaman,Bezkese Mah.,2,1
42000,130,12,1,Muğla,Fethiye,Ölüdeniz Mah.,3,1
50000,160,6,0,Muğla,Fethiye,Taşyaka Mah.,4,1
22500,90,40,1,Muğla,Menteşe,Akçaova Mah.,2,1
80000,135,14,0,Muğla,Bodrum,Koyunbaba Mah.,2,1
85000,200,2,0,Muğla,Fethiye,Çiftlik Mah.,4,1
45000,90,0,1,Muğla,Köyceğiz,Gülpınar Mah.,2,1
50000,160,3,2,Muğla,Fethiye,Çiftlik Mah.,2,1
55000,80,10,2,Muğla,Bodrum,Yakaköy Mah.,2,1
27000,80,11,5,Muğla,Fethiye,Akarca Mah.,2,0
45000,158,10,5,Muğla,Fethiye,Karaçulha Mah.,2,1
23000,70,4,3,Muğla,Dalaman,Merkez Mah.,1,1
43000,90,6,0,Muğla,Milas,Kıyıkışlacık Mah.,2,1
19000,89,2,2,Muğla,Ortaca,Beşköprü Mah.,2,1
36000,85,15,0,Muğla,Milas,Güllük Mah.,2,1
750000,200,15,2,Muğla,Ortaca,Dalyan Mah.,3,1
50000,110,15,0,Muğla,Marmaris,Siteler Mah.,3,1
250000,250,11,0,Muğla,Bodrum,Türkbükü Mah.,5,2
65000,110,11,1,Muğla,Bodrum,Türkbükü Mah.,2,1
60000,155,11,3,Muğla,Marmaris,Hatipirimi Mah.,5,1
18000,70,6,2,Muğla,Ortaca,Terzialiler Mah.,1,1
28000,100,1,1,Muğla,Ortaca,Terzialiler Mah.,2,1
15000,40,12,0,Muğla,Menteşe,Kötekli Mah.,2,0
45000,85,15,0,Muğla,Bodrum,Bahçelievler Mah.,2,1
15000,55,2,2,Muğla,Dalaman,Şerefler Mah.,1,1
65000,140,11,0,Muğla,Marmaris,Armutalan Mah.,2,1
45000,65,32,2,Muğla,Bodrum,Gümbet Mah.,1,1
37500,135,35,2,Muğla,Menteşe,Orhaniye Mah.,3,1
35000,60,5,1,Muğla,Datça,Emecik Mah.,1,1
32000,90,5,2,Muğla,Dalaman,Merkez Mah.,2,1
80000,120,3,0,Muğla,Bodrum,Bahçelievler Mah.,3,1
40000,120,11,2,Muğla,Fethiye,Çiftlik Mah.,3,1
85000,150,11,2,Muğla,Fethiye,Foça Mah.,3,1
60000,110,31,2,Muğla,Fethiye,Çiftlik Mah.,3,1
75000,86,0,2,Muğla,Bodrum,Yeniköy Mah.,3,1
50000,85,4,1,Muğla,Fethiye,Foça Mah.,2,1
18000,60,5,2,Muğla,Dalaman,Hürriyet Mah.,1,1
15000,40,6,0,Muğla,Marmaris,Turgut Mah.,1,0
25000,73,1,3,Muğla,Dalaman,Altıntas Mah.,1,1
29999,120,11,3,Muğla,Milas,Şevketiye Mah.,3,1
47500,140,1,2,Muğla,Fethiye,Çamköy Mah.,4,1
28000,80,3,5,Muğla,Ortaca,Karaburun Mah.,2,1
74000,95,0,0,Muğla,Bodrum,Eskiçeşme Mah.,2,1
47500,160,26,0,Muğla,Marmaris,Siteler Mah.,2,1
45000,180,11,2,Muğla,Fethiye,Taşyaka Mah.,5,1
25000,140,0,0,Muğla,Seydikemer,Gerişburnu Mah.,3,1
48000,82,5,1,Muğla,Bodrum,Çırkan Mah.,2,1
24000,80,5,0,Muğla,Dalaman,Bezkese Mah.,2,1
60000,130,11,2,Muğla,Fethiye,İnlice Mah.,3,1
110000,70,11,0,Muğla,Bodrum,Bahçelievler Mah.,2,1
21000,55,8,3,Muğla,Menteşe,Kötekli Mah.,1,1
29000,150,11,3,Muğla,Ortaca,Bahçelievler Mah.,3,1
44000,100,25,1,Muğla,Datça,İskele Mah.,2,1
25000,50,15,0,Muğla,Fethiye,Yeni Mah.,1,1
50000,90,2,0,Muğla,Bodrum,Gümüşlük Mah.,2,1
41000,145,25,2,Muğla,Köyceğiz,Gülpınar Mah.,3,1
47000,85,6,1,Muğla,Fethiye,Foça Mah.,2,1
50000,140,0,0,Muğla,Milas,Kıyıkışlacık Mah.,3,1
23000,50,6,2,Muğla,Menteşe,Yeniköy Mah.,1,1
50000,58,16,1,Muğla,Bodrum,Bitez Mah.,1,1
35000,85,7,2,Muğla,Bodrum,Mumcular Mah.,2,1
200000,130,30,2,Muğla,Bodrum,Geriş Mah.,2,1
38000,90,5,0,Muğla,Marmaris,Turgut Mah.,2,1
45000,142,0,0,Muğla,Menteşe,Karşıyaka Mah.,3,1
70000,120,35,0,Muğla,Bodrum,Dirmil Mah.,2,1
28000,100,26,5,Muğla,Fethiye,Yeni Mah.,2,1
75000,170,11,2,Muğla,Bodrum,Gölköy Mah.,4,1
70000,100,16,0,Muğla,Bodrum,Bitez Mah.,3,1
40000,60,0,2,Muğla,Fethiye,Taşyaka Mah.,1,1
40000,165,11,4,Muğla,Milas,Cumhuriyet Mah.,3,1
60000,185,6,0,Muğla,Bodrum,Dirmil Mah.,3,1
25000,60,4,2,Muğla,Dalaman,Hürriyet Mah.,1,1
45000,90,16,0,Muğla,Marmaris,Siteler Mah.,2,1
45000,100,6,3,Muğla,Fethiye,Tuzla Mah.,2,1
50000,70,25,5,Muğla,Bodrum,Umurca Mah.,1,1
29000,95,20,3,Muğla,Milas,Boğaziçi Mah.,2,1
34000,65,11,3,Muğla,Menteşe,Kötekli Mah.,2,1
35000,80,2,3,Muğla,Bodrum,Mumcular Mah.,2,1
35000,95,35,5,Muğla,Marmaris,Kemeraltı Mah.,2,1
38000,130,6,2,Muğla,Fethiye,Cami Mah.,3,1
25000,110,5,2,Muğla,Milas,Güneş Mah.,2,1
40000,160,5,5,Muğla,Ortaca,Çaylı Mah.,3,1
62000,210,26,0,Muğla,Datça,İskele Mah.,4,1
75000,65,21,0,Muğla,Bodrum,Gündoğan Mah.,1,1
26000,100,0,2,Muğla,Yatağan,Yeni Mah.,2,1
145000,308,4,2,Muğla,Marmaris,Karşıyaka Mah.,4,2
40000,140,10,2,Muğla,Dalaman,Şerefler Mah.,3,1
40000,130,4,2,Muğla,Dalaman,Şerefler Mah.,2,1
9000,200,0,2,Muğla,Ortaca,Karaburun Mah.,5,1
23000,80,0,0,Muğla,Bodrum,Karaova Mah.,2,1
55000,120,0,2,Muğla,Bodrum,Dirmil Mah.,2,1
31000,90,10,2,Muğla,Ula,Alparslan Mah.,2,1
22000,76,2,5,Muğla,Bodrum,Mumcular Mah.,2,1
60000,115,28,2,Muğla,Bodrum,Turgutreis Mah.,1,1
28500,95,12,1,Muğla,Seydikemer,Sahilceylan Mah.,2,1
25000,268,15,0,Muğla,Milas,Aydınlıkevler Mah.,3,1
45000,200,12,0,Muğla,Bodrum,Koyunbaba Mah.,2,1
22000,85,0,1,Muğla,Ortaca,Çaylı Mah.,2,1
60000,140,10,2,Muğla,Bodrum,Gümüşlük Mah.,3,1
30000,170,15,2,Muğla,Köyceğiz,Yeni Mah.,3,1
60000,175,1,2,Muğla,Milas,Boğaziçi Mah.,3,1
40000,80,6,1,Muğla,Menteşe,Orhaniye Mah.,2,1
150000,150,6,2,Muğla,Milas,Akyol Mah.,3,1
28000,130,3,0,Muğla,Milas,Hacıabti Mah.,3,1
22000,60,5,4,Muğla,Dalaman,Altıntas Mah.,1,1
25000,130,12,2,Muğla,Yatağan,Madenler Mah.,3,1
26000,100,0,2,Muğla,Ortaca,Çaylı Mah.,2,1
125000,170,11,0,Muğla,Bodrum,Eskiçeşme Mah.,3,1
25000,55,30,1,Muğla,Marmaris,Çıldır Mah.,1,1
46000,75,3,0,Muğla,Bodrum,Gümüşlük Mah.,2,1
60000,110,15,2,Muğla,Marmaris,Armutalan Mah.,2,1
30000,160,15,3,Muğla,Dalaman,Merkez Mah.,3,1
70000,110,8,2,Muğla,Bodrum,Turgutreis Mah.,3,1
35000,45,4,2,Muğla,Menteşe,Yeniköy Mah.,1,1
150000,120,5,2,Muğla,Bodrum,Çırkan Mah.,2,1
36000,95,3,1,Muğla,Dalaman,Söğütlüyurt Mah.,2,1
70000,114,12,2,Muğla,Bodrum,Turgutreis Mah.,2,1
380000,260,6,0,Muğla,Bodrum,Yalıkavak Mah.,4,2
115000,220,4,2,Muğla,Bodrum,Müskebi Mah.,4,2
13000,88,20,0,Muğla,Fethiye,Karaçulha Mah.,1,1
27000,57,6,4,Muğla,Menteşe,Kötekli Mah.,2,0
30000,70,0,2,Muğla,Ortaca,Atatürk Mah.,2,1
65000,70,11,2,Muğla,Bodrum,Yalıkavak Mah.,2,1
25000,95,20,2,Muğla,Marmaris,Hisarönü Mah.,2,1
25000,112,21,1,Muğla,Yatağan,Dere Mah.,3,1
40000,75,30,1,Muğla,Ula,Akyaka Mah.,2,1
25000,110,6,0,Muğla,Fethiye,Akarca Mah.,2,1
35000,135,4,2,Muğla,Köyceğiz,Gelişim Mah.,3,1
24000,40,6,1,Muğla,Menteşe,Kötekli Mah.,1,1
35000,100,6,2,Muğla,Köyceğiz,Gelişim Mah.,2,1
25000,110,16,2,Muğla,Köyceğiz,Toparlar Mah.,2,1
40000,130,16,2,Muğla,Bodrum,Akçaalan Mah.,3,1
25000,100,0,1,Muğla,Köyceğiz,Beyobası Mah.,2,1
35000,90,21,2,Muğla,Fethiye,Tuzla Mah.,2,1
20000,110,6,1,Muğla,Ortaca,Ekşiliyurt Mah.,2,1
40000,130,4,1,Muğla,Dalaman,Şerefler Mah.,2,1
40000,60,11,0,Muğla,Bodrum,Kızılağaç Mah.,1,1
25000,130,25,2,Muğla,Fethiye,Karaçulha Mah.,3,1
28000,120,20,3,Muğla,Bodrum,Karaova Mah.,3,1
100000,180,30,0,Muğla,Bodrum,Çarşı Mah.,3,1
85000,180,6,0,Muğla,Bodrum,Yahşi Mah.,3,1
35000,124,8,2,Muğla,Milas,Güneş Mah.,3,1
85000,165,6,4,Muğla,Menteşe,Orhaniye Mah.,3,1
49000,120,21,2,Muğla,Bodrum,Karabağ Mah.,2,1
60000,120,30,2,Muğla,Bodrum,Bitez Mah.,2,1
18000,64,3,3,Muğla,Dalaman,Karaçalı Mah.,1,1
20000,110,16,5,Muğla,Dalaman,Karaçalı Mah.,2,1
35000,90,16,1,Muğla,Bodrum,Koyunbaba Mah.,2,1
40000,50,7,2,Muğla,Bodrum,Gümbet Mah.,1,1
50000,140,20,2,Muğla,Bodrum,Turgutreis Mah.,4,1
30000,55,15,0,Muğla,Menteşe,Orhaniye Mah.,1,1
23000,85,0,2,Muğla,Dalaman,Karaçalı Mah.,2,1
60000,90,15,5,Muğla,Bodrum,Türkkuyusu Mah.,3,1
20500,50,2,3,Muğla,Milas,Hacı İlyas Mah.,1,1
23000,130,16,0,Muğla,Ortaca,Eskiköy Mah.,2,1
69000,140,11,0,Muğla,Marmaris,Armutalan Mah.,3,1
50000,120,6,2,Muğla,Bodrum,Turgutreis Mah.,3,1
150000,140,11,3,Muğla,Datça,İskele Mah.,3,1
100000,170,8,2,Muğla,Bodrum,Turgutreis Mah.,3,1
200000,95,26,0,Muğla,Bodrum,Akyarlar Mah.,2,1
190000,220,5,2,Muğla,Bodrum,Akyarlar Mah.,4,1
50000,130,6,2,Muğla,Ortaca,Cumhuriyet Mah.,3,1
24000,65,3,2,Muğla,Dalaman,Altıntas Mah.,1,1
32000,60,11,3,Muğla,Menteşe,Kötekli Mah.,2,1
50000,135,1,2,Muğla,Ortaca,Sarıgerme Mah.,3,1
35000,65,11,3,Muğla,Datça,İskele Mah.,1,1
40000,100,26,2,Muğla,Marmaris,Tepe Mah.,2,1
30000,105,0,1,Muğla,Köyceğiz,Zeytinalanı Mah.,2,1
22000,125,0,3,Muğla,Seydikemer,Menekşe Mah.,2,1
28000,130,20,5,Muğla,Fethiye,Karaçulha Mah.,3,1
50000,120,31,0,Muğla,Milas,Güllük Mah.,3,1
125000,140,0,0,Muğla,Bodrum,Peksimet Mah.,3,1
25000,120,16,3,Muğla,Fethiye,Patlangıç Mah.,2,1
47000,85,26,1,Muğla,Marmaris,Tepe Mah.,2,1
23500,150,20,3,Muğla,Milas,Aydınlıkevler Mah.,3,1
25000,85,17,2,Muğla,Menteşe,Gülağzı Mah.,2,1
42000,100,16,2,Muğla,Bodrum,Yalıkavak Mah.,2,1
75000,85,0,2,Muğla,Bodrum,Yeniköy Mah.,3,1
30000,191,30,0,Muğla,Fethiye,Foça Mah.,2,1
45000,75,16,2,Muğla,Bodrum,Kumbahçe Mah.,2,1
25000,65,4,1,Muğla,Milas,Emek Mah.,1,1
40000,110,16,1,Muğla,Bodrum,Turgutreis Mah.,2,1
27000,70,0,1,Muğla,Köyceğiz,Gülpınar Mah.,1,1
27000,90,11,5,Muğla,Fethiye,Akarca Mah.,2,0
28000,110,5,1,Muğla,Dalaman,Merkez Mah.,3,1
21000,95,16,2,Muğla,Menteşe,Akkaya Mah.,2,1
36000,125,14,2,Muğla,Menteşe,Yeniköy Mah.,3,1
35000,105,11,0,Muğla,Dalaman,Karaçalı Mah.,2,1
24000,45,0,2,Muğla,Menteşe,Yeniköy Mah.,1,1
41000,112,0,2,Muğla,Ula,Gökova Mah.,3,1
36500,130,10,1,Muğla,Köyceğiz,Ulucami Mah.,3,1
40000,85,16,3,Muğla,Fethiye,Taşyaka Mah.,2,1
25000,85,30,5,Muğla,Köyceğiz,Gülpınar Mah.,1,1
75000,130,13,0,Muğla,Bodrum,Dirmil Mah.,3,10
33000,80,5,0,Muğla,Bodrum,Karaova Mah.,2,1
90000,230,5,2,Muğla,Marmaris,Siteler Mah.,4,1
40000,100,11,0,Muğla,Marmaris,Kemeraltı Mah.,2,1
50000,60,6,0,Muğla,Bodrum,Müskebi Mah.,1,1
25500,115,3,1,Muğla,Dalaman,Söğütlüyurt Mah.,2,1
25000,150,20,2,Muğla,Ortaca,Terzialiler Mah.,3,1
35000,50,1,2,Muğla,Fethiye,Patlangıç Mah.,1,1
50000,90,6,0,Muğla,Menteşe,Düğerek Mah.,2,1
35000,130,21,2,Muğla,Fethiye,Ölüdeniz Mah.,2,1
42500,65,18,1,Muğla,Bodrum,Yeniköy Mah.,2,1
28000,85,1,2,Muğla,Fethiye,Patlangıç Mah.,2,1
28000,110,0,1,Muğla,Fethiye,Çamköy Mah.,3,1
30000,140,25,3,Muğla,Fethiye,Çatalarık Mah.,4,1
125000,285,5,2,Muğla,Bodrum,Kızılağaç Mah.,5,1
23000,60,3,2,Muğla,Dalaman,Altıntas Mah.,1,1
30000,100,6,1,Muğla,Dalaman,Karaçalı Mah.,2,1
32000,85,0,5,Muğla,Ortaca,Atatürk Mah.,2,1
27500,75,0,2,Muğla,Bodrum,Mumcular Mah.,2,1
130000,190,31,2,Muğla,Datça,Datça Mah.,4,2
35000,140,11,5,Muğla,Fethiye,Babataşı Mah.,3,1
40000,115,4,1,Muğla,Fethiye,Cumhuriyet Mah.,2,1
42000,130,18,3,Muğla,Fethiye,Tuzla Mah.,3,0
17500,90,28,5,Muğla,Ortaca,Terzialiler Mah.,2,1
35000,140,11,4,Muğla,Fethiye,Karagedik Mah.,2,1
50000,120,6,2,Muğla,Bodrum,Akçaalan Mah.,3,1
26500,45,5,1,Muğla,Milas,Beçin Mah.,1,1
120000,69,11,1,Muğla,Bodrum,Akyarlar Mah.,2,1
25000,110,5,2,Muğla,Milas,Güneş Mah.,2,1
150000,90,4,3,Muğla,Bodrum,Türkbükü Mah.,2,1
330000,110,3,0,Muğla,Datça,İskele Mah.,3,1
150000,260,16,2,Muğla,Bodrum,Yokuşbaşı Mah.,4,1
35000,75,21,3,Muğla,Bodrum,Akyarlar Mah.,2,1
30000,85,2,1,Muğla,Fethiye,Çamköy Mah.,2,1
20000,55,5,1,Muğla,Menteşe,Yeniköy Mah.,2,0
40000,80,16,3,Muğla,Bodrum,Peksimet Mah.,2,1
15000,80,11,1,Muğla,Milas,Aydınlıkevler Mah.,2,1
50000,75,30,5,Muğla,Bodrum,Bitez Mah.,2,1
60000,100,4,2,Muğla,Bodrum,Müskebi Mah.,3,1
55000,180,12,3,Muğla,Menteşe,Karamehmet Mah.,3,1
37500,110,9,3,Muğla,Fethiye,Patlangıç Mah.,3,1
33000,60,6,3,Muğla,Datça,İskele Mah.,1,1
50000,75,6,0,Muğla,Bodrum,Tepecik Mah.,2,1
18000,33,10,2,Muğla,Menteşe,Emirbeyazıt Mah.,1,1
100000,120,5,2,Muğla,Bodrum,Koyunbaba Mah.,2,1
25500,60,3,3,Muğla,Dalaman,Söğütlüyurt Mah.,1,1
36000,75,15,5,Muğla,Fethiye,Babataşı Mah.,2,1
25000,50,5,0,Muğla,Fethiye,Pazaryeri Mah.,1,1
45000,100,15,2,Muğla,Fethiye,Babataşı Mah.,2,1
100000,220,0,2,Muğla,Fethiye,Foça Mah.,4,1
26000,140,14,5,Muğla,Dalaman,Merkez Mah.,1,1
25000,80,2,3,Muğla,Bodrum,Mumcular Mah.,2,1
75000,150,31,0,Muğla,Datça,Karaköy Mah.,2,1
100000,240,2,2,Muğla,Bodrum,Kızılağaç Mah.,3,1
28500,55,5,2,Muğla,Milas,Beçin Mah.,1,1
26500,68,1,5,Muğla,Ortaca,Cumhuriyet Mah.,1,1
45000,76,16,3,Muğla,Bodrum,Akyarlar Mah.,1,1
25000,65,0,1,Muğla,Dalaman,Altıntas Mah.,1,1
45000,60,8,0,Muğla,Bodrum,Turgutreis Mah.,1,1
45000,180,21,0,Muğla,Fethiye,Pazaryeri Mah.,3,1
29000,120,0,3,Muğla,Yatağan,Yeni Mah.,3,1
36000,85,0,2,Muğla,Menteşe,Düğerek Mah.,2,1
20000,90,1,0,Muğla,Seydikemer,Belen Mah.,2,1
62000,145,11,2,Muğla,Köyceğiz,Ulucami Mah.,3,1
25000,145,20,-3,Muğla,Yatağan,Yeni Mah.,3,1
40000,100,10,2,Muğla,Ula,Gökova Mah.,2,1
25000,50,3,3,Muğla,Ortaca,Karaburun Mah.,1,1
42000,375,2,2,Muğla,Seydikemer,Ortaköy Mah.,4,10
30000,60,3,3,Muğla,Fethiye,Ölüdeniz Mah.,1,1
60000,160,11,0,Muğla,Ortaca,Dalyan Mah.,3,1
70000,140,0,2,Muğla,Köyceğiz,Ulucami Mah.,3,1
30000,55,14,3,Muğla,Menteşe,Kötekli Mah.,2,1
32000,190,20,2,Muğla,Ortaca,Gölbaşı Mah.,3,1
95000,140,0,2,Muğla,Bodrum,İslamhaneleri Mah.,3,1
80000,90,0,0,Muğla,Bodrum,Gölköy Mah.,3,1
30000,55,25,0,Muğla,Datça,Kızlan Mah.,1,1
32000,60,25,0,Muğla,Bodrum,Turgutreis Mah.,1,1
150000,220,7,2,Muğla,Bodrum,Yalıkavak Mah.,3,1
25000,110,4,2,Muğla,Köyceğiz,Gelişim Mah.,2,1
85000,150,16,0,Muğla,Bodrum,Geriş Mah.,3,1
23000,85,5,2,Muğla,Milas,Emek Mah.,2,1
65000,190,15,2,Muğla,Milas,Güllük Mah.,4,2
27000,95,5,3,Muğla,Ortaca,Karaburun Mah.,2,1
45000,100,28,3,Muğla,Marmaris,Sarıana Mah.,2,1
450000,130,3,0,Muğla,Bodrum,Gündoğan Mah.,2,1
200000,120,30,2,Muğla,Bodrum,Türkbükü Mah.,3,1
65000,150,1,0,Muğla,Fethiye,Yeni Mah.,2,1
27500,115,0,3,Muğla,Ortaca,Yerbelen Mah.,2,1
19000,130,20,2,Muğla,Köyceğiz,Beyobası Mah.,3,1
43000,90,7,0,Muğla,Milas,Güllük Mah.,2,1
12500,160,16,2,Muğla,Seydikemer,Döğer Mah.,3,1
150000,88,10,3,Muğla,Bodrum,Geriş Mah.,2,1
30000,115,6,3,Muğla,Bodrum,Karaova Mah.,3,1
27000,95,5,3,Muğla,Ortaca,Karaburun Mah.,2,1
85000,240,0,0,Muğla,Ortaca,Sarıgerme Mah.,4,1
33000,100,6,1,Muğla,Dalaman,Karaçalı Mah.,2,1
40000,110,2,0,Muğla,Marmaris,Söğüt Mah.,2,1
35000,75,10,0,Muğla,Ula,Akyaka Mah.,2,1
250000,130,3,1,Muğla,Bodrum,Dirmil Mah.,3,1
30000,55,6,1,Muğla,Menteşe,Kötekli Mah.,2,1
24500,45,11,2,Muğla,Milas,Beçin Mah.,1,1
29400,115,12,2,Muğla,Fethiye,Pazaryeri Mah.,3,1
85000,380,12,2,Muğla,Datça,Mesudiye Mah.,4,1
48000,135,6,3,Muğla,Menteşe,Kafaca Mah.,3,1
22000,58,2,3,Muğla,Dalaman,Karaçalı Mah.,1,1
20000,55,5,0,Muğla,Ortaca,Karaburun Mah.,1,1
100000,90,1,2,Muğla,Bodrum,Türkbükü Mah.,2,1
27500,120,16,0,Muğla,Ortaca,Arıkbaşı Mah.,3,1
38000,120,6,2,Muğla,Milas,Cumhuriyet Mah.,3,1
75000,80,20,1,Muğla,Bodrum,Yalıkavak Mah.,2,1
30000,85,21,1,Muğla,Fethiye,Cumhuriyet Mah.,2,1
49000,76,2,2,Muğla,Ortaca,Dalyan Mah.,2,1
25000,135,6,3,Muğla,Fethiye,Çamköy Mah.,4,1
55000,135,11,0,Muğla,Fethiye,Babataşı Mah.,3,1
21000,70,0,0,Muğla,Bodrum,Mumcular Mah.,2,1
45000,85,11,0,Muğla,Bodrum,Kumbahçe Mah.,2,1
75000,110,11,1,Muğla,Bodrum,Türkkuyusu Mah.,2,1
25000,310,25,1,Muğla,Milas,Hacıabti Mah.,3,1
35000,60,11,1,Muğla,Fethiye,Ölüdeniz Mah.,1,1
36000,57,3,2,Muğla,Datça,İskele Mah.,1,1
100000,70,11,2,Muğla,Datça,İskele Mah.,1,1
40000,85,15,0,Muğla,Menteşe,Emirbeyazıt Mah.,2,1
47000,155,0,1,Muğla,Menteşe,Karşıyaka Mah.,3,1
80000,140,6,2,Muğla,Bodrum,Geriş Mah.,2,1
450000,125,3,2,Muğla,Bodrum,Dirmil Mah.,2,1
40000,45,5,2,Muğla,Bodrum,Turgutreis Mah.,1,1
80000,110,16,1,Muğla,Bodrum,Turgutreis Mah.,2,1
90000,150,25,4,Muğla,Marmaris,Siteler Mah.,2,1
30000,95,0,2,Muğla,Milas,Güllük Mah.,2,1
19000,75,5,3,Muğla,Ortaca,Terzialiler Mah.,1,1
70000,120,16,2,Muğla,Marmaris,Armutalan Mah.,3,1
26000,130,16,1,Muğla,Köyceğiz,Gülpınar Mah.,3,1
25000,75,0,2,Muğla,Ortaca,Atatürk Mah.,2,1
27000,78,3,0,Muğla,Milas,Kemikler Mah.,2,1
33000,120,1,0,Muğla,Datça,Yazı Mah.,2,1
263000,95,2,0,Muğla,Bodrum,Bahçelievler Mah.,2,1
45000,130,11,2,Muğla,Köyceğiz,Ulucami Mah.,3,1
62500,140,21,2,Muğla,Bodrum,Koyunbaba Mah.,3,1
55000,60,2,5,Muğla,Bodrum,Bitez Mah.,1,1
27000,110,6,1,Muğla,Dalaman,Merkez Mah.,2,1
36000,140,4,4,Muğla,Yatağan,Konak Mah.,3,1
100000,160,11,0,Muğla,Bodrum,Koyunbaba Mah.,3,1
30000,140,16,2,Muğla,Ula,Demirtaş Mah.,4,1
15000,65,2,2,Muğla,Dalaman,Altıntas Mah.,1,1
400000,230,4,2,Muğla,Bodrum,Yalıkavak Mah.,3,1
30000,140,16,2,Muğla,Milas,Cumhuriyet Mah.,3,1
25000,60,2,3,Muğla,Fethiye,Yanıklar Mah.,1,1
20000,63,2,3,Muğla,Ortaca,Terzialiler Mah.,1,1
18500,55,3,2,Muğla,Dalaman,Şerefler Mah.,1,1
15000,55,0,2,Muğla,Dalaman,Söğütlüyurt Mah.,1,1
50000,135,31,0,Muğla,Bodrum,Güvercinlik Mah.,3,1
75000,110,16,0,Muğla,Bodrum,Küçükbük Mah.,2,1
26000,85,1,1,Muğla,Milas,Emek Mah.,2,0
32000,67,17,1,Muğla,Bodrum,Akçaalan Mah.,2,1
55000,60,15,0,Muğla,Bodrum,Cumhuriyet Mah.,2,10
20000,60,0,2,Muğla,Ortaca,Bahçelievler Mah.,1,1
27000,130,10,2,Muğla,Ortaca,Dalyan Mah.,2,1
19000,80,0,0,Muğla,Ortaca,Karaburun Mah.,2,1
80000,90,12,0,Muğla,Bodrum,Türkkuyusu Mah.,2,1
22000,110,16,2,Muğla,Dalaman,Merkez Mah.,3,1
35000,105,6,0,Muğla,Fethiye,Taşyaka Mah.,2,1
50000,110,21,2,Muğla,Marmaris,Sarıana Mah.,3,1
35000,55,11,2,Muğla,Menteşe,Emirbeyazıt Mah.,1,1
20000,46,0,0,Muğla,Marmaris,Orhaniye Mah.,2,1
26000,50,11,1,Muğla,Menteşe,Kötekli Mah.,1,1
60000,80,5,1,Muğla,Marmaris,Siteler Mah.,2,1
23000,50,6,2,Muğla,Menteşe,Kötekli Mah.,1,1
25000,60,2,2,Muğla,Ortaca,Terzialiler Mah.,1,1
65000,70,11,2,Muğla,Bodrum,Yalıkavak Mah.,2,1
75000,130,0,0,Muğla,Bodrum,Gümüşlük Mah.,3,1
180000,350,6,2,Muğla,Marmaris,Armutalan Mah.,4,1
40000,110,3,2,Muğla,Fethiye,Taşyaka Mah.,3,1
22000,145,11,1,Muğla,Fethiye,Karaçulha Mah.,3,1
30000,145,5,1,Muğla,Milas,Aydınlıkevler Mah.,4,1
42000,180,5,3,Muğla,Ortaca,Çaylı Mah.,2,1
19000,130,0,2,Muğla,Seydikemer,Gerişburnu Mah.,3,1
26000,85,0,2,Muğla,Ortaca,Çaylı Mah.,2,1
28500,100,4,0,Muğla,Köyceğiz,Gülpınar Mah.,2,1
40000,100,5,0,Muğla,Datça,Datça Mah.,2,1
78000,120,11,2,Muğla,Fethiye,Foça Mah.,3,1
18000,55,0,3,Muğla,Dalaman,Hürriyet Mah.,1,1
30000,70,6,0,Muğla,Milas,Boğaziçi Mah.,1,1
90000,460,25,2,Muğla,Bodrum,Çırkan Mah.,6,1
120000,110,5,2,Muğla,Bodrum,Eskiçeşme Mah.,2,1
75000,250,0,0,Muğla,Milas,Güllük Mah.,5,1
100000,555,6,0,Muğla,Köyceğiz,Zeytinalanı Mah.,6,1
100000,150,13,2,Muğla,Bodrum,Koyunbaba Mah.,3,1
32000,165,5,2,Muğla,Ortaca,Gölbaşı Mah.,3,1
120000,95,2,0,Muğla,Bodrum,Gündoğan Mah.,3,1
75000,140,6,0,Muğla,Bodrum,Geriş Mah.,3,1
29000,130,11,3,Muğla,Ula,Ayazkıyı Mah.,3,1
15500,60,4,2,Muğla,Dalaman,Altıntas Mah.,1,1
40000,70,6,2,Muğla,Bodrum,Bahçelievler Mah.,1,1
48000,80,25,5,Muğla,Marmaris,Sarıana Mah.,2,1
35000,70,5,0,Muğla,Bodrum,Karaova Mah.,2,1
30000,65,16,2,Muğla,Ula,Demirtaş Mah.,2,1
23000,80,0,2,Muğla,Ortaca,Çaylı Mah.,2,1
290000,250,6,0,Muğla,Bodrum,Akyarlar Mah.,4,1
70000,140,7,2,Muğla,Bodrum,Turgutreis Mah.,3,1
27500,55,0,0,Muğla,Fethiye,Karagedik Mah.,1,1
25000,55,15,1,Muğla,Milas,Beçin Mah.,1,1
190000,85,31,0,Muğla,Marmaris,Turunç Mah.,1,1
48000,150,6,2,Muğla,Fethiye,Foça Mah.,2,1
50000,115,16,0,Muğla,Bodrum,Cumhuriyet Mah.,2,1
25000,75,0,3,Muğla,Milas,Burgaz Mah.,2,1
25000,60,4,1,Muğla,Dalaman,Bezkese Mah.,1,1
40000,100,31,2,Muğla,Bodrum,Yokuşbaşı Mah.,2,1
100000,180,25,2,Muğla,Bodrum,Bitez Mah.,4,1
25000,120,10,5,Muğla,Köyceğiz,Gelişim Mah.,2,1
750000,1500,11,0,Muğla,Bodrum,Türkbükü Mah.,4,1
27000,120,5,2,Muğla,Ortaca,Atatürk Mah.,3,1
18000,115,12,3,Muğla,Dalaman,Merkez Mah.,2,1
12500,65,3,0,Muğla,Marmaris,Söğüt Mah.,1,0
60000,180,0,2,Muğla,Ula,Çıtlık Mah.,3,1
27000,65,0,3,Muğla,Ula,Demirtaş Mah.,2,1
180000,70,6,2,Muğla,Datça,İskele Mah.,2,1
50000,100,7,-2,Muğla,Bodrum,Küçükbük Mah.,2,1
65000,55,6,2,Muğla,Bodrum,Umurca Mah.,1,1
28000,90,5,3,Muğla,Dalaman,Atakent Mah.,2,1
55000,145,18,3,Muğla,Menteşe,Emirbeyazıt Mah.,3,1
45000,100,16,1,Muğla,Marmaris,Beldibi Mah.,2,1
30000,120,5,1,Muğla,Ortaca,Dalyan Mah.,2,1
60000,85,13,5,Muğla,Bodrum,Geriş Mah.,2,1
34000,95,31,2,Muğla,Menteşe,Orhaniye Mah.,2,1
21500,85,4,3,Muğla,Ortaca,Karaburun Mah.,2,1
50000,100,6,1,Muğla,Bodrum,Gümüşlük Mah.,2,1
25000,90,11,2,Muğla,Fethiye,Ölüdeniz Mah.,2,1
45000,90,11,2,Muğla,Marmaris,Çamdibi Mah.,2,1
75000,140,6,2,Muğla,Fethiye,Göcek Mah.,4,1
25000,85,3,5,Muğla,Menteşe,Bayır Mah.,2,1
18000,55,4,1,Muğla,Dalaman,Altıntas Mah.,1,1
65000,150,11,0,Muğla,Bodrum,Yalıkavak Mah.,2,1
30000,120,5,5,Muğla,Ortaca,Cumhuriyet Mah.,3,0
38000,120,4,2,Muğla,Fethiye,Karaçulha Mah.,3,1
55000,130,10,1,Muğla,Bodrum,Gümbet Mah.,3,1
40000,70,6,2,Muğla,Fethiye,Akarca Mah.,1,1
45000,190,11,0,Muğla,Seydikemer,Kadıköy Mah.,3,1
30000,90,3,0,Muğla,Milas,Güllük Mah.,2,1
155000,102,6,2,Muğla,Bodrum,Dirmil Mah.,2,1
90000,300,1,2,Muğla,Bodrum,Gündoğan Mah.,4,1
14000,40,11,5,Muğla,Menteşe,Kötekli Mah.,1,1
30000,105,35,3,Muğla,Menteşe,Emirbeyazıt Mah.,2,1
50000,110,11,2,Muğla,Bodrum,Bahçelievler Mah.,2,1
40000,55,5,3,Muğla,Fethiye,Cumhuriyet Mah.,1,1
40000,50,8,5,Muğla,Bodrum,Yokuşbaşı Mah.,1,1
19000,60,3,2,Muğla,Dalaman,Altıntas Mah.,1,1
35000,90,7,0,Muğla,Ula,Gökova Mah.,2,1
50000,95,21,2,Muğla,Bodrum,Farilya Mah.,2,1
55000,70,10,2,Muğla,Bodrum,Cumhuriyet Mah.,2,1
100000,200,0,0,Muğla,Fethiye,Foça Mah.,4,1
80000,55,28,1,Muğla,Marmaris,Kemeraltı Mah.,1,1
18000,120,20,2,Muğla,Fethiye,Çamköy Mah.,2,1
55000,65,20,0,Muğla,Bodrum,Cumhuriyet Mah.,2,1
250000,220,4,2,Muğla,Bodrum,Yalıkavak Mah.,3,1
42000,120,6,5,Muğla,Marmaris,Gölenye Mah.,2,1
15500,60,3,2,Muğla,Ortaca,Karaburun Mah.,1,1
34000,50,6,0,Muğla,Menteşe,Muslihittin Mah.,1,1
25000,25,31,3,Muğla,Marmaris,Tepe Mah.,1,0
22000,55,0,0,Muğla,Ortaca,Cumhuriyet Mah.,1,1
42500,75,16,1,Muğla,Datça,İskele Mah.,2,1
36000,240,31,2,Muğla,Fethiye,Çiftlik Mah.,4,1
45000,80,0,2,Muğla,Fethiye,Cami Mah.,2,1
65000,75,10,2,Muğla,Bodrum,Turgutreis Mah.,2,1
60000,80,0,2,Muğla,Bodrum,Yeniköy Mah.,2,1
47000,150,1,2,Muğla,Ortaca,Yerbelen Mah.,4,1
28000,100,3,2,Muğla,Dalaman,Atakent Mah.,2,1
50000,160,11,2,Muğla,Milas,Bozbük Mah.,3,1
50000,150,20,2,Muğla,Bodrum,Konacık Mah.,4,1
23000,155,0,1,Muğla,Milas,Tuzabat Mah.,2,1
42500,65,16,0,Muğla,Bodrum,Gürece Mah.,2,1
22000,60,2,2,Muğla,Dalaman,Altıntas Mah.,1,1
17500,70,3,1,Muğla,Dalaman,Hürriyet Mah.,1,1
60000,180,15,3,Muğla,Fethiye,Karagedik Mah.,3,1
74000,145,2,0,Muğla,Bodrum,Gümüşlük Mah.,3,1
28000,160,5,2,Muğla,Milas,Aydınlıkevler Mah.,3,1
90000,140,0,2,Muğla,Ula,Ataköy Mah.,4,1
27000,118,11,2,Muğla,Dalaman,Altıntas Mah.,2,1
37500,86,3,3,Muğla,Dalaman,Altıntas Mah.,2,1
50000,100,16,2,Muğla,Milas,Bozalan Mah.,3,1
30000,22,3,2,Muğla,Köyceğiz,Döğüşbelen Mah.,1,1
27500,160,6,2,Muğla,Milas,Beçin Mah.,3,1
17000,64,2,2,Muğla,Dalaman,Merkez Mah.,1,1
27000,85,2,2,Muğla,Ortaca,Cumhuriyet Mah.,2,1
24000,65,0,3,Muğla,Fethiye,Karaçulha Mah.,1,1
20000,110,25,1,Muğla,Dalaman,Atakent Mah.,2,1
30000,140,0,2,Muğla,Ortaca,Cumhuriyet Mah.,3,1
22000,70,1,0,Muğla,Bodrum,Gölbaşı Mah.,2,1
20000,65,0,2,Muğla,Seydikemer,Eşen Mah.,1,1
75000,130,16,1,Muğla,Fethiye,Foça Mah.,3,1
200000,300,5,0,Muğla,Bodrum,Gümüşlük Mah.,5,2
45000,60,3,3,Muğla,Fethiye,Cumhuriyet Mah.,1,1
40000,85,1,2,Muğla,Fethiye,Kayaköy Mah.,1,1
50000,150,1,1,Muğla,Dalaman,Karaçalı Mah.,4,1
35000,75,20,-2,Muğla,Bodrum,Akyarlar Mah.,2,1
32500,65,11,0,Muğla,Bodrum,Koyunbaba Mah.,1,1
27000,100,0,2,Muğla,Ortaca,Yerbelen Mah.,2,1
100000,90,11,0,Muğla,Milas,Güllük Mah.,2,1
105000,120,2,2,Muğla,Bodrum,Torba Mah.,3,1
25000,85,3,3,Muğla,Menteşe,Bayır Mah.,2,1
50000,35,0,0,Muğla,Bodrum,Bitez Mah.,1,1
22000,40,10,1,Muğla,Menteşe,Kötekli Mah.,1,1
20000,100,5,1,Muğla,Menteşe,Doğan Mah.,2,1
200000,80,16,0,Muğla,Bodrum,İslamhaneleri Mah.,2,1
30000,90,0,5,Muğla,Bodrum,Mumcular Mah.,2,1
35000,95,26,3,Muğla,Fethiye,Karagözler Mah.,2,1
26000,50,5,0,Muğla,Menteşe,Yeniköy Mah.,1,1
65000,90,4,2,Muğla,Bodrum,Dirmil Mah.,2,1
1100000,760,3,0,Muğla,Bodrum,Dirmil Mah.,4,1
65000,120,1,5,Muğla,Bodrum,Gümbet Mah.,1,1
37000,72,6,3,Muğla,Fethiye,Taşyaka Mah.,1,1
70000,114,11,2,Muğla,Bodrum,Turgutreis Mah.,2,1
55000,120,21,0,Muğla,Marmaris,Kemeraltı Mah.,3,1
65000,55,21,2,Muğla,Marmaris,İçmeler Mah.,1,1
18000,35,11,0,Muğla,Menteşe,Kötekli Mah.,1,1
16000,55,0,1,Muğla,Ortaca,Karaburun Mah.,1,1
28000,90,6,5,Muğla,Ortaca,Cumhuriyet Mah.,2,1
55000,110,25,1,Muğla,Bodrum,Yalıkavak Mah.,4,1
45000,80,5,1,Muğla,Datça,İskele Mah.,2,1
14000,60,7,1,Muğla,Seydikemer,Gerişburnu Mah.,1,1
30000,55,4,0,Muğla,Milas,Boğaziçi Mah.,1,1
25000,80,3,2,Muğla,Ortaca,Beşköprü Mah.,2,1
110000,225,2,2,Muğla,Fethiye,Akarca Mah.,4,1
37000,130,11,3,Muğla,Fethiye,Akarca Mah.,3,1
35000,100,6,1,Muğla,Dalaman,Söğütlüyurt Mah.,2,1
125000,250,15,2,Muğla,Bodrum,Torba Mah.,4,1
25000,60,2,3,Muğla,Dalaman,Hürriyet Mah.,1,1
45000,90,1,0,Muğla,Seydikemer,Zorlar Mah.,2,1
25000,55,2,1,Muğla,Ortaca,Karaburun Mah.,1,1
50000,150,9,2,Muğla,Ortaca,Çaylı Mah.,4,1
55000,95,21,0,Muğla,Bodrum,Eskiçeşme Mah.,2,1
65000,75,1,0,Muğla,Fethiye,Yeni Mah.,2,1
22000,150,7,0,Muğla,Yatağan,Yeni Mah.,3,1
45000,55,11,1,Muğla,Bodrum,Eskiçeşme Mah.,1,1
25000,100,4,3,Muğla,Dalaman,Karaçalı Mah.,2,1
18000,95,2,2,Muğla,Seydikemer,Cumhuriyet Mah.,2,1
140000,200,12,0,Muğla,Bodrum,Koyunbaba Mah.,2,1
120000,130,16,2,Muğla,Bodrum,Gölköy Mah.,3,1
35000,80,16,1,Muğla,Marmaris,Turunç Mah.,2,1
30000,130,15,2,Muğla,Dalaman,Ege Mah.,3,1
25000,85,4,2,Muğla,Milas,Hacıabti Mah.,2,1
22000,75,5,2,Muğla,Fethiye,Yeni Mah.,2,1
26000,110,5,2,Muğla,Ortaca,Karaburun Mah.,2,1
27500,60,2,3,Muğla,Ortaca,Beşköprü Mah.,1,1
90000,110,6,1,Muğla,Marmaris,Çıldır Mah.,2,1
32000,130,16,2,Muğla,Fethiye,Tuzla Mah.,3,1
50000,150,2,2,Muğla,Milas,İsmet Paşa Mah.,3,1
55000,90,4,4,Muğla,Fethiye,Cumhuriyet Mah.,2,1
22000,65,4,2,Muğla,Dalaman,Altıntas Mah.,1,1
16500,60,0,2,Muğla,Ortaca,Çaylı Mah.,1,1
150000,102,12,0,Muğla,Bodrum,Dirmil Mah.,2,1
55000,180,11,0,Muğla,Dalaman,Altıntas Mah.,4,1
20000,56,0,2,Muğla,Köyceğiz,Gelişim Mah.,1,1
25000,140,11,3,Muğla,Dalaman,Karaçalı Mah.,2,1
35000,110,20,5,Muğla,Menteşe,Emirbeyazıt Mah.,3,1
27000,70,0,3,Muğla,Fethiye,Yeni Mah.,1,1
24000,155,15,2,Muğla,Köyceğiz,Gelişim Mah.,3,1
65000,110,6,2,Muğla,Ula,Akyaka Mah.,3,1
130000,95,16,0,Muğla,Milas,Boğaziçi Mah.,2,1
17500,65,29,0,Muğla,Menteşe,Karşıyaka Mah.,2,1
25000,85,5,2,Muğla,Dalaman,Hürriyet Mah.,2,1
43000,100,5,3,Muğla,Milas,Güllük Mah.,2,1
90000,160,15,2,Muğla,Bodrum,Akçaalan Mah.,7,7
30000,140,9,2,Muğla,Milas,Aydınlıkevler Mah.,3,1
23000,55,16,3,Muğla,Dalaman,Altıntas Mah.,1,1
23000,94,0,1,Muğla,Yatağan,Yeni Mah.,2,1
30000,150,4,2,Muğla,Milas,Gümüşlük Mah.,3,1
25000,95,0,5,Muğla,Köyceğiz,Toparlar Mah.,2,1
28000,40,6,2,Muğla,Bodrum,Gürece Mah.,1,0
17500,45,15,0,Muğla,Menteşe,Kötekli Mah.,1,1
27000,75,11,3,Muğla,Fethiye,Patlangıç Mah.,2,1
150000,170,4,2,Muğla,Milas,Boğaziçi Mah.,3,1
410000,110,3,2,Muğla,Bodrum,Dirmil Mah.,2,1
55000,70,5,0,Muğla,Bodrum,Yakaköy Mah.,2,1
18000,60,1,0,Muğla,Marmaris,Hisarönü Mah.,1,1
40000,75,6,0,Muğla,Datça,İskele Mah.,2,1
60000,130,21,0,Muğla,Bodrum,Peksimet Mah.,3,1
70000,120,15,1,Muğla,Marmaris,Gölenye Mah.,2,1
70000,140,1,2,Muğla,Menteşe,Gülağzı Mah.,3,1
22000,120,9,5,Muğla,Fethiye,Patlangıç Mah.,3,1
100000,135,12,2,Muğla,Bodrum,Geriş Mah.,3,1
55000,70,23,2,Muğla,Marmaris,Söğüt Mah.,2,1
12000,120,25,2,Muğla,Yatağan,Eskihisar Mah.,3,1
18000,33,7,2,Muğla,Menteşe,Emirbeyazıt Mah.,1,0
23000,55,4,4,Muğla,Ortaca,Beşköprü Mah.,1,1
35000,110,15,0,Muğla,Bodrum,Dirmil Mah.,3,1
30000,65,10,3,Muğla,Milas,Meşelik Mah.,2,1
75000,150,16,2,Muğla,Marmaris,Camiavlu Mah.,3,1
38000,90,4,3,Muğla,Bodrum,Mumcular Mah.,2,1
18000,80,0,1,Muğla,Seydikemer,Belen Mah.,2,1
80000,155,15,2,Muğla,Bodrum,Torba Mah.,4,1
40000,150,11,2,Muğla,Menteşe,Karamehmet Mah.,3,1
32000,110,11,0,Muğla,Fethiye,Patlangıç Mah.,2,1
24000,85,4,3,Muğla,Milas,Güneş Mah.,2,1
170000,380,6,2,Muğla,Bodrum,Gürece Mah.,4,2
55000,120,26,0,Muğla,Bodrum,Cumhuriyet Mah.,2,1
100000,185,6,0,Muğla,Bodrum,Çırkan Mah.,3,1
540000,210,16,1,Muğla,Marmaris,Turunç Mah.,5,1
23000,65,5,0,Muğla,Bodrum,Mumcular Mah.,2,1
50000,140,1,1,Muğla,Fethiye,Çamköy Mah.,4,1
50000,220,31,0,Muğla,Datça,İskele Mah.,3,1
27000,100,3,1,Muğla,Dalaman,Söğütlüyurt Mah.,2,1
70000,170,4,2,Muğla,Bodrum,Yahşi Mah.,3,1
35000,170,6,3,Muğla,Dalaman,Merkez Mah.,3,1
23000,90,21,5,Muğla,Fethiye,Babataşı Mah.,1,1
150000,225,6,0,Muğla,Bodrum,Akyarlar Mah.,4,2
30000,55,8,0,Muğla,Bodrum,Eskiçeşme Mah.,1,1
30000,140,0,1,Muğla,Ortaca,Cumhuriyet Mah.,3,1
39000,120,4,2,Muğla,Ortaca,Mergenli Mah.,3,1
18000,85,16,1,Muğla,Ortaca,Cumhuriyet Mah.,1,1
20000,120,11,1,Muğla,Ortaca,Güzelyurt Mah.,2,1
30000,55,6,0,Muğla,Bodrum,Gürece Mah.,1,1
33000,60,6,3,Muğla,Datça,İskele Mah.,1,1
25000,90,11,5,Muğla,Fethiye,Pazaryeri Mah.,2,1
25000,56,5,1,Muğla,Dalaman,Atakent Mah.,1,1
20000,45,11,5,Muğla,Menteşe,Kötekli Mah.,1,1
50000,150,8,0,Muğla,Bodrum,Yeniköy Mah.,3,1
420000,90,5,2,Muğla,Bodrum,Dirmil Mah.,2,1
37500,110,11,5,Muğla,Fethiye,Babataşı Mah.,2,1
30000,85,5,2,Muğla,Dalaman,Altıntas Mah.,2,1
25000,55,5,0,Muğla,Fethiye,Yeni Mah.,1,1
40000,110,1,0,Muğla,Dalaman,Bezkese Mah.,2,1
150000,80,11,0,Muğla,Bodrum,Yalıkavak Mah.,2,1
15000,51,0,2,Muğla,Ortaca,Yerbelen Mah.,1,1
40000,90,21,0,Muğla,Bodrum,Karabağ Mah.,3,1
30000,135,4,2,Muğla,Milas,Hacı İlyas Mah.,3,1
30000,55,10,2,Muğla,Ula,Gökova Mah.,1,1
1550000,380,4,0,Muğla,Bodrum,Gölköy Mah.,4,1
95000,160,9,0,Muğla,Bodrum,Gündoğan Mah.,4,1
35000,50,11,1,Muğla,Bodrum,Konacık Mah.,1,1
60000,85,15,3,Muğla,Bodrum,Eskiçeşme Mah.,2,1
28500,65,6,4,Muğla,Menteşe,Kötekli Mah.,2,1
30000,100,16,1,Muğla,Fethiye,Kargı Mah.,2,1
25000,100,6,3,Muğla,Bodrum,Mumcular Mah.,3,1
47500,140,1,2,Muğla,Fethiye,Karaçulha Mah.,4,1
45000,110,26,2,Muğla,Datça,İskele Mah.,3,1
55000,180,1,0,Muğla,Dalaman,Karaçalı Mah.,4,1
5200000,85,3,1,Muğla,Dalaman,Merkez Mah.,2,1
47000,70,4,0,Muğla,Bodrum,Bitez Mah.,1,1
45000,50,3,2,Muğla,Bodrum,Eskiçeşme Mah.,1,1
30000,37,21,0,Muğla,Marmaris,Kemeraltı Mah.,1,0
20000,60,3,2,Muğla,Dalaman,Merkez Mah.,1,1
30000,85,3,2,Muğla,Ortaca,Arıkbaşı Mah.,2,1
29000,60,6,2,Muğla,Datça,İskele Mah.,1,1
45000,66,1,2,Muğla,Marmaris,Orhaniye Mah.,3,1
19999,35,6,0,Muğla,Fethiye,Karagedik Mah.,1,1
30000,50,0,0,Muğla,Milas,Meşelik Mah.,2,1
30000,50,16,2,Muğla,Fethiye,Foça Mah.,1,1
15000,75,6,3,Muğla,Milas,Aydınlıkevler Mah.,2,1
50000,135,6,2,Muğla,Fethiye,Taşyaka Mah.,2,1
25000,110,2,2,Muğla,Milas,Gümüşlük Mah.,2,1
40000,60,15,2,Muğla,Bodrum,Eskiçeşme Mah.,1,1
15000,50,26,1,Muğla,Dalaman,Merkez Mah.,1,1
35000,75,16,3,Muğla,Köyceğiz,Gülpınar Mah.,2,1
115000,100,26,2,Muğla,Bodrum,Peksimet Mah.,2,1
30000,75,16,3,Muğla,Fethiye,Tuzla Mah.,2,1
25000,110,22,1,Muğla,Menteşe,Emirbeyazıt Mah.,3,1
15000,60,5,0,Muğla,Marmaris,Hisarönü Mah.,1,1
35000,55,6,2,Muğla,Fethiye,Patlangıç Mah.,1,1
55000,90,11,0,Muğla,Bodrum,Bitez Mah.,1,1
32000,45,1,2,Muğla,Menteşe,Yeniköy Mah.,1,1
25000,115,11,1,Muğla,Milas,Beçin Mah.,3,1
45000,85,21,0,Muğla,Bodrum,Türkkuyusu Mah.,2,1
45000,165,6,1,Muğla,Ortaca,Cumhuriyet Mah.,3,1
23000,90,28,5,Muğla,Ortaca,Atatürk Mah.,2,1
36000,90,16,1,Muğla,Marmaris,Beldibi Mah.,2,1
35000,140,0,2,Muğla,Dalaman,Altıntas Mah.,3,1
80000,200,3,3,Muğla,Menteşe,Orhaniye Mah.,3,1
22000,60,2,3,Muğla,Dalaman,Söğütlüyurt Mah.,1,1
23000,80,5,0,Muğla,Bodrum,Mumcular Mah.,2,1
120000,280,1,2,Muğla,Bodrum,Geriş Mah.,4,1
60000,110,15,1,Muğla,Bodrum,Müskebi Mah.,3,1
29000,60,6,2,Muğla,Datça,İskele Mah.,1,1
25000,70,11,0,Muğla,Marmaris,Turunç Mah.,2,1
40000,80,0,0,Muğla,Ula,Gökova Mah.,2,1
30000,145,2,2,Muğla,Ortaca,Atatürk Mah.,3,1
26000,77,0,2,Muğla,Menteşe,Bayır Mah.,2,1
90000,125,2,0,Muğla,Bodrum,Geriş Mah.,3,1
32500,65,8,0,Muğla,Bodrum,Yeniköy Mah.,1,1
42000,100,7,2,Muğla,Fethiye,İncirköy Mah.,2,1
30000,65,2,0,Muğla,Marmaris,Orhaniye Mah.,1,1
15000,75,0,0,Muğla,Seydikemer,Gerişburnu Mah.,2,1
22000,100,16,5,Muğla,Fethiye,Foça Mah.,2,1
35000,75,23,2,Muğla,Bodrum,Turgutreis Mah.,2,1
32000,45,11,3,Muğla,Bodrum,Çırkan Mah.,1,1
70000,120,9,0,Muğla,Bodrum,Konacık Mah.,3,1
20000,80,3,2,Muğla,Fethiye,Karaçulha Mah.,1,1
45000,95,16,2,Muğla,Fethiye,Babataşı Mah.,2,1
28000,60,5,2,Muğla,Datça,İskele Mah.,1,1
18000,55,23,0,Muğla,Menteşe,Karamehmet Mah.,1,1
55000,118,8,1,Muğla,Menteşe,Orhaniye Mah.,2,1
220000,160,15,0,Muğla,Bodrum,Gümbet Mah.,3,1
40000,120,11,5,Muğla,Fethiye,Akarca Mah.,3,1
35000,120,10,4,Muğla,Milas,Ahmet Çavuş Hayıtlı Mah.,3,1
120000,120,11,0,Muğla,Bodrum,Koyunbaba Mah.,2,1
22000,80,0,0,Muğla,Bodrum,Karaova Mah.,2,1
26500,55,2,3,Muğla,Fethiye,Taşyaka Mah.,1,1
45000,105,26,0,Muğla,Marmaris,Siteler Mah.,2,1
25500,45,6,1,Muğla,Menteşe,Kötekli Mah.,1,1
22000,125,0,3,Muğla,Seydikemer,Menekşe Mah.,2,1
22000,75,5,0,Muğla,Fethiye,Karaçulha Mah.,2,1
30000,160,11,4,Muğla,Milas,Cumhuriyet Mah.,3,1
23000,57,0,3,Muğla,Fethiye,Karaçulha Mah.,1,1
32000,120,2,1,Muğla,Fethiye,Karagedik Mah.,2,1
30000,85,3,3,Muğla,Ortaca,Bahçelievler Mah.,2,1
20000,55,3,3,Muğla,Ortaca,Karadonlar Mah.,1,1
170000,160,15,0,Muğla,Datça,İskele Mah.,2,1
15000,65,6,0,Muğla,Menteşe,Kötekli Mah.,2,1
350000,240,0,2,Muğla,Bodrum,Gümüşlük Mah.,3,1
32500,80,0,1,Muğla,Milas,Boğaziçi Mah.,2,1
450000,190,4,2,Muğla,Bodrum,Yalıkavak Mah.,3,1
40000,90,1,2,Muğla,Bodrum,Mazıköy Mah.,2,1
30000,45,26,0,Muğla,Bodrum,Akçaalan Mah.,1,1
25000,75,0,-1,Muğla,Milas,Beçin Mah.,2,0
200000,160,27,0,Muğla,Milas,Meşelik Mah.,4,1
21000,88,22,3,Muğla,Milas,Burgaz Mah.,2,1
50000,100,21,0,Muğla,Bodrum,Turgutreis Mah.,4,1
25000,180,11,1,Muğla,Dalaman,Merkez Mah.,4,1
55000,75,30,5,Muğla,Bodrum,Türkkuyusu Mah.,2,0
55000,80,11,2,Muğla,Bodrum,Konacık Mah.,2,1
26000,55,6,4,Muğla,Menteşe,Kötekli Mah.,2,0
300000,670,2,0,Muğla,Bodrum,Yalıkavak Mah.,5,2
40000,150,5,2,Muğla,Fethiye,Cami Mah.,4,1
35000,80,11,0,Muğla,Bodrum,Geriş Mah.,2,1
50000,250,31,0,Muğla,Fethiye,Yanıklar Mah.,3,1
22000,60,2,1,Muğla,Ortaca,Terzialiler Mah.,1,1
17500,80,21,2,Muğla,Milas,Burgaz Mah.,2,1
28000,125,3,1,Muğla,Menteşe,Bayır Mah.,3,1
35000,110,10,5,Muğla,Köyceğiz,Gelişim Mah.,3,1
60000,110,15,0,Muğla,Bodrum,Cumhuriyet Mah.,2,1
50000,500,6,2,Muğla,Fethiye,Pazaryeri Mah.,2,1
45000,90,5,1,Muğla,Datça,İskele Mah.,2,1
175000,140,16,0,Muğla,Milas,Kıyıkışlacık Mah.,3,1
200000,64,20,0,Muğla,Bodrum,Yahşi Mah.,1,1
65000,150,20,2,Muğla,Bodrum,Cumhuriyet Mah.,2,1
65000,125,21,0,Muğla,Bodrum,Dirmil Mah.,2,1
180000,200,25,2,Muğla,Bodrum,Yalıkavak Mah.,3,2
80000,150,16,2,Muğla,Marmaris,Camiavlu Mah.,3,1
70000,100,16,3,Muğla,Milas,Güllük Mah.,2,1
160000,140,2,2,Muğla,Bodrum,Gölköy Mah.,3,1
100000,250,26,2,Muğla,Bodrum,Geriş Mah.,4,1
200000,160,16,0,Muğla,Bodrum,Geriş Mah.,2,1
52500,85,0,2,Muğla,Milas,Boğaziçi Mah.,2,1
40000,52,0,0,Muğla,Milas,Akyol Mah.,1,1
75000,120,20,2,Muğla,Milas,Boğaziçi Mah.,2,1
70000,260,3,0,Muğla,Fethiye,Ölüdeniz Mah.,3,1
140000,220,4,2,Muğla,Fethiye,İnlice Mah.,4,1
65000,110,16,2,Muğla,Bodrum,Koyunbaba Mah.,2,1
100000,500,31,0,Muğla,Bodrum,Dirmil Mah.,3,1
180000,220,6,0,Muğla,Bodrum,Gölköy Mah.,3,1
37500,120,18,2,Muğla,Milas,Boğaziçi Mah.,2,1
15000,180,10,2,Muğla,Ortaca,Dalyan Mah.,4,1
130000,120,16,1,Muğla,Bodrum,Bahçelievler Mah.,3,1
130000,55,4,2,Muğla,Bodrum,Gümbet Mah.,1,1
80000,150,15,0,Muğla,Marmaris,Armutalan Mah.,2,1
250000,600,11,0,Muğla,Bodrum,Akyarlar Mah.,4,1
28500,130,22,5,Muğla,Milas,Cumhuriyet Mah.,3,1
85000,220,16,2,Muğla,Milas,Boğaziçi Mah.,3,1
130000,210,11,4,Muğla,Marmaris,Siteler Mah.,3,1
100000,100,20,1,Muğla,Bodrum,İslamhaneleri Mah.,3,1
95000,78,15,0,Muğla,Bodrum,Küçükbük Mah.,1,1
37500,85,11,2,Muğla,Fethiye,Foça Mah.,2,1
32000,110,30,-2,Muğla,Köyceğiz,Gülpınar Mah.,2,1
150000,160,2,2,Muğla,Milas,Boğaziçi Mah.,4,1
125000,70,1,0,Muğla,Bodrum,Dirmil Mah.,1,1
40000,125,10,0,Muğla,Milas,Ören Mah.,2,1
14500000,220,1,2,Muğla,Dalaman,Ege Mah.,5,1
50000,100,30,0,Muğla,Bodrum,Akyarlar Mah.,3,1
90000,110,15,2,Muğla,Bodrum,Türkbükü Mah.,3,1
300000,110,10,0,Muğla,Milas,Meşelik Mah.,2,1
28000,95,4,0,Muğla,Ortaca,Bahçelievler Mah.,2,1
290000,150,26,2,Muğla,Bodrum,Türkbükü Mah.,2,1
32000,50,5,0,Muğla,Ula,Akyaka Mah.,1,1
30000,38,11,0,Muğla,Bodrum,Gündoğan Mah.,1,0
30000,65,26,0,Muğla,Fethiye,Cumhuriyet Mah.,1,1
20000,85,2,2,Muğla,Ortaca,Beşköprü Mah.,1,1
70000,155,5,3,Muğla,Ortaca,Bahçelievler Mah.,3,1
17500,40,6,5,Muğla,Menteşe,Kötekli Mah.,1,0
38000,95,4,0,Muğla,Dalaman,Akçataş Mah.,2,1
65000,100,15,2,Muğla,Bodrum,Konacık Mah.,3,0
33000,160,6,0,Muğla,Fethiye,Ölüdeniz Mah.,3,1
22000,310,25,0,Muğla,Milas,Hacıabti Mah.,1,0
35000,85,4,1,Muğla,Köyceğiz,Ulucami Mah.,2,1
32500,55,8,0,Muğla,Bodrum,Bitez Mah.,1,1
150000,75,11,0,Muğla,Bodrum,Turgutreis Mah.,2,1
300000,160,3,2,Muğla,Bodrum,Dirmil Mah.,3,1
35000,90,15,5,Muğla,Bodrum,Mumcular Mah.,3,1
45000,115,19,2,Muğla,Bodrum,Akyarlar Mah.,3,0
36000,140,6,3,Muğla,Menteşe,Bayır Mah.,3,1
180000,70,12,5,Muğla,Bodrum,Geriş Mah.,2,1
25000,85,8,3,Muğla,Milas,Gümüşlük Mah.,2,1
20000,60,4,3,Muğla,Dalaman,Bezkese Mah.,1,1
27000,50,5,5,Muğla,Menteşe,Yeniköy Mah.,1,1
46000,112,0,2,Muğla,Ula,Gökova Mah.,3,1
26000,105,3,2,Muğla,Milas,Gümüşlük Mah.,3,1
17000,100,16,2,Muğla,Ortaca,Bahçelievler Mah.,2,1
40000,105,1,2,Muğla,Dalaman,Şerefler Mah.,2,1
150000,150,6,0,Muğla,Bodrum,Yahşi Mah.,3,1
40000,205,3,3,Muğla,Dalaman,Hürriyet Mah.,4,1
2750000,600,2,0,Muğla,Bodrum,Yalıkavak Mah.,3,1
45000,135,10,0,Muğla,Ortaca,Fevziye Mah.,3,1
18000,75,4,4,Muğla,Dalaman,Altıntas Mah.,1,1
100000,250,0,2,Muğla,Milas,Güllük Mah.,4,2
48000,165,26,0,Muğla,Datça,İskele Mah.,4,1
18000,60,0,0,Muğla,Ortaca,Bahçelievler Mah.,1,1
65000,90,11,2,Muğla,Bodrum,Geriş Mah.,2,1
550000,240,16,2,Muğla,Bodrum,Yalıkavak Mah.,4,1
75000,100,0,1,Muğla,Bodrum,Torba Mah.,2,1
450000,500,4,0,Muğla,Bodrum,Gölköy Mah.,5,1
80000,182,16,0,Muğla,Bodrum,Kumbahçe Mah.,3,1
58000,185,5,2,Muğla,Köyceğiz,Ulucami Mah.,4,2
1500000,220,5,0,Muğla,Fethiye,Göcek Mah.,4,1
125000,110,16,0,Muğla,Bodrum,Akyarlar Mah.,2,1
17500,54,0,2,Muğla,Ortaca,Arıkbaşı Mah.,1,1
400000,240,11,0,Muğla,Bodrum,Yahşi Mah.,3,1
55000,140,11,0,Muğla,Bodrum,Umurca Mah.,2,1
65000,130,16,0,Muğla,Bodrum,Cumhuriyet Mah.,3,1
175000,130,11,0,Muğla,Bodrum,Koyunbaba Mah.,2,1
100000,250,10,2,Muğla,Bodrum,Dirmil Mah.,3,1
45000,85,2,2,Muğla,Fethiye,Kesikkapı Mah.,2,1
23000,50,1,1,Muğla,Milas,Emek Mah.,1,1
40000,130,16,0,Muğla,Milas,Cumhuriyet Mah.,3,1
25000,55,6,4,Muğla,Menteşe,Kötekli Mah.,1,1
25000,65,1,2,Muğla,Dalaman,Altıntas Mah.,1,1
27000,115,15,2,Muğla,Köyceğiz,Beyobası Mah.,2,1
85000,75,25,1,Muğla,Bodrum,İslamhaneleri Mah.,2,1
350000,120,30,2,Muğla,Datça,Emecik Mah.,3,1
25000,80,6,2,Muğla,Menteşe,Bayır Mah.,2,1
28000,60,11,4,Muğla,Menteşe,Kötekli Mah.,2,1
30000,60,16,1,Muğla,Marmaris,Siteler Mah.,1,1
63000,90,7,5,Muğla,Bodrum,Müskebi Mah.,2,1
30000,70,11,0,Muğla,Milas,Boğaziçi Mah.,2,1
120000,130,0,0,Muğla,Bodrum,Gündoğan Mah.,4,1
25000,50,21,4,Muğla,Menteşe,Şeyh Mah.,1,1
20000,55,0,5,Muğla,Ortaca,Beşköprü Mah.,1,1
25000,80,0,1,Muğla,Milas,Emek Mah.,2,1
25000,55,4,2,Muğla,Ortaca,Beşköprü Mah.,1,1
35000,55,21,3,Muğla,Marmaris,Siteler Mah.,1,1
15000,310,25,0,Muğla,Milas,Hacıabti Mah.,1,0
200000,95,11,0,Muğla,Bodrum,Dirmil Mah.,2,1
38000,70,16,0,Muğla,Bodrum,Akyarlar Mah.,1,1
50000,110,6,2,Muğla,Bodrum,Müskebi Mah.,2,1
29000,130,16,5,Muğla,Milas,İsmet Paşa Mah.,3,1
1000000,130,2,0,Muğla,Fethiye,İncirköy Mah.,2,1
65000,130,0,0,Muğla,Köyceğiz,Döğüşbelen Mah.,2,1
265000,285,4,0,Muğla,Bodrum,Dirmil Mah.,3,1
80000,190,21,0,Muğla,Bodrum,Torba Mah.,3,1
35000,140,5,2,Muğla,Dalaman,Hürriyet Mah.,3,1
25000,95,0,1,Muğla,Ortaca,Arıkbaşı Mah.,2,1
125000,180,11,0,Muğla,Bodrum,Bitez Mah.,4,1
25000,120,0,2,Muğla,Seydikemer,Gerişburnu Mah.,3,1
140000,105,21,0,Muğla,Bodrum,İslamhaneleri Mah.,2,1
125000,250,2,0,Muğla,Dalaman,Atakent Mah.,6,1
35000,80,0,0,Muğla,Ula,Gökova Mah.,2,1
35000,85,2,2,Muğla,Milas,Boğaziçi Mah.,2,1
22000,99,6,2,Muğla,Dalaman,Söğütlüyurt Mah.,2,1
50000,80,11,0,Muğla,Bodrum,Bitez Mah.,2,1
160000,190,2,0,Muğla,Bodrum,Yahşi Mah.,4,1
95000,120,1,2,Muğla,Fethiye,Ölüdeniz Mah.,3,1
1300000,220,16,2,Muğla,Fethiye,Göcek Mah.,4,1
200000,350,3,0,Muğla,Bodrum,Dirmil Mah.,5,1
45000,145,0,2,Muğla,Köyceğiz,Gelişim Mah.,3,1
18000,85,0,1,Muğla,Seydikemer,Gerişburnu Mah.,2,1
55000,85,11,1,Muğla,Datça,İskele Mah.,2,1
165000,120,20,2,Muğla,Bodrum,Akyarlar Mah.,3,0
32000,85,1,1,Muğla,Fethiye,Patlangıç Mah.,2,1
50000,140,11,1,Muğla,Marmaris,İçmeler Mah.,2,1
35000,60,6,1,Muğla,Datça,İskele Mah.,1,1
19000,156,10,0,Muğla,Seydikemer,Zorlar Mah.,4,1
200000,90,5,1,Muğla,Fethiye,Karagedik Mah.,2,1
38000,55,1,2,Muğla,Bodrum,İslamhaneleri Mah.,1,1
100000,180,25,2,Muğla,Bodrum,Akyarlar Mah.,4,1
70000,142,19,2,Muğla,Bodrum,Gündoğan Mah.,3,1
25000,85,21,0,Muğla,Fethiye,Pazaryeri Mah.,2,1
140000,80,1,0,Muğla,Datça,İskele Mah.,2,2
25000,75,25,2,Muğla,Ortaca,Dalyan Mah.,1,1
75000,35,1,2,Muğla,Bodrum,Bitez Mah.,1,1
75000,160,3,2,Muğla,Menteşe,Orhaniye Mah.,3,1
33000,100,15,2,Muğla,Milas,Güllük Mah.,2,1
14000,140,15,0,Muğla,Seydikemer,Belen Mah.,3,1
110000,225,16,0,Muğla,Bodrum,Türkbükü Mah.,5,1
40000,90,2,1,Muğla,Fethiye,Ölüdeniz Mah.,1,1
80000,110,3,2,Muğla,Milas,Boğaziçi Mah.,3,1
35000,110,2,2,Muğla,Dalaman,Hürriyet Mah.,2,1
200000,260,11,0,Muğla,Bodrum,Yalıkavak Mah.,6,1
240000,180,16,3,Muğla,Bodrum,Gündoğan Mah.,4,1
70000,210,11,2,Muğla,Bodrum,Gümüşlük Mah.,3,1
20000,55,0,5,Muğla,Ortaca,Beşköprü Mah.,1,1
40000,65,25,1,Muğla,Datça,Kızlan Mah.,1,1
30000,100,2,2,Muğla,Dalaman,Ege Mah.,2,1
23000,55,5,3,Muğla,Dalaman,Altıntas Mah.,1,1
25000,120,0,0,Muğla,Yatağan,Dere Mah.,2,1
17000,50,3,3,Muğla,Ortaca,Cumhuriyet Mah.,1,1
15000,20,26,2,Muğla,Bodrum,Peksimet Mah.,1,0
35000,120,6,0,Muğla,Bodrum,Akyarlar Mah.,1,1
60000,80,3,0,Muğla,Bodrum,Turgutreis Mah.,2,1
30000,125,6,2,Muğla,Ortaca,Ekşiliyurt Mah.,2,0
25000,50,1,1,Muğla,Dalaman,Karaçalı Mah.,1,1
30000,40,16,2,Muğla,Datça,Mesudiye Mah.,1,1
200000,120,6,2,Muğla,Bodrum,Türkbükü Mah.,2,1
290000,300,6,0,Muğla,Bodrum,Torba Mah.,7,3
550000,300,11,0,Muğla,Bodrum,Geriş Mah.,3,1
85000,120,6,2,Muğla,Bodrum,Yahşi Mah.,2,1
50000,165,11,0,Muğla,Bodrum,İslamhaneleri Mah.,3,1
48000,140,0,0,Muğla,Dalaman,Karaçalı Mah.,2,1
200000,350,0,0,Muğla,Bodrum,Gürece Mah.,5,2
400000,100,6,3,Muğla,Fethiye,Ölüdeniz Mah.,2,1
1850000,600,6,0,Muğla,Bodrum,Dirmil Mah.,6,1
70000,105,2,2,Muğla,Bodrum,Konacık Mah.,2,1
85000,200,11,0,Muğla,Marmaris,Orhaniye Mah.,3,1
75000,160,7,5,Muğla,Bodrum,Çırkan Mah.,3,1
100000,230,11,0,Muğla,Marmaris,Turunç Mah.,3,1
55000,110,2,0,Muğla,Dalaman,Atakent Mah.,2,1
15000,200,6,2,Muğla,Köyceğiz,Zeytinalanı Mah.,5,1
25500,115,6,1,Muğla,Milas,Hacıabti Mah.,3,1
120000,105,21,0,Muğla,Bodrum,İslamhaneleri Mah.,2,1
85000,110,1,0,Muğla,Bodrum,Gölköy Mah.,3,1
40000,100,0,2,Muğla,Köyceğiz,Gelişim Mah.,2,1
140000,240,3,0,Muğla,Fethiye,Göcek Mah.,4,1
23000,65,2,2,Muğla,Dalaman,Merkez Mah.,1,1
300000,160,11,1,Muğla,Bodrum,Turgutreis Mah.,4,1
25000,65,8,0,Muğla,Menteşe,Yeniköy Mah.,2,1
75000,140,15,2,Muğla,Bodrum,Yokuşbaşı Mah.,3,1
20000,105,25,2,Muğla,Dalaman,Karaçalı Mah.,2,1
25000,45,12,2,Muğla,Menteşe,Kötekli Mah.,1,1
24000,75,6,0,Muğla,Dalaman,Altıntas Mah.,1,1
25000,125,25,1,Muğla,Milas,Aydınlıkevler Mah.,3,1
30000,145,6,5,Muğla,Ortaca,Terzialiler Mah.,3,1
875000,120,6,0,Muğla,Bodrum,Gündoğan Mah.,3,1
25000,80,5,0,Muğla,Milas,Emek Mah.,2,1
430000,160,26,0,Muğla,Bodrum,Türkbükü Mah.,4,1
23500,60,11,2,Muğla,Menteşe,Kötekli Mah.,2,1
45000,180,1,3,Muğla,Ortaca,Terzialiler Mah.,3,1
17000,60,0,3,Muğla,Dalaman,Hürriyet Mah.,1,1
125000,220,4,0,Muğla,Bodrum,Müskebi Mah.,4,2
100000,150,6,2,Muğla,Bodrum,Geriş Mah.,3,1
50000,145,13,5,Muğla,Bodrum,Dirmil Mah.,2,1
42000,95,11,2,Muğla,Marmaris,İçmeler Mah.,2,1
40000,80,26,2,Muğla,Marmaris,Kemeraltı Mah.,2,1
70000,90,11,0,Muğla,Bodrum,Türkkuyusu Mah.,2,1
40000,65,5,0,Muğla,Bodrum,Akyarlar Mah.,2,1
150000,95,26,2,Muğla,Bodrum,Turgutreis Mah.,3,1
42500,60,31,0,Muğla,Bodrum,Turgutreis Mah.,1,1
50000,140,0,0,Muğla,Dalaman,Karaçalı Mah.,2,1
22000,110,11,2,Muğla,Dalaman,Atakent Mah.,2,1
1800000,450,5,0,Muğla,Bodrum,Geriş Mah.,4,1
125000,70,11,0,Muğla,Bodrum,Türkbükü Mah.,2,1
27000,65,1,0,Muğla,Milas,Dörttepe Mah.,1,1
26000,120,21,2,Muğla,Köyceğiz,Ulucami Mah.,2,1
70000,107,0,2,Muğla,Bodrum,Konacık Mah.,3,1
50000,70,1,1,Muğla,Dalaman,Merkez Mah.,1,1
500000,375,6,0,Muğla,Bodrum,Umurca Mah.,4,1
50000,80,5,2,Muğla,Dalaman,Merkez Mah.,2,1
140000,220,1,2,Muğla,Fethiye,Göcek Mah.,4,1
40000,120,0,2,Muğla,Köyceğiz,Ulucami Mah.,3,1
110000,160,16,2,Muğla,Bodrum,Gümüşlük Mah.,3,1
120000,183,3,2,Muğla,Bodrum,Türkbükü Mah.,3,1
50000,120,11,0,Muğla,Bodrum,Koyunbaba Mah.,2,1
70000,100,26,0,Muğla,Bodrum,Dirmil Mah.,2,1
25000,130,20,4,Muğla,Ortaca,Terzialiler Mah.,3,1
25000,150,12,3,Muğla,Ortaca,Terzialiler Mah.,3,1
24000,145,15,3,Muğla,Ortaca,Atatürk Mah.,3,1
46000,90,5,3,Muğla,Fethiye,Tuzla Mah.,2,1
40000,96,6,0,Muğla,Milas,Ören Mah.,2,0
25000,85,6,1,Muğla,Ula,Köprübaşı Mah.,2,2
24000,60,6,2,Muğla,Menteşe,Kötekli Mah.,2,1
40000,100,11,0,Muğla,Datça,İskele Mah.,2,1
65000,150,6,4,Muğla,Menteşe,Orhaniye Mah.,3,1
100000,220,11,2,Muğla,Bodrum,Konacık Mah.,5,1
47500,80,2,1,Muğla,Fethiye,Tuzla Mah.,2,1
100000,180,6,2,Muğla,Bodrum,Karabağ Mah.,3,1
250000,150,11,0,Muğla,Bodrum,Geriş Mah.,3,1
460000,120,1,2,Muğla,Bodrum,Türkbükü Mah.,2,1
65000,350,3,0,Muğla,Fethiye,Kayaköy Mah.,2,1
30000,40,16,1,Muğla,Datça,Mesudiye Mah.,1,1
35000,59,25,0,Muğla,Milas,Kıyıkışlacık Mah.,2,1
250000,545,2,2,Muğla,Bodrum,Bitez Mah.,5,2
26000,50,5,1,Muğla,Milas,Beçin Mah.,1,1
100000,150,11,0,Muğla,Bodrum,Çırkan Mah.,3,1
22500,80,36,0,Muğla,Datça,Sındı Mah.,2,1
500000,250,6,0,Muğla,Bodrum,Koyunbaba Mah.,4,2
84000,180,5,2,Muğla,Bodrum,Turgutreis Mah.,4,1
200000,280,6,2,Muğla,Bodrum,Türkbükü Mah.,4,1
250000,110,2,0,Muğla,Fethiye,İnlice Mah.,2,1
60000,130,1,0,Muğla,Fethiye,İncirköy Mah.,2,1
17500,65,1,1,Muğla,Ortaca,Karaburun Mah.,1,1
140000,280,4,2,Muğla,Fethiye,Göcek Mah.,4,1
28000,85,6,3,Muğla,Köyceğiz,Gülpınar Mah.,1,1
175000,200,5,2,Muğla,Bodrum,Torba Mah.,4,1
40000,45,11,2,Muğla,Bodrum,Yalıkavak Mah.,1,0
65000,150,17,2,Muğla,Bodrum,Gündoğan Mah.,3,1
25000,140,11,1,Muğla,Ortaca,Güzelyurt Mah.,3,1
220000,200,3,0,Muğla,Milas,Boğaziçi Mah.,3,1
130000,80,26,0,Muğla,Bodrum,Türkbükü Mah.,2,1
30000,100,10,0,Muğla,Milas,Boğaziçi Mah.,2,1
28000,90,2,2,Muğla,Ortaca,Karaburun Mah.,2,1
250000,150,11,0,Muğla,Bodrum,Dirmil Mah.,3,1
23000,60,16,1,Muğla,Milas,Hacı İlyas Mah.,1,1
25000,60,0,0,Muğla,Köyceğiz,Gelişim Mah.,1,1
30000,95,1,1,Muğla,Milas,Güllük Mah.,2,1
50000,100,11,1,Muğla,Bodrum,Yeniköy Mah.,2,0
37000,65,3,0,Muğla,Bodrum,Dirmil Mah.,2,1
45000,100,5,2,Muğla,Bodrum,Karaova Mah.,3,1
5550000,160,20,3,Muğla,Ortaca,Atatürk Mah.,3,1
25000,125,11,0,Muğla,Ortaca,Atatürk Mah.,3,1
26000,30,26,2,Muğla,Marmaris,Tepe Mah.,1,1
42000,90,6,0,Muğla,Bodrum,Akçaalan Mah.,2,1
40000,91,11,2,Muğla,Bodrum,Karabağ Mah.,2,1
50000,70,5,1,Muğla,Bodrum,Akçaalan Mah.,2,1
35000,70,5,0,Muğla,Marmaris,Hisarönü Mah.,2,1
23000,57,2,0,Muğla,Dalaman,Hürriyet Mah.,1,1
25000,95,5,0,Muğla,Milas,İsmet Paşa Mah.,2,1
30000,70,10,1,Muğla,Ula,Gökova Mah.,1,1
1200000,210,6,1,Muğla,Bodrum,Dirmil Mah.,3,1
70000,130,2,2,Muğla,Dalaman,Atakent Mah.,3,1
30000,60,18,3,Muğla,Marmaris,Çıldır Mah.,1,1
23000,65,6,0,Muğla,Dalaman,Karaçalı Mah.,1,1
55000,100,16,2,Muğla,Bodrum,Bitez Mah.,3,1
100000,140,11,0,Muğla,Bodrum,Konacık Mah.,3,1
450000,433,5,0,Muğla,Bodrum,Yalıkavak Mah.,4,1
21000,125,18,2,Muğla,Ortaca,Bahçelievler Mah.,2,1
40000,118,14,5,Muğla,Fethiye,Akarca Mah.,3,1
25000,70,0,5,Muğla,Datça,Sındı Mah.,2,1
100000,135,12,2,Muğla,Bodrum,Geriş Mah.,3,1
23000,70,6,2,Muğla,Dalaman,Karaçalı Mah.,1,1
35000,90,5,0,Muğla,Dalaman,Altıntas Mah.,2,1
100000,200,5,2,Muğla,Bodrum,Gümüşlük Mah.,3,1
80000,170,16,1,Muğla,Marmaris,Armutalan Mah.,4,1
2000000,390,2,0,Muğla,Bodrum,Geriş Mah.,4,1
26500,110,11,2,Muğla,Ortaca,Dalyan Mah.,2,1
106000,165,11,2,Muğla,Bodrum,Geriş Mah.,3,1
150000,120,11,1,Muğla,Bodrum,Torba Mah.,2,1
263000,95,2,0,Muğla,Bodrum,Bahçelievler Mah.,2,1
18000,50,2,2,Muğla,Ortaca,Bahçelievler Mah.,1,1
200000,175,11,2,Muğla,Bodrum,Bitez Mah.,4,1
140000,280,4,0,Muğla,Fethiye,Göcek Mah.,5,1
60000,130,0,2,Muğla,Fethiye,İncirköy Mah.,2,1
28000,100,6,0,Muğla,Köyceğiz,Yangı Mah.,2,1
28000,55,11,2,Muğla,Menteşe,Emirbeyazıt Mah.,2,0
460000,120,1,2,Muğla,Bodrum,Türkbükü Mah.,2,1
18500,45,6,2,Muğla,Ula,Köprübaşı Mah.,1,1
35000,70,11,0,Muğla,Bodrum,Gölköy Mah.,1,1
35000,80,0,1,Muğla,Fethiye,Çatalarık Mah.,2,1
120000,110,11,0,Muğla,Bodrum,Kumbahçe Mah.,2,1
78000,115,10,0,Muğla,Bodrum,Dirmil Mah.,3,1
47000,60,5,2,Muğla,Bodrum,Koyunbaba Mah.,1,1
100000,120,1,2,Muğla,Fethiye,Ölüdeniz Mah.,2,1
160000,105,12,1,Muğla,Bodrum,Akyarlar Mah.,2,1
30000,100,0,1,Muğla,Datça,Yazı Mah.,3,1
35000,172,8,2,Muğla,Dalaman,Merkez Mah.,3,1
40000,90,20,1,Muğla,Bodrum,Akçaalan Mah.,2,1
30000,81,11,2,Muğla,Bodrum,Mumcular Mah.,2,1
16000,80,0,1,Muğla,Seydikemer,Gerişburnu Mah.,2,1
80000,160,16,1,Muğla,Marmaris,Çıldır Mah.,3,1
70000,130,11,2,Muğla,Fethiye,Göcek Mah.,3,1
200000,197,0,2,Muğla,Bodrum,Gümüşlük Mah.,4,1
75000,135,26,2,Muğla,Ula,Akyaka Mah.,3,1
22500,115,11,0,Muğla,Köyceğiz,Yeşilköy Mah.,2,1
50000,140,16,3,Muğla,Fethiye,Taşyaka Mah.,3,1
50000,160,0,0,Muğla,Köyceğiz,Beyobası Mah.,4,1
125000,140,30,0,Muğla,Bodrum,Akyarlar Mah.,2,1
3000,45,25,0,Muğla,Bodrum,Akyarlar Mah.,1,0
160000,140,26,2,Muğla,Bodrum,Akyarlar Mah.,3,1
35000,75,5,0,Muğla,Datça,Kızlan Mah.,2,1
60000,130,16,2,Muğla,Bodrum,Cevat Şakir Mah.,3,10
50000,80,25,2,Muğla,Bodrum,Eskiçeşme Mah.,2,1
350000,160,2,2,Muğla,Bodrum,Gümüşlük Mah.,3,1
145000,140,3,2,Muğla,Bodrum,Dirmil Mah.,3,1
28000,65,5,0,Muğla,Köyceğiz,Gelişim Mah.,1,1
50000,70,8,1,Muğla,Bodrum,Müskebi Mah.,2,1
45000,170,7,5,Muğla,Fethiye,Menteşeoğlu Mah.,5,0
60000,80,6,0,Muğla,Bodrum,Müskebi Mah.,2,1
50000,100,26,2,Muğla,Bodrum,Geriş Mah.,2,1
16000,58,3,3,Muğla,Dalaman,Atakent Mah.,1,1
25000,80,31,2,Muğla,Milas,Güneş Mah.,2,1
60000,95,11,0,Muğla,Bodrum,Eskiçeşme Mah.,2,1
30000,45,6,1,Muğla,Menteşe,Kötekli Mah.,1,1
19000,60,0,1,Muğla,Köyceğiz,Toparlar Mah.,1,1
58000,130,26,2,Muğla,Ortaca,Sarıgerme Mah.,2,1
45000,100,21,0,Muğla,Bodrum,Konacık Mah.,2,1
40000,64,16,3,Muğla,Bodrum,Peksimet Mah.,2,1
35000,105,26,1,Muğla,Marmaris,Armutalan Mah.,2,1
25000,55,1,2,Muğla,Ortaca,Karaburun Mah.,1,1
200000,100,16,2,Muğla,Bodrum,Gündoğan Mah.,2,1
32500,65,16,0,Muğla,Bodrum,Gündoğan Mah.,1,1
32000,75,5,0,Muğla,Menteşe,Kötekli Mah.,2,1
22000,120,5,5,Muğla,Marmaris,Hisarönü Mah.,2,1
15000,85,10,3,Muğla,Seydikemer,Menekşe Mah.,2,1
28000,120,6,2,Muğla,Fethiye,Çatalarık Mah.,2,1
25000,220,4,2,Muğla,Bodrum,Yalıkavak Mah.,3,1
40000,100,6,2,Muğla,Datça,İskele Mah.,2,1
70000,85,15,3,Muğla,Milas,Güllük Mah.,2,1
25000,150,16,3,Muğla,Dalaman,Merkez Mah.,3,1
1850000,500,3,0,Muğla,Bodrum,Dirmil Mah.,5,1
120000,170,11,3,Muğla,Marmaris,Siteler Mah.,3,1
40000,130,16,0,Muğla,Ortaca,Beşköprü Mah.,3,1
32000,140,11,2,Muğla,Ortaca,Atatürk Mah.,3,1
150000,150,11,0,Muğla,Milas,Boğaziçi Mah.,4,1
57500,135,6,2,Muğla,Fethiye,Karagözler Mah.,2,1
34000,75,3,2,Muğla,Fethiye,Ölüdeniz Mah.,2,1
115000,180,11,0,Muğla,Bodrum,Turgutreis Mah.,3,1
120000,240,16,0,Muğla,Bodrum,Turgutreis Mah.,4,2
40000,85,5,2,Muğla,Fethiye,İnlice Mah.,2,1
95000,120,26,0,Muğla,Bodrum,Dirmil Mah.,4,1
50000,110,15,2,Muğla,Bodrum,Bahçelievler Mah.,2,1
45000,190,5,2,Muğla,Köyceğiz,Gülpınar Mah.,4,1
20000,185,15,5,Muğla,Ortaca,Terzialiler Mah.,3,1
28000,130,8,2,Muğla,Milas,Gümüşlük Mah.,3,1
24500,45,5,1,Muğla,Milas,Beçin Mah.,1,1
45000,54,6,0,Muğla,Bodrum,Torba Mah.,1,1
70000,120,0,2,Muğla,Menteşe,Gülağzı Mah.,4,1
20000,65,26,5,Muğla,Dalaman,Ege Mah.,1,1
25000,65,4,4,Muğla,Ortaca,Beşköprü Mah.,1,1
50000,60,5,1,Muğla,Bodrum,Akyarlar Mah.,1,1
28000,150,5,1,Muğla,Dalaman,Merkez Mah.,2,1
60000,160,8,2,Muğla,Ortaca,Dalyan Mah.,3,1
25000,95,3,2,Muğla,Ortaca,Beşköprü Mah.,2,1
30000,110,16,0,Muğla,Fethiye,Tuzla Mah.,3,1
25000,90,5,2,Muğla,Fethiye,Patlangıç Mah.,2,1
50000,200,11,0,Muğla,Ula,Kızılağaç Mah.,5,1
180000,95,3,0,Muğla,Bodrum,Geriş Mah.,2,1
50000,100,16,2,Muğla,Marmaris,Çıldır Mah.,2,1
70000,260,3,0,Muğla,Fethiye,Ölüdeniz Mah.,3,1
25000,110,16,0,Muğla,Ortaca,Terzialiler Mah.,2,1
60000,65,6,2,Muğla,Bodrum,Müskebi Mah.,2,1
100000,120,12,2,Muğla,Bodrum,Gümbet Mah.,2,1
24000,55,15,1,Muğla,Milas,Beçin Mah.,1,1
58000,150,4,2,Muğla,Ortaca,Dalyan Mah.,3,1
60000,90,15,0,Muğla,Bodrum,Yalıkavak Mah.,2,1
70000,100,25,2,Muğla,Bodrum,Gümüşlük Mah.,1,1
42000,80,11,1,Muğla,Fethiye,Akarca Mah.,2,1
55000,120,11,2,Muğla,Bodrum,Koyunbaba Mah.,2,1
25000,80,1,0,Muğla,Fethiye,Taşyaka Mah.,2,1
55000,125,0,2,Muğla,Bodrum,Gümüşlük Mah.,2,1
45000,70,16,0,Muğla,Bodrum,Cevat Şakir Mah.,2,1
25000,55,6,0,Muğla,Menteşe,Kötekli Mah.,2,1
50000,95,5,1,Muğla,Fethiye,Kesikkapı Mah.,2,1
35000,55,21,1,Muğla,Marmaris,İçmeler Mah.,1,1
35000,160,15,0,Muğla,Ortaca,Çaylı Mah.,3,1
170000,160,4,0,Muğla,Bodrum,Yalıkavak Mah.,3,1
1100000,765,2,0,Muğla,Bodrum,Dirmil Mah.,4,1
32500,110,6,2,Muğla,Dalaman,Karaçalı Mah.,2,1
50000,120,1,0,Muğla,Fethiye,Bozyer Mah.,2,1
155000,400,15,2,Muğla,Marmaris,Hisarönü Mah.,5,4
1350000,400,4,0,Muğla,Bodrum,Yalıkavak Mah.,4,2
25000,150,16,3,Muğla,Dalaman,Merkez Mah.,3,1
23000,80,0,1,Muğla,Ortaca,Arıkbaşı Mah.,2,1
35000,135,2,2,Muğla,Fethiye,İnlice Mah.,2,1
90000,150,0,2,Muğla,Bodrum,Yahşi Mah.,3,1
84000,160,5,2,Muğla,Bodrum,Turgutreis Mah.,3,1
30000,110,15,4,Muğla,Menteşe,Emirbeyazıt Mah.,2,1
60000,82,11,2,Muğla,Bodrum,Yeniköy Mah.,2,1
40000,54,0,1,Muğla,Milas,Akyol Mah.,1,1
25000,100,25,2,Muğla,Marmaris,Çamlı Mah.,2,13
55000,85,16,3,Muğla,Bodrum,Karabağ Mah.,3,1
35000,80,16,2,Muğla,Bodrum,Akyarlar Mah.,2,1
28000,145,21,3,Muğla,Milas,Cumhuriyet Mah.,3,1
175000,275,11,0,Muğla,Ula,Şirinköy Mah.,3,1
35000,55,0,0,Muğla,Bodrum,Torba Mah.,1,1
45000,90,5,2,Muğla,Bodrum,Dirmil Mah.,2,1
35000,100,3,0,Muğla,Dalaman,Atakent Mah.,2,1
20000,140,30,5,Muğla,Yatağan,Cumhuriyet Mah.,4,1
25000,140,6,1,Muğla,Köyceğiz,Yayla Mah.,2,1
33000,55,21,0,Muğla,Bodrum,Umurca Mah.,1,1
25000,115,13,1,Muğla,Ortaca,Beşköprü Mah.,2,1
30000,90,10,3,Muğla,Ortaca,Beşköprü Mah.,2,1
23000,50,5,4,Muğla,Menteşe,Kötekli Mah.,1,1
16500,100,11,0,Muğla,Menteşe,Yeniköy Mah.,2,1
85000,120,26,0,Muğla,Bodrum,Dirmil Mah.,3,1
60000,115,30,2,Muğla,Dalaman,Ege Mah.,2,1
700000,246,1,2,Muğla,Bodrum,Koyunbaba Mah.,4,1
65000,140,8,3,Muğla,Fethiye,Tuzla Mah.,3,1
100000,200,0,0,Muğla,Fethiye,Foça Mah.,4,1
25000,110,6,0,Muğla,Ortaca,Eskiköy Mah.,2,1
35000,45,21,2,Muğla,Bodrum,Turgutreis Mah.,1,1
18000,60,20,2,Muğla,Menteşe,Balıbey Mah.,2,1
30000,130,6,0,Muğla,Marmaris,Söğüt Mah.,2,1
35000,60,6,3,Muğla,Datça,İskele Mah.,1,1
34000,80,20,2,Muğla,Bodrum,Konacık Mah.,2,1
22500,140,15,2,Muğla,Ortaca,Yeşilyurt Mah.,2,1
28000,60,0,0,Muğla,Köyceğiz,Gelişim Mah.,1,1
90000,140,6,2,Muğla,Bodrum,Bitez Mah.,3,1
50000,120,0,2,Muğla,Fethiye,Bozyer Mah.,2,1
2250000,500,3,0,Muğla,Bodrum,Yalıkavak Mah.,6,2
30000,55,6,0,Muğla,Bodrum,Eskiçeşme Mah.,1,1
40000,110,16,2,Muğla,Fethiye,Göcek Mah.,2,1
185000,225,4,0,Muğla,Bodrum,Turgutreis Mah.,4,1
80000,110,13,0,Muğla,Bodrum,Geriş Mah.,2,1
65000,110,11,2,Muğla,Bodrum,Turgutreis Mah.,2,1
550000,400,26,0,Muğla,Bodrum,Yalıkavak Mah.,4,1
28000,95,15,1,Muğla,Fethiye,Tuzla Mah.,2,0
190000,215,2,2,Muğla,Bodrum,Yeniköy Mah.,4,1
50000,120,0,2,Muğla,Bodrum,Gölbaşı Mah.,3,1
60000,110,0,0,Muğla,Ula,Akyaka Mah.,2,1
250000,250,11,0,Muğla,Bodrum,Gölköy Mah.,4,1
17000,100,25,0,Muğla,Yatağan,Konak Mah.,3,2
9000,200,0,0,Muğla,Ortaca,Karaburun Mah.,5,1
35000,65,21,2,Muğla,Bodrum,Umurca Mah.,1,1
70000,93,20,5,Muğla,Bodrum,Konacık Mah.,3,1
24000,50,3,4,Muğla,Dalaman,Altıntas Mah.,1,1
42000,55,15,0,Muğla,Bodrum,Gümbet Mah.,1,1
35000,110,32,4,Muğla,Menteşe,Muslihittin Mah.,3,1
90000,162,4,0,Muğla,Bodrum,Gündoğan Mah.,2,1
85000,155,16,2,Muğla,Fethiye,Babataşı Mah.,3,1
20000,110,15,1,Muğla,Ortaca,Karaburun Mah.,2,1
22000,85,0,1,Muğla,Ortaca,Karaburun Mah.,2,1
20000,75,6,2,Muğla,Ortaca,Cumhuriyet Mah.,2,1
30000,115,11,2,Muğla,Milas,Aydınlıkevler Mah.,2,1
10000,380,3,1,Muğla,Bodrum,Gölköy Mah.,9,3
13000,75,25,0,Muğla,Köyceğiz,Gülpınar Mah.,2,1
42000,125,26,2,Muğla,Marmaris,Sinan Mah.,3,1
150000,165,15,2,Muğla,Bodrum,Gündoğan Mah.,3,1
20000,100,26,1,Muğla,Milas,İsmet Paşa Mah.,2,1
20000,75,11,0,Muğla,Köyceğiz,Toparlar Mah.,1,1
45000,155,11,2,Muğla,Menteşe,Kötekli Mah.,3,1
30000,160,55,1,Muğla,Menteşe,Orhaniye Mah.,4,1
60000,215,5,0,Muğla,Marmaris,Hisarönü Mah.,4,1
35000,55,6,0,Muğla,Datça,İskele Mah.,1,1
40000,65,0,0,Muğla,Fethiye,Esenköy Mah.,1,1
2250000,500,4,0,Muğla,Bodrum,Eskiçeşme Mah.,6,1
700000,260,3,0,Muğla,Bodrum,Geriş Mah.,4,1
125000,290,11,0,Muğla,Bodrum,Gümbet Mah.,4,2
80000,150,4,0,Muğla,Bodrum,Turgutreis Mah.,4,1
65000,140,15,2,Muğla,Bodrum,Geriş Mah.,3,2
50000,110,11,3,Muğla,Bodrum,Konacık Mah.,2,2
20000,48,0,0,Muğla,Milas,İsmet Paşa Mah.,1,1
30000,55,0,0,Muğla,Köyceğiz,Toparlar Mah.,1,1
400000,100,6,3,Muğla,Bodrum,Dirmil Mah.,2,1
70000,180,26,2,Muğla,Marmaris,Beldibi Mah.,5,1
40000,70,5,0,Muğla,Ula,Akyaka Mah.,1,1
25000,135,6,-2,Muğla,Ortaca,Fevziye Mah.,3,1
35000,100,6,0,Muğla,Milas,Boğaziçi Mah.,2,1
35000,75,6,3,Muğla,Bodrum,Mumcular Mah.,2,1
35000,55,3,0,Muğla,Datça,İskele Mah.,1,1
90000,300,0,0,Muğla,Fethiye,Çiftlik Mah.,5,1
47000,150,21,2,Muğla,Marmaris,Tepe Mah.,3,1
22000,63,2,2,Muğla,Dalaman,Bezkese Mah.,1,1
20000,80,4,1,Muğla,Dalaman,Merkez Mah.,1,1
45000,120,6,1,Muğla,Fethiye,Göcek Mah.,3,1
65000,160,1,2,Muğla,Menteşe,Yeniköy Mah.,3,1
65000,79,20,5,Muğla,Datça,İskele Mah.,2,1
38000,60,11,0,Muğla,Bodrum,Umurca Mah.,1,1
10000,200,1,2,Muğla,Ula,Çıtlık Mah.,3,1
350000,110,2,0,Muğla,Bodrum,Gölköy Mah.,3,1
47000,55,3,0,Muğla,Fethiye,Pazaryeri Mah.,1,1
17500,55,0,2,Muğla,Dalaman,Hürriyet Mah.,1,1
60000,120,31,0,Muğla,Bodrum,Peksimet Mah.,2,1
46000,120,5,3,Muğla,Fethiye,Patlangıç Mah.,2,1
225000,80,6,2,Muğla,Bodrum,Gölköy Mah.,2,1
25000,60,15,1,Muğla,Menteşe,Yeniköy Mah.,2,1
30000,90,1,3,Muğla,Ortaca,Beşköprü Mah.,2,1
45000,210,2,0,Muğla,Datça,Yazı Mah.,4,1
40000,120,0,2,Muğla,Fethiye,Bozyer Mah.,3,1
1350000,350,3,0,Muğla,Bodrum,Geriş Mah.,6,1
780000,240,2,0,Muğla,Bodrum,Çiftlik Mah.,4,1
388000,135,2,3,Muğla,Bodrum,Bahçelievler Mah.,2,1
29000,165,21,2,Muğla,Milas,Ahmet Çavuş Hayıtlı Mah.,3,1
1000000,250,6,0,Muğla,Bodrum,Yalıkavak Mah.,2,1
40000,55,16,3,Muğla,Bodrum,Cevat Şakir Mah.,2,1
20000,100,11,2,Muğla,Ortaca,Ekşiliyurt Mah.,2,1
20000,60,6,3,Muğla,Dalaman,Merkez Mah.,1,1
300000,135,6,0,Muğla,Bodrum,Gündoğan Mah.,3,1
27000,110,6,4,Muğla,Milas,Aydınlıkevler Mah.,2,1
55000,90,6,2,Muğla,Bodrum,Müskebi Mah.,2,1
22000,120,10,2,Muğla,Ortaca,Fevziye Mah.,2,1
25000,85,2,2,Muğla,Ortaca,Çaylı Mah.,2,1
40000,200,11,0,Muğla,Marmaris,Hisarönü Mah.,4,1
27500,110,0,1,Muğla,Ortaca,Yerbelen Mah.,2,1
60000,140,25,2,Muğla,Marmaris,Çıldır Mah.,3,1
200000,110,6,1,Muğla,Bodrum,Yalıkavak Mah.,2,1
26000,65,21,5,Muğla,Marmaris,Armutalan Mah.,1,1
50000,55,20,0,Muğla,Bodrum,Gümüşlük Mah.,1,1
35000,80,11,0,Muğla,Bodrum,Akyarlar Mah.,2,1
25000,100,3,0,Muğla,Dalaman,Atakent Mah.,2,1
23000,100,0,3,Muğla,Fethiye,Karaçulha Mah.,2,1
34000,55,31,2,Muğla,Datça,Datça Mah.,1,1
24000,140,11,2,Muğla,Ortaca,Atatürk Mah.,3,1
35000,130,0,2,Muğla,Köyceğiz,Yeni Mah.,3,1
38000,72,11,0,Muğla,Bodrum,Yokuşbaşı Mah.,2,1
130000,200,5,2,Muğla,Bodrum,Dirmil Mah.,3,1
23000,60,2,2,Muğla,Dalaman,Merkez Mah.,1,1
55000,128,1,0,Muğla,Fethiye,Bozyer Mah.,2,1
45000,95,6,0,Muğla,Bodrum,Dirmil Mah.,2,1
342000,135,2,0,Muğla,Bodrum,Bahçelievler Mah.,3,1
20000,70,6,1,Muğla,Ortaca,Cumhuriyet Mah.,1,1
40000,90,5,2,Muğla,Fethiye,Ölüdeniz Mah.,2,1
26000,65,4,0,Muğla,Bodrum,Mumcular Mah.,1,1
25000,90,6,3,Muğla,Milas,Emek Mah.,1,1
28000,140,13,5,Muğla,Milas,Aydınlıkevler Mah.,2,1
42000,170,19,3,Muğla,Fethiye,Tuzla Mah.,2,1
22000,80,2,0,Muğla,Dalaman,Merkez Mah.,2,1
75000,200,8,2,Muğla,Ortaca,Dalyan Mah.,3,1
60000,200,11,2,Muğla,Dalaman,Altıntas Mah.,5,1
225000,205,0,0,Muğla,Bodrum,Akyarlar Mah.,6,1
42000,100,40,0,Muğla,Datça,İskele Mah.,3,1
45000,110,11,0,Muğla,Bodrum,Gündoğan Mah.,3,1
32000,55,6,1,Muğla,Fethiye,Patlangıç Mah.,1,1
435000,125,4,2,Muğla,Bodrum,Dirmil Mah.,2,1
1850000,450,4,0,Muğla,Bodrum,Yalıkavak Mah.,5,1
20000,65,21,2,Muğla,Milas,Hacı İlyas Mah.,1,1
80000,150,4,2,Muğla,Bodrum,Dirmil Mah.,3,1
50000,150,4,0,Muğla,Bodrum,Farilya Mah.,3,2
90000,180,3,2,Muğla,Fethiye,İnlice Mah.,5,1
300000,80,6,0,Muğla,Bodrum,Gölköy Mah.,2,1
32500,140,16,1,Muğla,Milas,Emek Mah.,3,1
45000,150,0,2,Muğla,Köyceğiz,Gelişim Mah.,3,1
21000,55,5,3,Muğla,Dalaman,Altıntas Mah.,1,1
20000,66,7,0,Muğla,Dalaman,Karaçalı Mah.,1,1
19000,60,0,1,Muğla,Dalaman,Hürriyet Mah.,1,1
30000,85,6,3,Muğla,Fethiye,Yeni Mah.,2,1
38000,190,3,1,Muğla,Ortaca,Bahçelievler Mah.,3,1
35000,80,12,2,Muğla,Bodrum,Gümüşlük Mah.,2,1
25500,65,10,5,Muğla,Ortaca,Terzialiler Mah.,1,1
40000,105,0,2,Muğla,Dalaman,Altıntas Mah.,2,1
42500,65,0,0,Muğla,Bodrum,İslamhaneleri Mah.,2,1
500000,112,5,0,Muğla,Bodrum,Dirmil Mah.,3,1
37500,90,3,5,Muğla,Dalaman,Bezkese Mah.,2,0
40000,135,10,2,Muğla,Ortaca,Sarıgerme Mah.,3,1
47000,145,3,2,Muğla,Köyceğiz,Gelişim Mah.,4,1
23000,65,2,2,Muğla,Dalaman,Merkez Mah.,1,1
30000,180,6,1,Muğla,Milas,Gümüşlük Mah.,3,1
45000,85,26,3,Muğla,Fethiye,Foça Mah.,2,1
25000,65,0,2,Muğla,Köyceğiz,Gülpınar Mah.,1,1
1250000,240,6,0,Muğla,Bodrum,Yalıkavak Mah.,3,1
250000,145,4,2,Muğla,Dalaman,Atakent Mah.,3,1
22000,55,5,2,Muğla,Milas,Bozalan Mah.,2,1
55000,150,16,1,Muğla,Menteşe,Orhaniye Mah.,4,1
7500,192,0,2,Muğla,Ortaca,Karaburun Mah.,5,1
120000,200,12,2,Muğla,Bodrum,Gölköy Mah.,3,1
22000,80,0,1,Muğla,Ortaca,Karaburun Mah.,2,1
25000,120,11,0,Muğla,Köyceğiz,Zeytinalanı Mah.,3,1
8000,90,6,2,Muğla,Seydikemer,Seydiler Mah.,2,1
30000,55,7,1,Muğla,Ula,Gökova Mah.,1,1
65000,160,3,2,Muğla,Dalaman,Ege Mah.,4,1
40000,100,16,2,Muğla,Bodrum,Bitez Mah.,2,1
50000,95,16,0,Muğla,Dalaman,Altıntas Mah.,2,1
45000,55,16,0,Muğla,Bodrum,Kumbahçe Mah.,1,1
75000,180,10,2,Muğla,Fethiye,Ölüdeniz Mah.,3,1
60000,110,16,0,Muğla,Bodrum,Turgutreis Mah.,3,1
16000,30,11,0,Muğla,Menteşe,Kötekli Mah.,1,0
55000,75,10,3,Muğla,Bodrum,Bitez Mah.,2,1
40000,150,15,0,Muğla,Fethiye,Kesikkapı Mah.,3,1
22000,85,21,0,Muğla,Fethiye,Yeni Mah.,2,1
50000,110,31,0,Muğla,Marmaris,Siteler Mah.,3,1
17000,55,3,2,Muğla,Dalaman,Merkez Mah.,1,1
35000,50,6,0,Muğla,Bodrum,Umurca Mah.,1,1
58000,90,21,1,Muğla,Bodrum,Geriş Mah.,2,1
200000,80,21,0,Muğla,Bodrum,Yalıkavak Mah.,2,1
6500000,450,1,0,Muğla,Bodrum,Yalıkavak Mah.,4,1
35000,90,0,1,Muğla,Fethiye,Pazaryeri Mah.,2,1
40000,95,5,0,Muğla,Dalaman,Söğütlüyurt Mah.,2,1
1350000,300,5,0,Muğla,Bodrum,Geriş Mah.,4,1
45000,150,15,2,Muğla,Fethiye,Yeni Mah.,5,1
40000,120,11,1,Muğla,Fethiye,Ölüdeniz Mah.,2,1
30000,110,8,2,Muğla,Ortaca,Ekşiliyurt Mah.,3,1
40000,130,8,-2,Muğla,Dalaman,Şerefler Mah.,3,0
75000,180,6,2,Muğla,Köyceğiz,Toparlar Mah.,3,2
45000,120,26,0,Muğla,Marmaris,Siteler Mah.,3,1
18000,55,0,1,Muğla,Ortaca,Çaylı Mah.,1,1
20000,75,11,3,Muğla,Fethiye,Çatalarık Mah.,1,1
85000,160,0,0,Muğla,Köyceğiz,Ulucami Mah.,3,1
28000,50,5,2,Muğla,Datça,İskele Mah.,1,1
250000,145,4,0,Muğla,Dalaman,Atakent Mah.,3,1
25000,75,6,0,Muğla,Köyceğiz,Zeytinalanı Mah.,1,1
43000,150,16,2,Muğla,Ortaca,Sarıgerme Mah.,3,1
40000,70,11,0,Muğla,Bodrum,Akyarlar Mah.,2,1
45000,55,16,0,Muğla,Bodrum,Bitez Mah.,1,1
23000,60,11,0,Muğla,Bodrum,İslamhaneleri Mah.,1,1
25500,45,5,1,Muğla,Milas,Beçin Mah.,1,1
30000,120,5,0,Muğla,Ortaca,Cumhuriyet Mah.,2,1
22500,60,6,1,Muğla,Dalaman,Karaçalı Mah.,1,1
28000,65,0,5,Muğla,Dalaman,Akçataş Mah.,1,1
100000,175,26,0,Muğla,Bodrum,Bitez Mah.,3,1
130000,120,7,0,Muğla,Bodrum,Karabağ Mah.,3,1
26000,100,1,1,Muğla,Dalaman,Ege Mah.,2,1
130000,200,11,0,Muğla,Bodrum,Türkbükü Mah.,4,1
17000,50,3,3,Muğla,Ortaca,Cumhuriyet Mah.,1,1
25500,85,0,2,Muğla,Milas,Gümüşlük Mah.,2,1
50000,135,26,2,Muğla,Fethiye,Cumhuriyet Mah.,3,1
23000,125,15,0,Muğla,Ortaca,Fevziye Mah.,3,1
60000,110,6,0,Muğla,Fethiye,Kayaköy Mah.,2,1
17000,100,22,3,Muğla,Ortaca,Terzialiler Mah.,2,1
20000,70,6,3,Muğla,Ula,Alparslan Mah.,2,1
650000,140,2,0,Muğla,Bodrum,Peksimet Mah.,3,1
120000,130,6,2,Muğla,Ula,Akyaka Mah.,3,2
20000,60,2,3,Muğla,Ortaca,Karaburun Mah.,1,1
50000,120,6,2,Muğla,Fethiye,Babataşı Mah.,2,1
65000,85,5,0,Muğla,Fethiye,Kayaköy Mah.,2,1
20000,65,6,0,Muğla,Fethiye,Kesikkapı Mah.,1,1
55000,90,21,2,Muğla,Bodrum,Bahçelievler Mah.,2,1
25000,80,0,1,Muğla,Ortaca,Arıkbaşı Mah.,2,1
24000,95,15,0,Muğla,Milas,Ören Mah.,3,1
550000,185,4,1,Muğla,Bodrum,Dirmil Mah.,3,1
50000,70,15,0,Muğla,Bodrum,Eskiçeşme Mah.,1,0
36000,100,21,2,Muğla,Milas,Boğaziçi Mah.,2,1
25000,55,6,1,Muğla,Menteşe,Yeniköy Mah.,1,1
60000,220,8,2,Muğla,Bodrum,Bahçelievler Mah.,3,1
48500,160,25,0,Muğla,Marmaris,Sinan Mah.,3,1
26000,130,3,1,Muğla,Ortaca,Çaylı Mah.,3,1
33000,200,26,0,Muğla,Dalaman,Altıntas Mah.,3,1
49000,165,1,0,Muğla,Milas,Gümüşlük Mah.,4,1
15400,90,6,2,Muğla,Dalaman,Bezkese Mah.,2,1
28000,85,0,3,Muğla,Milas,Gümüşlük Mah.,2,1
65000,150,3,2,Muğla,Fethiye,Kızılbel Mah.,3,1
18000,60,4,1,Muğla,Dalaman,Altıntas Mah.,1,1
23000,55,5,3,Muğla,Dalaman,Altıntas Mah.,1,1
25500,140,11,3,Muğla,Ortaca,Atatürk Mah.,2,1
50000,50,16,0,Muğla,Bodrum,Bitez Mah.,1,1
60000,110,5,0,Muğla,Ortaca,Dalyan Mah.,2,1
35000,45,16,1,Muğla,Bodrum,Eskiçeşme Mah.,1,1
57000,130,35,2,Muğla,Menteşe,Kötekli Mah.,3,1
35000,65,26,0,Muğla,Bodrum,Kumbahçe Mah.,2,1
150000,280,1,2,Muğla,Bodrum,Geriş Mah.,4,1
35000,80,11,1,Muğla,Fethiye,Foça Mah.,1,1
20000,60,30,0,Muğla,Milas,Gümüşlük Mah.,1,1
25000,110,26,5,Muğla,Fethiye,Menteşeoğlu Mah.,2,1
75000,55,25,0,Muğla,Bodrum,Akyarlar Mah.,1,1
350000,140,0,2,Muğla,Milas,Boğaziçi Mah.,3,1
25000,150,21,2,Muğla,Dalaman,Atakent Mah.,3,1
100000,120,5,0,Muğla,Bodrum,Koyunbaba Mah.,2,1
35000,45,3,0,Muğla,Bodrum,Eskiçeşme Mah.,1,0
30000,85,0,0,Muğla,Marmaris,Bayır Mah.,2,1
80000,150,11,0,Muğla,Bodrum,Dirmil Mah.,4,1
45000,120,11,1,Muğla,Fethiye,Tuzla Mah.,3,1
400000,100,20,2,Muğla,Bodrum,İslamhaneleri Mah.,3,1
175000,325,20,2,Muğla,Marmaris,Karşıyaka Mah.,5,1
27000,120,8,2,Muğla,Fethiye,Yanıklar Mah.,2,1
50000,90,20,5,Muğla,Ula,Akyaka Mah.,2,1
35000,250,5,3,Muğla,Milas,Burgaz Mah.,4,1
45000,160,16,1,Muğla,Menteşe,Şeyh Mah.,3,1
45000,160,30,0,Muğla,Bodrum,Gümbet Mah.,4,1
47000,160,30,0,Muğla,Bodrum,Gümbet Mah.,4,1
28000,130,25,5,Muğla,Dalaman,Ege Mah.,3,1
37500,120,17,2,Muğla,Milas,Boğaziçi Mah.,2,1
25000,110,20,1,Muğla,Fethiye,Patlangıç Mah.,1,1
200000,200,0,2,Muğla,Bodrum,Geriş Mah.,3,1
25000,115,5,3,Muğla,Yatağan,Yeni Mah.,2,1
45000,85,15,5,Muğla,Milas,Boğaziçi Mah.,2,1
35000,80,11,1,Muğla,Menteşe,Kötekli Mah.,3,0
200000,250,5,0,Muğla,Milas,Boğaziçi Mah.,5,2
150000,130,10,0,Muğla,Bodrum,Dirmil Mah.,2,1
45000,45,16,1,Muğla,Bodrum,Eskiçeşme Mah.,1,1
16000,70,3,1,Muğla,Ortaca,Karaburun Mah.,1,1
18000,55,0,3,Muğla,Ortaca,Cumhuriyet Mah.,1,1
25000,135,6,4,Muğla,Dalaman,Merkez Mah.,2,1
40000,130,3,0,Muğla,Milas,Güllük Mah.,2,1
40000,70,21,1,Muğla,Bodrum,Turgutreis Mah.,2,1
20000,70,2,3,Muğla,Bodrum,Mumcular Mah.,2,1
30000,120,6,2,Muğla,Fethiye,Çatalarık Mah.,2,1
20000,45,11,1,Muğla,Dalaman,Atakent Mah.,1,1
20000,85,0,1,Muğla,Ortaca,Çaylı Mah.,2,1
65000,165,4,2,Muğla,Fethiye,Karaçulha Mah.,4,1
27000,150,16,3,Muğla,Yatağan,Cumhuriyet Mah.,3,1
60000,55,15,5,Muğla,Bodrum,Akyarlar Mah.,2,1
66000,105,6,2,Muğla,Bodrum,Bahçelievler Mah.,2,1
30000,130,16,3,Muğla,Yatağan,Yeni Mah.,3,1
35000,90,9,2,Muğla,Köyceğiz,Zeytinalanı Mah.,2,1
20000,33,11,0,Muğla,Marmaris,Armutalan Mah.,1,1
40000,95,10,5,Muğla,Marmaris,Armutalan Mah.,2,1
200000,125,21,0,Muğla,Bodrum,Torba Mah.,3,1
33000,95,6,0,Muğla,Datça,Yaka Mah.,3,1
20000,70,6,5,Muğla,Köyceğiz,Ekincik Mah.,1,1
550000,660,3,2,Muğla,Bodrum,Yalıkavak Mah.,3,1
24000,65,20,2,Muğla,Menteşe,Şeyh Mah.,1,1
25000,25,16,0,Muğla,Bodrum,Bitez Mah.,1,0
40000,160,3,3,Muğla,Dalaman,Hürriyet Mah.,4,1
15500,65,2,1,Muğla,Ortaca,Karaburun Mah.,1,1
20000,140,21,3,Muğla,Ortaca,Terzialiler Mah.,3,1
19000,120,5,1,Muğla,Fethiye,Karaçulha Mah.,2,1
22000,140,16,4,Muğla,Ortaca,Beşköprü Mah.,3,1
27500,100,0,2,Muğla,Ortaca,Yerbelen Mah.,2,1
32500,145,6,1,Muğla,Ortaca,Atatürk Mah.,3,1
40000,110,26,3,Muğla,Marmaris,Tepe Mah.,2,1
250000,85,2,0,Muğla,Bodrum,Türkbükü Mah.,2,1
270000,90,11,2,Muğla,Ula,Akyaka Mah.,2,1
60000,85,20,0,Muğla,Bodrum,Bitez Mah.,2,1
35000,80,6,0,Muğla,Bodrum,Gümüşlük Mah.,2,1
110000,75,21,0,Muğla,Bodrum,Türkbükü Mah.,2,1
55000,120,21,0,Muğla,Bodrum,Koyunbaba Mah.,2,1
35000,65,21,0,Muğla,Bodrum,Cevat Şakir Mah.,2,1
750000,300,6,2,Muğla,Bodrum,Yalıkavak Mah.,5,2
25000,155,15,2,Muğla,Ortaca,Okçular Mah.,2,1
30000,60,4,1,Muğla,Dalaman,Hürriyet Mah.,1,1
4000000,60,0,3,Muğla,Ortaca,Bahçelievler Mah.,1,1
25000,80,5,1,Muğla,Dalaman,Söğütlüyurt Mah.,1,1
60000,90,5,2,Muğla,Milas,Boğaziçi Mah.,2,1
45000,120,5,0,Muğla,Ula,Akçapınar Mah.,2,1
30000,118,12,4,Muğla,Milas,Cumhuriyet Mah.,2,1
70000,120,6,0,Muğla,Bodrum,Turgutreis Mah.,2,1
35000,135,16,1,Muğla,Fethiye,Tuzla Mah.,3,1
25500,90,0,2,Muğla,Milas,Gümüşlük Mah.,2,1
130000,200,8,2,Muğla,Bodrum,Türkbükü Mah.,3,1
60000,140,0,2,Muğla,Fethiye,Faralya Mah.,2,1
29000,230,6,0,Muğla,Fethiye,Yanıklar Mah.,3,1
21500,140,11,5,Muğla,Ortaca,Cumhuriyet Mah.,3,1
35000,110,5,3,Muğla,Ortaca,Dalyan Mah.,2,1
21000,65,2,2,Muğla,Ortaca,Karaburun Mah.,2,1
20000,120,21,0,Muğla,Marmaris,Orhaniye Mah.,2,1
40000,110,6,0,Muğla,Bodrum,Mumcular Mah.,3,1
150000,140,4,2,Muğla,Bodrum,Koyunbaba Mah.,3,1
20000,50,11,2,Muğla,Menteşe,Yeniköy Mah.,1,1
55000,115,10,2,Muğla,Ortaca,Dalyan Mah.,2,1
27000,110,6,2,Muğla,Dalaman,Karaçalı Mah.,2,1
19000,120,6,3,Muğla,Fethiye,Karaçulha Mah.,2,1
35000,90,5,0,Muğla,Datça,Datça Mah.,2,1
35000,160,15,2,Muğla,Ortaca,Cumhuriyet Mah.,3,0
65000,110,21,2,Muğla,Fethiye,Göcek Mah.,2,1
34000,140,3,1,Muğla,Ortaca,Bahçelievler Mah.,3,1
25000,65,3,3,Muğla,Dalaman,Ege Mah.,1,1
240000,85,0,2,Muğla,Datça,Yaka Mah.,1,1
750000,300,6,0,Muğla,Bodrum,Yalıkavak Mah.,5,2
50000,92,16,0,Muğla,Bodrum,Bitez Mah.,2,1
23000,50,10,3,Muğla,Menteşe,Kötekli Mah.,1,1
60000,140,5,1,Muğla,Köyceğiz,Ulucami Mah.,4,1
5000,90,26,2,Muğla,Fethiye,Yeni Mah.,2,1
18000,120,0,2,Muğla,Seydikemer,Gerişburnu Mah.,3,1
40000,95,25,1,Muğla,Marmaris,Sarıana Mah.,2,1
15000,40,10,0,Muğla,Fethiye,Ölüdeniz Mah.,1,1
25000,130,11,2,Muğla,Milas,İsmet Paşa Mah.,3,1
240000,150,6,0,Muğla,Bodrum,Yokuşbaşı Mah.,3,1
48000,60,6,2,Muğla,Bodrum,Bitez Mah.,1,1
75000,80,30,2,Muğla,Bodrum,Eskiçeşme Mah.,2,1
25500,60,3,3,Muğla,Dalaman,Söğütlüyurt Mah.,1,1
55000,110,21,0,Muğla,Fethiye,Foça Mah.,2,1
38000,135,16,1,Muğla,Ortaca,Atatürk Mah.,3,1
200000,300,4,2,Muğla,Bodrum,Turgutreis Mah.,4,1
300000,670,2,0,Muğla,Bodrum,Yalıkavak Mah.,5,2
29000,110,5,3,Muğla,Dalaman,Altıntas Mah.,2,1
25500,90,14,5,Muğla,Köyceğiz,Gelişim Mah.,2,1
38000,100,2,1,Muğla,Dalaman,Karaçalı Mah.,2,1
21000,50,11,1,Muğla,Menteşe,Yeniköy Mah.,1,1
30000,70,10,0,Muğla,Datça,İskele Mah.,1,1
200000,80,26,0,Muğla,Bodrum,Akyarlar Mah.,2,1
35000,120,6,1,Muğla,Ortaca,Dalyan Mah.,2,1
25000,100,16,0,Muğla,Milas,Emek Mah.,2,1
27000,100,1,2,Muğla,Bodrum,Mumcular Mah.,3,1
60000,80,3,0,Muğla,Bodrum,Turgutreis Mah.,2,1
250000,185,21,0,Muğla,Bodrum,Kumbahçe Mah.,2,1
70000,400,6,2,Muğla,Bodrum,Yalıkavak Mah.,3,2
35000,55,16,2,Muğla,Marmaris,Hatipirimi Mah.,1,1
26500,100,24,3,Manisa,Şehzadeler,Mimar Sinan Mah.,2,1
25000,90,9,5,Manisa,Yunusemre,Atatürk Mah.,2,1
35000,85,5,2,Manisa,Yunusemre,Karaali Mah.,2,1
16000,115,4,3,Manisa,Akhisar,Reşat Bey Mah.,2,1
25000,85,3,1,Manisa,Turgutlu,Altay Mah.,2,1
22500,110,20,1,Manisa,Yunusemre,Cumhuriyet Mah.,2,1
16500,90,6,1,Manisa,Yunusemre,Muradiye Mah.,2,1
25000,117,16,3,Manisa,Yunusemre,Kuyualan Mah.,3,1
16500,80,6,3,Manisa,Yunusemre,Muradiye Mah.,2,1
18000,65,5,2,Manisa,Yunusemre,Muradiye Mah.,1,1
30000,115,21,4,Manisa,Şehzadeler,Peker Mah.,3,1
70000,145,4,4,Manisa,Yunusemre,Güzelyurt Mah.,3,1
23000,100,0,3,Manisa,Akhisar,Ulu Camii Mah.,2,1
18500,125,18,4,Manisa,Turgutlu,Yıldırım Mah.,3,1
20000,85,4,3,Manisa,Yunusemre,Muradiye Mah.,1,1
44000,90,8,0,Manisa,Yunusemre,Muradiye Mah.,2,1
21000,100,0,1,Manisa,Akhisar,Ulu Camii Mah.,2,1
26500,135,18,3,Manisa,Salihli,Cumhuriyet Mah.,3,1
16000,120,16,4,Manisa,Akhisar,Kethüda Mah.,2,1
35000,90,8,3,Manisa,Yunusemre,Hafsa Sultan Mah.,1,1
35000,75,6,2,Manisa,Yunusemre,Güzelyurt Mah.,2,1
32000,55,1,5,Manisa,Şehzadeler,Peker Mah.,1,1
22000,95,8,4,Manisa,Salihli,Kurtuluş Mah.,2,1
22000,140,25,4,Manisa,Akhisar,İnönü Mah.,3,1
30000,100,48,6,Manisa,Şehzadeler,Adakale Mah.,2,1
24000,100,6,7,Manisa,Akhisar,Hürriyet Mah.,2,1
18000,100,6,2,Manisa,Yunusemre,Muradiye Mah.,2,1
17000,85,0,1,Manisa,Akhisar,Efendi Mah.,2,1
16000,70,0,1,Manisa,Saruhanlı,Cengiz Topel Mah.,2,1
26000,60,2,2,Manisa,Turgutlu,Selvilitepe Mah.,1,1
14000,70,6,4,Manisa,Yunusemre,Muradiye Mah.,1,1
17500,85,0,3,Manisa,Saruhanlı,Cengiz Topel Mah.,2,1
16000,50,0,2,Manisa,Yunusemre,Muradiye Mah.,1,1
16000,115,5,3,Manisa,Akhisar,Reşat Bey Mah.,2,1
18000,85,5,2,Manisa,Yunusemre,Muradiye Mah.,2,1
13000,100,30,2,Manisa,Akhisar,Atatürk Mah.,2,1
17000,60,0,3,Manisa,Yunusemre,Muradiye Mah.,1,1
16500,90,21,5,Manisa,Yunusemre,Mutlu Mah.,2,1
16000,120,7,2,Manisa,Saruhanlı,Kurtuluş Mah.,2,1
43000,85,6,2,Manisa,Yunusemre,Uncubozköy Mah.,2,1
20000,110,6,4,Manisa,Alaşehir,Fatih Mah.,2,1
24000,90,3,2,Manisa,Salihli,Güneş Mah.,2,1
19500,135,6,1,Manisa,Akhisar,Cumhuriyet Mah.,3,1
21500,85,26,6,Manisa,Yunusemre,Topçuasım Mah.,2,1
24000,110,15,1,Manisa,Akhisar,Reşat Bey Mah.,2,1
29000,120,16,2,Manisa,Yunusemre,Merkez Efendi Mah.,3,1
18500,100,21,5,Manisa,Şehzadeler,Mimar Sinan Mah.,2,1
28000,125,21,4,Manisa,Yunusemre,Yeni Mahalle Mah.,3,1
21000,100,33,5,Manisa,Şehzadeler,Peker Mah.,2,1
22000,85,5,4,Manisa,Yunusemre,Muradiye Mah.,2,1
19000,97,4,2,Manisa,Salihli,Kocaçeşme Mah.,2,1
25000,110,6,4,Manisa,Turgutlu,Şehitler Mah.,2,1
16000,55,0,2,Manisa,Yunusemre,Muradiye Mah.,1,1
17500,75,6,4,Manisa,Yunusemre,Muradiye Mah.,2,1
17500,110,11,1,Manisa,Akhisar,Ulu Camii Mah.,3,1
17000,110,21,4,Manisa,Turgutlu,Şehitler Mah.,3,1
19500,45,6,3,Manisa,Salihli,Cumhuriyet Mah.,1,1
24000,55,6,3,Manisa,Yunusemre,Muradiye Mah.,1,1
28000,120,6,4,Manisa,Alaşehir,İstasyon Mah.,2,1
20000,140,20,4,Manisa,Salihli,Kurtuluş Mah.,3,1
13500,50,0,4,Manisa,Yunusemre,Muradiye Mah.,1,1
20000,110,3,2,Manisa,Akhisar,Seyit Ahmet Mah.,2,1
20000,120,14,5,Manisa,Yunusemre,Muradiye Mah.,3,1
30000,165,7,2,Manisa,Akhisar,Atatürk Mah.,3,1
17500,55,0,4,Manisa,Yunusemre,Muradiye Mah.,1,1
28000,135,35,5,Manisa,Yunusemre,Uncubozköy Mah.,3,1
26000,110,20,1,Manisa,Salihli,Kurtuluş Mah.,2,1
23000,140,31,5,Manisa,Şehzadeler,Peker Mah.,3,1
14500,110,25,2,Manisa,Turgutlu,Bozkurt Mah.,3,1
25000,117,20,3,Manisa,Yunusemre,Kuyualan Mah.,3,1
25000,130,29,3,Manisa,Şehzadeler,Peker Mah.,3,1
24000,135,8,2,Manisa,Akhisar,Hürriyet Mah.,3,1
23000,140,20,2,Manisa,Salihli,Yörük Mah.,3,1
15000,55,5,2,Manisa,Yunusemre,Muradiye Mah.,1,1
57000,250,20,2,Manisa,Turgutlu,Ergenekon Mah.,4,1
37500,62,0,6,Manisa,Yunusemre,Güzelyurt Mah.,2,1
55000,148,4,1,Manisa,Yunusemre,Muradiye Mah.,3,1
20000,120,26,5,Manisa,Yunusemre,Topçuasım Mah.,3,1
66000,295,11,2,Manisa,Turgutlu,Ergenekon Mah.,6,1
58000,240,11,5,Manisa,Turgutlu,Ergenekon Mah.,4,1
16000,45,0,1,Manisa,Soma,Turgutalp Mah.,1,1
16000,90,5,2,Manisa,Yunusemre,Muradiye Mah.,2,1
50000,135,6,2,Manisa,Yunusemre,Muradiye Mah.,3,1
52000,68,4,5,Manisa,Yunusemre,Uncubozköy Mah.,2,1
18000,88,0,2,Manisa,Akhisar,Cumhuriyet Mah.,2,1
35000,220,6,3,Manisa,Akhisar,Atatürk Mah.,5,1
25000,149,6,3,Manisa,Akhisar,Kethüda Mah.,3,1
26000,125,25,3,Manisa,Şehzadeler,Yarhasanlar Mah.,3,1
26500,120,21,4,Manisa,Yunusemre,Merkez Efendi Mah.,3,1
25000,65,1,5,Manisa,Akhisar,Atatürk Mah.,2,1
16000,90,45,5,Manisa,Şehzadeler,Dilşikar Mah.,2,1
20000,112,11,0,Manisa,Akhisar,Hürriyet Mah.,3,1
25000,55,11,4,Manisa,Şehzadeler,2. Anafartalar Mah.,1,1
29500,45,4,13,Manisa,Yunusemre,Uncubozköy Mah.,1,1
17500,100,0,3,Manisa,Akhisar,Efendi Mah.,2,1
25000,90,6,3,Manisa,Salihli,Namık Kemal Mah.,2,1
26000,75,0,1,Manisa,Yunusemre,Karaali Mah.,1,1
19500,85,0,5,Manisa,Akhisar,Cumhuriyet Mah.,2,1
20000,140,25,1,Manisa,Salihli,Kurtuluş Mah.,3,1
26000,70,31,1,Manisa,Şehzadeler,Yarhasanlar Mah.,1,1
29000,130,25,5,Manisa,Şehzadeler,Peker Mah.,3,1
26500,120,24,5,Manisa,Yunusemre,Merkez Efendi Mah.,3,1
25000,160,15,3,Manisa,Akhisar,Hürriyet Mah.,3,0
20000,50,3,0,Manisa,Turgutlu,Irlamaz Mah.,1,1
45000,189,11,4,Manisa,Turgutlu,Cumhuriyet Mah.,4,1
29000,150,6,5,Manisa,Alaşehir,İstasyon Mah.,3,1
55000,150,6,3,Manisa,Yunusemre,Uncubozköy Mah.,3,1
18250,115,11,2,Manisa,Akhisar,Ulu Camii Mah.,2,1
35000,45,4,6,Manisa,Yunusemre,Uncubozköy Mah.,1,1
4250000,90,15,4,Manisa,Salihli,Namık Kemal Mah.,2,1
23000,100,0,1,Manisa,Akhisar,Reşat Bey Mah.,2,1
23000,90,8,4,Manisa,Salihli,Şehitler Mah.,2,1
17500,60,5,4,Manisa,Yunusemre,Muradiye Mah.,1,1
16000,125,25,2,Manisa,Akhisar,İnönü Mah.,3,1
15000,70,6,1,Manisa,Yunusemre,Muradiye Mah.,2,1
25000,70,11,2,Manisa,Akhisar,Ulu Camii Mah.,1,1
33000,45,6,2,Manisa,Yunusemre,Muradiye Mah.,1,1
16000,90,24,1,Manisa,Yunusemre,Barbaros Mah.,2,1
29000,105,16,1,Manisa,Yunusemre,Yeni Mahalle Mah.,2,1
23000,43,3,2,Manisa,Yunusemre,Muradiye Mah.,1,1
22000,105,7,3,Manisa,Akhisar,Reşat Bey Mah.,2,1
26000,100,0,3,Manisa,Akhisar,Reşat Bey Mah.,2,1
20000,100,13,1,Manisa,Salihli,Yörük Mah.,2,1
20000,92,10,1,Manisa,Akhisar,Kethüda Mah.,2,0
23500,165,6,4,Manisa,Yunusemre,Muradiye Mah.,4,1
28000,115,21,4,Manisa,Şehzadeler,Peker Mah.,3,1
15000,145,16,4,Manisa,Akhisar,İnönü Mah.,3,1
40000,120,15,1,Manisa,Yunusemre,Uncubozköy Mah.,3,1
15500,130,26,5,Manisa,Akhisar,Ragıp Bey Mah.,3,1
40000,165,11,1,Manisa,Akhisar,Atatürk Mah.,3,1
19000,95,6,2,Manisa,Akhisar,Atatürk Mah.,2,1
19000,50,5,2,Manisa,Yunusemre,Muradiye Mah.,1,1
18000,105,31,2,Manisa,Şehzadeler,Tunca Mah.,2,1
18500,95,0,1,Manisa,Akhisar,Cumhuriyet Mah.,2,1
17000,185,25,5,Manisa,Salihli,Beşeylül Mah.,3,1
34500,115,30,1,Manisa,Yunusemre,Uncubozköy Mah.,3,1
22000,110,25,3,Manisa,Şehzadeler,Göktaşlı Mah.,3,1
16000,120,32,2,Manisa,Yunusemre,Mesir Mah.,2,1
26000,105,26,3,Manisa,Akhisar,Reşat Bey Mah.,2,1
13000,60,1,3,Manisa,Saruhanlı,Cengiz Topel Mah.,1,1
15000,85,0,2,Manisa,Saruhanlı,Atatürk Mah.,2,1
17000,85,6,5,Manisa,Turgutlu,Yiğitler Mah.,2,1
20000,100,0,2,Manisa,Salihli,Şehitler Mah.,2,1
20000,85,0,3,Manisa,Yunusemre,Muradiye Mah.,2,1
18000,115,20,3,Manisa,Akhisar,Ragıp Bey Mah.,3,1
27000,135,21,3,Manisa,Yunusemre,Mesir Mah.,3,1
24500,125,31,0,Manisa,Şehzadeler,İbrahimçelebi Mah.,2,1
25000,120,25,1,Manisa,Yunusemre,Kaynak Mah.,3,1
25000,130,6,1,Manisa,Akhisar,İnönü Mah.,3,1
31000,185,0,1,Manisa,Akhisar,Reşat Bey Mah.,3,1
60000,110,4,3,Manisa,Yunusemre,Muradiye Mah.,2,1
25000,55,11,1,Manisa,Yunusemre,Muradiye Mah.,1,1
21500,105,11,2,Manisa,Yunusemre,Atatürk Mah.,2,1
26000,140,6,4,Manisa,Akhisar,Atatürk Mah.,3,1
28000,118,5,2,Manisa,Turgutlu,Turan Mah.,3,1
13500,125,30,3,Manisa,Akhisar,Hürriyet Mah.,3,1
20000,100,0,1,Manisa,Salihli,Şehitler Mah.,2,1
24000,100,5,2,Manisa,Akhisar,Hürriyet Mah.,2,1
21000,120,25,5,Manisa,Yunusemre,Laleli Mah.,3,1
18500,85,5,3,Manisa,Turgutlu,Yıldırım Mah.,1,1
20000,135,11,1,Manisa,Alaşehir,Sakarya Mah.,3,1
15000,125,30,3,Manisa,Akhisar,İnönü Mah.,3,1
20000,50,0,2,Manisa,Yunusemre,Muradiye Mah.,1,1
25000,130,21,4,Manisa,Turgutlu,Cumhuriyet Mah.,3,1
25000,200,6,4,Manisa,Yunusemre,Muradiye Mah.,4,1
36000,120,6,2,Manisa,Turgutlu,Yeni Mah.,3,1
21000,130,6,3,Manisa,Yunusemre,Muradiye Mah.,3,1
40000,145,11,0,Manisa,Yunusemre,Güzelyurt Mah.,3,1
60000,135,4,3,Manisa,Yunusemre,Muradiye Mah.,3,1
19000,130,25,1,Manisa,Salihli,Kurtuluş Mah.,3,1
20000,52,5,2,Manisa,Yunusemre,Muradiye Mah.,1,1
19000,55,0,1,Manisa,Yunusemre,Muradiye Mah.,1,1
24000,115,5,1,Manisa,Akhisar,Atatürk Mah.,2,1
13500,50,0,4,Manisa,Yunusemre,Muradiye Mah.,1,1
18000,70,6,3,Manisa,Yunusemre,Muradiye Mah.,1,1
42500,130,21,4,Manisa,Yunusemre,Uncubozköy Mah.,3,1
14000,45,6,3,Manisa,Yunusemre,Muradiye Mah.,1,1
15500,110,31,2,Manisa,Akhisar,Reşat Bey Mah.,2,1
30000,80,10,0,Manisa,Yunusemre,Muradiye Mah.,2,1
18000,110,15,2,Manisa,Akhisar,Hürriyet Mah.,2,1
21000,60,6,3,Manisa,Yunusemre,Muradiye Mah.,1,1
20000,65,11,2,Manisa,Yunusemre,Muradiye Mah.,1,1
31000,140,7,5,Manisa,Salihli,Güneş Mah.,3,1
26000,115,15,3,Manisa,Turgutlu,Acarlar Mah.,3,1
24000,115,5,1,Manisa,Akhisar,Atatürk Mah.,2,1
17500,106,7,3,Manisa,Saruhanlı,Cengiz Topel Mah.,2,1
26000,110,16,3,Manisa,Yunusemre,75. Yıl Mah.,2,1
16000,125,25,4,Manisa,Akhisar,Kethüda Mah.,3,1
18000,80,4,4,Manisa,Yunusemre,Muradiye Mah.,2,1
15500,165,26,3,Manisa,Akhisar,Hürriyet Mah.,3,1
15000,90,25,3,Manisa,Şehzadeler,Güzelköy Mah.,1,1
35000,300,9,5,Manisa,Alaşehir,İstasyon Mah.,5,1
23000,105,26,2,Manisa,Alaşehir,İstasyon Mah.,2,1
50000,135,6,2,Manisa,Yunusemre,Karaali Mah.,3,1
23000,65,6,2,Manisa,Yunusemre,Muradiye Mah.,1,1
22000,135,15,4,Manisa,Turgutlu,Şehitler Mah.,3,1
18000,100,1,1,Manisa,Akhisar,Efendi Mah.,2,1
30000,110,4,6,Manisa,Turgutlu,Selvilitepe Mah.,2,1
38000,165,2,7,Manisa,Turgutlu,Selvilitepe Mah.,4,1
33000,135,6,2,Manisa,Turgutlu,Subaşı Mah.,3,1
25000,100,27,3,Manisa,Yunusemre,Uncubozköy Mah.,2,1
17500,100,0,2,Manisa,Akhisar,Efendi Mah.,2,1
14000,65,5,3,Manisa,Yunusemre,Muradiye Mah.,1,1
47000,260,16,5,Manisa,Şehzadeler,2. Anafartalar Mah.,5,1
16000,90,20,3,Manisa,Akhisar,Reşat Bey Mah.,2,1
27000,80,10,3,Manisa,Akhisar,Hürriyet Mah.,2,1
19000,89,11,1,Manisa,Salihli,Eski Cami Mah.,2,1
14000,135,30,5,Manisa,Akhisar,Ragıp Bey Mah.,3,0
23000,95,4,3,Manisa,Yunusemre,Muradiye Mah.,2,1
16000,90,12,5,Manisa,Yunusemre,Muradiye Mah.,2,1
27000,80,6,1,Manisa,Yunusemre,Güzelyurt Mah.,1,1
28000,150,6,9,Manisa,Salihli,Keli Mah.,3,1
25000,100,1,1,Manisa,Akhisar,Reşat Bey Mah.,2,1
25000,110,30,6,Manisa,Şehzadeler,Dilşikar Mah.,2,1
25500,110,2,2,Manisa,Alaşehir,Kurtuluş Mah.,2,1
19000,150,15,0,Manisa,Soma,Kurtuluş Mah.,5,1
16500,40,5,3,Manisa,Salihli,Eski Cami Mah.,1,1
32000,120,21,5,Manisa,Yunusemre,Uncubozköy Mah.,3,1
14000,55,0,3,Manisa,Yunusemre,Muradiye Mah.,1,1
16000,135,31,3,Manisa,Akhisar,Kethüda Mah.,3,1
20500,100,0,3,Manisa,Akhisar,Cumhuriyet Mah.,2,1
16000,125,30,2,Manisa,Akhisar,Hürriyet Mah.,3,1
15500,90,30,3,Manisa,Şehzadeler,Yarhasanlar Mah.,2,1
28000,80,6,1,Manisa,Yunusemre,Güzelyurt Mah.,1,1
32500,120,9,2,Manisa,Yunusemre,Cumhuriyet Mah.,2,1
23000,145,16,1,Manisa,Turgutlu,Altay Mah.,3,1
24000,60,10,1,Manisa,Yunusemre,Akgedik Mah.,1,1
76000,400,0,0,Manisa,Yunusemre,Karaali Mah.,3,1
17000,85,14,3,Manisa,Yunusemre,Muradiye Mah.,2,1
18000,145,35,3,Manisa,Turgutlu,Şehitler Mah.,3,1
18000,70,0,3,Manisa,Akhisar,Cumhuriyet Mah.,2,0
18000,40,5,5,Manisa,Yunusemre,Yeni Mahalle Mah.,1,0
28000,120,25,3,Manisa,Şehzadeler,Tunca Mah.,3,1
25000,110,0,2,Manisa,Turgutlu,Yedi Eylül Mah.,2,1
24000,115,6,5,Manisa,Yunusemre,Muradiye Mah.,2,1
30000,60,5,0,Manisa,Yunusemre,Muradiye Mah.,1,1
35000,135,26,3,Manisa,Yunusemre,75. Yıl Mah.,3,1
25000,85,9,5,Manisa,Şehzadeler,Şehitler Mah.,2,1
25000,135,8,1,Manisa,Yunusemre,Muradiye Mah.,3,1
55000,148,4,1,Manisa,Yunusemre,Muradiye Mah.,3,1
17500,95,5,3,Manisa,Akhisar,Efendi Mah.,2,1
25000,80,28,3,Manisa,Şehzadeler,Tunca Mah.,2,1
37000,75,0,3,Manisa,Yunusemre,Güzelyurt Mah.,2,1
18000,90,0,1,Manisa,Yunusemre,Muradiye Mah.,2,1
22000,65,28,1,Manisa,Yunusemre,Mutlu Mah.,1,1
28000,120,21,3,Manisa,Akhisar,Ragıp Bey Mah.,3,1
27500,140,20,1,Manisa,Salihli,Aksoy Mah.,3,1
20000,125,21,1,Manisa,Yunusemre,Barbaros Mah.,3,1
23000,110,10,1,Manisa,Turgutlu,Selvilitepe Mah.,3,1
13000,95,30,3,Manisa,Turgutlu,Özyurt Mah.,2,1
41000,100,2,3,Manisa,Yunusemre,Yeni Mahalle Mah.,2,1
22000,60,6,1,Manisa,Yunusemre,Muradiye Mah.,1,1
40000,175,16,2,Manisa,Yunusemre,Merkez Efendi Mah.,3,1
25000,50,6,3,Manisa,Yunusemre,Muradiye Mah.,1,1
18000,160,22,3,Manisa,Salihli,Mithatpaşa Mah.,3,1
25000,100,7,3,Manisa,Salihli,Dedetaşı Mah.,2,1
32000,125,2,1,Manisa,Akhisar,Reşat Bey Mah.,3,1
30000,125,11,3,Manisa,Şehzadeler,İbrahimçelebi Mah.,3,1
30000,145,5,9,Manisa,Akhisar,Atatürk Mah.,3,1
27500,60,10,1,Manisa,Yunusemre,75. Yıl Mah.,1,1
15000,95,6,1,Manisa,Yunusemre,Muradiye Mah.,2,1
22000,55,6,2,Manisa,Turgutlu,Acarlar Mah.,1,1
24000,43,3,2,Manisa,Yunusemre,Muradiye Mah.,1,1
28000,130,30,2,Manisa,Şehzadeler,Yarhasanlar Mah.,3,1
18000,125,11,3,Manisa,Turgutlu,Bozkurt Mah.,3,1
25500,105,26,5,Manisa,Yunusemre,Güzelyurt Mah.,2,1
28000,120,30,1,Manisa,Şehzadeler,Alaybey Mah.,3,1
30000,160,25,1,Manisa,Salihli,Eski Cami Mah.,3,1
20000,115,8,4,Manisa,Turgutlu,Şehitler Mah.,2,1
26000,125,20,1,Manisa,Şehzadeler,Yarhasanlar Mah.,3,1
27000,70,5,2,Manisa,Yunusemre,Muradiye Mah.,1,1
30000,80,6,3,Manisa,Akhisar,Hürriyet Mah.,2,1
23000,160,21,3,Manisa,Turgutlu,Cumhuriyet Mah.,3,1
16000,130,20,0,Manisa,Akhisar,Atatürk Mah.,3,1
30000,140,11,4,Manisa,Şehzadeler,Şehitler Mah.,3,1
26000,118,0,1,Manisa,Salihli,Sağlık Mah.,3,1
25000,260,11,3,Manisa,Akhisar,Atatürk Mah.,4,1
30000,100,21,4,Manisa,Turgutlu,Cumhuriyet Mah.,2,1
30000,165,11,3,Manisa,Turgutlu,Ergenekon Mah.,3,1
15000,80,0,1,Manisa,Yunusemre,Muradiye Mah.,2,1
32000,65,4,3,Manisa,Yunusemre,75. Yıl Mah.,1,1
75000,205,6,4,Manisa,Yunusemre,Uncubozköy Mah.,4,1
14000,70,0,0,Manisa,Saruhanlı,Cengiz Topel Mah.,2,1
21000,130,25,-1,Manisa,Turgutlu,Yedi Eylül Mah.,4,1
20000,100,5,3,Manisa,Turgutlu,Turgutlar Mah.,2,1
26500,95,6,4,Manisa,Salihli,Beşeylül Mah.,2,0
22000,115,5,2,Manisa,Akhisar,İnönü Mah.,2,1
26000,110,0,1,Manisa,Yunusemre,Muradiye Mah.,3,1
14500,50,0,1,Manisa,Yunusemre,Muradiye Mah.,1,1
19500,110,6,4,Manisa,Akhisar,Efendi Mah.,2,1
24000,95,0,2,Manisa,Akhisar,Hürriyet Mah.,2,1
17000,135,8,1,Manisa,Akhisar,Efendi Mah.,3,1
23000,105,3,9,Manisa,Akhisar,Hürriyet Mah.,2,1
18000,100,20,0,Manisa,Şehzadeler,Yarhasanlar Mah.,2,1
20000,170,31,5,Manisa,Şehzadeler,1. Anafartalar Mah.,3,1
25000,125,26,3,Manisa,Şehzadeler,İbrahimçelebi Mah.,3,1
26000,180,6,4,Manisa,Yunusemre,Muradiye Mah.,4,1
23000,85,6,2,Manisa,Yunusemre,Karaali Mah.,2,1
17000,100,21,4,Manisa,Turgutlu,Yedi Eylül Mah.,2,1
15000,70,16,4,Manisa,Turgutlu,İstiklal Mah.,1,1
14000,90,31,3,Manisa,Akhisar,Hürriyet Mah.,2,1
15000,90,7,1,Manisa,Akhisar,Reşat Bey Mah.,2,1
25000,85,4,3,Manisa,Yunusemre,Muradiye Mah.,2,1
26000,115,21,4,Manisa,Şehzadeler,Peker Mah.,3,1
69000,190,11,2,Manisa,Yunusemre,Güzelyurt Mah.,4,1
18000,90,4,1,Manisa,Yunusemre,Muradiye Mah.,2,1
17000,140,7,3,Manisa,Selendi,Yenicami Mah.,3,1
21000,110,20,4,Manisa,Şehzadeler,Akıncılar Mah.,3,1
25000,135,5,4,Manisa,Alaşehir,İstasyon Mah.,3,1
17000,100,1,3,Manisa,Saruhanlı,Cengiz Topel Mah.,2,1
23000,65,0,3,Manisa,Yunusemre,Muradiye Mah.,1,1
20000,85,6,3,Manisa,Salihli,Kocaçeşme Mah.,2,1
30000,40,4,3,Manisa,Yunusemre,Uncubozköy Mah.,1,0
42000,100,2,3,Manisa,Yunusemre,Yeni Mahalle Mah.,2,1
25000,130,2,2,Manisa,Akhisar,Reşat Bey Mah.,3,1
21000,50,0,2,Manisa,Alaşehir,İstasyon Mah.,1,1
23000,120,25,3,Manisa,Şehzadeler,Dilşikar Mah.,3,1
20000,95,0,3,Manisa,Turgutlu,Atatürk Mah.,2,1
13250,100,16,2,Manisa,Akhisar,Şeyhisa Mah.,2,1
26000,150,10,1,Manisa,Turgutlu,Yeni Mah.,3,1
15000,130,21,5,Manisa,Akhisar,İnönü Mah.,3,1
24000,125,6,4,Manisa,Turgutlu,Şehitler Mah.,3,1
15000,100,6,3,Manisa,Akhisar,Efendi Mah.,2,1
15000,120,16,2,Manisa,Akhisar,Hürriyet Mah.,3,1
19000,100,6,2,Manisa,Turgutlu,Selvilitepe Mah.,2,1
30000,120,7,-2,Manisa,Saruhanlı,Cumhuriyet Mah.,3,1
15000,100,5,0,Manisa,Alaşehir,İstasyon Mah.,2,1
24000,120,6,2,Manisa,Yunusemre,Muradiye Mah.,3,1
25000,64,6,3,Manisa,Salihli,Kocaçeşme Mah.,1,1
50250,130,11,1,Manisa,Yunusemre,Güzelyurt Mah.,3,1
17000,100,0,4,Manisa,Saruhanlı,Cengiz Topel Mah.,2,1
27500,90,12,1,Manisa,Yunusemre,Cumhuriyet Mah.,2,1
20000,95,2,2,Manisa,Yunusemre,Mareşal Fevzi Çakmak Mah.,2,1
22000,55,0,1,Manisa,Yunusemre,Muradiye Mah.,1,1
19000,100,0,1,Manisa,Akhisar,Reşat Bey Mah.,2,1
19000,50,5,1,Manisa,Salihli,Mithatpaşa Mah.,1,1
18000,110,0,2,Manisa,Akhisar,Seyit Ahmet Mah.,2,1
16000,50,6,3,Manisa,Yunusemre,Muradiye Mah.,1,1
27000,130,5,2,Manisa,Alaşehir,İstasyon Mah.,3,1
19500,92,0,1,Manisa,Akhisar,Efendi Mah.,2,1
33000,135,4,15,Manisa,Turgutlu,Selvilitepe Mah.,3,1
39000,170,6,3,Manisa,Turgutlu,Ergenekon Mah.,4,1
23000,140,11,3,Manisa,Akhisar,Atatürk Mah.,3,1
16000,130,5,0,Manisa,Turgutlu,Mustafa Kemal Mah.,2,1
19500,60,6,0,Manisa,Yunusemre,Muradiye Mah.,1,1
18000,51,0,1,Manisa,Alaşehir,İstasyon Mah.,1,1
21000,125,5,3,Manisa,Yunusemre,Muradiye Mah.,3,1
22000,90,5,2,Manisa,Yunusemre,Karaali Mah.,2,1
26000,135,0,3,Manisa,Turgutlu,Şehitler Mah.,3,1
22000,74,6,3,Manisa,Yunusemre,Keçili Köy Mah.,1,1
17000,110,31,4,Manisa,Akhisar,Hürriyet Mah.,2,1
14000,45,1,1,Manisa,Yunusemre,Muradiye Mah.,1,1
55000,77,0,4,Manisa,Yunusemre,75. Yıl Mah.,2,1
20000,125,2,3,Manisa,Akhisar,Efendi Mah.,3,1
19000,70,0,0,Manisa,Yunusemre,Muradiye Mah.,2,1
23000,110,5,2,Manisa,Akhisar,Atatürk Mah.,2,1
17000,95,30,0,Manisa,Şehzadeler,Şehitler Mah.,2,1
19500,50,0,3,Manisa,Saruhanlı,Cengiz Topel Mah.,1,1
9500,45,16,2,Manisa,Alaşehir,Soğuksu Mah.,1,0
19500,135,6,1,Manisa,Akhisar,Cumhuriyet Mah.,3,1
18000,120,15,3,Manisa,Turgutlu,Altay Mah.,3,1
17000,80,0,3,Manisa,Yunusemre,Muradiye Mah.,2,1
20000,65,0,2,Manisa,Yunusemre,Muradiye Mah.,1,1
65000,135,0,5,Manisa,Yunusemre,Uncubozköy Mah.,3,1
16000,80,31,1,Manisa,Akhisar,Paşa Mah.,2,1
22000,155,25,5,Manisa,Turgutlu,Selvilitepe Mah.,3,1
18000,70,16,3,Manisa,Turgutlu,Yılmazlar Mah.,1,1
22000,85,26,0,Manisa,Yunusemre,Akmescit Mah.,2,1
15000,120,21,4,Manisa,Akhisar,Ragıp Bey Mah.,2,1
25000,85,6,2,Manisa,Akhisar,Hürriyet Mah.,2,0
28000,110,2,2,Manisa,Alaşehir,İstasyon Mah.,2,1
20000,100,0,3,Manisa,Akhisar,Ulu Camii Mah.,2,1
20000,90,5,3,Manisa,Yunusemre,Muradiye Mah.,2,1
26000,125,0,2,Manisa,Akhisar,Atatürk Mah.,3,1
17000,90,26,0,Manisa,Şehzadeler,Şehitler Mah.,2,1
40000,135,21,3,Manisa,Yunusemre,Uncubozköy Mah.,3,1
17250,100,6,1,Manisa,Akhisar,Ulu Camii Mah.,2,1
50000,130,11,1,Manisa,Yunusemre,Güzelyurt Mah.,3,1
33000,160,5,15,Manisa,Turgutlu,Selvilitepe Mah.,3,1
21000,110,6,2,Manisa,Turgutlu,Şehitler Mah.,2,1
24900,132,23,3,Manisa,Akhisar,Hürriyet Mah.,3,1
22000,130,25,2,Manisa,Turgutlu,Atatürk Mah.,4,1
19000,55,0,1,Manisa,Yunusemre,Yeni Mahalle Mah.,1,1
11000,110,15,-2,Manisa,Alaşehir,Sarısu Mah.,3,1
21000,45,5,5,Manisa,Turgutlu,Yeni Mah.,1,1
30000,105,0,3,Manisa,Yunusemre,Muradiye Mah.,2,1
23000,105,35,5,Manisa,Yunusemre,Laleli Mah.,3,1
34000,210,15,-1,Manisa,Turgutlu,Cumhuriyet Mah.,3,1
20000,88,30,3,Manisa,Şehzadeler,Peker Mah.,2,1
21000,85,5,2,Manisa,Yunusemre,Muradiye Mah.,2,1
18000,55,6,2,Manisa,Yunusemre,Muradiye Mah.,1,1
27000,110,30,5,Manisa,Turgutlu,Cumhuriyet Mah.,3,1
22000,80,0,1,Manisa,Akhisar,Reşat Bey Mah.,2,1
35000,180,6,4,Manisa,Yunusemre,Muradiye Mah.,4,1
24000,90,26,4,Manisa,Şehzadeler,Mimar Sinan Mah.,2,1
30000,140,5,1,Manisa,Yunusemre,Muradiye Mah.,3,1
18000,100,1,1,Manisa,Akhisar,Efendi Mah.,2,1
18000,110,26,3,Manisa,Akhisar,Ragıp Bey Mah.,3,1
16000,80,30,1,Manisa,Salihli,Güneş Mah.,2,1
21000,130,6,3,Manisa,Akhisar,Hürriyet Mah.,3,1
30000,130,11,3,Manisa,Turgutlu,Cumhuriyet Mah.,3,1
29000,125,21,2,Manisa,Yunusemre,Topçuasım Mah.,3,1
15000,75,35,3,Manisa,Yunusemre,Topçuasım Mah.,2,1
23000,45,5,3,Manisa,Turgutlu,Yeni Mah.,1,1
23000,130,5,2,Manisa,Akhisar,Atatürk Mah.,3,1
21000,70,5,6,Manisa,Yunusemre,Güzelyurt Mah.,1,1
16000,97,20,1,Manisa,Şehzadeler,Şehitler Mah.,2,1
30000,100,16,5,Manisa,Şehzadeler,2. Anafartalar Mah.,2,1
28000,140,5,4,Manisa,Turgutlu,Ergenekon Mah.,3,1
17000,90,5,2,Manisa,Akhisar,Atatürk Mah.,2,1
48000,170,0,2,Manisa,Şehzadeler,Sancaklıuzunçınar Mah.,3,1
42000,100,3,3,Manisa,Yunusemre,Yeni Mahalle Mah.,2,1
39000,100,0,4,Manisa,Yunusemre,Yeni Mahalle Mah.,2,1
24000,60,0,2,Manisa,Yunusemre,Akgedik Mah.,1,1
23000,100,30,3,Manisa,Şehzadeler,Mimar Sinan Mah.,3,1
18000,95,10,1,Manisa,Akhisar,Atatürk Mah.,2,1
24000,105,0,3,Manisa,Akhisar,Hürriyet Mah.,2,1
29000,77,21,1,Manisa,Akhisar,Ragıp Bey Mah.,1,1
16250,130,31,3,Manisa,Akhisar,Ragıp Bey Mah.,3,0
26000,115,21,4,Manisa,Yunusemre,Topçuasım Mah.,3,1
21000,45,5,2,Manisa,Turgutlu,Yeni Mah.,1,1
23500,88,5,0,Manisa,Yunusemre,Muradiye Mah.,1,1
42000,260,0,5,Manisa,Turgutlu,Selvilitepe Mah.,5,1
20000,70,0,4,Manisa,Yunusemre,Muradiye Mah.,2,1
39000,100,2,2,Manisa,Yunusemre,Yeni Mahalle Mah.,2,1
18000,85,16,3,Manisa,Yunusemre,Barbaros Mah.,2,1
20000,50,0,1,Manisa,Yunusemre,Muradiye Mah.,1,1
17000,50,15,1,Manisa,Salihli,Güneş Mah.,1,1
20000,125,10,2,Manisa,Akhisar,Reşat Bey Mah.,3,1
32500,160,11,3,Manisa,Salihli,Eski Cami Mah.,3,1
30000,155,6,2,Manisa,Turgutlu,Ergenekon Mah.,3,1
36000,95,4,6,Manisa,Turgutlu,Selvilitepe Mah.,2,1
21000,45,5,3,Manisa,Turgutlu,Yeni Mah.,1,1
19000,85,15,1,Manisa,Yunusemre,Cumhuriyet Mah.,2,1
50000,105,4,2,Manisa,Yunusemre,Karaali Mah.,2,1
13500,60,0,0,Manisa,Saruhanlı,Atatürk Mah.,1,1
13500,127,35,5,Manisa,Akhisar,Reşat Bey Mah.,3,0
27000,55,11,2,Manisa,Yunusemre,Uncubozköy Mah.,1,1
20000,125,16,3,Manisa,Akhisar,Atatürk Mah.,3,1
15000,55,1,4,Manisa,Saruhanlı,Cengiz Topel Mah.,1,1
22000,70,6,1,Manisa,Yunusemre,Muradiye Mah.,1,1
20000,130,16,4,Manisa,Şehzadeler,Yarhasanlar Mah.,3,1
15500,125,26,4,Manisa,Turgutlu,Cumhuriyet Mah.,3,1
37000,250,11,2,Manisa,Akhisar,Medar Mah.,4,1
35000,220,16,4,Manisa,Akhisar,İnönü Mah.,5,1
18000,95,10,1,Manisa,Akhisar,Ulu Camii Mah.,2,1
20000,116,0,4,Manisa,Saruhanlı,Cengiz Topel Mah.,2,1
20000,85,25,1,Manisa,Şehzadeler,Ege Mah.,2,1
17000,55,0,3,Manisa,Yunusemre,Muradiye Mah.,1,1
28000,160,5,2,Manisa,Alaşehir,Kurtuluş Mah.,3,1
30000,105,0,6,Manisa,Turgutlu,Ergenekon Mah.,2,1
20000,80,4,1,Manisa,Yunusemre,Muradiye Mah.,2,1
30000,180,15,4,Manisa,Salihli,Yörük Mah.,3,1
15500,125,26,4,Manisa,Turgutlu,Cumhuriyet Mah.,3,1
25000,80,26,1,Manisa,Şehzadeler,Çarşı Mah.,2,1
30000,67,0,1,Manisa,Turgutlu,Selvilitepe Mah.,1,1
25000,125,21,5,Manisa,Şehzadeler,Yarhasanlar Mah.,3,1
20000,160,6,4,Manisa,Turgutlu,Altay Mah.,3,1
23000,125,6,3,Manisa,Yunusemre,Muradiye Mah.,3,1
42000,204,5,9,Manisa,Alaşehir,Kurtuluş Mah.,3,1
17500,100,0,1,Manisa,Akhisar,Ulu Camii Mah.,2,1
41500,155,0,3,Manisa,Akhisar,Hürriyet Mah.,3,1
35000,85,0,3,Manisa,Turgutlu,Cumhuriyet Mah.,2,1
20000,135,18,4,Manisa,Turgutlu,Şehitler Mah.,3,1
23000,110,3,3,Manisa,Turgutlu,Şehitler Mah.,2,1
18000,100,0,1,Manisa,Akhisar,Seyit Ahmet Mah.,2,1
21000,140,6,2,Manisa,Yunusemre,Muradiye Mah.,3,1
20000,90,26,1,Manisa,Şehzadeler,Yarhasanlar Mah.,2,1
18000,85,6,2,Manisa,Yunusemre,Muradiye Mah.,2,1
27000,96,7,3,Manisa,Yunusemre,Muradiye Mah.,2,1
17000,43,0,1,Manisa,Yunusemre,Muradiye Mah.,2,1
20000,120,6,2,Manisa,Akhisar,Efendi Mah.,3,1
17000,55,0,2,Manisa,Yunusemre,Muradiye Mah.,1,1
29000,160,5,2,Manisa,Alaşehir,Kurtuluş Mah.,3,1
18000,65,0,3,Manisa,Yunusemre,Muradiye Mah.,1,1
18500,105,0,1,Manisa,Akhisar,Reşat Bey Mah.,2,1
20000,140,6,2,Manisa,Akhisar,Kethüda Mah.,3,1
18000,40,0,3,Manisa,Alaşehir,Fatih Mah.,1,1
20000,80,7,2,Manisa,Alaşehir,İstasyon Mah.,2,1
35000,100,5,1,Manisa,Yunusemre,Yeni Mahalle Mah.,2,1
18000,100,6,1,Manisa,Yunusemre,Muradiye Mah.,2,1
26000,130,21,1,Manisa,Salihli,Cumhuriyet Mah.,3,1
16500,110,35,0,Manisa,Salihli,Aksoy Mah.,3,0
30000,140,11,2,Manisa,Alaşehir,İstasyon Mah.,3,1
16000,75,6,4,Manisa,Turgutlu,Kurtuluş Mah.,2,0
16000,47,0,1,Manisa,Salihli,Kocaçeşme Mah.,1,1
20000,120,16,0,Manisa,Akhisar,Atatürk Mah.,3,1
16000,45,6,1,Manisa,Yunusemre,Muradiye Mah.,1,1
15500,50,5,1,Manisa,Salihli,Cumhuriyet Mah.,1,1
32000,80,4,5,Manisa,Şehzadeler,1. Anafartalar Mah.,2,1
16000,120,7,2,Manisa,Saruhanlı,Kurtuluş Mah.,3,1
33000,135,16,5,Manisa,Yunusemre,Merkez Efendi Mah.,3,1
22000,60,0,4,Manisa,Yunusemre,Muradiye Mah.,1,1
21000,90,3,4,Manisa,Alaşehir,Fatih Mah.,2,1
19000,125,11,1,Manisa,Akhisar,Efendi Mah.,3,1
22000,60,0,3,Manisa,Yunusemre,Muradiye Mah.,1,1
25000,125,26,3,Manisa,Şehzadeler,Peker Mah.,3,1
25000,160,6,4,Manisa,Yunusemre,Muradiye Mah.,3,1
19000,85,21,1,Manisa,Şehzadeler,Ege Mah.,2,1
36000,200,6,5,Manisa,Alaşehir,Kurtuluş Mah.,4,1
14000,60,21,5,Manisa,Şehzadeler,Peker Mah.,1,1
18000,150,31,3,Manisa,Akhisar,Ragıp Bey Mah.,3,1
14000,110,30,2,Manisa,Akhisar,Hürriyet Mah.,3,1
25000,50,1,4,Manisa,Yunusemre,Uncubozköy Mah.,1,1
22000,105,19,0,Manisa,Yunusemre,Lalapaşa Mah.,3,0
14000,150,21,3,Manisa,Akhisar,Paşa Mah.,3,1
20000,100,6,2,Manisa,Akhisar,Efendi Mah.,2,1
15000,60,30,3,Manisa,Salihli,Mithatpaşa Mah.,2,1
20000,100,31,1,Manisa,Şehzadeler,Peker Mah.,2,1
25000,95,6,1,Manisa,Yunusemre,Yeni Mahalle Mah.,2,1
35000,120,6,2,Manisa,Yunusemre,Güzelyurt Mah.,3,1
20000,130,3,3,Manisa,Akhisar,Efendi Mah.,3,1
18000,45,6,2,Manisa,Salihli,Namık Kemal Mah.,1,1
23000,85,26,6,Manisa,Şehzadeler,Dilşikar Mah.,2,1
25000,84,13,2,Manisa,Yunusemre,Yeni Mahalle Mah.,2,1
16000,85,6,1,Manisa,Yunusemre,Muradiye Mah.,2,1
50000,150,11,3,Manisa,Turgutlu,Ergenekon Mah.,3,1
32500,175,11,2,Manisa,Yunusemre,Keçili Köy Mah.,3,1
17000,110,31,4,Manisa,Akhisar,Ragıp Bey Mah.,2,1
30000,105,0,3,Manisa,Yunusemre,Muradiye Mah.,2,1
20000,132,6,3,Manisa,Akhisar,Ulu Camii Mah.,3,1
35000,165,11,3,Manisa,Akhisar,Hürriyet Mah.,3,1
25000,165,22,1,Manisa,Akhisar,İnönü Mah.,3,1
20000,100,5,3,Manisa,Alaşehir,İstasyon Mah.,2,1
45000,550,6,0,Manisa,Şehzadeler,Sancaklıçeşmebaşı Mah.,3,1
17500,55,7,2,Manisa,Yunusemre,Muradiye Mah.,1,1
30000,140,11,2,Manisa,Turgutlu,Yeni Mah.,3,1
19500,55,0,2,Manisa,Yunusemre,Muradiye Mah.,1,1
20000,85,16,0,Manisa,Yunusemre,Kaynak Mah.,2,1
20000,60,0,3,Manisa,Turgutlu,Acarlar Mah.,1,1
25900,125,16,2,Manisa,Şehzadeler,Arda Mah.,3,1
20000,75,5,3,Manisa,Yunusemre,Muradiye Mah.,2,1
21000,130,6,2,Manisa,Yunusemre,Muradiye Mah.,3,1
19500,157,31,1,Manisa,Akhisar,Ragıp Bey Mah.,4,1
14250,135,18,5,Manisa,Akhisar,Hacı İshak Mah.,3,1
20000,95,0,1,Manisa,Turgutlu,Yedi Eylül Mah.,2,1
18000,65,3,3,Manisa,Yunusemre,Muradiye Mah.,1,1
16000,150,20,3,Manisa,Akhisar,İnönü Mah.,3,1
25000,65,0,1,Manisa,Yunusemre,Muradiye Mah.,1,1
25000,120,6,3,Manisa,Akhisar,Atatürk Mah.,3,1
19000,85,0,1,Manisa,Akhisar,Cumhuriyet Mah.,2,1
20500,25,4,1,Manisa,Yunusemre,Uncubozköy Mah.,1,0
18000,50,5,2,Manisa,Alaşehir,Kurtuluş Mah.,1,1
17000,55,5,2,Manisa,Yunusemre,Evrenos Mah.,1,1
35000,130,5,2,Manisa,Turgutlu,Selvilitepe Mah.,2,1
29000,85,0,1,Manisa,Yunusemre,Tevfikiye Mah.,2,1
16000,130,26,3,Manisa,Akhisar,Kethüda Mah.,3,1
25000,64,8,3,Manisa,Salihli,Kocaçeşme Mah.,1,1
15000,118,6,1,Manisa,Yunusemre,Muradiye Mah.,2,1
23500,60,11,2,Manisa,Yunusemre,75. Yıl Mah.,1,1
15000,140,31,4,Manisa,Akhisar,Ragıp Bey Mah.,3,1
14000,55,0,1,Manisa,Yunusemre,Muradiye Mah.,1,1
17000,80,6,4,Manisa,Yunusemre,Muradiye Mah.,2,1
26000,125,35,2,Manisa,Şehzadeler,Yarhasanlar Mah.,3,1
16000,125,4,3,Manisa,Akhisar,Efendi Mah.,3,1
16000,135,30,4,Manisa,Akhisar,İnönü Mah.,3,1
25000,55,2,1,Manisa,Akhisar,Atatürk Mah.,1,1
20000,125,26,3,Manisa,Turgutlu,Yılmazlar Mah.,3,1
19000,135,26,3,Manisa,Akhisar,Paşa Mah.,3,1
25000,80,0,2,Manisa,Akhisar,Atatürk Mah.,2,1
19500,55,1,1,Manisa,Yunusemre,Muradiye Mah.,1,1
19000,125,21,3,Manisa,Turgutlu,Acarlar Mah.,3,1
17000,85,5,2,Manisa,Yunusemre,Muradiye Mah.,2,1
55000,100,0,2,Manisa,Şehzadeler,Utku Mah.,2,1
16000,120,7,3,Manisa,Saruhanlı,Kurtuluş Mah.,2,1
26000,80,5,3,Manisa,Yunusemre,Yeni Mahalle Mah.,2,1
18500,70,5,4,Manisa,Yunusemre,Muradiye Mah.,2,1
22000,90,0,2,Manisa,Akhisar,Atatürk Mah.,2,1
27000,135,26,3,Manisa,Şehzadeler,Tunca Mah.,3,1
15000,95,30,3,Manisa,Akhisar,Ragıp Bey Mah.,2,1
22000,90,5,2,Manisa,Yunusemre,Karaali Mah.,2,1
25000,135,21,2,Manisa,Akhisar,Ragıp Bey Mah.,3,1
20000,100,6,2,Manisa,Turgutlu,Selvilitepe Mah.,2,1
20000,85,26,6,Manisa,Şehzadeler,Utku Mah.,2,1
21500,95,0,2,Manisa,Yunusemre,Muradiye Mah.,2,1
20000,75,16,0,Manisa,Yunusemre,Tevfikiye Mah.,1,1
28000,125,26,3,Manisa,Şehzadeler,Mimar Sinan Mah.,3,1
20000,90,0,5,Manisa,Alaşehir,Fatih Mah.,2,1
18000,75,1,2,Manisa,Yunusemre,Muradiye Mah.,2,1
47000,135,11,1,Manisa,Yunusemre,Güzelyurt Mah.,3,1
16500,55,3,3,Manisa,Yunusemre,50. Yıl Mah.,1,1
19000,100,6,1,Manisa,Yunusemre,Muradiye Mah.,3,1
18000,70,4,4,Manisa,Yunusemre,Muradiye Mah.,2,1
20000,125,11,5,Manisa,Turgutlu,Şehitler Mah.,3,1
40000,150,2,-1,Manisa,Turgutlu,Ergenekon Mah.,3,1
16000,55,0,1,Manisa,Yunusemre,Muradiye Mah.,1,1
20000,120,31,2,Manisa,Akhisar,Paşa Mah.,2,1
25000,115,0,2,Manisa,Turgutlu,Yeni Mah.,2,1
25000,60,0,2,Manisa,Yunusemre,Uncubozköy Mah.,1,1
19000,55,5,1,Manisa,Yunusemre,Muradiye Mah.,1,1
17500,55,3,2,Manisa,Alaşehir,Yenice Mah.,1,1
2650000,120,26,2,Manisa,Akhisar,Reşat Bey Mah.,2,1
19000,118,21,0,Manisa,Akhisar,Hürriyet Mah.,3,1
21000,115,6,2,Manisa,Turgutlu,Şehitler Mah.,2,1
20000,95,21,4,Manisa,Şehzadeler,Dilşikar Mah.,2,1
40000,62,0,6,Manisa,Yunusemre,Güzelyurt Mah.,2,1
18000,70,16,3,Manisa,Turgutlu,Yılmazlar Mah.,1,1
19000,55,5,3,Manisa,Yunusemre,Yeni Mahalle Mah.,1,1
53000,204,5,1,Manisa,Alaşehir,Kurtuluş Mah.,3,1
19250,100,0,1,Manisa,Akhisar,Efendi Mah.,2,1
18000,80,30,3,Manisa,Akhisar,Hürriyet Mah.,2,1
18000,90,3,2,Manisa,Yunusemre,Akgedik Mah.,2,1
19000,135,21,3,Manisa,Turgutlu,Cumhuriyet Mah.,3,1
25000,118,2,2,Manisa,Akhisar,Reşat Bey Mah.,2,1
21000,100,4,2,Manisa,Yunusemre,Barbaros Mah.,2,1
25000,80,6,4,Manisa,Yunusemre,Akmescit Mah.,2,1
20000,135,21,4,Manisa,Akhisar,Reşat Bey Mah.,3,1
19000,85,5,2,Manisa,Yunusemre,Muradiye Mah.,2,1
18500,46,1,1,Manisa,Alaşehir,Kurtuluş Mah.,1,1
26000,90,6,2,Manisa,Turgutlu,Yeni Mah.,2,1
55000,204,6,11,Manisa,Alaşehir,Kurtuluş Mah.,3,1
30000,120,26,6,Manisa,Şehzadeler,1. Anafartalar Mah.,3,1
18000,85,5,3,Manisa,Yunusemre,Muradiye Mah.,2,1
42000,250,0,2,Manisa,Akhisar,Medar Mah.,3,1
14500,100,26,1,Manisa,Akhisar,Has Hoca Mah.,2,1
15000,90,21,1,Manisa,Alaşehir,Sakarya Mah.,2,1
12000,80,6,4,Manisa,Turgutlu,Atatürk Mah.,2,1
21000,105,26,3,Manisa,Şehzadeler,Dinçer Mah.,2,1
19000,90,5,7,Manisa,Alaşehir,İstasyon Mah.,2,1
18000,85,0,2,Manisa,Yunusemre,Muradiye Mah.,2,1
20000,100,31,1,Manisa,Şehzadeler,Utku Mah.,2,1
25000,90,1,0,Manisa,Yunusemre,Muradiye Mah.,2,1
22200,115,16,3,Manisa,Akhisar,Ragıp Bey Mah.,3,1
20000,65,6,1,Manisa,Yunusemre,Muradiye Mah.,1,1
24000,100,5,2,Manisa,Akhisar,Atatürk Mah.,2,1
22000,120,5,1,Manisa,Yunusemre,Muradiye Mah.,3,1
14000,60,5,5,Manisa,Yunusemre,Muradiye Mah.,1,1
52000,204,5,9,Manisa,Alaşehir,Kurtuluş Mah.,3,1
32500,200,21,2,Manisa,Salihli,Mithatpaşa Mah.,3,1
22250,150,11,2,Manisa,Akhisar,Atatürk Mah.,3,1
22500,95,16,4,Manisa,Yunusemre,Kaynak Mah.,2,1
23000,155,6,0,Manisa,Akhisar,Ragıp Bey Mah.,3,1
20000,50,0,1,Manisa,Yunusemre,Muradiye Mah.,1,1
22000,80,6,2,Manisa,Yunusemre,Karaali Mah.,2,1
15000,75,5,2,Manisa,Yunusemre,Muradiye Mah.,2,1
12500,30,6,1,Manisa,Soma,Kurtuluş Mah.,1,0
25000,130,25,5,Manisa,Turgutlu,Cumhuriyet Mah.,3,1
19000,50,6,2,Manisa,Yunusemre,Muradiye Mah.,1,1
25000,140,31,5,Manisa,Şehzadeler,Peker Mah.,3,1
25000,120,26,1,Manisa,Turgutlu,Acarlar Mah.,2,1
32000,145,5,2,Manisa,Akhisar,Atatürk Mah.,3,1
50000,140,15,4,Manisa,Yunusemre,Güzelyurt Mah.,3,1
15200,100,6,4,Manisa,Akhisar,Cumhuriyet Mah.,2,1
24000,90,5,3,Manisa,Yunusemre,Muradiye Mah.,2,1
16500,50,3,1,Manisa,Yunusemre,Muradiye Mah.,1,1
13500,65,0,2,Manisa,Yunusemre,Muradiye Mah.,1,1
22000,120,26,5,Manisa,Şehzadeler,Peker Mah.,2,1
21000,95,21,4,Manisa,Yunusemre,Tevfikiye Mah.,2,1
16000,80,1,3,Manisa,Saruhanlı,Atatürk Mah.,2,1
30000,115,5,2,Manisa,Akhisar,Ragıp Bey Mah.,2,1
20000,130,30,4,Manisa,Şehzadeler,Peker Mah.,3,1
15000,65,0,1,Manisa,Yunusemre,Muradiye Mah.,1,1
22000,100,1,2,Manisa,Saruhanlı,Atatürk Mah.,2,1
20500,65,5,2,Manisa,Yunusemre,Muradiye Mah.,1,1
18000,65,1,2,Manisa,Yunusemre,Muradiye Mah.,1,1
18000,100,0,3,Manisa,Akhisar,Cumhuriyet Mah.,2,1
19000,95,5,0,Manisa,Yunusemre,Muradiye Mah.,2,1
20000,85,4,1,Manisa,Yunusemre,Muradiye Mah.,2,1
26000,95,31,2,Manisa,Şehzadeler,Alaybey Mah.,2,1
20000,140,16,1,Manisa,Alaşehir,İstasyon Mah.,3,1
18500,55,2,4,Manisa,Alaşehir,Kurtuluş Mah.,1,1
22000,120,21,3,Manisa,Akhisar,Kethüda Mah.,2,1
16000,55,0,1,Manisa,Yunusemre,Muradiye Mah.,1,1
25000,65,0,2,Manisa,Yunusemre,Yeni Mahalle Mah.,2,1
65000,107,4,1,Manisa,Yunusemre,Uncubozköy Mah.,2,1
18500,60,0,1,Manisa,Saruhanlı,Cengiz Topel Mah.,1,1
25000,100,0,3,Manisa,Turgutlu,Ergenekon Mah.,2,1
16000,80,5,1,Manisa,Yunusemre,Muradiye Mah.,2,1
18500,100,5,3,Manisa,Akhisar,Efendi Mah.,2,1
25000,115,16,2,Manisa,Alaşehir,Beşeylül Mah.,3,1
21000,135,16,5,Manisa,Turgutlu,Acarlar Mah.,3,1
30000,150,6,2,Manisa,Turgutlu,Ergenekon Mah.,3,1
16000,55,1,1,Manisa,Yunusemre,Muradiye Mah.,1,1
25000,135,21,3,Manisa,Şehzadeler,Dere Mah.,3,1
19500,80,0,3,Manisa,Akhisar,Hürriyet Mah.,2,1
21000,55,0,1,Manisa,Yunusemre,Muradiye Mah.,1,1
21000,95,21,0,Manisa,Yunusemre,Barbaros Mah.,2,1
16000,120,5,2,Manisa,Turgutlu,Albayrak Mah.,2,1
22000,60,0,3,Manisa,Yunusemre,Muradiye Mah.,1,1
16500,55,3,3,Manisa,Yunusemre,50. Yıl Mah.,1,1
25000,85,0,2,Manisa,Akhisar,Reşat Bey Mah.,2,1
18000,115,5,2,Manisa,Yunusemre,Muradiye Mah.,3,1
14000,50,6,2,Manisa,Yunusemre,Muradiye Mah.,1,1
20000,90,21,4,Manisa,Şehzadeler,Dilşikar Mah.,2,1
20000,80,0,2,Manisa,Akhisar,Reşat Bey Mah.,2,1
22000,150,16,0,Manisa,Alaşehir,Şeyh Sinan Mah.,3,1
16000,90,2,3,Manisa,Yunusemre,Muradiye Mah.,2,1
18000,55,0,1,Manisa,Yunusemre,Muradiye Mah.,1,1
15500,60,4,0,Manisa,Alaşehir,Kurtuluş Mah.,1,1
17500,110,0,2,Manisa,Yunusemre,Akgedik Mah.,3,1
16000,48,5,1,Manisa,Alaşehir,Fatih Mah.,1,1
20000,110,0,4,Manisa,Akhisar,Reşat Bey Mah.,2,1
39000,95,4,2,Manisa,Yunusemre,Yeni Mahalle Mah.,2,1
18500,50,0,1,Manisa,Yunusemre,Muradiye Mah.,1,1
15000,45,1,2,Manisa,Alaşehir,Kurtuluş Mah.,1,1
15000,55,6,0,Manisa,Yunusemre,Karaali Mah.,1,1
21000,65,6,3,Manisa,Akhisar,Atatürk Mah.,1,1
12500,55,0,2,Manisa,Salihli,Yeşilyurt Mah.,1,1
18000,55,5,5,Manisa,Yunusemre,Muradiye Mah.,1,1
17500,50,1,4,Manisa,Alaşehir,Kurtuluş Mah.,1,1
17000,90,0,2,Manisa,Akhisar,Seyit Ahmet Mah.,2,1
18000,74,0,2,Manisa,Akhisar,Reşat Bey Mah.,1,1
13500,55,5,1,Manisa,Alaşehir,Kurtuluş Mah.,1,1
15000,80,5,1,Manisa,Turgutlu,Yiğitler Mah.,1,1
13000,80,6,3,Manisa,Turgutlu,Albayrak Mah.,2,1
15000,125,35,2,Manisa,Akhisar,İnönü Mah.,3,1
16000,130,30,2,Manisa,Akhisar,Hürriyet Mah.,3,1
14250,55,7,3,Denizli,Pamukkale,Fesleğen Mah.,1,1
25500,140,11,1,Denizli,Merkezefendi,Karaman Mah.,3,1
15000,50,8,3,Denizli,Pamukkale,Asmalıevler Mah.,1,1
25000,80,6,3,Denizli,Pamukkale,Mehmetçik Mah.,2,1
20000,160,18,1,Denizli,Merkezefendi,Selçuk Bey Mah.,3,1
31000,170,30,4,Denizli,Pamukkale,Mehmetçik Mah.,3,1
30000,120,6,4,Denizli,Merkezefendi,Kayalar Mah.,2,1
32500,90,5,3,Denizli,Pamukkale,Siteler Mah.,2,1
32000,170,20,3,Denizli,Merkezefendi,Adalet Mah.,3,1
21000,65,16,2,Denizli,Pamukkale,15 Mayıs Mah.,2,1
40000,200,6,2,Denizli,Merkezefendi,Yenişafak Mah.,3,1
27500,135,12,1,Denizli,Merkezefendi,Gültepe Mah.,3,1
15250,60,16,1,Denizli,Pamukkale,İncilipınar Mah.,1,1
5250000,240,11,3,Denizli,Pamukkale,İstiklal Mah.,3,1
20000,60,5,5,Denizli,Pamukkale,Bağbaşı Mah.,2,1
52000,220,6,1,Denizli,Merkezefendi,Servergazi Mah.,3,1
16000,45,11,2,Denizli,Pamukkale,İncilipınar Mah.,1,1
24000,160,5,1,Denizli,Merkezefendi,Gültepe Mah.,3,1
16000,105,31,2,Denizli,Pamukkale,Kuşpınar Mah.,2,1
26000,110,21,2,Denizli,Pamukkale,Kuşpınar Mah.,2,1
16000,105,26,3,Denizli,Pamukkale,Topraklık Mah.,2,1
19000,60,10,5,Denizli,Pamukkale,Asmalıevler Mah.,1,1
25000,150,21,4,Denizli,Pamukkale,Mehmetçik Mah.,3,1
15250,55,8,3,Denizli,Pamukkale,Zeytinköy Mah.,1,1
18000,115,11,2,Denizli,Merkezefendi,Saraylar Mah.,2,1
21500,65,0,3,Denizli,Merkezefendi,Karahasanlı Mah.,2,0
21000,145,15,3,Denizli,Merkezefendi,Gültepe Mah.,3,1
21000,80,6,17,Denizli,Merkezefendi,Kayalar Mah.,1,1
38000,150,0,1,Denizli,Merkezefendi,1200 Evler Mah.,3,1
13000,45,5,5,Denizli,Pamukkale,Asmalıevler Mah.,1,1
33000,150,1,4,Denizli,Merkezefendi,Akçeşme Mah.,3,1
15000,120,29,3,Denizli,Pamukkale,Fesleğen Mah.,2,1
9000,45,4,0,Denizli,Pamukkale,Asmalıevler Mah.,1,1
24000,50,0,1,Denizli,Pamukkale,Asmalıevler Mah.,1,1
18000,90,30,0,Denizli,Pamukkale,İncilipınar Mah.,2,1
24000,125,25,2,Denizli,Pamukkale,Atalar Mah.,2,1
13000,45,4,1,Denizli,Pamukkale,Mehmetçik Mah.,1,1
40000,165,5,3,Denizli,Merkezefendi,Yenişafak Mah.,3,1
27500,80,6,2,Denizli,Pamukkale,Siteler Mah.,1,1
19000,135,31,6,Denizli,Pamukkale,Kuşpınar Mah.,3,1
12000,50,6,0,Denizli,Pamukkale,Siteler Mah.,1,1
13500,100,0,3,Denizli,Pamukkale,Kocadere Mah.,2,1
15000,95,8,0,Denizli,Pamukkale,Karahayıt Mah.,1,1
13000,40,8,2,Denizli,Pamukkale,Fesleğen Mah.,1,1
18000,120,21,3,Denizli,Merkezefendi,Selçuk Bey Mah.,3,1
14000,65,6,1,Denizli,Merkezefendi,Sırakapılar Mah.,1,1
16000,50,5,2,Denizli,Merkezefendi,Akkonak Mah.,1,1
13000,50,10,4,Denizli,Merkezefendi,Değirmenönü Mah.,1,1
16000,45,26,0,Denizli,Pamukkale,Kuşpınar Mah.,1,1
25000,180,13,5,Denizli,Merkezefendi,Hallaçlar Mah.,4,1
15000,45,3,3,Denizli,Pamukkale,Siteler Mah.,1,1
25000,160,16,2,Denizli,Pamukkale,Atalar Mah.,3,1
29500,85,3,2,Denizli,Pamukkale,Mehmetçik Mah.,2,1
15000,50,6,4,Denizli,Merkezefendi,Değirmenönü Mah.,1,1
20000,145,21,3,Denizli,Pamukkale,Kuşpınar Mah.,3,1
15500,60,6,1,Denizli,Pamukkale,Hacıkaplanlar Mah.,1,1
54000,210,0,2,Denizli,Merkezefendi,Yenişafak Mah.,3,1
14750,95,26,1,Denizli,Pamukkale,Kuşpınar Mah.,2,1
20000,155,35,5,Denizli,Merkezefendi,Altıntop Mah.,3,1
13500,50,6,3,Denizli,Pamukkale,Topraklık Mah.,1,1
14000,55,5,1,Denizli,Pamukkale,Siteler Mah.,1,1
11000,45,3,2,Denizli,Pamukkale,Yunusemre Mah.,1,1
20000,55,1,2,Denizli,Merkezefendi,Şemikler Mah.,1,1
18500,70,5,1,Denizli,Pamukkale,Kuşpınar Mah.,2,1
14000,105,25,1,Denizli,Pamukkale,İstiklal Mah.,2,1
14000,50,5,2,Denizli,Pamukkale,Pelitlibağ Mah.,1,1
20000,45,0,1,Denizli,Merkezefendi,Karahasanlı Mah.,1,1
10000,55,11,3,Denizli,Pamukkale,15 Mayıs Mah.,1,1
2550000,75,6,3,Denizli,Pamukkale,İstiklal Mah.,1,1
32000,160,11,1,Denizli,Merkezefendi,Bahçelievler Mah.,3,1
13000,50,5,1,Denizli,Merkezefendi,Değirmenönü Mah.,1,1
22000,95,6,1,Denizli,Merkezefendi,Akkonak Mah.,2,1
17500,170,21,4,Denizli,Pamukkale,Mehmetçik Mah.,3,1
40000,215,6,1,Denizli,Merkezefendi,Selçuk Bey Mah.,4,1
11000,50,6,2,Denizli,Pamukkale,İncilipınar Mah.,1,1
18000,65,13,4,Denizli,Pamukkale,İncilipınar Mah.,1,1
20000,55,14,2,Denizli,Pamukkale,Yunusemre Mah.,2,1
17000,50,6,5,Denizli,Pamukkale,Mehmetçik Mah.,1,1
9500,35,6,0,Denizli,Merkezefendi,Bereketler Mah.,1,1
28000,120,0,2,Denizli,Merkezefendi,Şemikler Mah.,2,1
12500,55,6,2,Denizli,Pamukkale,Zeytinköy Mah.,1,1
16000,55,5,1,Denizli,Merkezefendi,Akkonak Mah.,1,1
7000,80,15,5,Denizli,Pamukkale,İstiklal Mah.,1,1
16000,55,6,5,Denizli,Pamukkale,Asmalıevler Mah.,1,1
22750,120,16,6,Denizli,Merkezefendi,Karaman Mah.,2,1
28000,150,16,1,Denizli,Merkezefendi,Şemikler Mah.,3,1
18000,70,5,3,Denizli,Pamukkale,İstiklal Mah.,1,1
22000,90,3,1,Denizli,Merkezefendi,Gümüşçay Mah.,3,1
19000,55,11,3,Denizli,Pamukkale,Asmalıevler Mah.,1,1
40000,160,5,1,Denizli,Merkezefendi,Çakmak Mah.,3,1
18500,55,0,1,Denizli,Merkezefendi,Akkonak Mah.,1,1
25000,135,16,7,Denizli,Merkezefendi,Karahasanlı Mah.,3,1
15000,55,5,2,Denizli,Pamukkale,Mehmetçik Mah.,1,1
40500,155,4,3,Denizli,Pamukkale,Kervansaray Mah.,3,1
42000,170,0,2,Denizli,Merkezefendi,Karahasanlı Mah.,3,1
28000,150,31,3,Denizli,Pamukkale,Kınıklı Mah.,3,1
27000,155,10,3,Denizli,Merkezefendi,Çakmak Mah.,3,1
18000,55,0,2,Denizli,Merkezefendi,Karahasanlı Mah.,1,1
16000,50,10,2,Denizli,Pamukkale,Kınıklı Mah.,1,1
19000,55,0,3,Denizli,Merkezefendi,Adalet Mah.,1,1
28000,100,0,2,Denizli,Merkezefendi,Mehmet Akif Ersoy Mah.,2,1
15000,60,10,3,Denizli,Pamukkale,Fesleğen Mah.,2,1
18000,90,11,2,Denizli,Merkezefendi,Akkonak Mah.,2,1
15500,50,11,1,Denizli,Pamukkale,15 Mayıs Mah.,1,1
57000,220,0,3,Denizli,Merkezefendi,Yenişafak Mah.,3,1
25000,50,0,3,Denizli,Merkezefendi,Gerzele Mah.,1,1
11000,45,4,2,Denizli,Pamukkale,Asmalıevler Mah.,1,1
30000,120,9,4,Denizli,Merkezefendi,Kayalar Mah.,2,1
18000,55,0,2,Denizli,Pamukkale,Bağbaşı Mah.,1,1
17000,60,3,1,Denizli,Merkezefendi,Bereketler Mah.,1,1
20000,140,25,3,Denizli,Pamukkale,Kuşpınar Mah.,2,1
23000,75,2,4,Denizli,Merkezefendi,Karahasanlı Mah.,2,1
37500,300,6,4,Denizli,Merkezefendi,Değirmenönü Mah.,4,1
24000,125,11,1,Denizli,Pamukkale,İstiklal Mah.,2,1
13000,85,7,2,Denizli,Merkezefendi,Karahasanlı Mah.,2,1
35000,160,18,1,Denizli,Pamukkale,İncilipınar Mah.,3,1
15000,120,0,4,Denizli,Merkezefendi,Yeni Mah.,3,1
22500,65,0,3,Denizli,Merkezefendi,Karahasanlı Mah.,2,1
14500,55,5,1,Denizli,Pamukkale,Kuşpınar Mah.,1,1
28000,60,0,3,Denizli,Merkezefendi,Adalet Mah.,1,1
14000,55,5,1,Denizli,Merkezefendi,Akkonak Mah.,1,1
32000,160,11,3,Denizli,Pamukkale,Bağbaşı Mah.,3,1
18000,75,8,1,Denizli,Pamukkale,Atalar Mah.,2,1
15000,50,10,5,Denizli,Merkezefendi,Sırakapılar Mah.,1,1
18000,145,31,1,Denizli,Pamukkale,Kervansaray Mah.,3,1
24000,115,15,0,Denizli,Merkezefendi,Bahçelievler Mah.,3,1
25000,130,0,1,Denizli,Honaz,Cumhuriyet Mah.,3,1
20000,60,10,5,Denizli,Pamukkale,Asmalıevler Mah.,2,1
25000,100,0,1,Denizli,Merkezefendi,Şemikler Mah.,2,1
65000,200,6,4,Denizli,Merkezefendi,Şemikler Mah.,4,1
22000,50,0,5,Denizli,Merkezefendi,Karahasanlı Mah.,1,1
30000,75,0,5,Denizli,Merkezefendi,Karahasanlı Mah.,2,1
39000,160,33,3,Denizli,Pamukkale,Kınıklı Mah.,3,1
13000,55,8,3,Denizli,Pamukkale,Zeytinköy Mah.,1,1
35000,75,0,3,Denizli,Merkezefendi,Karahasanlı Mah.,2,1
14000,65,6,2,Denizli,Pamukkale,Asmalıevler Mah.,2,1
17000,65,6,3,Denizli,Merkezefendi,Değirmenönü Mah.,1,1
14999,50,21,3,Denizli,Pamukkale,İncilipınar Mah.,1,1
21000,120,0,2,Denizli,Merkezefendi,Gümüşçay Mah.,2,1
18000,65,15,3,Denizli,Pamukkale,Asmalıevler Mah.,2,1
26000,75,1,3,Denizli,Merkezefendi,Karahasanlı Mah.,2,1
20000,65,1,3,Denizli,Merkezefendi,Saraylar Mah.,2,1
15000,65,6,1,Denizli,Merkezefendi,Sırakapılar Mah.,1,1
9000,40,6,2,Denizli,Pamukkale,Asmalıevler Mah.,1,0
14000,50,5,2,Denizli,Pamukkale,15 Mayıs Mah.,1,1
25000,106,4,2,Denizli,Merkezefendi,Kayalar Mah.,2,1
22000,140,16,2,Denizli,Merkezefendi,Başkarcı Mah.,3,1
20000,50,0,3,Denizli,Merkezefendi,Karahasanlı Mah.,1,1
13000,55,6,2,Denizli,Pamukkale,Zeytinköy Mah.,1,1
15000,75,11,3,Denizli,Merkezefendi,Karahasanlı Mah.,2,1
18000,150,25,1,Denizli,Pamukkale,İstiklal Mah.,3,1
60000,150,0,5,Denizli,Pamukkale,Kınıklı Mah.,3,1
40000,150,6,9,Denizli,Merkezefendi,Şemikler Mah.,3,1
79000,210,0,5,Denizli,Merkezefendi,Göveçlik Mah.,3,1
23000,110,4,0,Denizli,Merkezefendi,Kayalar Mah.,1,1
42000,190,30,1,Denizli,Pamukkale,Mehmetçik Mah.,3,1
33000,75,0,3,Denizli,Merkezefendi,Şirinköy Mah.,1,1
18000,65,8,3,Denizli,Pamukkale,Zeytinköy Mah.,2,1
20500,70,7,3,Denizli,Pamukkale,Fesleğen Mah.,2,1
37000,175,21,2,Denizli,Merkezefendi,Adalet Mah.,3,1
20000,50,0,0,Denizli,Merkezefendi,Karahasanlı Mah.,1,1
21000,65,2,2,Denizli,Pamukkale,Asmalıevler Mah.,2,1
18500,50,0,3,Denizli,Merkezefendi,Karahasanlı Mah.,1,1
350000,950,4,2,Denizli,Merkezefendi,Şirinköy Mah.,7,1
30000,55,0,1,Denizli,Merkezefendi,Bereketler Mah.,1,1
13000,90,6,3,Denizli,Merkezefendi,Karahasanlı Mah.,2,1
35000,155,15,2,Denizli,Pamukkale,Kınıklı Mah.,3,1
15000,100,9,2,Denizli,Pamukkale,Dokuzkavaklar Mah.,2,1
45000,185,1,3,Denizli,Merkezefendi,Gültepe Mah.,3,1
20000,150,25,3,Denizli,Merkezefendi,Değirmenönü Mah.,3,1
25000,135,26,4,Denizli,Pamukkale,Topraklık Mah.,3,1
20000,120,18,1,Denizli,Pamukkale,Hacıkaplanlar Mah.,3,1
18000,75,30,1,Denizli,Pamukkale,15 Mayıs Mah.,1,1
25500,100,4,1,Denizli,Pamukkale,Fesleğen Mah.,2,1
19450,120,4,1,Denizli,Merkezefendi,Gümüşçay Mah.,2,1
13000,55,10,2,Denizli,Pamukkale,Zeytinköy Mah.,1,1
18000,140,26,4,Denizli,Merkezefendi,Bahçelievler Mah.,3,1
15000,55,5,1,Denizli,Pamukkale,Mehmetçik Mah.,1,1
22000,50,0,1,Denizli,Merkezefendi,Karahasanlı Mah.,1,1
19000,110,16,2,Denizli,Pamukkale,Pelitlibağ Mah.,2,1
20000,60,4,4,Denizli,Merkezefendi,Saraylar Mah.,2,1
18000,120,20,3,Denizli,Pamukkale,15 Mayıs Mah.,2,1
25000,50,4,1,Denizli,Merkezefendi,Mehmet Akif Ersoy Mah.,1,1
28000,90,0,5,Denizli,Merkezefendi,Yenişafak Mah.,2,1
25000,120,6,2,Denizli,Pamukkale,Atalar Mah.,2,1
12500,50,6,1,Denizli,Pamukkale,15 Mayıs Mah.,1,1
75000,350,16,2,Denizli,Merkezefendi,Selçuk Bey Mah.,6,1
25000,160,20,2,Denizli,Pamukkale,15 Mayıs Mah.,3,1
12000,37,14,2,Denizli,Pamukkale,Zeytinköy Mah.,2,1
16500,60,5,1,Denizli,Merkezefendi,Muratdede Mah.,1,1
23000,55,6,0,Denizli,Merkezefendi,Gerzele Mah.,1,1
11500,50,11,0,Denizli,Pamukkale,Cumhuriyet Mah.,1,1
18000,130,11,4,Denizli,Pamukkale,Topraklık Mah.,2,1
15000,130,30,4,Denizli,Pamukkale,Fesleğen Mah.,3,1
12000,55,10,3,Denizli,Pamukkale,Mehmetçik Mah.,1,1
32000,80,0,2,Denizli,Merkezefendi,Yenişafak Mah.,2,1
35000,136,30,2,Denizli,Pamukkale,Kınıklı Mah.,3,1
24000,70,5,3,Denizli,Pamukkale,Asmalıevler Mah.,2,1
24000,50,0,3,Denizli,Merkezefendi,1200 Evler Mah.,1,1
34000,175,16,1,Denizli,Merkezefendi,Selçuk Bey Mah.,3,1
25000,90,21,2,Denizli,Merkezefendi,Değirmenönü Mah.,2,1
22500,115,9,3,Denizli,Pamukkale,Bağbaşı Mah.,2,1
17000,110,6,4,Denizli,Merkezefendi,İlbade Mah.,2,1
25000,125,21,1,Denizli,Merkezefendi,Mehmet Akif Ersoy Mah.,2,1
27000,130,11,2,Denizli,Merkezefendi,Çakmak Mah.,2,1
41000,160,1,2,Denizli,Merkezefendi,Yenişafak Mah.,3,1
13000,45,0,5,Denizli,Pamukkale,Zeytinköy Mah.,1,1
25000,465,30,2,Denizli,Merkezefendi,Altıntop Mah.,3,1
11000,60,5,3,Denizli,Honaz,Afşın Bey Mah.,1,1
30000,85,3,2,Denizli,Pamukkale,Kınıklı Mah.,2,1
19500,50,0,5,Denizli,Merkezefendi,Karahasanlı Mah.,1,1
19000,50,0,2,Denizli,Pamukkale,Asmalıevler Mah.,1,1
75000,500,3,2,Denizli,Merkezefendi,Bereketler Mah.,6,2
17500,60,6,4,Denizli,Pamukkale,Topraklık Mah.,2,1
19000,60,6,1,Denizli,Pamukkale,Siteler Mah.,1,1
12000,50,6,1,Denizli,Pamukkale,İstiklal Mah.,1,1
25000,135,16,2,Denizli,Merkezefendi,Merkez Efendi Mah.,3,1
18000,75,6,2,Denizli,Pamukkale,Yunusemre Mah.,2,1
25000,90,0,2,Denizli,Merkezefendi,Hallaçlar Mah.,2,1
25000,70,1,1,Denizli,Merkezefendi,Selçuk Bey Mah.,2,1
13000,60,11,2,Denizli,Pamukkale,Asmalıevler Mah.,1,1
30000,155,5,2,Denizli,Merkezefendi,Çakmak Mah.,3,1
22500,50,0,2,Denizli,Merkezefendi,Karahasanlı Mah.,1,1
18000,65,5,0,Denizli,Pamukkale,Zeytinköy Mah.,1,1
15000,55,11,1,Denizli,Pamukkale,İncilipınar Mah.,1,1
16000,80,16,4,Denizli,Pamukkale,Topraklık Mah.,2,1
60000,207,4,4,Denizli,Merkezefendi,Yenişafak Mah.,3,1
19000,110,16,2,Denizli,Pamukkale,Pelitlibağ Mah.,2,1
30000,75,1,1,Denizli,Merkezefendi,Karahasanlı Mah.,2,1
249000,1300,3,2,Denizli,Merkezefendi,Göveçlik Mah.,6,2
12500,50,6,3,Denizli,Pamukkale,15 Mayıs Mah.,1,1
28000,150,16,2,Denizli,Merkezefendi,1200 Evler Mah.,3,1
32000,145,6,2,Denizli,Pamukkale,Fesleğen Mah.,3,1
16000,50,3,1,Denizli,Merkezefendi,Adalet Mah.,1,1
15000,65,10,4,Denizli,Pamukkale,Siteler Mah.,1,1
26000,110,2,2,Denizli,Pamukkale,Atalar Mah.,2,1
15000,65,7,1,Denizli,Pamukkale,İstiklal Mah.,2,1
32000,50,0,1,Denizli,Merkezefendi,Şirinköy Mah.,1,1
12000,50,16,3,Denizli,Pamukkale,Siteler Mah.,1,1
12500,50,6,1,Denizli,Pamukkale,Zeytinköy Mah.,1,1
15500,50,13,1,Denizli,Pamukkale,15 Mayıs Mah.,1,1
13000,50,15,1,Denizli,Pamukkale,Zeytinköy Mah.,1,1
16000,50,0,1,Denizli,Merkezefendi,Karahasanlı Mah.,1,1
13000,50,6,4,Denizli,Merkezefendi,Değirmenönü Mah.,1,1
17000,65,11,2,Denizli,Merkezefendi,Merkez Efendi Mah.,2,1
26000,125,21,4,Denizli,Pamukkale,Mehmetçik Mah.,2,1
20000,120,11,5,Denizli,Merkezefendi,Merkez Efendi Mah.,2,1
17000,75,10,3,Denizli,Pamukkale,Asmalıevler Mah.,2,1
35000,140,5,2,Denizli,Pamukkale,Bağbaşı Mah.,3,1
25500,175,21,3,Denizli,Pamukkale,Fesleğen Mah.,3,1
15000,41,11,1,Denizli,Pamukkale,İncilipınar Mah.,1,1
150000,900,6,0,Denizli,Merkezefendi,Servergazi Mah.,9,1
15500,110,31,2,Denizli,Merkezefendi,Akkonak Mah.,2,1
30000,100,0,4,Denizli,Merkezefendi,Yenişafak Mah.,2,1
12500,50,7,3,Denizli,Pamukkale,Zeytinköy Mah.,1,1
13000,38,6,2,Denizli,Pamukkale,Zeytinköy Mah.,1,1
40000,155,2,1,Denizli,Merkezefendi,Karahasanlı Mah.,3,1
25500,65,5,2,Denizli,Pamukkale,Mehmetçik Mah.,2,1
14000,122,30,3,Denizli,Merkezefendi,Sümer Mah.,3,1
17000,65,6,3,Denizli,Pamukkale,Zeytinköy Mah.,2,1
25000,50,0,2,Denizli,Merkezefendi,Adalet Mah.,1,1
14000,60,7,4,Denizli,Pamukkale,Atalar Mah.,1,1
12000,60,6,1,Denizli,Pamukkale,İncilipınar Mah.,1,1
15000,125,29,0,Denizli,Pamukkale,Mehmetçik Mah.,2,1
17000,130,26,1,Denizli,Pamukkale,Mehmetçik Mah.,2,1
13750,75,16,0,Denizli,Pamukkale,Zeytinköy Mah.,2,1
14500,50,6,3,Denizli,Merkezefendi,Sırakapılar Mah.,1,1
15500,65,6,3,Denizli,Merkezefendi,Saraylar Mah.,1,1
15000,50,11,-1,Denizli,Pamukkale,Fesleğen Mah.,1,1
26500,95,0,3,Denizli,Merkezefendi,Şemikler Mah.,2,1
25000,70,6,21,Denizli,Merkezefendi,Kayalar Mah.,1,1
7500,30,3,5,Denizli,Pamukkale,Siteler Mah.,1,0
39000,175,11,5,Denizli,Merkezefendi,Gerzele Mah.,3,1
15000,140,30,3,Denizli,Tavas,Yaka Mah.,3,1
18500,55,0,1,Denizli,Merkezefendi,Karaman Mah.,1,1
24000,60,3,2,Denizli,Merkezefendi,Selçuk Bey Mah.,2,1
13500,55,5,3,Denizli,Pamukkale,Asmalıevler Mah.,1,1
18000,75,14,2,Denizli,Pamukkale,İncilipınar Mah.,1,1
28000,75,6,2,Denizli,Pamukkale,Zeytinköy Mah.,2,1
16000,200,6,1,Denizli,Merkezefendi,Gültepe Mah.,1,1
14000,50,16,3,Denizli,Merkezefendi,Saraylar Mah.,1,1
26000,75,1,3,Denizli,Merkezefendi,Karahasanlı Mah.,2,1
12000,60,12,5,Denizli,Merkezefendi,Merkez Efendi Mah.,1,1
30000,75,0,5,Denizli,Merkezefendi,Karahasanlı Mah.,2,1
13000,120,11,0,Denizli,Merkezefendi,Merkez Efendi Mah.,2,1
20250,120,21,3,Denizli,Merkezefendi,Merkez Efendi Mah.,2,1
24000,130,15,6,Denizli,Merkezefendi,Sırakapılar Mah.,2,1
18000,120,4,2,Denizli,Merkezefendi,Muratdede Mah.,2,1
20000,50,5,3,Denizli,Pamukkale,Asmalıevler Mah.,1,1
28000,143,5,2,Denizli,Pamukkale,Hacıkaplanlar Mah.,3,1
16000,50,1,3,Denizli,Pamukkale,Kınıklı Mah.,1,0
25000,50,0,2,Denizli,Merkezefendi,Karahasanlı Mah.,1,1
13000,50,4,2,Denizli,Pamukkale,15 Mayıs Mah.,1,1
15000,175,16,4,Denizli,Pamukkale,Yunusemre Mah.,3,1
40000,170,6,2,Denizli,Pamukkale,Gökpınar Mah.,3,1
35000,165,18,3,Denizli,Merkezefendi,Adalet Mah.,3,1
28000,145,6,2,Denizli,Merkezefendi,Şemikler Mah.,3,1
14000,50,15,3,Denizli,Merkezefendi,Saraylar Mah.,1,1
9000,100,28,3,Denizli,Merkezefendi,Değirmenönü Mah.,2,1
40000,85,0,1,Denizli,Merkezefendi,Adalet Mah.,2,1
30000,130,4,3,Denizli,Merkezefendi,Şemikler Mah.,3,1
30000,170,11,2,Denizli,Pamukkale,Mehmetçik Mah.,3,1
27000,155,18,1,Denizli,Merkezefendi,Muratdede Mah.,3,1
17000,140,30,6,Denizli,Pamukkale,Hacıkaplanlar Mah.,2,1
9000,40,9,5,Denizli,Pamukkale,İncilipınar Mah.,1,0
18000,120,5,2,Denizli,Merkezefendi,İlbade Mah.,2,1
12500,45,6,3,Denizli,Merkezefendi,Saraylar Mah.,1,1
11000,120,21,0,Denizli,Pamukkale,Kuşpınar Mah.,2,1
23000,120,25,1,Denizli,Merkezefendi,Yenişehir Mah.,3,1
45000,200,0,1,Denizli,Merkezefendi,Çakmak Mah.,3,1
22000,90,0,1,Denizli,Merkezefendi,Karahasanlı Mah.,2,1
24000,115,21,3,Denizli,Pamukkale,İncilipınar Mah.,2,1
12000,162,25,2,Denizli,Sarayköy,Cumhuriyet Mah.,3,1
35000,75,0,3,Denizli,Merkezefendi,Karahasanlı Mah.,2,1
16000,100,0,2,Denizli,Pamukkale,Kocadere Mah.,2,1
15000,85,16,0,Denizli,Pamukkale,Mehmetçik Mah.,2,1
20000,100,6,4,Denizli,Merkezefendi,Muratdede Mah.,2,1
16000,50,9,3,Denizli,Pamukkale,Zeytinköy Mah.,1,1
20000,65,0,2,Denizli,Merkezefendi,Karahasanlı Mah.,2,1
35000,80,0,1,Denizli,Merkezefendi,Karahasanlı Mah.,2,1
16000,60,7,3,Denizli,Pamukkale,Atalar Mah.,1,1
32000,155,5,3,Denizli,Merkezefendi,Çakmak Mah.,3,1
22000,125,16,2,Denizli,Merkezefendi,Karahasanlı Mah.,2,1
21000,55,0,3,Denizli,Merkezefendi,Karahasanlı Mah.,1,1
23000,110,5,3,Denizli,Merkezefendi,Adalet Mah.,1,1
25000,65,2,2,Denizli,Merkezefendi,Bahçelievler Mah.,2,1
33000,88,3,4,Denizli,Merkezefendi,Karahasanlı Mah.,2,1
9000,60,16,4,Denizli,Pamukkale,Yunusemre Mah.,1,1
11500,50,6,1,Denizli,Merkezefendi,Değirmenönü Mah.,1,1
16000,85,0,1,Denizli,Merkezefendi,Akkonak Mah.,2,0
17000,95,10,0,Denizli,Pamukkale,Siteler Mah.,2,1
13000,86,0,2,Denizli,Pamukkale,Kocadere Mah.,2,1
18000,125,10,1,Denizli,Pamukkale,Dokuzkavaklar Mah.,3,1
19000,145,30,5,Denizli,Merkezefendi,Karaman Mah.,3,1
18000,100,11,1,Denizli,Pamukkale,Topraklık Mah.,2,1
26500,160,13,2,Denizli,Pamukkale,Bağbaşı Mah.,3,1
23000,65,12,2,Denizli,Pamukkale,İncilipınar Mah.,1,1
23000,150,11,1,Denizli,Merkezefendi,Karahasanlı Mah.,3,1
28000,125,5,2,Denizli,Merkezefendi,Şemikler Mah.,2,1
14000,120,29,3,Denizli,Pamukkale,İncilipınar Mah.,3,1
20000,115,15,1,Denizli,Pamukkale,Cumhuriyet Mah.,2,1
21000,118,26,3,Denizli,Pamukkale,Mehmetçik Mah.,2,1
80000,225,6,4,Denizli,Merkezefendi,1200 Evler Mah.,4,1
12000,45,6,1,Denizli,Merkezefendi,Saraylar Mah.,1,1
20000,65,8,2,Denizli,Pamukkale,Mehmetçik Mah.,2,1
28500,110,4,2,Denizli,Merkezefendi,Yenişafak Mah.,2,1
14000,60,5,2,Denizli,Pamukkale,Kuşpınar Mah.,1,1
13500,110,25,0,Denizli,Pamukkale,Anafartalar Mah.,2,1
15000,55,11,2,Denizli,Pamukkale,Atalar Mah.,1,1
26000,70,0,4,Denizli,Merkezefendi,Karahasanlı Mah.,2,1
29000,130,5,3,Denizli,Pamukkale,15 Mayıs Mah.,2,1
24000,98,10,4,Denizli,Merkezefendi,Saraylar Mah.,2,1
30000,60,0,1,Denizli,Merkezefendi,Yenişafak Mah.,2,1
24000,150,16,3,Denizli,Pamukkale,Yunusemre Mah.,2,1
19000,150,31,3,Denizli,Merkezefendi,Akkonak Mah.,3,1
13000,120,31,4,Denizli,Merkezefendi,İlbade Mah.,2,1
14000,45,11,2,Denizli,Pamukkale,Atalar Mah.,1,1
10000,50,8,3,Denizli,Merkezefendi,Sırakapılar Mah.,1,1
18000,60,7,3,Denizli,Pamukkale,İstiklal Mah.,1,1
15250,60,6,2,Denizli,Pamukkale,Topraklık Mah.,1,1
14000,120,30,0,Denizli,Pamukkale,Kayıhan Mah.,4,1
45000,185,1,3,Denizli,Merkezefendi,Şemikler Mah.,3,1
26500,150,0,0,Denizli,Merkezefendi,Mehmet Akif Ersoy Mah.,3,1
68000,210,0,5,Denizli,Merkezefendi,Çakmak Mah.,3,1
15000,60,9,1,Denizli,Pamukkale,Hacıkaplanlar Mah.,2,1
14900,60,6,4,Denizli,Pamukkale,Fesleğen Mah.,1,1
15500,135,26,1,Denizli,Pamukkale,Kuşpınar Mah.,3,1
39500,160,6,2,Denizli,Merkezefendi,Kayalar Mah.,3,1
18000,55,0,2,Denizli,Merkezefendi,Karahasanlı Mah.,1,1
10000,35,30,3,Denizli,Pamukkale,15 Mayıs Mah.,1,1
10000,50,10,2,Denizli,Pamukkale,İncilipınar Mah.,1,1
35000,155,5,2,Denizli,Merkezefendi,Çakmak Mah.,3,1
20000,150,35,3,Denizli,Pamukkale,Fesleğen Mah.,3,1
19500,40,11,3,Denizli,Pamukkale,Fesleğen Mah.,1,1
11000,40,5,0,Denizli,Pamukkale,Yunusemre Mah.,1,0
12000,45,4,3,Denizli,Pamukkale,Asmalıevler Mah.,1,1
25000,120,26,3,Denizli,Merkezefendi,Değirmenönü Mah.,2,1
23000,60,0,2,Denizli,Merkezefendi,Bahçelievler Mah.,2,1
13000,50,6,0,Denizli,Merkezefendi,Sırakapılar Mah.,1,1
17500,130,25,3,Denizli,Merkezefendi,Sırakapılar Mah.,3,1
25000,50,0,4,Denizli,Merkezefendi,Karahasanlı Mah.,1,1
13500,70,5,1,Denizli,Pamukkale,Asmalıevler Mah.,2,1
28000,120,0,3,Denizli,Merkezefendi,Şemikler Mah.,2,1
16000,50,8,1,Denizli,Pamukkale,İncilipınar Mah.,1,1
38000,165,14,3,Denizli,Merkezefendi,Gerzele Mah.,3,1
33000,134,20,2,Denizli,Merkezefendi,Servergazi Mah.,2,1
19000,120,5,2,Denizli,Merkezefendi,Gümüşçay Mah.,2,1
41000,150,0,4,Denizli,Merkezefendi,Yenişafak Mah.,3,1
13500,55,11,0,Denizli,Pamukkale,Zeytinköy Mah.,1,1
30000,215,5,1,Denizli,Merkezefendi,Selçuk Bey Mah.,4,1
22000,60,5,1,Denizli,Merkezefendi,Değirmenönü Mah.,1,1
11000,63,14,0,Denizli,Merkezefendi,Çakmak Mah.,1,1
30000,70,0,3,Denizli,Merkezefendi,Bereketler Mah.,2,1
20000,150,11,1,Denizli,Pamukkale,Yunusemre Mah.,3,1
20000,70,6,3,Denizli,Pamukkale,Kuşpınar Mah.,2,1
16500,55,5,-1,Denizli,Pamukkale,Zümrüt Mah.,1,1
16000,70,6,2,Denizli,Pamukkale,Zeytinköy Mah.,2,1
36000,150,5,2,Denizli,Merkezefendi,Şemikler Mah.,3,1
16000,50,6,6,Denizli,Pamukkale,Asmalıevler Mah.,1,1
14750,80,6,2,Denizli,Merkezefendi,Karahasanlı Mah.,2,1
15000,55,5,2,Denizli,Pamukkale,Asmalıevler Mah.,1,1
25000,140,26,5,Denizli,Pamukkale,15 Mayıs Mah.,3,1
30000,155,28,4,Denizli,Pamukkale,Kınıklı Mah.,3,1
24000,170,30,3,Denizli,Pamukkale,Kuşpınar Mah.,3,1
30000,100,0,3,Denizli,Merkezefendi,Karahasanlı Mah.,2,1
21000,135,11,3,Denizli,Merkezefendi,Selçuk Bey Mah.,3,1
15000,120,6,0,Denizli,Pamukkale,Yunusemre Mah.,2,1
13000,50,1,2,Denizli,Pamukkale,Mehmetçik Mah.,1,1
17000,140,21,3,Denizli,Pamukkale,Hacıkaplanlar Mah.,3,1
16000,130,26,1,Denizli,Pamukkale,Atalar Mah.,4,1
22000,90,15,0,Denizli,Merkezefendi,Merkez Efendi Mah.,2,1
15000,60,13,3,Denizli,Pamukkale,Fesleğen Mah.,2,1
15000,145,26,3,Denizli,Merkezefendi,Sırakapılar Mah.,2,1
28000,90,0,2,Denizli,Merkezefendi,Karahasanlı Mah.,2,1
40000,160,6,5,Denizli,Merkezefendi,Kayalar Mah.,3,1
23000,120,5,1,Denizli,Pamukkale,Pelitlibağ Mah.,2,1
30000,90,6,1,Denizli,Pamukkale,Kınıklı Mah.,2,1
25000,100,6,3,Denizli,Pamukkale,Zümrüt Mah.,2,1
14000,45,5,2,Denizli,Pamukkale,Asmalıevler Mah.,1,1
22000,85,0,2,Denizli,Merkezefendi,Şemikler Mah.,2,1
23000,55,1,2,Denizli,Pamukkale,Zeytinköy Mah.,1,1
13500,55,10,3,Denizli,Pamukkale,Asmalıevler Mah.,1,1
20000,130,26,2,Denizli,Pamukkale,Siteler Mah.,2,1
25000,160,16,3,Denizli,Merkezefendi,Değirmenönü Mah.,3,1
12000,50,6,2,Denizli,Pamukkale,Zeytinköy Mah.,1,1
27000,150,21,2,Denizli,Pamukkale,Mehmetçik Mah.,3,1
21000,80,0,0,Denizli,Merkezefendi,Mehmet Akif Ersoy Mah.,2,1
23000,60,0,2,Denizli,Merkezefendi,Karahasanlı Mah.,2,1
15250,55,4,4,Denizli,Pamukkale,Fesleğen Mah.,1,1
13500,45,6,0,Denizli,Pamukkale,Kınıklı Mah.,1,1
14000,45,15,5,Denizli,Pamukkale,Fesleğen Mah.,1,1
15000,65,5,2,Denizli,Pamukkale,Fesleğen Mah.,1,1
23000,58,4,0,Denizli,Merkezefendi,Gerzele Mah.,1,1
20000,50,1,3,Denizli,Merkezefendi,Karahasanlı Mah.,1,1
27000,150,16,4,Denizli,Merkezefendi,Gültepe Mah.,3,1
15000,65,0,0,Denizli,Merkezefendi,Merkez Efendi Mah.,2,1
19500,50,0,1,Denizli,Merkezefendi,Karahasanlı Mah.,1,1
42000,235,11,3,Denizli,Merkezefendi,Selçuk Bey Mah.,4,1
19000,125,10,3,Denizli,Merkezefendi,Akkonak Mah.,2,1
21000,55,0,5,Denizli,Pamukkale,Yunusemre Mah.,1,1
13500,125,26,2,Denizli,Pamukkale,Atalar Mah.,2,1
20500,80,6,21,Denizli,Merkezefendi,Kayalar Mah.,1,1
25000,135,21,2,Denizli,Merkezefendi,Selçuk Bey Mah.,3,1
13000,60,6,2,Denizli,Pamukkale,15 Mayıs Mah.,1,1
55000,190,0,1,Denizli,Merkezefendi,Karahasanlı Mah.,3,1
17000,106,0,2,Denizli,Honaz,Gürleyik Mah.,3,1
35000,77,0,4,Denizli,Merkezefendi,Karahasanlı Mah.,2,1
25000,55,0,2,Denizli,Merkezefendi,Şemikler Mah.,1,1
18000,130,20,3,Denizli,Pamukkale,Atalar Mah.,3,1
13000,55,5,2,Denizli,Pamukkale,Atalar Mah.,1,1
20000,75,6,3,Denizli,Pamukkale,Yunusemre Mah.,2,1
28000,130,13,2,Denizli,Merkezefendi,Çakmak Mah.,2,1
25000,60,6,5,Denizli,Merkezefendi,Bahçelievler Mah.,1,1
25000,106,5,4,Denizli,Merkezefendi,Kayalar Mah.,2,1
20000,50,0,4,Denizli,Merkezefendi,Saraylar Mah.,1,1
48000,190,3,4,Denizli,Merkezefendi,Adalet Mah.,3,1
27000,160,9,0,Denizli,Pamukkale,Mehmetçik Mah.,3,1
13000,50,5,3,Denizli,Merkezefendi,Muratdede Mah.,1,1
27000,170,6,2,Denizli,Merkezefendi,Gümüşçay Mah.,3,1
10000,110,20,0,Denizli,Pamukkale,Zeytinköy Mah.,2,1
19000,100,6,2,Denizli,Merkezefendi,Kayalar Mah.,2,1
70000,220,0,4,Denizli,Merkezefendi,Selçuk Bey Mah.,3,1
28000,65,0,0,Denizli,Merkezefendi,Selçuk Bey Mah.,1,1
16000,135,31,6,Denizli,Pamukkale,Hacıkaplanlar Mah.,3,1
15000,100,20,5,Denizli,Pamukkale,Mehmetçik Mah.,2,1
27000,95,3,2,Denizli,Merkezefendi,Karahasanlı Mah.,2,1
19500,100,7,1,Denizli,Pamukkale,Pelitlibağ Mah.,2,1
19000,95,6,3,Denizli,Pamukkale,Topraklık Mah.,2,1
20000,80,0,1,Denizli,Merkezefendi,Karahasanlı Mah.,2,1
17500,110,16,2,Denizli,Merkezefendi,Değirmenönü Mah.,2,1
20000,110,5,4,Denizli,Pamukkale,15 Mayıs Mah.,2,0
16500,165,21,4,Denizli,Pamukkale,Atalar Mah.,3,1
26000,160,21,4,Denizli,Merkezefendi,Gültepe Mah.,3,1
20000,75,5,1,Denizli,Merkezefendi,Karaman Mah.,2,1
17000,50,3,2,Denizli,Pamukkale,15 Mayıs Mah.,1,1
20000,75,2,2,Denizli,Merkezefendi,Göveçlik Mah.,1,1
20000,65,2,3,Denizli,Pamukkale,Zeytinköy Mah.,2,1
37500,150,3,3,Denizli,Pamukkale,Zeytinköy Mah.,3,1
18500,120,6,0,Denizli,Pamukkale,Asmalıevler Mah.,2,1
17000,45,5,1,Denizli,Merkezefendi,Mehmet Akif Ersoy Mah.,1,1
23500,120,4,2,Denizli,Merkezefendi,Mehmet Akif Ersoy Mah.,2,1
25000,85,0,4,Denizli,Merkezefendi,Karahasanlı Mah.,2,1
18000,145,22,1,Denizli,Merkezefendi,Akkonak Mah.,3,1
22000,55,0,4,Denizli,Merkezefendi,Karahasanlı Mah.,1,1
14000,65,5,2,Denizli,Pamukkale,Hacıkaplanlar Mah.,1,1
13000,250,55,2,Denizli,Merkezefendi,Değirmenönü Mah.,2,2
30000,140,28,2,Denizli,Merkezefendi,Değirmenönü Mah.,3,1
30000,70,0,1,Denizli,Merkezefendi,Adalet Mah.,2,1
12000,45,7,3,Denizli,Pamukkale,Atalar Mah.,1,1
12000,50,6,2,Denizli,Pamukkale,Zeytinköy Mah.,1,1
18000,55,4,2,Denizli,Pamukkale,Zeytinköy Mah.,1,1
18000,70,0,1,Denizli,Merkezefendi,Karahasanlı Mah.,1,1
18000,75,6,3,Denizli,Merkezefendi,Sırakapılar Mah.,1,1
15000,120,20,1,Denizli,Pamukkale,Anafartalar Mah.,3,1
27000,150,24,2,Denizli,Pamukkale,Mehmetçik Mah.,3,1
15000,50,6,3,Denizli,Pamukkale,Yunusemre Mah.,1,1
47000,180,5,5,Denizli,Merkezefendi,Adalet Mah.,3,1
14000,55,10,2,Denizli,Pamukkale,Hacıkaplanlar Mah.,1,1
16000,65,8,1,Denizli,Pamukkale,Mehmetçik Mah.,2,1
29000,170,15,3,Denizli,Pamukkale,Zümrüt Mah.,3,1
25000,45,0,3,Denizli,Merkezefendi,Şemikler Mah.,1,1
16500,65,5,6,Denizli,Merkezefendi,Saraylar Mah.,1,1
17000,50,0,2,Denizli,Merkezefendi,Mehmet Akif Ersoy Mah.,1,1
26000,85,8,6,Denizli,Merkezefendi,Kayalar Mah.,1,1
40000,210,14,3,Denizli,Merkezefendi,Adalet Mah.,3,1
20000,140,11,0,Denizli,Merkezefendi,Şemikler Mah.,3,1
17000,55,6,2,Denizli,Pamukkale,Kınıklı Mah.,1,1
18000,60,10,3,Denizli,Pamukkale,Yunusemre Mah.,2,1
20000,170,16,3,Denizli,Pamukkale,Hacıkaplanlar Mah.,3,1
11500,50,6,2,Denizli,Pamukkale,İncilipınar Mah.,1,1
7000,60,18,0,Denizli,Pamukkale,İstiklal Mah.,2,0
16000,130,26,1,Denizli,Pamukkale,İncilipınar Mah.,3,1
13000,55,8,0,Denizli,Pamukkale,Siteler Mah.,1,1
19000,100,10,3,Denizli,Pamukkale,Topraklık Mah.,2,1
23000,140,11,2,Denizli,Pamukkale,Siteler Mah.,3,11
30000,70,6,3,Denizli,Pamukkale,Mehmetçik Mah.,2,1
14000,55,12,2,Denizli,Pamukkale,Mehmetçik Mah.,1,1
19500,50,0,2,Denizli,Pamukkale,Zeytinköy Mah.,1,1
15000,50,6,3,Denizli,Merkezefendi,Akkonak Mah.,1,1
30000,100,0,3,Denizli,Merkezefendi,Karahasanlı Mah.,2,1
23000,65,3,5,Denizli,Çivril,Kızılcasöğüt Mah.,2,1
30000,70,0,3,Denizli,Merkezefendi,Karahasanlı Mah.,2,1
12000,55,8,0,Denizli,Pamukkale,Zeytinköy Mah.,1,1
20000,150,6,3,Denizli,Pamukkale,Bağbaşı Mah.,3,1
19000,60,6,1,Denizli,Pamukkale,Kınıklı Mah.,1,1
25000,53,5,4,Denizli,Merkezefendi,Adalet Mah.,1,1
40000,230,14,3,Denizli,Merkezefendi,Selçuk Bey Mah.,4,1
18000,55,6,1,Denizli,Pamukkale,Mehmetçik Mah.,1,1
35000,195,15,5,Denizli,Merkezefendi,Selçuk Bey Mah.,3,1
14000,55,8,2,Denizli,Merkezefendi,Sırakapılar Mah.,1,1
30000,85,0,21,Denizli,Merkezefendi,Kayalar Mah.,1,1
15000,65,6,1,Denizli,Pamukkale,Zeytinköy Mah.,2,1
22000,130,10,3,Denizli,Pamukkale,Kınıklı Mah.,2,1
12000,65,10,3,Denizli,Merkezefendi,Akkonak Mah.,1,1
20000,50,4,1,Denizli,Merkezefendi,Adalet Mah.,1,1
40000,210,12,3,Denizli,Merkezefendi,Adalet Mah.,3,1
7500,50,7,3,Denizli,Pamukkale,Asmalıevler Mah.,1,1
12500,45,15,1,Denizli,Merkezefendi,Saraylar Mah.,1,1
11000,50,8,2,Denizli,Pamukkale,Hürriyet Mah.,1,1
17500,50,6,2,Denizli,Pamukkale,Zeytinköy Mah.,1,1
13000,100,25,-1,Denizli,Merkezefendi,Alpaslan Mah.,2,1
13000,55,6,2,Denizli,Merkezefendi,Akkonak Mah.,1,1
18000,120,6,2,Denizli,Pamukkale,Fesleğen Mah.,3,1
13000,45,11,2,Denizli,Pamukkale,Asmalıevler Mah.,1,1
20000,55,21,3,Denizli,Pamukkale,Yunusemre Mah.,1,1
25000,120,26,3,Denizli,Pamukkale,Mehmetçik Mah.,2,1
15000,90,0,3,Denizli,Pamukkale,Kocadere Mah.,2,1
34000,190,11,1,Denizli,Merkezefendi,Selçuk Bey Mah.,3,1
27000,180,6,2,Denizli,Merkezefendi,Gümüşçay Mah.,3,1
16500,140,21,4,Denizli,Merkezefendi,Şemikler Mah.,3,1
14000,55,5,2,Denizli,Pamukkale,Fatih Mah.,1,1
16000,55,9,2,Denizli,Pamukkale,Zeytinköy Mah.,1,1
13500,55,6,1,Denizli,Pamukkale,Kınıklı Mah.,1,1
30000,190,11,1,Denizli,Pamukkale,Siteler Mah.,3,1
15000,140,20,2,Denizli,Tavas,Samanlık Mah.,3,1
25000,80,4,3,Denizli,Pamukkale,Yunusemre Mah.,2,1
22000,50,0,3,Denizli,Merkezefendi,1200 Evler Mah.,1,1
20000,100,21,1,Denizli,Merkezefendi,Merkez Efendi Mah.,2,1
11000,120,20,1,Denizli,Pamukkale,Güzelköy Mah.,2,1
20000,230,9,2,Denizli,Pamukkale,Karahayıt Mah.,4,1
26500,50,0,3,Denizli,Merkezefendi,Karahasanlı Mah.,1,1
18000,60,30,2,Denizli,Pamukkale,15 Mayıs Mah.,1,1
15250,55,8,3,Denizli,Pamukkale,Fesleğen Mah.,1,1
19000,45,2,1,Denizli,Merkezefendi,Karahasanlı Mah.,1,1
55000,160,0,4,Denizli,Merkezefendi,Göveçlik Mah.,3,1
15500,55,10,1,Denizli,Pamukkale,Asmalıevler Mah.,1,1
14000,90,8,2,Denizli,Merkezefendi,Yeni Mah.,2,1
37500,180,7,2,Denizli,Pamukkale,Yunusemre Mah.,3,1
23000,130,26,1,Denizli,Pamukkale,Siteler Mah.,2,1
23000,80,6,4,Denizli,Pamukkale,Hacıkaplanlar Mah.,2,1
15500,105,26,5,Denizli,Pamukkale,Fesleğen Mah.,2,1
12000,45,8,3,Denizli,Pamukkale,İncilipınar Mah.,1,1
25000,45,0,3,Denizli,Pamukkale,Zeytinköy Mah.,1,1
30000,140,19,3,Denizli,Merkezefendi,Karahasanlı Mah.,3,1
16000,50,6,2,Denizli,Pamukkale,15 Mayıs Mah.,1,1
22000,65,25,3,Denizli,Pamukkale,15 Mayıs Mah.,2,1
24000,150,16,3,Denizli,Merkezefendi,Başkarcı Mah.,3,1
37000,140,4,0,Denizli,Merkezefendi,Yenişafak Mah.,3,1
18000,55,15,3,Denizli,Pamukkale,İstiklal Mah.,2,1
22000,110,30,3,Denizli,Pamukkale,Kuşpınar Mah.,2,1
21000,70,10,1,Denizli,Pamukkale,Siteler Mah.,2,1
25000,120,10,3,Denizli,Merkezefendi,Şemikler Mah.,2,1
25000,150,25,2,Denizli,Merkezefendi,Karaman Mah.,3,1
25000,160,10,3,Denizli,Buldan,Cumhuriyet Mah.,3,1
17000,75,6,6,Denizli,Pamukkale,Topraklık Mah.,1,1
28000,90,11,3,Denizli,Merkezefendi,Yenişehir Mah.,1,1
18000,62,0,1,Denizli,Merkezefendi,Yenişafak Mah.,1,1
17500,65,17,0,Denizli,Pamukkale,Bağbaşı Mah.,1,1
22000,130,1,3,Denizli,Merkezefendi,Gümüşçay Mah.,2,1
8000,40,29,0,Denizli,Pamukkale,Kınıklı Mah.,1,1
15000,70,2,1,Denizli,Pamukkale,Zeytinköy Mah.,2,1
30000,145,26,4,Denizli,Pamukkale,Kınıklı Mah.,3,1
25000,120,10,2,Denizli,Merkezefendi,Şemikler Mah.,2,1
15000,80,31,5,Denizli,Merkezefendi,İlbade Mah.,2,1
15000,65,5,3,Denizli,Merkezefendi,Adalet Mah.,1,1
18000,125,35,1,Denizli,Pamukkale,Kınıklı Mah.,2,1
35000,160,6,2,Denizli,Merkezefendi,Çakmak Mah.,3,1
15000,90,7,5,Denizli,Merkezefendi,Karahasanlı Mah.,2,1
15000,120,25,0,Denizli,Merkezefendi,Şirinköy Mah.,2,1
34999,170,0,3,Denizli,Merkezefendi,Gültepe Mah.,3,1
43000,185,11,4,Denizli,Merkezefendi,Gerzele Mah.,3,1
21000,60,0,3,Denizli,Merkezefendi,Karahasanlı Mah.,2,1
20000,50,0,2,Denizli,Merkezefendi,Saraylar Mah.,1,1
19000,45,5,5,Denizli,Pamukkale,Kınıklı Mah.,1,1
16000,75,10,0,Denizli,Pamukkale,Mehmetçik Mah.,2,1
30000,75,0,4,Denizli,Merkezefendi,Karahasanlı Mah.,2,1
22500,70,5,0,Denizli,Pamukkale,Mehmetçik Mah.,2,1
17000,50,6,2,Denizli,Pamukkale,Asmalıevler Mah.,1,1
27000,100,5,2,Denizli,Pamukkale,Atalar Mah.,2,1
17000,120,31,1,Denizli,Pamukkale,Atalar Mah.,2,1
15000,65,0,3,Denizli,Merkezefendi,İlbade Mah.,2,1
18000,65,5,3,Denizli,Pamukkale,Asmalıevler Mah.,2,1
20000,55,0,2,Denizli,Merkezefendi,Karahasanlı Mah.,1,1
13000,60,6,1,Denizli,Pamukkale,İstiklal Mah.,1,1
30000,70,5,3,Denizli,Merkezefendi,Adalet Mah.,2,1
6250000,150,0,1,Denizli,Merkezefendi,Çakmak Mah.,3,1
11500,40,2,2,Denizli,Merkezefendi,Akkonak Mah.,1,1
15000,50,10,2,Denizli,Pamukkale,İncilipınar Mah.,1,1
13000,45,6,3,Denizli,Merkezefendi,Değirmenönü Mah.,1,1
22500,95,11,2,Denizli,Pamukkale,Kınıklı Mah.,2,1
18000,120,2,0,Denizli,Merkezefendi,Gümüşçay Mah.,2,1
16000,70,6,3,Denizli,Pamukkale,İncilipınar Mah.,2,1
12000,40,5,1,Denizli,Pamukkale,Kınıklı Mah.,1,1
28000,200,16,1,Denizli,Pamukkale,İstiklal Mah.,3,1
18000,65,8,1,Denizli,Pamukkale,Mehmetçik Mah.,2,1
25000,200,25,2,Denizli,Pamukkale,Atalar Mah.,4,1
17500,115,2,0,Denizli,Merkezefendi,Gümüşçay Mah.,2,1
27000,85,15,2,Denizli,Pamukkale,Kınıklı Mah.,2,1
15000,110,11,4,Denizli,Merkezefendi,Akkonak Mah.,2,0
25000,130,10,3,Denizli,Pamukkale,Mehmetçik Mah.,3,1
15500,55,6,4,Denizli,Pamukkale,Yunusemre Mah.,1,1
7000,35,6,0,Denizli,Pamukkale,Siteler Mah.,1,0
29000,125,6,3,Denizli,Merkezefendi,Çakmak Mah.,2,1
13000,60,10,3,Denizli,Pamukkale,Asmalıevler Mah.,2,1
12000,55,5,5,Denizli,Pamukkale,Atalar Mah.,1,1
25000,155,6,2,Denizli,Pamukkale,Topraklık Mah.,3,1
15000,90,6,2,Denizli,Merkezefendi,Karahasanlı Mah.,2,1
27500,65,1,0,Denizli,Merkezefendi,Adalet Mah.,1,1
35000,200,14,4,Denizli,Merkezefendi,Yenişafak Mah.,3,10
22000,120,55,3,Denizli,Merkezefendi,Akkonak Mah.,2,1
15000,110,11,4,Denizli,Merkezefendi,Akkonak Mah.,2,0
16000,60,4,2,Denizli,Pamukkale,Kınıklı Mah.,2,1
15000,185,10,3,Denizli,Merkezefendi,Gümüşçay Mah.,3,1
15000,55,6,0,Denizli,Pamukkale,Atalar Mah.,1,1
20000,65,1,2,Denizli,Merkezefendi,Saraylar Mah.,2,1
25000,95,4,1,Denizli,Merkezefendi,Karahasanlı Mah.,2,1
17000,45,6,2,Denizli,Merkezefendi,Adalet Mah.,1,1
25000,120,10,3,Denizli,Merkezefendi,Şemikler Mah.,2,1
25000,148,10,3,Denizli,Merkezefendi,Adalet Mah.,3,1
13000,55,6,4,Denizli,Pamukkale,Asmalıevler Mah.,1,1
11000,55,6,3,Denizli,Pamukkale,Pelitlibağ Mah.,1,1
25000,120,25,1,Denizli,Pamukkale,Mehmetçik Mah.,1,0
13000,50,12,3,Denizli,Pamukkale,15 Mayıs Mah.,1,1
25000,55,0,1,Denizli,Merkezefendi,Karahasanlı Mah.,1,1
20000,85,0,2,Denizli,Merkezefendi,İlbade Mah.,2,1
13000,50,6,2,Denizli,Pamukkale,15 Mayıs Mah.,1,1
18000,90,14,3,Denizli,Kale,Toki Mah.,2,1
16000,75,20,0,Denizli,Pamukkale,İncilipınar Mah.,2,1
40000,230,11,3,Denizli,Merkezefendi,Selçuk Bey Mah.,4,1
18000,75,15,1,Denizli,Pamukkale,Siteler Mah.,2,1
10000,72,35,5,Denizli,Merkezefendi,Yeni Mah.,2,1
15000,65,11,5,Denizli,Pamukkale,Bağbaşı Mah.,1,1
25000,50,0,2,Denizli,Merkezefendi,Bereketler Mah.,1,1
17000,80,11,4,Denizli,Pamukkale,Zeytinköy Mah.,2,1
18000,65,7,3,Denizli,Pamukkale,Zeytinköy Mah.,2,1
18000,70,10,5,Denizli,Pamukkale,Zeytinköy Mah.,2,1
35000,190,3,1,Denizli,Merkezefendi,Karahasanlı Mah.,3,1
45000,155,9,9,Denizli,Merkezefendi,Kayalar Mah.,3,1
27000,160,26,4,Denizli,Pamukkale,Kuşpınar Mah.,3,1
45000,160,0,3,Denizli,Merkezefendi,Karahasanlı Mah.,3,1
35000,57,0,1,Denizli,Merkezefendi,Karahasanlı Mah.,2,1
12000,45,4,2,Denizli,Pamukkale,Asmalıevler Mah.,1,1
17000,60,11,1,Denizli,Pamukkale,Kınıklı Mah.,1,1
15000,60,12,2,Denizli,Pamukkale,15 Mayıs Mah.,1,1
17500,70,5,4,Denizli,Pamukkale,Zeytinköy Mah.,2,1
79000,210,0,7,Denizli,Merkezefendi,Göveçlik Mah.,3,1
25000,170,31,6,Denizli,Merkezefendi,Altıntop Mah.,3,1
35000,175,0,3,Denizli,Merkezefendi,Şemikler Mah.,3,1
18000,50,3,1,Denizli,Pamukkale,Mehmetçik Mah.,1,1
13500,55,10,2,Denizli,Pamukkale,Kınıklı Mah.,1,1
23000,75,2,3,Denizli,Merkezefendi,Muratdede Mah.,2,1
30000,80,6,2,Denizli,Merkezefendi,Adalet Mah.,1,1
37000,120,6,16,Denizli,Merkezefendi,Kayalar Mah.,2,1
21000,50,0,0,Denizli,Merkezefendi,Karahasanlı Mah.,1,1
9000,55,10,0,Denizli,Pamukkale,Siteler Mah.,2,1
13000,60,6,2,Denizli,Pamukkale,Zeytinköy Mah.,1,1
12500,60,6,3,Denizli,Pamukkale,Asmalıevler Mah.,1,1
21000,140,11,1,Denizli,Merkezefendi,Gültepe Mah.,3,1
16500,55,6,2,Denizli,Pamukkale,Fesleğen Mah.,1,1
13500,65,5,1,Denizli,Merkezefendi,Sırakapılar Mah.,1,1
40000,65,2,3,Denizli,Pamukkale,Asmalıevler Mah.,2,1
22000,120,26,2,Denizli,Pamukkale,Kınıklı Mah.,3,1
20000,130,25,6,Denizli,Merkezefendi,Akkonak Mah.,2,1
12000,55,10,1,Denizli,Pamukkale,İstiklal Mah.,1,1
17000,55,15,2,Denizli,Pamukkale,Yunusemre Mah.,1,1
18000,60,6,3,Denizli,Pamukkale,Pamukkale Mah.,1,1
11000,45,5,0,Denizli,Pamukkale,Zeytinköy Mah.,1,1
18000,120,25,3,Denizli,Pamukkale,Kuşpınar Mah.,2,1
15000,50,5,2,Denizli,Pamukkale,Zeytinköy Mah.,1,1
13000,55,6,1,Denizli,Pamukkale,Zeytinköy Mah.,1,1
14000,60,7,3,Denizli,Pamukkale,Asmalıevler Mah.,2,1
12000,60,8,3,Denizli,Pamukkale,Zeytinköy Mah.,1,1
35000,175,0,1,Denizli,Merkezefendi,Çakmak Mah.,3,1
20000,63,4,8,Denizli,Merkezefendi,Selçuk Bey Mah.,1,1
40000,230,15,3,Denizli,Merkezefendi,Yenişafak Mah.,4,1
16500,50,6,2,Denizli,Pamukkale,İstiklal Mah.,1,1
24000,150,15,3,Denizli,Merkezefendi,Gümüşçay Mah.,2,1
25000,160,16,0,Denizli,Merkezefendi,Adalet Mah.,3,1
22000,140,15,1,Denizli,Merkezefendi,Değirmenönü Mah.,3,1
18000,120,30,3,Denizli,Pamukkale,Hacıkaplanlar Mah.,2,1
17000,60,3,2,Denizli,Pamukkale,Kınıklı Mah.,1,1
25000,85,5,3,Denizli,Pamukkale,Yunusemre Mah.,2,1
30000,120,6,3,Denizli,Merkezefendi,Çakmak Mah.,2,1
10000,115,31,4,Denizli,Merkezefendi,Saraylar Mah.,2,1
20000,155,11,2,Denizli,Merkezefendi,Selçuk Bey Mah.,3,1
19000,190,35,3,Denizli,Pamukkale,Kuşpınar Mah.,3,1
32000,140,30,5,Denizli,Pamukkale,Kınıklı Mah.,3,1
16000,100,31,5,Denizli,Pamukkale,Kuşpınar Mah.,2,1
10500,45,25,0,Denizli,Pamukkale,İncilipınar Mah.,1,1
7500,50,5,3,Denizli,Pamukkale,Asmalıevler Mah.,1,0
18000,105,31,1,Denizli,Merkezefendi,Sırakapılar Mah.,3,1
16000,65,5,0,Denizli,Merkezefendi,Bahçelievler Mah.,2,1
15000,110,13,3,Denizli,Pamukkale,Karşıyaka Mah.,2,1
25000,100,4,4,Denizli,Merkezefendi,Karahasanlı Mah.,2,1
30000,120,16,2,Denizli,Merkezefendi,Karahasanlı Mah.,2,1
16000,55,11,2,Denizli,Merkezefendi,Bereketler Mah.,1,1
12950,119,29,2,Denizli,Tavas,Samanlık Mah.,3,1
18000,70,5,3,Denizli,Pamukkale,Kuşpınar Mah.,2,1
25000,115,11,2,Denizli,Merkezefendi,Karaman Mah.,3,1
22000,120,16,3,Denizli,Merkezefendi,Saraylar Mah.,2,1
28000,75,4,2,Denizli,Merkezefendi,Adalet Mah.,2,1
25000,140,15,3,Denizli,Pamukkale,Siteler Mah.,3,1
45000,165,6,5,Denizli,Merkezefendi,Kayalar Mah.,3,1
23500,55,0,3,Denizli,Merkezefendi,Karahasanlı Mah.,1,1
9000,155,20,3,Denizli,Pamukkale,Güzelköy Mah.,2,1
22500,70,0,2,Denizli,Merkezefendi,Karahasanlı Mah.,2,1
11000,55,8,2,Denizli,Pamukkale,İncilipınar Mah.,1,1
19500,55,11,2,Denizli,Merkezefendi,Adalet Mah.,1,1
23000,70,0,5,Denizli,Merkezefendi,Karahasanlı Mah.,2,1
32000,155,6,2,Denizli,Merkezefendi,Akkonak Mah.,3,1
24000,70,1,3,Denizli,Merkezefendi,Karahasanlı Mah.,2,1
22000,90,1,5,Denizli,Pamukkale,Yunusemre Mah.,2,0
45000,180,1,3,Denizli,Merkezefendi,Servergazi Mah.,3,1
31500,75,0,3,Denizli,Merkezefendi,Karahasanlı Mah.,2,1
14000,55,6,3,Denizli,Pamukkale,Asmalıevler Mah.,1,1
14500,45,4,1,Denizli,Pamukkale,Kınıklı Mah.,1,1
15000,45,12,0,Denizli,Pamukkale,Yunusemre Mah.,1,1
30000,200,21,3,Denizli,Merkezefendi,Karaman Mah.,3,1
15000,115,26,2,Denizli,Pamukkale,Hacıkaplanlar Mah.,2,1
40000,230,11,3,Denizli,Merkezefendi,Selçuk Bey Mah.,4,1
37000,175,14,2,Denizli,Merkezefendi,Selçuk Bey Mah.,3,1
15000,150,31,5,Denizli,Pamukkale,Kınıklı Mah.,3,1
16500,55,6,1,Denizli,Pamukkale,15 Mayıs Mah.,1,1
20000,65,0,5,Denizli,Merkezefendi,Karahasanlı Mah.,2,1
21000,135,16,3,Denizli,Pamukkale,Fesleğen Mah.,3,1
14450,55,9,3,Denizli,Pamukkale,Cumhuriyet Mah.,1,1
13000,55,5,3,Denizli,Pamukkale,Asmalıevler Mah.,1,1
17000,100,21,5,Denizli,Pamukkale,Asmalıevler Mah.,2,1
14000,140,26,1,Denizli,Pamukkale,Kuşpınar Mah.,3,1
15000,65,15,2,Denizli,Pamukkale,Zeytinköy Mah.,2,1
22000,85,0,4,Denizli,Merkezefendi,Karahasanlı Mah.,2,1
15000,45,8,3,Denizli,Pamukkale,15 Mayıs Mah.,1,1
13000,60,6,2,Denizli,Pamukkale,Atalar Mah.,1,1
13000,55,6,5,Denizli,Pamukkale,Zeytinköy Mah.,1,1
18000,100,10,0,Denizli,Pamukkale,Kınıklı Mah.,3,1
17000,50,5,2,Denizli,Pamukkale,Asmalıevler Mah.,3,1
12000,100,26,1,Denizli,Pamukkale,Atalar Mah.,2,1
14000,55,5,2,Denizli,Pamukkale,Mehmetçik Mah.,1,1
38000,140,6,6,Denizli,Merkezefendi,Selçuk Bey Mah.,2,1
23000,150,25,2,Denizli,Pamukkale,Mehmetçik Mah.,3,1
28000,100,9,3,Denizli,Pamukkale,Zümrüt Mah.,2,1
19000,75,5,3,Denizli,Pamukkale,Kuşpınar Mah.,2,1
24000,70,1,2,Denizli,Merkezefendi,Karahasanlı Mah.,2,1
50000,185,0,4,Denizli,Merkezefendi,Adalet Mah.,3,1
13500,65,5,5,Denizli,Pamukkale,Asmalıevler Mah.,2,1
13000,110,31,2,Denizli,Pamukkale,Kuşpınar Mah.,2,1
13000,60,4,3,Denizli,Pamukkale,Asmalıevler Mah.,2,1
13000,45,11,3,Denizli,Pamukkale,Asmalıevler Mah.,1,1
17500,80,16,5,Denizli,Pamukkale,Topraklık Mah.,2,1
7500,60,5,3,Denizli,Pamukkale,Asmalıevler Mah.,1,0
55000,160,0,4,Denizli,Merkezefendi,Göveçlik Mah.,3,1
11000,50,10,2,Denizli,Pamukkale,Asmalıevler Mah.,1,1
18000,50,6,1,Denizli,Merkezefendi,Mehmet Akif Ersoy Mah.,1,1
23000,145,26,4,Denizli,Pamukkale,Mehmetçik Mah.,3,1
18000,100,6,1,Denizli,Merkezefendi,Karahasanlı Mah.,2,1
10000,45,3,0,Denizli,Pamukkale,Mehmetçik Mah.,1,1
21000,200,11,0,Denizli,Pamukkale,Bağbaşı Mah.,4,1
16000,150,20,1,Denizli,Merkezefendi,Gültepe Mah.,3,1
47998,235,11,3,Denizli,Merkezefendi,Yenişafak Mah.,4,1
20000,80,5,1,Denizli,Pamukkale,Pelitlibağ Mah.,2,1
12000,45,2,2,Denizli,Pamukkale,Zeytinköy Mah.,1,1
15000,50,6,2,Denizli,Pamukkale,Zeytinköy Mah.,1,1
23000,55,5,0,Denizli,Merkezefendi,Gerzele Mah.,1,1
15000,90,6,4,Denizli,Pamukkale,Yunusemre Mah.,3,1
24000,100,5,3,Denizli,Merkezefendi,Gümüşçay Mah.,2,1
10000,45,3,0,Denizli,Pamukkale,Mehmetçik Mah.,1,1
21000,55,0,5,Denizli,Pamukkale,Yunusemre Mah.,1,1
8000,28,9,2,Denizli,Pamukkale,Hacıkaplanlar Mah.,1,1
35000,140,8,5,Denizli,Merkezefendi,Yenişafak Mah.,3,1
19000,60,1,2,Denizli,Merkezefendi,Karahasanlı Mah.,2,1
13500,46,4,0,Denizli,Pamukkale,Kınıklı Mah.,1,1
21000,75,11,2,Denizli,Pamukkale,Kınıklı Mah.,2,1
20000,120,6,2,Denizli,Merkezefendi,Karaman Mah.,2,1
14000,45,10,2,Denizli,Pamukkale,Kınıklı Mah.,1,1
15500,130,15,0,Denizli,Pamukkale,Zümrüt Mah.,3,1
18000,55,6,1,Denizli,Merkezefendi,Bahçelievler Mah.,1,1
29000,90,4,2,Denizli,Merkezefendi,Gültepe Mah.,2,1
12000,47,3,2,Denizli,Pamukkale,Siteler Mah.,1,1
18750,90,6,3,Denizli,Sarayköy,Bala Mah.,2,1
18000,135,25,4,Denizli,Merkezefendi,Akkonak Mah.,3,1
40000,130,7,2,Denizli,Merkezefendi,Karahasanlı Mah.,2,1
11000,60,6,3,Denizli,Pamukkale,Mehmetçik Mah.,1,1
20000,125,26,4,Denizli,Merkezefendi,Servergazi Mah.,2,1
13000,45,4,3,Denizli,Pamukkale,Yunusemre Mah.,1,1
13500,49,3,3,Denizli,Pamukkale,Siteler Mah.,1,1
25000,55,0,3,Denizli,Merkezefendi,Karahasanlı Mah.,1,1
20000,75,6,2,Denizli,Pamukkale,Yunusemre Mah.,2,1
13500,35,5,4,Denizli,Merkezefendi,Akkonak Mah.,1,1
12000,45,3,3,Denizli,Pamukkale,Zeytinköy Mah.,1,1
9000,45,4,1,Denizli,Pamukkale,Asmalıevler Mah.,1,1
20000,135,11,4,Denizli,Pamukkale,Hacıkaplanlar Mah.,2,1
18000,110,26,4,Denizli,Merkezefendi,Akkonak Mah.,2,1
12500,50,6,2,Denizli,Pamukkale,Zeytinköy Mah.,1,1
18000,75,11,1,Denizli,Pamukkale,Kınıklı Mah.,2,1
13500,55,6,2,Denizli,Pamukkale,Pelitlibağ Mah.,1,1
25000,150,21,2,Denizli,Pamukkale,Kınıklı Mah.,2,1
36000,135,6,1,Denizli,Pamukkale,Siteler Mah.,3,1
12000,40,6,6,Denizli,Merkezefendi,Sırakapılar Mah.,1,1
19000,80,16,1,Denizli,Merkezefendi,Şirinköy Mah.,1,1
21000,130,6,2,Denizli,Pamukkale,Topraklık Mah.,3,1
19000,45,0,3,Denizli,Merkezefendi,Karahasanlı Mah.,1,1
7500,50,5,1,Denizli,Pamukkale,Asmalıevler Mah.,1,0
19500,180,11,1,Denizli,Pamukkale,Gökpınar Mah.,4,1
25000,120,10,1,Denizli,Pamukkale,Siteler Mah.,2,1
23000,65,0,3,Denizli,Merkezefendi,Karahasanlı Mah.,2,1
7500,55,5,3,Denizli,Pamukkale,Asmalıevler Mah.,1,0
17000,55,6,0,Denizli,Pamukkale,Zeytinköy Mah.,1,1
12500,150,15,2,Denizli,Pamukkale,Hürriyet Mah.,3,1
23000,75,6,1,Denizli,Pamukkale,İncilipınar Mah.,2,1
18000,90,10,4,Denizli,Pamukkale,Siteler Mah.,3,1
14000,50,4,2,Denizli,Pamukkale,Zeytinköy Mah.,1,1
7500,50,5,3,Denizli,Pamukkale,Asmalıevler Mah.,1,0
14000,60,11,1,Denizli,Pamukkale,Zeytinköy Mah.,2,1
13500,45,6,2,Denizli,Pamukkale,Asmalıevler Mah.,1,1
13000,50,5,1,Denizli,Pamukkale,Zeytinköy Mah.,1,1
10000,55,4,0,Denizli,Pamukkale,İncilipınar Mah.,1,1
12500,60,6,3,Denizli,Pamukkale,Asmalıevler Mah.,2,1
14000,60,6,3,Denizli,Pamukkale,Asmalıevler Mah.,2,1
16000,45,15,2,Denizli,Pamukkale,Kınıklı Mah.,1,1
15000,45,3,1,Denizli,Pamukkale,Mehmetçik Mah.,1,1
9000,35,6,1,Denizli,Merkezefendi,Sırakapılar Mah.,1,0
22000,50,2,1,Denizli,Merkezefendi,Karahasanlı Mah.,1,1
13000,47,5,1,Denizli,Pamukkale,Yunusemre Mah.,1,1
16000,65,6,4,Denizli,Pamukkale,Hacıkaplanlar Mah.,1,1
24000,250,16,4,Denizli,Merkezefendi,Şemikler Mah.,4,1
23000,70,6,2,Denizli,Pamukkale,Yunusemre Mah.,2,1
13000,80,11,2,Denizli,Merkezefendi,Karahasanlı Mah.,2,1
23000,60,2,2,Denizli,Pamukkale,Zeytinköy Mah.,1,1
30000,75,4,2,Denizli,Pamukkale,Yunusemre Mah.,2,1
14500,70,15,0,Denizli,Pamukkale,Asmalıevler Mah.,2,1
10000,45,3,0,Denizli,Merkezefendi,Değirmenönü Mah.,1,1
9000,55,5,0,Denizli,Pamukkale,Siteler Mah.,1,0
26000,75,10,3,Denizli,Pamukkale,Yunusemre Mah.,2,1
20000,100,10,1,Denizli,Pamukkale,Kayıhan Mah.,2,1
12000,55,10,3,Denizli,Pamukkale,Siteler Mah.,1,1
19000,130,10,4,Denizli,Pamukkale,Yunusemre Mah.,2,1
12000,45,4,1,Denizli,Pamukkale,Mehmetçik Mah.,1,1
15000,140,15,3,Denizli,Pamukkale,Siteler Mah.,3,1
18000,130,25,5,Denizli,Pamukkale,Kınıklı Mah.,2,1
16500,45,3,2,Denizli,Pamukkale,Yunusemre Mah.,1,1
10000,135,35,0,Denizli,Pamukkale,15 Mayıs Mah.,2,1
12000,45,4,1,Denizli,Pamukkale,İstiklal Mah.,1,1
3100000,85,3,2,Denizli,Pamukkale,Kınıklı Mah.,2,1
11000,40,25,5,Denizli,Pamukkale,Siteler Mah.,1,1
14000,45,15,2,Denizli,Pamukkale,Kınıklı Mah.,1,1
45000,270,6,6,Afyonkarahisar,Merkez,Karaman Mah.,5,1
19000,100,20,1,Afyonkarahisar,Merkez,Cumhuriyet Mah.,2,1
20000,120,18,5,Afyonkarahisar,Merkez,Kocatepe Mah.,3,1
38000,220,6,4,Afyonkarahisar,Merkez,Fatih Mah.,5,1
25000,120,0,2,Afyonkarahisar,Merkez,Fatih Mah.,3,1
12500,50,8,4,Afyonkarahisar,Merkez,Erenler Mah.,2,1
29000,105,0,2,Afyonkarahisar,Merkez,Erkmen (Cumhuriyet) Mah.,2,1
23000,140,28,3,Afyonkarahisar,Merkez,Esentepe Mah.,3,1
18000,110,15,1,Afyonkarahisar,Merkez,Nazmi Saatçi Mah.,3,1
27000,125,10,5,Afyonkarahisar,Merkez,Sahipata Mah.,3,1
29500,125,11,4,Afyonkarahisar,Merkez,Selçuklu Mah.,3,1
16000,125,20,1,Afyonkarahisar,Merkez,Hoca Ahmet Yesevi Mah.,3,1
36000,70,0,1,Afyonkarahisar,Merkez,Erkmen (Cumhuriyet) Mah.,2,1
19000,135,1,3,Afyonkarahisar,Merkez,Ataköy Mah.,3,1
17500,90,20,2,Afyonkarahisar,Merkez,Afyonkarahisar OSB Mah.,2,1
18500,95,3,2,Afyonkarahisar,Merkez,Kanlıca Mah.,2,1
24000,120,2,3,Afyonkarahisar,Merkez,Kanlıca Mah.,3,1
26000,90,8,3,Afyonkarahisar,İhsaniye,Yaylabağı (Esentepe) Mah.,1,1
22000,50,1,1,Afyonkarahisar,Merkez,Selçuklu Mah.,1,1
21000,120,11,5,Afyonkarahisar,Merkez,Zafer Mah.,3,1
38000,145,11,2,Afyonkarahisar,Merkez,Selçuklu Mah.,4,1
14000,86,1,3,Afyonkarahisar,Merkez,Kanlıca Mah.,3,1
20000,125,16,3,Afyonkarahisar,Merkez,Gazi Mah.,3,1
40000,220,6,5,Afyonkarahisar,Merkez,Erkmen (Cumhuriyet) Mah.,5,1
11000,55,6,3,Afyonkarahisar,Merkez,Erenler Mah.,1,1
9000,55,6,3,Afyonkarahisar,Merkez,Erenler Mah.,2,0
14000,52,4,0,Afyonkarahisar,Merkez,Erenler Mah.,2,0
15000,55,6,1,Afyonkarahisar,Merkez,Erenler Mah.,1,1
18500,105,21,5,Afyonkarahisar,Merkez,Cumhuriyet Mah.,2,1
9000,45,6,1,Afyonkarahisar,Merkez,Erenler Mah.,1,1
12000,85,10,4,Afyonkarahisar,Merkez,Dörtyol Mah.,2,1
50000,190,0,10,Afyonkarahisar,Merkez,Erkmen (Hürriyet) Mah.,4,1
16000,55,6,3,Afyonkarahisar,Merkez,Erenler Mah.,1,1
20000,45,6,6,Afyonkarahisar,Merkez,Esentepe Mah.,1,1
12000,120,27,4,Afyonkarahisar,Merkez,Cumhuriyet Mah.,3,1
18000,140,40,2,Afyonkarahisar,Merkez,Gazi Mah.,4,1
13500,55,6,2,Afyonkarahisar,Merkez,Erenler Mah.,2,0
24000,125,5,3,Afyonkarahisar,Merkez,Kocatepe Mah.,3,1
14250,100,20,4,Afyonkarahisar,Merkez,İstiklal Mah.,2,1
20000,130,11,2,Afyonkarahisar,Merkez,Derviş Paşa Mah.,3,1
1720000,120,27,4,Afyonkarahisar,Merkez,Cumhuriyet Mah.,3,1
18000,140,9,3,Afyonkarahisar,Sandıklı,Çakır Mah.,3,1
16500,130,21,3,Afyonkarahisar,Merkez,Mareşal Fevzi Çakmak Mah.,3,1
13000,55,17,0,Afyonkarahisar,Merkez,Derviş Paşa Mah.,1,1
14000,90,22,5,Afyonkarahisar,Merkez,Yunus Emre Mah.,2,1
18000,65,6,5,Afyonkarahisar,Merkez,Cumhuriyet Mah.,1,1
16500,58,5,1,Afyonkarahisar,Merkez,Erenler Mah.,2,0
20000,120,11,3,Afyonkarahisar,Merkez,Nazmi Saatçi Mah.,3,1
23750,110,10,1,Afyonkarahisar,Merkez,Selçuklu Mah.,3,1
2500,250,18,2,Afyonkarahisar,İhsaniye,Gazlıgöl (Cumhuriyet) Mah.,3,1
15000,45,10,3,Afyonkarahisar,Merkez,Dumlupınar Mah.,2,0
12000,55,6,2,Afyonkarahisar,Merkez,Erenler Mah.,2,0
15000,65,6,4,Afyonkarahisar,Merkez,Erenler Mah.,2,0
27000,130,4,2,Afyonkarahisar,Merkez,Fatih Mah.,3,1
20000,60,6,4,Afyonkarahisar,Merkez,Erenler Mah.,1,1
30000,140,0,1,Afyonkarahisar,Merkez,Ali İhsan Paşa Mah.,3,1
18000,45,6,3,Afyonkarahisar,Merkez,Erenler Mah.,1,1
13000,55,6,2,Afyonkarahisar,Merkez,Erenler Mah.,2,0
17000,90,20,2,Afyonkarahisar,Merkez,Cumhuriyet Mah.,2,1
13500,65,6,3,Afyonkarahisar,Merkez,Erenler Mah.,1,1
23000,90,5,3,Afyonkarahisar,Merkez,Yunus Emre Mah.,2,1
17000,60,6,4,Afyonkarahisar,Merkez,Erenler Mah.,2,1
20000,68,6,1,Afyonkarahisar,Merkez,Erenler Mah.,2,1
23000,125,6,1,Afyonkarahisar,Merkez,Fatih Mah.,3,1
17000,100,4,1,Afyonkarahisar,Merkez,Battalgazi Mah.,2,1
9000,45,6,3,Afyonkarahisar,Merkez,Erenler Mah.,2,0
14000,52,4,0,Afyonkarahisar,Merkez,Erenler Mah.,2,0
25000,55,0,1,Afyonkarahisar,Merkez,Sahipata Mah.,1,1
12000,60,5,1,Afyonkarahisar,Merkez,Erenler Mah.,2,0
15000,108,31,3,Afyonkarahisar,Dinar,Camikebir Mah.,2,1
14000,65,6,1,Afyonkarahisar,Merkez,Erenler Mah.,2,0
22000,90,6,3,Afyonkarahisar,Merkez,Dörtyol Mah.,2,1
12000,85,8,1,Afyonkarahisar,Merkez,Veysel Karani Mah.,2,0
13000,115,19,2,Afyonkarahisar,Merkez,Hamidiye Mah.,3,1
20000,70,1,2,Afyonkarahisar,Merkez,Erenler Mah.,2,0
15000,120,26,2,Afyonkarahisar,Dinar,Pancar Mah.,2,1
17000,98,13,2,Afyonkarahisar,Dinar,Fatih Mah.,2,1
14000,95,17,1,Afyonkarahisar,Merkez,Yenice Mah.,2,1
12000,80,15,5,Afyonkarahisar,Bolvadin,Yenice Mah.,1,1
12000,110,16,0,Afyonkarahisar,Merkez,Fatih Mah.,3,1
11000,55,6,4,Afyonkarahisar,Merkez,Erenler Mah.,1,1
20000,90,25,3,Afyonkarahisar,Merkez,Dumlupınar Mah.,2,1
20000,60,6,2,Afyonkarahisar,Merkez,Erenler Mah.,2,0
11000,45,6,3,Afyonkarahisar,Merkez,Erenler Mah.,1,1
20000,60,6,2,Afyonkarahisar,Merkez,Afyonkarahisar OSB Mah.,2,1
16500,50,2,2,Afyonkarahisar,Merkez,Osman Gazi Mah.,1,1
12000,55,6,2,Afyonkarahisar,Merkez,Erenler Mah.,2,0
20000,130,11,1,Afyonkarahisar,Merkez,İstiklal Mah.,3,1
19000,110,16,3,Afyonkarahisar,Merkez,Mareşal Fevzi Çakmak Mah.,4,1
10000,45,16,0,Afyonkarahisar,Merkez,Nazmi Saatçi Mah.,1,0
12500,115,20,0,Afyonkarahisar,Merkez,Dumlupınar Mah.,2,1
16000,60,6,2,Afyonkarahisar,Merkez,Erenler Mah.,2,1
395,165,11,1,Kütahya,Merkez,Zafertepe Mah.,4,1
125,55,6,2,Kütahya,Merkez,Meydan Mah.,1,1
130,55,5,3,Kütahya,Merkez,Meydan Mah.,1,1
150,60,6,3,Kütahya,Merkez,Fuatpaşa Mah.,1,1
270,155,15,6,Kütahya,Merkez,Akkent Mah.,3,1
150,55,10,0,Kütahya,Merkez,30 Ağustos Mah.,1,1
155,60,6,2,Kütahya,Merkez,Kirazpınar Mah.,1,1
170,110,42,5,Kütahya,Merkez,Servi Mah.,3,1
185,120,20,5,Kütahya,Merkez,Gaybiefendi Mah.,2,1
260,140,0,2,Kütahya,Merkez,Akkent Mah.,3,1
200,135,10,2,Kütahya,Merkez,Zafertepe Mah.,3,1
140,90,31,4,Kütahya,Merkez,100. Yıl Mah.,2,1
150,102,5,3,Kütahya,Merkez,Akkent Mah.,2,1
120,60,11,3,Kütahya,Merkez,Fuatpaşa Mah.,1,1
180,145,16,1,Kütahya,Merkez,Dumlupınar Mah.,3,1
100,75,6,4,Kütahya,Merkez,Dumlupınar Mah.,2,0
190,110,6,2,Kütahya,Merkez,Fatih Mah.,2,1
500,388,11,2,Kütahya,Merkez,Yoncalı Mah.,3,1
125,50,7,2,Kütahya,Merkez,Gaybiefendi Mah.,1,1
190,100,10,2,Kütahya,Tavşanlı,Yeni Mah.,2,1
250,250,7,5,Kütahya,Merkez,Yenidoğan Mah.,5,2
300,85,0,4,Kütahya,Merkez,Evliya Çelebi Mah.,1,1
430,110,3,4,Kütahya,Merkez,30 Ağustos Mah.,2,1
200,130,12,5,Kütahya,Merkez,Akkent Mah.,3,1
170,95,0,3,Kütahya,Merkez,Akkent Mah.,2,1
150,102,0,2,Kütahya,Merkez,Akkent Mah.,2,1
200,55,0,2,Kütahya,Tavşanlı,Ulucami Mah.,1,1
320,135,0,3,Kütahya,Merkez,Dumlupınar Mah.,3,1
240,60,0,3,Kütahya,Tavşanlı,Durak Mah.,1,1
190,135,6,1,Kütahya,Merkez,Zafertepe Mah.,3,1
175,55,5,3,Kütahya,Tavşanlı,Durak Mah.,1,1
185,85,0,2,Kütahya,Tavşanlı,Ömerbey Mah.,2,1
120,105,21,3,Kütahya,Merkez,Mehmet Akif Ersoy Mah.,2,1
145,95,0,1,Kütahya,Merkez,Akkent Mah.,2,1
185,85,0,4,Kütahya,Tavşanlı,Ömerbey Mah.,2,1
130,50,1,2,Kütahya,Merkez,Kirazpınar Mah.,1,1
150,110,6,1,Kütahya,Merkez,İstiklal Mah.,2,1
220,140,16,3,Kütahya,Merkez,Yıldırım Beyazıt Mah.,3,1
150,60,16,2,Kütahya,Merkez,Meydan Mah.,1,1
110,50,6,2,Kütahya,Merkez,100. Yıl Mah.,1,1
150,55,9,3,Kütahya,Tavşanlı,İstasyon Mah.,1,1
110,60,3,2,Kütahya,Merkez,Kirazpınar Mah.,2,0
85,75,40,2,Kütahya,Merkez,100. Yıl Mah.,2,1
135,60,9,5,Kütahya,Merkez,Servi Mah.,1,1
155,95,0,2,Kütahya,Merkez,İnköy Mah.,2,1
125,50,16,1,Kütahya,Merkez,Meydan Mah.,1,1
310,140,0,3,Kütahya,Merkez,Dumlupınar Mah.,3,1
205,135,16,4,Kütahya,Merkez,75. Yıl Mah.,3,1
300,140,0,4,Kütahya,Merkez,Dumlupınar Mah.,3,1
115,110,21,4,Kütahya,Merkez,Balıklı Mah.,2,1
125,50,1,2,Kütahya,Merkez,Meydan Mah.,1,1
210,140,11,2,Kütahya,Merkez,Yenidoğan Mah.,3,1
130,60,11,2,Kütahya,Merkez,Mecidiye Mah.,1,1
395,165,11,1,Kütahya,Merkez,Zafertepe Mah.,4,1
250,90,5,3,Kütahya,Merkez,Hacıazizler Mah.,2,1
100,83,21,0,Kütahya,Emet,Akpınar Mah.,2,1
125,80,10,0,Kütahya,Tavşanlı,Ulucami Mah.,2,0
160,100,38,3,Kütahya,Merkez,Yıldırım Beyazıt Mah.,2,1
110,55,6,2,Kütahya,Merkez,Saray Mah.,1,1
80,45,6,3,Kütahya,Merkez,100. Yıl Mah.,1,1
165,48,6,3,Kütahya,Tavşanlı,Durak Mah.,1,1
150,45,14,3,Kütahya,Merkez,Yenidoğan Mah.,1,1
1225,55,10,0,Kütahya,Merkez,Saray Mah.,1,1
115,55,7,1,Kütahya,Merkez,Meydan Mah.,1,1
100,50,31,4,Kütahya,Merkez,Balıklı Mah.,1,1
250,80,10,3,Kütahya,Tavşanlı,Moymul Mah.,2,0
360,280,15,3,Kütahya,Tavşanlı,Yeni Mah.,7,1
170,100,40,1,Kütahya,Merkez,Fatih Mah.,2,1
160,95,55,2,Kütahya,Merkez,Yıldırım Beyazıt Mah.,2,1
120,45,11,3,Kütahya,Merkez,Dumlupınar Mah.,1,1
120,125,25,3,Kütahya,Merkez,Cemalettin Mah.,3,1
145,75,0,3,Kütahya,Merkez,Yenidoğan Mah.,2,0
140,60,6,3,Kütahya,Merkez,Servi Mah.,1,1
300,175,0,1,Kütahya,Merkez,Bahçelievler Mah.,4,1
280,175,5,1,Kütahya,Merkez,Dumlupınar Mah.,3,1
235,83,5,2,Kütahya,Tavşanlı,Yeni Mah.,2,1
170,98,0,2,Kütahya,Merkez,Zafertepe Mah.,2,1
100,55,7,3,Kütahya,Merkez,Yunusemre Mah.,1,1
230,140,21,5,Kütahya,Merkez,Servi Mah.,3,1
150,45,15,4,Kütahya,Merkez,Gaybiefendi Mah.,1,1
180,145,16,3,Kütahya,Merkez,Cumhuriyet Mah.,3,1
11999,72,5,1,Kütahya,Merkez,Zafertepe Mah.,1,1
210,75,6,2,Kütahya,Merkez,Meydan Mah.,2,0
230,100,0,3,Kütahya,Merkez,Akkent Mah.,2,1
270,180,11,3,Kütahya,Merkez,Ziraat Mah.,4,1
200,70,10,3,Kütahya,Tavşanlı,Yeni Mah.,1,1
100,40,10,3,Kütahya,Merkez,Saray Mah.,1,1
135,55,11,2,Kütahya,Merkez,Saray Mah.,1,1
170,80,0,2,Kütahya,Merkez,Lala Hüseyin Paşa Mah.,2,0
150,55,6,4,Kütahya,Merkez,Lala Hüseyin Paşa Mah.,1,1
1325,88,3,2,Kütahya,Merkez,Kirazpınar Mah.,2,1
100,50,21,1,Kütahya,Merkez,Balıklı Mah.,1,1
150,50,6,2,Kütahya,Tavşanlı,İstasyon Mah.,1,1
155,100,0,3,Kütahya,Merkez,Akkent Mah.,2,1
170,80,0,3,Kütahya,Merkez,Lala Hüseyin Paşa Mah.,2,1
174,55,8,1,Kütahya,Tavşanlı,Moymul Mah.,1,1
115,60,6,1,Kütahya,Merkez,Meydan Mah.,2,0
250,105,8,3,Kütahya,Tavşanlı,Yeni Mah.,2,1
180,145,21,2,Kütahya,Merkez,Yunusemre Mah.,3,1
210,140,21,4,Kütahya,Merkez,Fatih Mah.,3,1
185,155,6,2,Kütahya,Merkez,Dumlupınar Mah.,3,1
170,80,11,3,Kütahya,Merkez,Alipaşa Mah.,2,1
140,105,11,4,Kütahya,Merkez,Meydan Mah.,2,1
190,100,4,1,Kütahya,Merkez,Bahçelievler Mah.,2,1
230,55,1,1,Kütahya,Merkez,Evliya Çelebi Mah.,1,1
200,79,0,1,Kütahya,Merkez,Evliya Çelebi Mah.,1,1
155,105,6,1,Kütahya,Merkez,Dumlupınar Mah.,3,1
180,120,16,4,Kütahya,Merkez,Meydan Mah.,3,1
150,60,0,3,Kütahya,Merkez,Kirazpınar Mah.,1,1
120,65,15,0,Kütahya,Gediz,Saygılar Mah.,2,1
140,50,0,2,Kütahya,Merkez,Kirazpınar Mah.,1,1
100,60,6,4,Kütahya,Merkez,Meydan Mah.,1,1
210,110,4,4,Kütahya,Merkez,Evliya Çelebi Mah.,2,1
200,150,6,3,Kütahya,Merkez,100. Yıl Mah.,3,1
165,98,1,3,Kütahya,Merkez,Zafertepe Mah.,2,1
120,65,6,1,Kütahya,Merkez,Meydan Mah.,1,1
200,50,1,2,Kütahya,Merkez,Evliya Çelebi Mah.,1,1
130,55,6,1,Kütahya,Merkez,Gaybiefendi Mah.,1,1
210,60,0,1,Kütahya,Merkez,Ok Meydanı Mah.,1,1
145,55,6,2,Kütahya,Merkez,Meydan Mah.,1,1
150,55,6,2,Kütahya,Merkez,Meydan Mah.,1,1
155,45,0,3,Kütahya,Merkez,Meydan Mah.,1,1
120,55,6,4,Kütahya,Merkez,Meydan Mah.,1,1
115,120,31,0,Kütahya,Merkez,Evliya Çelebi Mah.,3,1
160,50,4,3,Kütahya,Merkez,Gaybiefendi Mah.,1,1
140,60,1,3,Kütahya,Merkez,Kirazpınar Mah.,1,1
95,55,6,4,Kütahya,Merkez,Zafertepe Mah.,1,1
160,75,4,4,Kütahya,Merkez,Gaybiefendi Mah.,2,1
1375,110,4,0,Kütahya,Merkez,Lala Hüseyin Paşa Mah.,2,1
150,55,6,1,Kütahya,Merkez,Servi Mah.,1,1
70,64,11,3,Kütahya,Merkez,Cumhuriyet Mah.,2,0
150,55,6,3,Kütahya,Merkez,Gaybiefendi Mah.,1,1
240,55,1,1,Kütahya,Merkez,Evliya Çelebi Mah.,1,1
155,55,6,2,Kütahya,Merkez,Meydan Mah.,1,1
70,55,16,0,Kütahya,Merkez,Yıldırım Beyazıt Mah.,1,1
120,150,26,1,Kütahya,Merkez,Fatih Mah.,3,1
82,55,16,0,Kütahya,Merkez,Yıldırım Beyazıt Mah.,1,1
100,70,6,2,Kütahya,Merkez,Yunusemre Mah.,2,0
85,55,6,4,Kütahya,Merkez,Zafertepe Mah.,2,0
150,55,0,3,Kütahya,Merkez,Saray Mah.,1,1
120,50,6,2,Kütahya,Merkez,Meydan Mah.,1,1
185,79,0,1,Kütahya,Merkez,Evliya Çelebi Mah.,1,1
1475,50,6,3,Kütahya,Merkez,Servi Mah.,1,1
105,50,11,1,Kütahya,Merkez,Fuatpaşa Mah.,1,1
120,50,6,2,Kütahya,Merkez,Balıklı Mah.,1,1
115,55,0,1,Kütahya,Merkez,Saray Mah.,1,1
