"listingCard__media-link href","listingCard__photo-index","listingCard__price","listingCard__date","listingCard__title","listingCard__spec-item","listingCard__spec-item 2","listingCard__spec-item 3","listingCard__spec-item 4","listingCard__spec-sep 4","listingCard__spec-label 5","listingCard__spec-item 5","listingCard__location","he-lazy-image src","listingCard__owner-firm","wp-btn-label","he-lazy-image src 2"
"https://www.hepsiemlak.com/izmir-karsiyaka-yali-kiralik/daire/21024-12054","1 / 33","54.000","08/09/2026","Mavişehir Soyak Optimus Sitesinde Full Eşyalı 2+1 Kiralık Daire","Kiralık Daire","2 + 1","80 m²","10 Yaşında","·","Kat","3. Kat","İzmir / Karşıyaka / Yalı Mah.","https://hecdnnw.hemlak.com/mncropresize/77/67/logo/4/2/0/1/2/0/31ed9958-8302-430a-ad93-dfdc1a2f8dd5.jpg","Turyap Ataşehir Fil","WhatsApp",""
"https://www.hepsiemlak.com/izmir-torbali-pancar-kiralik/daire/124859-336","1 / 27","23.000","08/09/2026","Pancar İzban Yakını Kiralık 2+1 Daire","Kiralık Daire","2 + 0","116 m²","3 Yaşında","·","Kat","Ara Kat","İzmir / Torbalı / Pancar Mah.","https://hecdnnw.hemlak.com/mncropresize/77/67/logo/9/5/8/4/2/1/2fcba43c-9664-4dd1-8a54-e3b450a3d7f2.jpg","Güngör Emlak","WhatsApp",""
"https://www.hepsiemlak.com/izmir-karsiyaka-goncalar-kiralik/daire/147149-318","1 / 35","60.000","07/09/2026","Karşıyaka'da Kiralık 3+1 Sıfır Otoparklı Ebeveyn Banyolu Daire","Kiralık Daire","3 + 1","140 m²","Sıfır Bina","·","Kat","5. Kat","İzmir / Karşıyaka / Goncalar Mah.","https://hecdnnw.hemlak.com/mncropresize/77/67/logo/9/4/1/7/4/1/0ad22e03-d335-47ae-88c9-78ea6dc815da.jpg","Turyap Karşıyaka Girne","WhatsApp",""
"https://www.hepsiemlak.com/izmir-buca-ataturk-kiralik/daire/170300-6","1 / 26","25.000","25/07/2026","Atatürk Mah.Kadın Doğumhastanesi Yanı Kiralık 2+1 D.Gazlı Daire","Kiralık Daire","2 + 1","65 m²","6 Yaşında","·","Kat","3. Kat","İzmir / Buca / Atatürk Mah.","https://hecdn01.hemlak.com/mncropresize/280/210/ds01/9/7/4/6/9/8/6/4/1783584603-497963-46896479.jpeg","Elite Gayrimenkul","WhatsApp","https://hecdnnw.hemlak.com/mncropresize/77/67/logo/0/0/3/0/7/1/516b3ef7-f4de-4322-9065-39b892a8efbb.jpg"
"https://www.hepsiemlak.com/izmir-buca-vali-rahmi-bey-kiralik/daire/146551-83","1 / 9","30.000","04/09/2026","İzmir Buca Vali Rahmi Bey Mah' De  Doğalgazlı 3+1 Kiralık Daire","Kiralık Daire","3 + 1","135 m²","30 Yaşında","·","Kat","Ara Kat","İzmir / Buca / Vali Rahmi Bey Mah.","https://hecdn01.hemlak.com/mncropresize/280/210/ds01/9/4/4/7/3/1/7/4/1786957320700-47137449.jpg","Kızılateş Gayrimenkul","WhatsApp","https://hecdnnw.hemlak.com/mncropresize/77/67/logo/1/5/5/6/4/1/2794656c-2f23-4be3-ac74-1044c4be5f53.jpg"
"https://www.hepsiemlak.com/izmir-cigli-evka-2-kiralik/mustakil-ev/171529-2","1 / 41","42.000","04/09/2026","Meyve Ağaçlarının İçinde, Bahçeli, Merkezi Konumda,Huzurlu,  3+1  Kiralık Müstakil Konut","Kiralık Müstakil Ev","3 + 1","130 m²","30 Yaşında","·","Kat","","İzmir / Çiğli / Evka - 2 Mah.","https://hecdn01.hemlak.com/mncropresize/182/137/ds01/3/9/9/5/4/2/7/4/2924d6b4-9c24-4836-991d-2eae8e98f033.jpg","","WhatsApp",""
"https://www.hepsiemlak.com/izmir-cigli-evka-2-kiralik/mustakil-ev/171529-5","1 / 30","50.000","09/09/2026","Evka2 'de Bakımlı,  Bahçeli, Kapalı Mutfak  5+1 Triplex Müstakil Kiralık","Kiralık Müstakil Ev","5 + 1","185 m²","30 Yaşında","·","Kat","","İzmir / Çiğli / Evka - 2 Mah.","https://hecdn01.hemlak.com/mncropresize/182/137/ds01/2/2/5/0/5/2/7/4/64aad825-d0fb-45c6-a73d-73f5976ef7aa.jpg","","WhatsApp",""
"https://www.hepsiemlak.com/izmir-karabaglar-bahar-kiralik/daire/24845-1968","1 / 57","38.000","10/09/2026","Antre Emlak'tan Kiralık Bozyaka Hastane Üstü Doğalgazlı,Asansörlü,Otoparklı 3+1 Sıfır Daire","Kiralık Daire","3 + 1","115 m²","Sıfır Bina","·","Kat","3. Kat","İzmir / Karabağlar / Bahar Mah.","https://hecdn01.hemlak.com/mncropresize/182/137/ds01/9/6/3/1/3/0/7/4/394972b7-5aab-4541-9473-c8a2f68bbe38.jpg","Antre Emlak","WhatsApp","https://hecdnnw.hemlak.com/mncropresize/77/67/logo/5/4/8/4/2/0/d4a1a04e-d60b-493f-aa22-ffd008f70fb5.jpg"
"https://www.hepsiemlak.com/izmir-karabaglar-basin-sitesi-kiralik/daire/21655-3702","1 / 20","40.000","09/09/2026","Hatay Metro Yakını Full Eşyalı Kiralık Daire","Kiralık Daire","2 + 1","100 m²","30 Yaşında","·","Kat","3. Kat","İzmir / Karabağlar / Basın Sitesi Mah.","https://hecdn01.hemlak.com/mncropresize/182/137/ds01/0/5/8/4/7/2/7/4/1788984284989-47274850.jpg","","WhatsApp",""
"https://www.hepsiemlak.com/izmir-karabaglar-esenyali-kiralik/daire/34836-1047","1 / 24","45.000","09/09/2026","Göztepe Metro Yakını Asmaçatı Gayrimenkul'den Eşyalı Kiralık Daire","Kiralık Daire","2 + 1","80 m²","46 Yaşında","·","Kat","1. Kat","İzmir / Karabağlar / Esenyalı Mah.","https://hecdn01.hemlak.com/mncropresize/182/137/ds01/0/2/9/5/4/9/6/4/0f5d93b2-ed38-4903-9e95-2f0afc63d5cd.jpg","","WhatsApp",""
"https://www.hepsiemlak.com/izmir-buca-sirinkapi-kiralik/daire/123359-295","1 / 12","32.000","09/09/2026","İzmir Buca Yaşam Vadisi Sitesinde Kiralık 2+1","Kiralık Daire","2 + 1","80 m²","2 Yaşında","·","Kat","5. Kat","İzmir / Buca / Şirinkapı Mah.","https://hecdn01.hemlak.com/mncropresize/182/137/ds01/7/6/6/2/2/0/7/4/31d067d4-ccd4-4364-8b32-0d8bbdce15da.jpg","","WhatsApp",""
"https://www.hepsiemlak.com/izmir-torbali-cumhuriyet-kiralik/daire/147472-293","1 / 28","16.000","08/09/2026","Torbalı Cumhuriyet Mahallesi Barış Yapı Sitesi Arakat Kiralık Daire Doğalgazlı","Kiralık Daire","2 + 1","95 m²","25 Yaşında","·","Kat","3. Kat","İzmir / Torbalı / Cumhuriyet Mah.","https://hecdn01.hemlak.com/mncropresize/182/137/ds01/9/9/7/7/1/2/7/4/1788170413119-47217799.jpg","Reyhan Emlak Gayrimenkul","WhatsApp","https://hecdnnw.hemlak.com/mncropresize/77/67/logo/2/7/4/7/4/1/472dbff1-b0f8-4687-9b7d-bd1555f762a6.jpg"
"https://www.hepsiemlak.com/izmir-odemis-ataturk-kiralik/daire/145956-94","1 / 14","23.000","08/09/2026","Bozdağ Gayrimenkulden Atatürk Mahallesinde Kiralık 2.Kat Daire;","Kiralık Daire","2 + 1","125 m²","15 Yaşında","·","Kat","2. Kat","İzmir / Ödemiş / Atatürk Mah.","https://hecdn01.hemlak.com/mncropresize/182/137/ds01/2/1/5/8/7/3/6/4/1775292007619-46378512.jpg","","WhatsApp",""
"https://www.hepsiemlak.com/izmir-buca-izkent-kiralik/daire/123359-294","1 / 8","21.000","08/09/2026","Evka 1 İzkentte Kiralık 2+1 Kapalı Mutfak Ferah","Kiralık Daire","2 + 1","80 m²","21 Yaşında","·","Kat","5. Kat","İzmir / Buca / İzkent Mah.","https://hecdn01.hemlak.com/mncropresize/182/137/ds01/3/6/9/8/7/9/6/4/b6577d69-fb6a-43d9-b57b-24514eabce7f.jpg","","WhatsApp",""
"https://www.hepsiemlak.com/izmir-bornova-kazimdirik-kiralik/daire/170839-10","1 / 11","27.000","16/08/2026","Bornova Kazımdirik Mahallesi Uğur Okullari Karşısı 3+1","Kiralık Daire","3 + 1","100 m²","40 Yaşında","·","Kat","2. Kat","İzmir / Bornova / Kazımdirik Mah.","https://hecdn01.hemlak.com/mncropresize/182/137/ds01/4/6/4/3/3/1/7/4/1786814889904-47133464.jpg","","WhatsApp",""
"https://www.hepsiemlak.com/izmir-bornova-kazimdirik-kiralik/daire/170839-8","1 / 13","25.000","15/08/2026","Kazımdirik Mahallesi Pazar Yeri Civarı Kiralik Daire","Kiralık Daire","3 + 1","110 m²","30 Yaşında","·","Kat","4. Kat","İzmir / Bornova / Kazımdirik Mah.","https://hecdn01.hemlak.com/mncropresize/182/137/ds01/9/4/0/3/3/1/7/4/1786807534070-47133049.jpg","","WhatsApp",""
"https://www.hepsiemlak.com/izmir-karsiyaka-aksoy-kiralik/daire/139699-274","1 / 35","47.500","24/08/2026","Karşıyaka Aksoy'da Nezih Bölgede Eşyalı Kiralık 2+1","Kiralık Daire","2 + 1","85 m²","31 Yaşında","·","Kat","1. Kat","İzmir / Karşıyaka / Aksoy Mah.","https://hecdn01.hemlak.com/mncropresize/182/137/ds01/7/3/3/2/8/9/6/4/ddb3df2e-74f6-4704-949f-90252622db0a.jpg","","WhatsApp",""
"https://www.hepsiemlak.com/izmir-bornova-kazimdirik-kiralik/daire/41692-1283","1 / 23","50.000","03/09/2026","🏡 Kazımdirik Mahallesi'nde Site İçerisinde Full Eşyalı Kiralık Daire","Kiralık Daire","3 + 1","120 m²","37 Yaşında","·","Kat","2. Kat","İzmir / Bornova / Kazımdirik Mah.","https://hecdn01.hemlak.com/mncropresize/182/137/ds01/0/2/2/8/5/9/6/4/1787315193990-46958220.jpg","","WhatsApp",""
"https://www.hepsiemlak.com/izmir-konak-kultur-kiralik/daire/141901-1009","1 / 40","150.000","10/09/2026","Alsancak Talatpaşa'da Eşyalı 4+1 Kiralık Lüks Daire","Kiralık Daire","4 + 1","265 m²","31 Yaşında","·","Kat","6. Kat","İzmir / Konak / Kültür Mah.","https://hecdn01.hemlak.com/mncropresize/182/137/ds01/3/6/8/6/7/2/7/4/bc797b00-ac1e-4bba-9987-e4a0ce61366e.jpg","Startkey A Plus Gayrimenkul","WhatsApp","https://hecdnnw.hemlak.com/mncropresize/77/67/logo/1/0/9/1/4/1/b86e0761-e9b5-45b1-a959-e8d01d47e9ce.jpg"
"https://www.hepsiemlak.com/izmir-kemalpasa-armutlu-hurriyet-kiralik/daire/170599-5","1 / 18","25.000","10/09/2026","Re Vizyon Gayrimenkulden Armutlu Hürriyet Mahallesi’nde Kiralık Daire","Kiralık Daire","2 + 1","85 m²","3 Yaşında","·","Kat","En Üst Kat","İzmir / Kemalpaşa / Armutlu Hürriyet Mah.","https://hecdn01.hemlak.com/mncropresize/182/137/ds01/2/3/9/6/7/2/7/4/1789032320-936356-47276932.jpeg","","WhatsApp",""
"https://www.hepsiemlak.com/izmir-cigli-sasalli-merkez-kiralik/villa/58372-6857","1 / 60","250.000","10/09/2026","Sasalı'da Site İçerisinde Müstakil Havuzlu 5+1 Kiralık Villa","Kiralık Villa","5 + 1","350 m²","2 Yaşında","·","Kat","","İzmir / Çiğli / Sasallı Merkez Mah.","https://hecdn01.hemlak.com/mncropresize/182/137/ds01/2/4/9/6/7/2/7/4/269e40ae-1f58-41bd-9dff-9407ced648c2.jpg","Coldwell Banker Plus","WhatsApp","https://hecdnnw.hemlak.com/mncropresize/77/67/logo/2/7/3/8/5/0/1d7faae5-65d0-4f0c-a7c4-fc02c16b0ffb.jpg"
"https://www.hepsiemlak.com/izmir-cigli-yeni-mahalle-kiralik/daire/152002-717","1 / 35","52.000","10/09/2026","Çiğli Devlet Hastanesi Yakını Kiralık 3+1 Daire","Kiralık Daire","3 + 1","130 m²","16 Yaşında","·","Kat","3. Kat","İzmir / Çiğli / Yeni Mahalle Mah.","https://hecdn01.hemlak.com/mncropresize/182/137/ds01/3/2/1/6/7/2/7/4/aa95e20f-a71c-4f20-a1d4-178e6ebe6751.jpg","Startkey Astra","WhatsApp","https://hecdnnw.hemlak.com/mncropresize/77/67/logo/2/0/0/2/5/1/dfcf1f9b-2798-451a-b54f-026bc64b090f.jpg"
"https://www.hepsiemlak.com/izmir-kemalpasa-ulucak-mustafa-kemal-ataturk-kiralik/daire/143949-1880","1 / 16","37.500","10/09/2026","Kemalpaşa Livkonda 2+1 Kiralık Daire","Kiralık Daire","2 + 1","75 m²","1 Yaşında","·","Kat","Giriş Katı","İzmir / Kemalpaşa / Ulucak Mustafa Kemal Atatürk Mah.","https://hecdn01.hemlak.com/mncropresize/182/137/ds01/7/3/7/5/7/2/7/4/ffbc1211-5b6c-4818-b4cb-02614c7b397f.jpg","","WhatsApp",""
"https://www.hepsiemlak.com/izmir-balcova-onur-kiralik/daire/93841-977","1 / 36","40.000","10/09/2026","Emlaksal Gayrimenkul'den Kiralık Agora Karşısı 2+1 Daire","Kiralık Daire","2 + 1","95 m²","6 Yaşında","·","Kat","2. Kat","İzmir / Balçova / Onur Mah.","https://hecdn01.hemlak.com/mncropresize/182/137/ds01/9/9/9/6/7/2/7/4/c20c34e1-cdda-4992-b858-2188a6551333.jpg","Emlaksal Gayrimenkul","WhatsApp","https://hecdnnw.hemlak.com/mncropresize/77/67/logo/1/4/8/3/9/0/c84d77b0-8324-42f0-8e3d-f88ef9d84050.jpg"
"https://www.hepsiemlak.com/izmir-konak-atilla-kiralik/daire/9764-9226","1 / 29","23.000","10/09/2026","İlhan'dan Dağalgazlı Müstakil Bahçeli Giriş Kat Daire","Kiralık Daire","2 + 1","120 m²","45 Yaşında","·","Kat","Giriş Katı","İzmir / Konak / Atilla Mah.","https://hecdnnw.hemlak.com/mncropresize/77/67/logo/4/6/7/9/0/0/633853af-7688-4cf3-93f5-f98557e6e1e8.jpg","İlhan Emlak","WhatsApp",""
"https://www.hepsiemlak.com/izmir-karsiyaka-fikri-altay-kiralik/daire/71862-2184","1 / 34","32.000","10/09/2026","Doğalgazlı_asansörlü_kapalı Mutfaklı_balkonlu 3+1","Kiralık Daire","3 + 1","125 m²","11 Yaşında","·","Kat","5. Kat","İzmir / Karşıyaka / Fikri Altay Mah.","","","WhatsApp",""
"https://www.hepsiemlak.com/izmir-seferihisar-duzce-kiralik/villa/140393-913","1 / 17","55.000","10/09/2026","İster Eşyalı İster Eşyasız Kiralık Villa","Kiralık Villa","3 + 1","150 m²","6 Yaşında","·","Kat","","İzmir / Seferihisar / Düzce Mah.","https://hecdnnw.hemlak.com/mncropresize/77/67/logo/3/9/3/0/4/1/c9e75698-8386-49eb-96a6-e0f741fa45f7.jpg","Azat Aktaş Gayrimenkul","WhatsApp",""
"https://www.hepsiemlak.com/izmir-konak-umurbey-kiralik/daire/161202-435","1 / 21","64.000","10/09/2026","Alsancak Evorada Kiralık 2+1","Kiralık Daire","2 + 1","96 m²","Sıfır Bina","·","Kat","2. Kat","İzmir / Konak / Umurbey Mah.","https://hecdn01.hemlak.com/mncropresize/182/137/ds01/9/2/8/7/7/2/7/4/ffdec469-ac51-4ceb-b6bb-4f28bb1bd35e.jpg","Turpa Girne Gold Gayrimenkul","WhatsApp","https://hecdnnw.hemlak.com/mncropresize/77/67/logo/2/0/2/1/6/1/d86e89a8-94a3-4c59-a0aa-c71bcf6b4341.jpg"
"https://www.hepsiemlak.com/izmir-karsiyaka-latife-hanim-kiralik/daire/145597-265","1 / 39","16.000","10/09/2026","Latife Hanım Mahallesinde Kiralık 3+1 Daire","Kiralık Daire","3 + 1","110 m²","31 Yaşında","·","Kat","Yüksek Giriş","İzmir / Karşıyaka / Latife Hanım Mah.","https://www.hepsiemlak.com/_nuxt/8cafc93fb5c74c75e9e04e528e02ccdf.jpg","Ecofast Gayrimenkul","WhatsApp","https://www.hepsiemlak.com/_nuxt/8cafc93fb5c74c75e9e04e528e02ccdf.jpg"
"https://www.hepsiemlak.com/izmir-karabaglar-uckuyular-kiralik/daire/78006-449","1 / 28","32.000","10/09/2026","Üçkuyular'da Öğrenciye Uygun Doğalgazlı Otoparklı Eşyalı Kiralık Daire.","Kiralık Daire","2 + 1","100 m²","40 Yaşında","·","Kat","4. Kat","İzmir / Karabağlar / Üçkuyular Mah.","https://www.hepsiemlak.com/_nuxt/8cafc93fb5c74c75e9e04e528e02ccdf.jpg","","WhatsApp",""
"https://www.hepsiemlak.com/izmir-karsiyaka-zubeyde-hanim-kiralik/daire/77059-1966","1 / 26","41.000","10/09/2026","İzmir Karşıyaka Zübeyde Hanım Mah. 3+1 Kiralık Dubleks Daire","Kiralık Daire","3 + 1","130 m²","5 Yaşında","·","Kat","3. Kat","İzmir / Karşıyaka / Zübeyde Hanım Mah.","https://www.hepsiemlak.com/_nuxt/8cafc93fb5c74c75e9e04e528e02ccdf.jpg","Aras Emlak","WhatsApp","https://www.hepsiemlak.com/_nuxt/8cafc93fb5c74c75e9e04e528e02ccdf.jpg"
"https://www.hepsiemlak.com/izmir-menemen-inonu-kiralik/daire/166407-179","1 / 11","20.000","10/09/2026","İzmir Menemen Seyrek İnönü Mahallesinde 1+1 Full Eşyalı Temiz Kiralık Daire","Kiralık Daire","1 + 1","45 m²","2 Yaşında","·","Kat","3. Kat","İzmir / Menemen / İnönü Mah.","https://www.hepsiemlak.com/_nuxt/8cafc93fb5c74c75e9e04e528e02ccdf.jpg","","WhatsApp",""
"https://www.hepsiemlak.com/izmir-bayrakli-muhittin-erener-kiralik/daire/135423-330","1 / 11","23.500","10/09/2026","M.Erenler Mah.Boyası Yapılı Temiz 3+1 Doğalgazlı Kiralık Daire","Kiralık Daire","3 + 1","125 m²","21 Yaşında","·","Kat","2. Kat","İzmir / Bayraklı / Muhittin Erener Mah.","https://www.hepsiemlak.com/_nuxt/8cafc93fb5c74c75e9e04e528e02ccdf.jpg","","WhatsApp",""
"https://www.hepsiemlak.com/izmir-buca-adatepe-kiralik/daire/34917-493","1 / 25","27.000","10/09/2026","Boranem—niğdeliler Sitesinde Klasik 3+1 Arakat Daire","Kiralık Daire","3 + 1","120 m²","26 Yaşında","·","Kat","2. Kat","İzmir / Buca / Adatepe Mah.","https://www.hepsiemlak.com/_nuxt/8cafc93fb5c74c75e9e04e528e02ccdf.jpg","","WhatsApp",""
"https://www.hepsiemlak.com/izmir-konak-atilla-kiralik/daire/16820-3933","1 / 24","40.000","10/09/2026","Üçyol Metro Yakını Eşyalı Doğalgazlı Kiralık Daire","Kiralık Daire","2 + 1","95 m²","10 Yaşında","·","Kat","2. Kat","İzmir / Konak / Atilla Mah.","https://www.hepsiemlak.com/_nuxt/8cafc93fb5c74c75e9e04e528e02ccdf.jpg","","WhatsApp",""
"https://www.hepsiemlak.com/izmir-seferihisar-ulamis-kiralik/villa/133723-1156","1 / 35","130.000","10/09/2026","Seferihisar Ulamış Mah Güzel Çiftlik Konakları 3+1 Kiralık Villa","Kiralık Villa","3 + 1","260 m²","16 Yaşında","·","Kat","","İzmir / Seferihisar / Ulamış Mah.","https://www.hepsiemlak.com/_nuxt/8cafc93fb5c74c75e9e04e528e02ccdf.jpg","Equinox Gayrimenkul","WhatsApp","https://www.hepsiemlak.com/_nuxt/8cafc93fb5c74c75e9e04e528e02ccdf.jpg"
"https://www.hepsiemlak.com/izmir-karabaglar-refet-bele-kiralik/daire/162854-275","1 / 15","30.000","10/09/2026","Refet Bele Mevlana Okulu Çevre 2+1 Açık Mutfak Yeni Daire","Kiralık Daire","2 + 1","90 m²","4 Yaşında","·","Kat","1. Kat","İzmir / Karabağlar / Refet Bele Mah.","https://www.hepsiemlak.com/_nuxt/8cafc93fb5c74c75e9e04e528e02ccdf.jpg","Opal Gayrimenkul Karabaglar","WhatsApp","https://www.hepsiemlak.com/_nuxt/8cafc93fb5c74c75e9e04e528e02ccdf.jpg"
"https://www.hepsiemlak.com/izmir-karsiyaka-inonu-kiralik/daire/133061-1225","1 / 40","28.000","10/09/2026","Soyak Siesta1 Havuz Manzaralı Kiralık Boş 1+1 Daire","Kiralık Daire","1 + 1","50 m²","11 Yaşında","·","Kat","7. Kat","İzmir / Karşıyaka / İnönü Mah.","https://www.hepsiemlak.com/_nuxt/8cafc93fb5c74c75e9e04e528e02ccdf.jpg","Spıca Gayrimenkul","WhatsApp","https://www.hepsiemlak.com/_nuxt/8cafc93fb5c74c75e9e04e528e02ccdf.jpg"
"https://www.hepsiemlak.com/izmir-bornova-erzene-kiralik/daire/59475-1161","1 / 60","110.000","10/09/2026","Volkan Emlaktan Evka3 Platin Konutlarında 4+1 Havuzlu Güvenlikli","Kiralık Daire","4 + 1","250 m²","20 Yaşında","·","Kat","8. Kat","İzmir / Bornova / Erzene Mah.","https://www.hepsiemlak.com/_nuxt/8cafc93fb5c74c75e9e04e528e02ccdf.jpg","","WhatsApp",""
"https://www.hepsiemlak.com/izmir-bornova-ergene-kiralik/daire/41545-2435","1 / 23","33.000","10/09/2026","Bornova Merkez'de Yeni Bina 1+1 Doğalgazlı Geniş Daire","Kiralık Daire","1 + 1","95 m²","10 Yaşında","·","Kat","Yüksek Giriş","İzmir / Bornova / Ergene Mah.","https://www.hepsiemlak.com/_nuxt/8cafc93fb5c74c75e9e04e528e02ccdf.jpg","","WhatsApp",""
"https://www.hepsiemlak.com/izmir-seferihisar-kavakdere-kiralik/mustakil-ev/97475-718","1 / 19","45.000","10/09/2026","Seferihisar Ürkmez Kavaklıdere’de Doğa İç İçe Yaşam Fırsatı","Kiralık Müstakil Ev","2 + 1","85 m²","3 Yaşında","·","Kat","","İzmir / Seferihisar / Kavakdere Mah.","https://www.hepsiemlak.com/_nuxt/8cafc93fb5c74c75e9e04e528e02ccdf.jpg","Coldwell Banker Kalem","WhatsApp","https://www.hepsiemlak.com/_nuxt/8cafc93fb5c74c75e9e04e528e02ccdf.jpg"
"https://www.hepsiemlak.com/izmir-bornova-mevlana-kiralik/daire/77374-577","1 / 18","34.000","10/09/2026","Bornova Ege Kampüs Yanı Eşyalı Kiralık 1+1 Daire","Kiralık Daire","1 + 1","62 m²","12 Yaşında","·","Kat","2. Kat","İzmir / Bornova / Mevlana Mah.","https://www.hepsiemlak.com/_nuxt/8cafc93fb5c74c75e9e04e528e02ccdf.jpg","","WhatsApp",""
"https://www.hepsiemlak.com/izmir-gaziemir-yesil-kiralik/daire/90115-1908","1 / 16","38.000","10/09/2026","Emlakbank Konutları Okullar Bölgesinde 2+1 Kiralık Daire","Kiralık Daire","2 + 1","90 m²","26 Yaşında","·","Kat","2. Kat","İzmir / Gaziemir / Yeşil Mah.","https://www.hepsiemlak.com/_nuxt/8cafc93fb5c74c75e9e04e528e02ccdf.jpg","Turyap Gaziemir Temsilciliği","WhatsApp","https://www.hepsiemlak.com/_nuxt/8cafc93fb5c74c75e9e04e528e02ccdf.jpg"
"https://www.hepsiemlak.com/izmir-cigli-sirintepe-kiralik/daire/110953-769","1 / 18","27.500","10/09/2026","Çiğli Şirintepe'de Kiralık 2+1, Açık Mutfak, Manzaralı Daire","Kiralık Daire","2 + 1","85 m²","5 Yaşında","·","Kat","Yarı Bodrum","İzmir / Çiğli / Şirintepe Mah.","https://www.hepsiemlak.com/_nuxt/8cafc93fb5c74c75e9e04e528e02ccdf.jpg","","WhatsApp",""
"https://www.hepsiemlak.com/izmir-karsiyaka-yali-kiralik/daire/31745-23390","1 / 28","78.000","10/09/2026","Mavişehir Soyak A Etap'ta Kiralık 3+1, 134 M² Köşe Ara Kat Daire","Kiralık Daire","3 + 1","134 m²","20 Yaşında","·","Kat","9. Kat","İzmir / Karşıyaka / Yalı Mah.","https://www.hepsiemlak.com/_nuxt/8cafc93fb5c74c75e9e04e528e02ccdf.jpg","Kw Alesta-viya-orsa 5","WhatsApp","https://www.hepsiemlak.com/_nuxt/8cafc93fb5c74c75e9e04e528e02ccdf.jpg"
"https://www.hepsiemlak.com/izmir-karabaglar-uckuyular-kiralik/daire/32694-806","1 / 16","33.000","10/09/2026","Üçkuyular İstinye Park Yakında 2+1 Doğal Gazlı Kiralık Daire","Kiralık Daire","2 + 1","85 m²","30 Yaşında","·","Kat","1. Kat","İzmir / Karabağlar / Üçkuyular Mah.","https://www.hepsiemlak.com/_nuxt/8cafc93fb5c74c75e9e04e528e02ccdf.jpg","","WhatsApp",""
"https://www.hepsiemlak.com/izmir-bornova-kazimdirik-kiralik/daire/63812-304","1 / 14","27.000","10/09/2026","Kazımdirik Mah Ege Üns Hastanesi Ve Yaşar Üns Yürüme  Mesafesinde Az Katlı Doğalgazlı Kirmesafesinde","Kiralık Daire","2 + 1","90 m²","35 Yaşında","·","Kat","En Üst Kat","İzmir / Bornova / Kazımdirik Mah.","https://www.hepsiemlak.com/_nuxt/8cafc93fb5c74c75e9e04e528e02ccdf.jpg","","WhatsApp",""
"https://www.hepsiemlak.com/izmir-seferihisar-hidirlik-kiralik/daire/48008-3361","1 / 13","26.000","10/09/2026","İzmir Seferihisar Hıdırlık Mahallesi’nde Yeni Binada Kiralık 1+1 Daire","Kiralık Daire","1 + 1","50 m²","3 Yaşında","·","Kat","Yüksek Giriş","İzmir / Seferihisar / Hıdırlık Mah.","https://www.hepsiemlak.com/_nuxt/8cafc93fb5c74c75e9e04e528e02ccdf.jpg","","WhatsApp",""
"https://www.hepsiemlak.com/izmir-karsiyaka-bostanli-kiralik/daire/128297-530","1 / 13","49.000","10/09/2026","Karşıyaka Bostanlı'da Yeni Binada Bakımlı Kiralık Daire","Kiralık Daire","2 + 1","80 m²","6 Yaşında","·","Kat","1. Kat","İzmir / Karşıyaka / Bostanlı Mah.","https://hecdnnw.hemlak.com/mncropresize/77/67/logo/7/9/2/8/2/1/a6dde296-0dfa-48ea-a542-fef78bd063a1.jpg","Coldwell Banker Locate","WhatsApp","https://hecdnnw.hemlak.com/mncropresize/77/67/firmuser/4/3/1/2/0/2/3/f4e55e43-2d26-4527-906c-621ac9040b62.jpg"
"https://www.hepsiemlak.com/izmir-seferihisar-camikebir-kiralik/daire/133723-1152","1 / 27","20.500","10/09/2026","Seferihisar Camikebir Mah. Okullar Bölgesinde 1+1 Kiralık Daire","Kiralık Daire","1 + 1","55 m²","2 Yaşında","·","Kat","4. Kat","İzmir / Seferihisar / Camikebir Mah.","https://hecdnnw.hemlak.com/mncropresize/77/67/logo/3/2/7/3/3/1/3b4e42b8-78e8-4ce9-9cfe-c019c36a0f8d.jpg","Equinox Gayrimenkul","WhatsApp",""
"https://www.hepsiemlak.com/izmir-karabaglar-bahcelievler-kiralik/daire/162854-272","1 / 28","30.000","10/09/2026","Opal Gayrimenkul - Bahçelievler 3+1 Doğalgazlı Kiralık Daire","Kiralık Daire","3 + 1","120 m²","26 Yaşında","·","Kat","4. Kat","İzmir / Karabağlar / Bahçelievler Mah.","https://hecdnnw.hemlak.com/mncropresize/77/67/logo/4/5/8/2/6/1/0a79e595-bbe6-4337-842a-c05ccc0e6521.jpg","Opal Gayrimenkul Karabaglar","WhatsApp",""
"https://www.hepsiemlak.com/izmir-karabaglar-bahcelievler-kiralik/daire/24845-1947","1 / 46","26.000","10/09/2026","Antre Emlak'tan Kiralık Bahçelievler'de Doğalgazlı 3+1 140 M2  Bakımlı Daire","Kiralık Daire","3 + 1","138 m²","37 Yaşında","·","Kat","3. Kat","İzmir / Karabağlar / Bahçelievler Mah.","https://hecdn01.hemlak.com/mncropresize/182/137/ds01/2/2/4/3/5/6/6/4/7d092f94-3f5d-45e7-8e3c-ae9fe227bff3.jpg","Antre Emlak","WhatsApp","https://hecdnnw.hemlak.com/mncropresize/77/67/logo/5/4/8/4/2/0/d4a1a04e-d60b-493f-aa22-ffd008f70fb5.jpg"
"https://www.hepsiemlak.com/izmir-bayrakli-cicek-kiralik/daire/135423-334","1 / 10","18.000","10/09/2026","Bayraklı 1+1 55 M2 Yeni İzban Sevgi Yoluna Yürüme Mesafesinde","Kiralık Daire","1 + 1","65 m²","5 Yaşında","·","Kat","Bahçe Katı","İzmir / Bayraklı / Çiçek Mah.","https://www.hepsiemlak.com/_nuxt/8cafc93fb5c74c75e9e04e528e02ccdf.jpg","","WhatsApp",""
"https://www.hepsiemlak.com/izmir-karsiyaka-aksoy-kiralik/daire/27072-2468","1 / 10","55.000","10/09/2026","Aksoyda Sahile Çok Yakın","Kiralık Daire","2 + 1","80 m²","4 Yaşında","·","Kat","3. Kat","İzmir / Karşıyaka / Aksoy Mah.","https://www.hepsiemlak.com/_nuxt/8cafc93fb5c74c75e9e04e528e02ccdf.jpg","İlker Emlak","WhatsApp","https://www.hepsiemlak.com/_nuxt/8cafc93fb5c74c75e9e04e528e02ccdf.jpg"
"https://www.hepsiemlak.com/izmir-buca-hurriyet-kiralik/daire/32694-801","1 / 15","25.000","10/09/2026","Şirinyer Kemal Sunal Park Yanında 2+1 Kiralık Daire","Kiralık Daire","2 + 1","75 m²","8 Yaşında","·","Kat","2. Kat","İzmir / Buca / Hürriyet Mah.","https://www.hepsiemlak.com/_nuxt/8cafc93fb5c74c75e9e04e528e02ccdf.jpg","","WhatsApp",""
"https://www.hepsiemlak.com/izmir-bergama-zafer-kiralik/daire/164844-61","1 / 27","22.000","10/09/2026","Çizgi Gayrimenkul'den Zafer Mah.De Geniş 3+1 Kiralık Daire","Kiralık Daire","3 + 1","135 m²","21 Yaşında","·","Kat","2. Kat","İzmir / Bergama / Zafer Mah.","https://www.hepsiemlak.com/_nuxt/8cafc93fb5c74c75e9e04e528e02ccdf.jpg","","WhatsApp",""
"https://www.hepsiemlak.com/izmir-buca-kozagac-kiralik/daire/143816-170","1 / 21","20.000","10/09/2026","Bucaparisa'dan Hasanağa Bahçesi Yanı D.Gazlı Arakat Yeni Bina1+1","Kiralık Daire","1 + 1","52 m²","5 Yaşında","·","Kat","2. Kat","İzmir / Buca / Kozağaç Mah.","https://www.hepsiemlak.com/_nuxt/8cafc93fb5c74c75e9e04e528e02ccdf.jpg","Parisa Yapı Gayrimenkul","WhatsApp","https://www.hepsiemlak.com/_nuxt/8cafc93fb5c74c75e9e04e528e02ccdf.jpg"
"https://www.hepsiemlak.com/izmir-karsiyaka-bostanli-kiralik/daire/62049-2154","1 / 35","50.000","10/09/2026","Bostanlı Suat Taşer Sokağı 3+1 Eşyalı-Eşyasız Kiralık Daire","Kiralık Daire","3 + 1","120 m²","31 Yaşında","·","Kat","3. Kat","İzmir / Karşıyaka / Bostanlı Mah.","https://www.hepsiemlak.com/_nuxt/8cafc93fb5c74c75e9e04e528e02ccdf.jpg","","WhatsApp",""
"https://www.hepsiemlak.com/izmir-bornova-erzene-kiralik/daire/78224-2532","1 / 41","36.000","10/09/2026","Suphikoyuncu Anadolu Lisesi Yakını 3+1 Metrekare İyi Tadilatlı","Kiralık Daire","3 + 1","110 m²","26 Yaşında","·","Kat","Zemin","İzmir / Bornova / Erzene Mah.","https://www.hepsiemlak.com/_nuxt/8cafc93fb5c74c75e9e04e528e02ccdf.jpg","Startkey Evka3 Gayrimenkul","WhatsApp","https://www.hepsiemlak.com/_nuxt/8cafc93fb5c74c75e9e04e528e02ccdf.jpg"
"https://www.hepsiemlak.com/izmir-konak-kilic-reis-kiralik/daire/136408-663","1 / 35","35.000","10/09/2026","Kumsalım Emlak Dan Üçyol Metro Yakını Bakımlı Eşyalı Daire","Kiralık Daire","3 + 1","130 m²","31 Yaşında","·","Kat","2. Kat","İzmir / Konak / Kılıç Reis Mah.","https://www.hepsiemlak.com/_nuxt/8cafc93fb5c74c75e9e04e528e02ccdf.jpg","","WhatsApp",""
"https://www.hepsiemlak.com/izmir-cigli-atasehir-kiralik/daire/43406-688","1 / 31","37.000","10/09/2026","Ataşehir İzban Ve Rahmi Karadavut Yakını Doğalgazlı Ara Kat Kiralık 3+1 Daire","Kiralık Daire","3 + 1","125 m²","28 Yaşında","·","Kat","3. Kat","İzmir / Çiğli / Ataşehir Mah.","https://www.hepsiemlak.com/_nuxt/8cafc93fb5c74c75e9e04e528e02ccdf.jpg","Eray Eroğlu","WhatsApp",""
"https://www.hepsiemlak.com/izmir-cesme-ovacik-kiralik/daire/167990-12","1 / 26","30.000","10/09/2026","Yıllık Kiralık Ay Ödemeli 1+1 50m2 Full Eşyalı Klimalı Manzaralı","Kiralık Daire","1 + 1","50 m²","1 Yaşında","·","Kat","2. Kat","İzmir / Çeşme / Ovacık Mah.","https://www.hepsiemlak.com/_nuxt/8cafc93fb5c74c75e9e04e528e02ccdf.jpg","","WhatsApp",""
"https://www.hepsiemlak.com/izmir-konak-cankaya-kiralik/daire/4981-8587","1 / 54","32.000","10/09/2026","İzmir Hatay Semtinde Möbleli Kiralık Daire","Kiralık Daire","3 + 1","115 m²","40 Yaşında","·","Kat","2. Kat","İzmir / Konak / Çankaya Mah.","https://www.hepsiemlak.com/_nuxt/8cafc93fb5c74c75e9e04e528e02ccdf.jpg","Turyap Alsancak Temsilciliği","WhatsApp","https://www.hepsiemlak.com/_nuxt/8cafc93fb5c74c75e9e04e528e02ccdf.jpg"
"https://www.hepsiemlak.com/izmir-karsiyaka-bahcelievler-kiralik/daire/91927-639","1 / 39","25.000","10/09/2026","Karşıyaka Bahçelievler D.Ğazlı Kiralık Daire","Kiralık Daire","2 + 1","100 m²","31 Yaşında","·","Kat","5. Kat","İzmir / Karşıyaka / Bahçelievler Mah.","https://www.hepsiemlak.com/_nuxt/8cafc93fb5c74c75e9e04e528e02ccdf.jpg","","WhatsApp",""
"https://www.hepsiemlak.com/izmir-buca-vali-rahmi-bey-kiralik/daire/58479-355","1 / 30","30.000","10/09/2026","Seyfi Demirsoy Hast. Yakını Valirahmibey Mah. Full Eşyalı Daire","Kiralık Daire","2 + 1","100 m²","31 Yaşında","·","Kat","4. Kat","İzmir / Buca / Vali Rahmi Bey Mah.","https://www.hepsiemlak.com/_nuxt/8cafc93fb5c74c75e9e04e528e02ccdf.jpg","Kalyoncu Gayrimenkul","WhatsApp","https://www.hepsiemlak.com/_nuxt/8cafc93fb5c74c75e9e04e528e02ccdf.jpg"
"https://www.hepsiemlak.com/izmir-karsiyaka-bahcelievler-kiralik/daire/81410-104","1 / 36","35.000","10/09/2026","Bahçelievler Yeni Bina Kiralık Daire","Kiralık Daire","2 + 1","62 m²","5 Yaşında","·","Kat","2. Kat","İzmir / Karşıyaka / Bahçelievler Mah.","https://www.hepsiemlak.com/_nuxt/8cafc93fb5c74c75e9e04e528e02ccdf.jpg","","WhatsApp",""
"https://www.hepsiemlak.com/izmir-karsiyaka-dedebasi-kiralik/daire/16657-2992","1 / 29","40.000","10/09/2026","İzmir Karşıyaka Dedebaşı Mah.Sinde Kiralık 2+1 Ful Bakmlı Dairefavorilerime Ekleyazdırfacebook İle P","Kiralık Daire","2 + 1","90 m²","2 Yaşında","·","Kat","Yüksek Giriş","İzmir / Karşıyaka / Dedebaşı Mah.","https://www.hepsiemlak.com/_nuxt/8cafc93fb5c74c75e9e04e528e02ccdf.jpg","","WhatsApp",""
"https://www.hepsiemlak.com/izmir-seferihisar-kavakdere-kiralik/villa/133723-1146","1 / 35","37.000","10/09/2026","Seferihisar 2.700m2 Arazi İçinde Eşyalı Kiralık Müstakil Villa","Kiralık Villa","3 + 1","150 m²","5 Yaşında","·","Kat","","İzmir / Seferihisar / Kavakdere Mah.","https://www.hepsiemlak.com/_nuxt/8cafc93fb5c74c75e9e04e528e02ccdf.jpg","Equinox Gayrimenkul","WhatsApp","https://www.hepsiemlak.com/_nuxt/8cafc93fb5c74c75e9e04e528e02ccdf.jpg"
"https://www.hepsiemlak.com/izmir-karabaglar-bahar-kiralik/daire/24845-1893","1 / 51","40.000","10/09/2026","Antre Emlak'tan Kiralık Bozyaka Hastane Yanı 3+1, Doğalgazlı Sıfır Daire","Kiralık Daire","3 + 1","115 m²","Sıfır Bina","·","Kat","2. Kat","İzmir / Karabağlar / Bahar Mah.","https://www.hepsiemlak.com/_nuxt/8cafc93fb5c74c75e9e04e528e02ccdf.jpg","Antre Emlak","WhatsApp","https://www.hepsiemlak.com/_nuxt/8cafc93fb5c74c75e9e04e528e02ccdf.jpg"
"https://www.hepsiemlak.com/izmir-karsiyaka-bahariye-kiralik/daire/31745-23339","1 / 23","28.000","10/09/2026","İzmir Karşıyaka Bahariyede Doğalgazlı 2+1 Kiralık Daire","Kiralık Daire","2 + 1","75 m²","33 Yaşında","·","Kat","3. Kat","İzmir / Karşıyaka / Bahariye Mah.","https://www.hepsiemlak.com/_nuxt/8cafc93fb5c74c75e9e04e528e02ccdf.jpg","Kw Alesta-viya-orsa 5","WhatsApp","https://www.hepsiemlak.com/_nuxt/8cafc93fb5c74c75e9e04e528e02ccdf.jpg"
"https://www.hepsiemlak.com/izmir-balcova-onur-kiralik/daire/27103-4836","1 / 31","35.000","10/09/2026","Onur Mah Kiralık Ara Kat Daire","Kiralık Daire","3 + 1","125 m²","26 Yaşında","·","Kat","3. Kat","İzmir / Balçova / Onur Mah.","https://www.hepsiemlak.com/_nuxt/8cafc93fb5c74c75e9e04e528e02ccdf.jpg","","WhatsApp",""
"https://www.hepsiemlak.com/izmir-bornova-kazimdirik-kiralik/daire/119979-2615","1 / 30","29.000","10/09/2026","Ege Üniversitesi Hast. Karşısı Geniş Ve Ferah Kiralık 3+1 Daire","Kiralık Daire","3 + 1","110 m²","31 Yaşında","·","Kat","1. Kat","İzmir / Bornova / Kazımdirik Mah.","https://www.hepsiemlak.com/_nuxt/8cafc93fb5c74c75e9e04e528e02ccdf.jpg","Startkey Puzzle","WhatsApp","https://www.hepsiemlak.com/_nuxt/8cafc93fb5c74c75e9e04e528e02ccdf.jpg"
"https://www.hepsiemlak.com/izmir-karsiyaka-aksoy-kiralik/daire/5823-2727","1 / 27","33.000","10/09/2026","Aksoyda Sahile Ve İskeleye Yakın Ara Kat Asansörlü Ve Doğalgazlı Kiralık","Kiralık Daire","2 + 1","85 m²","31 Yaşında","·","Kat","5. Kat","İzmir / Karşıyaka / Aksoy Mah.","","","WhatsApp",""
"https://www.hepsiemlak.com/izmir-karabaglar-esenyali-kiralik/daire/34836-1046","1 / 22","30.000","10/09/2026","Esenyalı Mah. Asmaçatı Gayrimenkul'den Eşyalı Kiralık Daire","Kiralık Daire","3 + 1","82 m²","42 Yaşında","·","Kat","2. Kat","İzmir / Karabağlar / Esenyalı Mah.","","","WhatsApp",""
"https://www.hepsiemlak.com/izmir-buca-kozagac-kiralik/daire/63598-453","1 / 35","25.000","10/09/2026","Arga'dan Buca Kozağaç Meydan Yakını D.Gazlı 2+1 Kiralık Daire.","Kiralık Daire","2 + 1","85 m²","6 Yaşında","·","Kat","2. Kat","İzmir / Buca / Kozağaç Mah.","https://hecdnnw.hemlak.com/mncropresize/77/67/logo/8/9/5/3/6/0/43884c91-0788-40db-8f79-74968f7075ef.jpg","Arga Emlak","WhatsApp",""
"https://www.hepsiemlak.com/izmir-karsiyaka-semikler-kiralik/daire/77059-1965","1 / 43","37.000","10/09/2026","İzmir Karşıyaka Şemikler ' De Kiralık 3+1 D.Gazlı Daire","Kiralık Daire","3 + 1","157 m²","29 Yaşında","·","Kat","5. Kat","İzmir / Karşıyaka / Şemikler Mah.","https://hecdn01.hemlak.com/mncropresize/182/137/ds01/2/4/1/6/5/0/7/4/f5abcc11-5910-469d-86b9-be477be0559a.jpg","Aras Emlak","WhatsApp","https://hecdnnw.hemlak.com/mncropresize/77/67/logo/9/5/0/7/7/0/0661c65f-3aa5-4524-b42d-e9f49b725eee.jpg"
"https://www.hepsiemlak.com/izmir-dikili-cumhuriyet-kiralik/mustakil-ev/121728-477","1 / 35","45.000","10/09/2026","Bankacılar Sitesinde Ful Tadialatlı Eşyalı Kiralık Villa","Kiralık Müstakil Ev","2 + 1","95 m²","26 Yaşında","","","","İzmir / Dikili / Cumhuriyet Mah.","https://www.hepsiemlak.com/_nuxt/8cafc93fb5c74c75e9e04e528e02ccdf.jpg","","WhatsApp",""
"https://www.hepsiemlak.com/izmir-cigli-atasehir-kiralik/daire/2098-1913","1 / 54","30.000","10/09/2026","Diva Emlak İzmir Çiğli Metro Market Karşısı 30000bintl Kiralık Daire Doğalgazlı","Kiralık Daire","2 + 1","90 m²","4 Yaşında","·","Kat","2. Kat","İzmir / Çiğli / Ataşehir Mah.","https://www.hepsiemlak.com/_nuxt/8cafc93fb5c74c75e9e04e528e02ccdf.jpg","","WhatsApp",""
"https://www.hepsiemlak.com/izmir-karsiyaka-bahariye-kiralik/daire/81410-50","1 / 30","32.000","10/09/2026","İzban Yakını Ara Kat Eşyalı Otopark'lı 2+1kiralık Daire","Kiralık Daire","2 + 1","90 m²","35 Yaşında","·","Kat","Ara Kat","İzmir / Karşıyaka / Bahariye Mah.","https://www.hepsiemlak.com/_nuxt/8cafc93fb5c74c75e9e04e528e02ccdf.jpg","","WhatsApp",""
"https://www.hepsiemlak.com/izmir-karabaglar-uckuyular-kiralik/daire/27947-7551","1 / 33","35.000","10/09/2026","Üçkuyular Meydana Yakın 3+1 Kiralık Daire.","Kiralık Daire","3 + 1","130 m²","30 Yaşında","·","Kat","En Üst Kat","İzmir / Karabağlar / Üçkuyular Mah.","https://www.hepsiemlak.com/_nuxt/8cafc93fb5c74c75e9e04e528e02ccdf.jpg","Arena Gayrimenkul","WhatsApp","https://www.hepsiemlak.com/_nuxt/8cafc93fb5c74c75e9e04e528e02ccdf.jpg"
"https://www.hepsiemlak.com/izmir-karabaglar-esenyali-kiralik/daire/78006-892","1 / 31","30.000","10/09/2026","Esenyalıda Çift Cephe Doğalgazlı Otoparklı Kiralık Daire.","Kiralık Daire","3 + 1","110 m²","40 Yaşında","·","Kat","4. Kat","İzmir / Karabağlar / Esenyalı Mah.","https://www.hepsiemlak.com/_nuxt/8cafc93fb5c74c75e9e04e528e02ccdf.jpg","","WhatsApp",""
"https://www.hepsiemlak.com/izmir-konak-kultur-kiralik/daire/120889-268","1 / 18","72.000","10/09/2026","Bluestate'ten Alsancak'ın Kalbinde Kiralık Eşyalı 3+1 Daire","Kiralık Daire","3 + 1","140 m²","31 Yaşında","·","Kat","6. Kat","İzmir / Konak / Kültür Mah.","https://www.hepsiemlak.com/_nuxt/8cafc93fb5c74c75e9e04e528e02ccdf.jpg","","WhatsApp",""
"https://www.hepsiemlak.com/izmir-buca-ataturk-kiralik/daire/24845-1476","1 / 30","23.000","10/09/2026","Antre Emlak'tan Eşyalı Kiralık Buca Atatürk Mahallesinde Klimalı 1+1 Daire","Kiralık Daire","1 + 1","50 m²","6 Yaşında","·","Kat","2. Kat","İzmir / Buca / Atatürk Mah.","https://www.hepsiemlak.com/_nuxt/8cafc93fb5c74c75e9e04e528e02ccdf.jpg","Antre Emlak","WhatsApp","https://www.hepsiemlak.com/_nuxt/8cafc93fb5c74c75e9e04e528e02ccdf.jpg"
"https://www.hepsiemlak.com/izmir-cigli-atasehir-kiralik/daire/31745-23108","1 / 18","35.000","10/09/2026","Ataşehir, Cbc Aura Ataşehir Sitesinde Kiralık 1+1 Daire","Kiralık Daire","1 + 1","63 m²","Sıfır Bina","·","Kat","3. Kat","İzmir / Çiğli / Ataşehir Mah.","https://www.hepsiemlak.com/_nuxt/8cafc93fb5c74c75e9e04e528e02ccdf.jpg","Kw Alesta-viya-orsa 5","WhatsApp","https://www.hepsiemlak.com/_nuxt/8cafc93fb5c74c75e9e04e528e02ccdf.jpg"
"https://www.hepsiemlak.com/izmir-karsiyaka-bostanli-kiralik/daire/27072-2469","1 / 25","35.000","10/09/2026","Bostanlı Merkezde Sahile Çok Yakın","Kiralık Daire","3 + 1","120 m²","31 Yaşında","·","Kat","4. Kat","İzmir / Karşıyaka / Bostanlı Mah.","https://www.hepsiemlak.com/_nuxt/8cafc93fb5c74c75e9e04e528e02ccdf.jpg","İlker Emlak","WhatsApp","https://www.hepsiemlak.com/_nuxt/8cafc93fb5c74c75e9e04e528e02ccdf.jpg"
"https://www.hepsiemlak.com/izmir-bornova-kazimdirik-kiralik/daire/14238-161","1 / 10","35.000","10/09/2026","Bornova 185 Sok Şok Market Üstü  Kiralık Daire","Kiralık Daire","2 + 1","90 m²","8 Yaşında","·","Kat","1. Kat","İzmir / Bornova / Kazımdirik Mah.","https://www.hepsiemlak.com/_nuxt/8cafc93fb5c74c75e9e04e528e02ccdf.jpg","","WhatsApp",""
"https://www.hepsiemlak.com/izmir-karsiyaka-semikler-kiralik/daire/110953-797","1 / 20","37.000","10/09/2026","Karşıyaka Şemikler İzban Yakını Kapalı Mutfak Kiralık 2+1 Daire","Kiralık Daire","2 + 1","95 m²","6 Yaşında","·","Kat","1. Kat","İzmir / Karşıyaka / Şemikler Mah.","https://www.hepsiemlak.com/_nuxt/8cafc93fb5c74c75e9e04e528e02ccdf.jpg","","WhatsApp",""
"https://www.hepsiemlak.com/izmir-menemen-kasimpasa-kiralik/daire/45402-88","1 / 20","20.000","10/09/2026","Kasımpaşada Aydınlık, Balkonlu Masrafsız 2+1 Kiralık Daire","Kiralık Daire","2 + 1","90 m²","21 Yaşında","·","Kat","4. Kat","İzmir / Menemen / Kasımpaşa Mah.","https://www.hepsiemlak.com/_nuxt/8cafc93fb5c74c75e9e04e528e02ccdf.jpg","Onur Emlak Menemen","WhatsApp",""
"https://www.hepsiemlak.com/izmir-bergama-okcular-kiralik/daire/170461-94","1 / 18","20.000","10/09/2026","Bergama Okçular Mah. Doğa İçinde 3+1 Kiralık Müstakil Ev","Kiralık Daire","3 + 1","180 m²","6 Yaşında","·","Kat","2. Kat","İzmir / Bergama / Okçular Mah.","https://www.hepsiemlak.com/_nuxt/8cafc93fb5c74c75e9e04e528e02ccdf.jpg","","WhatsApp",""
"https://www.hepsiemlak.com/izmir-buca-yaylacik-kiralik/daire/145175-226","1 / 31","26.000","10/09/2026","Yaylacık Mah 2+1 Doğalgazlı Klimalı Full Eşyalı Daire","Kiralık Daire","2 + 1","70 m²","4 Yaşında","·","Kat","1. Kat","İzmir / Buca / Yaylacık Mah.","https://www.hepsiemlak.com/_nuxt/8cafc93fb5c74c75e9e04e528e02ccdf.jpg","Nirvana Gayrimenkul","WhatsApp","https://www.hepsiemlak.com/_nuxt/8cafc93fb5c74c75e9e04e528e02ccdf.jpg"
"https://www.hepsiemlak.com/izmir-karabaglar-vatan-kiralik/daire/162854-285","1 / 24","34.000","10/09/2026","Yeşilyurt Hasan Tahsin Okulu Yakını 3+1 Kiralık Yeni Daire","Kiralık Daire","3 + 1","110 m²","5 Yaşında","·","Kat","Yüksek Giriş","İzmir / Karabağlar / Vatan Mah.","https://www.hepsiemlak.com/_nuxt/8cafc93fb5c74c75e9e04e528e02ccdf.jpg","Opal Gayrimenkul Karabaglar","WhatsApp","https://www.hepsiemlak.com/_nuxt/8cafc93fb5c74c75e9e04e528e02ccdf.jpg"
"https://www.hepsiemlak.com/izmir-seferihisar-sigacik-kiralik/daire/133723-1191","1 / 19","50.000","10/09/2026","Seferihisar Sığacık Merkezde Bahçe Kullanımlı Eşyalı Daire","Kiralık Daire","3 + 1","120 m²","6 Yaşında","·","Kat","Bahçe Katı","İzmir / Seferihisar / Sığacık Mah.","https://www.hepsiemlak.com/_nuxt/8cafc93fb5c74c75e9e04e528e02ccdf.jpg","Equinox Gayrimenkul","WhatsApp","https://www.hepsiemlak.com/_nuxt/8cafc93fb5c74c75e9e04e528e02ccdf.jpg"
"https://www.hepsiemlak.com/izmir-karabaglar-bozyaka-kiralik/daire/162854-282","1 / 25","30.000","10/09/2026","Opal Gayrimenkul - Bozyaka Ptt Çevresi 3+1 Kiralık Daire","Kiralık Daire","3 + 1","120 m²","21 Yaşında","·","Kat","2. Kat","İzmir / Karabağlar / Bozyaka Mah.","https://www.hepsiemlak.com/_nuxt/8cafc93fb5c74c75e9e04e528e02ccdf.jpg","Opal Gayrimenkul Karabaglar","WhatsApp","https://www.hepsiemlak.com/_nuxt/8cafc93fb5c74c75e9e04e528e02ccdf.jpg"
"https://www.hepsiemlak.com/izmir-urla-icmeler-kiralik/mustakil-ev/140060-1868","1 / 8","40.000","10/09/2026","Urla Da Havuzlu 2+1 Bahçeli Lüx Konsept Yazlık","Kiralık Müstakil Ev","2 + 1","300 m²","3 Yaşında","","","","İzmir / Urla / İçmeler Mah.","https://www.hepsiemlak.com/_nuxt/8cafc93fb5c74c75e9e04e528e02ccdf.jpg","Akalın İnşaat Gayrimenkul","WhatsApp","https://www.hepsiemlak.com/_nuxt/8cafc93fb5c74c75e9e04e528e02ccdf.jpg"
"https://www.hepsiemlak.com/izmir-bayrakli-tepekule-kiralik/daire/39049-1066","1 / 18","20.000","10/09/2026","Bayraklı Tepekule Mahallesinde 2+1 90 M2 Kiralık Daire","Kiralık Daire","2 + 1","95 m²","25 Yaşında","·","Kat","Zemin","İzmir / Bayraklı / Tepekule Mah.","https://www.hepsiemlak.com/_nuxt/8cafc93fb5c74c75e9e04e528e02ccdf.jpg","","WhatsApp",""
"https://www.hepsiemlak.com/izmir-karsiyaka-bahcelievler-kiralik/daire/31745-23253","1 / 28","27.000","10/09/2026","Bahçelievler Mah, Karşıyaka Lisesi Yakını Kiralık Daire","Kiralık Daire","3 + 1","86 m²","39 Yaşında","·","Kat","5. Kat","İzmir / Karşıyaka / Bahçelievler Mah.","https://www.hepsiemlak.com/_nuxt/8cafc93fb5c74c75e9e04e528e02ccdf.jpg","Kw Alesta-viya-orsa 5","WhatsApp","https://www.hepsiemlak.com/_nuxt/8cafc93fb5c74c75e9e04e528e02ccdf.jpg"
"https://www.hepsiemlak.com/izmir-konak-mithatpasa-kiralik/daire/162854-280","1 / 27","29.000","10/09/2026","Mithatpaşa Sahili Yakını 3+1 Eşyalı Doğalgazlı Kiralık Daire","Kiralık Daire","3 + 1","120 m²","31 Yaşında","·","Kat","Giriş Katı","İzmir / Konak / Mithatpaşa Mah.","https://hecdnnw.hemlak.com/mncropresize/77/67/logo/4/5/8/2/6/1/0a79e595-bbe6-4337-842a-c05ccc0e6521.jpg","Opal Gayrimenkul Karabaglar","WhatsApp",""
"https://www.hepsiemlak.com/izmir-balcova-koruturk-kiralik/daire/24845-1779","1 / 52","30.000","10/09/2026","Antre Emlak'tan Kiralık Balçova'da Korutürk Mahallesinde Jeotermalli 2+1 Köşe Daire","Kiralık Daire","2 + 1","95 m²","30 Yaşında","·","Kat","4. Kat","İzmir / Balçova / Korutürk Mah.","https://hecdnnw.hemlak.com/mncropresize/77/67/logo/5/4/8/4/2/0/d4a1a04e-d60b-493f-aa22-ffd008f70fb5.jpg","Antre Emlak","WhatsApp","https://hecdnnw.hemlak.com/mncropresize/77/67/firmuser/5/4/8/4/2/0/d4ae12fb-8cac-4937-a078-aeafbf8402d5.jpg"
"https://www.hepsiemlak.com/izmir-konak-alsancak-kiralik/daire/13190-5644","1 / 13","28.000","10/09/2026","Alsancak Kıbrısşehitleri Yakını Köşe Ferah Daire","Kiralık Daire","2 + 1","65 m²","37 Yaşında","·","Kat","2. Kat","İzmir / Konak / Alsancak Mah.","","","WhatsApp",""
"https://www.hepsiemlak.com/izmir-cigli-balatcik-kiralik/daire/66940-2216","1 / 12","23.250","10/09/2026","Balatçık Tranvay Yolu Üzeri Doğalgazlı 1+1 Daire","Kiralık Daire","1 + 1","45 m²","2 Yaşında","·","Kat","2. Kat","İzmir / Çiğli / Balatçık Mah.","https://hecdn01.hemlak.com/mncropresize/182/137/ds01/5/7/1/7/7/2/7/4/60ceef4d-38a5-4f8d-8994-f0e10f01fe93.jpg","","WhatsApp",""
"https://www.hepsiemlak.com/izmir-menemen-yahselli-kiralik/villa/152534-74","1 / 3","80.000","10/09/2026","Doğayla İçiçe Çamlıkoru Villaları'nda Tam Müstakil Kiralık Villa","Kiralık Villa","5 + 1","280 m²","11 Yaşında","·","Kat","","İzmir / Menemen / Yahşelli Mah.","https://www.hepsiemlak.com/_nuxt/8cafc93fb5c74c75e9e04e528e02ccdf.jpg","","WhatsApp",""
"https://www.hepsiemlak.com/izmir-bornova-inonu-kiralik/daire/78224-2530","1 / 15","25.000","10/09/2026","İnönü Mahallesi'nde 2+1 Eşyalı Kiralık Daire","Kiralık Daire","2 + 1","100 m²","21 Yaşında","·","Kat","1. Kat","İzmir / Bornova / İnönü Mah.","https://www.hepsiemlak.com/_nuxt/8cafc93fb5c74c75e9e04e528e02ccdf.jpg","Startkey Evka3 Gayrimenkul","WhatsApp","https://www.hepsiemlak.com/_nuxt/8cafc93fb5c74c75e9e04e528e02ccdf.jpg"
"https://www.hepsiemlak.com/izmir-karabaglar-bozyaka-kiralik/daire/162854-263","1 / 21","25.000","10/09/2026","Köstence Köprüsü Yakını 2+1 Doğalgazlı Kiralık Daire","Kiralık Daire","2 + 1","90 m²","5 Yaşında","·","Kat","2. Kat","İzmir / Karabağlar / Bozyaka Mah.","https://www.hepsiemlak.com/_nuxt/8cafc93fb5c74c75e9e04e528e02ccdf.jpg","Opal Gayrimenkul Karabaglar","WhatsApp","https://www.hepsiemlak.com/_nuxt/8cafc93fb5c74c75e9e04e528e02ccdf.jpg"
"https://www.hepsiemlak.com/izmir-karabaglar-bahcelievler-kiralik/daire/24845-1503","1 / 35","25.000","10/09/2026","Antre Emlak'tan Kiralık Bahçelievler'de Hastane Yanı Doğalgazlı 3 Odalı Bakımlı Daire","Kiralık Daire","3 + 0","90 m²","25 Yaşında","·","Kat","Giriş Katı","İzmir / Karabağlar / Bahçelievler Mah.","https://www.hepsiemlak.com/_nuxt/8cafc93fb5c74c75e9e04e528e02ccdf.jpg","Antre Emlak","WhatsApp","https://www.hepsiemlak.com/_nuxt/8cafc93fb5c74c75e9e04e528e02ccdf.jpg"
"https://www.hepsiemlak.com/izmir-torbali-torbali-kiralik/daire/156492-301","1 / 21","25.000","10/09/2026","Torbalı Da Yeniay Gayrimenkul Den Kiralık Temiz Uygun Daire","Kiralık Daire","3 + 1","150 m²","15 Yaşında","·","Kat","2. Kat","İzmir / Torbalı / Torbalı Mah.","https://www.hepsiemlak.com/_nuxt/8cafc93fb5c74c75e9e04e528e02ccdf.jpg","Yeniay Gayrimenkul","WhatsApp","https://www.hepsiemlak.com/_nuxt/8cafc93fb5c74c75e9e04e528e02ccdf.jpg"
"https://www.hepsiemlak.com/izmir-buca-adatepe-kiralik/daire/139799-1261","1 / 15","24.000","10/09/2026","Buca Adatepe Mh. 2+1 Full Eşyalı Kiralık Daire","Kiralık Daire","2 + 1","70 m²","12 Yaşında","·","Kat","1. Kat","İzmir / Buca / Adatepe Mah.","https://www.hepsiemlak.com/_nuxt/8cafc93fb5c74c75e9e04e528e02ccdf.jpg","","WhatsApp",""
"https://www.hepsiemlak.com/izmir-konak-kultur-kiralik/daire/110710-156","1 / 20","70.000","10/09/2026","Fora'dan Alsancak'ın Göz Bebeği Konumunda Tabela Hakimiyetli","Kiralık Daire","3 + 1","185 m²","31 Yaşında","·","Kat","4. Kat","İzmir / Konak / Kültür Mah.","https://www.hepsiemlak.com/_nuxt/8cafc93fb5c74c75e9e04e528e02ccdf.jpg","Fora Gayrimenkul","WhatsApp","https://www.hepsiemlak.com/_nuxt/8cafc93fb5c74c75e9e04e528e02ccdf.jpg"
"https://www.hepsiemlak.com/izmir-karsiyaka-donanmaci-kiralik/daire/31745-23374","1 / 21","25.000","10/09/2026","1735 Sokak’ta Ulaşıma Yakın 2+1 Giriş Üstü 1. Kat Kiralık Daire","Kiralık Daire","2 + 1","95 m²","32 Yaşında","·","Kat","1. Kat","İzmir / Karşıyaka / Donanmacı Mah.","https://www.hepsiemlak.com/_nuxt/8cafc93fb5c74c75e9e04e528e02ccdf.jpg","Kw Alesta-viya-orsa 5","WhatsApp","https://www.hepsiemlak.com/_nuxt/8cafc93fb5c74c75e9e04e528e02ccdf.jpg"
"https://www.hepsiemlak.com/izmir-selcuk-cumhuriyet-kiralik/daire/167546-69","1 / 12","25.000","10/09/2026","Cumhuriyet Kiralık Daire","Kiralık Daire","2 + 1","130 m²","30 Yaşında","·","Kat","Yüksek Giriş","İzmir / Selçuk / Cumhuriyet Mah.","https://www.hepsiemlak.com/_nuxt/8cafc93fb5c74c75e9e04e528e02ccdf.jpg","Nc Selçuk Emlak","WhatsApp","https://www.hepsiemlak.com/_nuxt/8cafc93fb5c74c75e9e04e528e02ccdf.jpg"
"https://www.hepsiemlak.com/izmir-karabaglar-ali-fuat-erden-kiralik/daire/145511-89","1 / 11","30.000","10/09/2026","Bozyaka Ege Yaşam Hastanesi Yakını 2+1 Doğalgazlı Asansörlü Kiralık Daire","Kiralık Daire","2 + 1","125 m²","4 Yaşında","·","Kat","3. Kat","İzmir / Karabağlar / Ali Fuat Erden Mah.","https://www.hepsiemlak.com/_nuxt/8cafc93fb5c74c75e9e04e528e02ccdf.jpg","Gürkan Gayrimenkul","WhatsApp",""
"https://www.hepsiemlak.com/izmir-buca-ataturk-kiralik/daire/145175-260","1 / 35","18.000","10/09/2026","Atatürk Mah Doğalgazlı 2+1 Kiralık Daire","Kiralık Daire","2 + 1","95 m²","21 Yaşında","·","Kat","2. Kat","İzmir / Buca / Atatürk Mah.","https://www.hepsiemlak.com/_nuxt/8cafc93fb5c74c75e9e04e528e02ccdf.jpg","Nirvana Gayrimenkul","WhatsApp","https://www.hepsiemlak.com/_nuxt/8cafc93fb5c74c75e9e04e528e02ccdf.jpg"
"https://www.hepsiemlak.com/izmir-torbali-ataturk-kiralik/daire/156492-299","1 / 24","22.500","10/09/2026","Torbalı Da Yeniay Gayrimenkul Den Kiralık Lüks Daire","Kiralık Daire","2 + 1","110 m²","2 Yaşında","·","Kat","2. Kat","İzmir / Torbalı / Atatürk Mah.","https://www.hepsiemlak.com/_nuxt/8cafc93fb5c74c75e9e04e528e02ccdf.jpg","Yeniay Gayrimenkul","WhatsApp","https://www.hepsiemlak.com/_nuxt/8cafc93fb5c74c75e9e04e528e02ccdf.jpg"
"https://www.hepsiemlak.com/izmir-buca-kurucesme-kiralik/daire/139799-1268","1 / 14","18.500","10/09/2026","Buca Tınaztepe Hastanesi Cafeler Yakını Eşyalı 1+1 Kiralık Daire","Kiralık Daire","1 + 1","60 m²","5 Yaşında","·","Kat","Bahçe Katı","İzmir / Buca / Kuruçeşme Mah.","https://www.hepsiemlak.com/_nuxt/8cafc93fb5c74c75e9e04e528e02ccdf.jpg","","WhatsApp",""
"https://www.hepsiemlak.com/izmir-seferihisar-camikebir-kiralik/daire/133723-1193","1 / 15","35.000","10/09/2026","Seferihisar Pazaryeri Kapalı Mutfak 3+1 Kiralık Daire","Kiralık Daire","3 + 1","130 m²","16 Yaşında","·","Kat","2. Kat","İzmir / Seferihisar / Camikebir Mah.","https://www.hepsiemlak.com/_nuxt/8cafc93fb5c74c75e9e04e528e02ccdf.jpg","Equinox Gayrimenkul","WhatsApp","https://www.hepsiemlak.com/_nuxt/8cafc93fb5c74c75e9e04e528e02ccdf.jpg"
"https://www.hepsiemlak.com/izmir-buca-kurucesme-kiralik/daire/145175-259","1 / 35","21.000","10/09/2026","Kuruçeşme Mh Site İçi Arakat Klimalı Eşyalı Balkonlu 1+1 Daire","Kiralık Daire","1 + 1","70 m²","6 Yaşında","·","Kat","2. Kat","İzmir / Buca / Kuruçeşme Mah.","https://www.hepsiemlak.com/_nuxt/8cafc93fb5c74c75e9e04e528e02ccdf.jpg","Nirvana Gayrimenkul","WhatsApp","https://www.hepsiemlak.com/_nuxt/8cafc93fb5c74c75e9e04e528e02ccdf.jpg"
"https://www.hepsiemlak.com/izmir-seferihisar-orhanli-kiralik/koy-evi/120390-127","1 / 14","20.000","10/09/2026","Seferihisar Orhanlı Köyünde Bahçeli Kiralık","Kiralık Köy Evi","2 + 1","110 m²","3 Yaşında","·","Kat","","İzmir / Seferihisar / Orhanlı Mah.","https://www.hepsiemlak.com/_nuxt/8cafc93fb5c74c75e9e04e528e02ccdf.jpg","","WhatsApp",""
"https://www.hepsiemlak.com/izmir-bornova-kazimdirik-kiralik/daire/41545-2441","1 / 9","35.000","10/09/2026","Mustafa Kemal Cad Üzerin De 2+1 Kiralık","Kiralık Daire","2 + 1","95 m²","35 Yaşında","·","Kat","En Üst Kat","İzmir / Bornova / Kazımdirik Mah.","https://www.hepsiemlak.com/_nuxt/8cafc93fb5c74c75e9e04e528e02ccdf.jpg","","WhatsApp",""
"https://www.hepsiemlak.com/izmir-buca-inonu-kiralik/daire/155417-342","1 / 4","28.000","10/09/2026","Buca-Gediz'de Kiralık Daire","Kiralık Daire","2 + 1","100 m²","4 Yaşında","·","Kat","1. Kat","İzmir / Buca / İnönü Mah.","https://www.hepsiemlak.com/_nuxt/8cafc93fb5c74c75e9e04e528e02ccdf.jpg","Good İnvest Akın Gayrimenkul","WhatsApp","https://www.hepsiemlak.com/_nuxt/8cafc93fb5c74c75e9e04e528e02ccdf.jpg"
"https://www.hepsiemlak.com/izmir-seferihisar-hidirlik-kiralik/daire/133723-1189","1 / 15","29.000","10/09/2026","Hıdırlık Merkezde Geniş Ferah Kiralık Daire","Kiralık Daire","3 + 1","120 m²","5 Yaşında","·","Kat","2. Kat","İzmir / Seferihisar / Hıdırlık Mah.","https://www.hepsiemlak.com/_nuxt/8cafc93fb5c74c75e9e04e528e02ccdf.jpg","Equinox Gayrimenkul","WhatsApp","https://www.hepsiemlak.com/_nuxt/8cafc93fb5c74c75e9e04e528e02ccdf.jpg"
"https://www.hepsiemlak.com/izmir-buca-ataturk-kiralik/daire/145175-252","1 / 27","25.000","10/09/2026","Atatürk Mah Doğalgazlı Balkonlu Bahçeli 3+1 Kiralık Daire","Kiralık Daire","3 + 1","155 m²","21 Yaşında","·","Kat","Yarı Bodrum","İzmir / Buca / Atatürk Mah.","https://www.hepsiemlak.com/_nuxt/8cafc93fb5c74c75e9e04e528e02ccdf.jpg","Nirvana Gayrimenkul","WhatsApp","https://www.hepsiemlak.com/_nuxt/8cafc93fb5c74c75e9e04e528e02ccdf.jpg"
"https://www.hepsiemlak.com/izmir-menemen-zeytinlik-kiralik/daire/125593-194","1 / 1","25.000","10/09/2026","Zeytinlik Mahallesi Nde Kiralık 2+1","Kiralık Daire","2 + 1","104 m²","3 Yaşında","·","Kat","Ara Kat","İzmir / Menemen / Zeytinlik Mah.","","","WhatsApp",""
"https://www.hepsiemlak.com/izmir-karabaglar-basin-sitesi-kiralik/daire/133723-1179","1 / 34","30.000","10/09/2026","Merkezi Konum Doğalgazlı Bakımlı Kiralık Daire","Kiralık Daire","3 + 1","100 m²","31 Yaşında","·","Kat","3. Kat","İzmir / Karabağlar / Basın Sitesi Mah.","https://hecdnnw.hemlak.com/mncropresize/77/67/logo/3/2/7/3/3/1/3b4e42b8-78e8-4ce9-9cfe-c019c36a0f8d.jpg","Equinox Gayrimenkul","WhatsApp",""
"https://www.hepsiemlak.com/izmir-karabaglar-bozyaka-kiralik/daire/162854-281","1 / 21","21.000","10/09/2026","Bozyaka Şehit Fethi Bey Okulu Yakını 2+1 Eşyalı Kiralık Daire","Kiralık Daire","2 + 1","90 m²","35 Yaşında","·","Kat","2. Kat","İzmir / Karabağlar / Bozyaka Mah.","https://hecdnnw.hemlak.com/mncropresize/77/67/logo/4/5/8/2/6/1/0a79e595-bbe6-4337-842a-c05ccc0e6521.jpg","Opal Gayrimenkul Karabaglar","WhatsApp",""
"https://www.hepsiemlak.com/izmir-seferihisar-sigacik-kiralik/daire/133723-1171","1 / 33","28.000","10/09/2026","Sığacık Limana Çok Yakın Lüks 1+1 Kiralık Daire","Kiralık Daire","1 + 1","65 m²","Sıfır Bina","·","Kat","Zemin","İzmir / Seferihisar / Sığacık Mah.","https://hecdn01.hemlak.com/mncropresize/182/137/ds01/9/4/8/6/7/2/7/4/603e8839-fb54-458e-a694-c5d2e90d09c7.jpg","Equinox Gayrimenkul","WhatsApp","https://hecdnnw.hemlak.com/mncropresize/77/67/logo/3/2/7/3/3/1/3b4e42b8-78e8-4ce9-9cfe-c019c36a0f8d.jpg"
"https://www.hepsiemlak.com/izmir-menemen-kesik-kiralik/daire/0-47276681","1 / 8","15.500","10/09/2026","Kiralık Ev","Kiralık Daire","3 + 1","120 m²","2 Yaşında","·","Kat","Yüksek Giriş","İzmir / Menemen / Kesik Mah.","https://www.hepsiemlak.com/_nuxt/8cafc93fb5c74c75e9e04e528e02ccdf.jpg","","",""
"https://www.hepsiemlak.com/izmir-cigli-maltepe-kiralik/daire/31220-11243","1 / 21","32.000","10/09/2026","Çiğli Maltepe Mahallesinde Ferah Ve Kullanışlı 3+1 Kiralık","Kiralık Daire","3 + 1","110 m²","8 Yaşında","·","Kat","1. Kat","İzmir / Çiğli / Maltepe Mah.","https://www.hepsiemlak.com/_nuxt/8cafc93fb5c74c75e9e04e528e02ccdf.jpg","Kw Alesta-viya-orsa 1","WhatsApp","https://www.hepsiemlak.com/_nuxt/8cafc93fb5c74c75e9e04e528e02ccdf.jpg"
"https://www.hepsiemlak.com/izmir-seferihisar-camikebir-kiralik/daire/133723-1169","1 / 17","25.000","10/09/2026","Seferihisar Tokilerde Kiralık 2+1 Daire","Kiralık Daire","2 + 1","92 m²","Sıfır Bina","·","Kat","2. Kat","İzmir / Seferihisar / Camikebir Mah.","https://www.hepsiemlak.com/_nuxt/8cafc93fb5c74c75e9e04e528e02ccdf.jpg","Equinox Gayrimenkul","WhatsApp","https://www.hepsiemlak.com/_nuxt/8cafc93fb5c74c75e9e04e528e02ccdf.jpg"
"https://www.hepsiemlak.com/izmir-karabaglar-basin-sitesi-kiralik/daire/162854-294","1 / 9","25.000","10/09/2026","Opal Gayrimenkul - Basın Sitesi Hastane Karşısı 2+1 Daire","Kiralık Daire","2 + 1","95 m²","31 Yaşında","·","Kat","Giriş Katı","İzmir / Karabağlar / Basın Sitesi Mah.","https://www.hepsiemlak.com/_nuxt/8cafc93fb5c74c75e9e04e528e02ccdf.jpg","Opal Gayrimenkul Karabaglar","WhatsApp","https://www.hepsiemlak.com/_nuxt/8cafc93fb5c74c75e9e04e528e02ccdf.jpg"
"https://www.hepsiemlak.com/izmir-menemen-gazi-mustafa-kemal-kiralik/daire/125593-199","1 / 6","14.500","10/09/2026","Menemen Seyrekte Kiralık 1+1daire","Kiralık Daire","1 + 10","50 m²","5 Yaşında","·","Kat","Zemin","İzmir / Menemen / Gazi Mustafa Kemal Mah.","https://www.hepsiemlak.com/_nuxt/8cafc93fb5c74c75e9e04e528e02ccdf.jpg","","WhatsApp",""
"https://www.hepsiemlak.com/izmir-seferihisar-turabiye-kiralik/daire/133723-1194","1 / 12","23.000","10/09/2026","Hastaneye Yakın 2+1 Kiralık Daire","Kiralık Daire","2 + 1","75 m²","6 Yaşında","·","Kat","3. Kat","İzmir / Seferihisar / Turabiye Mah.","https://www.hepsiemlak.com/_nuxt/8cafc93fb5c74c75e9e04e528e02ccdf.jpg","Equinox Gayrimenkul","WhatsApp","https://www.hepsiemlak.com/_nuxt/8cafc93fb5c74c75e9e04e528e02ccdf.jpg"
"https://www.hepsiemlak.com/izmir-seferihisar-colak-ibrahim-bey-kiralik/daire/133723-1198","1 / 11","20.000","10/09/2026","Her Yere Yürüme Mesafesinde Geniş 1+1 Daire Kiralık Daire","Kiralık Daire","1 + 1","60 m²","6 Yaşında","·","Kat","2. Kat","İzmir / Seferihisar / Çolak İbrahim Bey Mah.","https://www.hepsiemlak.com/_nuxt/8cafc93fb5c74c75e9e04e528e02ccdf.jpg","Equinox Gayrimenkul","WhatsApp","https://www.hepsiemlak.com/_nuxt/8cafc93fb5c74c75e9e04e528e02ccdf.jpg"
"https://www.hepsiemlak.com/izmir-bayrakli-mansuroglu-kiralik/daire/90478-2651","1 / 35","55.000","10/09/2026","Bayraklı Mansuroğlunda Sıfır, Geniş 2+1 Kiralık Daire","Kiralık Daire","2 + 1","120 m²","Sıfır Bina","·","Kat","2. Kat","İzmir / Bayraklı / Mansuroğlu Mah.","https://www.hepsiemlak.com/_nuxt/8cafc93fb5c74c75e9e04e528e02ccdf.jpg","Startkey Alfa","WhatsApp","https://www.hepsiemlak.com/_nuxt/8cafc93fb5c74c75e9e04e528e02ccdf.jpg"
"https://www.hepsiemlak.com/izmir-bayrakli-mansuroglu-kiralik/daire/151863-84","1 / 20","47.000","10/09/2026","Bayraklı Mansuroğlu'nda Kiralık 2+1 Ebeveyn Banyolu Daire","Kiralık Daire","2 + 1","86 m²","2 Yaşında","·","Kat","6. Kat","İzmir / Bayraklı / Mansuroğlu Mah.","https://www.hepsiemlak.com/_nuxt/8cafc93fb5c74c75e9e04e528e02ccdf.jpg","Blanco Gayrimenkul Ve Yatırım Danışmanlığı","WhatsApp","https://www.hepsiemlak.com/_nuxt/8cafc93fb5c74c75e9e04e528e02ccdf.jpg"
"https://www.hepsiemlak.com/izmir-konak-goztepe-kiralik/daire/142036-661","1 / 30","46.000","09/09/2026","Hakimevlerinde Lüks Dekorlu Arakat Manzaralı 3+1 Kiralık Daire","Kiralık Daire","3 + 1","120 m²","31 Yaşında","·","Kat","2. Kat","İzmir / Konak / Göztepe Mah.","https://www.hepsiemlak.com/_nuxt/8cafc93fb5c74c75e9e04e528e02ccdf.jpg","Pozitif Gayrimenkul","WhatsApp","https://www.hepsiemlak.com/_nuxt/8cafc93fb5c74c75e9e04e528e02ccdf.jpg"
"https://www.hepsiemlak.com/izmir-buca-camlikule-kiralik/daire/0-47272826","1 / 30","30.000","09/09/2026","Memurdan 2+1 Kapalı Mutfak Çift Balkonlu Temiz Daire","Kiralık Daire","2 + 1","94 m²","25 Yaşında","·","Kat","En Üst Kat","İzmir / Buca / Çamlıkule Mah.","https://www.hepsiemlak.com/_nuxt/8cafc93fb5c74c75e9e04e528e02ccdf.jpg","","WhatsApp",""
"https://www.hepsiemlak.com/izmir-buca-yildiz-kiralik/daire/171254-19","1 / 26","22.000","09/09/2026","Kampüs Yakını Sıfır Eşyalı Doğalgazlı Eşyalı 1+1 Kiralık Daire","Kiralık Daire","1 + 1","60 m²","6 Yaşında","·","Kat","Yüksek Giriş","İzmir / Buca / Yıldız Mah.","https://www.hepsiemlak.com/_nuxt/8cafc93fb5c74c75e9e04e528e02ccdf.jpg","Ales Yapı Gayrimenkul","WhatsApp","https://www.hepsiemlak.com/_nuxt/8cafc93fb5c74c75e9e04e528e02ccdf.jpg"
"https://www.hepsiemlak.com/izmir-bayrakli-osmangazi-kiralik/daire/169975-27","1 / 16","60.000","09/09/2026","Keynest'den Ramsa Adım Bayraklı Sıfır Lüks 3+1 Kiralık Daire","Kiralık Daire","3 + 1","148 m²","Sıfır Bina","·","Kat","8. Kat","İzmir / Bayraklı / Osmangazi Mah.","https://www.hepsiemlak.com/_nuxt/8cafc93fb5c74c75e9e04e528e02ccdf.jpg","Keynest Gayrimenkul","WhatsApp",""
"https://www.hepsiemlak.com/izmir-menemen-ulus-kiralik/daire/21024-12058","1 / 35","40.000","09/09/2026","Menemen Ulus Mahallesinde Kiralık 3+1 Lüks Daire","Kiralık Daire","3 + 1","145 m²","8 Yaşında","·","Kat","5. Kat","İzmir / Menemen / Ulus Mah.","https://www.hepsiemlak.com/_nuxt/8cafc93fb5c74c75e9e04e528e02ccdf.jpg","Turyap Ataşehir Fil","WhatsApp","https://www.hepsiemlak.com/_nuxt/8cafc93fb5c74c75e9e04e528e02ccdf.jpg"
"https://www.hepsiemlak.com/izmir-buca-ataturk-kiralik/daire/135798-391","1 / 18","27.000","09/09/2026","Buca North City'de Eşyalı Kiralık 1+1 Daire","Kiralık Daire","1 + 1","40 m²","Sıfır Bina","·","Kat","Zemin","İzmir / Buca / Atatürk Mah.","https://www.hepsiemlak.com/_nuxt/8cafc93fb5c74c75e9e04e528e02ccdf.jpg","Startkey Casa","WhatsApp","https://www.hepsiemlak.com/_nuxt/8cafc93fb5c74c75e9e04e528e02ccdf.jpg"
"https://www.hepsiemlak.com/izmir-menemen-gazi-mustafa-kemal-kiralik/daire/28110-16670","1 / 40","17.000","09/09/2026","Menemen/seyrek'te Alaçatı Evlerinde Üniversite Yakını 1+1 Kiralık Daire | Balkonlu, Kombili","Kiralık Daire","1 + 1","50 m²","3 Yaşında","·","Kat","2. Kat","İzmir / Menemen / Gazi Mustafa Kemal Mah.","https://www.hepsiemlak.com/_nuxt/8cafc93fb5c74c75e9e04e528e02ccdf.jpg","Remax Pasha 1","WhatsApp","https://www.hepsiemlak.com/_nuxt/8cafc93fb5c74c75e9e04e528e02ccdf.jpg"
"https://www.hepsiemlak.com/izmir-bornova-ergene-kiralik/daire/0-47272305","1 / 16","36.000","09/09/2026","Bornova Stadyakını Yzb.İbrahim Hakkı Cad.De 3+1d.Gazlı Ara Kat Sahibinden","Kiralık Daire","3 + 1","95 m²","30 Yaşında","·","Kat","3. Kat","İzmir / Bornova / Ergene Mah.","https://www.hepsiemlak.com/_nuxt/8cafc93fb5c74c75e9e04e528e02ccdf.jpg","","WhatsApp",""
"https://www.hepsiemlak.com/izmir-bornova-kazimdirik-kiralik/daire/162799-285","1 / 46","38.000","09/09/2026","Trademark Pi Sitesinde Köşe Çift Cephe Beyaz Eşyalı Kiralık 1+1","Kiralık Daire","1 + 1","60 m²","2 Yaşında","·","Kat","5. Kat","İzmir / Bornova / Kazımdirik Mah.","https://www.hepsiemlak.com/_nuxt/8cafc93fb5c74c75e9e04e528e02ccdf.jpg","Tm Gayrimenkul","WhatsApp","https://www.hepsiemlak.com/_nuxt/8cafc93fb5c74c75e9e04e528e02ccdf.jpg"
"https://www.hepsiemlak.com/izmir-konak-piri-reis-kiralik/daire/9764-9215","1 / 38","38.500","09/09/2026","İlhan'dan Metin Oktay Parkı Karşısı Cadde Yanında Otoparklı Tam Dekorlu 3+1 Kiralık Daire","Kiralık Daire","3 + 1","135 m²","36 Yaşında","·","Kat","2. Kat","İzmir / Konak / Piri Reis Mah.","https://www.hepsiemlak.com/_nuxt/8cafc93fb5c74c75e9e04e528e02ccdf.jpg","İlhan Emlak","WhatsApp","https://www.hepsiemlak.com/_nuxt/8cafc93fb5c74c75e9e04e528e02ccdf.jpg"
"https://www.hepsiemlak.com/izmir-tire-fatih-kiralik/residence/147967-12","1 / 15","26.500","09/09/2026","Kiralık 3+1 Ara Kat Daire","Kiralık Residence","3 + 1","135 m²","11 Yaşında","·","Kat","2. Kat","İzmir / Tire / Fatih Mah.","https://www.hepsiemlak.com/_nuxt/8cafc93fb5c74c75e9e04e528e02ccdf.jpg","","WhatsApp",""
"https://www.hepsiemlak.com/izmir-seferihisar-colak-ibrahim-bey-kiralik/daire/148398-333","1 / 21","25.000","10/09/2026","Seferihisar Da 1+1 Kiralık Lüks Daire","Kiralık Daire","1 + 1","42 m²","Sıfır Bina","·","Kat","2. Kat","İzmir / Seferihisar / Çolak İbrahim Bey Mah.","","","WhatsApp",""
"https://www.hepsiemlak.com/izmir-karsiyaka-semikler-kiralik/daire/71862-2174","1 / 35","40.000","10/09/2026","Anadolu Caddesı Yakını_ebeveyn Banyolu _doğalgazlı_asansörlü 3+1","Kiralık Daire","3 + 1","130 m²","6 Yaşında","·","Kat","2. Kat","İzmir / Karşıyaka / Şemikler Mah.","","","WhatsApp",""
"https://www.hepsiemlak.com/izmir-torbali-bahcelievler-kiralik/daire/171273-30","1 / 31","16.000","09/09/2026","Gürser Emlaktan 1+1 Bahçeli Evler Toki De Kiralık Daire","Kiralık Daire","1 + 1","85 m²","16 Yaşında","·","Kat","2. Kat","İzmir / Torbalı / Bahçelievler Mah.","","","WhatsApp",""
"https://www.hepsiemlak.com/izmir-bornova-kazimdirik-kiralik/daire/45527-1386","1 / 39","30.500","10/09/2026","İçi Yapılı Kazımdirik Mah. Otoparklı Binada Doğalgazlı Yüksek Giriş Kat 3+1 Daire","Kiralık Daire","3 + 1","110 m²","32 Yaşında","·","Kat","Yüksek Giriş","İzmir / Bornova / Kazımdirik Mah.","https://hecdn01.hemlak.com/mncropresize/182/137/ds01/5/4/2/0/8/1/7/4/1787572303211-47180245.jpg","","WhatsApp",""
"https://www.hepsiemlak.com/izmir-konak-umurbey-kiralik/daire/161202-406","1 / 21","64.000","09/09/2026","Alsancak Evorada Kiralık 2+1","Kiralık Daire","2 + 1","96 m²","Sıfır Bina","·","Kat","2. Kat","İzmir / Konak / Umurbey Mah.","https://www.hepsiemlak.com/_nuxt/8cafc93fb5c74c75e9e04e528e02ccdf.jpg","Turpa Girne Gold Gayrimenkul","WhatsApp","https://www.hepsiemlak.com/_nuxt/8cafc93fb5c74c75e9e04e528e02ccdf.jpg"
"https://www.hepsiemlak.com/izmir-karsiyaka-bahcelievler-kiralik/daire/158445-543","1 / 32","38.000","09/09/2026","Karşıyaka Bahçelievler Mah. Ara Kat 115m2 3+1 Kiralık Daire","Kiralık Daire","3 + 1","120 m²","26 Yaşında","·","Kat","2. Kat","İzmir / Karşıyaka / Bahçelievler Mah.","https://www.hepsiemlak.com/_nuxt/8cafc93fb5c74c75e9e04e528e02ccdf.jpg","Startkey Akın","WhatsApp","https://www.hepsiemlak.com/_nuxt/8cafc93fb5c74c75e9e04e528e02ccdf.jpg"
"https://www.hepsiemlak.com/izmir-guzelbahce-kahramandere-kiralik/villa/142245-577","1 / 27","130.000","10/09/2026","Güzelbahçe Kahramandere Butik Site İçinde Kiralık 4+1 Villa","Kiralık Villa","4 + 1","150 m²","2 Yaşında","·","Kat","Bahçe Katı","İzmir / Güzelbahçe / Kahramandere Mah.","https://www.hepsiemlak.com/_nuxt/8cafc93fb5c74c75e9e04e528e02ccdf.jpg","Kayıkhane Gayrimenkul","WhatsApp","https://www.hepsiemlak.com/_nuxt/8cafc93fb5c74c75e9e04e528e02ccdf.jpg"
"https://www.hepsiemlak.com/izmir-karsiyaka-demirkopru-kiralik/daire/131786-424","1 / 32","29.000","09/09/2026","Karşıyaka Bostanlı Demirköprü'deizban Yakınında Lüks Kiralık 1+1","Kiralık Daire","1 + 1","60 m²","2 Yaşında","·","Kat","4. Kat","İzmir / Karşıyaka / Demirköprü Mah.","https://www.hepsiemlak.com/_nuxt/8cafc93fb5c74c75e9e04e528e02ccdf.jpg","","WhatsApp",""
"https://www.hepsiemlak.com/izmir-cigli-atasehir-kiralik/daire/116537-857","1 / 45","32.000","10/09/2026","Çiğli Ataşehir'de İzban Ve Tramway Durağı Yakını Geniş 3+1 Daire","Kiralık Daire","3 + 1","130 m²","26 Yaşında","·","Kat","2. Kat","İzmir / Çiğli / Ataşehir Mah.","https://www.hepsiemlak.com/_nuxt/8cafc93fb5c74c75e9e04e528e02ccdf.jpg","Merol Gayrimenkul","WhatsApp","https://www.hepsiemlak.com/_nuxt/8cafc93fb5c74c75e9e04e528e02ccdf.jpg"
"https://www.hepsiemlak.com/izmir-cigli-maltepe-kiralik/daire/31220-11190","1 / 35","27.000","09/09/2026","Çiğli Maltepe'de Müstakil Tadında Eşyalı, Doğalgazlı 1+1 Daire","Kiralık Daire","1 + 1","43 m²","3 Yaşında","·","Kat","1. Kat","İzmir / Çiğli / Maltepe Mah.","https://www.hepsiemlak.com/_nuxt/8cafc93fb5c74c75e9e04e528e02ccdf.jpg","Kw Alesta-viya-orsa 1","WhatsApp","https://www.hepsiemlak.com/_nuxt/8cafc93fb5c74c75e9e04e528e02ccdf.jpg"
"https://www.hepsiemlak.com/izmir-cigli-esentepe-kiralik/daire/169377-5","1 / 20","36.000","09/09/2026","Çiğli Anadolu Caddesi Üzerinde Kiralık 2+1 Daire | 85 M² | Geniş Ve Ferah Yaşam Alanı","Kiralık Daire","2 + 1","85 m²","Sıfır Bina","·","Kat","Yüksek Giriş","İzmir / Çiğli / Esentepe Mah.","https://www.hepsiemlak.com/_nuxt/8cafc93fb5c74c75e9e04e528e02ccdf.jpg","Evrota Gayrimenkul Danışmanlığı","WhatsApp","https://www.hepsiemlak.com/_nuxt/8cafc93fb5c74c75e9e04e528e02ccdf.jpg"
"https://www.hepsiemlak.com/izmir-bornova-kazimdirik-kiralik/daire/57038-2054","1 / 36","60.000","10/09/2026","Yaşar Üniversitesi Yakını Myvia 414'te Kiralık 2+1 Eşyalı Daire","Kiralık Daire","2 + 1","82 m²","6 Yaşında","·","Kat","5. Kat","İzmir / Bornova / Kazımdirik Mah.","https://www.hepsiemlak.com/_nuxt/8cafc93fb5c74c75e9e04e528e02ccdf.jpg","","WhatsApp",""
"https://www.hepsiemlak.com/izmir-balcova-cetin-emec-kiralik/daire/6945-1122","1 / 35","50.000","10/09/2026","Star Emlakta Çetinemeçte Asansörlü Termalli  Kapıcılı Otparklı 3+1 130m2 K/1","Kiralık Daire","3 + 1","130 m²","22 Yaşında","·","Kat","1. Kat","İzmir / Balçova / Çetin Emeç Mah.","https://www.hepsiemlak.com/_nuxt/8cafc93fb5c74c75e9e04e528e02ccdf.jpg","","WhatsApp",""
"https://www.hepsiemlak.com/izmir-guzelbahce-kahramandere-kiralik/villa/21671-6597","1 / 43","180.000","10/09/2026","Güzel Bahçede Kiralık Villa Ultra Lüx Bağımsız Havuz Kamera 7/24","Kiralık Villa","6 + 1","420 m²","7 Yaşında","·","Kat","","İzmir / Güzelbahçe / Kahramandere Mah.","https://www.hepsiemlak.com/_nuxt/8cafc93fb5c74c75e9e04e528e02ccdf.jpg","A24 Site Gayrimenkul Danışmanlığı","WhatsApp","https://www.hepsiemlak.com/_nuxt/8cafc93fb5c74c75e9e04e528e02ccdf.jpg"
"https://www.hepsiemlak.com/izmir-menemen-inonu-kiralik/daire/153254-175","1 / 30","19.000","10/09/2026","Seyrek'te Site İçi 1+1 Eşyalı Kiralık","Kiralık Daire","1 + 1","55 m²","6 Yaşında","·","Kat","1. Kat","İzmir / Menemen / İnönü Mah.","https://www.hepsiemlak.com/_nuxt/8cafc93fb5c74c75e9e04e528e02ccdf.jpg","Turpa Egemen","WhatsApp","https://www.hepsiemlak.com/img/loadings/noImage55-55.png"
"https://www.hepsiemlak.com/izmir-bornova-erzene-kiralik/daire/41893-1129","1 / 60","58.000","10/09/2026","Bornova Şehrin Evleri' Nde Lüks 108 Metrekare Ebeveyn Banyolu Kiralık 2+1 Daire","Kiralık Daire","2 + 1","108 m²","7 Yaşında","·","Kat","2. Kat","İzmir / Bornova / Erzene Mah.","https://www.hepsiemlak.com/_nuxt/8cafc93fb5c74c75e9e04e528e02ccdf.jpg","","WhatsApp",""
"https://www.hepsiemlak.com/izmir-buca-izkent-kiralik/daire/139799-1280","1 / 1","25.000","10/09/2026","Buca İzkent Mahallesi Arakat Kiralık 2+1 Daire","Kiralık Daire","2 + 1","84 m²","30 Yaşında","·","Kat","2. Kat","İzmir / Buca / İzkent Mah.","https://www.hepsiemlak.com/_nuxt/8cafc93fb5c74c75e9e04e528e02ccdf.jpg","","WhatsApp",""
"https://www.hepsiemlak.com/izmir-karsiyaka-ornekkoy-kiralik/daire/26584-3058","1 / 34","20.000","09/09/2026","Karşıyaka Örnekköy Zeytinevler Sitesinde Kiralık 1+1 Daire Kanıt Emlaktan","Kiralık Daire","1 + 1","90 m²","18 Yaşında","·","Kat","Yüksek Giriş","İzmir / Karşıyaka / Örnekköy Mah.","https://www.hepsiemlak.com/_nuxt/8cafc93fb5c74c75e9e04e528e02ccdf.jpg","Kanıt Emlak","WhatsApp","https://www.hepsiemlak.com/_nuxt/8cafc93fb5c74c75e9e04e528e02ccdf.jpg"
"https://www.hepsiemlak.com/izmir-seferihisar-hidirlik-kiralik/daire/133723-1182","1 / 10","30.000","10/09/2026","Seferihisar Hıdırlık Mahallesinde Eşyalı 2+1 Daire","Kiralık Daire","2 + 1","75 m²","6 Yaşında","·","Kat","Zemin","İzmir / Seferihisar / Hıdırlık Mah.","https://www.hepsiemlak.com/_nuxt/8cafc93fb5c74c75e9e04e528e02ccdf.jpg","Equinox Gayrimenkul","WhatsApp","https://www.hepsiemlak.com/_nuxt/8cafc93fb5c74c75e9e04e528e02ccdf.jpg"
"https://www.hepsiemlak.com/izmir-odemis-mimar-sinan-kiralik/daire/146241-202","1 / 14","25.000","09/09/2026","Gülcü Gayrimenkulden Mimarsinan Mahallesinde Kiralık Daire","Kiralık Daire","2 + 1","120 m²","2 Yaşında","·","Kat","2. Kat","İzmir / Ödemiş / Mimar Sinan Mah.","https://www.hepsiemlak.com/_nuxt/8cafc93fb5c74c75e9e04e528e02ccdf.jpg","Gülcü Gayrimenkul","WhatsApp","https://www.hepsiemlak.com/_nuxt/8cafc93fb5c74c75e9e04e528e02ccdf.jpg"
"https://www.hepsiemlak.com/izmir-bayrakli-sogukkuyu-kiralik/daire/30707-4417","1 / 28","35.000","10/09/2026","Kahandan Bayraklı Yenigirnede Kiralık 3+1 Daire","Kiralık Daire","3 + 1","130 m²","20 Yaşında","·","Kat","1. Kat","İzmir / Bayraklı / Soğukkuyu Mah.","https://www.hepsiemlak.com/_nuxt/8cafc93fb5c74c75e9e04e528e02ccdf.jpg","","WhatsApp",""
"https://www.hepsiemlak.com/izmir-bayrakli-manavkuyu-kiralik/daire/111780-218","1 / 32","45.000","09/09/2026","Kan Merkezi Arkasında Full Eşyalı Merkezi Kaloriferli Kiralık Daire","Kiralık Daire","3 + 1","145 m²","30 Yaşında","·","Kat","6. Kat","İzmir / Bayraklı / Manavkuyu Mah.","https://www.hepsiemlak.com/_nuxt/8cafc93fb5c74c75e9e04e528e02ccdf.jpg","","WhatsApp",""
"https://www.hepsiemlak.com/izmir-karabaglar-fahrettin-altay-kiralik/daire/42120-1271","1 / 31","40.000","10/09/2026","Mithatpaşa Caddesinde 2+1 Arakat","Kiralık Daire","2 + 1","100 m²","35 Yaşında","·","Kat","2. Kat","İzmir / Karabağlar / Fahrettin Altay Mah.","https://www.hepsiemlak.com/_nuxt/8cafc93fb5c74c75e9e04e528e02ccdf.jpg","","WhatsApp",""
"https://www.hepsiemlak.com/izmir-karsiyaka-mavisehir-kiralik/daire/4762-4830","1 / 29","36.000","10/09/2026","Mavişehir Pamukkale Sitesi Sahile Tramvaya Yakın Kiralık 1+1 Daire","Kiralık Daire","1 + 1","70 m²","31 Yaşında","·","Kat","5. Kat","İzmir / Karşıyaka / Mavişehir Mah.","https://www.hepsiemlak.com/_nuxt/8cafc93fb5c74c75e9e04e528e02ccdf.jpg","","WhatsApp",""
"https://www.hepsiemlak.com/izmir-karsiyaka-tersane-kiralik/daire/47347-3120","1 / 24","27.000","09/09/2026","Karşıyaka Alaybey Yalıda 3+1 Kiralık Daire","Kiralık Daire","3 + 1","95 m²","31 Yaşında","·","Kat","2. Kat","İzmir / Karşıyaka / Tersane Mah.","https://hecdnnw.hemlak.com/mncropresize/77/67/logo/7/4/3/7/4/0/f03f2c88-dcf6-4ecd-9a5e-e4511c9d7a07.jpg","Nisan Gayrimenkul","WhatsApp",""
"https://www.hepsiemlak.com/izmir-bornova-erzene-kiralik/daire/60930-3086","1 / 28","36.000","10/09/2026","Sabri Cengiz Emlak Bornova Erzene Mah Atadurağı Yakını Kiralık Daire 3+1","Kiralık Daire","3 + 1","135 m²","20 Yaşında","·","Kat","5. Kat","İzmir / Bornova / Erzene Mah.","","","WhatsApp",""
"https://www.hepsiemlak.com/izmir-konak-guzelyali-kiralik/daire/134247-15","1 / 12","42.000","09/09/2026","Gold Prestigeden!!! İzmirde Öğrenciye !!! Kiralık Daire","Kiralık Daire","2 + 1","120 m²","31 Yaşında","·","Kat","2. Kat","İzmir / Konak / Güzelyalı Mah.","https://hecdnnw.hemlak.com/mncropresize/77/67/logo/7/4/2/4/3/1/9a07e136-e44e-431a-be4b-898e427b5b4f.jpg","Gold Prestige Makro Kent","WhatsApp",""
"https://www.hepsiemlak.com/izmir-konak-altintas-kiralik/daire/9709-5168","1 / 27","32.500","09/09/2026","Üçyol Metroya Yakın Cadde'ye Yakın 2+1 80 M2 8 Yıllık Bina Çift Cephe Doğalgazlı Lüx Kiralık Daire","Kiralık Daire","2 + 1","85 m²","8 Yaşında","·","Kat","Yüksek Giriş","İzmir / Konak / Altıntaş Mah.","https://hecdn01.hemlak.com/mncropresize/182/137/ds01/7/6/7/3/4/9/6/4/74a0a1f9-d373-4417-a050-ff23d6f49803.jpg","Üçyol Gayrimenkul","WhatsApp","https://hecdnnw.hemlak.com/mncropresize/77/67/logo/9/0/7/9/0/0/5f0df082-1e99-48f8-9d84-d4cc088a9bcf.jpg"
"https://www.hepsiemlak.com/izmir-bornova-kosukavak-kiralik/daire/70723-7355","1 / 22","36.500","10/09/2026","Modda Bulvarda Ebeveyn Banyolu Kiralık 2+1 Daire","Kiralık Daire","2 + 1","85 m²","2 Yaşında","·","Kat","19. Kat","İzmir / Bornova / Koşukavak Mah.","https://www.hepsiemlak.com/_nuxt/8cafc93fb5c74c75e9e04e528e02ccdf.jpg","Coldwell Banker Life","WhatsApp","https://www.hepsiemlak.com/_nuxt/8cafc93fb5c74c75e9e04e528e02ccdf.jpg"
"https://www.hepsiemlak.com/izmir-odemis-suleyman-demirel-kiralik/daire/113414-308","1 / 22","18.000","09/09/2026","Şoförler Sitesinde Masrafsız Kiralık Daire","Kiralık Daire","3 + 1","120 m²","23 Yaşında","·","Kat","6. Kat","İzmir / Ödemiş / Süleyman Demirel Mah.","https://www.hepsiemlak.com/_nuxt/8cafc93fb5c74c75e9e04e528e02ccdf.jpg","","WhatsApp",""
"https://www.hepsiemlak.com/izmir-menemen-inonu-kiralik/daire/166407-178","1 / 23","23.000","09/09/2026","Havuz Cepheli, Klimalı Geniş Eşyalı Kiralık 1+1 Daire","Kiralık Daire","1 + 1","55 m²","6 Yaşında","·","Kat","1. Kat","İzmir / Menemen / İnönü Mah.","https://www.hepsiemlak.com/_nuxt/8cafc93fb5c74c75e9e04e528e02ccdf.jpg","Lumiere Gayrimenkul Danışmanlığı","WhatsApp",""
"https://www.hepsiemlak.com/izmir-buca-kozagac-kiralik/daire/143816-169","1 / 25","42.000","10/09/2026","Parisa'dan Hasanağa Bah. Ve Buca Pazaryeri Karşısı Asansörlü 3+1","Kiralık Daire","3 + 1","150 m²","5 Yaşında","·","Kat","3. Kat","İzmir / Buca / Kozağaç Mah.","https://www.hepsiemlak.com/_nuxt/8cafc93fb5c74c75e9e04e528e02ccdf.jpg","Parisa Yapı Gayrimenkul","WhatsApp","https://www.hepsiemlak.com/_nuxt/8cafc93fb5c74c75e9e04e528e02ccdf.jpg"
"https://www.hepsiemlak.com/izmir-bornova-kazimdirik-kiralik/daire/135798-390","1 / 21","23.000","09/09/2026","Bornova Coordinat Suitste Kiralık Eşyalı 1+0 Daire","Kiralık Daire","Stüdyo","40 m²","6 Yaşında","·","Kat","1. Kat","İzmir / Bornova / Kazımdirik Mah.","https://www.hepsiemlak.com/_nuxt/8cafc93fb5c74c75e9e04e528e02ccdf.jpg","Startkey Casa","WhatsApp","https://www.hepsiemlak.com/_nuxt/8cafc93fb5c74c75e9e04e528e02ccdf.jpg"
"https://www.hepsiemlak.com/izmir-karsiyaka-bahariye-kiralik/daire/162799-268","1 / 58","47.500","09/09/2026","Alaybey Göbeğinde 6+1 Kiralık Daire","Kiralık Daire","6 + 1","210 m²","31 Yaşında","·","Kat","7. Kat","İzmir / Karşıyaka / Bahariye Mah.","https://www.hepsiemlak.com/_nuxt/8cafc93fb5c74c75e9e04e528e02ccdf.jpg","Tm Gayrimenkul","WhatsApp","https://www.hepsiemlak.com/_nuxt/8cafc93fb5c74c75e9e04e528e02ccdf.jpg"
"https://www.hepsiemlak.com/izmir-bornova-kemalpasa-kiralik/daire/148398-321","1 / 37","34.000","10/09/2026","Bornova Pınarbaşında 3+1 Kiralık Lüks Dubleks Daire","Kiralık Daire","3 + 1","130 m²","3 Yaşında","·","Kat","En Üst Kat","İzmir / Bornova / Kemalpaşa Mah.","https://www.hepsiemlak.com/_nuxt/8cafc93fb5c74c75e9e04e528e02ccdf.jpg","","WhatsApp",""
"https://www.hepsiemlak.com/izmir-karsiyaka-imbatli-kiralik/daire/63812-299","1 / 60","45.000","09/09/2026","Karşıyaka İmbatlı Mahallesinde Teraslı Dubleks Full Eşyalı (2+1)  Kiralık Daire","Kiralık Daire","2 + 1","100 m²","10 Yaşında","·","Kat","Teras Katı","İzmir / Karşıyaka / İmbatlı Mah.","https://www.hepsiemlak.com/_nuxt/8cafc93fb5c74c75e9e04e528e02ccdf.jpg","","WhatsApp",""
"https://www.hepsiemlak.com/izmir-cigli-maltepe-kiralik/daire/31220-11184","1 / 37","27.000","09/09/2026","Çiğli Maltepe'de Müstakil Tadında, Eşyalı, Doğalgazlı 1+1 Daire, 2 Katlı Binada Kiralık","Kiralık Daire","1 + 1","43 m²","3 Yaşında","·","Kat","1. Kat","İzmir / Çiğli / Maltepe Mah.","https://www.hepsiemlak.com/_nuxt/8cafc93fb5c74c75e9e04e528e02ccdf.jpg","Kw Alesta-viya-orsa 1","WhatsApp","https://www.hepsiemlak.com/_nuxt/8cafc93fb5c74c75e9e04e528e02ccdf.jpg"
"https://www.hepsiemlak.com/izmir-guzelbahce-kahramandere-kiralik/villa/142245-555","1 / 35","179.000","10/09/2026","Güzelbahçe Kahramandere Kiralık 5+2 Müstakil Havuzlu Villa","Kiralık Villa","5 + 2","220 m²","2 Yaşında","·","Kat","Bahçe Katı","İzmir / Güzelbahçe / Kahramandere Mah.","https://www.hepsiemlak.com/_nuxt/8cafc93fb5c74c75e9e04e528e02ccdf.jpg","Kayıkhane Gayrimenkul","WhatsApp","https://www.hepsiemlak.com/_nuxt/8cafc93fb5c74c75e9e04e528e02ccdf.jpg"
"https://www.hepsiemlak.com/izmir-karaburun-mordogan-kiralik/yazlik/132940-734","1 / 26","90.000","09/09/2026","Karaburun Mordoğan'da Eşyalı 1+1  Denize 100 Mt.Depozito Yok. Bahçeli Kiralık Yazlık","Kiralık Yazlık","1 + 1","60 m²","16 Yaşında","·","Kat","Bahçe Katı","İzmir / Karaburun / Mordoğan Mah.","https://www.hepsiemlak.com/_nuxt/8cafc93fb5c74c75e9e04e528e02ccdf.jpg","Sonay Gayrimenkul Yatırım LTD. ŞTİ.","WhatsApp","https://www.hepsiemlak.com/_nuxt/8cafc93fb5c74c75e9e04e528e02ccdf.jpg"
"https://www.hepsiemlak.com/izmir-menderes-gumuldur-fevzi-cakmak-kiralik/daire/103687-423","1 / 21","40.000","09/09/2026","Gümüldürde Kiralık Manzaralı Ebeveyn Banyolu Çatı Dubleksi","Kiralık Daire","3 + 1","160 m²","11 Yaşında","·","Kat","3. Kat","İzmir / Menderes / Gümüldür Fevzi Çakmak Mah.","https://www.hepsiemlak.com/_nuxt/8cafc93fb5c74c75e9e04e528e02ccdf.jpg","Arzava Gayrimenkul","WhatsApp","https://www.hepsiemlak.com/_nuxt/8cafc93fb5c74c75e9e04e528e02ccdf.jpg"
"https://www.hepsiemlak.com/izmir-karsiyaka-aksoy-kiralik/daire/119979-2791","1 / 34","55.000","09/09/2026","Çamlıkta Otoparklı Sahile Yakın Deniz Gören 3+1 Kiralık Daire","Kiralık Daire","3 + 1","120 m²","31 Yaşında","·","Kat","5. Kat","İzmir / Karşıyaka / Aksoy Mah.","https://www.hepsiemlak.com/_nuxt/8cafc93fb5c74c75e9e04e528e02ccdf.jpg","Startkey Puzzle","WhatsApp","https://www.hepsiemlak.com/_nuxt/8cafc93fb5c74c75e9e04e528e02ccdf.jpg"
"https://www.hepsiemlak.com/izmir-balcova-teleferik-kiralik/daire/27103-4826","1 / 34","40.000","09/09/2026","Dayım Emlaktan Teleferik Mah Ara Kat Kiralık Daire","Kiralık Daire","3 + 1","110 m²","26 Yaşında","·","Kat","5. Kat","İzmir / Balçova / Teleferik Mah.","https://www.hepsiemlak.com/_nuxt/8cafc93fb5c74c75e9e04e528e02ccdf.jpg","","WhatsApp",""
"https://www.hepsiemlak.com/izmir-konak-mimar-sinan-kiralik/daire/80904-1257","1 / 23","27.000","09/09/2026","Alsancak Özel Sağlık Hastanesi Karşısında Eşyalı Kiralık 1+1","Kiralık Daire","1 + 1","60 m²","31 Yaşında","·","Kat","2. Kat","İzmir / Konak / Mimar Sinan Mah.","https://www.hepsiemlak.com/_nuxt/8cafc93fb5c74c75e9e04e528e02ccdf.jpg","","WhatsApp",""
"https://www.hepsiemlak.com/izmir-konak-mehmet-ali-akman-kiralik/daire/4079-1967","1 / 23","45.000","10/09/2026","Güzelyalıda Sahile Tramvaya 50 Metre 2+1 Sıfır Daire","Kiralık Daire","2 + 1","75 m²","Sıfır Bina","·","Kat","Yüksek Giriş","İzmir / Konak / Mehmet Ali Akman Mah.","https://www.hepsiemlak.com/_nuxt/8cafc93fb5c74c75e9e04e528e02ccdf.jpg","","WhatsApp",""
"https://www.hepsiemlak.com/izmir-karsiyaka-semikler-kiralik/daire/71862-2067","1 / 33","42.000","10/09/2026","Ordu Bulvarı Yakını_d.Gazlı_asansörlü_ara Katta_merkezde 3+1","Kiralık Daire","3 + 1","128 m²","6 Yaşında","·","Kat","3. Kat","İzmir / Karşıyaka / Şemikler Mah.","https://www.hepsiemlak.com/_nuxt/8cafc93fb5c74c75e9e04e528e02ccdf.jpg","","WhatsApp",""
"https://www.hepsiemlak.com/izmir-karsiyaka-zubeyde-hanim-kiralik/daire/110285-423","1 / 22","27.500","10/09/2026","Yeşim Emlaktan Karşıyaka Zübeyde Hanım Mahallesinde Kiralık 2+1 Daire","Kiralık Daire","2 + 1","85 m²","11 Yaşında","·","Kat","Giriş Katı","İzmir / Karşıyaka / Zübeyde Hanım Mah.","https://www.hepsiemlak.com/_nuxt/8cafc93fb5c74c75e9e04e528e02ccdf.jpg","","WhatsApp",""
"https://www.hepsiemlak.com/izmir-cigli-cagdas-kiralik/daire/57124-666","1 / 17","26.000","10/09/2026","Egekent'de Kiralık Doğalgazlı 3+1 Deniz Manzaralı Daire","Kiralık Daire","3 + 1","110 m²","31 Yaşında","·","Kat","7. Kat","İzmir / Çiğli / Çağdaş Mah.","https://www.hepsiemlak.com/_nuxt/8cafc93fb5c74c75e9e04e528e02ccdf.jpg","Gür Kardeşler Emlak","WhatsApp","https://www.hepsiemlak.com/_nuxt/8cafc93fb5c74c75e9e04e528e02ccdf.jpg"
"https://www.hepsiemlak.com/izmir-konak-barbaros-kiralik/daire/48008-3360","1 / 30","50.000","09/09/2026","Karataş Lisesi Yakını Otoparklı Yalı Binasında Kiralık Daire","Kiralık Daire","2 + 1","120 m²","40 Yaşında","·","Kat","7. Kat","İzmir / Konak / Barbaros Mah.","https://www.hepsiemlak.com/_nuxt/8cafc93fb5c74c75e9e04e528e02ccdf.jpg","","WhatsApp",""
"https://www.hepsiemlak.com/izmir-cigli-izkent-kiralik/daire/40322-3563","1 / 19","20.000","10/09/2026","İzmir Çiğli Egekentte  Doğalgazlı Asansörlü Boyalı Kiralık Ara Kat Daire","Kiralık Daire","2 + 1","90 m²","25 Yaşında","·","Kat","2. Kat","İzmir / Çiğli / İzkent Mah.","","","WhatsApp",""
"https://www.hepsiemlak.com/izmir-bornova-erzene-kiralik/daire/7044-6935","1 / 17","30.000","09/09/2026","Ege Emlak'tan Bornova Hükümet Konağı Karşısı 3+1 Arakat Daire","Kiralık Daire","3 + 1","110 m²","30 Yaşında","·","Kat","1. Kat","İzmir / Bornova / Erzene Mah.","","","WhatsApp",""
"https://www.hepsiemlak.com/izmir-bornova-ergene-kiralik/daire/60930-3080","1 / 26","37.000","10/09/2026","Sabri Cengiz Emlak Bornova Ergene Mah Topçu Tuğay Arkası Kiralık Daire 2+1","Kiralık Daire","2 + 1","85 m²","5 Yaşında","·","Kat","3. Kat","İzmir / Bornova / Ergene Mah.","","","WhatsApp",""
"https://www.hepsiemlak.com/izmir-menemen-gazi-mustafa-kemal-kiralik/daire/166407-177","1 / 27","21.000","09/09/2026","Bakırçay Üni. Yakını Sıfır Binada 1+1 Eşyalı Kiralı Daire","Kiralık Daire","1 + 1","50 m²","Sıfır Bina","·","Kat","1. Kat","İzmir / Menemen / Gazi Mustafa Kemal Mah.","https://hecdn01.hemlak.com/mncropresize/182/137/ds01/8/1/6/1/7/2/7/4/4dc8e26387cb632e7193783e86b1f178febbe9dd363b4b7fd400d2722f598b3aae40b5fdc9e58d4604eb78d9c524667e.jpg","Lumiere Gayrimenkul Danışmanlığı","WhatsApp",""
"https://www.hepsiemlak.com/izmir-bornova-kazimdirik-kiralik/daire/162799-264","1 / 49","35.000","09/09/2026","Trademark Studio Bornova'da Ara Kat - Havuz Cephe - 1+1 Kiralık","Kiralık Daire","1 + 1","52 m²","6 Yaşında","·","Kat","2. Kat","İzmir / Bornova / Kazımdirik Mah.","https://www.hepsiemlak.com/_nuxt/8cafc93fb5c74c75e9e04e528e02ccdf.jpg","Tm Gayrimenkul","WhatsApp","https://www.hepsiemlak.com/_nuxt/8cafc93fb5c74c75e9e04e528e02ccdf.jpg"
"https://www.hepsiemlak.com/izmir-buca-yildiz-kiralik/daire/143816-154","1 / 15","35.000","09/09/2026","Buca Batı Çıkışı Migros Yakını İçilüks Yapılı Kiralık 2+1 Daire","Kiralık Daire","2 + 1","105 m²","16 Yaşında","·","Kat","5. Kat","İzmir / Buca / Yıldız Mah.","https://www.hepsiemlak.com/_nuxt/8cafc93fb5c74c75e9e04e528e02ccdf.jpg","Parisa Yapı Gayrimenkul","WhatsApp","https://www.hepsiemlak.com/_nuxt/8cafc93fb5c74c75e9e04e528e02ccdf.jpg"
"https://www.hepsiemlak.com/izmir-konak-alsancak-kiralik/daire/132940-621","1 / 60","53.000","09/09/2026","Alsancak'ta Sıfır Eşyalı,Asansörlü,Doğalgazlı,2+1 Kıbrıs Şehitleri Yakını,Otoparklı Kiralık Daire","Kiralık Daire","2 + 1","75 m²","29 Yaşında","·","Kat","6. Kat","İzmir / Konak / Alsancak Mah.","https://www.hepsiemlak.com/_nuxt/8cafc93fb5c74c75e9e04e528e02ccdf.jpg","Sonay Gayrimenkul Yatırım LTD. ŞTİ.","WhatsApp","https://www.hepsiemlak.com/_nuxt/8cafc93fb5c74c75e9e04e528e02ccdf.jpg"
"https://www.hepsiemlak.com/izmir-balcova-koruturk-kiralik/daire/6945-1124","1 / 24","55.000","10/09/2026","3 .Kız Öğrenciye Ekonomi Ünv.Yakını Eşyalı 3+1 130m2","Kiralık Daire","3 + 1","140 m²","30 Yaşında","·","Kat","Yüksek Giriş","İzmir / Balçova / Korutürk Mah.","https://www.hepsiemlak.com/_nuxt/8cafc93fb5c74c75e9e04e528e02ccdf.jpg","","WhatsApp",""
"https://www.hepsiemlak.com/izmir-karsiyaka-ornekkoy-kiralik/residence/31220-11386","1 / 34","60.000","09/09/2026","Aypark Residanceta Seçkin Yaşam! Eşsiz Kapalı Teraslı 2+1 Daire","Kiralık Residence","2 + 1","116 m²","6 Yaşında","·","Kat","9. Kat","İzmir / Karşıyaka / Örnekköy Mah.","https://www.hepsiemlak.com/_nuxt/8cafc93fb5c74c75e9e04e528e02ccdf.jpg","Kw Alesta-viya-orsa 1","WhatsApp","https://www.hepsiemlak.com/_nuxt/8cafc93fb5c74c75e9e04e528e02ccdf.jpg"
"https://www.hepsiemlak.com/izmir-karabaglar-fahrettin-altay-kiralik/daire/23361-576","1 / 13","35.000","09/09/2026","Fahrettinaltay Üçkuyularda 3+1 Doğalgazlı","Kiralık Daire","3 + 1","110 m²","40 Yaşında","·","Kat","2. Kat","İzmir / Karabağlar / Fahrettin Altay Mah.","https://www.hepsiemlak.com/_nuxt/8cafc93fb5c74c75e9e04e528e02ccdf.jpg","","WhatsApp",""
"https://www.hepsiemlak.com/izmir-konak-kahramanlar-kiralik/daire/9521-833","1 / 13","25.000","09/09/2026","Cumhuriyet Kapısı Yakını 85 M2 2+1","Kiralık Daire","2 + 1","85 m²","28 Yaşında","·","Kat","3. Kat","İzmir / Konak / Kahramanlar Mah.","https://www.hepsiemlak.com/_nuxt/8cafc93fb5c74c75e9e04e528e02ccdf.jpg","","WhatsApp",""
"https://www.hepsiemlak.com/izmir-bayrakli-osmangazi-kiralik/daire/125567-107","1 / 13","20.000","09/09/2026","Osmangazi Kiralık 2+1 100m2 Teraslı Daire","Kiralık Daire","2 + 1","110 m²","30 Yaşında","·","Kat","En Üst Kat","İzmir / Bayraklı / Osmangazi Mah.","https://www.hepsiemlak.com/_nuxt/8cafc93fb5c74c75e9e04e528e02ccdf.jpg","","WhatsApp",""
"https://www.hepsiemlak.com/izmir-menderes-gumuldur-fevzi-cakmak-kiralik/daire/103687-416","1 / 19","33.000","09/09/2026","Gümüldürde Kiralık 125 M² 3+1 Daire Ara Kat Ferah Ve Kullanışlı","Kiralık Daire","3 + 1","130 m²","6 Yaşında","·","Kat","3. Kat","İzmir / Menderes / Gümüldür Fevzi Çakmak Mah.","https://www.hepsiemlak.com/_nuxt/8cafc93fb5c74c75e9e04e528e02ccdf.jpg","Arzava Gayrimenkul","WhatsApp","https://www.hepsiemlak.com/_nuxt/8cafc93fb5c74c75e9e04e528e02ccdf.jpg"
"https://www.hepsiemlak.com/izmir-cesme-musalla-kiralik/daire/25111-968","1 / 12","43.000","09/09/2026","Çeşme Merkezde Eşyasız Kiralık 3+1 Daire","Kiralık Daire","3 + 1","150 m²","16 Yaşında","·","Kat","Bahçe Katı","İzmir / Çeşme / Musalla Mah.","https://www.hepsiemlak.com/_nuxt/8cafc93fb5c74c75e9e04e528e02ccdf.jpg","Çeşme Ergun Emlak","WhatsApp","https://www.hepsiemlak.com/_nuxt/8cafc93fb5c74c75e9e04e528e02ccdf.jpg"
"https://www.hepsiemlak.com/izmir-bornova-evka-3-kiralik/villa/41545-2443","1 / 18","38.000","09/09/2026","Saraykent Evka 3 De Tripleks Bahçeli Doğalgazlı İçi Yapılı Eşşiz Güzellikte  Deniz Manzaralı 3+1","Kiralık Villa","3 + 1","120 m²","35 Yaşında","·","Kat","","İzmir / Bornova / Evka 3 Mah.","https://www.hepsiemlak.com/_nuxt/8cafc93fb5c74c75e9e04e528e02ccdf.jpg","","WhatsApp",""
"https://www.hepsiemlak.com/izmir-bayrakli-yamanlar-kiralik/daire/110285-425","1 / 17","18.000","10/09/2026","Yeşim Emlaktan Bayraklı Yamanlarda Kiralık 3+1 Teraslı  Daire","Kiralık Daire","3 + 1","130 m²","25 Yaşında","·","Kat","1. Kat","İzmir / Bayraklı / Yamanlar Mah.","https://www.hepsiemlak.com/_nuxt/8cafc93fb5c74c75e9e04e528e02ccdf.jpg","","WhatsApp",""
"https://www.hepsiemlak.com/izmir-bornova-evka-3-kiralik/daire/59475-1171","1 / 26","25.000","09/09/2026","Volkan Emlaktan Evka3'te Doğa Koleji Karşısı","Kiralık Daire","1 + 1","60 m²","25 Yaşında","·","Kat","Yüksek Giriş","İzmir / Bornova / Evka 3 Mah.","https://www.hepsiemlak.com/_nuxt/8cafc93fb5c74c75e9e04e528e02ccdf.jpg","","WhatsApp",""
"https://www.hepsiemlak.com/izmir-karsiyaka-goncalar-kiralik/daire/40322-3562","1 / 15","30.000","10/09/2026","İzmir Dedebaşı İlçe Emiyet Arkasında 2+1 80 M2 Asansörlü ,Doğalgazlı Kiralık Daire","Kiralık Daire","2 + 1","75 m²","13 Yaşında","·","Kat","2. Kat","İzmir / Karşıyaka / Goncalar Mah.","https://www.hepsiemlak.com/_nuxt/8cafc93fb5c74c75e9e04e528e02ccdf.jpg","","WhatsApp",""
"https://www.hepsiemlak.com/izmir-menemen-85-yil-cumhuriyet-kiralik/daire/166407-176","1 / 24","17.000","09/09/2026","60 M2 Kullanım Alanlı Sıfır 1+1 Kiralık Daire","Kiralık Daire","1 + 1","65 m²","Sıfır Bina","·","Kat","1. Kat","İzmir / Menemen / 85. Yıl Cumhuriyet Mah.","https://www.hepsiemlak.com/_nuxt/8cafc93fb5c74c75e9e04e528e02ccdf.jpg","Lumiere Gayrimenkul Danışmanlığı","WhatsApp",""
"https://www.hepsiemlak.com/izmir-seferihisar-sigacik-kiralik/villa/15406-255","1 / 59","65.000","09/09/2026","Sığacık'ta Muhteşem Deniz Manzaralı Eşyalı Kiralık 3+1 Tripleks","Kiralık Villa","3 + 1","130 m²","21 Yaşında","·","Kat","","İzmir / Seferihisar / Sığacık Mah.","https://www.hepsiemlak.com/_nuxt/8cafc93fb5c74c75e9e04e528e02ccdf.jpg","Teos Emlak","WhatsApp","https://www.hepsiemlak.com/_nuxt/8cafc93fb5c74c75e9e04e528e02ccdf.jpg"
"https://www.hepsiemlak.com/izmir-karsiyaka-yali-kiralik/daire/140182-565","1 / 28","35.500","10/09/2026","Yalı Mh.' Sinde 3+1 Kiralık Zemin Dubleks","Kiralık Daire","3 + 1","170 m²","28 Yaşında","·","Kat","Zemin","İzmir / Karşıyaka / Yalı Mah.","https://www.hepsiemlak.com/_nuxt/8cafc93fb5c74c75e9e04e528e02ccdf.jpg","Coldwell Banker Motto","WhatsApp","https://www.hepsiemlak.com/_nuxt/8cafc93fb5c74c75e9e04e528e02ccdf.jpg"
"https://www.hepsiemlak.com/izmir-bornova-karacaoglan-kiralik/daire/163689-129","1 / 32","30.000","09/09/2026","Yeşilovada Merkezi Konumda Ferah 3+1 Kiralık Doğalgazlı Daire","Kiralık Daire","3 + 1","120 m²","16 Yaşında","·","Kat","2. Kat","İzmir / Bornova / Karacaoğlan Mah.","https://www.hepsiemlak.com/_nuxt/8cafc93fb5c74c75e9e04e528e02ccdf.jpg","","WhatsApp",""
"https://www.hepsiemlak.com/izmir-karsiyaka-alaybey-kiralik/daire/112706-9196","1 / 35","33.000","09/09/2026","Alaybey Mah.Sinde Tadilatlı 3+1 Kombili Kiralık  Daire","Kiralık Daire","3 + 1","120 m²","45 Yaşında","·","Kat","Ara Kat","İzmir / Karşıyaka / Alaybey Mah.","https://www.hepsiemlak.com/_nuxt/8cafc93fb5c74c75e9e04e528e02ccdf.jpg","Kw Alesta-viya-orsa 2","WhatsApp","https://www.hepsiemlak.com/_nuxt/8cafc93fb5c74c75e9e04e528e02ccdf.jpg"
"https://www.hepsiemlak.com/izmir-karsiyaka-tersane-kiralik/daire/93424-1148","1 / 40","30.000","09/09/2026","Karşıyaka Alaybey Tershane Mahallesinde 3+1 Kiralık Daire","Kiralık Daire","3 + 1","105 m²","31 Yaşında","·","Kat","2. Kat","İzmir / Karşıyaka / Tersane Mah.","https://www.hepsiemlak.com/_nuxt/8cafc93fb5c74c75e9e04e528e02ccdf.jpg","Turyap Bostanlı Temsilciliği","WhatsApp","https://www.hepsiemlak.com/_nuxt/8cafc93fb5c74c75e9e04e528e02ccdf.jpg"
"https://www.hepsiemlak.com/izmir-konak-mersinli-kiralik/daire/153267-684","1 / 21","70.000","09/09/2026","Modda Port Kiralık 3+1 Daire","Kiralık Daire","3 + 1","200 m²","Sıfır Bina","·","Kat","Bahçe Katı","İzmir / Konak / Mersinli Mah.","https://hecdnnw.hemlak.com/mncropresize/77/67/logo/7/6/2/3/5/1/e92e5c53-407f-4838-a2a3-5c5b7a4f525a.jpg","Exp Realty","WhatsApp",""
"https://www.hepsiemlak.com/izmir-gaziemir-dokuz-eylul-kiralik/daire/146510-104","1 / 39","60.000","09/09/2026","Kiralık 250m2 Villa | Nasır Villalarında 4+1 Tripleks","Kiralık Daire","4 + 1","250 m²","21 Yaşında","·","Kat","1. Kat","İzmir / Gaziemir / Dokuz Eylül Mah.","","","WhatsApp",""
"https://www.hepsiemlak.com/izmir-karabaglar-gulyaka-kiralik/daire/171435-65","1 / 36","30.000","10/09/2026","Gülyaka Osman Kibar Parkı Yakını 3+1 D.Gazlı-Arakat-Genç Bina","Kiralık Daire","3 + 1","130 m²","11 Yaşında","·","Kat","1. Kat","İzmir / Karabağlar / Gülyaka Mah.","https://hecdnnw.hemlak.com/mncropresize/77/67/logo/5/3/4/1/7/1/dd7faace-681f-410f-906a-540e8f8e18c0.jpg","Garanti Gayrimenkul","WhatsApp",""
"https://www.hepsiemlak.com/izmir-buca-adatepe-kiralik/daire/145638-136","1 / 31","20.000","09/09/2026","Buca Adatepe Mahallesinde Kiralık 2+1 Klimalı Eşyalı Ev","Kiralık Daire","2 + 1","85 m²","25 Yaşında","·","Kat","Yüksek Giriş","İzmir / Buca / Adatepe Mah.","https://hecdn01.hemlak.com/mncropresize/182/137/ds01/7/3/1/7/5/2/7/4/834eb27f-c506-4318-b118-a71d08c9040b.jpg","Dsy Gayrimenkul","WhatsApp","https://hecdnnw.hemlak.com/mncropresize/77/67/logo/8/3/6/5/4/1/21f6c57a-cc04-4321-a9af-08784707a53f.jpg"
"https://www.hepsiemlak.com/izmir-karabaglar-gulyaka-kiralik/daire/44616-151","1 / 34","25.000","09/09/2026","Bozyaka - Gülyaka Mah. Doğalgazlı Kiralık Daire","Kiralık Daire","3 + 1","115 m²","25 Yaşında","·","Kat","3. Kat","İzmir / Karabağlar / Gülyaka Mah.","https://www.hepsiemlak.com/_nuxt/8cafc93fb5c74c75e9e04e528e02ccdf.jpg","Öykü Emlak","WhatsApp",""
"https://www.hepsiemlak.com/izmir-karsiyaka-donanmaci-kiralik/daire/171153-56","1 / 16","24.000","09/09/2026","Karşıyaka Çarşı İzban A Çok Yakın 2+1 Kiralık Daire","Kiralık Daire","2 + 1","85 m²","26 Yaşında","·","Kat","5. Kat","İzmir / Karşıyaka / Donanmacı Mah.","https://www.hepsiemlak.com/_nuxt/8cafc93fb5c74c75e9e04e528e02ccdf.jpg","","WhatsApp",""
"https://www.hepsiemlak.com/izmir-bayrakli-mansuroglu-kiralik/daire/9047-1220","1 / 44","20.000","10/09/2026","Bayraklı, Mansuroğlu Mah, Özkanlar Da Teras Katı 1+1 70 M2 Kiralık Daire","Kiralık Daire","1 + 1","125 m²","39 Yaşında","·","Kat","En Üst Kat","İzmir / Bayraklı / Mansuroğlu Mah.","https://www.hepsiemlak.com/_nuxt/8cafc93fb5c74c75e9e04e528e02ccdf.jpg","","WhatsApp",""
"https://www.hepsiemlak.com/izmir-karabaglar-doganay-kiralik/daire/160390-179","1 / 20","25.000","10/09/2026","Yeşilyurt Devlet Hastanesi Yakınında Kiralık 2+1 Daire","Kiralık Daire","2 + 1","105 m²","26 Yaşında","·","Kat","4. Kat","İzmir / Karabağlar / Doğanay Mah.","https://www.hepsiemlak.com/_nuxt/8cafc93fb5c74c75e9e04e528e02ccdf.jpg","Laçın Gayrimenkul Ve Emlak Danışmanlığı","WhatsApp","https://www.hepsiemlak.com/_nuxt/8cafc93fb5c74c75e9e04e528e02ccdf.jpg"
"https://www.hepsiemlak.com/izmir-seferihisar-turabiye-kiralik/daire/145867-463","1 / 34","28.000","09/09/2026","Seferihisar Otobüs Son Durağı Karşısı Ayrı Mutfaklı 3+1","Kiralık Daire","3 + 1","160 m²","16 Yaşında","·","Kat","1. Kat","İzmir / Seferihisar / Turabiye Mah.","https://www.hepsiemlak.com/_nuxt/8cafc93fb5c74c75e9e04e528e02ccdf.jpg","Yalçın Gayrimenkul","WhatsApp","https://www.hepsiemlak.com/_nuxt/8cafc93fb5c74c75e9e04e528e02ccdf.jpg"
"https://www.hepsiemlak.com/izmir-bayrakli-adalet-kiralik/daire/116849-100","1 / 22","26.000","10/09/2026","İzmir Bayraklı Adalet Mah 2+1 100 M2 Kiralık Daire","Kiralık Daire","2 + 1","100 m²","21 Yaşında","·","Kat","1. Kat","İzmir / Bayraklı / Adalet Mah.","https://www.hepsiemlak.com/_nuxt/8cafc93fb5c74c75e9e04e528e02ccdf.jpg","","WhatsApp",""
"https://www.hepsiemlak.com/izmir-menemen-goktepe-kiralik/villa/109304-380","1 / 40","60.000","09/09/2026","Menemen Göktepe Köyünde Kiralık Villa!","Kiralık Villa","3 + 1","200 m²","4 Yaşında","·","Kat","","İzmir / Menemen / Göktepe Mah.","https://www.hepsiemlak.com/_nuxt/8cafc93fb5c74c75e9e04e528e02ccdf.jpg","","WhatsApp",""
"https://www.hepsiemlak.com/izmir-foca-haciveli-kiralik/villa/170545-5","1 / 18","45.000","09/09/2026","İzmir Foça Bağarası 2+1 Dubleks Bahçeli Müstakil Villa","Kiralık Villa","2 + 1","103 m²","Sıfır Bina","·","Kat","","İzmir / Foça / Hacıveli Mah.","https://www.hepsiemlak.com/_nuxt/8cafc93fb5c74c75e9e04e528e02ccdf.jpg","","WhatsApp",""
"https://www.hepsiemlak.com/izmir-buca-vali-rahmi-bey-kiralik/daire/166217-23","1 / 16","28.000","09/09/2026","Menderes Caddesinde, Merkezi Konumda Sessiz Sakin Arka Daire","Kiralık Daire","3 + 1","130 m²","31 Yaşında","·","Kat","4. Kat","İzmir / Buca / Vali Rahmi Bey Mah.","https://www.hepsiemlak.com/_nuxt/8cafc93fb5c74c75e9e04e528e02ccdf.jpg","Turpa Günay","WhatsApp","https://www.hepsiemlak.com/_nuxt/8cafc93fb5c74c75e9e04e528e02ccdf.jpg"
"https://www.hepsiemlak.com/izmir-torbali-yedi-eylul-kiralik/daire/160928-72","1 / 21","22.000","09/09/2026","Rotaa Gayrimenkulden Esen 11 Sitesinde Bahçe Katı Kiralık Daire","Kiralık Daire","1 + 1","60 m²","6 Yaşında","·","Kat","Bahçe Katı","İzmir / Torbalı / Yedi Eylül Mah.","https://www.hepsiemlak.com/_nuxt/8cafc93fb5c74c75e9e04e528e02ccdf.jpg","Rotaa Gayrimenkul","WhatsApp","https://www.hepsiemlak.com/_nuxt/8cafc93fb5c74c75e9e04e528e02ccdf.jpg"
"https://www.hepsiemlak.com/izmir-gaziemir-gazikent-kiralik/daire/18427-1230","1 / 40","30.000","09/09/2026","Yuvam Emlak Gaziemir Gazikent Mah. Emlak Konut 2+1 Kiralık","Kiralık Daire","2 + 1","90 m²","31 Yaşında","·","Kat","1. Kat","İzmir / Gaziemir / Gazikent Mah.","https://www.hepsiemlak.com/_nuxt/8cafc93fb5c74c75e9e04e528e02ccdf.jpg","","WhatsApp",""
"https://www.hepsiemlak.com/izmir-buca-adatepe-kiralik/daire/22365-533","1 / 35","9.000","09/09/2026","Buca'da Öğrenciye 180 M2 Dairde Eşyalı Kiralık Tek Kişilik Oda.","Kiralık Daire","Stüdyo","20 m²","6 Yaşında","·","Kat","2. Kat","İzmir / Buca / Adatepe Mah.","https://www.hepsiemlak.com/_nuxt/8cafc93fb5c74c75e9e04e528e02ccdf.jpg","Tuna Ay","WhatsApp",""
"https://www.hepsiemlak.com/izmir-seferihisar-tepecik-kiralik/mustakil-ev/133723-1200","1 / 27","69.000","10/09/2026","Bahçeköy'de Eşsiz Deniz Manzaralı Taş Ev,Havuzlu Yaşam","Kiralık Müstakil Ev","3 + 1","2.000 m²","21 Yaşında","","","","İzmir / Seferihisar / Tepecik Mah.","https://www.hepsiemlak.com/_nuxt/8cafc93fb5c74c75e9e04e528e02ccdf.jpg","Equinox Gayrimenkul","WhatsApp","https://www.hepsiemlak.com/_nuxt/8cafc93fb5c74c75e9e04e528e02ccdf.jpg"
"https://www.hepsiemlak.com/izmir-karsiyaka-yali-kiralik/daire/31220-11387","1 / 33","34.000","09/09/2026","Mavişehir Soyak Optimusta Kiralık 1+1 Köşe Daire","Kiralık Daire","1 + 1","50 m²","6 Yaşında","·","Kat","6. Kat","İzmir / Karşıyaka / Yalı Mah.","https://www.hepsiemlak.com/_nuxt/8cafc93fb5c74c75e9e04e528e02ccdf.jpg","Kw Alesta-viya-orsa 1","WhatsApp","https://www.hepsiemlak.com/_nuxt/8cafc93fb5c74c75e9e04e528e02ccdf.jpg"
"https://www.hepsiemlak.com/izmir-kemalpasa-ataturk-kiralik/daire/74075-831","1 / 33","17.000","10/09/2026","İzmir Kemalpaşa Atatürk Mahallesin De3+1 Doğalgazlı Kiralık Daire","Kiralık Daire","3 + 1","200 m²","15 Yaşında","·","Kat","Giriş Katı","İzmir / Kemalpaşa / Atatürk Mah.","https://www.hepsiemlak.com/_nuxt/8cafc93fb5c74c75e9e04e528e02ccdf.jpg","","WhatsApp",""
"https://www.hepsiemlak.com/izmir-bayrakli-manavkuyu-kiralik/daire/63812-303","1 / 20","30.000","09/09/2026","Çamkıranda Ana Çad Üzerinde Site İçerisinde Doğalgazlı (3+1) Kiralık Daira","Kiralık Daire","3 + 1","110 m²","30 Yaşında","·","Kat","Ara Kat","İzmir / Bayraklı / Manavkuyu Mah.","https://www.hepsiemlak.com/_nuxt/8cafc93fb5c74c75e9e04e528e02ccdf.jpg","","WhatsApp",""
"https://www.hepsiemlak.com/izmir-bornova-erzene-kiralik/daire/41545-2416","1 / 17","60.000","09/09/2026","Bornova Merkez De 3+1 Full Eşyalı Full Yapılı Ongun'dan","Kiralık Daire","3 + 1","140 m²","26 Yaşında","·","Kat","6. Kat","İzmir / Bornova / Erzene Mah.","https://www.hepsiemlak.com/_nuxt/8cafc93fb5c74c75e9e04e528e02ccdf.jpg","","WhatsApp",""
"https://www.hepsiemlak.com/izmir-menderes-cukuralti-kiralik/villa/103687-425","1 / 14","40.000","09/09/2026","Kiralık 3+1 Tripleks Villa Bahçeli Deniz Manzaralı Mangal Alanlı","Kiralık Villa","3 + 1","150 m²","6 Yaşında","·","Kat","","İzmir / Menderes / Çukuraltı Mah.","https://www.hepsiemlak.com/_nuxt/8cafc93fb5c74c75e9e04e528e02ccdf.jpg","Arzava Gayrimenkul","WhatsApp","https://www.hepsiemlak.com/_nuxt/8cafc93fb5c74c75e9e04e528e02ccdf.jpg"
"https://www.hepsiemlak.com/izmir-konak-cankaya-kiralik/yali-dairesi/92446-789","1 / 28","85.000","09/09/2026","Türk Kolejine Yakın Komple Tadilat Gören Yalı Dairesi","Kiralık Yalı Dairesi","3 + 1","150 m²","28 Yaşında","·","Kat","6. Kat","İzmir / Konak / Çankaya Mah.","https://www.hepsiemlak.com/_nuxt/8cafc93fb5c74c75e9e04e528e02ccdf.jpg","","WhatsApp",""
"https://www.hepsiemlak.com/izmir-menemen-gazi-mustafa-kemal-kiralik/daire/166407-175","1 / 21","17.000","09/09/2026","Gazi Mustafa Kemal Mahallesinde 1+1 Eşyasız Kiralık Daire","Kiralık Daire","1 + 1","45 m²","Sıfır Bina","·","Kat","3. Kat","İzmir / Menemen / Gazi Mustafa Kemal Mah.","https://www.hepsiemlak.com/_nuxt/8cafc93fb5c74c75e9e04e528e02ccdf.jpg","Lumiere Gayrimenkul Danışmanlığı","WhatsApp",""
"https://www.hepsiemlak.com/izmir-konak-goztepe-kiralik/daire/164530-57","1 / 11","46.000","09/09/2026","Sahibinden Göztepe'de Full Eşyalı Merkrzi Doğalgazlı Modern 1+1","Kiralık Daire","1 + 1","98 m²","31 Yaşında","·","Kat","Yüksek Giriş","İzmir / Konak / Göztepe Mah.","https://hecdnnw.hemlak.com/mncropresize/77/67/logo/0/3/5/4/6/1/11c9b64f-c0bc-4be5-a7de-42d6da7dd354.jpg","Tekinalp My İnşaat","WhatsApp",""
"https://www.hepsiemlak.com/izmir-karsiyaka-tuna-kiralik/daire/153254-204","1 / 25","20.000","09/09/2026","Karşıyaka Tuna Mahallesi’nde Merkezi Konumda Boyalı,   Klimalı 1. Kat 2+1  Daire","Kiralık Daire","2 + 1","85 m²","44 Yaşında","·","Kat","1. Kat","İzmir / Karşıyaka / Tuna Mah.","https://www.hepsiemlak.com/img/loadings/noImage55-55.png","Turpa Egemen","WhatsApp",""
"https://www.hepsiemlak.com/izmir-torbali-yazibasi-kiralik/daire/171273-22","1 / 30","19.000","09/09/2026","Gürser Emlaktan 2+1yazıbaşı Da Kiralık Daire","Kiralık Daire","2 + 1","110 m²","6 Yaşında","·","Kat","1. Kat","İzmir / Torbalı / Yazıbaşı Mah.","","","WhatsApp",""
"https://www.hepsiemlak.com/izmir-karsiyaka-tuna-kiralik/daire/171153-27","1 / 22","30.000","09/09/2026","Karşıyaka İskele Karşısı Sokağında 2+1 Geniş Kiralık Daire","Kiralık Daire","2 + 1","100 m²","31 Yaşında","·","Kat","5. Kat","İzmir / Karşıyaka / Tuna Mah.","https://hecdn01.hemlak.com/mncropresize/182/137/ds01/8/1/6/1/5/1/7/4/367b937a-c68a-4169-b550-61ff5de10994.jpg","","WhatsApp",""
"https://www.hepsiemlak.com/izmir-cigli-atasehir-kiralik/daire/43406-692","1 / 33","35.000","09/09/2026","Ataşehir Sağlık Ocağı Arkasında Doğalgazlı Ara Kat Kiralık 3+1 Daire","Kiralık Daire","3 + 1","125 m²","25 Yaşında","·","Kat","3. Kat","İzmir / Çiğli / Ataşehir Mah.","https://www.hepsiemlak.com/_nuxt/8cafc93fb5c74c75e9e04e528e02ccdf.jpg","Eray Eroğlu","WhatsApp",""
"https://www.hepsiemlak.com/izmir-buca-camlikule-kiralik/daire/160390-174","1 / 38","25.000","10/09/2026","Laçin Den Buca Çiftçi Petrol Yanı 2+1 Eşyalı Daire","Kiralık Daire","2 + 1","110 m²","16 Yaşında","·","Kat","3. Kat","İzmir / Buca / Çamlıkule Mah.","https://www.hepsiemlak.com/_nuxt/8cafc93fb5c74c75e9e04e528e02ccdf.jpg","Laçın Gayrimenkul Ve Emlak Danışmanlığı","WhatsApp","https://www.hepsiemlak.com/_nuxt/8cafc93fb5c74c75e9e04e528e02ccdf.jpg"
"https://www.hepsiemlak.com/izmir-balcova-onur-kiralik/daire/93424-1137","1 / 34","60.000","09/09/2026","Balçova Sarmaşık Cd. Full Eşyalı 3+1 Kiralık Daire","Kiralık Daire","3 + 1","125 m²","26 Yaşında","·","Kat","1. Kat","İzmir / Balçova / Onur Mah.","https://www.hepsiemlak.com/_nuxt/8cafc93fb5c74c75e9e04e528e02ccdf.jpg","Turyap Bostanlı Temsilciliği","WhatsApp","https://www.hepsiemlak.com/_nuxt/8cafc93fb5c74c75e9e04e528e02ccdf.jpg"
"https://www.hepsiemlak.com/izmir-bayrakli-adalet-kiralik/daire/116849-96","1 / 35","24.000","10/09/2026","İzmir Bayraklı Adalet Mah 3+1 115m2 Kiralık Daire","Kiralık Daire","3 + 1","115 m²","16 Yaşında","·","Kat","4. Kat","İzmir / Bayraklı / Adalet Mah.","https://www.hepsiemlak.com/_nuxt/8cafc93fb5c74c75e9e04e528e02ccdf.jpg","","WhatsApp",""
"https://www.hepsiemlak.com/izmir-buca-baris-kiralik/daire/166217-22","1 / 15","25.000","09/09/2026","Menderes Cad. Şehrin Merkezinde Fakat Gürültüden Uzak Arka Daire","Kiralık Daire","3 + 1","110 m²","26 Yaşında","·","Kat","2. Kat","İzmir / Buca / Barış Mah.","https://www.hepsiemlak.com/_nuxt/8cafc93fb5c74c75e9e04e528e02ccdf.jpg","Turpa Günay","WhatsApp","https://www.hepsiemlak.com/_nuxt/8cafc93fb5c74c75e9e04e528e02ccdf.jpg"
"https://www.hepsiemlak.com/izmir-cigli-aydinlikevler-kiralik/mustakil-ev/57124-651","1 / 35","40.000","10/09/2026","Aydınlık Evler'de Bahçeli, Müstakil, 3 Katlı Kiralık Tripleks","Kiralık Müstakil Ev","4 + 1","145 m²","31 Yaşında","·","Kat","Bahçe Katı","İzmir / Çiğli / Aydınlıkevler Mah.","https://www.hepsiemlak.com/_nuxt/8cafc93fb5c74c75e9e04e528e02ccdf.jpg","Gür Kardeşler Emlak","WhatsApp","https://www.hepsiemlak.com/_nuxt/8cafc93fb5c74c75e9e04e528e02ccdf.jpg"
"https://www.hepsiemlak.com/izmir-konak-guzelyali-kiralik/daire/42120-1191","1 / 37","45.000","10/09/2026","Güzelyalıda Yeni Asansörlü 2+1 Daire","Kiralık Daire","2 + 1","90 m²","5 Yaşında","·","Kat","1. Kat","İzmir / Konak / Güzelyalı Mah.","https://www.hepsiemlak.com/_nuxt/8cafc93fb5c74c75e9e04e528e02ccdf.jpg","","WhatsApp",""
"https://www.hepsiemlak.com/izmir-seferihisar-camikebir-kiralik/daire/133723-1188","1 / 35","45.000","10/09/2026","Camikebir Mah.Havuzlu Site İçi K.Mutfak 3+1 Kiralık Daire","Kiralık Daire","3 + 1","135 m²","3 Yaşında","·","Kat","4. Kat","İzmir / Seferihisar / Camikebir Mah.","https://www.hepsiemlak.com/_nuxt/8cafc93fb5c74c75e9e04e528e02ccdf.jpg","Equinox Gayrimenkul","WhatsApp","https://www.hepsiemlak.com/_nuxt/8cafc93fb5c74c75e9e04e528e02ccdf.jpg"
"https://www.hepsiemlak.com/izmir-bornova-erzene-kiralik/daire/41893-161","1 / 51","35.000","10/09/2026","Ege Kampüs Yakını,Ata Durağı A101 Karşısında Kombili Kiralık 3+1 Daire","Kiralık Daire","3 + 1","120 m²","30 Yaşında","·","Kat","4. Kat","İzmir / Bornova / Erzene Mah.","https://www.hepsiemlak.com/_nuxt/8cafc93fb5c74c75e9e04e528e02ccdf.jpg","","WhatsApp",""
"https://www.hepsiemlak.com/izmir-karabaglar-uckuyular-kiralik/daire/80445-238","1 / 23","35.000","10/09/2026","Eşyalı Üçkuyular İnönü Caddesinde F.Altay 'a Çok Yakın Merkezi Konumda","Kiralık Daire","3 + 1","90 m²","35 Yaşında","·","Kat","8. Kat","İzmir / Karabağlar / Üçkuyular Mah.","https://www.hepsiemlak.com/_nuxt/8cafc93fb5c74c75e9e04e528e02ccdf.jpg","Ankara Emlak İzmir","WhatsApp",""
"https://www.hepsiemlak.com/izmir-buca-ataturk-kiralik/daire/145638-137","1 / 14","18.500","10/09/2026","Buca Atatürk Mahallesinde Kiralık 1+1 Çift Klimalı Eşyalı Ev","Kiralık Daire","1 + 1","55 m²","9 Yaşında","·","Kat","Giriş Katı","İzmir / Buca / Atatürk Mah.","https://www.hepsiemlak.com/_nuxt/8cafc93fb5c74c75e9e04e528e02ccdf.jpg","Dsy Gayrimenkul","WhatsApp","https://www.hepsiemlak.com/_nuxt/8cafc93fb5c74c75e9e04e528e02ccdf.jpg"
"https://www.hepsiemlak.com/izmir-menemen-kasimpasa-kiralik/daire/109304-381","1 / 32","30.000","09/09/2026","Menemen İlçe Merkezinde Kiralık Daire! Konum Avantajlı, Ara Kat!","Kiralık Daire","3 + 1","110 m²","35 Yaşında","·","Kat","1. Kat","İzmir / Menemen / Kasımpaşa Mah.","https://www.hepsiemlak.com/_nuxt/8cafc93fb5c74c75e9e04e528e02ccdf.jpg","","WhatsApp",""
"https://www.hepsiemlak.com/izmir-karsiyaka-bostanli-kiralik/daire/17980-2022","1 / 22","38.000","09/09/2026","Kiralık Bostanlı'da İzban'a Sahileyakın 3+1 Dgazlı Bakımlı 3.Kat","Kiralık Daire","3 + 1","130 m²","31 Yaşında","·","Kat","3. Kat","İzmir / Karşıyaka / Bostanlı Mah.","https://www.hepsiemlak.com/_nuxt/8cafc93fb5c74c75e9e04e528e02ccdf.jpg","Hande Emlak","WhatsApp","https://www.hepsiemlak.com/_nuxt/8cafc93fb5c74c75e9e04e528e02ccdf.jpg"
"https://www.hepsiemlak.com/izmir-bornova-rafet-pasa-kiralik/daire/112706-9197","1 / 30","80.000","10/09/2026","Onag Yaşam Evleri Sitesinde Kiralık 3+1 Daire","Kiralık Daire","3 + 1","175 m²","11 Yaşında","·","Kat","3. Kat","İzmir / Bornova / Rafet Paşa Mah.","https://www.hepsiemlak.com/_nuxt/8cafc93fb5c74c75e9e04e528e02ccdf.jpg","Kw Alesta-viya-orsa 2","WhatsApp","https://www.hepsiemlak.com/_nuxt/8cafc93fb5c74c75e9e04e528e02ccdf.jpg"
"https://www.hepsiemlak.com/izmir-balcova-fevzi-cakmak-kiralik/daire/130639-319","1 / 17","43.500","10/09/2026","Fb Gayrimenkul'den Geniş 3+1 Kiralık Daire","Kiralık Daire","3 + 1","125 m²","26 Yaşında","·","Kat","3. Kat","İzmir / Balçova / Fevzi Çakmak Mah.","https://www.hepsiemlak.com/_nuxt/8cafc93fb5c74c75e9e04e528e02ccdf.jpg","Feyza Baklacı Gayrimenkul Danışmanlığı","WhatsApp","https://www.hepsiemlak.com/_nuxt/8cafc93fb5c74c75e9e04e528e02ccdf.jpg"
"https://www.hepsiemlak.com/izmir-karabaglar-adnan-suvari-kiralik/daire/6949-3267","1 / 17","35.000","09/09/2026","Piriştina Parkı Karşısı,3+1,Komple Eşyalı Kiralık Dubleks Daire.","Kiralık Daire","3 + 1","145 m²","26 Yaşında","·","Kat","Giriş Katı","İzmir / Karabağlar / Adnan Süvari Mah.","https://www.hepsiemlak.com/_nuxt/8cafc93fb5c74c75e9e04e528e02ccdf.jpg","Altın Anahtar Emlak-1","WhatsApp",""
"https://www.hepsiemlak.com/izmir-bornova-kazimdirik-kiralik/mustakil-ev/43114-268","1 / 16","40.000","09/09/2026","İzmir Bırnova Kazımdirikte Esyalı 2+1 40000 Tl Müstakil Teraslı Doğalgazlı","Kiralık Müstakil Ev","2 + 1","60 m²","32 Yaşında","·","Kat","","İzmir / Bornova / Kazımdirik Mah.","https://www.hepsiemlak.com/_nuxt/8cafc93fb5c74c75e9e04e528e02ccdf.jpg","","WhatsApp",""
"https://www.hepsiemlak.com/izmir-buca-kozagac-kiralik/daire/63598-468","1 / 19","20.000","10/09/2026","Arga'dan Kozağaç Meydan Yakını 1+1 Eşyalı D.Gazlı Kiralık Daire","Kiralık Daire","1 + 1","40 m²","6 Yaşında","·","Kat","Yüksek Giriş","İzmir / Buca / Kozağaç Mah.","https://www.hepsiemlak.com/_nuxt/8cafc93fb5c74c75e9e04e528e02ccdf.jpg","Arga Emlak","WhatsApp","https://www.hepsiemlak.com/_nuxt/8cafc93fb5c74c75e9e04e528e02ccdf.jpg"
"https://www.hepsiemlak.com/izmir-seferihisar-colak-ibrahim-bey-kiralik/daire/133723-1181","1 / 24","33.000","10/09/2026","Çolak İbrahimbey Mahallesi'nde Büyük Teraslı Dubleks 2 + 1 Daire","Kiralık Daire","2 + 1","100 m²","3 Yaşında","·","Kat","4. Kat","İzmir / Seferihisar / Çolak İbrahim Bey Mah.","https://www.hepsiemlak.com/_nuxt/8cafc93fb5c74c75e9e04e528e02ccdf.jpg","Equinox Gayrimenkul","WhatsApp","https://www.hepsiemlak.com/_nuxt/8cafc93fb5c74c75e9e04e528e02ccdf.jpg"
"https://www.hepsiemlak.com/izmir-karsiyaka-latife-hanim-kiralik/daire/26584-3059","1 / 25","18.000","09/09/2026","Karşıyaka Latife Hnm Mah De Kiralık 2+1 Bakımlı  Daire","Kiralık Daire","2 + 0","100 m²","30 Yaşında","·","Kat","1. Kat","İzmir / Karşıyaka / Latife Hanım Mah.","https://www.hepsiemlak.com/_nuxt/8cafc93fb5c74c75e9e04e528e02ccdf.jpg","Kanıt Emlak","WhatsApp","https://www.hepsiemlak.com/_nuxt/8cafc93fb5c74c75e9e04e528e02ccdf.jpg"
"https://www.hepsiemlak.com/izmir-konak-kemal-reis-kiralik/daire/10484-2893","1 / 13","22.000","10/09/2026","2+1kıralık 17 Yıllık Deniz Mabzaralı Daıre","Kiralık Daire","2 + 1","75 m²","17 Yaşında","·","Kat","Çatı Katı","İzmir / Konak / Kemal Reis Mah.","","","WhatsApp",""
"https://www.hepsiemlak.com/izmir-karabaglar-uckuyular-kiralik/daire/9764-9224","1 / 22","40.000","09/09/2026","İlhan'dan İzmir Demokrasi Üniversitesi Cadde Yanı Doğalgazlı Geniş Daire","Kiralık Daire","3 + 1","140 m²","30 Yaşında","·","Kat","4. Kat","İzmir / Karabağlar / Üçkuyular Mah.","https://hecdnnw.hemlak.com/mncropresize/77/67/logo/4/6/7/9/0/0/633853af-7688-4cf3-93f5-f98557e6e1e8.jpg","İlhan Emlak","WhatsApp",""
"https://www.hepsiemlak.com/izmir-buca-laleli-kiralik/daire/122602-160","1 / 12","23.000","10/09/2026","Eşyalı Kiralık Doğalgazlı 1+1 Daire","Kiralık Daire","1 + 1","40 m²","10 Yaşında","·","Kat","7. Kat","İzmir / Buca / Laleli Mah.","https://hecdnnw.hemlak.com/mncropresize/77/67/logo/2/0/6/2/2/1/38a79d98-13a7-4163-8cff-57103c8582ff.jpg","Nadir Emlak","WhatsApp",""
"https://www.hepsiemlak.com/izmir-menemen-gazi-mustafa-kemal-kiralik/daire/80904-1258","1 / 21","19.500","09/09/2026","Seyrek G.Mustafa Kemal'de Eşyalı Doğalgazlı 1+1 Kiralik Daire","Kiralık Daire","1 + 1","50 m²","2 Yaşında","·","Kat","2. Kat","İzmir / Menemen / Gazi Mustafa Kemal Mah.","https://hecdn01.hemlak.com/mncropresize/182/137/ds01/7/7/9/3/7/2/7/4/7a3c657b-0920-42ed-bdad-da7025abda62.jpg","","WhatsApp",""
"https://www.hepsiemlak.com/izmir-buca-sirinkapi-kiralik/daire/123359-300","1 / 8","21.000","10/09/2026","Buca Evka 1 Yaşam Vadisinde 1+1 | Balkonlu | Yerden Isıtmalı","Kiralık Daire","1 + 1","55 m²","3 Yaşında","·","Kat","Bahçe Katı","İzmir / Buca / Şirinkapı Mah.","https://www.hepsiemlak.com/_nuxt/8cafc93fb5c74c75e9e04e528e02ccdf.jpg","","WhatsApp",""
"https://www.hepsiemlak.com/izmir-cigli-aydinlikevler-kiralik/daire/57124-655","1 / 23","28.000","10/09/2026","Aydınlık Evler Mah'de Kiralık 3+1 Doğalgazlı Daire","Kiralık Daire","3 + 1","120 m²","31 Yaşında","·","Kat","2. Kat","İzmir / Çiğli / Aydınlıkevler Mah.","https://www.hepsiemlak.com/_nuxt/8cafc93fb5c74c75e9e04e528e02ccdf.jpg","Gür Kardeşler Emlak","WhatsApp","https://www.hepsiemlak.com/_nuxt/8cafc93fb5c74c75e9e04e528e02ccdf.jpg"
"https://www.hepsiemlak.com/izmir-bornova-kazimdirik-kiralik/daire/31745-23397","1 / 52","36.500","09/09/2026","Kiralık Bornova Metro Ve , Ege Ünv Hst Yakını 3+1 Asansörlü Kilerli Boş Daire","Kiralık Daire","3 + 1","140 m²","36 Yaşında","·","Kat","6. Kat","İzmir / Bornova / Kazımdirik Mah.","https://www.hepsiemlak.com/_nuxt/8cafc93fb5c74c75e9e04e528e02ccdf.jpg","Kw Alesta-viya-orsa 5","WhatsApp","https://www.hepsiemlak.com/_nuxt/8cafc93fb5c74c75e9e04e528e02ccdf.jpg"
"https://www.hepsiemlak.com/izmir-bornova-kazimdirik-kiralik/daire/162799-270","1 / 39","45.000","09/09/2026","Trademark Pı Sitesinde Bahçeli Lüks Eşyalı Daire","Kiralık Daire","1 + 1","74 m²","1 Yaşında","·","Kat","Bahçe Katı","İzmir / Bornova / Kazımdirik Mah.","https://www.hepsiemlak.com/_nuxt/8cafc93fb5c74c75e9e04e528e02ccdf.jpg","Tm Gayrimenkul","WhatsApp","https://www.hepsiemlak.com/_nuxt/8cafc93fb5c74c75e9e04e528e02ccdf.jpg"
"https://www.hepsiemlak.com/izmir-buca-ataturk-kiralik/daire/63598-461","1 / 30","20.000","09/09/2026","Arga'dan Üçkuyular Meydan Yakını Eşyalı 1+1 Kiralık Daire.","Kiralık Daire","1 + 1","55 m²","4 Yaşında","·","Kat","Bahçe Katı","İzmir / Buca / Atatürk Mah.","https://www.hepsiemlak.com/_nuxt/8cafc93fb5c74c75e9e04e528e02ccdf.jpg","Arga Emlak","WhatsApp","https://www.hepsiemlak.com/_nuxt/8cafc93fb5c74c75e9e04e528e02ccdf.jpg"
"https://www.hepsiemlak.com/izmir-konak-mimar-sinan-kiralik/daire/132940-743","1 / 21","35.000","09/09/2026","Alsancak Mimar Sinan'da Eşyalı Doğalgazlı 2+1  Kiralık Daire","Kiralık Daire","2 + 1","110 m²","30 Yaşında","·","Kat","4. Kat","İzmir / Konak / Mimar Sinan Mah.","https://www.hepsiemlak.com/_nuxt/8cafc93fb5c74c75e9e04e528e02ccdf.jpg","Sonay Gayrimenkul Yatırım LTD. ŞTİ.","WhatsApp","https://www.hepsiemlak.com/_nuxt/8cafc93fb5c74c75e9e04e528e02ccdf.jpg"
"https://www.hepsiemlak.com/izmir-buca-adatepe-kiralik/daire/143816-137","1 / 24","30.000","09/09/2026","Bucaparisadan Adatep Mah.De Yeni Eşyalı D.Gazlı Balk.Klimalı 2+1","Kiralık Daire","2 + 1","70 m²","16 Yaşında","·","Kat","3. Kat","İzmir / Buca / Adatepe Mah.","https://www.hepsiemlak.com/_nuxt/8cafc93fb5c74c75e9e04e528e02ccdf.jpg","Parisa Yapı Gayrimenkul","WhatsApp","https://www.hepsiemlak.com/_nuxt/8cafc93fb5c74c75e9e04e528e02ccdf.jpg"
"https://www.hepsiemlak.com/izmir-seferihisar-colak-ibrahim-bey-kiralik/daire/133723-1176","1 / 18","18.000","10/09/2026","Seferihisar Çolakibrahim Mahallesinde Kiralık 1+1 Daire","Kiralık Daire","1 + 1","50 m²","2 Yaşında","·","Kat","Yüksek Giriş","İzmir / Seferihisar / Çolak İbrahim Bey Mah.","https://www.hepsiemlak.com/_nuxt/8cafc93fb5c74c75e9e04e528e02ccdf.jpg","Equinox Gayrimenkul","WhatsApp","https://www.hepsiemlak.com/_nuxt/8cafc93fb5c74c75e9e04e528e02ccdf.jpg"
"https://www.hepsiemlak.com/izmir-konak-kilic-reis-kiralik/daire/9521-835","1 / 14","27.000","09/09/2026","Üçyol Da  Eşyalı D.Gazlı 2+1","Kiralık Daire","3 + 0","85 m²","28 Yaşında","·","Kat","3. Kat","İzmir / Konak / Kılıç Reis Mah.","https://www.hepsiemlak.com/_nuxt/8cafc93fb5c74c75e9e04e528e02ccdf.jpg","","WhatsApp",""
"https://www.hepsiemlak.com/izmir-bornova-mevlana-kiralik/daire/0-47269112","1 / 17","30.000","09/09/2026","Aile Apatmanında Kiralık Daire","Kiralık Daire","3 + 1","155 m²","20 Yaşında","·","Kat","Ara Kat","İzmir / Bornova / Mevlana Mah.","https://www.hepsiemlak.com/_nuxt/8cafc93fb5c74c75e9e04e528e02ccdf.jpg","","WhatsApp",""
"https://www.hepsiemlak.com/izmir-dikili-candarli-kiralik/daire/156010-170","1 / 25","23.000","10/09/2026","Tam Merkezde, Denize 20 M. 1+1 Yeni Tadilatlı Kiralık Daire","Kiralık Daire","1 + 1","60 m²","21 Yaşında","·","Kat","2. Kat","İzmir / Dikili / Çandarlı Mah.","https://www.hepsiemlak.com/_nuxt/8cafc93fb5c74c75e9e04e528e02ccdf.jpg","Anka Gayrimenkul Çandarlı","WhatsApp","https://www.hepsiemlak.com/_nuxt/8cafc93fb5c74c75e9e04e528e02ccdf.jpg"
"https://www.hepsiemlak.com/izmir-karsiyaka-goncalar-kiralik/daire/141718-137","1 / 20","30.000","09/09/2026","Karşıyaka Goncalar Mahallesinde 2+1 Ayrı Mutfak Kiralık Daire","Kiralık Daire","2 + 1","56 m²","6 Yaşında","·","Kat","Yüksek Giriş","İzmir / Karşıyaka / Goncalar Mah.","https://www.hepsiemlak.com/_nuxt/8cafc93fb5c74c75e9e04e528e02ccdf.jpg","Gho Nar Gayrimenkul","WhatsApp","https://www.hepsiemlak.com/_nuxt/8cafc93fb5c74c75e9e04e528e02ccdf.jpg"
"https://www.hepsiemlak.com/izmir-cigli-egekent-kiralik/daire/154742-48","1 / 18","25.000","09/09/2026","Egekent'te Deniz Manzaralı Ara Kat Kiralık","Kiralık Daire","3 + 1","120 m²","26 Yaşında","·","Kat","4. Kat","İzmir / Çiğli / Egekent Mah.","https://www.hepsiemlak.com/_nuxt/8cafc93fb5c74c75e9e04e528e02ccdf.jpg","Mert Aydeniz Emlak","WhatsApp","https://www.hepsiemlak.com/_nuxt/8cafc93fb5c74c75e9e04e528e02ccdf.jpg"
"https://www.hepsiemlak.com/izmir-karabaglar-basin-sitesi-kiralik/daire/119288-1319","1 / 60","35.000","09/09/2026","Msg'den İnönü Cadde Yakını Basın Sitesinde 2+1 Doğalgazlı Daire","Kiralık Daire","2 + 1","108 m²","26 Yaşında","·","Kat","4. Kat","İzmir / Karabağlar / Basın Sitesi Mah.","https://www.hepsiemlak.com/_nuxt/8cafc93fb5c74c75e9e04e528e02ccdf.jpg","Msg Gayrimenkul","WhatsApp","https://www.hepsiemlak.com/_nuxt/8cafc93fb5c74c75e9e04e528e02ccdf.jpg"
"https://www.hepsiemlak.com/izmir-buca-inkilap-kiralik/daire/24511-10164","1 / 38","35.000","08/09/2026","Şirinyer İzban Arkası Full Eşyalı 2+1 Asansörlü Doğalgazlı Arakat Kiralık Genç Daire","Kiralık Daire","2 + 1","94 m²","5 Yaşında","·","Kat","Ara Kat","İzmir / Buca / İnkılap Mah.","https://www.hepsiemlak.com/_nuxt/8cafc93fb5c74c75e9e04e528e02ccdf.jpg","Turyap Şirinyer","WhatsApp","https://www.hepsiemlak.com/_nuxt/8cafc93fb5c74c75e9e04e528e02ccdf.jpg"
"https://www.hepsiemlak.com/izmir-karsiyaka-aksoy-kiralik/daire/94349-841","1 / 47","65.000","10/09/2026","Aksoy Orman Bölge Fidanlığa Bakan Yeni Binada Kiralık 3+1 Daire","Kiralık Daire","3 + 1","115 m²","1 Yaşında","·","Kat","5. Kat","İzmir / Karşıyaka / Aksoy Mah.","https://www.hepsiemlak.com/_nuxt/8cafc93fb5c74c75e9e04e528e02ccdf.jpg","Pırlanta Emlak","WhatsApp","https://www.hepsiemlak.com/_nuxt/8cafc93fb5c74c75e9e04e528e02ccdf.jpg"
"https://www.hepsiemlak.com/izmir-guzelbahce-camli-kiralik/villa/167685-40","1 / 60","110.000","08/09/2026","Havuzlu Tek Müstakil Kiralık","Kiralık Villa","4 + 1","220 m²","11 Yaşında","·","Kat","","İzmir / Güzelbahçe / Çamlı Mah.","https://www.hepsiemlak.com/_nuxt/8cafc93fb5c74c75e9e04e528e02ccdf.jpg","","WhatsApp",""
"https://www.hepsiemlak.com/izmir-menemen-gazi-mustafa-kemal-kiralik/daire/108805-879","1 / 60","21.500","08/09/2026","Seyrek Merkezde Kiralık Ful Eşyalı Üniversiteye Yakın  2+1 Doğalgazlı","Kiralık Daire","2 + 1","85 m²","7 Yaşında","·","Kat","2. Kat","İzmir / Menemen / Gazi Mustafa Kemal Mah.","https://www.hepsiemlak.com/_nuxt/8cafc93fb5c74c75e9e04e528e02ccdf.jpg","","WhatsApp",""
"https://www.hepsiemlak.com/izmir-karsiyaka-bahriye-ucok-kiralik/daire/134354-3507","1 / 43","38.000","08/09/2026","Karşıyaka Bahriye Üçok Mahallesi 3+1 Kiralık Daire","Kiralık Daire","3 + 1","130 m²","25 Yaşında","·","Kat","5. Kat","İzmir / Karşıyaka / Bahriye Üçok Mah.","https://www.hepsiemlak.com/_nuxt/8cafc93fb5c74c75e9e04e528e02ccdf.jpg","Remax Target","WhatsApp","https://www.hepsiemlak.com/_nuxt/8cafc93fb5c74c75e9e04e528e02ccdf.jpg"
"https://www.hepsiemlak.com/izmir-bornova-kazimdirik-kiralik/daire/136240-191","1 / 31","55.000","09/09/2026","Bornova Myvia Bahçe'de Sıfır Eşyalı Tadilatlı 2+1 Kiralık Daire","Kiralık Daire","2 + 1","75 m²","6 Yaşında","·","Kat","3. Kat","İzmir / Bornova / Kazımdirik Mah.","https://www.hepsiemlak.com/_nuxt/8cafc93fb5c74c75e9e04e528e02ccdf.jpg","Dialog Design Gayrimenkul","WhatsApp","https://www.hepsiemlak.com/_nuxt/8cafc93fb5c74c75e9e04e528e02ccdf.jpg"
"https://www.hepsiemlak.com/izmir-konak-kilic-reis-kiralik/daire/83651-2135","1 / 30","30.000","09/09/2026","İzmir Spor Metro Yakını 2+1 100m2 Full Eşyalı Temiz Bakımlı","Kiralık Daire","2 + 1","100 m²","31 Yaşında","·","Kat","1. Kat","İzmir / Konak / Kılıç Reis Mah.","https://hecdnnw.hemlak.com/mncropresize/77/67/logo/1/5/6/3/8/0/42979d50-b404-4074-9a86-d7cc948d4f25.jpg","Almira Emlak","WhatsApp",""
"https://www.hepsiemlak.com/izmir-buca-baris-kiralik/daire/0-47263896","1 / 17","32.000","08/09/2026","Sahibinden 3+1 Şirinyer Işıklı Park Yakını Full Yenilenmiş Ferah Daire","Kiralık Daire","3 + 1","135 m²","24 Yaşında","·","Kat","Yüksek Giriş","İzmir / Buca / Barış Mah.","","","WhatsApp",""
"https://www.hepsiemlak.com/izmir-karsiyaka-bahcelievler-kiralik/daire/170657-98","1 / 31","40.000","08/09/2026","Girne Ve Ordu Blv. Kesişiminde Tadilatlı Asansörlü 3+1, 120m2","Kiralık Daire","3 + 1","120 m²","26 Yaşında","·","Kat","2. Kat","İzmir / Karşıyaka / Bahçelievler Mah.","","","WhatsApp",""
"https://www.hepsiemlak.com/izmir-karsiyaka-dedebasi-kiralik/daire/136263-235","1 / 18","28.000","09/09/2026","Kiralık Daire, 1+1, Ara Kat, Klimalı, Dedebaşında, Çakırdan","Kiralık Daire","1 + 1","42 m²","16 Yaşında","·","Kat","2. Kat","İzmir / Karşıyaka / Dedebaşı Mah.","https://hecdn01.hemlak.com/mncropresize/182/137/ds01/3/8/7/5/6/2/7/4/b4aa1f92-91e0-477c-b75b-98b34916e0c2.jpg","","WhatsApp",""
"https://www.hepsiemlak.com/izmir-guzelbahce-kahramandere-kiralik/villa/113856-780","1 / 35","87.500","08/09/2026","Güzelbahçe Dr Güngör Özbek Anadolu Lisesi Yakını Müstakil Villa","Kiralık Villa","3 + 1","200 m²","11 Yaşında","·","Kat","","İzmir / Güzelbahçe / Kahramandere Mah.","https://www.hepsiemlak.com/_nuxt/8cafc93fb5c74c75e9e04e528e02ccdf.jpg","","WhatsApp",""
"https://www.hepsiemlak.com/izmir-cigli-esentepe-kiralik/daire/142802-466","1 / 29","34.000","09/09/2026","Egekent Esentepede Kiralık 2+1 Kapalı Mutfak-Ebeveyn Banyo","Kiralık Daire","2 + 1","90 m²","3 Yaşında","·","Kat","3. Kat","İzmir / Çiğli / Esentepe Mah.","https://www.hepsiemlak.com/_nuxt/8cafc93fb5c74c75e9e04e528e02ccdf.jpg","","WhatsApp",""
"https://www.hepsiemlak.com/izmir-menderes-cuneytbey-kiralik/daire/18044-1634","1 / 35","33.000","08/09/2026","Çimen Emlak'tan Havuzlu Site İçerisinde Kiralık 2+1 Daire","Kiralık Daire","2 + 1","70 m²","2 Yaşında","·","Kat","1. Kat","İzmir / Menderes / Cüneytbey Mah.","https://www.hepsiemlak.com/_nuxt/8cafc93fb5c74c75e9e04e528e02ccdf.jpg","Çimen Emlak İnşaat","WhatsApp","https://www.hepsiemlak.com/_nuxt/8cafc93fb5c74c75e9e04e528e02ccdf.jpg"
"https://www.hepsiemlak.com/izmir-bayrakli-mansuroglu-kiralik/daire/119232-69","1 / 32","37.500","07/09/2026","Mansuroğlu Mah. 3+1 Merkezi Doğalgazlı Kiralık Daire","Kiralık Daire","3 + 1","137 m²","31 Yaşında","·","Kat","1. Kat","İzmir / Bayraklı / Mansuroğlu Mah.","https://www.hepsiemlak.com/_nuxt/8cafc93fb5c74c75e9e04e528e02ccdf.jpg","Nokta Gayrimenkul","WhatsApp",""
"https://www.hepsiemlak.com/izmir-cigli-sirintepe-kiralik/daire/169633-101","1 / 35","27.000","07/09/2026","İzka Park Yaşam Atlantis Sıfır 1+1 Arakat Ön Cephe Kiralık Daire","Kiralık Daire","1 + 1","52 m²","Sıfır Bina","·","Kat","4. Kat","İzmir / Çiğli / Şirintepe Mah.","https://www.hepsiemlak.com/_nuxt/8cafc93fb5c74c75e9e04e528e02ccdf.jpg","İzmir Birilk Gayrimenkul","WhatsApp","https://www.hepsiemlak.com/_nuxt/8cafc93fb5c74c75e9e04e528e02ccdf.jpg"
"https://www.hepsiemlak.com/izmir-karsiyaka-imbatli-kiralik/daire/152282-589","1 / 32","40.500","07/09/2026","Karşıyaka Medıcal Poınt Yanı 2+1 Kiralık Daire","Kiralık Daire","2 + 1","90 m²","6 Yaşında","·","Kat","4. Kat","İzmir / Karşıyaka / İmbatlı Mah.","https://www.hepsiemlak.com/_nuxt/8cafc93fb5c74c75e9e04e528e02ccdf.jpg","Buy Sold İmperium Gayrimenkul","WhatsApp","https://www.hepsiemlak.com/_nuxt/8cafc93fb5c74c75e9e04e528e02ccdf.jpg"
"https://www.hepsiemlak.com/izmir-buca-ataturk-kiralik/daire/140257-405","1 / 30","26.500","07/09/2026","Tınaztepe Kampüs Karşısında Full Eşyalı Geniş Kiralık 1+1 Daire","Kiralık Daire","1 + 1","60 m²","6 Yaşında","·","Kat","3. Kat","İzmir / Buca / Atatürk Mah.","https://www.hepsiemlak.com/_nuxt/8cafc93fb5c74c75e9e04e528e02ccdf.jpg","Korkmaz Gayrimenkul","WhatsApp","https://www.hepsiemlak.com/_nuxt/8cafc93fb5c74c75e9e04e528e02ccdf.jpg"
"https://www.hepsiemlak.com/izmir-menemen-29-ekim-kiralik/daire/166226-34","1 / 27","25.000","07/09/2026","Ulukent Köy İçinde Sıfır Daire","Kiralık Daire","2 + 1","78 m²","1 Yaşında","·","Kat","4. Kat","İzmir / Menemen / 29 Ekim Mah.","https://www.hepsiemlak.com/_nuxt/8cafc93fb5c74c75e9e04e528e02ccdf.jpg","","WhatsApp",""
"https://www.hepsiemlak.com/izmir-cigli-evka-5-kiralik/daire/21001-18915","1 / 32","28.000","08/09/2026","Evka 5 De Kiralık 2+1 Doğalgaz Kombili+balkonlu Çiğli Serkan Dan","Kiralık Daire","2 + 1","95 m²","21 Yaşında","·","Kat","5. Kat","İzmir / Çiğli / Evka-5 Mah.","https://www.hepsiemlak.com/_nuxt/8cafc93fb5c74c75e9e04e528e02ccdf.jpg","Çiğli Serkan Emlak","WhatsApp","https://www.hepsiemlak.com/_nuxt/8cafc93fb5c74c75e9e04e528e02ccdf.jpg"
"https://www.hepsiemlak.com/izmir-karsiyaka-dedebasi-kiralik/daire/45472-580","1 / 30","38.000","07/09/2026","Karşıyaka Dedebaşı Mah. Kiralık Daire","Kiralık Daire","3 + 1","135 m²","21 Yaşında","·","Kat","2. Kat","İzmir / Karşıyaka / Dedebaşı Mah.","https://www.hepsiemlak.com/_nuxt/8cafc93fb5c74c75e9e04e528e02ccdf.jpg","Vale Gayrimenkul","WhatsApp","https://www.hepsiemlak.com/_nuxt/8cafc93fb5c74c75e9e04e528e02ccdf.jpg"
"https://www.hepsiemlak.com/izmir-bayrakli-tepekule-kiralik/daire/152387-141","1 / 27","50.000","07/09/2026","Ciritoğlu Sitesinde 180 M2 Arakat 3+1 Doğalgazlı Kiralık Daire","Kiralık Daire","3 + 1","180 m²","21 Yaşında","·","Kat","2. Kat","İzmir / Bayraklı / Tepekule Mah.","https://www.hepsiemlak.com/_nuxt/8cafc93fb5c74c75e9e04e528e02ccdf.jpg","","WhatsApp",""
"https://www.hepsiemlak.com/izmir-cigli-sirintepe-kiralik/daire/168321-72","1 / 40","32.000","07/09/2026","Çiğli Belediyesi Ve İzbana Yürüme Mesafesinde Sıfır 3+1","Kiralık Daire","3 + 1","100 m²","Sıfır Bina","·","Kat","2. Kat","İzmir / Çiğli / Şirintepe Mah.","https://www.hepsiemlak.com/_nuxt/8cafc93fb5c74c75e9e04e528e02ccdf.jpg","","WhatsApp",""
"https://www.hepsiemlak.com/izmir-selcuk-isa-bey-kiralik/daire/74491-328","1 / 15","34.000","07/09/2026","Zemaks Emlaktan Arakat Ayrı Mutfak Kiralık Daire Site İçinde Sessiz Ve Sakin Lokasyonda","Kiralık Daire","3 + 1","140 m²","9 Yaşında","·","Kat","Ara Kat","İzmir / Selçuk / İsa Bey Mah.","https://www.hepsiemlak.com/_nuxt/8cafc93fb5c74c75e9e04e528e02ccdf.jpg","Zemaks Emlak","WhatsApp","https://www.hepsiemlak.com/_nuxt/8cafc93fb5c74c75e9e04e528e02ccdf.jpg"
"https://www.hepsiemlak.com/izmir-bayrakli-r-sevket-ince-kiralik/daire/0-47260481","1 / 19","30.000","07/09/2026","Bayraklı Toki 8. Etap'ta Zemin Kat, Önü Açık 2+1","Kiralık Daire","2 + 1","105 m²","3 Yaşında","·","Kat","Zemin","İzmir / Bayraklı / R. Şevket İnce Mah.","https://www.hepsiemlak.com/_nuxt/8cafc93fb5c74c75e9e04e528e02ccdf.jpg","","WhatsApp",""
"https://www.hepsiemlak.com/izmir-menemen-mermerli-kiralik/daire/98229-647","1 / 38","33.000","08/09/2026","Menemen Mermerli Mahallesinde Kiralık Daire","Kiralık Daire","3 + 1","130 m²","13 Yaşında","·","Kat","3. Kat","İzmir / Menemen / Mermerli Mah.","https://www.hepsiemlak.com/_nuxt/8cafc93fb5c74c75e9e04e528e02ccdf.jpg","","WhatsApp",""
"https://www.hepsiemlak.com/izmir-karsiyaka-ornekkoy-kiralik/daire/37612-889","1 / 60","30.000","07/09/2026","İmbatlı Mah. Sıfır Binada Arakat 2+1 Kiralık","Kiralık Daire","2 + 1","95 m²","Sıfır Bina","·","Kat","3. Kat","İzmir / Karşıyaka / Örnekköy Mah.","https://www.hepsiemlak.com/_nuxt/8cafc93fb5c74c75e9e04e528e02ccdf.jpg","","WhatsApp",""
"https://www.hepsiemlak.com/izmir-buca-mustafa-kemal-kiralik/daire/161067-189","1 / 23","20.000","07/09/2026","Site İçi Sıfır Oturuma Hazır 1+1 Kiralık Daire","Kiralık Daire","1 + 1","64 m²","Sıfır Bina","·","Kat","1. Kat","İzmir / Buca / Mustafa Kemal Mah.","https://www.hepsiemlak.com/_nuxt/8cafc93fb5c74c75e9e04e528e02ccdf.jpg","Venko Gayrimenkul","WhatsApp","https://www.hepsiemlak.com/_nuxt/8cafc93fb5c74c75e9e04e528e02ccdf.jpg"
"https://www.hepsiemlak.com/izmir-bayrakli-osmangazi-kiralik/daire/167367-65","1 / 31","35.000","06/09/2026","Osmangazi Mah Site İçinde 3+1 Kiralık Daire","Kiralık Daire","3 + 1","130 m²","21 Yaşında","·","Kat","5. Kat","İzmir / Bayraklı / Osmangazi Mah.","https://www.hepsiemlak.com/_nuxt/8cafc93fb5c74c75e9e04e528e02ccdf.jpg","Orinox Gayrimenkul & Danışmanlık","WhatsApp",""
"https://www.hepsiemlak.com/izmir-cigli-atasehir-kiralik/daire/119895-4260","1 / 35","58.000","08/09/2026","Ataşehir Pelit 3 Sitesi'nde Merkezi Konumda, Geniş, Ferah 3+1","Kiralık Daire","3 + 1","150 m²","11 Yaşında","·","Kat","1. Kat","İzmir / Çiğli / Ataşehir Mah.","https://www.hepsiemlak.com/_nuxt/8cafc93fb5c74c75e9e04e528e02ccdf.jpg","Kw Alesta-viya-orsa 3","WhatsApp","https://www.hepsiemlak.com/_nuxt/8cafc93fb5c74c75e9e04e528e02ccdf.jpg"
"https://www.hepsiemlak.com/izmir-bornova-yesilova-kiralik/daire/141959-816","1 / 33","50.000","06/09/2026","Point Residence | 20. Kat | Deniz Cephe | Kiralık 3+1 Daire","Kiralık Daire","3 + 1","140 m²","Sıfır Bina","·","Kat","20. Kat","İzmir / Bornova / Yeşilova Mah.","https://www.hepsiemlak.com/_nuxt/8cafc93fb5c74c75e9e04e528e02ccdf.jpg","Remax Jolly","WhatsApp","https://www.hepsiemlak.com/_nuxt/8cafc93fb5c74c75e9e04e528e02ccdf.jpg"
"https://www.hepsiemlak.com/izmir-seferihisar-camikebir-kiralik/daire/140393-951","1 / 32","45.000","05/09/2026","Havuzlu Nezih Site İçerisinde Giyinme Odalı Kiralık 3+1 Daire","Kiralık Daire","3 + 1","140 m²","6 Yaşında","·","Kat","3. Kat","İzmir / Seferihisar / Camikebir Mah.","https://hecdnnw.hemlak.com/mncropresize/77/67/logo/3/9/3/0/4/1/c9e75698-8386-49eb-96a6-e0f741fa45f7.jpg","Azat Aktaş Gayrimenkul","WhatsApp",""
"https://www.hepsiemlak.com/izmir-karsiyaka-aksoy-kiralik/daire/2186-12711","1 / 40","45.000","08/09/2026","Aksoyda Full Eşyalı İzban Yakını Kiralık 3+1 Daire","Kiralık Daire","3 + 1","130 m²","25 Yaşında","·","Kat","1. Kat","İzmir / Karşıyaka / Aksoy Mah.","https://hecdnnw.hemlak.com/mncropresize/77/67/logo/6/8/1/2/0/0/5dd54d82-40a8-4053-b1d2-b37f691b512a.jpg","Köycüler Gayrimenkul Limited","WhatsApp","https://hecdnnw.hemlak.com/mncropresize/77/67/firmuser/6/8/1/2/0/0/7a626b75-e5d5-4302-a8b6-64a896d52664.jpg"
"https://www.hepsiemlak.com/izmir-buca-adatepe-kiralik/daire/170918-23","1 / 17","26.000","07/09/2026","Buca Adatepe Kiralık 2+1 Açık Mutfak Doğalgazlı Kısmi Eşyalı","Kiralık Daire","2 + 1","70 m²","6 Yaşında","·","Kat","2. Kat","İzmir / Buca / Adatepe Mah.","","","WhatsApp",""
"https://www.hepsiemlak.com/izmir-karabaglar-arap-hasan-kiralik/daire/161256-178","1 / 40","52.000","09/09/2026","İnönü Caddesinde Otoparklı Full Bakımlı Kiralık 3+1","Kiralık Daire","3 + 1","130 m²","26 Yaşında","·","Kat","6. Kat","İzmir / Karabağlar / Arap Hasan Mah.","https://hecdn01.hemlak.com/mncropresize/182/137/ds01/4/3/0/4/5/2/7/4/f20efe4e-97ec-4ae6-8f97-81e24fd159d6.jpg","","WhatsApp",""
"https://www.hepsiemlak.com/izmir-konak-kahramanlar-kiralik/daire/156697-201","1 / 22","37.000","05/09/2026","Raion'dan Alsancak'ta Yeni Eşyalı Kiralık Daire","Kiralık Daire","2 + 1","75 m²","Sıfır Bina","·","Kat","2. Kat","İzmir / Konak / Kahramanlar Mah.","https://www.hepsiemlak.com/_nuxt/8cafc93fb5c74c75e9e04e528e02ccdf.jpg","Raion Gayrimenkul","WhatsApp","https://www.hepsiemlak.com/_nuxt/8cafc93fb5c74c75e9e04e528e02ccdf.jpg"
"https://www.hepsiemlak.com/izmir-cigli-balatcik-kiralik/daire/0-47251550","1 / 17","27.000","08/09/2026","Sahibinden Havuzlu Spor Salonlu Kiralık Daire","Kiralık Daire","1 + 1","45 m²","4 Yaşında","·","Kat","6. Kat","İzmir / Çiğli / Balatçık Mah.","https://www.hepsiemlak.com/_nuxt/8cafc93fb5c74c75e9e04e528e02ccdf.jpg","","WhatsApp",""
"https://www.hepsiemlak.com/izmir-buca-yildiz-kiralik/daire/171457-11","1 / 16","18.000","07/09/2026","Buca Güvenli Ve Konforlu Konaklama Fırsatı!","Kiralık Daire","Stüdyo","40 m²","11 Yaşında","·","Kat","4. Kat","İzmir / Buca / Yıldız Mah.","https://www.hepsiemlak.com/_nuxt/8cafc93fb5c74c75e9e04e528e02ccdf.jpg","Onçam Emlak.","WhatsApp","https://www.hepsiemlak.com/_nuxt/8cafc93fb5c74c75e9e04e528e02ccdf.jpg"
"https://www.hepsiemlak.com/izmir-urla-yelalti-kiralik/daire/94026-1932","1 / 35","50.000","07/09/2026","Urla Merkezde Eşyalı Kiralık 2+1 Daire. Açıklamayı Okuyunuz!","Kiralık Daire","2 + 1","86 m²","21 Yaşında","·","Kat","3. Kat","İzmir / Urla / Yelaltı Mah.","https://www.hepsiemlak.com/_nuxt/8cafc93fb5c74c75e9e04e528e02ccdf.jpg","Klazomenai Urla Emlak","WhatsApp","https://www.hepsiemlak.com/_nuxt/8cafc93fb5c74c75e9e04e528e02ccdf.jpg"
"https://www.hepsiemlak.com/izmir-dikili-ismetpasa-kiralik/daire/0-47248183","1 / 15","27.000","07/09/2026","Dikili Çarşıda Uygun Fıyata  Full Eşyalı  Daıre..Sahibinden..","Kiralık Daire","1 + 1","60 m²","12 Yaşında","·","Kat","2. Kat","İzmir / Dikili / İsmetpaşa Mah.","https://www.hepsiemlak.com/_nuxt/8cafc93fb5c74c75e9e04e528e02ccdf.jpg","","WhatsApp",""
"https://www.hepsiemlak.com/izmir-buca-kozagac-kiralik/daire/156337-175","1 / 33","42.000","05/09/2026","Tepe Gyd'den Çevik-1 Meydan'da Full Eşyalı Kiralık 3+1 Daire","Kiralık Daire","3 + 1","165 m²","16 Yaşında","·","Kat","1. Kat","İzmir / Buca / Kozağaç Mah.","https://www.hepsiemlak.com/_nuxt/8cafc93fb5c74c75e9e04e528e02ccdf.jpg","","WhatsApp",""
"https://www.hepsiemlak.com/izmir-konak-ege-kiralik/daire/153004-507","1 / 20","45.000","07/09/2026","Allsancak Sitesi Kiralık Eşyalı 1+1 Daire","Kiralık Daire","1 + 1","60 m²","1 Yaşında","·","Kat","13. Kat","İzmir / Konak / Ege Mah.","https://www.hepsiemlak.com/_nuxt/8cafc93fb5c74c75e9e04e528e02ccdf.jpg","Portınn Proje Geliştirme Ve Gayrimenkul Danışmanlı","WhatsApp","https://www.hepsiemlak.com/_nuxt/8cafc93fb5c74c75e9e04e528e02ccdf.jpg"
"https://www.hepsiemlak.com/izmir-menderes-kemalpasa-kiralik/daire/91567-2412","1 / 35","35.000","07/09/2026","Berk Emlak'tan Menderes Merkezde 3+1 Kıralık Çatı Dubleks Daire","Kiralık Daire","3 + 1","150 m²","Sıfır Bina","·","Kat","4. Kat","İzmir / Menderes / Kemalpaşa Mah.","https://www.hepsiemlak.com/_nuxt/8cafc93fb5c74c75e9e04e528e02ccdf.jpg","Berk Emlak","WhatsApp","https://www.hepsiemlak.com/_nuxt/8cafc93fb5c74c75e9e04e528e02ccdf.jpg"
"https://www.hepsiemlak.com/izmir-konak-halkapinar-kiralik/daire/38856-2253","1 / 35","57.500","04/09/2026","Folkart Vega'da Eşyalı Kiralık 1+1 Daire","Kiralık Daire","1 + 1","54 m²","2 Yaşında","·","Kat","2. Kat","İzmir / Konak / Halkapınar Mah.","https://www.hepsiemlak.com/_nuxt/8cafc93fb5c74c75e9e04e528e02ccdf.jpg","Startkey Eksper Gayrimenkul","WhatsApp","https://www.hepsiemlak.com/_nuxt/8cafc93fb5c74c75e9e04e528e02ccdf.jpg"
"https://www.hepsiemlak.com/izmir-karabaglar-aydin-kiralik/daire/44867-100","1 / 18","28.000","04/09/2026","Çalışkan_dan Aydın Mahallesinde Full Eşyalı Kiralık Daire","Kiralık Daire","2 + 1","85 m²","6 Yaşında","·","Kat","En Üst Kat","İzmir / Karabağlar / Aydın Mah.","https://www.hepsiemlak.com/_nuxt/8cafc93fb5c74c75e9e04e528e02ccdf.jpg","","WhatsApp",""
"https://www.hepsiemlak.com/izmir-konak-gunesli-kiralik/daire/163369-151","1 / 45","28.500","04/09/2026","Konak Güneşli Mahallesi’nde Ara Kat 3+1 Kiralık Daire","Kiralık Daire","3 + 1","120 m²","30 Yaşında","·","Kat","3. Kat","İzmir / Konak / Güneşli Mah.","https://www.hepsiemlak.com/_nuxt/8cafc93fb5c74c75e9e04e528e02ccdf.jpg","Karahan Gayrimenkul","WhatsApp","https://www.hepsiemlak.com/_nuxt/8cafc93fb5c74c75e9e04e528e02ccdf.jpg"
"https://www.hepsiemlak.com/izmir-karabaglar-fahrettin-altay-kiralik/daire/13763-3114","1 / 33","45.000","05/09/2026","Üçkuyular İstinye Park Karşısında Eşyalı 1+1 Kiralık","Kiralık Daire","1 + 1","70 m²","26 Yaşında","·","Kat","5. Kat","İzmir / Karabağlar / Fahrettin Altay Mah.","https://www.hepsiemlak.com/_nuxt/8cafc93fb5c74c75e9e04e528e02ccdf.jpg","Nazar Emlak","WhatsApp","https://www.hepsiemlak.com/_nuxt/8cafc93fb5c74c75e9e04e528e02ccdf.jpg"
"https://www.hepsiemlak.com/izmir-odemis-umurbey-kiralik/daire/136491-36","1 / 43","21.500","04/09/2026","Şehir Merkezinde Sıfır Ayarında 2+1 Kiralık Daire","Kiralık Daire","2 + 1","85 m²","3 Yaşında","·","Kat","3. Kat","İzmir / Ödemiş / Umurbey Mah.","https://www.hepsiemlak.com/_nuxt/8cafc93fb5c74c75e9e04e528e02ccdf.jpg","Oğuz Özkoç Emlak","WhatsApp","https://www.hepsiemlak.com/_nuxt/8cafc93fb5c74c75e9e04e528e02ccdf.jpg"
"https://www.hepsiemlak.com/izmir-buca-guven-kiralik/daire/167410-31","1 / 20","30.000","03/09/2026","Buca Şirinyer İzban'a Yürüme Mesafesinde1+1 Arakateşyalı Kiralık","Kiralık Daire","1 + 1","47 m²","Sıfır Bina","·","Kat","2. Kat","İzmir / Buca / Güven Mah.","https://www.hepsiemlak.com/_nuxt/8cafc93fb5c74c75e9e04e528e02ccdf.jpg","Bulur Gayrimenkul","WhatsApp","https://www.hepsiemlak.com/_nuxt/8cafc93fb5c74c75e9e04e528e02ccdf.jpg"
"https://www.hepsiemlak.com/izmir-menemen-istiklal-kiralik/daire/169287-36","1 / 22","25.500","04/09/2026","Gültekin Pera 2 Sıfır Projede Kiralık Havuz Cephe 1+1","Kiralık Daire","1 + 1","55 m²","Sıfır Bina","·","Kat","2. Kat","İzmir / Menemen / İstiklal Mah.","https://www.hepsiemlak.com/_nuxt/8cafc93fb5c74c75e9e04e528e02ccdf.jpg","","WhatsApp",""
"https://www.hepsiemlak.com/izmir-karsiyaka-mavisehir-kiralik/daire/74706-1006","1 / 35","75.000","04/09/2026","Sekans'dan Mavişehir Flamingo Deniz Manzaralı 155 M2 Geniş 3+1","Kiralık Daire","3 + 1","155 m²","21 Yaşında","·","Kat","9. Kat","İzmir / Karşıyaka / Mavişehir Mah.","https://www.hepsiemlak.com/_nuxt/8cafc93fb5c74c75e9e04e528e02ccdf.jpg","","WhatsApp",""
"https://www.hepsiemlak.com/izmir-karsiyaka-nergiz-kiralik/daire/141566-139","1 / 24","42.000","04/09/2026","Sarı Emlak Tan Nergizde 3+1 130m2 Kiralık Daire","Kiralık Daire","3 + 1","130 m²","11 Yaşında","·","Kat","5. Kat","İzmir / Karşıyaka / Nergiz Mah.","https://www.hepsiemlak.com/_nuxt/8cafc93fb5c74c75e9e04e528e02ccdf.jpg","","WhatsApp",""
"https://www.hepsiemlak.com/izmir-menderes-hurriyet-kiralik/daire/68322-555","1 / 46","24.000","03/09/2026","Bal Gayrimenkul'den Görece Göçmen Konutlarında Kiralık Daire","Kiralık Daire","2 + 1","85 m²","21 Yaşında","·","Kat","5. Kat","İzmir / Menderes / Hürriyet Mah.","https://www.hepsiemlak.com/_nuxt/8cafc93fb5c74c75e9e04e528e02ccdf.jpg","Bal Gayrimenkul & İnşaat","WhatsApp","https://www.hepsiemlak.com/_nuxt/8cafc93fb5c74c75e9e04e528e02ccdf.jpg"
"https://www.hepsiemlak.com/izmir-konak-ferahli-kiralik/daire/170722-11","1 / 16","20.000","07/09/2026","2+1 Ferah Bakımlı Ve Teraslı Daire","Kiralık Daire","2 + 1","95 m²","25 Yaşında","·","Kat","2. Kat","İzmir / Konak / Ferahlı Mah.","https://www.hepsiemlak.com/_nuxt/8cafc93fb5c74c75e9e04e528e02ccdf.jpg","Stz Gayrimenkul","WhatsApp","https://www.hepsiemlak.com/_nuxt/8cafc93fb5c74c75e9e04e528e02ccdf.jpg"
"https://www.hepsiemlak.com/izmir-konak-kilic-reis-kiralik/daire/117663-2364","1 / 42","29.500","03/09/2026","İnönü Caddesi Ve Metro Yakını Doğalgazlı,Otoparklı 2+1 Bakımlı Bahçe Katı Kiralık Daire Kod1382","Kiralık Daire","2 + 1","85 m²","38 Yaşında","·","Kat","Bahçe Katı","İzmir / Konak / Kılıç Reis Mah.","https://www.hepsiemlak.com/_nuxt/8cafc93fb5c74c75e9e04e528e02ccdf.jpg","","WhatsApp",""
"https://www.hepsiemlak.com/izmir-bornova-erzene-kiralik/mustakil-ev/168030-29","1 / 48","39.000","07/09/2026","Kiralık, Müstakil Tripleks Doğalgazlı 3+1, Açık Mutfak","Kiralık Müstakil Ev","3 + 1","140 m²","25 Yaşında","·","Kat","","İzmir / Bornova / Erzene Mah.","","","WhatsApp",""
"https://www.hepsiemlak.com/izmir-narlidere-2-inonu-kiralik/daire/5698-1147","1 / 34","47.000","03/09/2026","Narlıdere Site İçi 1.Arakat D.Gaz Kombili Körfez Manzaralı 3+1","Kiralık Daire","3 + 1","156 m²","16 Yaşında","·","Kat","1. Kat","İzmir / Narlıdere / 2. İnönü Mah.","https://hecdnnw.hemlak.com/mncropresize/77/67/logo/8/9/6/5/0/0/af1dc4ba-f38f-4803-bcf8-a06779c3a119.jpg","Ümit Emlak","WhatsApp",""
"https://www.hepsiemlak.com/izmir-tire-hurriyet-kiralik/daire/170256-19","1 / 18","26.000","06/09/2026","🏡 Tire Hürriyet Mahallesi’nde Aile Yaşamına Uygun Kiralık Daire","Kiralık Daire","4 + 1","150 m²","30 Yaşında","·","Kat","2. Kat","İzmir / Tire / Hürriyet Mah.","","","WhatsApp",""
"https://www.hepsiemlak.com/izmir-menemen-gazi-mustafa-kemal-kiralik/daire/7457-229","1 / 39","20.500","09/09/2026","Seyrek Gazi Mustafa Kemal Mah. 2+1 85 M2 Doğal Gazlı Kiralık Yüksek Zemin Daire","Kiralık Daire","2 + 1","85 m²","5 Yaşında","·","Kat","Yüksek Giriş","İzmir / Menemen / Gazi Mustafa Kemal Mah.","https://hecdn01.hemlak.com/mncropresize/182/137/ds01/8/4/4/7/2/2/7/4/1788271341932-47227448.jpg","","WhatsApp",""
"https://www.hepsiemlak.com/izmir-karsiyaka-bostanli-kiralik/daire/3103-2725","1 / 44","65.000","07/09/2026","Karşıyaka Bostanlı Akbank Sokaklarında 3+1 Dubleks","Kiralık Daire","3 + 1","160 m²","30 Yaşında","·","Kat","Zemin","İzmir / Karşıyaka / Bostanlı Mah.","https://www.hepsiemlak.com/_nuxt/8cafc93fb5c74c75e9e04e528e02ccdf.jpg","Biz Emlak","WhatsApp","https://www.hepsiemlak.com/_nuxt/8cafc93fb5c74c75e9e04e528e02ccdf.jpg"
"https://www.hepsiemlak.com/izmir-karsiyaka-bahriye-ucok-kiralik/daire/83235-213","1 / 48","39.000","09/09/2026","Karşıyaka Bahriye Üçokta Asansörlü Otoparklı 3+1 Kiralık Daire","Kiralık Daire","3 + 1","110 m²","26 Yaşında","·","Kat","6. Kat","İzmir / Karşıyaka / Bahriye Üçok Mah.","https://www.hepsiemlak.com/_nuxt/8cafc93fb5c74c75e9e04e528e02ccdf.jpg","Vassa Gayrimenkul","WhatsApp","https://www.hepsiemlak.com/_nuxt/8cafc93fb5c74c75e9e04e528e02ccdf.jpg"
"https://www.hepsiemlak.com/izmir-selcuk-14-mayis-kiralik/daire/132456-1878","1 / 27","21.000","09/09/2026","3 Kız Öğrenci İçin Tasarlanmış Full Eşyalı 3+1 Daire","Kiralık Daire","3 + 1","140 m²","3 Yaşında","·","Kat","2. Kat","İzmir / Selçuk / 14 Mayıs Mah.","https://www.hepsiemlak.com/_nuxt/8cafc93fb5c74c75e9e04e528e02ccdf.jpg","Armina Group Gayrimenkul Danışmanlığı","WhatsApp","https://www.hepsiemlak.com/_nuxt/8cafc93fb5c74c75e9e04e528e02ccdf.jpg"
"https://www.hepsiemlak.com/izmir-seferihisar-camikebir-kiralik/daire/166929-154","1 / 26","43.000","09/09/2026","Seferihisar Camikebirde 145 M² Ferah 3+1 | 2 Balkon | Ebeveyn B","Kiralık Daire","3 + 1","150 m²","6 Yaşında","·","Kat","Zemin","İzmir / Seferihisar / Camikebir Mah.","https://www.hepsiemlak.com/_nuxt/8cafc93fb5c74c75e9e04e528e02ccdf.jpg","Duygu Han Gayrimenkul & Danışmanlık","WhatsApp","https://www.hepsiemlak.com/_nuxt/8cafc93fb5c74c75e9e04e528e02ccdf.jpg"
"https://www.hepsiemlak.com/izmir-cigli-sirintepe-kiralik/daire/49204-1850","1 / 60","23.500","09/09/2026","Çiğli Şirin Tepe Mahallesinde Kiralık Lüx  2+1 Daire","Kiralık Daire","2 + 1","89 m²","4 Yaşında","·","Kat","Ara Kat","İzmir / Çiğli / Şirintepe Mah.","https://www.hepsiemlak.com/_nuxt/8cafc93fb5c74c75e9e04e528e02ccdf.jpg","","WhatsApp",""
"https://www.hepsiemlak.com/izmir-karabaglar-bahcelievler-kiralik/daire/25220-2759","1 / 43","40.000","09/09/2026","Özpa - Bahçelievler Hasan Tahsin Caddesinde Asansörlü Doğalgazlı Köşe 3+1","Kiralık Daire","3 + 1","135 m²","35 Yaşında","·","Kat","4. Kat","İzmir / Karabağlar / Bahçelievler Mah.","https://www.hepsiemlak.com/_nuxt/8cafc93fb5c74c75e9e04e528e02ccdf.jpg","","WhatsApp",""
"https://www.hepsiemlak.com/izmir-menemen-gazi-mustafa-kemal-kiralik/daire/144610-187","1 / 25","18.000","07/09/2026","Menemen Seyrek Merkez 1+1 55 M2 Sıfır Arakat Daire","Kiralık Daire","1 + 1","60 m²","Sıfır Bina","·","Kat","3. Kat","İzmir / Menemen / Gazi Mustafa Kemal Mah.","https://www.hepsiemlak.com/_nuxt/8cafc93fb5c74c75e9e04e528e02ccdf.jpg","Smyrna Gayrimenkul","WhatsApp","https://www.hepsiemlak.com/_nuxt/8cafc93fb5c74c75e9e04e528e02ccdf.jpg"
"https://www.hepsiemlak.com/izmir-karabaglar-basin-sitesi-kiralik/daire/58851-1039","1 / 51","40.000","03/09/2026","Kiralık Daire Hastane Karşısında 40.000 Tl","Kiralık Daire","3 + 1","140 m²","45 Yaşında","·","Kat","4. Kat","İzmir / Karabağlar / Basın Sitesi Mah.","https://www.hepsiemlak.com/_nuxt/8cafc93fb5c74c75e9e04e528e02ccdf.jpg","Çolakoğlu Emlak","WhatsApp",""
"https://www.hepsiemlak.com/izmir-cesme-sifne-kiralik/villa/151045-45","1 / 30","45.000","03/09/2026","Respa Gayrimenkul'den Şifne'de Kiralık Havuzlu Villa","Kiralık Villa","4 + 1","150 m²","5 Yaşında","·","Kat","","İzmir / Çeşme / Şifne Mah.","https://www.hepsiemlak.com/_nuxt/8cafc93fb5c74c75e9e04e528e02ccdf.jpg","Respa Gayrimenkul","WhatsApp","https://www.hepsiemlak.com/_nuxt/8cafc93fb5c74c75e9e04e528e02ccdf.jpg"
"https://www.hepsiemlak.com/izmir-narlidere-narli-kiralik/daire/129188-100","1 / 33","45.000","07/09/2026","Narlıdere Merkez Kiralık Geniş 3+1 Daire Üniversite Okul Yakın","Kiralık Daire","3 + 1","195 m²","31 Yaşında","·","Kat","3. Kat","İzmir / Narlıdere / Narlı Mah.","https://www.hepsiemlak.com/_nuxt/8cafc93fb5c74c75e9e04e528e02ccdf.jpg","","WhatsApp",""
"https://www.hepsiemlak.com/izmir-menemen-30-agustos-kiralik/daire/156593-183","1 / 31","28.000","05/09/2026","Ulukent Cengizler Sitesinde 2+1:100m2 Full Tadilatlı Daire","Kiralık Daire","2 + 1","105 m²","24 Yaşında","·","Kat","Yüksek Giriş","İzmir / Menemen / 30 Ağustos Mah.","https://www.hepsiemlak.com/_nuxt/8cafc93fb5c74c75e9e04e528e02ccdf.jpg","Startkey Tarih Gayrimenkul","WhatsApp",""
"https://www.hepsiemlak.com/izmir-torbali-torbali-kiralik/daire/160488-227","1 / 28","26.500","09/09/2026","Truva'dan Havuzlu Sitede 3+1 Kiralık Daire","Kiralık Daire","3 + 1","140 m²","5 Yaşında","·","Kat","Yüksek Giriş","İzmir / Torbalı / Torbalı Mah.","https://www.hepsiemlak.com/_nuxt/8cafc93fb5c74c75e9e04e528e02ccdf.jpg","Truva Gayrimenkul Torbalı","WhatsApp","https://www.hepsiemlak.com/_nuxt/8cafc93fb5c74c75e9e04e528e02ccdf.jpg"
"https://www.hepsiemlak.com/izmir-urla-sirinkent-kiralik/villa/107888-3812","1 / 35","100.000","10/09/2026","Urla Şirinkent Mah Doktorlar Sitesi Geniş Bahçeli Kiralık Villa","Kiralık Villa","4 + 1","248 m²","15 Yaşında","·","Kat","","İzmir / Urla / Şirinkent Mah.","https://www.hepsiemlak.com/_nuxt/8cafc93fb5c74c75e9e04e528e02ccdf.jpg","Coldwell Banker Atak","WhatsApp","https://www.hepsiemlak.com/_nuxt/8cafc93fb5c74c75e9e04e528e02ccdf.jpg"
"https://www.hepsiemlak.com/izmir-torbali-inonu-kiralik/daire/148638-41","1 / 37","17.000","06/09/2026","Ayrancılar İnönü Mahallesi'nde Arakat 3 Balkonlu Çift Cepheli 2+1 Kiralık Daire","Kiralık Daire","2 + 1","80 m²","11 Yaşında","·","Kat","Ara Kat","İzmir / Torbalı / İnönü Mah.","https://www.hepsiemlak.com/_nuxt/8cafc93fb5c74c75e9e04e528e02ccdf.jpg","Heryerden Gayrimenkul","WhatsApp","https://www.hepsiemlak.com/_nuxt/8cafc93fb5c74c75e9e04e528e02ccdf.jpg"
"https://www.hepsiemlak.com/izmir-seferihisar-camikebir-kiralik/daire/93568-216","1 / 31","45.000","07/09/2026","Site İçerisinde 130 M2 Ferah Daire","Kiralık Daire","3 + 1","145 m²","3 Yaşında","·","Kat","3. Kat","İzmir / Seferihisar / Camikebir Mah.","https://www.hepsiemlak.com/_nuxt/8cafc93fb5c74c75e9e04e528e02ccdf.jpg","Gül Emlak","WhatsApp","https://www.hepsiemlak.com/_nuxt/8cafc93fb5c74c75e9e04e528e02ccdf.jpg"
"https://www.hepsiemlak.com/izmir-konak-alsancak-kiralik/daire/137715-339","1 / 35","45.500","09/09/2026","Alsancak Kıbrıs Şehitleri Full Sıfır Eşyalı Kiralık 2+1 Daire","Kiralık Daire","2 + 1","87 m²","31 Yaşında","·","Kat","7. Kat","İzmir / Konak / Alsancak Mah.","https://www.hepsiemlak.com/_nuxt/8cafc93fb5c74c75e9e04e528e02ccdf.jpg","Nazmi Gelen Gayrimenkul","WhatsApp",""
"https://www.hepsiemlak.com/izmir-bayrakli-osmangazi-kiralik/daire/133288-476","1 / 27","35.000","06/09/2026","Bayraklı Osman Gazi Askerlik Şubesi Çaprazı Full Yapılı Doğal Gazlı Ferah Daire","Kiralık Daire","3 + 1","135 m²","15 Yaşında","·","Kat","1. Kat","İzmir / Bayraklı / Osmangazi Mah.","https://www.hepsiemlak.com/_nuxt/8cafc93fb5c74c75e9e04e528e02ccdf.jpg","Özsarı Emlak","WhatsApp","https://www.hepsiemlak.com/_nuxt/8cafc93fb5c74c75e9e04e528e02ccdf.jpg"
"https://www.hepsiemlak.com/izmir-buca-adatepe-kiralik/daire/170300-50","1 / 28","29.000","08/09/2026","Elite Gayrimenkulden Elif Residancede Eşyalı Arakat 1+1 Daire","Kiralık Daire","1 + 1","52 m²","2 Yaşında","·","Kat","3. Kat","İzmir / Buca / Adatepe Mah.","https://www.hepsiemlak.com/_nuxt/8cafc93fb5c74c75e9e04e528e02ccdf.jpg","Elite Gayrimenkul","WhatsApp","https://www.hepsiemlak.com/_nuxt/8cafc93fb5c74c75e9e04e528e02ccdf.jpg"
"https://www.hepsiemlak.com/izmir-torbali-yedi-eylul-kiralik/daire/167406-211","1 / 23","25.000","08/09/2026","Torbalı Yedieylulde Havuzlu Sitede 2+1 Kiralık Daire 25.000 Tl","Kiralık Daire","2 + 1","100 m²","Sıfır Bina","·","Kat","4. Kat","İzmir / Torbalı / Yedi Eylül Mah.","https://www.hepsiemlak.com/_nuxt/8cafc93fb5c74c75e9e04e528e02ccdf.jpg","My Group Gayrimenkul","WhatsApp","https://www.hepsiemlak.com/_nuxt/8cafc93fb5c74c75e9e04e528e02ccdf.jpg"
"https://www.hepsiemlak.com/izmir-bornova-erzene-kiralik/daire/152750-113","1 / 32","33.000","10/09/2026","Bornova Sıfır Ve Ferah 1+1 Kiralık Daire","Kiralık Daire","1 + 1","55 m²","Sıfır Bina","·","Kat","4. Kat","İzmir / Bornova / Erzene Mah.","https://www.hepsiemlak.com/_nuxt/8cafc93fb5c74c75e9e04e528e02ccdf.jpg","Turpa Feyza","WhatsApp","https://www.hepsiemlak.com/_nuxt/8cafc93fb5c74c75e9e04e528e02ccdf.jpg"
"https://www.hepsiemlak.com/izmir-karsiyaka-bostanli-kiralik/daire/156747-504","1 / 30","40.000","07/09/2026","Bostanlı Şehitler Bulvarı'nda İzban'a Yakın Ferah 3+1 Kiralık","Kiralık Daire","3 + 1","120 m²","31 Yaşında","·","Kat","1. Kat","İzmir / Karşıyaka / Bostanlı Mah.","https://hecdnnw.hemlak.com/mncropresize/77/67/logo/7/4/7/6/5/1/ce802b97-d718-49ad-8fcd-083b83007a7e.jpg","Armada Gayrimenkul","WhatsApp",""
"https://www.hepsiemlak.com/izmir-menemen-cumhuriyet-kiralik/daire/144617-36","1 / 23","22.000","09/09/2026","İzmir Menemen Koyundere Site İçinde Doğalgazlı Asansörlü 2+1 Daire","Kiralık Daire","2 + 1","90 m²","8 Yaşında","·","Kat","6. Kat","İzmir / Menemen / Cumhuriyet Mah.","","","WhatsApp",""
"https://www.hepsiemlak.com/izmir-guzelbahce-maltepe-kiralik/daire/162532-68","1 / 24","90.000","07/09/2026","Güzelbahçe Oasis Sitesi'nde Havuzlu Sitede 2+1 Ferah Daire","Kiralık Daire","2 + 1","115 m²","16 Yaşında","·","Kat","1. Kat","İzmir / Güzelbahçe / Maltepe Mah.","https://hecdnnw.hemlak.com/mncropresize/77/67/logo/2/3/5/2/6/1/e39104f6-c420-4fe6-8997-0e4456803c3e.jpg","Ş&t Group Gayrimenkul","WhatsApp",""
"https://www.hepsiemlak.com/izmir-konak-barbaros-kiralik/daire/164442-80","1 / 20","42.000","04/09/2026","Karataş'ta Genç Binada, Üçyol Metroya Yakın, Eşyalı Daire","Kiralık Daire","2 + 1","92 m²","6 Yaşında","·","Kat","6. Kat","İzmir / Konak / Barbaros Mah.","https://hecdn01.hemlak.com/mncropresize/182/137/ds01/2/5/4/5/4/0/7/4/97d3f05c-1c90-4000-ac8b-b2f83c725697.jpg","Smyrna Team Kw","WhatsApp","https://hecdnnw.hemlak.com/mncropresize/77/67/logo/2/4/4/4/6/1/9a2db10f-48b0-43b6-a8fd-6fd593960b36.jpg"
"https://www.hepsiemlak.com/izmir-cigli-ugur-mumcu-kiralik/daire/142177-475","1 / 34","37.000","09/09/2026","Çiğli Uğur Mumcu Kalevita Sitesinde 2+1 Kiralık Daire","Kiralık Daire","2 + 1","95 m²","Sıfır Bina","·","Kat","5. Kat","İzmir / Çiğli / Uğur Mumcu Mah.","https://www.hepsiemlak.com/_nuxt/8cafc93fb5c74c75e9e04e528e02ccdf.jpg","Startkey Corner","WhatsApp","https://www.hepsiemlak.com/_nuxt/8cafc93fb5c74c75e9e04e528e02ccdf.jpg"
"https://www.hepsiemlak.com/izmir-torbali-fevzi-cakmak-kiralik/daire/168209-65","1 / 28","42.500","05/09/2026","Ayrancılar Fevzi Çakmak Ta Kiralık 328 M2 4+1 Dubleks","Kiralık Daire","4 + 1","340 m²","8 Yaşında","·","Kat","2. Kat","İzmir / Torbalı / Fevzi Çakmak Mah.","https://www.hepsiemlak.com/_nuxt/8cafc93fb5c74c75e9e04e528e02ccdf.jpg","Mehmet Karataş Gayrimenkul","WhatsApp","https://www.hepsiemlak.com/_nuxt/8cafc93fb5c74c75e9e04e528e02ccdf.jpg"
"https://www.hepsiemlak.com/izmir-balcova-teleferik-kiralik/daire/167429-23","1 / 20","45.000","09/09/2026","Balçova Teleferikte Site İçerisinde Arakat Kiralık Geniş Daire","Kiralık Daire","3 + 1","135 m²","21 Yaşında","·","Kat","7. Kat","İzmir / Balçova / Teleferik Mah.","https://www.hepsiemlak.com/_nuxt/8cafc93fb5c74c75e9e04e528e02ccdf.jpg","Realty World Leo Gayrimenkul","WhatsApp","https://www.hepsiemlak.com/img/loadings/noImage55-55.png"
"https://www.hepsiemlak.com/izmir-menemen-kasimpasa-kiralik/daire/150394-63","1 / 20","26.000","07/09/2026","Menemen Kasımpaşa Mahallesi'nde Merkezi Konumda 2+1 Kiralık Daire","Kiralık Daire","2 + 1","95 m²","12 Yaşında","·","Kat","4. Kat","İzmir / Menemen / Kasımpaşa Mah.","https://www.hepsiemlak.com/_nuxt/8cafc93fb5c74c75e9e04e528e02ccdf.jpg","","WhatsApp",""
"https://www.hepsiemlak.com/izmir-bornova-ergene-kiralik/daire/134592-1055","1 / 23","38.000","06/09/2026","Bornova Merkezde Kiralık 2+1 Ara Kat Daire","Kiralık Daire","2 + 1","110 m²","5 Yaşında","·","Kat","2. Kat","İzmir / Bornova / Ergene Mah.","https://www.hepsiemlak.com/_nuxt/8cafc93fb5c74c75e9e04e528e02ccdf.jpg","Startkey Hayat Gayrimenkul","WhatsApp","https://www.hepsiemlak.com/_nuxt/8cafc93fb5c74c75e9e04e528e02ccdf.jpg"
"https://www.hepsiemlak.com/izmir-gaziemir-gazi-kiralik/daire/57322-3126","1 / 39","50.000","10/09/2026","Kuray'dan Gazi Mahallesin'de Arakat 3+1 Kiralık Daire Kd-230","Kiralık Daire","3 + 1","135 m²","6 Yaşında","·","Kat","2. Kat","İzmir / Gaziemir / Gazi Mah.","https://www.hepsiemlak.com/_nuxt/8cafc93fb5c74c75e9e04e528e02ccdf.jpg","Kuray Emlak","WhatsApp","https://www.hepsiemlak.com/_nuxt/8cafc93fb5c74c75e9e04e528e02ccdf.jpg"
"https://www.hepsiemlak.com/izmir-konak-cankaya-kiralik/daire/119170-242","1 / 32","30.000","08/09/2026","Hatay 255 Sokakta 2+1,90m2,Dogalgazlı,Otoparklı,Kiralık Daire","Kiralık Daire","2 + 1","100 m²","26 Yaşında","·","Kat","4. Kat","İzmir / Konak / Çankaya Mah.","https://www.hepsiemlak.com/_nuxt/8cafc93fb5c74c75e9e04e528e02ccdf.jpg","Ata Gayrimenkul İzmir Hatay","WhatsApp","https://www.hepsiemlak.com/_nuxt/8cafc93fb5c74c75e9e04e528e02ccdf.jpg"
"https://www.hepsiemlak.com/izmir-foca-fatih-kiralik/villa/45263-1684","1 / 48","22.000.000","06/09/2026","Yeni Foçada Sayar Emlaktan Satılık Mustakil Bahçeli 4+1 Villa Denizi 200 M2 Mesafesinde","Kiralık Villa","4 + 1","150 m²","15 Yaşında","·","Kat","","İzmir / Foça / Fatih Mah.","https://www.hepsiemlak.com/_nuxt/8cafc93fb5c74c75e9e04e528e02ccdf.jpg","","WhatsApp",""
"https://www.hepsiemlak.com/izmir-buca-baris-kiralik/daire/165213-30","1 / 32","26.000","08/09/2026","Buca Bariş Mah'de 3+1 Geniş/bakımlı/doğalgazlı Kiralık Daire..","Kiralık Daire","3 + 1","125 m²","24 Yaşında","·","Kat","En Üst Kat","İzmir / Buca / Barış Mah.","https://www.hepsiemlak.com/_nuxt/8cafc93fb5c74c75e9e04e528e02ccdf.jpg","Mimar Türker Gayrimenkul","WhatsApp","https://www.hepsiemlak.com/img/loadings/noImage55-55.png"
"https://www.hepsiemlak.com/izmir-seferihisar-colak-ibrahim-bey-kiralik/daire/147626-119","1 / 20","35.000","03/09/2026","Çolak İbrahim Bey Mahallesinde Geniş Ve Ferah 3+1 Kapalı Mutfaklı Kiralık Daire","Kiralık Daire","3 + 0","100 m²","8 Yaşında","·","Kat","Zemin","İzmir / Seferihisar / Çolak İbrahim Bey Mah.","https://www.hepsiemlak.com/_nuxt/8cafc93fb5c74c75e9e04e528e02ccdf.jpg","Daçe Gayrimenkul","WhatsApp","https://www.hepsiemlak.com/_nuxt/8cafc93fb5c74c75e9e04e528e02ccdf.jpg"
"https://www.hepsiemlak.com/izmir-cesme-ismet-inonu-kiralik/villa/37033-4058","1 / 57","550.000","09/09/2026","Çeşme Merk.7+1 Sıfır Full Mobilyalı Olarak Teslim Edilecekdir Yüzme Havuzlu Sezonluk Müstakil Villa","Kiralık Villa","7 + 1","620 m²","Sıfır Bina","·","Kat","","İzmir / Çeşme / İsmet İnönü Mah.","https://www.hepsiemlak.com/_nuxt/8cafc93fb5c74c75e9e04e528e02ccdf.jpg","Demet Emlak","WhatsApp","https://www.hepsiemlak.com/_nuxt/8cafc93fb5c74c75e9e04e528e02ccdf.jpg"
"https://www.hepsiemlak.com/izmir-cesme-cakabey-kiralik/mustakil-ev/106456-301","1 / 38","250.000","07/09/2026","Çeşme Mamurbabada Havuzlu Kiralık Kupon Müstakil Villa","Kiralık Müstakil Ev","4 + 1","850 m²","20 Yaşında","·","Kat","","İzmir / Çeşme / Çakabey Mah.","https://www.hepsiemlak.com/_nuxt/8cafc93fb5c74c75e9e04e528e02ccdf.jpg","","WhatsApp",""
"https://www.hepsiemlak.com/izmir-menemen-zeytinlik-kiralik/daire/13489-213","1 / 39","30.000","04/09/2026","Menemen Zeytinlik Mahallesinde Kiralık 3+1 Doğalgazlı Yeni Daire","Kiralık Daire","3 + 1","130 m²","4 Yaşında","·","Kat","4. Kat","İzmir / Menemen / Zeytinlik Mah.","https://www.hepsiemlak.com/_nuxt/8cafc93fb5c74c75e9e04e528e02ccdf.jpg","T-metin Emlak","WhatsApp","https://www.hepsiemlak.com/_nuxt/8cafc93fb5c74c75e9e04e528e02ccdf.jpg"
"https://www.hepsiemlak.com/izmir-seferihisar-ataturk-kiralik/villa/125858-502","1 / 35","45.000","04/09/2026","Seferihisar Doğanbeyde Deniz Ve Doğa Manzaralı Kiralık 4+1yazlık","Kiralık Villa","4 + 1","200 m²","6 Yaşında","·","Kat","Bahçe Katı","İzmir / Seferihisar / Atatürk Mah.","https://www.hepsiemlak.com/_nuxt/8cafc93fb5c74c75e9e04e528e02ccdf.jpg","Öztaş Gayrimenkul","WhatsApp","https://www.hepsiemlak.com/_nuxt/8cafc93fb5c74c75e9e04e528e02ccdf.jpg"
"https://www.hepsiemlak.com/izmir-balcova-egitim-kiralik/daire/2080-2174","1 / 37","33.000","09/09/2026","Balçova Da Çarş İçi Konumda Kiralık 3+1 Ara Kat Daire","Kiralık Daire","3 + 1","130 m²","33 Yaşında","·","Kat","2. Kat","İzmir / Balçova / Eğitim Mah.","https://www.hepsiemlak.com/_nuxt/8cafc93fb5c74c75e9e04e528e02ccdf.jpg","Vatan Gayrimenkul Yatırım Danışmanlık","WhatsApp","https://www.hepsiemlak.com/_nuxt/8cafc93fb5c74c75e9e04e528e02ccdf.jpg"
"https://www.hepsiemlak.com/izmir-menderes-gumuldur-inonu-kiralik/daire/65421-1499","1 / 37","60.000","04/09/2026","Gümüldür Denize Sıfır Sitede Eşyalı Kiralık Yazlık","Kiralık Daire","2 + 1","80 m²","15 Yaşında","·","Kat","Zemin","İzmir / Menderes / Gümüldür İnönü Mah.","https://www.hepsiemlak.com/_nuxt/8cafc93fb5c74c75e9e04e528e02ccdf.jpg","Bodrum Kule Emlak","WhatsApp","https://www.hepsiemlak.com/_nuxt/8cafc93fb5c74c75e9e04e528e02ccdf.jpg"
"https://www.hepsiemlak.com/izmir-cesme-ismet-inonu-kiralik/daire/36744-5261","1 / 49","42.000","09/09/2026","Çeşme'de Çarşı Marina Yakını Butik Sitede Otoparklı 1+1 Bahçeli Kiralık Full Eşyalı Daire","Kiralık Daire","1 + 1","65 m²","6 Yaşında","·","Kat","Yüksek Giriş","İzmir / Çeşme / İsmet İnönü Mah.","https://www.hepsiemlak.com/_nuxt/8cafc93fb5c74c75e9e04e528e02ccdf.jpg","Arda Gayrimenkul Yatırım Danışmanlığı","WhatsApp","https://www.hepsiemlak.com/_nuxt/8cafc93fb5c74c75e9e04e528e02ccdf.jpg"
"https://www.hepsiemlak.com/izmir-konak-mimar-sinan-kiralik/daire/139699-234","1 / 35","36.000","03/09/2026","Alsancak Mimar Sinan'da Eşyalı Kiralık 1+1 Daire","Kiralık Daire","1 + 1","65 m²","26 Yaşında","·","Kat","6. Kat","İzmir / Konak / Mimar Sinan Mah.","https://www.hepsiemlak.com/_nuxt/8cafc93fb5c74c75e9e04e528e02ccdf.jpg","","WhatsApp",""
"https://www.hepsiemlak.com/izmir-buca-ataturk-kiralik/daire/148313-88","1 / 21","18.000","08/09/2026","Hasanağa Bahçesinin Dibinde Balkonlu Lüx Eşyalı","Kiralık Daire","1 + 1","70 m²","4 Yaşında","·","Kat","1. Kat","İzmir / Buca / Atatürk Mah.","https://www.hepsiemlak.com/_nuxt/8cafc93fb5c74c75e9e04e528e02ccdf.jpg","Reyna Gayrimenkul","WhatsApp","https://www.hepsiemlak.com/_nuxt/8cafc93fb5c74c75e9e04e528e02ccdf.jpg"
"https://www.hepsiemlak.com/izmir-cigli-evka-2-kiralik/daire/64135-378","1 / 36","21.000","08/09/2026","Evka2 Kiralık 1oda Salon Daire","Kiralık Daire","1 + 1","68 m²","32 Yaşında","·","Kat","Ara Kat","İzmir / Çiğli / Evka - 2 Mah.","https://www.hepsiemlak.com/_nuxt/8cafc93fb5c74c75e9e04e528e02ccdf.jpg","","WhatsApp",""
"https://www.hepsiemlak.com/izmir-balcova-cetin-emec-kiralik/daire/10374-4140","1 / 49","40.000","07/09/2026","Kolej Ofis Gay.Site İçinde Çift Asansörlü Otoparklı Jeotermalli Kiralık Ara Kat Daire","Kiralık Daire","2 + 1","105 m²","18 Yaşında","·","Kat","2. Kat","İzmir / Balçova / Çetin Emeç Mah.","","","WhatsApp",""
"https://www.hepsiemlak.com/izmir-odemis-anafartalar-kiralik/daire/112460-600","1 / 40","20.000","07/09/2026","Beyaz Emlak Dan Atatürk De Ful Tadilatlı Doğalgazlı Açık Mutfaklı 4.Kat Tek Daire Kiralık.","Kiralık Daire","3 + 1","140 m²","25 Yaşında","·","Kat","En Üst Kat","İzmir / Ödemiş / Anafartalar Mah.","","","WhatsApp",""
"https://www.hepsiemlak.com/izmir-bornova-erzene-kiralik/daire/22103-5581","1 / 34","100.000","09/09/2026","Evka 3 Metro Yakını 4 Cepheli Kiralık 4+1","Kiralık Daire","4 + 1","240 m²","20 Yaşında","·","Kat","Ara Kat","İzmir / Bornova / Erzene Mah.","","","WhatsApp",""
"https://www.hepsiemlak.com/izmir-dikili-ismetpasa-kiralik/daire/103566-3626","1 / 33","35.000","06/09/2026","Dikili İsmetpaşa'da Eşyalı Kiralık 2+1 Bahçe Katı Daire","Kiralık Daire","2 + 1","66 m²","4 Yaşında","·","Kat","Bahçe Katı","İzmir / Dikili / İsmetpaşa Mah.","https://hecdn01.hemlak.com/mncropresize/182/137/ds01/3/2/9/5/5/2/7/4/bd64ff1f-61bc-48e5-8232-65a67df982b6.jpg","Remax İlyada","WhatsApp","https://hecdnnw.hemlak.com/mncropresize/77/67/logo/6/6/5/3/0/1/779fb676-bd3c-4991-a27a-cd0a1877c4d9.jpg"
"https://www.hepsiemlak.com/izmir-konak-alsancak-kiralik/daire/31270-3091","1 / 33","33.000","04/09/2026","Konak Alsancak Merkezde  3+1 Kiralık Konut","Kiralık Daire","3 + 1","130 m²","35 Yaşında","·","Kat","3. Kat","İzmir / Konak / Alsancak Mah.","https://www.hepsiemlak.com/_nuxt/8cafc93fb5c74c75e9e04e528e02ccdf.jpg","Kadıoğlu Emlak LTD.ŞTİ.","WhatsApp","https://www.hepsiemlak.com/_nuxt/8cafc93fb5c74c75e9e04e528e02ccdf.jpg"
"https://www.hepsiemlak.com/izmir-karsiyaka-fikri-altay-kiralik/daire/91814-1025","1 / 33","33.000","08/09/2026","9 Eylül Emlak Fikri Altay Mah Demirköprü Bulvar Yakını 2+1 Kiralık Daire","Kiralık Daire","2 + 1","80 m²","5 Yaşında","·","Kat","Zemin","İzmir / Karşıyaka / Fikri Altay Mah.","https://www.hepsiemlak.com/_nuxt/8cafc93fb5c74c75e9e04e528e02ccdf.jpg","9 Eylül Emlak","WhatsApp","https://www.hepsiemlak.com/_nuxt/8cafc93fb5c74c75e9e04e528e02ccdf.jpg"
"https://www.hepsiemlak.com/izmir-bornova-evka-3-kiralik/daire/126413-166","1 / 33","35.000","06/09/2026","Bornova Evka 3 Esen85 Sitesinde Doğayla İç İçe 3+1 Kiralık Daire","Kiralık Daire","3 + 1","120 m²","31 Yaşında","·","Kat","4. Kat","İzmir / Bornova / Evka 3 Mah.","https://www.hepsiemlak.com/_nuxt/8cafc93fb5c74c75e9e04e528e02ccdf.jpg","","WhatsApp",""
"https://www.hepsiemlak.com/izmir-karabaglar-muammer-akar-kiralik/daire/77409-847","1 / 33","33.000","06/09/2026","Denizdemende Eşyalı Bakımlı Kiralık Daire","Kiralık Daire","2 + 1","100 m²","3 Yaşında","·","Kat","Yüksek Giriş","İzmir / Karabağlar / Muammer Akar Mah.","https://www.hepsiemlak.com/_nuxt/8cafc93fb5c74c75e9e04e528e02ccdf.jpg","Banko Gayrimenkul","WhatsApp",""
"https://www.hepsiemlak.com/izmir-karabaglar-doganay-kiralik/daire/79070-4320","1 / 33","24.000","05/09/2026","Karabağlar Doğanay Mah.Doğalgazlı Cadde Üzeri Deniz Manzaralı 2+1 Kiralık Daire","Kiralık Daire","2 + 1","85 m²","25 Yaşında","·","Kat","6. Kat","İzmir / Karabağlar / Doğanay Mah.","https://www.hepsiemlak.com/_nuxt/8cafc93fb5c74c75e9e04e528e02ccdf.jpg","Harputlu Emlak","WhatsApp",""
"https://www.hepsiemlak.com/izmir-konak-guzelyali-kiralik/yali-dairesi/10160-3441","1 / 33","80.000","09/09/2026","Güzelyalı Göztepe Arası Bakımlı 7.Kat Yalı Dairesi Son Kat 165 M","Kiralık Yalı Dairesi","3 + 0","170 m²","48 Yaşında","·","Kat","7. Kat","İzmir / Konak / Güzelyalı Mah.","https://www.hepsiemlak.com/_nuxt/8cafc93fb5c74c75e9e04e528e02ccdf.jpg","Güzelyalı Emlak","WhatsApp","https://www.hepsiemlak.com/_nuxt/8cafc93fb5c74c75e9e04e528e02ccdf.jpg"
"https://www.hepsiemlak.com/izmir-cesme-reisdere-kiralik/villa/65747-1692","1 / 33","320.000","07/09/2026","(a1692) Özel Havuzlu, Bağımsız Bahçeli, Kiralık Taş Dubleks Villa","Kiralık Villa","3 + 1","140 m²","5 Yaşında","·","Kat","","İzmir / Çeşme / Reisdere Mah.","https://www.hepsiemlak.com/_nuxt/8cafc93fb5c74c75e9e04e528e02ccdf.jpg","Özkanlar Gayrimenkul Danışmanlığı","WhatsApp","https://www.hepsiemlak.com/_nuxt/8cafc93fb5c74c75e9e04e528e02ccdf.jpg"
"https://www.hepsiemlak.com/izmir-bornova-erzene-kiralik/daire/165005-127","1 / 14","30.000","05/09/2026","Bornovanın En Değerli Konumlarından Erzenede Kiralık 1+1 Daire","Kiralık Daire","1 + 1","70 m²","3 Yaşında","·","Kat","1. Kat","İzmir / Bornova / Erzene Mah.","https://www.hepsiemlak.com/_nuxt/8cafc93fb5c74c75e9e04e528e02ccdf.jpg","Kw Efe Takım","WhatsApp","https://www.hepsiemlak.com/img/loadings/noImage55-55.png"
"https://www.hepsiemlak.com/izmir-buca-izkent-kiralik/daire/169765-30","1 / 14","22.500","07/09/2026","Buca İzkentte Kiralık Daire","Kiralık Daire","2 + 1","85 m²","26 Yaşında","·","Kat","3. Kat","İzmir / Buca / İzkent Mah.","https://www.hepsiemlak.com/_nuxt/8cafc93fb5c74c75e9e04e528e02ccdf.jpg","","WhatsApp",""
"https://www.hepsiemlak.com/izmir-seferihisar-kavakdere-kiralik/villa/170165-14","1 / 14","45.000","07/09/2026","Seferihisar Kavakdere Mah Muhteşem Doğa Manzaralı 3+1 Sıfır Kiralık Dubleks Villa","Kiralık Villa","3 + 1","325 m²","Sıfır Bina","·","Kat","","İzmir / Seferihisar / Kavakdere Mah.","https://www.hepsiemlak.com/_nuxt/8cafc93fb5c74c75e9e04e528e02ccdf.jpg","","WhatsApp",""
"https://www.hepsiemlak.com/izmir-karabaglar-basin-sitesi-kiralik/daire/21655-3701","1 / 10","21.000","09/09/2026","Basınsitesin'de Hatay Metroya Yakın Bahçe Katı Kiralık Daire","Kiralık Daire","2 + 1","100 m²","40 Yaşında","·","Kat","Bahçe Katı","İzmir / Karabağlar / Basın Sitesi Mah.","https://www.hepsiemlak.com/_nuxt/8cafc93fb5c74c75e9e04e528e02ccdf.jpg","","WhatsApp",""
"https://www.hepsiemlak.com/izmir-cesme-alacati-kiralik/villa/104662-687","1 / 32","75.000","05/09/2026","Çeşme Alaçatı Da Kiralık Dubleks  Müstakil Villa( Yıllık Olarak)","Kiralık Villa","3 + 1","250 m²","9 Yaşında","·","Kat","","İzmir / Çeşme / Alaçatı Mah.","https://www.hepsiemlak.com/_nuxt/8cafc93fb5c74c75e9e04e528e02ccdf.jpg","","WhatsApp",""
"https://www.hepsiemlak.com/izmir-karsiyaka-goncalar-kiralik/daire/9515-3463","1 / 32","31.000","07/09/2026","Uçar Emlak’tan  Nergiz İzban Durağı Yakını, Full Eşyalı 2+1 Kiralık Daire","Kiralık Daire","2 + 1","90 m²","25 Yaşında","·","Kat","1. Kat","İzmir / Karşıyaka / Goncalar Mah.","https://www.hepsiemlak.com/_nuxt/8cafc93fb5c74c75e9e04e528e02ccdf.jpg","","WhatsApp",""
"https://www.hepsiemlak.com/izmir-buca-hurriyet-kiralik/daire/32694-805","1 / 19","29.000","09/09/2026","Şirinyer İzban Yakını 3+1 Kiralık Doğal Gazlı Daire","Kiralık Daire","3 + 1","115 m²","30 Yaşında","·","Kat","2. Kat","İzmir / Buca / Hürriyet Mah.","https://www.hepsiemlak.com/_nuxt/8cafc93fb5c74c75e9e04e528e02ccdf.jpg","","WhatsApp",""
"https://www.hepsiemlak.com/izmir-karsiyaka-bostanli-kiralik/daire/39051-1842","1 / 27","50.000","07/09/2026","Bostanlı Merkezde İskele Yakını 3+1 Kombili Hazır Mutfaklı Temiz Daire","Kiralık Daire","3 + 1","145 m²","40 Yaşında","·","Kat","Ara Kat","İzmir / Karşıyaka / Bostanlı Mah.","https://www.hepsiemlak.com/_nuxt/8cafc93fb5c74c75e9e04e528e02ccdf.jpg","Özler Emlak","WhatsApp","https://www.hepsiemlak.com/_nuxt/8cafc93fb5c74c75e9e04e528e02ccdf.jpg"
"https://www.hepsiemlak.com/izmir-bornova-kazimdirik-kiralik/daire/41692-1288","1 / 31","38.000","05/09/2026","Bornova Kazımdirik Mahallesi'nde Site İçerisinde Kiralık 3+1 Daire","Kiralık Daire","3 + 1","120 m²","35 Yaşında","·","Kat","6. Kat","İzmir / Bornova / Kazımdirik Mah.","https://www.hepsiemlak.com/_nuxt/8cafc93fb5c74c75e9e04e528e02ccdf.jpg","","WhatsApp",""
"https://www.hepsiemlak.com/izmir-buca-adatepe-kiralik/daire/67273-4146","1 / 31","23.000","09/09/2026","Buca Adatepe'de ,2+1 Doğalgazlı ,Geniş Kiralık Esnafoğlu'ndan.","Kiralık Daire","2 + 1","70 m²","5 Yaşında","·","Kat","2. Kat","İzmir / Buca / Adatepe Mah.","https://www.hepsiemlak.com/_nuxt/8cafc93fb5c74c75e9e04e528e02ccdf.jpg","Esnafoğlu Gayrimenkul","WhatsApp","https://www.hepsiemlak.com/_nuxt/8cafc93fb5c74c75e9e04e528e02ccdf.jpg"
"https://www.hepsiemlak.com/izmir-karsiyaka-bostanli-kiralik/daire/8047-2338","1 / 31","50.000","08/09/2026","Bostanlı Gode Cengiz Parkı Civarı 5 Yıllık 2+1 Daire","Kiralık Daire","2 + 1","85 m²","5 Yaşında","·","Kat","5. Kat","İzmir / Karşıyaka / Bostanlı Mah.","https://www.hepsiemlak.com/_nuxt/8cafc93fb5c74c75e9e04e528e02ccdf.jpg","Ülkü Emlak","WhatsApp","https://www.hepsiemlak.com/_nuxt/8cafc93fb5c74c75e9e04e528e02ccdf.jpg"
"https://www.hepsiemlak.com/izmir-menderes-bulgurca-kiralik/daire/124859-332","1 / 31","20.000","03/09/2026","Menderes Bulgurca Kiralık Bahçeli Daire","Kiralık Daire","2 + 1","200 m²","10 Yaşında","·","Kat","Bahçe Katı","İzmir / Menderes / Bulgurca Mah.","https://www.hepsiemlak.com/_nuxt/8cafc93fb5c74c75e9e04e528e02ccdf.jpg","Güngör Emlak","WhatsApp","https://www.hepsiemlak.com/_nuxt/8cafc93fb5c74c75e9e04e528e02ccdf.jpg"
"https://www.hepsiemlak.com/izmir-karabaglar-uckuyular-kiralik/daire/40322-3564","1 / 18","35.000","09/09/2026","İzmir  Karabağlar Üniversite Yanı Gürsel Aksel Bulvarı Üzerinde 3+1 Doğalgazlı Kiralık Daire","Kiralık Daire","3 + 1","135 m²","32 Yaşında","·","Kat","4. Kat","İzmir / Karabağlar / Üçkuyular Mah.","https://www.hepsiemlak.com/_nuxt/8cafc93fb5c74c75e9e04e528e02ccdf.jpg","","WhatsApp",""
"https://www.hepsiemlak.com/izmir-cesme-musalla-kiralik/daire/154913-196","1 / 13","45.000","09/09/2026","Çeşme Muslalah Mah. Yıllık Kiralık 1+1 Sıfır Daireler","Kiralık Daire","1 + 1","50 m²","Sıfır Bina","·","Kat","3. Kat","İzmir / Çeşme / Musalla Mah.","https://hecdnnw.hemlak.com/mncropresize/77/67/logo/3/1/9/4/5/1/660cef07-b98a-497e-8aae-1f3dcb776e5e.jpg","Kutluay Gayrimenkul Danışmanlığı","WhatsApp",""
"https://www.hepsiemlak.com/izmir-selcuk-zafer-kiralik/daire/0-47248703","1 / 13","26.000","05/09/2026","Selçuk Toki'de 3+1 - Katta Tek Daire","Kiralık Daire","4 + 1","160 m²","Sıfır Bina","·","Kat","En Üst Kat","İzmir / Selçuk / Zafer Mah.","","","WhatsApp",""
"https://www.hepsiemlak.com/izmir-cigli-balatcik-kiralik/daire/125796-2062","1 / 13","23.000","09/09/2026","Çiğli Balatçık Kampüs Yerleşkesinde Kiralık Ful Eşyalı 1+1 Daire","Kiralık Daire","1 + 1","55 m²","6 Yaşında","·","Kat","1. Kat","İzmir / Çiğli / Balatçık Mah.","https://hecdnnw.hemlak.com/mncropresize/77/67/logo/6/9/7/5/2/1/d9dff3fb-1cf5-4054-869a-123798417229.jpg","Coldwell Banker İya Gayrimenkul","WhatsApp","https://hecdnnw.hemlak.com/mncropresize/77/67/firmuser/7/0/4/3/2/0/3/d568dfab-7f20-45cc-93fe-e2cc847f78eb.jpg"
"https://www.hepsiemlak.com/izmir-cigli-balatcik-kiralik/daire/137971-246","1 / 13","29.250","08/09/2026","Egekent İzban Yakını Kiralık Eşyalı 1+1 Daire","Kiralık Daire","1 + 1","50 m²","4 Yaşında","·","Kat","2. Kat","İzmir / Çiğli / Balatçık Mah.","https://hecdn01.hemlak.com/mncropresize/182/137/ds01/6/6/5/9/3/2/7/4/3137f7307491cb951ee97ec47373c9dc7c946ada9c4338927205c08e2eabb08d6b5c02953c7001f9e8603adcf03c85f5.jpg","Yeşim Emlak 2","WhatsApp","https://hecdnnw.hemlak.com/mncropresize/77/67/logo/1/7/9/7/3/1/ba1da8d4-7df6-4c4f-967e-7685e9a50a64.jpg"
"https://www.hepsiemlak.com/izmir-bornova-kazimdirik-kiralik/daire/125876-3269","1 / 30","40.000","04/09/2026","Bornova Kazım Dirik Eşyalı 3+1 Kiralık Daire","Kiralık Daire","3 + 1","145 m²","31 Yaşında","·","Kat","8. Kat","İzmir / Bornova / Kazımdirik Mah.","https://www.hepsiemlak.com/_nuxt/8cafc93fb5c74c75e9e04e528e02ccdf.jpg","Kw Alesta-viya-orsa 4","WhatsApp","https://www.hepsiemlak.com/_nuxt/8cafc93fb5c74c75e9e04e528e02ccdf.jpg"
"https://www.hepsiemlak.com/izmir-cigli-egekent-kiralik/daire/60980-133","1 / 30","28.000","08/09/2026","Çığlı Egekent Girişi Çiğli 5 Dakka İçi Yapılı 3+1 108 M2 Doğalgaz Deniz Manzaralı","Kiralık Daire","3 + 1","108 m²","34 Yaşında","·","Kat","2. Kat","İzmir / Çiğli / Egekent Mah.","https://www.hepsiemlak.com/_nuxt/8cafc93fb5c74c75e9e04e528e02ccdf.jpg","","WhatsApp",""
"https://www.hepsiemlak.com/izmir-cesme-ilica-kiralik/daire/74113-74","1 / 25","40.000","08/09/2026","Ilıca Da Denize Çok Yakıneşyalı 12 Aylık,Yıllık Kiralık,Bakımlı 1+1 Terminal Yakını Yaz Kış Kiralık","Kiralık Daire","1 + 1","55 m²","5 Yaşında","·","Kat","Bahçe Katı","İzmir / Çeşme / Ilıca Mah.","https://www.hepsiemlak.com/_nuxt/8cafc93fb5c74c75e9e04e528e02ccdf.jpg","Emre Sönmez Gayrimenkul","WhatsApp","https://www.hepsiemlak.com/_nuxt/8cafc93fb5c74c75e9e04e528e02ccdf.jpg"
"https://www.hepsiemlak.com/izmir-urla-gulbahce-kiralik/daire/115022-986","1 / 29","40.000","07/09/2026","Çtn'den Gülbahçe'de, Okul Dönemine Yönelik Kiralık 2+1 Daire","Kiralık Daire","2 + 1","70 m²","8 Yaşında","·","Kat","1. Kat","İzmir / Urla / Gülbahçe Mah.","https://www.hepsiemlak.com/_nuxt/8cafc93fb5c74c75e9e04e528e02ccdf.jpg","Çtn Gayrimenkul","WhatsApp","https://www.hepsiemlak.com/_nuxt/8cafc93fb5c74c75e9e04e528e02ccdf.jpg"
"https://www.hepsiemlak.com/izmir-bornova-kazimdirik-kiralik/daire/162799-267","1 / 37","45.000","09/09/2026","Trademark Pi Sitesinde Farklı Eşyalı 1+1 Kiralık Daire","Kiralık Daire","1 + 1","60 m²","1 Yaşında","·","Kat","6. Kat","İzmir / Bornova / Kazımdirik Mah.","https://www.hepsiemlak.com/_nuxt/8cafc93fb5c74c75e9e04e528e02ccdf.jpg","Tm Gayrimenkul","WhatsApp","https://www.hepsiemlak.com/_nuxt/8cafc93fb5c74c75e9e04e528e02ccdf.jpg"
"https://www.hepsiemlak.com/izmir-buca-kozagac-kiralik/daire/63598-451","1 / 34","35.000","09/09/2026","Arga'dan Buca Çevik Bir Yakını Arakat 3+1 Kiralık Daire.","Kiralık Daire","3 + 1","130 m²","11 Yaşında","·","Kat","3. Kat","İzmir / Buca / Kozağaç Mah.","https://www.hepsiemlak.com/_nuxt/8cafc93fb5c74c75e9e04e528e02ccdf.jpg","Arga Emlak","WhatsApp","https://www.hepsiemlak.com/_nuxt/8cafc93fb5c74c75e9e04e528e02ccdf.jpg"
"https://www.hepsiemlak.com/izmir-buca-ataturk-kiralik/daire/143816-133","1 / 21","20.000","09/09/2026","Bucaparisa'dan Kadın Doğum Hastanesi Yanı D.Gazlı Kat 2+1","Kiralık Daire","2 + 1","100 m²","6 Yaşında","·","Kat","Yüksek Giriş","İzmir / Buca / Atatürk Mah.","https://www.hepsiemlak.com/_nuxt/8cafc93fb5c74c75e9e04e528e02ccdf.jpg","Parisa Yapı Gayrimenkul","WhatsApp","https://www.hepsiemlak.com/_nuxt/8cafc93fb5c74c75e9e04e528e02ccdf.jpg"
"https://www.hepsiemlak.com/izmir-karabaglar-bahar-kiralik/daire/133723-1164","1 / 23","26.000","10/09/2026","Bahar Mah. Merkezi Konumda Doğalgazlı Bakımlı Kiralık 2+1","Kiralık Daire","2 + 1","85 m²","6 Yaşında","·","Kat","3. Kat","İzmir / Karabağlar / Bahar Mah.","https://www.hepsiemlak.com/_nuxt/8cafc93fb5c74c75e9e04e528e02ccdf.jpg","Equinox Gayrimenkul","WhatsApp","https://www.hepsiemlak.com/_nuxt/8cafc93fb5c74c75e9e04e528e02ccdf.jpg"
"https://www.hepsiemlak.com/izmir-buca-buca-koop-kiralik/daire/37745-1991","1 / 28","35.000","05/09/2026","İzmir Buca Bucakoop 3+1 Eşyalı Daire","Kiralık Daire","3 + 1","120 m²","26 Yaşında","·","Kat","7. Kat","İzmir / Buca / Buca Koop. Mah.","https://www.hepsiemlak.com/_nuxt/8cafc93fb5c74c75e9e04e528e02ccdf.jpg","Dönertaş Emlak","WhatsApp",""
"https://www.hepsiemlak.com/izmir-karabaglar-devrim-kiralik/daire/141720-183","1 / 12","32.000","04/09/2026","Full Eşyalı 1+1 Daire","Kiralık Daire","1 + 1","60 m²","Sıfır Bina","·","Kat","4. Kat","İzmir / Karabağlar / Devrim Mah.","https://www.hepsiemlak.com/_nuxt/8cafc93fb5c74c75e9e04e528e02ccdf.jpg","Meri Emlak","WhatsApp","https://www.hepsiemlak.com/_nuxt/8cafc93fb5c74c75e9e04e528e02ccdf.jpg"
"https://www.hepsiemlak.com/izmir-balcova-egitim-kiralik/daire/77321-1222","1 / 27","50.000","08/09/2026","İzmir Balçova Eğitim Mah Ata Cad Üzerinde 3+1 Asansörlü Doğalgazlı Merkezi Yerde Kiralık Daire","Kiralık Daire","3 + 1","180 m²","30 Yaşında","·","Kat","6. Kat","İzmir / Balçova / Eğitim Mah.","https://www.hepsiemlak.com/_nuxt/8cafc93fb5c74c75e9e04e528e02ccdf.jpg","","WhatsApp",""
"https://www.hepsiemlak.com/izmir-bornova-erzene-kiralik/daire/117461-5220","1 / 27","35.000","08/09/2026","Bornova Merkezde Doğalgaz Kombili 3+1 Ara Kat Kiralık Daire","Kiralık Daire","3 + 1","130 m²","32 Yaşında","·","Kat","3. Kat","İzmir / Bornova / Erzene Mah.","https://www.hepsiemlak.com/_nuxt/8cafc93fb5c74c75e9e04e528e02ccdf.jpg","","WhatsApp",""
"https://www.hepsiemlak.com/izmir-karsiyaka-dedebasi-kiralik/daire/49446-4583","1 / 27","36.000","03/09/2026","Ordu Bulvarı Üzerinde, İzban Yakını, Eşyalı, Asansörlü, Büyük 1+1","Kiralık Daire","1 + 1","80 m²","20 Yaşında","·","Kat","3. Kat","İzmir / Karşıyaka / Dedebaşı Mah.","https://www.hepsiemlak.com/_nuxt/8cafc93fb5c74c75e9e04e528e02ccdf.jpg","","WhatsApp",""
"https://www.hepsiemlak.com/izmir-bayrakli-adalet-kiralik/daire/62397-573","1 / 27","33.000","09/09/2026","Bayraklı Adalet Mahallesi'nde Caddeye Yakın Ara Katta 3+1 Ferah Doğalgazlı Kiralık Daire","Kiralık Daire","3 + 1","140 m²","25 Yaşında","·","Kat","6. Kat","İzmir / Bayraklı / Adalet Mah.","https://www.hepsiemlak.com/_nuxt/8cafc93fb5c74c75e9e04e528e02ccdf.jpg","","WhatsApp",""
"https://www.hepsiemlak.com/izmir-torbali-inonu-kiralik/daire/79234-316","1 / 23","20.000","09/09/2026","İnonu Mahallesinde Butik Sitede Full Esyali Kiralik Geniş 1+1daire","Kiralık Daire","1 + 1","62 m²","4 Yaşında","·","Kat","3. Kat","İzmir / Torbalı / İnönü Mah.","https://www.hepsiemlak.com/_nuxt/8cafc93fb5c74c75e9e04e528e02ccdf.jpg","Özgü Emlak Ofisi","WhatsApp","https://www.hepsiemlak.com/_nuxt/8cafc93fb5c74c75e9e04e528e02ccdf.jpg"
"https://www.hepsiemlak.com/izmir-aliaga-kurtulus-kiralik/daire/48858-516","1 / 23","29.000","07/09/2026","Kurtuluş Mahallesinde 1+1 Doğalgazlı Kiralık Daire","Kiralık Daire","1 + 1","60 m²","Sıfır Bina","·","Kat","3. Kat","İzmir / Aliağa / Kurtuluş Mah.","https://www.hepsiemlak.com/_nuxt/8cafc93fb5c74c75e9e04e528e02ccdf.jpg","","WhatsApp",""
"https://www.hepsiemlak.com/izmir-cigli-evka-5-kiralik/daire/2527-14345","1 / 26","30.000","07/09/2026","Çiğli Evka 5 Sağlam Zemin Ön Cephe Arakat Asansörlü Kiralık 3+1","Kiralık Daire","3 + 1","125 m²","26 Yaşında","·","Kat","3. Kat","İzmir / Çiğli / Evka-5 Mah.","https://www.hepsiemlak.com/_nuxt/8cafc93fb5c74c75e9e04e528e02ccdf.jpg","Remax Adres","WhatsApp","https://www.hepsiemlak.com/_nuxt/8cafc93fb5c74c75e9e04e528e02ccdf.jpg"
"https://www.hepsiemlak.com/izmir-cesme-dalyan-kiralik/villa/135029-62","1 / 26","110.000","06/09/2026","Çeşme Dalyanda Müstakil Havuzlu  Yıllık Kiralık Villa","Kiralık Villa","4 + 1","250 m²","Sıfır Bina","·","Kat","","İzmir / Çeşme / Dalyan Mah.","https://www.hepsiemlak.com/_nuxt/8cafc93fb5c74c75e9e04e528e02ccdf.jpg","","WhatsApp",""
"https://www.hepsiemlak.com/izmir-karsiyaka-bahriye-ucok-kiralik/daire/6141-1695","1 / 26","52.000","05/09/2026","İzmir Karşıyaka Bahriye Üçok 'da  Kiralık Daire","Kiralık Daire","3 + 1","120 m²","3 Yaşında","·","Kat","1. Kat","İzmir / Karşıyaka / Bahriye Üçok Mah.","https://www.hepsiemlak.com/_nuxt/8cafc93fb5c74c75e9e04e528e02ccdf.jpg","","WhatsApp",""
"https://www.hepsiemlak.com/izmir-karsiyaka-tuna-kiralik/daire/55208-537","1 / 26","32.000","07/09/2026","İzmir Karşıyaka Anıta Ve Sahile Yakın 3+1 Bakımlı Z. Üstü 3.Kat Köşe Kiralık Daire","Kiralık Daire","3 + 1","135 m²","35 Yaşında","·","Kat","4. Kat","İzmir / Karşıyaka / Tuna Mah.","https://www.hepsiemlak.com/_nuxt/8cafc93fb5c74c75e9e04e528e02ccdf.jpg","","WhatsApp",""
"https://www.hepsiemlak.com/izmir-dikili-salihler-kiralik/villa/2089-12927","1 / 26","140.000","05/09/2026","İzmir Dikili Salihler Altı Mh. Site İçinde Satılık 5+1 Villa","Kiralık Villa","5 + 1","300 m²","12 Yaşında","·","Kat","","İzmir / Dikili / Salihler Mah.","https://hecdnnw.hemlak.com/mncropresize/77/67/logo/9/8/0/2/0/0/7eb176d3-25cb-4383-a41d-9e6873ec135c.jpg","Turyap Çengelköy Natoyolu Temsilciliği","WhatsApp",""
"https://www.hepsiemlak.com/izmir-bayrakli-mansuroglu-kiralik/daire/97779-1271","1 / 26","38.000","09/09/2026","Bornova Kazımdirik Mah.3+1 130 M2 Doğalgazlı Kiralık Daire","Kiralık Daire","3 + 1","130 m²","31 Yaşında","·","Kat","5. Kat","İzmir / Bayraklı / Mansuroğlu Mah.","","","WhatsApp",""
"https://www.hepsiemlak.com/izmir-urla-yeni-kiralik/villa/167685-33","1 / 52","150.000","08/09/2026","Urlanın Incısı Kekliktepede Tam Müstakil Villa Kiralıktır.","Kiralık Villa","4 + 1","240 m²","11 Yaşında","·","Kat","","İzmir / Urla / Yeni Mah.","","","WhatsApp",""
"https://www.hepsiemlak.com/izmir-bornova-ataturk-kiralik/daire/164530-63","1 / 24","30.000","08/09/2026","Bornova Atatürk Mahallesi 2+1 Kiralık Daire","Kiralık Daire","2 + 1","100 m²","11 Yaşında","·","Kat","Giriş Katı","İzmir / Bornova / Atatürk Mah.","https://hecdn01.hemlak.com/mncropresize/182/137/ds01/3/7/4/5/6/2/7/4/b0aab338-0383-4be5-95a9-3e6ed40eb34f.jpg","Tekinalp My İnşaat","WhatsApp","https://hecdnnw.hemlak.com/mncropresize/77/67/logo/0/3/5/4/6/1/11c9b64f-c0bc-4be5-a7de-42d6da7dd354.jpg"
"https://www.hepsiemlak.com/izmir-karabaglar-vatan-kiralik/daire/171435-61","1 / 39","30.000","08/09/2026","Yeşilyurt Hastane Yakını Eşyalı 3+1-Arakat-Asansör-Ebeveynli","Kiralık Daire","3 + 1","135 m²","21 Yaşında","·","Kat","2. Kat","İzmir / Karabağlar / Vatan Mah.","https://www.hepsiemlak.com/_nuxt/8cafc93fb5c74c75e9e04e528e02ccdf.jpg","Garanti Gayrimenkul","WhatsApp","https://www.hepsiemlak.com/_nuxt/8cafc93fb5c74c75e9e04e528e02ccdf.jpg"
"https://www.hepsiemlak.com/izmir-karabaglar-basin-sitesi-kiralik/daire/142036-659","1 / 22","42.000","07/09/2026","Yeşılyurt Hastane Karşısı 3+1 Asansörlü D.Gazlı Kiralık Daire","Kiralık Daire","3 + 1","120 m²","31 Yaşında","·","Kat","4. Kat","İzmir / Karabağlar / Basın Sitesi Mah.","https://www.hepsiemlak.com/_nuxt/8cafc93fb5c74c75e9e04e528e02ccdf.jpg","Pozitif Gayrimenkul","WhatsApp","https://www.hepsiemlak.com/_nuxt/8cafc93fb5c74c75e9e04e528e02ccdf.jpg"
"https://www.hepsiemlak.com/izmir-cigli-balatcik-kiralik/daire/116537-871","1 / 60","40.000","07/09/2026","Balatçık'da Üniversite&hastanelere Yakın 2+1 Eşyalı Kiralıkdaire","Kiralık Daire","2 + 1","80 m²","6 Yaşında","·","Kat","1. Kat","İzmir / Çiğli / Balatçık Mah.","https://www.hepsiemlak.com/_nuxt/8cafc93fb5c74c75e9e04e528e02ccdf.jpg","Merol Gayrimenkul","WhatsApp","https://www.hepsiemlak.com/_nuxt/8cafc93fb5c74c75e9e04e528e02ccdf.jpg"
"https://www.hepsiemlak.com/izmir-buca-yigitler-kiralik/daire/161067-188","1 / 40","45.000","08/09/2026","Buca Yiğitlerde | 3+1 Kiralık | Asansörlü | Otoparklı Yeni Bina","Kiralık Daire","3 + 1","135 m²","11 Yaşında","·","Kat","1. Kat","İzmir / Buca / Yiğitler Mah.","https://www.hepsiemlak.com/_nuxt/8cafc93fb5c74c75e9e04e528e02ccdf.jpg","Venko Gayrimenkul","WhatsApp","https://www.hepsiemlak.com/_nuxt/8cafc93fb5c74c75e9e04e528e02ccdf.jpg"
"https://www.hepsiemlak.com/izmir-cigli-balatcik-kiralik/daire/140182-564","1 / 35","32.000","07/09/2026","Çiğli Odes Park Balatçık Kiralık Eşyalı 1+1 Daire","Kiralık Daire","1 + 1","50 m²","1 Yaşında","·","Kat","7. Kat","İzmir / Çiğli / Balatçık Mah.","https://www.hepsiemlak.com/_nuxt/8cafc93fb5c74c75e9e04e528e02ccdf.jpg","Coldwell Banker Motto","WhatsApp","https://www.hepsiemlak.com/_nuxt/8cafc93fb5c74c75e9e04e528e02ccdf.jpg"
"https://www.hepsiemlak.com/izmir-bayrakli-osmangazi-kiralik/daire/152387-140","1 / 22","35.000","07/09/2026","Kiralık Bayraklı Osmangazi'de Site İçinde 3+1 Doğalgazlı Arakat","Kiralık Daire","3 + 1","140 m²","21 Yaşında","·","Kat","5. Kat","İzmir / Bayraklı / Osmangazi Mah.","https://www.hepsiemlak.com/_nuxt/8cafc93fb5c74c75e9e04e528e02ccdf.jpg","","WhatsApp",""
"https://www.hepsiemlak.com/izmir-karsiyaka-bahcelievler-kiralik/daire/143949-1871","1 / 17","45.000","07/09/2026","İzmir Karşıyaka Tower Rezidans'ta Sıfır Eşyalı 1+1 Kiralık Daire","Kiralık Daire","1 + 1","60 m²","6 Yaşında","·","Kat","2. Kat","İzmir / Karşıyaka / Bahçelievler Mah.","https://www.hepsiemlak.com/_nuxt/8cafc93fb5c74c75e9e04e528e02ccdf.jpg","","WhatsApp",""
"https://www.hepsiemlak.com/izmir-bornova-kazimdirik-kiralik/daire/119895-4259","1 / 38","32.000","08/09/2026","Bornova Gümüş Vivora Sitesi'nde Kiralık 1+0 Eşyalı Stüdyo Daire","Kiralık Daire","Stüdyo","45 m²","3 Yaşında","·","Kat","1. Kat","İzmir / Bornova / Kazımdirik Mah.","https://www.hepsiemlak.com/_nuxt/8cafc93fb5c74c75e9e04e528e02ccdf.jpg","Kw Alesta-viya-orsa 3","WhatsApp","https://www.hepsiemlak.com/_nuxt/8cafc93fb5c74c75e9e04e528e02ccdf.jpg"
"https://www.hepsiemlak.com/izmir-karsiyaka-bahcelievler-kiralik/daire/21024-12051","1 / 35","35.000","08/09/2026","Karşıyaka Bahçelievler'de Full Tadilatlı Ferah 3+1 Kiralık Daire","Kiralık Daire","3 + 1","115 m²","31 Yaşında","·","Kat","Çatı Katı","İzmir / Karşıyaka / Bahçelievler Mah.","https://www.hepsiemlak.com/_nuxt/8cafc93fb5c74c75e9e04e528e02ccdf.jpg","Turyap Ataşehir Fil","WhatsApp","https://www.hepsiemlak.com/_nuxt/8cafc93fb5c74c75e9e04e528e02ccdf.jpg"
"https://www.hepsiemlak.com/izmir-menemen-istiklal-kiralik/daire/134354-3480","1 / 42","28.000","05/09/2026","Ulukent İstiklal Mah’de Sıfır 1+1 | Balkonlu | Yerden Isıtmalı | Boş Kiralık Daire","Kiralık Daire","1 + 1","55 m²","Sıfır Bina","·","Kat","3. Kat","İzmir / Menemen / İstiklal Mah.","https://www.hepsiemlak.com/_nuxt/8cafc93fb5c74c75e9e04e528e02ccdf.jpg","Remax Target","WhatsApp","https://www.hepsiemlak.com/_nuxt/8cafc93fb5c74c75e9e04e528e02ccdf.jpg"
"https://www.hepsiemlak.com/izmir-karsiyaka-yali-kiralik/daire/58372-6852","1 / 60","120.000","05/09/2026","Karşıyaka Mavişehir No 3 Residence Kiralık 3+1 Daire","Kiralık Daire","3 + 1","150 m²","11 Yaşında","·","Kat","3. Kat","İzmir / Karşıyaka / Yalı Mah.","https://www.hepsiemlak.com/_nuxt/8cafc93fb5c74c75e9e04e528e02ccdf.jpg","Coldwell Banker Plus","WhatsApp","https://www.hepsiemlak.com/_nuxt/8cafc93fb5c74c75e9e04e528e02ccdf.jpg"
"https://www.hepsiemlak.com/izmir-gaziemir-sevgi-kiralik/daire/18427-1260","1 / 40","38.000","04/09/2026","Gaziemir Yuvam Emlak'tan Emlak Konutları 3.Etap 3+1 Kiralık","Kiralık Daire","3 + 1","118 m²","26 Yaşında","·","Kat","6. Kat","İzmir / Gaziemir / Sevgi Mah.","https://www.hepsiemlak.com/_nuxt/8cafc93fb5c74c75e9e04e528e02ccdf.jpg","","WhatsApp",""
"https://www.hepsiemlak.com/izmir-karabaglar-general-kazim-ozalp-kiralik/daire/13763-3103","1 / 33","29.000","04/09/2026","16 Yıllık Genç Binada , Temiz Kiralık Daire","Kiralık Daire","3 + 1","110 m²","16 Yaşında","·","Kat","2. Kat","İzmir / Karabağlar / General Kazım Özalp Mah.","https://www.hepsiemlak.com/_nuxt/8cafc93fb5c74c75e9e04e528e02ccdf.jpg","Nazar Emlak","WhatsApp","https://www.hepsiemlak.com/_nuxt/8cafc93fb5c74c75e9e04e528e02ccdf.jpg"
"https://www.hepsiemlak.com/izmir-menemen-30-agustos-kiralik/daire/87454-197","1 / 44","40.000","05/09/2026","Kent2'de Full Eşyalı 3+1 Kiralık","Kiralık Daire","3 + 1","100 m²","16 Yaşında","·","Kat","2. Kat","İzmir / Menemen / 30 Ağustos Mah.","https://www.hepsiemlak.com/_nuxt/8cafc93fb5c74c75e9e04e528e02ccdf.jpg","Orhan Emlak","WhatsApp","https://www.hepsiemlak.com/_nuxt/8cafc93fb5c74c75e9e04e528e02ccdf.jpg"
"https://www.hepsiemlak.com/izmir-buca-camlikule-kiralik/daire/141959-810","1 / 18","45.000","03/09/2026","Buca Otoban Batı Çıkışı Havuzlu Site Arakat Kiralık Daire","Kiralık Daire","2 + 1","105 m²","6 Yaşında","·","Kat","2. Kat","İzmir / Buca / Çamlıkule Mah.","https://www.hepsiemlak.com/_nuxt/8cafc93fb5c74c75e9e04e528e02ccdf.jpg","Remax Jolly","WhatsApp","https://www.hepsiemlak.com/_nuxt/8cafc93fb5c74c75e9e04e528e02ccdf.jpg"
"https://www.hepsiemlak.com/izmir-guzelbahce-kahramandere-kiralik/villa/21671-6627","1 / 56","260.000","03/09/2026","A24 Site ;Güzelbahçe Yunusoğlu Nefes Bahçe De Kiralık Lüks Villa","Kiralık Villa","3 + 2","490 m²","5 Yaşında","·","Kat","","İzmir / Güzelbahçe / Kahramandere Mah.","https://www.hepsiemlak.com/_nuxt/8cafc93fb5c74c75e9e04e528e02ccdf.jpg","A24 Site Gayrimenkul Danışmanlığı","WhatsApp","https://www.hepsiemlak.com/_nuxt/8cafc93fb5c74c75e9e04e528e02ccdf.jpg"
"https://www.hepsiemlak.com/izmir-buca-karanfil-kiralik/daire/136240-189","1 / 21","25.000","03/09/2026","İzmir Buca Evka 1 (karanfil Mahallesi)'nde 2+1 Kiralık Daire","Kiralık Daire","2 + 1","80 m²","31 Yaşında","·","Kat","2. Kat","İzmir / Buca / Karanfil Mah.","https://www.hepsiemlak.com/_nuxt/8cafc93fb5c74c75e9e04e528e02ccdf.jpg","Dialog Design Gayrimenkul","WhatsApp","https://www.hepsiemlak.com/_nuxt/8cafc93fb5c74c75e9e04e528e02ccdf.jpg"
"https://www.hepsiemlak.com/izmir-karsiyaka-goncalar-kiralik/daire/170657-92","1 / 41","37.000","08/09/2026","Nergiz De İzban Yakını 3+1 115 M2 Doğalgazlı Arakat","Kiralık Daire","2 + 1","115 m²","16 Yaşında","·","Kat","3. Kat","İzmir / Karşıyaka / Goncalar Mah.","https://www.hepsiemlak.com/_nuxt/8cafc93fb5c74c75e9e04e528e02ccdf.jpg","","WhatsApp",""
"https://www.hepsiemlak.com/izmir-bornova-kazimdirik-kiralik/daire/45527-1387","1 / 41","34.000","09/09/2026","Yahya Kemal Ortaokulu Karşısı Metroya Yürüme Mesafesinde 3+1 Doğalgazlı Daire","Kiralık Daire","3 + 1","110 m²","32 Yaşında","·","Kat","2. Kat","İzmir / Bornova / Kazımdirik Mah.","https://www.hepsiemlak.com/_nuxt/8cafc93fb5c74c75e9e04e528e02ccdf.jpg","","WhatsApp",""
"https://www.hepsiemlak.com/izmir-buca-camlik-kiralik/daire/170722-10","1 / 37","45.000","07/09/2026","Süper Konumda Genç Yaş Açık Mutfak Daire","Kiralık Daire","3 + 1","125 m²","6 Yaşında","·","Kat","1. Kat","İzmir / Buca / Çamlık Mah.","https://www.hepsiemlak.com/_nuxt/8cafc93fb5c74c75e9e04e528e02ccdf.jpg","Stz Gayrimenkul","WhatsApp","https://www.hepsiemlak.com/_nuxt/8cafc93fb5c74c75e9e04e528e02ccdf.jpg"
"https://www.hepsiemlak.com/izmir-seferihisar-sigacik-kiralik/villa/97475-671","1 / 34","60.000","07/09/2026","Teos Marina Karşısı Site İçinde Havuzlu 3+1 Kiralık Villa","Kiralık Villa","3 + 1","160 m²","11 Yaşında","·","Kat","","İzmir / Seferihisar / Sığacık Mah.","https://hecdnnw.hemlak.com/mncropresize/77/67/logo/5/7/4/7/9/0/895ebcbe-70df-4a66-864b-78edc81823ef.jpg","Coldwell Banker Kalem","WhatsApp",""
"https://www.hepsiemlak.com/izmir-bornova-erzene-kiralik/daire/151964-57","1 / 15","32.000","07/09/2026","Eşyalı Kiralık 1+1 Kapalı Mutfak Daire Bornova Erzene Mh.","Kiralık Daire","1 + 1","55 m²","6 Yaşında","·","Kat","Yüksek Giriş","İzmir / Bornova / Erzene Mah.","","Turpa Mergen Bornova","WhatsApp","https://hecdnnw.hemlak.com/mncropresize/77/67/firmuser/7/5/0/7/1/3/4/501fb920-364a-4661-9f5b-749c34a91744.jpg"
"https://www.hepsiemlak.com/izmir-karsiyaka-inonu-kiralik/daire/90478-2642","1 / 35","30.000","08/09/2026","Soyak Siesta Oxygen Eşyalı Kiralık 1+1 Daire","Kiralık Daire","1 + 1","55 m²","11 Yaşında","·","Kat","1. Kat","İzmir / Karşıyaka / İnönü Mah.","https://hecdnnw.hemlak.com/mncropresize/77/67/logo/8/7/4/0/9/0/260cd203-13d2-414a-befc-da6783ce5dd6.jpg","Startkey Alfa","WhatsApp",""
"https://www.hepsiemlak.com/izmir-menemen-ulus-kiralik/daire/47347-3097","1 / 40","19.000","10/09/2026","Nisan'dan Menemen Ulus Mh.Site İçi Kiralık 1+1","Kiralık Daire","1 + 1","64 m²","3 Yaşında","·","Kat","3. Kat","İzmir / Menemen / Ulus Mah.","https://hecdn01.hemlak.com/mncropresize/182/137/ds01/5/3/6/6/0/2/7/4/d25081d1-c8a2-420b-b733-5e7207ef83a5.jpg","Nisan Gayrimenkul","WhatsApp","https://hecdnnw.hemlak.com/mncropresize/77/67/logo/7/4/3/7/4/0/f03f2c88-dcf6-4ecd-9a5e-e4511c9d7a07.jpg"
"https://www.hepsiemlak.com/izmir-konak-kilic-reis-kiralik/daire/119288-1313","1 / 60","45.000","04/09/2026","Msg'den Tarihi Asansör Yakını Deniz Manzaralı Lüks 2+1 Kiralık","Kiralık Daire","2 + 1","100 m²","31 Yaşında","·","Kat","4. Kat","İzmir / Konak / Kılıç Reis Mah.","https://www.hepsiemlak.com/_nuxt/8cafc93fb5c74c75e9e04e528e02ccdf.jpg","Msg Gayrimenkul","WhatsApp","https://www.hepsiemlak.com/_nuxt/8cafc93fb5c74c75e9e04e528e02ccdf.jpg"
"https://www.hepsiemlak.com/izmir-karsiyaka-semikler-kiralik/daire/49204-1849","1 / 58","41.500","09/09/2026","Karşıyaka Demirköprü Diş Hastanesi Yakını Kiralık 3+1 Daire","Kiralık Daire","3 + 1","150 m²","19 Yaşında","·","Kat","1. Kat","İzmir / Karşıyaka / Şemikler Mah.","https://www.hepsiemlak.com/_nuxt/8cafc93fb5c74c75e9e04e528e02ccdf.jpg","","WhatsApp",""
"https://www.hepsiemlak.com/izmir-konak-goztepe-kiralik/daire/141901-1004","1 / 20","57.500","08/09/2026","Göztepede Merkezi Konumda, Komple Eşyalı Kiralık Daire","Kiralık Daire","3 + 1","135 m²","26 Yaşında","·","Kat","5. Kat","İzmir / Konak / Göztepe Mah.","https://www.hepsiemlak.com/_nuxt/8cafc93fb5c74c75e9e04e528e02ccdf.jpg","Startkey A Plus Gayrimenkul","WhatsApp","https://www.hepsiemlak.com/_nuxt/8cafc93fb5c74c75e9e04e528e02ccdf.jpg"
"https://www.hepsiemlak.com/izmir-seferihisar-hidirlik-kiralik/daire/145867-502","1 / 21","27.000","09/09/2026","Yalçın Gayrimenkulden 2+1 Doğalgazlı Dubleks Daire","Kiralık Daire","2 + 1","130 m²","6 Yaşında","·","Kat","4. Kat","İzmir / Seferihisar / Hıdırlık Mah.","https://www.hepsiemlak.com/_nuxt/8cafc93fb5c74c75e9e04e528e02ccdf.jpg","Yalçın Gayrimenkul","WhatsApp","https://www.hepsiemlak.com/_nuxt/8cafc93fb5c74c75e9e04e528e02ccdf.jpg"
"https://www.hepsiemlak.com/izmir-menemen-gazi-mustafa-kemal-kiralik/daire/169633-95","1 / 35","18.000","08/09/2026","Üniversiteye Çok Yakın Eşyalı Kiralık 1+1 Daire","Kiralık Daire","1 + 1","55 m²","2 Yaşında","·","Kat","1. Kat","İzmir / Menemen / Gazi Mustafa Kemal Mah.","https://www.hepsiemlak.com/_nuxt/8cafc93fb5c74c75e9e04e528e02ccdf.jpg","İzmir Birilk Gayrimenkul","WhatsApp","https://www.hepsiemlak.com/_nuxt/8cafc93fb5c74c75e9e04e528e02ccdf.jpg"
"https://www.hepsiemlak.com/izmir-karsiyaka-bahcelievler-kiralik/daire/94349-838","1 / 43","30.000","07/09/2026","Karşıyaka Bahçelievler Yeni Binada Kiralık 1+1 Daire","Kiralık Daire","1 + 1","60 m²","Sıfır Bina","·","Kat","4. Kat","İzmir / Karşıyaka / Bahçelievler Mah.","https://www.hepsiemlak.com/_nuxt/8cafc93fb5c74c75e9e04e528e02ccdf.jpg","Pırlanta Emlak","WhatsApp","https://www.hepsiemlak.com/_nuxt/8cafc93fb5c74c75e9e04e528e02ccdf.jpg"
"https://www.hepsiemlak.com/izmir-karsiyaka-bostanli-kiralik/daire/62049-2151","1 / 35","50.000","09/09/2026","Bostanlı Suat Taşer Sokağı 3+1 Eşyalı Doğalgazlı Kiralık Daire","Kiralık Daire","3 + 1","120 m²","31 Yaşında","·","Kat","3. Kat","İzmir / Karşıyaka / Bostanlı Mah.","https://www.hepsiemlak.com/_nuxt/8cafc93fb5c74c75e9e04e528e02ccdf.jpg","","WhatsApp",""
"https://www.hepsiemlak.com/izmir-karsiyaka-bahcelievler-kiralik/daire/142802-455","1 / 40","97.000","09/09/2026","Karşıyaka Tower Rezidans Ta Kiralık 3+1 Daire / Ofis","Kiralık Daire","3 + 1","140 m²","11 Yaşında","·","Kat","14. Kat","İzmir / Karşıyaka / Bahçelievler Mah.","https://www.hepsiemlak.com/_nuxt/8cafc93fb5c74c75e9e04e528e02ccdf.jpg","Rookz Dıamond","WhatsApp",""
"https://www.hepsiemlak.com/izmir-torbali-yedi-eylul-kiralik/daire/160928-103","1 / 37","23.000","09/09/2026","Rotaa'dan Yedi Eylül'de Ara Kat Kiralık Geniş 2+1 Daire","Kiralık Daire","2 + 1","125 m²","2 Yaşında","·","Kat","3. Kat","İzmir / Torbalı / Yedi Eylül Mah.","https://www.hepsiemlak.com/_nuxt/8cafc93fb5c74c75e9e04e528e02ccdf.jpg","Rotaa Gayrimenkul","WhatsApp","https://www.hepsiemlak.com/_nuxt/8cafc93fb5c74c75e9e04e528e02ccdf.jpg"
"https://www.hepsiemlak.com/izmir-buca-adatepe-kiralik/daire/170300-49","1 / 24","28.000","08/09/2026","Eliteden Adatepede Kiralık 1+1 Eşyalı Residance Daire","Kiralık Daire","1 + 1","52 m²","3 Yaşında","·","Kat","3. Kat","İzmir / Buca / Adatepe Mah.","https://www.hepsiemlak.com/_nuxt/8cafc93fb5c74c75e9e04e528e02ccdf.jpg","Elite Gayrimenkul","WhatsApp","https://www.hepsiemlak.com/_nuxt/8cafc93fb5c74c75e9e04e528e02ccdf.jpg"
"https://www.hepsiemlak.com/izmir-foca-kazim-dirik-kiralik/daire/144610-185","1 / 32","25.000","09/09/2026","Foça Bağarası Kazım Dirlikte 2+1 70 M2 Sıfır Daire","Kiralık Daire","2 + 1","70 m²","Sıfır Bina","·","Kat","2. Kat","İzmir / Foça / Kazım Dirik Mah.","https://www.hepsiemlak.com/_nuxt/8cafc93fb5c74c75e9e04e528e02ccdf.jpg","Smyrna Gayrimenkul","WhatsApp","https://www.hepsiemlak.com/_nuxt/8cafc93fb5c74c75e9e04e528e02ccdf.jpg"
"https://www.hepsiemlak.com/izmir-menemen-9-eylul-kiralik/daire/153004-480","1 / 17","54.000","04/09/2026","Palmiye Park Fiora Sitesinde Kiralık Bahçeli Teraslı 2+1 Daire","Kiralık Daire","2 + 1","117 m²","6 Yaşında","·","Kat","Bahçe Katı","İzmir / Menemen / 9 Eylül Mah.","https://www.hepsiemlak.com/_nuxt/8cafc93fb5c74c75e9e04e528e02ccdf.jpg","Portınn Proje Geliştirme Ve Gayrimenkul Danışmanlı","WhatsApp","https://www.hepsiemlak.com/_nuxt/8cafc93fb5c74c75e9e04e528e02ccdf.jpg"
"https://www.hepsiemlak.com/izmir-bayrakli-r-sevket-ince-kiralik/daire/43114-264","1 / 41","35.000","05/09/2026","Bölge Uzmanından İlk Siz Oturun Toki 8.Etep 1. Kısım 2+1 Ful Deniz Manzaralı Daire","Kiralık Daire","2 + 1","110 m²","Sıfır Bina","·","Kat","2. Kat","İzmir / Bayraklı / R. Şevket İnce Mah.","https://www.hepsiemlak.com/_nuxt/8cafc93fb5c74c75e9e04e528e02ccdf.jpg","","WhatsApp",""
"https://www.hepsiemlak.com/izmir-cigli-yakakent-kiralik/daire/21001-18892","1 / 34","23.000","09/09/2026","Yakakent Kiralık Fiyat Düştü 3+1 Doğalgazlı+balkonlu+asansörlü","Kiralık Daire","3 + 1","120 m²","16 Yaşında","·","Kat","4. Kat","İzmir / Çiğli / Yakakent Mah.","https://www.hepsiemlak.com/_nuxt/8cafc93fb5c74c75e9e04e528e02ccdf.jpg","Çiğli Serkan Emlak","WhatsApp","https://www.hepsiemlak.com/_nuxt/8cafc93fb5c74c75e9e04e528e02ccdf.jpg"
"https://www.hepsiemlak.com/izmir-karabaglar-vatan-kiralik/daire/34836-1051","1 / 31","30.000","09/09/2026","Vatan Mah. Asmaçatı Gayrimenkul'den Kiralık Daire","Kiralık Daire","3 + 1","135 m²","23 Yaşında","·","Kat","Zemin","İzmir / Karabağlar / Vatan Mah.","https://www.hepsiemlak.com/_nuxt/8cafc93fb5c74c75e9e04e528e02ccdf.jpg","","WhatsApp",""
"https://www.hepsiemlak.com/izmir-karabaglar-general-kazim-ozalp-kiralik/daire/5698-1141","1 / 35","45.000","03/09/2026","Denizmen G.Kazım Özalp Mah,3+1 4.Arakat D.Gazlı Net 120 M2 Konut","Kiralık Daire","3 + 1","160 m²","11 Yaşında","·","Kat","4. Kat","İzmir / Karabağlar / General Kazım Özalp Mah.","https://www.hepsiemlak.com/_nuxt/8cafc93fb5c74c75e9e04e528e02ccdf.jpg","Ümit Emlak","WhatsApp","https://www.hepsiemlak.com/_nuxt/8cafc93fb5c74c75e9e04e528e02ccdf.jpg"
"https://www.hepsiemlak.com/izmir-karsiyaka-yali-kiralik/daire/130508-199","1 / 18","38.500","09/09/2026","Soyak Optımus Eşyalı Kiralık 1+1 Daire","Kiralık Daire","1 + 1","45 m²","11 Yaşında","·","Kat","15. Kat","İzmir / Karşıyaka / Yalı Mah.","https://www.hepsiemlak.com/_nuxt/8cafc93fb5c74c75e9e04e528e02ccdf.jpg","","WhatsApp",""
"https://www.hepsiemlak.com/izmir-menemen-gazi-mustafa-kemal-kiralik/daire/108805-863","1 / 60","21.500","06/09/2026","Seyrekte Kiralık Eşyalı  Üniversiteye Yakın  2+1 Doğalgazlı Çift  Balkonlu","Kiralık Daire","2 + 1","85 m²","7 Yaşında","·","Kat","2. Kat","İzmir / Menemen / Gazi Mustafa Kemal Mah.","https://www.hepsiemlak.com/_nuxt/8cafc93fb5c74c75e9e04e528e02ccdf.jpg","","WhatsApp",""
"https://www.hepsiemlak.com/izmir-seferihisar-camikebir-kiralik/daire/166929-83","1 / 29","36.000","09/09/2026","Seferihisar Camikebir Mahallesinde Kiralık 3+1 Daire","Kiralık Daire","3 + 1","120 m²","6 Yaşında","·","Kat","3. Kat","İzmir / Seferihisar / Camikebir Mah.","https://www.hepsiemlak.com/_nuxt/8cafc93fb5c74c75e9e04e528e02ccdf.jpg","Duygu Han Gayrimenkul & Danışmanlık","WhatsApp","https://www.hepsiemlak.com/_nuxt/8cafc93fb5c74c75e9e04e528e02ccdf.jpg"
"https://www.hepsiemlak.com/izmir-karabaglar-vatan-kiralik/daire/44867-93","1 / 27","42.000","05/09/2026","Çalışkan_dan Yeşilyurt Vatan Mahallesi Teraslı 3+1 Kiralık Daire","Kiralık Daire","3 + 1","140 m²","8 Yaşında","·","Kat","En Üst Kat","İzmir / Karabağlar / Vatan Mah.","https://www.hepsiemlak.com/_nuxt/8cafc93fb5c74c75e9e04e528e02ccdf.jpg","","WhatsApp",""
"https://www.hepsiemlak.com/izmir-selcuk-14-mayis-kiralik/daire/132456-1807","1 / 21","27.000","09/09/2026","14 Mayıs Mahallesinde Eşyalı Kiralık 1+1 Çatı Katı Daire","Kiralık Daire","1 + 1","70 m²","3 Yaşında","·","Kat","Çatı Katı","İzmir / Selçuk / 14 Mayıs Mah.","https://hecdnnw.hemlak.com/mncropresize/77/67/logo/6/5/4/2/3/1/44f94578-5275-4a45-99fe-29033830ede2.jpg","Armina Group Gayrimenkul Danışmanlığı","WhatsApp",""
"https://www.hepsiemlak.com/izmir-karabaglar-bahcelievler-kiralik/daire/25220-2725","1 / 48","32.000","09/09/2026","Özpa - Bahçelievlerde  506 Sokak Ümit Sitesinde Merkz. Doğalgazlı 2 Cepheli 3+1","Kiralık Daire","3 + 1","120 m²","38 Yaşında","·","Kat","4. Kat","İzmir / Karabağlar / Bahçelievler Mah.","","","WhatsApp",""
"https://www.hepsiemlak.com/izmir-karabaglar-gulyaka-kiralik/daire/168030-10","1 / 35","25.000","10/09/2026","Saimçıkrıkçıoğlu Cad.De 2+1 Doğalgazlı Yeni Binada Kiralık Daire","Kiralık Daire","2 + 1","105 m²","16 Yaşında","·","Kat","4. Kat","İzmir / Karabağlar / Gülyaka Mah.","","","WhatsApp",""
"https://www.hepsiemlak.com/izmir-cesme-alacati-kiralik/villa/151045-28","1 / 30","1.050.000","05/09/2026","Respa Gayrimenkulden Alaçatı'da Yıllık Kiralık Havuzlu 3+1 Villa","Kiralık Villa","3 + 1","140 m²","6 Yaşında","·","Kat","","İzmir / Çeşme / Alaçatı Mah.","https://hecdn01.hemlak.com/mncropresize/182/137/ds01/4/3/7/9/3/8/6/4/08314bda-b403-4bee-9951-073aa0681910.jpg","Respa Gayrimenkul","WhatsApp","https://hecdnnw.hemlak.com/mncropresize/77/67/logo/5/4/0/1/5/1/43f126fc-f472-42ac-8216-c28bca0886f5.jpg"
"https://www.hepsiemlak.com/izmir-menemen-kazimpasa-kiralik/villa/70723-7210","1 / 35","120.000","07/09/2026","Cbc Aura Villaları Özel 4+1 Eşyalı Kiralık Villa","Kiralık Villa","4 + 1","210 m²","2 Yaşında","·","Kat","Bahçe Katı","İzmir / Menemen / Kazımpaşa Mah.","https://www.hepsiemlak.com/_nuxt/8cafc93fb5c74c75e9e04e528e02ccdf.jpg","Coldwell Banker Life","WhatsApp","https://www.hepsiemlak.com/_nuxt/8cafc93fb5c74c75e9e04e528e02ccdf.jpg"
"https://www.hepsiemlak.com/izmir-guzelbahce-kahramandere-kiralik/villa/128297-539","1 / 35","179.000","04/09/2026","Güzelbahçe Kahramandere 5+2 Tripleks Müstakil Havuzlu Villa","Kiralık Villa","5 + 2","350 m²","2 Yaşında","·","Kat","Bahçe Katı","İzmir / Güzelbahçe / Kahramandere Mah.","https://www.hepsiemlak.com/_nuxt/8cafc93fb5c74c75e9e04e528e02ccdf.jpg","Coldwell Banker Locate","WhatsApp","https://www.hepsiemlak.com/_nuxt/8cafc93fb5c74c75e9e04e528e02ccdf.jpg"
"https://www.hepsiemlak.com/izmir-bornova-inonu-kiralik/daire/7457-222","1 / 40","22.000","08/09/2026","Bornova İnönü Mahallesi'nde Müstakil Tadında 2+1 90 M2 Arka-Ön Bahçeli Doğal Gazlı Kiralık Daire","Kiralık Daire","2 + 1","90 m²","30 Yaşında","·","Kat","Yüksek Giriş","İzmir / Bornova / İnönü Mah.","https://www.hepsiemlak.com/_nuxt/8cafc93fb5c74c75e9e04e528e02ccdf.jpg","","WhatsApp",""
"https://www.hepsiemlak.com/izmir-menemen-incirli-pinar-kiralik/daire/168321-21","1 / 50","20.000","08/09/2026","Çanakkale Caddesi’ne Yürüme Mesafesinde Site İçi Havuz Cephe 2 + 1","Kiralık Daire","2 + 1","85 m²","3 Yaşında","·","Kat","5. Kat","İzmir / Menemen / İncirli Pınar Mah.","https://www.hepsiemlak.com/_nuxt/8cafc93fb5c74c75e9e04e528e02ccdf.jpg","","WhatsApp",""
"https://www.hepsiemlak.com/izmir-karabaglar-vatan-kiralik/daire/58851-1025","1 / 39","26.000","10/09/2026","Kiralık 3+1 2. Kat Daire 26000 Lira","Kiralık Daire","3 + 1","140 m²","35 Yaşında","·","Kat","2. Kat","İzmir / Karabağlar / Vatan Mah.","https://www.hepsiemlak.com/_nuxt/8cafc93fb5c74c75e9e04e528e02ccdf.jpg","Çolakoğlu Emlak","WhatsApp",""
"https://www.hepsiemlak.com/izmir-karsiyaka-dedebasi-kiralik/daire/136263-219","1 / 34","39.000","09/09/2026","Kiralık Daire, 3+1, D.Gazlı, İki Balkonlu, İki Cepheli, Çakırdan","Kiralık Daire","3 + 1","136 m²","26 Yaşında","·","Kat","5. Kat","İzmir / Karşıyaka / Dedebaşı Mah.","https://www.hepsiemlak.com/_nuxt/8cafc93fb5c74c75e9e04e528e02ccdf.jpg","","WhatsApp",""
"https://www.hepsiemlak.com/izmir-buca-hurriyet-kiralik/daire/165213-13","1 / 24","26.000","08/09/2026","Buca Hürriyet Mahallesinde Genis Salonlu, 2+1, Asansörlü, Dogalgazlı, Güney Cephe Kiralık","Kiralık Daire","2 + 1","98 m²","10 Yaşında","·","Kat","Ara Kat","İzmir / Buca / Hürriyet Mah.","https://www.hepsiemlak.com/_nuxt/8cafc93fb5c74c75e9e04e528e02ccdf.jpg","Mimar Türker Gayrimenkul","WhatsApp","https://www.hepsiemlak.com/img/loadings/noImage55-55.png"
"https://www.hepsiemlak.com/izmir-bornova-ataturk-kiralik/daire/77374-536","1 / 38","43.000","07/09/2026","Bornova Atatürk Mahallsinde Manzaralı Eşyalı Kiralık Loft Daire","Kiralık Daire","1 + 1","76 m²","6 Yaşında","·","Kat","2. Kat","İzmir / Bornova / Atatürk Mah.","https://www.hepsiemlak.com/_nuxt/8cafc93fb5c74c75e9e04e528e02ccdf.jpg","","WhatsApp",""
"https://www.hepsiemlak.com/izmir-balcova-fevzi-cakmak-kiralik/daire/10374-3724","1 / 54","40.000","05/09/2026","Kolej Ofis Gay.Jeotermalli Bakımlı Kiralık Daire","Kiralık Daire","3 + 1","121 m²","28 Yaşında","·","Kat","4. Kat","İzmir / Balçova / Fevzi Çakmak Mah.","https://www.hepsiemlak.com/_nuxt/8cafc93fb5c74c75e9e04e528e02ccdf.jpg","","WhatsApp",""
"https://www.hepsiemlak.com/izmir-cigli-atasehir-kiralik/daire/76582-2169","1 / 22","44.000","05/09/2026","İzmir Çiğli Ataşehir Mah Kiralık 3+1 Merkezi Konumda Daire","Kiralık Daire","3 + 1","140 m²","16 Yaşında","·","Kat","3. Kat","İzmir / Çiğli / Ataşehir Mah.","https://www.hepsiemlak.com/_nuxt/8cafc93fb5c74c75e9e04e528e02ccdf.jpg","Salman Gayrimenkul","WhatsApp","https://www.hepsiemlak.com/_nuxt/8cafc93fb5c74c75e9e04e528e02ccdf.jpg"
"https://www.hepsiemlak.com/izmir-buca-buca-koop-kiralik/daire/105193-163","1 / 11","25.000","03/09/2026","Buca Koop Rezidansta 1+1 Merkez Konum Ferah Daire","Kiralık Daire","1 + 1","60 m²","4 Yaşında","·","Kat","1. Kat","İzmir / Buca / Buca Koop. Mah.","https://www.hepsiemlak.com/_nuxt/8cafc93fb5c74c75e9e04e528e02ccdf.jpg","Bucakoop Boranem Gayrimenkul","WhatsApp","https://www.hepsiemlak.com/_nuxt/8cafc93fb5c74c75e9e04e528e02ccdf.jpg"
"https://www.hepsiemlak.com/izmir-konak-cankaya-kiralik/daire/21865-5301","1 / 25","95.000","07/09/2026","Aktifler'den Göztepe Yalı'da Deniz Manzaralı 3+1-160 M2 Komple Yenilenmiş Geniş Cepheli Lüx Daire","Kiralık Daire","3 + 1","187 m²","31 Yaşında","·","Kat","5. Kat","İzmir / Konak / Çankaya Mah.","https://www.hepsiemlak.com/_nuxt/8cafc93fb5c74c75e9e04e528e02ccdf.jpg","Aktifler Emlak & Real Estates Turkey","WhatsApp","https://www.hepsiemlak.com/_nuxt/8cafc93fb5c74c75e9e04e528e02ccdf.jpg"
"https://www.hepsiemlak.com/izmir-bornova-erzene-kiralik/daire/23537-2315","1 / 25","39.000","08/09/2026","Bornova Büyükpark,Küçükpark Yani Üç Oda Salon ‘süper Manzaralı Daıre","Kiralık Daire","3 + 1","130 m²","29 Yaşında","·","Kat","6. Kat","İzmir / Bornova / Erzene Mah.","https://www.hepsiemlak.com/_nuxt/8cafc93fb5c74c75e9e04e528e02ccdf.jpg","","WhatsApp",""
"https://www.hepsiemlak.com/izmir-buca-hurriyet-kiralik/daire/24511-10156","1 / 34","32.000","05/09/2026","Şirinyer Hürriyet'te İzban Yakını 3+1 Doğalgazlı Kiralık Daire","Kiralık Daire","3 + 1","125 m²","25 Yaşında","·","Kat","Yüksek Giriş","İzmir / Buca / Hürriyet Mah.","https://www.hepsiemlak.com/_nuxt/8cafc93fb5c74c75e9e04e528e02ccdf.jpg","Turyap Şirinyer","WhatsApp","https://www.hepsiemlak.com/_nuxt/8cafc93fb5c74c75e9e04e528e02ccdf.jpg"
"https://www.hepsiemlak.com/izmir-seferihisar-sigacik-kiralik/daire/15406-252","1 / 29","45.000","05/09/2026","Sığacık Merkezde Önü Park Ferah En Üst Kat Eşyalı Kiralık 2+1","Kiralık Daire","2 + 1","75 m²","16 Yaşında","·","Kat","3. Kat","İzmir / Seferihisar / Sığacık Mah.","https://www.hepsiemlak.com/_nuxt/8cafc93fb5c74c75e9e04e528e02ccdf.jpg","Teos Emlak","WhatsApp","https://www.hepsiemlak.com/_nuxt/8cafc93fb5c74c75e9e04e528e02ccdf.jpg"
"https://www.hepsiemlak.com/izmir-konak-cankaya-kiralik/daire/1980-3177","1 / 21","48.000","09/09/2026","T/a Emlaktan Mithatpaşa Yalısında 2.Kat Kiralık Daire","Kiralık Daire","3 + 1","120 m²","40 Yaşında","·","Kat","2. Kat","İzmir / Konak / Çankaya Mah.","https://www.hepsiemlak.com/_nuxt/8cafc93fb5c74c75e9e04e528e02ccdf.jpg","","WhatsApp",""
"https://www.hepsiemlak.com/izmir-bayrakli-mansuroglu-kiralik/daire/9047-1221","1 / 2","30.000","10/09/2026","İzmir, Bayraklı, Mansuroğlu Mah. Özkanlarda Eşyalı D.Gaz Kombili Kiralık Daire","Kiralık Daire","2 + 1","125 m²","39 Yaşında","·","Kat","3. Kat","İzmir / Bayraklı / Mansuroğlu Mah.","https://www.hepsiemlak.com/_nuxt/8cafc93fb5c74c75e9e04e528e02ccdf.jpg","","WhatsApp",""
"https://www.hepsiemlak.com/izmir-urla-gulbahce-kiralik/daire/31745-23395","1 / 29","30.000","09/09/2026","Eşyalı Kiralık Gülbahçe'de Ara Kat 2+1","Kiralık Daire","2 + 1","60 m²","20 Yaşında","·","Kat","Ara Kat","İzmir / Urla / Gülbahçe Mah.","https://www.hepsiemlak.com/_nuxt/8cafc93fb5c74c75e9e04e528e02ccdf.jpg","Kw Alesta-viya-orsa 5","WhatsApp","https://www.hepsiemlak.com/_nuxt/8cafc93fb5c74c75e9e04e528e02ccdf.jpg"
"https://www.hepsiemlak.com/izmir-karsiyaka-yali-kiralik/daire/73574-1150","1 / 24","85.000","08/09/2026","Soyak Optimus Havuz Cephe Büyük Tip Kış Bahçeli 2+1 Dubleks","Kiralık Daire","2 + 1","115 m²","11 Yaşında","·","Kat","Bahçe Katı","İzmir / Karşıyaka / Yalı Mah.","https://www.hepsiemlak.com/_nuxt/8cafc93fb5c74c75e9e04e528e02ccdf.jpg","","WhatsApp",""
"https://www.hepsiemlak.com/izmir-konak-cankaya-kiralik/daire/78202-3801","1 / 24","32.000","03/09/2026","Mithatpaşa Köprü Yakını Zemin Kat 3+1 Daire Kiralık","Kiralık Daire","3 + 1","119 m²","45 Yaşında","·","Kat","Zemin","İzmir / Konak / Çankaya Mah.","https://www.hepsiemlak.com/_nuxt/8cafc93fb5c74c75e9e04e528e02ccdf.jpg","Startkey Sembol","WhatsApp","https://www.hepsiemlak.com/_nuxt/8cafc93fb5c74c75e9e04e528e02ccdf.jpg"
"https://www.hepsiemlak.com/izmir-bornova-inonu-kiralik/daire/38547-1875","1 / 23","33.000","04/09/2026","Finalim Emlak'tan Merkezi Konumda Eşyalı Kiralık 2+1 Daire","Kiralık Daire","2 + 1","80 m²","31 Yaşında","·","Kat","3. Kat","İzmir / Bornova / İnönü Mah.","","","WhatsApp",""
"https://www.hepsiemlak.com/izmir-bornova-evka-4-kiralik/daire/20945-2434","1 / 23","30.000","04/09/2026","Evka4 Erdemay Emlaktan 2+1 Full Mobilyalı Kiralık","Kiralık Daire","2 + 1","77 m²","26 Yaşında","·","Kat","3. Kat","İzmir / Bornova / Evka 4 Mah.","","","WhatsApp",""
"https://www.hepsiemlak.com/izmir-cigli-balatcik-kiralik/daire/95207-964","1 / 23","40.000","04/09/2026","Balatçık'ta Çok Şık - Full Beyaz Eşyalı Kiralık 2+1","Kiralık Daire","2 + 1","90 m²","2 Yaşında","·","Kat","1. Kat","İzmir / Çiğli / Balatçık Mah.","https://hecdnnw.hemlak.com/mncropresize/77/67/logo/7/0/2/5/9/0/babf54df-2f5f-42cf-b78d-b3d0c48e38d0.jpg","Startkey City","WhatsApp","https://hecdnnw.hemlak.com/mncropresize/77/67/firmuser/5/3/8/0/8/9/1/baf9a6fb-52a8-47a2-9cac-50798c2ba86d.jpg"
"https://www.hepsiemlak.com/izmir-menemen-zeytinlik-kiralik/daire/49744-713","1 / 23","22.000","08/09/2026","Koyundere'de Ana Yola Yakın Kiralık 3+1 Temiz Daire","Kiralık Daire","3 + 1","125 m²","11 Yaşında","·","Kat","7. Kat","İzmir / Menemen / Zeytinlik Mah.","https://hecdn01.hemlak.com/mncropresize/182/137/ds01/3/5/4/1/5/8/6/4/3cb7651e-7874-48f2-ba5f-5beccc55f935.jpg","","WhatsApp",""
"https://www.hepsiemlak.com/izmir-konak-kahramanlar-kiralik/daire/10160-3479","1 / 32","50.000","09/09/2026","Kahramanlar 1395 Sk Fuar Cepheli Bakımlı 2. Kat Asansör-Doğalgaz","Kiralık Daire","3 + 1","128 m²","31 Yaşında","·","Kat","2. Kat","İzmir / Konak / Kahramanlar Mah.","https://www.hepsiemlak.com/_nuxt/8cafc93fb5c74c75e9e04e528e02ccdf.jpg","Güzelyalı Emlak","WhatsApp","https://www.hepsiemlak.com/_nuxt/8cafc93fb5c74c75e9e04e528e02ccdf.jpg"
"https://www.hepsiemlak.com/izmir-konak-alsancak-kiralik/daire/37033-4076","1 / 32","60.000","08/09/2026","Fırsat Alsancak Merkezde 1 Kordon Yakını 2+1 Teraslı Yeni Eşyalı Mobilyalı Harika Daire","Kiralık Daire","2 + 1","150 m²","27 Yaşında","·","Kat","4. Kat","İzmir / Konak / Alsancak Mah.","https://www.hepsiemlak.com/_nuxt/8cafc93fb5c74c75e9e04e528e02ccdf.jpg","Demet Emlak","WhatsApp","https://www.hepsiemlak.com/_nuxt/8cafc93fb5c74c75e9e04e528e02ccdf.jpg"
"https://www.hepsiemlak.com/izmir-cigli-atasehir-kiralik/daire/91814-1014","1 / 32","32.000","08/09/2026","9 Eylül Emlak Çiğli Anadolu Cadde Üzeri Merkezde 2+1 Kiralık Daire","Kiralık Daire","2 + 1","90 m²","10 Yaşında","·","Kat","2. Kat","İzmir / Çiğli / Ataşehir Mah.","https://www.hepsiemlak.com/_nuxt/8cafc93fb5c74c75e9e04e528e02ccdf.jpg","9 Eylül Emlak","WhatsApp","https://www.hepsiemlak.com/_nuxt/8cafc93fb5c74c75e9e04e528e02ccdf.jpg"
"https://www.hepsiemlak.com/izmir-konak-piri-reis-kiralik/daire/83651-2127","1 / 27","34.000","05/09/2026","Askeri Hast. Yakını Genç Bina 3+1 120m2 Temiz Bakımlı Daire","Kiralık Daire","3 + 1","120 m²","16 Yaşında","·","Kat","3. Kat","İzmir / Konak / Piri Reis Mah.","https://www.hepsiemlak.com/_nuxt/8cafc93fb5c74c75e9e04e528e02ccdf.jpg","Almira Emlak","WhatsApp","https://www.hepsiemlak.com/_nuxt/8cafc93fb5c74c75e9e04e528e02ccdf.jpg"
"https://www.hepsiemlak.com/izmir-cigli-aydinlikevler-kiralik/daire/57124-665","1 / 16","30.000","10/09/2026","Aydınlık Evler'de Doğalgazlı / Deniz Manzaralı 3+1 Kiralık Daire","Kiralık Daire","3 + 1","110 m²","31 Yaşında","·","Kat","2. Kat","İzmir / Çiğli / Aydınlıkevler Mah.","https://www.hepsiemlak.com/_nuxt/8cafc93fb5c74c75e9e04e528e02ccdf.jpg","Gür Kardeşler Emlak","WhatsApp","https://www.hepsiemlak.com/_nuxt/8cafc93fb5c74c75e9e04e528e02ccdf.jpg"
"https://www.hepsiemlak.com/izmir-odemis-uc-eylul-kiralik/daire/127924-355","1 / 22","23.000","09/09/2026","Kiralık Yeni Daire","Kiralık Daire","2 + 1","110 m²","5 Yaşında","·","Kat","En Üst Kat","İzmir / Ödemiş / Üç Eylül Mah.","https://www.hepsiemlak.com/_nuxt/8cafc93fb5c74c75e9e04e528e02ccdf.jpg","","WhatsApp",""
"https://www.hepsiemlak.com/izmir-bornova-mevlana-kiralik/daire/90799-713","1 / 22","30.000","09/09/2026","Zengin Emlaktan 1+1 Eşyalı Kiralık Daire","Kiralık Daire","1 + 1","55 m²","8 Yaşında","·","Kat","3. Kat","İzmir / Bornova / Mevlana Mah.","https://www.hepsiemlak.com/_nuxt/8cafc93fb5c74c75e9e04e528e02ccdf.jpg","","WhatsApp",""
"https://www.hepsiemlak.com/izmir-karabaglar-yasar-kemal-kiralik/daire/52125-464","1 / 22","28.000","09/09/2026","Kiralık Toki 3+1 Bakımlı 130 Metrekare Ara Kat Doğalgazlı Daire","Kiralık Daire","3 + 1","140 m²","16 Yaşında","·","Kat","4. Kat","İzmir / Karabağlar / Yaşar Kemal Mah.","https://www.hepsiemlak.com/_nuxt/8cafc93fb5c74c75e9e04e528e02ccdf.jpg","","WhatsApp",""
"https://www.hepsiemlak.com/izmir-cigli-balatcik-kiralik/daire/106987-904","1 / 22","28.000","10/09/2026","İkçü Yakını Full Eşyalı 2+1 Kiralık Daire","Kiralık Daire","2 + 1","65 m²","9 Yaşında","·","Kat","3. Kat","İzmir / Çiğli / Balatçık Mah.","https://www.hepsiemlak.com/_nuxt/8cafc93fb5c74c75e9e04e528e02ccdf.jpg","Kamusal Gayrimenkul","WhatsApp","https://www.hepsiemlak.com/_nuxt/8cafc93fb5c74c75e9e04e528e02ccdf.jpg"
"https://www.hepsiemlak.com/izmir-karsiyaka-bostanli-kiralik/daire/17980-2020","1 / 31","40.000","09/09/2026","Kiralık Bostanlı'da 3m Migros'a,İzban'a Yakın Geniş Caddede 3+1","Kiralık Daire","3 + 1","140 m²","26 Yaşında","·","Kat","3. Kat","İzmir / Karşıyaka / Bostanlı Mah.","https://www.hepsiemlak.com/_nuxt/8cafc93fb5c74c75e9e04e528e02ccdf.jpg","Hande Emlak","WhatsApp","https://www.hepsiemlak.com/_nuxt/8cafc93fb5c74c75e9e04e528e02ccdf.jpg"
"https://www.hepsiemlak.com/izmir-bayrakli-sogukkuyu-kiralik/daire/30707-4410","1 / 26","34.000","07/09/2026","Kahandan Bayraklı Yenigirnede 3+1 Kiralık Daire","Kiralık Daire","3 + 1","135 m²","22 Yaşında","·","Kat","Yüksek Giriş","İzmir / Bayraklı / Soğukkuyu Mah.","https://www.hepsiemlak.com/_nuxt/8cafc93fb5c74c75e9e04e528e02ccdf.jpg","","WhatsApp",""
"https://www.hepsiemlak.com/izmir-gaziemir-yesil-kiralik/daire/56650-720","1 / 21","40.000","09/09/2026","Yeşil Mah.D.Gazlı,Çift Cephe Köşe Konumlu 3+1,Kiralık Daire","Kiralık Daire","3 + 1","135 m²","11 Yaşında","·","Kat","3. Kat","İzmir / Gaziemir / Yeşil Mah.","https://www.hepsiemlak.com/_nuxt/8cafc93fb5c74c75e9e04e528e02ccdf.jpg","","WhatsApp",""
"https://www.hepsiemlak.com/izmir-cigli-atasehir-kiralik/daire/120850-536","1 / 21","35.000","09/09/2026","Çiğli Ataşehir’de Kiralık  3+1 İzban 2dk Hastanelere Okullara  Yakın","Kiralık Daire","3 + 1","140 m²","25 Yaşında","·","Kat","Ara Kat","İzmir / Çiğli / Ataşehir Mah.","https://www.hepsiemlak.com/_nuxt/8cafc93fb5c74c75e9e04e528e02ccdf.jpg","Selman Emlak Satıcısı","WhatsApp","https://www.hepsiemlak.com/_nuxt/8cafc93fb5c74c75e9e04e528e02ccdf.jpg"
"https://www.hepsiemlak.com/izmir-cesme-16-eylul-kiralik/daire/25111-977","1 / 30","50.000","07/09/2026","Çeşme Merkezde Liman Manzaralı Eşyasız 1+1 Daire","Kiralık Daire","1 + 1","75 m²","6 Yaşında","·","Kat","3. Kat","İzmir / Çeşme / 16 Eylül Mah.","https://www.hepsiemlak.com/_nuxt/8cafc93fb5c74c75e9e04e528e02ccdf.jpg","Çeşme Ergun Emlak","WhatsApp","https://www.hepsiemlak.com/_nuxt/8cafc93fb5c74c75e9e04e528e02ccdf.jpg"
"https://www.hepsiemlak.com/izmir-torbali-inonu-kiralik/daire/91567-2243","1 / 30","22.000","04/09/2026","Berk Emlak'tan Ayrancılar İnönüde Site İçi Kiralık 1+1 Daire","Kiralık Daire","1 + 1","62 m²","Sıfır Bina","·","Kat","2. Kat","İzmir / Torbalı / İnönü Mah.","https://www.hepsiemlak.com/_nuxt/8cafc93fb5c74c75e9e04e528e02ccdf.jpg","Berk Emlak","WhatsApp","https://www.hepsiemlak.com/_nuxt/8cafc93fb5c74c75e9e04e528e02ccdf.jpg"
"https://www.hepsiemlak.com/izmir-seferihisar-sigacik-kiralik/daire/103687-402","1 / 14","30.000","09/09/2026","Sığacık Marinaya 300 Metre Asansörlü Binada Kiralık 1+1 Daire","Kiralık Daire","1 + 1","50 m²","3 Yaşında","·","Kat","2. Kat","İzmir / Seferihisar / Sığacık Mah.","https://www.hepsiemlak.com/_nuxt/8cafc93fb5c74c75e9e04e528e02ccdf.jpg","Arzava Gayrimenkul","WhatsApp","https://www.hepsiemlak.com/_nuxt/8cafc93fb5c74c75e9e04e528e02ccdf.jpg"
"https://www.hepsiemlak.com/izmir-torbali-muratbey-kiralik/daire/102474-1702","1 / 20","35.000","08/09/2026","İzmir Torbalı Gold Emlaktan Kiralık 3x1 Daire","Kiralık Daire","3 + 1","170 m²","7 Yaşında","·","Kat","Ara Kat","İzmir / Torbalı / Muratbey Mah.","https://www.hepsiemlak.com/_nuxt/8cafc93fb5c74c75e9e04e528e02ccdf.jpg","","WhatsApp",""
"https://www.hepsiemlak.com/izmir-gaziemir-gazi-kiralik/daire/57322-3177","1 / 29","45.000","08/09/2026","Kuray'dan Gazi Mahallesi'nde Geniş 3+1 Kiralık Daire Kd-238","Kiralık Daire","3 + 1","160 m²","16 Yaşında","·","Kat","Yüksek Giriş","İzmir / Gaziemir / Gazi Mah.","https://www.hepsiemlak.com/_nuxt/8cafc93fb5c74c75e9e04e528e02ccdf.jpg","Kuray Emlak","WhatsApp","https://www.hepsiemlak.com/_nuxt/8cafc93fb5c74c75e9e04e528e02ccdf.jpg"
"https://www.hepsiemlak.com/izmir-bayrakli-osmangazi-kiralik/daire/111780-216","1 / 29","31.000","03/09/2026","Osmangazi Zeytinlik'te Kiralık Daire","Kiralık Daire","3 + 1","165 m²","20 Yaşında","·","Kat","Kot 2","İzmir / Bayraklı / Osmangazi Mah.","https://www.hepsiemlak.com/_nuxt/8cafc93fb5c74c75e9e04e528e02ccdf.jpg","","WhatsApp",""
"https://www.hepsiemlak.com/izmir-karsiyaka-bostanli-kiralik/daire/8047-2325","1 / 29","35.000","08/09/2026","Karşıyaka Bostanlı Uğur Mumcu Parkı Civarı Asansörlü 3+1 Daire","Kiralık Daire","3 + 1","120 m²","35 Yaşında","·","Kat","5. Kat","İzmir / Karşıyaka / Bostanlı Mah.","https://www.hepsiemlak.com/_nuxt/8cafc93fb5c74c75e9e04e528e02ccdf.jpg","Ülkü Emlak","WhatsApp","https://www.hepsiemlak.com/_nuxt/8cafc93fb5c74c75e9e04e528e02ccdf.jpg"
"https://www.hepsiemlak.com/izmir-karabaglar-gulyaka-kiralik/daire/79070-4295","1 / 29","26.000","05/09/2026","Karabağlar Gülyaka Mah.Cadde Üzerinde Doğalgazlı Arakat 3+1 Kiralık Daire","Kiralık Daire","3 + 1","120 m²","20 Yaşında","·","Kat","2. Kat","İzmir / Karabağlar / Gülyaka Mah.","","Harputlu Emlak","WhatsApp","https://hecdnnw.hemlak.com/mncropresize/77/67/firmuser/9/8/0/4/1/5/1/dba621be-e00c-4c77-a988-b58fe33ff42b.jpg"
"https://www.hepsiemlak.com/izmir-buca-adatepe-kiralik/daire/143816-128","1 / 35","35.000","09/09/2026","Bucaparisa'dan Hasanağa Bah.Yanı Doğalgazlı 150 M2 Kiralık 3+1","Kiralık Daire","3 + 1","155 m²","11 Yaşında","·","Kat","3. Kat","İzmir / Buca / Adatepe Mah.","https://hecdnnw.hemlak.com/mncropresize/77/67/logo/6/1/8/3/4/1/c829e4e5-1e28-4300-901d-5144162fcac0.jpg","Parisa Yapı Gayrimenkul","WhatsApp",""
"https://www.hepsiemlak.com/izmir-buca-kozagac-kiralik/daire/63598-293","1 / 41","45.000","09/09/2026","Arga'dan Buca Çevikbir'de 5+1 Teraslı Kiralık  Dubleks Daire","Kiralık Daire","4 + 0","270 m²","22 Yaşında","·","Kat","4. Kat","İzmir / Buca / Kozağaç Mah.","https://hecdnnw.hemlak.com/mncropresize/77/67/logo/8/9/5/3/6/0/43884c91-0788-40db-8f79-74968f7075ef.jpg","Arga Emlak","WhatsApp",""
"https://www.hepsiemlak.com/izmir-konak-mimar-sinan-kiralik/daire/31270-3092","1 / 28","37.000","08/09/2026","Alsancak Merkezde 3+1 Doğalgazlı Kiralık Konut","Kiralık Daire","3 + 1","130 m²","40 Yaşında","·","Kat","5. Kat","İzmir / Konak / Mimar Sinan Mah.","https://hecdn01.hemlak.com/mncropresize/182/137/ds01/3/1/8/7/6/2/7/4/af1c2386-5d61-4494-b55d-52b6e699067e.jpg","Kadıoğlu Emlak LTD.ŞTİ.","WhatsApp","https://hecdnnw.hemlak.com/mncropresize/77/67/logo/0/7/2/1/3/0/ec4374db-fc10-4231-a041-cbdb78c0dc47.jpg"
"https://www.hepsiemlak.com/izmir-karsiyaka-imbatli-kiralik/daire/37612-890","1 / 28","25.500","07/09/2026","İmbatlıda Kapalı Mutfak 2+1","Kiralık Daire","2 + 1","85 m²","6 Yaşında","·","Kat","Yüksek Giriş","İzmir / Karşıyaka / İmbatlı Mah.","https://www.hepsiemlak.com/_nuxt/8cafc93fb5c74c75e9e04e528e02ccdf.jpg","","WhatsApp",""
"https://www.hepsiemlak.com/izmir-buca-adatepe-kiralik/daire/169765-25","1 / 12","18.500","07/09/2026","Buca Adatepede Kiralık Eşyalı Daire 2+1","Kiralık Daire","2 + 1","75 m²","10 Yaşında","·","Kat","Giriş Katı","İzmir / Buca / Adatepe Mah.","https://www.hepsiemlak.com/_nuxt/8cafc93fb5c74c75e9e04e528e02ccdf.jpg","","WhatsApp",""
"https://www.hepsiemlak.com/izmir-karsiyaka-bostanli-kiralik/daire/1239-4826","1 / 19","67.500","05/09/2026","Bostanlı Akbank Sok Kiralık 3+1 Daire","Kiralık Daire","3 + 1","150 m²","25 Yaşında","·","Kat","Ara Kat","İzmir / Karşıyaka / Bostanlı Mah.","https://www.hepsiemlak.com/_nuxt/8cafc93fb5c74c75e9e04e528e02ccdf.jpg","Vision Gayrimenkul","WhatsApp","https://www.hepsiemlak.com/_nuxt/8cafc93fb5c74c75e9e04e528e02ccdf.jpg"
"https://www.hepsiemlak.com/izmir-odemis-suleyman-demirel-kiralik/daire/127956-668","1 / 19","24.000","04/09/2026","Gökçe Bağçivan Gayrimenkulden Ferah Geniş Kiralık Tek Daire","Kiralık Daire","3 + 1","160 m²","20 Yaşında","·","Kat","4. Kat","İzmir / Ödemiş / Süleyman Demirel Mah.","https://www.hepsiemlak.com/_nuxt/8cafc93fb5c74c75e9e04e528e02ccdf.jpg","","WhatsApp",""
"https://www.hepsiemlak.com/izmir-bornova-kazimdirik-kiralik/daire/63779-326","1 / 19","35.000","09/09/2026","Ege Üniversitesi Hastanesi Metro İst.Karşısında 1+1, Açık Otoparklı","Kiralık Daire","1 + 1","47 m²","9 Yaşında","·","Kat","1. Kat","İzmir / Bornova / Kazımdirik Mah.","https://www.hepsiemlak.com/_nuxt/8cafc93fb5c74c75e9e04e528e02ccdf.jpg","","WhatsApp",""
"https://www.hepsiemlak.com/izmir-konak-kultur-kiralik/daire/100015-1619","1 / 19","80.000","05/09/2026","Kültür Mahallesinde Asansörlü,Otoparklı 3+1 Eşyalı Kiralık Daire","Kiralık Daire","3 + 1","150 m²","31 Yaşında","·","Kat","3. Kat","İzmir / Konak / Kültür Mah.","https://www.hepsiemlak.com/_nuxt/8cafc93fb5c74c75e9e04e528e02ccdf.jpg","Aysarı Gayrimenkul Danışmanlığı","WhatsApp","https://www.hepsiemlak.com/_nuxt/8cafc93fb5c74c75e9e04e528e02ccdf.jpg"
"https://www.hepsiemlak.com/izmir-bornova-mevlana-kiralik/daire/141008-387","1 / 8","21.000","09/09/2026","Mevlana Mahallesinde Kiralık 1+1 Klimalı Temiz Daire","Kiralık Daire","1 + 1","45 m²","6 Yaşında","·","Kat","Yüksek Giriş","İzmir / Bornova / Mevlana Mah.","https://www.hepsiemlak.com/_nuxt/8cafc93fb5c74c75e9e04e528e02ccdf.jpg","Han Gayrimenkul","WhatsApp","https://www.hepsiemlak.com/_nuxt/8cafc93fb5c74c75e9e04e528e02ccdf.jpg"
"https://www.hepsiemlak.com/izmir-buca-camlipinar-kiralik/daire/0-47274764","1 / 8","17.000","09/09/2026","1+1 Kiralık","Kiralık Daire","1 + 1","140 m²","6 Yaşında","·","Kat","Kot 3","İzmir / Buca / Çamlıpınar Mah.","https://www.hepsiemlak.com/_nuxt/8cafc93fb5c74c75e9e04e528e02ccdf.jpg","","",""
"https://www.hepsiemlak.com/izmir-karabaglar-yunus-emre-kiralik/daire/0-47274671","1 / 8","22.000","10/09/2026","Dayalı Döşeli Teras Daire1+0","Kiralık Daire","1 + 1","60 m²","30 Yaşında","·","Kat","Çatı Katı","İzmir / Karabağlar / Yunus Emre Mah.","https://www.hepsiemlak.com/_nuxt/8cafc93fb5c74c75e9e04e528e02ccdf.jpg","","WhatsApp",""
"https://www.hepsiemlak.com/izmir-narlidere-yenikale-kiralik/daire/98031-977","1 / 16","50.000","08/09/2026","Mysite'den Yenikale Mah.De Kiralık Arakat 1+1 Eşyalı Daire","Kiralık Daire","1 + 1","75 m²","11 Yaşında","·","Kat","7. Kat","İzmir / Narlıdere / Yenikale Mah.","https://www.hepsiemlak.com/_nuxt/8cafc93fb5c74c75e9e04e528e02ccdf.jpg","","WhatsApp",""
"https://www.hepsiemlak.com/izmir-seferihisar-colak-ibrahim-bey-kiralik/daire/76453-1312","1 / 16","32.000","08/09/2026","İzmir Seferihisar Çolak İbrahim Bey Mahallesi’nde 2+1 Ara Kat Daire","Kiralık Daire","2 + 1","115 m²","Sıfır Bina","·","Kat","1. Kat","İzmir / Seferihisar / Çolak İbrahim Bey Mah.","https://www.hepsiemlak.com/_nuxt/8cafc93fb5c74c75e9e04e528e02ccdf.jpg","Kaptan Emlak","WhatsApp","https://www.hepsiemlak.com/_nuxt/8cafc93fb5c74c75e9e04e528e02ccdf.jpg"
"https://www.hepsiemlak.com/izmir-buca-kurucesme-kiralik/daire/67273-4153","1 / 27","25.000","08/09/2026","Buca Tınaztepe Hastane Yakını 2+1 Balkonlu Esnafoğlu'ndan","Kiralık Daire","2 + 1","75 m²","6 Yaşında","·","Kat","2. Kat","İzmir / Buca / Kuruçeşme Mah.","https://www.hepsiemlak.com/_nuxt/8cafc93fb5c74c75e9e04e528e02ccdf.jpg","Esnafoğlu Gayrimenkul","WhatsApp","https://www.hepsiemlak.com/_nuxt/8cafc93fb5c74c75e9e04e528e02ccdf.jpg"
"https://www.hepsiemlak.com/izmir-bayrakli-manavkuyu-kiralik/daire/39049-1068","1 / 27","34.500","09/09/2026","Bayraklı Manavkuyu Çamkıranda 3+1 Doğalgazlı Otoparklı Kiralık Daire","Kiralık Daire","3 + 1","105 m²","30 Yaşında","·","Kat","6. Kat","İzmir / Bayraklı / Manavkuyu Mah.","https://www.hepsiemlak.com/_nuxt/8cafc93fb5c74c75e9e04e528e02ccdf.jpg","","WhatsApp",""
"https://www.hepsiemlak.com/izmir-balcova-koruturk-kiralik/daire/77321-1219","1 / 27","60.000","08/09/2026","İzmir Balçova Onur Mah 16 Yıllık 3+1  Jeotermalli Asansörlü Kiralık Daire","Kiralık Daire","3 + 1","155 m²","16 Yaşında","·","Kat","1. Kat","İzmir / Balçova / Korutürk Mah.","https://www.hepsiemlak.com/_nuxt/8cafc93fb5c74c75e9e04e528e02ccdf.jpg","","WhatsApp",""
"https://www.hepsiemlak.com/izmir-cigli-yeni-mahalle-kiralik/daire/9515-3470","1 / 27","27.000","07/09/2026","Uçar Emlak’tan Çiğli Hastane Ve Vergi Daireleri , Tramway İle Ata Sanayi İzban Durağı Yakını  1+1","Kiralık Daire","1 + 1","58 m²","4 Yaşında","·","Kat","2. Kat","İzmir / Çiğli / Yeni Mahalle Mah.","https://www.hepsiemlak.com/_nuxt/8cafc93fb5c74c75e9e04e528e02ccdf.jpg","","WhatsApp",""
"https://www.hepsiemlak.com/izmir-seferihisar-camikebir-kiralik/daire/93568-213","1 / 23","28.000","07/09/2026","İzmir Yoluna Cepheli 3+1 Kiralık Daire","Kiralık Daire","3 + 1","120 m²","16 Yaşında","·","Kat","1. Kat","İzmir / Seferihisar / Camikebir Mah.","https://www.hepsiemlak.com/_nuxt/8cafc93fb5c74c75e9e04e528e02ccdf.jpg","Gül Emlak","WhatsApp","https://www.hepsiemlak.com/_nuxt/8cafc93fb5c74c75e9e04e528e02ccdf.jpg"
"https://www.hepsiemlak.com/izmir-seferihisar-turabiye-kiralik/daire/133723-1177","1 / 14","30.000","10/09/2026","Seferihisar Çarşı Merkezde 2+1 Ebeveyn Banyolu Daire","Kiralık Daire","2 + 1","90 m²","6 Yaşında","·","Kat","1. Kat","İzmir / Seferihisar / Turabiye Mah.","https://www.hepsiemlak.com/_nuxt/8cafc93fb5c74c75e9e04e528e02ccdf.jpg","Equinox Gayrimenkul","WhatsApp","https://www.hepsiemlak.com/_nuxt/8cafc93fb5c74c75e9e04e528e02ccdf.jpg"
"https://www.hepsiemlak.com/izmir-karsiyaka-ornekkoy-kiralik/daire/2186-12710","1 / 26","40.000","05/09/2026","Örnekköyde 3 Cepheli 3+1 Ebeveyn Banyolu Kiralık Daire","Kiralık Daire","3 + 1","120 m²","12 Yaşında","·","Kat","Ara Kat","İzmir / Karşıyaka / Örnekköy Mah.","https://www.hepsiemlak.com/_nuxt/8cafc93fb5c74c75e9e04e528e02ccdf.jpg","Köycüler Gayrimenkul Limited","WhatsApp","https://www.hepsiemlak.com/_nuxt/8cafc93fb5c74c75e9e04e528e02ccdf.jpg"
"https://www.hepsiemlak.com/izmir-gaziemir-irmak-kiralik/daire/31107-834","1 / 17","60.000","07/09/2026","Gaziemir'deki En Güzel Kiralık Daire!","Kiralık Daire","3 + 1","130 m²","5 Yaşında","·","Kat","2. Kat","İzmir / Gaziemir / Irmak Mah.","https://www.hepsiemlak.com/_nuxt/8cafc93fb5c74c75e9e04e528e02ccdf.jpg","","WhatsApp",""
"https://www.hepsiemlak.com/izmir-dikili-salimbey-kiralik/daire/25451-1890","1 / 17","33.500","04/09/2026","İzmir Dikili Salimbey Mah 3+1 Mutfak Ayrı  İki Banyo Tuvalet Deniz Gören Daire","Kiralık Daire","3 + 1","120 m²","15 Yaşında","·","Kat","4. Kat","İzmir / Dikili / Salimbey Mah.","https://www.hepsiemlak.com/_nuxt/8cafc93fb5c74c75e9e04e528e02ccdf.jpg","","WhatsApp",""
"https://www.hepsiemlak.com/izmir-karsiyaka-dedebasi-kiralik/daire/71862-2181","1 / 35","40.000","08/09/2026","Full Eşyalı-Kapalı Mutfaklı-Demirköprü İzban Yakını 2+1","Kiralık Daire","2 + 1","80 m²","10 Yaşında","·","Kat","Yüksek Giriş","İzmir / Karşıyaka / Dedebaşı Mah.","","","WhatsApp",""
"https://www.hepsiemlak.com/izmir-konak-murat-reis-kiralik/daire/9764-9220","1 / 45","45.000","08/09/2026","Hatay Nokta Durağın Da 12 Yıllık Kapalı Otoparklı Ebeveyn Banyolu Asansörlü Büyük Daire","Kiralık Daire","3 + 1","155 m²","12 Yaşında","·","Kat","4. Kat","İzmir / Konak / Murat Reis Mah.","https://hecdnnw.hemlak.com/mncropresize/77/67/logo/4/6/7/9/0/0/633853af-7688-4cf3-93f5-f98557e6e1e8.jpg","İlhan Emlak","WhatsApp",""
"https://www.hepsiemlak.com/izmir-bornova-ataturk-kiralik/daire/164530-62","1 / 23","58.000","08/09/2026","Bornova Atatürk Mahallesi Kiralık Dublex Daire","Kiralık Daire","4 + 1","280 m²","14 Yaşında","·","Kat","3. Kat","İzmir / Bornova / Atatürk Mah.","https://hecdnnw.hemlak.com/mncropresize/77/67/logo/0/3/5/4/6/1/11c9b64f-c0bc-4be5-a7de-42d6da7dd354.jpg","Tekinalp My İnşaat","WhatsApp","https://hecdnnw.hemlak.com/mncropresize/77/67/firmuser/5/9/3/0/9/5/4/eb6d8a78-33fc-46db-a05e-f1277735e7d5.jpg"
"https://www.hepsiemlak.com/izmir-bayrakli-cicek-kiralik/daire/135423-333","1 / 21","20.000","10/09/2026","Bayraklı Çiçek Mah 2+1 Eşyalı Kiralık Daire","Kiralık Daire","2 + 1","110 m²","16 Yaşında","·","Kat","Yarı Bodrum","İzmir / Bayraklı / Çiçek Mah.","https://hecdn01.hemlak.com/mncropresize/182/137/ds01/7/1/3/1/6/2/7/4/5b2149cf-ced3-4c72-b033-deafe03be0bd.jpg","","WhatsApp",""
"https://www.hepsiemlak.com/izmir-karsiyaka-bahcelievler-kiralik/daire/48008-3357","1 / 35","30.000","07/09/2026","Karşıyaka Bahçelievler’de Otoparklı Üç Cepheli Kiralık Daire","Kiralık Daire","3 + 1","120 m²","29 Yaşında","·","Kat","4. Kat","İzmir / Karşıyaka / Bahçelievler Mah.","https://www.hepsiemlak.com/_nuxt/8cafc93fb5c74c75e9e04e528e02ccdf.jpg","","WhatsApp",""
"https://www.hepsiemlak.com/izmir-narlidere-2-inonu-kiralik/daire/142245-586","1 / 35","75.000","09/09/2026","Narlıdere Mavi Su Evleri'nde Havuzlu 3+1 Kiralık Daire","Kiralık Daire","3 + 1","165 m²","11 Yaşında","·","Kat","8. Kat","İzmir / Narlıdere / 2. İnönü Mah.","https://www.hepsiemlak.com/_nuxt/8cafc93fb5c74c75e9e04e528e02ccdf.jpg","Kayıkhane Gayrimenkul","WhatsApp","https://www.hepsiemlak.com/_nuxt/8cafc93fb5c74c75e9e04e528e02ccdf.jpg"
"https://www.hepsiemlak.com/izmir-konak-murat-reis-kiralik/daire/161067-186","1 / 28","29.500","07/09/2026","Hatay'da Çok Merkezi Kiralık Sıfır Otoparklı Arakat Fırsat 1+1","Kiralık Daire","1 + 1","40 m²","Sıfır Bina","·","Kat","2. Kat","İzmir / Konak / Murat Reis Mah.","https://www.hepsiemlak.com/_nuxt/8cafc93fb5c74c75e9e04e528e02ccdf.jpg","Venko Gayrimenkul","WhatsApp","https://www.hepsiemlak.com/_nuxt/8cafc93fb5c74c75e9e04e528e02ccdf.jpg"
"https://www.hepsiemlak.com/izmir-cigli-atasehir-kiralik/daire/119895-4258","1 / 35","57.000","08/09/2026","Ataşehir Pelit 3 Sitesi'nde Merkezi Konumda, Geniş, Ferah 3+1 Kiralık Daire","Kiralık Daire","3 + 1","150 m²","14 Yaşında","·","Kat","1. Kat","İzmir / Çiğli / Ataşehir Mah.","https://www.hepsiemlak.com/_nuxt/8cafc93fb5c74c75e9e04e528e02ccdf.jpg","Kw Alesta-viya-orsa 3","WhatsApp","https://www.hepsiemlak.com/_nuxt/8cafc93fb5c74c75e9e04e528e02ccdf.jpg"
"https://www.hepsiemlak.com/izmir-dikili-ismetpasa-kiralik/daire/121728-487","1 / 35","31.000","10/09/2026","15 Temmuz 2027'ye Kadar Kiralık Deniz Manzaralı Eşyalı Dubleks","Kiralık Daire","2 + 1","95 m²","2 Yaşında","·","Kat","4. Kat","İzmir / Dikili / İsmetpaşa Mah.","https://www.hepsiemlak.com/_nuxt/8cafc93fb5c74c75e9e04e528e02ccdf.jpg","","WhatsApp",""
"https://www.hepsiemlak.com/izmir-karsiyaka-demirkopru-kiralik/daire/140182-563","1 / 31","46.500","07/09/2026","Demirköprü İzban-Diş Hastanesi-Ordu Bulvarı Kiralık 3+1 Daire","Kiralık Daire","3 + 1","110 m²","14 Yaşında","·","Kat","1. Kat","İzmir / Karşıyaka / Demirköprü Mah.","https://www.hepsiemlak.com/_nuxt/8cafc93fb5c74c75e9e04e528e02ccdf.jpg","Coldwell Banker Motto","WhatsApp","https://www.hepsiemlak.com/_nuxt/8cafc93fb5c74c75e9e04e528e02ccdf.jpg"
"https://www.hepsiemlak.com/izmir-karsiyaka-zubeyde-hanim-kiralik/daire/26584-3055","1 / 35","25.000","09/09/2026","Karşıyaka Elit Sitesinde 2+1 Bakımlı Kiralık Daire Kanıt Daire","Kiralık Daire","2 + 1","100 m²","26 Yaşında","·","Kat","3. Kat","İzmir / Karşıyaka / Zübeyde Hanım Mah.","https://www.hepsiemlak.com/_nuxt/8cafc93fb5c74c75e9e04e528e02ccdf.jpg","Kanıt Emlak","WhatsApp","https://www.hepsiemlak.com/_nuxt/8cafc93fb5c74c75e9e04e528e02ccdf.jpg"
"https://www.hepsiemlak.com/izmir-karsiyaka-tersane-kiralik/daire/148398-337","1 / 19","25.000","06/09/2026","Karsiyaka Alaybey De 2+1 Kiralık Geniş Daire","Kiralık Daire","2 + 1","110 m²","28 Yaşında","·","Kat","4. Kat","İzmir / Karşıyaka / Tersane Mah.","https://www.hepsiemlak.com/_nuxt/8cafc93fb5c74c75e9e04e528e02ccdf.jpg","","WhatsApp",""
"https://www.hepsiemlak.com/izmir-konak-guzelyali-kiralik/daire/13763-3085","1 / 35","35.000","04/09/2026","Güzelyalı'da Tramvay Durağına 400 M, Otoparklı, Kiralık Daire","Kiralık Daire","3 + 1","115 m²","31 Yaşında","·","Kat","4. Kat","İzmir / Konak / Güzelyalı Mah.","https://www.hepsiemlak.com/_nuxt/8cafc93fb5c74c75e9e04e528e02ccdf.jpg","Nazar Emlak","WhatsApp","https://www.hepsiemlak.com/_nuxt/8cafc93fb5c74c75e9e04e528e02ccdf.jpg"
"https://www.hepsiemlak.com/izmir-cigli-atasehir-kiralik/daire/135798-389","1 / 35","40.000","04/09/2026","Çiğli Ataşehir Site İçi Geniş Kiralık 3+1 Daire","Kiralık Daire","3 + 1","140 m²","26 Yaşında","·","Kat","5. Kat","İzmir / Çiğli / Ataşehir Mah.","https://www.hepsiemlak.com/_nuxt/8cafc93fb5c74c75e9e04e528e02ccdf.jpg","Startkey Casa","WhatsApp","https://www.hepsiemlak.com/_nuxt/8cafc93fb5c74c75e9e04e528e02ccdf.jpg"
"https://www.hepsiemlak.com/izmir-cigli-inonu-kiralik/daire/152387-139","1 / 28","29.500","04/09/2026","Turpa Msb'den Çiğli Gündoğdu Sitesi'nde 3+1 Kiralık Daire","Kiralık Daire","3 + 1","130 m²","11 Yaşında","·","Kat","5. Kat","İzmir / Çiğli / İnönü Mah.","https://www.hepsiemlak.com/_nuxt/8cafc93fb5c74c75e9e04e528e02ccdf.jpg","","WhatsApp",""
"https://www.hepsiemlak.com/izmir-cigli-ugur-mumcu-kiralik/daire/133061-1274","1 / 34","36.000","04/09/2026","Çiğli Uğur Mumcu Kalevita Evleri Kiralık 2+1 Daire","Kiralık Daire","2 + 1","72 m²","Sıfır Bina","·","Kat","4. Kat","İzmir / Çiğli / Uğur Mumcu Mah.","https://www.hepsiemlak.com/_nuxt/8cafc93fb5c74c75e9e04e528e02ccdf.jpg","Spıca Gayrimenkul","WhatsApp","https://www.hepsiemlak.com/_nuxt/8cafc93fb5c74c75e9e04e528e02ccdf.jpg"
"https://www.hepsiemlak.com/izmir-karsiyaka-mustafa-kemal-kiralik/daire/119979-2780","1 / 37","53.000","04/09/2026","Karşıyaka Yüksek Vadi Deniz Manzaralı Tadilatlı 3+1 Kiralık","Kiralık Daire","3 + 1","132 m²","11 Yaşında","·","Kat","6. Kat","İzmir / Karşıyaka / Mustafa Kemal Mah.","https://www.hepsiemlak.com/_nuxt/8cafc93fb5c74c75e9e04e528e02ccdf.jpg","Startkey Puzzle","WhatsApp","https://www.hepsiemlak.com/_nuxt/8cafc93fb5c74c75e9e04e528e02ccdf.jpg"
"https://www.hepsiemlak.com/izmir-karabaglar-ali-fuat-cebesoy-kiralik/daire/134354-3474","1 / 21","28.000","03/09/2026","Site İçersinde 3 Balkonlu Ferah Kiralık Daire","Kiralık Daire","3 + 1","130 m²","26 Yaşında","·","Kat","6. Kat","İzmir / Karabağlar / Ali Fuat Cebesoy Mah.","https://www.hepsiemlak.com/_nuxt/8cafc93fb5c74c75e9e04e528e02ccdf.jpg","Remax Target","WhatsApp","https://www.hepsiemlak.com/_nuxt/8cafc93fb5c74c75e9e04e528e02ccdf.jpg"
"https://www.hepsiemlak.com/izmir-konak-alsancak-kiralik/daire/78224-2574","1 / 35","45.000","03/09/2026","Alsancak Mahallesi 'nde 2+1 Eşyalı Kiralık Daire","Kiralık Daire","2 + 1","90 m²","26 Yaşında","·","Kat","2. Kat","İzmir / Konak / Alsancak Mah.","https://www.hepsiemlak.com/_nuxt/8cafc93fb5c74c75e9e04e528e02ccdf.jpg","Startkey Evka3 Gayrimenkul","WhatsApp","https://www.hepsiemlak.com/_nuxt/8cafc93fb5c74c75e9e04e528e02ccdf.jpg"
"https://www.hepsiemlak.com/izmir-buca-adatepe-kiralik/daire/145638-134","1 / 15","25.000","07/09/2026","Buca Dokuzçeşmelerde Kiralık 1+1 Eşyalı Doğalgazlı Balkonlu Ev","Kiralık Daire","1 + 1","50 m²","6 Yaşında","·","Kat","En Üst Kat","İzmir / Buca / Adatepe Mah.","https://www.hepsiemlak.com/_nuxt/8cafc93fb5c74c75e9e04e528e02ccdf.jpg","Dsy Gayrimenkul","WhatsApp","https://www.hepsiemlak.com/_nuxt/8cafc93fb5c74c75e9e04e528e02ccdf.jpg"
"https://www.hepsiemlak.com/izmir-karsiyaka-yali-kiralik/daire/141959-802","1 / 29","32.000","08/09/2026","Karşıyaka Yalı Mahallesi Demirköprü De Kiralık 2+1 Bakımlı Daire","Kiralık Daire","2 + 1","75 m²","13 Yaşında","·","Kat","Yüksek Giriş","İzmir / Karşıyaka / Yalı Mah.","https://www.hepsiemlak.com/_nuxt/8cafc93fb5c74c75e9e04e528e02ccdf.jpg","Remax Jolly","WhatsApp","https://www.hepsiemlak.com/_nuxt/8cafc93fb5c74c75e9e04e528e02ccdf.jpg"
"https://www.hepsiemlak.com/izmir-buca-hurriyet-kiralik/daire/170722-9","1 / 30","35.000","07/09/2026","İzban'a Yürüme Mesafesinde Genç Yaş Daire","Kiralık Daire","3 + 1","126 m²","6 Yaşında","·","Kat","3. Kat","İzmir / Buca / Hürriyet Mah.","https://www.hepsiemlak.com/_nuxt/8cafc93fb5c74c75e9e04e528e02ccdf.jpg","Stz Gayrimenkul","WhatsApp","https://www.hepsiemlak.com/_nuxt/8cafc93fb5c74c75e9e04e528e02ccdf.jpg"
"https://www.hepsiemlak.com/izmir-karsiyaka-tersane-kiralik/daire/77059-1968","1 / 58","45.000","07/09/2026","İzmir Karşıyaka Tersane Mah. Kiralık 3+1 Kiralık D.Gazlı Daire","Kiralık Daire","3 + 1","120 m²","Sıfır Bina","·","Kat","2. Kat","İzmir / Karşıyaka / Tersane Mah.","https://www.hepsiemlak.com/_nuxt/8cafc93fb5c74c75e9e04e528e02ccdf.jpg","Aras Emlak","WhatsApp","https://www.hepsiemlak.com/_nuxt/8cafc93fb5c74c75e9e04e528e02ccdf.jpg"
"https://www.hepsiemlak.com/izmir-karabaglar-refet-bele-kiralik/daire/171435-37","1 / 28","18.000","08/09/2026","Kooperatif Evleri Yakını 2+1 Asansör-Bahçeli-Yeni Bina-Bakımlı","Kiralık Daire","2 + 1","100 m²","5 Yaşında","·","Kat","Bahçe Katı","İzmir / Karabağlar / Refet Bele Mah.","https://www.hepsiemlak.com/_nuxt/8cafc93fb5c74c75e9e04e528e02ccdf.jpg","Garanti Gayrimenkul","WhatsApp","https://www.hepsiemlak.com/_nuxt/8cafc93fb5c74c75e9e04e528e02ccdf.jpg"
"https://www.hepsiemlak.com/izmir-balcova-cetin-emec-kiralik/daire/141901-1003","1 / 25","35.000","10/09/2026","Balçova Çetin Emeç'te Merkezi Konumda 2+1 Komple Eşyalı Daire","Kiralık Daire","2 + 1","90 m²","26 Yaşında","·","Kat","2. Kat","İzmir / Balçova / Çetin Emeç Mah.","https://hecdnnw.hemlak.com/mncropresize/77/67/logo/1/0/9/1/4/1/b86e0761-e9b5-45b1-a959-e8d01d47e9ce.jpg","Startkey A Plus Gayrimenkul","WhatsApp","https://hecdnnw.hemlak.com/mncropresize/77/67/firmuser/2/4/6/0/0/0/4/b6402070-023e-441d-9dd2-d561528d7de1.jpg"
"https://www.hepsiemlak.com/izmir-bornova-erzene-kiralik/daire/151964-55","1 / 15","32.000","09/09/2026","Kiralık 1+1 Daire Sıfır Bornova Erzene Mh.","Kiralık Daire","1 + 1","45 m²","Sıfır Bina","·","Kat","3. Kat","İzmir / Bornova / Erzene Mah.","","Turpa Mergen Bornova","WhatsApp","https://hecdnnw.hemlak.com/mncropresize/77/67/firmuser/7/5/0/7/1/3/4/501fb920-364a-4661-9f5b-749c34a91744.jpg"
"https://www.hepsiemlak.com/izmir-karsiyaka-yali-kiralik/daire/58372-6809","1 / 60","110.000","09/09/2026","Mavişehir Albayrak Sitesi 2.Etap'ta 3+1 Loft Kiralık Daire","Kiralık Daire","3 + 1","175 m²","16 Yaşında","·","Kat","4. Kat","İzmir / Karşıyaka / Yalı Mah.","https://hecdnnw.hemlak.com/mncropresize/77/67/logo/2/7/3/8/5/0/1d7faae5-65d0-4f0c-a7c4-fc02c16b0ffb.jpg","Coldwell Banker Plus","WhatsApp",""
"https://www.hepsiemlak.com/izmir-cigli-sirintepe-kiralik/daire/171153-8","1 / 28","24.000","08/09/2026","Park Yaşam Atlantis 'te Havuz Cepheli Kiralık 1+1 Daire","Kiralık Daire","1 + 1","53 m²","Sıfır Bina","·","Kat","3. Kat","İzmir / Çiğli / Şirintepe Mah.","https://hecdn01.hemlak.com/mncropresize/182/137/ds01/9/5/4/1/5/1/7/4/cf1c36a6-2342-4db7-ae1f-3bae81d4107d.jpg","","WhatsApp",""
"https://www.hepsiemlak.com/izmir-buca-yaylacik-kiralik/daire/170300-48","1 / 17","25.000","05/09/2026","Eliteden Yaylacıkmah. Kiralık 1+1 D.Gazlı Klimalı Eşyalı Daire","Kiralık Daire","1 + 1","53 m²","6 Yaşında","·","Kat","4. Kat","İzmir / Buca / Yaylacık Mah.","https://www.hepsiemlak.com/_nuxt/8cafc93fb5c74c75e9e04e528e02ccdf.jpg","Elite Gayrimenkul","WhatsApp","https://www.hepsiemlak.com/_nuxt/8cafc93fb5c74c75e9e04e528e02ccdf.jpg"
"https://www.hepsiemlak.com/izmir-narlidere-ataturk-kiralik/daire/21671-6621","1 / 40","52.500","08/09/2026","Narlıderede Kiralık Daire Sitede Havuz Güvenlik Otopark Kamera Deniz Manzaralı","Kiralık Daire","3 + 1","165 m²","17 Yaşında","·","Kat","4. Kat","İzmir / Narlıdere / Atatürk Mah.","https://www.hepsiemlak.com/_nuxt/8cafc93fb5c74c75e9e04e528e02ccdf.jpg","A24 Site Gayrimenkul Danışmanlığı","WhatsApp","https://www.hepsiemlak.com/_nuxt/8cafc93fb5c74c75e9e04e528e02ccdf.jpg"
"https://www.hepsiemlak.com/izmir-konak-turgut-reis-kiralik/yali-dairesi/119288-1284","1 / 60","67.500","04/09/2026","Msg'den Tarihi Asansör'de Eşyalı & Çift Banyolu Kiralık 3+1 Yalı","Kiralık Yalı Dairesi","3 + 0","130 m²","45 Yaşında","·","Kat","3. Kat","İzmir / Konak / Turgut Reis Mah.","https://www.hepsiemlak.com/_nuxt/8cafc93fb5c74c75e9e04e528e02ccdf.jpg","Msg Gayrimenkul","WhatsApp","https://www.hepsiemlak.com/_nuxt/8cafc93fb5c74c75e9e04e528e02ccdf.jpg"
"https://www.hepsiemlak.com/izmir-cigli-kucuk-cigli-kiralik/daire/21001-18883","1 / 35","30.000","08/09/2026","Küçükçiğli Kiralık Fiyatdüştü 3+1 Ebevynbanyo+doğalgaz+asansörlü","Kiralık Daire","3 + 1","125 m²","6 Yaşında","·","Kat","4. Kat","İzmir / Çiğli / Küçük Çiğli Mah.","https://www.hepsiemlak.com/_nuxt/8cafc93fb5c74c75e9e04e528e02ccdf.jpg","Çiğli Serkan Emlak","WhatsApp","https://www.hepsiemlak.com/_nuxt/8cafc93fb5c74c75e9e04e528e02ccdf.jpg"
"https://www.hepsiemlak.com/izmir-cigli-esentepe-kiralik/daire/49204-1843","1 / 60","35.000","09/09/2026","Çiğli Esen Tepe Mahallesinde Kiralık 3+1 Lüx Daire","Kiralık Daire","3 + 1","145 m²","9 Yaşında","·","Kat","2. Kat","İzmir / Çiğli / Esentepe Mah.","https://www.hepsiemlak.com/_nuxt/8cafc93fb5c74c75e9e04e528e02ccdf.jpg","","WhatsApp",""
"https://www.hepsiemlak.com/izmir-menemen-gazi-mustafa-kemal-kiralik/daire/21024-11993","1 / 35","16.000","09/09/2026","İzmir Menemen Seyrek Kiralık Üniversite Yakın 1+1 Doğalgaz Daire","Kiralık Daire","1 + 1","50 m²","2 Yaşında","·","Kat","2. Kat","İzmir / Menemen / Gazi Mustafa Kemal Mah.","https://www.hepsiemlak.com/_nuxt/8cafc93fb5c74c75e9e04e528e02ccdf.jpg","Turyap Ataşehir Fil","WhatsApp","https://www.hepsiemlak.com/_nuxt/8cafc93fb5c74c75e9e04e528e02ccdf.jpg"
"https://www.hepsiemlak.com/izmir-karsiyaka-zubeyde-hanim-kiralik/daire/34836-1048","1 / 36","31.000","09/09/2026","Zübeyde Hanım Mah. Asmaçatı Gayrimenkul'den Kiralık Daire","Kiralık Daire","3 + 1","122 m²","31 Yaşında","·","Kat","8. Kat","İzmir / Karşıyaka / Zübeyde Hanım Mah.","https://www.hepsiemlak.com/_nuxt/8cafc93fb5c74c75e9e04e528e02ccdf.jpg","","WhatsApp",""
"https://www.hepsiemlak.com/izmir-bayrakli-mansuroglu-kiralik/daire/112706-9014","1 / 38","35.000","05/09/2026","Yaşar Üniversitesi Karşısı Mansuroğlu Özkanlar Da 1+1 Eşyalı","Kiralık Daire","1 + 1","70 m²","11 Yaşında","·","Kat","5. Kat","İzmir / Bayraklı / Mansuroğlu Mah.","https://www.hepsiemlak.com/_nuxt/8cafc93fb5c74c75e9e04e528e02ccdf.jpg","Kw Alesta-viya-orsa 2","WhatsApp","https://www.hepsiemlak.com/_nuxt/8cafc93fb5c74c75e9e04e528e02ccdf.jpg"
"https://www.hepsiemlak.com/izmir-karsiyaka-cumhuriyet-kiralik/daire/153004-424","1 / 20","38.000","04/09/2026","Karşıyaka Palmiye Park Sole De Kiralık 2+1 Daire","Kiralık Daire","2 + 1","110 m²","6 Yaşında","·","Kat","6. Kat","İzmir / Karşıyaka / Cumhuriyet Mah.","https://www.hepsiemlak.com/_nuxt/8cafc93fb5c74c75e9e04e528e02ccdf.jpg","Portınn Proje Geliştirme Ve Gayrimenkul Danışmanlı","WhatsApp","https://www.hepsiemlak.com/_nuxt/8cafc93fb5c74c75e9e04e528e02ccdf.jpg"
"https://www.hepsiemlak.com/izmir-menemen-inonu-kiralik/daire/7457-221","1 / 44","17.500","09/09/2026","Menemen Seyrek Yücesoy Mah. Projesinde Havuz Manzaralı 60 M2 1+1 Arakat Kiralık Daire","Kiralık Daire","1 + 1","60 m²","5 Yaşında","·","Kat","1. Kat","İzmir / Menemen / İnönü Mah.","https://www.hepsiemlak.com/_nuxt/8cafc93fb5c74c75e9e04e528e02ccdf.jpg","","WhatsApp",""
"https://www.hepsiemlak.com/izmir-menemen-gazi-mustafa-kemal-kiralik/daire/142802-408","1 / 15","15.500","09/09/2026","Menemen Seyrek Kafeler Caddesine Yakın Kiralik 1+1 Daire","Kiralık Daire","1 + 1","55 m²","Sıfır Bina","·","Kat","3. Kat","İzmir / Menemen / Gazi Mustafa Kemal Mah.","https://www.hepsiemlak.com/_nuxt/8cafc93fb5c74c75e9e04e528e02ccdf.jpg","Rookz Dıamond","WhatsApp",""
"https://www.hepsiemlak.com/izmir-karsiyaka-dedebasi-kiralik/daire/2098-1909","1 / 35","30.000","08/09/2026","Diva Emlak İzmir Karşıyaka Nergiz 30000tl Kiralık Daire","Kiralık Daire","3 + 1","140 m²","27 Yaşında","·","Kat","2. Kat","İzmir / Karşıyaka / Dedebaşı Mah.","https://www.hepsiemlak.com/_nuxt/8cafc93fb5c74c75e9e04e528e02ccdf.jpg","","WhatsApp",""
"https://www.hepsiemlak.com/izmir-balcova-cetin-emec-kiralik/daire/10374-3544","1 / 47","35.000","07/09/2026","Kolej Ofis Gay.İçi  Yapılı Full Eşyalı_ Manzaralı  Kiralık Fırsat  Daire","Kiralık Daire","2 + 1","116 m²","30 Yaşında","·","Kat","5. Kat","İzmir / Balçova / Çetin Emeç Mah.","https://www.hepsiemlak.com/_nuxt/8cafc93fb5c74c75e9e04e528e02ccdf.jpg","","WhatsApp",""
"https://www.hepsiemlak.com/izmir-bergama-barbaros-kiralik/daire/103566-3627","1 / 25","22.000","06/09/2026","Bergama Bankalar Caddesinde Kiralık 2+1 Ofis","Kiralık Daire","2 + 1","80 m²","36 Yaşında","·","Kat","1. Kat","İzmir / Bergama / Barbaros Mah.","https://www.hepsiemlak.com/_nuxt/8cafc93fb5c74c75e9e04e528e02ccdf.jpg","Remax İlyada","WhatsApp","https://www.hepsiemlak.com/_nuxt/8cafc93fb5c74c75e9e04e528e02ccdf.jpg"
"https://www.hepsiemlak.com/izmir-cigli-atasehir-kiralik/daire/4690-2461","1 / 16","70.000","06/09/2026","İzmir Ataşehir Modern 1 Havuz Ve Peyzaj Manzaralı 2+1bakımlı Boş Lı","Kiralık Daire","2 + 1","110 m²","5 Yaşında","·","Kat","3. Kat","İzmir / Çiğli / Ataşehir Mah.","https://www.hepsiemlak.com/_nuxt/8cafc93fb5c74c75e9e04e528e02ccdf.jpg","","WhatsApp",""
"https://www.hepsiemlak.com/izmir-bornova-mevlana-kiralik/daire/7700-545","1 / 16","33.000","04/09/2026","Bornova Özel Türk Koleji Karşısı 1+1 Kiralık Daire","Kiralık Daire","1 + 1","65 m²","6 Yaşında","·","Kat","2. Kat","İzmir / Bornova / Mevlana Mah.","https://www.hepsiemlak.com/_nuxt/8cafc93fb5c74c75e9e04e528e02ccdf.jpg","Bizim Emlak","WhatsApp","https://www.hepsiemlak.com/_nuxt/8cafc93fb5c74c75e9e04e528e02ccdf.jpg"
"https://www.hepsiemlak.com/izmir-bornova-erzene-kiralik/daire/41893-1174","1 / 34","40.000","07/09/2026","Ata Durağı A101 Sokağında 2+1 4.Kat Kiralık","Kiralık Daire","2 + 1","85 m²","28 Yaşında","·","Kat","4. Kat","İzmir / Bornova / Erzene Mah.","https://www.hepsiemlak.com/_nuxt/8cafc93fb5c74c75e9e04e528e02ccdf.jpg","","WhatsApp",""
"https://www.hepsiemlak.com/izmir-gaziemir-sevgi-kiralik/daire/90115-1901","1 / 21","35.000","05/09/2026","Gaziemir Emlakbank 3. Etaplarda Ful Eşyalı 1+1 Kiralık Daire","Kiralık Daire","1 + 1","66 m²","26 Yaşında","·","Kat","6. Kat","İzmir / Gaziemir / Sevgi Mah.","https://www.hepsiemlak.com/_nuxt/8cafc93fb5c74c75e9e04e528e02ccdf.jpg","Turyap Gaziemir Temsilciliği","WhatsApp","https://www.hepsiemlak.com/_nuxt/8cafc93fb5c74c75e9e04e528e02ccdf.jpg"
"https://www.hepsiemlak.com/izmir-bornova-kizilay-kiralik/daire/41692-1268","1 / 24","20.000","04/09/2026","Bornova Kızılay Mah Eşyalı Kiralık Daire","Kiralık Daire","1 + 1","49 m²","6 Yaşında","·","Kat","Bahçe Katı","İzmir / Bornova / Kızılay Mah.","https://www.hepsiemlak.com/_nuxt/8cafc93fb5c74c75e9e04e528e02ccdf.jpg","","WhatsApp",""
"https://www.hepsiemlak.com/izmir-karabaglar-fahrettin-altay-kiralik/daire/42120-1281","1 / 33","42.500","09/09/2026","Fahrettin Altay Da 3+1 Arakat","Kiralık Daire","3 + 1","135 m²","35 Yaşında","·","Kat","4. Kat","İzmir / Karabağlar / Fahrettin Altay Mah.","https://www.hepsiemlak.com/_nuxt/8cafc93fb5c74c75e9e04e528e02ccdf.jpg","","WhatsApp",""
"https://www.hepsiemlak.com/izmir-karabaglar-poligon-kiralik/daire/25762-788","1 / 15","35.000","05/09/2026","Poligon Metroa 3 Dk. Düz Ayak Kiralık Ara Kat 3+1","Kiralık Daire","3 + 1","120 m²","35 Yaşında","·","Kat","1. Kat","İzmir / Karabağlar / Poligon Mah.","","","WhatsApp",""
"https://www.hepsiemlak.com/izmir-buca-firat-kiralik/daire/64940-145","1 / 15","15.000","07/09/2026","Buca Fırat Mahallesinde 2+1 110 M2 Kapalı Mutfak Kiralık Daire","Kiralık Daire","2 + 1","115 m²","25 Yaşında","·","Kat","Ara Kat","İzmir / Buca / Fırat Mah.","https://hecdnnw.hemlak.com/mncropresize/77/67/logo/0/4/9/4/6/0/90060ad1-6cf0-4fda-b55a-264f4a97a5fc.jpg","Bozbey Emlak","WhatsApp",""
"https://www.hepsiemlak.com/izmir-seferihisar-akarca-kiralik/villa/97475-642","1 / 28","100.000","07/09/2026","Cb Kalem'den Akarca'da Eşyalı 7+1 Kiralık Villa","Kiralık Villa","7 + 1","180 m²","26 Yaşında","·","Kat","","İzmir / Seferihisar / Akarca Mah.","https://hecdnnw.hemlak.com/mncropresize/77/67/logo/5/7/4/7/9/0/895ebcbe-70df-4a66-864b-78edc81823ef.jpg","Coldwell Banker Kalem","WhatsApp",""
"https://www.hepsiemlak.com/izmir-karsiyaka-donanmaci-kiralik/daire/43406-684","1 / 28","36.000","08/09/2026","Karşıyaka Donanmacıda Deniz Manzaralı Asansörlü 3+1 Kiralık Daire","Kiralık Daire","3 + 1","120 m²","29 Yaşında","·","Kat","5. Kat","İzmir / Karşıyaka / Donanmacı Mah.","https://hecdn01.hemlak.com/mncropresize/182/137/ds01/7/6/4/7/6/0/7/4/2161de40-42c1-405d-a822-ea1bc55da880.jpg","Eray Eroğlu","WhatsApp",""
"https://www.hepsiemlak.com/izmir-karsiyaka-imbatli-kiralik/daire/76582-2170","1 / 20","29.000","10/09/2026","Salman'dan K,Yaka Medical Point Hastane Yanı 1+1 Kiralık Daire","Kiralık Daire","1 + 1","60 m²","6 Yaşında","·","Kat","9. Kat","İzmir / Karşıyaka / İmbatlı Mah.","https://www.hepsiemlak.com/_nuxt/8cafc93fb5c74c75e9e04e528e02ccdf.jpg","Salman Gayrimenkul","WhatsApp","https://www.hepsiemlak.com/_nuxt/8cafc93fb5c74c75e9e04e528e02ccdf.jpg"
"https://www.hepsiemlak.com/izmir-buca-buca-koop-kiralik/daire/37745-1994","1 / 23","30.000","06/09/2026","İzmir Buca Bucakoop 2+1 Kiralık Daire","Kiralık Daire","2 + 1","100 m²","26 Yaşında","·","Kat","2. Kat","İzmir / Buca / Buca Koop. Mah.","https://www.hepsiemlak.com/_nuxt/8cafc93fb5c74c75e9e04e528e02ccdf.jpg","Dönertaş Emlak","WhatsApp",""
"https://www.hepsiemlak.com/izmir-konak-goztepe-kiralik/daire/21865-5302","1 / 23","45.000","08/09/2026","Aktifler'den Göztepe'de Cadde Üstü 3+1-150 M2 İç Donanımı İyi Ebeveyn Banyolu 3 Cepheli Köşe Daire","Kiralık Daire","3 + 1","160 m²","35 Yaşında","·","Kat","1. Kat","İzmir / Konak / Göztepe Mah.","https://www.hepsiemlak.com/_nuxt/8cafc93fb5c74c75e9e04e528e02ccdf.jpg","Aktifler Emlak & Real Estates Turkey","WhatsApp","https://www.hepsiemlak.com/_nuxt/8cafc93fb5c74c75e9e04e528e02ccdf.jpg"
"https://www.hepsiemlak.com/izmir-karabaglar-muammer-akar-kiralik/daire/59734-502","1 / 23","36.500","08/09/2026","Denizmen' De Demokrasi Üni.Yakın Eşyalı Kiralı  Daire","Kiralık Daire","2 + 1","95 m²","40 Yaşında","·","Kat","Bahçe Katı","İzmir / Karabağlar / Muammer Akar Mah.","https://www.hepsiemlak.com/_nuxt/8cafc93fb5c74c75e9e04e528e02ccdf.jpg","","WhatsApp",""
"https://www.hepsiemlak.com/izmir-bayrakli-manavkuyu-kiralik/daire/60930-3064","1 / 32","43.000","09/09/2026","Bayraklı Manavkuyu Yüzbaşı İbrahim Hakkı Caddesi Kiralık Daire","Kiralık Daire","3 + 1","140 m²","18 Yaşında","·","Kat","1. Kat","İzmir / Bayraklı / Manavkuyu Mah.","https://www.hepsiemlak.com/_nuxt/8cafc93fb5c74c75e9e04e528e02ccdf.jpg","","WhatsApp",""
"https://www.hepsiemlak.com/izmir-bayrakli-mansuroglu-kiralik/daire/117461-5221","1 / 22","40.000","05/09/2026","Özkanlar Yaşar Üniversitesi Karşısı Doğalgaz Kombili 2+1 Daire","Kiralık Daire","2 + 1","90 m²","15 Yaşında","·","Kat","1. Kat","İzmir / Bayraklı / Mansuroğlu Mah.","https://www.hepsiemlak.com/_nuxt/8cafc93fb5c74c75e9e04e528e02ccdf.jpg","","WhatsApp",""
"https://www.hepsiemlak.com/izmir-karsiyaka-semikler-kiralik/daire/95207-963","1 / 22","36.000","03/09/2026","Şemikler İzban Yanı Kiralık 2+1 / Kapalı Mutfak","Kiralık Daire","2 + 1","90 m²","6 Yaşında","·","Kat","2. Kat","İzmir / Karşıyaka / Şemikler Mah.","https://www.hepsiemlak.com/_nuxt/8cafc93fb5c74c75e9e04e528e02ccdf.jpg","Startkey City","WhatsApp","https://www.hepsiemlak.com/_nuxt/8cafc93fb5c74c75e9e04e528e02ccdf.jpg"
"https://www.hepsiemlak.com/izmir-konak-akin-simav-kiralik/daire/10160-3487","1 / 31","60.000","09/09/2026","Küçükyalı Asansör Arası Full Deniz Manzaralı 6.Kat Mrkz D.Gazlı","Kiralık Daire","3 + 1","155 m²","31 Yaşında","·","Kat","6. Kat","İzmir / Konak / Akın Simav Mah.","https://www.hepsiemlak.com/_nuxt/8cafc93fb5c74c75e9e04e528e02ccdf.jpg","Güzelyalı Emlak","WhatsApp","https://www.hepsiemlak.com/_nuxt/8cafc93fb5c74c75e9e04e528e02ccdf.jpg"
"https://www.hepsiemlak.com/izmir-buca-adatepe-kiralik/daire/110918-1265","1 / 13","25.000","08/09/2026","Adatepe Mh.Ünv.Yakını 2+1 Eşyalı Balkonlu Daire","Kiralık Daire","2 + 1","85 m²","8 Yaşında","·","Kat","3. Kat","İzmir / Buca / Adatepe Mah.","https://www.hepsiemlak.com/_nuxt/8cafc93fb5c74c75e9e04e528e02ccdf.jpg","","WhatsApp",""
"https://www.hepsiemlak.com/izmir-karsiyaka-yali-kiralik/daire/70723-7358","1 / 26","65.000","07/09/2026","Emlak Konut Mavişehir Evleri Kiralık 2+1 Daire","Kiralık Daire","2 + 1","120 m²","16 Yaşında","·","Kat","1. Kat","İzmir / Karşıyaka / Yalı Mah.","https://www.hepsiemlak.com/_nuxt/8cafc93fb5c74c75e9e04e528e02ccdf.jpg","Coldwell Banker Life","WhatsApp","https://www.hepsiemlak.com/_nuxt/8cafc93fb5c74c75e9e04e528e02ccdf.jpg"
"https://www.hepsiemlak.com/izmir-bayrakli-yamanlar-kiralik/daire/30707-4409","1 / 26","28.000","04/09/2026","Kahandan Bayraklı Yamanlarda 3+1 Kiralık Daire","Kiralık Daire","3 + 1","130 m²","28 Yaşında","·","Kat","En Üst Kat","İzmir / Bayraklı / Yamanlar Mah.","https://www.hepsiemlak.com/_nuxt/8cafc93fb5c74c75e9e04e528e02ccdf.jpg","","WhatsApp",""
"https://www.hepsiemlak.com/izmir-konak-kultur-kiralik/daire/37033-4113","1 / 30","8.700.000","08/09/2026","Fırsat Alsancak   Talatpaşa  Caddesinde Dubleks 4+1 Otoparklı Kira Getirisi Yüksek Yatırımlık Daire","Kiralık Daire","4 + 1","145 m²","45 Yaşında","·","Kat","7. Kat","İzmir / Konak / Kültür Mah.","https://www.hepsiemlak.com/_nuxt/8cafc93fb5c74c75e9e04e528e02ccdf.jpg","Demet Emlak","WhatsApp","https://www.hepsiemlak.com/_nuxt/8cafc93fb5c74c75e9e04e528e02ccdf.jpg"
"https://www.hepsiemlak.com/izmir-foca-mustafa-kemal-ataturk-kiralik/daire/41475-1528","1 / 12","27.500","08/09/2026","Yenifoça Narezende Arakat,Eşyalı 2+1 Daire","Kiralık Daire","2 + 1","70 m²","20 Yaşında","·","Kat","Ara Kat","İzmir / Foça / Mustafa Kemal Atatürk Mah.","https://www.hepsiemlak.com/_nuxt/8cafc93fb5c74c75e9e04e528e02ccdf.jpg","","WhatsApp",""
"https://www.hepsiemlak.com/izmir-menemen-85-yil-cumhuriyet-kiralik/daire/61148-2561","1 / 12","17.500","08/09/2026","Seyrek'te Ara Kat 1+1 Doğalgazlı 45 M2 Daire..","Kiralık Daire","1 + 1","45 m²","2 Yaşında","·","Kat","2. Kat","İzmir / Menemen / 85. Yıl Cumhuriyet Mah.","https://www.hepsiemlak.com/_nuxt/8cafc93fb5c74c75e9e04e528e02ccdf.jpg","Kumsal Gayrimenkul","WhatsApp","https://www.hepsiemlak.com/_nuxt/8cafc93fb5c74c75e9e04e528e02ccdf.jpg"
"https://www.hepsiemlak.com/izmir-bornova-kazimdirik-kiralik/daire/3167-2078","1 / 10","38.000","07/09/2026","Bornova Küçükpark Yakını Kiralık 1+1 Eşyalı Daire","Kiralık Daire","1 + 1","42 m²","6 Yaşında","·","Kat","4. Kat","İzmir / Bornova / Kazımdirik Mah.","https://www.hepsiemlak.com/_nuxt/8cafc93fb5c74c75e9e04e528e02ccdf.jpg","Koyuncu Emlak","WhatsApp",""
"https://www.hepsiemlak.com/izmir-konak-murat-reis-kiralik/daire/10484-2896","1 / 20","22.000","08/09/2026","Kiralık 2+1 Daire","Kiralık Daire","2 + 1","85 m²","30 Yaşında","·","Kat","3. Kat","İzmir / Konak / Murat Reis Mah.","https://www.hepsiemlak.com/_nuxt/8cafc93fb5c74c75e9e04e528e02ccdf.jpg","","WhatsApp",""
"https://www.hepsiemlak.com/izmir-bornova-ataturk-kiralik/daire/97779-1279","1 / 20","40.000","09/09/2026","Bornova Atatürk  Migros 100 M2 3+1 Yeni Bina Kiralık Daire","Kiralık Daire","3 + 0","100 m²","9 Yaşında","·","Kat","3. Kat","İzmir / Bornova / Atatürk Mah.","https://www.hepsiemlak.com/_nuxt/8cafc93fb5c74c75e9e04e528e02ccdf.jpg","","WhatsApp",""
"https://www.hepsiemlak.com/izmir-karsiyaka-yali-kiralik/daire/90478-2647","1 / 29","75.000","05/09/2026","Mavişehir Doğa Koleji Arkasında Eşyalı/eşyasız 3+1 Kiralık Daire","Kiralık Daire","3 + 1","110 m²","11 Yaşında","·","Kat","1. Kat","İzmir / Karşıyaka / Yalı Mah.","https://www.hepsiemlak.com/_nuxt/8cafc93fb5c74c75e9e04e528e02ccdf.jpg","Startkey Alfa","WhatsApp","https://www.hepsiemlak.com/_nuxt/8cafc93fb5c74c75e9e04e528e02ccdf.jpg"
"https://www.hepsiemlak.com/izmir-gaziemir-atifbey-kiralik/daire/57322-3158","1 / 29","39.000","10/09/2026","Kuray'dan Atıfbey'de Tadilatlı 3+1 Kiralık Daire Kd-262","Kiralık Daire","3 + 1","130 m²","21 Yaşında","·","Kat","1. Kat","İzmir / Gaziemir / Atıfbey Mah.","https://www.hepsiemlak.com/_nuxt/8cafc93fb5c74c75e9e04e528e02ccdf.jpg","Kuray Emlak","WhatsApp","https://www.hepsiemlak.com/_nuxt/8cafc93fb5c74c75e9e04e528e02ccdf.jpg"
"https://www.hepsiemlak.com/izmir-aliaga-ornekkent-kiralik/daire/25220-2337","1 / 29","26.500","09/09/2026","Özpa - Aliğa Yeni Mahallede Asansörlü Sıfır Binada 115 M2 Köşe 3+1","Kiralık Daire","3 + 1","118 m²","7 Yaşında","·","Kat","2. Kat","İzmir / Aliağa / Örnekkent Mah.","https://www.hepsiemlak.com/_nuxt/8cafc93fb5c74c75e9e04e528e02ccdf.jpg","","WhatsApp",""
"https://www.hepsiemlak.com/izmir-cesme-ilica-kiralik/daire/74113-73","1 / 17","45.000","08/09/2026","Ilıca Da 12 Aylık, Yıllık Kiralık Eşyalı, Bakımlı 2+1 Kiralık Eşyalı Geniş Daire","Kiralık Daire","2 + 1","100 m²","10 Yaşında","·","Kat","Zemin","İzmir / Çeşme / Ilıca Mah.","https://hecdnnw.hemlak.com/mncropresize/77/67/logo/3/1/1/4/7/0/76634883-0527-4008-9da3-d5077c6dcd8d.jpg","Emre Sönmez Gayrimenkul","WhatsApp",""
"https://www.hepsiemlak.com/izmir-karabaglar-bahcelievler-kiralik/daire/5823-2830","1 / 19","45.000","07/09/2026","İnönü Caddesi Üzerinde, Ferah, Ara Kat, 3+1 Kiralık Daire","Kiralık Daire","3 + 1","125 m²","31 Yaşında","·","Kat","4. Kat","İzmir / Karabağlar / Bahçelievler Mah.","","","WhatsApp",""
"https://www.hepsiemlak.com/izmir-konak-kilic-reis-kiralik/daire/2080-2175","1 / 19","38.000","09/09/2026","Üçyol Metro Yakını Çarş İçi Konumda Kiralık 2+1 Ara Kat Daire","Kiralık Daire","2 + 1","85 m²","4 Yaşında","·","Kat","2. Kat","İzmir / Konak / Kılıç Reis Mah.","https://hecdnnw.hemlak.com/mncropresize/77/67/logo/0/8/0/2/0/0/c1fa0b5d-8719-4e4c-b1b5-c6ef1d834fcf.jpg","Vatan Gayrimenkul Yatırım Danışmanlık","WhatsApp",""
"https://www.hepsiemlak.com/izmir-bayrakli-fuat-edip-baksi-kiralik/daire/110953-799","1 / 27","35.000","05/09/2026","Bayraklı Belediye Yakınında Deniz Manzaralı Kiralık 3+1 Daire","Kiralık Daire","3 + 1","175 m²","26 Yaşında","·","Kat","6. Kat","İzmir / Bayraklı / Fuat Edip Baksı Mah.","https://hecdn01.hemlak.com/mncropresize/182/137/ds01/8/3/5/7/0/0/7/4/373fc6cd-bee6-4928-b167-c3808140bed7.jpg","","WhatsApp",""
"https://www.hepsiemlak.com/izmir-torbali-ayrancilar-kiralik/daire/79234-317","1 / 15","25.000","09/09/2026","Barış Manço Cadde Üzerinde Geniş Terasli 3+1 Daire","Kiralık Daire","3 + 2","180 m²","4 Yaşında","·","Kat","1. Kat","İzmir / Torbalı / Ayrancılar Mah.","https://www.hepsiemlak.com/_nuxt/8cafc93fb5c74c75e9e04e528e02ccdf.jpg","Özgü Emlak Ofisi","WhatsApp","https://www.hepsiemlak.com/_nuxt/8cafc93fb5c74c75e9e04e528e02ccdf.jpg"
"https://www.hepsiemlak.com/izmir-buca-adatepe-kiralik/daire/7044-6932","1 / 17","20.000","04/09/2026","Ege Emlak'tan Dokuz Eylül Üniversitesi İktisat Fakültesi Yakını 2+1 Yüksek Giriş Kombi Isıtmalıdaire","Kiralık Daire","2 + 1","85 m²","15 Yaşında","·","Kat","Yüksek Giriş","İzmir / Buca / Adatepe Mah.","https://www.hepsiemlak.com/_nuxt/8cafc93fb5c74c75e9e04e528e02ccdf.jpg","","WhatsApp",""
"https://www.hepsiemlak.com/izmir-bornova-inonu-kiralik/daire/164530-59","1 / 18","35.000","07/09/2026","Bornova İnönü Mah.  Üzeri 2+1 Eşyalı Kiralık Daire","Kiralık Daire","2 + 1","100 m²","22 Yaşında","·","Kat","En Üst Kat","İzmir / Bornova / İnönü Mah.","https://www.hepsiemlak.com/_nuxt/8cafc93fb5c74c75e9e04e528e02ccdf.jpg","Tekinalp My İnşaat","WhatsApp","https://www.hepsiemlak.com/_nuxt/8cafc93fb5c74c75e9e04e528e02ccdf.jpg"
"https://www.hepsiemlak.com/izmir-bornova-evka-3-kiralik/daire/59475-1168","1 / 45","36.000","05/09/2026","Volkan Emlaktan Evka3 Adil Demir Sit.De Arakat Daire","Kiralık Daire","3 + 1","120 m²","38 Yaşında","·","Kat","1. Kat","İzmir / Bornova / Evka 3 Mah.","https://www.hepsiemlak.com/_nuxt/8cafc93fb5c74c75e9e04e528e02ccdf.jpg","","WhatsApp",""
"https://www.hepsiemlak.com/izmir-karsiyaka-ornekkoy-kiralik/daire/140182-561","1 / 33","35.000","05/09/2026","Karşıyaka Medical Point Hastane Yakını Kiralık 2+1 Dubleks Daire","Kiralık Daire","2 + 1","95 m²","7 Yaşında","·","Kat","9. Kat","İzmir / Karşıyaka / Örnekköy Mah.","https://www.hepsiemlak.com/_nuxt/8cafc93fb5c74c75e9e04e528e02ccdf.jpg","Coldwell Banker Motto","WhatsApp","https://www.hepsiemlak.com/_nuxt/8cafc93fb5c74c75e9e04e528e02ccdf.jpg"
"https://www.hepsiemlak.com/izmir-bayrakli-mansuroglu-kiralik/daire/119895-4257","1 / 39","65.000","09/09/2026","Biva Tower 14.Kat | 2+1 | Kısmi Deniz Manzaralı | Kiralık Daire","Kiralık Daire","2 + 1","100 m²","1 Yaşında","·","Kat","14. Kat","İzmir / Bayraklı / Mansuroğlu Mah.","https://www.hepsiemlak.com/_nuxt/8cafc93fb5c74c75e9e04e528e02ccdf.jpg","Kw Alesta-viya-orsa 3","WhatsApp","https://www.hepsiemlak.com/_nuxt/8cafc93fb5c74c75e9e04e528e02ccdf.jpg"
"https://www.hepsiemlak.com/izmir-karsiyaka-semikler-kiralik/daire/71862-2178","1 / 35","50.000","08/09/2026","Büyük 3+1 Net:140m2 Ebeveyn Banyolu_d.Gazlı_asansörlü_köşe","Kiralık Daire","3 + 1","150 m²","11 Yaşında","·","Kat","2. Kat","İzmir / Karşıyaka / Şemikler Mah.","https://www.hepsiemlak.com/_nuxt/8cafc93fb5c74c75e9e04e528e02ccdf.jpg","","WhatsApp",""
"https://www.hepsiemlak.com/izmir-cigli-yeni-mahalle-kiralik/daire/133061-1273","1 / 26","45.000","04/09/2026","Çiğli Yeni Mahalle Kiralık 4+2 Çatı Dubleks Teraslı Daire","Kiralık Daire","4 + 2","200 m²","6 Yaşında","·","Kat","3. Kat","İzmir / Çiğli / Yeni Mahalle Mah.","https://www.hepsiemlak.com/_nuxt/8cafc93fb5c74c75e9e04e528e02ccdf.jpg","Spıca Gayrimenkul","WhatsApp","https://www.hepsiemlak.com/_nuxt/8cafc93fb5c74c75e9e04e528e02ccdf.jpg"
"https://www.hepsiemlak.com/izmir-karsiyaka-zubeyde-hanim-kiralik/daire/26584-3052","1 / 35","25.000","09/09/2026","Karşıyaka Elit Sitesi Tokide Bakımlı Kiralık Daire Kanıt Emlakta","Kiralık Daire","2 + 1","100 m²","16 Yaşında","·","Kat","6. Kat","İzmir / Karşıyaka / Zübeyde Hanım Mah.","https://www.hepsiemlak.com/_nuxt/8cafc93fb5c74c75e9e04e528e02ccdf.jpg","Kanıt Emlak","WhatsApp","https://www.hepsiemlak.com/_nuxt/8cafc93fb5c74c75e9e04e528e02ccdf.jpg"
"https://www.hepsiemlak.com/izmir-bornova-kazimdirik-kiralik/daire/119979-2778","1 / 44","50.000","03/09/2026","Folkart İncity De Bahçe Katı 1+1 Kiralık Daire","Kiralık Daire","1 + 1","76 m²","6 Yaşında","·","Kat","Bahçe Katı","İzmir / Bornova / Kazımdirik Mah.","https://www.hepsiemlak.com/_nuxt/8cafc93fb5c74c75e9e04e528e02ccdf.jpg","Startkey Puzzle","WhatsApp","https://www.hepsiemlak.com/_nuxt/8cafc93fb5c74c75e9e04e528e02ccdf.jpg"
"https://www.hepsiemlak.com/izmir-buca-adatepe-kiralik/daire/145638-133","1 / 24","28.000","07/09/2026","Buca'da Kiralık 2+1 Kapalı Mutfak Asansörlü Balkonlu Daire","Kiralık Daire","2 + 1","90 m²","13 Yaşında","·","Kat","En Üst Kat","İzmir / Buca / Adatepe Mah.","https://www.hepsiemlak.com/_nuxt/8cafc93fb5c74c75e9e04e528e02ccdf.jpg","Dsy Gayrimenkul","WhatsApp","https://www.hepsiemlak.com/_nuxt/8cafc93fb5c74c75e9e04e528e02ccdf.jpg"
"https://www.hepsiemlak.com/izmir-karabaglar-vatan-kiralik/daire/171435-36","1 / 39","27.000","03/09/2026","Yeşilyurt Devlet Hastanesi Yakını 2+1 Doğalgazlı-Asansörlü-Otoparklı","Kiralık Daire","2 + 1","88 m²","5 Yaşında","·","Kat","3. Kat","İzmir / Karabağlar / Vatan Mah.","https://www.hepsiemlak.com/_nuxt/8cafc93fb5c74c75e9e04e528e02ccdf.jpg","Garanti Gayrimenkul","WhatsApp","https://www.hepsiemlak.com/_nuxt/8cafc93fb5c74c75e9e04e528e02ccdf.jpg"
"https://www.hepsiemlak.com/izmir-bornova-doganlar-kiralik/daire/148398-334","1 / 30","30.000","06/09/2026","Doğanlar Da 2+1 Kiralık Lüks Daire","Kiralık Daire","2 + 1","80 m²","1 Yaşında","·","Kat","3. Kat","İzmir / Bornova / Doğanlar Mah.","https://www.hepsiemlak.com/_nuxt/8cafc93fb5c74c75e9e04e528e02ccdf.jpg","","WhatsApp",""
"https://www.hepsiemlak.com/izmir-urla-kuscular-kiralik/villa/142245-583","1 / 25","110.000","08/09/2026","Havuzlu Site İçerisinde, Full Eşyalı Müstakil 3+1 Kiralık Villa","Kiralık Villa","3 + 1","180 m²","16 Yaşında","·","Kat","","İzmir / Urla / Kuşçular Mah.","https://www.hepsiemlak.com/_nuxt/8cafc93fb5c74c75e9e04e528e02ccdf.jpg","Kayıkhane Gayrimenkul","WhatsApp","https://www.hepsiemlak.com/_nuxt/8cafc93fb5c74c75e9e04e528e02ccdf.jpg"
"https://www.hepsiemlak.com/izmir-karsiyaka-mustafa-kemal-kiralik/daire/171153-5","1 / 34","45.000","08/09/2026","Ksk Körfezköy Sitesi Deniz Ve Havuz Manzaralı Büyük Daire","Kiralık Daire","3 + 1","160 m²","16 Yaşında","·","Kat","4. Kat","İzmir / Karşıyaka / Mustafa Kemal Mah.","https://www.hepsiemlak.com/_nuxt/8cafc93fb5c74c75e9e04e528e02ccdf.jpg","","WhatsApp",""
"https://www.hepsiemlak.com/izmir-bornova-erzene-kiralik/daire/141959-716","1 / 35","89.000","03/09/2026","Bornova Evka-3 Havuzlu Site İçi 4+1 Kiralık Ferah Daire","Kiralık Daire","4 + 1","220 m²","20 Yaşında","·","Kat","2. Kat","İzmir / Bornova / Erzene Mah.","https://www.hepsiemlak.com/_nuxt/8cafc93fb5c74c75e9e04e528e02ccdf.jpg","Remax Jolly","WhatsApp","https://www.hepsiemlak.com/_nuxt/8cafc93fb5c74c75e9e04e528e02ccdf.jpg"
"https://www.hepsiemlak.com/izmir-guzelbahce-mustafa-kemal-pasa-kiralik/villa/21671-6614","1 / 55","180.000","05/09/2026","Güzel Bahçede Kiralık Bağımsız Villa Ultra Lüx 500m² Havuz Kamera 7/24","Kiralık Villa","8 + 1","420 m²","5 Yaşında","·","Kat","","İzmir / Güzelbahçe / Mustafa Kemal Paşa Mah.","https://www.hepsiemlak.com/_nuxt/8cafc93fb5c74c75e9e04e528e02ccdf.jpg","A24 Site Gayrimenkul Danışmanlığı","WhatsApp","https://www.hepsiemlak.com/_nuxt/8cafc93fb5c74c75e9e04e528e02ccdf.jpg"
"https://www.hepsiemlak.com/izmir-buca-hurriyet-kiralik/daire/170722-1","1 / 24","28.000","07/09/2026","Hürriyet Mahallesi 3+1 Arakat Daire","Kiralık Daire","3 + 1","130 m²","25 Yaşında","·","Kat","Ara Kat","İzmir / Buca / Hürriyet Mah.","https://www.hepsiemlak.com/_nuxt/8cafc93fb5c74c75e9e04e528e02ccdf.jpg","Stz Gayrimenkul","WhatsApp","https://www.hepsiemlak.com/_nuxt/8cafc93fb5c74c75e9e04e528e02ccdf.jpg"
"https://www.hepsiemlak.com/izmir-bornova-kazimdirik-kiralik/daire/58372-6755","1 / 42","42.500","09/09/2026","Bornova Folkart Time Sitesi'nde Kiralık 1+1 Daire","Kiralık Daire","1 + 1","55 m²","6 Yaşında","·","Kat","5. Kat","İzmir / Bornova / Kazımdirik Mah.","https://www.hepsiemlak.com/_nuxt/8cafc93fb5c74c75e9e04e528e02ccdf.jpg","Coldwell Banker Plus","WhatsApp","https://www.hepsiemlak.com/_nuxt/8cafc93fb5c74c75e9e04e528e02ccdf.jpg"
"https://www.hepsiemlak.com/izmir-cigli-yakakent-kiralik/daire/21001-18873","1 / 33","24.000","08/09/2026","Yakakentte Kiralık Fiyat Düştü 3+1 Doğalgazlı+balkonlu+asansörlü","Kiralık Daire","3 + 1","120 m²","16 Yaşında","·","Kat","5. Kat","İzmir / Çiğli / Yakakent Mah.","https://www.hepsiemlak.com/_nuxt/8cafc93fb5c74c75e9e04e528e02ccdf.jpg","Çiğli Serkan Emlak","WhatsApp","https://www.hepsiemlak.com/_nuxt/8cafc93fb5c74c75e9e04e528e02ccdf.jpg"
"https://www.hepsiemlak.com/izmir-dikili-salimbey-kiralik/daire/121728-470","1 / 39","27.000","10/09/2026","Salimbey'de Ön Cephe Kiralık 2+1 Daire","Kiralık Daire","2 + 1","80 m²","5 Yaşında","·","Kat","2. Kat","İzmir / Dikili / Salimbey Mah.","","","WhatsApp",""
"https://www.hepsiemlak.com/izmir-karsiyaka-dedebasi-kiralik/daire/49204-1827","1 / 35","46.000","09/09/2026","Karşıyaka Nergiz Dedebaşında Full Eşyalı Kiralık 2+1 Lüx Daire","Kiralık Daire","2 + 1","157 m²","12 Yaşında","·","Kat","4. Kat","İzmir / Karşıyaka / Dedebaşı Mah.","","","WhatsApp",""
"https://www.hepsiemlak.com/izmir-konak-halkapinar-kiralik/daire/141901-678","1 / 32","70.000","08/09/2026","Megapol İzmir'de 2+1 Ultra Lüks Kiralık Daire","Kiralık Daire","2 + 1","115 m²","Sıfır Bina","·","Kat","1. Kat","İzmir / Konak / Halkapınar Mah.","https://hecdnnw.hemlak.com/mncropresize/77/67/logo/1/0/9/1/4/1/b86e0761-e9b5-45b1-a959-e8d01d47e9ce.jpg","Startkey A Plus Gayrimenkul","WhatsApp","https://hecdnnw.hemlak.com/mncropresize/77/67/firmuser/2/4/6/0/0/0/4/b6402070-023e-441d-9dd2-d561528d7de1.jpg"
"https://www.hepsiemlak.com/izmir-seferihisar-turabiye-kiralik/daire/125876-3275","1 / 16","20.000","09/09/2026","Seferihisar'da Yeni Binada 1+1 Dubleks Kiralık","Kiralık Daire","1 + 1","70 m²","5 Yaşında","·","Kat","Zemin","İzmir / Seferihisar / Turabiye Mah.","https://hecdn01.hemlak.com/mncropresize/182/137/ds01/2/9/3/9/6/2/7/4/7ec56355-9f6c-4dcf-86ed-0ce6a989b2ee.jpg","Kw Alesta-viya-orsa 4","WhatsApp","https://hecdnnw.hemlak.com/mncropresize/77/67/logo/6/7/8/5/2/1/0342d86e-fbb2-43c5-93c2-fa0deaffdebc.jpg"
"https://www.hepsiemlak.com/izmir-urla-zeytinalani-kiralik/daire/107888-3824","1 / 16","48.000","07/09/2026","Zeytinalanında Butik Villada Ferah Ve Huzurlu Daire","Kiralık Daire","1 + 1","80 m²","31 Yaşında","·","Kat","Ara Kat","İzmir / Urla / Zeytinalanı Mah.","https://www.hepsiemlak.com/_nuxt/8cafc93fb5c74c75e9e04e528e02ccdf.jpg","Coldwell Banker Atak","WhatsApp","https://www.hepsiemlak.com/_nuxt/8cafc93fb5c74c75e9e04e528e02ccdf.jpg"
"https://www.hepsiemlak.com/izmir-cigli-balatcik-kiralik/daire/106987-754","1 / 16","19.500","09/09/2026","İkçü Yakını 1+1 Kiralık Daire","Kiralık Daire","1 + 1","60 m²","10 Yaşında","·","Kat","3. Kat","İzmir / Çiğli / Balatçık Mah.","https://www.hepsiemlak.com/_nuxt/8cafc93fb5c74c75e9e04e528e02ccdf.jpg","Kamusal Gayrimenkul","WhatsApp","https://www.hepsiemlak.com/_nuxt/8cafc93fb5c74c75e9e04e528e02ccdf.jpg"
"https://www.hepsiemlak.com/izmir-menemen-inonu-kiralik/daire/41893-1062","1 / 34","25.000","09/09/2026","Seyrek Kampüslife Sitesinde Eşyalı 2+1 81 Mkare","Kiralık Daire","2 + 1","81 m²","8 Yaşında","·","Kat","2. Kat","İzmir / Menemen / İnönü Mah.","https://www.hepsiemlak.com/_nuxt/8cafc93fb5c74c75e9e04e528e02ccdf.jpg","","WhatsApp",""
"https://www.hepsiemlak.com/izmir-menderes-cukuralti-kiralik/daire/103687-427","1 / 10","25.000","09/09/2026","Özdere 14 Evlerde Geniş Balkonlu Kiralık 1+1 Daire","Kiralık Daire","1 + 1","75 m²","21 Yaşında","·","Kat","2. Kat","İzmir / Menderes / Çukuraltı Mah.","https://www.hepsiemlak.com/_nuxt/8cafc93fb5c74c75e9e04e528e02ccdf.jpg","Arzava Gayrimenkul","WhatsApp","https://www.hepsiemlak.com/_nuxt/8cafc93fb5c74c75e9e04e528e02ccdf.jpg"
"https://www.hepsiemlak.com/izmir-buca-adatepe-kiralik/daire/83651-2124","1 / 21","25.000","03/09/2026","Hasanağa Bahçesi Yanında 1+1 Genç Binada Temiz Bakımlı Arakat","Kiralık Daire","1 + 1","60 m²","6 Yaşında","·","Kat","1. Kat","İzmir / Buca / Adatepe Mah.","https://www.hepsiemlak.com/_nuxt/8cafc93fb5c74c75e9e04e528e02ccdf.jpg","Almira Emlak","WhatsApp","https://www.hepsiemlak.com/_nuxt/8cafc93fb5c74c75e9e04e528e02ccdf.jpg"
"https://www.hepsiemlak.com/izmir-karsiyaka-mavisehir-kiralik/daire/80904-1252","1 / 24","91.000","07/09/2026","Mavişehir Soyak Optimus'ta Bahçeli Dubleks Eşyalı Kiralık","Kiralık Daire","2 + 1","106 m²","11 Yaşında","·","Kat","Bahçe Katı","İzmir / Karşıyaka / Mavişehir Mah.","https://www.hepsiemlak.com/_nuxt/8cafc93fb5c74c75e9e04e528e02ccdf.jpg","","WhatsApp",""
"https://www.hepsiemlak.com/izmir-gaziemir-gazi-kiralik/daire/110285-420","1 / 24","39.000","07/09/2026","Yeşim Emlaktan Gaziemir Gazi Mahllesinde Kiralık 3+1 Daire","Kiralık Daire","3 + 1","140 m²","21 Yaşında","·","Kat","2. Kat","İzmir / Gaziemir / Gazi Mah.","https://www.hepsiemlak.com/_nuxt/8cafc93fb5c74c75e9e04e528e02ccdf.jpg","","WhatsApp",""
"https://www.hepsiemlak.com/izmir-buca-yesilbaglar-kiralik/daire/64940-117","1 / 15","30.000","07/09/2026","Buca Yeşilbağlar Mah. 3+1 196 M2 Kapalı Muftak Doğalgazlı Kiralık Daire","Kiralık Daire","3 + 1","196 m²","25 Yaşında","·","Kat","Ara Kat","İzmir / Buca / Yeşilbağlar Mah.","https://www.hepsiemlak.com/_nuxt/8cafc93fb5c74c75e9e04e528e02ccdf.jpg","Bozbey Emlak","WhatsApp","https://www.hepsiemlak.com/_nuxt/8cafc93fb5c74c75e9e04e528e02ccdf.jpg"
"https://www.hepsiemlak.com/izmir-buca-gaziler-kiralik/daire/169765-10","1 / 10","40.000","05/09/2026","İzmir Buca Gazilerde Kiralık Daire","Kiralık Daire","3 + 1","145 m²","14 Yaşında","·","Kat","7. Kat","İzmir / Buca / Gaziler Mah.","https://www.hepsiemlak.com/_nuxt/8cafc93fb5c74c75e9e04e528e02ccdf.jpg","","WhatsApp",""
"https://www.hepsiemlak.com/izmir-balcova-onur-kiralik/daire/10374-4320","1 / 32","35.000","03/09/2026","Kolej Ofis Gay.Merkezde Kiralık Daire","Kiralık Daire","3 + 1","145 m²","25 Yaşında","·","Kat","4. Kat","İzmir / Balçova / Onur Mah.","https://www.hepsiemlak.com/_nuxt/8cafc93fb5c74c75e9e04e528e02ccdf.jpg","","WhatsApp",""
"https://www.hepsiemlak.com/izmir-torbali-tepekoy-kiralik/daire/102474-1701","1 / 14","24.000","06/09/2026","İzmir Torbalı Gold Emlaktan Kiralık 2x1 Daire","Kiralık Daire","2 + 1","100 m²","7 Yaşında","·","Kat","5. Kat","İzmir / Torbalı / Tepeköy Mah.","https://www.hepsiemlak.com/_nuxt/8cafc93fb5c74c75e9e04e528e02ccdf.jpg","","WhatsApp",""
"https://www.hepsiemlak.com/izmir-cesme-reisdere-kiralik/villa/97475-700","1 / 27","150.000","07/09/2026","Reisdere'de Müstakil Havuzlu Bahçeli Kiralık 4+1 Villa / Eng","Kiralık Villa","4 + 1","160 m²","6 Yaşında","·","Kat","","İzmir / Çeşme / Reisdere Mah.","https://www.hepsiemlak.com/_nuxt/8cafc93fb5c74c75e9e04e528e02ccdf.jpg","Coldwell Banker Kalem","WhatsApp","https://www.hepsiemlak.com/_nuxt/8cafc93fb5c74c75e9e04e528e02ccdf.jpg"
"https://www.hepsiemlak.com/izmir-bornova-ergene-kiralik/daire/60930-3081","1 / 31","36.500","09/09/2026","Sabri Cengiz Emlak Bornova Merkezde Kapalı Pazar Yerin De Kiralık Daire 3+!","Kiralık Daire","3 + 1","135 m²","20 Yaşında","·","Kat","3. Kat","İzmir / Bornova / Ergene Mah.","https://www.hepsiemlak.com/_nuxt/8cafc93fb5c74c75e9e04e528e02ccdf.jpg","","WhatsApp",""
"https://www.hepsiemlak.com/izmir-cesme-alacati-kiralik/villa/65747-1900","1 / 22","300.000","07/09/2026","(a1900) Göbene Mevkii, Özel Havuzlu, Geniş Bahçeli, Çarşıya Yürüyüş Mesafesi","Kiralık Villa","3 + 1","290 m²","8 Yaşında","·","Kat","","İzmir / Çeşme / Alaçatı Mah.","https://www.hepsiemlak.com/_nuxt/8cafc93fb5c74c75e9e04e528e02ccdf.jpg","Özkanlar Gayrimenkul Danışmanlığı","WhatsApp","https://www.hepsiemlak.com/_nuxt/8cafc93fb5c74c75e9e04e528e02ccdf.jpg"
"https://www.hepsiemlak.com/izmir-odemis-bengisu-kiralik/daire/127956-671","1 / 13","18.000","08/09/2026","Gökçe Bağçivan Gayrimenkulden Caddeye Yakın Kiralık Eşyalı Daire","Kiralık Daire","2 + 1","110 m²","30 Yaşında","·","Kat","Zemin","İzmir / Ödemiş / Bengisu Mah.","https://www.hepsiemlak.com/_nuxt/8cafc93fb5c74c75e9e04e528e02ccdf.jpg","","WhatsApp",""
"https://www.hepsiemlak.com/izmir-buca-menderes-kiralik/daire/104396-903","1 / 30","21.000","09/09/2026","Barış Mah. Buca Belediyesi Yakını Mrkz Konumda Kiralık 3+1 Daire","Kiralık Daire","3 + 1","100 m²","26 Yaşında","·","Kat","3. Kat","İzmir / Buca / Menderes Mah.","https://www.hepsiemlak.com/_nuxt/8cafc93fb5c74c75e9e04e528e02ccdf.jpg","Atölye Gayrimenkul","WhatsApp","https://www.hepsiemlak.com/_nuxt/8cafc93fb5c74c75e9e04e528e02ccdf.jpg"
"https://www.hepsiemlak.com/izmir-bayrakli-cengizhan-kiralik/daire/155797-413","1 / 48","22.000","10/09/2026","Kiralık 3+1 Dubleks Yeni Bina","Kiralık Daire","3 + 1","180 m²","5 Yaşında","·","Kat","4. Kat","İzmir / Bayraklı / Cengizhan Mah.","https://www.hepsiemlak.com/_nuxt/8cafc93fb5c74c75e9e04e528e02ccdf.jpg","","WhatsApp",""
"https://www.hepsiemlak.com/izmir-menderes-gorece-cumhuriyet-kiralik/daire/150549-489","1 / 38","26.500","09/09/2026","Mia Gayrimenkul'den Görece'de Kiralık 2+1 Daire","Kiralık Daire","2 + 1","85 m²","6 Yaşında","·","Kat","Yüksek Giriş","İzmir / Menderes / Görece Cumhuriyet Mah.","https://www.hepsiemlak.com/_nuxt/8cafc93fb5c74c75e9e04e528e02ccdf.jpg","Mia Gayrimenkul","WhatsApp","https://www.hepsiemlak.com/_nuxt/8cafc93fb5c74c75e9e04e528e02ccdf.jpg"
"https://www.hepsiemlak.com/izmir-konak-goztepe-kiralik/daire/133337-514","1 / 15","25.000","09/09/2026","Göztepede Sahile Yakın Kiralık 2+1 Daire.","Kiralık Daire","2 + 1","90 m²","31 Yaşında","·","Kat","Giriş Katı","İzmir / Konak / Göztepe Mah.","https://www.hepsiemlak.com/_nuxt/8cafc93fb5c74c75e9e04e528e02ccdf.jpg","Türker Gayrimenkul Danışmanlık","WhatsApp","https://www.hepsiemlak.com/_nuxt/8cafc93fb5c74c75e9e04e528e02ccdf.jpg"
"https://www.hepsiemlak.com/izmir-menderes-gumuldur-cumhuriyet-kiralik/daire/138778-231","1 / 33","15.000","09/09/2026","Gümüldürde Denize 100 Metre Yaz Kış Kiralık 1+1 Daıre","Kiralık Daire","1 + 1","100 m²","3 Yaşında","·","Kat","2. Kat","İzmir / Menderes / Gümüldür Cumhuriyet Mah.","https://www.hepsiemlak.com/_nuxt/8cafc93fb5c74c75e9e04e528e02ccdf.jpg","Say Kardeşler Emlak","WhatsApp","https://www.hepsiemlak.com/_nuxt/8cafc93fb5c74c75e9e04e528e02ccdf.jpg"
"https://www.hepsiemlak.com/izmir-buca-guven-kiralik/daire/66154-2060","1 / 44","25.000","09/09/2026","Buca/ Şirinyer/güven Mah. Bölgesinde Eşyalı Kiralık 3+1 110m2 Daire Kodu:2060","Kiralık Daire","3 + 1","120 m²","25 Yaşında","·","Kat","1. Kat","İzmir / Buca / Güven Mah.","https://hecdnnw.hemlak.com/mncropresize/77/67/logo/4/5/1/6/6/0/22f82f56-5f5b-4c27-823f-c6af921e143a.jpg","Karaca Emlak","WhatsApp",""
"https://www.hepsiemlak.com/izmir-konak-mehmet-akif-kiralik/daire/142409-132","1 / 16","12.500","09/09/2026","Gültepe Toros Meydanı Yakını İçi Yapılı 2+1 Kiralık Daire","Kiralık Daire","2 + 1","75 m²","30 Yaşında","·","Kat","1. Kat","İzmir / Konak / Mehmet Akif Mah.","","","WhatsApp",""
"https://www.hepsiemlak.com/izmir-balcova-egitim-kiralik/daire/0-47268631","1 / 30","55.000","09/09/2026","Balçova Eğitim'de Geniş 150m² Daire. Özel Bahçeli & Tam Eşyalı","Kiralık Daire","3 + 1","245 m²","15 Yaşında","·","Kat","Bahçe Katı","İzmir / Balçova / Eğitim Mah.","","","WhatsApp",""
"https://www.hepsiemlak.com/izmir-karsiyaka-ornekkoy-kiralik/daire/49818-440","1 / 35","35.000","08/09/2026","İzmir Karşıyaka Örnekköy De Doğalgazlı 2+1 Kiralık Daire","Kiralık Daire","2 + 1","100 m²","10 Yaşında","·","Kat","Yüksek Giriş","İzmir / Karşıyaka / Örnekköy Mah.","https://hecdn01.hemlak.com/mncropresize/182/137/ds01/8/0/8/7/6/2/7/4/a5f5ced5-c799-44a8-a4d4-7db45d23ddfb.jpg","","WhatsApp",""
"https://www.hepsiemlak.com/izmir-karsiyaka-yali-kiralik/daire/0-47263576","1 / 21","60.000","08/09/2026","Sahibinden Soyak 1. Etap Kiralık 2+1","Kiralık Daire","2 + 1","105 m²","15 Yaşında","·","Kat","Ara Kat","İzmir / Karşıyaka / Yalı Mah.","https://www.hepsiemlak.com/_nuxt/8cafc93fb5c74c75e9e04e528e02ccdf.jpg","","WhatsApp",""
"https://www.hepsiemlak.com/izmir-kemalpasa-ulucak-mustafa-kemal-ataturk-kiralik/daire/170485-9","1 / 60","37.000","08/09/2026","Ulucak Atatürk Mah. Çevre Yolunda Kiralık 3+1 Doğalgazlı Daire","Kiralık Daire","3 + 1","120 m²","4 Yaşında","·","Kat","1. Kat","İzmir / Kemalpaşa / Ulucak Mustafa Kemal Atatürk Mah.","https://www.hepsiemlak.com/_nuxt/8cafc93fb5c74c75e9e04e528e02ccdf.jpg","Nilgün İlikhan Gayrimenkul","WhatsApp","https://www.hepsiemlak.com/_nuxt/8cafc93fb5c74c75e9e04e528e02ccdf.jpg"
"https://www.hepsiemlak.com/izmir-urla-m-fevzi-cakmak-kiralik/daire/136643-227","1 / 18","32.500","08/09/2026","Urla Zeytinalanı Mareşal Fevzi Çakmak Mahallesi'nde","Kiralık Daire","3 + 1","110 m²","21 Yaşında","·","Kat","Bahçe Katı","İzmir / Urla / M. Fevzi Çakmak Mah.","https://www.hepsiemlak.com/_nuxt/8cafc93fb5c74c75e9e04e528e02ccdf.jpg","","WhatsApp",""
"https://www.hepsiemlak.com/izmir-karsiyaka-tersane-kiralik/daire/138721-202","1 / 44","36.500","07/09/2026","Karşıyaka Alaybey'de Sahile İzban'a Tramvaya Yakın Kiralık 2+1 Daire","Kiralık Daire","2 + 1","90 m²","7 Yaşında","·","Kat","1. Kat","İzmir / Karşıyaka / Tersane Mah.","https://www.hepsiemlak.com/_nuxt/8cafc93fb5c74c75e9e04e528e02ccdf.jpg","","WhatsApp",""
"https://www.hepsiemlak.com/izmir-cigli-balatcik-kiralik/daire/150679-176","1 / 15","23.500","07/09/2026","İzban Yakını Eşyalı Kiralık","Kiralık Daire","1 + 1","52 m²","6 Yaşında","·","Kat","Yüksek Giriş","İzmir / Çiğli / Balatçık Mah.","https://www.hepsiemlak.com/_nuxt/8cafc93fb5c74c75e9e04e528e02ccdf.jpg","","WhatsApp",""
"https://www.hepsiemlak.com/izmir-bornova-inonu-kiralik/daire/0-47256509","1 / 21","27.500","07/09/2026","Sahibinden Bornova İnönü Mahallesinde 3+1 Kiralık Daire","Kiralık Daire","3 + 1","110 m²","26 Yaşında","·","Kat","Bahçe Katı","İzmir / Bornova / İnönü Mah.","https://www.hepsiemlak.com/_nuxt/8cafc93fb5c74c75e9e04e528e02ccdf.jpg","","WhatsApp",""
"https://www.hepsiemlak.com/izmir-torbali-alpkent-kiralik/daire/159303-301","1 / 30","36.000","06/09/2026","Eşyalı Kiralık 3+1 Daire - Alpkent Mah. Saat Kulesi Yanı","Kiralık Daire","3 + 1","165 m²","5 Yaşında","·","Kat","2. Kat","İzmir / Torbalı / Alpkent Mah.","https://www.hepsiemlak.com/_nuxt/8cafc93fb5c74c75e9e04e528e02ccdf.jpg","","WhatsApp",""
"https://www.hepsiemlak.com/izmir-buca-adatepe-kiralik/daire/0-47253426","1 / 15","26.000","05/09/2026","Sahibinden Adatepe De 1+1 Doğalgazlı Kombili","Kiralık Daire","1 + 1","50 m²","6 Yaşında","·","Kat","Yüksek Giriş","İzmir / Buca / Adatepe Mah.","https://www.hepsiemlak.com/_nuxt/8cafc93fb5c74c75e9e04e528e02ccdf.jpg","","WhatsApp",""
"https://www.hepsiemlak.com/izmir-karsiyaka-semikler-kiralik/daire/162760-115","1 / 34","30.000","05/09/2026","Şemikler'de Modern Yapılı Merkezi Konumda 1+1 Kiralık Daire","Kiralık Daire","1 + 1","60 m²","Sıfır Bina","·","Kat","5. Kat","İzmir / Karşıyaka / Şemikler Mah.","https://www.hepsiemlak.com/_nuxt/8cafc93fb5c74c75e9e04e528e02ccdf.jpg","Voga Grup Gayrimenkul","WhatsApp","https://www.hepsiemlak.com/_nuxt/8cafc93fb5c74c75e9e04e528e02ccdf.jpg"
"https://www.hepsiemlak.com/izmir-konak-zafertepe-kiralik/daire/170492-16","1 / 23","38.000","05/09/2026","3+1 Daire 140 M2 38 000 Tl","Kiralık Daire","3 + 1","150 m²","10 Yaşında","·","Kat","4. Kat","İzmir / Konak / Zafertepe Mah.","https://www.hepsiemlak.com/_nuxt/8cafc93fb5c74c75e9e04e528e02ccdf.jpg","Adil Emlak","WhatsApp","https://www.hepsiemlak.com/_nuxt/8cafc93fb5c74c75e9e04e528e02ccdf.jpg"
"https://www.hepsiemlak.com/izmir-dikili-ismetpasa-kiralik/daire/0-47248824","1 / 17","28.000","04/09/2026","Dikilide Merkezi Konumda Denize 100 Mt 2+1 Daire. Açıklama Okuyunuz..","Kiralık Daire","2 + 1","110 m²","50 Yaşında","·","Kat","1. Kat","İzmir / Dikili / İsmetpaşa Mah.","https://www.hepsiemlak.com/_nuxt/8cafc93fb5c74c75e9e04e528e02ccdf.jpg","","WhatsApp",""
"https://www.hepsiemlak.com/izmir-bayrakli-postacilar-kiralik/daire/165162-48","1 / 17","26.500","05/09/2026","Postacılar Da Önü Açık Ferah 3+1 Kiralık Daire","Kiralık Daire","3 + 1","120 m²","26 Yaşında","·","Kat","5. Kat","İzmir / Bayraklı / Postacılar Mah.","https://www.hepsiemlak.com/_nuxt/8cafc93fb5c74c75e9e04e528e02ccdf.jpg","","WhatsApp",""
"https://www.hepsiemlak.com/izmir-bayrakli-gumuspala-kiralik/daire/61174-3465","1 / 31","30.000","04/09/2026","Full Deniz Manzaralı Doğalgazlı 130 M2 Kiralık Daire Mkd Emlakta","Kiralık Daire","2 + 1","140 m²","26 Yaşında","·","Kat","3. Kat","İzmir / Bayraklı / Gümüşpala Mah.","https://www.hepsiemlak.com/_nuxt/8cafc93fb5c74c75e9e04e528e02ccdf.jpg","Mkd Emlak","WhatsApp","https://www.hepsiemlak.com/_nuxt/8cafc93fb5c74c75e9e04e528e02ccdf.jpg"
"https://www.hepsiemlak.com/izmir-balcova-teleferik-kiralik/daire/161083-52","1 / 17","36.000","04/09/2026","Balçova Doğa Kent Sit. 3+1 130 M2 Kiralık Daire","Kiralık Daire","3 + 1","150 m²","21 Yaşında","·","Kat","Giriş Katı","İzmir / Balçova / Teleferik Mah.","https://www.hepsiemlak.com/_nuxt/8cafc93fb5c74c75e9e04e528e02ccdf.jpg","","WhatsApp",""
"https://www.hepsiemlak.com/izmir-konak-zafertepe-kiralik/daire/77169-777","1 / 49","30.000","04/09/2026","İzmirpark Karşısı Egepol Yakını 3+1 Kiralık Daire","Kiralık Daire","3 + 1","135 m²","30 Yaşında","·","Kat","2. Kat","İzmir / Konak / Zafertepe Mah.","https://www.hepsiemlak.com/_nuxt/8cafc93fb5c74c75e9e04e528e02ccdf.jpg","","WhatsApp",""
"https://www.hepsiemlak.com/izmir-karabaglar-muammer-akar-kiralik/daire/10433-2051","1 / 43","50.000","04/09/2026","Nisa Serezli Park Yakını Ara Katta Köşe Geniş Daire 45/7 Sk No 5 Gökmen Apt.","Kiralık Daire","3 + 1","165 m²","22 Yaşında","·","Kat","3. Kat","İzmir / Karabağlar / Muammer Akar Mah.","https://www.hepsiemlak.com/_nuxt/8cafc93fb5c74c75e9e04e528e02ccdf.jpg","Nazım Emlak","WhatsApp","https://www.hepsiemlak.com/_nuxt/8cafc93fb5c74c75e9e04e528e02ccdf.jpg"
"https://www.hepsiemlak.com/izmir-aliaga-yali-kiralik/villa/142333-1753","1 / 19","45.000","07/09/2026","Yalı Mahallesi Viking Sitesinde 3+1 Bahçeli Müstakil Kiralık","Kiralık Villa","3 + 1","110 m²","31 Yaşında","·","Kat","","İzmir / Aliağa / Yalı Mah.","https://www.hepsiemlak.com/_nuxt/8cafc93fb5c74c75e9e04e528e02ccdf.jpg","","WhatsApp",""
"https://www.hepsiemlak.com/izmir-karabaglar-vatan-kiralik/daire/4039-1861","1 / 35","30.000","07/09/2026","İzmir Konak Kiralık 3+1doğalgazlı Daire","Kiralık Daire","3 + 1","120 m²","30 Yaşında","·","Kat","En Üst Kat","İzmir / Karabağlar / Vatan Mah.","https://www.hepsiemlak.com/_nuxt/8cafc93fb5c74c75e9e04e528e02ccdf.jpg","","WhatsApp",""
"https://www.hepsiemlak.com/izmir-urla-gulbahce-kiralik/daire/0-47240620","1 / 15","28.000","03/09/2026","Gülbahçe De Kiralık","Kiralık Daire","Stüdyo","55 m²","9 Yaşında","·","Kat","Bahçe Katı","İzmir / Urla / Gülbahçe Mah.","https://www.hepsiemlak.com/_nuxt/8cafc93fb5c74c75e9e04e528e02ccdf.jpg","","WhatsApp",""
"https://www.hepsiemlak.com/izmir-menemen-gazi-mustafa-kemal-kiralik/daire/167667-66","1 / 26","27.000","08/09/2026","Seyrek Merkezi Konumda Kiralık 3+1 Daire","Kiralık Daire","3 + 1","130 m²","6 Yaşında","·","Kat","3. Kat","İzmir / Menemen / Gazi Mustafa Kemal Mah.","https://www.hepsiemlak.com/_nuxt/8cafc93fb5c74c75e9e04e528e02ccdf.jpg","","WhatsApp",""
"https://www.hepsiemlak.com/izmir-buca-efeler-kiralik/daire/129980-1385","1 / 21","27.500","03/09/2026","Buca Efeler Mh. Kiralık Müstakil Bahçeli 2+1 Geniş Daire","Kiralık Daire","2 + 1","100 m²","16 Yaşında","·","Kat","Bahçe Katı","İzmir / Buca / Efeler Mah.","https://hecdnnw.hemlak.com/mncropresize/77/67/logo/0/8/9/9/2/1/86cd63e9-c631-4c47-af95-3cb264168374.jpg","Başoğlu Emlak İnşaat","WhatsApp",""
"https://www.hepsiemlak.com/izmir-konak-barbaros-kiralik/daire/114115-1247","1 / 30","31.000","07/09/2026","Karataş'ta 2+1 Eşyalı Kiralık Daire","Kiralık Daire","2 + 1","85 m²","26 Yaşında","·","Kat","4. Kat","İzmir / Konak / Barbaros Mah.","https://hecdnnw.hemlak.com/mncropresize/77/67/logo/5/1/1/4/1/1/3d160e1a-da6a-4c8b-a9d0-d14797c1fac3.jpg","Realty World Urla","WhatsApp",""
"https://www.hepsiemlak.com/izmir-karsiyaka-fikri-altay-kiralik/daire/136943-293","1 / 18","45.000","09/09/2026","Fikri Altay Mahallesinde 3+1 Ara Kat 160 M2","Kiralık Daire","3 + 1","160 m²","12 Yaşında","·","Kat","4. Kat","İzmir / Karşıyaka / Fikri Altay Mah.","","","WhatsApp",""
"https://www.hepsiemlak.com/izmir-balcova-koruturk-kiralik/daire/162895-26","1 / 17","45.000","03/09/2026","Ekonomi Üniversitesi Yakın Full Eşyalı Kiralık","Kiralık Daire","3 + 1","120 m²","31 Yaşında","·","Kat","4. Kat","İzmir / Balçova / Korutürk Mah.","https://hecdn01.hemlak.com/mncropresize/182/137/ds01/4/2/1/4/6/0/7/4/0162e11a-4ac3-4a79-b79a-b9250ce42b7e.jpg","","WhatsApp",""
"https://www.hepsiemlak.com/izmir-bayrakli-adalet-kiralik/daire/129267-626","1 / 20","22.000","08/09/2026","Bayraklı Folkart Yakını 2+1 Eşyalı 70m2","Kiralık Daire","2 + 1","75 m²","32 Yaşında","·","Kat","Giriş Katı","İzmir / Bayraklı / Adalet Mah.","https://www.hepsiemlak.com/_nuxt/8cafc93fb5c74c75e9e04e528e02ccdf.jpg","","WhatsApp",""
"https://www.hepsiemlak.com/izmir-dikili-ismetpasa-kiralik/daire/131666-502","1 / 32","26.000","07/09/2026","Saadet Korkmaz'dan İsmetpaşa'da Boş Kiralık 2+1 Arakat Daire","Kiralık Daire","2 + 1","85 m²","Sıfır Bina","·","Kat","2. Kat","İzmir / Dikili / İsmetpaşa Mah.","https://www.hepsiemlak.com/_nuxt/8cafc93fb5c74c75e9e04e528e02ccdf.jpg","Saadet Korkmaz Emlak","WhatsApp","https://www.hepsiemlak.com/_nuxt/8cafc93fb5c74c75e9e04e528e02ccdf.jpg"
"https://www.hepsiemlak.com/izmir-seferihisar-turabiye-kiralik/villa/151333-193","1 / 40","40.000","08/09/2026","3+2 Mutfak Doğalgaz Lı Kiralık Tripleks Villa","Kiralık Villa","3 + 2","170 m²","26 Yaşında","·","Kat","","İzmir / Seferihisar / Turabiye Mah.","https://www.hepsiemlak.com/_nuxt/8cafc93fb5c74c75e9e04e528e02ccdf.jpg","Connectturk Halitoğulları Gayrimenkul","WhatsApp","https://www.hepsiemlak.com/_nuxt/8cafc93fb5c74c75e9e04e528e02ccdf.jpg"
"https://www.hepsiemlak.com/izmir-tire-cumhuriyet-kiralik/daire/135073-285","1 / 34","15.000","09/09/2026","İşçiler Ve Elemanlar İçin Kiralık Daireler","Kiralık Daire","2 + 1","100 m²","26 Yaşında","·","Kat","2. Kat","İzmir / Tire / Cumhuriyet Mah.","https://www.hepsiemlak.com/_nuxt/8cafc93fb5c74c75e9e04e528e02ccdf.jpg","","WhatsApp",""
"https://www.hepsiemlak.com/izmir-karabaglar-basin-sitesi-kiralik/daire/158617-110","1 / 30","26.000","07/09/2026","Pelütten Yeşilyurt Devlet Hastane Yakını  2+1 Doğalgazlı Bakımlı Daire","Kiralık Daire","2 + 1","115 m²","40 Yaşında","·","Kat","Giriş Katı","İzmir / Karabağlar / Basın Sitesi Mah.","https://www.hepsiemlak.com/_nuxt/8cafc93fb5c74c75e9e04e528e02ccdf.jpg","","WhatsApp",""
"https://www.hepsiemlak.com/izmir-cigli-atasehir-kiralik/daire/147140-376","1 / 31","35.000","07/09/2026","Çiğli Ataşehirde Full Eşyalı Kiralık 2+1 Daire","Kiralık Daire","2 + 1","110 m²","16 Yaşında","·","Kat","Giriş Katı","İzmir / Çiğli / Ataşehir Mah.","https://www.hepsiemlak.com/_nuxt/8cafc93fb5c74c75e9e04e528e02ccdf.jpg","Turpa Enerji","WhatsApp","https://www.hepsiemlak.com/_nuxt/8cafc93fb5c74c75e9e04e528e02ccdf.jpg"
"https://www.hepsiemlak.com/izmir-menderes-barbaros-kiralik/daire/91567-2410","1 / 21","25.500","07/09/2026","Berk Emlak'tan Menderes Barbaros Mahallesinde Kiralık 1+1 Daire","Kiralık Daire","1 + 1","65 m²","2 Yaşında","·","Kat","3. Kat","İzmir / Menderes / Barbaros Mah.","https://www.hepsiemlak.com/_nuxt/8cafc93fb5c74c75e9e04e528e02ccdf.jpg","Berk Emlak","WhatsApp","https://www.hepsiemlak.com/_nuxt/8cafc93fb5c74c75e9e04e528e02ccdf.jpg"
"https://www.hepsiemlak.com/izmir-karabaglar-basin-sitesi-kiralik/daire/21655-3698","1 / 21","32.000","10/09/2026","Basınsitesin'de Park,Deniz Cepheli Arakat Kiralık Daire","Kiralık Daire","2 + 1","100 m²","45 Yaşında","·","Kat","4. Kat","İzmir / Karabağlar / Basın Sitesi Mah.","https://www.hepsiemlak.com/_nuxt/8cafc93fb5c74c75e9e04e528e02ccdf.jpg","","WhatsApp",""
"https://www.hepsiemlak.com/izmir-karsiyaka-bostanli-kiralik/daire/27072-2459","1 / 21","35.000","05/09/2026","Bostanlı Merkezde Park Cepheli","Kiralık Daire","3 + 1","130 m²","31 Yaşında","·","Kat","2. Kat","İzmir / Karşıyaka / Bostanlı Mah.","https://www.hepsiemlak.com/_nuxt/8cafc93fb5c74c75e9e04e528e02ccdf.jpg","İlker Emlak","WhatsApp","https://www.hepsiemlak.com/_nuxt/8cafc93fb5c74c75e9e04e528e02ccdf.jpg"
"https://www.hepsiemlak.com/izmir-konak-guzelyali-kiralik/daire/21865-5241","1 / 21","35.000","04/09/2026","Aktifler'den Şirinyer İzban Yakınında Eşyalı 3+1 Köşe Otoparklı","Kiralık Daire","3 + 1","120 m²","35 Yaşında","·","Kat","4. Kat","İzmir / Konak / Güzelyalı Mah.","https://www.hepsiemlak.com/_nuxt/8cafc93fb5c74c75e9e04e528e02ccdf.jpg","Aktifler Emlak & Real Estates Turkey","WhatsApp","https://www.hepsiemlak.com/_nuxt/8cafc93fb5c74c75e9e04e528e02ccdf.jpg"
"https://www.hepsiemlak.com/izmir-bayrakli-mansuroglu-kiralik/daire/112706-8912","1 / 30","35.000","05/09/2026","Bayraklı Mansuroğlu Mh. Özkanlarda Yaşar Ünv. Karşısı 1+1 Eşyalı","Kiralık Daire","1 + 1","70 m²","11 Yaşında","·","Kat","3. Kat","İzmir / Bayraklı / Mansuroğlu Mah.","https://www.hepsiemlak.com/_nuxt/8cafc93fb5c74c75e9e04e528e02ccdf.jpg","Kw Alesta-viya-orsa 2","WhatsApp","https://www.hepsiemlak.com/_nuxt/8cafc93fb5c74c75e9e04e528e02ccdf.jpg"
"https://www.hepsiemlak.com/izmir-karabaglar-bahcelievler-kiralik/daire/9764-9098","1 / 30","28.000","09/09/2026","Bahçelievler'de Otoparklı Doğalgazlı Ve Klimalı Eşyalı Kiralık Daire","Kiralık Daire","3 + 1","120 m²","38 Yaşında","·","Kat","4. Kat","İzmir / Karabağlar / Bahçelievler Mah.","https://www.hepsiemlak.com/_nuxt/8cafc93fb5c74c75e9e04e528e02ccdf.jpg","İlhan Emlak","WhatsApp","https://www.hepsiemlak.com/_nuxt/8cafc93fb5c74c75e9e04e528e02ccdf.jpg"
"https://www.hepsiemlak.com/izmir-karabaglar-vatan-kiralik/daire/58851-980","1 / 21","30.000","10/09/2026","Kiralık Daire Yeşilyurt Hastanesi 30.000 Lira","Kiralık Daire","3 + 1","115 m²","35 Yaşında","·","Kat","Ara Kat","İzmir / Karabağlar / Vatan Mah.","https://www.hepsiemlak.com/_nuxt/8cafc93fb5c74c75e9e04e528e02ccdf.jpg","Çolakoğlu Emlak","WhatsApp",""
"https://www.hepsiemlak.com/izmir-bayrakli-manavkuyu-kiralik/daire/41692-1282","1 / 20","30.000","09/09/2026","🏡 Taşkent Mahallesi'nde Güvenli Site İçerisinde 3+1 Kiralık Daire","Kiralık Daire","3 + 1","110 m²","40 Yaşında","·","Kat","5. Kat","İzmir / Bayraklı / Manavkuyu Mah.","https://www.hepsiemlak.com/_nuxt/8cafc93fb5c74c75e9e04e528e02ccdf.jpg","","WhatsApp",""
"https://www.hepsiemlak.com/izmir-konak-goztepe-kiralik/daire/10160-3399","1 / 29","37.000","09/09/2026","Göztepe-Valikonağı 4.Kat Köşe Park Cepheli Asansör-Doğalgazlı","Kiralık Daire","2 + 1","85 m²","31 Yaşında","·","Kat","4. Kat","İzmir / Konak / Göztepe Mah.","https://www.hepsiemlak.com/_nuxt/8cafc93fb5c74c75e9e04e528e02ccdf.jpg","Güzelyalı Emlak","WhatsApp","https://www.hepsiemlak.com/_nuxt/8cafc93fb5c74c75e9e04e528e02ccdf.jpg"
"https://www.hepsiemlak.com/izmir-konak-guzelyali-kiralik/daire/65161-7683","1 / 34","65.000","07/09/2026","Mithat Paşa Cad. Özel Tasarımlı Kiralık 3+1 Daire","Kiralık Daire","3 + 1","185 m²","31 Yaşında","·","Kat","5. Kat","İzmir / Konak / Güzelyalı Mah.","https://www.hepsiemlak.com/_nuxt/8cafc93fb5c74c75e9e04e528e02ccdf.jpg","Startkey Muga Gayrimenkul","WhatsApp","https://www.hepsiemlak.com/_nuxt/8cafc93fb5c74c75e9e04e528e02ccdf.jpg"
"https://www.hepsiemlak.com/izmir-balcova-fevzi-cakmak-kiralik/daire/75961-226","1 / 34","35.000","10/09/2026","Balçova Fevzi Çakmak Mah. 2+1 95 M2 Jeotermalli Temiz Ferah Kiralık Daire","Kiralık Daire","2 + 1","100 m²","45 Yaşında","·","Kat","3. Kat","İzmir / Balçova / Fevzi Çakmak Mah.","https://www.hepsiemlak.com/_nuxt/8cafc93fb5c74c75e9e04e528e02ccdf.jpg","","WhatsApp",""
"https://www.hepsiemlak.com/izmir-menemen-istiklal-kiralik/daire/61148-2558","1 / 11","24.000","04/09/2026","İstiklal Mah'de 1+1 Ara Kat Yerden Isıtmalı Kiralık Daire !!","Kiralık Daire","1 + 1","55 m²","2 Yaşında","·","Kat","6. Kat","İzmir / Menemen / İstiklal Mah.","https://www.hepsiemlak.com/_nuxt/8cafc93fb5c74c75e9e04e528e02ccdf.jpg","Kumsal Gayrimenkul","WhatsApp","https://www.hepsiemlak.com/_nuxt/8cafc93fb5c74c75e9e04e528e02ccdf.jpg"
"https://www.hepsiemlak.com/izmir-konak-alsancak-kiralik/daire/37033-4114","1 / 28","55.000","08/09/2026","Fırsat Alsancak Talatpaşa Bulvarında Otoparklı 4+1 Dubleks Merkezi Konumda Daire","Kiralık Daire","4 + 1","145 m²","45 Yaşında","·","Kat","7. Kat","İzmir / Konak / Alsancak Mah.","https://www.hepsiemlak.com/_nuxt/8cafc93fb5c74c75e9e04e528e02ccdf.jpg","Demet Emlak","WhatsApp","https://www.hepsiemlak.com/_nuxt/8cafc93fb5c74c75e9e04e528e02ccdf.jpg"
"https://www.hepsiemlak.com/izmir-konak-alsancak-kiralik/daire/31270-3093","1 / 19","25.000","09/09/2026","Alsancak Merkezde Asansörlü Binada 3 Bölüm Kiralık Daire","Kiralık Daire","2 + 1","96 m²","35 Yaşında","·","Kat","4. Kat","İzmir / Konak / Alsancak Mah.","https://www.hepsiemlak.com/_nuxt/8cafc93fb5c74c75e9e04e528e02ccdf.jpg","Kadıoğlu Emlak LTD.ŞTİ.","WhatsApp","https://www.hepsiemlak.com/_nuxt/8cafc93fb5c74c75e9e04e528e02ccdf.jpg"
"https://www.hepsiemlak.com/izmir-konak-gunesli-kiralik/daire/13470-2606","1 / 33","17.500","08/09/2026","2 Oda 1salon -Arakat 85 M2 Ayrı Mutfaklı","Kiralık Daire","2 + 1","85 m²","30 Yaşında","·","Kat","Ara Kat","İzmir / Konak / Güneşli Mah.","","","WhatsApp",""
"https://www.hepsiemlak.com/izmir-cigli-balatcik-kiralik/daire/66940-2212","1 / 10","23.000","09/09/2026","Balatçık İzban Yakını Kiralık Eşyalı 1+1 Daire","Kiralık Daire","1 + 1","45 m²","6 Yaşında","·","Kat","3. Kat","İzmir / Çiğli / Balatçık Mah.","","","WhatsApp",""
"https://www.hepsiemlak.com/izmir-menemen-ugur-mumcu-kiralik/daire/156127-224","1 / 14","21.000","08/09/2026","Menemen Uğur Mumcu Açık Mutfak Kiralık 2+1 Daire","Kiralık Daire","2 + 1","85 m²","2 Yaşında","·","Kat","4. Kat","İzmir / Menemen / Uğur Mumcu Mah.","https://hecdnnw.hemlak.com/mncropresize/77/67/logo/7/2/1/6/5/1/4d03fbd4-4129-4a2c-ab67-43358db66947.jpg","E & T Gayrimenkul","WhatsApp",""
"https://www.hepsiemlak.com/izmir-bornova-kazimdirik-kiralik/daire/162971-8","1 / 14","35.000","07/09/2026","Bornovada Kiralk Daıre Üç Artı Bir","Kiralık Daire","3 + 1","120 m²","31 Yaşında","·","Kat","4. Kat","İzmir / Bornova / Kazımdirik Mah.","https://hecdn01.hemlak.com/mncropresize/182/137/ds01/1/1/6/3/6/6/6/4/a999f33e-63a1-406b-a8ee-9c21809b2ad9.jpg","","WhatsApp",""
"https://www.hepsiemlak.com/izmir-torbali-ertugrul-kiralik/daire/78224-2564","1 / 27","27.500","03/09/2026","Torbalı Merkezde Yıldız Sit. Kiralık Daire","Kiralık Daire","3 + 1","160 m²","21 Yaşında","·","Kat","5. Kat","İzmir / Torbalı / Ertuğrul Mah.","https://www.hepsiemlak.com/_nuxt/8cafc93fb5c74c75e9e04e528e02ccdf.jpg","Startkey Evka3 Gayrimenkul","WhatsApp","https://www.hepsiemlak.com/_nuxt/8cafc93fb5c74c75e9e04e528e02ccdf.jpg"
"https://www.hepsiemlak.com/izmir-cesme-musalla-kiralik/daire/104662-533","1 / 9","50.000","10/09/2026","Çeşme Merkezde Eşyalı Kiralık 2+1 Daire ( Kış Sezonu İçin)","Kiralık Daire","2 + 1","100 m²","7 Yaşında","·","Kat","2. Kat","İzmir / Çeşme / Musalla Mah.","https://www.hepsiemlak.com/_nuxt/8cafc93fb5c74c75e9e04e528e02ccdf.jpg","","WhatsApp",""
"https://www.hepsiemlak.com/izmir-bornova-kazimdirik-kiralik/daire/63812-302","1 / 26","40.000","04/09/2026","Kazımdirik Mah Ege Üns Hastanesine Yürüme Mesafesinde Full Eşyalı Doğalgazlı Kiralık Daire","Kiralık Daire","3 + 1","120 m²","30 Yaşında","·","Kat","Ara Kat","İzmir / Bornova / Kazımdirik Mah.","https://www.hepsiemlak.com/_nuxt/8cafc93fb5c74c75e9e04e528e02ccdf.jpg","","WhatsApp",""
"https://www.hepsiemlak.com/izmir-gaziemir-atifbey-kiralik/daire/57322-3168","1 / 26","43.000","08/09/2026","Kuray'dan Atıfbey'de 3+1 Kiralık Daire Kd-265","Kiralık Daire","3 + 1","135 m²","11 Yaşında","·","Kat","2. Kat","İzmir / Gaziemir / Atıfbey Mah.","https://www.hepsiemlak.com/_nuxt/8cafc93fb5c74c75e9e04e528e02ccdf.jpg","Kuray Emlak","WhatsApp","https://www.hepsiemlak.com/_nuxt/8cafc93fb5c74c75e9e04e528e02ccdf.jpg"
"https://www.hepsiemlak.com/izmir-torbali-pancar-kiralik/daire/124859-341","1 / 17","25.000","04/09/2026","Torbalı Pancar Kiralık 2+1 Daire","Kiralık Daire","2 + 1","100 m²","3 Yaşında","·","Kat","Ara Kat","İzmir / Torbalı / Pancar Mah.","https://www.hepsiemlak.com/_nuxt/8cafc93fb5c74c75e9e04e528e02ccdf.jpg","Güngör Emlak","WhatsApp","https://www.hepsiemlak.com/_nuxt/8cafc93fb5c74c75e9e04e528e02ccdf.jpg"
"https://www.hepsiemlak.com/izmir-konak-umurbey-kiralik/daire/133061-1271","1 / 35","110.000","04/09/2026","Alsancak Evora Sitesi İzmir Deniz Manzaralı Kiralık 3+1 Daire","Kiralık Daire","3 + 1","160 m²","Sıfır Bina","·","Kat","11. Kat","İzmir / Konak / Umurbey Mah.","https://www.hepsiemlak.com/_nuxt/8cafc93fb5c74c75e9e04e528e02ccdf.jpg","Spıca Gayrimenkul","WhatsApp","https://www.hepsiemlak.com/_nuxt/8cafc93fb5c74c75e9e04e528e02ccdf.jpg"
"https://www.hepsiemlak.com/izmir-menemen-9-eylul-kiralik/daire/140182-559","1 / 30","87.500","09/09/2026","35. Sokak Sitesi Kiralık 3+1 Balkonlu Manzaralı Dubleks","Kiralık Daire","3 + 1","178 m²","11 Yaşında","·","Kat","2. Kat","İzmir / Menemen / 9 Eylül Mah.","https://www.hepsiemlak.com/_nuxt/8cafc93fb5c74c75e9e04e528e02ccdf.jpg","Coldwell Banker Motto","WhatsApp","https://www.hepsiemlak.com/_nuxt/8cafc93fb5c74c75e9e04e528e02ccdf.jpg"
"https://www.hepsiemlak.com/izmir-bornova-yesilova-kiralik/daire/119895-4233","1 / 37","50.000","07/09/2026","Kw Cobans'tan Yeşiolva'da 160 M² Geniş 4+1 Huzur Dolu Aile Apt. Kiralık Daire!","Kiralık Daire","4 + 1","160 m²","15 Yaşında","·","Kat","Ara Kat","İzmir / Bornova / Yeşilova Mah.","https://www.hepsiemlak.com/_nuxt/8cafc93fb5c74c75e9e04e528e02ccdf.jpg","Kw Alesta-viya-orsa 3","WhatsApp","https://www.hepsiemlak.com/_nuxt/8cafc93fb5c74c75e9e04e528e02ccdf.jpg"
"https://www.hepsiemlak.com/izmir-karabaglar-vatan-kiralik/daire/171435-7","1 / 37","28.500","09/09/2026","Yeşilyurt Hastane Yakını 1+1 Full Eşyalı-Doğalgazlı-Bakımlı","Kiralık Daire","1 + 1","70 m²","16 Yaşında","·","Kat","1. Kat","İzmir / Karabağlar / Vatan Mah.","https://www.hepsiemlak.com/_nuxt/8cafc93fb5c74c75e9e04e528e02ccdf.jpg","Garanti Gayrimenkul","WhatsApp","https://www.hepsiemlak.com/_nuxt/8cafc93fb5c74c75e9e04e528e02ccdf.jpg"
"https://www.hepsiemlak.com/izmir-narlidere-camtepe-kiralik/daire/142245-580","1 / 35","75.000","08/09/2026","Narlıdere Çamtepe Mahallesi 3+1 Kiralık Daire","Kiralık Daire","3 + 1","140 m²","11 Yaşında","·","Kat","3. Kat","İzmir / Narlıdere / Çamtepe Mah.","https://www.hepsiemlak.com/_nuxt/8cafc93fb5c74c75e9e04e528e02ccdf.jpg","Kayıkhane Gayrimenkul","WhatsApp","https://www.hepsiemlak.com/_nuxt/8cafc93fb5c74c75e9e04e528e02ccdf.jpg"
"https://www.hepsiemlak.com/izmir-urla-sirinkent-kiralik/villa/141959-707","1 / 35","110.000","08/09/2026","Urla Şirinkent Mahallesinde Müstakil Full Eşyalı Kiralık Villa","Kiralık Villa","5 + 1","300 m²","15 Yaşında","·","Kat","","İzmir / Urla / Şirinkent Mah.","https://www.hepsiemlak.com/_nuxt/8cafc93fb5c74c75e9e04e528e02ccdf.jpg","Remax Jolly","WhatsApp","https://www.hepsiemlak.com/_nuxt/8cafc93fb5c74c75e9e04e528e02ccdf.jpg"
"https://www.hepsiemlak.com/izmir-balcova-koruturk-kiralik/villa/21671-6603","1 / 60","130.000","09/09/2026","Balçovada Kiralık Villa Müstakil Bahçeli Müştemilat Deniz Otopark","Kiralık Villa","4 + 2","280 m²","9 Yaşında","·","Kat","","İzmir / Balçova / Korutürk Mah.","https://www.hepsiemlak.com/_nuxt/8cafc93fb5c74c75e9e04e528e02ccdf.jpg","A24 Site Gayrimenkul Danışmanlığı","WhatsApp","https://www.hepsiemlak.com/_nuxt/8cafc93fb5c74c75e9e04e528e02ccdf.jpg"
"https://www.hepsiemlak.com/izmir-bornova-erzene-kiralik/daire/148398-309","1 / 46","55.000","09/09/2026","Bornova Da 2+1 Kiralık Geniş Daire","Kiralık Daire","2 + 1","150 m²","10 Yaşında","·","Kat","2. Kat","İzmir / Bornova / Erzene Mah.","https://www.hepsiemlak.com/_nuxt/8cafc93fb5c74c75e9e04e528e02ccdf.jpg","","WhatsApp",""
"https://www.hepsiemlak.com/izmir-cigli-esentepe-kiralik/daire/21001-18859","1 / 34","37.000","08/09/2026","Esentepe Kiralık Fiyatdüştü3+1 Ebeveynbanyolu+doğalgaz+asansörlü","Kiralık Daire","3 + 1","125 m²","6 Yaşında","·","Kat","5. Kat","İzmir / Çiğli / Esentepe Mah.","https://www.hepsiemlak.com/_nuxt/8cafc93fb5c74c75e9e04e528e02ccdf.jpg","Çiğli Serkan Emlak","WhatsApp","https://www.hepsiemlak.com/_nuxt/8cafc93fb5c74c75e9e04e528e02ccdf.jpg"
"https://www.hepsiemlak.com/izmir-karsiyaka-mavisehir-kiralik/daire/58372-6684","1 / 60","57.000","09/09/2026","Mavişehir Pamukkale 8 Etabı Nda 3+1 Kiralık Köşe Daire","Kiralık Daire","3 + 1","170 m²","31 Yaşında","·","Kat","15. Kat","İzmir / Karşıyaka / Mavişehir Mah.","https://www.hepsiemlak.com/_nuxt/8cafc93fb5c74c75e9e04e528e02ccdf.jpg","Coldwell Banker Plus","WhatsApp","https://www.hepsiemlak.com/_nuxt/8cafc93fb5c74c75e9e04e528e02ccdf.jpg"
"https://www.hepsiemlak.com/izmir-buca-yaylacik-kiralik/daire/145638-66","1 / 33","40.000","07/09/2026","Buca Yaylacık Mahallesinde Kiralık 3+1 Full Eşyalı Asansörlü","Kiralık Daire","3 + 1","105 m²","6 Yaşında","·","Kat","5. Kat","İzmir / Buca / Yaylacık Mah.","https://www.hepsiemlak.com/_nuxt/8cafc93fb5c74c75e9e04e528e02ccdf.jpg","Dsy Gayrimenkul","WhatsApp","https://www.hepsiemlak.com/_nuxt/8cafc93fb5c74c75e9e04e528e02ccdf.jpg"
"https://www.hepsiemlak.com/izmir-cesme-16-eylul-kiralik/villa/3756-1112","1 / 31","85.000","05/09/2026","Çeşme Dalyanda Köşe Parsel Geniş Bahçeli Yıllık Kiralık Villa","Kiralık Villa","3 + 1","200 m²","26 Yaşında","·","Kat","","İzmir / Çeşme / 16 Eylül Mah.","https://www.hepsiemlak.com/_nuxt/8cafc93fb5c74c75e9e04e528e02ccdf.jpg","Çeşme Öğretmen Emlak","WhatsApp","https://www.hepsiemlak.com/_nuxt/8cafc93fb5c74c75e9e04e528e02ccdf.jpg"
"https://www.hepsiemlak.com/izmir-guzelbahce-maltepe-kiralik/daire/113782-342","1 / 31","55.000","09/09/2026","Güzelbahçe Maltepe Mahallesi Yalıda Deniz Manzaralı Dubleks","Kiralık Daire","3 + 1","150 m²","17 Yaşında","·","Kat","Teras Katı","İzmir / Güzelbahçe / Maltepe Mah.","https://www.hepsiemlak.com/_nuxt/8cafc93fb5c74c75e9e04e528e02ccdf.jpg","Şah Yapı Gayrimenkul","WhatsApp","https://www.hepsiemlak.com/_nuxt/8cafc93fb5c74c75e9e04e528e02ccdf.jpg"
"https://www.hepsiemlak.com/izmir-karabaglar-fahrettin-altay-kiralik/daire/13763-3092","1 / 22","35.000","08/09/2026","İstinye Park Manzaralı, Kiralık Daire","Kiralık Daire","1 + 1","70 m²","26 Yaşında","·","Kat","4. Kat","İzmir / Karabağlar / Fahrettin Altay Mah.","https://www.hepsiemlak.com/_nuxt/8cafc93fb5c74c75e9e04e528e02ccdf.jpg","Nazar Emlak","WhatsApp","https://www.hepsiemlak.com/_nuxt/8cafc93fb5c74c75e9e04e528e02ccdf.jpg"
"https://www.hepsiemlak.com/izmir-karsiyaka-zubeyde-hanim-kiralik/daire/26584-3053","1 / 34","25.000","03/09/2026","Karşıyaka Elit Site 3+1 150m2 Doğalgazlı Kiralık Daire Kanıt Eml","Kiralık Daire","3 + 1","160 m²","30 Yaşında","·","Kat","3. Kat","İzmir / Karşıyaka / Zübeyde Hanım Mah.","https://www.hepsiemlak.com/_nuxt/8cafc93fb5c74c75e9e04e528e02ccdf.jpg","Kanıt Emlak","WhatsApp","https://www.hepsiemlak.com/_nuxt/8cafc93fb5c74c75e9e04e528e02ccdf.jpg"
"https://www.hepsiemlak.com/izmir-karsiyaka-fikri-altay-kiralik/daire/71862-2156","1 / 34","33.000","09/09/2026","Doğalgazlı_asansörlü_kapalı Mutfaklı_balkonlu 3+1","Kiralık Daire","3 + 1","125 m²","11 Yaşında","·","Kat","5. Kat","İzmir / Karşıyaka / Fikri Altay Mah.","","","WhatsApp",""
"https://www.hepsiemlak.com/izmir-menderes-gumuldur-fevzi-cakmak-kiralik/daire/103687-415","1 / 10","65.000","09/09/2026","Gümüldür Sahil Caddesinde Denize 40 M Eşyalı 1+1 Kiralık","Kiralık Daire","1 + 1","55 m²","16 Yaşında","·","Kat","Bahçe Katı","İzmir / Menderes / Gümüldür Fevzi Çakmak Mah.","https://hecdnnw.hemlak.com/mncropresize/77/67/logo/7/8/6/3/0/1/9b4f3542-b4e0-41d8-90c5-a4e62e96f34e.jpg","Arzava Gayrimenkul","WhatsApp",""
"https://www.hepsiemlak.com/izmir-bornova-inonu-kiralik/daire/18015-2015","1 / 30","26.000","08/09/2026","İzmir Bornova Atatürk Mah. Kiralık 3+1 Daire Kombili Temiz Bakımlı Daire","Kiralık Daire","3 + 1","120 m²","20 Yaşında","·","Kat","2. Kat","İzmir / Bornova / İnönü Mah.","","","WhatsApp",""
"https://www.hepsiemlak.com/izmir-konak-guzelyali-kiralik/daire/124220-606","1 / 30","35.000","09/09/2026","Kiralık ! Güzelyalı 56 Sokak'ta, Yüksek Giriş, 3+1 Bakımlı Daire","Kiralık Daire","3 + 1","135 m²","32 Yaşında","·","Kat","Yüksek Giriş","İzmir / Konak / Güzelyalı Mah.","https://hecdn01.hemlak.com/mncropresize/182/137/ds01/3/2/5/2/7/0/7/4/2d9f6569-4e99-4f03-b1a3-d381b4827a5a.jpg","","WhatsApp",""
"https://www.hepsiemlak.com/izmir-seferihisar-turabiye-kiralik/daire/133723-1192","1 / 9","20.000","10/09/2026","Seferihisar Fabrika Caddesinde Aydınlık Sıfır 1+1 Kiralik Daire","Kiralık Daire","1 + 1","60 m²","Sıfır Bina","·","Kat","2. Kat","İzmir / Seferihisar / Turabiye Mah.","https://www.hepsiemlak.com/_nuxt/8cafc93fb5c74c75e9e04e528e02ccdf.jpg","Equinox Gayrimenkul","WhatsApp","https://www.hepsiemlak.com/_nuxt/8cafc93fb5c74c75e9e04e528e02ccdf.jpg"
"https://www.hepsiemlak.com/izmir-konak-altintas-kiralik/daire/2080-2177","1 / 15","35.000","08/09/2026","Üçyol Metro Yakını Çarş İçi Konumda Eşyalı Kiralık 2+1 Ara Kat Daire","Kiralık Daire","2 + 1","85 m²","35 Yaşında","·","Kat","2. Kat","İzmir / Konak / Altıntaş Mah.","https://www.hepsiemlak.com/_nuxt/8cafc93fb5c74c75e9e04e528e02ccdf.jpg","Vatan Gayrimenkul Yatırım Danışmanlık","WhatsApp","https://www.hepsiemlak.com/_nuxt/8cafc93fb5c74c75e9e04e528e02ccdf.jpg"
"https://www.hepsiemlak.com/izmir-bayrakli-mansuroglu-kiralik/daire/7044-6934","1 / 15","35.000","08/09/2026","Ege Emlak'tan Yaşar Üniversites,Bölge Metro Durağı Yakını 2+1 Eşyalı Arakat Daire","Kiralık Daire","2 + 1","95 m²","30 Yaşında","·","Kat","3. Kat","İzmir / Bayraklı / Mansuroğlu Mah.","https://www.hepsiemlak.com/_nuxt/8cafc93fb5c74c75e9e04e528e02ccdf.jpg","","WhatsApp",""
"https://www.hepsiemlak.com/izmir-balcova-onur-kiralik/daire/31220-10816","1 / 10","30.000","09/09/2026","Balçova Merkezde  Kiralık Geniş Ve Ferah 3+1 Daire","Kiralık Daire","3 + 1","104 m²","40 Yaşında","·","Kat","Ara Kat","İzmir / Balçova / Onur Mah.","https://www.hepsiemlak.com/_nuxt/8cafc93fb5c74c75e9e04e528e02ccdf.jpg","Kw Alesta-viya-orsa 1","WhatsApp","https://www.hepsiemlak.com/_nuxt/8cafc93fb5c74c75e9e04e528e02ccdf.jpg"
"https://www.hepsiemlak.com/izmir-karsiyaka-mustafa-kemal-kiralik/daire/21024-12038","1 / 32","53.000","09/09/2026","İzmir Karşıyaka Körfezköy Sitesi Kiralık 3+1 Daire","Kiralık Daire","3 + 1","156 m²","20 Yaşında","·","Kat","4. Kat","İzmir / Karşıyaka / Mustafa Kemal Mah.","https://www.hepsiemlak.com/_nuxt/8cafc93fb5c74c75e9e04e528e02ccdf.jpg","Turyap Ataşehir Fil","WhatsApp","https://www.hepsiemlak.com/_nuxt/8cafc93fb5c74c75e9e04e528e02ccdf.jpg"
"https://www.hepsiemlak.com/izmir-cesme-16-eylul-kiralik/villa/25111-967","1 / 14","400.000","04/09/2026","Çeşmede Denizkenarı Ve Havuzlu Sezonluk Kiralık Yazlık","Kiralık Villa","3 + 1","140 m²","21 Yaşında","·","Kat","Bahçe Katı","İzmir / Çeşme / 16 Eylül Mah.","https://www.hepsiemlak.com/_nuxt/8cafc93fb5c74c75e9e04e528e02ccdf.jpg","Çeşme Ergun Emlak","WhatsApp","https://www.hepsiemlak.com/_nuxt/8cafc93fb5c74c75e9e04e528e02ccdf.jpg"
"https://www.hepsiemlak.com/izmir-buca-dicle-kiralik/daire/102557-461","1 / 28","20.000","05/09/2026","Buca İlçe Emniyet Yakını 2+1 Ara Kat Kiralık Daire","Kiralık Daire","2 + 1","110 m²","26 Yaşında","·","Kat","2. Kat","İzmir / Buca / Dicle Mah.","https://www.hepsiemlak.com/_nuxt/8cafc93fb5c74c75e9e04e528e02ccdf.jpg","","WhatsApp",""
"https://www.hepsiemlak.com/izmir-buca-ataturk-kiralik/daire/143820-133","1 / 12","22.000","05/09/2026","Eşyasız,2+0,Balkonlu,Çift Klima +doğalgaz","Kiralık Daire","2 + 0","70 m²","7 Yaşında","·","Kat","2. Kat","İzmir / Buca / Atatürk Mah.","https://www.hepsiemlak.com/_nuxt/8cafc93fb5c74c75e9e04e528e02ccdf.jpg","İzmir Buca Emlak","WhatsApp","https://www.hepsiemlak.com/_nuxt/8cafc93fb5c74c75e9e04e528e02ccdf.jpg"
"https://www.hepsiemlak.com/izmir-bornova-erzene-kiralik/daire/141367-166","1 / 12","72.000","09/09/2026","Evka 3 Metro 5 Dk | Ege Üniversitesi Yakını | Eşyalı 3+1","Kiralık Daire","3 + 1","115 m²","26 Yaşında","·","Kat","2. Kat","İzmir / Bornova / Erzene Mah.","https://www.hepsiemlak.com/_nuxt/8cafc93fb5c74c75e9e04e528e02ccdf.jpg","","WhatsApp",""
"https://www.hepsiemlak.com/izmir-menemen-gazi-mustafa-kemal-kiralik/daire/171173-5","1 / 12","21.000","03/09/2026","Seyrek'te 1+1 60 M2 Kiralık Daire","Kiralık Daire","1 + 1","70 m²","Sıfır Bina","·","Kat","2. Kat","İzmir / Menemen / Gazi Mustafa Kemal Mah.","https://www.hepsiemlak.com/_nuxt/8cafc93fb5c74c75e9e04e528e02ccdf.jpg","Esmirna Gayrimenkul","WhatsApp","https://www.hepsiemlak.com/_nuxt/8cafc93fb5c74c75e9e04e528e02ccdf.jpg"
"https://www.hepsiemlak.com/izmir-konak-gunesli-kiralik/daire/130125-177","1 / 12","22.000","05/09/2026","2+1 Full Eşyalı Yenı Bına","Kiralık Daire","2 + 1","90 m²","3 Yaşında","·","Kat","3. Kat","İzmir / Konak / Güneşli Mah.","https://www.hepsiemlak.com/_nuxt/8cafc93fb5c74c75e9e04e528e02ccdf.jpg","Nesil Gayrimenkul","WhatsApp","https://www.hepsiemlak.com/_nuxt/8cafc93fb5c74c75e9e04e528e02ccdf.jpg"
"https://www.hepsiemlak.com/izmir-bornova-evka-3-kiralik/daire/59475-1167","1 / 31","53.000","03/09/2026","Volkan Emlaktan Evka3 Cengizhan Cd.De Manzaralı Merkezi Konumlu","Kiralık Daire","3 + 1","135 m²","32 Yaşında","·","Kat","3. Kat","İzmir / Bornova / Evka 3 Mah.","https://www.hepsiemlak.com/_nuxt/8cafc93fb5c74c75e9e04e528e02ccdf.jpg","","WhatsApp",""
"https://www.hepsiemlak.com/izmir-balcova-fevzi-cakmak-kiralik/daire/10374-3862","1 / 31","40.000","07/09/2026","Kolej Ofis Gay.Full Eşyalı Jeotermalli Kiralık Ara Kat Daire","Kiralık Daire","3 + 1","130 m²","30 Yaşında","·","Kat","3. Kat","İzmir / Balçova / Fevzi Çakmak Mah.","https://www.hepsiemlak.com/_nuxt/8cafc93fb5c74c75e9e04e528e02ccdf.jpg","","WhatsApp",""
"https://www.hepsiemlak.com/izmir-cesme-alacati-kiralik/villa/97475-706","1 / 26","350.000","07/09/2026","Alaçatı Hacımemişte Müstakil Havuzlu Bahçeli 3+1 Kiralık Villa","Kiralık Villa","3 + 1","130 m²","6 Yaşında","·","Kat","","İzmir / Çeşme / Alaçatı Mah.","https://www.hepsiemlak.com/_nuxt/8cafc93fb5c74c75e9e04e528e02ccdf.jpg","Coldwell Banker Kalem","WhatsApp","https://www.hepsiemlak.com/_nuxt/8cafc93fb5c74c75e9e04e528e02ccdf.jpg"
"https://www.hepsiemlak.com/izmir-menderes-cuneytbey-kiralik/daire/68322-560","1 / 26","25.000","09/09/2026","Bal Gayrimenkul-Cüneytbeyde Temiz Balkonlu Asansörlü 2+1 Daire","Kiralık Daire","1 + 1","70 m²","5 Yaşında","·","Kat","2. Kat","İzmir / Menderes / Cüneytbey Mah.","https://www.hepsiemlak.com/_nuxt/8cafc93fb5c74c75e9e04e528e02ccdf.jpg","Bal Gayrimenkul & İnşaat","WhatsApp","https://www.hepsiemlak.com/_nuxt/8cafc93fb5c74c75e9e04e528e02ccdf.jpg"
"https://www.hepsiemlak.com/izmir-aliaga-yeni-kiralik/daire/48858-517","1 / 34","30.000","08/09/2026","Yeni Mahallede 3+1 Doğalgazlı Kiralık Daire","Kiralık Daire","3 + 1","125 m²","21 Yaşında","·","Kat","1. Kat","İzmir / Aliağa / Yeni Mah.","https://www.hepsiemlak.com/_nuxt/8cafc93fb5c74c75e9e04e528e02ccdf.jpg","","WhatsApp",""
"https://www.hepsiemlak.com/izmir-karsiyaka-yali-kiralik/daire/141008-384","1 / 28","33.000","08/09/2026","Karşıyaka Yalı Mah. Kısmi Eşyalı 3+1 Çift Balkonlu Doğalgazlı","Kiralık Daire","3 + 1","110 m²","26 Yaşında","·","Kat","3. Kat","İzmir / Karşıyaka / Yalı Mah.","https://www.hepsiemlak.com/_nuxt/8cafc93fb5c74c75e9e04e528e02ccdf.jpg","Han Gayrimenkul","WhatsApp","https://www.hepsiemlak.com/_nuxt/8cafc93fb5c74c75e9e04e528e02ccdf.jpg"
"https://www.hepsiemlak.com/izmir-konak-alsancak-kiralik/daire/137715-346","1 / 19","40.000","09/09/2026","Alsancak Mahmut Esat Bozkurt'ta Kombili Eşyalı 2+1 Kiralık Daire","Kiralık Daire","2 + 1","75 m²","26 Yaşında","·","Kat","2. Kat","İzmir / Konak / Alsancak Mah.","https://www.hepsiemlak.com/_nuxt/8cafc93fb5c74c75e9e04e528e02ccdf.jpg","Nazmi Gelen Gayrimenkul","WhatsApp",""
"https://www.hepsiemlak.com/izmir-konak-alsancak-kiralik/daire/110710-246","1 / 22","62.000","08/09/2026","Fora'dan Merkezi Konumda 3+1 Eşyalı Kiralık!","Kiralık Daire","3 + 1","145 m²","31 Yaşında","·","Kat","3. Kat","İzmir / Konak / Alsancak Mah.","https://www.hepsiemlak.com/_nuxt/8cafc93fb5c74c75e9e04e528e02ccdf.jpg","Fora Gayrimenkul","WhatsApp","https://www.hepsiemlak.com/_nuxt/8cafc93fb5c74c75e9e04e528e02ccdf.jpg"
"https://www.hepsiemlak.com/izmir-karsiyaka-semikler-kiralik/daire/156747-532","1 / 29","31.000","09/09/2026","Şemikler Okyanus Kolejine Yakın Geniş Bahçeli 2+1 Kiralık Daire","Kiralık Daire","3 + 1","130 m²","26 Yaşında","·","Kat","Giriş Katı","İzmir / Karşıyaka / Şemikler Mah.","https://www.hepsiemlak.com/_nuxt/8cafc93fb5c74c75e9e04e528e02ccdf.jpg","Armada Gayrimenkul","WhatsApp","https://www.hepsiemlak.com/_nuxt/8cafc93fb5c74c75e9e04e528e02ccdf.jpg"
"https://www.hepsiemlak.com/izmir-menemen-inonu-kiralik/daire/166226-35","1 / 20","20.000","07/09/2026","Bakırçay Hazırlık Binasına Yürüme Mesafesi Eşyalı Daire","Kiralık Daire","1 + 1","50 m²","6 Yaşında","·","Kat","3. Kat","İzmir / Menemen / İnönü Mah.","","","WhatsApp",""
"https://www.hepsiemlak.com/izmir-selcuk-zafer-kiralik/daire/167546-98","1 / 19","25.000","07/09/2026","Selçuk 14 Mayıs Mahallesi Üniversiteye Çok Yakın Full Eşyalı 1+1 Kiralık Daire","Kiralık Daire","1 + 1","55 m²","8 Yaşında","·","Kat","Yüksek Giriş","İzmir / Selçuk / Zafer Mah.","https://hecdnnw.hemlak.com/mncropresize/77/67/logo/6/4/5/7/6/1/acb112e3-154e-4df5-9d52-67769cca9915.jpg","Nc Selçuk Emlak","WhatsApp",""
"https://www.hepsiemlak.com/izmir-karsiyaka-bostanli-kiralik/daire/152002-716","1 / 32","30.000","07/09/2026","Bostanlı'da Girne Cd. 25 M. Bakımlı 2+1 Ara Kat Kiralık Daire","Kiralık Daire","2 + 1","95 m²","26 Yaşında","·","Kat","3. Kat","İzmir / Karşıyaka / Bostanlı Mah.","https://hecdnnw.hemlak.com/mncropresize/77/67/logo/2/0/0/2/5/1/dfcf1f9b-2798-451a-b54f-026bc64b090f.jpg","Startkey Astra","WhatsApp","https://www.hepsiemlak.com/_nuxt/img/no-image-user.6f6a83e.svg"
"https://www.hepsiemlak.com/izmir-seferihisar-camikebir-kiralik/daire/147626-133","1 / 21","30.000","07/09/2026","Seferihisar Camikebir'de Kapalı Mutfaklı Satılık 3+1 Daire","Kiralık Daire","3 + 1","120 m²","26 Yaşında","·","Kat","2. Kat","İzmir / Seferihisar / Camikebir Mah.","https://hecdn01.hemlak.com/mncropresize/182/137/ds01/3/8/7/6/5/2/7/4/7c10e49bae876460e68f8b6c41ad1d4e68ef865c9bb2ac8559b05177706a364b77855a0a53fdf9fe09b26e4edd2eed67.jpg","Daçe Gayrimenkul","WhatsApp","https://hecdnnw.hemlak.com/mncropresize/77/67/logo/6/2/6/7/4/1/2e705c9c-3081-400e-885d-eafc1ed51178.jpg"
"https://www.hepsiemlak.com/izmir-urla-kalabak-kiralik/villa/94026-1931","1 / 35","115.000","05/09/2026","Urla'da 7/24güvenlikli Çamlıbel Sitesinde Kiralık Müstakil Villa","Kiralık Villa","4 + 2","450 m²","11 Yaşında","·","Kat","","İzmir / Urla / Kalabak Mah.","https://www.hepsiemlak.com/_nuxt/8cafc93fb5c74c75e9e04e528e02ccdf.jpg","Klazomenai Urla Emlak","WhatsApp","https://www.hepsiemlak.com/_nuxt/8cafc93fb5c74c75e9e04e528e02ccdf.jpg"
"https://www.hepsiemlak.com/izmir-torbali-inonu-kiralik/daire/159303-300","1 / 25","21.000","04/09/2026","Ayrancılar İnönü Mahallesi'nde Bahçeli 2+1 Kiralık Daire","Kiralık Daire","2 + 1","100 m²","6 Yaşında","·","Kat","Yüksek Giriş","İzmir / Torbalı / İnönü Mah.","https://www.hepsiemlak.com/_nuxt/8cafc93fb5c74c75e9e04e528e02ccdf.jpg","","WhatsApp",""
"https://www.hepsiemlak.com/izmir-karabaglar-basin-sitesi-kiralik/daire/161256-177","1 / 26","34.000","09/09/2026","Basın Sitesi 160m2 3+1 Kapalı Mutfak Çift Balkon Kiralık Daire","Kiralık Daire","3 + 1","165 m²","26 Yaşında","·","Kat","3. Kat","İzmir / Karabağlar / Basın Sitesi Mah.","https://www.hepsiemlak.com/_nuxt/8cafc93fb5c74c75e9e04e528e02ccdf.jpg","","WhatsApp",""
"https://www.hepsiemlak.com/izmir-karabaglar-sehitler-kiralik/daire/163369-152","1 / 22","21.000","04/09/2026","Karabağlar Şehitler Mahallesi’nde Teraslı, Manzaralı Ve Full Tadilatlı 2+1","Kiralık Daire","2 + 1","120 m²","35 Yaşında","·","Kat","3. Kat","İzmir / Karabağlar / Şehitler Mah.","https://www.hepsiemlak.com/_nuxt/8cafc93fb5c74c75e9e04e528e02ccdf.jpg","Karahan Gayrimenkul","WhatsApp","https://www.hepsiemlak.com/_nuxt/8cafc93fb5c74c75e9e04e528e02ccdf.jpg"
"https://www.hepsiemlak.com/izmir-bornova-kosukavak-kiralik/daire/165005-128","1 / 19","32.000","03/09/2026","Yeni Tadilatlı 3+1 130m2 Kiralık Daire","Kiralık Daire","3 + 1","130 m²","21 Yaşında","·","Kat","3. Kat","İzmir / Bornova / Koşukavak Mah.","https://www.hepsiemlak.com/_nuxt/8cafc93fb5c74c75e9e04e528e02ccdf.jpg","Kw Efe Takım","WhatsApp","https://www.hepsiemlak.com/img/loadings/noImage55-55.png"
"https://www.hepsiemlak.com/izmir-torbali-bahcelievler-kiralik/daire/142512-721","1 / 19","27.500","09/09/2026","Torbalı Bahçelievler Gardenya 1 Sitesinde Kiralık 2+1 Daire","Kiralık Daire","2 + 1","107 m²","6 Yaşında","·","Kat","1. Kat","İzmir / Torbalı / Bahçelievler Mah.","https://www.hepsiemlak.com/_nuxt/8cafc93fb5c74c75e9e04e528e02ccdf.jpg","Global World Nota","WhatsApp","https://www.hepsiemlak.com/_nuxt/8cafc93fb5c74c75e9e04e528e02ccdf.jpg"
"https://www.hepsiemlak.com/izmir-buca-adatepe-kiralik/daire/171254-15","1 / 25","23.000","08/09/2026","Hasanağa Parkına Yakın 1+1 Geniş Ve Balkonlu Sıfır Eşyalı","Kiralık Daire","1 + 1","60 m²","5 Yaşında","·","Kat","Yüksek Giriş","İzmir / Buca / Adatepe Mah.","https://www.hepsiemlak.com/_nuxt/8cafc93fb5c74c75e9e04e528e02ccdf.jpg","Ales Yapı Gayrimenkul","WhatsApp","https://www.hepsiemlak.com/_nuxt/8cafc93fb5c74c75e9e04e528e02ccdf.jpg"
"https://www.hepsiemlak.com/izmir-konak-cankaya-kiralik/daire/119170-244","1 / 29","35.000","08/09/2026","Hatay Metro Girişinde Eşyalı 2+1 Daire Dairecadde Üzeri","Kiralık Daire","2 + 1","95 m²","31 Yaşında","·","Kat","Yarı Bodrum","İzmir / Konak / Çankaya Mah.","https://www.hepsiemlak.com/_nuxt/8cafc93fb5c74c75e9e04e528e02ccdf.jpg","Ata Gayrimenkul İzmir Hatay","WhatsApp","https://www.hepsiemlak.com/_nuxt/8cafc93fb5c74c75e9e04e528e02ccdf.jpg"
"https://www.hepsiemlak.com/izmir-karabaglar-reis-kiralik/daire/136408-671","1 / 60","25.000","10/09/2026","Kumsalım Emlak Dan Uluönder Caddesinde Asansörlü Köşe Daire","Kiralık Daire","3 + 1","110 m²","30 Yaşında","·","Kat","5. Kat","İzmir / Karabağlar / Reis Mah.","https://www.hepsiemlak.com/_nuxt/8cafc93fb5c74c75e9e04e528e02ccdf.jpg","","WhatsApp",""
"https://www.hepsiemlak.com/izmir-konak-atilla-kiralik/daire/139699-276","1 / 35","23.000","06/09/2026","Atilla Mahallesinde Kiralık 2+1 Daire","Kiralık Daire","2 + 1","85 m²","26 Yaşında","·","Kat","2. Kat","İzmir / Konak / Atilla Mah.","https://www.hepsiemlak.com/_nuxt/8cafc93fb5c74c75e9e04e528e02ccdf.jpg","","WhatsApp",""
"https://www.hepsiemlak.com/izmir-balcova-koruturk-kiralik/daire/162895-25","1 / 45","45.000","03/09/2026","Öğrenciye Eşyalı Kiralık Daire","Kiralık Daire","3 + 1","130 m²","21 Yaşında","·","Kat","Yarı Bodrum","İzmir / Balçova / Korutürk Mah.","https://www.hepsiemlak.com/_nuxt/8cafc93fb5c74c75e9e04e528e02ccdf.jpg","","WhatsApp",""
"https://www.hepsiemlak.com/izmir-cigli-ugur-mumcu-kiralik/daire/142177-474","1 / 29","28.000","09/09/2026","Çiğli Harmandalı Kalevita Sitesi Balkonlu Kiralık 1+1 Daire","Kiralık Daire","1 + 1","50 m²","Sıfır Bina","·","Kat","7. Kat","İzmir / Çiğli / Uğur Mumcu Mah.","https://www.hepsiemlak.com/_nuxt/8cafc93fb5c74c75e9e04e528e02ccdf.jpg","Startkey Corner","WhatsApp","https://www.hepsiemlak.com/_nuxt/8cafc93fb5c74c75e9e04e528e02ccdf.jpg"
"https://www.hepsiemlak.com/izmir-bayrakli-fuat-edip-baksi-kiralik/daire/142409-123","1 / 18","22.000","04/09/2026","Bayraklı 2+1 Kiralık Daire Merkezde | Sahile Yürüme Mesafesi","Kiralık Daire","2 + 1","90 m²","31 Yaşında","·","Kat","3. Kat","İzmir / Bayraklı / Fuat Edip Baksı Mah.","https://www.hepsiemlak.com/_nuxt/8cafc93fb5c74c75e9e04e528e02ccdf.jpg","","WhatsApp",""
"https://www.hepsiemlak.com/izmir-bayrakli-yamanlar-kiralik/daire/165162-30","1 / 15","25.000","05/09/2026","Yamanlarda Geniş (110 M2) 2+1 Kiralık Daire","Kiralık Daire","2 + 1","120 m²","26 Yaşında","·","Kat","2. Kat","İzmir / Bayraklı / Yamanlar Mah.","https://www.hepsiemlak.com/_nuxt/8cafc93fb5c74c75e9e04e528e02ccdf.jpg","","WhatsApp",""
"https://www.hepsiemlak.com/izmir-karabaglar-sevgi-kiralik/daire/140060-1725","1 / 60","17.000","10/09/2026","Akalından 2+1 Bahçem Cafe Yakını Bakımlı Kiralık Daire","Kiralık Daire","2 + 1","90 m²","35 Yaşında","·","Kat","Zemin","İzmir / Karabağlar / Sevgi Mah.","https://www.hepsiemlak.com/_nuxt/8cafc93fb5c74c75e9e04e528e02ccdf.jpg","Akalın İnşaat Gayrimenkul","WhatsApp","https://www.hepsiemlak.com/_nuxt/8cafc93fb5c74c75e9e04e528e02ccdf.jpg"
"https://www.hepsiemlak.com/izmir-bornova-mevlana-kiralik/daire/117461-5218","1 / 12","27.500","05/09/2026","Ege Ü.Kampüsü Arkasında Full Eşyalı Kiralık Daire","Kiralık Daire","1 + 1","50 m²","13 Yaşında","·","Kat","1. Kat","İzmir / Bornova / Mevlana Mah.","https://www.hepsiemlak.com/_nuxt/8cafc93fb5c74c75e9e04e528e02ccdf.jpg","","WhatsApp",""
"https://www.hepsiemlak.com/izmir-narlidere-huzur-kiralik/daire/15771-1477","1 / 26","55.000","10/09/2026","Huzur Mahallesinde Kiralık Bakımlı Tadilatlı Daire","Kiralık Daire","2 + 1","110 m²","31 Yaşında","·","Kat","6. Kat","İzmir / Narlıdere / Huzur Mah.","https://www.hepsiemlak.com/_nuxt/8cafc93fb5c74c75e9e04e528e02ccdf.jpg","","WhatsApp",""
"https://www.hepsiemlak.com/izmir-bornova-kizilay-kiralik/daire/156400-74","1 / 11","19.500","09/09/2026","Öğrenciye Uygun Kiralık Full Eşyalı Daire..","Kiralık Daire","1 + 1","40 m²","15 Yaşında","·","Kat","En Üst Kat","İzmir / Bornova / Kızılay Mah.","https://www.hepsiemlak.com/_nuxt/8cafc93fb5c74c75e9e04e528e02ccdf.jpg","","WhatsApp",""
"https://www.hepsiemlak.com/izmir-bornova-kazimdirik-kiralik/daire/170839-15","1 / 11","25.000","09/09/2026","Küçükpark Civarı 1+1 Merkezi Konumda","Kiralık Daire","1 + 1","50 m²","40 Yaşında","·","Kat","2. Kat","İzmir / Bornova / Kazımdirik Mah.","https://www.hepsiemlak.com/_nuxt/8cafc93fb5c74c75e9e04e528e02ccdf.jpg","","WhatsApp",""
"https://www.hepsiemlak.com/izmir-bornova-ergene-kiralik/daire/60930-3094","1 / 29","35.000","09/09/2026","Sabri Cengiz Emlak Bornova Merkez Ergene Mah Kiralık Daire 3+1","Kiralık Daire","3 + 0","130 m²","21 Yaşında","·","Kat","6. Kat","İzmir / Bornova / Ergene Mah.","https://www.hepsiemlak.com/_nuxt/8cafc93fb5c74c75e9e04e528e02ccdf.jpg","","WhatsApp",""
"https://www.hepsiemlak.com/izmir-odemis-anafartalar-kiralik/daire/112460-810","1 / 34","15.000","09/09/2026","Beyaz Emlak Tan Salı Pazarı Mevkii 2.Kat 3+1 Daire Kiralik.","Kiralık Daire","3 + 1","140 m²","25 Yaşında","·","Kat","2. Kat","İzmir / Ödemiş / Anafartalar Mah.","","","WhatsApp",""
"https://www.hepsiemlak.com/izmir-cigli-yeni-mahalle-kiralik/daire/30707-4415","1 / 17","30.000","08/09/2026","Kahandan Çiğli Yenimahallede Kiralık 2+1 Dubleks Daire","Kiralık Daire","2 + 1","100 m²","3 Yaşında","·","Kat","2. Kat","İzmir / Çiğli / Yeni Mahalle Mah.","","","WhatsApp",""
"https://www.hepsiemlak.com/izmir-cigli-balatcik-kiralik/daire/106987-737","1 / 11","29.000","09/09/2026","İkçü Yakını 1+1 Lüks Eşyalı Kiralık Daire","Kiralık Daire","1 + 1","55 m²","4 Yaşında","·","Kat","En Üst Kat","İzmir / Çiğli / Balatçık Mah.","https://hecdnnw.hemlak.com/mncropresize/77/67/logo/7/8/9/6/0/1/231bbcb7-c394-4bdc-828f-f3da1c944316.jpg","Kamusal Gayrimenkul","WhatsApp",""
"https://www.hepsiemlak.com/izmir-karabaglar-bahcelievler-kiralik/daire/124964-2239","1 / 25","33.000","09/09/2026","Üçyol Metroya Yakın 4 + 1 Kiralık Daire","Kiralık Daire","4 + 1","160 m²","31 Yaşında","·","Kat","2. Kat","İzmir / Karabağlar / Bahçelievler Mah.","https://hecdn01.hemlak.com/mncropresize/182/137/ds01/7/9/3/4/7/2/7/4/1788974447-711465-47274397.jpeg","Azm Emlak","WhatsApp","https://hecdnnw.hemlak.com/mncropresize/77/67/logo/4/6/9/4/2/1/7092a18c-d962-465b-a7a7-8609b7e91bf3.jpg"
"https://www.hepsiemlak.com/izmir-karabaglar-basin-sitesi-kiralik/daire/10160-3481","1 / 28","50.000","09/09/2026","Basınsitesi 173/5 Sk Otoparklı-Mrkz D.Gazlı 4+1 Çift Banyo Köşe","Kiralık Daire","4 + 1","150 m²","21 Yaşında","·","Kat","6. Kat","İzmir / Karabağlar / Basın Sitesi Mah.","https://www.hepsiemlak.com/_nuxt/8cafc93fb5c74c75e9e04e528e02ccdf.jpg","Güzelyalı Emlak","WhatsApp","https://www.hepsiemlak.com/_nuxt/8cafc93fb5c74c75e9e04e528e02ccdf.jpg"
"https://www.hepsiemlak.com/izmir-buca-kurucesme-kiralik/daire/41692-1279","1 / 19","23.000","09/09/2026","🏡 Buca'da 9 Eylül Üniversitesi'ne Yakın Full Eşyalı 1+1 Kiralık Daire","Kiralık Daire","1 + 1","55 m²","7 Yaşında","·","Kat","1. Kat","İzmir / Buca / Kuruçeşme Mah.","https://www.hepsiemlak.com/_nuxt/8cafc93fb5c74c75e9e04e528e02ccdf.jpg","","WhatsApp",""
"https://www.hepsiemlak.com/izmir-karsiyaka-dedebasi-kiralik/daire/57038-2039","1 / 33","26.000","08/09/2026","Karşıyaka Nergiz'de Kiralık 3+1 Doğalgazlı Daire","Kiralık Daire","3 + 1","130 m²","26 Yaşında","·","Kat","4. Kat","İzmir / Karşıyaka / Dedebaşı Mah.","https://www.hepsiemlak.com/_nuxt/8cafc93fb5c74c75e9e04e528e02ccdf.jpg","","WhatsApp",""
"https://www.hepsiemlak.com/izmir-konak-alsancak-kiralik/daire/37033-4107","1 / 27","60.000","08/09/2026","Fırsat Alsancak Talatpaşa Cad Yakını Otoparklı Mobilyalı 3+1 Full Tadilatlı Yeni Eşyalı  Lüks Daire","Kiralık Daire","3 + 1","170 m²","25 Yaşında","·","Kat","4. Kat","İzmir / Konak / Alsancak Mah.","https://www.hepsiemlak.com/_nuxt/8cafc93fb5c74c75e9e04e528e02ccdf.jpg","Demet Emlak","WhatsApp","https://www.hepsiemlak.com/_nuxt/8cafc93fb5c74c75e9e04e528e02ccdf.jpg"
"https://www.hepsiemlak.com/izmir-buca-baris-kiralik/daire/32694-804","1 / 18","25.000","07/09/2026","Şirinyer Menderes Cad.3+1 Doğal Gazlı Kiralık Daire","Kiralık Daire","3 + 1","130 m²","29 Yaşında","·","Kat","5. Kat","İzmir / Buca / Barış Mah.","https://www.hepsiemlak.com/_nuxt/8cafc93fb5c74c75e9e04e528e02ccdf.jpg","","WhatsApp",""
"https://www.hepsiemlak.com/izmir-konak-kultur-kiralik/daire/4981-8612","1 / 32","60.000","07/09/2026","Alsancak Rektorluk Yakini 3 Oda Salon Daire","Kiralık Daire","3 + 1","135 m²","48 Yaşında","·","Kat","3. Kat","İzmir / Konak / Kültür Mah.","https://www.hepsiemlak.com/_nuxt/8cafc93fb5c74c75e9e04e528e02ccdf.jpg","Turyap Alsancak Temsilciliği","WhatsApp","https://www.hepsiemlak.com/_nuxt/8cafc93fb5c74c75e9e04e528e02ccdf.jpg"
"https://www.hepsiemlak.com/izmir-konak-kemal-reis-kiralik/daire/30787-1858","1 / 20","21.000","08/09/2026","Üçyol Metro Yakını 269 Sokakta 2+1 Arakat Kiralık Daire","Kiralık Daire","1 + 1","80 m²","44 Yaşında","·","Kat","Ara Kat","İzmir / Konak / Kemal Reis Mah.","https://www.hepsiemlak.com/_nuxt/8cafc93fb5c74c75e9e04e528e02ccdf.jpg","","WhatsApp",""
"https://www.hepsiemlak.com/izmir-tire-ibni-melek-kiralik/daire/162188-82","1 / 10","21.000","07/09/2026","Dilek Emlak'tan Sıfır Kiralık 2+1 Daire","Kiralık Daire","2 + 1","70 m²","Sıfır Bina","·","Kat","1. Kat","İzmir / Tire / İbni Melek Mah.","https://www.hepsiemlak.com/_nuxt/8cafc93fb5c74c75e9e04e528e02ccdf.jpg","Dilek Emlak Gayrimenkul Danışmanlığı","WhatsApp","https://www.hepsiemlak.com/_nuxt/8cafc93fb5c74c75e9e04e528e02ccdf.jpg"
"https://www.hepsiemlak.com/izmir-karabaglar-maliyeciler-kiralik/daire/43854-984","1 / 23","50.000","07/09/2026","Maliyeciler'de 3+1 120 M2 Full Eşyalı Doğalgazlı Kiralık Daire","Kiralık Daire","3 + 1","125 m²","21 Yaşında","·","Kat","Yüksek Giriş","İzmir / Karabağlar / Maliyeciler Mah.","https://www.hepsiemlak.com/_nuxt/8cafc93fb5c74c75e9e04e528e02ccdf.jpg","","WhatsApp",""
"https://www.hepsiemlak.com/izmir-karabaglar-bahcelievler-kiralik/daire/43452-894","1 / 23","28.500","07/09/2026","Bahçelievler De 3+1, Caddeye 1 Dk Doğalgazlı Geniş Daire","Kiralık Daire","3 + 1","130 m²","27 Yaşında","·","Kat","2. Kat","İzmir / Karabağlar / Bahçelievler Mah.","https://www.hepsiemlak.com/_nuxt/8cafc93fb5c74c75e9e04e528e02ccdf.jpg","Sannora Emlak","WhatsApp",""
"https://www.hepsiemlak.com/izmir-narlidere-camtepe-kiralik/daire/110036-669","1 / 23","36.000","08/09/2026","Ünüvar Emlaktan Dokuz Eylül Hastanesi Yakını 3+1 Kiralık Daire...","Kiralık Daire","3 + 1","110 m²","30 Yaşında","·","Kat","Yüksek Giriş","İzmir / Narlıdere / Çamtepe Mah.","https://www.hepsiemlak.com/_nuxt/8cafc93fb5c74c75e9e04e528e02ccdf.jpg","","WhatsApp",""
"https://www.hepsiemlak.com/izmir-torbali-alpkent-kiralik/daire/78224-2560","1 / 26","29.000","03/09/2026","Sıfır Bir Dairenin İlk Sakini Siz Olun!","Kiralık Daire","2 + 1","75 m²","Sıfır Bina","·","Kat","3. Kat","İzmir / Torbalı / Alpkent Mah.","https://www.hepsiemlak.com/_nuxt/8cafc93fb5c74c75e9e04e528e02ccdf.jpg","Startkey Evka3 Gayrimenkul","WhatsApp","https://www.hepsiemlak.com/_nuxt/8cafc93fb5c74c75e9e04e528e02ccdf.jpg"
"https://www.hepsiemlak.com/izmir-buca-akincilar-kiralik/daire/21865-5303","1 / 17","40.000","04/09/2026","Aktifler'den Şirinyer Nato Yakını 3+1 Komple Eşyalı Köşe Daire Koşu İzban İstasyonu Yakınında","Kiralık Daire","3 + 1","165 m²","15 Yaşında","·","Kat","2. Kat","İzmir / Buca / Akıncılar Mah.","https://www.hepsiemlak.com/_nuxt/8cafc93fb5c74c75e9e04e528e02ccdf.jpg","Aktifler Emlak & Real Estates Turkey","WhatsApp","https://www.hepsiemlak.com/_nuxt/8cafc93fb5c74c75e9e04e528e02ccdf.jpg"
"https://www.hepsiemlak.com/izmir-karsiyaka-goncalar-kiralik/daire/40322-3561","1 / 17","45.000","07/09/2026","Dedebaşı Ordu Bulvarı Cepheli  3+1 150 M2 Asansörlü Doğalgazlı Kiralık Daire","Kiralık Daire","3 + 1","150 m²","25 Yaşında","·","Kat","5. Kat","İzmir / Karşıyaka / Goncalar Mah.","https://www.hepsiemlak.com/_nuxt/8cafc93fb5c74c75e9e04e528e02ccdf.jpg","","WhatsApp",""
"https://www.hepsiemlak.com/izmir-bornova-kazimdirik-kiralik/daire/162799-284","1 / 57","35.000","09/09/2026","Trademark Pı Sitesinde Eşyasız Kuzey Cephe Daire","Kiralık Daire","1 + 1","60 m²","2 Yaşında","·","Kat","7. Kat","İzmir / Bornova / Kazımdirik Mah.","https://www.hepsiemlak.com/_nuxt/8cafc93fb5c74c75e9e04e528e02ccdf.jpg","Tm Gayrimenkul","WhatsApp","https://www.hepsiemlak.com/_nuxt/8cafc93fb5c74c75e9e04e528e02ccdf.jpg"
"https://www.hepsiemlak.com/izmir-bornova-kazimdirik-kiralik/daire/119895-4152","1 / 38","32.000","07/09/2026","Bornova Gümüş Vivora Sitesi'nde Kiralık 1+0 Eşyalı Stüdyo Daire","Kiralık Daire","Stüdyo","45 m²","3 Yaşında","·","Kat","1. Kat","İzmir / Bornova / Kazımdirik Mah.","https://www.hepsiemlak.com/_nuxt/8cafc93fb5c74c75e9e04e528e02ccdf.jpg","Kw Alesta-viya-orsa 3","WhatsApp","https://www.hepsiemlak.com/_nuxt/8cafc93fb5c74c75e9e04e528e02ccdf.jpg"
"https://www.hepsiemlak.com/izmir-bornova-yesilova-kiralik/daire/141959-705","1 / 17","40.000","03/09/2026","Point Residence Kiralık Eşyalı 26. Kat Deniz Cephe 1+1 Daire","Kiralık Daire","1 + 1","65 m²","Sıfır Bina","·","Kat","21 ve üzeri","İzmir / Bornova / Yeşilova Mah.","https://www.hepsiemlak.com/_nuxt/8cafc93fb5c74c75e9e04e528e02ccdf.jpg","Remax Jolly","WhatsApp","https://www.hepsiemlak.com/_nuxt/8cafc93fb5c74c75e9e04e528e02ccdf.jpg"
"https://www.hepsiemlak.com/izmir-karsiyaka-inonu-kiralik/daire/133061-1217","1 / 40","27.000","07/09/2026","Soyak Siesta4 Blue Kiralık 1+1 Ankastreli Daire","Kiralık Daire","1 + 1","50 m²","6 Yaşında","·","Kat","5. Kat","İzmir / Karşıyaka / İnönü Mah.","https://www.hepsiemlak.com/_nuxt/8cafc93fb5c74c75e9e04e528e02ccdf.jpg","Spıca Gayrimenkul","WhatsApp","https://www.hepsiemlak.com/_nuxt/8cafc93fb5c74c75e9e04e528e02ccdf.jpg"
"https://www.hepsiemlak.com/izmir-karsiyaka-imbatli-kiralik/daire/140182-537","1 / 48","57.000","08/09/2026","Karşıyaka Medical Poınt Yanında, Eşyalı 2+1 Kiralık Daire","Kiralık Daire","2 + 1","90 m²","5 Yaşında","·","Kat","8. Kat","İzmir / Karşıyaka / İmbatlı Mah.","https://www.hepsiemlak.com/_nuxt/8cafc93fb5c74c75e9e04e528e02ccdf.jpg","Coldwell Banker Motto","WhatsApp","https://www.hepsiemlak.com/_nuxt/8cafc93fb5c74c75e9e04e528e02ccdf.jpg"
"https://www.hepsiemlak.com/izmir-gaziemir-irmak-kiralik/daire/142245-548","1 / 35","90.000","09/09/2026","Gaziemir Irmak Mahallesinde Kiralık Lüks 3+1 Daire","Kiralık Daire","3 + 1","160 m²","Sıfır Bina","·","Kat","Yüksek Giriş","İzmir / Gaziemir / Irmak Mah.","https://www.hepsiemlak.com/_nuxt/8cafc93fb5c74c75e9e04e528e02ccdf.jpg","Kayıkhane Gayrimenkul","WhatsApp","https://www.hepsiemlak.com/_nuxt/8cafc93fb5c74c75e9e04e528e02ccdf.jpg"
"https://www.hepsiemlak.com/izmir-cesme-musalla-kiralik/villa/97475-696","1 / 25","120.000","07/09/2026","Çeşme Merkez'de Müstakil Bahçe Ve Havuzlu 4+1 Kiralık Villa / En","Kiralık Villa","4 + 1","120 m²","4 Yaşında","·","Kat","","İzmir / Çeşme / Musalla Mah.","https://hecdnnw.hemlak.com/mncropresize/77/67/logo/5/7/4/7/9/0/895ebcbe-70df-4a66-864b-78edc81823ef.jpg","Coldwell Banker Kalem","WhatsApp",""
"https://www.hepsiemlak.com/izmir-foca-fevzipasa-kiralik/daire/147140-845","1 / 11","36.000","08/09/2026","Eski Foça Merkezde 2+1 Kiralık Eşyalı Daire","Kiralık Daire","2 + 1","85 m²","21 Yaşında","·","Kat","2. Kat","İzmir / Foça / Fevzipaşa Mah.","https://hecdnnw.hemlak.com/mncropresize/77/67/logo/0/4/1/7/4/1/1f23456b-9b12-444d-b65f-6c011d99a0ae.jpg","Turpa Enerji","WhatsApp",""
"https://www.hepsiemlak.com/izmir-bornova-erzene-kiralik/daire/60930-3061","1 / 29","35.000","09/09/2026","Sabri Cengiz Emlak Bornova Atadurağı Yakını Kiralık Daire 3+1","Kiralık Daire","3 + 1","140 m²","20 Yaşında","·","Kat","7. Kat","İzmir / Bornova / Erzene Mah.","","","WhatsApp",""
"https://www.hepsiemlak.com/izmir-menderes-cukuralti-kiralik/daire/27947-7523","1 / 34","80.000","07/09/2026","Denize Sıfır  3+1 Eşyalı Mobilyalı","Kiralık Daire","3 + 1","140 m²","35 Yaşında","·","Kat","2. Kat","İzmir / Menderes / Çukuraltı Mah.","https://hecdn01.hemlak.com/mncropresize/182/137/ds01/5/3/1/6/4/6/6/4/465abe34-9b22-4083-b6c9-05d88b8c9361.jpg","Arena Gayrimenkul","WhatsApp","https://hecdnnw.hemlak.com/mncropresize/77/67/logo/7/4/9/7/2/0/c6faa483-a7d7-44bc-a470-58bf041cd8ac.jpg"
"https://www.hepsiemlak.com/izmir-karsiyaka-bahcelievler-kiralik/daire/99733-232","1 / 17","25.000","09/09/2026","Karşıyaka 3+1 3 Balkonlu Kiralık Daire Naldöken Metroya Sadece 3 Dakika Yürüme Mesafesinde","Kiralık Daire","3 + 1","160 m²","30 Yaşında","·","Kat","4. Kat","İzmir / Karşıyaka / Bahçelievler Mah.","https://www.hepsiemlak.com/_nuxt/8cafc93fb5c74c75e9e04e528e02ccdf.jpg","","WhatsApp",""
"https://www.hepsiemlak.com/izmir-karabaglar-esenyali-kiralik/daire/124220-610","1 / 25","37.000","09/09/2026","Poligon Metro'ya Yakın, Geniş Balkonlu, Ferah, Son Kat, 3+1","Kiralık Daire","3 + 1","110 m²","27 Yaşında","·","Kat","4. Kat","İzmir / Karabağlar / Esenyalı Mah.","https://www.hepsiemlak.com/_nuxt/8cafc93fb5c74c75e9e04e528e02ccdf.jpg","","WhatsApp",""
"https://www.hepsiemlak.com/izmir-buca-ataturk-kiralik/daire/145638-135","1 / 12","36.000","07/09/2026","Tınaztepe Kampüs Karşısı Site İçi 3+1 Ara Kat Full Eşyalı Asansörlü Daire","Kiralık Daire","3 + 1","135 m²","25 Yaşında","·","Kat","8. Kat","İzmir / Buca / Atatürk Mah.","https://www.hepsiemlak.com/_nuxt/8cafc93fb5c74c75e9e04e528e02ccdf.jpg","Dsy Gayrimenkul","WhatsApp","https://www.hepsiemlak.com/_nuxt/8cafc93fb5c74c75e9e04e528e02ccdf.jpg"
"https://www.hepsiemlak.com/izmir-konak-goztepe-kiralik/daire/10160-3461","1 / 28","90.000","09/09/2026","Göztepe Merkezde 3 Ve 4.Kat Birleşimi Dubleks Yalı Dairesi 5+1","Kiralık Daire","5 + 1","210 m²","31 Yaşında","·","Kat","3. Kat","İzmir / Konak / Göztepe Mah.","https://www.hepsiemlak.com/_nuxt/8cafc93fb5c74c75e9e04e528e02ccdf.jpg","Güzelyalı Emlak","WhatsApp","https://www.hepsiemlak.com/_nuxt/8cafc93fb5c74c75e9e04e528e02ccdf.jpg"
"https://www.hepsiemlak.com/izmir-urla-zeytinalani-kiralik/daire/34418-2129","1 / 14","35.000","06/09/2026","Zeytinalan Merkezi Konumda Kiralık Doğalgazlı 2+1 Daire","Kiralık Daire","2 + 1","100 m²","16 Yaşında","·","Kat","3. Kat","İzmir / Urla / Zeytinalanı Mah.","https://www.hepsiemlak.com/_nuxt/8cafc93fb5c74c75e9e04e528e02ccdf.jpg","Adres Grup Gayrimenkul","WhatsApp","https://www.hepsiemlak.com/_nuxt/8cafc93fb5c74c75e9e04e528e02ccdf.jpg"
"https://www.hepsiemlak.com/izmir-konak-barbaros-kiralik/daire/74289-114","1 / 14","26.000","04/09/2026","Halilrifatpasa Caddesinde 2+1 Deniz Manzaralı Eşyalı Kiralık Dai","Kiralık Daire","2 + 1","85 m²","31 Yaşında","·","Kat","Yüksek Giriş","İzmir / Konak / Barbaros Mah.","https://www.hepsiemlak.com/_nuxt/8cafc93fb5c74c75e9e04e528e02ccdf.jpg","","WhatsApp",""
"https://www.hepsiemlak.com/izmir-buca-yildiz-kiralik/daire/146551-78","1 / 7","23.000","06/09/2026","Dairemiz Site İçindedir.","Kiralık Daire","1 + 1","45 m²","1 Yaşında","·","Kat","Ara Kat","İzmir / Buca / Yıldız Mah.","https://www.hepsiemlak.com/_nuxt/8cafc93fb5c74c75e9e04e528e02ccdf.jpg","Kızılateş Gayrimenkul","WhatsApp","https://www.hepsiemlak.com/_nuxt/8cafc93fb5c74c75e9e04e528e02ccdf.jpg"
"https://www.hepsiemlak.com/izmir-bornova-kizilay-kiralik/daire/35475-7906","1 / 16","18.000","09/09/2026","Bornovada Kiralık 1+1 Daire Yülsek Giriş","Kiralık Daire","1 + 1","55 m²","6 Yaşında","·","Kat","Yüksek Giriş","İzmir / Bornova / Kızılay Mah.","https://www.hepsiemlak.com/_nuxt/8cafc93fb5c74c75e9e04e528e02ccdf.jpg","Turyap Bayraklı Temsilciliği","WhatsApp","https://www.hepsiemlak.com/_nuxt/8cafc93fb5c74c75e9e04e528e02ccdf.jpg"
"https://www.hepsiemlak.com/izmir-menemen-gazi-mustafa-kemal-kiralik/daire/166226-36","1 / 14","19.000","08/09/2026","Bakırçay Üniversitesi'ne Yürüme Mesafesi Merkezi Konum Eşyalı","Kiralık Daire","1 + 1","48 m²","6 Yaşında","·","Kat","Yüksek Giriş","İzmir / Menemen / Gazi Mustafa Kemal Mah.","https://www.hepsiemlak.com/_nuxt/8cafc93fb5c74c75e9e04e528e02ccdf.jpg","","WhatsApp",""
"https://www.hepsiemlak.com/izmir-buca-kozagac-kiralik/daire/25762-789","1 / 24","30.000","09/09/2026","Buca Seyfi Demirsoy Hastanesine Yürüme Mesafesinde","Kiralık Daire","2 + 1","80 m²","5 Yaşında","·","Kat","Yüksek Giriş","İzmir / Buca / Kozağaç Mah.","https://www.hepsiemlak.com/_nuxt/8cafc93fb5c74c75e9e04e528e02ccdf.jpg","","WhatsApp",""
"https://www.hepsiemlak.com/izmir-cigli-balatcik-kiralik/daire/6141-1421","1 / 24","22.000","08/09/2026","İzmir Çiğli Katip Çelebi Ünv. Yakını Kiralık Sıfır, Köşe Daire","Kiralık Daire","1 + 1","55 m²","Sıfır Bina","·","Kat","2. Kat","İzmir / Çiğli / Balatçık Mah.","https://www.hepsiemlak.com/_nuxt/8cafc93fb5c74c75e9e04e528e02ccdf.jpg","","WhatsApp",""
"https://www.hepsiemlak.com/izmir-karsiyaka-fikri-altay-kiralik/daire/136943-291","1 / 10","28.000","09/09/2026","Fikri Altay Mahallesinde 1+1 Kiralık","Kiralık Daire","1 + 1","60 m²","10 Yaşında","·","Kat","Yüksek Giriş","İzmir / Karşıyaka / Fikri Altay Mah.","https://www.hepsiemlak.com/_nuxt/8cafc93fb5c74c75e9e04e528e02ccdf.jpg","","WhatsApp",""
"https://www.hepsiemlak.com/izmir-bornova-kazimdirik-kiralik/daire/162799-282","1 / 58","42.500","09/09/2026","Trademark Pi Sitesinde En Güzel Cephesinde Kiralık Daire","Kiralık Daire","1 + 1","60 m²","2 Yaşında","·","Kat","3. Kat","İzmir / Bornova / Kazımdirik Mah.","https://www.hepsiemlak.com/_nuxt/8cafc93fb5c74c75e9e04e528e02ccdf.jpg","Tm Gayrimenkul","WhatsApp","https://www.hepsiemlak.com/_nuxt/8cafc93fb5c74c75e9e04e528e02ccdf.jpg"
"https://www.hepsiemlak.com/izmir-cigli-ugur-mumcu-kiralik/daire/31220-11384","1 / 35","22.500","09/09/2026","Çiğli Balatçık Full Eşyalı 1+1, Jet Üssü & Katip Çelebiye 1.5km","Kiralık Daire","1 + 1","48 m²","5 Yaşında","·","Kat","3. Kat","İzmir / Çiğli / Uğur Mumcu Mah.","https://www.hepsiemlak.com/_nuxt/8cafc93fb5c74c75e9e04e528e02ccdf.jpg","Kw Alesta-viya-orsa 1","WhatsApp","https://www.hepsiemlak.com/_nuxt/8cafc93fb5c74c75e9e04e528e02ccdf.jpg"
"https://www.hepsiemlak.com/izmir-buca-kurucesme-kiralik/daire/143816-168","1 / 24","19.500","10/09/2026","Bucaparisa""dan Kampüs Karşısı Eşyalı Doğalgazlı Arakat Eşyalı1+1","Kiralık Daire","1 + 1","48 m²","6 Yaşında","·","Kat","2. Kat","İzmir / Buca / Kuruçeşme Mah.","https://www.hepsiemlak.com/_nuxt/8cafc93fb5c74c75e9e04e528e02ccdf.jpg","Parisa Yapı Gayrimenkul","WhatsApp","https://www.hepsiemlak.com/_nuxt/8cafc93fb5c74c75e9e04e528e02ccdf.jpg"
"https://www.hepsiemlak.com/izmir-buca-kozagac-kiralik/daire/63598-462","1 / 28","32.000","08/09/2026","Arga'dan Buca Kozağaç Mh.Teraslı D.Gazlı 3+1 Kiralık Daire.","Kiralık Daire","3 + 1","130 m²","12 Yaşında","·","Kat","4. Kat","İzmir / Buca / Kozağaç Mah.","https://www.hepsiemlak.com/_nuxt/8cafc93fb5c74c75e9e04e528e02ccdf.jpg","Arga Emlak","WhatsApp","https://www.hepsiemlak.com/_nuxt/8cafc93fb5c74c75e9e04e528e02ccdf.jpg"
"https://www.hepsiemlak.com/izmir-gaziemir-irmak-kiralik/daire/142245-547","1 / 35","100.000","09/09/2026","Gaziemir Irmak Mahallesinde Kiralık Lüks 3+1 Daire","Kiralık Daire","3 + 1","160 m²","Sıfır Bina","·","Kat","3. Kat","İzmir / Gaziemir / Irmak Mah.","https://www.hepsiemlak.com/_nuxt/8cafc93fb5c74c75e9e04e528e02ccdf.jpg","Kayıkhane Gayrimenkul","WhatsApp","https://www.hepsiemlak.com/_nuxt/8cafc93fb5c74c75e9e04e528e02ccdf.jpg"
"https://www.hepsiemlak.com/izmir-cesme-alacati-kiralik/villa/140182-519","1 / 20","110.000","04/09/2026","Çeşme Alaçatı'da Merkeze Çok Yakın Eşyalı Kiralık Müstakil Villa","Kiralık Villa","3 + 1","150 m²","24 Yaşında","·","Kat","","İzmir / Çeşme / Alaçatı Mah.","https://www.hepsiemlak.com/_nuxt/8cafc93fb5c74c75e9e04e528e02ccdf.jpg","Coldwell Banker Motto","WhatsApp","https://www.hepsiemlak.com/_nuxt/8cafc93fb5c74c75e9e04e528e02ccdf.jpg"
"https://www.hepsiemlak.com/izmir-karsiyaka-inonu-kiralik/daire/58372-6547","1 / 60","23.000","09/09/2026","Soyak Siesta 2.Etapta 1+1 Kısmi Eşyalı Kiralık Daire","Kiralık Daire","1 + 1","53 m²","11 Yaşında","·","Kat","8. Kat","İzmir / Karşıyaka / İnönü Mah.","https://www.hepsiemlak.com/_nuxt/8cafc93fb5c74c75e9e04e528e02ccdf.jpg","Coldwell Banker Plus","WhatsApp","https://www.hepsiemlak.com/_nuxt/8cafc93fb5c74c75e9e04e528e02ccdf.jpg"
"https://www.hepsiemlak.com/izmir-konak-mersinli-kiralik/daire/119895-3491","1 / 51","35.000","05/09/2026","Kw Cobans'tan Şehrin Kalbinde İnci Tower 1+1 Havuzlu","Kiralık Daire","1 + 1","50 m²","6 Yaşında","·","Kat","9. Kat","İzmir / Konak / Mersinli Mah.","https://www.hepsiemlak.com/_nuxt/8cafc93fb5c74c75e9e04e528e02ccdf.jpg","Kw Alesta-viya-orsa 3","WhatsApp","https://www.hepsiemlak.com/_nuxt/8cafc93fb5c74c75e9e04e528e02ccdf.jpg"
"https://www.hepsiemlak.com/izmir-karabaglar-calikusu-kiralik/daire/79070-4297","1 / 31","18.000","08/09/2026","Karabağlar Çalıkuşu Mah.Doğalgazlı 2+1 Kiralık Daire","Kiralık Daire","2 + 1","120 m²","30 Yaşında","·","Kat","1. Kat","İzmir / Karabağlar / Çalıkuşu Mah.","","Harputlu Emlak","WhatsApp","https://hecdnnw.hemlak.com/mncropresize/77/67/firmuser/9/8/0/4/1/5/1/dba621be-e00c-4c77-a988-b58fe33ff42b.jpg"
"https://www.hepsiemlak.com/izmir-karsiyaka-aksoy-kiralik/daire/22983-5016","1 / 14","36.000","03/09/2026","Exen'den Suzan Divrik Lisesi Yakını Kiralık 3+1 Daire","Kiralık Daire","3 + 1","140 m²","31 Yaşında","·","Kat","2. Kat","İzmir / Karşıyaka / Aksoy Mah.","https://hecdnnw.hemlak.com/mncropresize/77/67/logo/3/8/9/2/2/0/e4263795-d4a7-4975-8659-c9cf9a8f15d2.jpg","Exen Karşıyaka","WhatsApp",""
"https://www.hepsiemlak.com/izmir-karabaglar-esenyali-kiralik/daire/110036-662","1 / 22","42.000","09/09/2026","Ünüvar Emlaktan Esenyalı İnönü Caddesi Üzerinde Eşyalı Kiralık Daire...","Kiralık Daire","2 + 1","120 m²","30 Yaşında","·","Kat","Bahçe Katı","İzmir / Karabağlar / Esenyalı Mah.","","","WhatsApp",""
"https://www.hepsiemlak.com/izmir-konak-gungor-kiralik/daire/142177-514","1 / 13","33.000","04/09/2026","Üçyol Metro Durağına Yakın Yeni Bina 2+1 Kiralık Daire","Kiralık Daire","2 + 1","60 m²","6 Yaşında","·","Kat","4. Kat","İzmir / Konak / Güngör Mah.","https://hecdn01.hemlak.com/mncropresize/182/137/ds01/5/6/6/9/5/1/7/4/aee22d8a-5f7c-476e-9704-f742aaca8f08.jpg","Startkey Corner","WhatsApp","https://hecdnnw.hemlak.com/mncropresize/77/67/logo/7/7/1/2/4/1/1daa53d2-aadd-4640-93f5-b3c7642139cd.jpeg"
"https://www.hepsiemlak.com/izmir-balcova-onur-kiralik/daire/77321-1218","1 / 30","40.000","08/09/2026","İzmir Balçova Onur Mahallesi 3+1 Jeotermalli Klimalı Ata Caddesi Üzeri Metroya Yakın Kiralık Daire","Kiralık Daire","3 + 1","138 m²","35 Yaşında","·","Kat","3. Kat","İzmir / Balçova / Onur Mah.","https://www.hepsiemlak.com/_nuxt/8cafc93fb5c74c75e9e04e528e02ccdf.jpg","","WhatsApp",""
"https://www.hepsiemlak.com/izmir-karabaglar-uckuyular-kiralik/daire/80445-236","1 / 21","55.000","10/09/2026","F.Altay Meydanına 50 Mt Üçkuyular İnönü Caddesinde 4+1","Kiralık Daire","4 + 1","209 m²","35 Yaşında","·","Kat","1. Kat","İzmir / Karabağlar / Üçkuyular Mah.","https://www.hepsiemlak.com/_nuxt/8cafc93fb5c74c75e9e04e528e02ccdf.jpg","Ankara Emlak İzmir","WhatsApp",""
"https://www.hepsiemlak.com/izmir-karsiyaka-dedebasi-kiralik/daire/8047-2350","1 / 29","45.000","07/09/2026","Nergizde 145 M2 3+1 Köşe Tadilatlı Doğalgazlı 2.Kat Daire","Kiralık Daire","3 + 1","145 m²","30 Yaşında","·","Kat","2. Kat","İzmir / Karşıyaka / Dedebaşı Mah.","https://www.hepsiemlak.com/_nuxt/8cafc93fb5c74c75e9e04e528e02ccdf.jpg","Ülkü Emlak","WhatsApp","https://www.hepsiemlak.com/_nuxt/8cafc93fb5c74c75e9e04e528e02ccdf.jpg"
"https://www.hepsiemlak.com/izmir-karabaglar-general-kazim-ozalp-kiralik/daire/78006-961","1 / 29","32.000","10/09/2026","General Kazimda Kapalı Otoparklı Kiralık Daire.","Kiralık Daire","2 + 1","110 m²","15 Yaşında","·","Kat","Zemin","İzmir / Karabağlar / General Kazım Özalp Mah.","https://www.hepsiemlak.com/_nuxt/8cafc93fb5c74c75e9e04e528e02ccdf.jpg","","WhatsApp",""
"https://www.hepsiemlak.com/izmir-cigli-evka-5-kiralik/daire/57124-623","1 / 20","20.000","07/09/2026","Evka-5'de Kiralık 3+1 Daire","Kiralık Daire","3 + 1","115 m²","21 Yaşında","·","Kat","9. Kat","İzmir / Çiğli / Evka-5 Mah.","https://www.hepsiemlak.com/_nuxt/8cafc93fb5c74c75e9e04e528e02ccdf.jpg","Gür Kardeşler Emlak","WhatsApp","https://www.hepsiemlak.com/_nuxt/8cafc93fb5c74c75e9e04e528e02ccdf.jpg"
"https://www.hepsiemlak.com/izmir-menemen-mermerli-kiralik/daire/86526-1779","1 / 12","21.000","07/09/2026","Menemen Mermerli Merkezde Kiralık Arakat Doğal Gazlı Tadilatlı Balkonlu Yapılı Daire Hünkar Emlaktan","Kiralık Daire","2 + 1","95 m²","19 Yaşında","·","Kat","Ara Kat","İzmir / Menemen / Mermerli Mah.","https://www.hepsiemlak.com/_nuxt/8cafc93fb5c74c75e9e04e528e02ccdf.jpg","","WhatsApp",""
"https://www.hepsiemlak.com/izmir-karabaglar-vatan-kiralik/daire/15265-191","1 / 12","18.000","03/09/2026","Yeşilyurt Filiz Caddesinde Kiralık 2+1","Kiralık Daire","2 + 1","80 m²","35 Yaşında","·","Kat","Yüksek Giriş","İzmir / Karabağlar / Vatan Mah.","https://www.hepsiemlak.com/_nuxt/8cafc93fb5c74c75e9e04e528e02ccdf.jpg","Turkon","WhatsApp","https://www.hepsiemlak.com/_nuxt/8cafc93fb5c74c75e9e04e528e02ccdf.jpg"
"https://www.hepsiemlak.com/izmir-buca-adatepe-kiralik/daire/124272-593","1 / 12","17.000","08/09/2026","Adatepede Eşyalı Kiralık 1+1 Daire","Kiralık Daire","1 + 1","40 m²","6 Yaşında","·","Kat","Yüksek Giriş","İzmir / Buca / Adatepe Mah.","https://www.hepsiemlak.com/_nuxt/8cafc93fb5c74c75e9e04e528e02ccdf.jpg","Turpa Sılver Şirinyer","WhatsApp",""
"https://www.hepsiemlak.com/izmir-menemen-istiklal-kiralik/daire/112706-9092","1 / 23","30.000","05/09/2026","Havuzlu Güvenlikli Sitede, Tertemiz, Manzaralı Geniş Daire","Kiralık Daire","2 + 1","129 m²","4 Yaşında","·","Kat","8. Kat","İzmir / Menemen / İstiklal Mah.","https://www.hepsiemlak.com/_nuxt/8cafc93fb5c74c75e9e04e528e02ccdf.jpg","Kw Alesta-viya-orsa 2","WhatsApp","https://www.hepsiemlak.com/_nuxt/8cafc93fb5c74c75e9e04e528e02ccdf.jpg"
"https://www.hepsiemlak.com/izmir-gaziemir-irmak-kiralik/daire/57322-3142","1 / 23","48.000","08/09/2026","Kuray'dan Irmak Mahallesinde 2+1 Eşyalı Kiralık Daire Kd-260","Kiralık Daire","2 + 1","115 m²","6 Yaşında","·","Kat","2. Kat","İzmir / Gaziemir / Irmak Mah.","https://www.hepsiemlak.com/_nuxt/8cafc93fb5c74c75e9e04e528e02ccdf.jpg","Kuray Emlak","WhatsApp","https://www.hepsiemlak.com/_nuxt/8cafc93fb5c74c75e9e04e528e02ccdf.jpg"
"https://www.hepsiemlak.com/izmir-konak-alsancak-kiralik/daire/63779-332","1 / 20","33.000","09/09/2026","Alsancak Merkezinde Eşyalı 2+1, Klimalı","Kiralık Daire","2 + 1","74 m²","41 Yaşında","·","Kat","3. Kat","İzmir / Konak / Alsancak Mah.","https://www.hepsiemlak.com/_nuxt/8cafc93fb5c74c75e9e04e528e02ccdf.jpg","","WhatsApp",""
"https://www.hepsiemlak.com/izmir-karsiyaka-semikler-kiralik/daire/71862-2052","1 / 32","30.000","08/09/2026","İzban Yakını_kapalı Mutfaklı _asansörlü_d.Gazlı 2+1","Kiralık Daire","2 + 1","90 m²","6 Yaşında","·","Kat","5. Kat","İzmir / Karşıyaka / Şemikler Mah.","https://www.hepsiemlak.com/_nuxt/8cafc93fb5c74c75e9e04e528e02ccdf.jpg","","WhatsApp",""
"https://www.hepsiemlak.com/izmir-bornova-kazimdirik-kiralik/daire/41893-1176","1 / 14","40.000","09/09/2026","Özkanlar Migros Arkasında Cengiz Bulut Sitesinde 3+1 Otoparklı Kiralık Daire","Kiralık Daire","3 + 1","110 m²","35 Yaşında","·","Kat","4. Kat","İzmir / Bornova / Kazımdirik Mah.","https://www.hepsiemlak.com/_nuxt/8cafc93fb5c74c75e9e04e528e02ccdf.jpg","","WhatsApp",""
"https://www.hepsiemlak.com/izmir-karsiyaka-nergiz-kiralik/daire/88583-2133","1 / 11","25.000","08/09/2026","Nergiz İzban Yakını D.Gazlı 2+1 Daire","Kiralık Daire","2 + 1","85 m²","27 Yaşında","·","Kat","2. Kat","İzmir / Karşıyaka / Nergiz Mah.","https://www.hepsiemlak.com/_nuxt/8cafc93fb5c74c75e9e04e528e02ccdf.jpg","","WhatsApp",""
"https://www.hepsiemlak.com/izmir-bornova-doganlar-kiralik/daire/78224-2579","1 / 22","30.000","03/09/2026","Startkey Evka 3'den Doğanlar Pınarlı Sitesi 2+1 Kiralık Daire","Kiralık Daire","2 + 1","105 m²","6 Yaşında","·","Kat","1. Kat","İzmir / Bornova / Doğanlar Mah.","https://www.hepsiemlak.com/_nuxt/8cafc93fb5c74c75e9e04e528e02ccdf.jpg","Startkey Evka3 Gayrimenkul","WhatsApp","https://www.hepsiemlak.com/_nuxt/8cafc93fb5c74c75e9e04e528e02ccdf.jpg"
"https://www.hepsiemlak.com/izmir-buca-yildiz-kiralik/daire/24511-10153","1 / 27","23.000","04/09/2026","Buca Yıldız Mahallesi 1+1 45 M2 Brüt Ful Eşyalı Asansörlü Balkonlu Kiralık Daire","Kiralık Daire","1 + 1","45 m²","7 Yaşında","·","Kat","3. Kat","İzmir / Buca / Yıldız Mah.","https://www.hepsiemlak.com/_nuxt/8cafc93fb5c74c75e9e04e528e02ccdf.jpg","Turyap Şirinyer","WhatsApp","https://www.hepsiemlak.com/_nuxt/8cafc93fb5c74c75e9e04e528e02ccdf.jpg"
"https://www.hepsiemlak.com/izmir-karabaglar-esenyali-kiralik/daire/48008-3358","1 / 40","38.000","08/09/2026","Göztepe Metro Yakını | İnönü Caddesi’ne Yürüme Mesafesi | Kiralık 3+1","Kiralık Daire","3 + 1","130 m²","40 Yaşında","·","Kat","2. Kat","İzmir / Karabağlar / Esenyalı Mah.","https://www.hepsiemlak.com/_nuxt/8cafc93fb5c74c75e9e04e528e02ccdf.jpg","","WhatsApp",""
"https://www.hepsiemlak.com/izmir-menemen-esatpasa-kiralik/daire/134354-3498","1 / 27","23.000","07/09/2026","Menemen Esatpaşa’da 3+1 | 105 M2 Doğal Gazlı Kıralık Daıre","Kiralık Daire","3 + 1","115 m²","31 Yaşında","·","Kat","4. Kat","İzmir / Menemen / Esatpaşa Mah.","https://www.hepsiemlak.com/_nuxt/8cafc93fb5c74c75e9e04e528e02ccdf.jpg","Remax Target","WhatsApp","https://www.hepsiemlak.com/_nuxt/8cafc93fb5c74c75e9e04e528e02ccdf.jpg"
"https://www.hepsiemlak.com/izmir-cigli-yeni-mahalle-kiralik/daire/135798-388","1 / 22","26.000","04/09/2026","Çiğli Yeni Mh.De Tramvay Yakını Kiralık 2+1 Daire","Kiralık Daire","2 + 1","95 m²","31 Yaşında","·","Kat","2. Kat","İzmir / Çiğli / Yeni Mahalle Mah.","https://www.hepsiemlak.com/_nuxt/8cafc93fb5c74c75e9e04e528e02ccdf.jpg","Startkey Casa","WhatsApp","https://www.hepsiemlak.com/_nuxt/8cafc93fb5c74c75e9e04e528e02ccdf.jpg"
"https://www.hepsiemlak.com/izmir-selcuk-ataturk-kiralik/daire/167546-81","1 / 18","25.000","09/09/2026","Kiralık 3+1daire Merkezde","Kiralık Daire","3 + 1","130 m²","25 Yaşında","·","Kat","En Üst Kat","İzmir / Selçuk / Atatürk Mah.","https://www.hepsiemlak.com/_nuxt/8cafc93fb5c74c75e9e04e528e02ccdf.jpg","Nc Selçuk Emlak","WhatsApp","https://www.hepsiemlak.com/_nuxt/8cafc93fb5c74c75e9e04e528e02ccdf.jpg"
"https://www.hepsiemlak.com/izmir-selcuk-ataturk-kiralik/daire/167546-81","1 / 18","25.000","09/09/2026","Kiralık 3+1daire Merkezde","Kiralık Daire","3 + 1","130 m²","25 Yaşında","·","Kat","En Üst Kat","İzmir / Selçuk / Atatürk Mah.","https://hecdnnw.hemlak.com/mncropresize/77/67/logo/6/4/5/7/6/1/acb112e3-154e-4df5-9d52-67769cca9915.jpg","Nc Selçuk Emlak","WhatsApp",""
"https://www.hepsiemlak.com/izmir-karsiyaka-donanmaci-kiralik/daire/142512-693","1 / 20","28.000","04/09/2026","Karşıyaka Donanmacılar 'da Kiralık 3+1 Daire","Kiralık Daire","3 + 1","100 m²","31 Yaşında","·","Kat","2. Kat","İzmir / Karşıyaka / Donanmacı Mah.","https://hecdnnw.hemlak.com/mncropresize/77/67/logo/2/1/5/2/4/1/ab134791-f4bc-437a-89fc-1d99f1396a9b.jpg","Global World Nota","WhatsApp",""
"https://www.hepsiemlak.com/izmir-seferihisar-camikebir-kiralik/daire/145867-450","1 / 21","27.500","09/09/2026","Yalçın Gayrimenkul'den Merkezde Kiralık 3+1 Daire","Kiralık Daire","3 + 1","130 m²","11 Yaşında","·","Kat","2. Kat","İzmir / Seferihisar / Camikebir Mah.","https://hecdnnw.hemlak.com/mncropresize/77/67/logo/7/6/8/5/4/1/744b8900-1ee8-45b1-8b42-990fd5c59ad9.jpg","Yalçın Gayrimenkul","WhatsApp",""
"https://www.hepsiemlak.com/izmir-buca-ataturk-kiralik/daire/170300-35","1 / 17","23.000","05/09/2026","Elite Gayrimenkulden Vuralpark Sitesinde Kiralık 1+1eşyalı Daire","Kiralık Daire","1 + 1","55 m²","11 Yaşında","·","Kat","1. Kat","İzmir / Buca / Atatürk Mah.","https://hecdn01.hemlak.com/mncropresize/182/137/ds01/5/0/1/7/3/9/6/4/7d70c7a2cd48bfd3f3ec8cbbabc0307b70bc30d8d626c4579c67b52e58b04b712c17576c0b58bf278903e6c75864a407.jpg","Elite Gayrimenkul","WhatsApp","https://hecdnnw.hemlak.com/mncropresize/77/67/logo/0/0/3/0/7/1/516b3ef7-f4de-4322-9065-39b892a8efbb.jpg"
"https://www.hepsiemlak.com/izmir-karsiyaka-tersane-kiralik/daire/77059-1962","1 / 49","31.000","08/09/2026","İzmir Karşıyaka Tersane Mah Full Eşyalı D.Gazlı  3+1  Kiralık Daire","Kiralık Daire","3 + 1","130 m²","30 Yaşında","·","Kat","2. Kat","İzmir / Karşıyaka / Tersane Mah.","https://www.hepsiemlak.com/_nuxt/8cafc93fb5c74c75e9e04e528e02ccdf.jpg","Aras Emlak","WhatsApp","https://www.hepsiemlak.com/_nuxt/8cafc93fb5c74c75e9e04e528e02ccdf.jpg"
"https://www.hepsiemlak.com/izmir-karsiyaka-tuna-kiralik/daire/94349-817","1 / 55","36.000","09/09/2026","Karşıyaka Çarşı Akbank Sokağında Full Eşyalı Kiralık 3+1 Daire","Kiralık Daire","3 + 1","130 m²","36 Yaşında","·","Kat","5. Kat","İzmir / Karşıyaka / Tuna Mah.","https://www.hepsiemlak.com/_nuxt/8cafc93fb5c74c75e9e04e528e02ccdf.jpg","Pırlanta Emlak","WhatsApp","https://www.hepsiemlak.com/_nuxt/8cafc93fb5c74c75e9e04e528e02ccdf.jpg"
"https://www.hepsiemlak.com/izmir-cesme-ciftlik-kiralik/daire/119170-232","1 / 15","200.000","08/09/2026","Çeşme Çiftlikköyde Full Eşyalı,Deniz Manzaralı Kiralık Yazlık","Kiralık Daire","3 + 1","130 m²","21 Yaşında","·","Kat","2. Kat","İzmir / Çeşme / Çiftlik Mah.","https://www.hepsiemlak.com/_nuxt/8cafc93fb5c74c75e9e04e528e02ccdf.jpg","Ata Gayrimenkul İzmir Hatay","WhatsApp","https://www.hepsiemlak.com/_nuxt/8cafc93fb5c74c75e9e04e528e02ccdf.jpg"
"https://www.hepsiemlak.com/izmir-konak-mimar-sinan-kiralik/daire/119979-2718","1 / 21","35.000","08/09/2026","Alsancak Özel Saglık Hastanesi Karşısında Eşyalı Kiralık Daire..","Kiralık Daire","2 + 1","52 m²","31 Yaşında","·","Kat","4. Kat","İzmir / Konak / Mimar Sinan Mah.","https://www.hepsiemlak.com/_nuxt/8cafc93fb5c74c75e9e04e528e02ccdf.jpg","Startkey Puzzle","WhatsApp","https://www.hepsiemlak.com/_nuxt/8cafc93fb5c74c75e9e04e528e02ccdf.jpg"
"https://www.hepsiemlak.com/izmir-bornova-erzene-kiralik/daire/16596-1226","1 / 10","22.500","08/09/2026","Bornova Da 2+1 Kiralık Daire","Kiralık Daire","2 + 1","95 m²","40 Yaşında","·","Kat","3. Kat","İzmir / Bornova / Erzene Mah.","https://www.hepsiemlak.com/_nuxt/8cafc93fb5c74c75e9e04e528e02ccdf.jpg","","WhatsApp",""
"https://www.hepsiemlak.com/izmir-karsiyaka-yali-kiralik/daire/116537-531","1 / 60","41.000","09/09/2026","Karşıyaka Yalı Mahallesi Geniş 3+1 Kiralık Daire","Kiralık Daire","3 + 1","170 m²","25 Yaşında","·","Kat","En Üst Kat","İzmir / Karşıyaka / Yalı Mah.","https://www.hepsiemlak.com/_nuxt/8cafc93fb5c74c75e9e04e528e02ccdf.jpg","Merol Gayrimenkul","WhatsApp","https://www.hepsiemlak.com/_nuxt/8cafc93fb5c74c75e9e04e528e02ccdf.jpg"
"https://www.hepsiemlak.com/izmir-bornova-erzene-kiralik/daire/7044-6930","1 / 12","35.000","03/09/2026","Ege Emlak'tan Evka-3 Metro İstastonu Üst Geçidi Yakını 2+1 Açık Mutfak Daire","Kiralık Daire","2 + 1","75 m²","10 Yaşında","·","Kat","6. Kat","İzmir / Bornova / Erzene Mah.","https://www.hepsiemlak.com/_nuxt/8cafc93fb5c74c75e9e04e528e02ccdf.jpg","","WhatsApp",""
"https://www.hepsiemlak.com/izmir-karsiyaka-inonu-kiralik/daire/25220-1620","1 / 45","40.000","09/09/2026","Özpa - Soyak Siesta Energy' De Havuz Cepheli Doğalgazlı 2+1","Kiralık Daire","2 + 1","85 m²","4 Yaşında","·","Kat","2. Kat","İzmir / Karşıyaka / İnönü Mah.","https://www.hepsiemlak.com/_nuxt/8cafc93fb5c74c75e9e04e528e02ccdf.jpg","","WhatsApp",""
"https://www.hepsiemlak.com/izmir-balcova-onur-kiralik/daire/10374-2467","1 / 30","60.000","07/09/2026","Mithatpaşa Cd Yakjeotermalli Asansörlü Kiralık  12 Yaşında  Daire","Kiralık Daire","3 + 1","151 m²","12 Yaşında","·","Kat","2. Kat","İzmir / Balçova / Onur Mah.","https://www.hepsiemlak.com/_nuxt/8cafc93fb5c74c75e9e04e528e02ccdf.jpg","","WhatsApp",""
"https://www.hepsiemlak.com/izmir-balcova-teleferik-kiralik/daire/27103-4817","1 / 26","35.000","08/09/2026","Teleferik Mah Eşyalı Kiralık Daire","Kiralık Daire","3 + 1","110 m²","31 Yaşında","·","Kat","4. Kat","İzmir / Balçova / Teleferik Mah.","https://www.hepsiemlak.com/_nuxt/8cafc93fb5c74c75e9e04e528e02ccdf.jpg","","WhatsApp",""
"https://www.hepsiemlak.com/izmir-balcova-koruturk-kiralik/daire/6945-1094","1 / 26","28.000","07/09/2026","9 Eylül Ünv.Ve Eko.Ünv.Yakınında Eşyalı Termalli 1+1 Giriş","Kiralık Daire","1 + 1","45 m²","28 Yaşında","·","Kat","Yüksek Giriş","İzmir / Balçova / Korutürk Mah.","https://www.hepsiemlak.com/_nuxt/8cafc93fb5c74c75e9e04e528e02ccdf.jpg","","WhatsApp",""
"https://www.hepsiemlak.com/izmir-odemis-inonu-kiralik/daire/113414-315","1 / 15","16.000","10/09/2026","İnönü’de Masrafsız Daire","Kiralık Daire","3 + 1","110 m²","38 Yaşında","·","Kat","4. Kat","İzmir / Ödemiş / İnönü Mah.","https://www.hepsiemlak.com/_nuxt/8cafc93fb5c74c75e9e04e528e02ccdf.jpg","","WhatsApp",""
"https://www.hepsiemlak.com/izmir-buca-yesilbaglar-kiralik/daire/22365-630","1 / 15","19.000","08/09/2026","1+1 Eşyalı Teraslı Doğalgazli.Klimali.Kiralik.Daire","Kiralık Daire","1 + 1","65 m²","25 Yaşında","·","Kat","Teras Katı","İzmir / Buca / Yeşilbağlar Mah.","https://www.hepsiemlak.com/_nuxt/8cafc93fb5c74c75e9e04e528e02ccdf.jpg","Tuna Ay","WhatsApp",""
"https://www.hepsiemlak.com/izmir-seferihisar-akarca-kiralik/villa/97475-623","1 / 25","60.000","10/09/2026","Cb Kalem'den Akarca'da Full Deniz Manzaralı Eşyalı Kiralık Villa","Kiralık Villa","3 + 1","180 m²","26 Yaşında","·","Kat","","İzmir / Seferihisar / Akarca Mah.","https://www.hepsiemlak.com/_nuxt/8cafc93fb5c74c75e9e04e528e02ccdf.jpg","Coldwell Banker Kalem","WhatsApp","https://www.hepsiemlak.com/_nuxt/8cafc93fb5c74c75e9e04e528e02ccdf.jpg"
"https://www.hepsiemlak.com/izmir-buca-kurucesme-kiralik/daire/90115-1898","1 / 22","20.000","05/09/2026","Tınaztepe Kampüse Yakın 1+1","Kiralık Daire","1 + 1","48 m²","6 Yaşında","·","Kat","1. Kat","İzmir / Buca / Kuruçeşme Mah.","https://www.hepsiemlak.com/_nuxt/8cafc93fb5c74c75e9e04e528e02ccdf.jpg","Turyap Gaziemir Temsilciliği","WhatsApp","https://www.hepsiemlak.com/_nuxt/8cafc93fb5c74c75e9e04e528e02ccdf.jpg"
"https://www.hepsiemlak.com/izmir-karsiyaka-nergiz-kiralik/daire/65161-7684","1 / 25","30.000","07/09/2026","Nergiz İzban Durağına 50m Mesafe'de Kiralık 3+1 Daire","Kiralık Daire","3 + 1","130 m²","31 Yaşında","·","Kat","5. Kat","İzmir / Karşıyaka / Nergiz Mah.","https://www.hepsiemlak.com/_nuxt/8cafc93fb5c74c75e9e04e528e02ccdf.jpg","Startkey Muga Gayrimenkul","WhatsApp","https://www.hepsiemlak.com/_nuxt/8cafc93fb5c74c75e9e04e528e02ccdf.jpg"
"https://www.hepsiemlak.com/izmir-konak-halkapinar-kiralik/daire/133061-1281","1 / 12","105.000","08/09/2026","Tovi Franko Dan Mahal Bomonti De Kiralık Büyük Tip 3+1","Kiralık Daire","3 + 1","173 m²","3 Yaşında","·","Kat","21 ve üzeri","İzmir / Konak / Halkapınar Mah.","https://www.hepsiemlak.com/_nuxt/8cafc93fb5c74c75e9e04e528e02ccdf.jpg","Spıca Gayrimenkul","WhatsApp","https://www.hepsiemlak.com/_nuxt/8cafc93fb5c74c75e9e04e528e02ccdf.jpg"
"https://www.hepsiemlak.com/izmir-bornova-ergene-kiralik/daire/60930-3063","1 / 28","30.000","09/09/2026","Sabri Cengiz Emlak Bornova Gediz Elektirik Yakını Kiralık Daire 3+1","Kiralık Daire","3 + 1","135 m²","22 Yaşında","·","Kat","2. Kat","İzmir / Bornova / Ergene Mah.","https://www.hepsiemlak.com/_nuxt/8cafc93fb5c74c75e9e04e528e02ccdf.jpg","","WhatsApp",""
"https://www.hepsiemlak.com/izmir-karabaglar-uckuyular-kiralik/daire/10160-3437","1 / 28","37.000","09/09/2026","Üçkuyular Oyak Sitesi Mimkent Yakını Avni Anıl Sk 2.Kat Temiz","Kiralık Daire","3 + 1","110 m²","31 Yaşında","·","Kat","2. Kat","İzmir / Karabağlar / Üçkuyular Mah.","https://www.hepsiemlak.com/_nuxt/8cafc93fb5c74c75e9e04e528e02ccdf.jpg","Güzelyalı Emlak","WhatsApp","https://www.hepsiemlak.com/_nuxt/8cafc93fb5c74c75e9e04e528e02ccdf.jpg"
"https://www.hepsiemlak.com/izmir-gaziemir-irmak-kiralik/daire/91567-2409","1 / 33","35.000","04/09/2026","Berk Emlak'tan Irmak Mah. Site İçi Kiralık 3+1 Daire","Kiralık Daire","3 + 1","115 m²","31 Yaşında","·","Kat","2. Kat","İzmir / Gaziemir / Irmak Mah.","https://www.hepsiemlak.com/_nuxt/8cafc93fb5c74c75e9e04e528e02ccdf.jpg","Berk Emlak","WhatsApp","https://www.hepsiemlak.com/_nuxt/8cafc93fb5c74c75e9e04e528e02ccdf.jpg"
"https://www.hepsiemlak.com/izmir-balcova-fevzi-cakmak-kiralik/daire/130639-317","1 / 16","55.000","04/09/2026","Fb Gayrimenkul'den Yeni Bina Yeni Eşyalı 2+1 Kiralık Daire","Kiralık Daire","2 + 1","85 m²","Sıfır Bina","·","Kat","2. Kat","İzmir / Balçova / Fevzi Çakmak Mah.","https://hecdnnw.hemlak.com/mncropresize/77/67/logo/9/3/6/0/3/1/34060afc-e7a9-46a1-8cd7-508cf551228a.jpg","Feyza Baklacı Gayrimenkul Danışmanlığı","WhatsApp",""
"https://www.hepsiemlak.com/izmir-konak-alsancak-kiralik/daire/4981-8609","1 / 24","32.000","07/09/2026","Alsancakta Kiralik Eşyalı Daire","Kiralık Daire","2 + 1","90 m²","38 Yaşında","·","Kat","8. Kat","İzmir / Konak / Alsancak Mah.","https://hecdnnw.hemlak.com/mncropresize/77/67/logo/1/8/9/4/0/0/95985043-6c05-41f3-b148-df7cede8a53a.jpg","Turyap Alsancak Temsilciliği","WhatsApp",""
"https://www.hepsiemlak.com/izmir-karabaglar-bahar-kiralik/daire/128297-619","1 / 24","30.000","04/09/2026","Bozyaka Hastanesi Yanı Ara Kat Çift Cephe 3+1 Doğalgazlı Daire","Kiralık Daire","3 + 1","115 m²","11 Yaşında","·","Kat","3. Kat","İzmir / Karabağlar / Bahar Mah.","https://hecdnnw.hemlak.com/mncropresize/77/67/logo/7/9/2/8/2/1/a6dde296-0dfa-48ea-a542-fef78bd063a1.jpg","Coldwell Banker Locate","WhatsApp","https://hecdnnw.hemlak.com/mncropresize/77/67/firmuser/4/3/1/2/0/2/3/f4e55e43-2d26-4527-906c-621ac9040b62.jpg"
"https://www.hepsiemlak.com/izmir-buca-efeler-kiralik/daire/13470-2609","1 / 24","27.000","09/09/2026","3 Oda 1 Salon ,Güney Cepheli,Bakımlı Daire","Kiralık Daire","3 + 1","120 m²","30 Yaşında","·","Kat","En Üst Kat","İzmir / Buca / Efeler Mah.","https://hecdn01.hemlak.com/mncropresize/182/137/ds01/9/5/0/8/6/0/7/4/5c0b8341-6f59-49ce-8290-19a3519bc804.jpg","","WhatsApp",""
"https://www.hepsiemlak.com/izmir-konak-mimar-sinan-kiralik/daire/37033-4088","1 / 18","38.000","04/09/2026","Fırsat Alsancak Aliçetinkaya Bulvarı Dünya Göz Hastanesi Yakını 2+1 Mobilyalı Daire","Kiralık Daire","2 + 1","75 m²","38 Yaşında","·","Kat","5. Kat","İzmir / Konak / Mimar Sinan Mah.","https://www.hepsiemlak.com/_nuxt/8cafc93fb5c74c75e9e04e528e02ccdf.jpg","Demet Emlak","WhatsApp","https://www.hepsiemlak.com/_nuxt/8cafc93fb5c74c75e9e04e528e02ccdf.jpg"
"https://www.hepsiemlak.com/izmir-seferihisar-akarca-kiralik/villa/133723-1196","1 / 2","50.000","10/09/2026","Seferihisar Akarca Seçkinevler Sitesinde Eşyalı Kiralık Villa","Kiralık Villa","3 + 1","130 m²","16 Yaşında","·","Kat","","İzmir / Seferihisar / Akarca Mah.","https://www.hepsiemlak.com/_nuxt/8cafc93fb5c74c75e9e04e528e02ccdf.jpg","Equinox Gayrimenkul","WhatsApp","https://www.hepsiemlak.com/_nuxt/8cafc93fb5c74c75e9e04e528e02ccdf.jpg"
"https://www.hepsiemlak.com/izmir-menemen-mermerli-kiralik/daire/109304-362","1 / 23","24.000","09/09/2026","Menemen Merkez'de Cadde Üzeri Kiralık Daire !","Kiralık Daire","3 + 1","115 m²","40 Yaşında","·","Kat","3. Kat","İzmir / Menemen / Mermerli Mah.","https://www.hepsiemlak.com/_nuxt/8cafc93fb5c74c75e9e04e528e02ccdf.jpg","","WhatsApp",""
"https://www.hepsiemlak.com/izmir-karsiyaka-atakent-kiralik/daire/162799-279","1 / 50","50.000","09/09/2026","Trademark Sense 'de Eşyalı Havuz Cephe Kiralık Daire","Kiralık Daire","1 + 1","51 m²","Sıfır Bina","·","Kat","2. Kat","İzmir / Karşıyaka / Atakent Mah.","https://www.hepsiemlak.com/_nuxt/8cafc93fb5c74c75e9e04e528e02ccdf.jpg","Tm Gayrimenkul","WhatsApp","https://www.hepsiemlak.com/_nuxt/8cafc93fb5c74c75e9e04e528e02ccdf.jpg"
"https://www.hepsiemlak.com/izmir-cigli-ugur-mumcu-kiralik/daire/31220-11167","1 / 49","22.500","06/09/2026","Çiğli Balatçık Full Eşyalı 1+1, Jet Üssü & Katip Çelebiye 1.5km","Kiralık Daire","1 + 1","48 m²","5 Yaşında","·","Kat","3. Kat","İzmir / Çiğli / Uğur Mumcu Mah.","https://www.hepsiemlak.com/_nuxt/8cafc93fb5c74c75e9e04e528e02ccdf.jpg","Kw Alesta-viya-orsa 1","WhatsApp","https://www.hepsiemlak.com/_nuxt/8cafc93fb5c74c75e9e04e528e02ccdf.jpg"
"https://www.hepsiemlak.com/izmir-konak-umurbey-kiralik/daire/58372-6485","1 / 60","60.000","09/09/2026","Evora İzmir'de 2+1 Büyük Tip Ebeveyn Banyolu Kiralık Daire","Kiralık Daire","2 + 1","104 m²","Sıfır Bina","·","Kat","13. Kat","İzmir / Konak / Umurbey Mah.","https://www.hepsiemlak.com/_nuxt/8cafc93fb5c74c75e9e04e528e02ccdf.jpg","Coldwell Banker Plus","WhatsApp","https://www.hepsiemlak.com/_nuxt/8cafc93fb5c74c75e9e04e528e02ccdf.jpg"
"https://www.hepsiemlak.com/izmir-karabaglar-bahar-kiralik/daire/24845-1758","1 / 35","40.000","09/09/2026","Antre Emlak'tan Kiralık Bahar Mahallesinde Hastane Yanı 3+1 Doğalgazlı,Otoparklı Sıfır  Daire","Kiralık Daire","3 + 1","115 m²","Sıfır Bina","·","Kat","4. Kat","İzmir / Karabağlar / Bahar Mah.","https://www.hepsiemlak.com/_nuxt/8cafc93fb5c74c75e9e04e528e02ccdf.jpg","Antre Emlak","WhatsApp","https://www.hepsiemlak.com/_nuxt/8cafc93fb5c74c75e9e04e528e02ccdf.jpg"
"https://www.hepsiemlak.com/izmir-bornova-kizilay-kiralik/daire/148398-314","1 / 11","27.000","10/09/2026","Kızılay'da Eşyalı Kiralık 2+1 Zemin Kat Doğalgazlı Bahçeli Daire","Kiralık Daire","2 + 1","105 m²","30 Yaşında","·","Kat","Bahçe Katı","İzmir / Bornova / Kızılay Mah.","https://www.hepsiemlak.com/_nuxt/8cafc93fb5c74c75e9e04e528e02ccdf.jpg","","WhatsApp",""
"https://www.hepsiemlak.com/izmir-buca-adatepe-kiralik/daire/110918-1257","1 / 14","26.000","08/09/2026","Adatepe Mh.Ünv.Yakını 2+1 Eşyalı Kombili Klimalı Kiralık Daire","Kiralık Daire","2 + 1","88 m²","2 Yaşında","·","Kat","1. Kat","İzmir / Buca / Adatepe Mah.","https://www.hepsiemlak.com/_nuxt/8cafc93fb5c74c75e9e04e528e02ccdf.jpg","","WhatsApp",""
"https://www.hepsiemlak.com/izmir-bayrakli-tepekule-kiralik/daire/45527-1372","1 / 22","17.250","09/09/2026","Tepekule Mah. Seyhankent Sitesi Karşısı Smyrna Pazar Yakını Kiralık 2+1 Daire","Kiralık Daire","2 + 1","74 m²","32 Yaşında","·","Kat","1. Kat","İzmir / Bayraklı / Tepekule Mah.","https://www.hepsiemlak.com/_nuxt/8cafc93fb5c74c75e9e04e528e02ccdf.jpg","","WhatsApp",""
"https://www.hepsiemlak.com/izmir-cigli-inonu-kiralik/daire/90478-2649","1 / 30","26.000","09/09/2026","Çiğli Harmandalı Site İçi 3+1 Kiralık Daire","Kiralık Daire","3 + 1","125 m²","22 Yaşında","·","Kat","1. Kat","İzmir / Çiğli / İnönü Mah.","https://www.hepsiemlak.com/_nuxt/8cafc93fb5c74c75e9e04e528e02ccdf.jpg","Startkey Alfa","WhatsApp","https://www.hepsiemlak.com/_nuxt/8cafc93fb5c74c75e9e04e528e02ccdf.jpg"
"https://www.hepsiemlak.com/izmir-gaziemir-irmak-kiralik/daire/31107-833","1 / 13","35.000","07/09/2026","Net Emlak'tan 2+1, 90 M², Doğalgazlı, Güzel Konumda Kiralık Daire!","Kiralık Daire","2 + 1","100 m²","10 Yaşında","·","Kat","1. Kat","İzmir / Gaziemir / Irmak Mah.","https://www.hepsiemlak.com/_nuxt/8cafc93fb5c74c75e9e04e528e02ccdf.jpg","","WhatsApp",""
"https://www.hepsiemlak.com/izmir-urla-m-fevzi-cakmak-kiralik/daire/34418-2122","1 / 11","30.000","06/09/2026","Urla Kalabakta Eşyalı Kiralık Daire","Kiralık Daire","1 + 1","95 m²","21 Yaşında","·","Kat","Giriş Katı","İzmir / Urla / M. Fevzi Çakmak Mah.","https://www.hepsiemlak.com/_nuxt/8cafc93fb5c74c75e9e04e528e02ccdf.jpg","Adres Grup Gayrimenkul","WhatsApp","https://www.hepsiemlak.com/_nuxt/8cafc93fb5c74c75e9e04e528e02ccdf.jpg"
"https://www.hepsiemlak.com/izmir-bornova-kazimdirik-kiralik/daire/97779-1321","1 / 21","60.000","04/09/2026","Kazımdirik 2+1 100 M2 Eşyalı-Tadilatlı Kiralık Daire","Kiralık Daire","2 + 1","100 m²","31 Yaşında","·","Kat","2. Kat","İzmir / Bornova / Kazımdirik Mah.","https://www.hepsiemlak.com/_nuxt/8cafc93fb5c74c75e9e04e528e02ccdf.jpg","","WhatsApp",""
"https://www.hepsiemlak.com/izmir-balcova-onur-kiralik/daire/77321-1217","1 / 29","52.000","05/09/2026","İzmir Balçova Onur Mah 3+1 Ebeveyn Banyolu Jeotermalli Klimalı Kiralık Ara Kat Daire","Kiralık Daire","3 + 1","160 m²","12 Yaşında","·","Kat","2. Kat","İzmir / Balçova / Onur Mah.","https://www.hepsiemlak.com/_nuxt/8cafc93fb5c74c75e9e04e528e02ccdf.jpg","","WhatsApp",""
"https://www.hepsiemlak.com/izmir-seferihisar-sigacik-kiralik/daire/15406-249","1 / 17","40.500","04/09/2026","Sığacık Girlen Mevkii Kiralık 2+1 Daire","Kiralık Daire","2 + 1","85 m²","6 Yaşında","·","Kat","2. Kat","İzmir / Seferihisar / Sığacık Mah.","https://www.hepsiemlak.com/_nuxt/8cafc93fb5c74c75e9e04e528e02ccdf.jpg","Teos Emlak","WhatsApp","https://www.hepsiemlak.com/_nuxt/8cafc93fb5c74c75e9e04e528e02ccdf.jpg"
"https://www.hepsiemlak.com/izmir-karsiyaka-goncalar-kiralik/daire/49818-439","1 / 17","34.000","08/09/2026","İzmir Karşıyaka Goncalar Da Geniş Kiralık 3+1 Daire","Kiralık Daire","3 + 1","140 m²","27 Yaşında","·","Kat","1. Kat","İzmir / Karşıyaka / Goncalar Mah.","https://www.hepsiemlak.com/_nuxt/8cafc93fb5c74c75e9e04e528e02ccdf.jpg","","WhatsApp",""
"https://www.hepsiemlak.com/izmir-konak-goztepe-kiralik/daire/7516-4280","1 / 35","30.000","08/09/2026","Göztepe Metro Yakını Düz Ayak Arakat D.Gazlı Kiralık Daire","Kiralık Daire","3 + 1","105 m²","36 Yaşında","·","Kat","2. Kat","İzmir / Konak / Göztepe Mah.","https://www.hepsiemlak.com/_nuxt/8cafc93fb5c74c75e9e04e528e02ccdf.jpg","Anahtar Emlak","WhatsApp","https://www.hepsiemlak.com/_nuxt/8cafc93fb5c74c75e9e04e528e02ccdf.jpg"
"https://www.hepsiemlak.com/izmir-urla-iskele-kiralik/villa/154514-253","1 / 59","150.000","08/09/2026","Urla İskele'de Müstakil Havuzlu Villa","Kiralık Villa","3 + 2","250 m²","3 Yaşında","·","Kat","","İzmir / Urla / İskele Mah.","https://www.hepsiemlak.com/_nuxt/8cafc93fb5c74c75e9e04e528e02ccdf.jpg","Turyap Urla İskele Temsilciliği","WhatsApp","https://www.hepsiemlak.com/_nuxt/8cafc93fb5c74c75e9e04e528e02ccdf.jpg"
"https://www.hepsiemlak.com/izmir-buca-murathan-kiralik/mustakil-ev/113690-487","1 / 34","45.000","09/09/2026","Buca Evka1'de Müstakil Kiralık 3+1 Geniş Bahçe Kullanımlı","Kiralık Müstakil Ev","3 + 1","120 m²","26 Yaşında","","","","İzmir / Buca / Murathan Mah.","https://www.hepsiemlak.com/_nuxt/8cafc93fb5c74c75e9e04e528e02ccdf.jpg","","WhatsApp",""
"https://www.hepsiemlak.com/izmir-buca-yaylacik-kiralik/daire/166543-158","1 / 37","32.000","06/09/2026","Buca Yaylacık Mah.1+1 70 M2 Eşyalı Teraslı Yerden Isıtmalı","Kiralık Daire","1 + 1","80 m²","6 Yaşında","·","Kat","4. Kat","İzmir / Buca / Yaylacık Mah.","https://hecdnnw.hemlak.com/mncropresize/77/67/logo/3/4/5/6/6/1/035a8390-25dc-465a-ac1d-83db6f86310a.jpg","Mevlana Emlak Buca","WhatsApp",""
"https://www.hepsiemlak.com/izmir-odemis-zafer-kiralik/daire/145956-125","1 / 24","15.000","08/09/2026","Zafer Mahallesinde Hastaneye Yakın Kiralık Zemin Üstü Daire","Kiralık Daire","3 + 1","140 m²","25 Yaşında","·","Kat","Ara Kat","İzmir / Ödemiş / Zafer Mah.","","","WhatsApp",""
"https://www.hepsiemlak.com/izmir-karabaglar-baris-kiralik/daire/0-47246710","1 / 19","27.000","04/09/2026","Sahibinden Kiralık","Kiralık Daire","2 + 1","100 m²","30 Yaşında","·","Kat","2. Kat","İzmir / Karabağlar / Barış Mah.","","","WhatsApp",""
"https://www.hepsiemlak.com/izmir-konak-murat-reis-kiralik/daire/0-47245316","1 / 17","27.000","05/09/2026","Sahibinden Hatay Nokta Da Kiralık 2+1 Daire Yeni Tadilatlı","Kiralık Daire","2 + 1","80 m²","30 Yaşında","·","Kat","Zemin","İzmir / Konak / Murat Reis Mah.","https://hecdn01.hemlak.com/mncropresize/182/137/ds01/6/1/3/5/4/2/7/4/1788518637050-47245316.jpg","","WhatsApp",""
"https://www.hepsiemlak.com/izmir-menemen-85-yil-cumhuriyet-kiralik/daire/153494-112","1 / 30","23.000","03/09/2026","Seyrekköyde Arakat Eşyalı Kiralık 1+1 Daire","Kiralık Daire","1 + 1","50 m²","Sıfır Bina","·","Kat","2. Kat","İzmir / Menemen / 85. Yıl Cumhuriyet Mah.","https://www.hepsiemlak.com/_nuxt/8cafc93fb5c74c75e9e04e528e02ccdf.jpg","Pier Gayrimenkul","WhatsApp","https://www.hepsiemlak.com/_nuxt/8cafc93fb5c74c75e9e04e528e02ccdf.jpg"
"https://www.hepsiemlak.com/izmir-menderes-cuneytbey-kiralik/daire/129073-631","1 / 35","30.000","07/09/2026","Ptt Yakını - Ara Kat - Geniş Ve Nezih Binada Kiralık 2+1 Daire","Kiralık Daire","2 + 1","90 m²","6 Yaşında","·","Kat","3. Kat","İzmir / Menderes / Cüneytbey Mah.","https://www.hepsiemlak.com/_nuxt/8cafc93fb5c74c75e9e04e528e02ccdf.jpg","Turpa Sönmez","WhatsApp","https://www.hepsiemlak.com/_nuxt/8cafc93fb5c74c75e9e04e528e02ccdf.jpg"
"https://www.hepsiemlak.com/izmir-cigli-ahmet-efendi-kiralik/daire/88827-1099","1 / 37","72.000","02/09/2026","İzmir Çiğli De Site İçinde 3+1 Kiralık Daire","Kiralık Daire","3 + 1","140 m²","4 Yaşında","·","Kat","6. Kat","İzmir / Çiğli / Ahmet Efendi Mah.","https://www.hepsiemlak.com/_nuxt/8cafc93fb5c74c75e9e04e528e02ccdf.jpg","Bandırma Çınar Emlak","WhatsApp","https://www.hepsiemlak.com/_nuxt/8cafc93fb5c74c75e9e04e528e02ccdf.jpg"
"https://www.hepsiemlak.com/izmir-cesme-alacati-kiralik/villa/2152-8960","1 / 35","1.350.000","02/09/2026","Alaçatı Göbenede Havuzlu   4+1 Müstakil  Eşyalı  Yıllık  Kiralık","Kiralık Villa","4 + 1","140 m²","14 Yaşında","·","Kat","","İzmir / Çeşme / Alaçatı Mah.","https://www.hepsiemlak.com/_nuxt/8cafc93fb5c74c75e9e04e528e02ccdf.jpg","Ege Emlak","WhatsApp","https://www.hepsiemlak.com/_nuxt/8cafc93fb5c74c75e9e04e528e02ccdf.jpg"
"https://www.hepsiemlak.com/izmir-seferihisar-turabiye-kiralik/daire/146515-887","1 / 33","20.000","02/09/2026","Seferihisar Adliyesi Karşısı 1+1 Daire Büro","Kiralık Daire","1 + 1","55 m²","5 Yaşında","·","Kat","4. Kat","İzmir / Seferihisar / Turabiye Mah.","https://www.hepsiemlak.com/_nuxt/8cafc93fb5c74c75e9e04e528e02ccdf.jpg","","WhatsApp",""
"https://www.hepsiemlak.com/izmir-karabaglar-basin-sitesi-kiralik/daire/136710-191","1 / 31","30.000","02/09/2026","İnönü Cad. Kiralık 3+1 Köşe Daire (100m², Otoparklı)","Kiralık Daire","3 + 1","105 m²","42 Yaşında","·","Kat","En Üst Kat","İzmir / Karabağlar / Basın Sitesi Mah.","https://www.hepsiemlak.com/_nuxt/8cafc93fb5c74c75e9e04e528e02ccdf.jpg","","WhatsApp",""
"https://www.hepsiemlak.com/izmir-buca-adatepe-kiralik/daire/144696-501","1 / 20","24.500","01/09/2026","Ref'den İktisat Fakülte Dibi Ve Kampüs Yakını 1+1 Kiralık Daire","Kiralık Daire","1 + 1","45 m²","5 Yaşında","·","Kat","1. Kat","İzmir / Buca / Adatepe Mah.","https://www.hepsiemlak.com/_nuxt/8cafc93fb5c74c75e9e04e528e02ccdf.jpg","Ref Group","WhatsApp","https://www.hepsiemlak.com/_nuxt/8cafc93fb5c74c75e9e04e528e02ccdf.jpg"
"https://www.hepsiemlak.com/izmir-seferihisar-camikebir-kiralik/daire/169982-84","1 / 40","25.000","01/09/2026","Seferihisar Toki'de Merkeze Yakın Bölge Önü Açık 2+1 Sıfır Daire","Kiralık Daire","2 + 1","90 m²","Sıfır Bina","·","Kat","4. Kat","İzmir / Seferihisar / Camikebir Mah.","https://www.hepsiemlak.com/_nuxt/8cafc93fb5c74c75e9e04e528e02ccdf.jpg","Evcimen Gayrimenkul Yatırım Danışmanlığı","WhatsApp","https://www.hepsiemlak.com/_nuxt/8cafc93fb5c74c75e9e04e528e02ccdf.jpg"
"https://www.hepsiemlak.com/izmir-torbali-inonu-kiralik/daire/114403-206","1 / 39","23.000","01/09/2026","Azelyadan İnönü'de 2+1 Arakat Dgazlı Asansörlü Kiralık","Kiralık Daire","2 + 1","95 m²","6 Yaşında","·","Kat","2. Kat","İzmir / Torbalı / İnönü Mah.","https://www.hepsiemlak.com/_nuxt/8cafc93fb5c74c75e9e04e528e02ccdf.jpg","Azelya Emlak","WhatsApp","https://www.hepsiemlak.com/_nuxt/8cafc93fb5c74c75e9e04e528e02ccdf.jpg"
"https://www.hepsiemlak.com/izmir-karsiyaka-yali-kiralik/daire/103199-26","1 / 18","50.000","01/09/2026","Sadeden Okyanus Kolleji Yanı Arakat Ebeveyn Banyolu Kiralık 3+1","Kiralık Daire","3 + 1","130 m²","11 Yaşında","·","Kat","3. Kat","İzmir / Karşıyaka / Yalı Mah.","https://www.hepsiemlak.com/_nuxt/8cafc93fb5c74c75e9e04e528e02ccdf.jpg","","WhatsApp",""
"https://www.hepsiemlak.com/izmir-karsiyaka-imbatli-kiralik/daire/78476-587","1 / 40","29.000","01/09/2026","Örnekköy İmbatlı Mahallesinde Kiralık +1 Ara Kat Daire","Kiralık Daire","2 + 1","90 m²","6 Yaşında","·","Kat","4. Kat","İzmir / Karşıyaka / İmbatlı Mah.","https://www.hepsiemlak.com/_nuxt/8cafc93fb5c74c75e9e04e528e02ccdf.jpg","","WhatsApp",""
"https://www.hepsiemlak.com/izmir-kemalpasa-sekiz-eylul-kiralik/daire/144448-563","1 / 18","25.000","02/09/2026","Yeni Adliye Yakını Migros Karşısı Sıfır 1+1 Kiralık Daire","Kiralık Daire","1 + 1","55 m²","Sıfır Bina","·","Kat","Yüksek Giriş","İzmir / Kemalpaşa / Sekiz Eylül Mah.","https://www.hepsiemlak.com/_nuxt/8cafc93fb5c74c75e9e04e528e02ccdf.jpg","Turyap Kemalpaşa Temsilciliği","WhatsApp","https://www.hepsiemlak.com/_nuxt/8cafc93fb5c74c75e9e04e528e02ccdf.jpg"
"https://www.hepsiemlak.com/izmir-menemen-inonu-kiralik/daire/170518-24","1 / 21","22.000","01/09/2026","Seyrek Merkezi Konum Da Doğalgazlı Klimalı 1+1 Eşyalı Kiralık Ev","Kiralık Daire","1 + 1","55 m²","6 Yaşında","·","Kat","2. Kat","İzmir / Menemen / İnönü Mah.","https://www.hepsiemlak.com/_nuxt/8cafc93fb5c74c75e9e04e528e02ccdf.jpg","Yasemin Çelikbaş Gayrimenkul Yatırım Danışmanlık","WhatsApp","https://www.hepsiemlak.com/_nuxt/8cafc93fb5c74c75e9e04e528e02ccdf.jpg"
"https://www.hepsiemlak.com/izmir-gaziemir-gazi-kiralik/daire/140307-437","1 / 35","52.000","31/08/2026","Ertan Güneş_ten Gazi Mah. Arakat 3+1 130m2 Kiralık Daire","Kiralık Daire","3 + 1","145 m²","6 Yaşında","·","Kat","2. Kat","İzmir / Gaziemir / Gazi Mah.","https://www.hepsiemlak.com/_nuxt/8cafc93fb5c74c75e9e04e528e02ccdf.jpg","Ertan Güneş Gayrimenkul","WhatsApp","https://www.hepsiemlak.com/_nuxt/8cafc93fb5c74c75e9e04e528e02ccdf.jpg"
"https://www.hepsiemlak.com/izmir-karsiyaka-yali-kiralik/daire/171327-3","1 / 58","50.000","09/09/2026","Yalı Mah. 3+1 Asansörlü Bakımlı 150 M2 Kiralık Daire","Kiralık Daire","3 + 1","150 m²","21 Yaşında","·","Kat","5. Kat","İzmir / Karşıyaka / Yalı Mah.","https://www.hepsiemlak.com/_nuxt/8cafc93fb5c74c75e9e04e528e02ccdf.jpg","Yeknur Gayrimenkul","WhatsApp",""
"https://www.hepsiemlak.com/izmir-balcova-egitim-kiralik/daire/94513-1844","1 / 42","32.000","08/09/2026","Balçovada Cadde Üzeri 3+1 Doğalgazlı Ferah Havadar Kiralık Daire","Kiralık Daire","3 + 1","120 m²","38 Yaşında","·","Kat","En Üst Kat","İzmir / Balçova / Eğitim Mah.","https://www.hepsiemlak.com/_nuxt/8cafc93fb5c74c75e9e04e528e02ccdf.jpg","","WhatsApp",""
"https://www.hepsiemlak.com/izmir-gaziemir-irmak-kiralik/daire/0-47215802","1 / 26","45.000","30/08/2026","Sahibinden 3+1 Geniş Ferah Daire","Kiralık Daire","3 + 1","140 m²","26 Yaşında","·","Kat","Kot 1","İzmir / Gaziemir / Irmak Mah.","https://www.hepsiemlak.com/_nuxt/8cafc93fb5c74c75e9e04e528e02ccdf.jpg","","WhatsApp",""
"https://www.hepsiemlak.com/izmir-bornova-kazimdirik-kiralik/daire/164302-43","1 / 28","45.000","30/08/2026","Trademark Studıo Bornova Sitesinde Full Eşyalı Kiralık 1+1","Kiralık Daire","1 + 1","50 m²","6 Yaşında","·","Kat","2. Kat","İzmir / Bornova / Kazımdirik Mah.","https://www.hepsiemlak.com/_nuxt/8cafc93fb5c74c75e9e04e528e02ccdf.jpg","Banu Özgen Gayrimenkul","WhatsApp","https://www.hepsiemlak.com/_nuxt/8cafc93fb5c74c75e9e04e528e02ccdf.jpg"
"https://www.hepsiemlak.com/izmir-karsiyaka-aksoy-kiralik/daire/48379-75","1 / 34","45.000","01/09/2026","Karşıyaka Aksoy Ferah Otopark Asansörlü Kiralık Ferah Daire","Kiralık Daire","3 + 1","125 m²","31 Yaşında","·","Kat","6. Kat","İzmir / Karşıyaka / Aksoy Mah.","https://www.hepsiemlak.com/_nuxt/8cafc93fb5c74c75e9e04e528e02ccdf.jpg","Ss Emlak","WhatsApp","https://www.hepsiemlak.com/_nuxt/8cafc93fb5c74c75e9e04e528e02ccdf.jpg"
"https://www.hepsiemlak.com/izmir-buca-adatepe-kiralik/daire/144360-494","1 / 23","35.000","29/08/2026","Hasanağa Bahçesi Manzaralı 3+1 Eşyalı Kiralık Daire","Kiralık Daire","3 + 1","140 m²","16 Yaşında","·","Kat","4. Kat","İzmir / Buca / Adatepe Mah.","https://www.hepsiemlak.com/_nuxt/8cafc93fb5c74c75e9e04e528e02ccdf.jpg","Yeva Yapı Gayrimenkul","WhatsApp","https://www.hepsiemlak.com/_nuxt/8cafc93fb5c74c75e9e04e528e02ccdf.jpg"
"https://www.hepsiemlak.com/izmir-konak-piri-reis-kiralik/daire/171115-27","1 / 15","40.000","29/08/2026","Turka │izmir Spor Metro Yakını Park Ve Deniz Manzaralı 3+1 Daire","Kiralık Daire","3 + 1","135 m²","35 Yaşında","·","Kat","En Üst Kat","İzmir / Konak / Piri Reis Mah.","","","WhatsApp",""
"https://www.hepsiemlak.com/izmir-urla-ataturk-kiralik/villa/0-47209019","1 / 24","65.000","02/09/2026","Kiralık Villa  Eşyalı, Urla Atatürk Mah.","Kiralık Villa","3 + 1","130 m²","23 Yaşında","·","Kat","","İzmir / Urla / Atatürk Mah.","","","WhatsApp",""
"https://www.hepsiemlak.com/izmir-cesme-musalla-kiralik/villa/129694-603","1 / 34","200.000","29/08/2026","Çeşme Musalla Kiralık Deniz Manzaralı Özel Havuzlu 5+2 Villa","Kiralık Villa","5 + 2","225 m²","1 Yaşında","·","Kat","","İzmir / Çeşme / Musalla Mah.","https://hecdnnw.hemlak.com/mncropresize/77/67/logo/4/9/6/9/2/1/c32d9f4c-77ab-48d0-bd5f-6d8aca49956e.jpg","Çeşmeden Emlak Gayrimenkul","WhatsApp","https://hecdnnw.hemlak.com/mncropresize/77/67/firmuser/2/7/0/4/8/2/3/95ba04d7-b2cb-46b0-8c41-75f8421d399d.jpg"
"https://www.hepsiemlak.com/izmir-menderes-cukuralti-kiralik/mustakil-ev/122383-92","1 / 32","70.000","03/09/2026","Özdere Çukuraltı Denıze 2.Sıra Eşyalı 4+1 Triplex Villa","Kiralık Müstakil Ev","4 + 1","200 m²","21 Yaşında","","","","İzmir / Menderes / Çukuraltı Mah.","https://hecdn01.hemlak.com/mncropresize/182/137/ds01/0/4/9/9/0/2/7/4/f45c7629-e38a-405d-8c4d-7745ab56dab7.jpg","Mert Emlak & İnvestment","WhatsApp","https://hecdnnw.hemlak.com/mncropresize/77/67/logo/3/8/3/2/2/1/5b70aaa3-ac48-47da-be8d-03ef17ba4d66.jpg"
"https://www.hepsiemlak.com/izmir-torbali-cumhuriyet-kiralik/daire/0-47208712","1 / 21","15.000","04/09/2026","Sahibinden Kiralık Numarayı Arayınız","Kiralık Daire","2 + 1","85 m²","25 Yaşında","·","Kat","8. Kat","İzmir / Torbalı / Cumhuriyet Mah.","https://www.hepsiemlak.com/_nuxt/8cafc93fb5c74c75e9e04e528e02ccdf.jpg","","WhatsApp",""
"https://www.hepsiemlak.com/izmir-konak-halkapinar-kiralik/residence/105206-230","1 / 37","70.000","28/08/2026","Folkart Vega'da Medicana Yakını Balkonlu 2+1 Kiralık Daire","Kiralık Residence","2 + 1","90 m²","4 Yaşında","·","Kat","12. Kat","İzmir / Konak / Halkapınar Mah.","https://www.hepsiemlak.com/_nuxt/8cafc93fb5c74c75e9e04e528e02ccdf.jpg","","WhatsApp",""
"https://www.hepsiemlak.com/izmir-karsiyaka-yali-kiralik/daire/142932-436","1 / 32","49.000","07/09/2026","Karşıyaka Bostanlı Başkent Arkası Site İçinde Kiralık 4+1 Daire","Kiralık Daire","4 + 1","145 m²","31 Yaşında","·","Kat","3. Kat","İzmir / Karşıyaka / Yalı Mah.","https://www.hepsiemlak.com/_nuxt/8cafc93fb5c74c75e9e04e528e02ccdf.jpg","Uygar Gayrimenkul","WhatsApp","https://www.hepsiemlak.com/_nuxt/8cafc93fb5c74c75e9e04e528e02ccdf.jpg"
"https://www.hepsiemlak.com/izmir-bornova-yesilova-kiralik/daire/105340-23","1 / 28","35.000","31/08/2026","Studıonova'da Full Eşyalı Xl 1+1 .Balkonlu Ve Otoparklı'dır.","Kiralık Daire","1 + 1","72 m²","11 Yaşında","·","Kat","6. Kat","İzmir / Bornova / Yeşilova Mah.","https://www.hepsiemlak.com/_nuxt/8cafc93fb5c74c75e9e04e528e02ccdf.jpg","","WhatsApp",""
"https://www.hepsiemlak.com/izmir-balcova-koruturk-kiralik/daire/146583-440","1 / 37","51.000","02/09/2026","Ekonomi. Ünv. Yakını Eşyalı Kiralık Daire","Kiralık Daire","3 + 1","110 m²","31 Yaşında","·","Kat","Yüksek Giriş","İzmir / Balçova / Korutürk Mah.","https://www.hepsiemlak.com/_nuxt/8cafc93fb5c74c75e9e04e528e02ccdf.jpg","Turpa Balçova Vıp","WhatsApp","https://www.hepsiemlak.com/_nuxt/8cafc93fb5c74c75e9e04e528e02ccdf.jpg"
"https://www.hepsiemlak.com/izmir-cesme-musalla-kiralik/daire/74495-4792","1 / 35","40.000","28/08/2026","Çeşme Marina'ya 50mt Yakın 1+1 Eşyalı Köşe Yıllık Kiralık Daire","Kiralık Daire","1 + 1","45 m²","5 Yaşında","·","Kat","1. Kat","İzmir / Çeşme / Musalla Mah.","https://www.hepsiemlak.com/_nuxt/8cafc93fb5c74c75e9e04e528e02ccdf.jpg","","WhatsApp",""
"https://www.hepsiemlak.com/izmir-narlidere-2-inonu-kiralik/daire/162221-343","1 / 30","53.000","28/08/2026","Mavi Boncuk'tan Çağdaşkent'te Deniz Manzaralı Kiralık Geniş 3+1","Kiralık Daire","3 + 1","151 m²","16 Yaşında","·","Kat","4. Kat","İzmir / Narlıdere / 2. İnönü Mah.","https://www.hepsiemlak.com/_nuxt/8cafc93fb5c74c75e9e04e528e02ccdf.jpg","Mavi Boncuk Gayrimenkul","WhatsApp","https://www.hepsiemlak.com/_nuxt/8cafc93fb5c74c75e9e04e528e02ccdf.jpg"
"https://www.hepsiemlak.com/izmir-gaziemir-dokuz-eylul-kiralik/daire/60493-662","1 / 34","50.000","27/08/2026","Yön-Ev'den Gaziemirde Ferah 3+1 | Hastane & İzban Yakını","Kiralık Daire","3 + 1","160 m²","21 Yaşında","·","Kat","1. Kat","İzmir / Gaziemir / Dokuz Eylül Mah.","https://www.hepsiemlak.com/_nuxt/8cafc93fb5c74c75e9e04e528e02ccdf.jpg","Yön-ev Gayrimenkul","WhatsApp","https://www.hepsiemlak.com/_nuxt/8cafc93fb5c74c75e9e04e528e02ccdf.jpg"
"https://www.hepsiemlak.com/izmir-karsiyaka-semikler-kiralik/daire/62493-1661","1 / 34","37.000","27/08/2026","Karşıyaka Şemikler Lisesi Karşı Sokağı 2+1 Kiralık Daire","Kiralık Daire","2 + 1","90 m²","11 Yaşında","·","Kat","3. Kat","İzmir / Karşıyaka / Şemikler Mah.","https://www.hepsiemlak.com/_nuxt/8cafc93fb5c74c75e9e04e528e02ccdf.jpg","Gamex Gayrimenkul","WhatsApp","https://www.hepsiemlak.com/_nuxt/8cafc93fb5c74c75e9e04e528e02ccdf.jpg"
"https://www.hepsiemlak.com/izmir-karsiyaka-inonu-kiralik/daire/164994-22","1 / 35","41.000","29/08/2026","Karşıyaka Soyak Siesta 1'de 2+1 B Tipi Kiralık Daire","Kiralık Daire","2 + 1","90 m²","11 Yaşında","·","Kat","1. Kat","İzmir / Karşıyaka / İnönü Mah.","https://www.hepsiemlak.com/_nuxt/8cafc93fb5c74c75e9e04e528e02ccdf.jpg","","WhatsApp",""
"https://www.hepsiemlak.com/izmir-karsiyaka-imbatli-kiralik/daire/0-47201847","1 / 30","40.000","27/08/2026","Karşıyaka İmbatlı Mahallesi 3.Kat Sahibinden Kiralık","Kiralık Daire","3 + 1","100 m²","13 Yaşında","·","Kat","3. Kat","İzmir / Karşıyaka / İmbatlı Mah.","https://www.hepsiemlak.com/_nuxt/8cafc93fb5c74c75e9e04e528e02ccdf.jpg","","WhatsApp",""
"https://www.hepsiemlak.com/izmir-dikili-ismetpasa-kiralik/daire/63767-1294","1 / 35","55.000","27/08/2026","Dikili Merkezde Deniz & Park Manzaralı Sıfır Tadilatlı 3+1","Kiralık Daire","3 + 1","119 m²","26 Yaşında","·","Kat","4. Kat","İzmir / Dikili / İsmetpaşa Mah.","https://www.hepsiemlak.com/_nuxt/8cafc93fb5c74c75e9e04e528e02ccdf.jpg","","WhatsApp",""
"https://www.hepsiemlak.com/izmir-buca-yaylacik-kiralik/daire/167776-27","1 / 23","35.000","29/08/2026","Yaylacık'ta 150 M2 3+1 Ara Kat Doğalgazlı Kiralık Daire","Kiralık Daire","3 + 1","150 m²","16 Yaşında","·","Kat","2. Kat","İzmir / Buca / Yaylacık Mah.","https://www.hepsiemlak.com/_nuxt/8cafc93fb5c74c75e9e04e528e02ccdf.jpg","Zenka Gayrimenkul Ve Yatırım","WhatsApp",""
"https://www.hepsiemlak.com/izmir-bornova-mevlana-kiralik/daire/135709-212","1 / 32","43.000","26/08/2026","Bornova Mevlana Mahallesinde Kiralık Geniş 3+1 Daire","Kiralık Daire","3 + 1","135 m²","15 Yaşında","·","Kat","3. Kat","İzmir / Bornova / Mevlana Mah.","https://www.hepsiemlak.com/_nuxt/8cafc93fb5c74c75e9e04e528e02ccdf.jpg","Startkey Vizyon Gayrimenkul","WhatsApp","https://www.hepsiemlak.com/_nuxt/8cafc93fb5c74c75e9e04e528e02ccdf.jpg"
"https://www.hepsiemlak.com/izmir-urla-m-fevzi-cakmak-kiralik/villa/159896-38","1 / 58","195.000","04/09/2026","Mareşal Fevzi Çakmakta Müstakil Havuzlu, Full Eşyalı Lüks Villa","Kiralık Villa","8 + 1","367 m²","2 Yaşında","·","Kat","","İzmir / Urla / M. Fevzi Çakmak Mah.","https://www.hepsiemlak.com/_nuxt/8cafc93fb5c74c75e9e04e528e02ccdf.jpg","","WhatsApp",""
"https://www.hepsiemlak.com/izmir-bornova-barbaros-kiralik/daire/149990-900","1 / 22","69.000","26/08/2026","Dap Yapı İzmir Deniz Manz. Kapalı Mutfak Kiralık 3+1 Daire","Kiralık Daire","3 + 1","130 m²","5 Yaşında","·","Kat","18. Kat","İzmir / Bornova / Barbaros Mah.","https://www.hepsiemlak.com/_nuxt/8cafc93fb5c74c75e9e04e528e02ccdf.jpg","Fast Buy Gayrimenkul","WhatsApp","https://www.hepsiemlak.com/_nuxt/8cafc93fb5c74c75e9e04e528e02ccdf.jpg"
"https://www.hepsiemlak.com/izmir-tire-hurriyet-kiralik/daire/165080-27","1 / 60","25.750","26/08/2026","Merkezi Konumda Avm Ve Hastaneye Yakın 3+1","Kiralık Daire","3 + 1","135 m²","11 Yaşında","·","Kat","Yüksek Giriş","İzmir / Tire / Hürriyet Mah.","https://www.hepsiemlak.com/_nuxt/8cafc93fb5c74c75e9e04e528e02ccdf.jpg","Yenka Gayrimenkul","WhatsApp","https://www.hepsiemlak.com/_nuxt/8cafc93fb5c74c75e9e04e528e02ccdf.jpg"
"https://www.hepsiemlak.com/izmir-menemen-istiklal-kiralik/daire/54684-4681","1 / 50","25.000","03/09/2026","Gültekin Pera 2 Ulukent'te Havuz Manzaralı Kiralık 1+1 Daire","Kiralık Daire","1 + 1","55 m²","Sıfır Bina","·","Kat","5. Kat","İzmir / Menemen / İstiklal Mah.","https://www.hepsiemlak.com/_nuxt/8cafc93fb5c74c75e9e04e528e02ccdf.jpg","Startkey Altunsu","WhatsApp","https://www.hepsiemlak.com/_nuxt/8cafc93fb5c74c75e9e04e528e02ccdf.jpg"
"https://www.hepsiemlak.com/izmir-urla-ataturk-kiralik/villa/165507-19","1 / 35","125.000","25/08/2026","Urla Atatürk Mahallesinde 4+1 Triplex Kiralık Villa","Kiralık Villa","4 + 1","150 m²","Sıfır Bina","·","Kat","","İzmir / Urla / Atatürk Mah.","https://www.hepsiemlak.com/_nuxt/8cafc93fb5c74c75e9e04e528e02ccdf.jpg","Korkusuz Gayrimenkul","WhatsApp","https://www.hepsiemlak.com/_nuxt/8cafc93fb5c74c75e9e04e528e02ccdf.jpg"
"https://www.hepsiemlak.com/izmir-urla-m-fevzi-cakmak-kiralik/villa/162872-249","1 / 35","125.000","25/08/2026","Ted Karşısı Sıfır Deniz Manzaralı Site İçinde Havuzlu Villa","Kiralık Villa","4 + 1","300 m²","Sıfır Bina","·","Kat","","İzmir / Urla / M. Fevzi Çakmak Mah.","https://www.hepsiemlak.com/_nuxt/8cafc93fb5c74c75e9e04e528e02ccdf.jpg","Premium Estate Gayrimenkul","WhatsApp","https://www.hepsiemlak.com/_nuxt/8cafc93fb5c74c75e9e04e528e02ccdf.jpg"
"https://www.hepsiemlak.com/izmir-urla-guvendik-kiralik/villa/171159-10","1 / 35","195.000","28/08/2026","Urla Güvendik’te Deniz Manzaralı, Havuzlu Ve Kdv Avantajlı Villa","Kiralık Villa","5 + 2","320 m²","Sıfır Bina","·","Kat","","İzmir / Urla / Güvendik Mah.","","Luxeva Gayrimenkul","WhatsApp","https://hecdnnw.hemlak.com/mncropresize/77/67/firmuser/8/6/7/6/1/8/4/3f677042-85a1-4a4f-9ba2-6248d96455c0.jpg"
"https://www.hepsiemlak.com/izmir-dikili-salimbey-kiralik/daire/171321-7","1 / 33","55.000","25/08/2026","Kiralık 4+1 Kaptan Köşkü Deniz Manzaralı Dubleks","Kiralık Daire","4 + 1","180 m²","6 Yaşında","·","Kat","Çatı Katı","İzmir / Dikili / Salimbey Mah.","","","WhatsApp",""
"https://www.hepsiemlak.com/izmir-bayrakli-sogukkuyu-kiralik/daire/109132-544","1 / 44","45.000","28/08/2026","Medical Park Ve Pazaryeri Yakını Asansörlü Doğalgazlı Eşyalı Kiralık","Kiralık Daire","3 + 1","140 m²","15 Yaşında","·","Kat","3. Kat","İzmir / Bayraklı / Soğukkuyu Mah.","https://hecdnnw.hemlak.com/mncropresize/77/67/logo/2/3/1/9/0/1/9114623f-3f48-4cb6-a7c0-161d1f7ae590.jpg","Gülşen Emlak","WhatsApp",""
"https://www.hepsiemlak.com/izmir-menderes-cuneytbey-kiralik/daire/0-47185047","1 / 21","31.000","08/09/2026","Ev Sahibinden Menderes Karakaya 1923 Sitesi Kiralık 2+1","Kiralık Daire","2 + 1","70 m²","2 Yaşında","·","Kat","En Üst Kat","İzmir / Menderes / Cüneytbey Mah.","https://hecdn01.hemlak.com/mncropresize/182/137/ds01/7/4/0/5/8/1/7/4/_tGRMaFnSvcZa67a9flvY.jpeg","","WhatsApp",""
"https://www.hepsiemlak.com/izmir-bayrakli-75-yil-kiralik/daire/0-47187148","1 / 21","36.000","01/09/2026","Acil Sahibinden 3+1","Kiralık Daire","3 + 1","100 m²","31 Yaşında","·","Kat","Yüksek Giriş","İzmir / Bayraklı / 75. Yıl Mah.","https://www.hepsiemlak.com/_nuxt/8cafc93fb5c74c75e9e04e528e02ccdf.jpg","","WhatsApp",""
"https://www.hepsiemlak.com/izmir-seferihisar-camikebir-kiralik/daire/0-47183954","1 / 16","45.000","24/08/2026","Kiralık Camikebir Mah.","Kiralık Daire","3 + 1","120 m²","6 Yaşında","·","Kat","2. Kat","İzmir / Seferihisar / Camikebir Mah.","https://www.hepsiemlak.com/_nuxt/8cafc93fb5c74c75e9e04e528e02ccdf.jpg","","WhatsApp",""
"https://www.hepsiemlak.com/izmir-karabaglar-basin-sitesi-kiralik/daire/156891-65","1 / 22","40.000","24/08/2026","İzmir Karabağlarda Hastane Karşısı Kiralık Daire","Kiralık Daire","3 + 1","140 m²","31 Yaşında","·","Kat","4. Kat","İzmir / Karabağlar / Basın Sitesi Mah.","https://www.hepsiemlak.com/_nuxt/8cafc93fb5c74c75e9e04e528e02ccdf.jpg","Servet Zengin Gayrimenkul","WhatsApp","https://www.hepsiemlak.com/_nuxt/8cafc93fb5c74c75e9e04e528e02ccdf.jpg"
"https://www.hepsiemlak.com/izmir-buca-yaylacik-kiralik/daire/0-47183160","1 / 21","26.000","25/08/2026","Buca Yaylacık Mah. Eşyalı 1+1, 9eylül Üniversiteye 900metre","Kiralık Daire","1 + 1","50 m²","5 Yaşında","·","Kat","Ara Kat","İzmir / Buca / Yaylacık Mah.","https://www.hepsiemlak.com/_nuxt/8cafc93fb5c74c75e9e04e528e02ccdf.jpg","","WhatsApp",""
"https://www.hepsiemlak.com/izmir-guzelbahce-kahramandere-kiralik/villa/155322-78","1 / 35","220.000","25/08/2026","Güzelbahçe Kahramanderede Site İçerisinde 4+1 Kiralık Villa","Kiralık Villa","4 + 1","300 m²","4 Yaşında","·","Kat","","İzmir / Güzelbahçe / Kahramandere Mah.","https://www.hepsiemlak.com/_nuxt/8cafc93fb5c74c75e9e04e528e02ccdf.jpg","","WhatsApp",""
"https://www.hepsiemlak.com/izmir-seferihisar-camikebir-kiralik/daire/163713-229","1 / 22","22.000","24/08/2026","Seferihisar Tokide Geniş, Kilerli, Kapalı Mutfaklı Kiralık 2+1","Kiralık Daire","2 + 1","95 m²","Sıfır Bina","·","Kat","2. Kat","İzmir / Seferihisar / Camikebir Mah.","https://www.hepsiemlak.com/_nuxt/8cafc93fb5c74c75e9e04e528e02ccdf.jpg","Aırsoy Chıll Avıatıon Gayrimenkul","WhatsApp","https://www.hepsiemlak.com/_nuxt/8cafc93fb5c74c75e9e04e528e02ccdf.jpg"
"https://www.hepsiemlak.com/izmir-karsiyaka-bostanli-kiralik/daire/169036-70","1 / 19","41.000","24/08/2026","Bostanlı'da Ara Kar Balkonlu Köşe 1+1 Sıfır Daire","Kiralık Daire","1 + 1","62 m²","Sıfır Bina","·","Kat","4. Kat","İzmir / Karşıyaka / Bostanlı Mah.","https://www.hepsiemlak.com/_nuxt/8cafc93fb5c74c75e9e04e528e02ccdf.jpg","","WhatsApp",""
"https://www.hepsiemlak.com/izmir-karsiyaka-yali-kiralik/daire/119640-3728","1 / 35","47.000","24/08/2026","Yalı Mahallesi Bostanlı Yakını 3+1 Kiralık Daire","Kiralık Daire","3 + 1","135 m²","16 Yaşında","·","Kat","2. Kat","İzmir / Karşıyaka / Yalı Mah.","https://www.hepsiemlak.com/_nuxt/8cafc93fb5c74c75e9e04e528e02ccdf.jpg","Startkey Ege Gayrimenkul","WhatsApp","https://www.hepsiemlak.com/_nuxt/8cafc93fb5c74c75e9e04e528e02ccdf.jpg"
"https://www.hepsiemlak.com/izmir-karabaglar-bozyaka-kiralik/daire/84343-884","1 / 30","22.500","24/08/2026","Baş-Kaleden Zincirlikuyu Merkezde 2+1 Çift Balkonlu Genç Daire","Kiralık Daire","2 + 1","95 m²","6 Yaşında","·","Kat","4. Kat","İzmir / Karabağlar / Bozyaka Mah.","https://www.hepsiemlak.com/_nuxt/8cafc93fb5c74c75e9e04e528e02ccdf.jpg","Baş-kale Gayrimenkul Ve Yatırım","WhatsApp","https://www.hepsiemlak.com/_nuxt/8cafc93fb5c74c75e9e04e528e02ccdf.jpg"
"https://www.hepsiemlak.com/izmir-cigli-cagdas-kiralik/daire/166958-61","1 / 20","30.000","24/08/2026","Egekent’te Full Deniz Manzaralı Kiralık Daire","Kiralık Daire","3 + 1","120 m²","25 Yaşında","·","Kat","6. Kat","İzmir / Çiğli / Çağdaş Mah.","https://www.hepsiemlak.com/_nuxt/8cafc93fb5c74c75e9e04e528e02ccdf.jpg","Piex Gayrimenkul","WhatsApp","https://www.hepsiemlak.com/_nuxt/8cafc93fb5c74c75e9e04e528e02ccdf.jpg"
"https://www.hepsiemlak.com/izmir-menemen-villakent-kiralik/villa/144072-922","1 / 35","50.000","24/08/2026","Menemen Villakent'te Site İçinde Kiralık 2+1 Villa","Kiralık Villa","2 + 1","110 m²","Sıfır Bina","·","Kat","","İzmir / Menemen / Villakent Mah.","https://www.hepsiemlak.com/_nuxt/8cafc93fb5c74c75e9e04e528e02ccdf.jpg","Remax Kare","WhatsApp","https://www.hepsiemlak.com/_nuxt/8cafc93fb5c74c75e9e04e528e02ccdf.jpg"
"https://www.hepsiemlak.com/izmir-buca-firat-kiralik/daire/149571-216","1 / 40","35.000","29/08/2026","Buca Fıratta Kiralık Site İçi Asansörlü Otoparklı 3+1 Daire","Kiralık Daire","3 + 1","140 m²","21 Yaşında","·","Kat","2. Kat","İzmir / Buca / Fırat Mah.","https://www.hepsiemlak.com/_nuxt/8cafc93fb5c74c75e9e04e528e02ccdf.jpg","Yüksel Emlak İnşaat","WhatsApp","https://www.hepsiemlak.com/_nuxt/8cafc93fb5c74c75e9e04e528e02ccdf.jpg"
"https://www.hepsiemlak.com/izmir-dikili-candarli-kiralik/daire/154552-233","1 / 25","29.000","03/09/2026","Havuzlu Site İçinde Deniz Manzaralı 2+1 Dubleks Kiralık","Kiralık Daire","2 + 1","80 m²","3 Yaşında","·","Kat","2. Kat","İzmir / Dikili / Çandarlı Mah.","https://www.hepsiemlak.com/_nuxt/8cafc93fb5c74c75e9e04e528e02ccdf.jpg","Coldwell Banker Route Gayrimenkul","WhatsApp","https://www.hepsiemlak.com/_nuxt/8cafc93fb5c74c75e9e04e528e02ccdf.jpg"
"https://www.hepsiemlak.com/izmir-dikili-candarli-kiralik/daire/115723-65","1 / 27","32.500","22/08/2026","Candarlı Merkezde Pazar Yerı Karsısı Yaman'dan  Asansorlu 2+1 Kıralık Daıre","Kiralık Daire","2 + 1","80 m²","3 Yaşında","·","Kat","En Üst Kat","İzmir / Dikili / Çandarlı Mah.","https://www.hepsiemlak.com/_nuxt/8cafc93fb5c74c75e9e04e528e02ccdf.jpg","","WhatsApp",""
"https://www.hepsiemlak.com/izmir-konak-goztepe-kiralik/daire/77108-1323","1 / 60","70.000","03/09/2026","İnönü Caddesinde 3+1 Deniz Manzaralı Kiralık Daire","Kiralık Daire","3 + 1","200 m²","31 Yaşında","·","Kat","6. Kat","İzmir / Konak / Göztepe Mah.","https://www.hepsiemlak.com/_nuxt/8cafc93fb5c74c75e9e04e528e02ccdf.jpg","Âlâ Emlak","WhatsApp","https://www.hepsiemlak.com/_nuxt/8cafc93fb5c74c75e9e04e528e02ccdf.jpg"
"https://www.hepsiemlak.com/izmir-narlidere-narli-kiralik/daire/0-47168895","1 / 18","45.000","28/08/2026","Sahibinden Narlıdere Cadde Üzeri 3+1 120 M² Kiralık Daire","Kiralık Daire","3 + 1","130 m²","30 Yaşında","·","Kat","4. Kat","İzmir / Narlıdere / Narlı Mah.","https://www.hepsiemlak.com/_nuxt/8cafc93fb5c74c75e9e04e528e02ccdf.jpg","","WhatsApp",""
"https://www.hepsiemlak.com/izmir-karabaglar-vatan-kiralik/daire/42880-333","1 / 30","40.000","03/09/2026","Karabağlar Vatan Mah. Hastane Yakını Full Eşyalı 3+1 Arakat","Kiralık Daire","3 + 1","120 m²","26 Yaşında","·","Kat","3. Kat","İzmir / Karabağlar / Vatan Mah.","https://www.hepsiemlak.com/_nuxt/8cafc93fb5c74c75e9e04e528e02ccdf.jpg","Yeni Adresin Gayrimenkul","WhatsApp","https://www.hepsiemlak.com/_nuxt/8cafc93fb5c74c75e9e04e528e02ccdf.jpg"
"https://www.hepsiemlak.com/izmir-foca-yenibagarasi-kiralik/villa/121980-1791","1 / 43","35.000","21/08/2026","Ata 35 Emlak Yeni Bağarasında Eşyalı Ve Boş  Müstakil Bahçeli Dubleks Villa","Kiralık Villa","3 + 1","140 m²","7 Yaşında","·","Kat","","İzmir / Foça / Yenibağarası Mah.","https://www.hepsiemlak.com/_nuxt/8cafc93fb5c74c75e9e04e528e02ccdf.jpg","Ata 35 Emlak","WhatsApp","https://www.hepsiemlak.com/_nuxt/8cafc93fb5c74c75e9e04e528e02ccdf.jpg"
"https://www.hepsiemlak.com/izmir-karabaglar-kazim-karabekir-kiralik/daire/151867-382","1 / 34","33.000","21/08/2026","Demetten Üzümcü Okulu Önü Acık 3+1 Ebeveyn Banyo Kiralık Daire..","Kiralık Daire","3 + 1","160 m²","21 Yaşında","·","Kat","1. Kat","İzmir / Karabağlar / Kazım Karabekir Mah.","https://www.hepsiemlak.com/_nuxt/8cafc93fb5c74c75e9e04e528e02ccdf.jpg","","WhatsApp",""
"https://www.hepsiemlak.com/izmir-guzelbahce-yelki-kiralik/villa/0-47164067","1 / 59","310.000","22/08/2026","Güzelbahçe Yelki’de Özel Havuzlu, Eşyalı, 4 Suitli Lüks Villa","Kiralık Villa","4 + 2","300 m²","Sıfır Bina","·","Kat","","İzmir / Güzelbahçe / Yelki Mah.","https://www.hepsiemlak.com/_nuxt/8cafc93fb5c74c75e9e04e528e02ccdf.jpg","","WhatsApp",""
"https://www.hepsiemlak.com/izmir-dikili-ismetpasa-kiralik/daire/142474-221","1 / 27","34.000","07/09/2026","Dikili Ok Panaroma Evlerinde Sürekli Kiralık Ev.","Kiralık Daire","2 + 1","95 m²","6 Yaşında","·","Kat","1. Kat","İzmir / Dikili / İsmetpaşa Mah.","https://hecdnnw.hemlak.com/mncropresize/77/67/logo/4/7/4/2/4/1/c3e1221b-429b-47e5-b27d-0a1bc9d33637.jpg","Realty World Tarım Gayrimenkul","WhatsApp",""
"https://www.hepsiemlak.com/izmir-menemen-gazi-mustafa-kemal-kiralik/daire/164457-64","1 / 16","25.000","31/08/2026","Seyrek Merkezde Yarı Eşyalı Kiralık 1+1 Daire","Kiralık Daire","1 + 1","60 m²","Sıfır Bina","·","Kat","1. Kat","İzmir / Menemen / Gazi Mustafa Kemal Mah.","","","WhatsApp",""
"https://www.hepsiemlak.com/izmir-seferihisar-camikebir-kiralik/daire/166482-151","1 / 28","27.000","08/09/2026","Karakayalar Bölgesinde 2+1 Kiralık Daire","Kiralık Daire","2 + 1","90 m²","4 Yaşında","·","Kat","Yüksek Giriş","İzmir / Seferihisar / Camikebir Mah.","https://hecdnnw.hemlak.com/mncropresize/77/67/logo/2/8/4/6/6/1/ce09e099-e49b-4b2c-a6ff-5a1b788ae199.jpg","Parnis Gayrimenkul","WhatsApp",""
"https://www.hepsiemlak.com/izmir-menemen-30-agustos-kiralik/daire/129921-668","1 / 24","40.000","19/08/2026","Egekent 2'de İzban'a Yürüyüş Mesafesinde 3+1 Kiralık Daire","Kiralık Daire","3 + 1","135 m²","6 Yaşında","·","Kat","2. Kat","İzmir / Menemen / 30 Ağustos Mah.","https://hecdn01.hemlak.com/mncropresize/182/137/ds01/7/5/6/1/5/1/7/4/4ae1fff0-6ad8-4ab1-a450-bd069c38460d.jpg","Rota Gayrimenkul","WhatsApp","https://hecdnnw.hemlak.com/mncropresize/77/67/logo/1/2/9/9/2/1/a6414ddd-0f9c-417c-8ff2-b714fce446eb.jpg"
"https://www.hepsiemlak.com/izmir-buca-kurucesme-kiralik/daire/142618-549","1 / 18","16.500","05/09/2026","Goldıa""dan Eşyasız Kiralık1+1","Kiralık Daire","1 + 1","50 m²","6 Yaşında","·","Kat","Yüksek Giriş","İzmir / Buca / Kuruçeşme Mah.","https://www.hepsiemlak.com/_nuxt/8cafc93fb5c74c75e9e04e528e02ccdf.jpg","Goldia Yapı Gayrimenkul","WhatsApp","https://www.hepsiemlak.com/_nuxt/8cafc93fb5c74c75e9e04e528e02ccdf.jpg"
"https://www.hepsiemlak.com/izmir-karsiyaka-bahcelievler-kiralik/daire/0-47151873","1 / 25","40.000","19/08/2026","Sahibinden | Girne Gün Sazak Tadilatlı, Ferah Salon, Merkezi Konumda,","Kiralık Daire","3 + 1","120 m²","30 Yaşında","·","Kat","Kot 2","İzmir / Karşıyaka / Bahçelievler Mah.","https://www.hepsiemlak.com/_nuxt/8cafc93fb5c74c75e9e04e528e02ccdf.jpg","","WhatsApp",""
"https://www.hepsiemlak.com/izmir-bornova-kazimdirik-kiralik/daire/123482-59","1 / 26","45.000","18/08/2026","Bornova Süvari Caddesinde Kiralık 2+1 Dublex Daire","Kiralık Daire","2 + 1","90 m²","16 Yaşında","·","Kat","1. Kat","İzmir / Bornova / Kazımdirik Mah.","https://www.hepsiemlak.com/_nuxt/8cafc93fb5c74c75e9e04e528e02ccdf.jpg","Turpa Mertcan Gayrimenkul","WhatsApp","https://www.hepsiemlak.com/_nuxt/8cafc93fb5c74c75e9e04e528e02ccdf.jpg"
"https://www.hepsiemlak.com/izmir-bornova-yesilova-kiralik/daire/144308-587","1 / 40","31.000","25/08/2026","Poınt Bornova'da 1+1 Kiralık Rezidans Daire","Kiralık Daire","1 + 1","53 m²","Sıfır Bina","·","Kat","2. Kat","İzmir / Bornova / Yeşilova Mah.","https://www.hepsiemlak.com/_nuxt/8cafc93fb5c74c75e9e04e528e02ccdf.jpg","Coldwell Banker Poyraz","WhatsApp","https://www.hepsiemlak.com/_nuxt/8cafc93fb5c74c75e9e04e528e02ccdf.jpg"
"https://www.hepsiemlak.com/izmir-dikili-ismetpasa-kiralik/daire/171131-18","1 / 21","27.000","28/08/2026","Şehir Merkezin'de 2+1 Kapalı Mutfak Kiralık Daire","Kiralık Daire","2 + 1","100 m²","6 Yaşında","·","Kat","1. Kat","İzmir / Dikili / İsmetpaşa Mah.","https://www.hepsiemlak.com/_nuxt/8cafc93fb5c74c75e9e04e528e02ccdf.jpg","Divalife Gayrimenkul","WhatsApp","https://www.hepsiemlak.com/_nuxt/8cafc93fb5c74c75e9e04e528e02ccdf.jpg"
"https://www.hepsiemlak.com/izmir-bergama-fatih-kiralik/daire/87156-399","1 / 52","57.500","18/08/2026","Bergama Fatih Mah Nefes Hayal Evlerinde Eşyalı Kiralık 3+1 Daire","Kiralık Daire","3 + 1","115 m²","3 Yaşında","·","Kat","Yüksek Giriş","İzmir / Bergama / Fatih Mah.","https://www.hepsiemlak.com/_nuxt/8cafc93fb5c74c75e9e04e528e02ccdf.jpg","Connecttürk Kozber Gayrimenkul","WhatsApp","https://www.hepsiemlak.com/_nuxt/8cafc93fb5c74c75e9e04e528e02ccdf.jpg"
"https://www.hepsiemlak.com/izmir-karsiyaka-semikler-kiralik/daire/95855-368","1 / 18","34.000","29/08/2026","İzmir Karşıyaka Şemiklerde Kiralık 2+1 Kapalı Mutfaklı Daire","Kiralık Daire","2 + 1","85 m²","11 Yaşında","·","Kat","4. Kat","İzmir / Karşıyaka / Şemikler Mah.","https://www.hepsiemlak.com/_nuxt/8cafc93fb5c74c75e9e04e528e02ccdf.jpg","","WhatsApp",""
"https://www.hepsiemlak.com/izmir-karabaglar-fahrettin-altay-kiralik/daire/166400-132","1 / 35","33.000","02/09/2026","İzmir Üçkuyular Oyak Sitesi'nde Eşyalı Kiralık 2+1 Daire","Kiralık Daire","2 + 1","102 m²","31 Yaşında","·","Kat","1. Kat","İzmir / Karabağlar / Fahrettin Altay Mah.","https://www.hepsiemlak.com/_nuxt/8cafc93fb5c74c75e9e04e528e02ccdf.jpg","Demka Gayrimenkul 2","WhatsApp","https://www.hepsiemlak.com/_nuxt/8cafc93fb5c74c75e9e04e528e02ccdf.jpg"
"https://www.hepsiemlak.com/izmir-torbali-fevzi-cakmak-kiralik/daire/117111-79","1 / 22","22.000","02/09/2026","Ayrancılar Mah Kiralık 4+1 Dublexs Daire","Kiralık Daire","3 + 1","220 m²","6 Yaşında","·","Kat","3. Kat","İzmir / Torbalı / Fevzi Çakmak Mah.","https://www.hepsiemlak.com/_nuxt/8cafc93fb5c74c75e9e04e528e02ccdf.jpg","","WhatsApp",""
"https://www.hepsiemlak.com/izmir-cesme-ilica-kiralik/villa/168645-188","1 / 35","1.950.000","27/08/2026","Mamurbaba'da 800 M2 De Yıllık Kiralık 6+2 Tek Müstakil Villa","Kiralık Villa","6 + 2","350 m²","16 Yaşında","·","Kat","","İzmir / Çeşme / Ilıca Mah.","https://www.hepsiemlak.com/_nuxt/8cafc93fb5c74c75e9e04e528e02ccdf.jpg","Salih Derli Gayrimenkul Luxury Realty","WhatsApp","https://www.hepsiemlak.com/_nuxt/8cafc93fb5c74c75e9e04e528e02ccdf.jpg"
"https://www.hepsiemlak.com/izmir-cesme-reisdere-kiralik/daire/153824-374","1 / 23","35.000","18/08/2026","Reisdere'de Yıllık Kiralık Eşyalı 1+1 Daire","Kiralık Daire","1 + 1","39 m²","2 Yaşında","·","Kat","1. Kat","İzmir / Çeşme / Reisdere Mah.","https://www.hepsiemlak.com/_nuxt/8cafc93fb5c74c75e9e04e528e02ccdf.jpg","Altındiş Gayrimenkul Yatırım","WhatsApp","https://www.hepsiemlak.com/_nuxt/8cafc93fb5c74c75e9e04e528e02ccdf.jpg"
"https://www.hepsiemlak.com/izmir-bornova-erzene-kiralik/daire/144075-29","1 / 21","40.000","31/08/2026","Kampüs Ve Metro Dibinde! Bölgenin En Genç Binasında Kiralık 2+1","Kiralık Daire","2 + 1","100 m²","6 Yaşında","·","Kat","2. Kat","İzmir / Bornova / Erzene Mah.","https://www.hepsiemlak.com/_nuxt/8cafc93fb5c74c75e9e04e528e02ccdf.jpg","","WhatsApp",""
"https://www.hepsiemlak.com/izmir-torbali-alpkent-kiralik/daire/144499-195","1 / 25","20.000","09/09/2026","Müstakil Tadında Alpkent Mah. İzbana Yakın 130m2 3+1 D.Gazlı, Dairemiz Kiralıktır.","Kiralık Daire","3 + 1","130 m²","110 Yaşında","·","Kat","Giriş Katı","İzmir / Torbalı / Alpkent Mah.","https://www.hepsiemlak.com/_nuxt/8cafc93fb5c74c75e9e04e528e02ccdf.jpg","","WhatsApp",""
"https://www.hepsiemlak.com/izmir-buca-yaylacik-kiralik/daire/158213-134","1 / 15","27.500","29/08/2026","İbf Dibin'de Teraslı Manzaralı Dubleks Eşyalı Kiralık Daire","Kiralık Daire","1 + 1","67 m²","3 Yaşında","·","Kat","3. Kat","İzmir / Buca / Yaylacık Mah.","https://www.hepsiemlak.com/_nuxt/8cafc93fb5c74c75e9e04e528e02ccdf.jpg","Fix Yapı Gayrimenkul","WhatsApp","https://www.hepsiemlak.com/_nuxt/8cafc93fb5c74c75e9e04e528e02ccdf.jpg"
"https://www.hepsiemlak.com/izmir-konak-altintas-kiralik/daire/0-47127000","1 / 18","30.000","08/09/2026","Üçyol Metroya 200 Metre Sahibinden Kiralık Yeni Daire","Kiralık Daire","2 + 1","85 m²","8 Yaşında","·","Kat","2. Kat","İzmir / Konak / Altıntaş Mah.","https://www.hepsiemlak.com/_nuxt/8cafc93fb5c74c75e9e04e528e02ccdf.jpg","","WhatsApp",""
"https://www.hepsiemlak.com/izmir-gaziemir-atifbey-kiralik/daire/0-47127332","1 / 24","42.000","25/08/2026","Apart Otel Tadında ,Bavulunu Al Gel","Kiralık Daire","2 + 1","85 m²","7 Yaşında","·","Kat","Yüksek Giriş","İzmir / Gaziemir / Atıfbey Mah.","https://www.hepsiemlak.com/_nuxt/8cafc93fb5c74c75e9e04e528e02ccdf.jpg","","WhatsApp",""
"https://www.hepsiemlak.com/izmir-konak-goztepe-kiralik/daire/150255-184","1 / 29","36.500","14/08/2026","Amerikan Koleji Yanı Doğal Gazlı Klimalı 3+1 Çift Cephe Bahçeli Düz Giriş Daire","Kiralık Daire","3 + 1","120 m²","45 Yaşında","·","Kat","Giriş Katı","İzmir / Konak / Göztepe Mah.","https://www.hepsiemlak.com/_nuxt/8cafc93fb5c74c75e9e04e528e02ccdf.jpg","","WhatsApp",""
"https://www.hepsiemlak.com/izmir-karaburun-saip-kiralik/mustakil-ev/27431-12076","1 / 42","96.000","14/08/2026","Karaburun Saip’te Muhteşem Deniz Manzarası  Şömineli, Kış Bahçeli, 958 M² Müstakil Kiralık Villa","Kiralık Müstakil Ev","4 + 1","300 m²","15 Yaşında","·","Kat","","İzmir / Karaburun / Saip Mah.","https://www.hepsiemlak.com/_nuxt/8cafc93fb5c74c75e9e04e528e02ccdf.jpg","Remax Sonuç","WhatsApp","https://www.hepsiemlak.com/_nuxt/8cafc93fb5c74c75e9e04e528e02ccdf.jpg"
"https://www.hepsiemlak.com/izmir-menemen-emiralem-merkez-kiralik/villa/60356-1424","1 / 35","65.000","14/08/2026","Menemen Emiralem Merkezde Site İçi Kiralık Havuzlu 3+1 Villa","Kiralık Villa","3 + 1","130 m²","Sıfır Bina","·","Kat","Bahçe Katı","İzmir / Menemen / Emiralem Merkez Mah.","https://www.hepsiemlak.com/_nuxt/8cafc93fb5c74c75e9e04e528e02ccdf.jpg","","WhatsApp",""
"https://www.hepsiemlak.com/izmir-karsiyaka-semikler-kiralik/daire/89297-1129","1 / 38","34.000","14/08/2026","Semıklerde Merkez Kıralık Daıre","Kiralık Daire","2 + 1","80 m²","10 Yaşında","·","Kat","En Üst Kat","İzmir / Karşıyaka / Şemikler Mah.","https://www.hepsiemlak.com/_nuxt/8cafc93fb5c74c75e9e04e528e02ccdf.jpg","","WhatsApp",""
"https://www.hepsiemlak.com/izmir-cigli-evka-5-kiralik/bina/163866-12","1 / 16","19.000","13/08/2026","Evka5 Merkezi Yerde Tam Tadilatlı Kulanışlı Doğalgazlı Konut","Kiralık Bina","1 + 1","70 m²","18 Yaşında","·","Kat","","İzmir / Çiğli / Evka-5 Mah.","","","WhatsApp",""
"https://www.hepsiemlak.com/izmir-karaburun-iskele-kiralik/mustakil-ev/159447-30","1 / 25","30.000","08/09/2026","Efes Evleri Kiralık Bahçeli Ev","Kiralık Müstakil Ev","3 + 1","184 m²","31 Yaşında","·","Kat","","İzmir / Karaburun / İskele Mah.","https://hecdnnw.hemlak.com/mncropresize/77/67/logo/7/4/4/9/5/1/b175a711-d51f-4bf6-b7be-04d996fc1ff8.jpg","Yalı Karaburun Gayrimenkul","WhatsApp",""
"https://www.hepsiemlak.com/izmir-konak-atilla-kiralik/daire/170020-32","1 / 22","29.000","19/08/2026","True Estate | İnönü Cad. Pareleli 3 Odalı Kiralık Ara Kat Konut","Kiralık Daire","3 + 1","135 m²","21 Yaşında","·","Kat","Yarı Bodrum","İzmir / Konak / Atilla Mah.","https://hecdnnw.hemlak.com/mncropresize/77/67/logo/0/2/0/0/7/1/7d1e48d5-ce72-4f13-a0ff-50711fab4596.jpg","True Estate","WhatsApp",""
"https://www.hepsiemlak.com/izmir-guzelbahce-mustafa-kemal-pasa-kiralik/villa/0-47120656","1 / 17","100.000","13/08/2026","Sahibinden Kiralık","Kiralık Villa","5 + 1","320 m²","25 Yaşında","·","Kat","","İzmir / Güzelbahçe / Mustafa Kemal Paşa Mah.","https://hecdn01.hemlak.com/mncropresize/182/137/ds01/6/5/6/0/2/1/7/4/SlsNGu4evXO8krySz_02z.jpg","","WhatsApp",""
"https://www.hepsiemlak.com/izmir-torbali-inonu-kiralik/daire/161421-125","1 / 28","45.000","13/08/2026","Ayrancılar Site İçi Full Eşyalı 4+1 Kiralık Daire","Kiralık Daire","4 + 1","170 m²","6 Yaşında","·","Kat","7. Kat","İzmir / Torbalı / İnönü Mah.","https://www.hepsiemlak.com/_nuxt/8cafc93fb5c74c75e9e04e528e02ccdf.jpg","Güneş Luxury Real Estate","WhatsApp","https://www.hepsiemlak.com/img/loadings/noImage55-55.png"
"https://www.hepsiemlak.com/izmir-odemis-anafartalar-kiralik/daire/133481-490","1 / 16","18.000","03/09/2026","Muhteşem Konum, Anafartalar Mah. Kiralık 3+1 Daire !!!","Kiralık Daire","3 + 1","135 m²","26 Yaşında","·","Kat","2. Kat","İzmir / Ödemiş / Anafartalar Mah.","https://www.hepsiemlak.com/_nuxt/8cafc93fb5c74c75e9e04e528e02ccdf.jpg","Duha Yapı Ve Gayrimenkul","WhatsApp","https://www.hepsiemlak.com/_nuxt/8cafc93fb5c74c75e9e04e528e02ccdf.jpg"
"https://www.hepsiemlak.com/izmir-karsiyaka-bostanli-kiralik/daire/145597-258","1 / 40","70.000","12/08/2026","Bostanlı Merkezde Mesken Ev Ve İşyeri Olarak Kiralıktır","Kiralık Daire","3 + 1","140 m²","26 Yaşında","·","Kat","1. Kat","İzmir / Karşıyaka / Bostanlı Mah.","https://www.hepsiemlak.com/_nuxt/8cafc93fb5c74c75e9e04e528e02ccdf.jpg","Ecofast Gayrimenkul","WhatsApp","https://www.hepsiemlak.com/_nuxt/8cafc93fb5c74c75e9e04e528e02ccdf.jpg"
"https://www.hepsiemlak.com/izmir-karsiyaka-dedebasi-kiralik/daire/144332-291","1 / 17","50.000","22/08/2026","Karşıyaka Dedebaşında Çift Cephe Eşyalı Kiralık 2+1 Daire","Kiralık Daire","2 + 1","90 m²","6 Yaşında","·","Kat","1. Kat","İzmir / Karşıyaka / Dedebaşı Mah.","https://www.hepsiemlak.com/_nuxt/8cafc93fb5c74c75e9e04e528e02ccdf.jpg","","WhatsApp",""
"https://www.hepsiemlak.com/izmir-menemen-istiklal-kiralik/villa/152256-57","1 / 21","115.000","16/08/2026","Menemen Kent 2 De Kiralık 3+1 Triplex Villa","Kiralık Villa","3 + 1","160 m²","4 Yaşında","·","Kat","Bahçe Katı","İzmir / Menemen / İstiklal Mah.","https://www.hepsiemlak.com/_nuxt/8cafc93fb5c74c75e9e04e528e02ccdf.jpg","","WhatsApp",""
"https://www.hepsiemlak.com/izmir-karsiyaka-imbatli-kiralik/daire/124595-47","1 / 35","47.500","28/08/2026","Medikal Point Hastahanesi'ne  Yakın Konforlu Ve Kullanışlı 3+1  Daire","Kiralık Daire","3 + 1","140 m²","15 Yaşında","·","Kat","2. Kat","İzmir / Karşıyaka / İmbatlı Mah.","https://www.hepsiemlak.com/_nuxt/8cafc93fb5c74c75e9e04e528e02ccdf.jpg","","WhatsApp",""
"https://www.hepsiemlak.com/izmir-bornova-kazimdirik-kiralik/daire/139122-160","1 / 29","35.000","27/08/2026","Valora' Dan Folkart Life Eşyalı Havuz Cephe 1+0 Kiralık Daire","Kiralık Daire","Stüdyo","38 m²","6 Yaşında","·","Kat","9. Kat","İzmir / Bornova / Kazımdirik Mah.","https://www.hepsiemlak.com/_nuxt/8cafc93fb5c74c75e9e04e528e02ccdf.jpg","Valora Gayrimenkul","WhatsApp",""
"https://www.hepsiemlak.com/izmir-karabaglar-vatan-kiralik/daire/170719-12","1 / 27","35.000","24/08/2026","Yeşilyurt’ta 3+1, Çift Kilerli, Doğalgazlı Kiralık Daire","Kiralık Daire","3 + 1","155 m²","25 Yaşında","·","Kat","3. Kat","İzmir / Karabağlar / Vatan Mah.","https://www.hepsiemlak.com/_nuxt/8cafc93fb5c74c75e9e04e528e02ccdf.jpg","","WhatsApp",""
"https://www.hepsiemlak.com/izmir-urla-altintas-kiralik/daire/170074-10","1 / 23","37.000","25/08/2026","Kiralık 2+1 Altıntaş Mahallesi Manolya Sokakda","Kiralık Daire","2 + 1","110 m²","15 Yaşında","·","Kat","Ara Kat","İzmir / Urla / Altıntaş Mah.","https://www.hepsiemlak.com/_nuxt/8cafc93fb5c74c75e9e04e528e02ccdf.jpg","","WhatsApp",""
"https://www.hepsiemlak.com/izmir-torbali-yedi-eylul-kiralik/daire/126264-3016","1 / 41","28.500","11/08/2026","Torbalı Yedieylül Mah Kiralık 3+1 Teraslı Dubleks Daire","Kiralık Daire","3 + 1","140 m²","8 Yaşında","·","Kat","5. Kat","İzmir / Torbalı / Yedi Eylül Mah.","https://www.hepsiemlak.com/_nuxt/8cafc93fb5c74c75e9e04e528e02ccdf.jpg","Remax Arma","WhatsApp","https://www.hepsiemlak.com/_nuxt/8cafc93fb5c74c75e9e04e528e02ccdf.jpg"
"https://www.hepsiemlak.com/izmir-karabaglar-esenlik-kiralik/daire/129917-36","1 / 35","35.000","14/08/2026","Yeşilyurt Yıldız Cad 3+1 Ebeveyn Bny. Doğalgaz Asansör Otopark","Kiralık Daire","3 + 1","135 m²","11 Yaşında","·","Kat","1. Kat","İzmir / Karabağlar / Esenlik Mah.","https://www.hepsiemlak.com/_nuxt/8cafc93fb5c74c75e9e04e528e02ccdf.jpg","Semet Gayrimenkul","WhatsApp","https://www.hepsiemlak.com/_nuxt/8cafc93fb5c74c75e9e04e528e02ccdf.jpg"
"https://www.hepsiemlak.com/izmir-buca-hurriyet-kiralik/daire/152961-77","1 / 21","23.000","11/08/2026","Buca Şirinyer De Yeni Sıfır Binada Yerden Isıtmalı Kiralık 1+1","Kiralık Daire","1 + 1","60 m²","Sıfır Bina","·","Kat","1. Kat","İzmir / Buca / Hürriyet Mah.","https://www.hepsiemlak.com/_nuxt/8cafc93fb5c74c75e9e04e528e02ccdf.jpg","","WhatsApp",""
"https://www.hepsiemlak.com/izmir-torbali-ertugrul-kiralik/daire/136895-322","1 / 30","22.000","12/08/2026","Karasu Gayrimenkul Muratbeyde Kiralık 2+1 Daire","Kiralık Daire","2 + 1","90 m²","2 Yaşında","·","Kat","3. Kat","İzmir / Torbalı / Ertuğrul Mah.","https://www.hepsiemlak.com/_nuxt/8cafc93fb5c74c75e9e04e528e02ccdf.jpg","Karasu Gayrimenkul","WhatsApp","https://www.hepsiemlak.com/_nuxt/8cafc93fb5c74c75e9e04e528e02ccdf.jpg"
"https://www.hepsiemlak.com/izmir-karsiyaka-zubeyde-hanim-kiralik/daire/168786-46","1 / 25","35.000","26/08/2026","Loftdan Zübeyde Hanımda Full Tadilatlı, Doğa Manzaralı Kiralık","Kiralık Daire","3 + 1","130 m²","21 Yaşında","·","Kat","2. Kat","İzmir / Karşıyaka / Zübeyde Hanım Mah.","https://www.hepsiemlak.com/_nuxt/8cafc93fb5c74c75e9e04e528e02ccdf.jpg","Loft Gayrimenkul Ve Yatırım Danışmanlığı","WhatsApp",""
"https://www.hepsiemlak.com/izmir-seferihisar-camikebir-kiralik/daire/165142-62","1 / 29","31.000","09/09/2026","Seferihisar Camikemir De Kiralık Daire","Kiralık Daire","2 + 1","90 m²","5 Yaşında","·","Kat","2. Kat","İzmir / Seferihisar / Camikebir Mah.","https://www.hepsiemlak.com/_nuxt/8cafc93fb5c74c75e9e04e528e02ccdf.jpg","Carpe Dıem Gayrimenkul","WhatsApp","https://www.hepsiemlak.com/_nuxt/8cafc93fb5c74c75e9e04e528e02ccdf.jpg"
"https://www.hepsiemlak.com/izmir-tire-toki-kiralik/daire/162807-54","1 / 27","24.500","03/09/2026","Tire Pina Vista Evlerinde Full Eşyalı Kiralık Daire","Kiralık Daire","1 + 1","66 m²","4 Yaşında","·","Kat","2. Kat","İzmir / Tire / Toki Mah.","https://www.hepsiemlak.com/_nuxt/8cafc93fb5c74c75e9e04e528e02ccdf.jpg","Tire Genç Emlak","WhatsApp","https://www.hepsiemlak.com/_nuxt/8cafc93fb5c74c75e9e04e528e02ccdf.jpg"
"https://www.hepsiemlak.com/izmir-karabaglar-reis-kiralik/daire/154466-111","1 / 22","26.500","27/08/2026","Karabağlar Reis Mahallesinde Geniş 2+1 Otoparklı Doğalgazlı Kiralık Daire","Kiralık Daire","2 + 1","140 m²","25 Yaşında","·","Kat","Yüksek Giriş","İzmir / Karabağlar / Reis Mah.","https://www.hepsiemlak.com/_nuxt/8cafc93fb5c74c75e9e04e528e02ccdf.jpg","Kanter Gayrimenkul","WhatsApp",""
"https://www.hepsiemlak.com/izmir-menemen-irmak-kiralik/daire/152395-513","1 / 25","16.000","26/08/2026","Menemen'de Kiralık Doğalgazlı 1+1 Daire","Kiralık Daire","1 + 1","50 m²","1 Yaşında","·","Kat","Yüksek Giriş","İzmir / Menemen / Irmak Mah.","https://www.hepsiemlak.com/_nuxt/8cafc93fb5c74c75e9e04e528e02ccdf.jpg","Turyap Yeni Foça Temsilciliği","WhatsApp","https://www.hepsiemlak.com/_nuxt/8cafc93fb5c74c75e9e04e528e02ccdf.jpg"
"https://www.hepsiemlak.com/izmir-menemen-ugur-mumcu-kiralik/daire/144725-62","1 / 60","90.000","23/08/2026","Menemen Uğurmumcu Mahallesi T Yapı Tower'da Kiralık Lüks Daire","Kiralık Daire","3 + 1","250 m²","6 Yaşında","·","Kat","12. Kat","İzmir / Menemen / Uğur Mumcu Mah.","https://www.hepsiemlak.com/_nuxt/8cafc93fb5c74c75e9e04e528e02ccdf.jpg","","WhatsApp",""
"https://www.hepsiemlak.com/izmir-kemalpasa-ulucak-mustafa-kemal-ataturk-kiralik/daire/165194-36","1 / 17","25.000","17/08/2026","Emlaklink Gayrimenkulden İzmir Kemalpaşa Ulucakta 2+1 Kiralık Daire","Kiralık Daire","2 + 1","90 m²","5 Yaşında","·","Kat","2. Kat","İzmir / Kemalpaşa / Ulucak Mustafa Kemal Atatürk Mah.","https://www.hepsiemlak.com/_nuxt/8cafc93fb5c74c75e9e04e528e02ccdf.jpg","","WhatsApp",""
"https://www.hepsiemlak.com/izmir-balcova-fevzi-cakmak-kiralik/daire/133137-1076","1 / 38","50.000","10/09/2026","Fevziçakmak Mahallesi'nde Genç Binada Asansörlü 2+1 Lüks Daire","Kiralık Daire","2 + 1","90 m²","5 Yaşında","·","Kat","3. Kat","İzmir / Balçova / Fevzi Çakmak Mah.","","","WhatsApp",""
"https://www.hepsiemlak.com/izmir-karabaglar-adnan-suvari-kiralik/daire/62166-1440","1 / 36","65.000","24/08/2026","Konsept Yaşam Alanı İçinde Eşyalı Geniş 2+1 Manzaralı Daire","Kiralık Daire","2 + 1","100 m²","11 Yaşında","·","Kat","9. Kat","İzmir / Karabağlar / Adnan Süvari Mah.","https://hecdnnw.hemlak.com/mncropresize/77/67/logo/6/6/1/2/6/0/a8f0f4fd-b604-4f49-a647-2f37f7983ca4.jpg","Evin Emlak Emre","WhatsApp",""
"https://www.hepsiemlak.com/izmir-urla-camiatik-kiralik/mustakil-ev/162705-119","1 / 31","60.000","03/09/2026","Mükemmel Konumda Kiralık Bahçeli Eşyalı Taş Ev","Kiralık Müstakil Ev","1 + 1","75 m²","3 Yaşında","","","","İzmir / Urla / Camiatik Mah.","https://hecdnnw.hemlak.com/mncropresize/77/67/logo/5/0/7/2/6/1/2bbabd5c-4ac1-4071-85c3-1440bec68dd0.jpg","Bavkır Emlak","WhatsApp",""
"https://www.hepsiemlak.com/izmir-bayrakli-muhittin-erener-kiralik/daire/170638-4","1 / 40","27.000","17/08/2026","M.Erener Mh.Deniz Manzaralı Cadde Üzeri Merkezi Konumda Kiralık","Kiralık Daire","2 + 1","90 m²","6 Yaşında","·","Kat","2. Kat","İzmir / Bayraklı / Muhittin Erener Mah.","https://hecdn01.hemlak.com/mncropresize/182/137/ds01/5/9/8/0/0/0/7/4/15b0b299-2fde-4796-9dc1-d05ea931c111.jpg","","WhatsApp",""
"https://www.hepsiemlak.com/izmir-bayrakli-mansuroglu-kiralik/residence/170648-64","1 / 35","60.000","07/09/2026","İnce Plaza'da Kiralık Ofis","Kiralık Residence","1 + 1","98 m²","11 Yaşında","·","Kat","4. Kat","İzmir / Bayraklı / Mansuroğlu Mah.","https://www.hepsiemlak.com/_nuxt/8cafc93fb5c74c75e9e04e528e02ccdf.jpg","Turpa Elıte Bayraklı","WhatsApp","https://www.hepsiemlak.com/_nuxt/8cafc93fb5c74c75e9e04e528e02ccdf.jpg"
"https://www.hepsiemlak.com/izmir-karabaglar-arap-hasan-kiralik/daire/30758-3137","1 / 57","33.000","19/08/2026","Cadde Üzerinde, Metro Dibi, Bakımlı Güzel Daire....","Kiralık Daire","2 + 1","95 m²","35 Yaşında","·","Kat","5. Kat","İzmir / Karabağlar / Arap Hasan Mah.","https://www.hepsiemlak.com/_nuxt/8cafc93fb5c74c75e9e04e528e02ccdf.jpg","Yatırım Emlak","WhatsApp",""
"https://www.hepsiemlak.com/izmir-buca-yaylacik-kiralik/daire/151963-127","1 / 21","20.000","22/08/2026","Buca Yaylacık'ta 1+1 Klimalı Eşyalı Geniş Daire","Kiralık Daire","1 + 1","60 m²","6 Yaşında","·","Kat","1. Kat","İzmir / Buca / Yaylacık Mah.","https://www.hepsiemlak.com/_nuxt/8cafc93fb5c74c75e9e04e528e02ccdf.jpg","Ay&na Gayrimenkul Danışmanlığı","WhatsApp","https://www.hepsiemlak.com/_nuxt/8cafc93fb5c74c75e9e04e528e02ccdf.jpg"
"https://www.hepsiemlak.com/izmir-torbali-fevzi-cakmak-kiralik/daire/156622-191","1 / 26","20.000","08/09/2026","İmam Hatip Lisesi Yanında 2+1 Arakat D.Gazlı Daire Bahçeli Nizam","Kiralık Daire","2 + 1","95 m²","6 Yaşında","·","Kat","2. Kat","İzmir / Torbalı / Fevzi Çakmak Mah.","https://www.hepsiemlak.com/_nuxt/8cafc93fb5c74c75e9e04e528e02ccdf.jpg","","WhatsApp",""
"https://www.hepsiemlak.com/izmir-buca-efeler-kiralik/daire/162999-38","1 / 35","40.000","07/09/2026","Myyılmazgayrimenkul'den Şirinyer Merkez'de 3+1 Kiralık Daire","Kiralık Daire","3 + 1","120 m²","26 Yaşında","·","Kat","4. Kat","İzmir / Buca / Efeler Mah.","https://www.hepsiemlak.com/_nuxt/8cafc93fb5c74c75e9e04e528e02ccdf.jpg","My Öznur Yılmaz Gayrimenkul","WhatsApp","https://www.hepsiemlak.com/_nuxt/8cafc93fb5c74c75e9e04e528e02ccdf.jpg"
"https://www.hepsiemlak.com/izmir-konak-umurbey-kiralik/daire/167382-373","1 / 35","138.000","25/08/2026","Evora İzmir | Deniz Manzaralı 4+1 +müştemilat | 2 Kapalı Otopark","Kiralık Daire","4 + 1","220 m²","Sıfır Bina","·","Kat","10. Kat","İzmir / Konak / Umurbey Mah.","https://www.hepsiemlak.com/_nuxt/8cafc93fb5c74c75e9e04e528e02ccdf.jpg","Lidya Emlak","WhatsApp","https://www.hepsiemlak.com/_nuxt/8cafc93fb5c74c75e9e04e528e02ccdf.jpg"
"https://www.hepsiemlak.com/izmir-seferihisar-camikebir-kiralik/daire/62012-494","1 / 37","41.000","24/08/2026","Eşsiz Konumda Önü Açık Ayrı Mutfaklı Geniş Daire","Kiralık Daire","2 + 1","108 m²","Sıfır Bina","·","Kat","3. Kat","İzmir / Seferihisar / Camikebir Mah.","https://www.hepsiemlak.com/_nuxt/8cafc93fb5c74c75e9e04e528e02ccdf.jpg","Mhs Emlak","WhatsApp","https://www.hepsiemlak.com/_nuxt/8cafc93fb5c74c75e9e04e528e02ccdf.jpg"
"https://www.hepsiemlak.com/izmir-seferihisar-payamli-kiralik/villa/85585-2614","1 / 36","375.000","14/08/2026","İzmi̇r Seferi̇hi̇sar Payamlı Da Deni̇ze Çok Yakın Sezonluk Ki̇ralık Yazlık 5+1","Kiralık Villa","5 + 1","200 m²","20 Yaşında","·","Kat","","İzmir / Seferihisar / Payamlı Mah.","https://www.hepsiemlak.com/_nuxt/8cafc93fb5c74c75e9e04e528e02ccdf.jpg","Egebest Emlak","WhatsApp","https://www.hepsiemlak.com/_nuxt/8cafc93fb5c74c75e9e04e528e02ccdf.jpg"
"https://www.hepsiemlak.com/izmir-karabaglar-arap-hasan-kiralik/daire/68993-200","1 / 43","40.000","28/08/2026","Eşyalı,Otoparklı,10 Yaşında Binada,3 Cephe,D.Gazlı,Klimalı","Kiralık Daire","3 + 1","140 m²","10 Yaşında","·","Kat","Yüksek Giriş","İzmir / Karabağlar / Arap Hasan Mah.","https://www.hepsiemlak.com/_nuxt/8cafc93fb5c74c75e9e04e528e02ccdf.jpg","Emel Emlak","WhatsApp","https://www.hepsiemlak.com/_nuxt/8cafc93fb5c74c75e9e04e528e02ccdf.jpg"
"https://www.hepsiemlak.com/izmir-torbali-torbali-kiralik/daire/144611-9","1 / 15","16.750","25/08/2026","3+1 Kiralık Daire Metin Şimşek Emlak İnşaat","Kiralık Daire","3 + 1","130 m²","25 Yaşında","·","Kat","7. Kat","İzmir / Torbalı / Torbalı Mah.","https://www.hepsiemlak.com/_nuxt/8cafc93fb5c74c75e9e04e528e02ccdf.jpg","Metin Şimşek Emlak & İnşaat","WhatsApp","https://www.hepsiemlak.com/_nuxt/8cafc93fb5c74c75e9e04e528e02ccdf.jpg"
"https://www.hepsiemlak.com/izmir-karaburun-kosedere-kiralik/daire/100034-620","1 / 35","80.000","02/09/2026","Karaburun Boyabağı'nda Denize Sıfır 2+1 Eşyalı Daire","Kiralık Daire","2 + 1","100 m²","6 Yaşında","·","Kat","2. Kat","İzmir / Karaburun / Kösedere Mah.","https://www.hepsiemlak.com/_nuxt/8cafc93fb5c74c75e9e04e528e02ccdf.jpg","Coldwell Banker Kıyı","WhatsApp","https://www.hepsiemlak.com/_nuxt/8cafc93fb5c74c75e9e04e528e02ccdf.jpg"
"https://www.hepsiemlak.com/izmir-karabaglar-ali-fuat-cebesoy-kiralik/daire/130526-652","1 / 38","63.000","26/08/2026","Ödüllü Proje Mynar Lıfe'tan Muhteşem 3+1 Emsalsız Resıdance","Kiralık Daire","3 + 1","150 m²","5 Yaşında","·","Kat","12. Kat","İzmir / Karabağlar / Ali Fuat Cebesoy Mah.","https://www.hepsiemlak.com/_nuxt/8cafc93fb5c74c75e9e04e528e02ccdf.jpg","Bbg Gayrimenkul Danışmanlığı","WhatsApp",""
"https://www.hepsiemlak.com/izmir-cesme-ilica-kiralik/villa/144706-6","1 / 59","300.000","18/08/2026","Ilıca 'nın En Gözde Yerinde Geniş Bahçeli Müstakil Villa","Kiralık Villa","4 + 1","730 m²","5 Yaşında","·","Kat","","İzmir / Çeşme / Ilıca Mah.","https://www.hepsiemlak.com/_nuxt/8cafc93fb5c74c75e9e04e528e02ccdf.jpg","Rafine Gayrimenkul","WhatsApp",""
"https://www.hepsiemlak.com/izmir-konak-mehmet-akif-kiralik/daire/142409-133","1 / 12","7.500","09/09/2026","Gültepe Toros Meydanı Yakını İçi Yapılı 2+1 Kiralık Daire","Kiralık Daire","2 + 1","75 m²","30 Yaşında","·","Kat","Yüksek Giriş","İzmir / Konak / Mehmet Akif Mah.","https://www.hepsiemlak.com/_nuxt/8cafc93fb5c74c75e9e04e528e02ccdf.jpg","","WhatsApp",""
"https://www.hepsiemlak.com/izmir-karabaglar-fahrettin-altay-kiralik/daire/42120-1284","1 / 28","45.000","08/09/2026","Metro Yakını 3+1 Eşyalı","Kiralık Daire","3 + 1","120 m²","35 Yaşında","·","Kat","4. Kat","İzmir / Karabağlar / Fahrettin Altay Mah.","https://www.hepsiemlak.com/_nuxt/8cafc93fb5c74c75e9e04e528e02ccdf.jpg","","WhatsApp",""
"https://www.hepsiemlak.com/izmir-odemis-akincilar-kiralik/daire/127924-341","1 / 11","17.000","04/09/2026","Merkezde Eşyalı Ve Ya Eşyasız Kiralık Daire","Kiralık Daire","2 + 1","110 m²","20 Yaşında","·","Kat","En Üst Kat","İzmir / Ödemiş / Akıncılar Mah.","https://www.hepsiemlak.com/_nuxt/8cafc93fb5c74c75e9e04e528e02ccdf.jpg","","WhatsApp",""
"https://www.hepsiemlak.com/izmir-buca-kozagac-kiralik/daire/67273-4152","1 / 19","15.000","09/09/2026","Buca Kozağaç -Çevik1 Arası ,2+1 Kapalı Mutfak ,Esnafoğlu'ndan..","Kiralık Daire","2 + 1","65 m²","26 Yaşında","·","Kat","Giriş Katı","İzmir / Buca / Kozağaç Mah.","https://www.hepsiemlak.com/_nuxt/8cafc93fb5c74c75e9e04e528e02ccdf.jpg","Esnafoğlu Gayrimenkul","WhatsApp","https://www.hepsiemlak.com/_nuxt/8cafc93fb5c74c75e9e04e528e02ccdf.jpg"
"https://www.hepsiemlak.com/izmir-karabaglar-fahrettin-altay-kiralik/daire/125876-3148","1 / 19","40.000","05/09/2026","Üçkuyular Da 3+1 Kiralık Kombili Daire","Kiralık Daire","3 + 1","110 m²","20 Yaşında","·","Kat","Kot 1","İzmir / Karabağlar / Fahrettin Altay Mah.","https://www.hepsiemlak.com/_nuxt/8cafc93fb5c74c75e9e04e528e02ccdf.jpg","Kw Alesta-viya-orsa 4","WhatsApp","https://www.hepsiemlak.com/_nuxt/8cafc93fb5c74c75e9e04e528e02ccdf.jpg"
"https://www.hepsiemlak.com/izmir-foca-ataturk-kiralik/daire/6067-233","1 / 34","40.000","17/08/2026","Simge Emlak'ta Merkezde 3+1 Kiralık Daire","Kiralık Daire","3 + 1","90 m²","36 Yaşında","·","Kat","3. Kat","İzmir / Foça / Atatürk Mah.","https://www.hepsiemlak.com/_nuxt/8cafc93fb5c74c75e9e04e528e02ccdf.jpg","","WhatsApp",""
"https://www.hepsiemlak.com/izmir-karsiyaka-bostanli-kiralik/daire/8047-2332","1 / 27","33.000","07/09/2026","K.Yaka Yusuf Vardar Sokakta Bakımlı 3+1 Ara Kat Daire","Kiralık Daire","3 + 1","120 m²","35 Yaşında","·","Kat","3. Kat","İzmir / Karşıyaka / Bostanlı Mah.","https://www.hepsiemlak.com/_nuxt/8cafc93fb5c74c75e9e04e528e02ccdf.jpg","Ülkü Emlak","WhatsApp","https://www.hepsiemlak.com/_nuxt/8cafc93fb5c74c75e9e04e528e02ccdf.jpg"
"https://www.hepsiemlak.com/izmir-konak-kahramanlar-kiralik/daire/132940-748","1 / 21","32.000","10/09/2026","Kahramanlarda Eşyalı 2+1 Asansörlü Daire","Kiralık Daire","2 + 1","75 m²","35 Yaşında","·","Kat","1. Kat","İzmir / Konak / Kahramanlar Mah.","https://hecdnnw.hemlak.com/mncropresize/77/67/logo/0/4/9/2/3/1/da22da1d-e99d-4a1b-9f2e-31b5d99eb33f.jpg","Sonay Gayrimenkul Yatırım LTD. ŞTİ.","WhatsApp",""
"https://www.hepsiemlak.com/izmir-karabaglar-uckuyular-kiralik/daire/13763-3119","1 / 31","30.000","04/09/2026","Üçkuyular Sadettin Tezcan Okulu Yakını, Kiralık Daire","Kiralık Daire","2 + 1","108 m²","31 Yaşında","·","Kat","2. Kat","İzmir / Karabağlar / Üçkuyular Mah.","https://hecdnnw.hemlak.com/mncropresize/77/67/logo/3/6/7/3/1/0/2f9ff9a4-0843-4947-ba2a-7a8562ee6686.jpg","Nazar Emlak","WhatsApp",""
"https://www.hepsiemlak.com/izmir-selcuk-ataturk-kiralik/daire/167546-78","1 / 29","35.000","09/09/2026","Atatürk Mahallesi Eşyalı Kiralık","Kiralık Daire","2 + 1","90 m²","25 Yaşında","·","Kat","Ara Kat","İzmir / Selçuk / Atatürk Mah.","https://hecdnnw.hemlak.com/mncropresize/77/67/logo/6/4/5/7/6/1/acb112e3-154e-4df5-9d52-67769cca9915.jpg","Nc Selçuk Emlak","WhatsApp",""
"https://www.hepsiemlak.com/izmir-karabaglar-uckuyular-kiralik/daire/141901-982","1 / 40","55.000","08/09/2026","Üçkuyular'da 3+1 Lüks Eşyalı Kiralık Daire","Kiralık Daire","3 + 1","140 m²","26 Yaşında","·","Kat","2. Kat","İzmir / Karabağlar / Üçkuyular Mah.","https://hecdn01.hemlak.com/mncropresize/182/137/ds01/8/3/5/0/2/0/7/4/80dd9c06-6078-4ad4-bd0c-25bae11aafe0.jpg","Startkey A Plus Gayrimenkul","WhatsApp","https://hecdnnw.hemlak.com/mncropresize/77/67/logo/1/0/9/1/4/1/b86e0761-e9b5-45b1-a959-e8d01d47e9ce.jpg"
"https://www.hepsiemlak.com/izmir-buca-ataturk-kiralik/daire/170300-4","1 / 22","20.000","08/09/2026","Eliteden Atatürk Mah.D.Gazlı Eşyalı Kiralık Çift Cephe 1+1 Daire","Kiralık Daire","1 + 1","55 m²","6 Yaşında","·","Kat","2. Kat","İzmir / Buca / Atatürk Mah.","https://www.hepsiemlak.com/_nuxt/8cafc93fb5c74c75e9e04e528e02ccdf.jpg","Elite Gayrimenkul","WhatsApp","https://www.hepsiemlak.com/_nuxt/8cafc93fb5c74c75e9e04e528e02ccdf.jpg"
"https://www.hepsiemlak.com/izmir-karsiyaka-cumhuriyet-kiralik/daire/77059-1956","1 / 35","31.000","09/09/2026","İzmir Karşıyaka Cumhuriyet Mah. Kiralık 2+1 D.Gazlı Daire","Kiralık Daire","2 + 1","95 m²","7 Yaşında","·","Kat","2. Kat","İzmir / Karşıyaka / Cumhuriyet Mah.","https://www.hepsiemlak.com/_nuxt/8cafc93fb5c74c75e9e04e528e02ccdf.jpg","Aras Emlak","WhatsApp","https://www.hepsiemlak.com/_nuxt/8cafc93fb5c74c75e9e04e528e02ccdf.jpg"
"https://www.hepsiemlak.com/izmir-cigli-evka-6-kiralik/daire/57124-671","1 / 18","35.000","07/09/2026","Evka-6'da Komple Tadilatlı Kiralık Deniz Manzaralı 3+1 Daire","Kiralık Daire","3 + 1","110 m²","21 Yaşında","·","Kat","5. Kat","İzmir / Çiğli / Evka - 6 Mah.","https://www.hepsiemlak.com/_nuxt/8cafc93fb5c74c75e9e04e528e02ccdf.jpg","Gür Kardeşler Emlak","WhatsApp","https://www.hepsiemlak.com/_nuxt/8cafc93fb5c74c75e9e04e528e02ccdf.jpg"
"https://www.hepsiemlak.com/izmir-buca-goksu-kiralik/daire/70103-1462","1 / 28","17.000","01/09/2026","Egebay'dan Göksu Sevgi Yolu Paralelinde Yeni Bina 1+1 Kirl.Daire","Kiralık Daire","1 + 1","42 m²","1 Yaşında","·","Kat","2. Kat","İzmir / Buca / Göksu Mah.","https://www.hepsiemlak.com/_nuxt/8cafc93fb5c74c75e9e04e528e02ccdf.jpg","Egebay Gayrimenkul","WhatsApp","https://www.hepsiemlak.com/_nuxt/8cafc93fb5c74c75e9e04e528e02ccdf.jpg"
"https://www.hepsiemlak.com/izmir-karaburun-mordogan-kiralik/mustakil-ev/0-47200915","1 / 14","5.000","09/09/2026","Deniz Manzaralı En İyi Konum Ardic","Kiralık Müstakil Ev","2 + 1","200 m²","35 Yaşında","·","Kat","","İzmir / Karaburun / Mordoğan Mah.","https://www.hepsiemlak.com/_nuxt/8cafc93fb5c74c75e9e04e528e02ccdf.jpg","","WhatsApp",""
"https://www.hepsiemlak.com/izmir-aliaga-yali-kiralik/daire/169863-9","1 / 14","60.000","26/08/2026","Aliağa Yalı Mh.Kiralık Panoramik Denizmanzaralı Eşyalı 3+1 Daire","Kiralık Daire","3 + 1","160 m²","11 Yaşında","·","Kat","1. Kat","İzmir / Aliağa / Yalı Mah.","https://www.hepsiemlak.com/_nuxt/8cafc93fb5c74c75e9e04e528e02ccdf.jpg","","WhatsApp",""
"https://www.hepsiemlak.com/izmir-bornova-birlik-kiralik/daire/0-47140421","1 / 14","31.000","02/09/2026","Sahibinden Modda Bulvarda Boş, Boyalı 1+1 Lüks Kiralık Daire","Kiralık Daire","1 + 1","80 m²","2 Yaşında","·","Kat","13. Kat","İzmir / Bornova / Birlik Mah.","https://www.hepsiemlak.com/_nuxt/8cafc93fb5c74c75e9e04e528e02ccdf.jpg","","WhatsApp",""
"https://www.hepsiemlak.com/izmir-bornova-evka-4-kiralik/daire/0-47108093","1 / 14","28.000","08/09/2026","Sahibinden Kiralık Evka-4 De 2+1","Kiralık Daire","2 + 1","88 m²","26 Yaşında","·","Kat","3. Kat","İzmir / Bornova / Evka 4 Mah.","https://www.hepsiemlak.com/_nuxt/8cafc93fb5c74c75e9e04e528e02ccdf.jpg","","WhatsApp",""
"https://www.hepsiemlak.com/izmir-tire-fatih-kiralik/daire/168396-18","1 / 14","40.000","20/08/2026","Kiralık Merkezi Konum Yerden Isıtmalı 4+1 Daire","Kiralık Daire","4 + 1","150 m²","1 Yaşında","·","Kat","1. Kat","İzmir / Tire / Fatih Mah.","https://www.hepsiemlak.com/_nuxt/8cafc93fb5c74c75e9e04e528e02ccdf.jpg","Winner Gayrimenkul","WhatsApp","https://www.hepsiemlak.com/_nuxt/8cafc93fb5c74c75e9e04e528e02ccdf.jpg"
"https://www.hepsiemlak.com/izmir-tire-yeni-kiralik/daire/159154-133","1 / 14","30.000","26/08/2026","Olıve Houses Konakları’nda Kiralık Lüks 3+1 Daireler🏡","Kiralık Daire","3 + 1","135 m²","Sıfır Bina","·","Kat","Ara Kat","İzmir / Tire / Yeni Mah.","https://www.hepsiemlak.com/_nuxt/8cafc93fb5c74c75e9e04e528e02ccdf.jpg","Güneş Emlak","WhatsApp",""
"https://www.hepsiemlak.com/izmir-karsiyaka-ornekkoy-kiralik/daire/26584-3057","1 / 20","16.000","09/09/2026","Karşıyaka Örnekköy Son Durak Yakını Kiralık 2+1 Klasik Daire Kanıt Emlaktan","Kiralık Daire","2 + 1","100 m²","30 Yaşında","·","Kat","Zemin","İzmir / Karşıyaka / Örnekköy Mah.","https://www.hepsiemlak.com/_nuxt/8cafc93fb5c74c75e9e04e528e02ccdf.jpg","Kanıt Emlak","WhatsApp","https://www.hepsiemlak.com/_nuxt/8cafc93fb5c74c75e9e04e528e02ccdf.jpg"
"https://www.hepsiemlak.com/izmir-karsiyaka-atakent-kiralik/daire/1239-4827","1 / 9","36.000","08/09/2026","Atakent Efes Blok Kiralık Peyzaj Man 1+1 Daire","Kiralık Daire","1 + 1","54 m²","32 Yaşında","·","Kat","Ara Kat","İzmir / Karşıyaka / Atakent Mah.","https://www.hepsiemlak.com/_nuxt/8cafc93fb5c74c75e9e04e528e02ccdf.jpg","Vision Gayrimenkul","WhatsApp","https://www.hepsiemlak.com/_nuxt/8cafc93fb5c74c75e9e04e528e02ccdf.jpg"
"https://www.hepsiemlak.com/izmir-foca-mustafa-kemal-ataturk-kiralik/daire/41475-1518","1 / 9","30.000","04/09/2026","Yenifoça Narezende Doğalgazlı Arakat Eşyalı 2+1 Daire","Kiralık Daire","2 + 1","65 m²","11 Yaşında","·","Kat","Ara Kat","İzmir / Foça / Mustafa Kemal Atatürk Mah.","https://www.hepsiemlak.com/_nuxt/8cafc93fb5c74c75e9e04e528e02ccdf.jpg","","WhatsApp",""
"https://www.hepsiemlak.com/izmir-cigli-balatcik-kiralik/daire/120850-514","1 / 9","27.000","09/09/2026","Çiğlide  Kiralık 2+1izbana Üniversiteye Yakın Doğalgazlı Klimalı Eşyalı Yeni Daire İadat Yoktur","Kiralık Daire","2 + 1","65 m²","2 Yaşında","·","Kat","2. Kat","İzmir / Çiğli / Balatçık Mah.","https://www.hepsiemlak.com/_nuxt/8cafc93fb5c74c75e9e04e528e02ccdf.jpg","Selman Emlak Satıcısı","WhatsApp","https://www.hepsiemlak.com/_nuxt/8cafc93fb5c74c75e9e04e528e02ccdf.jpg"
"https://www.hepsiemlak.com/izmir-bornova-ataturk-kiralik/daire/18015-2006","1 / 9","30.000","08/09/2026","İzmir Bornova Atatürk Mah. Kirallık 2+1 Kombili Bakımlı Daire","Kiralık Daire","2 + 1","130 m²","20 Yaşında","·","Kat","2. Kat","İzmir / Bornova / Atatürk Mah.","https://www.hepsiemlak.com/_nuxt/8cafc93fb5c74c75e9e04e528e02ccdf.jpg","","WhatsApp",""
"https://www.hepsiemlak.com/izmir-bayrakli-adalet-kiralik/daire/39049-1060","1 / 17","18.750","09/09/2026","Bayraklı Adalet Mahallesinde 3 Katlı Bina 2.Kat 2+1 Kiralık Daire","Kiralık Daire","2 + 1","115 m²","25 Yaşında","·","Kat","2. Kat","İzmir / Bayraklı / Adalet Mah.","https://www.hepsiemlak.com/_nuxt/8cafc93fb5c74c75e9e04e528e02ccdf.jpg","","WhatsApp",""
"https://www.hepsiemlak.com/izmir-karabaglar-doganay-kiralik/daire/79070-4321","1 / 25","19.000","05/09/2026","Karabaglar Gülyaka Mah Doğalgazli 2+1 Kiralik Daire","Kiralık Daire","2 + 1","120 m²","30 Yaşında","·","Kat","Teras Katı","İzmir / Karabağlar / Doğanay Mah.","https://www.hepsiemlak.com/_nuxt/8cafc93fb5c74c75e9e04e528e02ccdf.jpg","Harputlu Emlak","WhatsApp",""
"https://www.hepsiemlak.com/izmir-balcova-egitim-kiralik/daire/77173-1433","1 / 32","38.000","10/09/2026","Balçova Eğitim Mah. Metro Yakını Doğalgazlı Kiralık 2+1 Daire","Kiralık Daire","2 + 1","100 m²","40 Yaşında","·","Kat","5. Kat","İzmir / Balçova / Eğitim Mah.","https://www.hepsiemlak.com/_nuxt/8cafc93fb5c74c75e9e04e528e02ccdf.jpg","","WhatsApp",""
"https://www.hepsiemlak.com/izmir-balcova-fevzi-cakmak-kiralik/daire/10374-4323","1 / 28","35.000","07/09/2026","Kolej Ofis Gay.İçi Full Yapılı Jeotermalli Kiralık Daire","Kiralık Daire","3 + 1","125 m²","35 Yaşında","·","Kat","3. Kat","İzmir / Balçova / Fevzi Çakmak Mah.","https://www.hepsiemlak.com/_nuxt/8cafc93fb5c74c75e9e04e528e02ccdf.jpg","","WhatsApp",""
"https://www.hepsiemlak.com/izmir-bornova-evka-3-kiralik/daire/78224-2664","1 / 19","40.000","05/09/2026","Startkey Evka3 Gayrimenkul'den Merkezi Konumda Kiralık 3+1","Kiralık Daire","3 + 1","150 m²","21 Yaşında","·","Kat","2. Kat","İzmir / Bornova / Evka 3 Mah.","https://www.hepsiemlak.com/_nuxt/8cafc93fb5c74c75e9e04e528e02ccdf.jpg","Startkey Evka3 Gayrimenkul","WhatsApp","https://www.hepsiemlak.com/_nuxt/8cafc93fb5c74c75e9e04e528e02ccdf.jpg"
"https://www.hepsiemlak.com/izmir-guzelbahce-mustafa-kemal-pasa-kiralik/villa/118903-202","1 / 27","130.000","01/09/2026","Ambarcı'dan Yelkide Geniş Bahçe Kullanımlı Kiralık Villa","Kiralık Villa","5 + 2","300 m²","21 Yaşında","·","Kat","","İzmir / Güzelbahçe / Mustafa Kemal Paşa Mah.","https://hecdnnw.hemlak.com/mncropresize/77/67/logo/3/0/9/8/1/1/b611634b-006a-4155-94ab-c448bf57f1ad.jpeg","Ambarcı Gayrimenkul","WhatsApp",""
"https://www.hepsiemlak.com/izmir-urla-icmeler-kiralik/villa/112709-2847","1 / 31","65.000","09/09/2026","Urla İçmeler Mahallesinde Havuzlu 2+1 Kiralık Villa","Kiralık Villa","2 + 1","95 m²","3 Yaşında","·","Kat","","İzmir / Urla / İçmeler Mah.","https://hecdnnw.hemlak.com/mncropresize/77/67/logo/9/0/7/2/1/1/9ff57d1d-b97d-474c-b030-a7a01ce8338b.jpg","Deri Group Gayrimenkul Danışmanlığı","WhatsApp",""
"https://www.hepsiemlak.com/izmir-bornova-erzene-kiralik/daire/60930-3078","1 / 27","38.000","09/09/2026","Sabri Cengiz Emlak Bornova Atadurağın Yakını Kiralık Daire 3+1","Kiralık Daire","3 + 1","130 m²","20 Yaşında","·","Kat","4. Kat","İzmir / Bornova / Erzene Mah.","","","WhatsApp",""
"https://www.hepsiemlak.com/izmir-konak-goztepe-kiralik/daire/10160-3438","1 / 27","36.000","09/09/2026","Poligon Metro Yakını Meydan Cepheli Asansör Otoparklı 2+1 Köşe","Kiralık Daire","2 + 1","95 m²","31 Yaşında","·","Kat","7. Kat","İzmir / Konak / Göztepe Mah.","https://hecdn01.hemlak.com/mncropresize/182/137/ds01/5/1/1/6/6/6/6/4/67517540-fd91-4eaa-baf9-8d495dcb23a0.jpg","Güzelyalı Emlak","WhatsApp","https://hecdnnw.hemlak.com/mncropresize/77/67/logo/0/6/1/0/1/0/5dff8ea0-a952-4913-9fde-4dd8d623cedf.jpg"
"https://www.hepsiemlak.com/izmir-buca-kurucesme-kiralik/daire/0-47262602","1 / 13","26.000","07/09/2026","Sahibinden 9 Eylül Kampüs Karşısında Eşyalı Doğalgazlı Bahçeli","Kiralık Daire","2 + 1","60 m²","12 Yaşında","·","Kat","Bahçe Katı","İzmir / Buca / Kuruçeşme Mah.","https://www.hepsiemlak.com/_nuxt/8cafc93fb5c74c75e9e04e528e02ccdf.jpg","","WhatsApp",""
"https://www.hepsiemlak.com/izmir-dikili-candarli-kiralik/daire/165600-72","1 / 13","31.500","01/09/2026","Soykan'dan Arcava Homes Sitesinde Eşyalı Kiralık 1+1 Daire","Kiralık Daire","1 + 1","60 m²","5 Yaşında","·","Kat","1. Kat","İzmir / Dikili / Çandarlı Mah.","https://www.hepsiemlak.com/_nuxt/8cafc93fb5c74c75e9e04e528e02ccdf.jpg","","WhatsApp",""
"https://www.hepsiemlak.com/izmir-karsiyaka-yali-kiralik/daire/691984-450","1 / 26","40.000","01/09/2026","Karşıyaka Yalı'da Kiralık İzban Yakını 2+1 Daire","Kiralık Daire","2 + 1","90 m²","11 Yaşında","·","Kat","2. Kat","İzmir / Karşıyaka / Yalı Mah.","https://www.hepsiemlak.com/_nuxt/8cafc93fb5c74c75e9e04e528e02ccdf.jpg","No 35 Gayrimenkul","WhatsApp","https://www.hepsiemlak.com/_nuxt/8cafc93fb5c74c75e9e04e528e02ccdf.jpg"
"https://www.hepsiemlak.com/izmir-bayrakli-sogukkuyu-kiralik/daire/120891-183","1 / 26","42.000","15/08/2026","Soğukkuyu'da Girne Bulvarı Karşıyaka Yakını 130 M2 Kiralık Daire","Kiralık Daire","3 + 1","145 m²","16 Yaşında","·","Kat","1. Kat","İzmir / Bayraklı / Soğukkuyu Mah.","https://www.hepsiemlak.com/_nuxt/8cafc93fb5c74c75e9e04e528e02ccdf.jpg","","WhatsApp",""
"https://www.hepsiemlak.com/izmir-bornova-ataturk-kiralik/daire/151439-165","1 / 13","22.000","24/08/2026","Polat'tan Ferah , Lüx Binada 1+1 100m2 Daire","Kiralık Daire","1 + 1","120 m²","16 Yaşında","·","Kat","1. Kat","İzmir / Bornova / Atatürk Mah.","https://www.hepsiemlak.com/_nuxt/8cafc93fb5c74c75e9e04e528e02ccdf.jpg","Polat Gayrimenkul","WhatsApp","https://www.hepsiemlak.com/_nuxt/8cafc93fb5c74c75e9e04e528e02ccdf.jpg"
"https://www.hepsiemlak.com/izmir-karabaglar-general-kazim-ozalp-kiralik/daire/37033-4112","1 / 17","27.500","08/09/2026","General Kazım Özalp De  Demokrosi Üniversitesi Yakını Sıfır 2+1 Merkezi Konumda Daire","Kiralık Daire","2 + 1","85 m²","Sıfır Bina","·","Kat","Kot 1","İzmir / Karabağlar / General Kazım Özalp Mah.","https://www.hepsiemlak.com/_nuxt/8cafc93fb5c74c75e9e04e528e02ccdf.jpg","Demet Emlak","WhatsApp","https://www.hepsiemlak.com/_nuxt/8cafc93fb5c74c75e9e04e528e02ccdf.jpg"
"https://www.hepsiemlak.com/izmir-karsiyaka-atakent-kiralik/daire/162799-278","1 / 50","47.500","09/09/2026","Bostanlı Trademark Sense Kiralık Kısmi Eşyalı 1+1 Daire","Kiralık Daire","1 + 1","51 m²","Sıfır Bina","·","Kat","1. Kat","İzmir / Karşıyaka / Atakent Mah.","https://www.hepsiemlak.com/_nuxt/8cafc93fb5c74c75e9e04e528e02ccdf.jpg","Tm Gayrimenkul","WhatsApp","https://www.hepsiemlak.com/_nuxt/8cafc93fb5c74c75e9e04e528e02ccdf.jpg"
"https://www.hepsiemlak.com/izmir-karsiyaka-goncalar-kiralik/daire/9515-3481","1 / 14","34.000","03/09/2026","Uçar Emlaktan Goncalar Mahallesinde Girne Bulvarı Ve Nergiz İzban Durağı Yakınında  Kullanışlı 3+1","Kiralık Daire","3 + 1","125 m²","24 Yaşında","·","Kat","4. Kat","İzmir / Karşıyaka / Goncalar Mah.","https://www.hepsiemlak.com/_nuxt/8cafc93fb5c74c75e9e04e528e02ccdf.jpg","","WhatsApp",""
"https://www.hepsiemlak.com/izmir-balcova-cetin-emec-kiralik/daire/27103-4829","1 / 22","26.500","08/09/2026","Dayım Emlaktan Çetin Emeç Mah Giriş Kat Kiralık Daire","Kiralık Daire","2 + 1","90 m²","31 Yaşında","·","Kat","Bahçe Katı","İzmir / Balçova / Çetin Emeç Mah.","https://www.hepsiemlak.com/_nuxt/8cafc93fb5c74c75e9e04e528e02ccdf.jpg","","WhatsApp",""
"https://www.hepsiemlak.com/izmir-karsiyaka-semikler-kiralik/daire/71862-2114","1 / 25","27.000","09/09/2026","Anadolu Caddesine Yakın_d.Gazlı Balkonlu_kapalı Mutfaklı 2+1","Kiralık Daire","2 + 1","80 m²","6 Yaşında","·","Kat","Yüksek Giriş","İzmir / Karşıyaka / Şemikler Mah.","https://www.hepsiemlak.com/_nuxt/8cafc93fb5c74c75e9e04e528e02ccdf.jpg","","WhatsApp",""
"https://www.hepsiemlak.com/izmir-bayrakli-sogukkuyu-kiralik/daire/30445-287","1 / 29","43.000","28/08/2026","Karşıyaka Yeni Girne'de 3+1 Daire","Kiralık Daire","3 + 1","144 m²","20 Yaşında","·","Kat","5. Kat","İzmir / Bayraklı / Soğukkuyu Mah.","https://www.hepsiemlak.com/_nuxt/8cafc93fb5c74c75e9e04e528e02ccdf.jpg","","WhatsApp",""
"https://www.hepsiemlak.com/izmir-gaziemir-emrez-kiralik/daire/21865-5078","1 / 30","23.500","08/09/2026","Aktifler'den Gaziemir Aktepe'de Eşyalı Kiralık Konut 3+1 Merkezde","Kiralık Daire","3 + 1","95 m²","35 Yaşında","·","Kat","3. Kat","İzmir / Gaziemir / Emrez Mah.","https://www.hepsiemlak.com/_nuxt/8cafc93fb5c74c75e9e04e528e02ccdf.jpg","Aktifler Emlak & Real Estates Turkey","WhatsApp","https://www.hepsiemlak.com/_nuxt/8cafc93fb5c74c75e9e04e528e02ccdf.jpg"
"https://www.hepsiemlak.com/izmir-narlidere-camtepe-kiralik/daire/110036-648","1 / 13","29.000","09/09/2026","Ünüvar Emlak'tan Çamtepe Mah. De 2+1 Doğalgazlı Kiralık Daire...","Kiralık Daire","2 + 1","75 m²","30 Yaşında","·","Kat","4. Kat","İzmir / Narlıdere / Çamtepe Mah.","https://www.hepsiemlak.com/_nuxt/8cafc93fb5c74c75e9e04e528e02ccdf.jpg","","WhatsApp",""
"https://www.hepsiemlak.com/izmir-karsiyaka-bostanli-kiralik/daire/65161-7682","1 / 21","42.000","07/09/2026","Bostanlı Cemal Gürsel Cad. Üzeri Eşyalı Kiralık 2+1 Daire","Kiralık Daire","2 + 1","85 m²","31 Yaşında","·","Kat","6. Kat","İzmir / Karşıyaka / Bostanlı Mah.","https://www.hepsiemlak.com/_nuxt/8cafc93fb5c74c75e9e04e528e02ccdf.jpg","Startkey Muga Gayrimenkul","WhatsApp","https://www.hepsiemlak.com/_nuxt/8cafc93fb5c74c75e9e04e528e02ccdf.jpg"
"https://www.hepsiemlak.com/izmir-karabaglar-muammer-akar-kiralik/daire/78006-960","1 / 21","35.000","10/09/2026","Muammer Akar Mahallesinde Genç Binada  Doğalgazlı Kiralık Daire.","Kiralık Daire","3 + 1","120 m²","25 Yaşında","·","Kat","3. Kat","İzmir / Karabağlar / Muammer Akar Mah.","https://www.hepsiemlak.com/_nuxt/8cafc93fb5c74c75e9e04e528e02ccdf.jpg","","WhatsApp",""
"https://www.hepsiemlak.com/izmir-menemen-29-ekim-kiralik/daire/31745-23384","1 / 33","60.000","07/09/2026","Gültekin Ponti 3'te Martı Takım'dan 2+1 Kiralık Sıfır Daire","Kiralık Daire","2 + 1","120 m²","2 Yaşında","·","Kat","8. Kat","İzmir / Menemen / 29 Ekim Mah.","https://www.hepsiemlak.com/_nuxt/8cafc93fb5c74c75e9e04e528e02ccdf.jpg","Kw Alesta-viya-orsa 5","WhatsApp","https://www.hepsiemlak.com/_nuxt/8cafc93fb5c74c75e9e04e528e02ccdf.jpg"
"https://www.hepsiemlak.com/izmir-menemen-gazi-mustafa-kemal-kiralik/daire/119979-2581","1 / 15","14.750","05/09/2026","Seyrek Üniversite Yakını Eşyasız 1+1 Kiralık Daire","Kiralık Daire","1 + 1","50 m²","4 Yaşında","·","Kat","3. Kat","İzmir / Menemen / Gazi Mustafa Kemal Mah.","https://www.hepsiemlak.com/_nuxt/8cafc93fb5c74c75e9e04e528e02ccdf.jpg","Startkey Puzzle","WhatsApp","https://www.hepsiemlak.com/_nuxt/8cafc93fb5c74c75e9e04e528e02ccdf.jpg"
"https://www.hepsiemlak.com/izmir-dikili-gazipasa-kiralik/daire/31875-3093","1 / 28","40.000","08/09/2026","Dikili Ümmetoğlu’ndan 2+1 Kiralık Full Eşyalı Daire Deniz Manzaralı Önü Açık","Kiralık Daire","2 + 1","80 m²","3 Yaşında","·","Kat","2. Kat","İzmir / Dikili / Gazipaşa Mah.","https://www.hepsiemlak.com/_nuxt/8cafc93fb5c74c75e9e04e528e02ccdf.jpg","Dikili Ümmetoğlu Emlak","WhatsApp","https://www.hepsiemlak.com/_nuxt/8cafc93fb5c74c75e9e04e528e02ccdf.jpg"
"https://www.hepsiemlak.com/izmir-balcova-fevzi-cakmak-kiralik/daire/26374-210","1 / 28","45.000","08/09/2026","Eşyalı Kiralık Daire","Kiralık Daire","3 + 1","95 m²","35 Yaşında","·","Kat","4. Kat","İzmir / Balçova / Fevzi Çakmak Mah.","https://www.hepsiemlak.com/_nuxt/8cafc93fb5c74c75e9e04e528e02ccdf.jpg","","WhatsApp",""
"https://www.hepsiemlak.com/izmir-tire-adnan-menderes-kiralik/daire/166322-36","1 / 12","22.000","03/09/2026","Kiralık 2+1 Sıfır Daire","Kiralık Daire","2 + 1","60 m²","Sıfır Bina","·","Kat","2. Kat","İzmir / Tire / Adnan Menderes Mah.","https://www.hepsiemlak.com/_nuxt/8cafc93fb5c74c75e9e04e528e02ccdf.jpg","","WhatsApp",""
"https://www.hepsiemlak.com/izmir-tire-adnan-menderes-kiralik/daire/109072-46","1 / 12","32.000","30/08/2026","Akyol' Dan Büyük 3+1","Kiralık Daire","3 + 1","136 m²","5 Yaşında","·","Kat","2. Kat","İzmir / Tire / Adnan Menderes Mah.","","","WhatsApp",""
"https://www.hepsiemlak.com/izmir-foca-ataturk-kiralik/mustakil-ev/0-47129737","1 / 12","50.000","15/08/2026","Eski Foça Eşyalı Kirak Müstakil Ev","Kiralık Müstakil Ev","1 + 1","110 m²","13 Yaşında","·","Kat","","İzmir / Foça / Atatürk Mah.","","","WhatsApp",""
"https://www.hepsiemlak.com/izmir-cigli-evka-2-kiralik/daire/81745-89","1 / 24","19.000","13/08/2026","Evka-2'de Deniz Manzaralı Son Kat Kiralık 2+1 Daire","Kiralık Daire","2 + 1","90 m²","32 Yaşında","·","Kat","5. Kat","İzmir / Çiğli / Evka - 2 Mah.","","","WhatsApp",""
"https://www.hepsiemlak.com/izmir-cigli-balatcik-kiralik/daire/66940-2215","1 / 12","28.000","09/09/2026","Üniversite Yürüme Mesafesi 2+1 Eşyalı Kiralık Daire","Kiralık Daire","2 + 1","65 m²","5 Yaşında","·","Kat","2. Kat","İzmir / Çiğli / Balatçık Mah.","https://hecdn01.hemlak.com/mncropresize/182/137/ds01/6/4/1/4/7/2/7/4/d83b2bff-ad2f-42c7-b0ab-39732fdb577b.jpg","","WhatsApp",""
"https://www.hepsiemlak.com/izmir-balcova-fevzi-cakmak-kiralik/daire/130639-318","1 / 12","50.000","05/09/2026","Fb Gayrimenkul'den Üniversiteye Yakın 2+1 Eşyalı Kiralık Daire","Kiralık Daire","2 + 1","90 m²","5 Yaşında","·","Kat","2. Kat","İzmir / Balçova / Fevzi Çakmak Mah.","https://www.hepsiemlak.com/_nuxt/8cafc93fb5c74c75e9e04e528e02ccdf.jpg","Feyza Baklacı Gayrimenkul Danışmanlığı","WhatsApp","https://www.hepsiemlak.com/_nuxt/8cafc93fb5c74c75e9e04e528e02ccdf.jpg"
"https://www.hepsiemlak.com/izmir-buca-mustafa-kemal-kiralik/daire/146551-87","1 / 21","40.000","08/09/2026","Buca  Mustafa  Kemal  Mahalleside","Kiralık Daire","3 + 1","160 m²","6 Yaşında","·","Kat","Ara Kat","İzmir / Buca / Mustafa Kemal Mah.","https://www.hepsiemlak.com/_nuxt/8cafc93fb5c74c75e9e04e528e02ccdf.jpg","Kızılateş Gayrimenkul","WhatsApp","https://www.hepsiemlak.com/_nuxt/8cafc93fb5c74c75e9e04e528e02ccdf.jpg"
"https://www.hepsiemlak.com/izmir-buca-inonu-kiralik/daire/104396-900","1 / 16","28.000","08/09/2026","Buca İnönü Mahallesi Gediz Sevgi Yolu Yakını Kiralık 3+1 Daire","Kiralık Daire","3 + 1","125 m²","6 Yaşında","·","Kat","2. Kat","İzmir / Buca / İnönü Mah.","https://www.hepsiemlak.com/_nuxt/8cafc93fb5c74c75e9e04e528e02ccdf.jpg","Atölye Gayrimenkul","WhatsApp","https://www.hepsiemlak.com/_nuxt/8cafc93fb5c74c75e9e04e528e02ccdf.jpg"
"https://www.hepsiemlak.com/izmir-balcova-onur-kiralik/daire/161083-53","1 / 17","35.000","07/09/2026","Balçova Onur Mah 3+1 130 M2 Giriş Kat Kiralık Daire","Kiralık Daire","3 + 1","135 m²","31 Yaşında","·","Kat","Giriş Katı","İzmir / Balçova / Onur Mah.","https://www.hepsiemlak.com/_nuxt/8cafc93fb5c74c75e9e04e528e02ccdf.jpg","","WhatsApp",""
"https://www.hepsiemlak.com/izmir-torbali-cumhuriyet-kiralik/daire/160488-235","1 / 25","20.500","07/09/2026","Truva'dan Site İçerisinde Makul 3+1","Kiralık Daire","3 + 1","145 m²","16 Yaşında","·","Kat","Yüksek Giriş","İzmir / Torbalı / Cumhuriyet Mah.","https://www.hepsiemlak.com/_nuxt/8cafc93fb5c74c75e9e04e528e02ccdf.jpg","Truva Gayrimenkul Torbalı","WhatsApp","https://www.hepsiemlak.com/_nuxt/8cafc93fb5c74c75e9e04e528e02ccdf.jpg"
"https://www.hepsiemlak.com/izmir-karsiyaka-dedebasi-kiralik/daire/49446-4582","1 / 47","46.000","03/09/2026","Nergiz'de Girne Cad. Yakını, Asansörlü, Boyalı, Çift Cephe, Arakat","Kiralık Daire","3 + 1","150 m²","15 Yaşında","·","Kat","4. Kat","İzmir / Karşıyaka / Dedebaşı Mah.","https://www.hepsiemlak.com/_nuxt/8cafc93fb5c74c75e9e04e528e02ccdf.jpg","","WhatsApp",""
"https://www.hepsiemlak.com/izmir-karsiyaka-bahcelievler-kiralik/daire/91927-662","1 / 40","35.000","03/09/2026","Karşıyaka Bahçelievler Asansörlü Kiralık Daire","Kiralık Daire","3 + 1","125 m²","26 Yaşında","·","Kat","5. Kat","İzmir / Karşıyaka / Bahçelievler Mah.","https://www.hepsiemlak.com/_nuxt/8cafc93fb5c74c75e9e04e528e02ccdf.jpg","","WhatsApp",""
"https://www.hepsiemlak.com/izmir-karsiyaka-ornekkoy-kiralik/daire/164442-94","1 / 16","27.000","02/09/2026","Murat Kuntker' Den Örnekköy' De, Ful Eşyalı 1+1 Kiralık Daire","Kiralık Daire","1 + 1","50 m²","3 Yaşında","·","Kat","2. Kat","İzmir / Karşıyaka / Örnekköy Mah.","https://www.hepsiemlak.com/_nuxt/8cafc93fb5c74c75e9e04e528e02ccdf.jpg","Smyrna Team Kw","WhatsApp","https://www.hepsiemlak.com/_nuxt/8cafc93fb5c74c75e9e04e528e02ccdf.jpg"
"https://www.hepsiemlak.com/izmir-menemen-istiklal-kiralik/daire/125796-2060","1 / 31","34.500","02/09/2026","Egekent-2'de Ara Kat Tadilatlı Kiralık 3+1 Daire","Kiralık Daire","3 + 1","135 m²","16 Yaşında","·","Kat","3. Kat","İzmir / Menemen / İstiklal Mah.","https://www.hepsiemlak.com/_nuxt/8cafc93fb5c74c75e9e04e528e02ccdf.jpg","Coldwell Banker İya Gayrimenkul","WhatsApp","https://www.hepsiemlak.com/_nuxt/8cafc93fb5c74c75e9e04e528e02ccdf.jpg"
"https://www.hepsiemlak.com/izmir-aliaga-ornekkent-kiralik/daire/142333-1750","1 / 36","22.000","07/09/2026","Aliağa Yeni Tokilerde Arakat Geniş 2+1 Kiralık Daire","Kiralık Daire","2 + 1","86 m²","Sıfır Bina","·","Kat","1. Kat","İzmir / Aliağa / Örnekkent Mah.","https://www.hepsiemlak.com/_nuxt/8cafc93fb5c74c75e9e04e528e02ccdf.jpg","","WhatsApp",""
"https://www.hepsiemlak.com/izmir-karsiyaka-bostanli-kiralik/daire/39051-1840","1 / 36","65.000","02/09/2026","Bostanlı'da İskele Yakını - 2 Oda Salon Ve 2 Banyolu Yeni Binada","Kiralık Daire","2 + 1","110 m²","6 Yaşında","·","Kat","3. Kat","İzmir / Karşıyaka / Bostanlı Mah.","https://www.hepsiemlak.com/_nuxt/8cafc93fb5c74c75e9e04e528e02ccdf.jpg","Özler Emlak","WhatsApp","https://www.hepsiemlak.com/_nuxt/8cafc93fb5c74c75e9e04e528e02ccdf.jpg"
"https://www.hepsiemlak.com/izmir-bornova-evka-3-kiralik/daire/167367-62","1 / 40","105.000","01/09/2026","Evka3 Havuzlu Sitede Kiralık Lüks 4+1 Daire","Kiralık Daire","4 + 1","235 m²","16 Yaşında","·","Kat","5. Kat","İzmir / Bornova / Evka 3 Mah.","https://www.hepsiemlak.com/_nuxt/8cafc93fb5c74c75e9e04e528e02ccdf.jpg","Orinox Gayrimenkul & Danışmanlık","WhatsApp",""
"https://www.hepsiemlak.com/izmir-cigli-balatcik-kiralik/daire/38856-2252","1 / 35","32.000","07/09/2026","Myway Wins Blue Sitesinde Eşyalı Kiralık 1;5+1 Daire","Kiralık Daire","1 + 1","49 m²","5 Yaşında","·","Kat","4. Kat","İzmir / Çiğli / Balatçık Mah.","https://www.hepsiemlak.com/_nuxt/8cafc93fb5c74c75e9e04e528e02ccdf.jpg","Startkey Eksper Gayrimenkul","WhatsApp","https://www.hepsiemlak.com/_nuxt/8cafc93fb5c74c75e9e04e528e02ccdf.jpg"
"https://www.hepsiemlak.com/izmir-tire-kurtulus-kiralik/daire/162188-83","1 / 18","20.000","09/09/2026","Dilek Emlak'tan Çarşı İçinde Kiralık Ferah 3+1 Daire","Kiralık Daire","3 + 1","140 m²","30 Yaşında","·","Kat","En Üst Kat","İzmir / Tire / Kurtuluş Mah.","https://www.hepsiemlak.com/_nuxt/8cafc93fb5c74c75e9e04e528e02ccdf.jpg","Dilek Emlak Gayrimenkul Danışmanlığı","WhatsApp","https://www.hepsiemlak.com/_nuxt/8cafc93fb5c74c75e9e04e528e02ccdf.jpg"
"https://www.hepsiemlak.com/izmir-karsiyaka-goncalar-kiralik/daire/156697-200","1 / 24","39.500","03/09/2026","Nergiz Çarşıda Bakımlı Kiralık 3+1 Daire","Kiralık Daire","3 + 1","135 m²","21 Yaşında","·","Kat","4. Kat","İzmir / Karşıyaka / Goncalar Mah.","https://www.hepsiemlak.com/_nuxt/8cafc93fb5c74c75e9e04e528e02ccdf.jpg","Raion Gayrimenkul","WhatsApp","https://www.hepsiemlak.com/_nuxt/8cafc93fb5c74c75e9e04e528e02ccdf.jpg"
"https://www.hepsiemlak.com/izmir-menemen-istiklal-kiralik/daire/169287-35","1 / 17","25.500","01/09/2026","Gültekin Pera 2 Sıfır Projede Kiralık Havuz Cephe 1+1","Kiralık Daire","1 + 1","55 m²","Sıfır Bina","·","Kat","1. Kat","İzmir / Menemen / İstiklal Mah.","https://www.hepsiemlak.com/_nuxt/8cafc93fb5c74c75e9e04e528e02ccdf.jpg","","WhatsApp",""
"https://www.hepsiemlak.com/izmir-buca-adatepe-kiralik/daire/129980-1377","1 / 28","22.000","01/09/2026","Adatepe Işılay Saygın Yakını 2+1 Kiralık Bahçeli Bakımlı Daire","Kiralık Daire","2 + 1","95 m²","16 Yaşında","·","Kat","Yüksek Giriş","İzmir / Buca / Adatepe Mah.","https://www.hepsiemlak.com/_nuxt/8cafc93fb5c74c75e9e04e528e02ccdf.jpg","Başoğlu Emlak İnşaat","WhatsApp","https://www.hepsiemlak.com/_nuxt/8cafc93fb5c74c75e9e04e528e02ccdf.jpg"
"https://www.hepsiemlak.com/izmir-torbali-inonu-kiralik/daire/114403-205","1 / 40","28.000","01/09/2026","Azelyadan İnönü'de 2+1 Arakat Havuzlu Site İçi","Kiralık Daire","2 + 1","100 m²","5 Yaşında","·","Kat","2. Kat","İzmir / Torbalı / İnönü Mah.","https://www.hepsiemlak.com/_nuxt/8cafc93fb5c74c75e9e04e528e02ccdf.jpg","Azelya Emlak","WhatsApp","https://www.hepsiemlak.com/_nuxt/8cafc93fb5c74c75e9e04e528e02ccdf.jpg"
"https://www.hepsiemlak.com/izmir-bayrakli-onur-kiralik/daire/161202-423","1 / 37","27.000","31/08/2026","Bayraklı Onur Mahallesinde Önü Açık, D.Gazlı 2+1 Kiralık Daire","Kiralık Daire","2 + 1","90 m²","29 Yaşında","·","Kat","Yüksek Giriş","İzmir / Bayraklı / Onur Mah.","https://www.hepsiemlak.com/_nuxt/8cafc93fb5c74c75e9e04e528e02ccdf.jpg","Turpa Girne Gold Gayrimenkul","WhatsApp","https://www.hepsiemlak.com/_nuxt/8cafc93fb5c74c75e9e04e528e02ccdf.jpg"
"https://www.hepsiemlak.com/izmir-cigli-atasehir-kiralik/daire/171457-9","1 / 29","43.000","07/09/2026","Odes Park Ataşehirde 2+1 Kiralık Daire","Kiralık Daire","2 + 1","70 m²","Sıfır Bina","·","Kat","2. Kat","İzmir / Çiğli / Ataşehir Mah.","https://www.hepsiemlak.com/_nuxt/8cafc93fb5c74c75e9e04e528e02ccdf.jpg","Onçam Emlak.","WhatsApp","https://www.hepsiemlak.com/_nuxt/8cafc93fb5c74c75e9e04e528e02ccdf.jpg"
"https://www.hepsiemlak.com/izmir-karsiyaka-mavisehir-kiralik/daire/4762-4827","1 / 35","60.000","31/08/2026","Mavişehir Pamukkale Sitesi Deniz Manzaralı Kiralık 4+1 Daire","Kiralık Daire","4 + 1","169 m²","31 Yaşında","·","Kat","17. Kat","İzmir / Karşıyaka / Mavişehir Mah.","","","WhatsApp",""
"https://www.hepsiemlak.com/izmir-karsiyaka-ornekkoy-kiralik/daire/171327-2","1 / 52","43.000","06/09/2026","Yeni Girne'de 3+1 Ebeveyn Banyo Merkezi Isıtma 180 M2","Kiralık Daire","3 + 1","160 m²","21 Yaşında","·","Kat","3. Kat","İzmir / Karşıyaka / Örnekköy Mah.","","Yeknur Gayrimenkul","WhatsApp","https://www.hepsiemlak.com/_nuxt/img/no-image-user.6f6a83e.svg"
"https://www.hepsiemlak.com/izmir-karsiyaka-ornekkoy-kiralik/daire/141566-137","1 / 32","51.000","05/09/2026","Anadolu Cad Yakını 160m2 4+1 Kiralık Dublex Daire","Kiralık Daire","4 + 1","175 m²","6 Yaşında","·","Kat","5. Kat","İzmir / Karşıyaka / Örnekköy Mah.","","","WhatsApp",""
"https://www.hepsiemlak.com/izmir-guzelbahce-kahramandere-kiralik/villa/115022-984","1 / 59","145.000","30/08/2026","Çtn'den Güzelbahçe Kolejler Bölgesinde,Eşyalı, Kiralık 5+1 Villa","Kiralık Villa","5 + 1","275 m²","24 Yaşında","·","Kat","","İzmir / Güzelbahçe / Kahramandere Mah.","https://hecdn01.hemlak.com/mncropresize/182/137/ds01/7/9/9/4/1/2/7/4/9674868e-eb8e-4cfc-8993-c79dba7312a8.jpg","Çtn Gayrimenkul","WhatsApp","https://hecdnnw.hemlak.com/mncropresize/77/67/logo/2/2/0/5/1/1/b634fa2f-8ed3-4e90-86ab-231c0a58f807.jpg"
"https://www.hepsiemlak.com/izmir-menemen-inonu-kiralik/daire/170518-23","1 / 23","22.000","29/08/2026","Seyrek'te Çarşı Etapta Havuzlu Eşyalı 1+1 Kiralık Temiz Daire","Kiralık Daire","1 + 1","55 m²","6 Yaşında","·","Kat","1. Kat","İzmir / Menemen / İnönü Mah.","https://www.hepsiemlak.com/_nuxt/8cafc93fb5c74c75e9e04e528e02ccdf.jpg","Yasemin Çelikbaş Gayrimenkul Yatırım Danışmanlık","WhatsApp","https://www.hepsiemlak.com/_nuxt/8cafc93fb5c74c75e9e04e528e02ccdf.jpg"
"https://www.hepsiemlak.com/izmir-cigli-cumhuriyet-kiralik/daire/153494-105","1 / 26","24.000","28/08/2026","Harmandalı Havuzlu Sitede Kiralık 1+1 Daire","Kiralık Daire","1 + 1","50 m²","Sıfır Bina","·","Kat","3. Kat","İzmir / Çiğli / Cumhuriyet Mah.","https://www.hepsiemlak.com/_nuxt/8cafc93fb5c74c75e9e04e528e02ccdf.jpg","Pier Gayrimenkul","WhatsApp","https://www.hepsiemlak.com/_nuxt/8cafc93fb5c74c75e9e04e528e02ccdf.jpg"
"https://www.hepsiemlak.com/izmir-gaziemir-atifbey-kiralik/daire/140307-436","1 / 39","53.000","08/09/2026","Ertan Güneş_ten Atıfbey Mah. Arakat 3+1 Site İçi Kiralık Daire","Kiralık Daire","3 + 1","150 m²","21 Yaşında","·","Kat","6. Kat","İzmir / Gaziemir / Atıfbey Mah.","https://www.hepsiemlak.com/_nuxt/8cafc93fb5c74c75e9e04e528e02ccdf.jpg","Ertan Güneş Gayrimenkul","WhatsApp","https://www.hepsiemlak.com/_nuxt/8cafc93fb5c74c75e9e04e528e02ccdf.jpg"
"https://www.hepsiemlak.com/izmir-buca-yenigun-kiralik/daire/167410-18","1 / 27","40.000","27/08/2026","Buca Yenigün Mah 3+1 Site İçi Kiralık Arakat Asansörlü Daire","Kiralık Daire","3 + 1","135 m²","11 Yaşında","·","Kat","9. Kat","İzmir / Buca / Yenigün Mah.","https://www.hepsiemlak.com/_nuxt/8cafc93fb5c74c75e9e04e528e02ccdf.jpg","Bulur Gayrimenkul","WhatsApp","https://www.hepsiemlak.com/_nuxt/8cafc93fb5c74c75e9e04e528e02ccdf.jpg"
"https://www.hepsiemlak.com/izmir-cigli-esentepe-kiralik/daire/152282-571","1 / 24","25.000","26/08/2026","İzmir Çiğli Esentepe'de 1+1 Sıfır Kiralık Daire","Kiralık Daire","1 + 1","55 m²","Sıfır Bina","·","Kat","Yüksek Giriş","İzmir / Çiğli / Esentepe Mah.","https://www.hepsiemlak.com/_nuxt/8cafc93fb5c74c75e9e04e528e02ccdf.jpg","Buy Sold İmperium Gayrimenkul","WhatsApp","https://www.hepsiemlak.com/_nuxt/8cafc93fb5c74c75e9e04e528e02ccdf.jpg"
"https://www.hepsiemlak.com/izmir-cesme-ismet-inonu-kiralik/residence/74495-4788","1 / 41","59.000","03/09/2026","Çeşme Boyalık'ta Yıllık Kiralık Deniz Manzaralı Dubleks Daire","Kiralık Residence","2 + 1","105 m²","6 Yaşında","·","Kat","1. Kat","İzmir / Çeşme / İsmet İnönü Mah.","https://www.hepsiemlak.com/_nuxt/8cafc93fb5c74c75e9e04e528e02ccdf.jpg","","WhatsApp",""
"https://www.hepsiemlak.com/izmir-bornova-barbaros-kiralik/residence/149990-899","1 / 16","69.000","26/08/2026","Dap Yapı İzmir Deniz Manz. Kapalı Mutfak Kiralık 3+1 Daire","Kiralık Residence","3 + 1","130 m²","5 Yaşında","·","Kat","18. Kat","İzmir / Bornova / Barbaros Mah.","https://www.hepsiemlak.com/_nuxt/8cafc93fb5c74c75e9e04e528e02ccdf.jpg","Fast Buy Gayrimenkul","WhatsApp","https://www.hepsiemlak.com/_nuxt/8cafc93fb5c74c75e9e04e528e02ccdf.jpg"
"https://www.hepsiemlak.com/izmir-karsiyaka-bahcelievler-kiralik/daire/138721-198","1 / 36","42.500","25/08/2026","Karşıyaka Bahçelievler'de İzbana Yakın Lüks 2+1 !","Kiralık Daire","2 + 1","92 m²","7 Yaşında","·","Kat","5. Kat","İzmir / Karşıyaka / Bahçelievler Mah.","https://www.hepsiemlak.com/_nuxt/8cafc93fb5c74c75e9e04e528e02ccdf.jpg","","WhatsApp",""
"https://www.hepsiemlak.com/izmir-menemen-istiklal-kiralik/daire/54684-4680","1 / 49","25.000","03/09/2026","Gültekin Pera 2' De Sıfır, Havuz Cephe Kiralık 1+1 Daire","Kiralık Daire","1 + 1","55 m²","Sıfır Bina","·","Kat","3. Kat","İzmir / Menemen / İstiklal Mah.","https://www.hepsiemlak.com/_nuxt/8cafc93fb5c74c75e9e04e528e02ccdf.jpg","Startkey Altunsu","WhatsApp","https://www.hepsiemlak.com/_nuxt/8cafc93fb5c74c75e9e04e528e02ccdf.jpg"
"https://www.hepsiemlak.com/izmir-cigli-balatcik-kiralik/daire/150679-171","1 / 15","18.000","08/09/2026","İkçü Yakınında Kiralık 1+1","Kiralık Daire","1 + 1","52 m²","6 Yaşında","·","Kat","2. Kat","İzmir / Çiğli / Balatçık Mah.","https://www.hepsiemlak.com/_nuxt/8cafc93fb5c74c75e9e04e528e02ccdf.jpg","","WhatsApp",""
"https://www.hepsiemlak.com/izmir-menemen-gazi-kiralik/daire/62493-1659","1 / 32","27.500","25/08/2026","Menemen Koyundere Kiralık 2+1 Daire","Kiralık Daire","2 + 1","110 m²","6 Yaşında","·","Kat","5. Kat","İzmir / Menemen / Gazi Mah.","https://www.hepsiemlak.com/_nuxt/8cafc93fb5c74c75e9e04e528e02ccdf.jpg","Gamex Gayrimenkul","WhatsApp","https://www.hepsiemlak.com/_nuxt/8cafc93fb5c74c75e9e04e528e02ccdf.jpg"
"https://www.hepsiemlak.com/izmir-karsiyaka-goncalar-kiralik/daire/158445-548","1 / 24","40.000","24/08/2026","Nergiz Goncalar'da 3+1 Kiralık Daire","Kiralık Daire","3 + 1","114 m²","16 Yaşında","·","Kat","Ara Kat","İzmir / Karşıyaka / Goncalar Mah.","https://www.hepsiemlak.com/_nuxt/8cafc93fb5c74c75e9e04e528e02ccdf.jpg","Startkey Akın","WhatsApp","https://www.hepsiemlak.com/_nuxt/8cafc93fb5c74c75e9e04e528e02ccdf.jpg"
"https://www.hepsiemlak.com/izmir-karabaglar-yurdoglu-kiralik/daire/144448-550","1 / 30","26.000","24/08/2026","Karabağlar Yurtoğlu Mah. Kiralık 100 M2 3+1 Daire","Kiralık Daire","3 + 1","100 m²","21 Yaşında","·","Kat","4. Kat","İzmir / Karabağlar / Yurdoğlu Mah.","https://www.hepsiemlak.com/_nuxt/8cafc93fb5c74c75e9e04e528e02ccdf.jpg","Turyap Kemalpaşa Temsilciliği","WhatsApp","https://www.hepsiemlak.com/_nuxt/8cafc93fb5c74c75e9e04e528e02ccdf.jpg"
"https://www.hepsiemlak.com/izmir-menemen-85-yil-cumhuriyet-kiralik/daire/142932-432","1 / 25","14.000","24/08/2026","Seyrek Üniversite Yakını Kiralık 1+1 Daire","Kiralık Daire","1 + 1","50 m²","6 Yaşında","·","Kat","3. Kat","İzmir / Menemen / 85. Yıl Cumhuriyet Mah.","https://www.hepsiemlak.com/_nuxt/8cafc93fb5c74c75e9e04e528e02ccdf.jpg","Uygar Gayrimenkul","WhatsApp","https://www.hepsiemlak.com/_nuxt/8cafc93fb5c74c75e9e04e528e02ccdf.jpg"
"https://www.hepsiemlak.com/izmir-urla-yenice-kiralik/villa/159896-35","1 / 27","300.000","22/08/2026","Kekliktepe'de Özel Havuzlu Kiralık Müstakil Villa","Kiralık Villa","5 + 2","400 m²","11 Yaşında","·","Kat","Bahçe Katı","İzmir / Urla / Yenice Mah.","https://www.hepsiemlak.com/_nuxt/8cafc93fb5c74c75e9e04e528e02ccdf.jpg","","WhatsApp",""
"https://www.hepsiemlak.com/izmir-menemen-villakent-kiralik/mustakil-ev/144072-916","1 / 34","60.000","21/08/2026","Vıllakent'te 4+2 Trıplex 220m2 Bahçelı Ve Eşsız Manzaralı Eşyalı Kıralık Vılla","Kiralık Müstakil Ev","4 + 2","220 m²","25 Yaşında","·","Kat","","İzmir / Menemen / Villakent Mah.","https://www.hepsiemlak.com/_nuxt/8cafc93fb5c74c75e9e04e528e02ccdf.jpg","Remax Kare","WhatsApp","https://www.hepsiemlak.com/_nuxt/8cafc93fb5c74c75e9e04e528e02ccdf.jpg"
"https://www.hepsiemlak.com/izmir-karsiyaka-dedebasi-kiralik/daire/78476-582","1 / 49","37.500","21/08/2026","Arın Emlak'tan Dedebaşı Ordu Bulvarı Yakını Kiralık 2+1 Daire","Kiralık Daire","2 + 1","88 m²","12 Yaşında","·","Kat","2. Kat","İzmir / Karşıyaka / Dedebaşı Mah.","https://www.hepsiemlak.com/_nuxt/8cafc93fb5c74c75e9e04e528e02ccdf.jpg","","WhatsApp",""
"https://www.hepsiemlak.com/izmir-karabaglar-doganay-kiralik/daire/146515-875","1 / 23","25.000","07/09/2026","Bozyaka Ssk Yakını 3+1 Bakımlı Kiralık Daire","Kiralık Daire","3 + 1","125 m²","26 Yaşında","·","Kat","1. Kat","İzmir / Karabağlar / Doğanay Mah.","https://www.hepsiemlak.com/_nuxt/8cafc93fb5c74c75e9e04e528e02ccdf.jpg","","WhatsApp",""
"https://www.hepsiemlak.com/izmir-karabaglar-ali-fuat-cebesoy-kiralik/daire/84343-880","1 / 33","27.000","24/08/2026","Baş-Kaleden Doğalgazlı Panjurlu Kiralık Kibar Pazar Yeri Karşısı","Kiralık Daire","2 + 1","95 m²","6 Yaşında","·","Kat","3. Kat","İzmir / Karabağlar / Ali Fuat Cebesoy Mah.","https://www.hepsiemlak.com/_nuxt/8cafc93fb5c74c75e9e04e528e02ccdf.jpg","Baş-kale Gayrimenkul Ve Yatırım","WhatsApp","https://www.hepsiemlak.com/_nuxt/8cafc93fb5c74c75e9e04e528e02ccdf.jpg"
"https://www.hepsiemlak.com/izmir-menemen-ismet-inonu-kiralik/daire/119640-3722","1 / 35","16.500","21/08/2026","Menemen Gölpark Yakını Sıfır 1+1 Kiralık Daire","Kiralık Daire","1 + 1","50 m²","Sıfır Bina","·","Kat","1. Kat","İzmir / Menemen / İsmet İnönü Mah.","https://www.hepsiemlak.com/_nuxt/8cafc93fb5c74c75e9e04e528e02ccdf.jpg","Startkey Ege Gayrimenkul","WhatsApp","https://www.hepsiemlak.com/_nuxt/8cafc93fb5c74c75e9e04e528e02ccdf.jpg"
"https://www.hepsiemlak.com/izmir-dikili-salimbey-kiralik/daire/131666-509","1 / 32","25.000","09/09/2026","Saadet Korkmaz'dan Salimbey'de Boş Kiralık 2+1 Yüksek Giriş Daire","Kiralık Daire","2 + 1","80 m²","3 Yaşında","·","Kat","Yüksek Giriş","İzmir / Dikili / Salimbey Mah.","https://hecdnnw.hemlak.com/mncropresize/77/67/logo/6/6/6/1/3/1/f11364cf-5a81-4c2e-a438-03425f2cf0db.jpg","Saadet Korkmaz Emlak","WhatsApp",""
"https://www.hepsiemlak.com/izmir-bayrakli-osmangazi-kiralik/daire/169975-18","1 / 17","36.000","20/08/2026","Keynest'den Osmangazide Site İçerisinde 3+1 Kiralık Daire","Kiralık Daire","3 + 1","140 m²","31 Yaşında","·","Kat","4. Kat","İzmir / Bayraklı / Osmangazi Mah.","","Keynest Gayrimenkul","WhatsApp","https://hecdnnw.hemlak.com/mncropresize/77/67/firmuser/5/2/2/5/4/7/4/3a63f90a-6431-4ec7-bf76-97f8c5ce047e.jpg"
"https://www.hepsiemlak.com/izmir-menemen-9-eylul-kiralik/daire/129921-667","1 / 22","27.000","19/08/2026","9 Eylül Mahallesinde Önü Açık 2+1 Kiralık Daire","Kiralık Daire","2 + 1","75 m²","1 Yaşında","·","Kat","2. Kat","İzmir / Menemen / 9 Eylül Mah.","https://hecdnnw.hemlak.com/mncropresize/77/67/logo/1/2/9/9/2/1/a6414ddd-0f9c-417c-8ff2-b714fce446eb.jpg","Rota Gayrimenkul","WhatsApp",""
"https://www.hepsiemlak.com/izmir-urla-denizli-kiralik/villa/171159-7","1 / 21","105.000","28/08/2026","Çeşmealtında Geniş Bahçeli, Müstakil Nizam 4+1 Kiralık Villa","Kiralık Villa","4 + 1","160 m²","Sıfır Bina","·","Kat","","İzmir / Urla / Denizli Mah.","https://hecdn01.hemlak.com/mncropresize/182/137/ds01/5/7/6/1/5/1/7/4/ea8f9f52-2134-45e8-a89b-908002b9f7cd.jpg","Luxeva Gayrimenkul","WhatsApp",""
"https://www.hepsiemlak.com/izmir-buca-buca-koop-kiralik/daire/105193-165","1 / 22","35.000","19/08/2026","Buca Koop Meydan Ferah 3+1 Daire","Kiralık Daire","3 + 1","120 m²","26 Yaşında","·","Kat","7. Kat","İzmir / Buca / Buca Koop. Mah.","https://www.hepsiemlak.com/_nuxt/8cafc93fb5c74c75e9e04e528e02ccdf.jpg","Bucakoop Boranem Gayrimenkul","WhatsApp","https://www.hepsiemlak.com/_nuxt/8cafc93fb5c74c75e9e04e528e02ccdf.jpg"
"https://www.hepsiemlak.com/izmir-karabaglar-bahar-kiralik/daire/171115-2","1 / 23","42.000","31/08/2026","Turka │ Bulunduğu Bölgedeki En İyi Site İçi Kiralık Daire","Kiralık Daire","3 + 1","117 m²","33 Yaşında","·","Kat","1. Kat","İzmir / Karabağlar / Bahar Mah.","https://www.hepsiemlak.com/_nuxt/8cafc93fb5c74c75e9e04e528e02ccdf.jpg","","WhatsApp",""
"https://www.hepsiemlak.com/izmir-karsiyaka-alaybey-kiralik/daire/61174-3463","1 / 34","26.000","18/08/2026","Alaybey De 2+1 Köşe Temiz Kiralık Daire Mkd Emlak","Kiralık Daire","2 + 1","110 m²","31 Yaşında","·","Kat","1. Kat","İzmir / Karşıyaka / Alaybey Mah.","https://www.hepsiemlak.com/_nuxt/8cafc93fb5c74c75e9e04e528e02ccdf.jpg","Mkd Emlak","WhatsApp","https://www.hepsiemlak.com/_nuxt/8cafc93fb5c74c75e9e04e528e02ccdf.jpg"
"https://www.hepsiemlak.com/izmir-menemen-9-eylul-kiralik/daire/103199-22","1 / 17","35.000","18/08/2026","Sadeden 35 Sokak Karşısı Ebeveyn Banyolu Geniş Kiralık 3+1","Kiralık Daire","3 + 1","133 m²","8 Yaşında","·","Kat","4. Kat","İzmir / Menemen / 9 Eylül Mah.","https://www.hepsiemlak.com/_nuxt/8cafc93fb5c74c75e9e04e528e02ccdf.jpg","","WhatsApp",""
"https://www.hepsiemlak.com/izmir-karsiyaka-semikler-kiralik/daire/95855-367","1 / 23","32.000","25/08/2026","İzmir Karşıyaka Şemiklerde Kiralık 1+1 Daire Ordu Bulvarında","Kiralık Daire","1 + 1","50 m²","2 Yaşında","·","Kat","6. Kat","İzmir / Karşıyaka / Şemikler Mah.","https://www.hepsiemlak.com/_nuxt/8cafc93fb5c74c75e9e04e528e02ccdf.jpg","","WhatsApp",""
"https://www.hepsiemlak.com/izmir-bergama-maltepe-kiralik/daire/87156-396","1 / 49","17.000","17/08/2026","Maltepe Mahallesi Adnan Menderes Bulvarı Üzerinde Kiralık 3+1","Kiralık Daire","3 + 1","112 m²","26 Yaşında","·","Kat","4. Kat","İzmir / Bergama / Maltepe Mah.","https://www.hepsiemlak.com/_nuxt/8cafc93fb5c74c75e9e04e528e02ccdf.jpg","Connecttürk Kozber Gayrimenkul","WhatsApp","https://www.hepsiemlak.com/_nuxt/8cafc93fb5c74c75e9e04e528e02ccdf.jpg"
"https://www.hepsiemlak.com/izmir-karabaglar-doganay-kiralik/daire/166400-131","1 / 34","37.000","28/08/2026","Cadde Üzerinde Kap.Otoparklı, Asansörlü Binada Kiralık 3+1 Daire","Kiralık Daire","3 + 1","140 m²","16 Yaşında","·","Kat","4. Kat","İzmir / Karabağlar / Doğanay Mah.","https://www.hepsiemlak.com/_nuxt/8cafc93fb5c74c75e9e04e528e02ccdf.jpg","Demka Gayrimenkul 2","WhatsApp","https://www.hepsiemlak.com/_nuxt/8cafc93fb5c74c75e9e04e528e02ccdf.jpg"
"https://www.hepsiemlak.com/izmir-menemen-gazi-mustafa-kemal-kiralik/daire/164457-61","1 / 16","23.000","20/08/2026","Bakırçay Üniversitesine 500 M Eşyalı Kiralık 2+0 Daire","Kiralık Daire","2 + 0","65 m²","5 Yaşında","·","Kat","2. Kat","İzmir / Menemen / Gazi Mustafa Kemal Mah.","https://www.hepsiemlak.com/_nuxt/8cafc93fb5c74c75e9e04e528e02ccdf.jpg","","WhatsApp",""
"https://www.hepsiemlak.com/izmir-karabaglar-esentepe-kiralik/daire/10433-2048","1 / 49","40.000","01/09/2026","Mimkent Şeker Merve Okul Yanı Güneş Apt 46/24 Sk 6 Ncı Ara Kat","Kiralık Daire","3 + 1","128 m²","34 Yaşında","·","Kat","6. Kat","İzmir / Karabağlar / Esentepe Mah.","https://www.hepsiemlak.com/_nuxt/8cafc93fb5c74c75e9e04e528e02ccdf.jpg","Nazım Emlak","WhatsApp","https://www.hepsiemlak.com/_nuxt/8cafc93fb5c74c75e9e04e528e02ccdf.jpg"
"https://www.hepsiemlak.com/izmir-guzelbahce-yali-kiralik/daire/136643-222","1 / 28","70.000","02/09/2026","Güzelbahçe Yalı Mahallesinde Caddeye Sahile Yakın","Kiralık Daire","3 + 1","130 m²","16 Yaşında","·","Kat","1. Kat","İzmir / Güzelbahçe / Yalı Mah.","https://www.hepsiemlak.com/_nuxt/8cafc93fb5c74c75e9e04e528e02ccdf.jpg","","WhatsApp",""
"https://www.hepsiemlak.com/izmir-cigli-kucuk-cigli-kiralik/daire/141718-132","1 / 35","29.000","31/08/2026","Egekentte Asansörlü Çift Cephe 3+1 Kiralık Daire","Kiralık Daire","3 + 1","130 m²","31 Yaşında","·","Kat","2. Kat","İzmir / Çiğli / Küçük Çiğli Mah.","https://www.hepsiemlak.com/_nuxt/8cafc93fb5c74c75e9e04e528e02ccdf.jpg","Gho Nar Gayrimenkul","WhatsApp","https://www.hepsiemlak.com/_nuxt/8cafc93fb5c74c75e9e04e528e02ccdf.jpg"
"https://www.hepsiemlak.com/izmir-cigli-ahmet-efendi-kiralik/daire/27431-12065","1 / 40","31.000","13/08/2026","Çiğli Green Park Sitesi’nde Havuzlu Sitede Prestijli 1+1 Kiralık","Kiralık Daire","1 + 1","60 m²","3 Yaşında","·","Kat","5. Kat","İzmir / Çiğli / Ahmet Efendi Mah.","https://www.hepsiemlak.com/_nuxt/8cafc93fb5c74c75e9e04e528e02ccdf.jpg","Remax Sonuç","WhatsApp","https://www.hepsiemlak.com/_nuxt/8cafc93fb5c74c75e9e04e528e02ccdf.jpg"
"https://www.hepsiemlak.com/izmir-karaburun-merkez-kiralik/daire/159447-28","1 / 20","40.000","08/09/2026","Deniz Manzaralı Kiralık Daire","Kiralık Daire","2 + 1","70 m²","6 Yaşında","·","Kat","Ara Kat","İzmir / Karaburun / Merkez Mah.","https://www.hepsiemlak.com/_nuxt/8cafc93fb5c74c75e9e04e528e02ccdf.jpg","Yalı Karaburun Gayrimenkul","WhatsApp","https://www.hepsiemlak.com/_nuxt/8cafc93fb5c74c75e9e04e528e02ccdf.jpg"
"https://www.hepsiemlak.com/izmir-torbali-fevzi-cakmak-kiralik/daire/117111-76","1 / 27","21.000","01/09/2026","Fevzi Çakmak Mah Eşyalı Kiralık 1+1 Daire","Kiralık Daire","1 + 1","65 m²","5 Yaşında","·","Kat","2. Kat","İzmir / Torbalı / Fevzi Çakmak Mah.","https://www.hepsiemlak.com/_nuxt/8cafc93fb5c74c75e9e04e528e02ccdf.jpg","","WhatsApp",""
"https://www.hepsiemlak.com/izmir-menemen-30-agustos-kiralik/daire/49744-719","1 / 38","48.000","02/09/2026","Ulukent'te Sıfır Lüks 3+1 Çatı Dubleksi, İzban Ve Ana Yola Yakın","Kiralık Daire","3 + 1","200 m²","Sıfır Bina","·","Kat","3. Kat","İzmir / Menemen / 30 Ağustos Mah.","https://www.hepsiemlak.com/_nuxt/8cafc93fb5c74c75e9e04e528e02ccdf.jpg","","WhatsApp",""
"https://www.hepsiemlak.com/izmir-menderes-ozdere-cumhuriyet-kiralik/daire/129073-623","1 / 35","23.000","13/08/2026","Özdere Cumhuriyet' De Kiralık Harika Manzaralı 2+1 Daire","Kiralık Daire","2 + 1","100 m²","11 Yaşında","·","Kat","2. Kat","İzmir / Menderes / Özdere Cumhuriyet Mah.","https://www.hepsiemlak.com/_nuxt/8cafc93fb5c74c75e9e04e528e02ccdf.jpg","Turpa Sönmez","WhatsApp","https://www.hepsiemlak.com/_nuxt/8cafc93fb5c74c75e9e04e528e02ccdf.jpg"
"https://www.hepsiemlak.com/izmir-karabaglar-kazim-karabekir-kiralik/daire/151867-378","1 / 38","28.000","14/08/2026","Üzümcü Okulu Eski İzmir Caddesi Yürüme Mesafesi 140 M2 Kiralık","Kiralık Daire","3 + 1","145 m²","11 Yaşında","·","Kat","2. Kat","İzmir / Karabağlar / Kazım Karabekir Mah.","https://www.hepsiemlak.com/_nuxt/8cafc93fb5c74c75e9e04e528e02ccdf.jpg","","WhatsApp",""
"https://www.hepsiemlak.com/izmir-karsiyaka-atakent-kiralik/daire/169036-62","1 / 34","36.000","08/09/2026","Atakent Venedik Sitesinde Full Tadilatlı 1+1","Kiralık Daire","1 + 1","55 m²","31 Yaşında","·","Kat","2. Kat","İzmir / Karşıyaka / Atakent Mah.","https://www.hepsiemlak.com/_nuxt/8cafc93fb5c74c75e9e04e528e02ccdf.jpg","","WhatsApp",""
"https://www.hepsiemlak.com/izmir-konak-goztepe-kiralik/daire/150255-183","1 / 31","36.000","23/08/2026","Amerikan Koleji Yanı Doğal Gazlı Klimalı 3+1 Düz Giriş Daire","Kiralık Daire","3 + 1","120 m²","31 Yaşında","·","Kat","Giriş Katı","İzmir / Konak / Göztepe Mah.","https://www.hepsiemlak.com/_nuxt/8cafc93fb5c74c75e9e04e528e02ccdf.jpg","As City Gayrimenkul","WhatsApp",""
"https://www.hepsiemlak.com/izmir-menemen-ugur-mumcu-kiralik/daire/156127-222","1 / 19","38.000","02/09/2026","Menemen Uğur Mumcu'da Kiralık 3+1 Köşe Daire","Kiralık Daire","3 + 1","130 m²","Sıfır Bina","·","Kat","3. Kat","İzmir / Menemen / Uğur Mumcu Mah.","https://www.hepsiemlak.com/_nuxt/8cafc93fb5c74c75e9e04e528e02ccdf.jpg","E & T Gayrimenkul","WhatsApp","https://www.hepsiemlak.com/_nuxt/8cafc93fb5c74c75e9e04e528e02ccdf.jpg"
"https://www.hepsiemlak.com/izmir-seferihisar-sigacik-kiralik/daire/169982-81","1 / 30","30.000","12/08/2026","Sığacık Merkez'de Site İçinde Modern Eşyalı 1+1 Balkonlu Daire","Kiralık Daire","1 + 1","65 m²","5 Yaşında","·","Kat","3. Kat","İzmir / Seferihisar / Sığacık Mah.","https://hecdnnw.hemlak.com/mncropresize/77/67/logo/2/8/9/9/6/1/402d2b96-9f5e-4c58-a116-7c2be6c362a5.jpg","Evcimen Gayrimenkul Yatırım Danışmanlığı","WhatsApp",""
"https://www.hepsiemlak.com/izmir-karabaglar-kazim-karabekir-kiralik/daire/129917-31","1 / 35","24.000","07/09/2026","Merkezi Yerde Dogalgazlı 2+1 Kiralık Sıfır Daire Kapalı Otoparkl","Kiralık Daire","2 + 1","85 m²","6 Yaşında","·","Kat","Yüksek Giriş","İzmir / Karabağlar / Kazım Karabekir Mah.","https://hecdnnw.hemlak.com/mncropresize/77/67/logo/7/1/9/9/2/1/82e2c11d-6856-40cb-8471-8549b5e8c0a3.jpg","Semet Gayrimenkul","WhatsApp",""
"https://www.hepsiemlak.com/izmir-cesme-alacati-kiralik/mustakil-ev/106456-306","1 / 45","150.000","20/08/2026","Alaçatıda Merkeze Yürüme Mesafesinde Kiralık Müstakil Villa","Kiralık Müstakil Ev","4 + 1","250 m²","12 Yaşında","·","Kat","","İzmir / Çeşme / Alaçatı Mah.","","","WhatsApp",""
"https://www.hepsiemlak.com/izmir-cigli-balatcik-kiralik/daire/74706-1004","1 / 35","30.000","19/08/2026","Sekans'dan Çiğli Stüdyo 35'te 75 M2 Bahçe Katı Geniş 1+1","Kiralık Daire","1 + 1","75 m²","6 Yaşında","·","Kat","Bahçe Katı","İzmir / Çiğli / Balatçık Mah.","https://hecdn01.hemlak.com/mncropresize/182/137/ds01/9/5/8/5/0/1/7/4/e87860a8-d853-4f99-a27d-ab98a124481c.jpg","","WhatsApp",""
"https://www.hepsiemlak.com/izmir-seferihisar-hidirlik-kiralik/daire/151333-202","1 / 18","35.000","18/08/2026","2+1 Yerden Isıtmalı Eşyalı Kiralık Daire","Kiralık Daire","2 + 1","85 m²","5 Yaşında","·","Kat","1. Kat","İzmir / Seferihisar / Hıdırlık Mah.","https://www.hepsiemlak.com/_nuxt/8cafc93fb5c74c75e9e04e528e02ccdf.jpg","Connectturk Halitoğulları Gayrimenkul","WhatsApp","https://www.hepsiemlak.com/_nuxt/8cafc93fb5c74c75e9e04e528e02ccdf.jpg"
"https://www.hepsiemlak.com/izmir-buca-kurucesme-kiralik/daire/170918-10","1 / 17","23.000","07/09/2026","Buca Tınaztepe Kampüsü Yakınında Arakat 1+1 Eşyalı Kiralık Daire","Kiralık Daire","1 + 1","55 m²","6 Yaşında","·","Kat","1. Kat","İzmir / Buca / Kuruçeşme Mah.","https://www.hepsiemlak.com/_nuxt/8cafc93fb5c74c75e9e04e528e02ccdf.jpg","","WhatsApp",""
"https://www.hepsiemlak.com/izmir-bornova-kazimdirik-kiralik/daire/139122-158","1 / 34","62.500","27/08/2026","Valora'dan Folkart Life Bornova Eşyalı 2+1 Kiralık Daire","Kiralık Daire","2 + 1","78 m²","6 Yaşında","·","Kat","5. Kat","İzmir / Bornova / Kazımdirik Mah.","https://www.hepsiemlak.com/_nuxt/8cafc93fb5c74c75e9e04e528e02ccdf.jpg","Valora Gayrimenkul","WhatsApp",""
"https://www.hepsiemlak.com/izmir-karsiyaka-imbatli-kiralik/daire/168786-40","1 / 34","32.500","20/08/2026","Loft Dan Karşıyaka İmbatlı Medical Pointe Yakın Eşyalı Kiralık","Kiralık Daire","1 + 1","65 m²","2 Yaşında","·","Kat","8. Kat","İzmir / Karşıyaka / İmbatlı Mah.","https://www.hepsiemlak.com/_nuxt/8cafc93fb5c74c75e9e04e528e02ccdf.jpg","Loft Gayrimenkul Ve Yatırım Danışmanlığı","WhatsApp",""
"https://www.hepsiemlak.com/izmir-konak-barbaros-kiralik/daire/74289-117","1 / 35","32.000","04/09/2026","Karataşta Panoromik Deniz Manzaralı D.G Eşyalı Kiralık Daire","Kiralık Daire","2 + 1","105 m²","31 Yaşında","·","Kat","5. Kat","İzmir / Konak / Barbaros Mah.","https://www.hepsiemlak.com/_nuxt/8cafc93fb5c74c75e9e04e528e02ccdf.jpg","","WhatsApp",""
"https://www.hepsiemlak.com/izmir-buca-kurucesme-kiralik/daire/167776-8","1 / 23","25.000","02/09/2026","İzmir Buca Kampüs Karşısı Eşyalı Kiralık 2+0 Kiralık Daire","Kiralık Daire","2 + 0","60 m²","4 Yaşında","·","Kat","2. Kat","İzmir / Buca / Kuruçeşme Mah.","https://www.hepsiemlak.com/_nuxt/8cafc93fb5c74c75e9e04e528e02ccdf.jpg","Zenka Gayrimenkul Ve Yatırım","WhatsApp",""
"https://www.hepsiemlak.com/izmir-karabaglar-bahcelievler-kiralik/daire/119232-64","1 / 33","35.000","10/09/2026","Hatay Bahçelievlerde Full Eşyalı 3+1 Kombili Kiralık Daire","Kiralık Daire","3 + 1","140 m²","31 Yaşında","·","Kat","5. Kat","İzmir / Karabağlar / Bahçelievler Mah.","https://www.hepsiemlak.com/_nuxt/8cafc93fb5c74c75e9e04e528e02ccdf.jpg","Nokta Gayrimenkul","WhatsApp",""
"https://www.hepsiemlak.com/izmir-bornova-evka-3-kiralik/daire/164302-38","1 / 40","52.000","31/08/2026","Bornova Evka 3 De Manzaralı Full Yapılı Kiralık Daire","Kiralık Daire","3 + 1","145 m²","21 Yaşında","·","Kat","9. Kat","İzmir / Bornova / Evka 3 Mah.","https://www.hepsiemlak.com/_nuxt/8cafc93fb5c74c75e9e04e528e02ccdf.jpg","Banu Özgen Gayrimenkul","WhatsApp","https://www.hepsiemlak.com/_nuxt/8cafc93fb5c74c75e9e04e528e02ccdf.jpg"
"https://www.hepsiemlak.com/izmir-buca-adatepe-kiralik/daire/142618-542","1 / 22","22.000","26/08/2026","Goldıa'dan Hasanağa Yakını 1+1 Konsept Eşyalı Daire","Kiralık Daire","1 + 1","55 m²","6 Yaşında","·","Kat","2. Kat","İzmir / Buca / Adatepe Mah.","https://www.hepsiemlak.com/_nuxt/8cafc93fb5c74c75e9e04e528e02ccdf.jpg","Goldia Yapı Gayrimenkul","WhatsApp","https://www.hepsiemlak.com/_nuxt/8cafc93fb5c74c75e9e04e528e02ccdf.jpg"
"https://www.hepsiemlak.com/izmir-karaburun-kucukbahce-kiralik/villa/162221-309","1 / 40","30.000","24/08/2026","Mavi Boncuk Tan Küçükbahçe Yalıkent Sitesinde Kiralık Villa","Kiralık Villa","2 + 1","90 m²","21 Yaşında","·","Kat","","İzmir / Karaburun / Küçükbahçe Mah.","https://www.hepsiemlak.com/_nuxt/8cafc93fb5c74c75e9e04e528e02ccdf.jpg","Mavi Boncuk Gayrimenkul","WhatsApp","https://www.hepsiemlak.com/_nuxt/8cafc93fb5c74c75e9e04e528e02ccdf.jpg"
"https://www.hepsiemlak.com/izmir-urla-camiatik-kiralik/mustakil-ev/162705-115","1 / 17","60.000","03/09/2026","Mükemmel Konumda Kiralık Bahçeli Eşyalı Taş Ev","Kiralık Müstakil Ev","1 + 1","75 m²","3 Yaşında","·","Kat","Bahçe Katı","İzmir / Urla / Camiatik Mah.","https://www.hepsiemlak.com/_nuxt/8cafc93fb5c74c75e9e04e528e02ccdf.jpg","Bavkır Emlak","WhatsApp","https://www.hepsiemlak.com/_nuxt/8cafc93fb5c74c75e9e04e528e02ccdf.jpg"
"https://www.hepsiemlak.com/izmir-dikili-ismetpasa-kiralik/daire/63767-1290","1 / 35","35.000","24/08/2026","Dikili Merkezde Denize Sıfır, Kiralık Daire","Kiralık Daire","2 + 1","90 m²","21 Yaşında","·","Kat","3. Kat","İzmir / Dikili / İsmetpaşa Mah.","https://www.hepsiemlak.com/_nuxt/8cafc93fb5c74c75e9e04e528e02ccdf.jpg","","WhatsApp",""
"https://www.hepsiemlak.com/izmir-konak-guzelyali-kiralik/daire/153267-619","1 / 31","85.000","21/08/2026","Güzelyalı'da Kiralık Deniz Manzaralı Daire","Kiralık Daire","4 + 1","270 m²","31 Yaşında","·","Kat","1. Kat","İzmir / Konak / Güzelyalı Mah.","https://www.hepsiemlak.com/_nuxt/8cafc93fb5c74c75e9e04e528e02ccdf.jpg","Exp Realty","WhatsApp","https://www.hepsiemlak.com/_nuxt/8cafc93fb5c74c75e9e04e528e02ccdf.jpg"
"https://www.hepsiemlak.com/izmir-kemalpasa-ulucak-cumhuriyet-kiralik/daire/165194-34","1 / 34","25.000","23/08/2026","İzmir Kemalpaşa Ulucakta 2+1 Kiralık Daire Emlaklink Gayrimenkul","Kiralık Daire","2 + 1","80 m²","Sıfır Bina","·","Kat","Yüksek Giriş","İzmir / Kemalpaşa / Ulucak Cumhuriyet Mah.","https://www.hepsiemlak.com/_nuxt/8cafc93fb5c74c75e9e04e528e02ccdf.jpg","","WhatsApp",""
"https://www.hepsiemlak.com/izmir-cigli-sirintepe-kiralik/daire/170165-13","1 / 20","16.999","07/09/2026","İzmir Çiğli Şirintepe Mah Geniş Ve Ferah Kapalı Mutfak 2+1 Kiralık Daire","Kiralık Daire","2 + 1","92 m²","6 Yaşında","·","Kat","Bodrum ve Zemin","İzmir / Çiğli / Şirintepe Mah.","https://www.hepsiemlak.com/_nuxt/8cafc93fb5c74c75e9e04e528e02ccdf.jpg","","WhatsApp",""
"https://www.hepsiemlak.com/izmir-buca-ataturk-kiralik/daire/144696-481","1 / 35","26.000","18/08/2026","Kampüs Yakını Sıfır Eşyalı Doğalgazlı-Klimalı 1+1 Daire","Kiralık Daire","1 + 1","55 m²","5 Yaşında","·","Kat","2. Kat","İzmir / Buca / Atatürk Mah.","https://www.hepsiemlak.com/_nuxt/8cafc93fb5c74c75e9e04e528e02ccdf.jpg","Ref Group","WhatsApp","https://www.hepsiemlak.com/_nuxt/8cafc93fb5c74c75e9e04e528e02ccdf.jpg"
"https://www.hepsiemlak.com/izmir-buca-ataturk-kiralik/daire/167990-21","1 / 30","26.000","10/09/2026","Kampüs Yak. 1+1 D.Gazlı Ve Balkonlu Full Eşyalı 58 M2 Cadde Üstü","Kiralık Daire","1 + 1","58 m²","6 Yaşında","·","Kat","2. Kat","İzmir / Buca / Atatürk Mah.","https://www.hepsiemlak.com/_nuxt/8cafc93fb5c74c75e9e04e528e02ccdf.jpg","","WhatsApp",""
"https://www.hepsiemlak.com/izmir-odemis-zafer-kiralik/daire/133481-461","1 / 18","24.000","28/08/2026","Prestijli Lokasyon!Hastaneye Yakın Ofis/muayenehaneye Uygun!","Kiralık Daire","2 + 1","110 m²","21 Yaşında","·","Kat","3. Kat","İzmir / Ödemiş / Zafer Mah.","https://www.hepsiemlak.com/_nuxt/8cafc93fb5c74c75e9e04e528e02ccdf.jpg","Duha Yapı Ve Gayrimenkul","WhatsApp","https://www.hepsiemlak.com/_nuxt/8cafc93fb5c74c75e9e04e528e02ccdf.jpg"
"https://www.hepsiemlak.com/izmir-karabaglar-esenyali-kiralik/daire/62166-1428","1 / 35","45.000","24/08/2026","Göztepe Metro Kavşağı İnönü Caddesinde Geniş Ferah 3+1 3.Arakat","Kiralık Daire","3 + 1","140 m²","40 Yaşında","·","Kat","3. Kat","İzmir / Karabağlar / Esenyalı Mah.","https://www.hepsiemlak.com/_nuxt/8cafc93fb5c74c75e9e04e528e02ccdf.jpg","Evin Emlak Emre","WhatsApp","https://www.hepsiemlak.com/_nuxt/8cafc93fb5c74c75e9e04e528e02ccdf.jpg"
"https://www.hepsiemlak.com/izmir-torbali-muratbey-kiralik/daire/167406-185","1 / 21","32.000","23/08/2026","Muratbey Mahallesinde 3+1 Eşyalı Kiralık Daire","Kiralık Daire","3 + 1","135 m²","16 Yaşında","·","Kat","Zemin","İzmir / Torbalı / Muratbey Mah.","https://www.hepsiemlak.com/_nuxt/8cafc93fb5c74c75e9e04e528e02ccdf.jpg","My Group Gayrimenkul","WhatsApp","https://www.hepsiemlak.com/_nuxt/8cafc93fb5c74c75e9e04e528e02ccdf.jpg"
"https://www.hepsiemlak.com/izmir-konak-mithatpasa-kiralik/daire/158617-126","1 / 28","36.000","03/09/2026","Pelitten Hatay Gönül Durağı Yakını 3+1 Bakımlı Doğalgazlı Arakat Daire","Kiralık Daire","3 + 1","140 m²","45 Yaşında","·","Kat","1. Kat","İzmir / Konak / Mithatpaşa Mah.","","","WhatsApp",""
"https://www.hepsiemlak.com/izmir-balcova-egitim-kiralik/daire/94513-1830","1 / 40","45.000","07/09/2026","Balçovada Genç Binada 3+1 Doğalgazlı Arakat Kiralık Daire","Kiralık Daire","3 + 1","135 m²","16 Yaşında","·","Kat","2. Kat","İzmir / Balçova / Eğitim Mah.","","","WhatsApp",""
"https://www.hepsiemlak.com/izmir-cesme-alacati-kiralik/villa/2152-8935","1 / 36","850.000","21/08/2026","Ege Emlaktan Alaçatı Göbene Mevkiinde Eşyasız Yıllık Kiralık","Kiralık Villa","3 + 1","140 m²","15 Yaşında","·","Kat","","İzmir / Çeşme / Alaçatı Mah.","https://hecdnnw.hemlak.com/mncropresize/77/67/logo/2/5/1/2/0/0/ff89e351-5d21-40e6-9bfb-f53a5843be8d.jpg","Ege Emlak","WhatsApp",""
"https://www.hepsiemlak.com/izmir-cesme-ovacik-kiralik/villa/154913-131","1 / 60","1.500.000","17/08/2026","7 Dönüm İçerisinde Kiralık Malikane","Kiralık Villa","6 + 2","2.000 m²","2 Yaşında","·","Kat","","İzmir / Çeşme / Ovacık Mah.","https://hecdn01.hemlak.com/mncropresize/182/137/ds01/0/1/5/1/8/6/6/4/2ee4cf2b-b8ff-4751-9744-d10b678e5c85.jpg","Kutluay Gayrimenkul Danışmanlığı","WhatsApp","https://hecdnnw.hemlak.com/mncropresize/77/67/logo/3/1/9/4/5/1/660cef07-b98a-497e-8aae-1f3dcb776e5e.jpg"
"https://www.hepsiemlak.com/izmir-bayrakli-muhittin-erener-kiralik/daire/129267-609","1 / 56","18.000","22/08/2026","Bayraklı Şehir Hastanesi Yakını 2+1 Eşyalı Müstakil Garajlı","Kiralık Daire","2 + 1","78 m²","31 Yaşında","·","Kat","2. Kat","İzmir / Bayraklı / Muhittin Erener Mah.","https://www.hepsiemlak.com/_nuxt/8cafc93fb5c74c75e9e04e528e02ccdf.jpg","","WhatsApp",""
"https://www.hepsiemlak.com/izmir-konak-mimar-sinan-kiralik/daire/130125-174","1 / 35","29.000","05/09/2026","Alsancakta  Asansörlü Körfez Manzaralı Daire","Kiralık Daire","1 + 1","80 m²","33 Yaşında","·","Kat","8. Kat","İzmir / Konak / Mimar Sinan Mah.","https://www.hepsiemlak.com/_nuxt/8cafc93fb5c74c75e9e04e528e02ccdf.jpg","Nesil Gayrimenkul","WhatsApp","https://www.hepsiemlak.com/_nuxt/8cafc93fb5c74c75e9e04e528e02ccdf.jpg"
"https://www.hepsiemlak.com/izmir-bayrakli-fuat-edip-baksi-kiralik/daire/151863-76","1 / 43","22.000","18/08/2026","Bayraklı Deniz Manzaralı Kiralık 3+1 Daire","Kiralık Daire","3 + 1","120 m²","21 Yaşında","·","Kat","2. Kat","İzmir / Bayraklı / Fuat Edip Baksı Mah.","https://www.hepsiemlak.com/_nuxt/8cafc93fb5c74c75e9e04e528e02ccdf.jpg","Blanco Gayrimenkul Ve Yatırım Danışmanlığı","WhatsApp","https://www.hepsiemlak.com/_nuxt/8cafc93fb5c74c75e9e04e528e02ccdf.jpg"
"https://www.hepsiemlak.com/izmir-seferihisar-ataturk-kiralik/yazlik/85585-2599","1 / 38","45.000","24/08/2026","İzmi̇r Seferi̇hi̇sar Doğanbey De Deni̇z Manzaralı Ki̇ralık Yazlık 4+1","Kiralık Yazlık","4 + 1","200 m²","15 Yaşında","·","Kat","Villa Katı","İzmir / Seferihisar / Atatürk Mah.","https://www.hepsiemlak.com/_nuxt/8cafc93fb5c74c75e9e04e528e02ccdf.jpg","Egebest Emlak","WhatsApp","https://www.hepsiemlak.com/_nuxt/8cafc93fb5c74c75e9e04e528e02ccdf.jpg"
"https://www.hepsiemlak.com/izmir-selcuk-14-mayis-kiralik/daire/74491-260","1 / 18","63.000","03/09/2026","Selçuk Efes,Te Havuzlu Sitede Full Eşyalı Kiralık Daire","Kiralık Daire","3 + 1","145 m²","3 Yaşında","·","Kat","2. Kat","İzmir / Selçuk / 14 Mayıs Mah.","https://www.hepsiemlak.com/_nuxt/8cafc93fb5c74c75e9e04e528e02ccdf.jpg","Zemaks Emlak","WhatsApp","https://www.hepsiemlak.com/_nuxt/8cafc93fb5c74c75e9e04e528e02ccdf.jpg"
"https://www.hepsiemlak.com/izmir-urla-zeytinalani-kiralik/villa/9709-5129","1 / 36","75.000","25/08/2026","Urla Zeytinalanında Öztuncer Sitesinde 350 M2 Arsa İçerisinde 2.5 Katlı Yeni Dekorlu Köşe 4 Cepheli","Kiralık Villa","3 + 1","350 m²","35 Yaşında","·","Kat","","İzmir / Urla / Zeytinalanı Mah.","https://www.hepsiemlak.com/_nuxt/8cafc93fb5c74c75e9e04e528e02ccdf.jpg","Üçyol Gayrimenkul","WhatsApp","https://www.hepsiemlak.com/_nuxt/8cafc93fb5c74c75e9e04e528e02ccdf.jpg"
"https://www.hepsiemlak.com/izmir-karsiyaka-yali-kiralik/daire/45472-462","1 / 31","32.000","28/08/2026","Atakent Yalı Mahallesinde Kiralık Daire","Kiralık Daire","1 + 1","55 m²","5 Yaşında","·","Kat","2. Kat","İzmir / Karşıyaka / Yalı Mah.","https://www.hepsiemlak.com/_nuxt/8cafc93fb5c74c75e9e04e528e02ccdf.jpg","Vale Gayrimenkul","WhatsApp","https://www.hepsiemlak.com/_nuxt/8cafc93fb5c74c75e9e04e528e02ccdf.jpg"
"https://www.hepsiemlak.com/izmir-karabaglar-ali-fuat-cebesoy-kiralik/daire/130526-639","1 / 39","78.000","30/08/2026","Emsalsız Resıdance Ödüllü Proje Mynar Lıfe'tan Muhteşem 3+1","Kiralık Daire","3 + 1","165 m²","5 Yaşında","·","Kat","13. Kat","İzmir / Karabağlar / Ali Fuat Cebesoy Mah.","https://www.hepsiemlak.com/_nuxt/8cafc93fb5c74c75e9e04e528e02ccdf.jpg","Bbg Gayrimenkul Danışmanlığı","WhatsApp",""
"https://www.hepsiemlak.com/izmir-menemen-ugur-mumcu-kiralik/daire/45402-10","1 / 24","22.750","30/08/2026","Menemen Uğur Mumcu Da Rezidansta Kiralık 1+1 Lüks Daire..","Kiralık Daire","1 + 1","70 m²","1 Yaşında","·","Kat","5. Kat","İzmir / Menemen / Uğur Mumcu Mah.","https://www.hepsiemlak.com/_nuxt/8cafc93fb5c74c75e9e04e528e02ccdf.jpg","Onur Emlak Menemen","WhatsApp",""
"https://www.hepsiemlak.com/izmir-seferihisar-camikebir-kiralik/daire/65405-674","1 / 51","67.500","30/08/2026","Güray Emlak Sönmezoğlu Korkmazkent Sitesi 3+1 Kiralık Daire","Kiralık Daire","3 + 1","120 m²","2 Yaşında","·","Kat","3. Kat","İzmir / Seferihisar / Camikebir Mah.","https://www.hepsiemlak.com/_nuxt/8cafc93fb5c74c75e9e04e528e02ccdf.jpg","Güray Emlak","WhatsApp","https://www.hepsiemlak.com/_nuxt/8cafc93fb5c74c75e9e04e528e02ccdf.jpg"
"https://www.hepsiemlak.com/izmir-bornova-evka-3-kiralik/daire/135709-114","1 / 35","45.000","14/08/2026","Bor-Kop Sitesinde Kiralık 3+1 Doğalgazlı Daire!","Kiralık Daire","3 + 1","120 m²","20 Yaşında","·","Kat","Ara Kat","İzmir / Bornova / Evka 3 Mah.","https://www.hepsiemlak.com/_nuxt/8cafc93fb5c74c75e9e04e528e02ccdf.jpg","Startkey Vizyon Gayrimenkul","WhatsApp","https://www.hepsiemlak.com/_nuxt/8cafc93fb5c74c75e9e04e528e02ccdf.jpg"
"https://www.hepsiemlak.com/izmir-bayrakli-tepekule-kiralik/daire/171153-61","1 / 12","20.000","04/09/2026","Bayraklı Smyrna Mey. Yakınında Eşyalı 1+1 Kiralık","Kiralık Daire","1 + 1","100 m²","31 Yaşında","·","Kat","Çatı Katı","İzmir / Bayraklı / Tepekule Mah.","https://www.hepsiemlak.com/_nuxt/8cafc93fb5c74c75e9e04e528e02ccdf.jpg","","WhatsApp",""
"https://www.hepsiemlak.com/izmir-karabaglar-basin-sitesi-kiralik/daire/25220-2755","1 / 28","34.000","09/09/2026","Özpa - Basın Sitesi Tenis Kordları Karşısı Doğalgazlı Ankstre Mutfaklı Kiralık  3+1 Arka Daire","Kiralık Daire","3 + 1","100 m²","32 Yaşında","·","Kat","Kot 1","İzmir / Karabağlar / Basın Sitesi Mah.","https://www.hepsiemlak.com/_nuxt/8cafc93fb5c74c75e9e04e528e02ccdf.jpg","","WhatsApp",""
"https://www.hepsiemlak.com/izmir-balcova-egitim-kiralik/daire/9163-1074","1 / 27","25.000","08/09/2026","Fiyat Düştü! Balçova Metro Yakını, Doğalgazlı Bakımlı 2+1 Kiralık Daire","Kiralık Daire","2 + 1","85 m²","35 Yaşında","·","Kat","Yüksek Giriş","İzmir / Balçova / Eğitim Mah.","https://www.hepsiemlak.com/_nuxt/8cafc93fb5c74c75e9e04e528e02ccdf.jpg","Ulusalofis Gayrimenkul","WhatsApp","https://www.hepsiemlak.com/_nuxt/8cafc93fb5c74c75e9e04e528e02ccdf.jpg"
"https://www.hepsiemlak.com/izmir-odemis-suleyman-demirel-kiralik/daire/127927-552","1 / 27","27.000","16/08/2026","Süleyman Demirelde Site İçinde Kiralık Zemin Kat","Kiralık Daire","3 + 1","140 m²","11 Yaşında","·","Kat","Yüksek Giriş","İzmir / Ödemiş / Süleyman Demirel Mah.","https://www.hepsiemlak.com/_nuxt/8cafc93fb5c74c75e9e04e528e02ccdf.jpg","","WhatsApp",""
"https://www.hepsiemlak.com/izmir-bornova-kazimdirik-kiralik/daire/22103-4582","1 / 43","33.000","01/09/2026","Bornova Kazım Dirikte  Havuzlu Sitede  1+1 Daire","Kiralık Daire","1 + 1","50 m²","9 Yaşında","·","Kat","1. Kat","İzmir / Bornova / Kazımdirik Mah.","https://www.hepsiemlak.com/_nuxt/8cafc93fb5c74c75e9e04e528e02ccdf.jpg","","WhatsApp",""
"https://www.hepsiemlak.com/izmir-buca-izkent-kiralik/daire/123359-293","1 / 11","22.000","09/09/2026","Yaylacık Mahallesi Kapalı Mutfak 2+1","Kiralık Daire","2 + 1","85 m²","26 Yaşında","·","Kat","2. Kat","İzmir / Buca / İzkent Mah.","https://www.hepsiemlak.com/_nuxt/8cafc93fb5c74c75e9e04e528e02ccdf.jpg","","WhatsApp",""
"https://www.hepsiemlak.com/izmir-balcova-koruturk-kiralik/daire/78202-3761","1 / 34","75.000","08/09/2026","Balçova Korutürk'de Deniz Manzaralı Geniş Dubleks 5 Oda 1 Salon","Kiralık Daire","5 + 1","205 m²","16 Yaşında","·","Kat","Yüksek Giriş","İzmir / Balçova / Korutürk Mah.","https://www.hepsiemlak.com/_nuxt/8cafc93fb5c74c75e9e04e528e02ccdf.jpg","Startkey Sembol","WhatsApp","https://www.hepsiemlak.com/_nuxt/8cafc93fb5c74c75e9e04e528e02ccdf.jpg"
"https://www.hepsiemlak.com/izmir-seferihisar-colak-ibrahim-bey-kiralik/daire/124024-641","1 / 26","26.000","06/09/2026","Seferihisar Ç. İbrahim Bey Mah.'de,Doğalgazlı ,Kiralık 2+1 Daire","Kiralık Daire","2 + 1","80 m²","6 Yaşında","·","Kat","4. Kat","İzmir / Seferihisar / Çolak İbrahim Bey Mah.","https://www.hepsiemlak.com/_nuxt/8cafc93fb5c74c75e9e04e528e02ccdf.jpg","Arden Gayrimenkul","WhatsApp","https://www.hepsiemlak.com/_nuxt/8cafc93fb5c74c75e9e04e528e02ccdf.jpg"
"https://www.hepsiemlak.com/izmir-bornova-yesilova-kiralik/daire/163689-131","","21.000","09/09/2026","Yeşilova'da Halil Atila İlkokulu Yakını 3+1 180 M² Kiralık Daire","Kiralık Daire","3 + 1","180 m²","16 Yaşında","·","Kat","2. Kat","İzmir / Bornova / Yeşilova Mah.","","","WhatsApp",""
"https://www.hepsiemlak.com/izmir-karabaglar-esenyali-kiralik/daire/34836-1043","1 / 23","30.000","09/09/2026","Esenyalı Mah. Asmaçatı Gayrimenkul'den Kiralık Daire","Kiralık Daire","2 + 1","105 m²","44 Yaşında","·","Kat","Zemin","İzmir / Karabağlar / Esenyalı Mah.","","","WhatsApp",""
"https://www.hepsiemlak.com/izmir-menderes-barbaros-kiralik/daire/97159-245","1 / 26","33.000","08/09/2026","Doğa Gayrimenkul'den Barbaros' Ta 3+1 Kiralık Daire","Kiralık Daire","3 + 1","125 m²","Sıfır Bina","·","Kat","3. Kat","İzmir / Menderes / Barbaros Mah.","","","WhatsApp",""
"https://www.hepsiemlak.com/izmir-menemen-85-yil-cumhuriyet-kiralik/daire/166407-173","1 / 17","19.000","04/09/2026","Seyrek Merkezi Konumda Sıfır Binada 1+1 Eşyalı Kiralık Daire","Kiralık Daire","1 + 1","50 m²","1 Yaşında","·","Kat","Ara Kat","İzmir / Menemen / 85. Yıl Cumhuriyet Mah.","","Lumiere Gayrimenkul Danışmanlığı","WhatsApp","https://hecdnnw.hemlak.com/mncropresize/77/67/firmuser/5/9/8/1/4/6/4/73716381-4bed-4341-b2c5-4423b90b2bf5.jpg"
"https://www.hepsiemlak.com/izmir-karabaglar-uckuyular-kiralik/daire/13763-3115","1 / 33","38.000","04/09/2026","Üçkuyular'da Eşyalı, Doğalgazlı, 12 Yıllık Binada, Kiralık Daire","Kiralık Daire","2 + 1","90 m²","11 Yaşında","·","Kat","Yarı Bodrum","İzmir / Karabağlar / Üçkuyular Mah.","https://hecdn01.hemlak.com/mncropresize/182/137/ds01/3/0/9/4/4/2/7/4/b55f25f5-4cb2-46a9-a348-8660e8600e1b.jpg","Nazar Emlak","WhatsApp","https://hecdnnw.hemlak.com/mncropresize/77/67/logo/3/6/7/3/1/0/2f9ff9a4-0843-4947-ba2a-7a8562ee6686.jpg"
"https://www.hepsiemlak.com/izmir-buca-yaylacik-kiralik/daire/132940-745","1 / 36","30.000","07/09/2026","Buca Yaylacıkta Eşyalı 1+1 Kiralık Daire","Kiralık Daire","1 + 1","55 m²","15 Yaşında","·","Kat","2. Kat","İzmir / Buca / Yaylacık Mah.","https://www.hepsiemlak.com/_nuxt/8cafc93fb5c74c75e9e04e528e02ccdf.jpg","Sonay Gayrimenkul Yatırım LTD. ŞTİ.","WhatsApp","https://www.hepsiemlak.com/_nuxt/8cafc93fb5c74c75e9e04e528e02ccdf.jpg"
"https://www.hepsiemlak.com/izmir-cigli-esentepe-kiralik/daire/21001-18910","1 / 30","35.000","08/09/2026","Esentepede Kiralık3+1 Ebeveyn Banyo+doğalgazlı+balkonlu(serkan)","Kiralık Daire","3 + 1","125 m²","6 Yaşında","·","Kat","2. Kat","İzmir / Çiğli / Esentepe Mah.","https://www.hepsiemlak.com/_nuxt/8cafc93fb5c74c75e9e04e528e02ccdf.jpg","Çiğli Serkan Emlak","WhatsApp","https://www.hepsiemlak.com/_nuxt/8cafc93fb5c74c75e9e04e528e02ccdf.jpg"
"https://www.hepsiemlak.com/izmir-karabaglar-metin-oktay-kiralik/daire/171435-18","1 / 40","25.000","08/09/2026","Metin Oktay Da 3+1 Doğalgazlı-Arakat-Bakımlı Kiralık Daire","Kiralık Daire","3 + 1","110 m²","21 Yaşında","·","Kat","1. Kat","İzmir / Karabağlar / Metin Oktay Mah.","https://www.hepsiemlak.com/_nuxt/8cafc93fb5c74c75e9e04e528e02ccdf.jpg","Garanti Gayrimenkul","WhatsApp","https://www.hepsiemlak.com/_nuxt/8cafc93fb5c74c75e9e04e528e02ccdf.jpg"
"https://www.hepsiemlak.com/izmir-balcova-onur-kiralik/daire/164530-48","1 / 20","41.500","04/09/2026","Balçova Ata Caddesi Üzeri 2+1 Eşyalı/eşyasız Kiralık Daire","Kiralık Daire","2 + 1","120 m²","31 Yaşında","·","Kat","Ara Kat","İzmir / Balçova / Onur Mah.","https://www.hepsiemlak.com/_nuxt/8cafc93fb5c74c75e9e04e528e02ccdf.jpg","Tekinalp My İnşaat","WhatsApp","https://www.hepsiemlak.com/_nuxt/8cafc93fb5c74c75e9e04e528e02ccdf.jpg"
"https://www.hepsiemlak.com/izmir-selcuk-ataturk-kiralik/daire/167546-77","1 / 19","30.000","09/09/2026","Kiralık  Eşyalı 2+1daire","Kiralık Daire","2 + 1","110 m²","18 Yaşında","·","Kat","Yüksek Giriş","İzmir / Selçuk / Atatürk Mah.","https://www.hepsiemlak.com/_nuxt/8cafc93fb5c74c75e9e04e528e02ccdf.jpg","Nc Selçuk Emlak","WhatsApp","https://www.hepsiemlak.com/_nuxt/8cafc93fb5c74c75e9e04e528e02ccdf.jpg"
"https://www.hepsiemlak.com/izmir-bornova-erzene-kiralik/daire/41893-1172","1 / 40","40.000","08/09/2026","Evka 3 Metro Karşısı,İstanbul Caddesinde Kiralık 2+1 Daire","Kiralık Daire","2 + 1","75 m²","7 Yaşında","·","Kat","5. Kat","İzmir / Bornova / Erzene Mah.","https://www.hepsiemlak.com/_nuxt/8cafc93fb5c74c75e9e04e528e02ccdf.jpg","","WhatsApp",""
"https://www.hepsiemlak.com/izmir-bornova-meric-kiralik/daire/141901-909","1 / 20","22.500","05/09/2026","Altıdağ Meriç Mah.İçi Komple Yapılı 3+1 Kiralık Daire","Kiralık Daire","3 + 1","125 m²","21 Yaşında","·","Kat","2. Kat","İzmir / Bornova / Meriç Mah.","https://www.hepsiemlak.com/_nuxt/8cafc93fb5c74c75e9e04e528e02ccdf.jpg","Startkey A Plus Gayrimenkul","WhatsApp","https://www.hepsiemlak.com/_nuxt/8cafc93fb5c74c75e9e04e528e02ccdf.jpg"
"https://www.hepsiemlak.com/izmir-cigli-evka-6-kiralik/daire/0-47210713","1 / 11","24.500","29/08/2026","Sahibinden Kiralık 2+1 Daire Evka-6","Kiralık Daire","2 + 1","90 m²","26 Yaşında","·","Kat","Yüksek Giriş","İzmir / Çiğli / Evka - 6 Mah.","https://www.hepsiemlak.com/_nuxt/8cafc93fb5c74c75e9e04e528e02ccdf.jpg","","WhatsApp",""
"https://www.hepsiemlak.com/izmir-buca-kurucesme-kiralik/daire/0-47172524","1 / 11","35.000","10/09/2026","Sahibinden Kiralık Daire","Kiralık Daire","1 + 1","50 m²","5 Yaşında","·","Kat","2. Kat","İzmir / Buca / Kuruçeşme Mah.","https://www.hepsiemlak.com/_nuxt/8cafc93fb5c74c75e9e04e528e02ccdf.jpg","","WhatsApp",""
"https://www.hepsiemlak.com/izmir-buca-efeler-kiralik/daire/13470-2502","1 / 18","26.000","09/09/2026","3 Oda 1 Salon -Doğalgazlı-30 Ağustos Karşı Sokağında","Kiralık Daire","3 + 1","125 m²","28 Yaşında","·","Kat","En Üst Kat","İzmir / Buca / Efeler Mah.","https://www.hepsiemlak.com/_nuxt/8cafc93fb5c74c75e9e04e528e02ccdf.jpg","","WhatsApp",""
"https://www.hepsiemlak.com/izmir-buca-inonu-kiralik/daire/126264-3032","1 / 33","26.000","03/09/2026","Buca İnönü Mah.De, Site İçi, İzban Yakını, 2+1, Kiralık Daire","Kiralık Daire","2 + 1","90 m²","10 Yaşında","·","Kat","5. Kat","İzmir / Buca / İnönü Mah.","https://www.hepsiemlak.com/_nuxt/8cafc93fb5c74c75e9e04e528e02ccdf.jpg","Remax Arma","WhatsApp","https://www.hepsiemlak.com/_nuxt/8cafc93fb5c74c75e9e04e528e02ccdf.jpg"
"https://www.hepsiemlak.com/izmir-bayrakli-osmangazi-kiralik/daire/35475-8035","1 / 33","38.000","02/09/2026","Osmangazi Mah. Güneşkent Sitesinde Havuzlu Güvenlikli 2+1","Kiralık Daire","2 + 1","95 m²","6 Yaşında","·","Kat","1. Kat","İzmir / Bayraklı / Osmangazi Mah.","https://www.hepsiemlak.com/_nuxt/8cafc93fb5c74c75e9e04e528e02ccdf.jpg","Turyap Bayraklı Temsilciliği","WhatsApp","https://www.hepsiemlak.com/_nuxt/8cafc93fb5c74c75e9e04e528e02ccdf.jpg"
"https://www.hepsiemlak.com/izmir-bayrakli-org-nafiz-gurman-kiralik/daire/83235-212","1 / 33","40.000","01/09/2026","Bayraklı Deniz Manzaralı Yüzme Havuzlu Sitede 3+1 165 M2 Kiralık","Kiralık Daire","3 + 1","165 m²","11 Yaşında","·","Kat","2. Kat","İzmir / Bayraklı / Org. Nafiz Gürman Mah.","https://www.hepsiemlak.com/_nuxt/8cafc93fb5c74c75e9e04e528e02ccdf.jpg","Vassa Gayrimenkul","WhatsApp","https://www.hepsiemlak.com/_nuxt/8cafc93fb5c74c75e9e04e528e02ccdf.jpg"
"https://www.hepsiemlak.com/izmir-cigli-atasehir-kiralik/daire/9192-1153","1 / 25","45.000","19/08/2026","Mavişehir Ata Yaşam Sitesinde Eşyalı 1+1","Kiralık Daire","1 + 1","65 m²","12 Yaşında","·","Kat","Yüksek Giriş","İzmir / Çiğli / Ataşehir Mah.","https://www.hepsiemlak.com/_nuxt/8cafc93fb5c74c75e9e04e528e02ccdf.jpg","","WhatsApp",""
"https://www.hepsiemlak.com/izmir-bornova-kazimdirik-kiralik/daire/27991-1168","1 / 25","40.000","26/08/2026","Folkart Life Sitesinde 1+1 Balkonlu Kiralık Daire","Kiralık Daire","1 + 1","50 m²","6 Yaşında","·","Kat","9. Kat","İzmir / Bornova / Kazımdirik Mah.","https://www.hepsiemlak.com/_nuxt/8cafc93fb5c74c75e9e04e528e02ccdf.jpg","","WhatsApp",""
"https://www.hepsiemlak.com/izmir-tire-ihsaniye-kiralik/daire/170256-15","1 / 14","25.000","02/09/2026","🚨 Zirve Emlak’tan İhsaniye’de Sıfır 2+1 Kiralık Daire! 🚨","Kiralık Daire","2 + 1","95 m²","1 Yaşında","·","Kat","En Üst Kat","İzmir / Tire / İhsaniye Mah.","https://www.hepsiemlak.com/_nuxt/8cafc93fb5c74c75e9e04e528e02ccdf.jpg","","WhatsApp",""
"https://www.hepsiemlak.com/izmir-menemen-zafer-kiralik/mustakil-ev/150394-66","1 / 14","15.000","07/09/2026","Menemen Zafer Mahallesi'nde Kiralık Müstakil Ev","Kiralık Müstakil Ev","2 + 1","123 m²","35 Yaşında","·","Kat","","İzmir / Menemen / Zafer Mah.","https://www.hepsiemlak.com/_nuxt/8cafc93fb5c74c75e9e04e528e02ccdf.jpg","","WhatsApp",""
"https://www.hepsiemlak.com/izmir-seferihisar-turabiye-kiralik/daire/156400-48","1 / 14","25.000","21/08/2026","4 Yıllık Modern Yapıda 2+1 Kiralık Daire","Kiralık Daire","2 + 1","115 m²","4 Yaşında","·","Kat","3. Kat","İzmir / Seferihisar / Turabiye Mah.","https://www.hepsiemlak.com/_nuxt/8cafc93fb5c74c75e9e04e528e02ccdf.jpg","","WhatsApp",""
"https://www.hepsiemlak.com/izmir-bornova-evka-3-kiralik/daire/59475-1170","1 / 34","30.000","07/09/2026","Volkan Emlaktan Evka3 Bornova Devlet Hastanesi Yakını","Kiralık Daire","2 + 1","90 m²","5 Yaşında","·","Kat","2. Kat","İzmir / Bornova / Evka 3 Mah.","https://www.hepsiemlak.com/_nuxt/8cafc93fb5c74c75e9e04e528e02ccdf.jpg","","WhatsApp",""
"https://www.hepsiemlak.com/izmir-buca-firat-kiralik/daire/64940-141","1 / 9","15.000","08/09/2026","Buca Fırat Mahallesinde 1+1 70 M2 Kapalı Mutfak Bahçeli Kiralık Daire","Kiralık Daire","1 + 1","70 m²","25 Yaşında","·","Kat","Yüksek Giriş","İzmir / Buca / Fırat Mah.","https://www.hepsiemlak.com/_nuxt/8cafc93fb5c74c75e9e04e528e02ccdf.jpg","Bozbey Emlak","WhatsApp","https://www.hepsiemlak.com/_nuxt/8cafc93fb5c74c75e9e04e528e02ccdf.jpg"
"https://www.hepsiemlak.com/izmir-cesme-sakarya-kiralik/villa/97475-697","1 / 17","120.000","07/09/2026","Boyalık'ta Müstakil Bahçe Ve Havuzlu 3+1 Kiralık Villa / Eng","Kiralık Villa","3 + 1","130 m²","4 Yaşında","·","Kat","","İzmir / Çeşme / Sakarya Mah.","https://hecdnnw.hemlak.com/mncropresize/77/67/logo/5/7/4/7/9/0/895ebcbe-70df-4a66-864b-78edc81823ef.jpg","Coldwell Banker Kalem","WhatsApp",""
"https://www.hepsiemlak.com/izmir-cigli-ahmet-taner-kislali-kiralik/daire/57124-672","1 / 17","35.000","07/09/2026","Evka-2'de Kiralık 3+1 Doğalgazlı Daire","Kiralık Daire","3 + 1","105 m²","31 Yaşında","·","Kat","4. Kat","İzmir / Çiğli / Ahmet Taner Kışlalı Mah.","https://hecdnnw.hemlak.com/mncropresize/77/67/logo/4/2/1/7/5/0/394abba8-0ba4-4eea-b0e1-4a2f91c83d40.jpg","Gür Kardeşler Emlak","WhatsApp",""
"https://www.hepsiemlak.com/izmir-menderes-gumuldur-fevzi-cakmak-kiralik/daire/103751-1101","1 / 24","22.000","10/09/2026","Gümüldür Sahilde 1+1 50 M2 Eşyalı Yaz Kış Kiralık Daire","Kiralık Daire","1 + 1","50 m²","21 Yaşında","·","Kat","3. Kat","İzmir / Menderes / Gümüldür Fevzi Çakmak Mah.","https://hecdnnw.hemlak.com/mncropresize/77/67/logo/1/5/7/3/0/1/a2428876-ec22-4d99-91cf-f864a9586db6.png","Can Emlak","WhatsApp",""
"https://www.hepsiemlak.com/izmir-urla-torasan-kiralik/daire/10374-4317","1 / 28","32.000","03/09/2026","Kolej Ofis Gay.Urla Torasan Mh Sıfır Müstakil Girişli Kiralık Bahçe Katı","Kiralık Daire","2 + 1","75 m²","Sıfır Bina","·","Kat","Bahçe Katı","İzmir / Urla / Torasan Mah.","https://hecdn01.hemlak.com/mncropresize/182/137/ds01/5/4/5/8/8/9/6/4/1784721651444-46988545.jpg","","WhatsApp",""
"https://www.hepsiemlak.com/izmir-narlidere-narli-kiralik/daire/98031-976","1 / 27","37.000","07/09/2026","Mysite Gayrimenkul'den Narlıdere Merkezde Kiralık 2+1","Kiralık Daire","2 + 1","95 m²","21 Yaşında","·","Kat","3. Kat","İzmir / Narlıdere / Narlı Mah.","https://www.hepsiemlak.com/_nuxt/8cafc93fb5c74c75e9e04e528e02ccdf.jpg","","WhatsApp",""
"https://www.hepsiemlak.com/izmir-karabaglar-ali-fuat-cebesoy-kiralik/daire/42880-314","1 / 27","45.000","21/08/2026","İzmir Granada Karşısı Ultra Lüks 3+1 Daireler","Kiralık Daire","3 + 1","125 m²","Sıfır Bina","·","Kat","2. Kat","İzmir / Karabağlar / Ali Fuat Cebesoy Mah.","https://www.hepsiemlak.com/_nuxt/8cafc93fb5c74c75e9e04e528e02ccdf.jpg","Yeni Adresin Gayrimenkul","WhatsApp","https://www.hepsiemlak.com/_nuxt/8cafc93fb5c74c75e9e04e528e02ccdf.jpg"
"https://www.hepsiemlak.com/izmir-foca-ismetpasa-kiralik/daire/121980-1775","1 / 27","50.000","13/08/2026","Foçada Denize Yürüme Mesafesinde 2+1 Eşyalı Daire","Kiralık Daire","2 + 1","75 m²","21 Yaşında","·","Kat","Giriş Katı","İzmir / Foça / İsmetpaşa Mah.","https://www.hepsiemlak.com/_nuxt/8cafc93fb5c74c75e9e04e528e02ccdf.jpg","Ata 35 Emlak","WhatsApp","https://www.hepsiemlak.com/_nuxt/8cafc93fb5c74c75e9e04e528e02ccdf.jpg"
"https://www.hepsiemlak.com/izmir-bayrakli-osmangazi-kiralik/daire/117461-5214","1 / 16","37.000","06/09/2026","Bayraklı Osmangazi'de Nezih Site İçerisinde Kiralık 3+1 Daire","Kiralık Daire","3 + 1","120 m²","35 Yaşında","·","Kat","7. Kat","İzmir / Bayraklı / Osmangazi Mah.","https://www.hepsiemlak.com/_nuxt/8cafc93fb5c74c75e9e04e528e02ccdf.jpg","","WhatsApp",""
"https://www.hepsiemlak.com/izmir-bayrakli-tepekule-kiralik/daire/39049-1065","1 / 16","18.750","08/09/2026","Bayraklı Tepekulede Doğalgazlı 2+1 Kiralık Daire","Kiralık Daire","2 + 1","83 m²","25 Yaşında","·","Kat","Zemin","İzmir / Bayraklı / Tepekule Mah.","https://www.hepsiemlak.com/_nuxt/8cafc93fb5c74c75e9e04e528e02ccdf.jpg","","WhatsApp",""
"https://www.hepsiemlak.com/izmir-buca-kozagac-kiralik/daire/170300-63","1 / 14","25.000","05/09/2026","Elite Gayrimenkuldenkozağaçmah.Kiralık 2+1 Daire","Kiralık Daire","2 + 1","80 m²","5 Yaşında","·","Kat","Yüksek Giriş","İzmir / Buca / Kozağaç Mah.","https://www.hepsiemlak.com/_nuxt/8cafc93fb5c74c75e9e04e528e02ccdf.jpg","Elite Gayrimenkul","WhatsApp","https://www.hepsiemlak.com/_nuxt/8cafc93fb5c74c75e9e04e528e02ccdf.jpg"
"https://www.hepsiemlak.com/izmir-karabaglar-umut-kiralik/daire/0-47266871","1 / 10","20.000","08/09/2026","Demokrasi Üniversitesi Kız Öğrenciler İçin Kiralıktır.","Kiralık Daire","2 + 1","95 m²","15 Yaşında","·","Kat","2. Kat","İzmir / Karabağlar / Umut Mah.","https://www.hepsiemlak.com/_nuxt/8cafc93fb5c74c75e9e04e528e02ccdf.jpg","","WhatsApp",""
"https://www.hepsiemlak.com/izmir-karsiyaka-tersane-kiralik/daire/100363-440","1 / 20","25.000","01/09/2026","Tersane'de Deniz Manzaralı 2+1 Kiralık Daire","Kiralık Daire","2 + 1","90 m²","31 Yaşında","·","Kat","5. Kat","İzmir / Karşıyaka / Tersane Mah.","https://www.hepsiemlak.com/_nuxt/8cafc93fb5c74c75e9e04e528e02ccdf.jpg","","WhatsApp",""
"https://www.hepsiemlak.com/izmir-buca-yaylacik-kiralik/daire/142478-200","1 / 10","28.000","05/09/2026","İbbf 'ye Yakın Merkezi Konum Full Eşyalı 2+1 Dairemiz","Kiralık Daire","2 + 1","60 m²","6 Yaşında","·","Kat","Giriş Katı","İzmir / Buca / Yaylacık Mah.","https://www.hepsiemlak.com/_nuxt/8cafc93fb5c74c75e9e04e528e02ccdf.jpg","Arsal İnşaat & Gayrimenkul","WhatsApp",""
"https://www.hepsiemlak.com/izmir-torbali-torbali-kiralik/daire/154461-349","1 / 10","17.000","26/08/2026","Torbalı İzban Yanında 1+1 Kiralık","Kiralık Daire","1 + 1","50 m²","6 Yaşında","·","Kat","4. Kat","İzmir / Torbalı / Torbalı Mah.","https://www.hepsiemlak.com/_nuxt/8cafc93fb5c74c75e9e04e528e02ccdf.jpg","Turkuaz Emlak","WhatsApp","https://www.hepsiemlak.com/_nuxt/8cafc93fb5c74c75e9e04e528e02ccdf.jpg"
"https://www.hepsiemlak.com/izmir-bayrakli-r-sevket-ince-kiralik/daire/169929-20","1 / 10","37.000","05/09/2026","Bayraklı Toki 2+1 Manzaralı Kiralık Daire","Kiralık Daire","2 + 1","120 m²","3 Yaşında","·","Kat","En Üst Kat","İzmir / Bayraklı / R. Şevket İnce Mah.","https://www.hepsiemlak.com/_nuxt/8cafc93fb5c74c75e9e04e528e02ccdf.jpg","Orbium Global Gayrimenkul Yatırım Danışmanlığı","WhatsApp","https://www.hepsiemlak.com/_nuxt/8cafc93fb5c74c75e9e04e528e02ccdf.jpg"
"https://www.hepsiemlak.com/izmir-bayrakli-adalet-kiralik/daire/83818-1529","1 / 20","36.000","27/08/2026","Bayraklı Adalet Mah. Kiralık Daire 2+1 110 M2","Kiralık Daire","2 + 1","110 m²","30 Yaşında","·","Kat","6. Kat","İzmir / Bayraklı / Adalet Mah.","https://www.hepsiemlak.com/_nuxt/8cafc93fb5c74c75e9e04e528e02ccdf.jpg","İzmir Kent Gayrimenkul Ve Yatırım","WhatsApp","https://www.hepsiemlak.com/_nuxt/8cafc93fb5c74c75e9e04e528e02ccdf.jpg"
"https://www.hepsiemlak.com/izmir-foca-mustafa-kemal-ataturk-kiralik/daire/45263-1701","1 / 31","28.000","30/08/2026","Yeni Foça Sayar Emlaktan Kiralık 2+1 Boş Daire Denize Alış Verişe Ulaşıma Çok Yakındır","Kiralık Daire","2 + 1","80 m²","8 Yaşında","·","Kat","3. Kat","İzmir / Foça / Mustafa Kemal Atatürk Mah.","https://www.hepsiemlak.com/_nuxt/8cafc93fb5c74c75e9e04e528e02ccdf.jpg","","WhatsApp",""
"https://www.hepsiemlak.com/izmir-karabaglar-basin-sitesi-kiralik/daire/6949-3258","1 / 31","40.000","09/09/2026","Basın Sitesinde,Bahçe Meraklısına,2+1,Genç Binada Kiralık Daire.","Kiralık Daire","2 + 1","94 m²","11 Yaşında","·","Kat","Bahçe Katı","İzmir / Karabağlar / Basın Sitesi Mah.","https://www.hepsiemlak.com/_nuxt/8cafc93fb5c74c75e9e04e528e02ccdf.jpg","Altın Anahtar Emlak-1","WhatsApp",""
"https://www.hepsiemlak.com/izmir-karsiyaka-yali-kiralik/daire/3103-2719","1 / 31","45.000","28/08/2026","Atakent Tramvay Durağına 100 M. Bahçe Dubleks 3+1 Kiralık Daire","Kiralık Daire","3 + 1","145 m²","30 Yaşında","·","Kat","Bahçe Katı","İzmir / Karşıyaka / Yalı Mah.","https://www.hepsiemlak.com/_nuxt/8cafc93fb5c74c75e9e04e528e02ccdf.jpg","Biz Emlak","WhatsApp","https://www.hepsiemlak.com/_nuxt/8cafc93fb5c74c75e9e04e528e02ccdf.jpg"
"https://www.hepsiemlak.com/izmir-guzelbahce-yelki-kiralik/villa/42207-1896","1 / 23","160.000","12/08/2026","Yelki Kolejler Bölgesi Site İçi Sıfır 4+1 Kiralık Villa","Kiralık Villa","4 + 1","235 m²","2 Yaşında","·","Kat","Bahçe Katı","İzmir / Güzelbahçe / Yelki Mah.","https://www.hepsiemlak.com/_nuxt/8cafc93fb5c74c75e9e04e528e02ccdf.jpg","Demka Gayrimenkul","WhatsApp","https://www.hepsiemlak.com/_nuxt/8cafc93fb5c74c75e9e04e528e02ccdf.jpg"
"https://www.hepsiemlak.com/izmir-karabaglar-cennetoglu-kiralik/daire/155417-341","1 / 13","35.000","09/09/2026","Karabağlar Belediyesi Yanında Eşyalı Kiralık Daire","Kiralık Daire","2 + 1","110 m²","6 Yaşında","·","Kat","2. Kat","İzmir / Karabağlar / Cennetoğlu Mah.","https://www.hepsiemlak.com/_nuxt/8cafc93fb5c74c75e9e04e528e02ccdf.jpg","Good İnvest Akın Gayrimenkul","WhatsApp","https://www.hepsiemlak.com/_nuxt/8cafc93fb5c74c75e9e04e528e02ccdf.jpg"
"https://www.hepsiemlak.com/izmir-karabaglar-adnan-suvari-kiralik/daire/7516-4274","1 / 26","39.000","10/09/2026","Polat Cad. Ve İkçü Yakını Eşyalı Doğalgazlı 2+1","Kiralık Daire","2 + 1","110 m²","31 Yaşında","·","Kat","1. Kat","İzmir / Karabağlar / Adnan Süvari Mah.","https://www.hepsiemlak.com/_nuxt/8cafc93fb5c74c75e9e04e528e02ccdf.jpg","Anahtar Emlak","WhatsApp","https://www.hepsiemlak.com/_nuxt/8cafc93fb5c74c75e9e04e528e02ccdf.jpg"
"https://www.hepsiemlak.com/izmir-karsiyaka-yali-kiralik/daire/154742-46","1 / 13","35.000","19/08/2026","Atakent'te Güzel Konumda Doğalgazlı 2+1 Kiralık Daire","Kiralık Daire","2 + 1","100 m²","26 Yaşında","·","Kat","Yüksek Giriş","İzmir / Karşıyaka / Yalı Mah.","https://www.hepsiemlak.com/_nuxt/8cafc93fb5c74c75e9e04e528e02ccdf.jpg","Mert Aydeniz Emlak","WhatsApp","https://www.hepsiemlak.com/_nuxt/8cafc93fb5c74c75e9e04e528e02ccdf.jpg"
"https://www.hepsiemlak.com/izmir-menemen-85-yil-cumhuriyet-kiralik/daire/152256-52","1 / 13","17.000","05/09/2026","Menemen Seyrek Merkeze Yürüme Mesafesinde 1+1 Kiralık Daire","Kiralık Daire","1 + 1","53 m²","4 Yaşında","·","Kat","2. Kat","İzmir / Menemen / 85. Yıl Cumhuriyet Mah.","https://www.hepsiemlak.com/_nuxt/8cafc93fb5c74c75e9e04e528e02ccdf.jpg","","WhatsApp",""
"https://www.hepsiemlak.com/izmir-bergama-okcular-kiralik/villa/170461-80","1 / 13","17.500","07/09/2026","Bergama Kozak Okçular Köyü'nde Kiralık Müstakil Villa","Kiralık Villa","3 + 1","180 m²","31 Yaşında","·","Kat","","İzmir / Bergama / Okçular Mah.","","Gömeç Kozak Emlak","WhatsApp","https://hecdnnw.hemlak.com/mncropresize/77/67/firmuser/3/5/5/9/6/7/4/d0e039d3-2c1b-4a45-98c7-b3a4890fde44.jpg"
"https://www.hepsiemlak.com/izmir-buca-aydogdu-kiralik/daire/31220-11374","1 / 26","30.000","09/09/2026","Buca Toki Konutları İçi Ful Yapılı 2+1 Eşşiz Manzaralı Kiralık","Kiralık Daire","2 + 1","85 m²","11 Yaşında","·","Kat","7. Kat","İzmir / Buca / Aydoğdu Mah.","https://hecdnnw.hemlak.com/mncropresize/77/67/logo/0/2/2/1/3/0/9d5f9d5b-1b38-4d3e-95fa-f8581a33ad55.jpg","Kw Alesta-viya-orsa 1","WhatsApp",""
"https://www.hepsiemlak.com/izmir-bornova-kazimdirik-kiralik/daire/105206-227","1 / 30","40.000","28/08/2026","Bornova'da Eşyalı 1+1 Lux Kiralık Daire Büyükparka Yakın","Kiralık Daire","1 + 1","40 m²","1 Yaşında","·","Kat","4. Kat","İzmir / Bornova / Kazımdirik Mah.","","","WhatsApp",""
"https://www.hepsiemlak.com/izmir-cigli-aydinlikevler-kiralik/villa/162799-269","1 / 48","137.500","09/09/2026","Şehrin Merkezinde Lüks Kiralık Villa","Kiralık Villa","3 + 1","200 m²","Sıfır Bina","·","Kat","","İzmir / Çiğli / Aydınlıkevler Mah.","https://hecdn01.hemlak.com/mncropresize/182/137/ds01/5/7/7/0/7/2/7/4/16dde757-7f31-4f40-a592-906a9649ebc6.jpg","Tm Gayrimenkul","WhatsApp","https://hecdnnw.hemlak.com/mncropresize/77/67/logo/9/9/7/2/6/1/7aae60a7-ff39-4fff-abc7-f46ce939875e.jpg"
"https://www.hepsiemlak.com/izmir-konak-atilla-kiralik/daire/162854-293","1 / 32","35.000","08/09/2026","Opal Gayrimenkul - İzmirpark Yakını 3+1 Kiralık Sıfır Daire","Kiralık Daire","3 + 1","120 m²","Sıfır Bina","·","Kat","2. Kat","İzmir / Konak / Atilla Mah.","https://www.hepsiemlak.com/_nuxt/8cafc93fb5c74c75e9e04e528e02ccdf.jpg","Opal Gayrimenkul Karabaglar","WhatsApp","https://www.hepsiemlak.com/_nuxt/8cafc93fb5c74c75e9e04e528e02ccdf.jpg"
"https://www.hepsiemlak.com/izmir-balcova-onur-kiralik/daire/52125-469","1 / 6","23.000","07/09/2026","Eşyalı 1+0 Kiralık Daire Merkezi Konum Ekonomi Dokuzeylül Yakını","Kiralık Daire","Stüdyo","20 m²","21 Yaşında","·","Kat","1. Kat","İzmir / Balçova / Onur Mah.","https://www.hepsiemlak.com/_nuxt/8cafc93fb5c74c75e9e04e528e02ccdf.jpg","","WhatsApp",""
"https://www.hepsiemlak.com/izmir-bayrakli-manavkuyu-kiralik/daire/3167-2073","1 / 25","40.000","18/08/2026","Bayraklı Manavkuyu Kızılay Kan Bankası Arkası Kiralık 3+1 Daire","Kiralık Daire","3 + 1","150 m²","31 Yaşında","·","Kat","6. Kat","İzmir / Bayraklı / Manavkuyu Mah.","https://www.hepsiemlak.com/_nuxt/8cafc93fb5c74c75e9e04e528e02ccdf.jpg","Koyuncu Emlak","WhatsApp",""
"https://www.hepsiemlak.com/izmir-karsiyaka-bostanli-kiralik/daire/58372-6851","1 / 25","42.000","05/09/2026","Bostanlı, Hüseyin Yurttaş Sokak, Kiralık 3+1 Daire","Kiralık Daire","3 + 1","130 m²","31 Yaşında","·","Kat","1. Kat","İzmir / Karşıyaka / Bostanlı Mah.","https://www.hepsiemlak.com/_nuxt/8cafc93fb5c74c75e9e04e528e02ccdf.jpg","Coldwell Banker Plus","WhatsApp","https://www.hepsiemlak.com/_nuxt/8cafc93fb5c74c75e9e04e528e02ccdf.jpg"
"https://www.hepsiemlak.com/izmir-seferihisar-cumhuriyet-kiralik/daire/125858-522","1 / 29","25.000","21/08/2026","Doğanbey'de Denize 300mt Ana Caddede Kiralık Ara Kat 1+1 Daire","Kiralık Daire","1 + 1","100 m²","4 Yaşında","·","Kat","1. Kat","İzmir / Seferihisar / Cumhuriyet Mah.","https://www.hepsiemlak.com/_nuxt/8cafc93fb5c74c75e9e04e528e02ccdf.jpg","Öztaş Gayrimenkul","WhatsApp","https://www.hepsiemlak.com/_nuxt/8cafc93fb5c74c75e9e04e528e02ccdf.jpg"
"https://www.hepsiemlak.com/izmir-karsiyaka-bostanli-kiralik/daire/29626-2184","1 / 18","50.000","05/09/2026","Bostanlı Şehitler Bulvarı’nda Kiralık 3+1 Daire","Kiralık Daire","3 + 1","130 m²","40 Yaşında","·","Kat","1. Kat","İzmir / Karşıyaka / Bostanlı Mah.","https://www.hepsiemlak.com/_nuxt/8cafc93fb5c74c75e9e04e528e02ccdf.jpg","Binax Gayrimenkul","WhatsApp","https://www.hepsiemlak.com/_nuxt/8cafc93fb5c74c75e9e04e528e02ccdf.jpg"
"https://www.hepsiemlak.com/izmir-bayrakli-sogukkuyu-kiralik/daire/93464-3064","1 / 21","60.000","25/08/2026","Anadolu Cd Ve Yeni Girne Cd Yakını Merkezi Konum 4+1 Dublex","Kiralık Daire","4 + 1","220 m²","Sıfır Bina","·","Kat","8. Kat","İzmir / Bayraklı / Soğukkuyu Mah.","https://www.hepsiemlak.com/_nuxt/8cafc93fb5c74c75e9e04e528e02ccdf.jpg","","WhatsApp",""
"https://www.hepsiemlak.com/izmir-buca-kozagac-kiralik/daire/15356-6506","1 / 18","22.000","17/08/2026","Buca Kozağaç Mahallesinde Eşyalı 1+1 Daire","Kiralık Daire","1 + 1","50 m²","16 Yaşında","·","Kat","4. Kat","İzmir / Buca / Kozağaç Mah.","https://www.hepsiemlak.com/_nuxt/8cafc93fb5c74c75e9e04e528e02ccdf.jpg","Turyap İzmir Buca Temsilciliği","WhatsApp","https://www.hepsiemlak.com/_nuxt/8cafc93fb5c74c75e9e04e528e02ccdf.jpg"
"https://www.hepsiemlak.com/izmir-cigli-balatcik-kiralik/daire/106987-913","1 / 13","20.000","10/09/2026","İkçü Yakını Sıfır 1+1 Kiralık Daire","Kiralık Daire","1 + 1","50 m²","1 Yaşında","·","Kat","Ara Kat","İzmir / Çiğli / Balatçık Mah.","https://www.hepsiemlak.com/_nuxt/8cafc93fb5c74c75e9e04e528e02ccdf.jpg","Kamusal Gayrimenkul","WhatsApp","https://www.hepsiemlak.com/_nuxt/8cafc93fb5c74c75e9e04e528e02ccdf.jpg"
"https://www.hepsiemlak.com/izmir-karaburun-mordogan-kiralik/daire/128297-524","1 / 13","23.000","09/09/2026","Mordoğan Merkez- Plaja Yürüme Mesafesi Kiralık 1+1","Kiralık Daire","1 + 1","60 m²","3 Yaşında","·","Kat","Bahçe Katı","İzmir / Karaburun / Mordoğan Mah.","https://www.hepsiemlak.com/_nuxt/8cafc93fb5c74c75e9e04e528e02ccdf.jpg","Coldwell Banker Locate","WhatsApp","https://www.hepsiemlak.com/_nuxt/8cafc93fb5c74c75e9e04e528e02ccdf.jpg"
"https://www.hepsiemlak.com/izmir-buca-firat-kiralik/daire/149571-214","1 / 12","25.000","24/08/2026","Buca Fıratta Kiralık Klimalı Full Eşyalı Daire 1+1","Kiralık Daire","1 + 1","80 m²","6 Yaşında","·","Kat","Yüksek Giriş","İzmir / Buca / Fırat Mah.","https://www.hepsiemlak.com/_nuxt/8cafc93fb5c74c75e9e04e528e02ccdf.jpg","Yüksel Emlak İnşaat","WhatsApp","https://www.hepsiemlak.com/_nuxt/8cafc93fb5c74c75e9e04e528e02ccdf.jpg"
"https://www.hepsiemlak.com/izmir-bornova-kazimdirik-kiralik/daire/105340-16","1 / 12","38.000","28/08/2026","Ege Ve Yaşar Üniversitesine Yürüme Mesafesinde Eşyalı 2+1","Kiralık Daire","2 + 1","100 m²","26 Yaşında","·","Kat","Yüksek Giriş","İzmir / Bornova / Kazımdirik Mah.","https://www.hepsiemlak.com/_nuxt/8cafc93fb5c74c75e9e04e528e02ccdf.jpg","","WhatsApp",""
"https://www.hepsiemlak.com/izmir-karsiyaka-demirkopru-kiralik/daire/120889-267","1 / 28","27.500","03/09/2026","Bluestate'ten Demirköprü Sport Suıt'te Kiralık 1+1","Kiralık Daire","1 + 1","45 m²","6 Yaşında","·","Kat","5. Kat","İzmir / Karşıyaka / Demirköprü Mah.","https://www.hepsiemlak.com/_nuxt/8cafc93fb5c74c75e9e04e528e02ccdf.jpg","","WhatsApp",""
"https://www.hepsiemlak.com/izmir-tire-toki-kiralik/daire/135073-281","1 / 12","15.000","11/08/2026","Tire Toki Konutlarında Sıfır Kiralık Daire","Kiralık Daire","2 + 1","75 m²","6 Yaşında","·","Kat","Yarı Bodrum","İzmir / Tire / Toki Mah.","https://www.hepsiemlak.com/_nuxt/8cafc93fb5c74c75e9e04e528e02ccdf.jpg","","WhatsApp",""
"https://www.hepsiemlak.com/izmir-menderes-altintepe-kiralik/daire/92980-170","1 / 17","40.000","26/08/2026","Artiva Gayrimenkul'den Havuzlu Sitede Kiralık 2+1 Daire...","Kiralık Daire","2 + 1","95 m²","Sıfır Bina","·","Kat","4. Kat","İzmir / Menderes / Altıntepe Mah.","https://www.hepsiemlak.com/_nuxt/8cafc93fb5c74c75e9e04e528e02ccdf.jpg","Artiva Gayrimenkul","WhatsApp","https://www.hepsiemlak.com/_nuxt/8cafc93fb5c74c75e9e04e528e02ccdf.jpg"
"https://www.hepsiemlak.com/izmir-balcova-egitim-kiralik/daire/77321-1221","1 / 20","32.000","05/09/2026","İzmir Balçova Eğitim Mah 12 Senelik 2+1 Açık Mutfak Doğalgaz Balkonlu Kiralık Daire","Kiralık Daire","2 + 1","85 m²","12 Yaşında","·","Kat","2. Kat","İzmir / Balçova / Eğitim Mah.","https://www.hepsiemlak.com/_nuxt/8cafc93fb5c74c75e9e04e528e02ccdf.jpg","","WhatsApp",""
"https://www.hepsiemlak.com/izmir-menderes-cukuralti-kiralik/villa/103687-426","1 / 12","38.000","09/09/2026","Kiralık 3+1 Tripleks Villa Deniz Manzarası, Geniş Teras Ve Bahçe","Kiralık Villa","3 + 1","150 m²","5 Yaşında","·","Kat","","İzmir / Menderes / Çukuraltı Mah.","https://www.hepsiemlak.com/_nuxt/8cafc93fb5c74c75e9e04e528e02ccdf.jpg","Arzava Gayrimenkul","WhatsApp","https://www.hepsiemlak.com/_nuxt/8cafc93fb5c74c75e9e04e528e02ccdf.jpg"
"https://www.hepsiemlak.com/izmir-cesme-alacati-kiralik/villa/74113-77","1 / 45","1.500.000","08/09/2026","Alaçatı Çamlık Yol Üzeri Yıllık, 12 Ay Kiralık Eşyalı Ya Da Eşyasız Müstakil Havuzlu Triplex 4+2","Kiralık Villa","4 + 2","250 m²","10 Yaşında","·","Kat","","İzmir / Çeşme / Alaçatı Mah.","https://www.hepsiemlak.com/_nuxt/8cafc93fb5c74c75e9e04e528e02ccdf.jpg","Emre Sönmez Gayrimenkul","WhatsApp","https://www.hepsiemlak.com/_nuxt/8cafc93fb5c74c75e9e04e528e02ccdf.jpg"
"https://www.hepsiemlak.com/izmir-urla-kalabak-kiralik/mustakil-ev/167685-46","1 / 32","65.000","08/09/2026","Urlada Panoromık Deniz Manzaralı Tek Mustakil","Kiralık Müstakil Ev","3 + 1","200 m²","21 Yaşında","","","","İzmir / Urla / Kalabak Mah.","https://www.hepsiemlak.com/_nuxt/8cafc93fb5c74c75e9e04e528e02ccdf.jpg","","WhatsApp",""
"https://www.hepsiemlak.com/izmir-buca-hurriyet-kiralik/daire/169633-102","1 / 35","37.000","07/09/2026","Şirinyer İzban Yakını 2+1 Ferah Daire","Kiralık Daire","2 + 1","70 m²","6 Yaşında","·","Kat","En Üst Kat","İzmir / Buca / Hürriyet Mah.","https://www.hepsiemlak.com/_nuxt/8cafc93fb5c74c75e9e04e528e02ccdf.jpg","İzmir Birilk Gayrimenkul","WhatsApp","https://www.hepsiemlak.com/_nuxt/8cafc93fb5c74c75e9e04e528e02ccdf.jpg"
"https://www.hepsiemlak.com/izmir-konak-kultur-kiralik/daire/110710-244","1 / 18","60.000","08/09/2026","Fora'dan Alsancak'ın Keyifli Sokağında 2+1 Teras Daire!!","Kiralık Daire","2 + 1","160 m²","31 Yaşında","·","Kat","4. Kat","İzmir / Konak / Kültür Mah.","https://hecdnnw.hemlak.com/mncropresize/77/67/logo/0/1/7/0/1/1/4ee9d283-3b1a-402b-9d76-070a0f157ffd.jpg","Fora Gayrimenkul","WhatsApp",""
"https://www.hepsiemlak.com/izmir-bayrakli-75-yil-kiralik/daire/143949-1863","1 / 34","45.000","02/09/2026","Bayraklı Park Orman Sitesinde 145m² Körfez Manzaralı 3+1 Kiralık","Kiralık Daire","3 + 1","145 m²","11 Yaşında","·","Kat","3. Kat","İzmir / Bayraklı / 75. Yıl Mah.","","","WhatsApp",""
"https://www.hepsiemlak.com/izmir-bornova-barbaros-kiralik/daire/165005-125","1 / 19","25.000","02/09/2026","Mediha Mahmutbey Ortaokulu Yanı 2+1 Kiralık Yeni Tadilatlı","Kiralık Daire","2 + 1","74 m²","26 Yaşında","·","Kat","1. Kat","İzmir / Bornova / Barbaros Mah.","https://www.hepsiemlak.com/img/loadings/noImage55-55.png","Kw Efe Takım","WhatsApp","https://www.hepsiemlak.com/_nuxt/img/no-image-user.6f6a83e.svg"
"https://www.hepsiemlak.com/izmir-karsiyaka-mavisehir-kiralik/daire/95207-961","1 / 35","85.000","03/09/2026","Kuğu Blokda Muhteşem Deniz Manzaralı Köşe 4+1 Kiralık Daire","Kiralık Daire","4 + 1","210 m²","26 Yaşında","·","Kat","7. Kat","İzmir / Karşıyaka / Mavişehir Mah.","https://hecdn01.hemlak.com/mncropresize/182/137/ds01/2/7/3/9/2/2/7/4/1ca03b78-27cb-4287-8a3e-78769dc81348.jpg","Startkey City","WhatsApp","https://hecdnnw.hemlak.com/mncropresize/77/67/logo/7/0/2/5/9/0/babf54df-2f5f-42cf-b78d-b3d0c48e38d0.jpg"
"https://www.hepsiemlak.com/izmir-dikili-cumhuriyet-kiralik/villa/103566-3622","1 / 60","48.000","01/09/2026","Billurkent Sitesinde Denize 600 Metre 3+1 Tam Müstakil Geniş Bahçeli Sürekli Kiralık Villa","Kiralık Villa","3 + 1","120 m²","25 Yaşında","·","Kat","","İzmir / Dikili / Cumhuriyet Mah.","https://www.hepsiemlak.com/_nuxt/8cafc93fb5c74c75e9e04e528e02ccdf.jpg","Remax İlyada","WhatsApp","https://www.hepsiemlak.com/_nuxt/8cafc93fb5c74c75e9e04e528e02ccdf.jpg"
"https://www.hepsiemlak.com/izmir-selcuk-ataturk-kiralik/daire/132456-1877","1 / 30","31.500","09/09/2026","İzmir Selçuk Atatürk Mahallesi Kiralık 0 2+1 Daire","Kiralık Daire","2 + 1","70 m²","Sıfır Bina","·","Kat","3. Kat","İzmir / Selçuk / Atatürk Mah.","https://www.hepsiemlak.com/_nuxt/8cafc93fb5c74c75e9e04e528e02ccdf.jpg","Armina Group Gayrimenkul Danışmanlığı","WhatsApp","https://www.hepsiemlak.com/_nuxt/8cafc93fb5c74c75e9e04e528e02ccdf.jpg"
"https://www.hepsiemlak.com/izmir-buca-aydogdu-kiralik/daire/136240-186","1 / 25","35.000","01/09/2026","İzmir Buca Aydoğdu Mahallesi Toki Konutlarında Kiralık 3+1 Daire","Kiralık Daire","3 + 1","135 m²","6 Yaşında","·","Kat","6. Kat","İzmir / Buca / Aydoğdu Mah.","https://www.hepsiemlak.com/_nuxt/8cafc93fb5c74c75e9e04e528e02ccdf.jpg","Dialog Design Gayrimenkul","WhatsApp","https://www.hepsiemlak.com/_nuxt/8cafc93fb5c74c75e9e04e528e02ccdf.jpg"
"https://www.hepsiemlak.com/izmir-karsiyaka-semikler-kiralik/daire/171457-8","1 / 15","27.000","07/09/2026","Şemiklerde 1+1 Kiralık","Kiralık Daire","1 + 1","48 m²","Sıfır Bina","·","Kat","4. Kat","İzmir / Karşıyaka / Şemikler Mah.","https://www.hepsiemlak.com/_nuxt/8cafc93fb5c74c75e9e04e528e02ccdf.jpg","Onçam Emlak.","WhatsApp","https://www.hepsiemlak.com/_nuxt/8cafc93fb5c74c75e9e04e528e02ccdf.jpg"
"https://www.hepsiemlak.com/izmir-bornova-evka-3-kiralik/daire/167367-61","1 / 31","34.000","04/09/2026","Evka3'te Müstakil Tadında Eşyalı Kiralık 1+1 Daire","Kiralık Daire","1 + 1","65 m²","21 Yaşında","·","Kat","Yüksek Giriş","İzmir / Bornova / Evka 3 Mah.","https://www.hepsiemlak.com/_nuxt/8cafc93fb5c74c75e9e04e528e02ccdf.jpg","Orinox Gayrimenkul & Danışmanlık","WhatsApp",""
"https://www.hepsiemlak.com/izmir-bayrakli-r-sevket-ince-kiralik/daire/171327-1","1 / 23","33.000","04/09/2026","Bayraklı Toki 2+1 Açık Mutfak Ebeveyn Ban. Kombi 3'lü Ankastre","Kiralık Daire","2 + 1","95 m²","2 Yaşında","·","Kat","Yüksek Giriş","İzmir / Bayraklı / R. Şevket İnce Mah.","https://www.hepsiemlak.com/_nuxt/8cafc93fb5c74c75e9e04e528e02ccdf.jpg","Yeknur Gayrimenkul","WhatsApp",""
"https://www.hepsiemlak.com/izmir-urla-kuscular-kiralik/villa/156697-199","1 / 35","125.000","30/08/2026","Raıon'dan Kuşçular Alt Kat Odalı Müstakil Havuzlu Kiralık Villa","Kiralık Villa","3 + 1","190 m²","3 Yaşında","·","Kat","","İzmir / Urla / Kuşçular Mah.","https://www.hepsiemlak.com/_nuxt/8cafc93fb5c74c75e9e04e528e02ccdf.jpg","Raion Gayrimenkul","WhatsApp","https://www.hepsiemlak.com/_nuxt/8cafc93fb5c74c75e9e04e528e02ccdf.jpg"
"https://www.hepsiemlak.com/izmir-menemen-9-eylul-kiralik/daire/165162-45","1 / 18","30.000","01/09/2026","Ulukent Te Yeni Bina Ferah Geniş 2+1 Kiralık","Kiralık Daire","2 + 1","100 m²","2 Yaşında","·","Kat","7. Kat","İzmir / Menemen / 9 Eylül Mah.","https://www.hepsiemlak.com/_nuxt/8cafc93fb5c74c75e9e04e528e02ccdf.jpg","","WhatsApp",""
"https://www.hepsiemlak.com/izmir-buca-kozagac-kiralik/daire/129980-1375","1 / 19","35.000","05/09/2026","Başoğlun'dan Merkezi Konum'da Arakat Kapalı Mutfak 2+1 Daire","Kiralık Daire","2 + 1","105 m²","4 Yaşında","·","Kat","3. Kat","İzmir / Buca / Kozağaç Mah.","https://www.hepsiemlak.com/_nuxt/8cafc93fb5c74c75e9e04e528e02ccdf.jpg","Başoğlu Emlak İnşaat","WhatsApp","https://www.hepsiemlak.com/_nuxt/8cafc93fb5c74c75e9e04e528e02ccdf.jpg"
"https://www.hepsiemlak.com/izmir-karsiyaka-dedebasi-kiralik/daire/47347-3105","1 / 40","47.500","10/09/2026","Nisan'dan Dedebaşında Kiralık D.Gazlı Ebeveynli 3+1","Kiralık Daire","3 + 1","120 m²","11 Yaşında","·","Kat","4. Kat","İzmir / Karşıyaka / Dedebaşı Mah.","https://www.hepsiemlak.com/_nuxt/8cafc93fb5c74c75e9e04e528e02ccdf.jpg","Nisan Gayrimenkul","WhatsApp","https://www.hepsiemlak.com/_nuxt/8cafc93fb5c74c75e9e04e528e02ccdf.jpg"
"https://www.hepsiemlak.com/izmir-karsiyaka-atakent-kiralik/daire/4762-4826","1 / 35","35.000","28/08/2026","Atakent Sahile Tramvaya Yakın Deniz Manzaralı Eşyalı Kiralık 1+1 Daire","Kiralık Daire","1 + 1","45 m²","37 Yaşında","·","Kat","9. Kat","İzmir / Karşıyaka / Atakent Mah.","https://www.hepsiemlak.com/_nuxt/8cafc93fb5c74c75e9e04e528e02ccdf.jpg","","WhatsApp",""
"https://www.hepsiemlak.com/izmir-karsiyaka-mavisehir-kiralik/daire/39051-1838","1 / 48","45.000","27/08/2026","Özler Emlak'tan Mavişehir'de 2+1 Açık Mutfaklı Mobilyalı Daire","Kiralık Daire","2 + 1","75 m²","26 Yaşında","·","Kat","11. Kat","İzmir / Karşıyaka / Mavişehir Mah.","https://www.hepsiemlak.com/_nuxt/8cafc93fb5c74c75e9e04e528e02ccdf.jpg","Özler Emlak","WhatsApp","https://www.hepsiemlak.com/_nuxt/8cafc93fb5c74c75e9e04e528e02ccdf.jpg"
"https://www.hepsiemlak.com/izmir-karsiyaka-bahariye-kiralik/daire/76582-2161","1 / 44","65.000","28/08/2026","Salman'dan Bahariye Mah Lüks Kiralık 3+1 Teraslı Dubleks","Kiralık Daire","3 + 1","190 m²","3 Yaşında","·","Kat","5. Kat","İzmir / Karşıyaka / Bahariye Mah.","https://www.hepsiemlak.com/_nuxt/8cafc93fb5c74c75e9e04e528e02ccdf.jpg","Salman Gayrimenkul","WhatsApp","https://www.hepsiemlak.com/_nuxt/8cafc93fb5c74c75e9e04e528e02ccdf.jpg"
"https://www.hepsiemlak.com/izmir-konak-ismet-pasa-kiralik/daire/160390-181","1 / 21","10.000","06/09/2026","Konak Gürçeşme'de Çok Uyguna Kiralık 2+1 Daire","Kiralık Daire","2 + 1","80 m²","26 Yaşında","·","Kat","2. Kat","İzmir / Konak / İsmet Paşa Mah.","https://www.hepsiemlak.com/_nuxt/8cafc93fb5c74c75e9e04e528e02ccdf.jpg","Laçın Gayrimenkul Ve Emlak Danışmanlığı","WhatsApp","https://www.hepsiemlak.com/_nuxt/8cafc93fb5c74c75e9e04e528e02ccdf.jpg"
"https://www.hepsiemlak.com/izmir-bornova-kazimdirik-kiralik/daire/38547-1874","1 / 35","35.000","07/09/2026","Finalim Emlak'tan Süvari Cad.Belediye Sokağı Kiralık 3+1 Daire","Kiralık Daire","3 + 1","115 m²","26 Yaşında","·","Kat","3. Kat","İzmir / Bornova / Kazımdirik Mah.","https://www.hepsiemlak.com/_nuxt/8cafc93fb5c74c75e9e04e528e02ccdf.jpg","","WhatsApp",""
"https://www.hepsiemlak.com/izmir-tire-fatih-kiralik/daire/162188-81","1 / 16","35.000","24/08/2026","Dilek Emlak'tan Tire'de Masrafsız 3+1 Kiralık Daire","Kiralık Daire","3 + 1","140 m²","5 Yaşında","·","Kat","Ara Kat","İzmir / Tire / Fatih Mah.","https://www.hepsiemlak.com/_nuxt/8cafc93fb5c74c75e9e04e528e02ccdf.jpg","Dilek Emlak Gayrimenkul Danışmanlığı","WhatsApp","https://www.hepsiemlak.com/_nuxt/8cafc93fb5c74c75e9e04e528e02ccdf.jpg"
"https://www.hepsiemlak.com/izmir-karsiyaka-bostanli-kiralik/daire/1239-4820","1 / 37","85.000","24/08/2026","Bostanlı Kiralık Akbank Sok.'da 3+1 Daire.(17.Yaşında)","Kiralık Daire","3 + 1","160 m²","17 Yaşında","·","Kat","1. Kat","İzmir / Karşıyaka / Bostanlı Mah.","https://www.hepsiemlak.com/_nuxt/8cafc93fb5c74c75e9e04e528e02ccdf.jpg","Vision Gayrimenkul","WhatsApp","https://www.hepsiemlak.com/_nuxt/8cafc93fb5c74c75e9e04e528e02ccdf.jpg"
"https://www.hepsiemlak.com/izmir-torbali-inonu-kiralik/daire/114403-199","1 / 40","23.000","24/08/2026","Azelyadan İnönü'de 1+1 Ara Kat Consept Site İçerisinde","Kiralık Daire","1 + 1","65 m²","Sıfır Bina","·","Kat","2. Kat","İzmir / Torbalı / İnönü Mah.","https://www.hepsiemlak.com/_nuxt/8cafc93fb5c74c75e9e04e528e02ccdf.jpg","Azelya Emlak","WhatsApp","https://www.hepsiemlak.com/_nuxt/8cafc93fb5c74c75e9e04e528e02ccdf.jpg"
"https://www.hepsiemlak.com/izmir-konak-cinarli-kiralik/residence/149990-893","1 / 17","37.000","02/09/2026","İnci Tower Metro Yakını 1+1 Kiralık Eşyalı Balkonlu Daire","Kiralık Residence","1 + 1","50 m²","5 Yaşında","·","Kat","9. Kat","İzmir / Konak / Çınarlı Mah.","https://www.hepsiemlak.com/_nuxt/8cafc93fb5c74c75e9e04e528e02ccdf.jpg","Fast Buy Gayrimenkul","WhatsApp","https://www.hepsiemlak.com/_nuxt/8cafc93fb5c74c75e9e04e528e02ccdf.jpg"
"https://www.hepsiemlak.com/izmir-karsiyaka-dedebasi-kiralik/daire/136263-234","1 / 30","35.000","23/08/2026","Kiralık Daire, 2+1, D.Gazlı, İki Cepheli, Dedebaşında, Çakırdan","Kiralık Daire","2 + 1","92 m²","11 Yaşında","·","Kat","3. Kat","İzmir / Karşıyaka / Dedebaşı Mah.","https://www.hepsiemlak.com/_nuxt/8cafc93fb5c74c75e9e04e528e02ccdf.jpg","","WhatsApp",""
"https://www.hepsiemlak.com/izmir-karsiyaka-dedebasi-kiralik/daire/91814-1022","1 / 40","30.000","29/08/2026","9 Eylül Emlak Nergız Goncalar Mah Önü Açık Köşe 3+1 Kiralık Daire","Kiralık Daire","3 + 1","120 m²","35 Yaşında","·","Kat","En Üst Kat","İzmir / Karşıyaka / Dedebaşı Mah.","https://hecdnnw.hemlak.com/mncropresize/77/67/logo/4/1/8/1/9/0/06f1c6d6-925d-49f0-b3b7-e932381962c1.jpg","9 Eylül Emlak","WhatsApp",""
"https://www.hepsiemlak.com/izmir-karsiyaka-bahcelievler-kiralik/daire/158445-544","1 / 24","38.000","05/09/2026","Park Manzaralı Önü Açık Kapalı Mutfak 115 M2 3+1 Kiralık Daire","Kiralık Daire","3 + 1","120 m²","26 Yaşında","·","Kat","5. Kat","İzmir / Karşıyaka / Bahçelievler Mah.","https://hecdnnw.hemlak.com/mncropresize/77/67/logo/5/4/4/8/5/1/bf94c2a9-2803-43c6-8152-54e8e49fd6ee.jpg","Startkey Akın","WhatsApp",""
"https://www.hepsiemlak.com/izmir-karsiyaka-semikler-kiralik/daire/78476-581","1 / 39","40.000","26/08/2026","Şemikler Anadolu Caddesi Yakını Kiralık 3+1 Daire","Kiralık Daire","3 + 1","130 m²","116 Yaşında","·","Kat","4. Kat","İzmir / Karşıyaka / Şemikler Mah.","","","WhatsApp",""
"https://www.hepsiemlak.com/izmir-buca-kozagac-kiralik/daire/171254-5","1 / 22","23.000","31/08/2026","Üçkuyularda Hasanağa Parkı Yakını Arakat Balkon Sıfır Eşyalı 1+1","Kiralık Daire","1 + 1","55 m²","4 Yaşında","·","Kat","1. Kat","İzmir / Buca / Kozağaç Mah.","https://hecdn01.hemlak.com/mncropresize/182/137/ds01/0/4/9/8/6/1/7/4/839594ff-d6bf-47e8-800f-4de8d7583e88.jpg","Ales Yapı Gayrimenkul","WhatsApp","https://hecdnnw.hemlak.com/mncropresize/77/67/logo/4/5/2/1/7/1/baf10838-4608-4306-823a-ee55c464582c.jpg"
"https://www.hepsiemlak.com/izmir-urla-kuscular-kiralik/villa/159896-33","1 / 60","120.000","28/08/2026","Urla Kuşçularda Müstakil Havuzlu, Eşyalı Lüks Kiralık Villa","Kiralık Villa","3 + 1","175 m²","2 Yaşında","·","Kat","","İzmir / Urla / Kuşçular Mah.","https://www.hepsiemlak.com/_nuxt/8cafc93fb5c74c75e9e04e528e02ccdf.jpg","","WhatsApp",""
"https://www.hepsiemlak.com/izmir-karsiyaka-bahcelievler-kiralik/daire/138721-196","1 / 15","32.000","21/08/2026","Karşıyaka Bahçelievler'de Karşıyaka Lisesi Karşısında Asansörlü Kiralık 3+1 Köşe Daire!","Kiralık Daire","3 + 1","130 m²","38 Yaşında","·","Kat","4. Kat","İzmir / Karşıyaka / Bahçelievler Mah.","https://www.hepsiemlak.com/_nuxt/8cafc93fb5c74c75e9e04e528e02ccdf.jpg","","WhatsApp",""
"https://www.hepsiemlak.com/izmir-cigli-cumhuriyet-kiralik/daire/144072-914","1 / 34","32.000","21/08/2026","Çığlı Cumhurıyet Mah. Sıte İçı Genış 3+1 Kıralık Daıre","Kiralık Daire","3 + 1","145 m²","8 Yaşında","·","Kat","4. Kat","İzmir / Çiğli / Cumhuriyet Mah.","https://www.hepsiemlak.com/_nuxt/8cafc93fb5c74c75e9e04e528e02ccdf.jpg","Remax Kare","WhatsApp","https://www.hepsiemlak.com/_nuxt/8cafc93fb5c74c75e9e04e528e02ccdf.jpg"
"https://www.hepsiemlak.com/izmir-menemen-ugur-mumcu-kiralik/daire/2186-12703","1 / 38","23.000","04/09/2026","Menemen T Yapı Sıfır Bina Açık Mutfak 1+1 Kiralık Daire","Kiralık Daire","1 + 1","55 m²","Sıfır Bina","·","Kat","13. Kat","İzmir / Menemen / Uğur Mumcu Mah.","https://www.hepsiemlak.com/_nuxt/8cafc93fb5c74c75e9e04e528e02ccdf.jpg","Köycüler Gayrimenkul Limited","WhatsApp","https://www.hepsiemlak.com/_nuxt/8cafc93fb5c74c75e9e04e528e02ccdf.jpg"
"https://www.hepsiemlak.com/izmir-karsiyaka-dedebasi-kiralik/daire/153494-103","1 / 17","25.000","27/08/2026","Dedebaşında Anadolu Caddesi Yakını Kiralık 1+1 Daire","Kiralık Daire","1 + 1","44 m²","5 Yaşında","·","Kat","Yüksek Giriş","İzmir / Karşıyaka / Dedebaşı Mah.","https://www.hepsiemlak.com/_nuxt/8cafc93fb5c74c75e9e04e528e02ccdf.jpg","Pier Gayrimenkul","WhatsApp","https://www.hepsiemlak.com/_nuxt/8cafc93fb5c74c75e9e04e528e02ccdf.jpg"
"https://www.hepsiemlak.com/izmir-karabaglar-sevgi-kiralik/daire/84343-879","1 / 33","32.500","24/08/2026","Baş-Kaleden Genişferah Masrafsız145m D.Gazlı Kiralık3+1 Daireler","Kiralık Daire","3 + 1","160 m²","26 Yaşında","·","Kat","Yüksek Giriş","İzmir / Karabağlar / Sevgi Mah.","https://www.hepsiemlak.com/_nuxt/8cafc93fb5c74c75e9e04e528e02ccdf.jpg","Baş-kale Gayrimenkul Ve Yatırım","WhatsApp","https://www.hepsiemlak.com/_nuxt/8cafc93fb5c74c75e9e04e528e02ccdf.jpg"
"https://www.hepsiemlak.com/izmir-cigli-sasalli-merkez-kiralik/villa/54684-4666","1 / 60","250.000","20/08/2026","-Avlu Sasalı - İlk Sizin Oturacağınız 5+1 Havuzlu Müstakil Villa","Kiralık Villa","5 + 1","423 m²","2 Yaşında","·","Kat","Bahçe Katı","İzmir / Çiğli / Sasallı Merkez Mah.","https://www.hepsiemlak.com/_nuxt/8cafc93fb5c74c75e9e04e528e02ccdf.jpg","Startkey Altunsu","WhatsApp","https://www.hepsiemlak.com/_nuxt/8cafc93fb5c74c75e9e04e528e02ccdf.jpg"
"https://www.hepsiemlak.com/izmir-bayrakli-sogukkuyu-kiralik/daire/119640-3720","1 / 35","40.000","04/09/2026","Soğukkuyu Yeni Girne Yakını Kiralık 3+1 Daire","Kiralık Daire","3 + 1","140 m²","16 Yaşında","·","Kat","8. Kat","İzmir / Bayraklı / Soğukkuyu Mah.","https://www.hepsiemlak.com/_nuxt/8cafc93fb5c74c75e9e04e528e02ccdf.jpg","Startkey Ege Gayrimenkul","WhatsApp","https://www.hepsiemlak.com/_nuxt/8cafc93fb5c74c75e9e04e528e02ccdf.jpg"
"https://www.hepsiemlak.com/izmir-karsiyaka-bahriye-ucok-kiralik/daire/152002-713","1 / 30","38.000","21/08/2026","Bahriye Üçokta Konumuyla Öne Çıkan 3+1 Kiralık Daire","Kiralık Daire","3 + 1","145 m²","31 Yaşında","·","Kat","3. Kat","İzmir / Karşıyaka / Bahriye Üçok Mah.","https://www.hepsiemlak.com/_nuxt/8cafc93fb5c74c75e9e04e528e02ccdf.jpg","Startkey Astra","WhatsApp","https://www.hepsiemlak.com/_nuxt/8cafc93fb5c74c75e9e04e528e02ccdf.jpg"
"https://www.hepsiemlak.com/izmir-cigli-yeni-mahalle-kiralik/daire/152282-561","1 / 21","35.000","19/08/2026","Yenimahallede Aligalip Arka Sokakta 3+1 Kiralık Daire","Kiralık Daire","3 + 1","120 m²","16 Yaşında","·","Kat","4. Kat","İzmir / Çiğli / Yeni Mahalle Mah.","https://www.hepsiemlak.com/_nuxt/8cafc93fb5c74c75e9e04e528e02ccdf.jpg","Buy Sold İmperium Gayrimenkul","WhatsApp","https://www.hepsiemlak.com/_nuxt/8cafc93fb5c74c75e9e04e528e02ccdf.jpg"
"https://www.hepsiemlak.com/izmir-menemen-30-agustos-kiralik/daire/108805-872","1 / 60","38.000","19/08/2026","Egekent2 Merkezde 3+1 140m2 Tadilatlı Doğalgazlı Okula İzbana Yakın Daire","Kiralık Daire","3 + 1","140 m²","20 Yaşında","·","Kat","4. Kat","İzmir / Menemen / 30 Ağustos Mah.","https://www.hepsiemlak.com/_nuxt/8cafc93fb5c74c75e9e04e528e02ccdf.jpg","","WhatsApp",""
"https://www.hepsiemlak.com/izmir-karsiyaka-nergiz-kiralik/daire/170657-87","1 / 41","35.000","19/08/2026","Park Cepheli 3+1 140 M2 Doğlgaz 2 Balkon 2 Wc Kiler","Kiralık Daire","3 + 1","140 m²","16 Yaşında","·","Kat","4. Kat","İzmir / Karşıyaka / Nergiz Mah.","https://www.hepsiemlak.com/_nuxt/8cafc93fb5c74c75e9e04e528e02ccdf.jpg","","WhatsApp",""
"https://www.hepsiemlak.com/izmir-karsiyaka-nergiz-kiralik/daire/103199-20","1 / 23","35.000","17/08/2026","Sadeden Bostanlıya 2dk Mesafede Arakat Doğalgaz Aktif 3+1","Kiralık Daire","3 + 1","110 m²","16 Yaşında","·","Kat","3. Kat","İzmir / Karşıyaka / Nergiz Mah.","https://www.hepsiemlak.com/_nuxt/8cafc93fb5c74c75e9e04e528e02ccdf.jpg","","WhatsApp",""
"https://www.hepsiemlak.com/izmir-menderes-kemalpasa-kiralik/daire/68322-530","1 / 58","41.000","03/09/2026","Bal Gayrimenkulden Kemalpaşada Havuzlu Site İçinde 3+1 Daire","Kiralık Daire","3 + 1","140 m²","11 Yaşında","·","Kat","3. Kat","İzmir / Menderes / Kemalpaşa Mah.","https://www.hepsiemlak.com/_nuxt/8cafc93fb5c74c75e9e04e528e02ccdf.jpg","Bal Gayrimenkul & İnşaat","WhatsApp","https://www.hepsiemlak.com/_nuxt/8cafc93fb5c74c75e9e04e528e02ccdf.jpg"
"https://www.hepsiemlak.com/izmir-bornova-kazimdirik-kiralik/daire/43114-266","1 / 42","40.000","15/08/2026","Bölgenin Uzmanından Bornovada  40.000 Tl 3+1 Asansörlü Kapıcılı Otoparklı","Kiralık Daire","3 + 1","150 m²","25 Yaşında","·","Kat","4. Kat","İzmir / Bornova / Kazımdirik Mah.","https://www.hepsiemlak.com/_nuxt/8cafc93fb5c74c75e9e04e528e02ccdf.jpg","","WhatsApp",""
"https://www.hepsiemlak.com/izmir-bornova-kazimdirik-kiralik/daire/168030-26","1 / 60","60.000","31/08/2026","Süvari Cad.De 3+1 Eşyalı Doğalgazlı Asansörlü Arakat Daire","Kiralık Daire","3 + 1","120 m²","31 Yaşında","·","Kat","3. Kat","İzmir / Bornova / Kazımdirik Mah.","https://www.hepsiemlak.com/_nuxt/8cafc93fb5c74c75e9e04e528e02ccdf.jpg","","WhatsApp",""
"https://www.hepsiemlak.com/izmir-karsiyaka-bahcelievler-kiralik/daire/91927-655","1 / 39","45.000","14/08/2026","Karşıyaka Bahçelievler Eşyalı Arakat Kiralık Daire","Kiralık Daire","3 + 1","125 m²","21 Yaşında","·","Kat","3. Kat","İzmir / Karşıyaka / Bahçelievler Mah.","https://www.hepsiemlak.com/_nuxt/8cafc93fb5c74c75e9e04e528e02ccdf.jpg","","WhatsApp",""
"https://www.hepsiemlak.com/izmir-karabaglar-bozyaka-kiralik/daire/146515-871","1 / 23","23.000","14/08/2026","Bozyaka Mahallesi'nde Site Tarzı Kiralık 2+1 Daire Turyap'tan","Kiralık Daire","2 + 1","95 m²","6 Yaşında","·","Kat","2. Kat","İzmir / Karabağlar / Bozyaka Mah.","https://www.hepsiemlak.com/_nuxt/8cafc93fb5c74c75e9e04e528e02ccdf.jpg","","WhatsApp",""
"https://www.hepsiemlak.com/izmir-cigli-ahmet-efendi-kiralik/daire/27431-12064","1 / 40","31.000","13/08/2026","Çiğli Green Park Sitesi’nde Havuzlu, Prestijli 5. Kat 1+1 Kiralık","Kiralık Daire","1 + 1","60 m²","3 Yaşında","·","Kat","5. Kat","İzmir / Çiğli / Ahmet Efendi Mah.","https://www.hepsiemlak.com/_nuxt/8cafc93fb5c74c75e9e04e528e02ccdf.jpg","Remax Sonuç","WhatsApp","https://www.hepsiemlak.com/_nuxt/8cafc93fb5c74c75e9e04e528e02ccdf.jpg"
"https://www.hepsiemlak.com/izmir-karsiyaka-semikler-kiralik/daire/62493-1652","1 / 34","39.000","13/08/2026","Karşıyaka Şemikler Lisesi Karşı Sokağı 2+1 Kiralık Daire","Kiralık Daire","2 + 1","90 m²","11 Yaşında","·","Kat","3. Kat","İzmir / Karşıyaka / Şemikler Mah.","https://www.hepsiemlak.com/_nuxt/8cafc93fb5c74c75e9e04e528e02ccdf.jpg","Gamex Gayrimenkul","WhatsApp","https://www.hepsiemlak.com/_nuxt/8cafc93fb5c74c75e9e04e528e02ccdf.jpg"
"https://www.hepsiemlak.com/izmir-menemen-inonu-kiralik/daire/170518-21","1 / 23","18.000","13/08/2026","Seyrekte Merkezi Konum Doğalgazlı 2+1 Kiralık Temiz Daire","Kiralık Daire","2 + 1","70 m²","6 Yaşında","·","Kat","1. Kat","İzmir / Menemen / İnönü Mah.","https://hecdnnw.hemlak.com/mncropresize/77/67/logo/8/1/5/0/7/1/78959902-5dee-4016-9058-ed124b21e088.jpg","Yasemin Çelikbaş Gayrimenkul Yatırım Danışmanlık","WhatsApp",""
"https://www.hepsiemlak.com/izmir-seferihisar-camikebir-kiralik/daire/169982-80","1 / 39","23.000","12/08/2026","Seferihisar Toki'de Doğa Manzaralı Ara Kat 2+1 Sıfır Ferah Daire","Kiralık Daire","2 + 1","90 m²","Sıfır Bina","·","Kat","2. Kat","İzmir / Seferihisar / Camikebir Mah.","https://hecdnnw.hemlak.com/mncropresize/77/67/logo/2/8/9/9/6/1/402d2b96-9f5e-4c58-a116-7c2be6c362a5.jpg","Evcimen Gayrimenkul Yatırım Danışmanlığı","WhatsApp",""
"https://www.hepsiemlak.com/izmir-cigli-atasehir-kiralik/daire/169287-29","1 / 24","38.000","12/08/2026","Ataşehir Modern 1 Sitesi Kiralık 1+1 Havuz Ve Peyzaj Cephe","Kiralık Daire","1 + 1","60 m²","5 Yaşında","·","Kat","1. Kat","İzmir / Çiğli / Ataşehir Mah.","","","WhatsApp",""
"https://www.hepsiemlak.com/izmir-karaburun-kosedere-kiralik/villa/142036-652","1 / 30","85.000","12/08/2026","Karaburun Kösedere Tripkleks Özel Tasarım Kiralık Taş Villa","Kiralık Villa","2 + 1","180 m²","6 Yaşında","·","Kat","Bahçe Katı","İzmir / Karaburun / Kösedere Mah.","https://hecdn01.hemlak.com/mncropresize/182/137/ds01/1/7/7/2/1/1/7/4/1261a21e-1104-4871-85e7-2b7b8c8b4d71.jpg","Pozitif Gayrimenkul","WhatsApp","https://hecdnnw.hemlak.com/mncropresize/77/67/logo/6/3/0/2/4/1/edd4bee6-7c8a-49e0-9390-abac517ce137.jpg"
"https://www.hepsiemlak.com/izmir-bergama-bahcelievler-kiralik/daire/87156-390","1 / 17","26.000","25/08/2026","Bergama Bahçelievler Mahallesinde 2+1 Kiralık Daire","Kiralık Daire","2 + 1","100 m²","Sıfır Bina","·","Kat","2. Kat","İzmir / Bergama / Bahçelievler Mah.","https://www.hepsiemlak.com/_nuxt/8cafc93fb5c74c75e9e04e528e02ccdf.jpg","Connecttürk Kozber Gayrimenkul","WhatsApp","https://www.hepsiemlak.com/_nuxt/8cafc93fb5c74c75e9e04e528e02ccdf.jpg"
"https://www.hepsiemlak.com/izmir-buca-ataturk-kiralik/daire/170918-6","1 / 16","22.000","07/09/2026","Buca Kadın Doğum Hastanesi Yanı 1+1 Full Eşyalı Site İçi Daire","Kiralık Daire","1 + 1","55 m²","6 Yaşında","·","Kat","4. Kat","İzmir / Buca / Atatürk Mah.","https://www.hepsiemlak.com/_nuxt/8cafc93fb5c74c75e9e04e528e02ccdf.jpg","","WhatsApp",""
"https://www.hepsiemlak.com/izmir-gaziemir-yesil-kiralik/daire/140307-430","1 / 17","32.000","29/08/2026","Ertan Güneş_ten Yeşil Mah. 2+1 80m2 Doğalgazlı Kiralık Daire","Kiralık Daire","2 + 1","80 m²","11 Yaşında","·","Kat","Yüksek Giriş","İzmir / Gaziemir / Yeşil Mah.","https://www.hepsiemlak.com/_nuxt/8cafc93fb5c74c75e9e04e528e02ccdf.jpg","Ertan Güneş Gayrimenkul","WhatsApp","https://www.hepsiemlak.com/_nuxt/8cafc93fb5c74c75e9e04e528e02ccdf.jpg"
"https://www.hepsiemlak.com/izmir-bornova-kazimdirik-kiralik/daire/168321-54","1 / 40","32.500","02/09/2026","Yaşar Ünv Ve Ege Ünv İle Metro Yakını Havuz Cephe Avcılar","Kiralık Daire","1 + 1","55 m²","6 Yaşında","·","Kat","7. Kat","İzmir / Bornova / Kazımdirik Mah.","https://www.hepsiemlak.com/_nuxt/8cafc93fb5c74c75e9e04e528e02ccdf.jpg","","WhatsApp",""
"https://www.hepsiemlak.com/izmir-bornova-kazimdirik-kiralik/daire/139122-154","1 / 25","62.000","31/08/2026","Valora'dan Folkart Life Full Eşyalı 2+1 Kiralık Daire","Kiralık Daire","2 + 1","72 m²","6 Yaşında","·","Kat","11. Kat","İzmir / Bornova / Kazımdirik Mah.","https://www.hepsiemlak.com/_nuxt/8cafc93fb5c74c75e9e04e528e02ccdf.jpg","Valora Gayrimenkul","WhatsApp",""
"https://www.hepsiemlak.com/izmir-torbali-fevzi-cakmak-kiralik/daire/79234-296","1 / 43","34.000","22/08/2026","Torbalı Fevziçakmak Ta Çarşıya Yakın 3+1 Eşyalı Dubleks Daire","Kiralık Daire","3 + 1","190 m²","12 Yaşında","·","Kat","En Üst Kat","İzmir / Torbalı / Fevzi Çakmak Mah.","https://www.hepsiemlak.com/_nuxt/8cafc93fb5c74c75e9e04e528e02ccdf.jpg","Özgü Emlak Ofisi","WhatsApp","https://www.hepsiemlak.com/_nuxt/8cafc93fb5c74c75e9e04e528e02ccdf.jpg"
"https://www.hepsiemlak.com/izmir-torbali-torbali-kiralik/daire/159303-266","1 / 29","21.000","26/08/2026","Torbalı'da İzban'a 50 Metre Mesafede Site İçinde Kiralık Daire","Kiralık Daire","2 + 1","90 m²","16 Yaşında","·","Kat","5. Kat","İzmir / Torbalı / Torbalı Mah.","https://www.hepsiemlak.com/_nuxt/8cafc93fb5c74c75e9e04e528e02ccdf.jpg","","WhatsApp",""
"https://www.hepsiemlak.com/izmir-dikili-ismetpasa-kiralik/daire/131666-505","1 / 32","25.000","30/08/2026","Saadet Korkmaz'dan Dikili Merkezde Kiralık 2+1 Ayrı Mutfaklı Daire","Kiralık Daire","2 + 1","110 m²","29 Yaşında","·","Kat","4. Kat","İzmir / Dikili / İsmetpaşa Mah.","https://www.hepsiemlak.com/_nuxt/8cafc93fb5c74c75e9e04e528e02ccdf.jpg","Saadet Korkmaz Emlak","WhatsApp","https://www.hepsiemlak.com/_nuxt/8cafc93fb5c74c75e9e04e528e02ccdf.jpg"
"https://www.hepsiemlak.com/izmir-karsiyaka-goncalar-kiralik/daire/49446-4564","1 / 51","56.000","20/08/2026","Nergiz Caddesi Üzerinde, Ara Katda Teraslı, Köşe, Yeni Bina","Kiralık Daire","3 + 1","145 m²","Sıfır Bina","·","Kat","2. Kat","İzmir / Karşıyaka / Goncalar Mah.","https://www.hepsiemlak.com/_nuxt/8cafc93fb5c74c75e9e04e528e02ccdf.jpg","","WhatsApp",""
"https://www.hepsiemlak.com/izmir-konak-barbaros-kiralik/daire/74289-111","1 / 32","21.500","04/09/2026","Karataşta 2+1 Klimalı Kiralık Daire","Kiralık Daire","2 + 1","90 m²","31 Yaşında","·","Kat","4. Kat","İzmir / Konak / Barbaros Mah.","https://www.hepsiemlak.com/_nuxt/8cafc93fb5c74c75e9e04e528e02ccdf.jpg","","WhatsApp",""
"https://www.hepsiemlak.com/izmir-menderes-mithatpasa-kiralik/daire/129073-603","1 / 40","27.500","25/08/2026","Turpa Sönmezden Konforlu Yeni 2+1 Daire","Kiralık Daire","2 + 1","90 m²","5 Yaşında","·","Kat","3. Kat","İzmir / Menderes / Mithatpaşa Mah.","https://www.hepsiemlak.com/_nuxt/8cafc93fb5c74c75e9e04e528e02ccdf.jpg","Turpa Sönmez","WhatsApp","https://www.hepsiemlak.com/_nuxt/8cafc93fb5c74c75e9e04e528e02ccdf.jpg"
"https://www.hepsiemlak.com/izmir-karsiyaka-imbatli-kiralik/daire/168786-34","1 / 40","32.500","17/08/2026","Loftdan Karşıyaka Serinkuyu Yakını Sıfır 2+1 Kiralık Daire","Kiralık Daire","2 + 1","80 m²","Sıfır Bina","·","Kat","3. Kat","İzmir / Karşıyaka / İmbatlı Mah.","https://www.hepsiemlak.com/_nuxt/8cafc93fb5c74c75e9e04e528e02ccdf.jpg","Loft Gayrimenkul Ve Yatırım Danışmanlığı","WhatsApp",""
"https://www.hepsiemlak.com/izmir-kemalpasa-ulucak-mustafa-kemal-ataturk-kiralik/daire/165194-30","1 / 37","25.000","13/08/2026","Emlaklink Gayrimenkul İzmir Kemalpaşa Ulucakta 2+1 Kiralık Daire","Kiralık Daire","2 + 1","115 m²","7 Yaşında","·","Kat","Giriş Katı","İzmir / Kemalpaşa / Ulucak Mustafa Kemal Atatürk Mah.","https://www.hepsiemlak.com/_nuxt/8cafc93fb5c74c75e9e04e528e02ccdf.jpg","","WhatsApp",""
"https://www.hepsiemlak.com/izmir-buca-adatepe-kiralik/daire/144696-473","1 / 35","35.000","08/09/2026","Hasanağa Bahçesi İibf Kampüs Karşısı Site İçerisinde 3+1 Kiralık","Kiralık Daire","3 + 1","130 m²","21 Yaşında","·","Kat","9. Kat","İzmir / Buca / Adatepe Mah.","https://www.hepsiemlak.com/_nuxt/8cafc93fb5c74c75e9e04e528e02ccdf.jpg","Ref Group","WhatsApp","https://www.hepsiemlak.com/_nuxt/8cafc93fb5c74c75e9e04e528e02ccdf.jpg"
"https://www.hepsiemlak.com/izmir-karsiyaka-yali-kiralik/daire/130508-180","1 / 15","45.000","19/08/2026","Mavişehir Albayrak Sitesi 1+1 Kiralık Daire","Kiralık Daire","1 + 1","85 m²","11 Yaşında","·","Kat","Yüksek Giriş","İzmir / Karşıyaka / Yalı Mah.","https://www.hepsiemlak.com/_nuxt/8cafc93fb5c74c75e9e04e528e02ccdf.jpg","","WhatsApp",""
"https://www.hepsiemlak.com/izmir-karabaglar-esenyali-kiralik/daire/62166-1412","1 / 37","45.000","24/08/2026","Amerikan Kol.Ve Ukeb Kol.Yakını 125 M2 Ebeveyn Banyolu 3+1","Kiralık Daire","3 + 1","130 m²","31 Yaşında","·","Kat","3. Kat","İzmir / Karabağlar / Esenyalı Mah.","https://www.hepsiemlak.com/_nuxt/8cafc93fb5c74c75e9e04e528e02ccdf.jpg","Evin Emlak Emre","WhatsApp","https://www.hepsiemlak.com/_nuxt/8cafc93fb5c74c75e9e04e528e02ccdf.jpg"
"https://www.hepsiemlak.com/izmir-karsiyaka-inonu-kiralik/daire/5823-2815","1 / 40","38.000","03/09/2026","Soyak Sieata 1. Etap'da Havuz Cepheli Kiralık Daire","Kiralık Daire","2 + 1","95 m²","6 Yaşında","·","Kat","2. Kat","İzmir / Karşıyaka / İnönü Mah.","https://www.hepsiemlak.com/_nuxt/8cafc93fb5c74c75e9e04e528e02ccdf.jpg","","WhatsApp",""
"https://www.hepsiemlak.com/izmir-torbali-ayrancilar-kiralik/daire/117111-38","1 / 15","20.000","30/08/2026","Ayrancılar Mah 1+1 Eşyalı Kiralık Daire","Kiralık Daire","1 + 1","60 m²","6 Yaşında","·","Kat","Yüksek Giriş","İzmir / Torbalı / Ayrancılar Mah.","https://www.hepsiemlak.com/_nuxt/8cafc93fb5c74c75e9e04e528e02ccdf.jpg","","WhatsApp",""
"https://www.hepsiemlak.com/izmir-odemis-suleyman-demirel-kiralik/daire/133481-383","1 / 19","33.000","17/08/2026","Duha'dan Geniş Ve Ferah Yaşam Alanına Sahip Kiralık Daire!","Kiralık Daire","3 + 1","165 m²","1 Yaşında","·","Kat","2. Kat","İzmir / Ödemiş / Süleyman Demirel Mah.","https://www.hepsiemlak.com/_nuxt/8cafc93fb5c74c75e9e04e528e02ccdf.jpg","Duha Yapı Ve Gayrimenkul","WhatsApp","https://www.hepsiemlak.com/_nuxt/8cafc93fb5c74c75e9e04e528e02ccdf.jpg"
"https://www.hepsiemlak.com/izmir-konak-akin-simav-kiralik/daire/62049-2114","1 / 34","32.500","13/08/2026","Tarihi Asansör'de Doğalgazlı Otoparklı 3+1 Kiralık Daire","Kiralık Daire","3 + 1","120 m²","16 Yaşında","·","Kat","4. Kat","İzmir / Konak / Akın Simav Mah.","https://www.hepsiemlak.com/_nuxt/8cafc93fb5c74c75e9e04e528e02ccdf.jpg","","WhatsApp",""
"https://www.hepsiemlak.com/izmir-urla-kalabak-kiralik/villa/162705-2","1 / 34","200.000","03/09/2026","Urla Çam Koza Sitesinde Kiralık Eşyalı Yazlık Villa","Kiralık Villa","4 + 2","360 m²","11 Yaşında","·","Kat","Bahçe Katı","İzmir / Urla / Kalabak Mah.","https://hecdnnw.hemlak.com/mncropresize/77/67/logo/5/0/7/2/6/1/2bbabd5c-4ac1-4071-85c3-1440bec68dd0.jpg","Bavkır Emlak","WhatsApp",""
"https://www.hepsiemlak.com/izmir-balcova-egitim-kiralik/daire/94513-1712","1 / 40","38.000","09/09/2026","Balçovada Çevre Yolu Yakını Doğalgazlı 3+1 Kiralık Daire","Kiralık Daire","3 + 1","120 m²","15 Yaşında","·","Kat","Yüksek Giriş","İzmir / Balçova / Eğitim Mah.","","","WhatsApp",""
"https://www.hepsiemlak.com/izmir-odemis-suleyman-demirel-kiralik/daire/127924-199","1 / 36","29.000","21/08/2026","Muhteşem Kiralık Daire","Kiralık Daire","3 + 1","190 m²","5 Yaşında","·","Kat","Yüksek Giriş","İzmir / Ödemiş / Süleyman Demirel Mah.","","","WhatsApp",""
"https://www.hepsiemlak.com/izmir-karsiyaka-yali-kiralik/daire/691984-447","1 / 23","38.000","04/09/2026","Karşıyaka Yalı'da Kiralık İzban Yakını Ebeveyn Banyolu Geniş 2+1","Kiralık Daire","2 + 1","95 m²","11 Yaşında","·","Kat","5. Kat","İzmir / Karşıyaka / Yalı Mah.","https://hecdn01.hemlak.com/mncropresize/182/137/ds01/2/0/9/7/6/0/7/4/8715791c-6a9a-4c8d-bf47-59e223fb44f7.jpg","No 35 Gayrimenkul","WhatsApp","https://hecdnnw.hemlak.com/mncropresize/77/67/logo/4/8/9/1/9/6/eef5d83c-4437-4a82-8ff0-66954a22405c.jpg"
"https://www.hepsiemlak.com/izmir-bayrakli-sogukkuyu-kiralik/daire/60711-1899","1 / 19","34.000","08/09/2026","Otobüs Yolu Üzeri Lüks 2+1 Kiralık Daire (ebeveyn Banyolu)","Kiralık Daire","2 + 1","115 m²","2 Yaşında","·","Kat","3. Kat","İzmir / Bayraklı / Soğukkuyu Mah.","https://www.hepsiemlak.com/_nuxt/8cafc93fb5c74c75e9e04e528e02ccdf.jpg","","WhatsApp",""
"https://www.hepsiemlak.com/izmir-narlidere-camtepe-kiralik/daire/110036-658","1 / 11","29.000","08/09/2026","Ünüvar Emlak'tan Çamtepe Mah. De 2+1 Arakat Kiralık Daire","Kiralık Daire","2 + 1","100 m²","30 Yaşında","·","Kat","Ara Kat","İzmir / Narlıdere / Çamtepe Mah.","https://www.hepsiemlak.com/_nuxt/8cafc93fb5c74c75e9e04e528e02ccdf.jpg","","WhatsApp",""
"https://www.hepsiemlak.com/izmir-menemen-gazi-mustafa-kemal-kiralik/daire/168864-8","1 / 8","17.000","09/09/2026","Seyrek Gazi Mustafa Kemal Mahallesi’nde Sıfır Kiralık 1+1 Daire","Kiralık Daire","1 + 1","45 m²","1 Yaşında","·","Kat","3. Kat","İzmir / Menemen / Gazi Mustafa Kemal Mah.","https://www.hepsiemlak.com/_nuxt/8cafc93fb5c74c75e9e04e528e02ccdf.jpg","","WhatsApp",""
"https://www.hepsiemlak.com/izmir-cigli-kucuk-cigli-kiralik/daire/55679-1409","1 / 16","26.000","31/08/2026","Çiğli Balatçık Black Suıts1 Sitesinde Kiralık 1+1 Daire","Kiralık Daire","1 + 1","48 m²","4 Yaşında","·","Kat","3. Kat","İzmir / Çiğli / Küçük Çiğli Mah.","https://www.hepsiemlak.com/_nuxt/8cafc93fb5c74c75e9e04e528e02ccdf.jpg","Uk Gayrimenkul","WhatsApp","https://www.hepsiemlak.com/_nuxt/8cafc93fb5c74c75e9e04e528e02ccdf.jpg"
"https://www.hepsiemlak.com/izmir-konak-cankaya-kiralik/daire/9764-9218","1 / 27","25.500","07/09/2026","İlhan'dan Hatay Nokta'da Cadde Yanı Çift Cephe Kiralık Daire","Kiralık Daire","3 + 1","120 m²","37 Yaşında","·","Kat","2. Kat","İzmir / Konak / Çankaya Mah.","https://www.hepsiemlak.com/_nuxt/8cafc93fb5c74c75e9e04e528e02ccdf.jpg","İlhan Emlak","WhatsApp","https://www.hepsiemlak.com/_nuxt/8cafc93fb5c74c75e9e04e528e02ccdf.jpg"
"https://www.hepsiemlak.com/izmir-buca-kurucesme-kiralik/daire/134354-2719","1 / 8","23.000","04/09/2026","Deü Karşısı Eşyalı 2+1 Kiralık Daire","Kiralık Daire","2 + 1","65 m²","8 Yaşında","·","Kat","Yüksek Giriş","İzmir / Buca / Kuruçeşme Mah.","https://www.hepsiemlak.com/_nuxt/8cafc93fb5c74c75e9e04e528e02ccdf.jpg","Remax Target","WhatsApp","https://www.hepsiemlak.com/_nuxt/8cafc93fb5c74c75e9e04e528e02ccdf.jpg"
"https://www.hepsiemlak.com/izmir-menderes-barbaros-kiralik/daire/18044-1630","1 / 26","39.000","24/08/2026","Çimen Emlak'tan Kiralık Havuzlu Site İçerisinde Ara Kat Daire","Kiralık Daire","2 + 1","120 m²","6 Yaşında","·","Kat","2. Kat","İzmir / Menderes / Barbaros Mah.","https://www.hepsiemlak.com/_nuxt/8cafc93fb5c74c75e9e04e528e02ccdf.jpg","Çimen Emlak İnşaat","WhatsApp","https://www.hepsiemlak.com/_nuxt/8cafc93fb5c74c75e9e04e528e02ccdf.jpg"
"https://www.hepsiemlak.com/izmir-karabaglar-bahcelievler-kiralik/daire/26467-6839","1 / 26","47.000","20/08/2026","π Üçyol Metro 3+1 Doğalgazlı Ara Kat Yapılı Daire","Kiralık Daire","3 + 1","145 m²","6 Yaşında","·","Kat","1. Kat","İzmir / Karabağlar / Bahçelievler Mah.","https://www.hepsiemlak.com/_nuxt/8cafc93fb5c74c75e9e04e528e02ccdf.jpg","Turyap Üçyol Temsilciliği","WhatsApp","https://www.hepsiemlak.com/_nuxt/8cafc93fb5c74c75e9e04e528e02ccdf.jpg"
"https://www.hepsiemlak.com/izmir-konak-goztepe-kiralik/daire/34836-1040","1 / 23","33.000","08/09/2026","Özel İzmir Amerikan Koleji/sev  Kolej Yakını Asmaçatı Gayrimenkul'den Kiralık Daire","Kiralık Daire","3 + 1","115 m²","48 Yaşında","·","Kat","2. Kat","İzmir / Konak / Göztepe Mah.","https://www.hepsiemlak.com/_nuxt/8cafc93fb5c74c75e9e04e528e02ccdf.jpg","","WhatsApp",""
"https://www.hepsiemlak.com/izmir-bayrakli-manavkuyu-kiralik/daire/112706-9192","1 / 35","38.500","08/09/2026","Bayraklı Galen Hastanesi Yanında Kiralık 3+1 Ara Kat Daire","Kiralık Daire","3 + 1","125 m²","31 Yaşında","·","Kat","5. Kat","İzmir / Bayraklı / Manavkuyu Mah.","https://www.hepsiemlak.com/_nuxt/8cafc93fb5c74c75e9e04e528e02ccdf.jpg","Kw Alesta-viya-orsa 2","WhatsApp","https://www.hepsiemlak.com/_nuxt/8cafc93fb5c74c75e9e04e528e02ccdf.jpg"
"https://www.hepsiemlak.com/izmir-karabaglar-uckuyular-kiralik/daire/13763-3113","1 / 35","35.000","04/09/2026","Rıza Özmenoğlu İlkokulu Karşısı, Geniş Ve Bakımlı Kiralık Daire","Kiralık Daire","3 + 1","125 m²","31 Yaşında","·","Kat","1. Kat","İzmir / Karabağlar / Üçkuyular Mah.","https://www.hepsiemlak.com/_nuxt/8cafc93fb5c74c75e9e04e528e02ccdf.jpg","Nazar Emlak","WhatsApp","https://www.hepsiemlak.com/_nuxt/8cafc93fb5c74c75e9e04e528e02ccdf.jpg"
"https://www.hepsiemlak.com/izmir-buca-adatepe-kiralik/daire/145638-131","1 / 16","22.500","07/09/2026","Buca Adatepede Kiralık 1+1 Eşya,Doğalgaz Ve Klimalı Arakat Ev","Kiralık Daire","1 + 1","58 m²","20 Yaşında","·","Kat","Yüksek Giriş","İzmir / Buca / Adatepe Mah.","https://www.hepsiemlak.com/_nuxt/8cafc93fb5c74c75e9e04e528e02ccdf.jpg","Dsy Gayrimenkul","WhatsApp","https://www.hepsiemlak.com/_nuxt/8cafc93fb5c74c75e9e04e528e02ccdf.jpg"
"https://www.hepsiemlak.com/izmir-karabaglar-refet-bele-kiralik/daire/171435-8","1 / 38","25.000","08/09/2026","Refetbele Mahallesi 3+1 Doğalgazlı-Arakat-Yeni Bina","Kiralık Daire","3 + 1","115 m²","6 Yaşında","·","Kat","2. Kat","İzmir / Karabağlar / Refet Bele Mah.","https://www.hepsiemlak.com/_nuxt/8cafc93fb5c74c75e9e04e528e02ccdf.jpg","Garanti Gayrimenkul","WhatsApp","https://www.hepsiemlak.com/_nuxt/8cafc93fb5c74c75e9e04e528e02ccdf.jpg"
"https://www.hepsiemlak.com/izmir-konak-kahramanlar-kiralik/daire/132940-736","1 / 29","35.000","08/09/2026","Alsancak Kahramanlar'da Doğalgazlı,Asansörlü 2+1 Depozito Yok Kiralık Daire","Kiralık Daire","2 + 1","70 m²","5 Yaşında","·","Kat","1. Kat","İzmir / Konak / Kahramanlar Mah.","https://www.hepsiemlak.com/_nuxt/8cafc93fb5c74c75e9e04e528e02ccdf.jpg","Sonay Gayrimenkul Yatırım LTD. ŞTİ.","WhatsApp","https://www.hepsiemlak.com/_nuxt/8cafc93fb5c74c75e9e04e528e02ccdf.jpg"
"https://www.hepsiemlak.com/izmir-konak-halkapinar-kiralik/daire/116073-76","1 / 18","45.000","31/08/2026","Yenişehir Gıda Çarşısı Megapol Kulede","Kiralık Daire","1 + 1","74 m²","Sıfır Bina","·","Kat","11. Kat","İzmir / Konak / Halkapınar Mah.","https://www.hepsiemlak.com/_nuxt/8cafc93fb5c74c75e9e04e528e02ccdf.jpg","","WhatsApp",""
"https://www.hepsiemlak.com/izmir-konak-kahramanlar-kiralik/daire/31777-458","1 / 18","25.000","23/08/2026","Kahramanlarda Doğalgazlı 1+1 Yeni Bina","Kiralık Daire","1 + 1","53 m²","5 Yaşında","·","Kat","2. Kat","İzmir / Konak / Kahramanlar Mah.","https://www.hepsiemlak.com/_nuxt/8cafc93fb5c74c75e9e04e528e02ccdf.jpg","","WhatsApp",""
"https://www.hepsiemlak.com/izmir-konak-alsancak-kiralik/daire/141367-167","1 / 11","79.000","08/09/2026","Kordonda 3+1 Kiralık","Kiralık Daire","3 + 1","130 m²","31 Yaşında","·","Kat","5. Kat","İzmir / Konak / Alsancak Mah.","https://www.hepsiemlak.com/_nuxt/8cafc93fb5c74c75e9e04e528e02ccdf.jpg","","WhatsApp",""
"https://www.hepsiemlak.com/izmir-bornova-erzene-kiralik/daire/170839-9","1 / 11","20.000","07/09/2026","Bornova Merkez Ata Durağı Civari 3+1 Fırsat Daire","Kiralık Daire","3 + 1","110 m²","30 Yaşında","·","Kat","4. Kat","İzmir / Bornova / Erzene Mah.","https://www.hepsiemlak.com/_nuxt/8cafc93fb5c74c75e9e04e528e02ccdf.jpg","","WhatsApp",""
"https://www.hepsiemlak.com/izmir-buca-yenigun-kiralik/daire/143816-159","1 / 5","18.000","09/09/2026","Bucaparisadan Yenigün Mh. Zübeyde Hanım Kolej Yakını 1+0 Kiralık","Kiralık Daire","Stüdyo","35 m²","16 Yaşında","·","Kat","Giriş Katı","İzmir / Buca / Yenigün Mah.","https://www.hepsiemlak.com/_nuxt/8cafc93fb5c74c75e9e04e528e02ccdf.jpg","Parisa Yapı Gayrimenkul","WhatsApp","https://www.hepsiemlak.com/_nuxt/8cafc93fb5c74c75e9e04e528e02ccdf.jpg"
"https://www.hepsiemlak.com/izmir-buca-akincilar-kiralik/daire/35475-8025","1 / 33","33.000","27/08/2026","Şirinyer İzban Durağı Yakını Arakat Doğalgazlı 3+1 Kiralık Daire","Kiralık Daire","3 + 1","165 m²","21 Yaşında","·","Kat","2. Kat","İzmir / Buca / Akıncılar Mah.","https://www.hepsiemlak.com/_nuxt/8cafc93fb5c74c75e9e04e528e02ccdf.jpg","Turyap Bayraklı Temsilciliği","WhatsApp","https://www.hepsiemlak.com/_nuxt/8cafc93fb5c74c75e9e04e528e02ccdf.jpg"
"https://www.hepsiemlak.com/izmir-cesme-musalla-kiralik/daire/2152-8953","1 / 33","40.000","03/09/2026","Ege Emlak Tan Denize Sıfır Sitede 1+1 Deniz Manzaralı Bahçe Katı Yıllık","Kiralık Daire","1 + 1","80 m²","40 Yaşında","·","Kat","Bahçe Katı","İzmir / Çeşme / Musalla Mah.","https://hecdnnw.hemlak.com/mncropresize/77/67/logo/2/5/1/2/0/0/ff89e351-5d21-40e6-9bfb-f53a5843be8d.jpg","Ege Emlak","WhatsApp",""
"https://www.hepsiemlak.com/izmir-konak-gunesli-kiralik/daire/44969-80","1 / 15","22.000","01/09/2026","İzmir Konak Güneşli Mah De 1+1,Doğalgazlı, Asansörlü Lüks Daire","Kiralık Daire","1 + 1","45 m²","8 Yaşında","·","Kat","4. Kat","İzmir / Konak / Güneşli Mah.","https://hecdnnw.hemlak.com/mncropresize/77/67/logo/9/6/9/4/4/0/b61ce9fd-176d-4744-9fc9-5c45abdc292c.jpg","Bozdağ Emlak","WhatsApp",""
"https://www.hepsiemlak.com/izmir-dikili-gazipasa-kiralik/daire/31875-3098","1 / 25","28.000","09/09/2026","Ümmetoğlu'ndan Denize 200'metre Gazipaşa'da Merkezi Konumda 2+1 Kiralık Daire","Kiralık Daire","2 + 1","85 m²","25 Yaşında","·","Kat","1. Kat","İzmir / Dikili / Gazipaşa Mah.","https://hecdnnw.hemlak.com/mncropresize/77/67/logo/5/7/8/1/3/0/0cfd24b3-5361-4712-961d-07dca07a8506.jpg","Dikili Ümmetoğlu Emlak","WhatsApp",""
"https://www.hepsiemlak.com/izmir-menemen-gazi-mustafa-kemal-kiralik/daire/164457-65","1 / 14","23.000","24/08/2026","Bakırçay Üniversitesine Yürüme Mesafesinde Doğalgazlı 2+1 Daire","Kiralık Daire","2 + 1","80 m²","2 Yaşında","·","Kat","4. Kat","İzmir / Menemen / Gazi Mustafa Kemal Mah.","https://hecdn01.hemlak.com/mncropresize/182/137/ds01/8/2/9/0/8/1/7/4/a1c98d55-0c37-458a-98ae-2b64d04b1a3c.jpg","","WhatsApp",""
"https://www.hepsiemlak.com/izmir-balcova-egitim-kiralik/daire/151333-203","1 / 14","30.000","05/09/2026","2+1 Kiralık Daire Balçova Eğitim Mah Sinde","Kiralık Daire","2 + 1","120 m²","11 Yaşında","·","Kat","Bodrum","İzmir / Balçova / Eğitim Mah.","https://www.hepsiemlak.com/_nuxt/8cafc93fb5c74c75e9e04e528e02ccdf.jpg","Connectturk Halitoğulları Gayrimenkul","WhatsApp","https://www.hepsiemlak.com/_nuxt/8cafc93fb5c74c75e9e04e528e02ccdf.jpg"
"https://www.hepsiemlak.com/izmir-konak-goztepe-kiralik/daire/10160-3491","1 / 20","60.000","09/09/2026","Amerikan Koleji Sokağı Kapalı Otoparklı - Ebevyn Banyolu Daire","Kiralık Daire","3 + 1","150 m²","21 Yaşında","·","Kat","3. Kat","İzmir / Konak / Göztepe Mah.","https://www.hepsiemlak.com/_nuxt/8cafc93fb5c74c75e9e04e528e02ccdf.jpg","Güzelyalı Emlak","WhatsApp","https://www.hepsiemlak.com/_nuxt/8cafc93fb5c74c75e9e04e528e02ccdf.jpg"
"https://www.hepsiemlak.com/izmir-cesme-alacati-kiralik/villa/97475-650","1 / 17","250.000","07/09/2026","Alaçatı'da Müstakil Havuzlu 3+1 Kiralık Villa","Kiralık Villa","3 + 1","130 m²","5 Yaşında","·","Kat","","İzmir / Çeşme / Alaçatı Mah.","https://www.hepsiemlak.com/_nuxt/8cafc93fb5c74c75e9e04e528e02ccdf.jpg","Coldwell Banker Kalem","WhatsApp","https://www.hepsiemlak.com/_nuxt/8cafc93fb5c74c75e9e04e528e02ccdf.jpg"
"https://www.hepsiemlak.com/izmir-konak-kultur-kiralik/daire/14946-14734","1 / 17","60.000","26/08/2026","City Tekyetkili,Konak Swıss Otel'e Komşu,112m2, 2+1, Çift Balkon","Kiralık Daire","2 + 1","112 m²","26 Yaşında","·","Kat","4. Kat","İzmir / Konak / Kültür Mah.","https://www.hepsiemlak.com/_nuxt/8cafc93fb5c74c75e9e04e528e02ccdf.jpg","Cıty Gayrimenkul","WhatsApp","https://www.hepsiemlak.com/_nuxt/8cafc93fb5c74c75e9e04e528e02ccdf.jpg"
"https://www.hepsiemlak.com/izmir-karsiyaka-yali-kiralik/daire/18073-2213","1 / 17","35.000","03/09/2026","Atakent Yalı Mah 2+1 65 M2 Ara Kat Yeni Binada Kiralık Daire12","Kiralık Daire","2 + 1","85 m²","4 Yaşında","·","Kat","2. Kat","İzmir / Karşıyaka / Yalı Mah.","https://www.hepsiemlak.com/_nuxt/8cafc93fb5c74c75e9e04e528e02ccdf.jpg","","WhatsApp",""
"https://www.hepsiemlak.com/izmir-konak-akin-simav-kiralik/daire/128178-1065","1 / 17","32.500","07/09/2026","Nurfen'den Full Deniz Manzaralı Tarihi Asansör Yakını Kiralık","Kiralık Daire","2 + 1","95 m²","26 Yaşında","·","Kat","4. Kat","İzmir / Konak / Akın Simav Mah.","https://www.hepsiemlak.com/_nuxt/8cafc93fb5c74c75e9e04e528e02ccdf.jpg","","WhatsApp",""
"https://www.hepsiemlak.com/izmir-konak-kahramanlar-kiralik/daire/37033-4070","1 / 11","36.000","10/09/2026","Fırsat Alsancak Da Fuar Yakını Yeni Binada 1+1 Merkezi Konumda Daire","Kiralık Daire","1 + 1","45 m²","1 Yaşında","·","Kat","1. Kat","İzmir / Konak / Kahramanlar Mah.","https://www.hepsiemlak.com/_nuxt/8cafc93fb5c74c75e9e04e528e02ccdf.jpg","Demet Emlak","WhatsApp","https://www.hepsiemlak.com/_nuxt/8cafc93fb5c74c75e9e04e528e02ccdf.jpg"
"https://www.hepsiemlak.com/izmir-cigli-atasehir-kiralik/daire/21024-12057","1 / 25","29.000","09/09/2026","Turyap/fil'den Çiğli Ataşehir 3+1 Kiralık Daire","Kiralık Daire","3 + 1","105 m²","28 Yaşında","·","Kat","1. Kat","İzmir / Çiğli / Ataşehir Mah.","https://www.hepsiemlak.com/_nuxt/8cafc93fb5c74c75e9e04e528e02ccdf.jpg","Turyap Ataşehir Fil","WhatsApp","https://www.hepsiemlak.com/_nuxt/8cafc93fb5c74c75e9e04e528e02ccdf.jpg"
"https://www.hepsiemlak.com/izmir-bornova-kazimdirik-kiralik/daire/22103-5524","1 / 32","36.000","03/09/2026","Yaşar Üniversite Sine 4 Dk Mesafede 1+1","Kiralık Daire","1 + 1","53 m²","4 Yaşında","·","Kat","3. Kat","İzmir / Bornova / Kazımdirik Mah.","https://www.hepsiemlak.com/_nuxt/8cafc93fb5c74c75e9e04e528e02ccdf.jpg","","WhatsApp",""
"https://www.hepsiemlak.com/izmir-balcova-koruturk-kiralik/daire/93841-972","1 / 24","39.000","14/08/2026","Emlaksal'dan Kiralık Kipa Avm Karşısı 3+1 Daire","Kiralık Daire","3 + 1","110 m²","31 Yaşında","·","Kat","5. Kat","İzmir / Balçova / Korutürk Mah.","https://www.hepsiemlak.com/_nuxt/8cafc93fb5c74c75e9e04e528e02ccdf.jpg","Emlaksal Gayrimenkul","WhatsApp","https://www.hepsiemlak.com/_nuxt/8cafc93fb5c74c75e9e04e528e02ccdf.jpg"
"https://www.hepsiemlak.com/izmir-odemis-akincilar-kiralik/daire/127927-544","1 / 24","25.000","04/09/2026","Merkezde Eşyalı Doğalgazlı Kiralık Daire","Kiralık Daire","2 + 1","130 m²","25 Yaşında","·","Kat","4. Kat","İzmir / Ödemiş / Akıncılar Mah.","https://www.hepsiemlak.com/_nuxt/8cafc93fb5c74c75e9e04e528e02ccdf.jpg","","WhatsApp",""
"https://www.hepsiemlak.com/izmir-konak-turgut-reis-kiralik/daire/170569-6","1 / 7","23.000","09/09/2026","Konak Halil Rıfat Da Eşyalı 1+1","Kiralık Daire","1 + 1","60 m²","44 Yaşında","·","Kat","Kot 2","İzmir / Konak / Turgut Reis Mah.","https://www.hepsiemlak.com/_nuxt/8cafc93fb5c74c75e9e04e528e02ccdf.jpg","Samimi Emlak","WhatsApp","https://www.hepsiemlak.com/_nuxt/8cafc93fb5c74c75e9e04e528e02ccdf.jpg"
"https://www.hepsiemlak.com/izmir-cigli-atasehir-kiralik/daire/31745-23383","1 / 28","60.000","07/09/2026","Site Uzmanı Aytuğ Türkeköle Gayda Ataşehir 2+1 Eşyalı","Kiralık Daire","2 + 1","105 m²","4 Yaşında","·","Kat","4. Kat","İzmir / Çiğli / Ataşehir Mah.","https://www.hepsiemlak.com/_nuxt/8cafc93fb5c74c75e9e04e528e02ccdf.jpg","Kw Alesta-viya-orsa 5","WhatsApp","https://www.hepsiemlak.com/_nuxt/8cafc93fb5c74c75e9e04e528e02ccdf.jpg"
"https://www.hepsiemlak.com/izmir-buca-hurriyet-kiralik/daire/170722-4","1 / 7","22.000","07/09/2026","Hürriyet Mahallesi Sıfır Yaş 1+1 Daire","Kiralık Daire","1 + 1","52 m²","Sıfır Bina","·","Kat","Yüksek Giriş","İzmir / Buca / Hürriyet Mah.","https://www.hepsiemlak.com/_nuxt/8cafc93fb5c74c75e9e04e528e02ccdf.jpg","Stz Gayrimenkul","WhatsApp","https://www.hepsiemlak.com/_nuxt/8cafc93fb5c74c75e9e04e528e02ccdf.jpg"
"https://www.hepsiemlak.com/izmir-balcova-onur-kiralik/daire/10374-4094","1 / 28","40.000","05/09/2026","Kolej Ofis Gay.Full Eşyalı Asansörlü Jeotermalli Kiralık Ara Kat Daire","Kiralık Daire","2 + 1","110 m²","28 Yaşında","·","Kat","2. Kat","İzmir / Balçova / Onur Mah.","https://www.hepsiemlak.com/_nuxt/8cafc93fb5c74c75e9e04e528e02ccdf.jpg","","WhatsApp",""
"https://www.hepsiemlak.com/izmir-bayrakli-mansuroglu-kiralik/daire/119232-66","1 / 27","45.000","07/09/2026","Mansuroğlu Mah.3+1 Merkezi Doğalgazlı Kiralık Daire","Kiralık Daire","3 + 1","137 m²","31 Yaşında","·","Kat","1. Kat","İzmir / Bayraklı / Mansuroğlu Mah.","https://www.hepsiemlak.com/_nuxt/8cafc93fb5c74c75e9e04e528e02ccdf.jpg","Nokta Gayrimenkul","WhatsApp",""
"https://www.hepsiemlak.com/izmir-karsiyaka-semikler-kiralik/daire/45472-559","1 / 27","45.000","28/08/2026","Karşıyaka Şemikler De Kiralık 3+1 Daire","Kiralık Daire","3 + 1","135 m²","16 Yaşında","·","Kat","5. Kat","İzmir / Karşıyaka / Şemikler Mah.","https://www.hepsiemlak.com/_nuxt/8cafc93fb5c74c75e9e04e528e02ccdf.jpg","Vale Gayrimenkul","WhatsApp","https://www.hepsiemlak.com/_nuxt/8cafc93fb5c74c75e9e04e528e02ccdf.jpg"
"https://www.hepsiemlak.com/izmir-urla-gulbahce-kiralik/daire/43657-1174","1 / 16","38.000","09/09/2026","İyte Kampüs Yakını 1+1 Bahçeli Full Eşyalı Kiralık Daire","Kiralık Daire","1 + 1","110 m²","1 Yaşında","·","Kat","Bahçe Katı","İzmir / Urla / Gülbahçe Mah.","https://www.hepsiemlak.com/_nuxt/8cafc93fb5c74c75e9e04e528e02ccdf.jpg","","WhatsApp",""
"https://www.hepsiemlak.com/izmir-bayrakli-manavkuyu-kiralik/daire/24185-472","1 / 16","30.000","08/09/2026","Ballı Dan 3+1 Doğalgazlı  Kiralık Daire","Kiralık Daire","3 + 1","120 m²","38 Yaşında","·","Kat","6. Kat","İzmir / Bayraklı / Manavkuyu Mah.","https://www.hepsiemlak.com/_nuxt/8cafc93fb5c74c75e9e04e528e02ccdf.jpg","","WhatsApp",""
"https://www.hepsiemlak.com/izmir-guzelbahce-yelki-kiralik/daire/118903-201","1 / 20","39.000","01/09/2026","Ambarcı'dan Yelki Merkezde Bahçe Kullanımlı Kiralık 1+1 Daire","Kiralık Daire","1 + 1","65 m²","3 Yaşında","·","Kat","Bahçe Katı","İzmir / Güzelbahçe / Yelki Mah.","https://www.hepsiemlak.com/_nuxt/8cafc93fb5c74c75e9e04e528e02ccdf.jpg","Ambarcı Gayrimenkul","WhatsApp","https://www.hepsiemlak.com/_nuxt/8cafc93fb5c74c75e9e04e528e02ccdf.jpg"
"https://www.hepsiemlak.com/izmir-buca-adatepe-kiralik/daire/151963-149","1 / 10","23.500","02/09/2026","Adatepe'de 2+1 Eşyalı Klimalı Doğalgazlı Kiralık Daire","Kiralık Daire","2 + 1","90 m²","6 Yaşında","·","Kat","1. Kat","İzmir / Buca / Adatepe Mah.","https://hecdnnw.hemlak.com/mncropresize/77/67/logo/3/6/9/1/5/1/781c6b7e-4b86-4eeb-9462-0acf4061d2d5.jpg","Ay&na Gayrimenkul Danışmanlığı","WhatsApp",""
"https://www.hepsiemlak.com/izmir-seferihisar-cumhuriyet-kiralik/villa/85585-2622","1 / 31","65.000","26/08/2026","İzmi̇r Seferi̇hi̇sar Doğanbey De Kiralık Müstaki̇l Havuzlu Yazlık 4+1","Kiralık Villa","4 + 1","180 m²","5 Yaşında","·","Kat","","İzmir / Seferihisar / Cumhuriyet Mah.","https://hecdnnw.hemlak.com/mncropresize/77/67/logo/5/8/5/5/8/0/681b0a20-2741-47d9-987a-778dd2989f3e.jpg","Egebest Emlak","WhatsApp","https://hecdnnw.hemlak.com/mncropresize/77/67/firmuser/9/3/7/2/8/6/1/bc7b397b-d029-439c-983d-bf383c636524.jpg"
"https://www.hepsiemlak.com/izmir-buca-yildiz-kiralik/daire/126264-3017","1 / 31","29.000","14/08/2026","Buca Yıldız Mah,Çevreyoluna Yakın,3+1,Doğalgazlı, Kiralık Daire","Kiralık Daire","3 + 1","120 m²","25 Yaşında","·","Kat","4. Kat","İzmir / Buca / Yıldız Mah.","https://hecdnnw.hemlak.com/mncropresize/77/67/logo/4/6/2/6/2/1/fbe271a8-a9d7-4136-b9bd-3b781c252bee.jpg","Remax Arma","WhatsApp",""
"https://www.hepsiemlak.com/izmir-urla-gulbahce-kiralik/daire/115022-965","1 / 31","40.000","04/09/2026","Çtn'den Urla Gülbahçe'de,Okul Dönemine Yönelik Kiralık 2+1 Daire","Kiralık Daire","2 + 1","70 m²","10 Yaşında","·","Kat","Bahçe Katı","İzmir / Urla / Gülbahçe Mah.","https://hecdn01.hemlak.com/mncropresize/182/137/ds01/3/8/0/8/2/7/6/4/14c4c7e4-90ae-4144-92ee-4880330bf02f.jpg","Çtn Gayrimenkul","WhatsApp","https://hecdnnw.hemlak.com/mncropresize/77/67/logo/2/2/0/5/1/1/b634fa2f-8ed3-4e90-86ab-231c0a58f807.jpg"
"https://www.hepsiemlak.com/izmir-urla-guvendik-kiralik/villa/112709-2828","1 / 23","155.000","31/08/2026","Urla Çeşmealtı'nda Havuzlu Site İçerisinde Kiralık 3+1 Villa","Kiralık Villa","3 + 1","140 m²","5 Yaşında","·","Kat","","İzmir / Urla / Güvendik Mah.","https://www.hepsiemlak.com/_nuxt/8cafc93fb5c74c75e9e04e528e02ccdf.jpg","Deri Group Gayrimenkul Danışmanlığı","WhatsApp","https://www.hepsiemlak.com/_nuxt/8cafc93fb5c74c75e9e04e528e02ccdf.jpg"
"https://www.hepsiemlak.com/izmir-karsiyaka-dedebasi-kiralik/daire/48073-615","1 / 15","30.000","04/09/2026","İzmir/karşıyaka/nergiz Dedebaşı Mh.De Kiralık 2+1 Yüksek Giriş Daire","Kiralık Daire","2 + 1","55 m²","14 Yaşında","·","Kat","Yüksek Giriş","İzmir / Karşıyaka / Dedebaşı Mah.","https://www.hepsiemlak.com/_nuxt/8cafc93fb5c74c75e9e04e528e02ccdf.jpg","","WhatsApp",""
"https://www.hepsiemlak.com/izmir-buca-baris-kiralik/daire/22365-635","1 / 26","25.000","04/09/2026","1+1 Esyali Menderes Caddesi Yakini Kiralik Daire..","Kiralık Daire","1 + 1","60 m²","5 Yaşında","·","Kat","Yüksek Giriş","İzmir / Buca / Barış Mah.","https://www.hepsiemlak.com/_nuxt/8cafc93fb5c74c75e9e04e528e02ccdf.jpg","Tuna Ay","WhatsApp",""
"https://www.hepsiemlak.com/izmir-bornova-mevlana-kiralik/daire/169975-24","1 / 13","24.000","09/09/2026","Keynest'den Ege Üniversite Yakını 3+1 Doğalgazlı Kiralık Daire","Kiralık Daire","3 + 1","120 m²","31 Yaşında","·","Kat","1. Kat","İzmir / Bornova / Mevlana Mah.","https://www.hepsiemlak.com/_nuxt/8cafc93fb5c74c75e9e04e528e02ccdf.jpg","Keynest Gayrimenkul","WhatsApp",""
"https://www.hepsiemlak.com/izmir-konak-piri-reis-kiralik/daire/171115-22","1 / 13","26.000","08/09/2026","Turka │ Hatay Piri Reis'te 3+1 Kiralık Daire ..","Kiralık Daire","3 + 1","110 m²","40 Yaşında","·","Kat","En Üst Kat","İzmir / Konak / Piri Reis Mah.","https://www.hepsiemlak.com/_nuxt/8cafc93fb5c74c75e9e04e528e02ccdf.jpg","","WhatsApp",""
"https://www.hepsiemlak.com/izmir-karsiyaka-inonu-kiralik/daire/164442-91","1 / 13","28.000","25/08/2026","Murat Kuntker' Den, Siesta 2. Bölge'de Eşyalı Kiralık 1+1 Daire","Kiralık Daire","1 + 1","55 m²","11 Yaşında","·","Kat","8. Kat","İzmir / Karşıyaka / İnönü Mah.","https://www.hepsiemlak.com/_nuxt/8cafc93fb5c74c75e9e04e528e02ccdf.jpg","Smyrna Team Kw","WhatsApp","https://www.hepsiemlak.com/_nuxt/8cafc93fb5c74c75e9e04e528e02ccdf.jpg"
"https://www.hepsiemlak.com/izmir-karabaglar-maliyeciler-kiralik/daire/42880-343","1 / 26","28.000","07/09/2026","Karabağlar Maliyeciler Mah. Site İçinde 3 Balkonlu 3+1 Arakat","Kiralık Daire","3 + 1","130 m²","21 Yaşında","·","Kat","1. Kat","İzmir / Karabağlar / Maliyeciler Mah.","https://www.hepsiemlak.com/_nuxt/8cafc93fb5c74c75e9e04e528e02ccdf.jpg","Yeni Adresin Gayrimenkul","WhatsApp","https://www.hepsiemlak.com/_nuxt/8cafc93fb5c74c75e9e04e528e02ccdf.jpg"
"https://www.hepsiemlak.com/izmir-balcova-egitim-kiralik/daire/25762-782","1 / 30","38.000","12/08/2026","Balçova Genç Doğalgazlı Bina Da Yazlık Havası","Kiralık Daire","3 + 0","135 m²","14 Yaşında","·","Kat","Yüksek Giriş","İzmir / Balçova / Eğitim Mah.","https://www.hepsiemlak.com/_nuxt/8cafc93fb5c74c75e9e04e528e02ccdf.jpg","","WhatsApp",""
"https://www.hepsiemlak.com/izmir-karsiyaka-donanmaci-kiralik/daire/83235-195","1 / 30","40.000","31/08/2026","Karşıyaka Donanmacı Mahallesi Çarşıda Doğalgazlı 3+1 Arakatdaire","Kiralık Daire","3 + 1","180 m²","31 Yaşında","·","Kat","4. Kat","İzmir / Karşıyaka / Donanmacı Mah.","https://www.hepsiemlak.com/_nuxt/8cafc93fb5c74c75e9e04e528e02ccdf.jpg","Vassa Gayrimenkul","WhatsApp","https://www.hepsiemlak.com/_nuxt/8cafc93fb5c74c75e9e04e528e02ccdf.jpg"
"https://www.hepsiemlak.com/izmir-bornova-kazimdirik-kiralik/daire/162799-266","1 / 60","43.000","09/09/2026","Trademark Pi Sitesinde Lüks Eşyalı Havuz Cephe Kiralık 1+1 Daire","Kiralık Daire","1 + 1","60 m²","1 Yaşında","·","Kat","2. Kat","İzmir / Bornova / Kazımdirik Mah.","https://www.hepsiemlak.com/_nuxt/8cafc93fb5c74c75e9e04e528e02ccdf.jpg","Tm Gayrimenkul","WhatsApp","https://www.hepsiemlak.com/_nuxt/8cafc93fb5c74c75e9e04e528e02ccdf.jpg"
"https://www.hepsiemlak.com/izmir-karabaglar-refet-bele-kiralik/daire/162854-258","1 / 15","18.000","04/09/2026","Mevlana Okulu Çevre 1+1 70m2 Bahçe Katı Yeni Daire","Kiralık Daire","1 + 1","100 m²","4 Yaşında","·","Kat","Bahçe Katı","İzmir / Karabağlar / Refet Bele Mah.","https://www.hepsiemlak.com/_nuxt/8cafc93fb5c74c75e9e04e528e02ccdf.jpg","Opal Gayrimenkul Karabaglar","WhatsApp","https://www.hepsiemlak.com/_nuxt/8cafc93fb5c74c75e9e04e528e02ccdf.jpg"
"https://www.hepsiemlak.com/izmir-bornova-evka-4-kiralik/daire/20945-2433","1 / 22","30.000","31/08/2026","Evka4 Erdemay Emlaktan Full Mobilyalı -Manzaralı Doğalgazlı Mobilyalı 2+1","Kiralık Daire","2 + 1","77 m²","28 Yaşında","·","Kat","7. Kat","İzmir / Bornova / Evka 4 Mah.","https://www.hepsiemlak.com/_nuxt/8cafc93fb5c74c75e9e04e528e02ccdf.jpg","","WhatsApp",""
"https://www.hepsiemlak.com/izmir-balcova-onur-kiralik/daire/52125-462","1 / 6","23.000","08/09/2026","1+0 Eşyalı Kiralık Daireler Bölgenin En Uygun Fiyatları","Kiralık Daire","1 + 1","40 m²","6 Yaşında","·","Kat","1. Kat","İzmir / Balçova / Onur Mah.","https://www.hepsiemlak.com/_nuxt/8cafc93fb5c74c75e9e04e528e02ccdf.jpg","","WhatsApp",""
"https://www.hepsiemlak.com/izmir-balcova-cetin-emec-kiralik/daire/27103-4835","1 / 14","37.000","05/09/2026","Dayım Emlaktan Eşyalı Kiralık Daire Çetin Emeç Mah","Kiralık Daire","1 + 1","45 m²","6 Yaşında","·","Kat","3. Kat","İzmir / Balçova / Çetin Emeç Mah.","https://www.hepsiemlak.com/_nuxt/8cafc93fb5c74c75e9e04e528e02ccdf.jpg","","WhatsApp",""
"https://www.hepsiemlak.com/izmir-buca-ufuk-kiralik/daire/13470-2610","1 / 14","14.500","08/09/2026","2 Oda, Salon Mutfak Beraber Giriş Kat Klimalı","Kiralık Daire","2 + 1","70 m²","40 Yaşında","·","Kat","Giriş Katı","İzmir / Buca / Ufuk Mah.","https://www.hepsiemlak.com/_nuxt/8cafc93fb5c74c75e9e04e528e02ccdf.jpg","","WhatsApp",""
"https://www.hepsiemlak.com/izmir-menemen-yesil-pinar-kiralik/daire/21001-18845","1 / 26","15.000","08/09/2026","Asarlıkda Kiralık 2+1 Doğalgaz Kombili+balkonlu Çiğli Serkan Dan","Kiralık Daire","2 + 1","90 m²","11 Yaşında","·","Kat","4. Kat","İzmir / Menemen / Yeşil Pınar Mah.","https://www.hepsiemlak.com/_nuxt/8cafc93fb5c74c75e9e04e528e02ccdf.jpg","Çiğli Serkan Emlak","WhatsApp","https://www.hepsiemlak.com/_nuxt/8cafc93fb5c74c75e9e04e528e02ccdf.jpg"
"https://www.hepsiemlak.com/izmir-seferihisar-camikebir-kiralik/daire/93568-214","1 / 25","28.000","24/08/2026","Sığacık Yolunda, Mandalina Bahçeleri İçinde Lüks Kiralık 1+1","Kiralık Daire","1 + 1","50 m²","4 Yaşında","·","Kat","Yüksek Giriş","İzmir / Seferihisar / Camikebir Mah.","https://www.hepsiemlak.com/_nuxt/8cafc93fb5c74c75e9e04e528e02ccdf.jpg","Gül Emlak","WhatsApp","https://www.hepsiemlak.com/_nuxt/8cafc93fb5c74c75e9e04e528e02ccdf.jpg"
"https://www.hepsiemlak.com/izmir-menderes-barbaros-kiralik/daire/78202-3785","1 / 29","49.500","18/08/2026","Menderes Barbaros Mah. 3+1 Havuzlu Güvenlikli Sitede Kiralık Daire","Kiralık Daire","3 + 1","135 m²","7 Yaşında","·","Kat","4. Kat","İzmir / Menderes / Barbaros Mah.","https://www.hepsiemlak.com/_nuxt/8cafc93fb5c74c75e9e04e528e02ccdf.jpg","Startkey Sembol","WhatsApp","https://www.hepsiemlak.com/_nuxt/8cafc93fb5c74c75e9e04e528e02ccdf.jpg"
"https://www.hepsiemlak.com/izmir-bornova-erzene-kiralik/daire/41893-942","1 / 30","35.000","05/09/2026","Ata Durağı A101 Sokağında Tadilatlı-Yenilenmiş Kiralık 2+1","Kiralık Daire","2 + 1","95 m²","30 Yaşında","·","Kat","3. Kat","İzmir / Bornova / Erzene Mah.","https://www.hepsiemlak.com/_nuxt/8cafc93fb5c74c75e9e04e528e02ccdf.jpg","","WhatsApp",""
"https://www.hepsiemlak.com/izmir-karsiyaka-nergiz-kiralik/daire/88583-2105","1 / 21","25.000","02/09/2026","Nergiz İzban Ve Girne Yakını Klasik Eşyalı Veya Eşyasız 3+1 Daire Kiralık","Kiralık Daire","3 + 0","120 m²","35 Yaşında","·","Kat","2. Kat","İzmir / Karşıyaka / Nergiz Mah.","https://www.hepsiemlak.com/_nuxt/8cafc93fb5c74c75e9e04e528e02ccdf.jpg","","WhatsApp",""
"https://www.hepsiemlak.com/izmir-menemen-gazi-mustafa-kemal-kiralik/daire/93424-1143","1 / 24","25.500","19/08/2026","Menemen Seyrek'de Site İçerisinde 1+1 Eşyalı Kiralık Daire","Kiralık Daire","1 + 1","50 m²","6 Yaşında","·","Kat","2. Kat","İzmir / Menemen / Gazi Mustafa Kemal Mah.","https://hecdnnw.hemlak.com/mncropresize/77/67/logo/4/2/4/3/9/0/897ce384-9289-4782-943f-1c73b549fa16.jpg","Turyap Bostanlı Temsilciliği","WhatsApp",""
"https://www.hepsiemlak.com/izmir-seferihisar-bengiler-kiralik/daire/125858-520","1 / 28","100.000","19/08/2026","Seferihisar Bengilerde Denize Çok Yakın Kiralık 1+1 Esyalı Daire","Kiralık Daire","1 + 1","75 m²","11 Yaşında","·","Kat","1. Kat","İzmir / Seferihisar / Bengiler Mah.","https://hecdnnw.hemlak.com/mncropresize/77/67/logo/8/5/8/5/2/1/b2322ddd-8a11-427a-81ba-3a06436fafb3.jpg","Öztaş Gayrimenkul","WhatsApp",""
"https://www.hepsiemlak.com/izmir-karabaglar-maliyeciler-kiralik/daire/7516-4255","1 / 24","40.000","10/09/2026","Genç Bina'da Asansörlü Otoparklı Ebeveyn Banyolu 2+1","Kiralık Daire","2 + 1","117 m²","11 Yaşında","·","Kat","2. Kat","İzmir / Karabağlar / Maliyeciler Mah.","https://hecdnnw.hemlak.com/mncropresize/77/67/logo/6/1/5/7/0/0/ff723056-31c9-4911-8608-db53cea0616d.jpg","Anahtar Emlak","WhatsApp",""
"https://www.hepsiemlak.com/izmir-bornova-evka-3-kiralik/daire/151863-81","1 / 12","16.000","26/08/2026","Bornova Evka3'te Eşyalı 1+0 Stüdyo Daire (site İçinde)","Kiralık Daire","Stüdyo","20 m²","10 Yaşında","·","Kat","Zemin","İzmir / Bornova / Evka 3 Mah.","https://hecdn01.hemlak.com/mncropresize/182/137/ds01/2/3/3/4/1/0/7/4/51c89980-ce98-4d33-929e-eb02d8be9f70.jpg","Blanco Gayrimenkul Ve Yatırım Danışmanlığı","WhatsApp","https://hecdnnw.hemlak.com/mncropresize/77/67/logo/3/6/8/1/5/1/c8eadfb5-ce9f-46df-b2a7-b673d53fd3ab.jpg"
"https://www.hepsiemlak.com/izmir-cigli-balatcik-kiralik/daire/150679-149","1 / 12","24.000","09/09/2026","Üniversite Yakını Eşyalı Kiralık","Kiralık Daire","1 + 1","60 m²","6 Yaşında","·","Kat","1. Kat","İzmir / Çiğli / Balatçık Mah.","https://www.hepsiemlak.com/_nuxt/8cafc93fb5c74c75e9e04e528e02ccdf.jpg","","WhatsApp",""
"https://www.hepsiemlak.com/izmir-gaziemir-zafer-kiralik/daire/56650-719","1 / 20","25.000","09/09/2026","Evka 7 De Tadilatlı,D.Gazlı,Asansörlü,Arakat,2+1,Kiralık Daire","Kiralık Daire","2 + 1","75 m²","21 Yaşında","·","Kat","3. Kat","İzmir / Gaziemir / Zafer Mah.","https://www.hepsiemlak.com/_nuxt/8cafc93fb5c74c75e9e04e528e02ccdf.jpg","","WhatsApp",""
"https://www.hepsiemlak.com/izmir-urla-sirinkent-kiralik/mustakil-ev/167685-39","1 / 17","30.000","08/09/2026","Abibodan Mustakıl Duz Ayak Tek Katlı","Kiralık Müstakil Ev","2 + 1","80 m²","21 Yaşında","","","","İzmir / Urla / Şirinkent Mah.","https://www.hepsiemlak.com/_nuxt/8cafc93fb5c74c75e9e04e528e02ccdf.jpg","","WhatsApp",""
"https://www.hepsiemlak.com/izmir-karsiyaka-tuna-kiralik/daire/81410-140","1 / 26","30.000","08/09/2026","Tuna Mahallesi Çarşı İçinde 2+1 Kiralık Daire...","Kiralık Daire","2 + 1","95 m²","40 Yaşında","·","Kat","4. Kat","İzmir / Karşıyaka / Tuna Mah.","https://www.hepsiemlak.com/_nuxt/8cafc93fb5c74c75e9e04e528e02ccdf.jpg","","WhatsApp",""
"https://www.hepsiemlak.com/izmir-bayrakli-manavkuyu-kiralik/daire/152387-138","1 / 25","36.500","02/09/2026","Manavkuyu'da Site İçerisinde Doğalgazlı 3+1 120 M2 Kiralık Daire","Kiralık Daire","3 + 1","135 m²","26 Yaşında","·","Kat","Yüksek Giriş","İzmir / Bayraklı / Manavkuyu Mah.","https://www.hepsiemlak.com/_nuxt/8cafc93fb5c74c75e9e04e528e02ccdf.jpg","","WhatsApp",""
"https://www.hepsiemlak.com/izmir-buca-kurucesme-kiralik/daire/161067-185","1 / 17","21.000","03/09/2026","Buca Kuruçeşme'de Deü Tınaztepe Kampüs Tam Karşısında Eşyalı 1+1","Kiralık Daire","1 + 1","45 m²","6 Yaşında","·","Kat","Yarı Bodrum","İzmir / Buca / Kuruçeşme Mah.","https://www.hepsiemlak.com/_nuxt/8cafc93fb5c74c75e9e04e528e02ccdf.jpg","Venko Gayrimenkul","WhatsApp","https://www.hepsiemlak.com/_nuxt/8cafc93fb5c74c75e9e04e528e02ccdf.jpg"
"https://www.hepsiemlak.com/izmir-buca-adatepe-kiralik/daire/169765-34","1 / 16","22.000","02/09/2026","Buca Adatepede Kiralık Eşyalı Daire","Kiralık Daire","1 + 1","57 m²","8 Yaşında","·","Kat","2. Kat","İzmir / Buca / Adatepe Mah.","https://www.hepsiemlak.com/_nuxt/8cafc93fb5c74c75e9e04e528e02ccdf.jpg","","WhatsApp",""
"https://www.hepsiemlak.com/izmir-karabaglar-basin-sitesi-kiralik/daire/119288-1316","1 / 57","45.000","02/09/2026","Msg'den Basın Sitesinde Önü Açık, Arakat Doğalgazlı 2+1 Daire","Kiralık Daire","2 + 1","100 m²","31 Yaşında","·","Kat","3. Kat","İzmir / Karabağlar / Basın Sitesi Mah.","https://www.hepsiemlak.com/_nuxt/8cafc93fb5c74c75e9e04e528e02ccdf.jpg","Msg Gayrimenkul","WhatsApp","https://www.hepsiemlak.com/_nuxt/8cafc93fb5c74c75e9e04e528e02ccdf.jpg"
"https://www.hepsiemlak.com/izmir-bornova-kazimdirik-kiralik/daire/141008-376","1 / 23","25.000","03/09/2026","Yaşar Üni. / Ege Üniversitesi Yakını Kiralık 3+1 Daire","Kiralık Daire","3 + 1","100 m²","26 Yaşında","·","Kat","7. Kat","İzmir / Bornova / Kazımdirik Mah.","https://www.hepsiemlak.com/_nuxt/8cafc93fb5c74c75e9e04e528e02ccdf.jpg","Han Gayrimenkul","WhatsApp","https://www.hepsiemlak.com/_nuxt/8cafc93fb5c74c75e9e04e528e02ccdf.jpg"
"https://www.hepsiemlak.com/izmir-dikili-cumhuriyet-kiralik/villa/103566-3621","1 / 60","48.000","01/09/2026","Billurkent Sitesinde Denize 600 Metre 3+1 Tam Müstakil Geniş Bahçeli Sürekli Kiralık Villa","Kiralık Villa","3 + 1","120 m²","25 Yaşında","·","Kat","","İzmir / Dikili / Cumhuriyet Mah.","https://www.hepsiemlak.com/_nuxt/8cafc93fb5c74c75e9e04e528e02ccdf.jpg","Remax İlyada","WhatsApp","https://www.hepsiemlak.com/_nuxt/8cafc93fb5c74c75e9e04e528e02ccdf.jpg"
"https://www.hepsiemlak.com/izmir-menemen-inonu-kiralik/daire/165005-123","1 / 29","19.500","01/09/2026","Eşyalı Kiralık 1+1","Kiralık Daire","1 + 1","55 m²","2 Yaşında","·","Kat","2. Kat","İzmir / Menemen / İnönü Mah.","https://www.hepsiemlak.com/_nuxt/8cafc93fb5c74c75e9e04e528e02ccdf.jpg","Kw Efe Takım","WhatsApp","https://www.hepsiemlak.com/img/loadings/noImage55-55.png"
"https://www.hepsiemlak.com/izmir-bornova-erzene-kiralik/daire/167367-60","1 / 40","109.000","08/09/2026","Evka3 Profesörler Sitesi Yakını Kiralık 275m² Lüks Daire","Kiralık Daire","3 + 1","275 m²","21 Yaşında","·","Kat","3. Kat","İzmir / Bornova / Erzene Mah.","https://www.hepsiemlak.com/_nuxt/8cafc93fb5c74c75e9e04e528e02ccdf.jpg","Orinox Gayrimenkul & Danışmanlık","WhatsApp",""
"https://www.hepsiemlak.com/izmir-karsiyaka-semikler-kiralik/daire/171457-3","1 / 21","35.000","31/08/2026","Karşıyaka Şemıkler Kiralık Daire","Kiralık Daire","3 + 1","140 m²","6 Yaşında","·","Kat","Yüksek Giriş","İzmir / Karşıyaka / Şemikler Mah.","https://www.hepsiemlak.com/_nuxt/8cafc93fb5c74c75e9e04e528e02ccdf.jpg","Onçam Emlak.","WhatsApp","https://www.hepsiemlak.com/_nuxt/8cafc93fb5c74c75e9e04e528e02ccdf.jpg"
"https://www.hepsiemlak.com/izmir-karsiyaka-yali-kiralik/daire/47347-3095","1 / 33","35.000","09/09/2026","Nisan'dan Yalı Mh.Kiralık İzban Yakını 1+1 Daire","Kiralık Daire","1 + 1","60 m²","6 Yaşında","·","Kat","Yüksek Giriş","İzmir / Karşıyaka / Yalı Mah.","https://www.hepsiemlak.com/_nuxt/8cafc93fb5c74c75e9e04e528e02ccdf.jpg","Nisan Gayrimenkul","WhatsApp","https://www.hepsiemlak.com/_nuxt/8cafc93fb5c74c75e9e04e528e02ccdf.jpg"
"https://www.hepsiemlak.com/izmir-bayrakli-tepekule-kiralik/daire/135423-326","1 / 22","23.500","10/09/2026","Tepekule Mah. Kiralık 2+1 Yenilenmiş Mutfak Ara Kat Daire","Kiralık Daire","2 + 1","95 m²","21 Yaşında","·","Kat","1. Kat","İzmir / Bayraklı / Tepekule Mah.","https://www.hepsiemlak.com/_nuxt/8cafc93fb5c74c75e9e04e528e02ccdf.jpg","","WhatsApp",""
"https://www.hepsiemlak.com/izmir-karsiyaka-imbatli-kiralik/daire/143949-1845","1 / 17","31.500","08/09/2026","İzmir Karşıyaka İmbatlı Çift Cepheli K. Mutfak 2+1 Kiralık Daire","Kiralık Daire","2 + 1","100 m²","3 Yaşında","·","Kat","2. Kat","İzmir / Karşıyaka / İmbatlı Mah.","https://www.hepsiemlak.com/_nuxt/8cafc93fb5c74c75e9e04e528e02ccdf.jpg","","WhatsApp",""
"https://www.hepsiemlak.com/izmir-karabaglar-basin-sitesi-kiralik/daire/58851-1040","1 / 51","33.000","08/09/2026","Kiralık Hatay Metro Yakını 3.Kat Daire 33000","Kiralık Daire","2 + 10","90 m²","35 Yaşında","·","Kat","En Üst Kat","İzmir / Karabağlar / Basın Sitesi Mah.","https://www.hepsiemlak.com/_nuxt/8cafc93fb5c74c75e9e04e528e02ccdf.jpg","Çolakoğlu Emlak","WhatsApp",""
"https://www.hepsiemlak.com/izmir-karabaglar-bahcelievler-kiralik/daire/163369-148","1 / 32","29.000","27/08/2026","Yeşilyurt Altınordu Spor Klubü Cepheli Geniş 2+1 Kiralık Daire","Kiralık Daire","2 + 1","125 m²","21 Yaşında","·","Kat","3. Kat","İzmir / Karabağlar / Bahçelievler Mah.","https://www.hepsiemlak.com/_nuxt/8cafc93fb5c74c75e9e04e528e02ccdf.jpg","Karahan Gayrimenkul","WhatsApp","https://www.hepsiemlak.com/_nuxt/8cafc93fb5c74c75e9e04e528e02ccdf.jpg"
"https://www.hepsiemlak.com/izmir-karsiyaka-yali-kiralik/daire/4762-4825","1 / 36","65.000","27/08/2026","Mavişehir Modern 4 Sitesi İzbana Tramvaya Yakın Kiralık 2+1 Daire","Kiralık Daire","2 + 1","93 m²","10 Yaşında","·","Kat","5. Kat","İzmir / Karşıyaka / Yalı Mah.","https://www.hepsiemlak.com/_nuxt/8cafc93fb5c74c75e9e04e528e02ccdf.jpg","","WhatsApp",""
"https://www.hepsiemlak.com/izmir-karsiyaka-nergiz-kiralik/daire/9515-3478","1 / 57","26.000","28/08/2026","Uçar Emlak’tan  Nergiz İzban Durağı , Bostanlı Yakını Bakımlı Kullanışlı Çift Cephekiralık 2+1 Daire","Kiralık Daire","2 + 1","90 m²","28 Yaşında","·","Kat","4. Kat","İzmir / Karşıyaka / Nergiz Mah.","https://www.hepsiemlak.com/_nuxt/8cafc93fb5c74c75e9e04e528e02ccdf.jpg","","WhatsApp",""
"https://www.hepsiemlak.com/izmir-selcuk-isa-bey-kiralik/daire/132456-1874","1 / 49","20.000","26/08/2026","İzmir Selçuk Zafer Mahallesinde Kiralık 3+1 Daire","Kiralık Daire","3 + 1","160 m²","20 Yaşında","·","Kat","Giriş Katı","İzmir / Selçuk / İsa Bey Mah.","https://hecdnnw.hemlak.com/mncropresize/77/67/logo/6/5/4/2/3/1/44f94578-5275-4a45-99fe-29033830ede2.jpg","Armina Group Gayrimenkul Danışmanlığı","WhatsApp",""
"https://www.hepsiemlak.com/izmir-buca-menderes-kiralik/daire/24511-10128","1 / 60","30.000","07/09/2026","Heykel Meydan 3+1 Doğalgazlı 130m2 Merkezi Lokasyon Fırsat Daire","Kiralık Daire","3 + 1","130 m²","21 Yaşında","·","Kat","3. Kat","İzmir / Buca / Menderes Mah.","https://hecdnnw.hemlak.com/mncropresize/77/67/logo/1/1/5/4/2/0/5bfffbfd-6b4a-474d-8419-c7f5395b7469.jpg","Turyap Şirinyer","WhatsApp",""
"https://www.hepsiemlak.com/izmir-kemalpasa-ulucak-cumhuriyet-kiralik/daire/136240-178","1 / 35","32.000","26/08/2026","Kemalpaşa Ulucak'ta Kiralık 3+1 Daire","Kiralık Daire","3 + 1","120 m²","3 Yaşında","·","Kat","3. Kat","İzmir / Kemalpaşa / Ulucak Cumhuriyet Mah.","https://hecdnnw.hemlak.com/mncropresize/77/67/logo/0/4/2/6/3/1/cb066b65-0277-46d6-958a-4b62e9f65b92.jpg","Dialog Design Gayrimenkul","WhatsApp",""
"https://www.hepsiemlak.com/izmir-karsiyaka-cumhuriyet-kiralik/daire/156747-524","1 / 38","39.000","27/08/2026","Karşıyaka Cumhuriyet Mah Volvo Arkası Kiralık Dubleks Teras 3+1","Kiralık Daire","3 + 1","147 m²","6 Yaşında","·","Kat","3. Kat","İzmir / Karşıyaka / Cumhuriyet Mah.","https://hecdn01.hemlak.com/mncropresize/182/137/ds01/9/7/0/9/8/1/7/4/74d3bd93-88d4-4c5c-89e7-e4d1ca1d5c51.jpg","Armada Gayrimenkul","WhatsApp","https://hecdnnw.hemlak.com/mncropresize/77/67/logo/7/4/7/6/5/1/ce802b97-d718-49ad-8fcd-083b83007a7e.jpg"
"https://www.hepsiemlak.com/izmir-bornova-kazimdirik-kiralik/daire/149990-892","1 / 30","33.000","24/08/2026","Bornova Ege Üni Yakını Kiralık 1+1 Eşyalı Balkonlu Sıfır Daire","Kiralık Daire","1 + 1","50 m²","Sıfır Bina","·","Kat","6. Kat","İzmir / Bornova / Kazımdirik Mah.","https://www.hepsiemlak.com/_nuxt/8cafc93fb5c74c75e9e04e528e02ccdf.jpg","Fast Buy Gayrimenkul","WhatsApp","https://www.hepsiemlak.com/_nuxt/8cafc93fb5c74c75e9e04e528e02ccdf.jpg"
"https://www.hepsiemlak.com/izmir-torbali-fevzi-cakmak-kiralik/daire/114403-197","1 / 37","25.000","24/08/2026","Azelyadan 2+1 Ayrı Mutfak Dgazlı Asansörlü Kiralık","Kiralık Daire","2 + 1","100 m²","6 Yaşında","·","Kat","4. Kat","İzmir / Torbalı / Fevzi Çakmak Mah.","https://www.hepsiemlak.com/_nuxt/8cafc93fb5c74c75e9e04e528e02ccdf.jpg","Azelya Emlak","WhatsApp","https://www.hepsiemlak.com/_nuxt/8cafc93fb5c74c75e9e04e528e02ccdf.jpg"
"https://www.hepsiemlak.com/izmir-bayrakli-gumuspala-kiralik/daire/76582-2158","1 / 33","26.500","08/09/2026","Salman'dan Naldöken İtfaiye Yakını 2+1 Kialık Daire","Kiralık Daire","2 + 1","83 m²","6 Yaşında","·","Kat","2. Kat","İzmir / Bayraklı / Gümüşpala Mah.","https://www.hepsiemlak.com/_nuxt/8cafc93fb5c74c75e9e04e528e02ccdf.jpg","Salman Gayrimenkul","WhatsApp","https://www.hepsiemlak.com/_nuxt/8cafc93fb5c74c75e9e04e528e02ccdf.jpg"
"https://www.hepsiemlak.com/izmir-menemen-9-eylul-kiralik/daire/169633-96","1 / 35","23.500","09/09/2026","Ulukent De İzbana Çok Yakın 1+1 Kiralık Eşyalı Daire","Kiralık Daire","1 + 1","55 m²","6 Yaşında","·","Kat","5. Kat","İzmir / Menemen / 9 Eylül Mah.","https://www.hepsiemlak.com/_nuxt/8cafc93fb5c74c75e9e04e528e02ccdf.jpg","İzmir Birilk Gayrimenkul","WhatsApp","https://www.hepsiemlak.com/_nuxt/8cafc93fb5c74c75e9e04e528e02ccdf.jpg"
"https://www.hepsiemlak.com/izmir-buca-ataturk-kiralik/daire/129980-1368","1 / 18","20.500","04/09/2026","Buca Atatürk Mh. 1+1 Yüksek Giriş Eşyalı Kiralık Bakımlı Daire","Kiralık Daire","1 + 1","55 m²","11 Yaşında","·","Kat","Yüksek Giriş","İzmir / Buca / Atatürk Mah.","https://www.hepsiemlak.com/_nuxt/8cafc93fb5c74c75e9e04e528e02ccdf.jpg","Başoğlu Emlak İnşaat","WhatsApp","https://www.hepsiemlak.com/_nuxt/8cafc93fb5c74c75e9e04e528e02ccdf.jpg"
"https://www.hepsiemlak.com/izmir-karabaglar-sevgi-kiralik/daire/84343-878","1 / 35","47.000","24/08/2026","Baş-Kale Gayrimenkul'den Kiralık 3+1 Site İçerisinde Lüks Daire","Kiralık Daire","3 + 1","140 m²","6 Yaşında","·","Kat","3. Kat","İzmir / Karabağlar / Sevgi Mah.","https://www.hepsiemlak.com/_nuxt/8cafc93fb5c74c75e9e04e528e02ccdf.jpg","Baş-kale Gayrimenkul Ve Yatırım","WhatsApp","https://www.hepsiemlak.com/_nuxt/8cafc93fb5c74c75e9e04e528e02ccdf.jpg"
"https://www.hepsiemlak.com/izmir-cigli-yeni-mahalle-kiralik/daire/152282-560","1 / 38","46.000","19/08/2026","Yenimahallede Ali Galip Yanında Cadde Üzeri 4+1 Kiralık Daire","Kiralık Daire","4 + 1","175 m²","16 Yaşında","·","Kat","1. Kat","İzmir / Çiğli / Yeni Mahalle Mah.","https://www.hepsiemlak.com/_nuxt/8cafc93fb5c74c75e9e04e528e02ccdf.jpg","Buy Sold İmperium Gayrimenkul","WhatsApp","https://www.hepsiemlak.com/_nuxt/8cafc93fb5c74c75e9e04e528e02ccdf.jpg"
"https://www.hepsiemlak.com/izmir-torbali-turkmenkoy-kiralik/daire/90115-1866","1 / 30","48.000","10/09/2026","Gaziemir Turyaptan Türkmenköy Mah. Kiralık 4+1 Dubleks Daire","Kiralık Daire","4 + 1","130 m²","6 Yaşında","·","Kat","2. Kat","İzmir / Torbalı / Türkmenköy Mah.","https://www.hepsiemlak.com/_nuxt/8cafc93fb5c74c75e9e04e528e02ccdf.jpg","Turyap Gaziemir Temsilciliği","WhatsApp","https://www.hepsiemlak.com/_nuxt/8cafc93fb5c74c75e9e04e528e02ccdf.jpg"
"https://www.hepsiemlak.com/izmir-cigli-harmandali-gazi-mustafa-kemal-ataturk-kiralik/daire/156697-196","1 / 18","23.000","03/09/2026","Çiğli Harmandalı Golden Park Sitesinde 1+1 Bahçeli Kiralık Daire","Kiralık Daire","1 + 1","51 m²","Sıfır Bina","·","Kat","Bahçe Katı","İzmir / Çiğli / Harmandalı Gazi Mustafa Kemal Atatürk Mah.","https://www.hepsiemlak.com/_nuxt/8cafc93fb5c74c75e9e04e528e02ccdf.jpg","Raion Gayrimenkul","WhatsApp","https://www.hepsiemlak.com/_nuxt/8cafc93fb5c74c75e9e04e528e02ccdf.jpg"
"https://www.hepsiemlak.com/izmir-karsiyaka-goncalar-kiralik/daire/158445-542","1 / 23","40.000","10/09/2026","Nergiz Mahallesi Goncalar 3+1 Kiralık Daire","Kiralık Daire","3 + 1","114 m²","16 Yaşında","·","Kat","4. Kat","İzmir / Karşıyaka / Goncalar Mah.","https://www.hepsiemlak.com/_nuxt/8cafc93fb5c74c75e9e04e528e02ccdf.jpg","Startkey Akın","WhatsApp","https://www.hepsiemlak.com/_nuxt/8cafc93fb5c74c75e9e04e528e02ccdf.jpg"
"https://www.hepsiemlak.com/izmir-karsiyaka-yali-kiralik/daire/39051-1835","1 / 36","65.000","17/08/2026","Cihat Kora Yakını Mimardan Tadilatı Yapılmış 3+1 Mobilyalı Daire","Kiralık Daire","3 + 1","130 m²","31 Yaşında","·","Kat","2. Kat","İzmir / Karşıyaka / Yalı Mah.","https://www.hepsiemlak.com/_nuxt/8cafc93fb5c74c75e9e04e528e02ccdf.jpg","Özler Emlak","WhatsApp","https://www.hepsiemlak.com/_nuxt/8cafc93fb5c74c75e9e04e528e02ccdf.jpg"
"https://www.hepsiemlak.com/izmir-cigli-atasehir-kiralik/daire/54684-4650","1 / 60","60.000","17/08/2026","Ataşehir Modern 1'de Villa Konforunda 2+1 Kiralık Daire","Kiralık Daire","2 + 1","104 m²","5 Yaşında","·","Kat","Bahçe Katı","İzmir / Çiğli / Ataşehir Mah.","https://www.hepsiemlak.com/_nuxt/8cafc93fb5c74c75e9e04e528e02ccdf.jpg","Startkey Altunsu","WhatsApp","https://www.hepsiemlak.com/_nuxt/8cafc93fb5c74c75e9e04e528e02ccdf.jpg"
"https://www.hepsiemlak.com/izmir-bornova-kosukavak-kiralik/daire/142802-447","1 / 33","41.000","21/08/2026","Bornova Modda Bulvar'da Kiralık Ebeveyn Banyolu 2+1 Daire","Kiralık Daire","2 + 1","85 m²","5 Yaşında","·","Kat","18. Kat","İzmir / Bornova / Koşukavak Mah.","https://www.hepsiemlak.com/_nuxt/8cafc93fb5c74c75e9e04e528e02ccdf.jpg","Rookz Dıamond","WhatsApp",""
"https://www.hepsiemlak.com/izmir-bornova-ataturk-kiralik/daire/97779-1309","1 / 48","35.000","12/08/2026","Atatürk Mah. Yavuz Cad 2+1 105 M2 Doğalgazlı Kiralık Daire","Kiralık Daire","2 + 1","105 m²","25 Yaşında","·","Kat","1. Kat","İzmir / Bornova / Atatürk Mah.","https://www.hepsiemlak.com/_nuxt/8cafc93fb5c74c75e9e04e528e02ccdf.jpg","","WhatsApp",""
"https://www.hepsiemlak.com/izmir-menemen-istiklal-kiralik/daire/108805-869","1 / 60","56.000","12/08/2026","Egekent2de  Havuzlu  Lüks  Sitede 4+1 375m2 Dubleks Daire Doğalgazlı Klimalı","Kiralık Daire","4 + 1","375 m²","8 Yaşında","·","Kat","En Üst Kat","İzmir / Menemen / İstiklal Mah.","https://www.hepsiemlak.com/_nuxt/8cafc93fb5c74c75e9e04e528e02ccdf.jpg","","WhatsApp",""
"https://www.hepsiemlak.com/izmir-karsiyaka-ornekkoy-kiralik/daire/153494-101","1 / 16","27.500","08/09/2026","Örnekköy İmbatlıda Kiralık 2+1 Açık Mutfaklı Daire","Kiralık Daire","2 + 1","70 m²","1 Yaşında","·","Kat","3. Kat","İzmir / Karşıyaka / Örnekköy Mah.","https://www.hepsiemlak.com/_nuxt/8cafc93fb5c74c75e9e04e528e02ccdf.jpg","Pier Gayrimenkul","WhatsApp","https://www.hepsiemlak.com/_nuxt/8cafc93fb5c74c75e9e04e528e02ccdf.jpg"
"https://www.hepsiemlak.com/izmir-cigli-atasehir-kiralik/daire/62493-1651","1 / 40","55.000","30/08/2026","Çiğli Ataşehir Mahallesi Kapalı Pazar Yeri Yakını 3+1 Kiralık","Kiralık Daire","3 + 1","140 m²","11 Yaşında","·","Kat","5. Kat","İzmir / Çiğli / Ataşehir Mah.","https://www.hepsiemlak.com/_nuxt/8cafc93fb5c74c75e9e04e528e02ccdf.jpg","Gamex Gayrimenkul","WhatsApp","https://www.hepsiemlak.com/_nuxt/8cafc93fb5c74c75e9e04e528e02ccdf.jpg"
"https://www.hepsiemlak.com/izmir-karsiyaka-imbatli-kiralik/daire/138721-194","1 / 38","53.000","11/08/2026","Karşıyaka İmbatlı Medical Point Karşısında Kiralık Lüks 2 +1 !","Kiralık Daire","2 + 1","140 m²","13 Yaşında","·","Kat","5. Kat","İzmir / Karşıyaka / İmbatlı Mah.","https://www.hepsiemlak.com/_nuxt/8cafc93fb5c74c75e9e04e528e02ccdf.jpg","","WhatsApp",""
"https://www.hepsiemlak.com/izmir-bornova-rafet-pasa-kiralik/daire/153004-479","1 / 30","38.000","21/08/2026","Varyant Tower Da Eşyalı Kiralık 1+1 Daire","Kiralık Daire","1 + 1","60 m²","4 Yaşında","·","Kat","6. Kat","İzmir / Bornova / Rafet Paşa Mah.","https://www.hepsiemlak.com/_nuxt/8cafc93fb5c74c75e9e04e528e02ccdf.jpg","Portınn Proje Geliştirme Ve Gayrimenkul Danışmanlı","WhatsApp","https://www.hepsiemlak.com/_nuxt/8cafc93fb5c74c75e9e04e528e02ccdf.jpg"
"https://www.hepsiemlak.com/izmir-cigli-yeni-mahalle-kiralik/daire/43406-690","1 / 31","38.000","02/09/2026","Yenimahalle Hastane Yakını Asansörlü 2 Banyolu 2+1 Kiralık Daire","Kiralık Daire","2 + 1","95 m²","3 Yaşında","·","Kat","2. Kat","İzmir / Çiğli / Yeni Mahalle Mah.","https://www.hepsiemlak.com/_nuxt/8cafc93fb5c74c75e9e04e528e02ccdf.jpg","Eray Eroğlu","WhatsApp",""
"https://www.hepsiemlak.com/izmir-konak-akin-simav-kiralik/daire/139699-275","1 / 35","65.000","24/08/2026","Tarihi Asansör Bölgesinde Ful Deniz Manzaralı Kiralık 3+1 Daire","Kiralık Daire","3 + 1","160 m²","1 Yaşında","·","Kat","2. Kat","İzmir / Konak / Akın Simav Mah.","","","WhatsApp",""
"https://www.hepsiemlak.com/izmir-menemen-85-yil-cumhuriyet-kiralik/daire/170518-16","1 / 32","25.000","02/09/2026","Seyrekte 2+1 Doğalgazlı Kiralık Geniş Daire","Kiralık Daire","2 + 1","76 m²","4 Yaşında","·","Kat","1. Kat","İzmir / Menemen / 85. Yıl Cumhuriyet Mah.","https://hecdnnw.hemlak.com/mncropresize/77/67/logo/8/1/5/0/7/1/78959902-5dee-4016-9058-ed124b21e088.jpg","Yasemin Çelikbaş Gayrimenkul Yatırım Danışmanlık","WhatsApp",""
"https://www.hepsiemlak.com/izmir-seferihisar-sigacik-kiralik/daire/169982-71","1 / 37","35.000","29/08/2026","Sığacık'ta Prestijli Bir Site İçerisinde 1+1 Eşyalı Modern Daire","Kiralık Daire","1 + 1","60 m²","6 Yaşında","·","Kat","Bahçe Katı","İzmir / Seferihisar / Sığacık Mah.","https://hecdnnw.hemlak.com/mncropresize/77/67/logo/2/8/9/9/6/1/402d2b96-9f5e-4c58-a116-7c2be6c362a5.jpg","Evcimen Gayrimenkul Yatırım Danışmanlığı","WhatsApp",""
"https://www.hepsiemlak.com/izmir-karabaglar-ali-fuat-cebesoy-kiralik/daire/140060-1824","1 / 22","24.000","30/08/2026","Akalından Ege Yaşam Hastane Yakını Arakat 2+1 Kiralık Daire","Kiralık Daire","2 + 1","110 m²","23 Yaşında","·","Kat","1. Kat","İzmir / Karabağlar / Ali Fuat Cebesoy Mah.","https://hecdn01.hemlak.com/mncropresize/182/137/ds01/8/8/4/5/0/0/7/4/b5b5a933-d1f7-4771-89c0-ad46d7e25fc6.jpg","Akalın İnşaat Gayrimenkul","WhatsApp","https://hecdnnw.hemlak.com/mncropresize/77/67/logo/0/6/0/0/4/1/43b68d8f-e319-4ad0-ae07-561df772e6e5.jpg"
"https://www.hepsiemlak.com/izmir-torbali-inonu-kiralik/daire/159303-262","1 / 38","25.000","20/08/2026","Turpa Lotus'tan İnönü Mahallesi'nde Sitede 3+1 Kiralık Daire","Kiralık Daire","3 + 1","120 m²","6 Yaşında","·","Kat","5. Kat","İzmir / Torbalı / İnönü Mah.","https://www.hepsiemlak.com/_nuxt/8cafc93fb5c74c75e9e04e528e02ccdf.jpg","","WhatsApp",""
"https://www.hepsiemlak.com/izmir-bornova-kazimdirik-kiralik/daire/139122-146","1 / 33","36.000","27/08/2026","Valora'dan Folkart Life L Balkonlu Eşyalı 1+0 Kiralık Daire","Kiralık Daire","Stüdyo","48 m²","6 Yaşında","·","Kat","10. Kat","İzmir / Bornova / Kazımdirik Mah.","https://www.hepsiemlak.com/_nuxt/8cafc93fb5c74c75e9e04e528e02ccdf.jpg","Valora Gayrimenkul","WhatsApp",""
"https://www.hepsiemlak.com/izmir-dikili-ismetpasa-kiralik/daire/131666-499","1 / 24","25.000","03/09/2026","Saadet Korkmaz'dan Merkezde Girişkat 1+1 Eşyalı Kiralık Daire","Kiralık Daire","1 + 1","60 m²","13 Yaşında","·","Kat","Yüksek Giriş","İzmir / Dikili / İsmetpaşa Mah.","https://www.hepsiemlak.com/_nuxt/8cafc93fb5c74c75e9e04e528e02ccdf.jpg","Saadet Korkmaz Emlak","WhatsApp","https://www.hepsiemlak.com/_nuxt/8cafc93fb5c74c75e9e04e528e02ccdf.jpg"
"https://www.hepsiemlak.com/izmir-gaziemir-atifbey-kiralik/daire/168321-37","1 / 53","40.000","25/08/2026","Gaziemir Atıfbey Mahallesi Köşe 3 + 1 Kiralık","Kiralık Daire","3 + 1","120 m²","12 Yaşında","·","Kat","1. Kat","İzmir / Gaziemir / Atıfbey Mah.","https://www.hepsiemlak.com/_nuxt/8cafc93fb5c74c75e9e04e528e02ccdf.jpg","","WhatsApp",""
"https://www.hepsiemlak.com/izmir-bornova-ataturk-kiralik/daire/7457-226","1 / 44","32.500","28/08/2026","Osmangazi Girişinde 3+1 130 M2 Doğal Gazlı Ara Kat Kiralık Daire","Kiralık Daire","3 + 1","130 m²","30 Yaşında","·","Kat","2. Kat","İzmir / Bornova / Atatürk Mah.","https://www.hepsiemlak.com/_nuxt/8cafc93fb5c74c75e9e04e528e02ccdf.jpg","","WhatsApp",""
"https://www.hepsiemlak.com/izmir-menderes-cukuralti-kiralik/villa/124859-323","1 / 56","80.000","16/08/2026","Özdere Kiralık Villa","Kiralık Villa","4 + 1","250 m²","Sıfır Bina","·","Kat","","İzmir / Menderes / Çukuraltı Mah.","https://www.hepsiemlak.com/_nuxt/8cafc93fb5c74c75e9e04e528e02ccdf.jpg","Güngör Emlak","WhatsApp","https://www.hepsiemlak.com/_nuxt/8cafc93fb5c74c75e9e04e528e02ccdf.jpg"
"https://www.hepsiemlak.com/izmir-karsiyaka-dedebasi-kiralik/daire/136263-212","1 / 23","35.000","13/08/2026","Kiralık Daire, Eşyalı, 2+1, Ara Kat, Dedebaşında, Çakırdan","Kiralık Daire","2 + 1","80 m²","4 Yaşında","·","Kat","3. Kat","İzmir / Karşıyaka / Dedebaşı Mah.","https://www.hepsiemlak.com/_nuxt/8cafc93fb5c74c75e9e04e528e02ccdf.jpg","","WhatsApp",""
"https://www.hepsiemlak.com/izmir-konak-mimar-sinan-kiralik/daire/110710-162","1 / 18","68.000","07/09/2026","Fora'dan Yeni Binada İş Yerine Uygun 2+1 Kiralık Çift Cepheli","Kiralık Daire","2 + 1","85 m²","Sıfır Bina","·","Kat","4. Kat","İzmir / Konak / Mimar Sinan Mah.","https://www.hepsiemlak.com/_nuxt/8cafc93fb5c74c75e9e04e528e02ccdf.jpg","Fora Gayrimenkul","WhatsApp","https://www.hepsiemlak.com/_nuxt/8cafc93fb5c74c75e9e04e528e02ccdf.jpg"
"https://www.hepsiemlak.com/izmir-karsiyaka-goncalar-kiralik/daire/49446-4537","1 / 53","57.000","24/08/2026","Girne Caddesi Arkası, Sıfır Binada, Önü Açık, Köşe Daire","Kiralık Daire","3 + 1","145 m²","Sıfır Bina","·","Kat","2. Kat","İzmir / Karşıyaka / Goncalar Mah.","https://www.hepsiemlak.com/_nuxt/8cafc93fb5c74c75e9e04e528e02ccdf.jpg","","WhatsApp",""
"https://www.hepsiemlak.com/izmir-karsiyaka-mavisehir-kiralik/daire/130508-130","1 / 22","40.000","28/08/2026","-Net- Soyak Optımus Eşyalı 1+1 Kiralık Daire","Kiralık Daire","1 + 1","45 m²","16 Yaşında","·","Kat","14. Kat","İzmir / Karşıyaka / Mavişehir Mah.","https://www.hepsiemlak.com/_nuxt/8cafc93fb5c74c75e9e04e528e02ccdf.jpg","","WhatsApp",""
"https://www.hepsiemlak.com/izmir-karabaglar-esenyali-kiralik/daire/62166-1365","1 / 35","37.000","24/08/2026","Amerikan Kol.-Ukeb Kol.Yakını 130 M2 3+1 Doğalgazlı Park Manzara","Kiralık Daire","3 + 1","130 m²","31 Yaşında","·","Kat","4. Kat","İzmir / Karabağlar / Esenyalı Mah.","https://www.hepsiemlak.com/_nuxt/8cafc93fb5c74c75e9e04e528e02ccdf.jpg","Evin Emlak Emre","WhatsApp","https://www.hepsiemlak.com/_nuxt/8cafc93fb5c74c75e9e04e528e02ccdf.jpg"
"https://www.hepsiemlak.com/izmir-buca-buca-koop-kiralik/daire/37745-1988","1 / 27","33.000","02/09/2026","İzmir Buca Bucakoop Mah 3+1 Kiralık Daire","Kiralık Daire","3 + 1","120 m²","26 Yaşında","·","Kat","1. Kat","İzmir / Buca / Buca Koop. Mah.","https://www.hepsiemlak.com/_nuxt/8cafc93fb5c74c75e9e04e528e02ccdf.jpg","Dönertaş Emlak","WhatsApp",""
"https://www.hepsiemlak.com/izmir-bornova-erzene-kiralik/daire/41545-2440","1 / 11","30.000","04/09/2026","Bornova Merkez De 3+1 Klasik Daire","Kiralık Daire","3 + 11","115 m²","35 Yaşında","·","Kat","En Üst Kat","İzmir / Bornova / Erzene Mah.","https://www.hepsiemlak.com/_nuxt/8cafc93fb5c74c75e9e04e528e02ccdf.jpg","","WhatsApp",""
"https://www.hepsiemlak.com/izmir-urla-yaka-kiralik/daire/60930-3072","1 / 13","45.000","09/09/2026","Sabri Cengiz Emlak Urla Yaka Mah Şehityüzbaşı Sokak. Kiralık Daire 2+1","Kiralık Daire","2 + 1","80 m²","4 Yaşında","·","Kat","2. Kat","İzmir / Urla / Yaka Mah.","https://www.hepsiemlak.com/_nuxt/8cafc93fb5c74c75e9e04e528e02ccdf.jpg","","WhatsApp",""
"https://www.hepsiemlak.com/izmir-seferihisar-ataturk-kiralik/daire/27424-2171","1 / 11","6.000","29/08/2026","İzmir Seferihisar Doğanbeyde Kiralık Günübirlik Denize Yürüme Mesafede 2+1 Daire","Kiralık Daire","2 + 1","100 m²","4 Yaşında","·","Kat","Zemin","İzmir / Seferihisar / Atatürk Mah.","https://www.hepsiemlak.com/_nuxt/8cafc93fb5c74c75e9e04e528e02ccdf.jpg","Vizyon Emlak","WhatsApp","https://www.hepsiemlak.com/_nuxt/8cafc93fb5c74c75e9e04e528e02ccdf.jpg"
"https://www.hepsiemlak.com/izmir-narlidere-ilica-kiralik/daire/125876-3256","1 / 34","120.000","09/09/2026","Narlıdere Ilıca Deniz Ve Orman Manzaralı Kiralık 4+1 Daire","Kiralık Daire","4 + 1","230 m²","11 Yaşında","·","Kat","7. Kat","İzmir / Narlıdere / Ilıca Mah.","https://www.hepsiemlak.com/_nuxt/8cafc93fb5c74c75e9e04e528e02ccdf.jpg","Kw Alesta-viya-orsa 4","WhatsApp","https://www.hepsiemlak.com/_nuxt/8cafc93fb5c74c75e9e04e528e02ccdf.jpg"
"https://www.hepsiemlak.com/izmir-karsiyaka-mustafa-kemal-kiralik/daire/110953-810","1 / 34","48.000","22/08/2026","Karşıyaka Oyak Yamaçevler Sitesinde Manzaralı Kiralık 3+1 Daire","Kiralık Daire","3 + 1","145 m²","16 Yaşında","·","Kat","5. Kat","İzmir / Karşıyaka / Mustafa Kemal Mah.","https://www.hepsiemlak.com/_nuxt/8cafc93fb5c74c75e9e04e528e02ccdf.jpg","","WhatsApp",""
"https://www.hepsiemlak.com/izmir-karsiyaka-dedebasi-kiralik/daire/78476-576","1 / 34","40.000","29/08/2026","Anadolu Caddesi Yakını Kiralık 3+1 Doğalgazlı Daire","Kiralık Daire","3 + 1","125 m²","11 Yaşında","·","Kat","5. Kat","İzmir / Karşıyaka / Dedebaşı Mah.","https://www.hepsiemlak.com/_nuxt/8cafc93fb5c74c75e9e04e528e02ccdf.jpg","","WhatsApp",""
"https://www.hepsiemlak.com/izmir-karsiyaka-bostanli-kiralik/daire/6141-1696","1 / 26","37.000","27/08/2026","İzmir, Karşıyaka Bostanlı'da Kiralık Bakımlı Daire","Kiralık Daire","3 + 1","140 m²","30 Yaşında","·","Kat","4. Kat","İzmir / Karşıyaka / Bostanlı Mah.","https://www.hepsiemlak.com/_nuxt/8cafc93fb5c74c75e9e04e528e02ccdf.jpg","","WhatsApp",""
"https://www.hepsiemlak.com/izmir-buca-hurriyet-kiralik/daire/63598-465","1 / 46","26.000","06/09/2026","Arga'dan Buca Hürriyet Mh. D.Gazlı 2+1  Kiralık Daire","Kiralık Daire","2 + 1","90 m²","25 Yaşında","·","Kat","En Üst Kat","İzmir / Buca / Hürriyet Mah.","https://www.hepsiemlak.com/_nuxt/8cafc93fb5c74c75e9e04e528e02ccdf.jpg","Arga Emlak","WhatsApp","https://www.hepsiemlak.com/_nuxt/8cafc93fb5c74c75e9e04e528e02ccdf.jpg"
"https://www.hepsiemlak.com/izmir-karsiyaka-fikri-altay-kiralik/daire/140182-562","1 / 27","33.000","05/09/2026","Karşıyaka Anadolu Caddesi Üzerinde Geniş Ferah 3+1 Kiralık Daire","Kiralık Daire","3 + 1","120 m²","32 Yaşında","·","Kat","3. Kat","İzmir / Karşıyaka / Fikri Altay Mah.","https://hecdnnw.hemlak.com/mncropresize/77/67/logo/2/8/1/0/4/1/c3f2d5bd-9d6d-476b-a804-9ab17c8eb482.jpg","Coldwell Banker Motto","WhatsApp",""
"https://www.hepsiemlak.com/izmir-karsiyaka-donanmaci-kiralik/daire/13763-3102","1 / 32","35.000","08/09/2026","Karşıyaka Donanmacı' Da,1734 Sokak Üzeri, D.Gazlı, Kiralık Daire","Kiralık Daire","3 + 1","115 m²","31 Yaşında","·","Kat","2. Kat","İzmir / Karşıyaka / Donanmacı Mah.","https://hecdnnw.hemlak.com/mncropresize/77/67/logo/3/6/7/3/1/0/2f9ff9a4-0843-4947-ba2a-7a8562ee6686.jpg","Nazar Emlak","WhatsApp",""
"https://www.hepsiemlak.com/izmir-buca-adatepe-kiralik/daire/145638-130","1 / 30","25.000","04/09/2026","Adatepe Mahallesinde Kiralık 1+1 Doğalgazlı Eşyalı Teraslı Ev","Kiralık Daire","1 + 1","54 m²","10 Yaşında","·","Kat","En Üst Kat","İzmir / Buca / Adatepe Mah.","https://hecdnnw.hemlak.com/mncropresize/77/67/logo/8/3/6/5/4/1/21f6c57a-cc04-4321-a9af-08784707a53f.jpg","Dsy Gayrimenkul","WhatsApp","https://hecdnnw.hemlak.com/mncropresize/77/67/firmuser/5/2/6/6/2/1/4/d4e27b0a-4e3a-4fee-a4c4-1c11ebabaac3.jpg"
"https://www.hepsiemlak.com/izmir-karabaglar-ali-fuat-cebesoy-kiralik/daire/171435-1","1 / 32","28.000","04/09/2026","Yeşilyurt İmkb Lisesi Yakını 2+1- D.Gazlı - Full Manzaralı","Kiralık Daire","2 + 1","90 m²","6 Yaşında","·","Kat","1. Kat","İzmir / Karabağlar / Ali Fuat Cebesoy Mah.","https://hecdn01.hemlak.com/mncropresize/182/137/ds01/6/8/9/0/1/2/7/4/08b4c1d8-e7af-403c-a718-9addc8939177.jpg","Garanti Gayrimenkul","WhatsApp","https://hecdnnw.hemlak.com/mncropresize/77/67/logo/5/3/4/1/7/1/dd7faace-681f-410f-906a-540e8f8e18c0.jpg"
"https://www.hepsiemlak.com/izmir-guzelbahce-mustafa-kemal-pasa-kiralik/daire/98031-974","1 / 22","35.000","31/08/2026","Güzelbahçe Yelki'de 2+1 Doğalgazlı Kiralık Daire","Kiralık Daire","2 + 1","95 m²","6 Yaşında","·","Kat","2. Kat","İzmir / Güzelbahçe / Mustafa Kemal Paşa Mah.","https://www.hepsiemlak.com/_nuxt/8cafc93fb5c74c75e9e04e528e02ccdf.jpg","","WhatsApp",""
"https://www.hepsiemlak.com/izmir-selcuk-ataturk-kiralik/daire/74491-324","1 / 11","30.000","03/09/2026","Zemaks Gayrimenkul‘den Atatürk Mahallesi’nde Giriş Katı Geniş Ferah 2 + 1 Kiralık Daire","Kiralık Daire","2 + 1","85 m²","5 Yaşında","·","Kat","Bahçe Katı","İzmir / Selçuk / Atatürk Mah.","https://www.hepsiemlak.com/_nuxt/8cafc93fb5c74c75e9e04e528e02ccdf.jpg","Zemaks Emlak","WhatsApp","https://www.hepsiemlak.com/_nuxt/8cafc93fb5c74c75e9e04e528e02ccdf.jpg"
"https://www.hepsiemlak.com/izmir-konak-kocatepe-kiralik/daire/167776-11","1 / 11","25.500","29/08/2026","Eşrefpaşanın Merkezinde Kaçırılmayacak 3+1 Kiralık Daire!","Kiralık Daire","3 + 1","135 m²","21 Yaşında","·","Kat","4. Kat","İzmir / Konak / Kocatepe Mah.","https://www.hepsiemlak.com/_nuxt/8cafc93fb5c74c75e9e04e528e02ccdf.jpg","Zenka Gayrimenkul Ve Yatırım","WhatsApp",""
"https://www.hepsiemlak.com/izmir-urla-m-fevzi-cakmak-kiralik/villa/34418-2118","1 / 22","80.000","10/09/2026","Zeytinalanı Merkezde Sıfır 3+1 Kiralık Villa","Kiralık Villa","3 + 1","130 m²","Sıfır Bina","·","Kat","","İzmir / Urla / M. Fevzi Çakmak Mah.","https://www.hepsiemlak.com/_nuxt/8cafc93fb5c74c75e9e04e528e02ccdf.jpg","Adres Grup Gayrimenkul","WhatsApp","https://www.hepsiemlak.com/_nuxt/8cafc93fb5c74c75e9e04e528e02ccdf.jpg"
"https://www.hepsiemlak.com/izmir-buca-kurucesme-kiralik/daire/24845-1921","1 / 12","20.000","03/09/2026","Antre Emlak'tan Eşyalı Kiralık Buca Kuruçeşme'de Kampüs Yanı Klimalı 1+1 Zemin Daire","Kiralık Daire","1 + 1","55 m²","10 Yaşında","·","Kat","Zemin","İzmir / Buca / Kuruçeşme Mah.","https://www.hepsiemlak.com/_nuxt/8cafc93fb5c74c75e9e04e528e02ccdf.jpg","Antre Emlak","WhatsApp","https://www.hepsiemlak.com/_nuxt/8cafc93fb5c74c75e9e04e528e02ccdf.jpg"
"https://www.hepsiemlak.com/izmir-konak-gunesli-kiralik/daire/9764-9222","1 / 26","25.000","09/09/2026","İlhan'dan Üçyol Metro Mevki Doğalgazlı 3+1 Kiralık Daire","Kiralık Daire","3 + 1","120 m²","36 Yaşında","·","Kat","1. Kat","İzmir / Konak / Güneşli Mah.","https://www.hepsiemlak.com/_nuxt/8cafc93fb5c74c75e9e04e528e02ccdf.jpg","İlhan Emlak","WhatsApp","https://www.hepsiemlak.com/_nuxt/8cafc93fb5c74c75e9e04e528e02ccdf.jpg"
"https://www.hepsiemlak.com/izmir-buca-kurucesme-kiralik/daire/116952-268","1 / 10","18.000","25/08/2026","Buca Dokuzeylül Ünv.Tınaztepe Kampüsü Yakını 1+1 Yeni Bina Doğalgazlı Daire","Kiralık Daire","1 + 1","60 m²","8 Yaşında","·","Kat","Ara Kat","İzmir / Buca / Kuruçeşme Mah.","https://www.hepsiemlak.com/_nuxt/8cafc93fb5c74c75e9e04e528e02ccdf.jpg","","WhatsApp",""
"https://www.hepsiemlak.com/izmir-karsiyaka-mavisehir-kiralik/daire/95207-947","1 / 33","40.000","18/08/2026","Mavişehir Bozoğlu Sitesinde Kiralık 1+1 Daire","Kiralık Daire","1 + 1","70 m²","11 Yaşında","·","Kat","2. Kat","İzmir / Karşıyaka / Mavişehir Mah.","https://www.hepsiemlak.com/_nuxt/8cafc93fb5c74c75e9e04e528e02ccdf.jpg","Startkey City","WhatsApp","https://www.hepsiemlak.com/_nuxt/8cafc93fb5c74c75e9e04e528e02ccdf.jpg"
"https://www.hepsiemlak.com/izmir-karsiyaka-fikri-altay-kiralik/daire/91814-1018","1 / 33","35.000","06/09/2026","9 Eylül Emlak Demirköprü Bulvar Sokağı Y.Giriş 2+1 Kiralık Daire","Kiralık Daire","2 + 1","85 m²","10 Yaşında","·","Kat","Yüksek Giriş","İzmir / Karşıyaka / Fikri Altay Mah.","https://www.hepsiemlak.com/_nuxt/8cafc93fb5c74c75e9e04e528e02ccdf.jpg","9 Eylül Emlak","WhatsApp","https://www.hepsiemlak.com/_nuxt/8cafc93fb5c74c75e9e04e528e02ccdf.jpg"
"https://www.hepsiemlak.com/izmir-cigli-balatcik-kiralik/daire/38856-2250","1 / 25","28.000","23/08/2026","Çiğli Balatçık Myway Vins Blue Ara Kat Eşyalı Kiralık 1+1 Daire","Kiralık Daire","1 + 1","46 m²","5 Yaşında","·","Kat","3. Kat","İzmir / Çiğli / Balatçık Mah.","https://www.hepsiemlak.com/_nuxt/8cafc93fb5c74c75e9e04e528e02ccdf.jpg","Startkey Eksper Gayrimenkul","WhatsApp","https://www.hepsiemlak.com/_nuxt/8cafc93fb5c74c75e9e04e528e02ccdf.jpg"
"https://www.hepsiemlak.com/izmir-menemen-gazi-kiralik/daire/49744-721","1 / 25","29.000","31/08/2026","Gazi Mah.De Kiralık 2+1 Eşyalı/havuzlu/güvenlikli Sitede","Kiralık Daire","2 + 1","100 m²","5 Yaşında","·","Kat","8. Kat","İzmir / Menemen / Gazi Mah.","https://www.hepsiemlak.com/_nuxt/8cafc93fb5c74c75e9e04e528e02ccdf.jpg","","WhatsApp",""
"https://www.hepsiemlak.com/izmir-karabaglar-adnan-suvari-kiralik/daire/6949-3255","1 / 25","45.000","09/09/2026","Çiçek Evler Sitesinde,3+1,Merkezi Isıtmalı,Kiralık Daire.","Kiralık Daire","3 + 1","111 m²","11 Yaşında","·","Kat","Giriş Katı","İzmir / Karabağlar / Adnan Süvari Mah.","https://www.hepsiemlak.com/_nuxt/8cafc93fb5c74c75e9e04e528e02ccdf.jpg","Altın Anahtar Emlak-1","WhatsApp",""
"https://www.hepsiemlak.com/izmir-buca-adatepe-kiralik/daire/171254-14","1 / 14","30.000","08/09/2026","Hasanağa Parkı Yakınında Full Eşyalı Balkonlu 2+1 Daire","Kiralık Daire","2 + 1","75 m²","6 Yaşında","·","Kat","2. Kat","İzmir / Buca / Adatepe Mah.","https://www.hepsiemlak.com/_nuxt/8cafc93fb5c74c75e9e04e528e02ccdf.jpg","Ales Yapı Gayrimenkul","WhatsApp","https://www.hepsiemlak.com/_nuxt/8cafc93fb5c74c75e9e04e528e02ccdf.jpg"
"https://www.hepsiemlak.com/izmir-karsiyaka-semikler-kiralik/daire/70723-7345","1 / 28","55.000","26/08/2026","Mavişehir İzban Karşısı Havuzlu Site İçinde 2+1 Kiralık Daire","Kiralık Daire","2 + 1","93 m²","Sıfır Bina","·","Kat","6. Kat","İzmir / Karşıyaka / Şemikler Mah.","https://www.hepsiemlak.com/_nuxt/8cafc93fb5c74c75e9e04e528e02ccdf.jpg","Coldwell Banker Life","WhatsApp","https://www.hepsiemlak.com/_nuxt/8cafc93fb5c74c75e9e04e528e02ccdf.jpg"
"https://www.hepsiemlak.com/izmir-seferihisar-turabiye-kiralik/daire/15406-244","1 / 28","25.000","24/08/2026","Seferihisar'da Hastane-Üniversite-Adliye Yürüme Mesafesinde 1+1","Kiralık Daire","1 + 1","45 m²","6 Yaşında","·","Kat","2. Kat","İzmir / Seferihisar / Turabiye Mah.","https://www.hepsiemlak.com/_nuxt/8cafc93fb5c74c75e9e04e528e02ccdf.jpg","Teos Emlak","WhatsApp","https://www.hepsiemlak.com/_nuxt/8cafc93fb5c74c75e9e04e528e02ccdf.jpg"
"https://www.hepsiemlak.com/izmir-urla-iskele-kiralik/villa/159896-34","1 / 14","115.000","21/08/2026","Urla İskelenin Kalbinde Kiralık 3+1 Villa","Kiralık Villa","3 + 1","140 m²","2 Yaşında","·","Kat","Bahçe Katı","İzmir / Urla / İskele Mah.","https://www.hepsiemlak.com/_nuxt/8cafc93fb5c74c75e9e04e528e02ccdf.jpg","","WhatsApp",""
"https://www.hepsiemlak.com/izmir-buca-kurucesme-kiralik/daire/170918-17","1 / 14","22.000","08/09/2026","Buca Kuruçeşme Mah. 1+1 Full Eşyalı Değerli Lokasyon","Kiralık Daire","1 + 1","55 m²","6 Yaşında","·","Kat","4. Kat","İzmir / Buca / Kuruçeşme Mah.","https://www.hepsiemlak.com/_nuxt/8cafc93fb5c74c75e9e04e528e02ccdf.jpg","","WhatsApp",""
"https://www.hepsiemlak.com/izmir-seferihisar-turabiye-kiralik/daire/166929-110","1 / 14","27.000","03/09/2026","Seferihisar Tapu Kadastro Üstünde Kiralık İşyeri","Kiralık Daire","1 + 1","55 m²","6 Yaşında","·","Kat","3. Kat","İzmir / Seferihisar / Turabiye Mah.","https://www.hepsiemlak.com/_nuxt/8cafc93fb5c74c75e9e04e528e02ccdf.jpg","Duygu Han Gayrimenkul & Danışmanlık","WhatsApp","https://www.hepsiemlak.com/_nuxt/8cafc93fb5c74c75e9e04e528e02ccdf.jpg"
"https://www.hepsiemlak.com/izmir-narlidere-camtepe-kiralik/daire/110036-666","1 / 9","29.000","05/09/2026","Ünüvar Emlaktan  Çamtepe Mah. De 1+1  Eşyalı Kiralık Daire...","Kiralık Daire","1 + 1","60 m²","12 Yaşında","·","Kat","Giriş Katı","İzmir / Narlıdere / Çamtepe Mah.","https://www.hepsiemlak.com/_nuxt/8cafc93fb5c74c75e9e04e528e02ccdf.jpg","","WhatsApp",""
"https://www.hepsiemlak.com/izmir-konak-kahramanlar-kiralik/daire/31777-455","1 / 17","18.000","02/09/2026","Kahramanlarda Fuara Yakın 1+1","Kiralık Daire","1 + 1","60 m²","40 Yaşında","·","Kat","1. Kat","İzmir / Konak / Kahramanlar Mah.","https://www.hepsiemlak.com/_nuxt/8cafc93fb5c74c75e9e04e528e02ccdf.jpg","","WhatsApp",""
"https://www.hepsiemlak.com/izmir-balcova-fevzi-cakmak-kiralik/daire/0-47255608","1 / 4","25.000","06/09/2026","Balçova Eşyalı Kiralık","Kiralık Daire","2 + 1","110 m²","30 Yaşında","·","Kat","4. Kat","İzmir / Balçova / Fevzi Çakmak Mah.","","","WhatsApp",""
"https://www.hepsiemlak.com/izmir-menderes-orta-kiralik/daire/103687-409","1 / 9","25.000","09/09/2026","Denize Yakın Asansörlü Sıfır 1+1 Kiralık Daire Ortaköy","Kiralık Daire","1 + 1","50 m²","Sıfır Bina","·","Kat","1. Kat","İzmir / Menderes / Orta Mah.","https://hecdnnw.hemlak.com/mncropresize/77/67/logo/7/8/6/3/0/1/9b4f3542-b4e0-41d8-90c5-a4e62e96f34e.jpg","Arzava Gayrimenkul","WhatsApp",""
"https://www.hepsiemlak.com/izmir-bayrakli-sogukkuyu-kiralik/daire/119640-3731","1 / 32","50.000","25/08/2026","Yeni Girne De Kiralık Geniş 3+1 Ebeveyn Banyolu Daire","Kiralık Daire","3 + 1","155 m²","26 Yaşında","·","Kat","6. Kat","İzmir / Bayraklı / Soğukkuyu Mah.","https://hecdnnw.hemlak.com/mncropresize/77/67/logo/0/4/6/9/1/1/24c2b72f-2e40-4734-b056-eebccb21d668.jpg","Startkey Ege Gayrimenkul","WhatsApp",""
"https://www.hepsiemlak.com/izmir-menemen-gazi-mustafa-kemal-kiralik/daire/31270-3069","1 / 32","20.000","02/09/2026","Bakırçay Üniversitesine Çok Yakın,  Mobilyalı 1+1 Doğalgaz Kombi, Otoparklı, Eşyalı Kiralık Daire","Kiralık Daire","1 + 1","60 m²","3 Yaşında","·","Kat","1. Kat","İzmir / Menemen / Gazi Mustafa Kemal Mah.","https://hecdn01.hemlak.com/mncropresize/182/137/ds01/9/1/2/7/0/8/5/4/79a4f6b8-5c05-434e-8d61-e0cbf15177b1.jpg","Kadıoğlu Emlak LTD.ŞTİ.","WhatsApp","https://hecdnnw.hemlak.com/mncropresize/77/67/logo/0/7/2/1/3/0/ec4374db-fc10-4231-a041-cbdb78c0dc47.jpg"
"https://www.hepsiemlak.com/izmir-karsiyaka-bostanli-kiralik/daire/3103-2724","1 / 24","32.000","09/09/2026","Karşıyaka Bostanlı Şehitler Bulvarında Kiralık 3+1","Kiralık Daire","3 + 1","95 m²","38 Yaşında","·","Kat","4. Kat","İzmir / Karşıyaka / Bostanlı Mah.","https://www.hepsiemlak.com/_nuxt/8cafc93fb5c74c75e9e04e528e02ccdf.jpg","Biz Emlak","WhatsApp","https://www.hepsiemlak.com/_nuxt/8cafc93fb5c74c75e9e04e528e02ccdf.jpg"
"https://www.hepsiemlak.com/izmir-cigli-balatcik-kiralik/daire/2527-14312","1 / 24","40.000","20/08/2026","Çığlı Balatçık For You Suıtes Havuzlu Sıte 2+1 Kıralık Daıre","Kiralık Daire","2 + 1","95 m²","8 Yaşında","·","Kat","3. Kat","İzmir / Çiğli / Balatçık Mah.","https://www.hepsiemlak.com/_nuxt/8cafc93fb5c74c75e9e04e528e02ccdf.jpg","Remax Adres","WhatsApp","https://www.hepsiemlak.com/_nuxt/8cafc93fb5c74c75e9e04e528e02ccdf.jpg"
"https://www.hepsiemlak.com/izmir-menemen-gazi-mustafa-kemal-kiralik/daire/171173-7","1 / 7","20.000","08/09/2026","Seyrek Gazi Mustafa Kemal'de 1+1 50m2 Eşyalı Kiralık Daire","Kiralık Daire","1 + 1","50 m²","2 Yaşında","·","Kat","1. Kat","İzmir / Menemen / Gazi Mustafa Kemal Mah.","https://www.hepsiemlak.com/_nuxt/8cafc93fb5c74c75e9e04e528e02ccdf.jpg","Esmirna Gayrimenkul","WhatsApp","https://www.hepsiemlak.com/_nuxt/8cafc93fb5c74c75e9e04e528e02ccdf.jpg"
"https://www.hepsiemlak.com/izmir-karsiyaka-dedebasi-kiralik/daire/49818-436","1 / 27","35.000","28/08/2026","Karşıyaka Dedebaşında Mobilyalı Veya(mobilyasız)3+1 Kiralık Daire","Kiralık Daire","3 + 1","140 m²","25 Yaşında","·","Kat","6. Kat","İzmir / Karşıyaka / Dedebaşı Mah.","https://www.hepsiemlak.com/_nuxt/8cafc93fb5c74c75e9e04e528e02ccdf.jpg","","WhatsApp",""
"https://www.hepsiemlak.com/izmir-seferihisar-sigacik-kiralik/mustakil-ev/97475-690","1 / 16","45.000","07/09/2026","Sığacıkta Havuzlu Site İçinde 115 M² Bahçeli Eşyalı 2+1","Kiralık Müstakil Ev","2 + 1","85 m²","5 Yaşında","","","","İzmir / Seferihisar / Sığacık Mah.","https://www.hepsiemlak.com/_nuxt/8cafc93fb5c74c75e9e04e528e02ccdf.jpg","Coldwell Banker Kalem","WhatsApp","https://www.hepsiemlak.com/_nuxt/8cafc93fb5c74c75e9e04e528e02ccdf.jpg"
"https://www.hepsiemlak.com/izmir-karabaglar-esenlik-kiralik/daire/66154-2058","1 / 16","26.500","01/09/2026","Karabağlar/ Esenlik Mah. Bölgesinde Kiralık 3+1 110m2 Daire Kodu:2058","Kiralık Daire","3 + 1","110 m²","32 Yaşında","·","Kat","2. Kat","İzmir / Karabağlar / Esenlik Mah.","https://www.hepsiemlak.com/_nuxt/8cafc93fb5c74c75e9e04e528e02ccdf.jpg","Karaca Emlak","WhatsApp","https://www.hepsiemlak.com/_nuxt/8cafc93fb5c74c75e9e04e528e02ccdf.jpg"
"https://www.hepsiemlak.com/izmir-balcova-fevzi-cakmak-kiralik/daire/26374-209","1 / 16","30.000","09/09/2026","Kiralık Daire","Kiralık Daire","2 + 1","105 m²","30 Yaşında","·","Kat","2. Kat","İzmir / Balçova / Fevzi Çakmak Mah.","https://www.hepsiemlak.com/_nuxt/8cafc93fb5c74c75e9e04e528e02ccdf.jpg","","WhatsApp",""
"https://www.hepsiemlak.com/izmir-bornova-ataturk-kiralik/daire/17761-4985","1 / 8","26.000","09/09/2026","Ful Manzaralı Kiralık Daire","Kiralık Daire","1 + 1","130 m²","25 Yaşında","·","Kat","Çatı Katı","İzmir / Bornova / Atatürk Mah.","https://www.hepsiemlak.com/_nuxt/8cafc93fb5c74c75e9e04e528e02ccdf.jpg","","WhatsApp",""
"https://www.hepsiemlak.com/izmir-konak-akin-simav-kiralik/daire/1980-3175","1 / 13","18.000","09/09/2026","Mithatpaşa Cadde Yakını Doğalgazlı Bahçeli 110 M2 Kiralık Daire","Kiralık Daire","2 + 1","125 m²","35 Yaşında","·","Kat","Yüksek Giriş","İzmir / Konak / Akın Simav Mah.","https://www.hepsiemlak.com/_nuxt/8cafc93fb5c74c75e9e04e528e02ccdf.jpg","","WhatsApp",""
"https://www.hepsiemlak.com/izmir-urla-gulbahce-kiralik/daire/115022-974","1 / 30","41.500","04/09/2026","Çtn'den Urla Gülbahçe'de, Yıllık Kiralamaya Uygun, Eşyalı 2+1 Dublex Daire","Kiralık Daire","2 + 1","70 m²","9 Yaşında","·","Kat","Villa Katı","İzmir / Urla / Gülbahçe Mah.","https://www.hepsiemlak.com/_nuxt/8cafc93fb5c74c75e9e04e528e02ccdf.jpg","Çtn Gayrimenkul","WhatsApp","https://www.hepsiemlak.com/_nuxt/8cafc93fb5c74c75e9e04e528e02ccdf.jpg"
"https://www.hepsiemlak.com/izmir-bornova-erzene-kiralik/daire/43114-256","1 / 30","35.000","12/08/2026","İzmir/borrmova Da Full Eşyalı 35.000tl","Kiralık Daire","1 + 1","45 m²","3 Yaşında","·","Kat","5. Kat","İzmir / Bornova / Erzene Mah.","https://www.hepsiemlak.com/_nuxt/8cafc93fb5c74c75e9e04e528e02ccdf.jpg","","WhatsApp",""
"https://www.hepsiemlak.com/izmir-konak-kultur-kiralik/daire/4981-8590","1 / 30","70.000","26/08/2026","Alsancak Cumhurıyet Blv. Kıralık Daıre","Kiralık Daire","3 + 1","185 m²","40 Yaşında","·","Kat","3. Kat","İzmir / Konak / Kültür Mah.","https://www.hepsiemlak.com/_nuxt/8cafc93fb5c74c75e9e04e528e02ccdf.jpg","Turyap Alsancak Temsilciliği","WhatsApp","https://www.hepsiemlak.com/_nuxt/8cafc93fb5c74c75e9e04e528e02ccdf.jpg"
"https://www.hepsiemlak.com/izmir-balcova-cetin-emec-kiralik/daire/10374-3958","1 / 26","30.000","05/09/2026","Kolej Ofis Gay.Full Eşyalı Jeotermalli Kiralık Daire","Kiralık Daire","2 + 1","90 m²","25 Yaşında","·","Kat","Yüksek Giriş","İzmir / Balçova / Çetin Emeç Mah.","https://www.hepsiemlak.com/_nuxt/8cafc93fb5c74c75e9e04e528e02ccdf.jpg","","WhatsApp",""
"https://www.hepsiemlak.com/izmir-narlidere-ilica-kiralik/daire/162799-262","1 / 51","119.500","09/09/2026","Prenses Apartmanı'nda Havuzlu Site Deniz Manzaralı Lüks Daire","Kiralık Daire","4 + 1","260 m²","16 Yaşında","·","Kat","5. Kat","İzmir / Narlıdere / Ilıca Mah.","https://www.hepsiemlak.com/_nuxt/8cafc93fb5c74c75e9e04e528e02ccdf.jpg","Tm Gayrimenkul","WhatsApp","https://www.hepsiemlak.com/_nuxt/8cafc93fb5c74c75e9e04e528e02ccdf.jpg"
"https://www.hepsiemlak.com/izmir-kemalpasa-sutculer-kiralik/mustakil-ev/0-47271972","1 / 3","14.000","09/09/2026","Sahibinden Kemalpasa Sutculerde","Kiralık Müstakil Ev","2 + 1","100 m²","3 Yaşında","·","Kat","","İzmir / Kemalpaşa / Sütçüler Mah.","https://www.hepsiemlak.com/_nuxt/8cafc93fb5c74c75e9e04e528e02ccdf.jpg","","WhatsApp",""
"https://www.hepsiemlak.com/izmir-menemen-istiklal-kiralik/daire/61148-2544","1 / 22","28.000","11/08/2026","Egekent-2 İstiklal Mah. Site İçi 3+1 Çift Cephe Kiralık Daire !!","Kiralık Daire","3 + 1","130 m²","3 Yaşında","·","Kat","Yüksek Giriş","İzmir / Menemen / İstiklal Mah.","https://www.hepsiemlak.com/_nuxt/8cafc93fb5c74c75e9e04e528e02ccdf.jpg","Kumsal Gayrimenkul","WhatsApp","https://www.hepsiemlak.com/_nuxt/8cafc93fb5c74c75e9e04e528e02ccdf.jpg"
"https://www.hepsiemlak.com/izmir-karabaglar-muammer-akar-kiralik/daire/26467-6819","1 / 22","48.000","03/09/2026","İnönü Caddesi Üzerinde Göztepe Stadı Karşısı Kiralık 3+1 Daire","Kiralık Daire","3 + 1","130 m²","51 Yaşında","·","Kat","1. Kat","İzmir / Karabağlar / Muammer Akar Mah.","https://www.hepsiemlak.com/_nuxt/8cafc93fb5c74c75e9e04e528e02ccdf.jpg","Turyap Üçyol Temsilciliği","WhatsApp","https://www.hepsiemlak.com/_nuxt/8cafc93fb5c74c75e9e04e528e02ccdf.jpg"
"https://www.hepsiemlak.com/izmir-narlidere-ilica-kiralik/daire/100015-1618","1 / 22","60.000","03/09/2026","Ilıca Mah De Engelliye Uygun Asansörlü Genis,3+1 Kıralık Daire","Kiralık Daire","3 + 1","155 m²","30 Yaşında","·","Kat","1. Kat","İzmir / Narlıdere / Ilıca Mah.","https://www.hepsiemlak.com/_nuxt/8cafc93fb5c74c75e9e04e528e02ccdf.jpg","Aysarı Gayrimenkul Danışmanlığı","WhatsApp","https://www.hepsiemlak.com/_nuxt/8cafc93fb5c74c75e9e04e528e02ccdf.jpg"
"https://www.hepsiemlak.com/izmir-karabaglar-basin-sitesi-kiralik/daire/16596-1227","1 / 14","25.000","04/09/2026","Basın Sitesinde 2+1 Doğalgazlı Ferah Arakat Daire","Kiralık Daire","2 + 1","85 m²","38 Yaşında","·","Kat","1. Kat","İzmir / Karabağlar / Basın Sitesi Mah.","https://www.hepsiemlak.com/_nuxt/8cafc93fb5c74c75e9e04e528e02ccdf.jpg","","WhatsApp",""
"https://www.hepsiemlak.com/izmir-karsiyaka-semikler-kiralik/daire/45472-579","1 / 25","31.000","01/09/2026","Karşıyaka Şemikler De Kiralık 2+1 Daire","Kiralık Daire","2 + 1","95 m²","11 Yaşında","·","Kat","2. Kat","İzmir / Karşıyaka / Şemikler Mah.","https://www.hepsiemlak.com/_nuxt/8cafc93fb5c74c75e9e04e528e02ccdf.jpg","Vale Gayrimenkul","WhatsApp","https://www.hepsiemlak.com/_nuxt/8cafc93fb5c74c75e9e04e528e02ccdf.jpg"
"https://www.hepsiemlak.com/izmir-cigli-yeni-mahalle-kiralik/daire/31745-23389","1 / 25","57.000","07/09/2026","Park Yaşam Ataşehir Site Komşunuz Aytuğ Türkeköle 2+1 Kiralık","Kiralık Daire","2 + 1","125 m²","8 Yaşında","·","Kat","2. Kat","İzmir / Çiğli / Yeni Mahalle Mah.","https://hecdnnw.hemlak.com/mncropresize/77/67/logo/5/4/7/1/3/0/6718b45f-7eab-4495-a6ae-e40f674f4b91.jpg","Kw Alesta-viya-orsa 5","WhatsApp",""
"https://www.hepsiemlak.com/izmir-menemen-gazi-mustafa-kemal-kiralik/daire/2186-12704","1 / 29","35.000","27/08/2026","Menemen Seyrekte Geniş Ve Ferah 3+1 Kiralık Daire","Kiralık Daire","3 + 1","140 m²","12 Yaşında","·","Kat","3. Kat","İzmir / Menemen / Gazi Mustafa Kemal Mah.","https://hecdnnw.hemlak.com/mncropresize/77/67/logo/6/8/1/2/0/0/5dd54d82-40a8-4053-b1d2-b37f691b512a.jpg","Köycüler Gayrimenkul Limited","WhatsApp","https://hecdnnw.hemlak.com/mncropresize/77/67/firmuser/6/8/1/2/0/0/7a626b75-e5d5-4302-a8b6-64a896d52664.jpg"
"https://www.hepsiemlak.com/izmir-karsiyaka-fikri-altay-kiralik/daire/5823-2835","1 / 29","43.000","03/09/2026","Turpa Girne Temsilciliğinden Genç Bina Da 3+1 Kiralık Daire","Kiralık Daire","3 + 1","125 m²","11 Yaşında","·","Kat","2. Kat","İzmir / Karşıyaka / Fikri Altay Mah.","","","WhatsApp",""
"https://www.hepsiemlak.com/izmir-karsiyaka-mavisehir-kiralik/daire/1239-4822","1 / 29","62.000","25/08/2026","Mavişehir Kiralık Ara 4+1 Daire. (1.Etap)","Kiralık Daire","4 + 1","180 m²","30 Yaşında","·","Kat","1. Kat","İzmir / Karşıyaka / Mavişehir Mah.","https://hecdn01.hemlak.com/mncropresize/182/137/ds01/7/2/2/7/8/1/7/4/fe633f41-7818-42b8-a7d2-d84d0a27fddd.jpg","Vision Gayrimenkul","WhatsApp","https://hecdnnw.hemlak.com/mncropresize/77/67/logo/9/3/2/1/0/0/000f17a4-bb2d-4e9e-a56b-0a66d26527df.jpg"
"https://www.hepsiemlak.com/izmir-karsiyaka-bostanli-kiralik/daire/80904-1247","1 / 29","45.000","24/08/2026","Karşıyaka,Bostanlı'da Merkezi Konumda Eşyalı Kiralık 1+1","Kiralık Daire","1 + 1","55 m²","6 Yaşında","·","Kat","1. Kat","İzmir / Karşıyaka / Bostanlı Mah.","https://www.hepsiemlak.com/_nuxt/8cafc93fb5c74c75e9e04e528e02ccdf.jpg","","WhatsApp",""
"https://www.hepsiemlak.com/izmir-konak-gunesli-kiralik/daire/9709-5165","1 / 21","27.500","29/08/2026","Egepol Hastanesi Yakını 2+1 80 M2 10 Yıllık Bina Ankastre Mutfak Doğalgazlı Çift Cephe Bakımlı Daire","Kiralık Daire","2 + 1","80 m²","10 Yaşında","·","Kat","2. Kat","İzmir / Konak / Güneşli Mah.","https://www.hepsiemlak.com/_nuxt/8cafc93fb5c74c75e9e04e528e02ccdf.jpg","Üçyol Gayrimenkul","WhatsApp","https://www.hepsiemlak.com/_nuxt/8cafc93fb5c74c75e9e04e528e02ccdf.jpg"
"https://www.hepsiemlak.com/izmir-buca-kurucesme-kiralik/daire/105193-132","1 / 9","23.000","03/09/2026","Kuruçeşme Mahlesinde Rezidansta 1+1 Daire Eşyalı Ve Eşyasız","Kiralık Daire","1 + 1","55 m²","Sıfır Bina","·","Kat","8. Kat","İzmir / Buca / Kuruçeşme Mah.","https://www.hepsiemlak.com/_nuxt/8cafc93fb5c74c75e9e04e528e02ccdf.jpg","Bucakoop Boranem Gayrimenkul","WhatsApp","https://www.hepsiemlak.com/_nuxt/8cafc93fb5c74c75e9e04e528e02ccdf.jpg"
"https://www.hepsiemlak.com/izmir-selcuk-zafer-kiralik/daire/167546-95","1 / 9","30.000","06/09/2026","Zafer Mahallesi’nde Merkezi Konumda Doğalgazlı 2+1 Kiralık Daire","Kiralık Daire","2 + 1","100 m²","15 Yaşında","·","Kat","1. Kat","İzmir / Selçuk / Zafer Mah.","https://www.hepsiemlak.com/_nuxt/8cafc93fb5c74c75e9e04e528e02ccdf.jpg","Nc Selçuk Emlak","WhatsApp","https://www.hepsiemlak.com/_nuxt/8cafc93fb5c74c75e9e04e528e02ccdf.jpg"
"https://www.hepsiemlak.com/izmir-karabaglar-metin-oktay-kiralik/daire/34836-1052","1 / 18","26.000","08/09/2026","Metin Oktay Mah. Asmaçatı Gayrimenkul'den Kiralık Daire","Kiralık Daire","2 + 1","98 m²","33 Yaşında","·","Kat","1. Kat","İzmir / Karabağlar / Metin Oktay Mah.","https://www.hepsiemlak.com/_nuxt/8cafc93fb5c74c75e9e04e528e02ccdf.jpg","","WhatsApp",""
"https://www.hepsiemlak.com/izmir-bayrakli-org-nafiz-gurman-kiralik/daire/21001-18896","1 / 25","15.000","08/09/2026","Nafiz Gürman Mahallesi Kiralık Giriş Kat Bakımlı 2+1 Çiğliserkan","Kiralık Daire","2 + 1","85 m²","26 Yaşında","·","Kat","Giriş Katı","İzmir / Bayraklı / Org. Nafiz Gürman Mah.","https://www.hepsiemlak.com/_nuxt/8cafc93fb5c74c75e9e04e528e02ccdf.jpg","Çiğli Serkan Emlak","WhatsApp","https://www.hepsiemlak.com/_nuxt/8cafc93fb5c74c75e9e04e528e02ccdf.jpg"
"https://www.hepsiemlak.com/izmir-buca-kurucesme-kiralik/daire/70103-1454","1 / 11","24.000","07/09/2026","Tınaztepe Üniversite Karşısında 1+1 Full Eşyalı Kiralık Daire","Kiralık Daire","1 + 1","55 m²","5 Yaşında","·","Kat","1. Kat","İzmir / Buca / Kuruçeşme Mah.","https://www.hepsiemlak.com/_nuxt/8cafc93fb5c74c75e9e04e528e02ccdf.jpg","Egebay Gayrimenkul","WhatsApp","https://www.hepsiemlak.com/_nuxt/8cafc93fb5c74c75e9e04e528e02ccdf.jpg"
"https://www.hepsiemlak.com/izmir-bayrakli-cicek-kiralik/daire/169975-25","1 / 12","30.000","02/09/2026","Keynest'den Bayraklı Gazi Meydanı 3+1 Eşyalı Kiralık Daire","Kiralık Daire","3 + 1","130 m²","31 Yaşında","·","Kat","2. Kat","İzmir / Bayraklı / Çiçek Mah.","https://www.hepsiemlak.com/_nuxt/8cafc93fb5c74c75e9e04e528e02ccdf.jpg","Keynest Gayrimenkul","WhatsApp",""
"https://www.hepsiemlak.com/izmir-bayrakli-mansuroglu-kiralik/daire/35475-8040","1 / 28","38.000","02/09/2026","İzmir Bayraklı Mansuroğlu Kiralık 3+1 Geniş Daire","Kiralık Daire","3 + 1","130 m²","26 Yaşında","·","Kat","5. Kat","İzmir / Bayraklı / Mansuroğlu Mah.","https://www.hepsiemlak.com/_nuxt/8cafc93fb5c74c75e9e04e528e02ccdf.jpg","Turyap Bayraklı Temsilciliği","WhatsApp","https://www.hepsiemlak.com/_nuxt/8cafc93fb5c74c75e9e04e528e02ccdf.jpg"
"https://www.hepsiemlak.com/izmir-buca-menderes-kiralik/daire/126264-3018","1 / 28","38.000","14/08/2026","Buca Menderes Mah, 3+1, Doğalgazlı, Kiralık Daire","Kiralık Daire","3 + 1","120 m²","30 Yaşında","·","Kat","4. Kat","İzmir / Buca / Menderes Mah.","https://www.hepsiemlak.com/_nuxt/8cafc93fb5c74c75e9e04e528e02ccdf.jpg","Remax Arma","WhatsApp","https://www.hepsiemlak.com/_nuxt/8cafc93fb5c74c75e9e04e528e02ccdf.jpg"
"https://www.hepsiemlak.com/izmir-menemen-ugur-mumcu-kiralik/daire/125593-202","1 / 20","30.000","08/09/2026","Menemen Hastane Yakını Manisa Yolunda Kiralık 3+1","Kiralık Daire","3 + 1","150 m²","10 Yaşında","·","Kat","Ara Kat","İzmir / Menemen / Uğur Mumcu Mah.","https://www.hepsiemlak.com/_nuxt/8cafc93fb5c74c75e9e04e528e02ccdf.jpg","","WhatsApp",""
"https://www.hepsiemlak.com/izmir-odemis-inonu-kiralik/daire/127956-661","1 / 20","20.000","31/08/2026","Gökçe Bağçivan Gayrimenkulden Merkezi Lokasyonda Ön Cephe Ferah Daire","Kiralık Daire","3 + 1","140 m²","30 Yaşında","·","Kat","En Üst Kat","İzmir / Ödemiş / İnönü Mah.","https://www.hepsiemlak.com/_nuxt/8cafc93fb5c74c75e9e04e528e02ccdf.jpg","","WhatsApp",""
"https://www.hepsiemlak.com/izmir-bornova-erzene-kiralik/daire/7044-6933","1 / 12","30.000","07/09/2026","Ege Emlak'tan Evka-3 Metro İstasyonu Yakını 3+1 Doğalgaz Kombi Isıtmalı Daire","Kiralık Daire","3 + 1","130 m²","30 Yaşında","·","Kat","5. Kat","İzmir / Bornova / Erzene Mah.","https://www.hepsiemlak.com/_nuxt/8cafc93fb5c74c75e9e04e528e02ccdf.jpg","","WhatsApp",""
"https://www.hepsiemlak.com/izmir-balcova-onur-kiralik/daire/77321-1198","1 / 12","35.000","04/09/2026","İzmir Balçova Onur Mah Metro Avm Ana Cad Yürüme Mesafesinde 2+1 Eşyalı Termal Klimalı Kiralık Daire","Kiralık Daire","2 + 1","90 m²","35 Yaşında","·","Kat","3. Kat","İzmir / Balçova / Onur Mah.","https://www.hepsiemlak.com/_nuxt/8cafc93fb5c74c75e9e04e528e02ccdf.jpg","","WhatsApp",""
"https://www.hepsiemlak.com/izmir-bornova-mevlana-kiralik/daire/3167-2076","1 / 17","36.000","25/08/2026","Bornova Mevlana Mahallesinde İkon Loft'ta 1+1 Eşyalı Daire","Kiralık Daire","1 + 1","45 m²","6 Yaşında","·","Kat","6. Kat","İzmir / Bornova / Mevlana Mah.","https://www.hepsiemlak.com/_nuxt/8cafc93fb5c74c75e9e04e528e02ccdf.jpg","Koyuncu Emlak","WhatsApp",""
"https://www.hepsiemlak.com/izmir-karsiyaka-bahcelievler-kiralik/daire/109132-543","1 / 12","40.000","25/08/2026","Karşiyaka Merkezde Köşe Konumlu Son Kat Daire","Kiralık Daire","3 + 1","140 m²","34 Yaşında","·","Kat","4. Kat","İzmir / Karşıyaka / Bahçelievler Mah.","https://www.hepsiemlak.com/_nuxt/8cafc93fb5c74c75e9e04e528e02ccdf.jpg","Gülşen Emlak","WhatsApp","https://www.hepsiemlak.com/_nuxt/8cafc93fb5c74c75e9e04e528e02ccdf.jpg"
"https://www.hepsiemlak.com/izmir-bornova-evka-3-kiralik/daire/117461-5222","1 / 35","45.000","05/09/2026","Bornova Evka 3 Kiralık 3+1 Doğalgazlı Daire","Kiralık Daire","3 + 1","120 m²","26 Yaşında","·","Kat","2. Kat","İzmir / Bornova / Evka 3 Mah.","https://www.hepsiemlak.com/_nuxt/8cafc93fb5c74c75e9e04e528e02ccdf.jpg","","WhatsApp",""
"https://www.hepsiemlak.com/izmir-bayrakli-sogukkuyu-kiralik/daire/30707-4406","1 / 31","42.000","02/09/2026","Kahandan Bayraklı Yenigirnede Kiralık 3+1 Daire","Kiralık Daire","3 + 1","140 m²","25 Yaşında","·","Kat","10. Kat","İzmir / Bayraklı / Soğukkuyu Mah.","https://www.hepsiemlak.com/_nuxt/8cafc93fb5c74c75e9e04e528e02ccdf.jpg","","WhatsApp",""
"https://www.hepsiemlak.com/izmir-karsiyaka-bahriye-ucok-kiralik/daire/8047-2349","1 / 48","52.500","02/09/2026","Girne Cad. Yakını 3+1 160 M2 Full Tadilatlı Köşe Daire","Kiralık Daire","3 + 1","160 m²","33 Yaşında","·","Kat","2. Kat","İzmir / Karşıyaka / Bahriye Üçok Mah.","https://www.hepsiemlak.com/_nuxt/8cafc93fb5c74c75e9e04e528e02ccdf.jpg","Ülkü Emlak","WhatsApp","https://www.hepsiemlak.com/_nuxt/8cafc93fb5c74c75e9e04e528e02ccdf.jpg"
"https://www.hepsiemlak.com/izmir-buca-yaylacik-kiralik/daire/169765-33","1 / 16","22.000","02/09/2026","Buca Yaylacıkta Kiralık Eşyalı Daire","Kiralık Daire","1 + 1","60 m²","5 Yaşında","·","Kat","3. Kat","İzmir / Buca / Yaylacık Mah.","https://www.hepsiemlak.com/_nuxt/8cafc93fb5c74c75e9e04e528e02ccdf.jpg","","WhatsApp",""
"https://www.hepsiemlak.com/izmir-torbali-muratbey-kiralik/daire/160791-549","1 / 16","18.000","08/09/2026","57m2 | 1+1 | Cam Balkon | Muratbey Mah| Ankastreli","Kiralık Daire","1 + 1","61 m²","Sıfır Bina","·","Kat","Yüksek Giriş","İzmir / Torbalı / Muratbey Mah.","","Royal Gayrimenkul","WhatsApp","https://hecdnnw.hemlak.com/mncropresize/77/67/firmuser/6/7/9/5/9/4/4/3f14dc18-d463-44ae-b008-fa313867fca9.jpg"
"https://www.hepsiemlak.com/izmir-torbali-fevzi-cakmak-kiralik/daire/169719-78","1 / 15","42.000","07/09/2026","Ayrancılar Barış Manço Cadde Üzeri Ön Cephe Full Eşyalı Kiralık 3+1 Daire","Kiralık Daire","3 + 1","135 m²","5 Yaşında","·","Kat","En Üst Kat","İzmir / Torbalı / Fevzi Çakmak Mah.","https://hecdnnw.hemlak.com/mncropresize/77/67/logo/9/1/7/9/6/1/64ac9878-7eb3-4914-9306-5e0f0df44220.jpg","Azur Gayrimenkul","WhatsApp",""
"https://www.hepsiemlak.com/izmir-bornova-merkez-kiralik/daire/0-47261516","1 / 19","16.000","07/09/2026","Sahibinden 3+1","Kiralık Daire","2 + 1","100 m²","35 Yaşında","·","Kat","Yüksek Giriş","İzmir / Bornova / Merkez Mah.","","","WhatsApp",""
"https://www.hepsiemlak.com/izmir-karabaglar-gunaltay-kiralik/daire/144436-231","1 / 24","17.000","06/09/2026","Kiralık Geniş 2+1 Daire","Kiralık Daire","2 + 1","120 m²","31 Yaşında","·","Kat","1. Kat","İzmir / Karabağlar / Günaltay Mah.","https://hecdn01.hemlak.com/mncropresize/182/137/ds01/2/7/8/4/5/2/7/4/760db3c7-8ded-448f-b9a9-96ec2227d967.jpg","","WhatsApp",""
"https://www.hepsiemlak.com/izmir-seferihisar-mersin-alani-kiralik/daire/151932-224","1 / 16","22.500","05/09/2026","Seferihisar Ürkmezde Kiralık Bahçeli 2+1 Daire","Kiralık Daire","2 + 1","85 m²","10 Yaşında","·","Kat","Giriş Katı","İzmir / Seferihisar / Mersin Alanı Mah.","https://www.hepsiemlak.com/_nuxt/8cafc93fb5c74c75e9e04e528e02ccdf.jpg","Ars Emlak Gayrimenkul","WhatsApp","https://www.hepsiemlak.com/_nuxt/8cafc93fb5c74c75e9e04e528e02ccdf.jpg"
"https://www.hepsiemlak.com/izmir-aliaga-sakran-sayfiye-kiralik/daire/164631-54","1 / 24","60.000","06/09/2026","Aliağa Şakran Denize Yakın Eşyalı Müstakil Trıbleks","Kiralık Daire","4 + 1","250 m²","16 Yaşında","·","Kat","Zemin","İzmir / Aliağa / Şakran Sayfiye Mah.","https://www.hepsiemlak.com/_nuxt/8cafc93fb5c74c75e9e04e528e02ccdf.jpg","","WhatsApp",""
"https://www.hepsiemlak.com/izmir-selcuk-ataturk-kiralik/daire/128854-350","1 / 18","30.000","05/09/2026","İzmir Selçuk Atatürk Mahallesi'nde 3 + 1 Doğalgazlı Kiralık Ev","Kiralık Daire","3 + 1","120 m²","26 Yaşında","·","Kat","2. Kat","İzmir / Selçuk / Atatürk Mah.","https://www.hepsiemlak.com/_nuxt/8cafc93fb5c74c75e9e04e528e02ccdf.jpg","Seher Şahan Gayrımenkul Ve Yatırım Danısmanlıgı","WhatsApp","https://www.hepsiemlak.com/_nuxt/8cafc93fb5c74c75e9e04e528e02ccdf.jpg"
"https://www.hepsiemlak.com/izmir-odemis-bengisu-kiralik/daire/167941-50","1 / 30","20.000","05/09/2026","Bengisu Mahallesinde Kiralik Zemin Üstü","Kiralık Daire","3 + 1","110 m²","30 Yaşında","·","Kat","1. Kat","İzmir / Ödemiş / Bengisu Mah.","https://www.hepsiemlak.com/_nuxt/8cafc93fb5c74c75e9e04e528e02ccdf.jpg","","WhatsApp",""
"https://www.hepsiemlak.com/izmir-bergama-bahcelievler-kiralik/daire/135905-351","1 / 16","20.000","04/09/2026","Bahcelievler Mahallesi Cadde Üzeri Geniș 3+1 Kiralık Daire","Kiralık Daire","3 + 1","145 m²","18 Yaşında","·","Kat","1. Kat","İzmir / Bergama / Bahçelievler Mah.","https://www.hepsiemlak.com/_nuxt/8cafc93fb5c74c75e9e04e528e02ccdf.jpg","","WhatsApp",""
"https://www.hepsiemlak.com/izmir-buca-kozagac-kiralik/daire/111716-1804","1 / 42","22.000","09/09/2026","Buca Pazaryeri Arakat 1+1 D.Gazli Yeni Bina Otomatik Panjurlu Kiralik Daire","Kiralık Daire","1 + 1","55 m²","5 Yaşında","·","Kat","3. Kat","İzmir / Buca / Kozağaç Mah.","https://www.hepsiemlak.com/_nuxt/8cafc93fb5c74c75e9e04e528e02ccdf.jpg","Buca Boranem Gayrimenkul","WhatsApp","https://www.hepsiemlak.com/_nuxt/8cafc93fb5c74c75e9e04e528e02ccdf.jpg"
"https://www.hepsiemlak.com/izmir-menemen-esatpasa-kiralik/daire/163807-50","1 / 31","20.000","04/09/2026","Menemen Merkezde 3+1 Kiralık Daire","Kiralık Daire","3 + 1","110 m²","31 Yaşında","·","Kat","4. Kat","İzmir / Menemen / Esatpaşa Mah.","https://www.hepsiemlak.com/_nuxt/8cafc93fb5c74c75e9e04e528e02ccdf.jpg","","WhatsApp",""
"https://www.hepsiemlak.com/izmir-buca-ataturk-kiralik/daire/0-47241859","1 / 20","40.000","03/09/2026","Sahibinden Kiralık","Kiralık Daire","4 + 1","165 m²","15 Yaşında","·","Kat","Yüksek Giriş","İzmir / Buca / Atatürk Mah.","https://www.hepsiemlak.com/_nuxt/8cafc93fb5c74c75e9e04e528e02ccdf.jpg","","WhatsApp",""
"https://www.hepsiemlak.com/izmir-karsiyaka-aksoy-kiralik/daire/168700-15","1 / 18","29.000","07/09/2026","Girne Caddesinde Sahile Yakın 2+1 Ferah Daire","Kiralık Daire","2 + 1","80 m²","31 Yaşında","·","Kat","4. Kat","İzmir / Karşıyaka / Aksoy Mah.","https://www.hepsiemlak.com/_nuxt/8cafc93fb5c74c75e9e04e528e02ccdf.jpg","","WhatsApp",""
"https://www.hepsiemlak.com/izmir-cesme-cakabey-kiralik/residence/148194-288","1 / 26","65.000","01/09/2026","Boyalık İnn Projesinde Yıllık Kiralık 1+1 Bahçe Katı","Kiralık Residence","1 + 1","60 m²","5 Yaşında","·","Kat","Bahçe Katı","İzmir / Çeşme / Çakabey Mah.","https://www.hepsiemlak.com/_nuxt/8cafc93fb5c74c75e9e04e528e02ccdf.jpg","Ezel Emlak","WhatsApp","https://www.hepsiemlak.com/_nuxt/8cafc93fb5c74c75e9e04e528e02ccdf.jpg"
"https://www.hepsiemlak.com/izmir-karabaglar-refet-bele-kiralik/daire/142820-17","1 / 20","20.000","01/09/2026","Karabağlar Refet Bele Mahallesinde 3+1 Barbekülü Teraslı Kiralık Daire","Kiralık Daire","3 + 1","110 m²","25 Yaşında","·","Kat","4. Kat","İzmir / Karabağlar / Refet Bele Mah.","https://www.hepsiemlak.com/_nuxt/8cafc93fb5c74c75e9e04e528e02ccdf.jpg","Cemal Gümüş Emlak","WhatsApp","https://www.hepsiemlak.com/img/loadings/noImage55-55.png"
"https://www.hepsiemlak.com/izmir-kemalpasa-sekiz-eylul-kiralik/daire/168372-130","1 / 27","36.000","02/09/2026","Kemalpaşa Sekiz Eylül Mahallesinde Kiralık Geniş 3+1 Daire","Kiralık Daire","3 + 1","140 m²","26 Yaşında","·","Kat","3. Kat","İzmir / Kemalpaşa / Sekiz Eylül Mah.","https://www.hepsiemlak.com/_nuxt/8cafc93fb5c74c75e9e04e528e02ccdf.jpg","İzmirim Gayrimenkul Kemalpaşa","WhatsApp","https://www.hepsiemlak.com/_nuxt/8cafc93fb5c74c75e9e04e528e02ccdf.jpg"
"https://www.hepsiemlak.com/izmir-menemen-9-eylul-kiralik/daire/74559-186","1 / 34","75.000","05/09/2026","Keyif, Konfor, Havuz, Güvenlik Oyun-Spor Alanları","Kiralık Daire","3 + 1","178 m²","11 Yaşında","·","Kat","Bahçe Katı","İzmir / Menemen / 9 Eylül Mah.","https://www.hepsiemlak.com/_nuxt/8cafc93fb5c74c75e9e04e528e02ccdf.jpg","","WhatsApp",""
"https://www.hepsiemlak.com/izmir-urla-torasan-kiralik/villa/125199-903","1 / 45","120.000","31/08/2026","Urla Torasanda 3+1 Kiralık Tam Müstakil","Kiralık Villa","3 + 1","160 m²","2 Yaşında","·","Kat","","İzmir / Urla / Torasan Mah.","https://www.hepsiemlak.com/_nuxt/8cafc93fb5c74c75e9e04e528e02ccdf.jpg","Akkaya Gayrimenkul","WhatsApp","https://www.hepsiemlak.com/_nuxt/8cafc93fb5c74c75e9e04e528e02ccdf.jpg"
"https://www.hepsiemlak.com/izmir-kemalpasa-mehmet-akif-ersoy-kiralik/daire/169126-65","1 / 39","30.000","29/08/2026","Geniş 3+1 Fırsat Kiralık Daire","Kiralık Daire","3 + 1","170 m²","6 Yaşında","·","Kat","4. Kat","İzmir / Kemalpaşa / Mehmet Akif Ersoy Mah.","https://www.hepsiemlak.com/_nuxt/8cafc93fb5c74c75e9e04e528e02ccdf.jpg","Fiyaka Gayrimenkul Yatırım Danışmanlığı","WhatsApp","https://www.hepsiemlak.com/_nuxt/8cafc93fb5c74c75e9e04e528e02ccdf.jpg"
"https://www.hepsiemlak.com/izmir-cigli-kucuk-cigli-kiralik/daire/138064-173","1 / 28","19.500","28/08/2026","Çiğli Küçükçiğli Santral Durağı'nda Kiralık 2+1 Daire","Kiralık Daire","2 + 1","100 m²","31 Yaşında","·","Kat","3. Kat","İzmir / Çiğli / Küçük Çiğli Mah.","https://www.hepsiemlak.com/_nuxt/8cafc93fb5c74c75e9e04e528e02ccdf.jpg","","WhatsApp",""
"https://www.hepsiemlak.com/izmir-karsiyaka-ornekkoy-kiralik/daire/148213-627","1 / 38","50.000","01/09/2026","Karşıyaka Örnekköy Mahallesi'nde Kiralık 3+1 Daire","Kiralık Daire","3 + 1","150 m²","11 Yaşında","·","Kat","9. Kat","İzmir / Karşıyaka / Örnekköy Mah.","https://www.hepsiemlak.com/_nuxt/8cafc93fb5c74c75e9e04e528e02ccdf.jpg","Startkey Ata Gayrimenkul","WhatsApp","https://www.hepsiemlak.com/_nuxt/8cafc93fb5c74c75e9e04e528e02ccdf.jpg"
"https://www.hepsiemlak.com/izmir-buca-ataturk-kiralik/daire/0-47207221","1 / 18","23.000","28/08/2026","Sahibinden Büyük 1+1 Daire Balkonlu Koridorlu Kısmi Eşyalı Merkezi Konum Üniversite Yakını","Kiralık Daire","1 + 1","55 m²","8 Yaşında","·","Kat","2. Kat","İzmir / Buca / Atatürk Mah.","https://www.hepsiemlak.com/_nuxt/8cafc93fb5c74c75e9e04e528e02ccdf.jpg","","WhatsApp",""
"https://www.hepsiemlak.com/izmir-buca-sirinkapi-kiralik/daire/169249-20","1 / 26","28.000","25/08/2026","Buca Tenis Kulübü Yanında Kiralık 1+1 Daire","Kiralık Daire","1 + 1","55 m²","2 Yaşında","·","Kat","2. Kat","İzmir / Buca / Şirinkapı Mah.","https://www.hepsiemlak.com/_nuxt/8cafc93fb5c74c75e9e04e528e02ccdf.jpg","Gülsa Gayrimenkul","WhatsApp",""
"https://www.hepsiemlak.com/izmir-foca-cumhuriyet-kiralik/mustakil-ev/168460-64","1 / 60","49.000","28/08/2026","Yenifoça Sahil Evlerinde 3+1 Müstakil, Eşyalı Kiralık Ev","Kiralık Müstakil Ev","3 + 1","180 m²","16 Yaşında","","","","İzmir / Foça / Cumhuriyet Mah.","https://www.hepsiemlak.com/_nuxt/8cafc93fb5c74c75e9e04e528e02ccdf.jpg","","WhatsApp",""
"https://www.hepsiemlak.com/izmir-menderes-altintepe-kiralik/daire/105886-347","1 / 20","50.000","25/08/2026","Q'zen Den Havuzlu Site İçerisinde Son 135 M2 3+1","Kiralık Daire","3 + 1","135 m²","Sıfır Bina","·","Kat","4. Kat","İzmir / Menderes / Altıntepe Mah.","https://hecdnnw.hemlak.com/mncropresize/77/67/logo/6/8/8/5/0/1/4114663a-9cf5-4e14-9027-5e188c0cc926.jpg","Qzen Gayrimenkul","WhatsApp",""
"https://www.hepsiemlak.com/izmir-tire-4-eylul-kiralik/daire/165546-57","1 / 20","18.000","24/08/2026","Derin Emlak'tan Dört Eylül Mahallesinde 3+1 Geniş Kiralık Daire","Kiralık Daire","3 + 1","120 m²","26 Yaşında","·","Kat","3. Kat","İzmir / Tire / 4 Eylül Mah.","","","WhatsApp",""
"https://www.hepsiemlak.com/izmir-karsiyaka-donanmaci-kiralik/daire/2183-1320","1 / 38","32.500","31/08/2026","Karsıyaka Camlıkta Dogalgazlı Sahıle Yakın","Kiralık Daire","2 + 1","100 m²","40 Yaşında","·","Kat","4. Kat","İzmir / Karşıyaka / Donanmacı Mah.","","","WhatsApp",""
"https://www.hepsiemlak.com/izmir-konak-barbaros-kiralik/yali-dairesi/160099-159","1 / 34","55.000","08/09/2026","Karataş'da Kiralık 3+1 1.Kat 160 M2 Yalı Dairesi","Kiralık Yalı Dairesi","3 + 1","160 m²","45 Yaşında","·","Kat","1. Kat","İzmir / Konak / Barbaros Mah.","https://hecdn01.hemlak.com/mncropresize/182/137/ds01/6/4/7/4/7/1/7/4/597c9c3a-56b0-4f5f-9db5-6f8da6b5799e.jpg","","WhatsApp",""
"https://www.hepsiemlak.com/izmir-guzelbahce-yali-kiralik/daire/159077-135","1 / 21","55.000","07/09/2026","Güzelbahçe Yalı Mahallesn'de Kiralık 2+1","Kiralık Daire","2 + 1","100 m²","1 Yaşında","·","Kat","2. Kat","İzmir / Güzelbahçe / Yalı Mah.","https://www.hepsiemlak.com/_nuxt/8cafc93fb5c74c75e9e04e528e02ccdf.jpg","Turpa Black Gayrimenkul","WhatsApp","https://www.hepsiemlak.com/_nuxt/8cafc93fb5c74c75e9e04e528e02ccdf.jpg"
"https://www.hepsiemlak.com/izmir-seferihisar-colak-ibrahim-bey-kiralik/daire/154170-429","1 / 20","21.500","21/08/2026","Seferihisar Nejat Hepkon Mahallesi'nde Lüx 1+1 Kiralık Daire","Kiralık Daire","1 + 1","55 m²","1 Yaşında","·","Kat","1. Kat","İzmir / Seferihisar / Çolak İbrahim Bey Mah.","https://www.hepsiemlak.com/_nuxt/8cafc93fb5c74c75e9e04e528e02ccdf.jpg","Coldwell Banker Saygın","WhatsApp","https://www.hepsiemlak.com/_nuxt/8cafc93fb5c74c75e9e04e528e02ccdf.jpg"
"https://www.hepsiemlak.com/izmir-karsiyaka-bahcelievler-kiralik/daire/0-47152743","1 / 16","40.000","19/08/2026","Sahibinden | Önü Açık, Ferah Salon, Merkezi Konum","Kiralık Daire","3 + 1","120 m²","30 Yaşında","·","Kat","5. Kat","İzmir / Karşıyaka / Bahçelievler Mah.","https://www.hepsiemlak.com/_nuxt/8cafc93fb5c74c75e9e04e528e02ccdf.jpg","","WhatsApp",""
"https://www.hepsiemlak.com/izmir-narlidere-yenikale-kiralik/daire/151057-150","1 / 31","47.000","07/09/2026","Narlıdere Yenikale Kiralık 3+1 Daire","Kiralık Daire","3 + 1","180 m²","30 Yaşında","·","Kat","Ara Kat","İzmir / Narlıdere / Yenikale Mah.","https://www.hepsiemlak.com/_nuxt/8cafc93fb5c74c75e9e04e528e02ccdf.jpg","Turpa Mavi","WhatsApp","https://www.hepsiemlak.com/_nuxt/8cafc93fb5c74c75e9e04e528e02ccdf.jpg"
"https://www.hepsiemlak.com/izmir-karsiyaka-bahariye-kiralik/daire/0-47142088","1 / 23","31.000","18/08/2026","Alaybey İzbana 1 Dakika Mesafede 3+1 Kiralık Daire","Kiralık Daire","3 + 1","115 m²","25 Yaşında","·","Kat","3. Kat","İzmir / Karşıyaka / Bahariye Mah.","https://www.hepsiemlak.com/_nuxt/8cafc93fb5c74c75e9e04e528e02ccdf.jpg","","WhatsApp",""
"https://www.hepsiemlak.com/izmir-menemen-ahihidir-kiralik/daire/169551-56","1 / 39","32.000","17/08/2026","Menemen Ahıhıdırda Havuzlu Sitede Lüks 3+1 Kiralık Daire","Kiralık Daire","3 + 1","135 m²","1 Yaşında","·","Kat","5. Kat","İzmir / Menemen / Ahıhıdır Mah.","https://www.hepsiemlak.com/_nuxt/8cafc93fb5c74c75e9e04e528e02ccdf.jpg","Steelon Gayrimenkul","WhatsApp","https://www.hepsiemlak.com/_nuxt/8cafc93fb5c74c75e9e04e528e02ccdf.jpg"
"https://www.hepsiemlak.com/izmir-bergama-fatih-kiralik/daire/136720-303","1 / 16","23.000","17/08/2026","Bergama Emniyet Müdürlüğü Yanı 2+1 Kiralık","Kiralık Daire","2 + 1","85 m²","5 Yaşında","·","Kat","3. Kat","İzmir / Bergama / Fatih Mah.","https://www.hepsiemlak.com/_nuxt/8cafc93fb5c74c75e9e04e528e02ccdf.jpg","","WhatsApp",""
"https://www.hepsiemlak.com/izmir-bergama-ataturk-kiralik/daire/164542-138","1 / 28","22.000","26/08/2026","Realiva'dan Bergama'da 2+1 Kiralık Daire","Kiralık Daire","2 + 1","77 m²","Sıfır Bina","·","Kat","2. Kat","İzmir / Bergama / Atatürk Mah.","https://www.hepsiemlak.com/_nuxt/8cafc93fb5c74c75e9e04e528e02ccdf.jpg","","WhatsApp",""
"https://www.hepsiemlak.com/izmir-bornova-erzene-kiralik/daire/0-47128883","1 / 18","40.000","06/09/2026","Ege Üniversitesi Ve Ege Üniversitesi Hastanesi Yürüme Mesafesinde Doğal Gazlı Full Eşyalı Kiralık 2+","Kiralık Daire","2 + 1","85 m²","30 Yaşında","·","Kat","5. Kat","İzmir / Bornova / Erzene Mah.","https://www.hepsiemlak.com/_nuxt/8cafc93fb5c74c75e9e04e528e02ccdf.jpg","","WhatsApp",""
"https://www.hepsiemlak.com/izmir-konak-akarcali-kiralik/daire/144962-194","1 / 16","32.000","11/08/2026","Merkez Yaşamda Sıfır 1+1 | 9. Kat Havuz & Tenis Kortu | 32.000","Kiralık Daire","1 + 1","70 m²","Sıfır Bina","·","Kat","9. Kat","İzmir / Konak / Akarcalı Mah.","https://www.hepsiemlak.com/_nuxt/8cafc93fb5c74c75e9e04e528e02ccdf.jpg","Tam Nokta Alaçatı","WhatsApp",""
"https://www.hepsiemlak.com/izmir-buca-kozagac-kiralik/daire/156310-115","1 / 17","30.000","20/08/2026","Buca Kozağaç Mahallesi’nde Geniş Ve Ferah 3+1 Kiralık Daire | Sf Emlak","Kiralık Daire","3 + 1","140 m²","25 Yaşında","·","Kat","Ara Kat","İzmir / Buca / Kozağaç Mah.","https://www.hepsiemlak.com/_nuxt/8cafc93fb5c74c75e9e04e528e02ccdf.jpg","Sf Gayrimenkul","WhatsApp","https://www.hepsiemlak.com/_nuxt/8cafc93fb5c74c75e9e04e528e02ccdf.jpg"
"https://www.hepsiemlak.com/izmir-guzelbahce-mustafa-kemal-pasa-kiralik/villa/122882-134","1 / 46","75.000","08/09/2026","Güzelbahçe/ Yelki'de Doğanın Kalbinde Kiralık 4+1 Tripleks Villa","Kiralık Villa","4 + 1","210 m²","13 Yaşında","·","Kat","","İzmir / Güzelbahçe / Mustafa Kemal Paşa Mah.","https://www.hepsiemlak.com/_nuxt/8cafc93fb5c74c75e9e04e528e02ccdf.jpg","Startkey Kaynak Gayrimenkul","WhatsApp",""
"https://www.hepsiemlak.com/izmir-dikili-candarli-kiralik/mustakil-ev/140848-779","1 / 35","25.000","29/08/2026","Çandarlıda Denize Yakın Kiralık Müstakil Bahçeli Ev","Kiralık Müstakil Ev","2 + 0","400 m²","6 Yaşında","·","Kat","Bahçe Katı","İzmir / Dikili / Çandarlı Mah.","https://www.hepsiemlak.com/_nuxt/8cafc93fb5c74c75e9e04e528e02ccdf.jpg","","WhatsApp",""
"https://www.hepsiemlak.com/izmir-menderes-orta-kiralik/villa/140781-535","1 / 35","45.000","02/09/2026","Denize 100 Mt Mesafesiyle Kiralık Fırsat 3+1 Villa","Kiralık Villa","3 + 1","120 m²","11 Yaşında","·","Kat","","İzmir / Menderes / Orta Mah.","https://www.hepsiemlak.com/_nuxt/8cafc93fb5c74c75e9e04e528e02ccdf.jpg","Realex Özdere","WhatsApp","https://www.hepsiemlak.com/_nuxt/8cafc93fb5c74c75e9e04e528e02ccdf.jpg"
"https://www.hepsiemlak.com/izmir-menemen-gazi-mustafa-kemal-kiralik/daire/162477-14","1 / 27","18.000","08/09/2026","Bakırçay Üniversitesine Çok Yakın Konumda Kiralık Eşyalı 1+1 Daire","Kiralık Daire","1 + 1","65 m²","5 Yaşında","·","Kat","1. Kat","İzmir / Menemen / Gazi Mustafa Kemal Mah.","https://www.hepsiemlak.com/_nuxt/8cafc93fb5c74c75e9e04e528e02ccdf.jpg","","WhatsApp",""
"https://www.hepsiemlak.com/izmir-seferihisar-mersin-alani-kiralik/daire/151396-31","1 / 19","25.000","28/08/2026","Ürkmez İpekkum Mevkii Denize 250metre 3+1devamlı Kiralık Daire.","Kiralık Daire","3 + 1","95 m²","35 Yaşında","·","Kat","3. Kat","İzmir / Seferihisar / Mersin Alanı Mah.","https://www.hepsiemlak.com/_nuxt/8cafc93fb5c74c75e9e04e528e02ccdf.jpg","Home Lent Gayrimenkul","WhatsApp","https://www.hepsiemlak.com/_nuxt/8cafc93fb5c74c75e9e04e528e02ccdf.jpg"
"https://www.hepsiemlak.com/izmir-menderes-orta-kiralik/daire/145690-37","1 / 26","25.000","08/09/2026","Özdere Orta Mahallede Kiralık Full Eşyalı","Kiralık Daire","2 + 1","100 m²","20 Yaşında","·","Kat","Yüksek Giriş","İzmir / Menderes / Orta Mah.","https://www.hepsiemlak.com/_nuxt/8cafc93fb5c74c75e9e04e528e02ccdf.jpg","Akın Emlak","WhatsApp","https://www.hepsiemlak.com/_nuxt/8cafc93fb5c74c75e9e04e528e02ccdf.jpg"
"https://www.hepsiemlak.com/izmir-buca-ataturk-kiralik/daire/128536-128","1 / 16","16.500","07/09/2026","Merkezi Lokasyonda Doğalgazlı Acil Kiralık Daire","Kiralık Daire","1 + 1","59 m²","2 Yaşında","·","Kat","3. Kat","İzmir / Buca / Atatürk Mah.","https://www.hepsiemlak.com/_nuxt/8cafc93fb5c74c75e9e04e528e02ccdf.jpg","Çağan Emlak","WhatsApp","https://www.hepsiemlak.com/_nuxt/8cafc93fb5c74c75e9e04e528e02ccdf.jpg"
"https://www.hepsiemlak.com/izmir-karsiyaka-aksoy-kiralik/daire/54023-1909","1 / 35","28.000","31/08/2026","Gündoğan Emlaktan Aksoy Karşıyaka İzban Yakını Badanalı Kombili","Kiralık Daire","3 + 1","110 m²","31 Yaşında","·","Kat","4. Kat","İzmir / Karşıyaka / Aksoy Mah.","https://www.hepsiemlak.com/_nuxt/8cafc93fb5c74c75e9e04e528e02ccdf.jpg","","WhatsApp",""
"https://www.hepsiemlak.com/izmir-balcova-egitim-kiralik/daire/25762-783","1 / 26","45.000","12/08/2026","Balçova Da Genç Binada 135 M2","Kiralık Daire","3 + 1","145 m²","14 Yaşında","·","Kat","1. Kat","İzmir / Balçova / Eğitim Mah.","https://www.hepsiemlak.com/_nuxt/8cafc93fb5c74c75e9e04e528e02ccdf.jpg","","WhatsApp",""
"https://www.hepsiemlak.com/izmir-bornova-mevlana-kiralik/daire/22103-5650","1 / 26","38.000","11/08/2026","İzmir Türk Koleji Bornova Anadolu Lisesi Tevfik Fikret Liselerine Yakın Bakımlı","Kiralık Daire","2 + 1","86 m²","8 Yaşında","·","Kat","1. Kat","İzmir / Bornova / Mevlana Mah.","","","WhatsApp",""
"https://www.hepsiemlak.com/izmir-buca-kurucesme-kiralik/daire/143816-166","1 / 27","23.500","04/09/2026","Parisa'dan Tınaztepe Kamp.Karşısı D.Gazl+klima+balkonluarakat2+0","Kiralık Daire","2 + 0","68 m²","6 Yaşında","·","Kat","2. Kat","İzmir / Buca / Kuruçeşme Mah.","https://hecdnnw.hemlak.com/mncropresize/77/67/logo/6/1/8/3/4/1/c829e4e5-1e28-4300-901d-5144162fcac0.jpg","Parisa Yapı Gayrimenkul","WhatsApp",""
"https://www.hepsiemlak.com/izmir-karabaglar-uckuyular-kiralik/daire/13763-3101","1 / 35","35.000","04/09/2026","Üçkuyular Demokrasi Üni. Yakın, Doğalgazlı, Eşyalı Kiralık Daire","Kiralık Daire","2 + 1","120 m²","31 Yaşında","·","Kat","2. Kat","İzmir / Karabağlar / Üçkuyular Mah.","https://hecdnnw.hemlak.com/mncropresize/77/67/logo/3/6/7/3/1/0/2f9ff9a4-0843-4947-ba2a-7a8562ee6686.jpg","Nazar Emlak","WhatsApp",""
"https://www.hepsiemlak.com/izmir-buca-ataturk-kiralik/daire/63598-452","1 / 15","20.000","07/09/2026","Arga'dan Kadın Doğum Hastane Yakını Eşyalı 1+1 Kiralık Daire","Kiralık Daire","1 + 1","45 m²","6 Yaşında","·","Kat","2. Kat","İzmir / Buca / Atatürk Mah.","https://hecdn01.hemlak.com/mncropresize/182/137/ds01/5/6/9/4/8/1/7/4/e9b1a9e0-df88-449b-bbf4-863933ce604e.jpg","Arga Emlak","WhatsApp","https://hecdnnw.hemlak.com/mncropresize/77/67/logo/8/9/5/3/6/0/43884c91-0788-40db-8f79-74968f7075ef.jpg"
"https://www.hepsiemlak.com/izmir-bayrakli-korfez-kiralik/daire/140182-548","1 / 50","45.000","08/09/2026","Bayraklı Körfez Evleri Mah. Deniz Manzaralı 3+1 Kiralık Daire","Kiralık Daire","3 + 1","135 m²","Sıfır Bina","·","Kat","Ara Kat","İzmir / Bayraklı / Körfez Mah.","https://www.hepsiemlak.com/_nuxt/8cafc93fb5c74c75e9e04e528e02ccdf.jpg","Coldwell Banker Motto","WhatsApp","https://www.hepsiemlak.com/_nuxt/8cafc93fb5c74c75e9e04e528e02ccdf.jpg"
"https://www.hepsiemlak.com/izmir-buca-adatepe-kiralik/daire/145638-88","1 / 16","18.000","07/09/2026","Buca Adatepe Mahallesinde Kiralık 1+1 Doğalgazlı Arakat Daire","Kiralık Daire","1 + 1","45 m²","6 Yaşında","·","Kat","2. Kat","İzmir / Buca / Adatepe Mah.","https://www.hepsiemlak.com/_nuxt/8cafc93fb5c74c75e9e04e528e02ccdf.jpg","Dsy Gayrimenkul","WhatsApp","https://www.hepsiemlak.com/_nuxt/8cafc93fb5c74c75e9e04e528e02ccdf.jpg"
"https://www.hepsiemlak.com/izmir-urla-gulbahce-kiralik/daire/112709-2843","1 / 18","45.000","01/09/2026","Gülbahçe Merkez'de Eşyalı 2+1 Bahçeli Daire","Kiralık Daire","2 + 1","54 m²","3 Yaşında","·","Kat","Bahçe Katı","İzmir / Urla / Gülbahçe Mah.","https://www.hepsiemlak.com/_nuxt/8cafc93fb5c74c75e9e04e528e02ccdf.jpg","Deri Group Gayrimenkul Danışmanlığı","WhatsApp","https://www.hepsiemlak.com/_nuxt/8cafc93fb5c74c75e9e04e528e02ccdf.jpg"
"https://www.hepsiemlak.com/izmir-cigli-koyici-kiralik/daire/120850-532","1 / 18","21.000","03/09/2026","Çiğli’de Kiralık Merkezi Konumda 3+1 Bahçeli Daire","Kiralık Daire","3 + 1","110 m²","30 Yaşında","·","Kat","Yüksek Giriş","İzmir / Çiğli / Köyiçi Mah.","https://www.hepsiemlak.com/_nuxt/8cafc93fb5c74c75e9e04e528e02ccdf.jpg","Selman Emlak Satıcısı","WhatsApp","https://www.hepsiemlak.com/_nuxt/8cafc93fb5c74c75e9e04e528e02ccdf.jpg"
"https://www.hepsiemlak.com/izmir-bornova-evka-4-kiralik/daire/20945-2432","1 / 18","25.000","25/08/2026","Evka4 Erdemay Emlaktan Full Tadilatlı 2+1 Kiralık","Kiralık Daire","2 + 1","77 m²","26 Yaşında","·","Kat","7. Kat","İzmir / Bornova / Evka 4 Mah.","https://www.hepsiemlak.com/_nuxt/8cafc93fb5c74c75e9e04e528e02ccdf.jpg","","WhatsApp",""
"https://www.hepsiemlak.com/izmir-bornova-evka-4-kiralik/daire/18015-2008","1 / 18","17.000","02/09/2026","İzmir Bornova Evka-4 Kiralık 1+1 Daire","Kiralık Daire","1 + 1","60 m²","26 Yaşında","·","Kat","3. Kat","İzmir / Bornova / Evka 4 Mah.","https://www.hepsiemlak.com/_nuxt/8cafc93fb5c74c75e9e04e528e02ccdf.jpg","","WhatsApp",""
"https://www.hepsiemlak.com/izmir-guzelbahce-mustafa-kemal-pasa-kiralik/daire/98031-949","1 / 22","35.000","20/08/2026","Güzelbahçe Yelki'de 2+1 Doğalgazlı Kiralık Daire","Kiralık Daire","2 + 1","95 m²","6 Yaşında","·","Kat","2. Kat","İzmir / Güzelbahçe / Mustafa Kemal Paşa Mah.","https://www.hepsiemlak.com/_nuxt/8cafc93fb5c74c75e9e04e528e02ccdf.jpg","","WhatsApp",""
"https://www.hepsiemlak.com/izmir-buca-adatepe-kiralik/daire/13470-2220","1 / 10","22.000","09/09/2026","Eşyalı, 1 Oda 1salon  ,Arakat Lüx Daire,Klimalı","Kiralık Daire","1 + 1","50 m²","8 Yaşında","·","Kat","Yüksek Giriş","İzmir / Buca / Adatepe Mah.","https://www.hepsiemlak.com/_nuxt/8cafc93fb5c74c75e9e04e528e02ccdf.jpg","","WhatsApp",""
"https://www.hepsiemlak.com/izmir-foca-ismetpasa-kiralik/daire/6067-237","1 / 10","25.000","13/08/2026","Simge Emlak'da Kiralık 1+1 Daire","Kiralık Daire","1 + 1","40 m²","40 Yaşında","·","Kat","En Üst Kat","İzmir / Foça / İsmetpaşa Mah.","https://www.hepsiemlak.com/_nuxt/8cafc93fb5c74c75e9e04e528e02ccdf.jpg","","WhatsApp",""
"https://www.hepsiemlak.com/izmir-aliaga-sakran-sayfiye-kiralik/daire/49446-4572","1 / 33","37.000","17/08/2026","Yeni Şakran'da Sahile, Toplu Taşıma, Marketlere Yakın, Doğalgazlı","Kiralık Daire","3 + 1","140 m²","11 Yaşında","·","Kat","2. Kat","İzmir / Aliağa / Şakran Sayfiye Mah.","https://www.hepsiemlak.com/_nuxt/8cafc93fb5c74c75e9e04e528e02ccdf.jpg","","WhatsApp",""
"https://www.hepsiemlak.com/izmir-karabaglar-poligon-kiralik/daire/125876-3231","1 / 33","42.000","12/08/2026","Poligon Metro İstasyonuna Çok Yakın 3+1 Eşyalı Kiralık Daire","Kiralık Daire","3 + 1","110 m²","31 Yaşında","·","Kat","8. Kat","İzmir / Karabağlar / Poligon Mah.","https://www.hepsiemlak.com/_nuxt/8cafc93fb5c74c75e9e04e528e02ccdf.jpg","Kw Alesta-viya-orsa 4","WhatsApp","https://www.hepsiemlak.com/_nuxt/8cafc93fb5c74c75e9e04e528e02ccdf.jpg"
"https://www.hepsiemlak.com/izmir-bornova-kazimdirik-kiralik/daire/97779-1308","1 / 33","36.000","07/09/2026","Bornova Küçükpark 3+1 120 M2 Doğalgaz Kısmi Eşyalı Kiralık Daire","Kiralık Daire","3 + 1","120 m²","31 Yaşında","·","Kat","2. Kat","İzmir / Bornova / Kazımdirik Mah.","https://www.hepsiemlak.com/_nuxt/8cafc93fb5c74c75e9e04e528e02ccdf.jpg","","WhatsApp",""
"https://www.hepsiemlak.com/izmir-gaziemir-beyazevler-kiralik/daire/72560-2182","1 / 34","70.000","14/08/2026","Zeta'dan Gaziemir Beyazevler Mh Site İçi Sıfır 3+1 Dubleks Daire","Kiralık Daire","3 + 1","140 m²","Sıfır Bina","·","Kat","Giriş Katı","İzmir / Gaziemir / Beyazevler Mah.","https://www.hepsiemlak.com/_nuxt/8cafc93fb5c74c75e9e04e528e02ccdf.jpg","Zeta Emlak","WhatsApp",""
"https://www.hepsiemlak.com/izmir-menderes-gumuldur-inonu-kiralik/daire/2080-2158","1 / 25","40.000","21/08/2026","Gümüldür De Kiralık Eşyalı Yazlık Daire","Kiralık Daire","2 + 1","65 m²","25 Yaşında","·","Kat","Bahçe Katı","İzmir / Menderes / Gümüldür İnönü Mah.","https://www.hepsiemlak.com/_nuxt/8cafc93fb5c74c75e9e04e528e02ccdf.jpg","Vatan Gayrimenkul Yatırım Danışmanlık","WhatsApp","https://www.hepsiemlak.com/_nuxt/8cafc93fb5c74c75e9e04e528e02ccdf.jpg"
"https://www.hepsiemlak.com/izmir-menemen-gazi-mustafa-kemal-kiralik/daire/153494-110","1 / 14","21.000","02/09/2026","Seyrekköy Merkez Çarşı İçinde Eşyalı Kiralık Daire","Kiralık Daire","1 + 1","44 m²","Sıfır Bina","·","Kat","Yüksek Giriş","İzmir / Menemen / Gazi Mustafa Kemal Mah.","https://www.hepsiemlak.com/_nuxt/8cafc93fb5c74c75e9e04e528e02ccdf.jpg","Pier Gayrimenkul","WhatsApp","https://www.hepsiemlak.com/_nuxt/8cafc93fb5c74c75e9e04e528e02ccdf.jpg"
"https://www.hepsiemlak.com/izmir-karabaglar-doganay-kiralik/daire/42880-344","1 / 21","35.000","07/09/2026","Karabağlar Bahçelievler'de Delta Koleji Yakını 3+1 Arakat","Kiralık Daire","3 + 1","120 m²","26 Yaşında","·","Kat","1. Kat","İzmir / Karabağlar / Doğanay Mah.","https://www.hepsiemlak.com/_nuxt/8cafc93fb5c74c75e9e04e528e02ccdf.jpg","Yeni Adresin Gayrimenkul","WhatsApp","https://www.hepsiemlak.com/_nuxt/8cafc93fb5c74c75e9e04e528e02ccdf.jpg"
"https://www.hepsiemlak.com/izmir-karsiyaka-bostanli-kiralik/daire/137971-249","1 / 4","45.000","08/09/2026","Bostanlı Merkezi Kiralık Daire","Kiralık Daire","2 + 1","125 m²","31 Yaşında","·","Kat","1. Kat","İzmir / Karşıyaka / Bostanlı Mah.","https://www.hepsiemlak.com/_nuxt/8cafc93fb5c74c75e9e04e528e02ccdf.jpg","Yeşim Emlak 2","WhatsApp","https://www.hepsiemlak.com/_nuxt/8cafc93fb5c74c75e9e04e528e02ccdf.jpg"
"https://www.hepsiemlak.com/izmir-karsiyaka-mavisehir-kiralik/daire/95207-953","1 / 32","78.000","26/08/2026","Mavişehir Flamingo Bloklarında 3+1 Tadilatlı Temiz Kiralık Daire","Kiralık Daire","3 + 1","160 m²","26 Yaşında","·","Kat","3. Kat","İzmir / Karşıyaka / Mavişehir Mah.","https://www.hepsiemlak.com/_nuxt/8cafc93fb5c74c75e9e04e528e02ccdf.jpg","Startkey City","WhatsApp","https://www.hepsiemlak.com/_nuxt/8cafc93fb5c74c75e9e04e528e02ccdf.jpg"
"https://www.hepsiemlak.com/izmir-kemalpasa-ulucak-istiklal-kiralik/daire/65161-7628","1 / 32","30.000","06/09/2026","Muga'dan Kemalpaşa Ulucak'ta Ebeveyn Banyolu Geniş Kiralık 2+1","Kiralık Daire","2 + 1","100 m²","Sıfır Bina","·","Kat","2. Kat","İzmir / Kemalpaşa / Ulucak İstiklal Mah.","https://www.hepsiemlak.com/_nuxt/8cafc93fb5c74c75e9e04e528e02ccdf.jpg","Startkey Muga Gayrimenkul","WhatsApp","https://www.hepsiemlak.com/_nuxt/8cafc93fb5c74c75e9e04e528e02ccdf.jpg"
"https://www.hepsiemlak.com/izmir-menemen-mermerli-kiralik/daire/86526-1767","1 / 9","25.000","07/09/2026","Menemen Mermerli Merkezde Kiralık Full Eşyalı Klima Ve Doğal Gazlı 2+1 Daire Hünkar Emlaktan","Kiralık Daire","2 + 1","95 m²","20 Yaşında","·","Kat","En Üst Kat","İzmir / Menemen / Mermerli Mah.","https://www.hepsiemlak.com/_nuxt/8cafc93fb5c74c75e9e04e528e02ccdf.jpg","","WhatsApp",""
"https://www.hepsiemlak.com/izmir-cigli-balatcik-kiralik/daire/66940-2208","1 / 24","33.000","06/09/2026","Balatçık Barış Sitesinde Kiralık 2+1 Daire","Kiralık Daire","2 + 1","90 m²","6 Yaşında","·","Kat","6. Kat","İzmir / Çiğli / Balatçık Mah.","","","WhatsApp",""
"https://www.hepsiemlak.com/izmir-bornova-inonu-kiralik/daire/112706-9147","1 / 24","35.000","07/09/2026","İnönü Mah. 2+1 Kiralık - Körfez Manzaralı - Merkezi Konum","Kiralık Daire","2 + 1","115 m²","11 Yaşında","·","Kat","3. Kat","İzmir / Bornova / İnönü Mah.","https://hecdnnw.hemlak.com/mncropresize/77/67/logo/6/0/7/2/1/1/c680c5a7-a39c-4217-b732-2444ffd214a5.jpg","Kw Alesta-viya-orsa 2","WhatsApp",""
"https://www.hepsiemlak.com/izmir-menemen-gazi-mustafa-kemal-kiralik/daire/164457-62","1 / 10","25.000","20/08/2026","Seyrek Merkezde Eşyalı Kiralık 2+1 Daire","Kiralık Daire","2 + 1","80 m²","11 Yaşında","·","Kat","1. Kat","İzmir / Menemen / Gazi Mustafa Kemal Mah.","","","WhatsApp",""
"https://www.hepsiemlak.com/izmir-karsiyaka-yali-kiralik/daire/91814-1001","1 / 31","35.000","31/08/2026","9 Eylül Emlak Atakent Merkezde Yüksek Zemin 2+1 Kiralık Daire","Kiralık Daire","2 + 1","75 m²","25 Yaşında","·","Kat","Bahçe Katı","İzmir / Karşıyaka / Yalı Mah.","https://hecdn01.hemlak.com/mncropresize/182/137/ds01/0/2/1/5/6/6/5/4/1764262227495-45665120.jpg","9 Eylül Emlak","WhatsApp","https://hecdnnw.hemlak.com/mncropresize/77/67/logo/4/1/8/1/9/0/06f1c6d6-925d-49f0-b3b7-e932381962c1.jpg"
"https://www.hepsiemlak.com/izmir-buca-ataturk-kiralik/daire/124272-617","1 / 8","22.000","08/09/2026","Kampüse Yakın Hoca Ahmet Yesevi'de Eşyalı 1+1 Kiralık","Kiralık Daire","1 + 1","50 m²","6 Yaşında","·","Kat","2. Kat","İzmir / Buca / Atatürk Mah.","https://www.hepsiemlak.com/_nuxt/8cafc93fb5c74c75e9e04e528e02ccdf.jpg","Turpa Sılver Şirinyer","WhatsApp",""
"https://www.hepsiemlak.com/izmir-karabaglar-vatan-kiralik/daire/126086-273","1 / 32","28.500","31/08/2026","Genç Binada Ankastre Mutfaklı Dogalğazlı 2+1 Kiralık","Kiralık Daire","2 + 1","90 m²","14 Yaşında","·","Kat","4. Kat","İzmir / Karabağlar / Vatan Mah.","https://www.hepsiemlak.com/_nuxt/8cafc93fb5c74c75e9e04e528e02ccdf.jpg","Aşan Emlak","WhatsApp",""
"https://www.hepsiemlak.com/izmir-dikili-salimbey-kiralik/daire/97098-191","1 / 32","27.000","09/09/2026","Dikili Salimbeyde Eşyalı Kiralık Daire","Kiralık Daire","2 + 1","100 m²","8 Yaşında","·","Kat","Kot 2","İzmir / Dikili / Salimbey Mah.","https://www.hepsiemlak.com/_nuxt/8cafc93fb5c74c75e9e04e528e02ccdf.jpg","","WhatsApp",""
"https://www.hepsiemlak.com/izmir-cesme-sakarya-kiralik/daire/97475-647","1 / 15","47.000","10/09/2026","Çeşme Merkez'de 1+1 Eşyalı Kiralık Dubleks Loft Daire","Kiralık Daire","1 + 1","78 m²","6 Yaşında","·","Kat","2. Kat","İzmir / Çeşme / Sakarya Mah.","https://www.hepsiemlak.com/_nuxt/8cafc93fb5c74c75e9e04e528e02ccdf.jpg","Coldwell Banker Kalem","WhatsApp","https://www.hepsiemlak.com/_nuxt/8cafc93fb5c74c75e9e04e528e02ccdf.jpg"
"https://www.hepsiemlak.com/izmir-gaziemir-gazikent-kiralik/daire/18427-1235","1 / 15","32.000","24/08/2026","Yuvam Emlak Gazikent Mah. Emlak Konut 2+1 Kiralık Daire","Kiralık Daire","2 + 1","90 m²","26 Yaşında","·","Kat","1. Kat","İzmir / Gaziemir / Gazikent Mah.","https://www.hepsiemlak.com/_nuxt/8cafc93fb5c74c75e9e04e528e02ccdf.jpg","","WhatsApp",""
"https://www.hepsiemlak.com/izmir-karsiyaka-semikler-kiralik/daire/70723-7344","1 / 26","55.000","26/08/2026","Mavişehir İzban Karşısı Havuzlu Site İçinde 2+1 Kiralık Daire","Kiralık Daire","2 + 1","93 m²","Sıfır Bina","·","Kat","4. Kat","İzmir / Karşıyaka / Şemikler Mah.","https://www.hepsiemlak.com/_nuxt/8cafc93fb5c74c75e9e04e528e02ccdf.jpg","Coldwell Banker Life","WhatsApp","https://www.hepsiemlak.com/_nuxt/8cafc93fb5c74c75e9e04e528e02ccdf.jpg"
"https://www.hepsiemlak.com/izmir-urla-gulbahce-kiralik/daire/115022-970","1 / 30","41.000","04/09/2026","Çtn'den Urla Gülbahçe'de, Okul Dönemine Yönelik Kiralık 2+1 Daire","Kiralık Daire","2 + 1","70 m²","9 Yaşında","·","Kat","Bahçe Katı","İzmir / Urla / Gülbahçe Mah.","https://www.hepsiemlak.com/_nuxt/8cafc93fb5c74c75e9e04e528e02ccdf.jpg","Çtn Gayrimenkul","WhatsApp","https://www.hepsiemlak.com/_nuxt/8cafc93fb5c74c75e9e04e528e02ccdf.jpg"
"https://www.hepsiemlak.com/izmir-bornova-kazimdirik-kiralik/daire/162799-258","1 / 46","38.000","04/09/2026","Trademark Pi Sitesinde Köşe Çift Cephe Beyaz Eşyalı Kiralık 1+1","Kiralık Daire","1 + 1","60 m²","2 Yaşında","·","Kat","5. Kat","İzmir / Bornova / Kazımdirik Mah.","https://www.hepsiemlak.com/_nuxt/8cafc93fb5c74c75e9e04e528e02ccdf.jpg","Tm Gayrimenkul","WhatsApp","https://www.hepsiemlak.com/_nuxt/8cafc93fb5c74c75e9e04e528e02ccdf.jpg"
"https://www.hepsiemlak.com/izmir-urla-kalabak-kiralik/villa/113782-273","1 / 7","110.000","10/09/2026","Urla Kalabak’ta Ultra Lüks Yüzme Havuzlu Nezih Sitede Yeni Villa","Kiralık Villa","4 + 1","160 m²","Sıfır Bina","·","Kat","","İzmir / Urla / Kalabak Mah.","https://www.hepsiemlak.com/_nuxt/8cafc93fb5c74c75e9e04e528e02ccdf.jpg","Şah Yapı Gayrimenkul","WhatsApp","https://www.hepsiemlak.com/_nuxt/8cafc93fb5c74c75e9e04e528e02ccdf.jpg"
"https://www.hepsiemlak.com/izmir-karabaglar-bahcelievler-kiralik/daire/9764-9219","1 / 22","28.500","08/09/2026","İlhan'dan Üçyol Meydanda Bakımlı Doğalgazlı Kiralık Daire","Kiralık Daire","2 + 1","105 m²","36 Yaşında","·","Kat","2. Kat","İzmir / Karabağlar / Bahçelievler Mah.","https://www.hepsiemlak.com/_nuxt/8cafc93fb5c74c75e9e04e528e02ccdf.jpg","İlhan Emlak","WhatsApp","https://www.hepsiemlak.com/_nuxt/8cafc93fb5c74c75e9e04e528e02ccdf.jpg"
"https://www.hepsiemlak.com/izmir-cigli-yeni-mahalle-kiralik/daire/57124-669","1 / 26","44.000","05/09/2026","Çiğli Yeni Mahalle'de Geniş Teraslı 4+1 Kiralık Kat Dubleksi","Kiralık Daire","4 + 1","150 m²","5 Yaşında","·","Kat","3. Kat","İzmir / Çiğli / Yeni Mahalle Mah.","https://www.hepsiemlak.com/_nuxt/8cafc93fb5c74c75e9e04e528e02ccdf.jpg","Gür Kardeşler Emlak","WhatsApp","https://www.hepsiemlak.com/_nuxt/8cafc93fb5c74c75e9e04e528e02ccdf.jpg"
"https://www.hepsiemlak.com/izmir-cigli-yeni-mahalle-kiralik/daire/31745-23381","1 / 25","65.000","07/09/2026","Park Yaşam Ataşehir Site Komşunuz Aytuğ Türkeköle 2+1 Kiralık","Kiralık Daire","2 + 1","123 m²","8 Yaşında","·","Kat","1. Kat","İzmir / Çiğli / Yeni Mahalle Mah.","https://www.hepsiemlak.com/_nuxt/8cafc93fb5c74c75e9e04e528e02ccdf.jpg","Kw Alesta-viya-orsa 5","WhatsApp","https://www.hepsiemlak.com/_nuxt/8cafc93fb5c74c75e9e04e528e02ccdf.jpg"
"https://www.hepsiemlak.com/izmir-balcova-fevzi-cakmak-kiralik/daire/10374-4336","1 / 25","40.000","06/09/2026","Kolej Ofis Gay.Deprem Yönetmeliğine Uygun Kiralık Ara Kat Daire","Kiralık Daire","2 + 1","105 m²","15 Yaşında","·","Kat","2. Kat","İzmir / Balçova / Fevzi Çakmak Mah.","https://www.hepsiemlak.com/_nuxt/8cafc93fb5c74c75e9e04e528e02ccdf.jpg","","WhatsApp",""
"https://www.hepsiemlak.com/izmir-kiraz-kirkoy-kiralik/daire/169125-45","1 / 13","30.000","07/09/2026","Meta'dan Dubleks Doğalgazlı Kiralık Daire","Kiralık Daire","5 + 2","220 m²","2 Yaşında","·","Kat","En Üst Kat","İzmir / Kiraz / Kırköy Mah.","https://www.hepsiemlak.com/_nuxt/8cafc93fb5c74c75e9e04e528e02ccdf.jpg","","WhatsApp",""
"https://www.hepsiemlak.com/izmir-odemis-inonu-kiralik/daire/0-47207859","1 / 13","21.000","28/08/2026","Sahibinden Eşyalı Sıfır Arakat 1+1 Asansörlü Daire.","Kiralık Daire","1 + 1","50 m²","Sıfır Bina","·","Kat","2. Kat","İzmir / Ödemiş / İnönü Mah.","https://www.hepsiemlak.com/_nuxt/8cafc93fb5c74c75e9e04e528e02ccdf.jpg","","WhatsApp",""
"https://www.hepsiemlak.com/izmir-buca-kurucesme-kiralik/daire/0-47155387","1 / 13","23.000","19/08/2026","Öğrenciye Uygun Eşyalı Daire","Kiralık Daire","1 + 1","45 m²","9 Yaşında","·","Kat","1. Kat","İzmir / Buca / Kuruçeşme Mah.","https://www.hepsiemlak.com/_nuxt/8cafc93fb5c74c75e9e04e528e02ccdf.jpg","","WhatsApp",""
"https://www.hepsiemlak.com/izmir-menemen-gazi-mustafa-kemal-kiralik/daire/0-47146745","1 / 13","21.000","18/08/2026","Bakırçay Üni Karşışı Site İçerisinde Havuzlu 1+1 Daire","Kiralık Daire","1 + 1","50 m²","Sıfır Bina","·","Kat","Ara Kat","İzmir / Menemen / Gazi Mustafa Kemal Mah.","https://www.hepsiemlak.com/_nuxt/8cafc93fb5c74c75e9e04e528e02ccdf.jpg","","WhatsApp",""
"https://www.hepsiemlak.com/izmir-seferihisar-colak-ibrahim-bey-kiralik/daire/103687-401","1 / 6","30.000","09/09/2026","Seferihisar Çolak İbrahimde 2+1 Eşyalı Kiralık Daire","Kiralık Daire","2 + 1","100 m²","6 Yaşında","·","Kat","2. Kat","İzmir / Seferihisar / Çolak İbrahim Bey Mah.","https://www.hepsiemlak.com/_nuxt/8cafc93fb5c74c75e9e04e528e02ccdf.jpg","Arzava Gayrimenkul","WhatsApp","https://www.hepsiemlak.com/_nuxt/8cafc93fb5c74c75e9e04e528e02ccdf.jpg"
"https://www.hepsiemlak.com/izmir-menemen-gazi-mustafa-kemal-kiralik/daire/144072-939","1 / 9","21.000","07/09/2026","Menemen Gazi Mustafa Kemal Mah’de Sıfır, Eşyalı 1+1 | Güney Cephe, Balkonlu","Kiralık Daire","1 + 1","39 m²","2 Yaşında","·","Kat","3. Kat","İzmir / Menemen / Gazi Mustafa Kemal Mah.","https://www.hepsiemlak.com/_nuxt/8cafc93fb5c74c75e9e04e528e02ccdf.jpg","Remax Kare","WhatsApp","https://www.hepsiemlak.com/_nuxt/8cafc93fb5c74c75e9e04e528e02ccdf.jpg"
"https://www.hepsiemlak.com/izmir-karabaglar-esentepe-kiralik/daire/27947-7564","1 / 21","40.000","29/08/2026","Arena Gayrimenkul 'den Deniz Manzaralı Full Eşyalı Kiralık Daire.","Kiralık Daire","2 + 1","110 m²","21 Yaşında","·","Kat","En Üst Kat","İzmir / Karabağlar / Esentepe Mah.","https://www.hepsiemlak.com/_nuxt/8cafc93fb5c74c75e9e04e528e02ccdf.jpg","Arena Gayrimenkul","WhatsApp","https://www.hepsiemlak.com/_nuxt/8cafc93fb5c74c75e9e04e528e02ccdf.jpg"
"https://www.hepsiemlak.com/izmir-karsiyaka-bostanli-kiralik/daire/27072-2465","1 / 21","35.000","03/09/2026","Bostanlı Merkezde Park Cepheli","Kiralık Daire","3 + 1","130 m²","31 Yaşında","·","Kat","2. Kat","İzmir / Karşıyaka / Bostanlı Mah.","https://hecdnnw.hemlak.com/mncropresize/77/67/logo/2/7/0/7/2/0/aec760e1-1d4a-4cac-acbf-08e363b08a59.jpg","İlker Emlak","WhatsApp",""
"https://www.hepsiemlak.com/izmir-menemen-incirli-pinar-kiralik/daire/21001-18834","1 / 25","15.000","08/09/2026","Menemen Asarlıkda Kiralık Geniş2+1 Bakımlı Balkonlu Çiğliserkan","Kiralık Daire","2 + 1","105 m²","16 Yaşında","·","Kat","2. Kat","İzmir / Menemen / İncirli Pınar Mah.","https://hecdnnw.hemlak.com/mncropresize/77/67/logo/1/0/0/1/2/0/bd972ebd-6f85-44d4-ae95-785876a54b5a.jpg","Çiğli Serkan Emlak","WhatsApp",""
"https://www.hepsiemlak.com/izmir-karsiyaka-bostanli-kiralik/daire/5823-2834","1 / 28","40.000","02/09/2026","Bostanlı'da Önü Parka Bakan, Ferah, Geniş Kiralık Girne Turpadan","Kiralık Daire","3 + 1","145 m²","31 Yaşında","·","Kat","5. Kat","İzmir / Karşıyaka / Bostanlı Mah.","","","WhatsApp",""
"https://www.hepsiemlak.com/izmir-buca-yildiz-kiralik/daire/171254-4","1 / 12","18.000","01/09/2026","Ahmet Yesevi Caddesi Yakını Sıfır Eşyalı 1+1 Balkonlu","Kiralık Daire","1 + 1","60 m²","2 Yaşında","·","Kat","2. Kat","İzmir / Buca / Yıldız Mah.","https://hecdn01.hemlak.com/mncropresize/182/137/ds01/9/3/9/8/6/1/7/4/417a67ac-90e6-497b-9a99-923ae4cbf81a.jpg","Ales Yapı Gayrimenkul","WhatsApp","https://hecdnnw.hemlak.com/mncropresize/77/67/logo/4/5/2/1/7/1/baf10838-4608-4306-823a-ee55c464582c.jpg"
"https://www.hepsiemlak.com/izmir-karsiyaka-semikler-kiralik/daire/45472-565","1 / 24","26.500","08/09/2026","Karşıyaka Şemikler De Kiralık 2+1 Daire","Kiralık Daire","2 + 1","70 m²","11 Yaşında","·","Kat","Yüksek Giriş","İzmir / Karşıyaka / Şemikler Mah.","https://www.hepsiemlak.com/_nuxt/8cafc93fb5c74c75e9e04e528e02ccdf.jpg","Vale Gayrimenkul","WhatsApp","https://www.hepsiemlak.com/_nuxt/8cafc93fb5c74c75e9e04e528e02ccdf.jpg"
"https://www.hepsiemlak.com/izmir-karabaglar-esenyali-kiralik/daire/62166-1438","1 / 28","58.000","24/08/2026","Amerikan Kolej Karşısı Full Tadilatlı 125 M2 3+1 Daire","Kiralık Daire","3 + 1","125 m²","31 Yaşında","·","Kat","4. Kat","İzmir / Karabağlar / Esenyalı Mah.","https://www.hepsiemlak.com/_nuxt/8cafc93fb5c74c75e9e04e528e02ccdf.jpg","Evin Emlak Emre","WhatsApp","https://www.hepsiemlak.com/_nuxt/8cafc93fb5c74c75e9e04e528e02ccdf.jpg"
"https://www.hepsiemlak.com/izmir-cesme-16-eylul-kiralik/villa/25111-897","1 / 20","150.000","27/08/2026","Çeşmede Deniz Kenarı Sitede Kiralık Yazlık","Kiralık Villa","3 + 1","150 m²","25 Yaşında","·","Kat","","İzmir / Çeşme / 16 Eylül Mah.","https://www.hepsiemlak.com/_nuxt/8cafc93fb5c74c75e9e04e528e02ccdf.jpg","Çeşme Ergun Emlak","WhatsApp","https://www.hepsiemlak.com/_nuxt/8cafc93fb5c74c75e9e04e528e02ccdf.jpg"
"https://www.hepsiemlak.com/izmir-menemen-85-yil-cumhuriyet-kiralik/daire/93424-1142","1 / 17","23.000","29/08/2026","Menemen Seyrek'de Bahçe Katı 1+1 Eşyalı Kiralık Daire","Kiralık Daire","1 + 1","55 m²","6 Yaşında","·","Kat","Zemin","İzmir / Menemen / 85. Yıl Cumhuriyet Mah.","https://www.hepsiemlak.com/_nuxt/8cafc93fb5c74c75e9e04e528e02ccdf.jpg","Turyap Bostanlı Temsilciliği","WhatsApp","https://www.hepsiemlak.com/_nuxt/8cafc93fb5c74c75e9e04e528e02ccdf.jpg"
"https://www.hepsiemlak.com/izmir-menemen-esatpasa-kiralik/daire/125162-877","1 / 29","25.000","25/08/2026","Ayn Gayrimenkul Den Menemen De Kiralık 3+1 Daire..","Kiralık Daire","3 + 1","135 m²","16 Yaşında","·","Kat","4. Kat","İzmir / Menemen / Esatpaşa Mah.","https://www.hepsiemlak.com/_nuxt/8cafc93fb5c74c75e9e04e528e02ccdf.jpg","Ayn & Ayn Gayrimenkul","WhatsApp","https://www.hepsiemlak.com/_nuxt/8cafc93fb5c74c75e9e04e528e02ccdf.jpg"
"https://www.hepsiemlak.com/izmir-bornova-mevlana-kiralik/daire/117461-5216","1 / 35","35.000","02/09/2026","Bornova Park Evlerinde Havuzlu Sitede Eşyalı 1+1 Kiralık Daire","Kiralık Daire","1 + 1","55 m²","6 Yaşında","·","Kat","5. Kat","İzmir / Bornova / Mevlana Mah.","https://www.hepsiemlak.com/_nuxt/8cafc93fb5c74c75e9e04e528e02ccdf.jpg","","WhatsApp",""
"https://www.hepsiemlak.com/izmir-bayrakli-manavkuyu-kiralik/daire/134354-3454","1 / 18","37.000","30/08/2026","Bayraklı Taşkent Sitesi Full Eşyalı Kiralık","Kiralık Daire","2 + 10","120 m²","36 Yaşında","·","Kat","Yüksek Giriş","İzmir / Bayraklı / Manavkuyu Mah.","https://www.hepsiemlak.com/_nuxt/8cafc93fb5c74c75e9e04e528e02ccdf.jpg","Remax Target","WhatsApp","https://www.hepsiemlak.com/_nuxt/8cafc93fb5c74c75e9e04e528e02ccdf.jpg"
"https://www.hepsiemlak.com/izmir-menemen-ugur-mumcu-kiralik/daire/165005-120","1 / 30","20.000","29/08/2026","Menemen Devlet Hast. Karşısı 1+1 Kiralık Rezidans","Kiralık Daire","1 + 1","55 m²","1 Yaşında","·","Kat","3. Kat","İzmir / Menemen / Uğur Mumcu Mah.","https://www.hepsiemlak.com/_nuxt/8cafc93fb5c74c75e9e04e528e02ccdf.jpg","Kw Efe Takım","WhatsApp","https://www.hepsiemlak.com/img/loadings/noImage55-55.png"
"https://www.hepsiemlak.com/izmir-karabaglar-esenyali-kiralik/daire/128297-640","1 / 35","35.000","09/09/2026","Göztepe Basın Sitesi Metro Yakını 3+1 Eşyalı Kiralık Daire","Kiralık Daire","3 + 1","120 m²","26 Yaşında","·","Kat","Bahçe Katı","İzmir / Karabağlar / Esenyalı Mah.","https://www.hepsiemlak.com/_nuxt/8cafc93fb5c74c75e9e04e528e02ccdf.jpg","Coldwell Banker Locate","WhatsApp","https://www.hepsiemlak.com/_nuxt/8cafc93fb5c74c75e9e04e528e02ccdf.jpg"
"https://www.hepsiemlak.com/izmir-konak-cinarli-kiralik/daire/141008-373","1 / 36","44.000","04/09/2026","İnci Tower'da 16. Katta Geniş Balkonlu Körfez Manzaralı 1+1","Kiralık Daire","1 + 1","50 m²","4 Yaşında","·","Kat","16. Kat","İzmir / Konak / Çınarlı Mah.","https://www.hepsiemlak.com/_nuxt/8cafc93fb5c74c75e9e04e528e02ccdf.jpg","Han Gayrimenkul","WhatsApp","https://www.hepsiemlak.com/_nuxt/8cafc93fb5c74c75e9e04e528e02ccdf.jpg"
"https://www.hepsiemlak.com/izmir-bayrakli-sogukkuyu-kiralik/daire/30707-4398","1 / 35","35.000","31/08/2026","Kahandan Girne Bulvarında 3+1 Kiralık Daire","Kiralık Daire","3 + 1","150 m²","25 Yaşında","·","Kat","6. Kat","İzmir / Bayraklı / Soğukkuyu Mah.","https://www.hepsiemlak.com/_nuxt/8cafc93fb5c74c75e9e04e528e02ccdf.jpg","","WhatsApp",""
"https://www.hepsiemlak.com/izmir-karabaglar-esenyali-kiralik/daire/48008-3354","1 / 40","42.000","22/08/2026","Otoparklı Poligon Metro Yakını Kiralık Tadilatlı Daire","Kiralık Daire","3 + 1","125 m²","40 Yaşında","·","Kat","2. Kat","İzmir / Karabağlar / Esenyalı Mah.","https://www.hepsiemlak.com/_nuxt/8cafc93fb5c74c75e9e04e528e02ccdf.jpg","","WhatsApp",""
"https://www.hepsiemlak.com/izmir-cigli-harmandali-gazi-mustafa-kemal-ataturk-kiralik/daire/143949-1828","1 / 21","30.000","21/08/2026","Golden Park'ta (1+1) Bahçeli - Çift Cepheli - Sıfır Eşyalı","Kiralık Daire","1 + 1","50 m²","Sıfır Bina","·","Kat","Bahçe Katı","İzmir / Çiğli / Harmandalı Gazi Mustafa Kemal Atatürk Mah.","https://www.hepsiemlak.com/_nuxt/8cafc93fb5c74c75e9e04e528e02ccdf.jpg","","WhatsApp",""
"https://www.hepsiemlak.com/izmir-balcova-teleferik-kiralik/daire/27103-4830","1 / 35","47.000","21/08/2026","Dayım Emlaktan Ara Kat Kiralık Doğa Manzaralı Daire","Kiralık Daire","3 + 1","145 m²","26 Yaşında","·","Kat","4. Kat","İzmir / Balçova / Teleferik Mah.","https://www.hepsiemlak.com/_nuxt/8cafc93fb5c74c75e9e04e528e02ccdf.jpg","","WhatsApp",""
"https://www.hepsiemlak.com/izmir-bayrakli-turan-kiralik/daire/4762-4821","1 / 35","85.000","23/08/2026","Bayraklı Turan Neva Yalı İzmir Deniz Manzaralı Kiralık 1+1 Daire","Kiralık Daire","1 + 1","60 m²","Sıfır Bina","·","Kat","7. Kat","İzmir / Bayraklı / Turan Mah.","https://www.hepsiemlak.com/_nuxt/8cafc93fb5c74c75e9e04e528e02ccdf.jpg","","WhatsApp",""
"https://www.hepsiemlak.com/izmir-karabaglar-sevgi-kiralik/daire/84343-872","1 / 35","45.000","24/08/2026","Baş-Kaleden D.Gazlı Asansörlü Ebeveynli Kapıcılı Otoparklı 3+1 D","Kiralık Daire","3 + 1","145 m²","11 Yaşında","·","Kat","4. Kat","İzmir / Karabağlar / Sevgi Mah.","https://www.hepsiemlak.com/_nuxt/8cafc93fb5c74c75e9e04e528e02ccdf.jpg","Baş-kale Gayrimenkul Ve Yatırım","WhatsApp","https://www.hepsiemlak.com/_nuxt/8cafc93fb5c74c75e9e04e528e02ccdf.jpg"
"https://www.hepsiemlak.com/izmir-karsiyaka-mustafa-kemal-kiralik/daire/171153-7","1 / 35","59.000","03/09/2026","Deniz Manzaralı Full Yapılı Ve Eşyalı 2 + 1 Daıre Körfezköy","Kiralık Daire","2 + 1","160 m²","16 Yaşında","·","Kat","6. Kat","İzmir / Karşıyaka / Mustafa Kemal Mah.","https://www.hepsiemlak.com/_nuxt/8cafc93fb5c74c75e9e04e528e02ccdf.jpg","","WhatsApp",""
"https://www.hepsiemlak.com/izmir-buca-hurriyet-kiralik/daire/24511-10115","1 / 59","18.000","07/09/2026","Hürriyet Mh 1+1 Şirinyer Merkez'de Doğalgazlı Kiralık Genç Daire","Kiralık Daire","1 + 1","55 m²","4 Yaşında","·","Kat","3. Kat","İzmir / Buca / Hürriyet Mah.","https://www.hepsiemlak.com/_nuxt/8cafc93fb5c74c75e9e04e528e02ccdf.jpg","Turyap Şirinyer","WhatsApp","https://www.hepsiemlak.com/_nuxt/8cafc93fb5c74c75e9e04e528e02ccdf.jpg"
"https://www.hepsiemlak.com/izmir-bornova-mevlana-kiralik/daire/149990-885","1 / 35","35.000","15/08/2026","Bornova Ege Üni Yakını Sıfır Eşyalı 1+1 Kiralık Daire","Kiralık Daire","1 + 1","60 m²","Sıfır Bina","·","Kat","3. Kat","İzmir / Bornova / Mevlana Mah.","https://www.hepsiemlak.com/_nuxt/8cafc93fb5c74c75e9e04e528e02ccdf.jpg","Fast Buy Gayrimenkul","WhatsApp","https://www.hepsiemlak.com/_nuxt/8cafc93fb5c74c75e9e04e528e02ccdf.jpg"
"https://www.hepsiemlak.com/izmir-cigli-egekent-kiralik/daire/90478-2628","1 / 35","26.000","04/09/2026","Çiğli Egekent'te 3+1 Kiralık Daire","Kiralık Daire","3 + 1","120 m²","31 Yaşında","·","Kat","Yüksek Giriş","İzmir / Çiğli / Egekent Mah.","https://www.hepsiemlak.com/_nuxt/8cafc93fb5c74c75e9e04e528e02ccdf.jpg","Startkey Alfa","WhatsApp","https://www.hepsiemlak.com/_nuxt/8cafc93fb5c74c75e9e04e528e02ccdf.jpg"
"https://www.hepsiemlak.com/izmir-cigli-balatcik-kiralik/daire/152282-546","1 / 20","30.000","27/08/2026","Çiğli Balatçık For You Suıte Sitesi'nde 1+1 Kiralık Daire","Kiralık Daire","1 + 1","65 m²","6 Yaşında","·","Kat","6. Kat","İzmir / Çiğli / Balatçık Mah.","https://hecdnnw.hemlak.com/mncropresize/77/67/logo/2/8/2/2/5/1/b2ab5e3f-83cf-4347-801c-5a4853af531b.jpg","Buy Sold İmperium Gayrimenkul","WhatsApp",""
"https://www.hepsiemlak.com/izmir-buca-laleli-kiralik/daire/129980-1344","1 / 24","25.000","12/08/2026","Buca Şirinyer Laleli Camii Karşısı Arakat Asansörlü Kiralık","Kiralık Daire","2 + 1","80 m²","6 Yaşında","·","Kat","2. Kat","İzmir / Buca / Laleli Mah.","https://hecdnnw.hemlak.com/mncropresize/77/67/logo/0/8/9/9/2/1/86cd63e9-c631-4c47-af95-3cb264168374.jpg","Başoğlu Emlak İnşaat","WhatsApp",""
"https://www.hepsiemlak.com/izmir-karsiyaka-bostanli-kiralik/daire/9515-3476","1 / 41","35.000","15/08/2026","Uçar Emlak’tan  Bostanlı Mahallesinde, Nergiz İzban Durağı Ve Girne Bulvarı Yakını Eşyalı Kiralık3+1","Kiralık Daire","3 + 1","125 m²","35 Yaşında","·","Kat","7. Kat","İzmir / Karşıyaka / Bostanlı Mah.","","","WhatsApp",""
"https://www.hepsiemlak.com/izmir-karsiyaka-latife-hanim-kiralik/daire/76582-2148","1 / 35","47.000","10/09/2026","Salman'dan K.Yaka Tenskort Evlerin'de Kiralık 3+1 Site İçi Daire","Kiralık Daire","3 + 1","145 m²","11 Yaşında","·","Kat","5. Kat","İzmir / Karşıyaka / Latife Hanım Mah.","https://hecdn01.hemlak.com/mncropresize/182/137/ds01/9/8/8/4/0/1/7/4/cff1505d-4e19-42d8-8f2c-e6157923fc5a.jpg","Salman Gayrimenkul","WhatsApp","https://hecdnnw.hemlak.com/mncropresize/77/67/logo/2/8/5/6/7/0/f7f2412f-51a3-4624-9fe9-d126383dcfb2.jpg"
"https://www.hepsiemlak.com/izmir-menemen-inonu-kiralik/daire/62493-1627","1 / 33","21.000","29/08/2026","Seyrek Merkezde Lüxeşyalı Kiralık 1+1 Dublex(loft) Bahçeli Daire","Kiralık Daire","1 + 1","90 m²","2 Yaşında","·","Kat","Giriş Katı","İzmir / Menemen / İnönü Mah.","https://www.hepsiemlak.com/_nuxt/8cafc93fb5c74c75e9e04e528e02ccdf.jpg","Gamex Gayrimenkul","WhatsApp","https://www.hepsiemlak.com/_nuxt/8cafc93fb5c74c75e9e04e528e02ccdf.jpg"
"https://www.hepsiemlak.com/izmir-narlidere-ilica-kiralik/daire/156747-492","1 / 35","44.500","02/09/2026","9 Eylül Hastanesi Yürüme Mesafesinde Site İçi Kiralık 3+1 Daire","Kiralık Daire","3 + 1","115 m²","31 Yaşında","·","Kat","2. Kat","İzmir / Narlıdere / Ilıca Mah.","https://www.hepsiemlak.com/_nuxt/8cafc93fb5c74c75e9e04e528e02ccdf.jpg","Armada Gayrimenkul","WhatsApp","https://www.hepsiemlak.com/_nuxt/8cafc93fb5c74c75e9e04e528e02ccdf.jpg"
"https://www.hepsiemlak.com/izmir-bornova-evka-3-kiralik/daire/167367-47","1 / 40","109.000","08/09/2026","Evka-3 Profesörler Sitesi Yakını Kiralık 275m² Lüks Daire","Kiralık Daire","3 + 1","275 m²","21 Yaşında","·","Kat","3. Kat","İzmir / Bornova / Evka 3 Mah.","https://www.hepsiemlak.com/_nuxt/8cafc93fb5c74c75e9e04e528e02ccdf.jpg","Orinox Gayrimenkul & Danışmanlık","WhatsApp",""
"https://www.hepsiemlak.com/izmir-karabaglar-basin-sitesi-kiralik/daire/58851-1033","1 / 39","27.000","08/09/2026","Kiralık Daire Hastane Karşısında 27.000 Tl","Kiralık Daire","3 + 1","125 m²","46 Yaşında","·","Kat","5. Kat","İzmir / Karabağlar / Basın Sitesi Mah.","https://www.hepsiemlak.com/_nuxt/8cafc93fb5c74c75e9e04e528e02ccdf.jpg","Çolakoğlu Emlak","WhatsApp",""
"https://www.hepsiemlak.com/izmir-menemen-inonu-kiralik/daire/170518-13","1 / 25","18.500","28/08/2026","Seyrekte Doğalgazlı 2+1 Kiralık Temiz Daire","Kiralık Daire","2 + 1","75 m²","6 Yaşında","·","Kat","2. Kat","İzmir / Menemen / İnönü Mah.","https://www.hepsiemlak.com/_nuxt/8cafc93fb5c74c75e9e04e528e02ccdf.jpg","Yasemin Çelikbaş Gayrimenkul Yatırım Danışmanlık","WhatsApp","https://www.hepsiemlak.com/_nuxt/8cafc93fb5c74c75e9e04e528e02ccdf.jpg"
"https://www.hepsiemlak.com/izmir-cigli-sirintepe-kiralik/daire/142802-434","1 / 29","27.500","02/09/2026","Park Yaşam Atlantis'te Havuz Cepheli Ve Modern Kiralık 1+1","Kiralık Daire","1 + 1","47 m²","Sıfır Bina","·","Kat","1. Kat","İzmir / Çiğli / Şirintepe Mah.","https://www.hepsiemlak.com/_nuxt/8cafc93fb5c74c75e9e04e528e02ccdf.jpg","","WhatsApp",""
"https://www.hepsiemlak.com/izmir-cigli-atasehir-kiralik/daire/39051-1825","1 / 45","36.500","22/08/2026","Özler Emlak'tan Ataşehir'de 3+1 Kombili Asansörlü Kiralık Daire","Kiralık Daire","3 + 1","145 m²","16 Yaşında","·","Kat","6. Kat","İzmir / Çiğli / Ataşehir Mah.","https://www.hepsiemlak.com/_nuxt/8cafc93fb5c74c75e9e04e528e02ccdf.jpg","Özler Emlak","WhatsApp","https://www.hepsiemlak.com/_nuxt/8cafc93fb5c74c75e9e04e528e02ccdf.jpg"
"https://www.hepsiemlak.com/izmir-bornova-kazimdirik-kiralik/daire/139122-142","1 / 33","48.000","08/09/2026","Valora'dan Folkart Life Balkonlu Yeni Eşyalı 1+1 Kiralık Daire","Kiralık Daire","1 + 1","65 m²","6 Yaşında","·","Kat","15. Kat","İzmir / Bornova / Kazımdirik Mah.","https://www.hepsiemlak.com/_nuxt/8cafc93fb5c74c75e9e04e528e02ccdf.jpg","Valora Gayrimenkul","WhatsApp",""
"https://www.hepsiemlak.com/izmir-karabaglar-bahar-kiralik/daire/161067-161","1 / 40","25.000","14/08/2026","Merkezi Lokasyonda Kiralık 2+1 Kapalı Mutfak Çift Cephe Daire","Kiralık Daire","2 + 1","80 m²","26 Yaşında","·","Kat","3. Kat","İzmir / Karabağlar / Bahar Mah.","https://www.hepsiemlak.com/_nuxt/8cafc93fb5c74c75e9e04e528e02ccdf.jpg","Venko Gayrimenkul","WhatsApp","https://www.hepsiemlak.com/_nuxt/8cafc93fb5c74c75e9e04e528e02ccdf.jpg"
"https://www.hepsiemlak.com/izmir-karabaglar-vatan-kiralik/daire/140060-1730","1 / 37","26.000","30/08/2026","Akalın Dan Vatan Mah 2+1 Ara Kat Memura Kiralık Daire","Kiralık Daire","2 + 1","80 m²","5 Yaşında","·","Kat","1. Kat","İzmir / Karabağlar / Vatan Mah.","https://www.hepsiemlak.com/_nuxt/8cafc93fb5c74c75e9e04e528e02ccdf.jpg","Akalın İnşaat Gayrimenkul","WhatsApp","https://www.hepsiemlak.com/_nuxt/8cafc93fb5c74c75e9e04e528e02ccdf.jpg"
"https://www.hepsiemlak.com/izmir-menemen-inonu-kiralik/daire/135798-355","1 / 33","28.000","17/08/2026","Gültekin No:1 Havuzlu Sitede Kiralık 1+1 Lüks Daire","Kiralık Daire","1 + 1","60 m²","4 Yaşında","·","Kat","3. Kat","İzmir / Menemen / İnönü Mah.","https://www.hepsiemlak.com/_nuxt/8cafc93fb5c74c75e9e04e528e02ccdf.jpg","Startkey Casa","WhatsApp","https://www.hepsiemlak.com/_nuxt/8cafc93fb5c74c75e9e04e528e02ccdf.jpg"
"https://www.hepsiemlak.com/izmir-buca-ataturk-kiralik/daire/145175-219","1 / 30","18.000","07/09/2026","Atatürk Mah Doğalgazlı 3+1 Kiralık Daire","Kiralık Daire","3 + 1","140 m²","21 Yaşında","·","Kat","Yarı Bodrum","İzmir / Buca / Atatürk Mah.","https://www.hepsiemlak.com/_nuxt/8cafc93fb5c74c75e9e04e528e02ccdf.jpg","Nirvana Gayrimenkul","WhatsApp","https://www.hepsiemlak.com/_nuxt/8cafc93fb5c74c75e9e04e528e02ccdf.jpg"
"https://www.hepsiemlak.com/izmir-bayrakli-osmangazi-kiralik/daire/135423-280","1 / 19","32.000","04/09/2026","Atatürk Mah.Yavuz Cad. Eşyalı Kiralık 3+1 D.Gaz Kombili","Kiralık Daire","3 + 1","120 m²","21 Yaşında","·","Kat","2. Kat","İzmir / Bayraklı / Osmangazi Mah.","https://www.hepsiemlak.com/_nuxt/8cafc93fb5c74c75e9e04e528e02ccdf.jpg","","WhatsApp",""
"https://www.hepsiemlak.com/izmir-balcova-cetin-emec-kiralik/villa/25220-2418","1 / 48","180.000","09/09/2026","Özpa - Balçova Çetin Emeçte  Şehir Ve Deniz Manzaralı 550 M2 Fourlex  Villa","Kiralık Villa","5 + 1","580 m²","3 Yaşında","·","Kat","","İzmir / Balçova / Çetin Emeç Mah.","https://www.hepsiemlak.com/_nuxt/8cafc93fb5c74c75e9e04e528e02ccdf.jpg","","WhatsApp",""
"https://www.hepsiemlak.com/izmir-kemalpasa-ulucak-mustafa-kemal-ataturk-kiralik/daire/78224-2556","1 / 28","39.000","06/09/2026","İzmir Kemalpaşa Ulucak'ta Kiralık 3+1 Dubleks Daire","Kiralık Daire","3 + 1","180 m²","3 Yaşında","·","Kat","4. Kat","İzmir / Kemalpaşa / Ulucak Mustafa Kemal Atatürk Mah.","https://www.hepsiemlak.com/_nuxt/8cafc93fb5c74c75e9e04e528e02ccdf.jpg","Startkey Evka3 Gayrimenkul","WhatsApp","https://www.hepsiemlak.com/_nuxt/8cafc93fb5c74c75e9e04e528e02ccdf.jpg"
"https://www.hepsiemlak.com/izmir-torbali-ertugrul-kiralik/daire/126264-3022","1 / 27","20.000","31/08/2026","Torbalı Ertuğrul Mah Çarşı Merkezde Kiralık 3+1 Ara Kat Daire","Kiralık Daire","3 + 1","140 m²","25 Yaşında","·","Kat","4. Kat","İzmir / Torbalı / Ertuğrul Mah.","https://www.hepsiemlak.com/_nuxt/8cafc93fb5c74c75e9e04e528e02ccdf.jpg","Remax Arma","WhatsApp","https://www.hepsiemlak.com/_nuxt/8cafc93fb5c74c75e9e04e528e02ccdf.jpg"
"https://www.hepsiemlak.com/izmir-odemis-cumhuriyet-kiralik/mustakil-ev/127956-666","1 / 19","15.000","31/08/2026","Gökçe Bağçivan Gayrimenkulden Geniş Kullanım Kiralık Müstakil Ev","Kiralık Müstakil Ev","2 + 1","120 m²","30 Yaşında","·","Kat","","İzmir / Ödemiş / Cumhuriyet Mah.","https://www.hepsiemlak.com/_nuxt/8cafc93fb5c74c75e9e04e528e02ccdf.jpg","","WhatsApp",""
"https://www.hepsiemlak.com/izmir-menemen-istiklal-kiralik/daire/87454-188","1 / 16","30.000","25/08/2026","Kent2 Merkezde Full Tadilatlı Önü Açık Kiralık Daire","Kiralık Daire","3 + 1","120 m²","21 Yaşında","·","Kat","3. Kat","İzmir / Menemen / İstiklal Mah.","https://www.hepsiemlak.com/_nuxt/8cafc93fb5c74c75e9e04e528e02ccdf.jpg","Orhan Emlak","WhatsApp","https://www.hepsiemlak.com/_nuxt/8cafc93fb5c74c75e9e04e528e02ccdf.jpg"
"https://www.hepsiemlak.com/izmir-karsiyaka-bahcelievler-kiralik/daire/14564-492","1 / 24","45.000","07/09/2026","Kiralık Daire","Kiralık Daire","3 + 1","150 m²","23 Yaşında","·","Kat","3. Kat","İzmir / Karşıyaka / Bahçelievler Mah.","https://www.hepsiemlak.com/_nuxt/8cafc93fb5c74c75e9e04e528e02ccdf.jpg","","WhatsApp",""
"https://www.hepsiemlak.com/izmir-bornova-rafet-pasa-kiralik/mustakil-ev/0-47116209","1 / 12","23.000","13/08/2026","Çamdibi'nde 2+1 Bahçeli Tadilatlı Kiralık Daire","Kiralık Müstakil Ev","2 + 1","112 m²","25 Yaşında","·","Kat","","İzmir / Bornova / Rafet Paşa Mah.","https://www.hepsiemlak.com/_nuxt/8cafc93fb5c74c75e9e04e528e02ccdf.jpg","","WhatsApp",""
"https://www.hepsiemlak.com/izmir-karsiyaka-donanmaci-kiralik/daire/17600-1984","1 / 28","35.000","11/08/2026","Karşıyaka Fazılbey Caddesinde Otoparklı Kiralık Daire","Kiralık Daire","2 + 1","90 m²","35 Yaşında","·","Kat","Yüksek Giriş","İzmir / Karşıyaka / Donanmacı Mah.","https://hecdnnw.hemlak.com/mncropresize/77/67/logo/0/0/6/7/1/0/cd82795e-c497-4f36-889a-0ced16d93260.jpg","Kantar Emlak","WhatsApp",""
"https://www.hepsiemlak.com/izmir-karabaglar-gunaltay-kiralik/daire/151041-253","1 / 12","21.000","19/08/2026","Günaltayda 3+1 Doğalgazlı Ara Kat | Okul Ve Pazara Yakın","Kiralık Daire","3 + 1","100 m²","16 Yaşında","·","Kat","2. Kat","İzmir / Karabağlar / Günaltay Mah.","https://hecdnnw.hemlak.com/mncropresize/77/67/logo/1/4/0/1/5/1/948accbd-c444-4438-85c8-febc4ec8a558.jpg","H-s Gayrimenkul","WhatsApp",""
"https://www.hepsiemlak.com/izmir-cesme-ilica-kiralik/residence/74495-4794","1 / 11","65.000","02/09/2026","Çeşme Ilıca Da Kiralık Yıllık 1+1 Daire","Kiralık Residence","1 + 1","80 m²","3 Yaşında","·","Kat","2. Kat","İzmir / Çeşme / Ilıca Mah.","","","WhatsApp",""
"https://www.hepsiemlak.com/izmir-karsiyaka-bostanli-kiralik/daire/8047-2346","1 / 34","60.000","26/08/2026","Bostanlı Da Sahile Yakın 160 M2 Köşe Bakımlı 3+1 2.Kat","Kiralık Daire","3 + 1","160 m²","35 Yaşında","·","Kat","2. Kat","İzmir / Karşıyaka / Bostanlı Mah.","https://hecdn01.hemlak.com/mncropresize/182/137/ds01/3/1/7/2/9/1/7/4/80456a01-869e-4701-88c6-3b4c2d27f39d.jpg","Ülkü Emlak","WhatsApp","https://hecdnnw.hemlak.com/mncropresize/77/67/logo/7/4/0/8/0/0/6ecb1ad8-c24e-4ae7-be04-bb021e2ee191.jpg"
"https://www.hepsiemlak.com/izmir-gaziemir-atifbey-kiralik/daire/91567-2353","1 / 34","80.000","18/08/2026","Berk Emlak'tan Atıfbey Mah 5+1 Dubleks Kiralık Daire","Kiralık Daire","5 + 1","320 m²","11 Yaşında","·","Kat","4. Kat","İzmir / Gaziemir / Atıfbey Mah.","https://www.hepsiemlak.com/_nuxt/8cafc93fb5c74c75e9e04e528e02ccdf.jpg","Berk Emlak","WhatsApp","https://www.hepsiemlak.com/_nuxt/8cafc93fb5c74c75e9e04e528e02ccdf.jpg"
"https://www.hepsiemlak.com/izmir-menemen-ulus-kiralik/daire/168864-7","1 / 16","26.000","08/09/2026","Koyundere 'de Kiralık 2+1 Kapalı Mutfak Daire","Kiralık Daire","2 + 1","85 m²","5 Yaşında","·","Kat","1. Kat","İzmir / Menemen / Ulus Mah.","https://www.hepsiemlak.com/_nuxt/8cafc93fb5c74c75e9e04e528e02ccdf.jpg","","WhatsApp",""
"https://www.hepsiemlak.com/izmir-buca-goksu-kiralik/daire/148313-211","1 / 18","23.000","07/09/2026","İzban Yakını Ana Cadde Üstü 130 M² Geniş 3+1","Kiralık Daire","3 + 1","140 m²","18 Yaşında","·","Kat","2. Kat","İzmir / Buca / Göksu Mah.","https://www.hepsiemlak.com/_nuxt/8cafc93fb5c74c75e9e04e528e02ccdf.jpg","Reyna Gayrimenkul","WhatsApp","https://www.hepsiemlak.com/_nuxt/8cafc93fb5c74c75e9e04e528e02ccdf.jpg"
"https://www.hepsiemlak.com/izmir-buca-adatepe-kiralik/daire/142478-204","1 / 31","29.000","09/09/2026","Kampüs Yakını 2+1 Eşyalı Klimalı Arakat Asansör Çift Balkonlu","Kiralık Daire","2 + 1","75 m²","2 Yaşında","·","Kat","2. Kat","İzmir / Buca / Adatepe Mah.","https://www.hepsiemlak.com/_nuxt/8cafc93fb5c74c75e9e04e528e02ccdf.jpg","Arsal İnşaat & Gayrimenkul","WhatsApp",""
"https://www.hepsiemlak.com/izmir-tire-cumhuriyet-kiralik/daire/166322-35","1 / 16","20.000","03/09/2026","3+1 Kiralık Dogalgazlı","Kiralık Daire","3 + 1","120 m²","21 Yaşında","·","Kat","Yüksek Giriş","İzmir / Tire / Cumhuriyet Mah.","https://www.hepsiemlak.com/_nuxt/8cafc93fb5c74c75e9e04e528e02ccdf.jpg","","WhatsApp",""
"https://www.hepsiemlak.com/izmir-bergama-fatih-kiralik/daire/164844-57","1 / 19","20.000","06/09/2026","Çizgi Gayrimenkul'den Fatih Mah. 2+1 Arakat Kiralık Daire","Kiralık Daire","2 + 1","85 m²","11 Yaşında","·","Kat","2. Kat","İzmir / Bergama / Fatih Mah.","https://www.hepsiemlak.com/_nuxt/8cafc93fb5c74c75e9e04e528e02ccdf.jpg","","WhatsApp",""
"https://www.hepsiemlak.com/izmir-karsiyaka-donanmaci-kiralik/daire/48379-78","1 / 41","30.000","03/09/2026","Karşıyaka Donanmacı Mahallesi Denize Yakın Ara Kat Kiralık Daire","Kiralık Daire","3 + 1","95 m²","31 Yaşında","·","Kat","2. Kat","İzmir / Karşıyaka / Donanmacı Mah.","https://www.hepsiemlak.com/_nuxt/8cafc93fb5c74c75e9e04e528e02ccdf.jpg","Ss Emlak","WhatsApp","https://www.hepsiemlak.com/_nuxt/8cafc93fb5c74c75e9e04e528e02ccdf.jpg"
"https://www.hepsiemlak.com/izmir-buca-yigitler-kiralik/daire/144436-228","1 / 20","28.000","01/09/2026","Yiğitler Mh. Bahçeli 3+1 Daire","Kiralık Daire","3 + 1","180 m²","21 Yaşında","·","Kat","Bahçe Katı","İzmir / Buca / Yiğitler Mah.","https://www.hepsiemlak.com/_nuxt/8cafc93fb5c74c75e9e04e528e02ccdf.jpg","","WhatsApp",""
"https://www.hepsiemlak.com/izmir-aliaga-kazim-dirik-kiralik/daire/164631-53","1 / 16","32.000","06/09/2026","Aliağa İstiklal Caddesi Kiralık 3+1 Daire","Kiralık Daire","3 + 1","130 m²","26 Yaşında","·","Kat","2. Kat","İzmir / Aliağa / Kazım Dirik Mah.","https://www.hepsiemlak.com/_nuxt/8cafc93fb5c74c75e9e04e528e02ccdf.jpg","","WhatsApp",""
"https://www.hepsiemlak.com/izmir-balcova-koruturk-kiralik/daire/146583-441","1 / 34","39.000","02/09/2026","Ekonomi Üniversitesine 100 Metre, 2+1 Eşyalı Kiralık Daire","Kiralık Daire","2 + 1","110 m²","31 Yaşında","·","Kat","1. Kat","İzmir / Balçova / Korutürk Mah.","https://www.hepsiemlak.com/_nuxt/8cafc93fb5c74c75e9e04e528e02ccdf.jpg","Turpa Balçova Vıp","WhatsApp","https://www.hepsiemlak.com/_nuxt/8cafc93fb5c74c75e9e04e528e02ccdf.jpg"
"https://www.hepsiemlak.com/izmir-tire-hurriyet-kiralik/daire/109072-52","1 / 16","23.500","29/08/2026","Akyol' Dan 3 Katlı Binda Kiralık 3+1","Kiralık Daire","3 + 1","125 m²","20 Yaşında","·","Kat","En Üst Kat","İzmir / Tire / Hürriyet Mah.","https://www.hepsiemlak.com/_nuxt/8cafc93fb5c74c75e9e04e528e02ccdf.jpg","","WhatsApp",""
"https://www.hepsiemlak.com/izmir-cigli-evka-5-kiralik/daire/163866-15","1 / 19","20.000","26/08/2026","Doğalgazlı Kilimalı İki Oda Bir Salon","Kiralık Daire","2 + 1","66 m²","27 Yaşında","·","Kat","Ara Kat","İzmir / Çiğli / Evka-5 Mah.","https://www.hepsiemlak.com/_nuxt/8cafc93fb5c74c75e9e04e528e02ccdf.jpg","","WhatsApp",""
"https://www.hepsiemlak.com/izmir-karabaglar-doganay-kiralik/daire/170020-35","1 / 25","27.500","03/09/2026","True Estate | Yeşilyurt Merkezi Konumda Kiralık Geniş 3+1","Kiralık Daire","3 + 1","150 m²","31 Yaşında","·","Kat","4. Kat","İzmir / Karabağlar / Doğanay Mah.","https://www.hepsiemlak.com/_nuxt/8cafc93fb5c74c75e9e04e528e02ccdf.jpg","True Estate","WhatsApp","https://www.hepsiemlak.com/_nuxt/8cafc93fb5c74c75e9e04e528e02ccdf.jpg"
"https://www.hepsiemlak.com/izmir-torbali-torbali-kiralik/daire/154461-347","1 / 35","38.500","01/09/2026","Kiralık Hastane Adliye Yakını Havuzlu Sitede 3+1 Lüx Daire","Kiralık Daire","3 + 1","150 m²","6 Yaşında","·","Kat","4. Kat","İzmir / Torbalı / Torbalı Mah.","https://www.hepsiemlak.com/_nuxt/8cafc93fb5c74c75e9e04e528e02ccdf.jpg","Turkuaz Emlak","WhatsApp","https://www.hepsiemlak.com/_nuxt/8cafc93fb5c74c75e9e04e528e02ccdf.jpg"
"https://www.hepsiemlak.com/izmir-aliaga-yali-kiralik/villa/169863-33","1 / 33","95.000","26/08/2026","Aliağa Yalı Mh. İşçi Konaklamasına Uygun Kiralık Müstakil Villa","Kiralık Villa","10 + 1","600 m²","16 Yaşında","·","Kat","","İzmir / Aliağa / Yalı Mah.","https://www.hepsiemlak.com/_nuxt/8cafc93fb5c74c75e9e04e528e02ccdf.jpg","","WhatsApp",""
"https://www.hepsiemlak.com/izmir-konak-murat-reis-kiralik/daire/124964-2216","1 / 57","32.000","04/09/2026","İzmirspor Metrosuna Yakın 3 + 1 Kiralık Daire","Kiralık Daire","3 + 1","130 m²","31 Yaşında","·","Kat","Ara Kat","İzmir / Konak / Murat Reis Mah.","https://www.hepsiemlak.com/_nuxt/8cafc93fb5c74c75e9e04e528e02ccdf.jpg","Azm Emlak","WhatsApp","https://www.hepsiemlak.com/_nuxt/8cafc93fb5c74c75e9e04e528e02ccdf.jpg"
"https://www.hepsiemlak.com/izmir-karabaglar-bahar-kiralik/daire/43452-890","1 / 35","23.000","08/09/2026","Bahar Mahallesi'nde Yeni Bina Ara Kat, Klimalı, Gömme Dolap, Vestiyer 1+1","Kiralık Daire","1 + 1","45 m²","5 Yaşında","·","Kat","3. Kat","İzmir / Karabağlar / Bahar Mah.","https://www.hepsiemlak.com/_nuxt/8cafc93fb5c74c75e9e04e528e02ccdf.jpg","Sannora Emlak","WhatsApp",""
"https://www.hepsiemlak.com/izmir-karabaglar-doganay-kiralik/daire/117663-2352","1 / 39","30.000","08/09/2026","Delta Koleji Yakını Arakat Doğalgazlı 3+1 Kiralık Daire Kod1698","Kiralık Daire","3 + 1","140 m²","31 Yaşında","·","Kat","1. Kat","İzmir / Karabağlar / Doğanay Mah.","https://www.hepsiemlak.com/_nuxt/8cafc93fb5c74c75e9e04e528e02ccdf.jpg","","WhatsApp",""
"https://www.hepsiemlak.com/izmir-buca-yaylacik-kiralik/daire/166958-62","1 / 28","28.000","24/08/2026","Buca Yaylacık Mahallesinde Kiralık 2+1 Daire","Kiralık Daire","2 + 1","100 m²","18 Yaşında","·","Kat","2. Kat","İzmir / Buca / Yaylacık Mah.","https://www.hepsiemlak.com/_nuxt/8cafc93fb5c74c75e9e04e528e02ccdf.jpg","Piex Gayrimenkul","WhatsApp","https://www.hepsiemlak.com/_nuxt/8cafc93fb5c74c75e9e04e528e02ccdf.jpg"
"https://www.hepsiemlak.com/izmir-menemen-kasimpasa-kiralik/daire/144725-63","1 / 39","38.000","02/09/2026","Menemen Merkez Sevgi Yolunda Bakımlı Masrafsız Kiralık 3+1 Daire","Kiralık Daire","3 + 1","120 m²","31 Yaşında","·","Kat","1. Kat","İzmir / Menemen / Kasımpaşa Mah.","https://www.hepsiemlak.com/_nuxt/8cafc93fb5c74c75e9e04e528e02ccdf.jpg","","WhatsApp",""
"https://www.hepsiemlak.com/izmir-karabaglar-arap-hasan-kiralik/daire/30758-3145","1 / 54","50.000","25/08/2026","Cadde Üzerinde, 4+1,Geniş Ve Ferah Daire...","Kiralık Daire","4 + 1","180 m²","50 Yaşında","·","Kat","1. Kat","İzmir / Karabağlar / Arap Hasan Mah.","","Yatırım Emlak","WhatsApp","https://hecdnnw.hemlak.com/mncropresize/77/67/firmuser/8/5/7/0/3/0/f983f9c7-236b-4335-acc8-55054cbead5c.jpg"
"https://www.hepsiemlak.com/izmir-menderes-kemalpasa-kiralik/daire/144308-590","1 / 28","38.000","08/09/2026","Coldwell Banker Poyrazdan 3+1 Arakat Kiralık Daire","Kiralık Daire","3 + 1","125 m²","6 Yaşında","·","Kat","3. Kat","İzmir / Menderes / Kemalpaşa Mah.","https://hecdnnw.hemlak.com/mncropresize/77/67/logo/8/0/3/4/4/1/9f89e9a6-89a1-4b6d-bb5a-a4ad392163f3.jpg","Coldwell Banker Poyraz","WhatsApp",""
"https://www.hepsiemlak.com/izmir-konak-goztepe-kiralik/daire/145511-82","1 / 52","31.000","27/08/2026","Göztepe’de Deniz Manzaralı, Park Önünde, 4+1 Kiralık Daire","Kiralık Daire","4 + 1","135 m²","30 Yaşında","·","Kat","2. Kat","İzmir / Konak / Göztepe Mah.","","Gürkan Gayrimenkul","WhatsApp","https://hecdnnw.hemlak.com/mncropresize/77/67/firmuser/9/2/5/3/2/1/4/aea917ad-f6e9-4310-828e-4ad552a26060.jpg"
"https://www.hepsiemlak.com/izmir-kemalpasa-sekiz-eylul-kiralik/daire/168372-124","1 / 33","73.000","09/09/2026","Kemalpaşa Ana Cadde Üzeri Sıfır 3+1 175 M2 Kiralık Daire/ofis","Kiralık Daire","3 + 1","175 m²","5 Yaşında","·","Kat","2. Kat","İzmir / Kemalpaşa / Sekiz Eylül Mah.","https://hecdn01.hemlak.com/mncropresize/182/137/ds01/3/8/1/9/6/1/7/4/b751a4b3-9b7e-48a7-818c-acaf1c1ae52d.jpg","İzmirim Gayrimenkul Kemalpaşa","WhatsApp","https://hecdnnw.hemlak.com/mncropresize/77/67/logo/2/7/3/8/6/1/ad2ac29b-51f9-423b-afa5-e924121359b8.jpg"
"https://www.hepsiemlak.com/izmir-balcova-onur-kiralik/daire/9163-1073","1 / 37","38.000","08/09/2026","Fiyat Düştü! Balçova Agora Avm Yakını Termal Isıtmalı 3+1 Kiralık Daire","Kiralık Daire","3 + 1","130 m²","28 Yaşında","·","Kat","2. Kat","İzmir / Balçova / Onur Mah.","https://www.hepsiemlak.com/_nuxt/8cafc93fb5c74c75e9e04e528e02ccdf.jpg","Ulusalofis Gayrimenkul","WhatsApp","https://www.hepsiemlak.com/_nuxt/8cafc93fb5c74c75e9e04e528e02ccdf.jpg"
"https://www.hepsiemlak.com/izmir-balcova-egitim-kiralik/daire/133337-508","1 / 28","47.500","19/08/2026","Eğitim Mah Kiralık 3+1 Ara Kat Metro Yakını Daire.","Kiralık Daire","3 + 1","145 m²","16 Yaşında","·","Kat","1. Kat","İzmir / Balçova / Eğitim Mah.","https://www.hepsiemlak.com/_nuxt/8cafc93fb5c74c75e9e04e528e02ccdf.jpg","Türker Gayrimenkul Danışmanlık","WhatsApp","https://www.hepsiemlak.com/_nuxt/8cafc93fb5c74c75e9e04e528e02ccdf.jpg"
"https://www.hepsiemlak.com/izmir-buca-dicle-kiralik/daire/133137-1094","1 / 27","26.000","19/08/2026","Buca Ecevit Parkı Yakını 3+1 120m2 Doğalgazlı Kiralık Daire","Kiralık Daire","3 + 1","120 m²","26 Yaşında","·","Kat","2. Kat","İzmir / Buca / Dicle Mah.","https://www.hepsiemlak.com/_nuxt/8cafc93fb5c74c75e9e04e528e02ccdf.jpg","","WhatsApp",""
"https://www.hepsiemlak.com/izmir-bergama-zafer-kiralik/daire/136720-301","1 / 23","33.000","17/08/2026","Galenos Caddesi Üzerinde Full Tadilatlı Ofisimiz Kiralıktır","Kiralık Daire","2 + 1","85 m²","21 Yaşında","·","Kat","2. Kat","İzmir / Bergama / Zafer Mah.","https://www.hepsiemlak.com/_nuxt/8cafc93fb5c74c75e9e04e528e02ccdf.jpg","","WhatsApp",""
"https://www.hepsiemlak.com/izmir-cigli-kucuk-cigli-kiralik/daire/138064-171","1 / 18","31.500","17/08/2026","Çiğli Küçükçiğli Mah. Kiralık Doğalgazlı 2+1 Daire","Kiralık Daire","2 + 1","80 m²","5 Yaşında","·","Kat","6. Kat","İzmir / Çiğli / Küçük Çiğli Mah.","https://www.hepsiemlak.com/_nuxt/8cafc93fb5c74c75e9e04e528e02ccdf.jpg","","WhatsApp",""
"https://www.hepsiemlak.com/izmir-buca-kurucesme-kiralik/daire/156337-164","1 / 17","30.000","05/09/2026","Tepe Gyd'den Kampüs Karşısı ,Ebeveyn Banyolu ,Eşyalı 2+1 Daire","Kiralık Daire","2 + 1","90 m²","11 Yaşında","·","Kat","1. Kat","İzmir / Buca / Kuruçeşme Mah.","https://www.hepsiemlak.com/_nuxt/8cafc93fb5c74c75e9e04e528e02ccdf.jpg","","WhatsApp",""
"https://www.hepsiemlak.com/izmir-cigli-atasehir-kiralik/daire/168700-12","1 / 20","30.000","03/09/2026","Ataşehir Merkezde 3+1 Kiralık Daire !!!!","Kiralık Daire","3 + 1","115 m²","26 Yaşında","·","Kat","3. Kat","İzmir / Çiğli / Ataşehir Mah.","https://www.hepsiemlak.com/_nuxt/8cafc93fb5c74c75e9e04e528e02ccdf.jpg","","WhatsApp",""
"https://www.hepsiemlak.com/izmir-karabaglar-selvili-kiralik/daire/123482-57","1 / 15","30.000","10/09/2026","Karabağlar Selvili Mh.Kiralık 2+1 Daire","Kiralık Daire","2 + 1","130 m²","31 Yaşında","·","Kat","1. Kat","İzmir / Karabağlar / Selvili Mah.","https://www.hepsiemlak.com/_nuxt/8cafc93fb5c74c75e9e04e528e02ccdf.jpg","Turpa Mertcan Gayrimenkul","WhatsApp","https://www.hepsiemlak.com/_nuxt/8cafc93fb5c74c75e9e04e528e02ccdf.jpg"
"https://www.hepsiemlak.com/izmir-aliaga-yali-kiralik/daire/164542-137","1 / 20","32.500","12/08/2026","Realiva'dan Yalı Mah. Bahçeli Kiralık 2+1 Daire","Kiralık Daire","2 + 1","90 m²","1 Yaşında","·","Kat","Bahçe Katı","İzmir / Aliağa / Yalı Mah.","https://www.hepsiemlak.com/_nuxt/8cafc93fb5c74c75e9e04e528e02ccdf.jpg","","WhatsApp",""
"https://www.hepsiemlak.com/izmir-bayrakli-adalet-kiralik/daire/152961-80","1 / 21","30.000","15/08/2026","Adalet Mah. Folkartlar Yakını Full Eşyalı Temiz Kiralık 2+1","Kiralık Daire","2 + 1","95 m²","21 Yaşında","·","Kat","Giriş Katı","İzmir / Bayraklı / Adalet Mah.","https://www.hepsiemlak.com/_nuxt/8cafc93fb5c74c75e9e04e528e02ccdf.jpg","","WhatsApp",""
"https://www.hepsiemlak.com/izmir-karsiyaka-semikler-kiralik/daire/169929-16","1 / 18","35.000","16/08/2026","Karşıyaka Şemiklerde Konforlu Kiralık Daire","Kiralık Daire","3 + 1","150 m²","35 Yaşında","·","Kat","Yüksek Giriş","İzmir / Karşıyaka / Şemikler Mah.","https://www.hepsiemlak.com/_nuxt/8cafc93fb5c74c75e9e04e528e02ccdf.jpg","Orbium Global Gayrimenkul Yatırım Danışmanlığı","WhatsApp","https://www.hepsiemlak.com/_nuxt/8cafc93fb5c74c75e9e04e528e02ccdf.jpg"
"https://www.hepsiemlak.com/izmir-menemen-inonu-kiralik/daire/167667-52","1 / 17","17.500","10/09/2026","Seyrek Ana Caddede Geniş 1+1 Kiralık Daire","Kiralık Daire","1 + 1","55 m²","Sıfır Bina","·","Kat","3. Kat","İzmir / Menemen / İnönü Mah.","https://www.hepsiemlak.com/_nuxt/8cafc93fb5c74c75e9e04e528e02ccdf.jpg","","WhatsApp",""
"https://www.hepsiemlak.com/izmir-buca-hurriyet-kiralik/daire/162999-40","1 / 31","35.000","07/09/2026","Myyılmazgayrimenkul'den Şirinyer'de 3+1 Kiralık Daire","Kiralık Daire","3 + 1","100 m²","11 Yaşında","·","Kat","2. Kat","İzmir / Buca / Hürriyet Mah.","https://www.hepsiemlak.com/_nuxt/8cafc93fb5c74c75e9e04e528e02ccdf.jpg","My Öznur Yılmaz Gayrimenkul","WhatsApp","https://www.hepsiemlak.com/_nuxt/8cafc93fb5c74c75e9e04e528e02ccdf.jpg"
"https://www.hepsiemlak.com/izmir-konak-mimar-sinan-kiralik/daire/170492-7","1 / 15","25.000","05/09/2026","2+1 Kiralık Daire 25 Bin","Kiralık Daire","2 + 0","90 m²","35 Yaşında","·","Kat","4. Kat","İzmir / Konak / Mimar Sinan Mah.","https://www.hepsiemlak.com/_nuxt/8cafc93fb5c74c75e9e04e528e02ccdf.jpg","Adil Emlak","WhatsApp","https://www.hepsiemlak.com/_nuxt/8cafc93fb5c74c75e9e04e528e02ccdf.jpg"
"https://www.hepsiemlak.com/izmir-cesme-ciftlik-kiralik/villa/144706-46","1 / 22","300.000","18/08/2026","Çeşme Çiftlikköy ‘de Kiralık Müstakil Havuzlu Villa","Kiralık Villa","4 + 1","350 m²","3 Yaşında","·","Kat","","İzmir / Çeşme / Çiftlik Mah.","https://www.hepsiemlak.com/_nuxt/8cafc93fb5c74c75e9e04e528e02ccdf.jpg","Rafine Gayrimenkul","WhatsApp",""
"https://www.hepsiemlak.com/izmir-buca-yildiz-kiralik/daire/111716-1756","1 / 40","35.000","09/09/2026","Kadin Doğum Hast. Yak. Siteiçi Arakat Asansörlü 3+1 Ebevyn Banyolu Firsat Kiralik Daire","Kiralık Daire","3 + 1","135 m²","18 Yaşında","·","Kat","5. Kat","İzmir / Buca / Yıldız Mah.","https://www.hepsiemlak.com/_nuxt/8cafc93fb5c74c75e9e04e528e02ccdf.jpg","Buca Boranem Gayrimenkul","WhatsApp","https://www.hepsiemlak.com/_nuxt/8cafc93fb5c74c75e9e04e528e02ccdf.jpg"
"https://www.hepsiemlak.com/izmir-bornova-kizilay-kiralik/mustakil-ev/77169-770","1 / 36","35.000","27/08/2026","Bornova Kızılay Mahallesi'nde 3+1 Eşyalı Kiralık Daire","Kiralık Müstakil Ev","3 + 1","120 m²","31 Yaşında","","","","İzmir / Bornova / Kızılay Mah.","https://www.hepsiemlak.com/_nuxt/8cafc93fb5c74c75e9e04e528e02ccdf.jpg","","WhatsApp",""
"https://www.hepsiemlak.com/izmir-menderes-gorece-cumhuriyet-kiralik/daire/105886-219","1 / 20","55.000","01/09/2026","Q'zen Den Görecede Full Eşyalı Kiralık 145 M2 3+1","Kiralık Daire","3 + 1","145 m²","6 Yaşında","·","Kat","2. Kat","İzmir / Menderes / Görece Cumhuriyet Mah.","https://www.hepsiemlak.com/_nuxt/8cafc93fb5c74c75e9e04e528e02ccdf.jpg","Qzen Gayrimenkul","WhatsApp","https://www.hepsiemlak.com/_nuxt/8cafc93fb5c74c75e9e04e528e02ccdf.jpg"
"https://www.hepsiemlak.com/izmir-torbali-yedi-eylul-kiralik/daire/147472-263","1 / 17","18.000","08/09/2026","🏡torbalı Yedi Eylül Mahallesi'nde Sıfır, Lüks 1+1 Kiralık Daire! ✨","Kiralık Daire","1 + 1","60 m²","Sıfır Bina","·","Kat","1. Kat","İzmir / Torbalı / Yedi Eylül Mah.","https://www.hepsiemlak.com/_nuxt/8cafc93fb5c74c75e9e04e528e02ccdf.jpg","Reyhan Emlak Gayrimenkul","WhatsApp","https://www.hepsiemlak.com/_nuxt/8cafc93fb5c74c75e9e04e528e02ccdf.jpg"
"https://www.hepsiemlak.com/izmir-dikili-bademli-kiralik/mustakil-ev/140848-707","1 / 33","5.000","01/09/2026","İzmir Dikili Bademlide Kiralık Müstakil Bahçeli Taş Ev","Kiralık Müstakil Ev","2 + 1","500 m²","6 Yaşında","·","Kat","Bahçe Katı","İzmir / Dikili / Bademli Mah.","https://www.hepsiemlak.com/_nuxt/8cafc93fb5c74c75e9e04e528e02ccdf.jpg","","WhatsApp",""
"https://www.hepsiemlak.com/izmir-bornova-yesilcam-kiralik/daire/152750-98","1 / 27","16.000","31/08/2026","Bornova Yeşilçam Mahallesinde Kiralık Geniş Teraslı 2+1 Daire","Kiralık Daire","2 + 1","80 m²","16 Yaşında","·","Kat","2. Kat","İzmir / Bornova / Yeşilçam Mah.","https://hecdnnw.hemlak.com/mncropresize/77/67/logo/0/5/7/2/5/1/d4405341-10a6-4535-ad91-5c7b80c735a3.jpg","Turpa Feyza","WhatsApp",""
"https://www.hepsiemlak.com/izmir-torbali-tepekoy-kiralik/daire/140257-363","1 / 19","17.000","01/09/2026","Tepeköy İzban Yakını Metropolis Otel Arkasında Lüks 1+1 Daire","Kiralık Daire","1 + 1","55 m²","Sıfır Bina","·","Kat","1. Kat","İzmir / Torbalı / Tepeköy Mah.","https://hecdnnw.hemlak.com/mncropresize/77/67/logo/7/5/2/0/4/1/a562d7bb-3c12-4ac2-bda4-30ce506b63ae.jpg","Korkmaz Gayrimenkul","WhatsApp",""
"https://www.hepsiemlak.com/izmir-menderes-cukuralti-kiralik/daire/122882-129","1 / 46","45.000","06/09/2026","Özdere Çukuraltı’nda Full Deniz Manzaralı Uzun Dönem Kiralık Kat Kaloriferli 4+1 Çatı Dubleksi","Kiralık Daire","4 + 1","174 m²","12 Yaşında","·","Kat","Teras Katı","İzmir / Menderes / Çukuraltı Mah.","","Startkey Kaynak Gayrimenkul","WhatsApp","https://hecdnnw.hemlak.com/mncropresize/77/67/firmuser/2/6/0/6/5/8/2/527b4ec8-6a54-4d52-acbc-45187af5ae52.jpg"
"https://www.hepsiemlak.com/izmir-konak-murat-reis-kiralik/daire/30787-1837","1 / 36","28.000","08/09/2026","Üçyol  269 Sokakta 2+1 Kısmen Bakımlı Balkonlu Kombili","Kiralık Daire","2 + 1","90 m²","45 Yaşında","·","Kat","Ara Kat","İzmir / Konak / Murat Reis Mah.","https://hecdn01.hemlak.com/mncropresize/182/137/ds01/5/6/4/7/3/4/6/4/1780387218-458504-46437465.jpeg","","WhatsApp",""
"https://www.hepsiemlak.com/izmir-karsiyaka-donanmaci-kiralik/daire/2183-1284","1 / 59","41.000","31/08/2026","Karşıyaka Çamlıkta Köşe Sahile Vapur İskelesine Çok Yakın","Kiralık Daire","3 + 1","130 m²","40 Yaşında","·","Kat","Ara Kat","İzmir / Karşıyaka / Donanmacı Mah.","https://www.hepsiemlak.com/_nuxt/8cafc93fb5c74c75e9e04e528e02ccdf.jpg","","WhatsApp",""
"https://www.hepsiemlak.com/izmir-konak-kahramanlar-kiralik/daire/4981-8610","1 / 26","48.000","08/09/2026","Alsancak Fuar Manzaralı Kıralık Daıre","Kiralık Daire","2 + 1","120 m²","40 Yaşında","·","Kat","6. Kat","İzmir / Konak / Kahramanlar Mah.","https://www.hepsiemlak.com/_nuxt/8cafc93fb5c74c75e9e04e528e02ccdf.jpg","Turyap Alsancak Temsilciliği","WhatsApp","https://www.hepsiemlak.com/_nuxt/8cafc93fb5c74c75e9e04e528e02ccdf.jpg"
"https://www.hepsiemlak.com/izmir-bornova-kazimdirik-kiralik/daire/22103-5339","1 / 26","40.000","03/09/2026","Metro Yakını Beyaz Eşyalı. 2+1 Daire","Kiralık Daire","2 + 1","70 m²","5 Yaşında","·","Kat","2. Kat","İzmir / Bornova / Kazımdirik Mah.","https://www.hepsiemlak.com/_nuxt/8cafc93fb5c74c75e9e04e528e02ccdf.jpg","","WhatsApp",""
"https://www.hepsiemlak.com/izmir-konak-guzelyali-kiralik/daire/10160-3486","1 / 35","30.000","09/09/2026","Güzelyalı Merkezde Köşe Poligon Metroya 5 Dk Mesafede","Kiralık Daire","3 + 1","110 m²","31 Yaşında","·","Kat","2. Kat","İzmir / Konak / Güzelyalı Mah.","https://www.hepsiemlak.com/_nuxt/8cafc93fb5c74c75e9e04e528e02ccdf.jpg","Güzelyalı Emlak","WhatsApp","https://www.hepsiemlak.com/_nuxt/8cafc93fb5c74c75e9e04e528e02ccdf.jpg"
"https://www.hepsiemlak.com/izmir-buca-adatepe-kiralik/daire/143816-141","1 / 19","16.000","07/09/2026","Bucaparisa'dan Hasanağa Bahçesi Ve İbf Yakını D.Gazlı 1+0","Kiralık Daire","Stüdyo","40 m²","5 Yaşında","·","Kat","2. Kat","İzmir / Buca / Adatepe Mah.","https://www.hepsiemlak.com/_nuxt/8cafc93fb5c74c75e9e04e528e02ccdf.jpg","Parisa Yapı Gayrimenkul","WhatsApp","https://www.hepsiemlak.com/_nuxt/8cafc93fb5c74c75e9e04e528e02ccdf.jpg"
"https://www.hepsiemlak.com/izmir-karabaglar-calikusu-kiralik/daire/140182-536","1 / 22","21.000","09/09/2026","Bozyaka Çalıkuşu'nda 100m2 3+1 Ara Kat Kiralık Daire","Kiralık Daire","3 + 1","100 m²","30 Yaşında","·","Kat","4. Kat","İzmir / Karabağlar / Çalıkuşu Mah.","https://www.hepsiemlak.com/_nuxt/8cafc93fb5c74c75e9e04e528e02ccdf.jpg","Coldwell Banker Motto","WhatsApp","https://www.hepsiemlak.com/_nuxt/8cafc93fb5c74c75e9e04e528e02ccdf.jpg"
"https://www.hepsiemlak.com/izmir-buca-adatepe-kiralik/daire/145638-87","1 / 24","23.000","07/09/2026","Dsy Gayrimenkul'den Kiralık 2+1 Doğalgaz, Çift Cephe Balkonlu Ev","Kiralık Daire","2 + 1","80 m²","11 Yaşında","·","Kat","2. Kat","İzmir / Buca / Adatepe Mah.","https://www.hepsiemlak.com/_nuxt/8cafc93fb5c74c75e9e04e528e02ccdf.jpg","Dsy Gayrimenkul","WhatsApp","https://www.hepsiemlak.com/_nuxt/8cafc93fb5c74c75e9e04e528e02ccdf.jpg"
"https://www.hepsiemlak.com/izmir-buca-yenigun-kiralik/daire/63598-370","1 / 25","30.000","08/09/2026","Arga'dan Buca Kaymakamlık Yakını D.Gazlı 3+1 Kiralık Daire.","Kiralık Daire","3 + 1","128 m²","29 Yaşında","·","Kat","Ara Kat","İzmir / Buca / Yenigün Mah.","https://www.hepsiemlak.com/_nuxt/8cafc93fb5c74c75e9e04e528e02ccdf.jpg","Arga Emlak","WhatsApp","https://www.hepsiemlak.com/_nuxt/8cafc93fb5c74c75e9e04e528e02ccdf.jpg"
"https://www.hepsiemlak.com/izmir-karsiyaka-aksoy-kiralik/daire/2527-14326","1 / 18","46.500","30/08/2026","Aksoy'da Denıze Yakın Asansörlü 3+1 Kıralık Daıre","Kiralık Daire","3 + 1","160 m²","36 Yaşında","·","Kat","3. Kat","İzmir / Karşıyaka / Aksoy Mah.","https://www.hepsiemlak.com/_nuxt/8cafc93fb5c74c75e9e04e528e02ccdf.jpg","Remax Adres","WhatsApp","https://www.hepsiemlak.com/_nuxt/8cafc93fb5c74c75e9e04e528e02ccdf.jpg"
"https://www.hepsiemlak.com/izmir-bornova-evka-4-kiralik/daire/20945-2428","1 / 18","22.500","12/08/2026","Erdemay Emlakatn Doğalgazlı 2+1 Kiralık","Kiralık Daire","2 + 1","77 m²","26 Yaşında","·","Kat","3. Kat","İzmir / Bornova / Evka 4 Mah.","https://www.hepsiemlak.com/_nuxt/8cafc93fb5c74c75e9e04e528e02ccdf.jpg","","WhatsApp",""
"https://www.hepsiemlak.com/izmir-cigli-atasehir-kiralik/daire/54684-4651","1 / 33","60.000","14/08/2026","Ataşehir Modern 1'de Villa Konforunda 2+1 Kiralık Daire","Kiralık Daire","2 + 1","104 m²","6 Yaşında","·","Kat","Zemin","İzmir / Çiğli / Ataşehir Mah.","https://www.hepsiemlak.com/_nuxt/8cafc93fb5c74c75e9e04e528e02ccdf.jpg","Startkey Altunsu","WhatsApp","https://www.hepsiemlak.com/_nuxt/8cafc93fb5c74c75e9e04e528e02ccdf.jpg"
"https://www.hepsiemlak.com/izmir-balcova-koruturk-kiralik/daire/22303-624","1 / 23","70.000","26/08/2026","Balçova Korutürk Dokuzeylül Hastane Yakını 3+1 Kiralık Lüx Daire","Kiralık Daire","3 + 1","140 m²","30 Yaşında","·","Kat","En Üst Kat","İzmir / Balçova / Korutürk Mah.","https://www.hepsiemlak.com/_nuxt/8cafc93fb5c74c75e9e04e528e02ccdf.jpg","","WhatsApp",""
"https://www.hepsiemlak.com/izmir-balcova-cetin-emec-kiralik/daire/77173-1434","1 / 34","40.000","07/09/2026","Balçovada Ata Cad. Yakın Genç Binada Eşyalı Kiralık 2+1 Daire","Kiralık Daire","2 + 1","90 m²","10 Yaşında","·","Kat","Yüksek Giriş","İzmir / Balçova / Çetin Emeç Mah.","https://www.hepsiemlak.com/_nuxt/8cafc93fb5c74c75e9e04e528e02ccdf.jpg","","WhatsApp",""
"https://www.hepsiemlak.com/izmir-bornova-yakakoy-kiralik/villa/164987-10","1 / 1","110.000","03/09/2026","Bornova Yakaköyde Kiralık Müstakil Villa","Kiralık Villa","6 + 1","400 m²","6 Yaşında","·","Kat","","İzmir / Bornova / Yakaköy Mah.","https://www.hepsiemlak.com/_nuxt/8cafc93fb5c74c75e9e04e528e02ccdf.jpg","Vesna Emlak Gayrimenkul","WhatsApp","https://www.hepsiemlak.com/_nuxt/8cafc93fb5c74c75e9e04e528e02ccdf.jpg"
"https://www.hepsiemlak.com/izmir-menemen-ulus-kiralik/daire/47347-3098","1 / 28","20.000","28/08/2026","Nisan'dan Koyundere Ulus Mh.Site İçi Kiralık 1+1","Kiralık Daire","1 + 1","64 m²","3 Yaşında","·","Kat","2. Kat","İzmir / Menemen / Ulus Mah.","https://www.hepsiemlak.com/_nuxt/8cafc93fb5c74c75e9e04e528e02ccdf.jpg","Nisan Gayrimenkul","WhatsApp","https://www.hepsiemlak.com/_nuxt/8cafc93fb5c74c75e9e04e528e02ccdf.jpg"
"https://www.hepsiemlak.com/izmir-karsiyaka-bostanli-kiralik/daire/31220-11382","1 / 34","48.000","09/09/2026","Team Vira'dan Girne Bulvarı'nda, Nergiz İzban Yakını Kiralık","Kiralık Daire","3 + 1","120 m²","26 Yaşında","·","Kat","3. Kat","İzmir / Karşıyaka / Bostanlı Mah.","https://www.hepsiemlak.com/_nuxt/8cafc93fb5c74c75e9e04e528e02ccdf.jpg","Kw Alesta-viya-orsa 1","WhatsApp","https://www.hepsiemlak.com/_nuxt/8cafc93fb5c74c75e9e04e528e02ccdf.jpg"
"https://www.hepsiemlak.com/izmir-menemen-29-ekim-kiralik/daire/61148-2545","1 / 17","30.000","26/08/2026","Ulukent Kasaplar Cd. Yakını 2+1 Kapalı Mutfak Ara Kat Daire !!","Kiralık Daire","2 + 1","85 m²","6 Yaşında","·","Kat","3. Kat","İzmir / Menemen / 29 Ekim Mah.","https://www.hepsiemlak.com/_nuxt/8cafc93fb5c74c75e9e04e528e02ccdf.jpg","Kumsal Gayrimenkul","WhatsApp","https://www.hepsiemlak.com/_nuxt/8cafc93fb5c74c75e9e04e528e02ccdf.jpg"
"https://www.hepsiemlak.com/izmir-karabaglar-basin-sitesi-kiralik/daire/21655-3697","1 / 17","31.000","03/09/2026","Basınsitesin'de Devlet Hastanesine Yakin Kiralık Daire","Kiralık Daire","3 + 1","130 m²","35 Yaşında","·","Kat","3. Kat","İzmir / Karabağlar / Basın Sitesi Mah.","https://www.hepsiemlak.com/_nuxt/8cafc93fb5c74c75e9e04e528e02ccdf.jpg","","WhatsApp",""
"https://www.hepsiemlak.com/izmir-cigli-esentepe-kiralik/daire/42880-330","1 / 21","22.500","02/09/2026","Black Suıts 2 Projesinde Kiralık 1+1 Daire","Kiralık Daire","1 + 1","40 m²","Sıfır Bina","·","Kat","1. Kat","İzmir / Çiğli / Esentepe Mah.","https://www.hepsiemlak.com/_nuxt/8cafc93fb5c74c75e9e04e528e02ccdf.jpg","Yeni Adresin Gayrimenkul","WhatsApp","https://www.hepsiemlak.com/_nuxt/8cafc93fb5c74c75e9e04e528e02ccdf.jpg"
"https://www.hepsiemlak.com/izmir-bayrakli-mansuroglu-kiralik/daire/97779-1317","1 / 32","30.000","02/09/2026","Özkanlar Migros Yakını 2+1 85 M2 Site Kiralık Daire","Kiralık Daire","2 + 1","85 m²","16 Yaşında","·","Kat","2. Kat","İzmir / Bayraklı / Mansuroğlu Mah.","https://www.hepsiemlak.com/_nuxt/8cafc93fb5c74c75e9e04e528e02ccdf.jpg","","WhatsApp",""
"https://www.hepsiemlak.com/izmir-karabaglar-gulyaka-kiralik/daire/79070-4317","1 / 24","23.000","06/09/2026","Karabağlar Gülyaka Mah.İci Yapili Dogalgazli 2+1 Kiralik Daire","Kiralık Daire","2 + 1","105 m²","25 Yaşında","·","Kat","2. Kat","İzmir / Karabağlar / Gülyaka Mah.","","Harputlu Emlak","WhatsApp","https://hecdnnw.hemlak.com/mncropresize/77/67/firmuser/9/8/0/4/1/5/1/dba621be-e00c-4c77-a988-b58fe33ff42b.jpg"
"https://www.hepsiemlak.com/izmir-karsiyaka-fikri-altay-kiralik/daire/78476-566","1 / 24","26.000","29/08/2026","Fikri Altay Mahallesinde Ordu Bulvarı Yakını Kiralık 1+1 Daire","Kiralık Daire","1 + 1","45 m²","11 Yaşında","·","Kat","Yüksek Giriş","İzmir / Karşıyaka / Fikri Altay Mah.","","","WhatsApp",""
"https://www.hepsiemlak.com/izmir-buca-dumlupinar-kiralik/daire/0-47196194","1 / 11","16.000","04/09/2026","Sahibinden Buca Kasaplar Meydanında Kiralık Daire","Kiralık Daire","2 + 1","100 m²","40 Yaşında","·","Kat","1. Kat","İzmir / Buca / Dumlupınar Mah.","","","WhatsApp",""
"https://www.hepsiemlak.com/izmir-kemalpasa-mehmet-akif-ersoy-kiralik/daire/0-47187949","1 / 11","24.000","08/09/2026","2+1 Doğalgazlı Kiralık Daire","Kiralık Daire","2 + 1","70 m²","7 Yaşında","·","Kat","Yüksek Giriş","İzmir / Kemalpaşa / Mehmet Akif Ersoy Mah.","https://hecdn01.hemlak.com/mncropresize/182/137/ds01/9/4/9/7/8/1/7/4/1787661690698-47187949.jpg","","WhatsApp",""
"https://www.hepsiemlak.com/izmir-bergama-bahcelievler-kiralik/daire/166695-4","1 / 11","26.000","25/08/2026","Atatürk Bulvarında Merkezi Konum, Şerefiyeli Kiralık 3+1 Daire","Kiralık Daire","3 + 1","140 m²","31 Yaşında","·","Kat","3. Kat","İzmir / Bergama / Bahçelievler Mah.","https://www.hepsiemlak.com/_nuxt/8cafc93fb5c74c75e9e04e528e02ccdf.jpg","","WhatsApp",""
"https://www.hepsiemlak.com/izmir-urla-guvendik-kiralik/daire/112709-2849","1 / 16","43.000","07/09/2026","Urla Çeşmealtı Güvendik Mahallesinde Kiralık Daire","Kiralık Daire","2 + 1","80 m²","16 Yaşında","·","Kat","2. Kat","İzmir / Urla / Güvendik Mah.","https://www.hepsiemlak.com/_nuxt/8cafc93fb5c74c75e9e04e528e02ccdf.jpg","Deri Group Gayrimenkul Danışmanlığı","WhatsApp","https://www.hepsiemlak.com/_nuxt/8cafc93fb5c74c75e9e04e528e02ccdf.jpg"
"https://www.hepsiemlak.com/izmir-bayrakli-mansuroglu-kiralik/daire/38547-1870","1 / 16","30.000","01/09/2026","Finalim Emlak'tan Özkanlar Bölge Metro Yakını 1+1 Daire","Kiralık Daire","1 + 1","60 m²","5 Yaşında","·","Kat","2. Kat","İzmir / Bayraklı / Mansuroğlu Mah.","https://www.hepsiemlak.com/_nuxt/8cafc93fb5c74c75e9e04e528e02ccdf.jpg","","WhatsApp",""
"https://www.hepsiemlak.com/izmir-foca-mustafa-kemal-ataturk-kiralik/daire/152395-501","1 / 14","25.000","26/08/2026","Turyap'tan Yenifoça Narezen'de 2+1 Kiralık Daire","Kiralık Daire","2 + 1","85 m²","11 Yaşında","·","Kat","3. Kat","İzmir / Foça / Mustafa Kemal Atatürk Mah.","https://www.hepsiemlak.com/_nuxt/8cafc93fb5c74c75e9e04e528e02ccdf.jpg","Turyap Yeni Foça Temsilciliği","WhatsApp","https://www.hepsiemlak.com/_nuxt/8cafc93fb5c74c75e9e04e528e02ccdf.jpg"
"https://www.hepsiemlak.com/izmir-menemen-gazi-mustafa-kemal-kiralik/daire/162477-12","1 / 14","22.000","08/09/2026","Bakırçay Üniversitenin Yanı Başında Kiralık 2+1","Kiralık Daire","2 + 1","90 m²","5 Yaşında","·","Kat","4. Kat","İzmir / Menemen / Gazi Mustafa Kemal Mah.","https://www.hepsiemlak.com/_nuxt/8cafc93fb5c74c75e9e04e528e02ccdf.jpg","","WhatsApp",""
"https://www.hepsiemlak.com/izmir-karabaglar-general-kazim-ozalp-kiralik/daire/13763-3110","1 / 28","28.000","09/09/2026","G. Kazım Özalp Mah., 46 Sk'ta Eşyalı , Doğalgazlı Kiralık Daire","Kiralık Daire","2 + 1","85 m²","31 Yaşında","·","Kat","5. Kat","İzmir / Karabağlar / General Kazım Özalp Mah.","https://www.hepsiemlak.com/_nuxt/8cafc93fb5c74c75e9e04e528e02ccdf.jpg","Nazar Emlak","WhatsApp","https://www.hepsiemlak.com/_nuxt/8cafc93fb5c74c75e9e04e528e02ccdf.jpg"
"https://www.hepsiemlak.com/izmir-bornova-kazimdirik-kiralik/daire/3167-2053","1 / 13","38.000","23/08/2026","Bornova Yaşar Üniversitesi , Ege Üniversitesi Yakını 1+1 Kiralık","Kiralık Daire","1 + 1","50 m²","6 Yaşında","·","Kat","3. Kat","İzmir / Bornova / Kazımdirik Mah.","https://www.hepsiemlak.com/_nuxt/8cafc93fb5c74c75e9e04e528e02ccdf.jpg","Koyuncu Emlak","WhatsApp",""
"https://www.hepsiemlak.com/izmir-cesme-sakarya-kiralik/daire/97475-646","1 / 15","47.000","10/09/2026","Çeşme Merkez'de 1+1 Eşyalı Kiralık Havuzlu Daire","Kiralık Daire","1 + 1","69 m²","6 Yaşında","·","Kat","1. Kat","İzmir / Çeşme / Sakarya Mah.","https://www.hepsiemlak.com/_nuxt/8cafc93fb5c74c75e9e04e528e02ccdf.jpg","Coldwell Banker Kalem","WhatsApp","https://www.hepsiemlak.com/_nuxt/8cafc93fb5c74c75e9e04e528e02ccdf.jpg"
"https://www.hepsiemlak.com/izmir-aliaga-fatih-kiralik/daire/90652-181","1 / 21","23.000","08/09/2026","Helvacıda Kiralık Sıfır 2+1 Daire | Kombi + Petek |","Kiralık Daire","2 + 1","75 m²","Sıfır Bina","·","Kat","2. Kat","İzmir / Aliağa / Fatih Mah.","https://www.hepsiemlak.com/_nuxt/8cafc93fb5c74c75e9e04e528e02ccdf.jpg","","WhatsApp",""
"https://www.hepsiemlak.com/izmir-buca-kozagac-kiralik/daire/79799-149","1 / 21","18.000","09/09/2026","Buca Kozagac'ta Uygun Kiralık Daire","Kiralık Daire","1 + 1","45 m²","8 Yaşında","·","Kat","Yüksek Giriş","İzmir / Buca / Kozağaç Mah.","https://www.hepsiemlak.com/_nuxt/8cafc93fb5c74c75e9e04e528e02ccdf.jpg","Sevgi Emlak","WhatsApp","https://www.hepsiemlak.com/_nuxt/8cafc93fb5c74c75e9e04e528e02ccdf.jpg"
"https://www.hepsiemlak.com/izmir-buca-adatepe-kiralik/daire/169765-35","1 / 13","25.000","06/09/2026","Buca Adatepede Kiralık Eşyalı Daire","Kiralık Daire","1 + 1","65 m²","25 Yaşında","·","Kat","Bahçe Katı","İzmir / Buca / Adatepe Mah.","https://www.hepsiemlak.com/_nuxt/8cafc93fb5c74c75e9e04e528e02ccdf.jpg","","WhatsApp",""
"https://www.hepsiemlak.com/izmir-karsiyaka-goncalar-kiralik/daire/153494-107","1 / 13","28.500","03/09/2026","Goncalarda Nergiz Çarşı Yakını Arakat 1+1 Kiralık Daire","Kiralık Daire","1 + 1","45 m²","2 Yaşında","·","Kat","2. Kat","İzmir / Karşıyaka / Goncalar Mah.","https://www.hepsiemlak.com/_nuxt/8cafc93fb5c74c75e9e04e528e02ccdf.jpg","Pier Gayrimenkul","WhatsApp","https://www.hepsiemlak.com/_nuxt/8cafc93fb5c74c75e9e04e528e02ccdf.jpg"
"https://www.hepsiemlak.com/izmir-torbali-yedi-eylul-kiralik/daire/90115-1875","1 / 26","19.000","07/09/2026","İzmir Aydın Caddesi Yakını 2+1 Kiralık Daire","Kiralık Daire","2 + 1","75 m²","Sıfır Bina","·","Kat","Giriş Katı","İzmir / Torbalı / Yedi Eylül Mah.","https://www.hepsiemlak.com/_nuxt/8cafc93fb5c74c75e9e04e528e02ccdf.jpg","Turyap Gaziemir Temsilciliği","WhatsApp","https://www.hepsiemlak.com/_nuxt/8cafc93fb5c74c75e9e04e528e02ccdf.jpg"
"https://www.hepsiemlak.com/izmir-bornova-mevlana-kiralik/daire/2011-7954","1 / 21","22.000","03/09/2026","Ege Üniversitesi Dibinde Eşyalı Kiralık Daire","Kiralık Daire","Stüdyo","50 m²","8 Yaşında","·","Kat","1. Kat","İzmir / Bornova / Mevlana Mah.","https://www.hepsiemlak.com/_nuxt/8cafc93fb5c74c75e9e04e528e02ccdf.jpg","Barka Gayrimenkul","WhatsApp","https://www.hepsiemlak.com/_nuxt/8cafc93fb5c74c75e9e04e528e02ccdf.jpg"
"https://www.hepsiemlak.com/izmir-seferihisar-camikebir-kiralik/daire/62012-542","1 / 27","30.000","24/08/2026","Seferihisarın En İyi Konumunda 3+1 Doğalgazlı Arakat Daire","Kiralık Daire","3 + 1","135 m²","21 Yaşında","·","Kat","1. Kat","İzmir / Seferihisar / Camikebir Mah.","https://www.hepsiemlak.com/_nuxt/8cafc93fb5c74c75e9e04e528e02ccdf.jpg","Mhs Emlak","WhatsApp","https://www.hepsiemlak.com/_nuxt/8cafc93fb5c74c75e9e04e528e02ccdf.jpg"
"https://www.hepsiemlak.com/izmir-konak-goztepe-kiralik/daire/21865-5292","1 / 30","50.000","02/09/2026","Aktifler'den Göztepe'de Cad.Üstü Kısmen Deniz Manz.Lı 3+1 İç Donanımı Yenilenmiş İtk Yakını","Kiralık Daire","3 + 1","120 m²","45 Yaşında","·","Kat","4. Kat","İzmir / Konak / Göztepe Mah.","https://www.hepsiemlak.com/_nuxt/8cafc93fb5c74c75e9e04e528e02ccdf.jpg","Aktifler Emlak & Real Estates Turkey","WhatsApp","https://www.hepsiemlak.com/_nuxt/8cafc93fb5c74c75e9e04e528e02ccdf.jpg"
"https://www.hepsiemlak.com/izmir-karsiyaka-atakent-kiralik/daire/162799-173","1 / 57","45.000","04/09/2026","Bostanlı Trademark Sense 'de - Sessiz Ve Prestijli Kiralık 1+1","Kiralık Daire","1 + 1","51 m²","Sıfır Bina","·","Kat","2. Kat","İzmir / Karşıyaka / Atakent Mah.","https://www.hepsiemlak.com/_nuxt/8cafc93fb5c74c75e9e04e528e02ccdf.jpg","Tm Gayrimenkul","WhatsApp","https://www.hepsiemlak.com/_nuxt/8cafc93fb5c74c75e9e04e528e02ccdf.jpg"
"https://www.hepsiemlak.com/izmir-karabaglar-bahar-kiralik/daire/34525-3309","1 / 24","20.000","09/09/2026","Metro 35 Emlaktan. Bahar Mah Kiralık","Kiralık Daire","2 + 1","90 m²","26 Yaşında","·","Kat","Giriş Katı","İzmir / Karabağlar / Bahar Mah.","https://www.hepsiemlak.com/_nuxt/8cafc93fb5c74c75e9e04e528e02ccdf.jpg","Metro 35 Emlak","WhatsApp",""
"https://www.hepsiemlak.com/izmir-cigli-ahmet-efendi-kiralik/daire/106987-807","1 / 22","26.000","01/09/2026","꧁▇  İkçü Yakını Eşyasız Kiralık 2+1 Daire ▇꧂","Kiralık Daire","2 + 1","60 m²","3 Yaşında","·","Kat","Ara Kat","İzmir / Çiğli / Ahmet Efendi Mah.","https://www.hepsiemlak.com/_nuxt/8cafc93fb5c74c75e9e04e528e02ccdf.jpg","Kamusal Gayrimenkul","WhatsApp","https://www.hepsiemlak.com/_nuxt/8cafc93fb5c74c75e9e04e528e02ccdf.jpg"
"https://www.hepsiemlak.com/izmir-buca-firat-kiralik/daire/64940-147","1 / 14","30.000","01/09/2026","Buca Fırat Mahallesinde 3+1 125 M2 Açık Mutfak Site İçinde Doğalgazlı Kiralık Daire","Kiralık Daire","3 + 1","130 m²","20 Yaşında","·","Kat","2. Kat","İzmir / Buca / Fırat Mah.","https://www.hepsiemlak.com/_nuxt/8cafc93fb5c74c75e9e04e528e02ccdf.jpg","Bozbey Emlak","WhatsApp","https://www.hepsiemlak.com/_nuxt/8cafc93fb5c74c75e9e04e528e02ccdf.jpg"
"https://www.hepsiemlak.com/izmir-cigli-kucuk-cigli-kiralik/daire/120850-501","1 / 14","23.000","09/09/2026","Kiralık 3+1 Doğalgazlı Ferah Büyük Kapalı Mutfak","Kiralık Daire","3 + 1","110 m²","10 Yaşında","·","Kat","2. Kat","İzmir / Çiğli / Küçük Çiğli Mah.","https://hecdnnw.hemlak.com/mncropresize/77/67/logo/0/5/8/0/2/1/f3e86caa-4be3-410e-8568-75b2b880df80.jpeg","Selman Emlak Satıcısı","WhatsApp",""
"https://www.hepsiemlak.com/izmir-karsiyaka-atakent-kiralik/daire/70723-7334","1 / 25","53.000","31/08/2026","Bostanlı'da Trademark Sense Sitesin'de Eşyalı Kiralık 1+1 Daire","Kiralık Daire","1 + 1","51 m²","Sıfır Bina","·","Kat","3. Kat","İzmir / Karşıyaka / Atakent Mah.","https://hecdnnw.hemlak.com/mncropresize/77/67/logo/3/2/7/0/7/0/7fec33e0-dc0d-46ed-a33d-f576e72b7c1f.jpg","Coldwell Banker Life","WhatsApp",""
"https://www.hepsiemlak.com/izmir-bornova-erzene-kiralik/daire/151439-191","1 / 13","30.000","08/09/2026","Merkezi Yerde Kiralık Arakat D.Gazlı 1+1 Acık Mutfak","Kiralık Daire","1 + 1","45 m²","6 Yaşında","·","Kat","3. Kat","İzmir / Bornova / Erzene Mah.","https://hecdnnw.hemlak.com/mncropresize/77/67/logo/9/3/4/1/5/1/0f2d960f-0135-4e09-926e-a18a477e6d18.jpg","Polat Gayrimenkul","WhatsApp",""
"https://www.hepsiemlak.com/izmir-kiraz-kirkoy-kiralik/daire/169125-44","1 / 13","25.000","07/09/2026","Meta'dan Ara Kat Doğalgazlı 3 Yıllık 3+1 Kiralık Daire","Kiralık Daire","3 + 1","127 m²","2 Yaşında","·","Kat","Ara Kat","İzmir / Kiraz / Kırköy Mah.","https://hecdn01.hemlak.com/mncropresize/182/137/ds01/4/9/6/9/5/2/7/4/17e2f90d-4a98-4652-9bc0-e744149933c4.jpg","","WhatsApp",""
"https://www.hepsiemlak.com/izmir-buca-menderes-kiralik/daire/123451-260","1 / 23","33.000","26/08/2026","Hdm35'den Sulaklar Life Sitesi'nde Komple Eşyalı 1+1 Daire","Kiralık Daire","1 + 1","65 m²","5 Yaşında","·","Kat","3. Kat","İzmir / Buca / Menderes Mah.","https://www.hepsiemlak.com/_nuxt/8cafc93fb5c74c75e9e04e528e02ccdf.jpg","Hdm35 Gayrimenkul","WhatsApp","https://www.hepsiemlak.com/_nuxt/8cafc93fb5c74c75e9e04e528e02ccdf.jpg"
"https://www.hepsiemlak.com/izmir-balcova-cetin-emec-kiralik/daire/10374-4335","1 / 24","38.000","03/09/2026","Kolej Ofis Gay.Full Eşyalı Kiralık Ara Kat Daire","Kiralık Daire","2 + 1","90 m²","26 Yaşında","·","Kat","2. Kat","İzmir / Balçova / Çetin Emeç Mah.","https://www.hepsiemlak.com/_nuxt/8cafc93fb5c74c75e9e04e528e02ccdf.jpg","","WhatsApp",""
"https://www.hepsiemlak.com/izmir-torbali-yesilkoy-kiralik/mustakil-ev/75772-486","1 / 19","30.000","07/09/2026","Torbalı Yeşilköy Kiralık  Müstakil Bahçeli Ev","Kiralık Müstakil Ev","2 + 1","110 m²","15 Yaşında","·","Kat","","İzmir / Torbalı / Yeşilköy Mah.","https://www.hepsiemlak.com/_nuxt/8cafc93fb5c74c75e9e04e528e02ccdf.jpg","","WhatsApp",""
"https://www.hepsiemlak.com/izmir-bornova-mevlana-kiralik/daire/35475-8045","1 / 20","28.000","07/09/2026","Bornova Mevlana Mahallesinde Full Eşyalı 1+1 Kiralık Daire","Kiralık Daire","1 + 1","65 m²","6 Yaşında","·","Kat","2. Kat","İzmir / Bornova / Mevlana Mah.","https://www.hepsiemlak.com/_nuxt/8cafc93fb5c74c75e9e04e528e02ccdf.jpg","Turyap Bayraklı Temsilciliği","WhatsApp","https://www.hepsiemlak.com/_nuxt/8cafc93fb5c74c75e9e04e528e02ccdf.jpg"
"https://www.hepsiemlak.com/izmir-karsiyaka-nergiz-kiralik/daire/110953-811","1 / 20","65.000","27/08/2026","Karşıyaka Nergiz İzban Yakınında Ara Kat Kiralık 3+1 Daire","Kiralık Daire","3 + 1","140 m²","4 Yaşında","·","Kat","7. Kat","İzmir / Karşıyaka / Nergiz Mah.","https://www.hepsiemlak.com/_nuxt/8cafc93fb5c74c75e9e04e528e02ccdf.jpg","","WhatsApp",""
"https://www.hepsiemlak.com/izmir-torbali-inonu-kiralik/daire/41692-1278","1 / 20","18.000","03/09/2026","Ayrancılar Torbalı Da Kiralık Daire","Kiralık Daire","2 + 1","85 m²","8 Yaşında","·","Kat","Yüksek Giriş","İzmir / Torbalı / İnönü Mah.","https://www.hepsiemlak.com/_nuxt/8cafc93fb5c74c75e9e04e528e02ccdf.jpg","","WhatsApp",""
"https://www.hepsiemlak.com/izmir-konak-cankaya-kiralik/daire/9764-9157","1 / 20","30.000","06/09/2026","İlhan'dan Hatay Karakol Karşısında Doğalgazlı Bakımlı Daire","Kiralık Daire","2 + 1","120 m²","37 Yaşında","·","Kat","2. Kat","İzmir / Konak / Çankaya Mah.","https://www.hepsiemlak.com/_nuxt/8cafc93fb5c74c75e9e04e528e02ccdf.jpg","İlhan Emlak","WhatsApp","https://www.hepsiemlak.com/_nuxt/8cafc93fb5c74c75e9e04e528e02ccdf.jpg"
"https://www.hepsiemlak.com/izmir-konak-atilla-kiralik/daire/9709-5177","1 / 12","22.000","31/08/2026","Atilla Mahallesinde Üçyol Metroya Yakın 2+1 90m2 Asansörlü Doğalgazlı Bakımlı Kiralık Daire","Kiralık Daire","2 + 1","100 m²","44 Yaşında","·","Kat","6. Kat","İzmir / Konak / Atilla Mah.","https://www.hepsiemlak.com/_nuxt/8cafc93fb5c74c75e9e04e528e02ccdf.jpg","Üçyol Gayrimenkul","WhatsApp","https://www.hepsiemlak.com/_nuxt/8cafc93fb5c74c75e9e04e528e02ccdf.jpg"
"https://www.hepsiemlak.com/izmir-buca-adatepe-kiralik/daire/141959-814","1 / 30","25.000","04/09/2026","Buca Hasanağa Parkı Yan Sokağı Kiralık 1+1 Daire","Kiralık Daire","1 + 1","60 m²","8 Yaşında","·","Kat","4. Kat","İzmir / Buca / Adatepe Mah.","https://www.hepsiemlak.com/_nuxt/8cafc93fb5c74c75e9e04e528e02ccdf.jpg","Remax Jolly","WhatsApp","https://www.hepsiemlak.com/_nuxt/8cafc93fb5c74c75e9e04e528e02ccdf.jpg"
"https://www.hepsiemlak.com/izmir-narlidere-2-inonu-kiralik/daire/21671-6626","1 / 47","85.000","03/09/2026","A24 Site Emlak Narlıdere De Deniz Manzaralı Eşyalı Kiralık Daire","Kiralık Daire","3 + 1","170 m²","14 Yaşında","·","Kat","8. Kat","İzmir / Narlıdere / 2. İnönü Mah.","https://www.hepsiemlak.com/_nuxt/8cafc93fb5c74c75e9e04e528e02ccdf.jpg","A24 Site Gayrimenkul Danışmanlığı","WhatsApp","https://www.hepsiemlak.com/_nuxt/8cafc93fb5c74c75e9e04e528e02ccdf.jpg"
"https://www.hepsiemlak.com/izmir-karsiyaka-yali-kiralik/daire/21024-12044","1 / 35","62.000","29/08/2026","Mavişehir Soyak B Etap'ta 2+1 Kiralık Daire","Kiralık Daire","2 + 1","104 m²","15 Yaşında","·","Kat","5. Kat","İzmir / Karşıyaka / Yalı Mah.","https://www.hepsiemlak.com/_nuxt/8cafc93fb5c74c75e9e04e528e02ccdf.jpg","Turyap Ataşehir Fil","WhatsApp","https://www.hepsiemlak.com/_nuxt/8cafc93fb5c74c75e9e04e528e02ccdf.jpg"
"https://www.hepsiemlak.com/izmir-bornova-kazimdirik-kiralik/daire/165005-118","1 / 19","40.000","29/08/2026","Yaşar Üni. Yürüme Mesafesinde My Vıa 414 De Eşyalı Kiralık 1+1","Kiralık Daire","1 + 1","55 m²","6 Yaşında","·","Kat","4. Kat","İzmir / Bornova / Kazımdirik Mah.","https://www.hepsiemlak.com/_nuxt/8cafc93fb5c74c75e9e04e528e02ccdf.jpg","Kw Efe Takım","WhatsApp","https://www.hepsiemlak.com/img/loadings/noImage55-55.png"
"https://www.hepsiemlak.com/izmir-buca-ataturk-kiralik/daire/134354-3453","1 / 19","17.000","29/08/2026","Buca Atatürk Mahallesinde Kiralık 1+1 Bahçeli Daire","Kiralık Daire","1 + 1","60 m²","8 Yaşında","·","Kat","Kot 1","İzmir / Buca / Atatürk Mah.","https://www.hepsiemlak.com/_nuxt/8cafc93fb5c74c75e9e04e528e02ccdf.jpg","Remax Target","WhatsApp","https://www.hepsiemlak.com/_nuxt/8cafc93fb5c74c75e9e04e528e02ccdf.jpg"
"https://www.hepsiemlak.com/izmir-kemalpasa-sekiz-eylul-kiralik/daire/164530-47","1 / 18","72.000","02/09/2026","Kemalpaşa Zen Mayide Hanım Konakları 3+1 Kiralık Daire","Kiralık Daire","3 + 1","163 m²","5 Yaşında","·","Kat","En Üst Kat","İzmir / Kemalpaşa / Sekiz Eylül Mah.","https://www.hepsiemlak.com/_nuxt/8cafc93fb5c74c75e9e04e528e02ccdf.jpg","Tekinalp My İnşaat","WhatsApp","https://www.hepsiemlak.com/_nuxt/8cafc93fb5c74c75e9e04e528e02ccdf.jpg"
"https://www.hepsiemlak.com/izmir-karabaglar-refet-bele-kiralik/daire/84343-870","1 / 33","17.750","24/08/2026","Baş-Kaleden Koop Evleri Meydanda Kiralık 1+1 Ve 2+1 Daire!","Kiralık Daire","2 + 1","140 m²","6 Yaşında","·","Kat","Bahçe Katı","İzmir / Karabağlar / Refet Bele Mah.","https://www.hepsiemlak.com/_nuxt/8cafc93fb5c74c75e9e04e528e02ccdf.jpg","Baş-kale Gayrimenkul Ve Yatırım","WhatsApp","https://www.hepsiemlak.com/_nuxt/8cafc93fb5c74c75e9e04e528e02ccdf.jpg"
"https://www.hepsiemlak.com/izmir-bornova-kazimdirik-kiralik/daire/117461-5206","1 / 35","57.000","25/08/2026","Bornova Kazımdirik Metro Yakını 2+1 Eşyalı Kiralık Daire","Kiralık Daire","2 + 1","125 m²","26 Yaşında","·","Kat","5. Kat","İzmir / Bornova / Kazımdirik Mah.","https://www.hepsiemlak.com/_nuxt/8cafc93fb5c74c75e9e04e528e02ccdf.jpg","","WhatsApp",""
"https://www.hepsiemlak.com/izmir-bayrakli-manavkuyu-kiralik/daire/141008-367","1 / 26","50.000","18/08/2026","Yaşar Üniversitesi Yakını Bölge Metro Yakını Kiralık Eşyalı 3+1","Kiralık Daire","3 + 1","125 m²","16 Yaşında","·","Kat","6. Kat","İzmir / Bayraklı / Manavkuyu Mah.","https://www.hepsiemlak.com/_nuxt/8cafc93fb5c74c75e9e04e528e02ccdf.jpg","Han Gayrimenkul","WhatsApp","https://www.hepsiemlak.com/_nuxt/8cafc93fb5c74c75e9e04e528e02ccdf.jpg"
"https://www.hepsiemlak.com/izmir-menemen-inonu-kiralik/daire/166407-169","1 / 16","18.000","09/09/2026","İnönü Mahallesinde 1+1 Eşyalı Kiralık Daire","Kiralık Daire","1 + 1","50 m²","6 Yaşında","·","Kat","Bahçe Katı","İzmir / Menemen / İnönü Mah.","https://www.hepsiemlak.com/_nuxt/8cafc93fb5c74c75e9e04e528e02ccdf.jpg","","WhatsApp",""
"https://www.hepsiemlak.com/izmir-buca-adatepe-kiralik/daire/24511-10110","1 / 54","22.000","15/08/2026","Adatepe Mh 1+1 Doğalgazlı Ful Eşyalı Kiralık Merkezi Konum Daire","Kiralık Daire","1 + 1","55 m²","6 Yaşında","·","Kat","Yüksek Giriş","İzmir / Buca / Adatepe Mah.","https://www.hepsiemlak.com/_nuxt/8cafc93fb5c74c75e9e04e528e02ccdf.jpg","Turyap Şirinyer","WhatsApp","https://www.hepsiemlak.com/_nuxt/8cafc93fb5c74c75e9e04e528e02ccdf.jpg"
"https://www.hepsiemlak.com/izmir-karsiyaka-mavisehir-kiralik/daire/4762-4819","1 / 35","56.000","03/09/2026","Mavişehir Albatros Sitesi Deniz Havuz Manzaralı Kiralık 2+1 Daire","Kiralık Daire","2 + 1","135 m²","28 Yaşında","·","Kat","17. Kat","İzmir / Karşıyaka / Mavişehir Mah.","https://www.hepsiemlak.com/_nuxt/8cafc93fb5c74c75e9e04e528e02ccdf.jpg","","WhatsApp",""
"https://www.hepsiemlak.com/izmir-cigli-yeni-mahalle-kiralik/daire/143949-1804","1 / 31","30.000","27/08/2026","Yenimahalle'de Kiralık 2+1 Geniş Daire","Kiralık Daire","2 + 1","90 m²","6 Yaşında","·","Kat","1. Kat","İzmir / Çiğli / Yeni Mahalle Mah.","","","WhatsApp",""
"https://www.hepsiemlak.com/izmir-buca-adatepe-kiralik/daire/170300-43","1 / 25","22.000","18/08/2026","Elite Gayrimenkulden Elif Residacede Arakat Kiralık 1+1 D.Gazlı Daire","Kiralık Daire","1 + 1","53 m²","3 Yaşında","·","Kat","2. Kat","İzmir / Buca / Adatepe Mah.","https://hecdnnw.hemlak.com/mncropresize/77/67/logo/0/0/3/0/7/1/516b3ef7-f4de-4322-9065-39b892a8efbb.jpg","Elite Gayrimenkul","WhatsApp",""
"https://www.hepsiemlak.com/izmir-menemen-85-yil-cumhuriyet-kiralik/daire/156747-486","1 / 34","20.000","01/09/2026","Menemen Seyrek Sıfır Eşyalı Doğalgaz Balkonlu Merkez Kiralık 1+1","Kiralık Daire","1 + 1","50 m²","Sıfır Bina","·","Kat","3. Kat","İzmir / Menemen / 85. Yıl Cumhuriyet Mah.","https://hecdnnw.hemlak.com/mncropresize/77/67/logo/7/4/7/6/5/1/ce802b97-d718-49ad-8fcd-083b83007a7e.jpg","Armada Gayrimenkul","WhatsApp",""
"https://www.hepsiemlak.com/izmir-menemen-inonu-kiralik/daire/170518-8","1 / 15","17.000","02/09/2026","Seyrek'te 1+1 Eşyalı Kiralık Temiz Daire","Kiralık Daire","1 + 1","50 m²","5 Yaşında","·","Kat","3. Kat","İzmir / Menemen / İnönü Mah.","https://hecdn01.hemlak.com/mncropresize/182/137/ds01/7/6/9/4/6/9/6/4/b4a2c22c-454f-4c80-a14c-1d1229d50c6b.jpg","Yasemin Çelikbaş Gayrimenkul Yatırım Danışmanlık","WhatsApp","https://hecdnnw.hemlak.com/mncropresize/77/67/logo/8/1/5/0/7/1/78959902-5dee-4016-9058-ed124b21e088.jpg"
"https://www.hepsiemlak.com/izmir-cigli-egekent-kiralik/daire/39051-1823","1 / 57","25.000","27/08/2026","Egekent-Çiğli'de 3+1 Asansörlü Kombi Doğalgazlı Kiralık Daire","Kiralık Daire","3 + 1","100 m²","31 Yaşında","·","Kat","7. Kat","İzmir / Çiğli / Egekent Mah.","https://www.hepsiemlak.com/_nuxt/8cafc93fb5c74c75e9e04e528e02ccdf.jpg","Özler Emlak","WhatsApp","https://www.hepsiemlak.com/_nuxt/8cafc93fb5c74c75e9e04e528e02ccdf.jpg"
"https://www.hepsiemlak.com/izmir-menemen-9-eylul-kiralik/daire/142802-428","1 / 31","38.500","31/08/2026","Ulukent Germanlife Sitesinde 2+1 Kiralık Daire","Kiralık Daire","2 + 1","110 m²","6 Yaşında","·","Kat","6. Kat","İzmir / Menemen / 9 Eylül Mah.","https://www.hepsiemlak.com/_nuxt/8cafc93fb5c74c75e9e04e528e02ccdf.jpg","","WhatsApp",""
"https://www.hepsiemlak.com/izmir-bornova-kazimdirik-kiralik/daire/139122-137","1 / 32","64.000","27/08/2026","Valora'dan Folkart Life Bornova Eşyalı Balkonlu2+1 Kiralık Daire","Kiralık Daire","2 + 1","85 m²","6 Yaşında","·","Kat","6. Kat","İzmir / Bornova / Kazımdirik Mah.","https://www.hepsiemlak.com/_nuxt/8cafc93fb5c74c75e9e04e528e02ccdf.jpg","Valora Gayrimenkul","WhatsApp",""
"https://www.hepsiemlak.com/izmir-konak-kilic-reis-kiralik/daire/161067-152","1 / 31","35.000","13/08/2026","Üçyol Betonyol Cadde Üstünde Sıfır Otoparkl 2+1 Kiralık Daireler","Kiralık Daire","2 + 1","70 m²","Sıfır Bina","·","Kat","2. Kat","İzmir / Konak / Kılıç Reis Mah.","https://www.hepsiemlak.com/_nuxt/8cafc93fb5c74c75e9e04e528e02ccdf.jpg","Venko Gayrimenkul","WhatsApp","https://www.hepsiemlak.com/_nuxt/8cafc93fb5c74c75e9e04e528e02ccdf.jpg"
"https://www.hepsiemlak.com/izmir-cigli-sirintepe-kiralik/daire/135798-315","1 / 25","45.000","26/08/2026","Çiğli Park Yaşam Atlantis Havuz Cephe Kiralık 2+1 Daire","Kiralık Daire","2 + 1","93 m²","Sıfır Bina","·","Kat","3. Kat","İzmir / Çiğli / Şirintepe Mah.","https://www.hepsiemlak.com/_nuxt/8cafc93fb5c74c75e9e04e528e02ccdf.jpg","Startkey Casa","WhatsApp","https://www.hepsiemlak.com/_nuxt/8cafc93fb5c74c75e9e04e528e02ccdf.jpg"
"https://www.hepsiemlak.com/izmir-karabaglar-metin-oktay-kiralik/daire/58851-1006","1 / 50","24.000","25/08/2026","İzmir Hıfzısıhha Kiralık Daire 24000 Lira","Kiralık Daire","3 + 1","110 m²","25 Yaşında","·","Kat","4. Kat","İzmir / Karabağlar / Metin Oktay Mah.","https://www.hepsiemlak.com/_nuxt/8cafc93fb5c74c75e9e04e528e02ccdf.jpg","Çolakoğlu Emlak","WhatsApp",""
"https://www.hepsiemlak.com/izmir-karsiyaka-semikler-kiralik/daire/45472-561","1 / 23","47.500","02/09/2026","Karşıyaka Şemikler Mh Kiralık 2+1 Eşyalı Daire","Kiralık Daire","2 + 1","100 m²","4 Yaşında","·","Kat","4. Kat","İzmir / Karşıyaka / Şemikler Mah.","https://www.hepsiemlak.com/_nuxt/8cafc93fb5c74c75e9e04e528e02ccdf.jpg","Vale Gayrimenkul","WhatsApp","https://www.hepsiemlak.com/_nuxt/8cafc93fb5c74c75e9e04e528e02ccdf.jpg"
"https://www.hepsiemlak.com/izmir-karabaglar-uckuyular-kiralik/daire/73313-1883","1 / 18","27.000","05/09/2026","Asil'den Üçkuyular Merkezde 3+1 Doğalgazlı Bakımlı Temiz Daire","Kiralık Daire","3 + 1","100 m²","31 Yaşında","·","Kat","5. Kat","İzmir / Karabağlar / Üçkuyular Mah.","https://www.hepsiemlak.com/_nuxt/8cafc93fb5c74c75e9e04e528e02ccdf.jpg","","WhatsApp",""
"https://www.hepsiemlak.com/izmir-menderes-orta-kiralik/villa/86557-2243","1 / 21","45.000","22/08/2026","Özdere Orta Mahalle'de | Full Eşyalı | 3+1 Kiralık Villa","Kiralık Villa","3 + 1","120 m²","6 Yaşında","·","Kat","","İzmir / Menderes / Orta Mah.","https://www.hepsiemlak.com/_nuxt/8cafc93fb5c74c75e9e04e528e02ccdf.jpg","Tahir Emlak","WhatsApp","https://www.hepsiemlak.com/_nuxt/8cafc93fb5c74c75e9e04e528e02ccdf.jpg"
"https://www.hepsiemlak.com/izmir-narlidere-2-inonu-kiralik/daire/98031-959","1 / 16","48.000","28/08/2026","Mysite'den Sıfır Site İçi 2+1 Kiralık Dare","Kiralık Daire","2 + 1","74 m²","Sıfır Bina","·","Kat","1. Kat","İzmir / Narlıdere / 2. İnönü Mah.","https://www.hepsiemlak.com/_nuxt/8cafc93fb5c74c75e9e04e528e02ccdf.jpg","","WhatsApp",""
"https://www.hepsiemlak.com/izmir-cigli-kucuk-cigli-kiralik/daire/125162-875","1 / 28","28.000","20/08/2026","Küçük Çiğli'de Kiralık 3+1 Daire","Kiralık Daire","3 + 1","125 m²","26 Yaşında","·","Kat","1. Kat","İzmir / Çiğli / Küçük Çiğli Mah.","https://www.hepsiemlak.com/_nuxt/8cafc93fb5c74c75e9e04e528e02ccdf.jpg","Ayn & Ayn Gayrimenkul","WhatsApp","https://www.hepsiemlak.com/_nuxt/8cafc93fb5c74c75e9e04e528e02ccdf.jpg"
"https://www.hepsiemlak.com/izmir-menemen-85-yil-cumhuriyet-kiralik/daire/155417-340","1 / 20","20.000","09/09/2026","Seyrekte 2+1 Dubleks,Çift Terasalı Kiralık Daire","Kiralık Daire","2 + 1","70 m²","2 Yaşında","·","Kat","4. Kat","İzmir / Menemen / 85. Yıl Cumhuriyet Mah.","https://www.hepsiemlak.com/_nuxt/8cafc93fb5c74c75e9e04e528e02ccdf.jpg","Good İnvest Akın Gayrimenkul","WhatsApp","https://www.hepsiemlak.com/_nuxt/8cafc93fb5c74c75e9e04e528e02ccdf.jpg"
"https://www.hepsiemlak.com/izmir-buca-adatepe-kiralik/daire/104396-899","1 / 28","17.250","08/09/2026","Hasanağa Bahçesine 3 Dk Mesafede Doğal Gazlı Eşyasız 1+1 Daire","Kiralık Daire","1 + 1","50 m²","5 Yaşında","·","Kat","2. Kat","İzmir / Buca / Adatepe Mah.","https://www.hepsiemlak.com/_nuxt/8cafc93fb5c74c75e9e04e528e02ccdf.jpg","Atölye Gayrimenkul","WhatsApp","https://www.hepsiemlak.com/_nuxt/8cafc93fb5c74c75e9e04e528e02ccdf.jpg"
"https://www.hepsiemlak.com/izmir-torbali-torbali-kiralik/daire/156492-303","1 / 22","32.000","08/09/2026","Torbalı Da Yeniay Gayrimenkul Den Kiralık Lüks Daire","Kiralık Daire","3 + 1","150 m²","3 Yaşında","·","Kat","1. Kat","İzmir / Torbalı / Torbalı Mah.","https://www.hepsiemlak.com/_nuxt/8cafc93fb5c74c75e9e04e528e02ccdf.jpg","Yeniay Gayrimenkul","WhatsApp","https://www.hepsiemlak.com/_nuxt/8cafc93fb5c74c75e9e04e528e02ccdf.jpg"
"https://www.hepsiemlak.com/izmir-karsiyaka-tersane-kiralik/daire/161202-426","1 / 35","35.000","09/09/2026","Tershane Karşısında Asansörlü Tüm Odaları Aydınlık 3+1 Daire","Kiralık Daire","3 + 1","100 m²","31 Yaşında","·","Kat","3. Kat","İzmir / Karşıyaka / Tersane Mah.","https://www.hepsiemlak.com/_nuxt/8cafc93fb5c74c75e9e04e528e02ccdf.jpg","Turpa Girne Gold Gayrimenkul","WhatsApp","https://www.hepsiemlak.com/_nuxt/8cafc93fb5c74c75e9e04e528e02ccdf.jpg"
"https://www.hepsiemlak.com/izmir-buca-yesilbaglar-kiralik/daire/149571-220","1 / 40","19.000","01/09/2026","Buca Yeşılbağlarda Kiralık Doğalgazlı 2+1 Daire","Kiralık Daire","2 + 1","100 m²","16 Yaşında","·","Kat","4. Kat","İzmir / Buca / Yeşilbağlar Mah.","https://www.hepsiemlak.com/_nuxt/8cafc93fb5c74c75e9e04e528e02ccdf.jpg","Yüksel Emlak İnşaat","WhatsApp","https://www.hepsiemlak.com/_nuxt/8cafc93fb5c74c75e9e04e528e02ccdf.jpg"
"https://www.hepsiemlak.com/izmir-buca-kurucesme-kiralik/daire/167990-28","1 / 27","28.000","08/09/2026","Aboneliği Açık Kampüs Karşısı 2+1 70m2 D.Gazlı Klimalı Eşyalı","Kiralık Daire","2 + 1","78 m²","6 Yaşında","·","Kat","2. Kat","İzmir / Buca / Kuruçeşme Mah.","https://www.hepsiemlak.com/_nuxt/8cafc93fb5c74c75e9e04e528e02ccdf.jpg","","WhatsApp",""
"https://www.hepsiemlak.com/izmir-urla-guvendik-kiralik/daire/94026-1929","1 / 35","45.000","30/08/2026","Urla Çeşmealtı Merkezde Kiralık 2+1 Daire Düz Ayak, Harika Konum","Kiralık Daire","2 + 1","105 m²","26 Yaşında","·","Kat","2. Kat","İzmir / Urla / Güvendik Mah.","https://www.hepsiemlak.com/_nuxt/8cafc93fb5c74c75e9e04e528e02ccdf.jpg","Klazomenai Urla Emlak","WhatsApp","https://www.hepsiemlak.com/_nuxt/8cafc93fb5c74c75e9e04e528e02ccdf.jpg"
"https://www.hepsiemlak.com/izmir-buca-ataturk-kiralik/daire/144436-226","1 / 15","20.000","29/08/2026","Atatürk Mh. Eşyalı Kiralık 1+1","Kiralık Daire","2 + 1","55 m²","5 Yaşında","·","Kat","Bahçe Katı","İzmir / Buca / Atatürk Mah.","https://www.hepsiemlak.com/_nuxt/8cafc93fb5c74c75e9e04e528e02ccdf.jpg","","WhatsApp",""
"https://www.hepsiemlak.com/izmir-urla-kalabak-kiralik/daire/136643-224","1 / 20","30.000","29/08/2026","Ted Koleji Yakını | 2+1 Bahçe Katı | Doğalgazlı | Deniz Manzaral","Kiralık Daire","2 + 1","95 m²","21 Yaşında","·","Kat","Bahçe Katı","İzmir / Urla / Kalabak Mah.","https://www.hepsiemlak.com/_nuxt/8cafc93fb5c74c75e9e04e528e02ccdf.jpg","","WhatsApp",""
"https://www.hepsiemlak.com/izmir-karsiyaka-yali-kiralik/daire/95855-370","1 / 46","46.000","28/08/2026","Karşıyaka Yalı'da İzban Ve Sahil Yakını 2+1 Kiralık Daire","Kiralık Daire","2 + 1","95 m²","10 Yaşında","·","Kat","Yüksek Giriş","İzmir / Karşıyaka / Yalı Mah.","","","WhatsApp",""
"https://www.hepsiemlak.com/izmir-buca-yigitler-kiralik/daire/167410-24","1 / 18","30.000","02/09/2026","Şirinyer Merkezde Kiralık Arakat D.Gazlı 2+1 Kapalı Mutfak Dair","Kiralık Daire","2 + 1","85 m²","21 Yaşında","·","Kat","2. Kat","İzmir / Buca / Yiğitler Mah.","https://hecdnnw.hemlak.com/mncropresize/77/67/logo/0/1/4/7/6/1/bc202b7a-6371-4e5d-b017-76eee24aef93.jpg","Bulur Gayrimenkul","WhatsApp",""
"https://www.hepsiemlak.com/izmir-karsiyaka-bahariye-kiralik/daire/129921-669","1 / 27","27.000","27/08/2026","Alaybey İzban Durağına Yürüyüş Mesafesinde 2+1 Kiralık Daire","Kiralık Daire","2 + 1","95 m²","31 Yaşında","·","Kat","5. Kat","İzmir / Karşıyaka / Bahariye Mah.","https://hecdnnw.hemlak.com/mncropresize/77/67/logo/1/2/9/9/2/1/a6414ddd-0f9c-417c-8ff2-b714fce446eb.jpg","Rota Gayrimenkul","WhatsApp",""
"https://www.hepsiemlak.com/izmir-buca-ataturk-kiralik/daire/151963-154","1 / 19","21.500","07/09/2026","Depozitosuz!!Tınaztepe Kampüse Yakın Eşyalı Klimalı 1+1 Kiralık","Kiralık Daire","1 + 1","45 m²","6 Yaşında","·","Kat","Giriş Katı","İzmir / Buca / Atatürk Mah.","https://hecdn01.hemlak.com/mncropresize/182/137/ds01/5/6/7/6/9/1/7/4/db364bbb-849b-4c94-879b-cfd28a353168.jpg","Ay&na Gayrimenkul Danışmanlığı","WhatsApp","https://hecdnnw.hemlak.com/mncropresize/77/67/logo/3/6/9/1/5/1/781c6b7e-4b86-4eeb-9462-0acf4061d2d5.jpg"
"https://www.hepsiemlak.com/izmir-torbali-muratbey-kiralik/daire/154461-340","1 / 15","18.000","26/08/2026","Turkuaz'dan İzban Yakını Yerden Isıtma Lüks Daire","Kiralık Daire","1 + 1","50 m²","3 Yaşında","·","Kat","3. Kat","İzmir / Torbalı / Muratbey Mah.","https://www.hepsiemlak.com/_nuxt/8cafc93fb5c74c75e9e04e528e02ccdf.jpg","Turkuaz Emlak","WhatsApp","https://www.hepsiemlak.com/_nuxt/8cafc93fb5c74c75e9e04e528e02ccdf.jpg"
"https://www.hepsiemlak.com/izmir-aliaga-kultur-kiralik/daire/164631-49","1 / 16","35.000","08/09/2026","Aliağa İstiklal Caddesi 1. Noter Üstü Kiralık Eşyalı Daire","Kiralık Daire","2 + 1","100 m²","21 Yaşında","·","Kat","2. Kat","İzmir / Aliağa / Kültür Mah.","https://www.hepsiemlak.com/_nuxt/8cafc93fb5c74c75e9e04e528e02ccdf.jpg","","WhatsApp",""
"https://www.hepsiemlak.com/izmir-karsiyaka-tersane-kiralik/daire/153267-675","1 / 25","28.000","26/08/2026","Alaybeyde Yeni Tadilatlı 2+1 Kiralık Daire","Kiralık Daire","2 + 1","100 m²","40 Yaşında","·","Kat","1. Kat","İzmir / Karşıyaka / Tersane Mah.","https://www.hepsiemlak.com/_nuxt/8cafc93fb5c74c75e9e04e528e02ccdf.jpg","Exp Realty","WhatsApp","https://www.hepsiemlak.com/_nuxt/8cafc93fb5c74c75e9e04e528e02ccdf.jpg"
"https://www.hepsiemlak.com/izmir-kemalpasa-sutculer-kiralik/daire/144448-541","1 / 32","21.000","24/08/2026","Kemalpaşa Sütçüler Kiralık 3+1 120m2 Daire","Kiralık Daire","3 + 1","125 m²","11 Yaşında","·","Kat","2. Kat","İzmir / Kemalpaşa / Sütçüler Mah.","https://www.hepsiemlak.com/_nuxt/8cafc93fb5c74c75e9e04e528e02ccdf.jpg","Turyap Kemalpaşa Temsilciliği","WhatsApp","https://www.hepsiemlak.com/_nuxt/8cafc93fb5c74c75e9e04e528e02ccdf.jpg"
"https://www.hepsiemlak.com/izmir-karsiyaka-yali-kiralik/daire/142932-431","1 / 29","44.000","01/09/2026","Karşıyaka Bostanlı Başkent Hast. Arkası Site İçinde Kiralık 3+1","Kiralık Daire","3 + 1","135 m²","31 Yaşında","·","Kat","5. Kat","İzmir / Karşıyaka / Yalı Mah.","https://www.hepsiemlak.com/_nuxt/8cafc93fb5c74c75e9e04e528e02ccdf.jpg","Uygar Gayrimenkul","WhatsApp","https://www.hepsiemlak.com/_nuxt/8cafc93fb5c74c75e9e04e528e02ccdf.jpg"
"https://www.hepsiemlak.com/izmir-konak-murat-reis-kiralik/daire/30758-3144","1 / 38","22.000","22/08/2026","155 Sokakta Aydınlık Ve Ferah Daire...","Kiralık Daire","2 + 1","85 m²","40 Yaşında","·","Kat","2. Kat","İzmir / Konak / Murat Reis Mah.","https://www.hepsiemlak.com/_nuxt/8cafc93fb5c74c75e9e04e528e02ccdf.jpg","Yatırım Emlak","WhatsApp",""
"https://www.hepsiemlak.com/izmir-karsiyaka-bahcelievler-kiralik/daire/153254-200","1 / 22","28.000","21/08/2026","Karşıyaka Bahçelievlerde 3+1 Tadilatlı Daire","Kiralık Daire","3 + 1","110 m²","31 Yaşında","·","Kat","4. Kat","İzmir / Karşıyaka / Bahçelievler Mah.","https://www.hepsiemlak.com/_nuxt/8cafc93fb5c74c75e9e04e528e02ccdf.jpg","Turpa Egemen","WhatsApp","https://www.hepsiemlak.com/img/loadings/noImage55-55.png"
"https://www.hepsiemlak.com/izmir-bornova-yesilova-kiralik/daire/105340-20","1 / 21","35.000","21/08/2026","Yeşilova'da Doğalgazlı 3+1 Arakat 150 M2","Kiralık Daire","3 + 1","155 m²","21 Yaşında","·","Kat","3. Kat","İzmir / Bornova / Yeşilova Mah.","https://www.hepsiemlak.com/_nuxt/8cafc93fb5c74c75e9e04e528e02ccdf.jpg","","WhatsApp",""
"https://www.hepsiemlak.com/izmir-karabaglar-sevgi-kiralik/daire/151867-383","1 / 34","20.000","28/08/2026","Demetten 3+1 Arakat Kapalı Mutfak Kiralık Tadilatlı Daire ...","Kiralık Daire","3 + 1","135 m²","21 Yaşında","·","Kat","2. Kat","İzmir / Karabağlar / Sevgi Mah.","https://www.hepsiemlak.com/_nuxt/8cafc93fb5c74c75e9e04e528e02ccdf.jpg","","WhatsApp",""
"https://www.hepsiemlak.com/izmir-menderes-kemalpasa-kiralik/daire/144308-589","1 / 35","53.000","05/09/2026","Coldwell Banker Poyraz'dan Havuzlu Site İçi 3+1 Ara Kat Daire","Kiralık Daire","3 + 1","145 m²","5 Yaşında","·","Kat","2. Kat","İzmir / Menderes / Kemalpaşa Mah.","https://www.hepsiemlak.com/_nuxt/8cafc93fb5c74c75e9e04e528e02ccdf.jpg","Coldwell Banker Poyraz","WhatsApp","https://www.hepsiemlak.com/_nuxt/8cafc93fb5c74c75e9e04e528e02ccdf.jpg"
"https://www.hepsiemlak.com/izmir-konak-akin-simav-kiralik/daire/154913-189","1 / 23","40.000","19/08/2026","Akın Simav'da Eşyasız Panaromik Deniz Manzaralı Kiralık Daire","Kiralık Daire","3 + 1","140 m²","31 Yaşında","·","Kat","2. Kat","İzmir / Konak / Akın Simav Mah.","https://www.hepsiemlak.com/_nuxt/8cafc93fb5c74c75e9e04e528e02ccdf.jpg","Kutluay Gayrimenkul Danışmanlığı","WhatsApp","https://www.hepsiemlak.com/_nuxt/8cafc93fb5c74c75e9e04e528e02ccdf.jpg"
"https://www.hepsiemlak.com/izmir-urla-iskele-kiralik/villa/171159-3","1 / 36","75.000","01/09/2026","Urla İskelede Deniz Manzaralı Bahçeli Kiralık 4+1 Villa","Kiralık Villa","4 + 1","150 m²","4 Yaşında","·","Kat","","İzmir / Urla / İskele Mah.","https://www.hepsiemlak.com/_nuxt/8cafc93fb5c74c75e9e04e528e02ccdf.jpg","Luxeva Gayrimenkul","WhatsApp",""
"https://www.hepsiemlak.com/izmir-menemen-esatpasa-kiralik/daire/45402-81","1 / 20","25.000","07/09/2026","Menemen Esatpaşa Da Doğalgaz Lı Kiralık 3+1 Daire..","Kiralık Daire","3 + 1","110 m²","26 Yaşında","·","Kat","4. Kat","İzmir / Menemen / Esatpaşa Mah.","https://www.hepsiemlak.com/_nuxt/8cafc93fb5c74c75e9e04e528e02ccdf.jpg","Onur Emlak Menemen","WhatsApp",""
"https://www.hepsiemlak.com/izmir-cigli-kucuk-cigli-kiralik/daire/138064-169","1 / 22","43.000","15/08/2026","Çiğli Küçükçiğli Mahallesi'nde Kiralık 3+1 Doğalgazlı Daire","Kiralık Daire","3 + 1","160 m²","6 Yaşında","·","Kat","3. Kat","İzmir / Çiğli / Küçük Çiğli Mah.","https://www.hepsiemlak.com/_nuxt/8cafc93fb5c74c75e9e04e528e02ccdf.jpg","","WhatsApp",""
"https://www.hepsiemlak.com/izmir-konak-alsancak-kiralik/daire/163689-122","1 / 34","27.000","15/08/2026","Alsancak Kıbrıs Şehitleri Caddesi Yakınında 1+1 Kiralık Daire","Kiralık Daire","1 + 1","70 m²","31 Yaşında","·","Kat","4. Kat","İzmir / Konak / Alsancak Mah.","https://www.hepsiemlak.com/_nuxt/8cafc93fb5c74c75e9e04e528e02ccdf.jpg","","WhatsApp",""
"https://www.hepsiemlak.com/izmir-bayrakli-muhittin-erener-kiralik/daire/129267-631","1 / 17","15.000","30/08/2026","Bayraklı Şehir Hastanesi Yakını 2+1 K.Mutfak 80m2","Kiralık Daire","2 + 1","85 m²","32 Yaşında","·","Kat","3. Kat","İzmir / Bayraklı / Muhittin Erener Mah.","https://www.hepsiemlak.com/_nuxt/8cafc93fb5c74c75e9e04e528e02ccdf.jpg","","WhatsApp",""
"https://www.hepsiemlak.com/izmir-konak-turgut-reis-kiralik/daire/136408-666","1 / 59","25.000","10/09/2026","Kumsalım Emlak Dan Asansör Karşısı Çift Cepheli Daire","Kiralık Daire","2 + 1","95 m²","30 Yaşında","·","Kat","1. Kat","İzmir / Konak / Turgut Reis Mah.","https://www.hepsiemlak.com/_nuxt/8cafc93fb5c74c75e9e04e528e02ccdf.jpg","","WhatsApp",""
"https://www.hepsiemlak.com/izmir-bergama-islamsaray-kiralik/daire/164844-53","1 / 21","21.500","05/09/2026","Çizgi Gayrimenkul'den İslamsaray Mah. 2+1 Kiralık Daire","Kiralık Daire","2 + 1","95 m²","4 Yaşında","·","Kat","Yüksek Giriş","İzmir / Bergama / İslamsaray Mah.","https://www.hepsiemlak.com/_nuxt/8cafc93fb5c74c75e9e04e528e02ccdf.jpg","","WhatsApp",""
"https://www.hepsiemlak.com/izmir-buca-yaylacik-kiralik/daire/166958-52","1 / 23","29.000","09/09/2026","Buca Yaylacık'ta 2+1 Eşyalı Kiralık Daire","Kiralık Daire","2 + 1","75 m²","6 Yaşında","·","Kat","3. Kat","İzmir / Buca / Yaylacık Mah.","https://www.hepsiemlak.com/_nuxt/8cafc93fb5c74c75e9e04e528e02ccdf.jpg","Piex Gayrimenkul","WhatsApp","https://www.hepsiemlak.com/_nuxt/8cafc93fb5c74c75e9e04e528e02ccdf.jpg"
"https://www.hepsiemlak.com/izmir-balcova-cetin-emec-kiralik/daire/133337-507","1 / 35","45.000","02/09/2026","Teraslı Full Yapılı 3+1 Kiralık","Kiralık Daire","3 + 1","200 m²","31 Yaşında","·","Kat","4. Kat","İzmir / Balçova / Çetin Emeç Mah.","https://www.hepsiemlak.com/_nuxt/8cafc93fb5c74c75e9e04e528e02ccdf.jpg","Türker Gayrimenkul Danışmanlık","WhatsApp","https://www.hepsiemlak.com/_nuxt/8cafc93fb5c74c75e9e04e528e02ccdf.jpg"
"https://www.hepsiemlak.com/izmir-karsiyaka-aksoy-kiralik/daire/61174-3461","1 / 32","36.000","10/09/2026","Çamlık Ta 3+1 Gazi Lisesi Yanı 3+1 Doğalgazlı Kiralık Mkd Emlak","Kiralık Daire","3 + 1","120 m²","31 Yaşında","·","Kat","5. Kat","İzmir / Karşıyaka / Aksoy Mah.","https://hecdnnw.hemlak.com/mncropresize/77/67/logo/4/7/1/1/6/0/b98523dd-dbc1-4f18-b72b-b778e25201da.jpg","Mkd Emlak","WhatsApp",""
"https://www.hepsiemlak.com/izmir-buca-ataturk-kiralik/daire/148313-207","1 / 16","18.500","09/09/2026","Hasanağa Parkı Dibinde Sıfır Eşyalı Arakat 1+1","Kiralık Daire","1 + 1","60 m²","4 Yaşında","·","Kat","3. Kat","İzmir / Buca / Atatürk Mah.","https://hecdnnw.hemlak.com/mncropresize/77/67/logo/3/1/3/8/4/1/32579476-56b3-412d-b0f0-2c7dabdc5606.jpg","Reyna Gayrimenkul","WhatsApp",""
"https://www.hepsiemlak.com/izmir-karabaglar-general-kazim-ozalp-kiralik/daire/5698-1139","1 / 31","32.000","02/09/2026","Üçkuyular G.Kazım Özalp'te Mobilyalı 2+1 1.Arakat Konut.","Kiralık Daire","2 + 1","90 m²","6 Yaşında","·","Kat","1. Kat","İzmir / Karabağlar / General Kazım Özalp Mah.","https://hecdnnw.hemlak.com/mncropresize/77/67/logo/8/9/6/5/0/0/af1dc4ba-f38f-4803-bcf8-a06779c3a119.jpg","Ümit Emlak","WhatsApp",""
"https://www.hepsiemlak.com/izmir-balcova-fevzi-cakmak-kiralik/daire/133137-1067","1 / 34","40.000","05/09/2026","Ekonomi Üniversitesi Yanı 150 M2 Full Eşyalı 3+1 Kiralık Daire","Kiralık Daire","3 + 1","150 m²","20 Yaşında","·","Kat","3. Kat","İzmir / Balçova / Fevzi Çakmak Mah.","https://hecdn01.hemlak.com/mncropresize/182/137/ds01/7/2/0/0/1/0/7/4/8b67547b-bfa8-4d98-adb7-ce2a2a1da336.jpg","","WhatsApp",""
"https://www.hepsiemlak.com/izmir-konak-gunesli-kiralik/daire/130125-178","1 / 29","25.000","05/09/2026","Yeni Bina Bahçeli Balkonlu Doğalgazlı Caddeye 1 Dakika","Kiralık Daire","2 + 1","100 m²","6 Yaşında","·","Kat","Bahçe Katı","İzmir / Konak / Güneşli Mah.","https://www.hepsiemlak.com/_nuxt/8cafc93fb5c74c75e9e04e528e02ccdf.jpg","Nesil Gayrimenkul","WhatsApp","https://www.hepsiemlak.com/_nuxt/8cafc93fb5c74c75e9e04e528e02ccdf.jpg"
"https://www.hepsiemlak.com/izmir-cigli-inonu-kiralik/daire/147140-684","1 / 28","40.000","08/09/2026","İdeal Yaşam Evlerinde 3+1 Eşyalı Kiralık Daire","Kiralık Daire","3 + 1","156 m²","11 Yaşında","·","Kat","3. Kat","İzmir / Çiğli / İnönü Mah.","https://www.hepsiemlak.com/_nuxt/8cafc93fb5c74c75e9e04e528e02ccdf.jpg","Turpa Enerji","WhatsApp","https://www.hepsiemlak.com/_nuxt/8cafc93fb5c74c75e9e04e528e02ccdf.jpg"
"https://www.hepsiemlak.com/izmir-konak-cankaya-kiralik/daire/130526-657","1 / 33","40.000","30/08/2026","Hatay Cadde Paralelinde 3+1 130m2 Arakat Tadilatlı Dogalgazlı Da","Kiralık Daire","3 + 1","130 m²","31 Yaşında","·","Kat","1. Kat","İzmir / Konak / Çankaya Mah.","https://www.hepsiemlak.com/_nuxt/8cafc93fb5c74c75e9e04e528e02ccdf.jpg","Bbg Gayrimenkul Danışmanlığı","WhatsApp",""
"https://www.hepsiemlak.com/izmir-bayrakli-sogukkuyu-kiralik/daire/64135-412","1 / 35","29.000","28/08/2026","Soğukkuyu 'da Kiralık 2+1 Sıfır Daire","Kiralık Daire","2 + 1","70 m²","2 Yaşında","·","Kat","5. Kat","İzmir / Bayraklı / Soğukkuyu Mah.","https://www.hepsiemlak.com/_nuxt/8cafc93fb5c74c75e9e04e528e02ccdf.jpg","","WhatsApp",""
"https://www.hepsiemlak.com/izmir-konak-alsancak-kiralik/daire/106456-286","1 / 41","150.000","20/08/2026","Alsancak Aksoy Rezidansta Deniz Manzaralı Kiralık Kupon Daire","Kiralık Daire","3 + 1","320 m²","9 Yaşında","·","Kat","7. Kat","İzmir / Konak / Alsancak Mah.","https://www.hepsiemlak.com/_nuxt/8cafc93fb5c74c75e9e04e528e02ccdf.jpg","","WhatsApp",""
"https://www.hepsiemlak.com/izmir-buca-kozagac-kiralik/daire/111716-963","1 / 36","38.000","09/09/2026","Buca Çevikbir Meydan Buca Ssk Yanında 3+1  Arakat D.Gazli Balkonlu Kıralık Daıre","Kiralık Daire","3 + 1","130 m²","15 Yaşında","·","Kat","3. Kat","İzmir / Buca / Kozağaç Mah.","https://www.hepsiemlak.com/_nuxt/8cafc93fb5c74c75e9e04e528e02ccdf.jpg","Buca Boranem Gayrimenkul","WhatsApp","https://www.hepsiemlak.com/_nuxt/8cafc93fb5c74c75e9e04e528e02ccdf.jpg"
"https://www.hepsiemlak.com/izmir-urla-gulbahce-kiralik/daire/115022-976","1 / 26","40.000","26/08/2026","Çtn'den Urla Gülbahçe'de, Yıllık Kiralamaya Uygun, Eşyalı 2+1 Daire","Kiralık Daire","2 + 1","70 m²","10 Yaşında","·","Kat","Bahçe Katı","İzmir / Urla / Gülbahçe Mah.","https://www.hepsiemlak.com/_nuxt/8cafc93fb5c74c75e9e04e528e02ccdf.jpg","Çtn Gayrimenkul","WhatsApp","https://www.hepsiemlak.com/_nuxt/8cafc93fb5c74c75e9e04e528e02ccdf.jpg"
"https://www.hepsiemlak.com/izmir-konak-goztepe-kiralik/daire/62166-1439","1 / 26","37.000","24/08/2026","Eşyalı-Eşyasız..Göztepe Metro Yanı Otoparklı Bakımlı 2+1 Arakat","Kiralık Daire","2 + 1","95 m²","31 Yaşında","·","Kat","1. Kat","İzmir / Konak / Göztepe Mah.","https://www.hepsiemlak.com/_nuxt/8cafc93fb5c74c75e9e04e528e02ccdf.jpg","Evin Emlak Emre","WhatsApp","https://www.hepsiemlak.com/_nuxt/8cafc93fb5c74c75e9e04e528e02ccdf.jpg"
"https://www.hepsiemlak.com/izmir-narlidere-ilica-kiralik/daire/110036-656","1 / 26","38.000","24/08/2026","Ünüvar Gayrimenkulden Ilıca Mah. De Dokuz Eylül Hastanesi Yakını 3+1 Asansörlü Kiralık Daire...","Kiralık Daire","3 + 1","130 m²","20 Yaşında","·","Kat","4. Kat","İzmir / Narlıdere / Ilıca Mah.","https://www.hepsiemlak.com/_nuxt/8cafc93fb5c74c75e9e04e528e02ccdf.jpg","","WhatsApp",""
"https://www.hepsiemlak.com/izmir-karsiyaka-imbatli-kiralik/daire/76582-2153","1 / 29","39.000","04/09/2026","Salman'dan K.Yaka Medical Point Hastane Yanı Kiralık 2+1 Daire","Kiralık Daire","2 + 1","90 m²","6 Yaşında","·","Kat","7. Kat","İzmir / Karşıyaka / İmbatlı Mah.","https://www.hepsiemlak.com/_nuxt/8cafc93fb5c74c75e9e04e528e02ccdf.jpg","Salman Gayrimenkul","WhatsApp","https://www.hepsiemlak.com/_nuxt/8cafc93fb5c74c75e9e04e528e02ccdf.jpg"
"https://www.hepsiemlak.com/izmir-buca-adatepe-kiralik/daire/145638-82","1 / 20","23.000","04/09/2026","Buca Adatepe Mahallesinde Kiralık 2+1 Doğalgazlı Klimalı Ev","Kiralık Daire","2 + 1","70 m²","6 Yaşında","·","Kat","Giriş Katı","İzmir / Buca / Adatepe Mah.","https://www.hepsiemlak.com/_nuxt/8cafc93fb5c74c75e9e04e528e02ccdf.jpg","Dsy Gayrimenkul","WhatsApp","https://www.hepsiemlak.com/_nuxt/8cafc93fb5c74c75e9e04e528e02ccdf.jpg"
"https://www.hepsiemlak.com/izmir-dikili-ismetpasa-kiralik/daire/103566-3606","1 / 18","26.000","29/08/2026","Şehir Merkezinde Doğalgazlı Kullanışlı Mükemmel Konumda Sürekli Kiralık 2+1 Arakat Daire","Kiralık Daire","2 + 1","80 m²","14 Yaşında","·","Kat","1. Kat","İzmir / Dikili / İsmetpaşa Mah.","https://www.hepsiemlak.com/_nuxt/8cafc93fb5c74c75e9e04e528e02ccdf.jpg","Remax İlyada","WhatsApp","https://www.hepsiemlak.com/_nuxt/8cafc93fb5c74c75e9e04e528e02ccdf.jpg"
"https://www.hepsiemlak.com/izmir-menemen-30-agustos-kiralik/daire/66940-2194","1 / 18","46.000","13/08/2026","Uğur Okullar Karşısı Kiralık 3+1 Daire","Kiralık Daire","3 + 1","140 m²","6 Yaşında","·","Kat","2. Kat","İzmir / Menemen / 30 Ağustos Mah.","https://www.hepsiemlak.com/_nuxt/8cafc93fb5c74c75e9e04e528e02ccdf.jpg","","WhatsApp",""
"https://www.hepsiemlak.com/izmir-menemen-esatpasa-kiralik/daire/86526-1754","1 / 3","20.000","07/09/2026","Menemen Esatpaşa Gedizlerde Kiralık 3+1 Arakat Ön Arka Balkonlu 3 Cepeli Daire Hünkar Emlaktan","Kiralık Daire","3 + 1","125 m²","20 Yaşında","·","Kat","Ara Kat","İzmir / Menemen / Esatpaşa Mah.","https://www.hepsiemlak.com/_nuxt/8cafc93fb5c74c75e9e04e528e02ccdf.jpg","","WhatsApp",""
"https://www.hepsiemlak.com/izmir-bayrakli-mansuroglu-kiralik/daire/76035-258","1 / 20","30.000","11/08/2026","Özkanlar 3 Katlı Binada , 3 .Kat 114 M2. D.Gaz Kombili","Kiralık Daire","3 + 1","114 m²","35 Yaşında","·","Kat","3. Kat","İzmir / Bayraklı / Mansuroğlu Mah.","https://www.hepsiemlak.com/_nuxt/8cafc93fb5c74c75e9e04e528e02ccdf.jpg","","WhatsApp",""
"https://www.hepsiemlak.com/izmir-balcova-egitim-kiralik/daire/43657-1175","1 / 27","36.000","02/09/2026","Eğitim Mahallesinde 3+1 Arakat Doğalgazlı Kiralık Daire","Kiralık Daire","3 + 1","120 m²","31 Yaşında","·","Kat","1. Kat","İzmir / Balçova / Eğitim Mah.","https://www.hepsiemlak.com/_nuxt/8cafc93fb5c74c75e9e04e528e02ccdf.jpg","","WhatsApp",""
"https://www.hepsiemlak.com/izmir-cigli-ugur-mumcu-kiralik/daire/60711-1896","1 / 27","26.000","03/09/2026","Blue Life Evleri'nde Full Eşyalı 1+1 Kiralık Daire","Kiralık Daire","1 + 1","55 m²","5 Yaşında","·","Kat","3. Kat","İzmir / Çiğli / Uğur Mumcu Mah.","https://www.hepsiemlak.com/_nuxt/8cafc93fb5c74c75e9e04e528e02ccdf.jpg","","WhatsApp",""
"https://www.hepsiemlak.com/izmir-karsiyaka-yali-kiralik/daire/90478-2631","1 / 33","120.000","18/08/2026","Mavişehir Modern 2 Sitesinde Kiralık 3+1 Daire","Kiralık Daire","3 + 1","145 m²","11 Yaşında","·","Kat","9. Kat","İzmir / Karşıyaka / Yalı Mah.","https://www.hepsiemlak.com/_nuxt/8cafc93fb5c74c75e9e04e528e02ccdf.jpg","Startkey Alfa","WhatsApp","https://www.hepsiemlak.com/_nuxt/8cafc93fb5c74c75e9e04e528e02ccdf.jpg"
"https://www.hepsiemlak.com/izmir-karabaglar-reis-kiralik/daire/25220-2737","1 / 33","30.000","09/09/2026","Özpa - Delta Koleji Yakını 120 M2 Bakımlı Köşe Kiralık 3+1","Kiralık Daire","3 + 1","125 m²","28 Yaşında","·","Kat","4. Kat","İzmir / Karabağlar / Reis Mah.","https://www.hepsiemlak.com/_nuxt/8cafc93fb5c74c75e9e04e528e02ccdf.jpg","","WhatsApp",""
"https://www.hepsiemlak.com/izmir-konak-murat-reis-kiralik/daire/124964-2153","1 / 34","25.000","05/09/2026","İzmirspor Metrosuna Yakın Deniz Manzaralı 2 + 1 Kiralık Daire","Kiralık Daire","2 + 1","110 m²","31 Yaşında","·","Kat","5. Kat","İzmir / Konak / Murat Reis Mah.","https://www.hepsiemlak.com/_nuxt/8cafc93fb5c74c75e9e04e528e02ccdf.jpg","Azm Emlak","WhatsApp","https://www.hepsiemlak.com/_nuxt/8cafc93fb5c74c75e9e04e528e02ccdf.jpg"
"https://www.hepsiemlak.com/izmir-karsiyaka-tuna-kiralik/daire/95207-959","1 / 25","53.000","31/08/2026","Karşıyaka Yalıda Deniz Manzaralı 2+1 Kiralık Daire","Kiralık Daire","2 + 1","85 m²","5 Yaşında","·","Kat","2. Kat","İzmir / Karşıyaka / Tuna Mah.","https://hecdnnw.hemlak.com/mncropresize/77/67/logo/7/0/2/5/9/0/babf54df-2f5f-42cf-b78d-b3d0c48e38d0.jpg","Startkey City","WhatsApp",""
"https://www.hepsiemlak.com/izmir-torbali-yedi-eylul-kiralik/daire/126264-3027","1 / 25","23.500","26/08/2026","Remax Arma’dan Havuzlu Site İçi Kiralık 2+1 Lüks Daire","Kiralık Daire","2 + 1","100 m²","8 Yaşında","·","Kat","Bahçe Katı","İzmir / Torbalı / Yedi Eylül Mah.","https://hecdnnw.hemlak.com/mncropresize/77/67/logo/4/6/2/6/2/1/fbe271a8-a9d7-4136-b9bd-3b781c252bee.jpg","Remax Arma","WhatsApp",""
"https://www.hepsiemlak.com/izmir-karsiyaka-bostanli-kiralik/daire/5823-2832","1 / 25","40.000","07/09/2026","Metin Aşıkoğlu Orta Okuluna Ve Denize Çok Yakın Kiralık Daire","Kiralık Daire","3 + 1","130 m²","31 Yaşında","·","Kat","3. Kat","İzmir / Karşıyaka / Bostanlı Mah.","","","WhatsApp",""
"https://www.hepsiemlak.com/izmir-buca-menderes-kiralik/daire/129980-1384","1 / 14","30.000","03/09/2026","Başoğlundan Cadde Üzeri Doğalgaz Klimalı Ferah 50m2 1+1","Kiralık Daire","1 + 1","55 m²","6 Yaşında","·","Kat","1. Kat","İzmir / Buca / Menderes Mah.","https://hecdn01.hemlak.com/mncropresize/182/137/ds01/5/5/8/6/3/2/7/4/e79fda2d-f1fd-4447-b36e-2c747d2dce69.jpg","Başoğlu Emlak İnşaat","WhatsApp","https://hecdnnw.hemlak.com/mncropresize/77/67/logo/0/8/9/9/2/1/86cd63e9-c631-4c47-af95-3cb264168374.jpg"
"https://www.hepsiemlak.com/izmir-karsiyaka-ornekkoy-kiralik/daire/30707-4405","1 / 28","40.000","02/09/2026","Kahandan Karşıyaka Örnekköyde 3+1 Kiralık Daire","Kiralık Daire","3 + 1","150 m²","9 Yaşında","·","Kat","3. Kat","İzmir / Karşıyaka / Örnekköy Mah.","https://www.hepsiemlak.com/_nuxt/8cafc93fb5c74c75e9e04e528e02ccdf.jpg","","WhatsApp",""
"https://www.hepsiemlak.com/izmir-konak-mehmet-ali-akman-kiralik/daire/10160-3467","1 / 34","61.000","09/09/2026","Mithatpaşa Cd Adnan Saygun S.M Sırası Full Bakımlı Köşe 3+1","Kiralık Daire","3 + 1","110 m²","31 Yaşında","·","Kat","4. Kat","İzmir / Konak / Mehmet Ali Akman Mah.","https://www.hepsiemlak.com/_nuxt/8cafc93fb5c74c75e9e04e528e02ccdf.jpg","Güzelyalı Emlak","WhatsApp","https://www.hepsiemlak.com/_nuxt/8cafc93fb5c74c75e9e04e528e02ccdf.jpg"
"https://www.hepsiemlak.com/izmir-menemen-esatpasa-kiralik/daire/2527-14317","1 / 17","20.000","25/08/2026","Menemen Merkezde Çarşıda Sıfır 1+1 Kiralık Daire","Kiralık Daire","1 + 1","50 m²","Sıfır Bina","·","Kat","3. Kat","İzmir / Menemen / Esatpaşa Mah.","https://www.hepsiemlak.com/_nuxt/8cafc93fb5c74c75e9e04e528e02ccdf.jpg","Remax Adres","WhatsApp","https://www.hepsiemlak.com/_nuxt/8cafc93fb5c74c75e9e04e528e02ccdf.jpg"
"https://www.hepsiemlak.com/izmir-cigli-balatcik-kiralik/daire/78224-2566","1 / 25","24.000","03/09/2026","Katip Çelebi Üni Yerleşkesinin Yanıbaşında 1+1 Eşyalı Kiralık","Kiralık Daire","1 + 1","40 m²","6 Yaşında","·","Kat","2. Kat","İzmir / Çiğli / Balatçık Mah.","https://www.hepsiemlak.com/_nuxt/8cafc93fb5c74c75e9e04e528e02ccdf.jpg","Startkey Evka3 Gayrimenkul","WhatsApp","https://www.hepsiemlak.com/_nuxt/8cafc93fb5c74c75e9e04e528e02ccdf.jpg"
"https://www.hepsiemlak.com/izmir-karabaglar-bahar-kiralik/daire/42079-2433","1 / 19","30.000","05/09/2026","Bozyaka Bahar Mahalesinde Narlık Dura Yanında Otoparklı Kiralık Daire","Kiralık Daire","3 + 1","120 m²","20 Yaşında","·","Kat","Ara Kat","İzmir / Karabağlar / Bahar Mah.","https://www.hepsiemlak.com/_nuxt/8cafc93fb5c74c75e9e04e528e02ccdf.jpg","","WhatsApp",""
"https://www.hepsiemlak.com/izmir-karsiyaka-bostanli-kiralik/daire/42873-3050","1 / 19","35.000","31/08/2026","Ren'den Bostanlıda 3+1 Kiralık Daire","Kiralık Daire","3 + 1","130 m²","26 Yaşında","·","Kat","3. Kat","İzmir / Karşıyaka / Bostanlı Mah.","https://www.hepsiemlak.com/_nuxt/8cafc93fb5c74c75e9e04e528e02ccdf.jpg","","WhatsApp",""
"https://www.hepsiemlak.com/izmir-konak-guzelyali-kiralik/daire/2598-2669","1 / 19","36.000","30/08/2026","Güzelyalıda Eşyalı Kiralık 3+1 Daire","Kiralık Daire","3 + 1","120 m²","31 Yaşında","·","Kat","3. Kat","İzmir / Konak / Güzelyalı Mah.","https://www.hepsiemlak.com/_nuxt/8cafc93fb5c74c75e9e04e528e02ccdf.jpg","Turkuaz Emlak","WhatsApp",""
"https://www.hepsiemlak.com/izmir-menemen-istiklal-kiralik/daire/54684-4685","1 / 32","29.500","28/08/2026","Egekent-2 İstiklal Mh. Korkut Sitesinde Çift Balkonlu Daire","Kiralık Daire","2 + 1","117 m²","6 Yaşında","·","Kat","5. Kat","İzmir / Menemen / İstiklal Mah.","https://www.hepsiemlak.com/_nuxt/8cafc93fb5c74c75e9e04e528e02ccdf.jpg","Startkey Altunsu","WhatsApp","https://www.hepsiemlak.com/_nuxt/8cafc93fb5c74c75e9e04e528e02ccdf.jpg"
"https://www.hepsiemlak.com/izmir-guzelbahce-yali-kiralik/daire/128297-614","1 / 32","120.000","03/09/2026","Güzelbahçe Yalı Mahallesi Deniz Manzaralı Kiralık Daire","Kiralık Daire","3 + 1","175 m²","5 Yaşında","·","Kat","1. Kat","İzmir / Güzelbahçe / Yalı Mah.","https://www.hepsiemlak.com/_nuxt/8cafc93fb5c74c75e9e04e528e02ccdf.jpg","Coldwell Banker Locate","WhatsApp","https://www.hepsiemlak.com/_nuxt/8cafc93fb5c74c75e9e04e528e02ccdf.jpg"
"https://www.hepsiemlak.com/izmir-menderes-barbaros-kiralik/daire/91567-2374","1 / 32","40.000","23/08/2026","Berk Emlak'tan Barbaros Mahallesinde Site İçi Kiralık 3+1 Daire","Kiralık Daire","3 + 1","155 m²","16 Yaşında","·","Kat","2. Kat","İzmir / Menderes / Barbaros Mah.","https://www.hepsiemlak.com/_nuxt/8cafc93fb5c74c75e9e04e528e02ccdf.jpg","Berk Emlak","WhatsApp","https://www.hepsiemlak.com/_nuxt/8cafc93fb5c74c75e9e04e528e02ccdf.jpg"
"https://www.hepsiemlak.com/izmir-buca-ataturk-kiralik/daire/170918-24","1 / 7","21.000","09/09/2026","Buca Atatürk Mah. 1+1 Full Eşyalı Doğalgazlı Kiralık Daire","Kiralık Daire","1 + 1","50 m²","6 Yaşında","·","Kat","2. Kat","İzmir / Buca / Atatürk Mah.","https://www.hepsiemlak.com/_nuxt/8cafc93fb5c74c75e9e04e528e02ccdf.jpg","","WhatsApp",""
"https://www.hepsiemlak.com/izmir-balcova-egitim-kiralik/daire/124220-598","1 / 33","35.000","03/09/2026","Balçova Metro'ya 5 Dk, Ata Cad. Yanı, D.Gazlı, Ferah, Köşe Daire","Kiralık Daire","3 + 1","130 m²","20 Yaşında","·","Kat","1. Kat","İzmir / Balçova / Eğitim Mah.","https://www.hepsiemlak.com/_nuxt/8cafc93fb5c74c75e9e04e528e02ccdf.jpg","","WhatsApp",""
"https://www.hepsiemlak.com/izmir-karabaglar-calikusu-kiralik/daire/66154-2048","1 / 33","22.000","28/08/2026","Karabağlar/ Çalıkuşu Mah. Bölgesinde Kiralık 2+1 90m2 Daire Kodu:2048","Kiralık Daire","2 + 1","100 m²","10 Yaşında","·","Kat","2. Kat","İzmir / Karabağlar / Çalıkuşu Mah.","https://www.hepsiemlak.com/_nuxt/8cafc93fb5c74c75e9e04e528e02ccdf.jpg","Karaca Emlak","WhatsApp","https://www.hepsiemlak.com/_nuxt/8cafc93fb5c74c75e9e04e528e02ccdf.jpg"
"https://www.hepsiemlak.com/izmir-bornova-evka-4-kiralik/daire/20945-2431","1 / 16","25.000","21/08/2026","Erdemay Emlaktan 2+1 Kiralık Mobilyalı (eşyalı)","Kiralık Daire","2 + 1","77 m²","28 Yaşında","·","Kat","5. Kat","İzmir / Bornova / Evka 4 Mah.","https://www.hepsiemlak.com/_nuxt/8cafc93fb5c74c75e9e04e528e02ccdf.jpg","","WhatsApp",""
"https://www.hepsiemlak.com/izmir-menemen-gazi-kiralik/daire/61148-2520","1 / 16","18.500","01/09/2026","Menemen Ahıska Toki 2+1 Doğalgazlı Bakımlı Kiralık Daire","Kiralık Daire","2 + 1","90 m²","11 Yaşında","·","Kat","7. Kat","İzmir / Menemen / Gazi Mah.","https://www.hepsiemlak.com/_nuxt/8cafc93fb5c74c75e9e04e528e02ccdf.jpg","Kumsal Gayrimenkul","WhatsApp","https://www.hepsiemlak.com/_nuxt/8cafc93fb5c74c75e9e04e528e02ccdf.jpg"
"https://www.hepsiemlak.com/izmir-konak-alsancak-kiralik/daire/37033-4069","1 / 16","33.500","04/09/2026","Fırsat Alsancak Da Port Rezidans Karşısı Kordon Yakını 2+1 Tadilatlı Daire","Kiralık Daire","2 + 1","120 m²","27 Yaşında","·","Kat","3. Kat","İzmir / Konak / Alsancak Mah.","https://www.hepsiemlak.com/_nuxt/8cafc93fb5c74c75e9e04e528e02ccdf.jpg","Demet Emlak","WhatsApp","https://www.hepsiemlak.com/_nuxt/8cafc93fb5c74c75e9e04e528e02ccdf.jpg"
"https://www.hepsiemlak.com/izmir-foca-cumhuriyet-kiralik/villa/142333-1687","1 / 14","50.000","07/09/2026","Yenifoçada Müstakil Bahçeli 3+1 Kiralık Villa","Kiralık Villa","3 + 1","130 m²","2 Yaşında","·","Kat","","İzmir / Foça / Cumhuriyet Mah.","https://www.hepsiemlak.com/_nuxt/8cafc93fb5c74c75e9e04e528e02ccdf.jpg","","WhatsApp",""
"https://www.hepsiemlak.com/izmir-buca-ataturk-kiralik/daire/143816-167","1 / 14","20.500","05/09/2026","Bucaparisadan Hasanağa Bah. K.Doğum Hastane Yakını Kiralık 1+1","Kiralık Daire","1 + 1","50 m²","11 Yaşında","·","Kat","1. Kat","İzmir / Buca / Atatürk Mah.","https://www.hepsiemlak.com/_nuxt/8cafc93fb5c74c75e9e04e528e02ccdf.jpg","Parisa Yapı Gayrimenkul","WhatsApp","https://www.hepsiemlak.com/_nuxt/8cafc93fb5c74c75e9e04e528e02ccdf.jpg"
"https://www.hepsiemlak.com/izmir-karabaglar-vatan-kiralik/daire/42880-323","1 / 20","30.000","25/08/2026","Karabağlar Vatan Mah. Akevler Camii Arkasında 3 Balkonlu 3+1","Kiralık Daire","3 + 1","120 m²","26 Yaşında","·","Kat","4. Kat","İzmir / Karabağlar / Vatan Mah.","https://www.hepsiemlak.com/_nuxt/8cafc93fb5c74c75e9e04e528e02ccdf.jpg","Yeni Adresin Gayrimenkul","WhatsApp","https://www.hepsiemlak.com/_nuxt/8cafc93fb5c74c75e9e04e528e02ccdf.jpg"
"https://www.hepsiemlak.com/izmir-gaziemir-atifbey-kiralik/daire/72560-2188","1 / 25","60.000","31/08/2026","Zeta'dan Gaziemir Atıfbey Mh. Merkezde 3+1 Kiralık Daire","Kiralık Daire","3 + 1","140 m²","11 Yaşında","·","Kat","1. Kat","İzmir / Gaziemir / Atıfbey Mah.","https://www.hepsiemlak.com/_nuxt/8cafc93fb5c74c75e9e04e528e02ccdf.jpg","Zeta Emlak","WhatsApp",""
"https://www.hepsiemlak.com/izmir-bornova-kazimdirik-kiralik/daire/48918-276","1 / 25","40.000","13/08/2026","Bornova Kazım Dirik Mahallesi'nde 3+1 Full Eşyalı 140 Metrekare Daire","Kiralık Daire","3 + 1","140 m²","30 Yaşında","·","Kat","3. Kat","İzmir / Bornova / Kazımdirik Mah.","","","WhatsApp",""
"https://www.hepsiemlak.com/izmir-balcova-onur-kiralik/daire/109380-609","1 / 25","30.000","21/08/2026","Evliyazadeden 3+1 Jeotermalli Bahçeli","Kiralık Daire","3 + 1","110 m²","35 Yaşında","·","Kat","Yüksek Giriş","İzmir / Balçova / Onur Mah.","","","WhatsApp",""
"https://www.hepsiemlak.com/izmir-karabaglar-vatan-kiralik/daire/117663-2362","1 / 32","32.000","31/08/2026","Ordu Cad.Üzeri Park&deniz Manzaralı 2+1 Kiralık Daire Kod1704","Kiralık Daire","2 + 1","90 m²","31 Yaşında","·","Kat","4. Kat","İzmir / Karabağlar / Vatan Mah.","","","WhatsApp",""
"https://www.hepsiemlak.com/izmir-menemen-istiklal-kiralik/daire/119640-3745","1 / 15","35.000","02/09/2026","Ulukent İstiklal Mahallesi'nde Eşyalı 3+1 Kiralık Daire","Kiralık Daire","3 + 1","135 m²","16 Yaşında","·","Kat","2. Kat","İzmir / Menemen / İstiklal Mah.","https://hecdn01.hemlak.com/mncropresize/182/137/ds01/3/0/3/1/3/2/7/4/097a7e80-24d5-4987-8dfe-1a1ccaf39683.jpg","Startkey Ege Gayrimenkul","WhatsApp","https://hecdnnw.hemlak.com/mncropresize/77/67/logo/0/4/6/9/1/1/24c2b72f-2e40-4734-b056-eebccb21d668.jpg"
"https://www.hepsiemlak.com/izmir-odemis-hurriyet-kiralik/daire/127956-665","1 / 15","22.500","26/08/2026","Gökçe Bağçivan Gayrimenkulden Cadde Üzeri Köşe Konum Daire","Kiralık Daire","3 + 1","130 m²","10 Yaşında","·","Kat","4. Kat","İzmir / Ödemiş / Hürriyet Mah.","https://www.hepsiemlak.com/_nuxt/8cafc93fb5c74c75e9e04e528e02ccdf.jpg","","WhatsApp",""
"https://www.hepsiemlak.com/izmir-karabaglar-uckuyular-kiralik/daire/27947-7565","1 / 15","26.000","24/08/2026","Demokrasi Üniversitesi Yanı 1+1 Eşyalı Mobilyalı Daire","Kiralık Daire","1 + 1","41 m²","26 Yaşında","·","Kat","Giriş Katı","İzmir / Karabağlar / Üçkuyular Mah.","https://www.hepsiemlak.com/_nuxt/8cafc93fb5c74c75e9e04e528e02ccdf.jpg","Arena Gayrimenkul","WhatsApp","https://www.hepsiemlak.com/_nuxt/8cafc93fb5c74c75e9e04e528e02ccdf.jpg"
"https://www.hepsiemlak.com/izmir-bornova-kazimdirik-kiralik/residence/63812-300","1 / 15","40.000","15/08/2026","Kazımdirik Mah Folkart Time Da (1+1) Kiralık Daire","Kiralık Residence","1 + 1","50 m²","10 Yaşında","·","Kat","Ara Kat","İzmir / Bornova / Kazımdirik Mah.","https://www.hepsiemlak.com/_nuxt/8cafc93fb5c74c75e9e04e528e02ccdf.jpg","","WhatsApp",""
"https://www.hepsiemlak.com/izmir-konak-murat-reis-kiralik/daire/13763-3111","1 / 27","37.000","04/09/2026","İzmirspor Metro Durağı Ve Pazaryeri Yakını Tadilatlı Kiralık","Kiralık Daire","3 + 1","110 m²","31 Yaşında","·","Kat","1. Kat","İzmir / Konak / Murat Reis Mah.","https://www.hepsiemlak.com/_nuxt/8cafc93fb5c74c75e9e04e528e02ccdf.jpg","Nazar Emlak","WhatsApp","https://www.hepsiemlak.com/_nuxt/8cafc93fb5c74c75e9e04e528e02ccdf.jpg"
"https://www.hepsiemlak.com/izmir-balcova-egitim-kiralik/daire/77321-1204","1 / 30","45.000","03/09/2026","İzmir Balçova Ata Cad Eğitim Mah Asansörlü 3+1 Doğalgazlı Çift Cepheli Kiralık Daire","Kiralık Daire","3 + 1","135 m²","28 Yaşında","·","Kat","5. Kat","İzmir / Balçova / Eğitim Mah.","https://www.hepsiemlak.com/_nuxt/8cafc93fb5c74c75e9e04e528e02ccdf.jpg","","WhatsApp",""
"https://www.hepsiemlak.com/izmir-balcova-cetin-emec-kiralik/daire/27103-4821","1 / 30","40.000","31/08/2026","Dayım Emlaktan Çetin Emeç Mah Eşyalı Kiralık Daire","Kiralık Daire","2 + 1","80 m²","11 Yaşında","·","Kat","4. Kat","İzmir / Balçova / Çetin Emeç Mah.","https://www.hepsiemlak.com/_nuxt/8cafc93fb5c74c75e9e04e528e02ccdf.jpg","","WhatsApp",""
"https://www.hepsiemlak.com/izmir-karabaglar-arap-hasan-kiralik/daire/48991-2646","1 / 17","35.000","07/09/2026","Hatay Arap Hasan Mah. De 2+1 Eşyalı Kiralık Daire","Kiralık Daire","2 + 1","75 m²","31 Yaşında","·","Kat","Giriş Katı","İzmir / Karabağlar / Arap Hasan Mah.","https://www.hepsiemlak.com/_nuxt/8cafc93fb5c74c75e9e04e528e02ccdf.jpg","Epa İzmir Hatay Temsilciliği","WhatsApp","https://www.hepsiemlak.com/_nuxt/8cafc93fb5c74c75e9e04e528e02ccdf.jpg"
"https://www.hepsiemlak.com/izmir-bornova-ataturk-kiralik/daire/41545-2433","1 / 22","35.000","24/08/2026","Bornova Atatürk Mah Öğrenciye Uygun Full Eşyalı Klimalı-Şimdi Tut Eylül Ayında Öde Ongun'dan","Kiralık Daire","2 + 1","90 m²","30 Yaşında","·","Kat","Ara Kat","İzmir / Bornova / Atatürk Mah.","https://www.hepsiemlak.com/_nuxt/8cafc93fb5c74c75e9e04e528e02ccdf.jpg","","WhatsApp",""
"https://www.hepsiemlak.com/izmir-seferihisar-sigacik-kiralik/daire/97475-711","1 / 14","45.000","07/09/2026","Sığacık Teos Park Evlerinde Müstakil Bahçeli 2+1 Eşyalı Daire","Kiralık Daire","2 + 1","80 m²","6 Yaşında","·","Kat","Bahçe Katı","İzmir / Seferihisar / Sığacık Mah.","https://www.hepsiemlak.com/_nuxt/8cafc93fb5c74c75e9e04e528e02ccdf.jpg","Coldwell Banker Kalem","WhatsApp","https://www.hepsiemlak.com/_nuxt/8cafc93fb5c74c75e9e04e528e02ccdf.jpg"
"https://www.hepsiemlak.com/izmir-torbali-ertugrul-kiralik/daire/0-47252438","1 / 7","18.000","05/09/2026","Kiralık Boş Daire","Kiralık Daire","3 + 1","90 m²","20 Yaşında","·","Kat","5. Kat","İzmir / Torbalı / Ertuğrul Mah.","https://www.hepsiemlak.com/_nuxt/8cafc93fb5c74c75e9e04e528e02ccdf.jpg","","WhatsApp",""
"https://www.hepsiemlak.com/izmir-buca-adatepe-kiralik/daire/0-47186001","1 / 7","21.000","25/08/2026","Sahibinden Kiralık Daire Aracı Yok 2+0 Daire","Kiralık Daire","2 + 1","75 m²","5 Yaşında","·","Kat","Bahçe Katı","İzmir / Buca / Adatepe Mah.","https://www.hepsiemlak.com/_nuxt/8cafc93fb5c74c75e9e04e528e02ccdf.jpg","","WhatsApp",""
"https://www.hepsiemlak.com/izmir-karabaglar-bozyaka-kiralik/daire/164319-7","1 / 7","25.000","08/09/2026","Vendi Gayrimenkul'den Yeni Tadilatlı Bozyaka 2+1 Temiz Daire","Kiralık Daire","2 + 1","110 m²","26 Yaşında","·","Kat","3. Kat","İzmir / Karabağlar / Bozyaka Mah.","https://www.hepsiemlak.com/_nuxt/8cafc93fb5c74c75e9e04e528e02ccdf.jpg","Vendi Gayrimenkul","WhatsApp","https://www.hepsiemlak.com/img/loadings/noImage55-55.png"
"https://www.hepsiemlak.com/izmir-konak-mithatpasa-kiralik/daire/77108-1321","1 / 20","28.500","23/08/2026","Mithatpaşa Cadde Yakını 2+1 Yüksek Giriş Kiralık Daire","Kiralık Daire","2 + 1","90 m²","26 Yaşında","·","Kat","Yüksek Giriş","İzmir / Konak / Mithatpaşa Mah.","https://www.hepsiemlak.com/_nuxt/8cafc93fb5c74c75e9e04e528e02ccdf.jpg","Âlâ Emlak","WhatsApp","https://www.hepsiemlak.com/_nuxt/8cafc93fb5c74c75e9e04e528e02ccdf.jpg"
"https://www.hepsiemlak.com/izmir-bornova-mevlana-kiralik/daire/59475-1164","1 / 29","35.000","07/09/2026","Volkan Emlaktan İzmir Özel Türk Koleji Karşısı Ege Üniv. Yakını","Kiralık Daire","1 + 1","54 m²","8 Yaşında","·","Kat","1. Kat","İzmir / Bornova / Mevlana Mah.","https://www.hepsiemlak.com/_nuxt/8cafc93fb5c74c75e9e04e528e02ccdf.jpg","","WhatsApp",""
"https://www.hepsiemlak.com/izmir-konak-turgut-reis-kiralik/daire/48008-3353","1 / 29","36.000","31/08/2026","İzmir Karataş’ta Yeni Binada 2+1 Kiralık Daire","Kiralık Daire","2 + 1","100 m²","6 Yaşında","·","Kat","Giriş Katı","İzmir / Konak / Turgut Reis Mah.","https://www.hepsiemlak.com/_nuxt/8cafc93fb5c74c75e9e04e528e02ccdf.jpg","","WhatsApp",""
"https://www.hepsiemlak.com/izmir-buca-baris-kiralik/daire/70103-1447","1 / 26","25.000","21/08/2026","Egebay Gayrimenkul,Den Kiralık Ara Kat 3+1 Doğalgazlı Daire","Kiralık Daire","3 + 1","120 m²","26 Yaşında","·","Kat","2. Kat","İzmir / Buca / Barış Mah.","https://www.hepsiemlak.com/_nuxt/8cafc93fb5c74c75e9e04e528e02ccdf.jpg","Egebay Gayrimenkul","WhatsApp","https://www.hepsiemlak.com/_nuxt/8cafc93fb5c74c75e9e04e528e02ccdf.jpg"
"https://www.hepsiemlak.com/izmir-menemen-gazi-mustafa-kemal-kiralik/daire/167667-53","1 / 13","21.500","10/09/2026","Seyrek Merkezi Konumda 2+1 Kiralık Daire","Kiralık Daire","2 + 1","84 m²","Sıfır Bina","·","Kat","1. Kat","İzmir / Menemen / Gazi Mustafa Kemal Mah.","https://www.hepsiemlak.com/_nuxt/8cafc93fb5c74c75e9e04e528e02ccdf.jpg","","WhatsApp",""
"https://www.hepsiemlak.com/izmir-menemen-ismet-inonu-kiralik/daire/156127-178","1 / 13","20.000","13/08/2026","Menemen Uğur Mumcu Mh 2+1 Arakat Açık Mutfak Daire","Kiralık Daire","2 + 1","90 m²","Sıfır Bina","·","Kat","1. Kat","İzmir / Menemen / İsmet İnönü Mah.","https://www.hepsiemlak.com/_nuxt/8cafc93fb5c74c75e9e04e528e02ccdf.jpg","E & T Gayrimenkul","WhatsApp","https://www.hepsiemlak.com/_nuxt/8cafc93fb5c74c75e9e04e528e02ccdf.jpg"
"https://www.hepsiemlak.com/izmir-konak-kahramanlar-kiralik/daire/139699-282","1 / 9","30.000","05/09/2026","Kahramanlarda İçi Sıfır Lüks Yapılı Kiralık 2+1 Daire","Kiralık Daire","2 + 1","95 m²","26 Yaşında","·","Kat","4. Kat","İzmir / Konak / Kahramanlar Mah.","https://www.hepsiemlak.com/_nuxt/8cafc93fb5c74c75e9e04e528e02ccdf.jpg","","WhatsApp",""
"https://www.hepsiemlak.com/izmir-bornova-ataturk-kiralik/daire/112706-8833","1 / 13","17.000","07/09/2026","Atatürk Mah. 2+1 Kiralık Daire | Okullara Yakın | Merkezi Konum","Kiralık Daire","2 + 1","120 m²","26 Yaşında","·","Kat","Giriş Katı","İzmir / Bornova / Atatürk Mah.","https://www.hepsiemlak.com/_nuxt/8cafc93fb5c74c75e9e04e528e02ccdf.jpg","Kw Alesta-viya-orsa 2","WhatsApp","https://www.hepsiemlak.com/_nuxt/8cafc93fb5c74c75e9e04e528e02ccdf.jpg"
"https://www.hepsiemlak.com/izmir-karabaglar-basin-sitesi-kiralik/daire/21655-3700","1 / 13","34.000","05/09/2026","Basınsitesin'de Arakat Kiralık Daire","Kiralık Daire","3 + 1","125 m²","38 Yaşında","·","Kat","2. Kat","İzmir / Karabağlar / Basın Sitesi Mah.","","","WhatsApp",""
"https://www.hepsiemlak.com/izmir-karabaglar-uckuyular-kiralik/daire/42120-1280","1 / 13","35.000","23/08/2026","Üçkuyular Da 3+1 Arakat Bakımlı Daire","Kiralık Daire","3 + 1","120 m²","35 Yaşında","·","Kat","1. Kat","İzmir / Karabağlar / Üçkuyular Mah.","","","WhatsApp",""
"https://www.hepsiemlak.com/izmir-bornova-ergene-kiralik/daire/171153-50","1 / 12","32.000","01/09/2026","Bornova Ege Üniversitesi Hastanesi Ve Metro Yakını Kiralık Daire","Kiralık Daire","2 + 1","95 m²","26 Yaşında","·","Kat","6. Kat","İzmir / Bornova / Ergene Mah.","","","WhatsApp",""
"https://www.hepsiemlak.com/izmir-karsiyaka-yali-kiralik/daire/8047-2331","1 / 28","62.500","20/08/2026","Mavişehir Soyak Optimusta Bahçeli 2+1 Dublex","Kiralık Daire","2 + 1","105 m²","15 Yaşında","·","Kat","Bahçe Katı","İzmir / Karşıyaka / Yalı Mah.","https://hecdn01.hemlak.com/mncropresize/182/137/ds01/4/0/1/0/7/7/6/4/f96abb5c-7918-454f-8f1d-6107dbf09b87.jpg","Ülkü Emlak","WhatsApp","https://hecdnnw.hemlak.com/mncropresize/77/67/logo/7/4/0/8/0/0/6ecb1ad8-c24e-4ae7-be04-bb021e2ee191.jpg"
"https://www.hepsiemlak.com/izmir-karabaglar-vatan-kiralik/daire/60493-661","1 / 19","25.000","19/08/2026","Yön-Ev'den Hastane Yakını Merkezi Konumlu 3+ 1","Kiralık Daire","3 + 1","115 m²","21 Yaşında","·","Kat","1. Kat","İzmir / Karabağlar / Vatan Mah.","https://www.hepsiemlak.com/_nuxt/8cafc93fb5c74c75e9e04e528e02ccdf.jpg","Yön-ev Gayrimenkul","WhatsApp","https://www.hepsiemlak.com/_nuxt/8cafc93fb5c74c75e9e04e528e02ccdf.jpg"
"https://www.hepsiemlak.com/izmir-karabaglar-bahar-kiralik/daire/79070-4316","1 / 20","18.000","06/09/2026","Karabaglar Gülyaka Mah.Temiz 2+1 Kiralik Daire","Kiralık Daire","2 + 1","110 m²","30 Yaşında","·","Kat","Ara Kat","İzmir / Karabağlar / Bahar Mah.","https://www.hepsiemlak.com/_nuxt/8cafc93fb5c74c75e9e04e528e02ccdf.jpg","Harputlu Emlak","WhatsApp",""
"https://www.hepsiemlak.com/izmir-buca-hurriyet-kiralik/daire/102557-459","1 / 22","26.000","21/08/2026","Hürriyet Mahallesi 2+1 Arakat Doğalgazlı Kiralık Daire","Kiralık Daire","2 + 1","80 m²","6 Yaşında","·","Kat","2. Kat","İzmir / Buca / Hürriyet Mah.","https://www.hepsiemlak.com/_nuxt/8cafc93fb5c74c75e9e04e528e02ccdf.jpg","","WhatsApp",""
"https://www.hepsiemlak.com/izmir-karabaglar-selvili-kiralik/daire/125615-190","1 / 22","30.000","12/08/2026","Yeşilyurt Üzümcü Taksi Durağının Yanında.Kiralık Teraslı Daire             K.","Kiralık Daire","2 + 1","115 m²","8 Yaşında","·","Kat","3. Kat","İzmir / Karabağlar / Selvili Mah.","https://www.hepsiemlak.com/_nuxt/8cafc93fb5c74c75e9e04e528e02ccdf.jpg","","WhatsApp",""
"https://www.hepsiemlak.com/izmir-karsiyaka-bahriye-ucok-kiralik/daire/72759-3352","1 / 15","35.000","25/08/2026","Mis Gibi 3+1 136m2 4,Kat 2wc+kombi+k.Okdası Yok Klasik Daire","Kiralık Daire","3 + 1","136 m²","33 Yaşında","·","Kat","4. Kat","İzmir / Karşıyaka / Bahriye Üçok Mah.","https://www.hepsiemlak.com/_nuxt/8cafc93fb5c74c75e9e04e528e02ccdf.jpg","","WhatsApp",""
"https://www.hepsiemlak.com/izmir-balcova-egitim-kiralik/daire/77173-1429","1 / 29","35.000","03/09/2026","Balçova Eğitim Mahallesinde Kiralık Doğalgazlı 2+1 Daire","Kiralık Daire","2 + 1","95 m²","10 Yaşında","·","Kat","Yüksek Giriş","İzmir / Balçova / Eğitim Mah.","https://www.hepsiemlak.com/_nuxt/8cafc93fb5c74c75e9e04e528e02ccdf.jpg","","WhatsApp",""
"https://www.hepsiemlak.com/izmir-balcova-egitim-kiralik/daire/10374-4165","1 / 23","25.000","07/09/2026","Kolej Ofis Gay.7 Yaşında Doğalgazlı Kiralık 2+1 Daire","Kiralık Daire","2 + 1","80 m²","7 Yaşında","·","Kat","Kot 1","İzmir / Balçova / Eğitim Mah.","https://www.hepsiemlak.com/_nuxt/8cafc93fb5c74c75e9e04e528e02ccdf.jpg","","WhatsApp",""
"https://www.hepsiemlak.com/izmir-konak-atilla-kiralik/daire/25762-786","1 / 12","25.000","18/08/2026","Üçyol Metroya Yürüme Mesafesinde","Kiralık Daire","2 + 1","90 m²","31 Yaşında","·","Kat","3. Kat","İzmir / Konak / Atilla Mah.","https://www.hepsiemlak.com/_nuxt/8cafc93fb5c74c75e9e04e528e02ccdf.jpg","","WhatsApp",""
"https://www.hepsiemlak.com/izmir-cigli-egekent-kiralik/daire/120850-510","1 / 12","20.000","09/09/2026","Çiğli De Kiralık 3+1sakin Konum Geniş Ferah Daire Ana Yola İzbana Yürüme Mesafesinde","Kiralık Daire","3 + 1","110 m²","25 Yaşında","·","Kat","5. Kat","İzmir / Çiğli / Egekent Mah.","https://www.hepsiemlak.com/_nuxt/8cafc93fb5c74c75e9e04e528e02ccdf.jpg","Selman Emlak Satıcısı","WhatsApp","https://www.hepsiemlak.com/_nuxt/8cafc93fb5c74c75e9e04e528e02ccdf.jpg"
"https://www.hepsiemlak.com/izmir-buca-buca-koop-kiralik/daire/119979-2776","1 / 35","45.000","03/09/2026","Buca Koop Mahallesi Yiğit Efe Sitesinde 3+1 Kiralık Daire","Kiralık Daire","3 + 1","145 m²","11 Yaşında","·","Kat","9. Kat","İzmir / Buca / Buca Koop. Mah.","https://www.hepsiemlak.com/_nuxt/8cafc93fb5c74c75e9e04e528e02ccdf.jpg","Startkey Puzzle","WhatsApp","https://www.hepsiemlak.com/_nuxt/8cafc93fb5c74c75e9e04e528e02ccdf.jpg"
"https://www.hepsiemlak.com/izmir-bornova-kazimdirik-kiralik/daire/141959-803","1 / 33","45.000","02/09/2026","Latif Aydemir Business'ta Tam Eşyalı, Balkonlu Kiralık 1+1 Daire","Kiralık Daire","1 + 1","60 m²","2 Yaşında","·","Kat","6. Kat","İzmir / Bornova / Kazımdirik Mah.","https://www.hepsiemlak.com/_nuxt/8cafc93fb5c74c75e9e04e528e02ccdf.jpg","Remax Jolly","WhatsApp","https://www.hepsiemlak.com/_nuxt/8cafc93fb5c74c75e9e04e528e02ccdf.jpg"
"https://www.hepsiemlak.com/izmir-cigli-maltepe-kiralik/daire/133061-1266","1 / 23","37.500","02/09/2026","İzka Park Yaşam Atlantis Havuz Manz. Klimalı 2+1 Kiralık","Kiralık Daire","2 + 1","70 m²","Sıfır Bina","·","Kat","3. Kat","İzmir / Çiğli / Maltepe Mah.","https://www.hepsiemlak.com/_nuxt/8cafc93fb5c74c75e9e04e528e02ccdf.jpg","Spıca Gayrimenkul","WhatsApp","https://www.hepsiemlak.com/_nuxt/8cafc93fb5c74c75e9e04e528e02ccdf.jpg"
"https://www.hepsiemlak.com/izmir-narlidere-yenikale-kiralik/daire/119895-4247","1 / 46","125.000","02/09/2026","Narlıdere Yeni Kalede 3+1 Full Eşyalı Bakımlı Kiralık Daire","Kiralık Daire","3 + 1","220 m²","11 Yaşında","·","Kat","1. Kat","İzmir / Narlıdere / Yenikale Mah.","https://www.hepsiemlak.com/_nuxt/8cafc93fb5c74c75e9e04e528e02ccdf.jpg","Kw Alesta-viya-orsa 3","WhatsApp","https://www.hepsiemlak.com/_nuxt/8cafc93fb5c74c75e9e04e528e02ccdf.jpg"
"https://www.hepsiemlak.com/izmir-bayrakli-manavkuyu-kiralik/daire/165005-108","1 / 32","38.000","28/08/2026","Manavkuyu'da Merkezi Lokasyonda Full Eşyalı Kiralık 3+1 Daire","Kiralık Daire","3 + 1","127 m²","31 Yaşında","·","Kat","5. Kat","İzmir / Bayraklı / Manavkuyu Mah.","https://www.hepsiemlak.com/_nuxt/8cafc93fb5c74c75e9e04e528e02ccdf.jpg","Kw Efe Takım","WhatsApp","https://www.hepsiemlak.com/img/loadings/noImage55-55.png"
"https://www.hepsiemlak.com/izmir-urla-balikliova-kiralik/yazlik/134354-3448","1 / 46","130.000","28/08/2026","Urla Balıklıova’da Eşyalı 5+1 Yazlık | 4 Cepheli, 3 Banyo, Balkonlu","Kiralık Yazlık","5 + 1","120 m²","37 Yaşında","·","Kat","Zemin","İzmir / Urla / Balıklıova Mah.","https://www.hepsiemlak.com/_nuxt/8cafc93fb5c74c75e9e04e528e02ccdf.jpg","Remax Target","WhatsApp","https://www.hepsiemlak.com/_nuxt/8cafc93fb5c74c75e9e04e528e02ccdf.jpg"
"https://www.hepsiemlak.com/izmir-karsiyaka-mavisehir-kiralik/daire/21024-12037","1 / 35","75.000","27/08/2026","Mavişehir 2. Etap Flamingo Blokları Büyük Tip Kiralık 3+1 Daire","Kiralık Daire","3 + 1","187 m²","28 Yaşında","·","Kat","11. Kat","İzmir / Karşıyaka / Mavişehir Mah.","https://www.hepsiemlak.com/_nuxt/8cafc93fb5c74c75e9e04e528e02ccdf.jpg","Turyap Ataşehir Fil","WhatsApp","https://www.hepsiemlak.com/_nuxt/8cafc93fb5c74c75e9e04e528e02ccdf.jpg"
"https://www.hepsiemlak.com/izmir-selcuk-zafer-kiralik/daire/167546-90","1 / 20","25.000","05/09/2026","🏡 İzmir Selçuk Zafer Mahallesi’nde Kiralık 2+1 Geniş Daire","Kiralık Daire","2 + 1","135 m²","17 Yaşında","·","Kat","En Üst Kat","İzmir / Selçuk / Zafer Mah.","https://www.hepsiemlak.com/_nuxt/8cafc93fb5c74c75e9e04e528e02ccdf.jpg","Nc Selçuk Emlak","WhatsApp","https://www.hepsiemlak.com/_nuxt/8cafc93fb5c74c75e9e04e528e02ccdf.jpg"
"https://www.hepsiemlak.com/izmir-bornova-kizilay-kiralik/daire/148398-329","1 / 18","30.000","10/09/2026","Bornova Da 2+1 Kiralık Doğalgazlı Daire","Kiralık Daire","2 + 1","110 m²","12 Yaşında","·","Kat","1. Kat","İzmir / Bornova / Kızılay Mah.","https://www.hepsiemlak.com/_nuxt/8cafc93fb5c74c75e9e04e528e02ccdf.jpg","","WhatsApp",""
"https://www.hepsiemlak.com/izmir-urla-iskele-kiralik/villa/142245-578","1 / 27","115.000","27/08/2026","Urla İskele' De 3+1 Kiralık Eşyalı Villa","Kiralık Villa","3 + 1","140 m²","2 Yaşında","·","Kat","Bahçe Katı","İzmir / Urla / İskele Mah.","https://www.hepsiemlak.com/_nuxt/8cafc93fb5c74c75e9e04e528e02ccdf.jpg","Kayıkhane Gayrimenkul","WhatsApp","https://www.hepsiemlak.com/_nuxt/8cafc93fb5c74c75e9e04e528e02ccdf.jpg"
"https://www.hepsiemlak.com/izmir-menemen-gazi-mustafa-kemal-kiralik/daire/166407-165","1 / 22","19.000","09/09/2026","Bakırçay Üniversitesine Yürüme Mesafesinde 1+1 Eşyalı Kiralık Daire","Kiralık Daire","1 + 1","48 m²","8 Yaşında","·","Kat","1. Kat","İzmir / Menemen / Gazi Mustafa Kemal Mah.","https://www.hepsiemlak.com/_nuxt/8cafc93fb5c74c75e9e04e528e02ccdf.jpg","","WhatsApp",""
"https://www.hepsiemlak.com/izmir-bornova-ataturk-kiralik/daire/117461-5205","1 / 35","35.000","20/08/2026","Bornova Atatürk Mahallesi Ferah Hacimli 2+1 Kiralık Daire","Kiralık Daire","2 + 1","77 m²","4 Yaşında","·","Kat","Yüksek Giriş","İzmir / Bornova / Atatürk Mah.","","","WhatsApp",""
"https://www.hepsiemlak.com/izmir-bayrakli-sogukkuyu-kiralik/daire/143949-1787","1 / 35","43.500","24/08/2026","Soğukkuyu Yeni Girne Bulvarı Yakını Büyük 3+1 Arakat Önü Açık","Kiralık Daire","3 + 1","145 m²","16 Yaşında","·","Kat","9. Kat","İzmir / Bayraklı / Soğukkuyu Mah.","","","WhatsApp",""
"https://www.hepsiemlak.com/izmir-buca-ataturk-kiralik/daire/24511-10098","1 / 60","23.000","18/08/2026","Atatürk Mh Site İçi Panoromik Şehir Manzaralı Arakat Lüks Daire","Kiralık Daire","1 + 1","55 m²","5 Yaşında","·","Kat","7. Kat","İzmir / Buca / Atatürk Mah.","https://hecdnnw.hemlak.com/mncropresize/77/67/logo/1/1/5/4/2/0/5bfffbfd-6b4a-474d-8419-c7f5395b7469.jpg","Turyap Şirinyer","WhatsApp",""
"https://www.hepsiemlak.com/izmir-karsiyaka-atakent-kiralik/daire/4762-4814","1 / 35","57.000","24/08/2026","Atakent Efes Sitesi Sahile Tramvaya Yakın Kiralık 3+1 Daire","Kiralık Daire","3 + 1","130 m²","37 Yaşında","·","Kat","3. Kat","İzmir / Karşıyaka / Atakent Mah.","https://hecdn01.hemlak.com/mncropresize/182/137/ds01/8/2/3/8/3/0/7/4/ca9154d2-dac2-4a56-9806-25c3a4e5d281.jpg","","WhatsApp",""
"https://www.hepsiemlak.com/izmir-karabaglar-tahsin-yazici-kiralik/daire/84343-855","1 / 32","35.000","24/08/2026","Baş-Kaleden Çift Balkonlu Ebeveynli Sıfır D.Gazllı Kiralık Daire","Kiralık Daire","2 + 1","105 m²","Sıfır Bina","·","Kat","2. Kat","İzmir / Karabağlar / Tahsin Yazıcı Mah.","https://www.hepsiemlak.com/_nuxt/8cafc93fb5c74c75e9e04e528e02ccdf.jpg","Baş-kale Gayrimenkul Ve Yatırım","WhatsApp","https://www.hepsiemlak.com/_nuxt/8cafc93fb5c74c75e9e04e528e02ccdf.jpg"
"https://www.hepsiemlak.com/izmir-menemen-inonu-kiralik/daire/170518-2","1 / 20","12.750","12/08/2026","Seyrek Merkez De 1+1 Kiralık Daire","Kiralık Daire","1 + 1","55 m²","6 Yaşında","·","Kat","1. Kat","İzmir / Menemen / İnönü Mah.","https://www.hepsiemlak.com/_nuxt/8cafc93fb5c74c75e9e04e528e02ccdf.jpg","Yasemin Çelikbaş Gayrimenkul Yatırım Danışmanlık","WhatsApp","https://www.hepsiemlak.com/_nuxt/8cafc93fb5c74c75e9e04e528e02ccdf.jpg"
"https://www.hepsiemlak.com/izmir-karsiyaka-ornekkoy-kiralik/daire/39051-1821","1 / 34","26.000","28/08/2026","Özler Emlak'tan Karşıyaka Yeni Girne'de 1+1 Mobilyalı Daire","Kiralık Daire","1 + 1","45 m²","5 Yaşında","·","Kat","Yüksek Giriş","İzmir / Karşıyaka / Örnekköy Mah.","https://www.hepsiemlak.com/_nuxt/8cafc93fb5c74c75e9e04e528e02ccdf.jpg","Özler Emlak","WhatsApp","https://www.hepsiemlak.com/_nuxt/8cafc93fb5c74c75e9e04e528e02ccdf.jpg"
"https://www.hepsiemlak.com/izmir-bornova-kazimdirik-kiralik/daire/139122-136","1 / 32","36.000","27/08/2026","Valora'dan Folkart Life Balkonlu Eşyalı 1+0 Kiralık Daire","Kiralık Daire","Stüdyo","37 m²","6 Yaşında","·","Kat","4. Kat","İzmir / Bornova / Kazımdirik Mah.","https://www.hepsiemlak.com/_nuxt/8cafc93fb5c74c75e9e04e528e02ccdf.jpg","Valora Gayrimenkul","WhatsApp",""
"https://www.hepsiemlak.com/izmir-konak-alsancak-kiralik/daire/132940-727","1 / 51","30.000","27/08/2026","Alsancak İskelesi Sokağı 2. Kordonda 3+1 Kiralık Daire","Kiralık Daire","3 + 1","120 m²","35 Yaşında","·","Kat","4. Kat","İzmir / Konak / Alsancak Mah.","https://www.hepsiemlak.com/_nuxt/8cafc93fb5c74c75e9e04e528e02ccdf.jpg","Sonay Gayrimenkul Yatırım LTD. ŞTİ.","WhatsApp","https://www.hepsiemlak.com/_nuxt/8cafc93fb5c74c75e9e04e528e02ccdf.jpg"
"https://www.hepsiemlak.com/izmir-balcova-cetin-emec-kiralik/daire/0-47259145","1 / 6","30.000","07/09/2026","Balçovada Öğrenciye Kiralık Daire","Kiralık Daire","2 + 1","120 m²","22 Yaşında","·","Kat","Ara Kat","İzmir / Balçova / Çetin Emeç Mah.","https://www.hepsiemlak.com/_nuxt/8cafc93fb5c74c75e9e04e528e02ccdf.jpg","","WhatsApp",""
"https://www.hepsiemlak.com/izmir-cesme-reisdere-kiralik/daire/130363-583","1 / 14","50.000","22/08/2026","Reisdere'de Yıllık Kiralık 2+1 Eşyalı Daire","Kiralık Daire","2 + 1","75 m²","5 Yaşında","·","Kat","2. Kat","İzmir / Çeşme / Reisdere Mah.","https://www.hepsiemlak.com/_nuxt/8cafc93fb5c74c75e9e04e528e02ccdf.jpg","","WhatsApp",""
"https://www.hepsiemlak.com/izmir-buca-kurucesme-kiralik/daire/158870-92","1 / 6","23.000","31/08/2026","Tınaztepe Kampüs Ve Hastane Yakını Eşyalı Kiralık 1+1","Kiralık Daire","1 + 1","75 m²","5 Yaşında","·","Kat","3. Kat","İzmir / Buca / Kuruçeşme Mah.","https://www.hepsiemlak.com/_nuxt/8cafc93fb5c74c75e9e04e528e02ccdf.jpg","Nuvem Gayrimenkul","WhatsApp","https://www.hepsiemlak.com/_nuxt/8cafc93fb5c74c75e9e04e528e02ccdf.jpg"
"https://www.hepsiemlak.com/izmir-cigli-evka-6-kiralik/daire/171529-6","1 / 12","16.000","08/09/2026","Evka6'da Bahçe Katı, Eşyalı 1+1 Kiralık Daire","Kiralık Daire","1 + 1","55 m²","24 Yaşında","·","Kat","Bahçe Katı","İzmir / Çiğli / Evka - 6 Mah.","https://www.hepsiemlak.com/_nuxt/8cafc93fb5c74c75e9e04e528e02ccdf.jpg","","WhatsApp",""
"https://www.hepsiemlak.com/izmir-bornova-kazimdirik-kiralik/daire/63779-327","1 / 28","34.500","02/09/2026","Bornova Küçükparkta 3+1 Bakımlı","Kiralık Daire","3 + 1","115 m²","32 Yaşında","·","Kat","6. Kat","İzmir / Bornova / Kazımdirik Mah.","https://www.hepsiemlak.com/_nuxt/8cafc93fb5c74c75e9e04e528e02ccdf.jpg","","WhatsApp",""
"https://www.hepsiemlak.com/izmir-cigli-ataturk-kiralik/daire/168864-2","1 / 12","18.000","03/09/2026","Evka-5 Toki 'de Kiralık 2+1daire","Kiralık Daire","2 + 1","90 m²","15 Yaşında","·","Kat","3. Kat","İzmir / Çiğli / Atatürk Mah.","https://www.hepsiemlak.com/_nuxt/8cafc93fb5c74c75e9e04e528e02ccdf.jpg","","WhatsApp",""
"https://www.hepsiemlak.com/izmir-karsiyaka-donanmaci-kiralik/daire/2183-1315","1 / 28","27.000","31/08/2026","İzmir Karşıyaka Çarşı İçi Kiralık Daire","Kiralık Daire","2 + 1","110 m²","35 Yaşında","·","Kat","2. Kat","İzmir / Karşıyaka / Donanmacı Mah.","https://www.hepsiemlak.com/_nuxt/8cafc93fb5c74c75e9e04e528e02ccdf.jpg","","WhatsApp",""
"https://www.hepsiemlak.com/izmir-karabaglar-uckuyular-kiralik/daire/80445-167","1 / 28","35.000","10/09/2026","Eşyalı İzmir Üçkuyular Demokrasi Üniversitesi Yakını İnönü Caddesi Üstü","Kiralık Daire","3 + 1","110 m²","35 Yaşında","·","Kat","1. Kat","İzmir / Karabağlar / Üçkuyular Mah.","https://www.hepsiemlak.com/_nuxt/8cafc93fb5c74c75e9e04e528e02ccdf.jpg","Ankara Emlak İzmir","WhatsApp",""
"https://www.hepsiemlak.com/izmir-cigli-atasehir-kiralik/daire/1239-4824","1 / 11","42.000","25/08/2026","Ataşehir Kiralık Modern-3'de 1+1 Stüdyo Daire.","Kiralık Daire","1 + 1","59 m²","6 Yaşında","·","Kat","4. Kat","İzmir / Çiğli / Ataşehir Mah.","https://www.hepsiemlak.com/_nuxt/8cafc93fb5c74c75e9e04e528e02ccdf.jpg","Vision Gayrimenkul","WhatsApp","https://www.hepsiemlak.com/_nuxt/8cafc93fb5c74c75e9e04e528e02ccdf.jpg"
"https://www.hepsiemlak.com/izmir-torbali-ayrancilar-kiralik/daire/117111-86","1 / 20","17.000","08/09/2026","Ayrancılar Barış Manço Cad 1+1 Kiralık Daire","Kiralık Daire","1 + 1","55 m²","Sıfır Bina","·","Kat","2. Kat","İzmir / Torbalı / Ayrancılar Mah.","https://www.hepsiemlak.com/_nuxt/8cafc93fb5c74c75e9e04e528e02ccdf.jpg","","WhatsApp",""
"https://www.hepsiemlak.com/izmir-buca-yaylacik-kiralik/daire/104396-898","1 / 18","20.000","08/09/2026","Buca Heykel Meydana 100 Metre Mesafede Eşyasız Kiralık 1+1 Daire","Kiralık Daire","1 + 1","50 m²","5 Yaşında","·","Kat","3. Kat","İzmir / Buca / Yaylacık Mah.","https://www.hepsiemlak.com/_nuxt/8cafc93fb5c74c75e9e04e528e02ccdf.jpg","Atölye Gayrimenkul","WhatsApp","https://www.hepsiemlak.com/_nuxt/8cafc93fb5c74c75e9e04e528e02ccdf.jpg"
"https://www.hepsiemlak.com/izmir-buca-camlikule-kiralik/residence/105193-170","1 / 19","25.000","08/09/2026","Çamlıkule Metro Karşısı Sıfır 1+1 Daire Ful Eşyalı","Kiralık Residence","1 + 1","52 m²","Sıfır Bina","·","Kat","6. Kat","İzmir / Buca / Çamlıkule Mah.","https://www.hepsiemlak.com/_nuxt/8cafc93fb5c74c75e9e04e528e02ccdf.jpg","Bucakoop Boranem Gayrimenkul","WhatsApp","https://www.hepsiemlak.com/_nuxt/8cafc93fb5c74c75e9e04e528e02ccdf.jpg"
"https://www.hepsiemlak.com/izmir-buca-kozagac-kiralik/daire/160390-186","1 / 31","16.000","05/09/2026","Laçinden Buca Kozağaç Mahallesi'nde 2+1 Kapalı Mutfak Daire","Kiralık Daire","2 + 1","100 m²","6 Yaşında","·","Kat","Bahçe Katı","İzmir / Buca / Kozağaç Mah.","https://www.hepsiemlak.com/_nuxt/8cafc93fb5c74c75e9e04e528e02ccdf.jpg","Laçın Gayrimenkul Ve Emlak Danışmanlığı","WhatsApp","https://www.hepsiemlak.com/_nuxt/8cafc93fb5c74c75e9e04e528e02ccdf.jpg"
"https://www.hepsiemlak.com/izmir-karabaglar-esenyali-kiralik/daire/7516-4277","1 / 31","28.000","03/09/2026","Esenyalı Mah. Doğalgazlı Bahçe Dubleksi Otoparklı","Kiralık Daire","2 + 1","120 m²","31 Yaşında","·","Kat","Yüksek Giriş","İzmir / Karabağlar / Esenyalı Mah.","https://www.hepsiemlak.com/_nuxt/8cafc93fb5c74c75e9e04e528e02ccdf.jpg","Anahtar Emlak","WhatsApp","https://www.hepsiemlak.com/_nuxt/8cafc93fb5c74c75e9e04e528e02ccdf.jpg"
"https://www.hepsiemlak.com/izmir-bayrakli-gumuspala-kiralik/daire/91927-661","1 / 40","18.500","03/09/2026","Bayraklı Gümüşpala Kiralık Daire","Kiralık Daire","2 + 1","95 m²","31 Yaşında","·","Kat","3. Kat","İzmir / Bayraklı / Gümüşpala Mah.","https://www.hepsiemlak.com/_nuxt/8cafc93fb5c74c75e9e04e528e02ccdf.jpg","","WhatsApp",""
"https://www.hepsiemlak.com/izmir-balcova-egitim-kiralik/daire/130639-316","1 / 46","55.000","03/09/2026","Fb Gayrimenkul'den Geniş 3+1 Ebeveyn Banyolu Kiralık Daire","Kiralık Daire","3 + 1","150 m²","6 Yaşında","·","Kat","2. Kat","İzmir / Balçova / Eğitim Mah.","https://hecdnnw.hemlak.com/mncropresize/77/67/logo/9/3/6/0/3/1/34060afc-e7a9-46a1-8cd7-508cf551228a.jpg","Feyza Baklacı Gayrimenkul Danışmanlığı","WhatsApp",""
"https://www.hepsiemlak.com/izmir-buca-yaylacik-kiralik/daire/155417-338","1 / 24","30.000","02/09/2026","Işıl Işıl Ve Masrafsız! Taşınmaya Hazır, Full Eşyalı Kiralık 2+1","Kiralık Daire","2 + 1","70 m²","6 Yaşında","·","Kat","1. Kat","İzmir / Buca / Yaylacık Mah.","https://hecdnnw.hemlak.com/mncropresize/77/67/logo/7/1/4/5/5/1/7a0041db-2ee7-4a68-808b-73336fcf9391.jpg","Good İnvest Akın Gayrimenkul","WhatsApp",""
"https://www.hepsiemlak.com/izmir-karabaglar-karabaglar-kiralik/daire/146515-888","1 / 24","20.000","07/09/2026","Karabağlar Bel. Yeşillik Cad. Yakını 2+1 Kiralık Kombili Daire","Kiralık Daire","2 + 1","100 m²","26 Yaşında","·","Kat","2. Kat","İzmir / Karabağlar / Karabağlar Mah.","","","WhatsApp",""
"https://www.hepsiemlak.com/izmir-cesme-sehit-mehmet-kiralik/mustakil-ev/164442-93","1 / 17","26.000","01/09/2026","Çeşme Pırlanta Plajı' Nda Kiralık 1+1 Müstakil Ev","Kiralık Müstakil Ev","1 + 1","80 m²","31 Yaşında","","","","İzmir / Çeşme / Şehit Mehmet Mah.","https://hecdn01.hemlak.com/mncropresize/182/137/ds01/7/8/3/8/2/2/7/4/79137f5d-a400-49e3-a884-44edd557b1e4.jpg","Smyrna Team Kw","WhatsApp","https://hecdnnw.hemlak.com/mncropresize/77/67/logo/2/4/4/4/6/1/9a2db10f-48b0-43b6-a8fd-6fd593960b36.jpg"
"https://www.hepsiemlak.com/izmir-karabaglar-tahsin-yazici-kiralik/daire/6949-3263","1 / 54","30.000","09/09/2026","Yeşilyurt Otobüs Son Durağı Yakını,3+1,Bakımlı,Kiralık Daire.","Kiralık Daire","3 + 1","126 m²","31 Yaşında","·","Kat","4. Kat","İzmir / Karabağlar / Tahsin Yazıcı Mah.","https://www.hepsiemlak.com/_nuxt/8cafc93fb5c74c75e9e04e528e02ccdf.jpg","Altın Anahtar Emlak-1","WhatsApp",""
"https://www.hepsiemlak.com/izmir-karsiyaka-goncalar-kiralik/daire/171327-4","1 / 60","33.000","31/08/2026","Nergiz İzban Yak.&kiralık&3+1&130 M2&kombili&bakımlı Daire","Kiralık Daire","3 + 1","145 m²","26 Yaşında","·","Kat","3. Kat","İzmir / Karşıyaka / Goncalar Mah.","https://www.hepsiemlak.com/_nuxt/8cafc93fb5c74c75e9e04e528e02ccdf.jpg","Yeknur Gayrimenkul","WhatsApp",""
"https://www.hepsiemlak.com/izmir-karsiyaka-bahcelievler-kiralik/daire/161202-417","1 / 25","25.000","29/08/2026","Karşıyaka Bahçelievler'de Tadilatlı, Önü Açık 3+1 Kiralık Daire","Kiralık Daire","3 + 1","110 m²","26 Yaşında","·","Kat","4. Kat","İzmir / Karşıyaka / Bahçelievler Mah.","https://www.hepsiemlak.com/_nuxt/8cafc93fb5c74c75e9e04e528e02ccdf.jpg","Turpa Girne Gold Gayrimenkul","WhatsApp","https://www.hepsiemlak.com/_nuxt/8cafc93fb5c74c75e9e04e528e02ccdf.jpg"
"https://www.hepsiemlak.com/izmir-konak-cinartepe-kiralik/daire/167776-28","1 / 20","15.000","28/08/2026","Çınartepe Mahallesinde 2+1 Kapalı Mutfak Daire","Kiralık Daire","2 + 1","90 m²","16 Yaşında","·","Kat","1. Kat","İzmir / Konak / Çınartepe Mah.","https://www.hepsiemlak.com/_nuxt/8cafc93fb5c74c75e9e04e528e02ccdf.jpg","Zenka Gayrimenkul Ve Yatırım","WhatsApp",""
"https://www.hepsiemlak.com/izmir-buca-adatepe-kiralik/daire/167410-12","1 / 16","24.500","08/09/2026","Buca Hasanağa,İbf Yakını Asansörlü,1+1 Kiralık Daire","Kiralık Daire","1 + 1","45 m²","11 Yaşında","·","Kat","4. Kat","İzmir / Buca / Adatepe Mah.","https://www.hepsiemlak.com/_nuxt/8cafc93fb5c74c75e9e04e528e02ccdf.jpg","Bulur Gayrimenkul","WhatsApp","https://www.hepsiemlak.com/_nuxt/8cafc93fb5c74c75e9e04e528e02ccdf.jpg"
"https://www.hepsiemlak.com/izmir-torbali-torbali-kiralik/daire/154461-335","1 / 15","28.000","26/08/2026","Torbalı İzbana 1 Dk 3+1 Kiralık","Kiralık Daire","3 + 1","140 m²","6 Yaşında","·","Kat","3. Kat","İzmir / Torbalı / Torbalı Mah.","https://www.hepsiemlak.com/_nuxt/8cafc93fb5c74c75e9e04e528e02ccdf.jpg","Turkuaz Emlak","WhatsApp","https://www.hepsiemlak.com/_nuxt/8cafc93fb5c74c75e9e04e528e02ccdf.jpg"
"https://www.hepsiemlak.com/izmir-menderes-cuneytbey-kiralik/daire/129073-628","1 / 38","30.000","07/09/2026","Cüneytbey Mah. Merkezi Konum - Aydınlık, Geniş 2+1 Kiralık Daire","Kiralık Daire","2 + 1","90 m²","4 Yaşında","·","Kat","2. Kat","İzmir / Menderes / Cüneytbey Mah.","https://www.hepsiemlak.com/_nuxt/8cafc93fb5c74c75e9e04e528e02ccdf.jpg","Turpa Sönmez","WhatsApp","https://www.hepsiemlak.com/_nuxt/8cafc93fb5c74c75e9e04e528e02ccdf.jpg"
"https://www.hepsiemlak.com/izmir-tire-fatih-kiralik/daire/162188-79","1 / 20","29.000","26/08/2026","Dilek Emlak'tan Kiralık Geniş 3+1","Kiralık Daire","3 + 1","140 m²","15 Yaşında","·","Kat","En Üst Kat","İzmir / Tire / Fatih Mah.","https://www.hepsiemlak.com/_nuxt/8cafc93fb5c74c75e9e04e528e02ccdf.jpg","Dilek Emlak Gayrimenkul Danışmanlığı","WhatsApp","https://www.hepsiemlak.com/_nuxt/8cafc93fb5c74c75e9e04e528e02ccdf.jpg"
"https://www.hepsiemlak.com/izmir-buca-goksu-kiralik/daire/149571-218","1 / 28","25.000","28/08/2026","Buca Göksuda Kiralık Doğalgazlı 3+1 Yüksekgiriş Daire","Kiralık Daire","3 + 1","110 m²","2 Yaşında","·","Kat","Yüksek Giriş","İzmir / Buca / Göksu Mah.","https://www.hepsiemlak.com/_nuxt/8cafc93fb5c74c75e9e04e528e02ccdf.jpg","Yüksel Emlak İnşaat","WhatsApp","https://www.hepsiemlak.com/_nuxt/8cafc93fb5c74c75e9e04e528e02ccdf.jpg"
"https://www.hepsiemlak.com/izmir-karsiyaka-yali-kiralik/daire/142932-430","1 / 34","30.000","09/09/2026","Karşıyaka Yalı Mahallesinde Arakat Kiralık 3+1 Daire","Kiralık Daire","3 + 1","130 m²","26 Yaşında","·","Kat","3. Kat","İzmir / Karşıyaka / Yalı Mah.","https://www.hepsiemlak.com/_nuxt/8cafc93fb5c74c75e9e04e528e02ccdf.jpg","Uygar Gayrimenkul","WhatsApp","https://www.hepsiemlak.com/_nuxt/8cafc93fb5c74c75e9e04e528e02ccdf.jpg"
"https://www.hepsiemlak.com/izmir-menderes-barbaros-kiralik/daire/68322-533","1 / 53","37.000","08/09/2026","Bal Gayrimenkulden Barbarosta Asansörlü Site İçinde 3+1 Daire","Kiralık Daire","3 + 1","130 m²","11 Yaşında","·","Kat","4. Kat","İzmir / Menderes / Barbaros Mah.","https://www.hepsiemlak.com/_nuxt/8cafc93fb5c74c75e9e04e528e02ccdf.jpg","Bal Gayrimenkul & İnşaat","WhatsApp","https://www.hepsiemlak.com/_nuxt/8cafc93fb5c74c75e9e04e528e02ccdf.jpg"
"https://www.hepsiemlak.com/izmir-karabaglar-bozyaka-kiralik/daire/151867-381","1 / 30","25.000","21/08/2026","Demetten Cadde Üstü 2+1 Açık Mutfak Kiralık Daire","Kiralık Daire","2 + 1","65 m²","11 Yaşında","·","Kat","2. Kat","İzmir / Karabağlar / Bozyaka Mah.","https://www.hepsiemlak.com/_nuxt/8cafc93fb5c74c75e9e04e528e02ccdf.jpg","","WhatsApp",""
"https://www.hepsiemlak.com/izmir-karabaglar-basin-sitesi-kiralik/daire/83651-2100","1 / 35","30.000","20/08/2026","Yeşilyurt Hastane Karşısında Arakat 3+1 Doğalgazlı Kiralık Daire","Kiralık Daire","3 + 1","130 m²","31 Yaşında","·","Kat","4. Kat","İzmir / Karabağlar / Basın Sitesi Mah.","https://www.hepsiemlak.com/_nuxt/8cafc93fb5c74c75e9e04e528e02ccdf.jpg","Almira Emlak","WhatsApp","https://www.hepsiemlak.com/_nuxt/8cafc93fb5c74c75e9e04e528e02ccdf.jpg"
"https://www.hepsiemlak.com/izmir-konak-piri-reis-kiralik/daire/171115-13","1 / 19","29.000","05/09/2026","Turka │ Piri Reis'te Caddeye Metroya Pazara Yakın Önü Açık Doğalgazlı Arakat 3+1","Kiralık Daire","3 + 1","95 m²","40 Yaşında","·","Kat","3. Kat","İzmir / Konak / Piri Reis Mah.","https://www.hepsiemlak.com/_nuxt/8cafc93fb5c74c75e9e04e528e02ccdf.jpg","","WhatsApp",""
"https://www.hepsiemlak.com/izmir-cesme-ismet-inonu-kiralik/daire/167990-26","1 / 35","52.000","03/09/2026","Çeşme Merkezde 80 M2 2+1 Lüks Eşyalı Çift Klimalı Çift Balkonlu","Kiralık Daire","2 + 1","88 m²","6 Yaşında","·","Kat","2. Kat","İzmir / Çeşme / İsmet İnönü Mah.","https://www.hepsiemlak.com/_nuxt/8cafc93fb5c74c75e9e04e528e02ccdf.jpg","","WhatsApp",""
"https://www.hepsiemlak.com/izmir-bornova-yesilova-kiralik/daire/105340-17","1 / 16","21.000","07/09/2026","Yeşilovada Kiralık 2+1","Kiralık Daire","2 + 1","100 m²","31 Yaşında","·","Kat","2. Kat","İzmir / Bornova / Yeşilova Mah.","https://www.hepsiemlak.com/_nuxt/8cafc93fb5c74c75e9e04e528e02ccdf.jpg","","WhatsApp",""
"https://www.hepsiemlak.com/izmir-karabaglar-vatan-kiralik/daire/30758-3143","1 / 35","35.000","17/08/2026","Çift Cephesi Açık, Köşe Konumlu Ferah Ve Kullanışlı Daire..","Kiralık Daire","2 + 1","135 m²","28 Yaşında","·","Kat","4. Kat","İzmir / Karabağlar / Vatan Mah.","https://www.hepsiemlak.com/_nuxt/8cafc93fb5c74c75e9e04e528e02ccdf.jpg","Yatırım Emlak","WhatsApp",""
"https://www.hepsiemlak.com/izmir-konak-mithatpasa-kiralik/daire/74289-139","1 / 33","32.000","25/08/2026","Halilrifatpasa Meydanda Deniz Manzaralı Doğalgazlı Kiralik Daire","Kiralık Daire","3 + 1","160 m²","31 Yaşında","·","Kat","2. Kat","İzmir / Konak / Mithatpaşa Mah.","https://www.hepsiemlak.com/_nuxt/8cafc93fb5c74c75e9e04e528e02ccdf.jpg","","WhatsApp",""
"https://www.hepsiemlak.com/izmir-menemen-esatpasa-kiralik/daire/45402-79","1 / 15","25.000","17/08/2026","Merkezi Lokasyonda Ulaşıma Yakın Asansörlü Kiralık 2+1 Daire","Kiralık Daire","2 + 1","80 m²","16 Yaşında","·","Kat","2. Kat","İzmir / Menemen / Esatpaşa Mah.","https://www.hepsiemlak.com/_nuxt/8cafc93fb5c74c75e9e04e528e02ccdf.jpg","Onur Emlak Menemen","WhatsApp",""
"https://www.hepsiemlak.com/izmir-konak-murat-reis-kiralik/daire/136408-664","1 / 34","30.000","10/09/2026","Kumsalım Emlak Dan Hatay Pazaryeri Karşısı Doğalgazlı Daire","Kiralık Daire","3 + 1","120 m²","31 Yaşında","·","Kat","3. Kat","İzmir / Konak / Murat Reis Mah.","https://www.hepsiemlak.com/_nuxt/8cafc93fb5c74c75e9e04e528e02ccdf.jpg","","WhatsApp",""
"https://www.hepsiemlak.com/izmir-menemen-inonu-kiralik/daire/152002-708","1 / 24","21.000","10/09/2026","Tam Donanımlı Kiralık 1+1 Daire, Seyrek, Menemen","Kiralık Daire","1 + 1","50 m²","1 Yaşında","·","Kat","3. Kat","İzmir / Menemen / İnönü Mah.","https://hecdnnw.hemlak.com/mncropresize/77/67/logo/2/0/0/2/5/1/dfcf1f9b-2798-451a-b54f-026bc64b090f.jpg","Startkey Astra","WhatsApp","https://www.hepsiemlak.com/_nuxt/img/no-image-user.6f6a83e.svg"
"https://www.hepsiemlak.com/izmir-buca-kurucesme-kiralik/daire/148313-206","1 / 22","18.000","08/09/2026","Kyk Kız Yurdu Karşısı Sıfır Eşyalı Balkonlu","Kiralık Daire","1 + 1","60 m²","5 Yaşında","·","Kat","2. Kat","İzmir / Buca / Kuruçeşme Mah.","https://hecdnnw.hemlak.com/mncropresize/77/67/logo/3/1/3/8/4/1/32579476-56b3-412d-b0f0-2c7dabdc5606.jpg","Reyna Gayrimenkul","WhatsApp",""
"https://www.hepsiemlak.com/izmir-cigli-sirintepe-kiralik/daire/62049-2150","1 / 35","25.000","25/08/2026","Çiğli Belediyesi Yakını Kiralık 2+1 Yeni Daire","Kiralık Daire","2 + 1","85 m²","6 Yaşında","·","Kat","2. Kat","İzmir / Çiğli / Şirintepe Mah.","","","WhatsApp",""
"https://www.hepsiemlak.com/izmir-karsiyaka-bahariye-kiralik/daire/151964-46","1 / 16","31.000","09/09/2026","3+1 Kiralık Daire Karşıyaka Alaybey İzbana 1 Dk. Yürüme Mesafesi","Kiralık Daire","3 + 1","120 m²","21 Yaşında","·","Kat","3. Kat","İzmir / Karşıyaka / Bahariye Mah.","https://hecdn01.hemlak.com/mncropresize/182/137/ds01/8/6/1/7/7/9/6/4/b2e6a839-c47f-4d5e-affb-619322b1aba7.jpg","Turpa Mergen Bornova","WhatsApp",""
"https://www.hepsiemlak.com/izmir-cigli-ataturk-kiralik/daire/150679-161","1 / 20","27.500","08/09/2026","Atatürk Mahallesinde Eşyalı Kiralık 3+1","Kiralık Daire","3 + 1","125 m²","21 Yaşında","·","Kat","4. Kat","İzmir / Çiğli / Atatürk Mah.","https://www.hepsiemlak.com/_nuxt/8cafc93fb5c74c75e9e04e528e02ccdf.jpg","","WhatsApp",""
"https://www.hepsiemlak.com/izmir-karabaglar-uckuyular-kiralik/daire/5698-1132","1 / 32","35.000","07/09/2026","Üçkuyular Üniversite Yanı G.Akselde 3+1 D.Gazlı 3.Arakat Konut","Kiralık Daire","3 + 1","135 m²","31 Yaşında","·","Kat","3. Kat","İzmir / Karabağlar / Üçkuyular Mah.","https://www.hepsiemlak.com/_nuxt/8cafc93fb5c74c75e9e04e528e02ccdf.jpg","Ümit Emlak","WhatsApp","https://www.hepsiemlak.com/_nuxt/8cafc93fb5c74c75e9e04e528e02ccdf.jpg"
"https://www.hepsiemlak.com/izmir-cesme-alacati-kiralik/villa/144448-488","1 / 60","1.050.000","24/08/2026","Alaçatı'da Eşyalı Yıllık Kiralık Villa (havuzlu Butik Site)","Kiralık Villa","3 + 1","130 m²","3 Yaşında","·","Kat","","İzmir / Çeşme / Alaçatı Mah.","https://www.hepsiemlak.com/_nuxt/8cafc93fb5c74c75e9e04e528e02ccdf.jpg","Turyap Kemalpaşa Temsilciliği","WhatsApp","https://www.hepsiemlak.com/_nuxt/8cafc93fb5c74c75e9e04e528e02ccdf.jpg"
"https://www.hepsiemlak.com/izmir-buca-laleli-kiralik/daire/151963-57","1 / 27","27.000","22/08/2026","Buca Lalelide Uçan Yola Yakın 3+1 Geniş Doğalgazlı Kiralık Daire","Kiralık Daire","3 + 1","140 m²","11 Yaşında","·","Kat","3. Kat","İzmir / Buca / Laleli Mah.","https://www.hepsiemlak.com/_nuxt/8cafc93fb5c74c75e9e04e528e02ccdf.jpg","Ay&na Gayrimenkul Danışmanlığı","WhatsApp","https://www.hepsiemlak.com/_nuxt/8cafc93fb5c74c75e9e04e528e02ccdf.jpg"
"https://www.hepsiemlak.com/izmir-konak-barbaros-kiralik/daire/144696-414","1 / 32","23.000","22/08/2026","Barbaros'dametroya Yürüme Mesafesi Deniz Manzaralı Kiralık 1+1","Kiralık Daire","1 + 1","55 m²","Sıfır Bina","·","Kat","2. Kat","İzmir / Konak / Barbaros Mah.","https://www.hepsiemlak.com/_nuxt/8cafc93fb5c74c75e9e04e528e02ccdf.jpg","Ref Group","WhatsApp","https://www.hepsiemlak.com/_nuxt/8cafc93fb5c74c75e9e04e528e02ccdf.jpg"
"https://www.hepsiemlak.com/izmir-karabaglar-refet-bele-kiralik/daire/162854-286","1 / 25","29.000","04/09/2026","Yeşilyurt Hasan Tahsin Okulu Yakını 2+1 Kiralık Yeni Daire","Kiralık Daire","2 + 1","100 m²","5 Yaşında","·","Kat","2. Kat","İzmir / Karabağlar / Refet Bele Mah.","https://www.hepsiemlak.com/_nuxt/8cafc93fb5c74c75e9e04e528e02ccdf.jpg","Opal Gayrimenkul Karabaglar","WhatsApp","https://www.hepsiemlak.com/_nuxt/8cafc93fb5c74c75e9e04e528e02ccdf.jpg"
"https://www.hepsiemlak.com/izmir-buca-adatepe-kiralik/daire/145638-68","1 / 19","20.000","05/09/2026","Buca Adatepe Mahallesinde Kiralık 2+0 Doğalgazlı Eşyalı Ev","Kiralık Daire","2 + 0","65 m²","6 Yaşında","·","Kat","Bahçe Katı","İzmir / Buca / Adatepe Mah.","https://www.hepsiemlak.com/_nuxt/8cafc93fb5c74c75e9e04e528e02ccdf.jpg","Dsy Gayrimenkul","WhatsApp","https://www.hepsiemlak.com/_nuxt/8cafc93fb5c74c75e9e04e528e02ccdf.jpg"
"https://www.hepsiemlak.com/izmir-karsiyaka-yali-kiralik/daire/62493-1662","1 / 22","38.500","02/09/2026","Mavişehir Soyak Optimus Fulleşyalı Havuz Cephe Kiralık 1+1 Daire","Kiralık Daire","1 + 1","55 m²","11 Yaşında","·","Kat","4. Kat","İzmir / Karşıyaka / Yalı Mah.","https://www.hepsiemlak.com/_nuxt/8cafc93fb5c74c75e9e04e528e02ccdf.jpg","Gamex Gayrimenkul","WhatsApp","https://www.hepsiemlak.com/_nuxt/8cafc93fb5c74c75e9e04e528e02ccdf.jpg"
"https://www.hepsiemlak.com/izmir-cesme-ismet-inonu-kiralik/daire/4993-4140","1 / 13","55.000","25/08/2026","Çeşme Merkez'de Yıllık Kiralık 2+1 140m2 Deniz Manzaralı Eşyalı","Kiralık Daire","2 + 1","160 m²","6 Yaşında","·","Kat","2. Kat","İzmir / Çeşme / İsmet İnönü Mah.","https://www.hepsiemlak.com/_nuxt/8cafc93fb5c74c75e9e04e528e02ccdf.jpg","Çeşme Atilla Emlak","WhatsApp","https://www.hepsiemlak.com/_nuxt/8cafc93fb5c74c75e9e04e528e02ccdf.jpg"
"https://www.hepsiemlak.com/izmir-bornova-ataturk-kiralik/daire/105206-234","1 / 27","28.000","28/08/2026","Bornova Atatürk'te Seyit Şanlı Yakını Kiralık 2+1 Bakımlı Daire","Kiralık Daire","2 + 1","100 m²","11 Yaşında","·","Kat","Yüksek Giriş","İzmir / Bornova / Atatürk Mah.","https://www.hepsiemlak.com/_nuxt/8cafc93fb5c74c75e9e04e528e02ccdf.jpg","","WhatsApp",""
"https://www.hepsiemlak.com/izmir-cesme-musalla-kiralik/daire/25111-974","1 / 10","39.000","21/08/2026","Çeşme Merkezde Eşyalı Kiralık  Yeni 1+1","Kiralık Daire","1 + 1","60 m²","1 Yaşında","·","Kat","Ara Kat","İzmir / Çeşme / Musalla Mah.","https://www.hepsiemlak.com/_nuxt/8cafc93fb5c74c75e9e04e528e02ccdf.jpg","Çeşme Ergun Emlak","WhatsApp","https://www.hepsiemlak.com/_nuxt/8cafc93fb5c74c75e9e04e528e02ccdf.jpg"
"https://www.hepsiemlak.com/izmir-karsiyaka-tersane-kiralik/daire/100363-437","1 / 17","29.000","20/08/2026","Karşıyaka Selçuk Yaşar Ort. Öğrt. Karşısı Kiralık 2+1 Daire","Kiralık Daire","2 + 1","100 m²","31 Yaşında","·","Kat","Yüksek Giriş","İzmir / Karşıyaka / Tersane Mah.","https://www.hepsiemlak.com/_nuxt/8cafc93fb5c74c75e9e04e528e02ccdf.jpg","","WhatsApp",""
"https://www.hepsiemlak.com/izmir-buca-ataturk-kiralik/daire/2772-1167","1 / 11","17.000","05/09/2026","🏠 Topçu Gayrimenkul’den Eşyalı Kiralık Fırsat Daire!","Kiralık Daire","1 + 1","56 m²","10 Yaşında","·","Kat","1. Kat","İzmir / Buca / Atatürk Mah.","https://www.hepsiemlak.com/_nuxt/8cafc93fb5c74c75e9e04e528e02ccdf.jpg","","WhatsApp",""
"https://www.hepsiemlak.com/izmir-urla-gulbahce-kiralik/daire/115022-983","1 / 25","36.000","27/08/2026","Çtn'den Gülbahçe'de Yıllık Kiralamaya Uygun, Kiralık 2+1 Eşyalı Daire","Kiralık Daire","2 + 1","70 m²","10 Yaşında","·","Kat","Villa Katı","İzmir / Urla / Gülbahçe Mah.","https://www.hepsiemlak.com/_nuxt/8cafc93fb5c74c75e9e04e528e02ccdf.jpg","Çtn Gayrimenkul","WhatsApp","https://www.hepsiemlak.com/_nuxt/8cafc93fb5c74c75e9e04e528e02ccdf.jpg"
"https://www.hepsiemlak.com/izmir-buca-ataturk-kiralik/daire/170300-64","1 / 14","18.000","05/09/2026","Elite Gayrimenkulden Atatürk Mah.Kiralık Doğalgazlı 1+1 Daire","Kiralık Daire","1 + 1","55 m²","10 Yaşında","·","Kat","3. Kat","İzmir / Buca / Atatürk Mah.","https://www.hepsiemlak.com/_nuxt/8cafc93fb5c74c75e9e04e528e02ccdf.jpg","Elite Gayrimenkul","WhatsApp","https://www.hepsiemlak.com/_nuxt/8cafc93fb5c74c75e9e04e528e02ccdf.jpg"
"https://www.hepsiemlak.com/izmir-cigli-kucuk-cigli-kiralik/daire/31220-11380","1 / 25","35.000","07/09/2026","Küçük Çiğli, Anadolu Cad. Üstü, Seçkin-4 Resıdence'de, E.Banyolu","Kiralık Daire","3 + 1","100 m²","6 Yaşında","·","Kat","2. Kat","İzmir / Çiğli / Küçük Çiğli Mah.","https://www.hepsiemlak.com/_nuxt/8cafc93fb5c74c75e9e04e528e02ccdf.jpg","Kw Alesta-viya-orsa 1","WhatsApp","https://www.hepsiemlak.com/_nuxt/8cafc93fb5c74c75e9e04e528e02ccdf.jpg"
"https://www.hepsiemlak.com/izmir-bayrakli-mansuroglu-kiralik/daire/24185-470","1 / 19","29.000","05/09/2026","Balıdan Özkanlarda Eşyalı  Kiralık Daire","Kiralık Daire","3 + 1","115 m²","41 Yaşında","·","Kat","6. Kat","İzmir / Bayraklı / Mansuroğlu Mah.","https://www.hepsiemlak.com/_nuxt/8cafc93fb5c74c75e9e04e528e02ccdf.jpg","","WhatsApp",""
"https://www.hepsiemlak.com/izmir-karsiyaka-tersane-kiralik/daire/54684-4678","1 / 32","28.500","25/08/2026","Karşıyaka'da Merkezi Konumda Asansörlü Doğalgazlı Kiralık Daire","Kiralık Daire","3 + 1","115 m²","31 Yaşında","·","Kat","4. Kat","İzmir / Karşıyaka / Tersane Mah.","https://www.hepsiemlak.com/_nuxt/8cafc93fb5c74c75e9e04e528e02ccdf.jpg","Startkey Altunsu","WhatsApp","https://www.hepsiemlak.com/_nuxt/8cafc93fb5c74c75e9e04e528e02ccdf.jpg"
"https://www.hepsiemlak.com/izmir-karsiyaka-zubeyde-hanim-kiralik/daire/26584-3039","1 / 32","24.000","09/09/2026","Karşıyaka Elit Sitesinde Doğalgazlı 2+1 Kiralık Daire Kanıt Emla","Kiralık Daire","2 + 1","100 m²","30 Yaşında","·","Kat","4. Kat","İzmir / Karşıyaka / Zübeyde Hanım Mah.","https://www.hepsiemlak.com/_nuxt/8cafc93fb5c74c75e9e04e528e02ccdf.jpg","Kanıt Emlak","WhatsApp","https://www.hepsiemlak.com/_nuxt/8cafc93fb5c74c75e9e04e528e02ccdf.jpg"
"https://www.hepsiemlak.com/izmir-menemen-gazi-mustafa-kemal-kiralik/daire/60711-1892","1 / 26","22.500","08/09/2026","Seyrek Meydan'da Kiralık 2+1 Daire (70m², Doğalgazlı, Asansörlü)","Kiralık Daire","2 + 1","80 m²","2 Yaşında","·","Kat","2. Kat","İzmir / Menemen / Gazi Mustafa Kemal Mah.","https://www.hepsiemlak.com/_nuxt/8cafc93fb5c74c75e9e04e528e02ccdf.jpg","","WhatsApp",""
"https://www.hepsiemlak.com/izmir-odemis-inonu-kiralik/daire/127927-529","1 / 26","20.000","01/09/2026","Ödemiş Merkezde Eşyalı Kiralık Daire","Kiralık Daire","2 + 1","100 m²","30 Yaşında","·","Kat","Ara Kat","İzmir / Ödemiş / İnönü Mah.","","","WhatsApp",""
"https://www.hepsiemlak.com/izmir-buca-yigitler-kiralik/daire/6425-4712","1 / 12","22.000","28/08/2026","Ata Emlaktan Laleli Mahallesinde 2+0 Doğalgazlı 1. Kat Daire","Kiralık Daire","1 + 1","70 m²","32 Yaşında","·","Kat","1. Kat","İzmir / Buca / Yiğitler Mah.","","","WhatsApp",""
"https://www.hepsiemlak.com/izmir-konak-kahramanlar-kiralik/daire/125390-296","1 / 12","27.000","07/09/2026","Alsancak Kahramanlar Da 3+1 130 M2 Kiralık Daire","Kiralık Daire","3 + 1","140 m²","31 Yaşında","·","Kat","3. Kat","İzmir / Konak / Kahramanlar Mah.","https://hecdnnw.hemlak.com/mncropresize/77/67/logo/0/9/3/5/2/1/f49a67bd-0bac-4d14-9c87-db6ec91f395e.jpg","Defne Emlak","WhatsApp",""
"https://www.hepsiemlak.com/izmir-narlidere-2-inonu-kiralik/daire/98031-958","1 / 14","60.000","21/08/2026","Mysite'den İzmir35de 2+1 Eşyalı Kiralık Daire","Kiralık Daire","2 + 1","70 m²","Sıfır Bina","·","Kat","Giriş Katı","İzmir / Narlıdere / 2. İnönü Mah.","https://hecdn01.hemlak.com/mncropresize/182/137/ds01/7/5/3/9/5/1/7/4/d42722d0-3b5a-494a-b842-1f2e9c3b0aef.jpg","","WhatsApp",""
"https://www.hepsiemlak.com/izmir-karabaglar-esenyali-kiralik/daire/10160-3484","1 / 33","32.000","09/09/2026","Özel Ukeb Okulu Sokağı 108/26 Sk Metro Yakını, Köşe 110 M2","Kiralık Daire","3 + 1","120 m²","31 Yaşında","·","Kat","1. Kat","İzmir / Karabağlar / Esenyalı Mah.","https://www.hepsiemlak.com/_nuxt/8cafc93fb5c74c75e9e04e528e02ccdf.jpg","Güzelyalı Emlak","WhatsApp","https://www.hepsiemlak.com/_nuxt/8cafc93fb5c74c75e9e04e528e02ccdf.jpg"
"https://www.hepsiemlak.com/izmir-buca-ataturk-kiralik/daire/128536-54","1 / 8","18.000","06/09/2026","Buca Atatürk'te Fırsat Kiralık Daire 1+1","Kiralık Daire","1 + 1","45 m²","6 Yaşında","·","Kat","2. Kat","İzmir / Buca / Atatürk Mah.","https://www.hepsiemlak.com/_nuxt/8cafc93fb5c74c75e9e04e528e02ccdf.jpg","Çağan Emlak","WhatsApp","https://www.hepsiemlak.com/_nuxt/8cafc93fb5c74c75e9e04e528e02ccdf.jpg"
"https://www.hepsiemlak.com/izmir-bornova-mevlana-kiralik/daire/151439-192","1 / 11","20.000","08/09/2026","Ege Üniversitesine Yakın Eşyalı Daire","Kiralık Daire","Stüdyo","45 m²","5 Yaşında","·","Kat","2. Kat","İzmir / Bornova / Mevlana Mah.","https://www.hepsiemlak.com/_nuxt/8cafc93fb5c74c75e9e04e528e02ccdf.jpg","Polat Gayrimenkul","WhatsApp","https://www.hepsiemlak.com/_nuxt/8cafc93fb5c74c75e9e04e528e02ccdf.jpg"
"https://www.hepsiemlak.com/izmir-bergama-fatih-kiralik/daire/0-47250849","1 / 5","24.000","05/09/2026","Sahibinden Eşyalı Kiralık Ev","Kiralık Daire","2 + 1","75 m²","7 Yaşında","·","Kat","Ara Kat","İzmir / Bergama / Fatih Mah.","https://www.hepsiemlak.com/_nuxt/8cafc93fb5c74c75e9e04e528e02ccdf.jpg","","WhatsApp",""
"https://www.hepsiemlak.com/izmir-menemen-gazi-mustafa-kemal-kiralik/daire/80923-102","1 / 10","16.000","02/09/2026","Seyrek Merkezde 1+1 Eşyalı Doğalgazlı Kiralık Daire","Kiralık Daire","1 + 1","58 m²","1 Yaşında","·","Kat","2. Kat","İzmir / Menemen / Gazi Mustafa Kemal Mah.","https://www.hepsiemlak.com/_nuxt/8cafc93fb5c74c75e9e04e528e02ccdf.jpg","Özbey Emlak","WhatsApp","https://www.hepsiemlak.com/_nuxt/8cafc93fb5c74c75e9e04e528e02ccdf.jpg"
"https://www.hepsiemlak.com/izmir-karsiyaka-ornekkoy-kiralik/daire/93464-3068","1 / 18","45.000","30/08/2026","Örnekköy De Merkezi Konum Eşyalı Lüks Kiralık 3+1 Dublex Daire","Kiralık Daire","3 + 1","135 m²","6 Yaşında","·","Kat","5. Kat","İzmir / Karşıyaka / Örnekköy Mah.","https://www.hepsiemlak.com/_nuxt/8cafc93fb5c74c75e9e04e528e02ccdf.jpg","","WhatsApp",""
"https://www.hepsiemlak.com/izmir-bornova-ergene-kiralik/daire/7700-541","1 / 18","35.000","17/08/2026","Bornova Merkezde 3+1 Kiralık Daire","Kiralık Daire","3 + 1","120 m²","31 Yaşında","·","Kat","2. Kat","İzmir / Bornova / Ergene Mah.","https://www.hepsiemlak.com/_nuxt/8cafc93fb5c74c75e9e04e528e02ccdf.jpg","Bizim Emlak","WhatsApp","https://www.hepsiemlak.com/_nuxt/8cafc93fb5c74c75e9e04e528e02ccdf.jpg"
"https://www.hepsiemlak.com/izmir-karabaglar-esenyali-kiralik/daire/62166-1434","1 / 23","45.000","24/08/2026","İnönü Caddesi Göztepe Metro Yakını 125 M2 3+1 Bakımlı 6.Kat","Kiralık Daire","3 + 1","125 m²","31 Yaşında","·","Kat","6. Kat","İzmir / Karabağlar / Esenyalı Mah.","https://www.hepsiemlak.com/_nuxt/8cafc93fb5c74c75e9e04e528e02ccdf.jpg","Evin Emlak Emre","WhatsApp","https://www.hepsiemlak.com/_nuxt/8cafc93fb5c74c75e9e04e528e02ccdf.jpg"
"https://www.hepsiemlak.com/izmir-konak-mimar-sinan-kiralik/daire/21865-5282","1 / 23","90.000","01/09/2026","Aktifler'den Alsancak'ta Yeni Lüx 2+1 Yeşil Alan Manz.Lı Konut / İşyeri Olmaya Uygun Ebeveyn Banyolu","Kiralık Daire","2 + 1","100 m²","Sıfır Bina","·","Kat","7. Kat","İzmir / Konak / Mimar Sinan Mah.","https://www.hepsiemlak.com/_nuxt/8cafc93fb5c74c75e9e04e528e02ccdf.jpg","Aktifler Emlak & Real Estates Turkey","WhatsApp","https://www.hepsiemlak.com/_nuxt/8cafc93fb5c74c75e9e04e528e02ccdf.jpg"
"https://www.hepsiemlak.com/izmir-urla-gulbahce-kiralik/daire/125876-3272","1 / 15","50.000","08/09/2026","Gülbahçede Merkezi Konumda İyteye 500 Metre Eşyalı 2+1 Daire","Kiralık Daire","2 + 1","100 m²","3 Yaşında","·","Kat","1. Kat","İzmir / Urla / Gülbahçe Mah.","https://www.hepsiemlak.com/_nuxt/8cafc93fb5c74c75e9e04e528e02ccdf.jpg","Kw Alesta-viya-orsa 4","WhatsApp","https://www.hepsiemlak.com/_nuxt/8cafc93fb5c74c75e9e04e528e02ccdf.jpg"
"https://www.hepsiemlak.com/izmir-odemis-anafartalar-kiralik/daire/127956-656","1 / 15","20.000","17/08/2026","Gökçe Bağçivan Gayrimenkulden Cadde Üzeri Ön Cephe Eşyalı Çatı Katı Daire","Kiralık Daire","2 + 1","100 m²","25 Yaşında","·","Kat","Çatı Katı","İzmir / Ödemiş / Anafartalar Mah.","https://www.hepsiemlak.com/_nuxt/8cafc93fb5c74c75e9e04e528e02ccdf.jpg","","WhatsApp",""
"https://www.hepsiemlak.com/izmir-bayrakli-yamanlar-kiralik/daire/30707-4396","1 / 26","29.000","20/08/2026","Kahandan Bayraklı Yamanlarda 3+1 Teraslı Kiralık Daire","Kiralık Daire","3 + 1","130 m²","28 Yaşında","·","Kat","2. Kat","İzmir / Bayraklı / Yamanlar Mah.","https://www.hepsiemlak.com/_nuxt/8cafc93fb5c74c75e9e04e528e02ccdf.jpg","","WhatsApp",""
"https://www.hepsiemlak.com/izmir-karabaglar-uckuyular-kiralik/daire/13763-3090","1 / 27","31.000","04/09/2026","Üçkuyular'da, Bakımlı, Doğalgazlı 2+1 Kiralık Daire","Kiralık Daire","2 + 1","100 m²","31 Yaşında","·","Kat","1. Kat","İzmir / Karabağlar / Üçkuyular Mah.","https://www.hepsiemlak.com/_nuxt/8cafc93fb5c74c75e9e04e528e02ccdf.jpg","Nazar Emlak","WhatsApp","https://www.hepsiemlak.com/_nuxt/8cafc93fb5c74c75e9e04e528e02ccdf.jpg"
"https://www.hepsiemlak.com/izmir-torbali-ayrancilar-kiralik/daire/79234-312","1 / 27","18.500","02/09/2026","Ayrancılarda Suyunbaşına Yakın Ön Cephe Ara Kat Asansörlü Binada Kiralık Geniş 2+1","Kiralık Daire","2 + 1","105 m²","8 Yaşında","·","Kat","Ara Kat","İzmir / Torbalı / Ayrancılar Mah.","https://www.hepsiemlak.com/_nuxt/8cafc93fb5c74c75e9e04e528e02ccdf.jpg","Özgü Emlak Ofisi","WhatsApp","https://www.hepsiemlak.com/_nuxt/8cafc93fb5c74c75e9e04e528e02ccdf.jpg"
"https://www.hepsiemlak.com/izmir-karaburun-mordogan-kiralik/villa/128297-618","1 / 30","54.000","06/09/2026","Mordoğan Küme Evler'de Deniz Manzaralı Full Eşyalı 4+1","Kiralık Villa","4 + 1","180 m²","6 Yaşında","·","Kat","","İzmir / Karaburun / Mordoğan Mah.","https://www.hepsiemlak.com/_nuxt/8cafc93fb5c74c75e9e04e528e02ccdf.jpg","Coldwell Banker Locate","WhatsApp","https://www.hepsiemlak.com/_nuxt/8cafc93fb5c74c75e9e04e528e02ccdf.jpg"
"https://www.hepsiemlak.com/izmir-bornova-kazimdirik-kiralik/daire/90478-2518","1 / 30","29.500","22/08/2026","Folkart Time Park Cepheli Balkonlu Kiralık Stüdyo Daire","Kiralık Daire","Stüdyo","40 m²","6 Yaşında","·","Kat","4. Kat","İzmir / Bornova / Kazımdirik Mah.","https://www.hepsiemlak.com/_nuxt/8cafc93fb5c74c75e9e04e528e02ccdf.jpg","Startkey Alfa","WhatsApp","https://www.hepsiemlak.com/_nuxt/8cafc93fb5c74c75e9e04e528e02ccdf.jpg"
"https://www.hepsiemlak.com/izmir-karsiyaka-yali-kiralik/daire/70723-7356","1 / 19","53.000","03/09/2026","Mavişehir Albayrak Sitesi 1+1 Kiralık Daire","Kiralık Daire","1 + 1","80 m²","11 Yaşında","·","Kat","4. Kat","İzmir / Karşıyaka / Yalı Mah.","https://www.hepsiemlak.com/_nuxt/8cafc93fb5c74c75e9e04e528e02ccdf.jpg","Coldwell Banker Life","WhatsApp","https://www.hepsiemlak.com/_nuxt/8cafc93fb5c74c75e9e04e528e02ccdf.jpg"
"https://www.hepsiemlak.com/izmir-karabaglar-vatan-kiralik/daire/42880-335","1 / 19","26.000","25/08/2026","Karabağlar Vatan Mahallesi Hastane Yakını Asansörlü Geniş 3+1","Kiralık Daire","3 + 1","125 m²","21 Yaşında","·","Kat","1. Kat","İzmir / Karabağlar / Vatan Mah.","https://www.hepsiemlak.com/_nuxt/8cafc93fb5c74c75e9e04e528e02ccdf.jpg","Yeni Adresin Gayrimenkul","WhatsApp","https://www.hepsiemlak.com/_nuxt/8cafc93fb5c74c75e9e04e528e02ccdf.jpg"
"https://www.hepsiemlak.com/izmir-menderes-ozdere-cumhuriyet-kiralik/daire/86557-2251","1 / 17","28.000","01/09/2026","Özdere Cumhuriyet Mahallesi'nde 3+1 / 12 Ay Kiralık Daire","Kiralık Daire","3 + 1","120 m²","15 Yaşında","·","Kat","2. Kat","İzmir / Menderes / Özdere Cumhuriyet Mah.","https://www.hepsiemlak.com/_nuxt/8cafc93fb5c74c75e9e04e528e02ccdf.jpg","Tahir Emlak","WhatsApp","https://www.hepsiemlak.com/_nuxt/8cafc93fb5c74c75e9e04e528e02ccdf.jpg"
"https://www.hepsiemlak.com/izmir-cesme-16-eylul-kiralik/residence/3756-1110","1 / 17","180.000","27/08/2026","Çeşme'nin En Prestijli Projesinde Müstakil Havuzlu Daire","Kiralık Residence","3 + 1","180 m²","Sıfır Bina","·","Kat","Bahçe Katı","İzmir / Çeşme / 16 Eylül Mah.","https://www.hepsiemlak.com/_nuxt/8cafc93fb5c74c75e9e04e528e02ccdf.jpg","Çeşme Öğretmen Emlak","WhatsApp","https://www.hepsiemlak.com/_nuxt/8cafc93fb5c74c75e9e04e528e02ccdf.jpg"
"https://www.hepsiemlak.com/izmir-bornova-kazimdirik-kiralik/daire/97779-1318","1 / 22","35.000","03/09/2026","Bornova Kazımdirik 3+1 110 M2 Kombili Kiralık Daire","Kiralık Daire","3 + 1","110 m²","31 Yaşında","·","Kat","2. Kat","İzmir / Bornova / Kazımdirik Mah.","","","WhatsApp",""
"https://www.hepsiemlak.com/izmir-menemen-ugur-mumcu-kiralik/daire/77693-2258","1 / 10","18.000","05/09/2026","Menemen Uğur Mumcu Mah 1+1 Sıfır Kiralık Daire","Kiralık Daire","1 + 1","50 m²","Sıfır Bina","·","Kat","Zemin","İzmir / Menemen / Uğur Mumcu Mah.","","","WhatsApp",""
"https://www.hepsiemlak.com/izmir-menemen-29-ekim-kiralik/daire/80628-875","1 / 10","25.000","21/08/2026","Ulukent'in Merkezinde İzban Yakını Açık Mutfak Kiralık Daire","Kiralık Daire","2 + 1","90 m²","2 Yaşında","·","Kat","2. Kat","İzmir / Menemen / 29 Ekim Mah.","","","WhatsApp",""
"https://www.hepsiemlak.com/izmir-menderes-cukuralti-kiralik/yazlik/25025-2395","1 / 10","4.000","06/09/2026","Özdere Çukuraltında 3+1 Dubleks Yazlık Kiralık","Kiralık Yazlık","3 + 0","170 m²","25 Yaşında","·","Kat","1. Kat","İzmir / Menderes / Çukuraltı Mah.","https://hecdn01.hemlak.com/mncropresize/182/137/ds01/7/1/2/4/4/1/7/4/1787044777129-47144217.jpg","Özdere Özcan Emlak","WhatsApp","https://hecdnnw.hemlak.com/mncropresize/77/67/logo/5/2/0/5/2/0/d61ab2e2-1781-47bf-a57f-2dd339e5701f.jpg"
"https://www.hepsiemlak.com/izmir-konak-guzelyali-kiralik/daire/124220-609","1 / 31","38.000","07/09/2026","Kiralık Dubleks Daire Güzelyalı'da ! Şehir Manzaralı, 3 Wc'li","Kiralık Daire","2 + 1","120 m²","30 Yaşında","·","Kat","3. Kat","İzmir / Konak / Güzelyalı Mah.","https://www.hepsiemlak.com/_nuxt/8cafc93fb5c74c75e9e04e528e02ccdf.jpg","","WhatsApp",""
"https://www.hepsiemlak.com/izmir-buca-kozagac-kiralik/daire/111716-1771","1 / 31","38.000","09/09/2026","Çevikbir Meydan Buca Ssk Yaninda 3+1 130 M2 Arakat 3 Balkonlu 3 Cephe Kiralik Lüks Daire","Kiralık Daire","3 + 1","140 m²","15 Yaşında","·","Kat","3. Kat","İzmir / Buca / Kozağaç Mah.","https://www.hepsiemlak.com/_nuxt/8cafc93fb5c74c75e9e04e528e02ccdf.jpg","Buca Boranem Gayrimenkul","WhatsApp","https://www.hepsiemlak.com/_nuxt/8cafc93fb5c74c75e9e04e528e02ccdf.jpg"
"https://www.hepsiemlak.com/izmir-konak-alsancak-kiralik/daire/37033-4109","1 / 14","28.000","09/09/2026","Fırsat Alsancak Kıbrıs Şehitleri Caddesi Yakını Mobilyalı 2+1 Merkezi Konumda Daire","Kiralık Daire","2 + 1","75 m²","27 Yaşında","·","Kat","1. Kat","İzmir / Konak / Alsancak Mah.","https://www.hepsiemlak.com/_nuxt/8cafc93fb5c74c75e9e04e528e02ccdf.jpg","Demet Emlak","WhatsApp","https://www.hepsiemlak.com/_nuxt/8cafc93fb5c74c75e9e04e528e02ccdf.jpg"
"https://www.hepsiemlak.com/izmir-menemen-kasimpasa-kiralik/daire/150394-50","1 / 10","16.500","15/08/2026","Menemen Kasımpaşa Mahallesi'nde 2+1 Kiralık Daire","Kiralık Daire","2 + 1","95 m²","30 Yaşında","·","Kat","2. Kat","İzmir / Menemen / Kasımpaşa Mah.","https://www.hepsiemlak.com/_nuxt/8cafc93fb5c74c75e9e04e528e02ccdf.jpg","","WhatsApp",""
"https://www.hepsiemlak.com/izmir-narlidere-camtepe-kiralik/daire/21671-6601","1 / 29","35.000","02/09/2026","Narlıdere Çamtepe Pazar Yerine Yakın Site İçinde Kiralık Daire","Kiralık Daire","3 + 1","120 m²","33 Yaşında","·","Kat","4. Kat","İzmir / Narlıdere / Çamtepe Mah.","https://www.hepsiemlak.com/_nuxt/8cafc93fb5c74c75e9e04e528e02ccdf.jpg","A24 Site Gayrimenkul Danışmanlığı","WhatsApp","https://www.hepsiemlak.com/_nuxt/8cafc93fb5c74c75e9e04e528e02ccdf.jpg"
"https://www.hepsiemlak.com/izmir-konak-barbaros-kiralik/daire/48008-3324","1 / 29","40.000","10/09/2026","Karataş Deniz Manzaralı Otoparklı, Asansörlü Kiralık Daire","Kiralık Daire","3 + 1","160 m²","32 Yaşında","·","Kat","7. Kat","İzmir / Konak / Barbaros Mah.","https://www.hepsiemlak.com/_nuxt/8cafc93fb5c74c75e9e04e528e02ccdf.jpg","","WhatsApp",""
"https://www.hepsiemlak.com/izmir-torbali-alpkent-kiralik/daire/156492-300","1 / 13","20.500","08/09/2026","Torbalı Da Yeniay Gayrimenkul Den Kiralık Lüks Daire","Kiralık Daire","3 + 1","140 m²","23 Yaşında","·","Kat","3. Kat","İzmir / Torbalı / Alpkent Mah.","https://www.hepsiemlak.com/_nuxt/8cafc93fb5c74c75e9e04e528e02ccdf.jpg","Yeniay Gayrimenkul","WhatsApp","https://www.hepsiemlak.com/_nuxt/8cafc93fb5c74c75e9e04e528e02ccdf.jpg"
"https://www.hepsiemlak.com/izmir-seferihisar-camikebir-kiralik/daire/151333-205","1 / 13","25.000","31/08/2026","3+1 Kapalı Mutfak","Kiralık Daire","3 + 1","130 m²","16 Yaşında","·","Kat","2. Kat","İzmir / Seferihisar / Camikebir Mah.","https://www.hepsiemlak.com/_nuxt/8cafc93fb5c74c75e9e04e528e02ccdf.jpg","Connectturk Halitoğulları Gayrimenkul","WhatsApp","https://www.hepsiemlak.com/_nuxt/8cafc93fb5c74c75e9e04e528e02ccdf.jpg"
"https://www.hepsiemlak.com/izmir-konak-kultur-kiralik/daire/153267-651","1 / 13","59.000","21/08/2026","Alsancakta Kiralık Caddeye Yakın 3+1 Daire","Kiralık Daire","3 + 1","1.300 m²","31 Yaşında","·","Kat","3. Kat","İzmir / Konak / Kültür Mah.","https://www.hepsiemlak.com/_nuxt/8cafc93fb5c74c75e9e04e528e02ccdf.jpg","Exp Realty","WhatsApp","https://www.hepsiemlak.com/_nuxt/8cafc93fb5c74c75e9e04e528e02ccdf.jpg"
"https://www.hepsiemlak.com/izmir-konak-yesiltepe-kiralik/daire/0-47175511","1 / 4","35.000","30/08/2026","Sahibinden, Mobilyalı,Deniz Manzaralı 3+1","Kiralık Daire","3 + 11","110 m²","30 Yaşında","·","Kat","Ara Kat","İzmir / Konak / Yeşiltepe Mah.","https://www.hepsiemlak.com/_nuxt/8cafc93fb5c74c75e9e04e528e02ccdf.jpg","","WhatsApp",""
"https://www.hepsiemlak.com/izmir-konak-mithatpasa-kiralik/daire/92446-788","1 / 16","30.000","08/09/2026","Mithatpaşa Caddesine Yakın Doğalgazlı Otoparklı Daire","Kiralık Daire","3 + 1","100 m²","26 Yaşında","·","Kat","4. Kat","İzmir / Konak / Mithatpaşa Mah.","https://www.hepsiemlak.com/_nuxt/8cafc93fb5c74c75e9e04e528e02ccdf.jpg","","WhatsApp",""
"https://www.hepsiemlak.com/izmir-karabaglar-vatan-kiralik/daire/94513-1835","1 / 30","26.000","06/09/2026","Yeşilyurt Kooperatif Evlerinde Deniz Manzaralı Doğalgazlı 3+1 Kiralık Daire","Kiralık Daire","3 + 1","120 m²","30 Yaşında","·","Kat","3. Kat","İzmir / Karabağlar / Vatan Mah.","https://www.hepsiemlak.com/_nuxt/8cafc93fb5c74c75e9e04e528e02ccdf.jpg","","WhatsApp",""
"https://www.hepsiemlak.com/izmir-cesme-alacati-kiralik/villa/97475-707","1 / 13","1.500.000","08/09/2026","Alaçatı'da Müstakil Havuzlu Bahçeli Yıllık Kiralık 4+2 Villa","Kiralık Villa","4 + 2","170 m²","6 Yaşında","·","Kat","","İzmir / Çeşme / Alaçatı Mah.","https://www.hepsiemlak.com/_nuxt/8cafc93fb5c74c75e9e04e528e02ccdf.jpg","Coldwell Banker Kalem","WhatsApp","https://www.hepsiemlak.com/_nuxt/8cafc93fb5c74c75e9e04e528e02ccdf.jpg"
"https://www.hepsiemlak.com/izmir-menemen-ugur-mumcu-kiralik/daire/61148-2557","1 / 13","22.500","02/09/2026","Menemen Uğur Mumcu Mah'de Hastane Yakını Ara Kat 2+1 Daire","Kiralık Daire","2 + 1","60 m²","4 Yaşında","·","Kat","2. Kat","İzmir / Menemen / Uğur Mumcu Mah.","https://www.hepsiemlak.com/_nuxt/8cafc93fb5c74c75e9e04e528e02ccdf.jpg","Kumsal Gayrimenkul","WhatsApp","https://www.hepsiemlak.com/_nuxt/8cafc93fb5c74c75e9e04e528e02ccdf.jpg"
"https://www.hepsiemlak.com/izmir-cigli-balatcik-kiralik/daire/66940-2204","1 / 13","32.500","07/09/2026","Balatçık İkçü Yakını Kiralık 2+1 Dublex Daire","Kiralık Daire","2 + 1","100 m²","6 Yaşında","·","Kat","3. Kat","İzmir / Çiğli / Balatçık Mah.","https://www.hepsiemlak.com/_nuxt/8cafc93fb5c74c75e9e04e528e02ccdf.jpg","","WhatsApp",""
"https://www.hepsiemlak.com/izmir-cigli-balatcik-kiralik/daire/106987-861","1 / 13","26.000","10/09/2026","İkçü Yakını Full Eşyalı Kombili 1+1  Kiralık Daire","Kiralık Daire","1 + 1","50 m²","4 Yaşında","·","Kat","Ara Kat","İzmir / Çiğli / Balatçık Mah.","https://www.hepsiemlak.com/_nuxt/8cafc93fb5c74c75e9e04e528e02ccdf.jpg","Kamusal Gayrimenkul","WhatsApp","https://www.hepsiemlak.com/_nuxt/8cafc93fb5c74c75e9e04e528e02ccdf.jpg"
"https://www.hepsiemlak.com/izmir-bornova-erzene-kiralik/daire/22103-5607","1 / 13","99.000","01/09/2026","Evka 3 Te 220 M2 4+1 Kiralık Daire","Kiralık Daire","4 + 1","220 m²","15 Yaşında","·","Kat","5. Kat","İzmir / Bornova / Erzene Mah.","https://www.hepsiemlak.com/_nuxt/8cafc93fb5c74c75e9e04e528e02ccdf.jpg","","WhatsApp",""
"https://www.hepsiemlak.com/izmir-balcova-onur-kiralik/daire/164530-56","1 / 12","46.000","01/09/2026","Balçova Metro İstasyonu Yanında Kiralık 3+1 Daire","Kiralık Daire","2 + 1","140 m²","32 Yaşında","·","Kat","Ara Kat","İzmir / Balçova / Onur Mah.","https://www.hepsiemlak.com/_nuxt/8cafc93fb5c74c75e9e04e528e02ccdf.jpg","Tekinalp My İnşaat","WhatsApp","https://www.hepsiemlak.com/_nuxt/8cafc93fb5c74c75e9e04e528e02ccdf.jpg"
"https://www.hepsiemlak.com/izmir-cigli-atasehir-kiralik/daire/95207-957","1 / 20","43.500","08/09/2026","Ataşehir'de Butik Sitede Kiralık Eşyalı Geniş 1+1 Daire","Kiralık Daire","1 + 1","63 m²","Sıfır Bina","·","Kat","3. Kat","İzmir / Çiğli / Ataşehir Mah.","https://www.hepsiemlak.com/_nuxt/8cafc93fb5c74c75e9e04e528e02ccdf.jpg","Startkey City","WhatsApp","https://www.hepsiemlak.com/_nuxt/8cafc93fb5c74c75e9e04e528e02ccdf.jpg"
"https://www.hepsiemlak.com/izmir-karsiyaka-bahriye-ucok-kiralik/daire/72759-3351","1 / 15","35.000","25/08/2026","Mis Gibi 3+1 136m2 4,Kat 2wc+kombi+k.Okdası Yok Klasik Daire","Kiralık Daire","3 + 1","136 m²","31 Yaşında","·","Kat","4. Kat","İzmir / Karşıyaka / Bahriye Üçok Mah.","https://www.hepsiemlak.com/_nuxt/8cafc93fb5c74c75e9e04e528e02ccdf.jpg","","WhatsApp",""
"https://www.hepsiemlak.com/izmir-karabaglar-bahar-kiralik/daire/128178-1086","1 / 15","30.000","09/09/2026","Nurfen'den Hastane Yanı Genç Binada Çift Cepheli Kiralık","Kiralık Daire","3 + 1","115 m²","11 Yaşında","·","Kat","4. Kat","İzmir / Karabağlar / Bahar Mah.","","","WhatsApp",""
"https://www.hepsiemlak.com/izmir-karabaglar-kazim-karabekir-kiralik/daire/60124-1554","1 / 15","36.500","17/08/2026","Yeşilyurt Kazımkarabekir Mah Kiralık 3+1 Daire Asansörlü","Kiralık Daire","3 + 1","138 m²","6 Yaşında","·","Kat","4. Kat","İzmir / Karabağlar / Kazım Karabekir Mah.","https://hecdnnw.hemlak.com/mncropresize/77/67/logo/4/2/1/0/6/0/be6e39d1-29fd-45fc-9310-da491887ed4c.jpg","Baygün Emlak","WhatsApp",""
"https://www.hepsiemlak.com/izmir-karabaglar-arap-hasan-kiralik/daire/124964-2194","1 / 29","30.000","07/09/2026","İzmirspor Metrosuna Yakın 3 + 1 Kiralık Daire","Kiralık Daire","3 + 1","120 m²","31 Yaşında","·","Kat","3. Kat","İzmir / Karabağlar / Arap Hasan Mah.","https://hecdnnw.hemlak.com/mncropresize/77/67/logo/4/6/9/4/2/1/7092a18c-d962-465b-a7a7-8609b7e91bf3.jpg","Azm Emlak","WhatsApp",""
"https://www.hepsiemlak.com/izmir-bornova-ataturk-kiralik/daire/78224-2442","1 / 20","33.000","10/09/2026","Bornova Atatürk Mahallesi'nde Kiralık 3+1 Daire","Kiralık Daire","3 + 1","120 m²","26 Yaşında","·","Kat","Yüksek Giriş","İzmir / Bornova / Atatürk Mah.","https://hecdn01.hemlak.com/mncropresize/182/137/ds01/5/1/6/8/2/8/6/4/28e193ce-f43f-4f07-88af-cb70acdd9891.jpg","Startkey Evka3 Gayrimenkul","WhatsApp","https://hecdnnw.hemlak.com/mncropresize/77/67/logo/4/2/2/8/7/0/1a82fb82-ee77-428c-b084-19acb45ade19.jpg"
"https://www.hepsiemlak.com/izmir-cigli-balatcik-kiralik/daire/57124-653","1 / 10","24.500","05/09/2026","Balatçık'da Kiralık 1+1 Komple Eşyalı Daire","Kiralık Daire","1 + 1","55 m²","5 Yaşında","·","Kat","1. Kat","İzmir / Çiğli / Balatçık Mah.","https://www.hepsiemlak.com/_nuxt/8cafc93fb5c74c75e9e04e528e02ccdf.jpg","Gür Kardeşler Emlak","WhatsApp","https://www.hepsiemlak.com/_nuxt/8cafc93fb5c74c75e9e04e528e02ccdf.jpg"
"https://www.hepsiemlak.com/izmir-karabaglar-refet-bele-kiralik/daire/171435-51","1 / 33","18.000","31/08/2026","Kooperatif Evleri Yakını 1+1 Asansör-Bahçeli-Yeni Bina-Bakımlı","Kiralık Daire","1 + 1","90 m²","5 Yaşında","·","Kat","Yüksek Giriş","İzmir / Karabağlar / Refet Bele Mah.","https://www.hepsiemlak.com/_nuxt/8cafc93fb5c74c75e9e04e528e02ccdf.jpg","Garanti Gayrimenkul","WhatsApp","https://www.hepsiemlak.com/_nuxt/8cafc93fb5c74c75e9e04e528e02ccdf.jpg"
"https://www.hepsiemlak.com/izmir-karsiyaka-bahriye-ucok-kiralik/daire/165005-105","1 / 21","35.000","28/08/2026","Karşıyaka Metroya 50 Metre Yeni Binada Kiralık 2+1","Kiralık Daire","2 + 1","75 m²","5 Yaşında","·","Kat","1. Kat","İzmir / Karşıyaka / Bahriye Üçok Mah.","https://www.hepsiemlak.com/_nuxt/8cafc93fb5c74c75e9e04e528e02ccdf.jpg","Kw Efe Takım","WhatsApp","https://www.hepsiemlak.com/img/loadings/noImage55-55.png"
"https://www.hepsiemlak.com/izmir-menemen-villakent-kiralik/villa/119895-4227","1 / 40","72.000","01/09/2026","Villarima Kaleköy'de Bahçeli,Doğa Manzaralı Dublex Kiralık Villa","Kiralık Villa","3 + 1","145 m²","3 Yaşında","·","Kat","","İzmir / Menemen / Villakent Mah.","https://www.hepsiemlak.com/_nuxt/8cafc93fb5c74c75e9e04e528e02ccdf.jpg","Kw Alesta-viya-orsa 3","WhatsApp","https://www.hepsiemlak.com/_nuxt/8cafc93fb5c74c75e9e04e528e02ccdf.jpg"
"https://www.hepsiemlak.com/izmir-konak-umurbey-kiralik/daire/141959-792","1 / 34","87.000","01/09/2026","Remax Jolly'den Evora'da 3+1 Deniz Manzaralı Kiralık Daire","Kiralık Daire","3 + 1","160 m²","Sıfır Bina","·","Kat","7. Kat","İzmir / Konak / Umurbey Mah.","https://www.hepsiemlak.com/_nuxt/8cafc93fb5c74c75e9e04e528e02ccdf.jpg","Remax Jolly","WhatsApp","https://www.hepsiemlak.com/_nuxt/8cafc93fb5c74c75e9e04e528e02ccdf.jpg"
"https://www.hepsiemlak.com/izmir-selcuk-ataturk-kiralik/daire/167546-88","1 / 21","27.000","24/08/2026","Atatürk Mahallesinde Kirarlık 3+1 Daire","Kiralık Daire","3 + 1","130 m²","30 Yaşında","·","Kat","En Üst Kat","İzmir / Selçuk / Atatürk Mah.","https://www.hepsiemlak.com/_nuxt/8cafc93fb5c74c75e9e04e528e02ccdf.jpg","Nc Selçuk Emlak","WhatsApp","https://www.hepsiemlak.com/_nuxt/8cafc93fb5c74c75e9e04e528e02ccdf.jpg"
"https://www.hepsiemlak.com/izmir-karsiyaka-mavisehir-kiralik/daire/133061-1255","1 / 23","80.000","25/08/2026","Mavişehir Pamukkale 7 Tadilatlı Köşe 4+1 Kiralık","Kiralık Daire","4 + 1","200 m²","26 Yaşında","·","Kat","12. Kat","İzmir / Karşıyaka / Mavişehir Mah.","https://www.hepsiemlak.com/_nuxt/8cafc93fb5c74c75e9e04e528e02ccdf.jpg","Spıca Gayrimenkul","WhatsApp","https://www.hepsiemlak.com/_nuxt/8cafc93fb5c74c75e9e04e528e02ccdf.jpg"
"https://www.hepsiemlak.com/izmir-urla-rustem-kiralik/villa/119979-2755","1 / 60","145.000","06/09/2026","Urla 'da Doğayla İçiçe Çelik Yapı Tek Katlı Villa","Kiralık Villa","3 + 1","240 m²","5 Yaşında","·","Kat","","İzmir / Urla / Rüstem Mah.","https://www.hepsiemlak.com/_nuxt/8cafc93fb5c74c75e9e04e528e02ccdf.jpg","Startkey Puzzle","WhatsApp","https://www.hepsiemlak.com/_nuxt/8cafc93fb5c74c75e9e04e528e02ccdf.jpg"
"https://www.hepsiemlak.com/izmir-karsiyaka-semikler-kiralik/daire/71862-2172","1 / 53","34.000","01/09/2026","Ara Kat_yeni, Bina_kapalı Mutfaklı _asansörlü_d.Gazlı 2+1","Kiralık Daire","2 + 1","90 m²","5 Yaşında","·","Kat","4. Kat","İzmir / Karşıyaka / Şemikler Mah.","https://www.hepsiemlak.com/_nuxt/8cafc93fb5c74c75e9e04e528e02ccdf.jpg","","WhatsApp",""
"https://www.hepsiemlak.com/izmir-karsiyaka-aksoy-kiralik/daire/134354-3427","1 / 21","38.000","22/08/2026","Aksoy’da Sahıle 10 Dakıka Tadılatlı Kıralık 3+1 Daıre","Kiralık Daire","3 + 1","145 m²","30 Yaşında","·","Kat","5. Kat","İzmir / Karşıyaka / Aksoy Mah.","https://www.hepsiemlak.com/_nuxt/8cafc93fb5c74c75e9e04e528e02ccdf.jpg","Remax Target","WhatsApp","https://www.hepsiemlak.com/_nuxt/8cafc93fb5c74c75e9e04e528e02ccdf.jpg"
"https://www.hepsiemlak.com/izmir-cigli-atasehir-kiralik/daire/21024-12017","1 / 43","50.000","31/08/2026","Çiğli Ataşehir'de Merkezi Lokasyonda Kiralık 3+1 Arakat Daire","Kiralık Daire","3 + 1","145 m²","17 Yaşında","·","Kat","3. Kat","İzmir / Çiğli / Ataşehir Mah.","https://www.hepsiemlak.com/_nuxt/8cafc93fb5c74c75e9e04e528e02ccdf.jpg","Turyap Ataşehir Fil","WhatsApp","https://www.hepsiemlak.com/_nuxt/8cafc93fb5c74c75e9e04e528e02ccdf.jpg"
"https://www.hepsiemlak.com/izmir-balcova-egitim-kiralik/daire/142245-576","1 / 35","40.000","09/09/2026","Balçova 18.Noter Arkası Faltay Meydanına Yakın Kiralık 3+1 Daire","Kiralık Daire","3 + 1","146 m²","11 Yaşında","·","Kat","Yüksek Giriş","İzmir / Balçova / Eğitim Mah.","https://www.hepsiemlak.com/_nuxt/8cafc93fb5c74c75e9e04e528e02ccdf.jpg","Kayıkhane Gayrimenkul","WhatsApp","https://www.hepsiemlak.com/_nuxt/8cafc93fb5c74c75e9e04e528e02ccdf.jpg"
"https://www.hepsiemlak.com/izmir-bornova-kazimdirik-kiralik/daire/117461-5145","1 / 51","35.000","15/08/2026","Bornova Kazımdirik'te Ege Üniversitesi Hastanesi Karşısında Kiralık 3+1 Daire","Kiralık Daire","3 + 1","120 m²","35 Yaşında","·","Kat","7. Kat","İzmir / Bornova / Kazımdirik Mah.","https://www.hepsiemlak.com/_nuxt/8cafc93fb5c74c75e9e04e528e02ccdf.jpg","","WhatsApp",""
"https://www.hepsiemlak.com/izmir-karabaglar-bozyaka-kiralik/daire/84343-852","1 / 35","29.000","24/08/2026","Baş-Kaleden Bozyakada Anacadde Yakını D.Gazlı Kiralık 2+1 Daire","Kiralık Daire","2 + 1","90 m²","6 Yaşında","·","Kat","2. Kat","İzmir / Karabağlar / Bozyaka Mah.","https://www.hepsiemlak.com/_nuxt/8cafc93fb5c74c75e9e04e528e02ccdf.jpg","Baş-kale Gayrimenkul Ve Yatırım","WhatsApp","https://www.hepsiemlak.com/_nuxt/8cafc93fb5c74c75e9e04e528e02ccdf.jpg"
"https://www.hepsiemlak.com/izmir-karsiyaka-yali-kiralik/daire/4762-4798","1 / 35","80.000","24/08/2026","Karşıyaka Soyak Mavişehir A Sitesi Hiltown Yanı Kiralık 3+1 Daire","Kiralık Daire","3 + 1","134 m²","19 Yaşında","·","Kat","10. Kat","İzmir / Karşıyaka / Yalı Mah.","https://www.hepsiemlak.com/_nuxt/8cafc93fb5c74c75e9e04e528e02ccdf.jpg","","WhatsApp",""
"https://www.hepsiemlak.com/izmir-menemen-gazi-mustafa-kemal-kiralik/daire/166407-147","1 / 35","24.500","09/09/2026","Seyrek Merkezde Ebeveyn Banyolu Çift Balkonlu 2+1 Kiralık Daire","Kiralık Daire","2 + 1","75 m²","6 Yaşında","·","Kat","2. Kat","İzmir / Menemen / Gazi Mustafa Kemal Mah.","https://www.hepsiemlak.com/_nuxt/8cafc93fb5c74c75e9e04e528e02ccdf.jpg","","WhatsApp",""
"https://www.hepsiemlak.com/izmir-bornova-kazimdirik-kiralik/daire/139122-135","1 / 30","60.000","27/08/2026","Valora'dan Folkart Life Sakin Cephe 2+1 Kdv Li Kiralık Daire","Kiralık Daire","2 + 1","75 m²","6 Yaşında","·","Kat","5. Kat","İzmir / Bornova / Kazımdirik Mah.","https://www.hepsiemlak.com/_nuxt/8cafc93fb5c74c75e9e04e528e02ccdf.jpg","Valora Gayrimenkul","WhatsApp",""
"https://www.hepsiemlak.com/izmir-cigli-sirintepe-kiralik/daire/39051-1794","1 / 60","29.000","27/08/2026","Park Yaşam Atlantis Sitesinde 1+1 Sıfır Eşyalı Kiralık Daire","Kiralık Daire","1 + 1","50 m²","Sıfır Bina","·","Kat","3. Kat","İzmir / Çiğli / Şirintepe Mah.","https://www.hepsiemlak.com/_nuxt/8cafc93fb5c74c75e9e04e528e02ccdf.jpg","Özler Emlak","WhatsApp","https://www.hepsiemlak.com/_nuxt/8cafc93fb5c74c75e9e04e528e02ccdf.jpg"
"https://www.hepsiemlak.com/izmir-karabaglar-bahcelievler-kiralik/daire/25220-870","1 / 27","22.000","09/09/2026","Özpa-370 Sk.Ta Asansörlü Otoparklı  İki Cepheli Arakat 2 + 1","Kiralık Daire","2 + 1","75 m²","5 Yaşında","·","Kat","4. Kat","İzmir / Karabağlar / Bahçelievler Mah.","https://www.hepsiemlak.com/_nuxt/8cafc93fb5c74c75e9e04e528e02ccdf.jpg","","WhatsApp",""
"https://www.hepsiemlak.com/izmir-karaburun-mordogan-kiralik/daire/162760-107","1 / 6","30.000","28/08/2026","İskele'de Yıllık Kiralık Eşyasız 2+1 Balkonlu Ferah Daire","Kiralık Daire","2 + 1","85 m²","6 Yaşında","·","Kat","2. Kat","İzmir / Karaburun / Mordoğan Mah.","https://www.hepsiemlak.com/_nuxt/8cafc93fb5c74c75e9e04e528e02ccdf.jpg","Voga Grup Gayrimenkul","WhatsApp","https://www.hepsiemlak.com/_nuxt/8cafc93fb5c74c75e9e04e528e02ccdf.jpg"
"https://www.hepsiemlak.com/izmir-dikili-salimbey-kiralik/daire/121728-488","1 / 37","26.000","07/09/2026","Salimbey 36 Sokakta Deniz Manzaralı 2+1 Kiralık Daire","Kiralık Daire","2 + 1","78 m²","1 Yaşında","·","Kat","3. Kat","İzmir / Dikili / Salimbey Mah.","","","WhatsApp",""
"https://www.hepsiemlak.com/izmir-seferihisar-colak-ibrahim-bey-kiralik/daire/145867-515","1 / 23","32.500","09/09/2026","Yalçın Gayrimenkulden Ayrı Mutfak Doğalgazlı 3+1","Kiralık Daire","3 + 1","120 m²","6 Yaşında","·","Kat","2. Kat","İzmir / Seferihisar / Çolak İbrahim Bey Mah.","https://hecdnnw.hemlak.com/mncropresize/77/67/logo/7/6/8/5/4/1/744b8900-1ee8-45b1-8b42-990fd5c59ad9.jpg","Yalçın Gayrimenkul","WhatsApp",""
"https://www.hepsiemlak.com/izmir-buca-kurucesme-kiralik/daire/104396-897","1 / 25","22.000","07/09/2026","Tınaztepe Hastane Ve Kampüs Yakını Eşyalı Kiralık 1+1 Daire","Kiralık Daire","1 + 1","60 m²","6 Yaşında","·","Kat","4. Kat","İzmir / Buca / Kuruçeşme Mah.","https://hecdnnw.hemlak.com/mncropresize/77/67/logo/6/9/3/4/0/1/627196ff-dad5-42da-b109-b48a8e1d193d.jpg","Atölye Gayrimenkul","WhatsApp",""
"https://www.hepsiemlak.com/izmir-selcuk-14-mayis-kiralik/daire/132456-1881","1 / 20","22.000","06/09/2026","İzmir Selçuk 14 Mayıs Mahallesi Geniş Kiralık 1+1 Daire","Kiralık Daire","1 + 1","60 m²","5 Yaşında","·","Kat","Giriş Katı","İzmir / Selçuk / 14 Mayıs Mah.","https://hecdn01.hemlak.com/mncropresize/182/137/ds01/2/2/2/6/5/2/7/4/19f49b6a-e55c-4ea0-a170-c68b457e0211.jpg","Armina Group Gayrimenkul Danışmanlığı","WhatsApp","https://hecdnnw.hemlak.com/mncropresize/77/67/logo/6/5/4/2/3/1/44f94578-5275-4a45-99fe-29033830ede2.jpg"
"https://www.hepsiemlak.com/izmir-konak-ismet-pasa-kiralik/daire/160390-185","1 / 19","8.000","06/09/2026","Konak Gürçeşme'de Çok Uyguna Kiralık 2+0 Daire","Kiralık Daire","2 + 1","60 m²","30 Yaşında","·","Kat","Yüksek Giriş","İzmir / Konak / İsmet Paşa Mah.","https://www.hepsiemlak.com/_nuxt/8cafc93fb5c74c75e9e04e528e02ccdf.jpg","Laçın Gayrimenkul Ve Emlak Danışmanlığı","WhatsApp","https://www.hepsiemlak.com/_nuxt/8cafc93fb5c74c75e9e04e528e02ccdf.jpg"
"https://www.hepsiemlak.com/izmir-bayrakli-bayrakli-kiralik/daire/91927-660","1 / 38","25.000","03/09/2026","Bayraklı Sevgi Yolu Yakını Kiralık Daire","Kiralık Daire","3 + 1","110 m²","31 Yaşında","·","Kat","4. Kat","İzmir / Bayraklı / Bayraklı Mah.","https://www.hepsiemlak.com/_nuxt/8cafc93fb5c74c75e9e04e528e02ccdf.jpg","","WhatsApp",""
"https://www.hepsiemlak.com/izmir-karsiyaka-alaybey-kiralik/daire/138721-201","1 / 40","37.000","02/09/2026","Karşıyaka Alaybey'de Sahile Yakın 4+2 Kiralık Dubleks Daire !","Kiralık Daire","4 + 2","165 m²","35 Yaşında","·","Kat","4. Kat","İzmir / Karşıyaka / Alaybey Mah.","https://www.hepsiemlak.com/_nuxt/8cafc93fb5c74c75e9e04e528e02ccdf.jpg","","WhatsApp",""
"https://www.hepsiemlak.com/izmir-bornova-ataturk-kiralik/daire/161202-414","1 / 24","30.000","07/09/2026","Bornova Atatürk Mh. 3+1 Kiralık Daire","Kiralık Daire","3 + 1","135 m²","21 Yaşında","·","Kat","3. Kat","İzmir / Bornova / Atatürk Mah.","https://www.hepsiemlak.com/_nuxt/8cafc93fb5c74c75e9e04e528e02ccdf.jpg","Turpa Girne Gold Gayrimenkul","WhatsApp","https://www.hepsiemlak.com/_nuxt/8cafc93fb5c74c75e9e04e528e02ccdf.jpg"
"https://www.hepsiemlak.com/izmir-torbali-inonu-kiralik/daire/159303-295","1 / 37","34.000","09/09/2026","Ayrancılar'da Cadde Üstü 3+1 Eşyalı Kiralık Daire","Kiralık Daire","3 + 1","140 m²","5 Yaşında","·","Kat","4. Kat","İzmir / Torbalı / İnönü Mah.","https://www.hepsiemlak.com/_nuxt/8cafc93fb5c74c75e9e04e528e02ccdf.jpg","","WhatsApp",""
"https://www.hepsiemlak.com/izmir-torbali-fevzi-cakmak-kiralik/daire/114403-203","1 / 40","18.000","26/08/2026","Azelyadan 2+1 Ayrı Mutfak Yüksek Giriş Kiralık","Kiralık Daire","2 + 1","90 m²","5 Yaşında","·","Kat","Yüksek Giriş","İzmir / Torbalı / Fevzi Çakmak Mah.","https://www.hepsiemlak.com/_nuxt/8cafc93fb5c74c75e9e04e528e02ccdf.jpg","Azelya Emlak","WhatsApp","https://www.hepsiemlak.com/_nuxt/8cafc93fb5c74c75e9e04e528e02ccdf.jpg"
"https://www.hepsiemlak.com/izmir-seferihisar-camikebir-kiralik/daire/166929-150","1 / 20","23.000","25/08/2026","Camikebir Mahallesi’nde 1 + 1 Kiralık Genış Daire","Kiralık Daire","1 + 1","60 m²","3 Yaşında","·","Kat","Ara Kat","İzmir / Seferihisar / Camikebir Mah.","https://www.hepsiemlak.com/_nuxt/8cafc93fb5c74c75e9e04e528e02ccdf.jpg","Duygu Han Gayrimenkul & Danışmanlık","WhatsApp","https://www.hepsiemlak.com/_nuxt/8cafc93fb5c74c75e9e04e528e02ccdf.jpg"
"https://www.hepsiemlak.com/izmir-karabaglar-kazim-karabekir-kiralik/daire/146515-877","1 / 39","25.000","21/08/2026","Manolya Parkı Karşısı 2+1 Kiralık Daire","Kiralık Daire","2 + 1","100 m²","31 Yaşında","·","Kat","1. Kat","İzmir / Karabağlar / Kazım Karabekir Mah.","https://www.hepsiemlak.com/_nuxt/8cafc93fb5c74c75e9e04e528e02ccdf.jpg","Turyap Karabağlar","WhatsApp",""
"https://www.hepsiemlak.com/izmir-karsiyaka-tersane-kiralik/daire/93424-1144","1 / 39","32.000","21/08/2026","Karşıyaka Tersane Mah.3+1 Kiralık Daire","Kiralık Daire","3 + 1","105 m²","32 Yaşında","·","Kat","Ara Kat","İzmir / Karşıyaka / Tersane Mah.","https://www.hepsiemlak.com/_nuxt/8cafc93fb5c74c75e9e04e528e02ccdf.jpg","Turyap Bostanlı Temsilciliği","WhatsApp","https://www.hepsiemlak.com/_nuxt/8cafc93fb5c74c75e9e04e528e02ccdf.jpg"
"https://www.hepsiemlak.com/izmir-cigli-kucuk-cigli-kiralik/daire/43406-697","1 / 31","30.000","24/08/2026","Küçükçiğli De Geniş 2 Banyolu Deniz Manzaralı 3+1 Kiralık Daire","Kiralık Daire","3 + 1","130 m²","15 Yaşında","·","Kat","4. Kat","İzmir / Çiğli / Küçük Çiğli Mah.","https://www.hepsiemlak.com/_nuxt/8cafc93fb5c74c75e9e04e528e02ccdf.jpg","Eray Eroğlu","WhatsApp",""
"https://www.hepsiemlak.com/izmir-cigli-balatcik-kiralik/daire/144072-918","1 / 22","29.000","21/08/2026","Çiğli Balatçık’da Merkezi Konumda 2+1 Net 90m2 Kapalı Mutfaklı Daire","Kiralık Daire","2 + 1","100 m²","14 Yaşında","·","Kat","3. Kat","İzmir / Çiğli / Balatçık Mah.","https://www.hepsiemlak.com/_nuxt/8cafc93fb5c74c75e9e04e528e02ccdf.jpg","Remax Kare","WhatsApp","https://www.hepsiemlak.com/_nuxt/8cafc93fb5c74c75e9e04e528e02ccdf.jpg"
"https://www.hepsiemlak.com/izmir-buca-camlipinar-kiralik/daire/149571-213","1 / 15","20.000","20/08/2026","Buca Çamlıpınarda Kiralık Doğalgazlı 2+1 Yüksekgırış Daire","Kiralık Daire","2 + 1","100 m²","16 Yaşında","·","Kat","Yüksek Giriş","İzmir / Buca / Çamlıpınar Mah.","https://www.hepsiemlak.com/_nuxt/8cafc93fb5c74c75e9e04e528e02ccdf.jpg","Yüksel Emlak İnşaat","WhatsApp","https://www.hepsiemlak.com/_nuxt/8cafc93fb5c74c75e9e04e528e02ccdf.jpg"
"https://www.hepsiemlak.com/izmir-karabaglar-muammer-akar-kiralik/daire/171115-9","1 / 15","75.000","04/09/2026","Turka │ Poligonda Şık Binada Kiralık 4+1 Ara Kat","Kiralık Daire","4 + 1","210 m²","18 Yaşında","·","Kat","4. Kat","İzmir / Karabağlar / Muammer Akar Mah.","https://www.hepsiemlak.com/_nuxt/8cafc93fb5c74c75e9e04e528e02ccdf.jpg","","WhatsApp",""
"https://www.hepsiemlak.com/izmir-karabaglar-arap-hasan-kiralik/daire/83651-2098","1 / 31","44.000","29/08/2026","İnönü Cad. & Metro Yakını 3+1 130 M² Ara Kat Köşe Full Bakımlı","Kiralık Daire","3 + 1","130 m²","26 Yaşında","·","Kat","3. Kat","İzmir / Karabağlar / Arap Hasan Mah.","https://www.hepsiemlak.com/_nuxt/8cafc93fb5c74c75e9e04e528e02ccdf.jpg","Almira Emlak","WhatsApp","https://www.hepsiemlak.com/_nuxt/8cafc93fb5c74c75e9e04e528e02ccdf.jpg"
"https://www.hepsiemlak.com/izmir-cigli-yeni-mahalle-kiralik/daire/130508-204","1 / 23","30.000","24/08/2026","Çiğli Merkez'de 3+1 Kiralık Daire","Kiralık Daire","3 + 1","130 m²","11 Yaşında","·","Kat","1. Kat","İzmir / Çiğli / Yeni Mahalle Mah.","https://www.hepsiemlak.com/_nuxt/8cafc93fb5c74c75e9e04e528e02ccdf.jpg","","WhatsApp",""
"https://www.hepsiemlak.com/izmir-karabaglar-gulyaka-kiralik/daire/151867-380","1 / 29","25.000","21/08/2026","Demetten Gülyaka Sağlık Ocağı Yakını 1+1 Eşyalı Kiralık Daire...","Kiralık Daire","1 + 1","55 m²","11 Yaşında","·","Kat","3. Kat","İzmir / Karabağlar / Gülyaka Mah.","https://www.hepsiemlak.com/_nuxt/8cafc93fb5c74c75e9e04e528e02ccdf.jpg","","WhatsApp",""
"https://www.hepsiemlak.com/izmir-konak-piri-reis-kiralik/daire/30758-3142","1 / 42","25.000","25/08/2026","Eksiksiz Eşyalı Güzel Ve Ferah Daire...","Kiralık Daire","2 + 1","90 m²","33 Yaşında","·","Kat","3. Kat","İzmir / Konak / Piri Reis Mah.","https://www.hepsiemlak.com/_nuxt/8cafc93fb5c74c75e9e04e528e02ccdf.jpg","Yatırım Emlak","WhatsApp",""
"https://www.hepsiemlak.com/izmir-karabaglar-reis-kiralik/daire/7516-4251","1 / 35","35.000","03/09/2026","Ordu Caddesi Yakını Genç Binada Asansörlü K. Otoparklı Daire","Kiralık Daire","3 + 1","140 m²","5 Yaşında","·","Kat","5. Kat","İzmir / Karabağlar / Reis Mah.","https://www.hepsiemlak.com/_nuxt/8cafc93fb5c74c75e9e04e528e02ccdf.jpg","Anahtar Emlak","WhatsApp","https://www.hepsiemlak.com/_nuxt/8cafc93fb5c74c75e9e04e528e02ccdf.jpg"
"https://www.hepsiemlak.com/izmir-tire-toki-kiralik/daire/162188-77","1 / 29","30.000","01/09/2026","Dilek Emlak'tan Sıfır Kiralık 3+1 Daire","Kiralık Daire","3 + 1","132 m²","Sıfır Bina","·","Kat","Ara Kat","İzmir / Tire / Toki Mah.","https://www.hepsiemlak.com/_nuxt/8cafc93fb5c74c75e9e04e528e02ccdf.jpg","Dilek Emlak Gayrimenkul Danışmanlığı","WhatsApp","https://www.hepsiemlak.com/_nuxt/8cafc93fb5c74c75e9e04e528e02ccdf.jpg"
"https://www.hepsiemlak.com/izmir-buca-ataturk-kiralik/daire/148313-205","1 / 22","18.500","08/09/2026","Ana Cadde Üstü Sıfır Eşyalı Geniş 1+1","Kiralık Daire","1 + 1","70 m²","5 Yaşında","·","Kat","2. Kat","İzmir / Buca / Atatürk Mah.","https://www.hepsiemlak.com/_nuxt/8cafc93fb5c74c75e9e04e528e02ccdf.jpg","Reyna Gayrimenkul","WhatsApp","https://www.hepsiemlak.com/_nuxt/8cafc93fb5c74c75e9e04e528e02ccdf.jpg"
"https://www.hepsiemlak.com/izmir-menemen-esatpasa-kiralik/daire/45402-76","1 / 18","30.000","14/08/2026","Merkezde Sıfır, Geniş 3+1 Daire Hemen Taşınmaya Uygun","Kiralık Daire","3 + 1","130 m²","Sıfır Bina","·","Kat","6. Kat","İzmir / Menemen / Esatpaşa Mah.","","Onur Emlak Menemen","WhatsApp","https://hecdnnw.hemlak.com/mncropresize/77/67/firmuser/4/5/1/7/6/8/63369c97-3a42-4e72-881a-9d6678c5f608.jpg"
"https://www.hepsiemlak.com/izmir-buca-mustafa-kemal-kiralik/daire/142512-694","1 / 32","23.000","09/09/2026","Buca Mustafa Kemal Mahallesinde Kiralık 2+1 Daire","Kiralık Daire","2 + 1","80 m²","11 Yaşında","·","Kat","2. Kat","İzmir / Buca / Mustafa Kemal Mah.","https://hecdnnw.hemlak.com/mncropresize/77/67/logo/2/1/5/2/4/1/ab134791-f4bc-437a-89fc-1d99f1396a9b.jpg","Global World Nota","WhatsApp",""
"https://www.hepsiemlak.com/izmir-karsiyaka-yali-kiralik/daire/142932-390","1 / 31","35.000","11/08/2026","Karşıyaka Yalı Mahallesinde Kiralı 2+1 Daire","Kiralık Daire","2 + 1","80 m²","6 Yaşında","·","Kat","Yüksek Giriş","İzmir / Karşıyaka / Yalı Mah.","https://hecdnnw.hemlak.com/mncropresize/77/67/logo/2/3/9/2/4/1/3d290414-b73d-4a42-bb2d-0c5b055dfbe2.jpg","Uygar Gayrimenkul","WhatsApp",""
"https://www.hepsiemlak.com/izmir-konak-akin-simav-kiralik/daire/62049-2129","1 / 41","31.000","29/08/2026","Küçükyalı Tarihi Asansör Kiralık 2+1 Full Deniz Manzaralı Daire","Kiralık Daire","2 + 1","90 m²","31 Yaşında","·","Kat","1. Kat","İzmir / Konak / Akın Simav Mah.","https://hecdn01.hemlak.com/mncropresize/182/137/ds01/2/3/6/3/0/5/6/4/4e24cec3-d90f-4c55-a981-b657db7209b1.jpg","","WhatsApp",""
"https://www.hepsiemlak.com/izmir-bornova-inonu-kiralik/daire/116537-739","1 / 47","30.000","28/08/2026","Bornova Atatürk Mah.'nde Geniş Ve Şık 2+1 Daire Kiralık","Kiralık Daire","2 + 1","110 m²","16 Yaşında","·","Kat","3. Kat","İzmir / Bornova / İnönü Mah.","https://www.hepsiemlak.com/_nuxt/8cafc93fb5c74c75e9e04e528e02ccdf.jpg","Merol Gayrimenkul","WhatsApp","https://www.hepsiemlak.com/_nuxt/8cafc93fb5c74c75e9e04e528e02ccdf.jpg"
"https://www.hepsiemlak.com/izmir-karabaglar-uckuyular-kiralik/daire/5698-1074","1 / 33","50.000","02/09/2026","Üçkuyular Meydan Arkası Ful Mobilyalı 2+1 D.Gazlı Lüks Konut","Kiralık Daire","2 + 1","110 m²","35 Yaşında","·","Kat","4. Kat","İzmir / Karabağlar / Üçkuyular Mah.","https://www.hepsiemlak.com/_nuxt/8cafc93fb5c74c75e9e04e528e02ccdf.jpg","Ümit Emlak","WhatsApp","https://www.hepsiemlak.com/_nuxt/8cafc93fb5c74c75e9e04e528e02ccdf.jpg"
"https://www.hepsiemlak.com/izmir-konak-atilla-kiralik/daire/9709-4840","1 / 37","35.000","26/08/2026","İnönü Caddesi Üzerinde Üçyol Metro Yakını 3+1 130 M2 Asansörlü Doğalgazlı Bakımlı Kiralık Daire","Kiralık Daire","3 + 1","145 m²","38 Yaşında","·","Kat","5. Kat","İzmir / Konak / Atilla Mah.","https://www.hepsiemlak.com/_nuxt/8cafc93fb5c74c75e9e04e528e02ccdf.jpg","Üçyol Gayrimenkul","WhatsApp","https://www.hepsiemlak.com/_nuxt/8cafc93fb5c74c75e9e04e528e02ccdf.jpg"
"https://www.hepsiemlak.com/izmir-karabaglar-ali-fuat-cebesoy-kiralik/daire/162854-274","1 / 19","30.000","04/09/2026","Şehir Manzaralı 3+1 Doğalgazlı Kiralık Daire","Kiralık Daire","3 + 1","135 m²","16 Yaşında","·","Kat","3. Kat","İzmir / Karabağlar / Ali Fuat Cebesoy Mah.","https://www.hepsiemlak.com/_nuxt/8cafc93fb5c74c75e9e04e528e02ccdf.jpg","Opal Gayrimenkul Karabaglar","WhatsApp","https://www.hepsiemlak.com/_nuxt/8cafc93fb5c74c75e9e04e528e02ccdf.jpg"
"https://www.hepsiemlak.com/izmir-konak-mersinli-kiralik/daire/126264-3033","1 / 18","18.000","04/09/2026","Remax Arma'dan Mersinli Mah 2+1 90 M2 Bahçe Katı","Kiralık Daire","2 + 1","90 m²","31 Yaşında","·","Kat","Giriş Katı","İzmir / Konak / Mersinli Mah.","https://www.hepsiemlak.com/_nuxt/8cafc93fb5c74c75e9e04e528e02ccdf.jpg","Remax Arma","WhatsApp","https://www.hepsiemlak.com/_nuxt/8cafc93fb5c74c75e9e04e528e02ccdf.jpg"
"https://www.hepsiemlak.com/izmir-balcova-onur-kiralik/daire/10374-4339","1 / 21","40.000","07/09/2026","Kolej Ofis Gay.Asansörlü Jeotermalli Kiralık Ara Kat Daire","Kiralık Daire","3 + 1","135 m²","25 Yaşında","·","Kat","4. Kat","İzmir / Balçova / Onur Mah.","https://www.hepsiemlak.com/_nuxt/8cafc93fb5c74c75e9e04e528e02ccdf.jpg","","WhatsApp",""
"https://www.hepsiemlak.com/izmir-guzelbahce-yelki-kiralik/daire/7044-6921","1 / 18","52.500","26/08/2026","Ege Emlak'tan Şimdi Tut Kasımda Taşın 3+1 Bir Yaşında Arakat Daire","Kiralık Daire","3 + 1","120 m²","1 Yaşında","·","Kat","1. Kat","İzmir / Güzelbahçe / Yelki Mah.","https://www.hepsiemlak.com/_nuxt/8cafc93fb5c74c75e9e04e528e02ccdf.jpg","","WhatsApp",""
"https://www.hepsiemlak.com/izmir-bayrakli-osmangazi-kiralik/residence/41545-2417","1 / 18","120.000","12/08/2026","İzmir Bulvar Bayraklı'da 3+1 Ultra Lüks Daire Ongun'dan","Kiralık Residence","4 + 1","175 m²","5 Yaşında","·","Kat","3. Kat","İzmir / Bayraklı / Osmangazi Mah.","https://www.hepsiemlak.com/_nuxt/8cafc93fb5c74c75e9e04e528e02ccdf.jpg","","WhatsApp",""
"https://www.hepsiemlak.com/izmir-bornova-ergene-kiralik/daire/171153-42","1 / 11","32.000","25/08/2026","Bornova Ege Üniversitesi Hastanesi Ve Metro Yakını Kiralık Daire","Kiralık Daire","2 + 1","95 m²","30 Yaşında","·","Kat","6. Kat","İzmir / Bornova / Ergene Mah.","https://www.hepsiemlak.com/_nuxt/8cafc93fb5c74c75e9e04e528e02ccdf.jpg","","WhatsApp",""
"https://www.hepsiemlak.com/izmir-balcova-onur-kiralik/daire/9163-1068","1 / 20","30.000","08/09/2026","Fiyat Düştü! Balçova Agora Avm Yakını Jeotermalli Klasik 3+1 Kiralık Daire","Kiralık Daire","3 + 1","150 m²","38 Yaşında","·","Kat","3. Kat","İzmir / Balçova / Onur Mah.","https://www.hepsiemlak.com/_nuxt/8cafc93fb5c74c75e9e04e528e02ccdf.jpg","Ulusalofis Gayrimenkul","WhatsApp","https://www.hepsiemlak.com/_nuxt/8cafc93fb5c74c75e9e04e528e02ccdf.jpg"
"https://www.hepsiemlak.com/izmir-balcova-egitim-kiralik/daire/77173-1435","1 / 27","30.000","08/09/2026","Balçovada İçi Yapılı Doğalgazlı Kiralık 3+1 Daire","Kiralık Daire","3 + 1","140 m²","35 Yaşında","·","Kat","Kot 2","İzmir / Balçova / Eğitim Mah.","https://www.hepsiemlak.com/_nuxt/8cafc93fb5c74c75e9e04e528e02ccdf.jpg","","WhatsApp",""
"https://www.hepsiemlak.com/izmir-konak-kemal-reis-kiralik/daire/60493-664","1 / 17","40.000","03/09/2026","Yön-Ev'den Bakımlı Eşyalı Daire","Kiralık Daire","3 + 1","125 m²","31 Yaşında","·","Kat","2. Kat","İzmir / Konak / Kemal Reis Mah.","https://www.hepsiemlak.com/_nuxt/8cafc93fb5c74c75e9e04e528e02ccdf.jpg","Yön-ev Gayrimenkul","WhatsApp","https://www.hepsiemlak.com/_nuxt/8cafc93fb5c74c75e9e04e528e02ccdf.jpg"
"https://www.hepsiemlak.com/izmir-buca-yaylacik-kiralik/daire/79799-153","1 / 11","26.000","09/09/2026","Buca'nın Merkezi Dokuzcesmeler'de Kiralık Sıfır Daire","Kiralık Daire","2 + 1","85 m²","Sıfır Bina","·","Kat","2. Kat","İzmir / Buca / Yaylacık Mah.","https://www.hepsiemlak.com/_nuxt/8cafc93fb5c74c75e9e04e528e02ccdf.jpg","Sevgi Emlak","WhatsApp","https://www.hepsiemlak.com/_nuxt/8cafc93fb5c74c75e9e04e528e02ccdf.jpg"
"https://www.hepsiemlak.com/izmir-karabaglar-esenyali-kiralik/daire/78006-957","1 / 34","50.000","10/09/2026","Amerikan Koleji Karşısı Üç Cephe Kiralık Daire.","Kiralık Daire","3 + 1","150 m²","35 Yaşında","·","Kat","1. Kat","İzmir / Karabağlar / Esenyalı Mah.","https://www.hepsiemlak.com/_nuxt/8cafc93fb5c74c75e9e04e528e02ccdf.jpg","","WhatsApp",""
"https://www.hepsiemlak.com/izmir-karabaglar-basin-sitesi-kiralik/daire/58851-1036","1 / 25","25.000","21/08/2026","Eşyalı Kiralık Düz Giriş Daire 25000 Lira","Kiralık Daire","2 + 1","85 m²","45 Yaşında","·","Kat","Yüksek Giriş","İzmir / Karabağlar / Basın Sitesi Mah.","https://www.hepsiemlak.com/_nuxt/8cafc93fb5c74c75e9e04e528e02ccdf.jpg","Çolakoğlu Emlak","WhatsApp",""
"https://www.hepsiemlak.com/izmir-balcova-teleferik-kiralik/daire/27103-4828","1 / 25","37.500","21/08/2026","Dayım Emlaktan Teleferik Mah Eşyalı Kiralık Daire","Kiralık Daire","2 + 1","90 m²","31 Yaşında","·","Kat","4. Kat","İzmir / Balçova / Teleferik Mah.","https://www.hepsiemlak.com/_nuxt/8cafc93fb5c74c75e9e04e528e02ccdf.jpg","","WhatsApp",""
"https://www.hepsiemlak.com/izmir-urla-gulbahce-kiralik/daire/115022-980","1 / 25","32.500","04/09/2026","Çtn'den Urla Gülbahçe'de Okul Dönemine Yönelik Kiralık 1+1 Daire.","Kiralık Daire","1 + 1","45 m²","7 Yaşında","·","Kat","Bahçe Katı","İzmir / Urla / Gülbahçe Mah.","https://www.hepsiemlak.com/_nuxt/8cafc93fb5c74c75e9e04e528e02ccdf.jpg","Çtn Gayrimenkul","WhatsApp","https://www.hepsiemlak.com/_nuxt/8cafc93fb5c74c75e9e04e528e02ccdf.jpg"
"https://www.hepsiemlak.com/izmir-seferihisar-colak-ibrahim-bey-kiralik/daire/148398-330","1 / 14","20.000","27/08/2026","Seferihisar Da Kiralık 1+1 Lüks Daire","Kiralık Daire","1 + 1","40 m²","Sıfır Bina","·","Kat","Kot 1","İzmir / Seferihisar / Çolak İbrahim Bey Mah.","https://www.hepsiemlak.com/_nuxt/8cafc93fb5c74c75e9e04e528e02ccdf.jpg","","WhatsApp",""
"https://www.hepsiemlak.com/izmir-karsiyaka-imbatli-kiralik/daire/110036-663","1 / 17","25.000","30/08/2026","Ünüvar Emlaktan İmbatlı Mah. De Sıfır Bina 1+1 Kiralık Arakat Daire...","Kiralık Daire","1 + 1","50 m²","Sıfır Bina","·","Kat","3. Kat","İzmir / Karşıyaka / İmbatlı Mah.","https://www.hepsiemlak.com/_nuxt/8cafc93fb5c74c75e9e04e528e02ccdf.jpg","","WhatsApp",""
"https://www.hepsiemlak.com/izmir-buca-guven-kiralik/daire/124272-611","1 / 19","38.000","14/08/2026","İzbana Yürüme Mesafesinde 3+1 Eşyalı Kiralık Daire","Kiralık Daire","3 + 1","130 m²","21 Yaşında","·","Kat","4. Kat","İzmir / Buca / Güven Mah.","https://www.hepsiemlak.com/_nuxt/8cafc93fb5c74c75e9e04e528e02ccdf.jpg","Turpa Sılver Şirinyer","WhatsApp",""
"https://www.hepsiemlak.com/izmir-karsiyaka-zubeyde-hanim-kiralik/daire/26584-3016","1 / 32","24.000","02/09/2026","Karşıyaka Elit Sitesinde Boş 2+1 Kiralık Daire Kanıt Emlaktan,","Kiralık Daire","2 + 1","85 m²","8 Yaşında","·","Kat","3. Kat","İzmir / Karşıyaka / Zübeyde Hanım Mah.","https://hecdnnw.hemlak.com/mncropresize/77/67/logo/4/8/5/6/2/0/50333708-4aa1-47e1-9ec1-8fea5a14f4fb.jpg","Kanıt Emlak","WhatsApp",""
"https://www.hepsiemlak.com/izmir-konak-kilic-reis-kiralik/daire/42079-2434","1 / 12","30.000","05/09/2026","Üçyol Metro Diminde Eşyalı 2+1 70m2  Kiralık Daire","Kiralık Daire","2 + 1","75 m²","32 Yaşında","·","Kat","Giriş Katı","İzmir / Konak / Kılıç Reis Mah.","","","WhatsApp",""
"https://www.hepsiemlak.com/izmir-konak-kahramanlar-kiralik/daire/125390-290","1 / 12","30.000","07/09/2026","Kahramanlar Da 1+1 Kiralık Daire","Kiralık Daire","1 + 1","75 m²","6 Yaşında","·","Kat","Bahçe Katı","İzmir / Konak / Kahramanlar Mah.","https://hecdnnw.hemlak.com/mncropresize/77/67/logo/0/9/3/5/2/1/f49a67bd-0bac-4d14-9c87-db6ec91f395e.jpg","Defne Emlak","WhatsApp",""
"https://www.hepsiemlak.com/izmir-menemen-9-eylul-kiralik/daire/152256-37","1 / 8","21.000","29/08/2026","Menemen Ulukentte Kiralık 1+1 Svn Emlak","Kiralık Daire","1 + 1","46 m²","1 Yaşında","·","Kat","3. Kat","İzmir / Menemen / 9 Eylül Mah.","https://hecdn01.hemlak.com/mncropresize/182/137/ds01/4/5/0/0/1/1/7/4/18fe1c81-9702-41cc-9176-fb06cddcbe09.jpg","","WhatsApp",""
"https://www.hepsiemlak.com/izmir-balcova-fevzi-cakmak-kiralik/daire/133137-1061","1 / 11","32.000","09/09/2026","Sevgi Yolu Yakını Lüks Yapılı 2+1 Yüksek Giriş Daire","Kiralık Daire","2 + 1","90 m²","30 Yaşında","·","Kat","Yüksek Giriş","İzmir / Balçova / Fevzi Çakmak Mah.","https://www.hepsiemlak.com/_nuxt/8cafc93fb5c74c75e9e04e528e02ccdf.jpg","","WhatsApp",""
"https://www.hepsiemlak.com/izmir-karabaglar-gulyaka-kiralik/daire/79070-4322","1 / 16","14.000","07/09/2026","Karabağlar Üzümcü Okulu Yani 2+1 80 M2 Kiralik Daire","Kiralık Daire","2 + 1","90 m²","30 Yaşında","·","Kat","2. Kat","İzmir / Karabağlar / Gülyaka Mah.","https://www.hepsiemlak.com/_nuxt/8cafc93fb5c74c75e9e04e528e02ccdf.jpg","Harputlu Emlak","WhatsApp",""
"https://www.hepsiemlak.com/izmir-menemen-85-yil-cumhuriyet-kiralik/daire/164457-60","1 / 14","25.000","12/08/2026","Seyrek Te Full Eşyalı Doğalgazlı Kiralık 1+1 Daire","Kiralık Daire","1 + 1","60 m²","3 Yaşında","·","Kat","1. Kat","İzmir / Menemen / 85. Yıl Cumhuriyet Mah.","https://www.hepsiemlak.com/_nuxt/8cafc93fb5c74c75e9e04e528e02ccdf.jpg","","WhatsApp",""
"https://www.hepsiemlak.com/izmir-bornova-erzene-kiralik/daire/151964-52","1 / 14","45.000","09/09/2026","Kiralık 3+1 Daire Evka-3 Metroya Yürüme Mesafesinde","Kiralık Daire","3 + 1","120 m²","21 Yaşında","·","Kat","2. Kat","İzmir / Bornova / Erzene Mah.","https://www.hepsiemlak.com/_nuxt/8cafc93fb5c74c75e9e04e528e02ccdf.jpg","Turpa Mergen Bornova","WhatsApp",""
"https://www.hepsiemlak.com/izmir-bornova-kazimdirik-kiralik/daire/7700-535","1 / 18","38.000","31/08/2026","Küçükpark Ta 3+1 Kiralık Daire","Kiralık Daire","3 + 1","130 m²","31 Yaşında","·","Kat","6. Kat","İzmir / Bornova / Kazımdirik Mah.","https://www.hepsiemlak.com/_nuxt/8cafc93fb5c74c75e9e04e528e02ccdf.jpg","Bizim Emlak","WhatsApp","https://www.hepsiemlak.com/_nuxt/8cafc93fb5c74c75e9e04e528e02ccdf.jpg"
"https://www.hepsiemlak.com/izmir-buca-kozagac-kiralik/daire/67273-4143","1 / 25","20.000","02/09/2026","Buca Merkez'de ,Asansörlü ,Balkonlu ,Geniş 1+1 ,Esnafoğlu'ndan.","Kiralık Daire","1 + 1","70 m²","6 Yaşında","·","Kat","2. Kat","İzmir / Buca / Kozağaç Mah.","https://www.hepsiemlak.com/_nuxt/8cafc93fb5c74c75e9e04e528e02ccdf.jpg","Esnafoğlu Gayrimenkul","WhatsApp","https://www.hepsiemlak.com/_nuxt/8cafc93fb5c74c75e9e04e528e02ccdf.jpg"
"https://www.hepsiemlak.com/izmir-konak-guzelyali-kiralik/daire/10160-3417","1 / 32","58.000","09/09/2026","Amerikan Kolleji Sokağında Köşe Masrafsız Ara Kat Temiz Daire","Kiralık Daire","3 + 1","140 m²","16 Yaşında","·","Kat","2. Kat","İzmir / Konak / Güzelyalı Mah.","https://www.hepsiemlak.com/_nuxt/8cafc93fb5c74c75e9e04e528e02ccdf.jpg","Güzelyalı Emlak","WhatsApp","https://www.hepsiemlak.com/_nuxt/8cafc93fb5c74c75e9e04e528e02ccdf.jpg"
"https://www.hepsiemlak.com/izmir-bornova-yesilova-kiralik/daire/143949-1858","1 / 13","40.000","09/09/2026","İzmir Point Bornova'da Şehir Manzaralı 1+1 Eşyalı Kiralık Daire","Kiralık Daire","1 + 1","60 m²","6 Yaşında","·","Kat","15. Kat","İzmir / Bornova / Yeşilova Mah.","https://www.hepsiemlak.com/_nuxt/8cafc93fb5c74c75e9e04e528e02ccdf.jpg","","WhatsApp",""
"https://www.hepsiemlak.com/izmir-urla-camlicay-kiralik/daire/128297-593","1 / 30","42.500","03/09/2026","Urla Çamlıçay'da Denize Yakın Konumda 2+1 Kiralık","Kiralık Daire","2 + 1","150 m²","21 Yaşında","·","Kat","3. Kat","İzmir / Urla / Çamlıçay Mah.","https://www.hepsiemlak.com/_nuxt/8cafc93fb5c74c75e9e04e528e02ccdf.jpg","Coldwell Banker Locate","WhatsApp","https://www.hepsiemlak.com/_nuxt/8cafc93fb5c74c75e9e04e528e02ccdf.jpg"
"https://www.hepsiemlak.com/izmir-torbali-pancar-kiralik/daire/169453-52","1 / 30","26.000","02/09/2026","Pancar Meekezde E.Panjurlu Lüks 2+1 Kiralık Daire","Kiralık Daire","2 + 1","110 m²","1 Yaşında","·","Kat","3. Kat","İzmir / Torbalı / Pancar Mah.","https://www.hepsiemlak.com/_nuxt/8cafc93fb5c74c75e9e04e528e02ccdf.jpg","Na&me Gayrimenkul","WhatsApp","https://www.hepsiemlak.com/_nuxt/8cafc93fb5c74c75e9e04e528e02ccdf.jpg"
"https://www.hepsiemlak.com/izmir-torbali-torbali-kiralik/daire/162024-139","1 / 29","26.000","01/09/2026","Torbalı Mahallesinde 2+1 Yüksek Zemin Ultra Lüks Daire","Kiralık Daire","2 + 1","90 m²","Sıfır Bina","·","Kat","Yüksek Giriş","İzmir / Torbalı / Torbalı Mah.","https://www.hepsiemlak.com/_nuxt/8cafc93fb5c74c75e9e04e528e02ccdf.jpg","Yükselen Gayrimenkul","WhatsApp","https://www.hepsiemlak.com/_nuxt/8cafc93fb5c74c75e9e04e528e02ccdf.jpg"
"https://www.hepsiemlak.com/izmir-bornova-kazimdirik-kiralik/daire/158463-332","1 / 18","42.000","08/09/2026","Yaşar Üniversitesi Yanı Park Yaşam Bornova Da 1+1 Kiralık Daire","Kiralık Daire","1 + 1","43 m²","2 Yaşında","·","Kat","6. Kat","İzmir / Bornova / Kazımdirik Mah.","https://www.hepsiemlak.com/_nuxt/8cafc93fb5c74c75e9e04e528e02ccdf.jpg","Startkey Star","WhatsApp","https://www.hepsiemlak.com/img/loadings/noImage55-55.png"
"https://www.hepsiemlak.com/izmir-menderes-gumuldur-fevzi-cakmak-kiralik/daire/128739-626","1 / 19","29.000","30/08/2026","Rota Emlak'tan Gümüldür Merkezde 3+1 Kiralık Daire","Kiralık Daire","3 + 1","150 m²","20 Yaşında","·","Kat","2. Kat","İzmir / Menderes / Gümüldür Fevzi Çakmak Mah.","https://www.hepsiemlak.com/_nuxt/8cafc93fb5c74c75e9e04e528e02ccdf.jpg","Rota Emlak","WhatsApp","https://www.hepsiemlak.com/_nuxt/8cafc93fb5c74c75e9e04e528e02ccdf.jpg"
"https://www.hepsiemlak.com/izmir-aliaga-cakmakli-kiralik/yazlik/0-47213041","1 / 15","45.000","02/09/2026","Kiralık Yazlık","Kiralık Yazlık","3 + 1","125 m²","26 Yaşında","·","Kat","Bahçe Katı","İzmir / Aliağa / Çakmaklı Mah.","https://www.hepsiemlak.com/_nuxt/8cafc93fb5c74c75e9e04e528e02ccdf.jpg","","",""
"https://www.hepsiemlak.com/izmir-cigli-balatcik-kiralik/daire/171361-9","1 / 19","27.500","27/08/2026","Çiğli Katip Çelebi Üniversite Yakını 1+1 Eşyalı","Kiralık Daire","1 + 1","55 m²","5 Yaşında","·","Kat","2. Kat","İzmir / Çiğli / Balatçık Mah.","https://www.hepsiemlak.com/_nuxt/8cafc93fb5c74c75e9e04e528e02ccdf.jpg","","WhatsApp",""
"https://www.hepsiemlak.com/izmir-bornova-serintepe-kiralik/daire/0-47189817","1 / 17","20.000","01/09/2026","Merkezde Mustakil 2.5+1","Kiralık Daire","2 + 1","100 m²","15 Yaşında","·","Kat","Zemin","İzmir / Bornova / Serintepe Mah.","https://www.hepsiemlak.com/_nuxt/8cafc93fb5c74c75e9e04e528e02ccdf.jpg","","WhatsApp",""
"https://www.hepsiemlak.com/izmir-tire-adnan-menderes-kiralik/daire/161159-31","1 / 29","33.000","25/08/2026","Adnan Menderes Mah.De Full Eşyalı Kiralık 3+1 Daire","Kiralık Daire","3 + 1","130 m²","11 Yaşında","·","Kat","1. Kat","İzmir / Tire / Adnan Menderes Mah.","https://www.hepsiemlak.com/_nuxt/8cafc93fb5c74c75e9e04e528e02ccdf.jpg","Melike Emlak","WhatsApp",""
"https://www.hepsiemlak.com/izmir-karabaglar-bahcelievler-kiralik/daire/0-47176755","1 / 22","35.000","29/08/2026","Bahçelievler'de Sahibinden Eşyalı Kiralık Daire","Kiralık Daire","2 + 1","105 m²","30 Yaşında","·","Kat","2. Kat","İzmir / Karabağlar / Bahçelievler Mah.","https://www.hepsiemlak.com/_nuxt/8cafc93fb5c74c75e9e04e528e02ccdf.jpg","","WhatsApp",""
"https://www.hepsiemlak.com/izmir-buca-buca-koop-kiralik/daire/164295-168","1 / 20","27.000","28/08/2026","Buca Koopta Merkezi Konumda 3+1 3 Balkonlu 8. Kat 115 M² Net","Kiralık Daire","3 + 1","135 m²","26 Yaşında","·","Kat","8. Kat","İzmir / Buca / Buca Koop. Mah.","https://www.hepsiemlak.com/_nuxt/8cafc93fb5c74c75e9e04e528e02ccdf.jpg","Baron Plus Gayrimenkul","WhatsApp","https://www.hepsiemlak.com/_nuxt/8cafc93fb5c74c75e9e04e528e02ccdf.jpg"
"https://www.hepsiemlak.com/izmir-torbali-torbali-kiralik/daire/160584-90","1 / 22","25.000","21/08/2026","Bayraktar Gayrimenkul Den Sıfır 2+1 Kiralık Daire.","Kiralık Daire","2 + 1","110 m²","Sıfır Bina","·","Kat","2. Kat","İzmir / Torbalı / Torbalı Mah.","https://www.hepsiemlak.com/_nuxt/8cafc93fb5c74c75e9e04e528e02ccdf.jpg","Nb Bayraktar Gayrimenkul","WhatsApp","https://www.hepsiemlak.com/img/loadings/noImage55-55.png"
"https://www.hepsiemlak.com/izmir-torbali-ayrancilar-kiralik/daire/162944-107","1 / 15","18.000","24/08/2026","Ayrancılar Egekentde Kiralık 2+1 Daire","Kiralık Daire","2 + 1","85 m²","11 Yaşında","·","Kat","Yarı Bodrum","İzmir / Torbalı / Ayrancılar Mah.","https://hecdnnw.hemlak.com/mncropresize/77/67/logo/4/4/9/2/6/1/e415b199-6af6-432c-a935-118a564efdf9.jpg","Öz-er Gayrimenkul","WhatsApp",""
"https://www.hepsiemlak.com/izmir-seferihisar-hidirlik-kiralik/daire/150378-180","1 / 21","25.000","19/08/2026","Merkezin Kalbinde Geniş 1+1 K.Mutfaklı Ofis","Kiralık Daire","1 + 1","100 m²","11 Yaşında","·","Kat","1. Kat","İzmir / Seferihisar / Hıdırlık Mah.","https://hecdnnw.hemlak.com/mncropresize/77/67/logo/8/7/3/0/5/1/9bc3a562-2ebe-4af6-9b23-291d40f4742c.jpg","Seyithan İpekçi Gayrimenkul","WhatsApp",""
"https://www.hepsiemlak.com/izmir-buca-adatepe-kiralik/daire/119068-63","1 / 25","27.500","03/09/2026","Buca Üniversite Yakını 2+1 Eşyalı Kiralık Daire","Kiralık Daire","2 + 1","70 m²","11 Yaşında","·","Kat","3. Kat","İzmir / Buca / Adatepe Mah.","","","WhatsApp",""
"https://www.hepsiemlak.com/izmir-karsiyaka-tuna-kiralik/daire/72713-199","1 / 35","29.000","04/09/2026","İzmir Karşıyaka Vapur İskele Tuna M. Cumhuriyet İ.Ö. Doğalgazlı","Kiralık Daire","2 + 1","75 m²","31 Yaşında","·","Kat","4. Kat","İzmir / Karşıyaka / Tuna Mah.","https://hecdn01.hemlak.com/mncropresize/182/137/ds01/4/9/0/4/3/1/7/4/f1f4b981-032c-45ff-99ba-c7b3ffd2ff1b.jpg","","WhatsApp",""
"https://www.hepsiemlak.com/izmir-torbali-cumhuriyet-kiralik/daire/161905-434","1 / 27","17.000","07/09/2026","Torbalı Cumhuriyet Mah 2+1 Kiralık Daire","Kiralık Daire","2 + 1","95 m²","26 Yaşında","·","Kat","8. Kat","İzmir / Torbalı / Cumhuriyet Mah.","https://www.hepsiemlak.com/_nuxt/8cafc93fb5c74c75e9e04e528e02ccdf.jpg","Ürün Gayrimenkul İnşaat Makina Otomotiv Sanayi Ve","WhatsApp","https://www.hepsiemlak.com/_nuxt/8cafc93fb5c74c75e9e04e528e02ccdf.jpg"
"https://www.hepsiemlak.com/izmir-menemen-irmak-kiralik/daire/145094-110","1 / 35","35.000","03/09/2026","Menemen Asarlık Ta 3+1 Kiralık Daire","Kiralık Daire","3 + 1","135 m²","4 Yaşında","·","Kat","6. Kat","İzmir / Menemen / Irmak Mah.","https://www.hepsiemlak.com/_nuxt/8cafc93fb5c74c75e9e04e528e02ccdf.jpg","","WhatsApp",""
"https://www.hepsiemlak.com/izmir-dikili-gazipasa-kiralik/daire/170382-11","1 / 15","28.000","01/09/2026","Denize Yakın Doğalgazlı Ayrı Mutfaklı Kiralık Ara Kat 2+1 Daire","Kiralık Daire","2 + 1","85 m²","6 Yaşında","·","Kat","2. Kat","İzmir / Dikili / Gazipaşa Mah.","https://www.hepsiemlak.com/_nuxt/8cafc93fb5c74c75e9e04e528e02ccdf.jpg","","WhatsApp",""
"https://www.hepsiemlak.com/izmir-menemen-ataturk-kiralik/daire/0-47094629","1 / 31","25.000","08/09/2026","Plastik Organizenin Dibinde Merkezi Konumda Açık Otoparklı Havuzlu Site İçerisinde 2+1 Kiralık Daire","Kiralık Daire","2 + 1","83 m²","Sıfır Bina","·","Kat","3. Kat","İzmir / Menemen / Atatürk Mah.","https://www.hepsiemlak.com/_nuxt/8cafc93fb5c74c75e9e04e528e02ccdf.jpg","","WhatsApp",""
"https://www.hepsiemlak.com/izmir-dikili-candarli-kiralik/mustakil-ev/146218-254","1 / 35","56.000","27/08/2026","Çandarlı Merkez Plaja 50m İkiz Villa 4+1 Deniz Manzaralı Bahçeli","Kiralık Müstakil Ev","4 + 1","170 m²","11 Yaşında","","","","İzmir / Dikili / Çandarlı Mah.","https://www.hepsiemlak.com/_nuxt/8cafc93fb5c74c75e9e04e528e02ccdf.jpg","","WhatsApp",""
"https://www.hepsiemlak.com/izmir-bayrakli-mansuroglu-kiralik/daire/153258-109","1 / 31","33.000","09/09/2026","Bayraklı Mansuroğlu Mahallesi Okullar Bölgesi Kiralık 3+1 Daire","Kiralık Daire","3 + 1","100 m²","26 Yaşında","·","Kat","7. Kat","İzmir / Bayraklı / Mansuroğlu Mah.","https://www.hepsiemlak.com/_nuxt/8cafc93fb5c74c75e9e04e528e02ccdf.jpg","","WhatsApp",""
"https://www.hepsiemlak.com/izmir-menemen-ataturk-kiralik/daire/153011-97","1 / 33","30.000","06/09/2026","3+1 Önü Açık K. Mutfak E.Banyolu Geniş Balkonlu Havuzlu","Kiralık Daire","3 + 1","120 m²","Sıfır Bina","·","Kat","2. Kat","İzmir / Menemen / Atatürk Mah.","https://www.hepsiemlak.com/_nuxt/8cafc93fb5c74c75e9e04e528e02ccdf.jpg","Luce Yapı Gayrimenkul","WhatsApp","https://www.hepsiemlak.com/_nuxt/8cafc93fb5c74c75e9e04e528e02ccdf.jpg"
"https://www.hepsiemlak.com/izmir-seferihisar-turabiye-kiralik/daire/85628-1655","1 / 30","19.500","10/08/2026","Seferihisar Turabiye Mahallesi Doğalgazlı Kiralık 1+1","Kiralık Daire","1 + 1","60 m²","3 Yaşında","·","Kat","2. Kat","İzmir / Seferihisar / Turabiye Mah.","https://www.hepsiemlak.com/_nuxt/8cafc93fb5c74c75e9e04e528e02ccdf.jpg","Seren Gayrimenkul","WhatsApp","https://www.hepsiemlak.com/_nuxt/8cafc93fb5c74c75e9e04e528e02ccdf.jpg"
"https://www.hepsiemlak.com/izmir-bornova-yunus-emre-kiralik/daire/0-47080303","1 / 16","1.900","05/09/2026","3+1 Doğalgazlı Fiyat Doğru Eşyalı Sıfır Daire Uygun Fiyatlı Kiralık Açıklama Oku Kadına Oda Kiralık","Kiralık Daire","3 + 1","150 m²","5 Yaşında","·","Kat","3. Kat","İzmir / Bornova / Yunus Emre Mah.","https://www.hepsiemlak.com/_nuxt/8cafc93fb5c74c75e9e04e528e02ccdf.jpg","","WhatsApp",""
"https://www.hepsiemlak.com/izmir-guzelbahce-yelki-kiralik/daire/167671-41","1 / 23","65.000","24/08/2026","Güzelbahçe Yelki Palmiye 7 Sitesinde Kiralık 3+1 Daire","Kiralık Daire","3 + 1","145 m²","6 Yaşında","·","Kat","Yüksek Giriş","İzmir / Güzelbahçe / Yelki Mah.","https://www.hepsiemlak.com/_nuxt/8cafc93fb5c74c75e9e04e528e02ccdf.jpg","","WhatsApp",""
"https://www.hepsiemlak.com/izmir-guzelbahce-yelki-kiralik/daire/167660-20","1 / 29","39.000","18/08/2026","Yelki'de 2+1 Doğalgazlı Kiralık Daire","Kiralık Daire","2 + 1","65 m²","5 Yaşında","·","Kat","4. Kat","İzmir / Güzelbahçe / Yelki Mah.","https://www.hepsiemlak.com/_nuxt/8cafc93fb5c74c75e9e04e528e02ccdf.jpg","","WhatsApp",""
"https://www.hepsiemlak.com/izmir-seferihisar-colak-ibrahim-bey-kiralik/daire/145519-815","1 / 32","32.000","07/09/2026","En Nezih Muhitte Çok Şık Kaliteli 2+1 Kiralık Daire!","Kiralık Daire","2 + 1","80 m²","2 Yaşında","·","Kat","1. Kat","İzmir / Seferihisar / Çolak İbrahim Bey Mah.","https://www.hepsiemlak.com/_nuxt/8cafc93fb5c74c75e9e04e528e02ccdf.jpg","Aykurt Gayrimenkul Yatırım","WhatsApp","https://www.hepsiemlak.com/_nuxt/8cafc93fb5c74c75e9e04e528e02ccdf.jpg"
"https://www.hepsiemlak.com/izmir-cesme-germiyan-kiralik/villa/170815-30","1 / 32","15.000","09/09/2026","Germiyan'da Tam Müstakil Havuzlu 4+1 Kiralık Lüks Villa","Kiralık Villa","4 + 1","220 m²","1 Yaşında","·","Kat","","İzmir / Çeşme / Germiyan Mah.","https://www.hepsiemlak.com/_nuxt/8cafc93fb5c74c75e9e04e528e02ccdf.jpg","Taşköy Alaçatı Gayrimenkul","WhatsApp","https://www.hepsiemlak.com/_nuxt/8cafc93fb5c74c75e9e04e528e02ccdf.jpg"
"https://www.hepsiemlak.com/izmir-cigli-atasehir-kiralik/daire/165985-251","1 / 30","30.000","04/09/2026","Ataşehir Çiğli Ekol Hastanesi Karşısı Kiralık Geniş 1+1","Kiralık Daire","1 + 1","72 m²","16 Yaşında","·","Kat","Giriş Katı","İzmir / Çiğli / Ataşehir Mah.","https://www.hepsiemlak.com/_nuxt/8cafc93fb5c74c75e9e04e528e02ccdf.jpg","Startkey Final","WhatsApp","https://www.hepsiemlak.com/_nuxt/8cafc93fb5c74c75e9e04e528e02ccdf.jpg"
"https://www.hepsiemlak.com/izmir-menderes-barbaros-kiralik/daire/0-47060725","1 / 26","48.000","03/08/2026","3+1 Yüksek Tavan 109m2 Net/123brüt Kiralık Sıfır Daire","Kiralık Daire","3 + 1","123 m²","Sıfır Bina","·","Kat","4. Kat","İzmir / Menderes / Barbaros Mah.","https://www.hepsiemlak.com/_nuxt/8cafc93fb5c74c75e9e04e528e02ccdf.jpg","","WhatsApp",""
"https://www.hepsiemlak.com/izmir-torbali-fevzi-cakmak-kiralik/daire/156785-107","1 / 26","25.000","02/09/2026","Geniş Ailelere Özel Ferah 3+1 Dubleks Geniş Teraslı Fırsat Daire","Kiralık Daire","3 + 1","180 m²","6 Yaşında","·","Kat","2. Kat","İzmir / Torbalı / Fevzi Çakmak Mah.","https://www.hepsiemlak.com/_nuxt/8cafc93fb5c74c75e9e04e528e02ccdf.jpg","Terapi Emlak","WhatsApp","https://www.hepsiemlak.com/_nuxt/8cafc93fb5c74c75e9e04e528e02ccdf.jpg"
"https://www.hepsiemlak.com/izmir-guzelbahce-yali-kiralik/daire/165166-43","1 / 18","80.000","02/09/2026","Yalı Mahallesinde Yüzme Havuzlu Site İçinde Kiralık Daire","Kiralık Daire","3 + 1","165 m²","16 Yaşında","·","Kat","2. Kat","İzmir / Güzelbahçe / Yalı Mah.","https://www.hepsiemlak.com/_nuxt/8cafc93fb5c74c75e9e04e528e02ccdf.jpg","Zy Gayrimenkul Danışmanlığı","WhatsApp","https://www.hepsiemlak.com/_nuxt/8cafc93fb5c74c75e9e04e528e02ccdf.jpg"
"https://www.hepsiemlak.com/izmir-foca-kazim-dirik-kiralik/villa/166121-143","1 / 33","30.000","22/08/2026","İzmir Foça Bağarasında Full Eşyalı Kiralık 3+1 Bahçeli Dubleks","Kiralık Villa","3 + 1","145 m²","5 Yaşında","·","Kat","Bahçe Katı","İzmir / Foça / Kazım Dirik Mah.","https://www.hepsiemlak.com/_nuxt/8cafc93fb5c74c75e9e04e528e02ccdf.jpg","Manje Gayrimenkul","WhatsApp",""
"https://www.hepsiemlak.com/izmir-karaburun-tepeboz-kiralik/mustakil-ev/0-47052316","1 / 20","35.000","02/08/2026","Yeniliman/midilli Adası Manzaralı Bahçeli Müstakil Eşyalı Dublex","Kiralık Müstakil Ev","3 + 1","100 m²","21 Yaşında","·","Kat","","İzmir / Karaburun / Tepeboz Mah.","https://www.hepsiemlak.com/_nuxt/8cafc93fb5c74c75e9e04e528e02ccdf.jpg","","WhatsApp",""
"https://www.hepsiemlak.com/izmir-konak-murat-reis-kiralik/daire/169455-24","1 / 35","35.000","01/08/2026","Metro, Pazar, Caddeye 100mt Doğalgazlı Bakımlı Eşyalı/boş","Kiralık Daire","3 + 1","140 m²","31 Yaşında","·","Kat","4. Kat","İzmir / Konak / Murat Reis Mah.","https://www.hepsiemlak.com/_nuxt/8cafc93fb5c74c75e9e04e528e02ccdf.jpg","","WhatsApp",""
"https://www.hepsiemlak.com/izmir-urla-kalabak-kiralik/villa/165699-5","1 / 35","120.000","21/08/2026","Sağlam Yapı! Deniz Ve Orman Manzaralı Kiralık Villa Urla","Kiralık Villa","4 + 1","220 m²","3 Yaşında","·","Kat","Bahçe Katı","İzmir / Urla / Kalabak Mah.","","","WhatsApp",""
"https://www.hepsiemlak.com/izmir-odemis-suleyman-demirel-kiralik/daire/76680-451","1 / 15","22.000","31/08/2026","Liderden Süleymandemirel Mahallesinde Kiralık Daire","Kiralık Daire","3 + 1","130 m²","21 Yaşında","·","Kat","3. Kat","İzmir / Ödemiş / Süleyman Demirel Mah.","","Lider Emlak","WhatsApp","https://www.hepsiemlak.com/_nuxt/img/no-image-user.6f6a83e.svg"
"https://www.hepsiemlak.com/izmir-foca-cumhuriyet-kiralik/villa/144064-306","1 / 32","80.000","30/08/2026","Foça'da Deniz Ve Doğa Manzaralı, Havuzlu Lüks Villa","Kiralık Villa","6 + 1","170 m²","Sıfır Bina","·","Kat","","İzmir / Foça / Cumhuriyet Mah.","https://hecdnnw.hemlak.com/mncropresize/77/67/logo/4/6/0/4/4/1/cd2c5827-f59e-41ad-b699-9eb4651d11fd.jpg","Realty World Foça Elit Gayrimenkul","WhatsApp",""
"https://www.hepsiemlak.com/izmir-karaburun-kucukbahce-kiralik/mustakil-ev/154275-227","1 / 19","100.000","30/07/2026","Karaburun Karareis Site İçinde Kiralık Dubleks","Kiralık Müstakil Ev","3 + 1","105 m²","11 Yaşında","·","Kat","Bahçe Katı","İzmir / Karaburun / Küçükbahçe Mah.","https://hecdn01.hemlak.com/mncropresize/182/137/ds01/5/9/9/6/3/0/7/4/f1ebef96-26a7-4d5b-aac7-5f290fb27b9e.jpg","Bölükbaşı Gayrimenkul Yatırım Danışmanlık","WhatsApp","https://hecdnnw.hemlak.com/mncropresize/77/67/logo/5/7/2/4/5/1/c555f1d8-5a7b-490d-8641-b3e9b3838211.jpg"
"https://www.hepsiemlak.com/izmir-cigli-inonu-kiralik/daire/141770-191","1 / 60","34.000","15/08/2026","Çiğli Marka 270 Deniz Manzaralı Kapalı Mutfak, 2+1 Kiralık Daire","Kiralık Daire","1 + 1","100 m²","8 Yaşında","·","Kat","7. Kat","İzmir / Çiğli / İnönü Mah.","https://www.hepsiemlak.com/_nuxt/8cafc93fb5c74c75e9e04e528e02ccdf.jpg","Rota Bostanlı Gayrimenkul","WhatsApp","https://www.hepsiemlak.com/_nuxt/8cafc93fb5c74c75e9e04e528e02ccdf.jpg"
"https://www.hepsiemlak.com/izmir-urla-kalabak-kiralik/villa/153675-701","1 / 21","250.000","30/07/2026","Premium'dan Urla'da, Site İçinde Havuzlu, Tadilatlı,5+2 Villa","Kiralık Villa","5 + 2","380 m²","16 Yaşında","·","Kat","Villa Katı","İzmir / Urla / Kalabak Mah.","https://www.hepsiemlak.com/_nuxt/8cafc93fb5c74c75e9e04e528e02ccdf.jpg","Startkey Premıum Gayrimenkul","WhatsApp","https://www.hepsiemlak.com/_nuxt/8cafc93fb5c74c75e9e04e528e02ccdf.jpg"
"https://www.hepsiemlak.com/izmir-menderes-barbaros-kiralik/daire/141618-746","1 / 35","41.000","28/08/2026","Menderes Turyap'tan Barbaros Mh. Havuzlu Site İçi Kiralık 2+1","Kiralık Daire","2 + 1","110 m²","6 Yaşında","·","Kat","3. Kat","İzmir / Menderes / Barbaros Mah.","https://www.hepsiemlak.com/_nuxt/8cafc93fb5c74c75e9e04e528e02ccdf.jpg","Turyap Menderes Temsilciliği","WhatsApp","https://www.hepsiemlak.com/_nuxt/8cafc93fb5c74c75e9e04e528e02ccdf.jpg"
"https://www.hepsiemlak.com/izmir-torbali-tepekoy-kiralik/daire/145110-44","1 / 15","26.000","08/09/2026","Torbalı Kiralık 3+1 Daire","Kiralık Daire","3 + 1","160 m²","2 Yaşında","·","Kat","3. Kat","İzmir / Torbalı / Tepeköy Mah.","https://www.hepsiemlak.com/_nuxt/8cafc93fb5c74c75e9e04e528e02ccdf.jpg","","WhatsApp",""
"https://www.hepsiemlak.com/izmir-bayrakli-tepekule-kiralik/daire/0-47010191","1 / 21","41.000","25/07/2026","Saybinden Seyhankentde Kiralık Daire","Kiralık Daire","3 + 1","135 m²","20 Yaşında","·","Kat","En Üst Kat","İzmir / Bayraklı / Tepekule Mah.","https://www.hepsiemlak.com/_nuxt/8cafc93fb5c74c75e9e04e528e02ccdf.jpg","","",""
"https://www.hepsiemlak.com/izmir-menderes-ozdere-cumhuriyet-kiralik/villa/145533-259","1 / 16","140.000","25/08/2026","Özdere Göztepe Sahil Sitesi'nde Sezonluk Kiralık 3+1 Ferah Villa","Kiralık Villa","3 + 1","170 m²","21 Yaşında","·","Kat","","İzmir / Menderes / Özdere Cumhuriyet Mah.","https://www.hepsiemlak.com/_nuxt/8cafc93fb5c74c75e9e04e528e02ccdf.jpg","Çetin Eser Gayrimenkul Danışmanlığı","WhatsApp","https://www.hepsiemlak.com/_nuxt/8cafc93fb5c74c75e9e04e528e02ccdf.jpg"
"https://www.hepsiemlak.com/izmir-torbali-ertugrul-kiralik/daire/132168-251","1 / 19","27.500","27/08/2026","Karakoç Emlak'tan Ertuğrul Mahallesinde 3+1 Ara Kat Kiralık Dair","Kiralık Daire","3 + 1","145 m²","11 Yaşında","·","Kat","2. Kat","İzmir / Torbalı / Ertuğrul Mah.","https://www.hepsiemlak.com/_nuxt/8cafc93fb5c74c75e9e04e528e02ccdf.jpg","","WhatsApp",""
"https://www.hepsiemlak.com/izmir-gaziemir-gazikent-kiralik/daire/0-46993327","1 / 15","37.000","02/09/2026","Sahibinden Emlak Konutlarında Kiralık 2+1 Eşyalı","Kiralık Daire","2 + 1","100 m²","25 Yaşında","·","Kat","Ara Kat","İzmir / Gaziemir / Gazikent Mah.","https://www.hepsiemlak.com/_nuxt/8cafc93fb5c74c75e9e04e528e02ccdf.jpg","","",""
"https://www.hepsiemlak.com/izmir-cigli-yakakent-kiralik/daire/163066-10","1 / 30","45.000","10/08/2026","S.E-Max Yatırım 3+1 Eşyalı Kiralık Daire Yaka Kent Çiğli","Kiralık Daire","3 + 1","117 m²","25 Yaşında","·","Kat","9. Kat","İzmir / Çiğli / Yakakent Mah.","https://www.hepsiemlak.com/_nuxt/8cafc93fb5c74c75e9e04e528e02ccdf.jpg","S.e-max Gayrimenkul","WhatsApp",""
"https://www.hepsiemlak.com/izmir-seferihisar-colak-ibrahim-bey-kiralik/villa/84385-243","1 / 33","85.000","17/08/2026","Prestijli Site Lilya Konakları'nda Kiralık Lüks 4+1 Villalar","Kiralık Villa","4 + 1","180 m²","2 Yaşında","·","Kat","Bahçe Katı","İzmir / Seferihisar / Çolak İbrahim Bey Mah.","https://www.hepsiemlak.com/_nuxt/8cafc93fb5c74c75e9e04e528e02ccdf.jpg","Yıldız Emlak","WhatsApp","https://www.hepsiemlak.com/_nuxt/8cafc93fb5c74c75e9e04e528e02ccdf.jpg"
"https://www.hepsiemlak.com/izmir-karabaglar-selvili-kiralik/daire/146376-150","1 / 30","23.000","16/07/2026","Merlezde Cam Balkonlu D.Kombili Kiralık 2+1 Daire","Kiralık Daire","2 + 1","75 m²","6 Yaşında","·","Kat","2. Kat","İzmir / Karabağlar / Selvili Mah.","https://www.hepsiemlak.com/_nuxt/8cafc93fb5c74c75e9e04e528e02ccdf.jpg","Parla Plus Gayrimenkul Danışmanlığı","WhatsApp",""
"https://www.hepsiemlak.com/izmir-narlidere-limanreis-kiralik/daire/0-46943304","1 / 19","95.000","24/07/2026","Geniş, Bakımlı, Müstakil Teraslı Daire","Kiralık Daire","3 + 1","180 m²","30 Yaşında","·","Kat","2. Kat","İzmir / Narlıdere / Limanreis Mah.","https://www.hepsiemlak.com/_nuxt/8cafc93fb5c74c75e9e04e528e02ccdf.jpg","","WhatsApp",""
"https://www.hepsiemlak.com/izmir-menemen-9-eylul-kiralik/daire/151277-137","1 / 24","42.000","23/08/2026","3+1 Lüks Eşyalı Kiralık Daire","Kiralık Daire","3 + 1","115 m²","6 Yaşında","·","Kat","2. Kat","İzmir / Menemen / 9 Eylül Mah.","https://www.hepsiemlak.com/_nuxt/8cafc93fb5c74c75e9e04e528e02ccdf.jpg","","WhatsApp",""
"https://www.hepsiemlak.com/izmir-cigli-ahmet-efendi-kiralik/daire/0-46933936","1 / 17","22.500","19/08/2026","My Way Wıns Blue Sitesi Eşyalı Ara Kat Kiralık 1+0","Kiralık Daire","Stüdyo","48 m²","4 Yaşında","·","Kat","1. Kat","İzmir / Çiğli / Ahmet Efendi Mah.","https://www.hepsiemlak.com/_nuxt/8cafc93fb5c74c75e9e04e528e02ccdf.jpg","","WhatsApp",""
"https://www.hepsiemlak.com/izmir-bayrakli-tepekule-kiralik/daire/160344-38","1 / 22","18.000","31/08/2026","Servis Güzergahında 2+1 Kiralık Daire","Kiralık Daire","2 + 1","90 m²","31 Yaşında","·","Kat","3. Kat","İzmir / Bayraklı / Tepekule Mah.","https://www.hepsiemlak.com/_nuxt/8cafc93fb5c74c75e9e04e528e02ccdf.jpg","Funda Eren Gayrimenkul","WhatsApp","https://www.hepsiemlak.com/_nuxt/8cafc93fb5c74c75e9e04e528e02ccdf.jpg"
"https://www.hepsiemlak.com/izmir-menemen-ulus-kiralik/daire/160799-69","1 / 29","30.000","11/08/2026","Koyundere 5. Konuk Ev. Havuz Site İçinde Kiralık Geniş 2+1 Daire","Kiralık Daire","2 + 1","110 m²","6 Yaşında","·","Kat","4. Kat","İzmir / Menemen / Ulus Mah.","https://www.hepsiemlak.com/_nuxt/8cafc93fb5c74c75e9e04e528e02ccdf.jpg","","WhatsApp",""
"https://www.hepsiemlak.com/izmir-menemen-kemal-ataturk-kiralik/daire/114283-119","1 / 19","19.000","26/08/2026","Koyundere'de Merkezi Konum Geniş 2+1 Doğalgazlı","Kiralık Daire","2 + 1","120 m²","11 Yaşında","·","Kat","1. Kat","İzmir / Menemen / Kemal Atatürk Mah.","https://www.hepsiemlak.com/_nuxt/8cafc93fb5c74c75e9e04e528e02ccdf.jpg","","WhatsApp",""
"https://www.hepsiemlak.com/izmir-dikili-candarli-kiralik/daire/159722-277","1 / 39","32.000","26/08/2026","Çandarlı Sahilde Denize En Ön Sıra 2+1 Kiralık Daire","Kiralık Daire","2 + 1","70 m²","21 Yaşında","·","Kat","2. Kat","İzmir / Dikili / Çandarlı Mah.","https://www.hepsiemlak.com/_nuxt/8cafc93fb5c74c75e9e04e528e02ccdf.jpg","","WhatsApp",""
"https://www.hepsiemlak.com/izmir-konak-yesiltepe-kiralik/daire/162955-23","1 / 39","50.000","07/08/2026","Deniz Manzaralı, Full Eşyalı 1+0","Kiralık Daire","Stüdyo","74 m²","31 Yaşında","·","Kat","5. Kat","İzmir / Konak / Yeşiltepe Mah.","https://www.hepsiemlak.com/_nuxt/8cafc93fb5c74c75e9e04e528e02ccdf.jpg","H&p Gayrimenkul","WhatsApp","https://www.hepsiemlak.com/_nuxt/8cafc93fb5c74c75e9e04e528e02ccdf.jpg"
"https://www.hepsiemlak.com/izmir-buca-adatepe-kiralik/daire/155801-104","1 / 37","28.000","21/07/2026","Üniversite Yakını Kiralık 1+1 Residence Daire","Kiralık Daire","1 + 1","55 m²","2 Yaşında","·","Kat","9. Kat","İzmir / Buca / Adatepe Mah.","https://www.hepsiemlak.com/_nuxt/8cafc93fb5c74c75e9e04e528e02ccdf.jpg","Ridas Gayrimenkul Danışmanlığı","WhatsApp","https://www.hepsiemlak.com/_nuxt/8cafc93fb5c74c75e9e04e528e02ccdf.jpg"
"https://www.hepsiemlak.com/izmir-torbali-turkmenkoy-kiralik/daire/144352-110","1 / 28","19.000","02/09/2026","Ali Pehlivanoğlu Ayrancılar Konutlarında Havuz Cephe Kiralık 1+1","Kiralık Daire","1 + 1","65 m²","Sıfır Bina","·","Kat","4. Kat","İzmir / Torbalı / Türkmenköy Mah.","https://hecdnnw.hemlak.com/mncropresize/77/67/logo/2/5/3/4/4/1/ecb8da90-1b35-4aba-a42c-36835a6bcbe5.jpg","Home And More Gayrimenkul","WhatsApp",""
"https://www.hepsiemlak.com/izmir-karsiyaka-bahcelievler-kiralik/daire/31745-23382","1 / 31","65.000","07/09/2026","Karşıyaka Bahçelievler'de Kw Martı Takım'dan 3+1 Dubleks Kiralık","Kiralık Daire","3 + 1","145 m²","5 Yaşında","·","Kat","5. Kat","İzmir / Karşıyaka / Bahçelievler Mah.","https://hecdnnw.hemlak.com/mncropresize/77/67/logo/5/4/7/1/3/0/6718b45f-7eab-4495-a6ae-e40f674f4b91.jpg","Kw Alesta-viya-orsa 5","WhatsApp",""
"https://www.hepsiemlak.com/izmir-konak-kahramanlar-kiralik/daire/31777-430","1 / 17","28.000","17/08/2026","Kahramanlarda Fuara Yakın Yeni Bina 2+1","Kiralık Daire","2 + 1","80 m²","10 Yaşında","·","Kat","3. Kat","İzmir / Konak / Kahramanlar Mah.","","","WhatsApp",""
"https://www.hepsiemlak.com/izmir-cesme-boyalik-kiralik/yazlik/106456-299","1 / 24","125.000","17/08/2026","Çeşme Boyalıkta Denize Sıfır Kiralık Daire","Kiralık Yazlık","2 + 1","90 m²","40 Yaşında","·","Kat","Zemin","İzmir / Çeşme / Boyalık Mah.","https://hecdn01.hemlak.com/mncropresize/182/137/ds01/4/0/6/1/4/6/6/4/1779309340-171129-46641604.jpeg","","WhatsApp",""
"https://www.hepsiemlak.com/izmir-karsiyaka-bostanli-kiralik/daire/83235-157","1 / 24","45.000","09/09/2026","Bostanlı Nergis Metro Cepheli 3+1 Eşyalı Kiralık Daire","Kiralık Daire","3 + 1","135 m²","25 Yaşında","·","Kat","4. Kat","İzmir / Karşıyaka / Bostanlı Mah.","https://www.hepsiemlak.com/_nuxt/8cafc93fb5c74c75e9e04e528e02ccdf.jpg","Vassa Gayrimenkul","WhatsApp","https://www.hepsiemlak.com/_nuxt/8cafc93fb5c74c75e9e04e528e02ccdf.jpg"
"https://www.hepsiemlak.com/izmir-karsiyaka-bostanli-kiralik/daire/27072-2467","1 / 31","40.000","07/09/2026","Bostanlı Merkezde Sahile Çok Yakın Köşe","Kiralık Daire","3 + 1","130 m²","31 Yaşında","·","Kat","3. Kat","İzmir / Karşıyaka / Bostanlı Mah.","https://www.hepsiemlak.com/_nuxt/8cafc93fb5c74c75e9e04e528e02ccdf.jpg","İlker Emlak","WhatsApp","https://www.hepsiemlak.com/_nuxt/8cafc93fb5c74c75e9e04e528e02ccdf.jpg"
"https://www.hepsiemlak.com/izmir-narlidere-ataturk-kiralik/daire/125876-3229","1 / 14","65.000","11/08/2026","Narlıdere Altınova Sitesinde 3+1 Kiralık Daire","Kiralık Daire","3 + 1","160 m²","16 Yaşında","·","Kat","7. Kat","İzmir / Narlıdere / Atatürk Mah.","https://www.hepsiemlak.com/_nuxt/8cafc93fb5c74c75e9e04e528e02ccdf.jpg","Kw Alesta-viya-orsa 4","WhatsApp","https://www.hepsiemlak.com/_nuxt/8cafc93fb5c74c75e9e04e528e02ccdf.jpg"
"https://www.hepsiemlak.com/izmir-cigli-balatcik-kiralik/daire/5823-2828","1 / 14","23.000","07/09/2026","Balatcıkta Merkezi Konumda Üniversite Yakını Eşyalı 1+1 Kiralık","Kiralık Daire","1 + 1","55 m²","11 Yaşında","·","Kat","2. Kat","İzmir / Çiğli / Balatçık Mah.","https://www.hepsiemlak.com/_nuxt/8cafc93fb5c74c75e9e04e528e02ccdf.jpg","","WhatsApp",""
"https://www.hepsiemlak.com/izmir-odemis-cumhuriyet-kiralik/daire/113414-316","1 / 14","18.000","10/09/2026","Tren Garı Karşısı Eşyalı Kiralık","Kiralık Daire","3 + 1","115 m²","28 Yaşında","·","Kat","4. Kat","İzmir / Ödemiş / Cumhuriyet Mah.","https://www.hepsiemlak.com/_nuxt/8cafc93fb5c74c75e9e04e528e02ccdf.jpg","","WhatsApp",""
"https://www.hepsiemlak.com/izmir-buca-kozagac-kiralik/daire/22365-633","1 / 20","35.000","31/08/2026","Çevik Bir Meydan Yakını 3+1 Eşyalı Arakat Kiralik","Kiralık Daire","3 + 1","110 m²","10 Yaşında","·","Kat","3. Kat","İzmir / Buca / Kozağaç Mah.","https://www.hepsiemlak.com/_nuxt/8cafc93fb5c74c75e9e04e528e02ccdf.jpg","Tuna Ay","WhatsApp",""
"https://www.hepsiemlak.com/izmir-bornova-kazimdirik-kiralik/daire/170839-13","1 / 10","33.000","08/09/2026","Kazımdirik Mahallesi Küçükpark'ta 3+1 Doğalgazlı-Kısmi Eşyalı-Klimalı Daire","Kiralık Daire","3 + 1","110 m²","35 Yaşında","·","Kat","1. Kat","İzmir / Bornova / Kazımdirik Mah.","https://www.hepsiemlak.com/_nuxt/8cafc93fb5c74c75e9e04e528e02ccdf.jpg","","WhatsApp",""
"https://www.hepsiemlak.com/izmir-seferihisar-hidirlik-kiralik/daire/151333-204","1 / 13","32.000","29/08/2026","3+1 Hıdırlık Mah. 85 M2 Sıfır 2 Adet Kiralık Dairemiz Vardır","Kiralık Daire","3 + 1","85 m²","Sıfır Bina","·","Kat","3. Kat","İzmir / Seferihisar / Hıdırlık Mah.","https://www.hepsiemlak.com/_nuxt/8cafc93fb5c74c75e9e04e528e02ccdf.jpg","Connectturk Halitoğulları Gayrimenkul","WhatsApp","https://www.hepsiemlak.com/_nuxt/8cafc93fb5c74c75e9e04e528e02ccdf.jpg"
"https://www.hepsiemlak.com/izmir-bornova-rafet-pasa-kiralik/daire/105340-19","1 / 13","23.000","28/08/2026","2.Sanayi Yakını Arakat 2+1 Tadilatlı","Kiralık Daire","2 + 1","125 m²","21 Yaşında","·","Kat","3. Kat","İzmir / Bornova / Rafet Paşa Mah.","https://www.hepsiemlak.com/_nuxt/8cafc93fb5c74c75e9e04e528e02ccdf.jpg","","WhatsApp",""
"https://www.hepsiemlak.com/izmir-menemen-gazi-mustafa-kemal-kiralik/daire/94349-545","1 / 26","16.000","16/08/2026","Menemen Seyrek Bakırçay Üniversitesi Yanı Eşyalı Kiralık 1+1","Kiralık Daire","1 + 1","60 m²","7 Yaşında","·","Kat","3. Kat","İzmir / Menemen / Gazi Mustafa Kemal Mah.","https://www.hepsiemlak.com/_nuxt/8cafc93fb5c74c75e9e04e528e02ccdf.jpg","Pırlanta Emlak","WhatsApp","https://www.hepsiemlak.com/_nuxt/8cafc93fb5c74c75e9e04e528e02ccdf.jpg"
"https://www.hepsiemlak.com/izmir-urla-icmeler-kiralik/villa/74526-3082","1 / 34","120.000","27/08/2026","Urla İçmeler Casa Marin Sitesinde Kiralık Villa By Aktar'dan","Kiralık Villa","3 + 1","170 m²","6 Yaşında","·","Kat","","İzmir / Urla / İçmeler Mah.","https://www.hepsiemlak.com/_nuxt/8cafc93fb5c74c75e9e04e528e02ccdf.jpg","By Aktar Gayrimenkul","WhatsApp","https://www.hepsiemlak.com/_nuxt/8cafc93fb5c74c75e9e04e528e02ccdf.jpg"
"https://www.hepsiemlak.com/izmir-bornova-evka-4-kiralik/daire/97779-1319","1 / 21","28.000","03/09/2026","Bornova Atatürk Evka 4 2+1 80 M2 Eşyalı Klimalı Kiralık Daire","Kiralık Daire","2 + 1","80 m²","21 Yaşında","·","Kat","Yüksek Giriş","İzmir / Bornova / Evka 4 Mah.","https://www.hepsiemlak.com/_nuxt/8cafc93fb5c74c75e9e04e528e02ccdf.jpg","","WhatsApp",""
"https://www.hepsiemlak.com/izmir-karabaglar-esenyali-kiralik/daire/62166-1429","1 / 21","35.000","24/08/2026","Hıfzıssıhha Merkez Poligon Metro Yakını 3+1 Çok Bakımlı 2.Kat","Kiralık Daire","3 + 1","115 m²","31 Yaşında","·","Kat","2. Kat","İzmir / Karabağlar / Esenyalı Mah.","https://www.hepsiemlak.com/_nuxt/8cafc93fb5c74c75e9e04e528e02ccdf.jpg","Evin Emlak Emre","WhatsApp","https://www.hepsiemlak.com/_nuxt/8cafc93fb5c74c75e9e04e528e02ccdf.jpg"
"https://www.hepsiemlak.com/izmir-konak-kilic-reis-kiralik/daire/117663-2356","1 / 23","28.500","28/08/2026","Üçyolun Merkezinde Bahçeli Ve Ferah 2+1 Kiralık Daire Kod1700","Kiralık Daire","2 + 1","90 m²","6 Yaşında","·","Kat","Yüksek Giriş","İzmir / Konak / Kılıç Reis Mah.","https://www.hepsiemlak.com/_nuxt/8cafc93fb5c74c75e9e04e528e02ccdf.jpg","","WhatsApp",""
"https://www.hepsiemlak.com/izmir-menemen-29-ekim-kiralik/daire/60711-1860","1 / 23","24.500","09/09/2026","İzban Durağı Cepheli Binada 2+1 Açık Mutfaklı Sıfır Ara Kat","Kiralık Daire","2 + 1","75 m²","Sıfır Bina","·","Kat","2. Kat","İzmir / Menemen / 29 Ekim Mah.","https://www.hepsiemlak.com/_nuxt/8cafc93fb5c74c75e9e04e528e02ccdf.jpg","","WhatsApp",""
"https://www.hepsiemlak.com/izmir-buca-kaynaklar-merkez-kiralik/mustakil-ev/111716-1807","1 / 30","45.000","08/09/2026","Kaynaklar Söğütte 300 M2 Bahce İcinde Otoparkli Havuzlu Kiralik Müstakil Ev","Kiralık Müstakil Ev","2 + 1","300 m²","4 Yaşında","·","Kat","","İzmir / Buca / Kaynaklar Merkez Mah.","https://www.hepsiemlak.com/_nuxt/8cafc93fb5c74c75e9e04e528e02ccdf.jpg","Buca Boranem Gayrimenkul","WhatsApp","https://www.hepsiemlak.com/_nuxt/8cafc93fb5c74c75e9e04e528e02ccdf.jpg"
"https://www.hepsiemlak.com/izmir-buca-ataturk-kiralik/daire/98031-951","1 / 11","23.000","20/08/2026","Mysite'den Ana Kampüs Yakını Kiralık 1+1 Eşyalı Daire","Kiralık Daire","1 + 1","56 m²","5 Yaşında","·","Kat","1. Kat","İzmir / Buca / Atatürk Mah.","https://www.hepsiemlak.com/_nuxt/8cafc93fb5c74c75e9e04e528e02ccdf.jpg","","WhatsApp",""
"https://www.hepsiemlak.com/izmir-torbali-torbali-kiralik/daire/1980-3156","1 / 13","24.000","08/09/2026","Ta Emlak'tan Torbalı'da Sıfır Binada Otoparklı 120 M2 Kiralık","Kiralık Daire","3 + 1","125 m²","Sıfır Bina","·","Kat","Yüksek Giriş","İzmir / Torbalı / Torbalı Mah.","https://www.hepsiemlak.com/_nuxt/8cafc93fb5c74c75e9e04e528e02ccdf.jpg","","WhatsApp",""
"https://www.hepsiemlak.com/izmir-cesme-ilica-kiralik/residence/70723-7336","1 / 17","80.000","17/08/2026","Çeşme Ilıca İnkim Suıts De Yıllık Kiralık 1+1 Eşyalı Daire","Kiralık Residence","1 + 1","65 m²","4 Yaşında","·","Kat","2. Kat","İzmir / Çeşme / Ilıca Mah.","https://www.hepsiemlak.com/_nuxt/8cafc93fb5c74c75e9e04e528e02ccdf.jpg","Coldwell Banker Life","WhatsApp","https://www.hepsiemlak.com/_nuxt/8cafc93fb5c74c75e9e04e528e02ccdf.jpg"
"https://www.hepsiemlak.com/izmir-bayrakli-manavkuyu-kiralik/daire/48918-278","1 / 15","43.000","24/08/2026","Bayraklı Manavkuyu'da 3+1 Ara Kat Ferah Daire","Kiralık Daire","3 + 1","155 m²","25 Yaşında","·","Kat","4. Kat","İzmir / Bayraklı / Manavkuyu Mah.","https://www.hepsiemlak.com/_nuxt/8cafc93fb5c74c75e9e04e528e02ccdf.jpg","","WhatsApp",""
"https://www.hepsiemlak.com/izmir-bornova-mevlana-kiralik/daire/22103-5503","1 / 12","37.000","31/08/2026","Ful Eşyalı Öğrenci Veya Çalışana Kiralık 2+1","Kiralık Daire","2 + 1","91 m²","9 Yaşında","·","Kat","5. Kat","İzmir / Bornova / Mevlana Mah.","","","WhatsApp",""
"https://www.hepsiemlak.com/izmir-karsiyaka-dedebasi-kiralik/daire/0-47234521","1 / 14","36.000","02/09/2026","2+1 Köşe Lüks Daire","Kiralık Daire","2 + 1","110 m²","7 Yaşında","·","Kat","Yüksek Giriş","İzmir / Karşıyaka / Dedebaşı Mah.","","","WhatsApp",""
"https://www.hepsiemlak.com/izmir-balcova-egitim-kiralik/daire/0-46975393","1 / 14","40.000","20/07/2026","Balçova & İstinye Parka Yürüme Mesafesi (2+1) Eşyalı Kiralık","Kiralık Daire","2 + 1","70 m²","5 Yaşında","·","Kat","1. Kat","İzmir / Balçova / Eğitim Mah.","","","WhatsApp",""
"https://www.hepsiemlak.com/izmir-karsiyaka-bostanli-kiralik/daire/58372-6846","1 / 58","160.000","09/09/2026","Bostalı Yıllar Apartmanında Sıfır Bina 3+1 Kiralık Yalı Dairesi","Kiralık Daire","3 + 1","145 m²","Sıfır Bina","·","Kat","5. Kat","İzmir / Karşıyaka / Bostanlı Mah.","https://hecdn01.hemlak.com/mncropresize/182/137/ds01/4/2/7/8/3/2/7/4/382a4abf-d017-42a8-b5b2-5bb90ea98aef.jpg","Coldwell Banker Plus","WhatsApp","https://hecdnnw.hemlak.com/mncropresize/77/67/logo/2/7/3/8/5/0/1d7faae5-65d0-4f0c-a7c4-fc02c16b0ffb.jpg"
"https://www.hepsiemlak.com/izmir-konak-halkapinar-kiralik/daire/112706-9171","1 / 52","55.000","03/09/2026","Kuzay Kök Gm. Danışmanlığından Folkart Vega'da Kiralık 1+1 Daire","Kiralık Daire","1 + 1","50 m²","4 Yaşında","·","Kat","21 ve üzeri","İzmir / Konak / Halkapınar Mah.","https://www.hepsiemlak.com/_nuxt/8cafc93fb5c74c75e9e04e528e02ccdf.jpg","Kw Alesta-viya-orsa 2","WhatsApp","https://www.hepsiemlak.com/_nuxt/8cafc93fb5c74c75e9e04e528e02ccdf.jpg"
"https://www.hepsiemlak.com/izmir-konak-barbaros-kiralik/daire/9764-9212","1 / 36","36.000","10/09/2026","İlhan'dan Kız Lisesi Karataş'ta Asansörlü Ebeveyn Banyolu 8 Yıllık Geniş Daire","Kiralık Daire","3 + 1","158 m²","10 Yaşında","·","Kat","Kot 1","İzmir / Konak / Barbaros Mah.","https://www.hepsiemlak.com/_nuxt/8cafc93fb5c74c75e9e04e528e02ccdf.jpg","İlhan Emlak","WhatsApp","https://www.hepsiemlak.com/_nuxt/8cafc93fb5c74c75e9e04e528e02ccdf.jpg"
"https://www.hepsiemlak.com/izmir-karabaglar-sevgi-kiralik/daire/171435-48","1 / 27","24.000","08/09/2026","Şehitfethi Bey Lisesi Yakını Site İçi 2+1 Doğalgazlı Kiralık","Kiralık Daire","2 + 1","90 m²","11 Yaşında","·","Kat","Yüksek Giriş","İzmir / Karabağlar / Sevgi Mah.","https://www.hepsiemlak.com/_nuxt/8cafc93fb5c74c75e9e04e528e02ccdf.jpg","Garanti Gayrimenkul","WhatsApp","https://www.hepsiemlak.com/_nuxt/8cafc93fb5c74c75e9e04e528e02ccdf.jpg"
"https://www.hepsiemlak.com/izmir-menemen-villakent-kiralik/villa/119895-4226","1 / 41","72.000","26/08/2026","Villarima Kaleköy'de Bahçeli, Doğa Manzaralı Dubleks Kiralık Villa","Kiralık Villa","3 + 1","145 m²","3 Yaşında","·","Kat","","İzmir / Menemen / Villakent Mah.","https://www.hepsiemlak.com/_nuxt/8cafc93fb5c74c75e9e04e528e02ccdf.jpg","Kw Alesta-viya-orsa 3","WhatsApp","https://www.hepsiemlak.com/_nuxt/8cafc93fb5c74c75e9e04e528e02ccdf.jpg"
"https://www.hepsiemlak.com/izmir-bornova-yesilova-kiralik/daire/141959-733","1 / 19","27.500","24/08/2026","Point Residence 21. Kat Kiralık 1+0 Studio Daire","Kiralık Daire","Stüdyo","46 m²","Sıfır Bina","·","Kat","21 ve üzeri","İzmir / Bornova / Yeşilova Mah.","https://www.hepsiemlak.com/_nuxt/8cafc93fb5c74c75e9e04e528e02ccdf.jpg","Remax Jolly","WhatsApp","https://www.hepsiemlak.com/_nuxt/8cafc93fb5c74c75e9e04e528e02ccdf.jpg"
"https://www.hepsiemlak.com/izmir-cigli-guzeltepe-kiralik/daire/21001-18899","1 / 31","18.000","08/09/2026","Güzeltepede Kiralık Fiyat Düştü 3+1 Üstü Kapalı Teras+dogalgaz","Kiralık Daire","3 + 1","121 m²","26 Yaşında","·","Kat","2. Kat","İzmir / Çiğli / Güzeltepe Mah.","https://www.hepsiemlak.com/_nuxt/8cafc93fb5c74c75e9e04e528e02ccdf.jpg","Çiğli Serkan Emlak","WhatsApp","https://www.hepsiemlak.com/_nuxt/8cafc93fb5c74c75e9e04e528e02ccdf.jpg"
"https://www.hepsiemlak.com/izmir-karsiyaka-bostanli-kiralik/daire/119979-2750","1 / 35","46.000","21/08/2026","Bostanlı'da 3+1 Tadilatlı Kiralık Daire","Kiralık Daire","3 + 1","120 m²","31 Yaşında","·","Kat","1. Kat","İzmir / Karşıyaka / Bostanlı Mah.","https://www.hepsiemlak.com/_nuxt/8cafc93fb5c74c75e9e04e528e02ccdf.jpg","Startkey Puzzle","WhatsApp","https://www.hepsiemlak.com/_nuxt/8cafc93fb5c74c75e9e04e528e02ccdf.jpg"
"https://www.hepsiemlak.com/izmir-cigli-sasalli-merkez-kiralik/daire/134354-3384","1 / 37","80.000","14/08/2026","Privatus Verus’ta 3+1 Çatı Dubleks Kiralık","Kiralık Daire","3 + 1","147 m²","Sıfır Bina","·","Kat","3. Kat","İzmir / Çiğli / Sasallı Merkez Mah.","https://www.hepsiemlak.com/_nuxt/8cafc93fb5c74c75e9e04e528e02ccdf.jpg","Remax Target","WhatsApp","https://www.hepsiemlak.com/_nuxt/8cafc93fb5c74c75e9e04e528e02ccdf.jpg"
"https://www.hepsiemlak.com/izmir-karabaglar-bahcelievler-kiralik/daire/142245-574","1 / 22","45.000","04/09/2026","Üçyol Meydanda Metro Çıkışında Kiralık 3+1 Daire","Kiralık Daire","3 + 1","135 m²","16 Yaşında","·","Kat","5. Kat","İzmir / Karabağlar / Bahçelievler Mah.","https://www.hepsiemlak.com/_nuxt/8cafc93fb5c74c75e9e04e528e02ccdf.jpg","Kayıkhane Gayrimenkul","WhatsApp","https://www.hepsiemlak.com/_nuxt/8cafc93fb5c74c75e9e04e528e02ccdf.jpg"
"https://www.hepsiemlak.com/izmir-karsiyaka-dedebasi-kiralik/daire/71862-2155","1 / 50","62.000","04/09/2026","Dedebaşı Merkezde_büyük Daire:180 Metre² Ebeveynli_ara Katta 3+1","Kiralık Daire","3 + 1","180 m²","5 Yaşında","·","Kat","2. Kat","İzmir / Karşıyaka / Dedebaşı Mah.","https://www.hepsiemlak.com/_nuxt/8cafc93fb5c74c75e9e04e528e02ccdf.jpg","","WhatsApp",""
"https://www.hepsiemlak.com/izmir-bayrakli-manavkuyu-kiralik/daire/165005-90","1 / 32","40.000","28/08/2026","Manavkuyu'da Merkezi Lokasyonda Full Eşyalı Kiralık 3+1 Daire","Kiralık Daire","3 + 1","127 m²","31 Yaşında","·","Kat","5. Kat","İzmir / Bayraklı / Manavkuyu Mah.","https://www.hepsiemlak.com/_nuxt/8cafc93fb5c74c75e9e04e528e02ccdf.jpg","Kw Efe Takım","WhatsApp","https://www.hepsiemlak.com/img/loadings/noImage55-55.png"
"https://www.hepsiemlak.com/izmir-bornova-kazimdirik-kiralik/daire/60930-3073","1 / 37","35.000","09/09/2026","Sabri Cengiz Emlak Bornova Mustafa Kemal Caddesin De Kiralık Daire 3+1","Kiralık Daire","3 + 1","140 m²","25 Yaşında","·","Kat","4. Kat","İzmir / Bornova / Kazımdirik Mah.","https://www.hepsiemlak.com/_nuxt/8cafc93fb5c74c75e9e04e528e02ccdf.jpg","","WhatsApp",""
"https://www.hepsiemlak.com/izmir-selcuk-ataturk-kiralik/daire/167546-68","1 / 28","35.000","05/09/2026","İzmir Selçuk Atatürk Mahallesi 3+1 Kiralık Daire","Kiralık Daire","3 + 1","135 m²","18 Yaşında","·","Kat","Giriş Katı","İzmir / Selçuk / Atatürk Mah.","https://www.hepsiemlak.com/_nuxt/8cafc93fb5c74c75e9e04e528e02ccdf.jpg","Nc Selçuk Emlak","WhatsApp","https://www.hepsiemlak.com/_nuxt/8cafc93fb5c74c75e9e04e528e02ccdf.jpg"
"https://www.hepsiemlak.com/izmir-karabaglar-ali-fuat-cebesoy-kiralik/daire/84343-849","1 / 34","26.000","31/08/2026","Baş-Kaleden Egeyaşam Has.Yakını Anaceddeye2.Bina2+1 100m Kiralık","Kiralık Daire","2 + 1","100 m²","11 Yaşında","·","Kat","4. Kat","İzmir / Karabağlar / Ali Fuat Cebesoy Mah.","https://www.hepsiemlak.com/_nuxt/8cafc93fb5c74c75e9e04e528e02ccdf.jpg","Baş-kale Gayrimenkul Ve Yatırım","WhatsApp","https://www.hepsiemlak.com/_nuxt/8cafc93fb5c74c75e9e04e528e02ccdf.jpg"
"https://www.hepsiemlak.com/izmir-bornova-kazimdirik-kiralik/daire/139122-134","1 / 34","70.000","27/08/2026","Valora'dan Folkart Life Bornova'da 2+1 Fulleşyalı Kiralık Daire","Kiralık Daire","2 + 1","85 m²","6 Yaşında","·","Kat","5. Kat","İzmir / Bornova / Kazımdirik Mah.","https://www.hepsiemlak.com/_nuxt/8cafc93fb5c74c75e9e04e528e02ccdf.jpg","Valora Gayrimenkul","WhatsApp",""
"https://www.hepsiemlak.com/izmir-konak-halkapinar-kiralik/daire/4762-4770","1 / 50","48.000","26/08/2026","Konak Halkapınar Mahall Bomonti Sitesinde Eşyalı Kiralık 1+1 Daire","Kiralık Daire","1 + 1","66 m²","3 Yaşında","·","Kat","21 ve üzeri","İzmir / Konak / Halkapınar Mah.","https://www.hepsiemlak.com/_nuxt/8cafc93fb5c74c75e9e04e528e02ccdf.jpg","","WhatsApp",""
"https://www.hepsiemlak.com/izmir-cesme-alacati-kiralik/villa/2152-8956","1 / 21","650.000","24/08/2026","Ege Emlak'tan Alaçatı'da Ilıca'ya Yakın Eşyalı 3+1 Yıllık","Kiralık Villa","3 + 1","140 m²","30 Yaşında","·","Kat","","İzmir / Çeşme / Alaçatı Mah.","https://www.hepsiemlak.com/_nuxt/8cafc93fb5c74c75e9e04e528e02ccdf.jpg","Ege Emlak","WhatsApp","https://www.hepsiemlak.com/_nuxt/8cafc93fb5c74c75e9e04e528e02ccdf.jpg"
"https://www.hepsiemlak.com/izmir-buca-adatepe-kiralik/daire/70103-1450","1 / 18","24.000","24/08/2026","Egebay Gayrimenkul,Den Kiralık Eşyalı 1+1 Daire","Kiralık Daire","1 + 1","50 m²","6 Yaşında","·","Kat","2. Kat","İzmir / Buca / Adatepe Mah.","https://www.hepsiemlak.com/_nuxt/8cafc93fb5c74c75e9e04e528e02ccdf.jpg","Egebay Gayrimenkul","WhatsApp","https://www.hepsiemlak.com/_nuxt/8cafc93fb5c74c75e9e04e528e02ccdf.jpg"
"https://www.hepsiemlak.com/izmir-konak-turgut-reis-kiralik/daire/26467-6840","1 / 21","26.000","21/08/2026","π Turgut Reis 2+1 Asansör Ve Sahil Yakını Daire","Kiralık Daire","2 + 1","115 m²","31 Yaşında","·","Kat","4. Kat","İzmir / Konak / Turgut Reis Mah.","https://www.hepsiemlak.com/_nuxt/8cafc93fb5c74c75e9e04e528e02ccdf.jpg","Turyap Üçyol Temsilciliği","WhatsApp","https://www.hepsiemlak.com/_nuxt/8cafc93fb5c74c75e9e04e528e02ccdf.jpg"
"https://www.hepsiemlak.com/izmir-karabaglar-bahar-kiralik/daire/128178-1067","1 / 14","30.000","14/08/2026","Nurfen'den Hastane Yanı Genç Binada Çift Cepheli Kiralık","Kiralık Daire","3 + 1","115 m²","11 Yaşında","·","Kat","4. Kat","İzmir / Karabağlar / Bahar Mah.","https://www.hepsiemlak.com/_nuxt/8cafc93fb5c74c75e9e04e528e02ccdf.jpg","","WhatsApp",""
"https://www.hepsiemlak.com/izmir-menemen-istiklal-kiralik/daire/21024-12041","1 / 31","28.000","28/08/2026","Ulukent Gültekin Pera 2 Sitesinde Kiralık Sıfır 1+1 Daire","Kiralık Daire","1 + 1","55 m²","Sıfır Bina","·","Kat","3. Kat","İzmir / Menemen / İstiklal Mah.","https://hecdnnw.hemlak.com/mncropresize/77/67/logo/4/2/0/1/2/0/31ed9958-8302-430a-ad93-dfdc1a2f8dd5.jpg","Turyap Ataşehir Fil","WhatsApp",""
"https://www.hepsiemlak.com/izmir-karsiyaka-zubeyde-hanim-kiralik/daire/26584-3045","1 / 31","28.000","01/09/2026","Karşıyaka Zübeyde Hnm Mah De Ara Kat D.Gazlı Kiralık 3+1 Daire","Kiralık Daire","3 + 1","128 m²","31 Yaşında","·","Kat","Ara Kat","İzmir / Karşıyaka / Zübeyde Hanım Mah.","https://hecdnnw.hemlak.com/mncropresize/77/67/logo/4/8/5/6/2/0/50333708-4aa1-47e1-9ec1-8fea5a14f4fb.jpg","Kanıt Emlak","WhatsApp",""
"https://www.hepsiemlak.com/izmir-buca-ataturk-kiralik/daire/145638-132","1 / 10","21.000","09/09/2026","Hasanağa Bahçesi Yakını 1+1 Ara Kat Full Eşyalı Klimalı Yeni Daire","Kiralık Daire","1 + 1","55 m²","9 Yaşında","·","Kat","2. Kat","İzmir / Buca / Atatürk Mah.","https://hecdnnw.hemlak.com/mncropresize/77/67/logo/8/3/6/5/4/1/21f6c57a-cc04-4321-a9af-08784707a53f.jpg","Dsy Gayrimenkul","WhatsApp",""
"https://www.hepsiemlak.com/izmir-konak-barbaros-kiralik/daire/74289-140","1 / 21","27.000","31/08/2026","Karataşın En Güzel Sokağında Deniz Gören D.Gazlı Kiralik Daire","Kiralık Daire","2 + 1","90 m²","31 Yaşında","·","Kat","2. Kat","İzmir / Konak / Barbaros Mah.","https://hecdn01.hemlak.com/mncropresize/182/137/ds01/4/8/4/3/3/1/7/4/5ed2eed6-28bd-4daa-81ec-2e84d85eced4.jpg","","WhatsApp",""
"https://www.hepsiemlak.com/izmir-karabaglar-general-kazim-ozalp-kiralik/daire/83651-2110","1 / 27","35.000","26/08/2026","Mimkentte Kocatürk Koleji Yakını 3+1 Kısmı Eşyalı Doğalgazlı","Kiralık Daire","3 + 1","130 m²","5 Yaşında","·","Kat","Bahçe Katı","İzmir / Karabağlar / General Kazım Özalp Mah.","https://www.hepsiemlak.com/_nuxt/8cafc93fb5c74c75e9e04e528e02ccdf.jpg","Almira Emlak","WhatsApp","https://www.hepsiemlak.com/_nuxt/8cafc93fb5c74c75e9e04e528e02ccdf.jpg"
"https://www.hepsiemlak.com/izmir-bergama-zafer-kiralik/daire/135905-350","1 / 17","16.500","03/09/2026","Bergama Zafer Mahallesi Medigün Üzeri Geniş 4+1 Kiralık Daire","Kiralık Daire","4 + 1","145 m²","25 Yaşında","·","Kat","Zemin","İzmir / Bergama / Zafer Mah.","https://www.hepsiemlak.com/_nuxt/8cafc93fb5c74c75e9e04e528e02ccdf.jpg","","WhatsApp",""
"https://www.hepsiemlak.com/izmir-seferihisar-colak-ibrahim-bey-kiralik/daire/125199-906","1 / 43","27.500","07/09/2026","Seferihisarda Geniş Eşyasız 1+1 Kiralık Daire","Kiralık Daire","1 + 1","65 m²","2 Yaşında","·","Kat","2. Kat","İzmir / Seferihisar / Çolak İbrahim Bey Mah.","https://www.hepsiemlak.com/_nuxt/8cafc93fb5c74c75e9e04e528e02ccdf.jpg","Akkaya Gayrimenkul","WhatsApp","https://www.hepsiemlak.com/_nuxt/8cafc93fb5c74c75e9e04e528e02ccdf.jpg"
"https://www.hepsiemlak.com/izmir-kemalpasa-ulucak-istiklal-kiralik/daire/83818-1600","1 / 30","30.000","01/09/2026","Kemalpaşa Ulucak Kiralık Daire 2+1 | 100 M2","Kiralık Daire","2 + 1","105 m²","6 Yaşında","·","Kat","4. Kat","İzmir / Kemalpaşa / Ulucak İstiklal Mah.","https://www.hepsiemlak.com/_nuxt/8cafc93fb5c74c75e9e04e528e02ccdf.jpg","İzmir Kent Gayrimenkul Ve Yatırım","WhatsApp","https://www.hepsiemlak.com/_nuxt/8cafc93fb5c74c75e9e04e528e02ccdf.jpg"
"https://www.hepsiemlak.com/izmir-balcova-koruturk-kiralik/daire/22303-625","1 / 44","40.000","31/08/2026","Balçova Ekonomi Ve Dokuz Eylül Üni Yakını 3+1 Eşyalı Kiralık","Kiralık Daire","3 + 1","120 m²","31 Yaşında","·","Kat","Ara Kat","İzmir / Balçova / Korutürk Mah.","https://www.hepsiemlak.com/_nuxt/8cafc93fb5c74c75e9e04e528e02ccdf.jpg","","WhatsApp",""
"https://www.hepsiemlak.com/izmir-karabaglar-yunus-emre-kiralik/daire/151041-264","1 / 31","25.000","01/09/2026","Merkezi Konumda 3+1 Kiralık Daire","Kiralık Daire","3 + 1","140 m²","26 Yaşında","·","Kat","3. Kat","İzmir / Karabağlar / Yunus Emre Mah.","https://www.hepsiemlak.com/_nuxt/8cafc93fb5c74c75e9e04e528e02ccdf.jpg","H-s Gayrimenkul","WhatsApp","https://www.hepsiemlak.com/_nuxt/8cafc93fb5c74c75e9e04e528e02ccdf.jpg"
"https://www.hepsiemlak.com/izmir-dikili-ismetpasa-kiralik/daire/171321-13","1 / 21","30.000","28/08/2026","Kiralık 2+1 Kapalı Mutfak Çarşı Merkezi","Kiralık Daire","2 + 1","110 m²","21 Yaşında","·","Kat","Giriş Katı","İzmir / Dikili / İsmetpaşa Mah.","https://www.hepsiemlak.com/_nuxt/8cafc93fb5c74c75e9e04e528e02ccdf.jpg","","WhatsApp",""
"https://www.hepsiemlak.com/izmir-buca-yenigun-kiralik/daire/143820-130","1 / 25","47.000","01/09/2026","İzmir Buca Yenigün Mah 100 Metrekare 4 Kat Lüks Daire Asansörlü","Kiralık Daire","2 + 1","110 m²","2 Yaşında","·","Kat","4. Kat","İzmir / Buca / Yenigün Mah.","https://www.hepsiemlak.com/_nuxt/8cafc93fb5c74c75e9e04e528e02ccdf.jpg","İzmir Buca Emlak","WhatsApp","https://www.hepsiemlak.com/_nuxt/8cafc93fb5c74c75e9e04e528e02ccdf.jpg"
"https://www.hepsiemlak.com/izmir-buca-gaziler-kiralik/daire/15356-6514","1 / 40","25.000","25/08/2026","Buca Gaziler Mah.De Full Eşyalı 2+1 Ve 80 M2, D.Gazlı Kiralık Daire","Kiralık Daire","2 + 1","80 m²","25 Yaşında","·","Kat","Yüksek Giriş","İzmir / Buca / Gaziler Mah.","https://www.hepsiemlak.com/_nuxt/8cafc93fb5c74c75e9e04e528e02ccdf.jpg","Turyap İzmir Buca Temsilciliği","WhatsApp","https://www.hepsiemlak.com/_nuxt/8cafc93fb5c74c75e9e04e528e02ccdf.jpg"
"https://www.hepsiemlak.com/izmir-seferihisar-ataturk-kiralik/villa/134592-1123","1 / 28","50.000","22/08/2026","İzmir Seferihisar Denize Sıfır Sitede Çam Ormanlarının İçinde Kiralık Müstakil Villa","Kiralık Villa","4 + 2","240 m²","21 Yaşında","·","Kat","1. Kat","İzmir / Seferihisar / Atatürk Mah.","https://www.hepsiemlak.com/_nuxt/8cafc93fb5c74c75e9e04e528e02ccdf.jpg","Startkey Hayat Gayrimenkul","WhatsApp","https://www.hepsiemlak.com/_nuxt/8cafc93fb5c74c75e9e04e528e02ccdf.jpg"
"https://www.hepsiemlak.com/izmir-buca-sirinkapi-kiralik/daire/166543-146","1 / 22","26.000","16/08/2026","Şirinkapı Mah. 1+1 Eşyalı Doğalgazlı Balkonlu Kiralık Daire","Kiralık Daire","1 + 1","50 m²","5 Yaşında","·","Kat","3. Kat","İzmir / Buca / Şirinkapı Mah.","https://www.hepsiemlak.com/_nuxt/8cafc93fb5c74c75e9e04e528e02ccdf.jpg","Mevlana Emlak Buca","WhatsApp","https://www.hepsiemlak.com/_nuxt/8cafc93fb5c74c75e9e04e528e02ccdf.jpg"
"https://www.hepsiemlak.com/izmir-torbali-muratbey-kiralik/daire/161905-432","1 / 17","35.000","17/08/2026","Torbalı Murat Bey'de Kiralık Eşyalı 2+1 Daire","Kiralık Daire","2 + 1","100 m²","6 Yaşında","·","Kat","2. Kat","İzmir / Torbalı / Muratbey Mah.","https://www.hepsiemlak.com/_nuxt/8cafc93fb5c74c75e9e04e528e02ccdf.jpg","Ürün Gayrimenkul İnşaat Makina Otomotiv Sanayi Ve","WhatsApp","https://www.hepsiemlak.com/_nuxt/8cafc93fb5c74c75e9e04e528e02ccdf.jpg"
"https://www.hepsiemlak.com/izmir-buca-buca-koop-kiralik/daire/164994-21","1 / 34","35.000","09/09/2026","Buca Kop' Ta İşkent Sitesinde Geniş 3+1 Kiralık Boş Daire","Kiralık Daire","3 + 1","150 m²","21 Yaşında","·","Kat","5. Kat","İzmir / Buca / Buca Koop. Mah.","https://www.hepsiemlak.com/_nuxt/8cafc93fb5c74c75e9e04e528e02ccdf.jpg","","WhatsApp",""
"https://www.hepsiemlak.com/izmir-seferihisar-duzce-kiralik/mustakil-ev/140393-912","1 / 17","85.000","10/09/2026","Çevrekent'te Yaz Kış Yaşanılabilir Eşyalı Kiralık Villa","Kiralık Müstakil Ev","3 + 1","150 m²","6 Yaşında","","","","İzmir / Seferihisar / Düzce Mah.","https://www.hepsiemlak.com/_nuxt/8cafc93fb5c74c75e9e04e528e02ccdf.jpg","Azat Aktaş Gayrimenkul","WhatsApp","https://www.hepsiemlak.com/_nuxt/8cafc93fb5c74c75e9e04e528e02ccdf.jpg"
"https://www.hepsiemlak.com/izmir-seferihisar-camikebir-kiralik/daire/166482-144","1 / 24","25.000","03/09/2026","Seferihisar Karakayalarda Full Manzaralı 1+1 Kiralık Daire","Kiralık Daire","1 + 1","50 m²","Sıfır Bina","·","Kat","4. Kat","İzmir / Seferihisar / Camikebir Mah.","https://www.hepsiemlak.com/_nuxt/8cafc93fb5c74c75e9e04e528e02ccdf.jpg","Parnis Gayrimenkul","WhatsApp","https://www.hepsiemlak.com/_nuxt/8cafc93fb5c74c75e9e04e528e02ccdf.jpg"
"https://www.hepsiemlak.com/izmir-menemen-ataturk-kiralik/daire/152534-72","1 / 29","14.000","10/09/2026","Atatürk Mahallesinde 85m2 2+1 Kiralık Daire","Kiralık Daire","2 + 1","85 m²","31 Yaşında","·","Kat","2. Kat","İzmir / Menemen / Atatürk Mah.","https://www.hepsiemlak.com/_nuxt/8cafc93fb5c74c75e9e04e528e02ccdf.jpg","","WhatsApp",""
"https://www.hepsiemlak.com/izmir-buca-ataturk-kiralik/daire/144360-477","1 / 19","20.000","29/08/2026","Site İçerisinde Çift Asansör Geniş M2 Eşyalı Kiralık Daire","Kiralık Daire","1 + 1","55 m²","6 Yaşında","·","Kat","2. Kat","İzmir / Buca / Atatürk Mah.","https://www.hepsiemlak.com/_nuxt/8cafc93fb5c74c75e9e04e528e02ccdf.jpg","Yeva Yapı Gayrimenkul","WhatsApp","https://www.hepsiemlak.com/_nuxt/8cafc93fb5c74c75e9e04e528e02ccdf.jpg"
"https://www.hepsiemlak.com/izmir-seferihisar-akarca-kiralik/villa/163713-224","1 / 18","52.000","09/09/2026","Akarca Seçkinevlerde 150 M² Bahçeli Full Eşyalı 4+1 Villa","Kiralık Villa","4 + 1","230 m²","6 Yaşında","·","Kat","","İzmir / Seferihisar / Akarca Mah.","https://www.hepsiemlak.com/_nuxt/8cafc93fb5c74c75e9e04e528e02ccdf.jpg","Aırsoy Chıll Avıatıon Gayrimenkul","WhatsApp","https://www.hepsiemlak.com/_nuxt/8cafc93fb5c74c75e9e04e528e02ccdf.jpg"
"https://www.hepsiemlak.com/izmir-bornova-ataturk-kiralik/daire/133288-474","1 / 18","24.000","08/08/2026","Bornova'da 100 M² Geniş Teraslı Eşyalı Kiralık Daire","Kiralık Daire","1 + 1","100 m²","25 Yaşında","·","Kat","En Üst Kat","İzmir / Bornova / Atatürk Mah.","https://www.hepsiemlak.com/_nuxt/8cafc93fb5c74c75e9e04e528e02ccdf.jpg","Özsarı Emlak","WhatsApp","https://www.hepsiemlak.com/_nuxt/8cafc93fb5c74c75e9e04e528e02ccdf.jpg"
"https://www.hepsiemlak.com/izmir-cesme-reisdere-kiralik/villa/153824-364","1 / 35","105.000","06/09/2026","Reisdere'de | 7+1 | Müstakil Havuzlu Lüks Yıllık Kiralık Villa","Kiralık Villa","7 + 1","242 m²","Sıfır Bina","·","Kat","","İzmir / Çeşme / Reisdere Mah.","https://www.hepsiemlak.com/_nuxt/8cafc93fb5c74c75e9e04e528e02ccdf.jpg","Altındiş Gayrimenkul Yatırım","WhatsApp","https://www.hepsiemlak.com/_nuxt/8cafc93fb5c74c75e9e04e528e02ccdf.jpg"
"https://www.hepsiemlak.com/izmir-torbali-yedi-eylul-kiralik/daire/160791-501","1 / 25","30.000","07/08/2026","Yedi Eylül Mah Site İçinde 1+1 Ara Kat Eşyalı Kiralık Daire","Kiralık Daire","1 + 1","55 m²","6 Yaşında","·","Kat","3. Kat","İzmir / Torbalı / Yedi Eylül Mah.","","Royal Gayrimenkul","WhatsApp","https://hecdnnw.hemlak.com/mncropresize/77/67/firmuser/6/7/9/5/9/4/4/3f14dc18-d463-44ae-b008-fa313867fca9.jpg"
"https://www.hepsiemlak.com/izmir-seferihisar-colak-ibrahim-bey-kiralik/daire/85628-1635","1 / 34","32.000","02/09/2026","Seferihisar Çolak İbrahim Bey Mah 3+1 Doğalgazlı Kiralık Daire","Kiralık Daire","3 + 1","150 m²","6 Yaşında","·","Kat","2. Kat","İzmir / Seferihisar / Çolak İbrahim Bey Mah.","https://hecdnnw.hemlak.com/mncropresize/77/67/logo/8/2/6/5/8/0/ec65ac54-cee3-45aa-87db-461c9d521f9d.jpg","Seren Gayrimenkul","WhatsApp",""
"https://www.hepsiemlak.com/izmir-dikili-candarli-kiralik/daire/146218-253","1 / 20","18.500","27/08/2026","Çandarlı Merkez Havuzlu Site Zemin Üstü (1+1)kiralık","Kiralık Daire","1 + 1","43 m²","1 Yaşında","·","Kat","2. Kat","İzmir / Dikili / Çandarlı Mah.","","","WhatsApp",""
"https://www.hepsiemlak.com/izmir-guzelbahce-yelki-kiralik/daire/155322-76","1 / 31","38.000","06/08/2026","Güzelbahçe Yelki De Site İçinde Kiralık 2+1 Daire","Kiralık Daire","2 + 1","75 m²","6 Yaşında","·","Kat","2. Kat","İzmir / Güzelbahçe / Yelki Mah.","https://hecdn01.hemlak.com/mncropresize/182/137/ds01/0/6/3/6/7/0/7/4/b21cac9a-5273-454b-8d7c-dbf640d61f24.jpg","","WhatsApp",""
"https://www.hepsiemlak.com/izmir-guzelbahce-maltepe-kiralik/daire/113856-774","1 / 34","57.500","05/09/2026","Güzelbahçe Maltepe Mah Deniz Manzaralı Doğalgazlı 3+1 Daire","Kiralık Daire","3 + 1","115 m²","5 Yaşında","·","Kat","2. Kat","İzmir / Güzelbahçe / Maltepe Mah.","https://www.hepsiemlak.com/_nuxt/8cafc93fb5c74c75e9e04e528e02ccdf.jpg","","WhatsApp",""
"https://www.hepsiemlak.com/izmir-cesme-reisdere-kiralik/villa/170815-28","1 / 24","11.000","04/09/2026","Reisdere'de Müstakil Havuzlu Eşyalı 3+1 Kiralık Villa","Kiralık Villa","3 + 1","120 m²","6 Yaşında","·","Kat","","İzmir / Çeşme / Reisdere Mah.","https://www.hepsiemlak.com/_nuxt/8cafc93fb5c74c75e9e04e528e02ccdf.jpg","Taşköy Alaçatı Gayrimenkul","WhatsApp","https://www.hepsiemlak.com/_nuxt/8cafc93fb5c74c75e9e04e528e02ccdf.jpg"
"https://www.hepsiemlak.com/izmir-menderes-cukuralti-kiralik/villa/141720-180","1 / 25","30.000","05/09/2026","Çukuraltı Özkent Te Bahçeli Villa","Kiralık Villa","3 + 1","140 m²","21 Yaşında","·","Kat","","İzmir / Menderes / Çukuraltı Mah.","https://www.hepsiemlak.com/_nuxt/8cafc93fb5c74c75e9e04e528e02ccdf.jpg","Meri Emlak","WhatsApp","https://www.hepsiemlak.com/_nuxt/8cafc93fb5c74c75e9e04e528e02ccdf.jpg"
"https://www.hepsiemlak.com/izmir-odemis-suleyman-demirel-kiralik/daire/136491-32","1 / 60","42.000","03/09/2026","Süleyman Demirel Mahallesinde 164m2 Kiralık Daire","Kiralık Daire","4 + 1","164 m²","Sıfır Bina","·","Kat","3. Kat","İzmir / Ödemiş / Süleyman Demirel Mah.","https://www.hepsiemlak.com/_nuxt/8cafc93fb5c74c75e9e04e528e02ccdf.jpg","Oğuz Özkoç Emlak","WhatsApp","https://www.hepsiemlak.com/_nuxt/8cafc93fb5c74c75e9e04e528e02ccdf.jpg"
"https://www.hepsiemlak.com/izmir-cigli-atasehir-kiralik/daire/169455-21","1 / 35","55.000","02/08/2026","Acıbadem - Kent Hastanesi Çaprazı Kombili, Bakımlı, Büyük 3+1","Kiralık Daire","3 + 1","157 m²","11 Yaşında","·","Kat","6. Kat","İzmir / Çiğli / Ataşehir Mah.","https://www.hepsiemlak.com/_nuxt/8cafc93fb5c74c75e9e04e528e02ccdf.jpg","","WhatsApp",""
"https://www.hepsiemlak.com/izmir-bornova-kazimdirik-kiralik/residence/165699-2","1 / 29","29.999","06/09/2026","En Büyük Stüdyo Daire | Metroya 3dk | Sıfır Eşya | Sessiz Köşede","Kiralık Residence","Stüdyo","50 m²","6 Yaşında","·","Kat","6. Kat","İzmir / Bornova / Kazımdirik Mah.","https://www.hepsiemlak.com/_nuxt/8cafc93fb5c74c75e9e04e528e02ccdf.jpg","","WhatsApp",""
"https://www.hepsiemlak.com/izmir-buca-kurucesme-kiralik/daire/156891-60","1 / 25","35.000","31/08/2026","İzmir Bucada Kiralık Daire","Kiralık Daire","3 + 1","130 m²","21 Yaşında","·","Kat","3. Kat","İzmir / Buca / Kuruçeşme Mah.","https://www.hepsiemlak.com/_nuxt/8cafc93fb5c74c75e9e04e528e02ccdf.jpg","Servet Zengin Gayrimenkul","WhatsApp","https://www.hepsiemlak.com/_nuxt/8cafc93fb5c74c75e9e04e528e02ccdf.jpg"
"https://www.hepsiemlak.com/izmir-torbali-ertugrul-kiralik/daire/162024-138","1 / 17","29.500","01/09/2026","Yükselen'den Çarşı Merkezde 3+1 Ara Kat İzban Yakını","Kiralık Daire","3 + 1","130 m²","5 Yaşında","·","Kat","4. Kat","İzmir / Torbalı / Ertuğrul Mah.","https://www.hepsiemlak.com/_nuxt/8cafc93fb5c74c75e9e04e528e02ccdf.jpg","Yükselen Gayrimenkul","WhatsApp","https://www.hepsiemlak.com/_nuxt/8cafc93fb5c74c75e9e04e528e02ccdf.jpg"
"https://www.hepsiemlak.com/izmir-guzelbahce-mustafa-kemal-pasa-kiralik/daire/167671-40","1 / 27","54.000","28/08/2026","Güzelbahçe Mustafa Kemalpaşa Mah.Kiralık 3+1 Daire...","Kiralık Daire","3 + 1","120 m²","6 Yaşında","·","Kat","4. Kat","İzmir / Güzelbahçe / Mustafa Kemal Paşa Mah.","https://www.hepsiemlak.com/_nuxt/8cafc93fb5c74c75e9e04e528e02ccdf.jpg","","WhatsApp",""
"https://www.hepsiemlak.com/izmir-menderes-cuneytbey-kiralik/daire/141618-734","1 / 22","37.000","29/07/2026","Menderes Turyap'tan Cüneytbey Mh. 3+1 Kiralık Arakat Geniş Daire","Kiralık Daire","3 + 1","130 m²","11 Yaşında","·","Kat","3. Kat","İzmir / Menderes / Cüneytbey Mah.","https://www.hepsiemlak.com/_nuxt/8cafc93fb5c74c75e9e04e528e02ccdf.jpg","Turyap Menderes Temsilciliği","WhatsApp","https://www.hepsiemlak.com/_nuxt/8cafc93fb5c74c75e9e04e528e02ccdf.jpg"
"https://www.hepsiemlak.com/izmir-urla-yenikent-kiralik/villa/153675-690","1 / 35","155.000","28/07/2026","Urla Binkonutlar Ceren Sitesi'nde Full Eşyalı Manzaralı Villa","Kiralık Villa","3 + 1","260 m²","21 Yaşında","·","Kat","3. Kat","İzmir / Urla / Yenikent Mah.","https://www.hepsiemlak.com/_nuxt/8cafc93fb5c74c75e9e04e528e02ccdf.jpg","Startkey Premıum Gayrimenkul","WhatsApp","https://www.hepsiemlak.com/_nuxt/8cafc93fb5c74c75e9e04e528e02ccdf.jpg"
"https://www.hepsiemlak.com/izmir-seferihisar-colak-ibrahim-bey-kiralik/daire/145519-807","1 / 28","23.000","29/08/2026","Sakin Bölgede Önü Açık Geniş M2'li 1+1 Kiralık Daire!!!","Kiralık Daire","1 + 1","60 m²","Sıfır Bina","·","Kat","2. Kat","İzmir / Seferihisar / Çolak İbrahim Bey Mah.","https://www.hepsiemlak.com/_nuxt/8cafc93fb5c74c75e9e04e528e02ccdf.jpg","Aykurt Gayrimenkul Yatırım","WhatsApp","https://www.hepsiemlak.com/_nuxt/8cafc93fb5c74c75e9e04e528e02ccdf.jpg"
"https://www.hepsiemlak.com/izmir-menemen-esatpasa-kiralik/daire/163807-43","1 / 22","22.000","22/08/2026","Menemen Şehir Parkı Karşısı 3+1 Doğalgazlı Kiralık Daire","Kiralık Daire","3 + 1","105 m²","31 Yaşında","·","Kat","3. Kat","İzmir / Menemen / Esatpaşa Mah.","https://www.hepsiemlak.com/_nuxt/8cafc93fb5c74c75e9e04e528e02ccdf.jpg","","WhatsApp",""
"https://www.hepsiemlak.com/izmir-cesme-musalla-kiralik/daire/4993-4123","1 / 35","55.000","27/08/2026","Çeşme Marina Yakını Yıllık Kiralık Eşyalı 2+1 Daire","Kiralık Daire","2 + 1","100 m²","6 Yaşında","·","Kat","2. Kat","İzmir / Çeşme / Musalla Mah.","https://www.hepsiemlak.com/_nuxt/8cafc93fb5c74c75e9e04e528e02ccdf.jpg","Çeşme Atilla Emlak","WhatsApp","https://www.hepsiemlak.com/_nuxt/8cafc93fb5c74c75e9e04e528e02ccdf.jpg"
"https://www.hepsiemlak.com/izmir-seferihisar-cumhuriyet-kiralik/villa/148194-274","1 / 33","160.000","27/07/2026","Seferihisar Doğanbey Denize Sıfır Sitede Kiralık 3+1 Villa","Kiralık Villa","3 + 1","130 m²","21 Yaşında","·","Kat","Bahçe Katı","İzmir / Seferihisar / Cumhuriyet Mah.","https://www.hepsiemlak.com/_nuxt/8cafc93fb5c74c75e9e04e528e02ccdf.jpg","Ezel Emlak","WhatsApp","https://www.hepsiemlak.com/_nuxt/8cafc93fb5c74c75e9e04e528e02ccdf.jpg"
"https://www.hepsiemlak.com/izmir-karabaglar-fahrettin-altay-kiralik/daire/154170-411","1 / 39","32.000","25/08/2026","Karabağlar Fahrettin Altay Mahallesi Merkezi Konumda 3+1 80","Kiralık Daire","3 + 1","90 m²","31 Yaşında","·","Kat","2. Kat","İzmir / Karabağlar / Fahrettin Altay Mah.","https://www.hepsiemlak.com/_nuxt/8cafc93fb5c74c75e9e04e528e02ccdf.jpg","Coldwell Banker Saygın","WhatsApp","https://www.hepsiemlak.com/_nuxt/8cafc93fb5c74c75e9e04e528e02ccdf.jpg"
"https://www.hepsiemlak.com/izmir-urla-denizli-kiralik/villa/154514-242","1 / 55","135.000","08/09/2026","Urla Çeşmealtı Mah.De Havuz Önü Full Eşyalı 3+1","Kiralık Villa","3 + 1","150 m²","2 Yaşında","·","Kat","","İzmir / Urla / Denizli Mah.","https://www.hepsiemlak.com/_nuxt/8cafc93fb5c74c75e9e04e528e02ccdf.jpg","Turyap Urla İskele Temsilciliği","WhatsApp","https://www.hepsiemlak.com/_nuxt/8cafc93fb5c74c75e9e04e528e02ccdf.jpg"
"https://www.hepsiemlak.com/izmir-bayrakli-mansuroglu-kiralik/residence/170648-55","1 / 35","60.000","27/07/2026","İnce Plaza'da Kiralık Ofis","Kiralık Residence","1 + 1","98 m²","11 Yaşında","·","Kat","4. Kat","İzmir / Bayraklı / Mansuroğlu Mah.","https://www.hepsiemlak.com/_nuxt/8cafc93fb5c74c75e9e04e528e02ccdf.jpg","Turpa Elıte Bayraklı","WhatsApp","https://www.hepsiemlak.com/_nuxt/8cafc93fb5c74c75e9e04e528e02ccdf.jpg"
"https://www.hepsiemlak.com/izmir-konak-kilic-reis-kiralik/daire/4039-1859","1 / 38","20.000","26/08/2026","İzmir Konak  Kiralık Daire Fiyat Düştü","Kiralık Daire","2 + 1","95 m²","25 Yaşında","·","Kat","En Üst Kat","İzmir / Konak / Kılıç Reis Mah.","https://www.hepsiemlak.com/_nuxt/8cafc93fb5c74c75e9e04e528e02ccdf.jpg","","WhatsApp",""
"https://www.hepsiemlak.com/izmir-karabaglar-doganay-kiralik/daire/154466-106","1 / 24","26.500","27/08/2026","Kanter'den Karabağlar Doğanay Mahallesinde 3+1 Kiralık Daire","Kiralık Daire","3 + 1","130 m²","29 Yaşında","·","Kat","4. Kat","İzmir / Karabağlar / Doğanay Mah.","https://www.hepsiemlak.com/_nuxt/8cafc93fb5c74c75e9e04e528e02ccdf.jpg","Kanter Gayrimenkul","WhatsApp",""
"https://www.hepsiemlak.com/izmir-guzelbahce-mustafa-kemal-pasa-kiralik/daire/119979-2741","1 / 35","40.000","02/09/2026","Güzelbahçe'de Yeni Binada Kiralık 2+1 Daire","Kiralık Daire","2 + 1","70 m²","6 Yaşında","·","Kat","2. Kat","İzmir / Güzelbahçe / Mustafa Kemal Paşa Mah.","https://hecdnnw.hemlak.com/mncropresize/77/67/logo/9/7/9/9/1/1/af918c47-9ff2-4794-ba9f-73baa08216ce.jpg","Startkey Puzzle","WhatsApp",""
"https://www.hepsiemlak.com/izmir-bornova-yesilova-kiralik/daire/141959-720","1 / 19","39.500","27/08/2026","Point Residence 26. Kat Deniz Cephe Kiralık Eşyalı 1+1 Daire","Kiralık Daire","1 + 1","64 m²","Sıfır Bina","·","Kat","21 ve üzeri","İzmir / Bornova / Yeşilova Mah.","https://hecdnnw.hemlak.com/mncropresize/77/67/logo/9/5/9/1/4/1/439a2b3a-cbdd-44cc-878d-4b90bd8a231c.jpg","Remax Jolly","WhatsApp",""
"https://www.hepsiemlak.com/izmir-menemen-zeytinlik-kiralik/daire/134354-3377","1 / 19","21.000","07/09/2026","Menemen Zeytınlık Mah.'de Erol Tarakçıoğlu Ilköğretıme Yakın Taşınmaya Hazır Kıralık 2+1 Daıre","Kiralık Daire","2 + 1","105 m²","16 Yaşında","·","Kat","Teras Katı","İzmir / Menemen / Zeytinlik Mah.","https://hecdnnw.hemlak.com/mncropresize/77/67/logo/4/5/3/4/3/1/d4140d9b-5657-4d30-916f-e195a73f326d.jpg","Remax Target","WhatsApp",""
"https://www.hepsiemlak.com/izmir-narlidere-yenikale-kiralik/daire/142245-573","1 / 35","118.000","02/09/2026","Kayıkhaneden Yenikale De Kiralık 4+1 Deniz Manzaralı Daire","Kiralık Daire","4 + 1","280 m²","16 Yaşında","·","Kat","6. Kat","İzmir / Narlıdere / Yenikale Mah.","https://hecdn01.hemlak.com/mncropresize/182/137/ds01/9/0/2/4/5/0/7/4/9c48b9e5-cafd-48d8-94ac-0d0fc1d95232.jpg","Kayıkhane Gayrimenkul","WhatsApp","https://hecdnnw.hemlak.com/mncropresize/77/67/logo/5/4/2/2/4/1/6a1ab893-6d9d-477a-abcb-4ea987a3c217.jpg"
"https://www.hepsiemlak.com/izmir-karsiyaka-semikler-kiralik/daire/140182-532","1 / 35","32.000","02/09/2026","Şemikler Anadolu Caddesi Yanı Eşyalı Geniş 2+1 Kiralık Daire","Kiralık Daire","2 + 1","90 m²","10 Yaşında","·","Kat","Yüksek Giriş","İzmir / Karşıyaka / Şemikler Mah.","https://www.hepsiemlak.com/_nuxt/8cafc93fb5c74c75e9e04e528e02ccdf.jpg","Coldwell Banker Motto","WhatsApp","https://www.hepsiemlak.com/_nuxt/8cafc93fb5c74c75e9e04e528e02ccdf.jpg"
"https://www.hepsiemlak.com/izmir-karsiyaka-semikler-kiralik/daire/71862-2117","1 / 37","50.000","04/09/2026","Büyük 3+1net:140m2 _ebeveynli_merkezde_köşe","Kiralık Daire","3 + 1","150 m²","12 Yaşında","·","Kat","2. Kat","İzmir / Karşıyaka / Şemikler Mah.","https://www.hepsiemlak.com/_nuxt/8cafc93fb5c74c75e9e04e528e02ccdf.jpg","","WhatsApp",""
"https://www.hepsiemlak.com/izmir-karabaglar-gulyaka-kiralik/daire/84343-834","1 / 34","25.750","24/08/2026","Baş-Kaleden Gülyakada Bakımlı D.Gazlı Manzaralı2+1 Kiralık Daire","Kiralık Daire","2 + 1","95 m²","11 Yaşında","·","Kat","4. Kat","İzmir / Karabağlar / Gülyaka Mah.","https://www.hepsiemlak.com/_nuxt/8cafc93fb5c74c75e9e04e528e02ccdf.jpg","Baş-kale Gayrimenkul Ve Yatırım","WhatsApp","https://www.hepsiemlak.com/_nuxt/8cafc93fb5c74c75e9e04e528e02ccdf.jpg"
"https://www.hepsiemlak.com/izmir-cigli-kucuk-cigli-kiralik/daire/21001-18842","1 / 30","23.000","08/09/2026","Küçükçiğli Kiralık 2+1 Bahçekatıüstü Doğalgazlı+balkonlu(serkan)","Kiralık Daire","2 + 1","90 m²","6 Yaşında","·","Kat","Yarı Bodrum","İzmir / Çiğli / Küçük Çiğli Mah.","https://www.hepsiemlak.com/_nuxt/8cafc93fb5c74c75e9e04e528e02ccdf.jpg","Çiğli Serkan Emlak","WhatsApp","https://www.hepsiemlak.com/_nuxt/8cafc93fb5c74c75e9e04e528e02ccdf.jpg"
"https://www.hepsiemlak.com/izmir-bornova-kazimdirik-kiralik/daire/139122-130","1 / 28","31.500","27/08/2026","Valora'dan Folkart Life Balkonlu Eşyalı 1+0 Kiralık Daire","Kiralık Daire","Stüdyo","37 m²","6 Yaşında","·","Kat","9. Kat","İzmir / Bornova / Kazımdirik Mah.","https://www.hepsiemlak.com/_nuxt/8cafc93fb5c74c75e9e04e528e02ccdf.jpg","Valora Gayrimenkul","WhatsApp",""
"https://www.hepsiemlak.com/izmir-konak-alsancak-kiralik/residence/37033-4052","1 / 38","150.000","15/08/2026","Fırsat Alsancak'ta Harika Körfez Manzaralı 4+1 Otoparklı Güvenlikli Rezidansda Özel Daire","Kiralık Residence","4 + 1","260 m²","20 Yaşında","·","Kat","14. Kat","İzmir / Konak / Alsancak Mah.","https://www.hepsiemlak.com/_nuxt/8cafc93fb5c74c75e9e04e528e02ccdf.jpg","Demet Emlak","WhatsApp","https://www.hepsiemlak.com/_nuxt/8cafc93fb5c74c75e9e04e528e02ccdf.jpg"
"https://www.hepsiemlak.com/izmir-karsiyaka-atakent-kiralik/daire/4762-4764","1 / 35","30.000","02/09/2026","Karşıyaka Atakent Venedik Sitesi Sahile Tramvaya Yakın Kiralık 1+1 Daire","Kiralık Daire","1 + 1","45 m²","37 Yaşında","·","Kat","6. Kat","İzmir / Karşıyaka / Atakent Mah.","https://www.hepsiemlak.com/_nuxt/8cafc93fb5c74c75e9e04e528e02ccdf.jpg","","WhatsApp",""
"https://www.hepsiemlak.com/izmir-buca-yigitler-kiralik/daire/32982-4669","1 / 26","32.500.000","08/09/2026","For Sale & For Rentten 3+1 Yiğitler  Mahallesinde  Doğalgazlı Son Kat 135 M2 Daire","Kiralık Daire","3 + 1","135 m²","25 Yaşında","·","Kat","4. Kat","İzmir / Buca / Yiğitler Mah.","https://www.hepsiemlak.com/_nuxt/8cafc93fb5c74c75e9e04e528e02ccdf.jpg","For Sale & For Rent","WhatsApp",""
"https://www.hepsiemlak.com/izmir-buca-yildiz-kiralik/daire/105193-171","1 / 9","25.000","08/09/2026","Yıldız Mahallesinde Eşyalı Masrafsız 1+1 Kiralık Daire","Kiralık Daire","1 + 1","45 m²","5 Yaşında","·","Kat","2. Kat","İzmir / Buca / Yıldız Mah.","https://www.hepsiemlak.com/_nuxt/8cafc93fb5c74c75e9e04e528e02ccdf.jpg","Bucakoop Boranem Gayrimenkul","WhatsApp","https://www.hepsiemlak.com/_nuxt/8cafc93fb5c74c75e9e04e528e02ccdf.jpg"
"https://www.hepsiemlak.com/izmir-balcova-onur-kiralik/daire/130639-314","1 / 21","35.000","03/09/2026","Fb Gayrimenkul'den Full Tadilatlı 2+1 Kiralık Daire","Kiralık Daire","2 + 1","90 m²","26 Yaşında","·","Kat","3. Kat","İzmir / Balçova / Onur Mah.","https://www.hepsiemlak.com/_nuxt/8cafc93fb5c74c75e9e04e528e02ccdf.jpg","Feyza Baklacı Gayrimenkul Danışmanlığı","WhatsApp","https://www.hepsiemlak.com/_nuxt/8cafc93fb5c74c75e9e04e528e02ccdf.jpg"
"https://www.hepsiemlak.com/izmir-bayrakli-tepekule-kiralik/daire/169975-21","1 / 9","22.000","26/08/2026","Keynest'den Bayraklı Tepekule Mah 1+1 Eşyalı Kiralık Daire","Kiralık Daire","1 + 1","65 m²","26 Yaşında","·","Kat","1. Kat","İzmir / Bayraklı / Tepekule Mah.","https://www.hepsiemlak.com/_nuxt/8cafc93fb5c74c75e9e04e528e02ccdf.jpg","Keynest Gayrimenkul","WhatsApp",""
"https://www.hepsiemlak.com/izmir-konak-mimar-sinan-kiralik/daire/48991-2640","1 / 32","35.000","14/08/2026","Alsancak Sağlık Kuruluşlarının Merkezinde Kiralık 3+1 Y. Giriş","Kiralık Daire","3 + 1","100 m²","31 Yaşında","·","Kat","Yüksek Giriş","İzmir / Konak / Mimar Sinan Mah.","https://www.hepsiemlak.com/_nuxt/8cafc93fb5c74c75e9e04e528e02ccdf.jpg","Epa İzmir Hatay Temsilciliği","WhatsApp","https://www.hepsiemlak.com/_nuxt/8cafc93fb5c74c75e9e04e528e02ccdf.jpg"
"https://www.hepsiemlak.com/izmir-karabaglar-vatan-kiralik/daire/7516-4276","1 / 24","30.000","07/09/2026","Vatan Mah. Genç Binada Doğalgazlı Ebeveyn Banyolu Asansörlü 3+1","Kiralık Daire","3 + 1","130 m²","5 Yaşında","·","Kat","1. Kat","İzmir / Karabağlar / Vatan Mah.","https://www.hepsiemlak.com/_nuxt/8cafc93fb5c74c75e9e04e528e02ccdf.jpg","Anahtar Emlak","WhatsApp","https://www.hepsiemlak.com/_nuxt/8cafc93fb5c74c75e9e04e528e02ccdf.jpg"
"https://www.hepsiemlak.com/izmir-bornova-erzene-kiralik/daire/60930-3091","1 / 34","40.000","09/09/2026","Sabri Cengiz Emlak Bornova Erzene Mah Atadurağın Da Full Eşyalı Kiralık Daire 3+1","Kiralık Daire","3 + 1","130 m²","21 Yaşında","·","Kat","5. Kat","İzmir / Bornova / Erzene Mah.","https://www.hepsiemlak.com/_nuxt/8cafc93fb5c74c75e9e04e528e02ccdf.jpg","","WhatsApp",""
"https://www.hepsiemlak.com/izmir-karabaglar-esenyali-kiralik/daire/10160-3383","1 / 27","35.000","09/09/2026","Ukeb Okulu Yakını 1.Kat Köşe Temiz-D.Gazlı 2+1","Kiralık Daire","2 + 1","100 m²","31 Yaşında","·","Kat","1. Kat","İzmir / Karabağlar / Esenyalı Mah.","https://www.hepsiemlak.com/_nuxt/8cafc93fb5c74c75e9e04e528e02ccdf.jpg","Güzelyalı Emlak","WhatsApp","https://www.hepsiemlak.com/_nuxt/8cafc93fb5c74c75e9e04e528e02ccdf.jpg"
"https://www.hepsiemlak.com/izmir-buca-adatepe-kiralik/daire/104396-895","1 / 21","22.500","07/09/2026","Atölye'den Hasanağa Bahçesine 2dk Mesafede Balkonlu Eşyalı Daire","Kiralık Daire","1 + 1","55 m²","5 Yaşında","·","Kat","2. Kat","İzmir / Buca / Adatepe Mah.","https://www.hepsiemlak.com/_nuxt/8cafc93fb5c74c75e9e04e528e02ccdf.jpg","Atölye Gayrimenkul","WhatsApp","https://www.hepsiemlak.com/_nuxt/8cafc93fb5c74c75e9e04e528e02ccdf.jpg"
"https://www.hepsiemlak.com/izmir-bayrakli-r-sevket-ince-kiralik/daire/152282-573","1 / 32","27.000","27/08/2026","Şehir Hastanesine Yakın | Manzaralı 3+1 | 150 M² | Geniş Balkon","Kiralık Daire","3 + 1","150 m²","21 Yaşında","·","Kat","4. Kat","İzmir / Bayraklı / R. Şevket İnce Mah.","https://www.hepsiemlak.com/_nuxt/8cafc93fb5c74c75e9e04e528e02ccdf.jpg","Buy Sold İmperium Gayrimenkul","WhatsApp","https://www.hepsiemlak.com/_nuxt/8cafc93fb5c74c75e9e04e528e02ccdf.jpg"
"https://www.hepsiemlak.com/izmir-konak-akin-simav-kiralik/daire/140060-1862","1 / 60","20.000","01/09/2026","Eşyalı Boyalı Bahçeli 2+1 Büyük Tramvay Yakını","Kiralık Daire","2 + 1","100 m²","16 Yaşında","·","Kat","Bahçe Katı","İzmir / Konak / Akın Simav Mah.","https://www.hepsiemlak.com/_nuxt/8cafc93fb5c74c75e9e04e528e02ccdf.jpg","Akalın İnşaat Gayrimenkul","WhatsApp","https://www.hepsiemlak.com/_nuxt/8cafc93fb5c74c75e9e04e528e02ccdf.jpg"
"https://www.hepsiemlak.com/izmir-bornova-mevlana-kiralik/daire/136240-171","1 / 20","28.000","09/09/2026","Bornova Ege Ünüversite Yakını Eşyasız Kiralık 1+1 Daire","Kiralık Daire","1 + 1","58 m²","11 Yaşında","·","Kat","2. Kat","İzmir / Bornova / Mevlana Mah.","https://www.hepsiemlak.com/_nuxt/8cafc93fb5c74c75e9e04e528e02ccdf.jpg","Dialog Design Gayrimenkul","WhatsApp","https://www.hepsiemlak.com/_nuxt/8cafc93fb5c74c75e9e04e528e02ccdf.jpg"
"https://www.hepsiemlak.com/izmir-karabaglar-arap-hasan-kiralik/daire/161202-405","1 / 30","18.500","31/08/2026","Yeşilyurt Hastanesi-Metro Yakını,Eşyalı 1+0 Stüdyo Kiralık Daire","Kiralık Daire","Stüdyo","27 m²","30 Yaşında","·","Kat","Yüksek Giriş","İzmir / Karabağlar / Arap Hasan Mah.","https://www.hepsiemlak.com/_nuxt/8cafc93fb5c74c75e9e04e528e02ccdf.jpg","Turpa Girne Gold Gayrimenkul","WhatsApp","https://www.hepsiemlak.com/_nuxt/8cafc93fb5c74c75e9e04e528e02ccdf.jpg"
"https://www.hepsiemlak.com/izmir-karsiyaka-bahcelievler-kiralik/daire/138721-195","1 / 24","42.000","18/08/2026","Karşıyaka Bahçelievler'de Yeni Tadilatlı Kiralık 3+1 !","Kiralık Daire","3 + 1","145 m²","20 Yaşında","·","Kat","2. Kat","İzmir / Karşıyaka / Bahçelievler Mah.","","","WhatsApp",""
"https://www.hepsiemlak.com/izmir-buca-baris-kiralik/daire/145175-250","1 / 31","35.000","07/09/2026","Barış Mah.Işıklı Park Karşısı Doğalgazlı Klimalı 3+1 Daire","Kiralık Daire","3 + 1","130 m²","16 Yaşında","·","Kat","Yüksek Giriş","İzmir / Buca / Barış Mah.","https://hecdnnw.hemlak.com/mncropresize/77/67/logo/5/7/1/5/4/1/345acebd-de91-40c8-accb-7bc06b96ef8b.jpg","Nirvana Gayrimenkul","WhatsApp",""
"https://www.hepsiemlak.com/izmir-konak-mimar-sinan-kiralik/daire/110710-219","1 / 30","53.000","18/08/2026","Fora'dan Yenilenmiş, 3+1 Eşyalı Kiralık Daire!","Kiralık Daire","3 + 1","175 m²","31 Yaşında","·","Kat","4. Kat","İzmir / Konak / Mimar Sinan Mah.","https://hecdnnw.hemlak.com/mncropresize/77/67/logo/0/1/7/0/1/1/4ee9d283-3b1a-402b-9d76-070a0f157ffd.jpg","Fora Gayrimenkul","WhatsApp",""
"https://www.hepsiemlak.com/izmir-selcuk-14-mayis-kiralik/daire/132456-1818","1 / 36","25.000","09/09/2026","İzmir Selçuk 14 Mayıs Mahallesi Kiralık 3+1","Kiralık Daire","3 + 1","110 m²","15 Yaşında","·","Kat","3. Kat","İzmir / Selçuk / 14 Mayıs Mah.","https://hecdn01.hemlak.com/mncropresize/182/137/ds01/6/2/2/3/4/9/6/4/1784104762-913667-46943226.jpeg","Armina Group Gayrimenkul Danışmanlığı","WhatsApp","https://hecdnnw.hemlak.com/mncropresize/77/67/logo/6/5/4/2/3/1/44f94578-5275-4a45-99fe-29033830ede2.jpg"
"https://www.hepsiemlak.com/izmir-torbali-ertugrul-kiralik/daire/160390-167","1 / 25","38.000","29/08/2026","İzmir Torbalı'da Ana Cadde Üzeri Kiralık 3+1 Eşyalı Daire","Kiralık Daire","3 + 1","135 m²","4 Yaşında","·","Kat","6. Kat","İzmir / Torbalı / Ertuğrul Mah.","https://www.hepsiemlak.com/_nuxt/8cafc93fb5c74c75e9e04e528e02ccdf.jpg","Laçın Gayrimenkul Ve Emlak Danışmanlığı","WhatsApp","https://www.hepsiemlak.com/_nuxt/8cafc93fb5c74c75e9e04e528e02ccdf.jpg"
"https://www.hepsiemlak.com/izmir-konak-atilla-kiralik/daire/30758-3122","1 / 53","25.000","12/08/2026","Osmaöksüz Parkına Bakan, Asansörlü Ferah Güzel Daire...","Kiralık Daire","2 + 1","90 m²","35 Yaşında","·","Kat","3. Kat","İzmir / Konak / Atilla Mah.","https://www.hepsiemlak.com/_nuxt/8cafc93fb5c74c75e9e04e528e02ccdf.jpg","Yatırım Emlak","WhatsApp",""
"https://www.hepsiemlak.com/izmir-karabaglar-doganay-kiralik/daire/151867-347","1 / 33","18.000","01/09/2026","Demetten Uluönder Caddesinde 3+1 Arakat Kiralık Daire...","Kiralık Daire","3 + 1","120 m²","26 Yaşında","·","Kat","4. Kat","İzmir / Karabağlar / Doğanay Mah.","https://www.hepsiemlak.com/_nuxt/8cafc93fb5c74c75e9e04e528e02ccdf.jpg","","WhatsApp",""
"https://www.hepsiemlak.com/izmir-konak-alsancak-kiralik/daire/153004-349","1 / 60","70.000","31/08/2026","1.Kordonda Gündoğdu Meydanı Cepheli Kiralık Full Deniz Manzaralı","Kiralık Daire","3 + 1","130 m²","31 Yaşında","·","Kat","5. Kat","İzmir / Konak / Alsancak Mah.","https://www.hepsiemlak.com/_nuxt/8cafc93fb5c74c75e9e04e528e02ccdf.jpg","Portınn Proje Geliştirme Ve Gayrimenkul Danışmanlı","WhatsApp","https://www.hepsiemlak.com/_nuxt/8cafc93fb5c74c75e9e04e528e02ccdf.jpg"
"https://www.hepsiemlak.com/izmir-karsiyaka-yali-kiralik/daire/91814-886","1 / 50","33.000","31/08/2026","9 Eylül Emlak Yalı Mahallesi Park Cepheli Tadilatlı 3+1 Kiralik Daire","Kiralık Daire","3 + 1","120 m²","25 Yaşında","·","Kat","4. Kat","İzmir / Karşıyaka / Yalı Mah.","https://www.hepsiemlak.com/_nuxt/8cafc93fb5c74c75e9e04e528e02ccdf.jpg","9 Eylül Emlak","WhatsApp","https://www.hepsiemlak.com/_nuxt/8cafc93fb5c74c75e9e04e528e02ccdf.jpg"
"https://www.hepsiemlak.com/izmir-karsiyaka-bostanli-kiralik/daire/162799-263","1 / 33","85.000","09/09/2026","Bostanlı Sahilde Denize Sıfır Binada Kiralık 3+1 Sıfır Daire","Kiralık Daire","3 + 1","125 m²","Sıfır Bina","·","Kat","5. Kat","İzmir / Karşıyaka / Bostanlı Mah.","https://www.hepsiemlak.com/_nuxt/8cafc93fb5c74c75e9e04e528e02ccdf.jpg","Tm Gayrimenkul","WhatsApp","https://www.hepsiemlak.com/_nuxt/8cafc93fb5c74c75e9e04e528e02ccdf.jpg"
"https://www.hepsiemlak.com/izmir-konak-atilla-kiralik/daire/117663-2359","1 / 20","30.000","28/08/2026","Üçyol Metro Yakını Genç Binada Arakat Doğalgazlı 2+1 Kiralık","Kiralık Daire","2 + 1","100 m²","6 Yaşında","·","Kat","2. Kat","İzmir / Konak / Atilla Mah.","https://www.hepsiemlak.com/_nuxt/8cafc93fb5c74c75e9e04e528e02ccdf.jpg","","WhatsApp",""
"https://www.hepsiemlak.com/izmir-odemis-kuvvetli-kiralik/daire/127927-564","1 / 13","20.000","31/08/2026","Kuvvetli Mahallesinde Arakat Kiralık Daire","Kiralık Daire","1 + 1","85 m²","1 Yaşında","·","Kat","2. Kat","İzmir / Ödemiş / Kuvvetli Mah.","https://www.hepsiemlak.com/_nuxt/8cafc93fb5c74c75e9e04e528e02ccdf.jpg","","WhatsApp",""
"https://www.hepsiemlak.com/izmir-aliaga-cakmakli-kiralik/daire/17600-1985","1 / 31","30.000","18/08/2026","İzmir 'in Sahil Kasabasında Denize Sıfır Kiralık Daire","Kiralık Daire","2 + 1","85 m²","35 Yaşında","·","Kat","Bahçe Katı","İzmir / Aliağa / Çakmaklı Mah.","https://www.hepsiemlak.com/_nuxt/8cafc93fb5c74c75e9e04e528e02ccdf.jpg","Kantar Emlak","WhatsApp","https://www.hepsiemlak.com/_nuxt/8cafc93fb5c74c75e9e04e528e02ccdf.jpg"
"https://www.hepsiemlak.com/izmir-karabaglar-vatan-kiralik/daire/42880-324","1 / 15","30.000","21/08/2026","Karabağlar Vatan Mah. Yeni Binada Hastane Yakını 2+1 Arakat","Kiralık Daire","2 + 1","70 m²","3 Yaşında","·","Kat","2. Kat","İzmir / Karabağlar / Vatan Mah.","https://www.hepsiemlak.com/_nuxt/8cafc93fb5c74c75e9e04e528e02ccdf.jpg","Yeni Adresin Gayrimenkul","WhatsApp","https://www.hepsiemlak.com/_nuxt/8cafc93fb5c74c75e9e04e528e02ccdf.jpg"
"https://www.hepsiemlak.com/izmir-bornova-kazimdirik-kiralik/daire/22103-5610","1 / 10","26.000","03/09/2026","Bölge Metroya 1 Durak Mesafede 1+0","Kiralık Daire","Stüdyo","35 m²","5 Yaşında","·","Kat","2. Kat","İzmir / Bornova / Kazımdirik Mah.","https://www.hepsiemlak.com/_nuxt/8cafc93fb5c74c75e9e04e528e02ccdf.jpg","","WhatsApp",""
"https://www.hepsiemlak.com/izmir-karsiyaka-mavisehir-kiralik/daire/72759-3355","1 / 6","40.000","28/08/2026","Havuzlu Soyak,Ta 1+1 14 Kat Klima+ Açık Mutfak Mis Gibi Kiralık","Kiralık Daire","1 + 1","68 m²","16 Yaşında","·","Kat","14. Kat","İzmir / Karşıyaka / Mavişehir Mah.","https://www.hepsiemlak.com/_nuxt/8cafc93fb5c74c75e9e04e528e02ccdf.jpg","","WhatsApp",""
"https://www.hepsiemlak.com/izmir-karsiyaka-bahcelievler-kiralik/daire/2527-14329","1 / 34","36.500","30/08/2026","Bahçelıevler Cevdet Bılsay Caddesı Üzerınde 3+1 Eşyalı Kıralık Daıre","Kiralık Daire","3 + 1","140 m²","28 Yaşında","·","Kat","4. Kat","İzmir / Karşıyaka / Bahçelievler Mah.","https://www.hepsiemlak.com/_nuxt/8cafc93fb5c74c75e9e04e528e02ccdf.jpg","Remax Adres","WhatsApp","https://www.hepsiemlak.com/_nuxt/8cafc93fb5c74c75e9e04e528e02ccdf.jpg"
"https://www.hepsiemlak.com/izmir-buca-guven-kiralik/daire/24511-10161","1 / 17","28.000","08/09/2026","İzbana Yürüme Mesafesinde Şirinyer Merkezde 2+1 Daire","Kiralık Daire","2 + 1","100 m²","24 Yaşında","·","Kat","Ara Kat","İzmir / Buca / Güven Mah.","https://www.hepsiemlak.com/_nuxt/8cafc93fb5c74c75e9e04e528e02ccdf.jpg","Turyap Şirinyer","WhatsApp","https://www.hepsiemlak.com/_nuxt/8cafc93fb5c74c75e9e04e528e02ccdf.jpg"
"https://www.hepsiemlak.com/izmir-bornova-ergene-kiralik/daire/7044-6925","1 / 17","28.000","29/08/2026","Ege Emlak'tan Bornova Merkez Hükümet Konağı Yakını 3+1 Arakat Daire","Kiralık Daire","3 + 1","115 m²","30 Yaşında","·","Kat","4. Kat","İzmir / Bornova / Ergene Mah.","https://www.hepsiemlak.com/_nuxt/8cafc93fb5c74c75e9e04e528e02ccdf.jpg","","WhatsApp",""
"https://www.hepsiemlak.com/izmir-buca-hurriyet-kiralik/daire/124272-622","1 / 12","22.000","01/09/2026","Şirinyer İzbana 7 Dk Yürüme Mesafesinde Lux 1+1 Kiralık Daire.","Kiralık Daire","1 + 1","55 m²","1 Yaşında","·","Kat","1. Kat","İzmir / Buca / Hürriyet Mah.","https://www.hepsiemlak.com/_nuxt/8cafc93fb5c74c75e9e04e528e02ccdf.jpg","Turpa Sılver Şirinyer","WhatsApp",""
"https://www.hepsiemlak.com/izmir-odemis-anafartalar-kiralik/daire/127924-342","1 / 12","25.000","21/08/2026","Anafartalar Kiralık Daire","Kiralık Daire","3 + 1","190 m²","25 Yaşında","·","Kat","Ara Kat","İzmir / Ödemiş / Anafartalar Mah.","https://www.hepsiemlak.com/_nuxt/8cafc93fb5c74c75e9e04e528e02ccdf.jpg","","WhatsApp",""
"https://www.hepsiemlak.com/izmir-konak-cankaya-kiralik/daire/80445-204","1 / 12","30.000","10/09/2026","Hatay Behçet Uz Parkı,Namık Kemal İlkokulu Na Çok Yakın Köprü Tramvay Durağına 5dk Mesafede","Kiralık Daire","3 + 1","120 m²","35 Yaşında","·","Kat","3. Kat","İzmir / Konak / Çankaya Mah.","https://www.hepsiemlak.com/_nuxt/8cafc93fb5c74c75e9e04e528e02ccdf.jpg","Ankara Emlak İzmir","WhatsApp",""
"https://www.hepsiemlak.com/izmir-bayrakli-r-sevket-ince-kiralik/daire/0-47208860","1 / 10","19.000","08/09/2026","Depozito İstemiyorum - Şehir Hastanesine Yakın - Ayrıntılar İçin Arayın","Kiralık Daire","2 + 1","110 m²","21 Yaşında","·","Kat","2. Kat","İzmir / Bayraklı / R. Şevket İnce Mah.","https://www.hepsiemlak.com/_nuxt/8cafc93fb5c74c75e9e04e528e02ccdf.jpg","","WhatsApp",""
"https://www.hepsiemlak.com/izmir-guzelbahce-yelki-kiralik/daire/170856-5","1 / 10","52.000","17/08/2026","Güzelbahçe Yelkide Kiralık Daire","Kiralık Daire","2 + 1","110 m²","1 Yaşında","·","Kat","2. Kat","İzmir / Güzelbahçe / Yelki Mah.","https://www.hepsiemlak.com/_nuxt/8cafc93fb5c74c75e9e04e528e02ccdf.jpg","Nest Urla Gayrimenkul","WhatsApp",""