"listingCard__media-link href","listingCard__photo-index","listingCard__price","listingCard__date","listingCard__title","listingCard__spec-item","listingCard__spec-item 2","listingCard__spec-item 3","listingCard__spec-item 4","listingCard__spec-sep 4","listingCard__spec-label 5","listingCard__spec-item 5","listingCard__location","he-lazy-image src","listingCard__owner-firm","wp-btn-label","listingCard__owner-name","he-lazy-image src 2","he-lazy-image src 3"
"https://www.hepsiemlak.com/aydin-kusadasi-ikicesmelik-kiralik/daire/87636-712","1 / 24","31.500","10/09/2026","Kuşadası'nda Doğalgazlı Kiralik 1+1 Loft Daire.","Kiralık Daire","1 + 1","75 m²","2 Yaşında","·","Kat","Bahçe Katı","Aydın / Kuşadası / İkiçeşmelik Mah.","https://hecdnnw.hemlak.com/mncropresize/77/67/logo/6/3/6/7/8/0/8793ba6d-b4c9-4e78-b532-951b9ad39df0.jpg","Poslend Group","WhatsApp","","",""
"https://www.hepsiemlak.com/aydin-kusadasi-turkmen-kiralik/daire/87636-710","1 / 20","27.000","10/09/2026","Kiralık 1+1 Eşyalı Daire Aıdat Yok","Kiralık Daire","1 + 1","57 m²","10 Yaşında","·","Kat","Giriş Katı","Aydın / Kuşadası / Türkmen Mah.","https://hecdnnw.hemlak.com/mncropresize/77/67/logo/6/3/6/7/8/0/8793ba6d-b4c9-4e78-b532-951b9ad39df0.jpg","Poslend Group","WhatsApp","","",""
"https://www.hepsiemlak.com/aydin-efeler-mimar-sinan-kiralik/daire/30430-2041","1 / 17","57.500","17/08/2026","Mimar Sinan Mh. Kiralık Dublex Lüx Daire 57.500 Tl","Kiralık Daire","5 + 1","260 m²","4 Yaşında","·","Kat","3. Kat","Aydın / Efeler / Mimar Sinan Mah.","https://hecdnnw.hemlak.com/mncropresize/77/67/firmuser/0/3/4/0/3/0/05703ce2-f1fe-44a5-bb22-d222a82429a1.jpg","Doğu Emlak","WhatsApp","Adnan
                  Avcı","",""
"https://www.hepsiemlak.com/aydin-efeler-zafer-kiralik/daire/71291-2960","1 / 20","28.000","08/09/2026","Gazi Emlak’tan Zafer Mah’de 2+1 Açık Mutfaklı Ful Eşyalı Doğalgazlı Daire Kiralıktır.","Kiralık Daire","2 + 1","90 m²","Sıfır Bina","·","Kat","2. Kat","Aydın / Efeler / Zafer Mah.","https://hecdn01.hemlak.com/mncropresize/280/210/ds01/6/5/8/7/1/1/7/4/1786613488-349179-47117856.jpeg","Gazi Emlak","WhatsApp","","https://hecdnnw.hemlak.com/mncropresize/77/67/logo/1/9/2/1/7/0/3c55a791-3353-4bea-b787-0553ff45f27b.jpg",""
"https://www.hepsiemlak.com/aydin-efeler-girne-kiralik/daire/80999-9","1 / 60","47.000","08/09/2026","Girne Mah. De 4+1 200m2 Geniş Ferah Kiralık Daire","Kiralık Daire","4 + 1","200 m²","15 Yaşında","·","Kat","En Üst Kat","Aydın / Efeler / Girne Mah.","https://www.hepsiemlak.com/_nuxt/8cafc93fb5c74c75e9e04e528e02ccdf.jpg","Materyal Gayrimenkul","WhatsApp","Servet 
                  Temiz","https://www.hepsiemlak.com/_nuxt/8cafc93fb5c74c75e9e04e528e02ccdf.jpg","https://www.hepsiemlak.com/_nuxt/8cafc93fb5c74c75e9e04e528e02ccdf.jpg"
"https://www.hepsiemlak.com/aydin-kusadasi-degirmendere-kiralik/daire/169284-2","1 / 25","50.000","10/09/2026","Kuşadası Çevre Yoluna Sıfır Yeni Kiralık İş Yeri Veya Daire","Kiralık Daire","2 + 1","125 m²","1 Yaşında","·","Kat","2. Kat","Aydın / Kuşadası / Değirmendere Mah.","https://www.hepsiemlak.com/_nuxt/8cafc93fb5c74c75e9e04e528e02ccdf.jpg","Evora Lıvıng","WhatsApp","","https://www.hepsiemlak.com/_nuxt/8cafc93fb5c74c75e9e04e528e02ccdf.jpg",""
"https://www.hepsiemlak.com/aydin-kusadasi-cumhuriyet-kiralik/daire/38579-274","1 / 49","30.000","10/09/2026","Aydının Merkezinde 3+1 Asansörlü Merkezi Sistem Isıtmalı Arakat Ebebeyn Banyolu 2 Balkonlu Daire","Kiralık Daire","3 + 1","145 m²","29 Yaşında","·","Kat","Ara Kat","Aydın / Kuşadası / Cumhuriyet Mah.","https://www.hepsiemlak.com/_nuxt/8cafc93fb5c74c75e9e04e528e02ccdf.jpg","Libero Gayrimenkul","WhatsApp","","https://www.hepsiemlak.com/_nuxt/8cafc93fb5c74c75e9e04e528e02ccdf.jpg",""
"https://www.hepsiemlak.com/aydin-cine-hamitabat-kiralik/daire/122453-206","1 / 24","20.000","07/09/2026","Çine Merkezde Sıfır Yerden Isıtmalı Kiralık Ara Kat 2+0","Kiralık Daire","2 + 0","90 m²","Sıfır Bina","·","Kat","1. Kat","Aydın / Çine / Hamitabat Mah.","https://www.hepsiemlak.com/_nuxt/8cafc93fb5c74c75e9e04e528e02ccdf.jpg","","WhatsApp","","",""
"https://www.hepsiemlak.com/aydin-kusadasi-cumhuriyet-kiralik/daire/78233-6042","1 / 42","30.000","10/09/2026","Merkezi Konumda Kapalı Otopark-Yeni Ve Lüx Yapım - 1+1 Kıralık  Daire","Kiralık Daire","1 + 1","58 m²","1 Yaşında","·","Kat","2. Kat","Aydın / Kuşadası / Cumhuriyet Mah.","https://www.hepsiemlak.com/_nuxt/8cafc93fb5c74c75e9e04e528e02ccdf.jpg","A_class Gayrimenkul&inşaat","WhatsApp","","https://www.hepsiemlak.com/_nuxt/8cafc93fb5c74c75e9e04e528e02ccdf.jpg",""
"https://www.hepsiemlak.com/aydin-didim-hisar-kiralik/daire/131853-790","1 / 21","25.000","10/09/2026","Didim Hisarda Kiralık Boş Daire","Kiralık Daire","3 + 1","150 m²","11 Yaşında","·","Kat","Bahçe Katı","Aydın / Didim / Hisar Mah.","https://www.hepsiemlak.com/_nuxt/8cafc93fb5c74c75e9e04e528e02ccdf.jpg","Narin İnşaat Emlak","WhatsApp","Aslı
                  Kula","https://www.hepsiemlak.com/_nuxt/8cafc93fb5c74c75e9e04e528e02ccdf.jpg","https://www.hepsiemlak.com/_nuxt/8cafc93fb5c74c75e9e04e528e02ccdf.jpg"
"https://www.hepsiemlak.com/aydin-kusadasi-turkmen-kiralik/daire/140705-259","1 / 23","45.000","10/09/2026","Kuşadası Marina'da Müstakil Havuzlu 1+1 Bahçeli Daire","Kiralık Daire","1 + 1","75 m²","1 Yaşında","·","Kat","Zemin","Aydın / Kuşadası / Türkmen Mah.","https://www.hepsiemlak.com/_nuxt/8cafc93fb5c74c75e9e04e528e02ccdf.jpg","Ada Project Estate","WhatsApp","Soner
                  Kaya","https://www.hepsiemlak.com/_nuxt/8cafc93fb5c74c75e9e04e528e02ccdf.jpg","https://www.hepsiemlak.com/_nuxt/8cafc93fb5c74c75e9e04e528e02ccdf.jpg"
"https://www.hepsiemlak.com/aydin-kusadasi-ikicesmelik-kiralik/daire/114395-3751","1 / 38","35.000","10/09/2026","Kuşadası Merkezde 2+1 Temiz Lüks Eşyalı Daire Kiralıktır","Kiralık Daire","2 + 1","100 m²","8 Yaşında","·","Kat","3. Kat","Aydın / Kuşadası / İkiçeşmelik Mah.","https://www.hepsiemlak.com/_nuxt/8cafc93fb5c74c75e9e04e528e02ccdf.jpg","Emlak Adası Kuşadası","WhatsApp","Emlak
                  Adası","https://www.hepsiemlak.com/_nuxt/8cafc93fb5c74c75e9e04e528e02ccdf.jpg","https://www.hepsiemlak.com/_nuxt/img/no-image-user.6f6a83e.svg"
"https://www.hepsiemlak.com/aydin-didim-yeni-kiralik/daire/115151-969","1 / 37","37.000","10/09/2026","Aydın Didim Kiralık Ön Cephe Geniş Verandalı Asansörlü 3+1 Dubleks","Kiralık Daire","3 + 1","110 m²","7 Yaşında","·","Kat","Bahçe Katı","Aydın / Didim / Yeni Mah.","https://www.hepsiemlak.com/_nuxt/8cafc93fb5c74c75e9e04e528e02ccdf.jpg","İgs Group","WhatsApp","","https://www.hepsiemlak.com/_nuxt/8cafc93fb5c74c75e9e04e528e02ccdf.jpg",""
"https://www.hepsiemlak.com/aydin-efeler-efeler-kiralik/daire/32184-1287","1 / 32","70.000","10/09/2026","Aydın Kiralık 6+1 Dubleks Üst Efeler Mahallesi Cadde Üzeri","Kiralık Daire","6 + 1","300 m²","8 Yaşında","·","Kat","5. Kat","Aydın / Efeler / Efeler Mah.","https://www.hepsiemlak.com/_nuxt/8cafc93fb5c74c75e9e04e528e02ccdf.jpg","Dervişoğlu Berke Emlak","WhatsApp","","https://www.hepsiemlak.com/_nuxt/8cafc93fb5c74c75e9e04e528e02ccdf.jpg",""
"https://www.hepsiemlak.com/aydin-kusadasi-ikicesmelik-kiralik/daire/148837-1960","1 / 5","25.000","10/09/2026","Kuşadası Eşin Vadi Sitesi'de Doğa İçinde Kiralık 2+1 Daire","Kiralık Daire","2 + 1","74 m²","2 Yaşında","·","Kat","3. Kat","Aydın / Kuşadası / İkiçeşmelik Mah.","https://www.hepsiemlak.com/_nuxt/8cafc93fb5c74c75e9e04e528e02ccdf.jpg","Remax Pasha 1","WhatsApp","","https://www.hepsiemlak.com/_nuxt/8cafc93fb5c74c75e9e04e528e02ccdf.jpg",""
"https://www.hepsiemlak.com/aydin-nazilli-zafer-kiralik/daire/137179-598","1 / 35","42.000","10/09/2026","Miray Emlaktan Zafer Mahallesinde Kiralık 3+1 Daire","Kiralık Daire","3 + 1","175 m²","6 Yaşında","·","Kat","5. Kat","Aydın / Nazilli / Zafer Mah.","https://www.hepsiemlak.com/_nuxt/8cafc93fb5c74c75e9e04e528e02ccdf.jpg","","WhatsApp","","",""
"https://www.hepsiemlak.com/aydin-soke-celtikci-kiralik/daire/117333-854","1 / 3","22.500","10/09/2026","Söke Çeltikçi Mah.De 2+1 Kiralık Daire","Kiralık Daire","2 + 1","90 m²","6 Yaşında","·","Kat","Yüksek Giriş","Aydın / Söke / Çeltikçi Mah.","https://www.hepsiemlak.com/_nuxt/8cafc93fb5c74c75e9e04e528e02ccdf.jpg","Realty World Priene Gayrimenkul","WhatsApp","","https://www.hepsiemlak.com/_nuxt/8cafc93fb5c74c75e9e04e528e02ccdf.jpg",""
"https://www.hepsiemlak.com/aydin-soke-ataturk-kiralik/daire/164439-61","1 / 16","40.000","10/09/2026","Kiralık Harika Konumda Full Eşyalı","Kiralık Daire","4 + 1","210 m²","26 Yaşında","·","Kat","4. Kat","Aydın / Söke / Atatürk Mah.","https://www.hepsiemlak.com/_nuxt/8cafc93fb5c74c75e9e04e528e02ccdf.jpg","Yurt Yapı Gayrimenkul","WhatsApp","","https://www.hepsiemlak.com/_nuxt/8cafc93fb5c74c75e9e04e528e02ccdf.jpg",""
"https://www.hepsiemlak.com/aydin-efeler-istiklal-kiralik/daire/40599-4581","1 / 46","25.000","10/09/2026","Hb'den 2+1 Kiralık Daire, Doğalgazlı, Ayrı Mutfak, Asansörlü, Otoparklı","Kiralık Daire","2 + 1","100 m²","5 Yaşında","·","Kat","2. Kat","Aydın / Efeler / İstiklal Mah.","https://www.hepsiemlak.com/_nuxt/8cafc93fb5c74c75e9e04e528e02ccdf.jpg","Hb Gayrimenkul","WhatsApp","","https://www.hepsiemlak.com/_nuxt/8cafc93fb5c74c75e9e04e528e02ccdf.jpg",""
"https://www.hepsiemlak.com/aydin-kusadasi-kadinlar-denizi-kiralik/daire/28110-16330","1 / 19","27.000","10/09/2026","Kuşadası Kadınlar Denizi Eşyalı Kiralık 2 Oda 1 Salon Daire","Kiralık Daire","2 + 1","100 m²","38 Yaşında","·","Kat","En Üst Kat","Aydın / Kuşadası / Kadınlar Denizi Mah.","https://www.hepsiemlak.com/_nuxt/8cafc93fb5c74c75e9e04e528e02ccdf.jpg","Remax Pasha 1","WhatsApp","","https://www.hepsiemlak.com/_nuxt/8cafc93fb5c74c75e9e04e528e02ccdf.jpg",""
"https://www.hepsiemlak.com/aydin-efeler-guzelhisar-kiralik/daire/77072-3508","1 / 14","22.000","10/09/2026","Eab’den Aydın Efeler Güzelhisar Mahallesi’nde | Sıfır Binada | 2+0 | 70 M² | 3. Kat | Yerden Isıtma","Kiralık Daire","2 + 0","70 m²","Sıfır Bina","·","Kat","3. Kat","Aydın / Efeler / Güzelhisar Mah.","https://www.hepsiemlak.com/_nuxt/8cafc93fb5c74c75e9e04e528e02ccdf.jpg","Eab Gayrimenkul","WhatsApp","","https://www.hepsiemlak.com/_nuxt/8cafc93fb5c74c75e9e04e528e02ccdf.jpg",""
"https://www.hepsiemlak.com/aydin-kusadasi-cumhuriyet-kiralik/daire/114395-3019","1 / 24","28.000","10/09/2026","Kuşadası Çarşıya Yakın Konumda Geniş Temiz Eşyalı 1+1 Daire Kiralıktır","Kiralık Daire","1 + 1","65 m²","10 Yaşında","·","Kat","3. Kat","Aydın / Kuşadası / Cumhuriyet Mah.","https://www.hepsiemlak.com/_nuxt/8cafc93fb5c74c75e9e04e528e02ccdf.jpg","Emlak Adası Kuşadası","WhatsApp","Emlak
                  Adası","https://www.hepsiemlak.com/_nuxt/8cafc93fb5c74c75e9e04e528e02ccdf.jpg","https://www.hepsiemlak.com/_nuxt/img/no-image-user.6f6a83e.svg"
"https://www.hepsiemlak.com/aydin-efeler-guzelhisar-kiralik/daire/32184-1281","1 / 13","18.000","10/09/2026","Aydın Kiralık 2+0 Güzelhisar Mahallesi Doğalgazlı","Kiralık Daire","2 + 0","65 m²","10 Yaşında","·","Kat","1. Kat","Aydın / Efeler / Güzelhisar Mah.","https://www.hepsiemlak.com/_nuxt/8cafc93fb5c74c75e9e04e528e02ccdf.jpg","Dervişoğlu Berke Emlak","WhatsApp","","https://www.hepsiemlak.com/_nuxt/8cafc93fb5c74c75e9e04e528e02ccdf.jpg",""
"https://www.hepsiemlak.com/aydin-efeler-hasanefendi-ramazan-pasa-kiralik/daire/64143-2319","1 / 33","31.000","10/09/2026","Aydın Hasan Efendi Mahallesi'nde Kiralık 4+1 Eşyalı Daire","Kiralık Daire","4 + 1","170 m²","15 Yaşında","·","Kat","1. Kat","Aydın / Efeler / Hasanefendi - Ramazan Paşa Mah.","https://www.hepsiemlak.com/_nuxt/8cafc93fb5c74c75e9e04e528e02ccdf.jpg","Alp Gayrimenkul","WhatsApp","Fevzi
                  Köse","https://www.hepsiemlak.com/_nuxt/8cafc93fb5c74c75e9e04e528e02ccdf.jpg","https://www.hepsiemlak.com/_nuxt/8cafc93fb5c74c75e9e04e528e02ccdf.jpg"
"https://www.hepsiemlak.com/aydin-efeler-efeler-kiralik/daire/162341-62","1 / 29","40.000","09/09/2026","Kiralık Daire Efeler Mah Harika Konumda","Kiralık Daire","3 + 1","180 m²","6 Yaşında","·","Kat","1. Kat","Aydın / Efeler / Efeler Mah.","https://hecdnnw.hemlak.com/mncropresize/77/67/logo/1/4/3/2/6/1/42ccc2cf-f295-44f9-b9dd-bcb303e2cd19.jpg","Gündem Gayrimenkul","WhatsApp","","",""
"https://www.hepsiemlak.com/aydin-didim-altinkum-kiralik/daire/148098-1262","1 / 25","38.000","09/09/2026","Altınkum Mahallesi'nde Kiralık Asansörlü 2+1 Arakat Daire","Kiralık Daire","2 + 1","85 m²","6 Yaşında","·","Kat","4. Kat","Aydın / Didim / Altınkum Mah.","https://hecdnnw.hemlak.com/mncropresize/77/67/logo/8/9/0/8/4/1/1211384d-a771-43c7-8f6b-6cdf799df1da.jpg","Remax Cool","WhatsApp","","",""
"https://www.hepsiemlak.com/aydin-kusadasi-alacamescit-kiralik/daire/139599-94","1 / 26","27.000","10/09/2026","Kuşadası Kiralık 2+1 Eşyalı Daire","Kiralık Daire","2 + 1","110 m²","30 Yaşında","·","Kat","1. Kat","Aydın / Kuşadası / Alacamescit Mah.","","","WhatsApp","","",""
"https://www.hepsiemlak.com/aydin-kusadasi-degirmendere-kiralik/villa/88932-1054","1 / 37","40.000","09/09/2026","Aydın/kuşadası'nda  Denize Yakın/doğalgaz Kombili/ Çok Temiz Eşyalı Bakımlı  Villa","Kiralık Villa","3 + 1","250 m²","15 Yaşında","·","Kat","","Aydın / Kuşadası / Değirmendere Mah.","https://hecdn01.hemlak.com/mncropresize/182/137/ds01/5/0/8/8/4/5/6/4/1777919958373-46548805.jpg","İda Ege Emlak","WhatsApp","","https://hecdnnw.hemlak.com/mncropresize/77/67/logo/2/3/9/8/8/0/49bddcee-0b75-4a7f-aad7-6a76d48891ea.jpg",""
"https://www.hepsiemlak.com/aydin-didim-hisar-kiralik/daire/38648-4134","1 / 27","30.000","09/09/2026","Didim Hisar Mahalesinde Kiralık Eşyalı 2+1 Ayrı Mutfak Daire","Kiralık Daire","2 + 1","84 m²","6 Yaşında","·","Kat","1. Kat","Aydın / Didim / Hisar Mah.","https://www.hepsiemlak.com/_nuxt/8cafc93fb5c74c75e9e04e528e02ccdf.jpg","S Realty Zeytin","WhatsApp","","https://www.hepsiemlak.com/_nuxt/8cafc93fb5c74c75e9e04e528e02ccdf.jpg",""
"https://www.hepsiemlak.com/aydin-nazilli-isabeyli-kiralik/daire/163514-34","1 / 23","12.000","10/09/2026","İsabeyli Kampüse 300 Metre Eşyalı Kiralık 1+1","Kiralık Daire","1 + 1","55 m²","7 Yaşında","·","Kat","En Üst Kat","Aydın / Nazilli / İsabeyli Mah.","https://www.hepsiemlak.com/_nuxt/8cafc93fb5c74c75e9e04e528e02ccdf.jpg","","WhatsApp","","",""
"https://www.hepsiemlak.com/aydin-efeler-kurtulus-kiralik/daire/77072-3506","1 / 13","18.000","09/09/2026","Eab'den Aydın / Efeler Kurtuluş Mahallesi’nde Merkezi Konumda Doğalgazlı 2+1 Kiralık Daire","Kiralık Daire","2 + 1","100 m²","39 Yaşında","·","Kat","Yüksek Giriş","Aydın / Efeler / Kurtuluş Mah.","https://www.hepsiemlak.com/_nuxt/8cafc93fb5c74c75e9e04e528e02ccdf.jpg","Eab Gayrimenkul","WhatsApp","","https://www.hepsiemlak.com/_nuxt/8cafc93fb5c74c75e9e04e528e02ccdf.jpg",""
"https://www.hepsiemlak.com/aydin-kusadasi-camikebir-kiralik/daire/143901-331","1 / 14","20.000","10/09/2026","Kuşadası Merkezde Sahile Yürüme Mesafesi Kiralıķ 3+1daire","Kiralık Daire","3 + 1","150 m²","35 Yaşında","·","Kat","En Üst Kat","Aydın / Kuşadası / Camikebir Mah.","https://www.hepsiemlak.com/_nuxt/8cafc93fb5c74c75e9e04e528e02ccdf.jpg","Network Ada Plus Gayrimenkul","WhatsApp","","https://www.hepsiemlak.com/_nuxt/8cafc93fb5c74c75e9e04e528e02ccdf.jpg",""
"https://www.hepsiemlak.com/aydin-efeler-orta-kiralik/daire/162341-53","1 / 12","14.000","09/09/2026","Aydın Efeler Orta Mahallesi'nde Kiralık Daire","Kiralık Daire","1 + 1","50 m²","6 Yaşında","·","Kat","1. Kat","Aydın / Efeler / Orta Mah.","https://www.hepsiemlak.com/_nuxt/8cafc93fb5c74c75e9e04e528e02ccdf.jpg","Gündem Gayrimenkul","WhatsApp","","https://www.hepsiemlak.com/_nuxt/8cafc93fb5c74c75e9e04e528e02ccdf.jpg",""
"https://www.hepsiemlak.com/aydin-efeler-zafer-kiralik/daire/77072-3501","1 / 12","20.000","09/09/2026","Eab’den Aydın / Efeler Zafer Mahallesi’nde Asansörlü, Doğalgazlı, Klimalı Eşyalı 1+1 Kiralık Daire","Kiralık Daire","1 + 1","60 m²","10 Yaşında","·","Kat","1. Kat","Aydın / Efeler / Zafer Mah.","https://www.hepsiemlak.com/_nuxt/8cafc93fb5c74c75e9e04e528e02ccdf.jpg","Eab Gayrimenkul","WhatsApp","","https://www.hepsiemlak.com/_nuxt/8cafc93fb5c74c75e9e04e528e02ccdf.jpg",""
"https://www.hepsiemlak.com/aydin-efeler-kemer-kiralik/daire/64143-2865","1 / 19","52.000","09/09/2026","Aydın Kiralık Kemer Mah. Lüks 3+1","Kiralık Daire","3 + 1","170 m²","6 Yaşında","·","Kat","3. Kat","Aydın / Efeler / Kemer Mah.","https://www.hepsiemlak.com/_nuxt/8cafc93fb5c74c75e9e04e528e02ccdf.jpg","Alp Gayrimenkul","WhatsApp","Fevzi
                  Köse","https://www.hepsiemlak.com/_nuxt/8cafc93fb5c74c75e9e04e528e02ccdf.jpg","https://www.hepsiemlak.com/_nuxt/8cafc93fb5c74c75e9e04e528e02ccdf.jpg"
"https://www.hepsiemlak.com/aydin-efeler-guzelhisar-kiralik/daire/19625-6334","1 / 11","18.000","09/09/2026","Aydın Ege Emlak'tan Güzelgisar Mah. Öğrenciye Uygun 3+1 120m2 Kiralık Daire","Kiralık Daire","3 + 1","125 m²","25 Yaşında","·","Kat","1. Kat","Aydın / Efeler / Güzelhisar Mah.","https://www.hepsiemlak.com/_nuxt/8cafc93fb5c74c75e9e04e528e02ccdf.jpg","Ege Emlak","WhatsApp","","https://www.hepsiemlak.com/_nuxt/8cafc93fb5c74c75e9e04e528e02ccdf.jpg",""
"https://www.hepsiemlak.com/aydin-didim-yeni-kiralik/daire/99698-749","1 / 7","25.000","09/09/2026","Didim'de Kiralık Atatürk Bulvarı Üzerinde 2+1 Ayrı Mutfak Geniş Büyük Daire !","Kiralık Daire","2 + 1","95 m²","15 Yaşında","·","Kat","1. Kat","Aydın / Didim / Yeni Mah.","https://www.hepsiemlak.com/_nuxt/8cafc93fb5c74c75e9e04e528e02ccdf.jpg","Ct Gayrimenkul Real Estate","WhatsApp","","https://www.hepsiemlak.com/_nuxt/8cafc93fb5c74c75e9e04e528e02ccdf.jpg",""
"https://www.hepsiemlak.com/aydin-incirliova-istiklal-kiralik/daire/170203-8","1 / 3","18.000","10/09/2026","2+1 Kiralik Toki Evleri Doğal Gazlı","Kiralık Daire","2 + 1","90 m²","4 Yaşında","·","Kat","Yüksek Giriş","Aydın / İncirliova / İstiklal Mah.","https://www.hepsiemlak.com/_nuxt/8cafc93fb5c74c75e9e04e528e02ccdf.jpg","","WhatsApp","","",""
"https://www.hepsiemlak.com/aydin-kusadasi-sogucak-kiralik/villa/162627-352","1 / 35","120.000","09/09/2026","Kuşadası Soğucak'ta Kiralık 6+1 Lüks Müstakil Villa","Kiralık Villa","6 + 1","221 m²","3 Yaşında","·","Kat","","Aydın / Kuşadası / Soğucak Mah.","https://www.hepsiemlak.com/_nuxt/8cafc93fb5c74c75e9e04e528e02ccdf.jpg","İsabet Kuşadası Gayrimenkul","WhatsApp","Abdülkadir
                  Taluğ","https://www.hepsiemlak.com/_nuxt/8cafc93fb5c74c75e9e04e528e02ccdf.jpg","https://www.hepsiemlak.com/_nuxt/8cafc93fb5c74c75e9e04e528e02ccdf.jpg"
"https://www.hepsiemlak.com/aydin-efeler-kemer-kiralik/daire/68088-1453","1 / 34","40.000","09/09/2026","Rw Alyanstan Kemer Mah.De Kiralık 4+1 Dubleks Daire","Kiralık Daire","4 + 1","210 m²","6 Yaşında","·","Kat","3. Kat","Aydın / Efeler / Kemer Mah.","https://www.hepsiemlak.com/_nuxt/8cafc93fb5c74c75e9e04e528e02ccdf.jpg","Realty World Alyans Gayrimenkul","WhatsApp","","https://www.hepsiemlak.com/_nuxt/8cafc93fb5c74c75e9e04e528e02ccdf.jpg",""
"https://www.hepsiemlak.com/aydin-didim-hisar-kiralik/mustakil-ev/145920-355","1 / 20","4.500","09/09/2026","Aydın Didim Hisar Mah Bahçeli Eşyalı 2+1 Kiralık Fırsatı!!","Kiralık Müstakil Ev","2 + 1","92 m²","26 Yaşında","","","","Aydın / Didim / Hisar Mah.","https://www.hepsiemlak.com/_nuxt/8cafc93fb5c74c75e9e04e528e02ccdf.jpg","","WhatsApp","","",""
"https://www.hepsiemlak.com/aydin-efeler-girne-kiralik/daire/141451-303","1 / 35","39.000","08/09/2026","Re/max Pın'den Girne Mh Ormancı Cd Kiralık 3+1 Daire","Kiralık Daire","3 + 1","140 m²","6 Yaşında","·","Kat","3. Kat","Aydın / Efeler / Girne Mah.","https://www.hepsiemlak.com/_nuxt/8cafc93fb5c74c75e9e04e528e02ccdf.jpg","Remax Pin","WhatsApp","Emre
                  Özkaya","https://www.hepsiemlak.com/_nuxt/8cafc93fb5c74c75e9e04e528e02ccdf.jpg","https://www.hepsiemlak.com/_nuxt/8cafc93fb5c74c75e9e04e528e02ccdf.jpg"
"https://www.hepsiemlak.com/aydin-kusadasi-cumhuriyet-kiralik/daire/122880-119","1 / 18","25.000","09/09/2026","Kuşadası Cumhuriyet Mahallesinde Kiralık 2+1 Doğalgazlı Daire","Kiralık Daire","2 + 1","70 m²","16 Yaşında","·","Kat","1. Kat","Aydın / Kuşadası / Cumhuriyet Mah.","https://www.hepsiemlak.com/_nuxt/8cafc93fb5c74c75e9e04e528e02ccdf.jpg","Akg Ada Emlak","WhatsApp","","https://www.hepsiemlak.com/_nuxt/8cafc93fb5c74c75e9e04e528e02ccdf.jpg",""
"https://www.hepsiemlak.com/aydin-kusadasi-degirmendere-kiralik/daire/144462-388","1 / 20","29.500","09/09/2026","Kuşadası Değirmender'de Havuzlu Site'de 2+1 Kiralık Daire","Kiralık Daire","2 + 1","65 m²","5 Yaşında","·","Kat","3. Kat","Aydın / Kuşadası / Değirmendere Mah.","https://www.hepsiemlak.com/_nuxt/8cafc93fb5c74c75e9e04e528e02ccdf.jpg","Deniz Ada Gayrimenkul","WhatsApp","","https://www.hepsiemlak.com/_nuxt/8cafc93fb5c74c75e9e04e528e02ccdf.jpg",""
"https://www.hepsiemlak.com/aydin-efeler-cumhuriyet-kiralik/daire/163274-89","1 / 23","25.000","07/09/2026","Cumhuriyet Mahallesi 3+1 Kiralık Daire","Kiralık Daire","3 + 1","130 m²","16 Yaşında","·","Kat","Yüksek Giriş","Aydın / Efeler / Cumhuriyet Mah.","https://www.hepsiemlak.com/_nuxt/8cafc93fb5c74c75e9e04e528e02ccdf.jpg","Erbaş Class Emlak & Gayrimenkul","WhatsApp","Melih
                  Erbaş","https://www.hepsiemlak.com/_nuxt/8cafc93fb5c74c75e9e04e528e02ccdf.jpg","https://www.hepsiemlak.com/_nuxt/8cafc93fb5c74c75e9e04e528e02ccdf.jpg"
"https://www.hepsiemlak.com/aydin-kusadasi-degirmendere-kiralik/daire/141887-273","1 / 26","27.000","07/09/2026","Değirmendere Mah. Havuzlu Deniz Manzaralı 2+1 Daire Kiralık","Kiralık Daire","2 + 1","100 m²","16 Yaşında","·","Kat","Çatı Katı","Aydın / Kuşadası / Değirmendere Mah.","https://www.hepsiemlak.com/_nuxt/8cafc93fb5c74c75e9e04e528e02ccdf.jpg","Uzay Ada Gayrimenkul Yatırım Danışmanlık","WhatsApp","Alp
                  Onuralp","https://www.hepsiemlak.com/_nuxt/8cafc93fb5c74c75e9e04e528e02ccdf.jpg","https://www.hepsiemlak.com/_nuxt/8cafc93fb5c74c75e9e04e528e02ccdf.jpg"
"https://www.hepsiemlak.com/aydin-nazilli-isabeyli-kiralik/daire/160026-369","1 / 16","13.500","07/09/2026","Duru Emlaktan 1+1 Full Eşyalı Kiralık Daire","Kiralık Daire","1 + 1","60 m²","6 Yaşında","·","Kat","1. Kat","Aydın / Nazilli / İsabeyli Mah.","https://www.hepsiemlak.com/_nuxt/8cafc93fb5c74c75e9e04e528e02ccdf.jpg","Duru Emlak","WhatsApp","","https://www.hepsiemlak.com/_nuxt/8cafc93fb5c74c75e9e04e528e02ccdf.jpg",""
"https://www.hepsiemlak.com/aydin-efeler-orta-kiralik/daire/131789-205","1 / 19","15.000","07/09/2026","Aydın, Efeler, Eşyalı Site İçinde 1+0","Kiralık Daire","1 + 1","45 m²","10 Yaşında","·","Kat","1. Kat","Aydın / Efeler / Orta Mah.","https://www.hepsiemlak.com/_nuxt/8cafc93fb5c74c75e9e04e528e02ccdf.jpg","","WhatsApp","","",""
"https://www.hepsiemlak.com/aydin-nazilli-isabeyli-kiralik/daire/137179-596","1 / 32","12.000","06/09/2026","Miray Emlaktan Nazillii İsabeyli Mahallesinde Eşyalı Kiralık 2+0","Kiralık Daire","2 + 0","70 m²","6 Yaşında","·","Kat","2. Kat","Aydın / Nazilli / İsabeyli Mah.","","","WhatsApp","","",""
"https://www.hepsiemlak.com/aydin-kusadasi-turkmen-kiralik/daire/139521-165","1 / 16","34.000","10/09/2026","Tam Merkezde-Çok Ucuz-Temiz Eşyalı 1+1 Kiralık Daire-Kuşadası","Kiralık Daire","1 + 1","75 m²","5 Yaşında","·","Kat","3. Kat","Aydın / Kuşadası / Türkmen Mah.","https://hecdnnw.hemlak.com/mncropresize/77/67/logo/1/2/5/9/3/1/325bfee6-f8d7-496d-8940-72a1aac51a90.jpg","7 İnvest 7","WhatsApp","","",""
"https://www.hepsiemlak.com/aydin-kusadasi-degirmendere-kiralik/daire/153822-239","1 / 27","38.500","05/09/2026","Kuşadası Merkezde Deniz Manzaralı Geniş Ferah Acil Kiralık Daire","Kiralık Daire","2 + 1","100 m²","16 Yaşında","·","Kat","3. Kat","Aydın / Kuşadası / Değirmendere Mah.","https://hecdnnw.hemlak.com/mncropresize/77/67/logo/2/2/8/3/5/1/1dfcc782-d4c0-4c1c-a662-e99046ec5fa0.jpg","Altın Ada Gayrimenkul","WhatsApp","Dürdane
                  Özdemir","https://hecdnnw.hemlak.com/mncropresize/77/67/firmuser/0/0/7/3/3/3/4/d05d8518-a63f-4fb4-afb0-2b90f1b29dc5.jpg",""
"https://www.hepsiemlak.com/aydin-efeler-girne-kiralik/daire/71291-2969","1 / 43","50.000","07/09/2026","Gaziemlak Tan Girne Mah.Site İçerisinde  4 Balkonlu Çift Asansörlü 3+1 210m2  Daire Kiralıktır","Kiralık Daire","3 + 1","220 m²","15 Yaşında","·","Kat","7. Kat","Aydın / Efeler / Girne Mah.","https://hecdn01.hemlak.com/mncropresize/182/137/ds01/2/1/3/1/5/2/7/4/1788607499585-47251312.jpg","Gazi Emlak","WhatsApp","İrfan
                  Gümüş","https://hecdnnw.hemlak.com/mncropresize/77/67/logo/1/9/2/1/7/0/3c55a791-3353-4bea-b787-0553ff45f27b.jpg","https://hecdnnw.hemlak.com/mncropresize/77/67/firmuser/3/7/4/3/5/3/1/2209e760-74d6-4e3b-966b-649846c5dc55.jpeg"
"https://www.hepsiemlak.com/aydin-efeler-efeler-kiralik/daire/140458-58","1 / 44","30.000","09/09/2026","Aydın Üst Efelerde Kiralık Eşyalı 1+1 Daire 6 Yaşında","Kiralık Daire","1 + 1","62 m²","7 Yaşında","·","Kat","Ara Kat","Aydın / Efeler / Efeler Mah.","https://www.hepsiemlak.com/_nuxt/8cafc93fb5c74c75e9e04e528e02ccdf.jpg","Umut Emlak","WhatsApp","Nazmi
                  Cimcir","","https://www.hepsiemlak.com/_nuxt/8cafc93fb5c74c75e9e04e528e02ccdf.jpg"
"https://www.hepsiemlak.com/aydin-kusadasi-guzelcamli-kiralik/daire/153691-81","1 / 28","30.000","05/09/2026","Öztürk Yapı Emlak' Kiralık Sıfır Dublek Daire Merkezde","Kiralık Daire","2 + 1","125 m²","Sıfır Bina","·","Kat","3. Kat","Aydın / Kuşadası / Güzelçamlı Mah.","https://www.hepsiemlak.com/_nuxt/8cafc93fb5c74c75e9e04e528e02ccdf.jpg","Öztürk Yapı Emlak","WhatsApp","","https://www.hepsiemlak.com/_nuxt/8cafc93fb5c74c75e9e04e528e02ccdf.jpg",""
"https://www.hepsiemlak.com/aydin-kusadasi-davutlar-kiralik/daire/135728-1216","1 / 27","30.000","05/09/2026","Davutlar Merkezde Kiralık Kapalı Mutfak 2+1 Havuzlu Daire","Kiralık Daire","2 + 1","95 m²","6 Yaşında","·","Kat","3. Kat","Aydın / Kuşadası / Davutlar Mah.","https://www.hepsiemlak.com/_nuxt/8cafc93fb5c74c75e9e04e528e02ccdf.jpg","Elit Ada Gayrimenkul","WhatsApp","Umut
                  Hülakü","https://www.hepsiemlak.com/_nuxt/8cafc93fb5c74c75e9e04e528e02ccdf.jpg","https://www.hepsiemlak.com/_nuxt/8cafc93fb5c74c75e9e04e528e02ccdf.jpg"
"https://www.hepsiemlak.com/aydin-efeler-cumhuriyet-kiralik/daire/147624-308","1 / 24","17.250","04/09/2026","Cumhuriyet Mahallesi 3+1 130m2 Köşe Konum","Kiralık Daire","3 + 1","130 m²","25 Yaşında","·","Kat","4. Kat","Aydın / Efeler / Cumhuriyet Mah.","https://www.hepsiemlak.com/_nuxt/8cafc93fb5c74c75e9e04e528e02ccdf.jpg","Eray Gider Gayrimenkul","WhatsApp","Eray
                  Gider","https://www.hepsiemlak.com/_nuxt/8cafc93fb5c74c75e9e04e528e02ccdf.jpg","https://www.hepsiemlak.com/_nuxt/8cafc93fb5c74c75e9e04e528e02ccdf.jpg"
"https://www.hepsiemlak.com/aydin-kusadasi-karaova-kiralik/villa/164258-138","1 / 60","100.000","06/09/2026","Kuşadası'nda Devamlı Kiralık Özel Havuzlu Müstakil Geniş Villa","Kiralık Villa","4 + 1","350 m²","3 Yaşında","·","Kat","","Aydın / Kuşadası / Karaova Mah.","https://www.hepsiemlak.com/_nuxt/8cafc93fb5c74c75e9e04e528e02ccdf.jpg","Villa Tv Gayrimenkul","WhatsApp","","https://www.hepsiemlak.com/_nuxt/8cafc93fb5c74c75e9e04e528e02ccdf.jpg",""
"https://www.hepsiemlak.com/aydin-soke-yenikent-kiralik/daire/117333-845","1 / 35","50.000","07/09/2026","Söke Yenikent Karya Rezidans Da Kapalı Havuzlu 3+2 Çatı Dubleks","Kiralık Daire","3 + 2","280 m²","6 Yaşında","·","Kat","Çatı Katı","Aydın / Söke / Yenikent Mah.","https://www.hepsiemlak.com/_nuxt/8cafc93fb5c74c75e9e04e528e02ccdf.jpg","Realty World Priene Gayrimenkul","WhatsApp","","https://www.hepsiemlak.com/_nuxt/8cafc93fb5c74c75e9e04e528e02ccdf.jpg",""
"https://www.hepsiemlak.com/aydin-kusadasi-davutlar-kiralik/daire/145403-738","1 / 23","22.000","07/09/2026","Kuşadası Davutlarda Kiralık 2+1 Daire","Kiralık Daire","2 + 1","85 m²","6 Yaşında","·","Kat","3. Kat","Aydın / Kuşadası / Davutlar Mah.","https://www.hepsiemlak.com/_nuxt/8cafc93fb5c74c75e9e04e528e02ccdf.jpg","Ada Address Gayrimenkul","WhatsApp","","https://www.hepsiemlak.com/_nuxt/8cafc93fb5c74c75e9e04e528e02ccdf.jpg",""
"https://www.hepsiemlak.com/aydin-efeler-guzelhisar-kiralik/daire/124121-800","1 / 42","20.000","08/09/2026","Köşe Başında Nda Asansör Ve Kombili","Kiralık Daire","3 + 1","130 m²","30 Yaşında","·","Kat","En Üst Kat","Aydın / Efeler / Güzelhisar Mah.","https://www.hepsiemlak.com/_nuxt/8cafc93fb5c74c75e9e04e528e02ccdf.jpg","Mert Gayrimenkul","WhatsApp","","https://www.hepsiemlak.com/_nuxt/8cafc93fb5c74c75e9e04e528e02ccdf.jpg",""
"https://www.hepsiemlak.com/aydin-efeler-orta-kiralik/daire/124178-389","1 / 35","19.000","08/09/2026","1+1, Arakat, Asansörlü, Doğalgazlı, Eşyalı Kiralık Daire","Kiralık Daire","1 + 1","55 m²","6 Yaşında","·","Kat","3. Kat","Aydın / Efeler / Orta Mah.","https://www.hepsiemlak.com/_nuxt/8cafc93fb5c74c75e9e04e528e02ccdf.jpg","Aydın Bölge Gayrimenkul","WhatsApp","","https://www.hepsiemlak.com/_nuxt/8cafc93fb5c74c75e9e04e528e02ccdf.jpg",""
"https://www.hepsiemlak.com/aydin-didim-altinkum-kiralik/daire/138624-304","1 / 22","40.000","09/09/2026","Didim Kiralik 3+1altinkum   Site İçerisinde Ddublex Daire","Kiralık Daire","3 + 1","100 m²","9 Yaşında","·","Kat","2. Kat","Aydın / Didim / Altınkum Mah.","https://www.hepsiemlak.com/_nuxt/8cafc93fb5c74c75e9e04e528e02ccdf.jpg","Cem Mer Gayrimenkul","WhatsApp","","https://www.hepsiemlak.com/_nuxt/8cafc93fb5c74c75e9e04e528e02ccdf.jpg",""
"https://www.hepsiemlak.com/aydin-kusadasi-hacifeyzullah-kiralik/daire/71859-1669","1 / 33","57.000","10/09/2026","Kuşadası'nın Kalbinde Sosyal Tesisli 3+1 Kiralık Lüks Residence","Kiralık Daire","3 + 1","140 m²","Sıfır Bina","·","Kat","4. Kat","Aydın / Kuşadası / Hacıfeyzullah Mah.","https://www.hepsiemlak.com/_nuxt/8cafc93fb5c74c75e9e04e528e02ccdf.jpg","Doğa Gayrimenkul","WhatsApp","","https://www.hepsiemlak.com/_nuxt/8cafc93fb5c74c75e9e04e528e02ccdf.jpg",""
"https://www.hepsiemlak.com/aydin-didim-akbuk-kiralik/daire/63736-113","1 / 39","28.500","03/09/2026","Akbuk Te Güvenlikli Site İcerisinde 1+1 Boş Kiralık Daire","Kiralık Daire","1 + 1","65 m²","2 Yaşında","·","Kat","Yüksek Giriş","Aydın / Didim / Akbük Mah.","https://www.hepsiemlak.com/_nuxt/8cafc93fb5c74c75e9e04e528e02ccdf.jpg","Ayla Yapı Gayrimenkul","WhatsApp","Kerem
                  Köseoğlu","","https://www.hepsiemlak.com/_nuxt/8cafc93fb5c74c75e9e04e528e02ccdf.jpg"
"https://www.hepsiemlak.com/aydin-efeler-zafer-kiralik/daire/169362-36","1 / 18","25.000","07/09/2026","Vma Gayrimenkulden Doğugazi Bulvarında Site İçinde Kiralık 1+1","Kiralık Daire","1 + 1","70 m²","6 Yaşında","·","Kat","1. Kat","Aydın / Efeler / Zafer Mah.","https://www.hepsiemlak.com/_nuxt/8cafc93fb5c74c75e9e04e528e02ccdf.jpg","Vma Gayrimenkul","WhatsApp","","https://www.hepsiemlak.com/_nuxt/8cafc93fb5c74c75e9e04e528e02ccdf.jpg",""
"https://www.hepsiemlak.com/aydin-soke-kemalpasa-kiralik/daire/164439-45","1 / 16","19.000","07/09/2026","Kiralık Site İçerisinde Sıfır Daire","Kiralık Daire","1 + 1","45 m²","Sıfır Bina","·","Kat","1. Kat","Aydın / Söke / Kemalpaşa Mah.","https://www.hepsiemlak.com/_nuxt/8cafc93fb5c74c75e9e04e528e02ccdf.jpg","Yurt Yapı Gayrimenkul","WhatsApp","","https://www.hepsiemlak.com/_nuxt/8cafc93fb5c74c75e9e04e528e02ccdf.jpg",""
"https://www.hepsiemlak.com/aydin-didim-akbuk-kiralik/villa/37124-1114","1 / 59","62.500","05/09/2026","Akbük'te Muhteşem Deniz Doğa Manzaralı Lüks Site Yıllık ( Sürekli - Devamlı ) Kiralık Müstakil Villa","Kiralık Villa","3 + 1","150 m²","3 Yaşında","·","Kat","","Aydın / Didim / Akbük Mah.","https://www.hepsiemlak.com/_nuxt/8cafc93fb5c74c75e9e04e528e02ccdf.jpg","Apollo Gayrimenkul","WhatsApp","","https://www.hepsiemlak.com/_nuxt/8cafc93fb5c74c75e9e04e528e02ccdf.jpg",""
"https://www.hepsiemlak.com/aydin-kusadasi-turkmen-kiralik/daire/166552-28","1 / 39","50.000","08/09/2026","Kuşadası Türkmen Mah. Kiralık Lüx 4+1 Çatı Dublex","Kiralık Daire","1 + 1","245 m²","16 Yaşında","·","Kat","Çatı Katı","Aydın / Kuşadası / Türkmen Mah.","https://www.hepsiemlak.com/_nuxt/8cafc93fb5c74c75e9e04e528e02ccdf.jpg","Novaltura Emlak İnşaat","WhatsApp","","https://www.hepsiemlak.com/_nuxt/8cafc93fb5c74c75e9e04e528e02ccdf.jpg",""
"https://www.hepsiemlak.com/aydin-kusadasi-kadinlar-denizi-kiralik/mustakil-ev/10160-3428","1 / 35","68.000","09/09/2026","Kuşadası Kadınlar Denizi Plajına 50 M Mesafeli Müstakil Bina 3+1","Kiralık Müstakil Ev","3 + 1","140 m²","31 Yaşında","·","Kat","Bahçe Katı","Aydın / Kuşadası / Kadınlar Denizi Mah.","https://www.hepsiemlak.com/_nuxt/8cafc93fb5c74c75e9e04e528e02ccdf.jpg","Güzelyalı Emlak","WhatsApp","","https://www.hepsiemlak.com/_nuxt/8cafc93fb5c74c75e9e04e528e02ccdf.jpg",""
"https://www.hepsiemlak.com/aydin-kusadasi-kadinlar-denizi-kiralik/villa/13411-823","1 / 48","100.000","03/09/2026","Kuşadasında Denize Yakın Yerde Sezon Kiralık Eşyalı Triblex Villa","Kiralık Villa","5 + 1","179 m²","14 Yaşında","·","Kat","","Aydın / Kuşadası / Kadınlar Denizi Mah.","https://www.hepsiemlak.com/_nuxt/8cafc93fb5c74c75e9e04e528e02ccdf.jpg","Çisem Emlak","WhatsApp","","https://www.hepsiemlak.com/_nuxt/8cafc93fb5c74c75e9e04e528e02ccdf.jpg",""
"https://www.hepsiemlak.com/aydin-kusadasi-karaova-kiralik/daire/1281-1598","1 / 36","21.500","07/09/2026","Kuşadası Karaova Mevkiin'de Tam Eşyalı Kiralık 1+1 Daire Havuzlu Ve Güvenlikli Plaja 1 Km Mesafede","Kiralık Daire","Stüdyo","60 m²","3 Yaşında","·","Kat","Giriş Katı","Aydın / Kuşadası / Karaova Mah.","https://www.hepsiemlak.com/_nuxt/8cafc93fb5c74c75e9e04e528e02ccdf.jpg","","WhatsApp","","",""
"https://www.hepsiemlak.com/aydin-kusadasi-guzelcamli-kiralik/villa/77059-1947","1 / 60","51.000","07/09/2026","Aydın Kuşadası Güzel Çamlı'da Kiralık 4+1 230 M2 Süper Villa","Kiralık Villa","4 + 1","229 m²","17 Yaşında","·","Kat","","Aydın / Kuşadası / Güzelçamlı Mah.","https://www.hepsiemlak.com/_nuxt/8cafc93fb5c74c75e9e04e528e02ccdf.jpg","Aras Emlak","WhatsApp","","https://www.hepsiemlak.com/_nuxt/8cafc93fb5c74c75e9e04e528e02ccdf.jpg",""
"https://www.hepsiemlak.com/aydin-didim-cumhuriyet-kiralik/villa/129647-484","1 / 34","50.000","08/09/2026","Havuzlu Site İçerisinde Kiralık Ful Tadilatlı 3+1 Villa","Kiralık Villa","3 + 1","180 m²","11 Yaşında","·","Kat","","Aydın / Didim / Cumhuriyet Mah.","https://hecdnnw.hemlak.com/mncropresize/77/67/logo/7/4/6/9/2/1/03fc6770-85fc-4ae9-a3bb-0f5dcb465dbe.jpg","Lotus Gayrimenkul Danışmanlık","WhatsApp","","",""
"https://www.hepsiemlak.com/aydin-kusadasi-ikicesmelik-kiralik/daire/104606-1552","1 / 34","30.000","07/09/2026","Kuşadası İkiçeşmelik Te Kiralık Deniz Manzaralı 2+1 Daire","Kiralık Daire","2 + 1","100 m²","25 Yaşında","·","Kat","En Üst Kat","Aydın / Kuşadası / İkiçeşmelik Mah.","https://hecdnnw.hemlak.com/mncropresize/77/67/logo/6/0/6/4/0/1/9993b81e-27e2-4bce-a085-04baabf10e2a.jpg","Coldwell Banker Ada","WhatsApp","","",""
"https://www.hepsiemlak.com/aydin-kusadasi-kadinlar-denizi-kiralik/mustakil-ev/97893-605","1 / 29","40.000","10/09/2026","Eşyalı 2+1 Dubleks Ev Acıklama İlanda","Kiralık Müstakil Ev","2 + 1","140 m²","21 Yaşında","·","Kat","","Aydın / Kuşadası / Kadınlar Denizi Mah.","https://hecdnnw.hemlak.com/mncropresize/77/67/logo/3/9/8/7/9/0/34885d56-4882-4cc7-9eda-a86d9de0ec42.jpg","Ada Avşar Gayrimenkul Danışmanlığı","WhatsApp","","",""
"https://www.hepsiemlak.com/aydin-kusadasi-kadinlar-denizi-kiralik/residence/76787-1917","1 / 31","53.000","08/09/2026","Kuşadası Kadınlar Denizi Plajına Çok Yakın Kiralık Sıfır Rezidans Daire","Kiralık Residence","2 + 1","120 m²","Sıfır Bina","·","Kat","En Üst Kat","Aydın / Kuşadası / Kadınlar Denizi Mah.","https://hecdn01.hemlak.com/mncropresize/182/137/ds01/5/8/9/2/4/7/6/4/86c490a8-c457-4bae-9999-7fcb4db344a4.jpg","Jupiter Gayrimenkul","WhatsApp","","https://hecdnnw.hemlak.com/mncropresize/77/67/logo/7/8/7/6/7/0/505008e8-ccd8-409b-94ad-2009335f0a7f.jpg",""
"https://www.hepsiemlak.com/aydin-cine-sogancilar-kiralik/daire/134019-33","1 / 13","20.000","09/09/2026","Soğancılar Mahallesinde Kiralık Daire","Kiralık Daire","2 + 1","78 m²","Sıfır Bina","·","Kat","3. Kat","Aydın / Çine / Soğancılar Mah.","https://www.hepsiemlak.com/_nuxt/8cafc93fb5c74c75e9e04e528e02ccdf.jpg","Doğru Emlak","WhatsApp","","https://www.hepsiemlak.com/_nuxt/8cafc93fb5c74c75e9e04e528e02ccdf.jpg",""
"https://www.hepsiemlak.com/aydin-kusadasi-davutlar-kiralik/daire/135091-230","1 / 13","25.000","03/09/2026","Site İçinde Bahçe Katı Eşyalı 1+1","Kiralık Daire","1 + 1","60 m²","6 Yaşında","·","Kat","Bahçe Katı","Aydın / Kuşadası / Davutlar Mah.","https://www.hepsiemlak.com/_nuxt/8cafc93fb5c74c75e9e04e528e02ccdf.jpg","Ege Point Emlak","WhatsApp","Nejdet
                  Atik","","https://www.hepsiemlak.com/_nuxt/8cafc93fb5c74c75e9e04e528e02ccdf.jpg"
"https://www.hepsiemlak.com/aydin-incirliova-cumhuriyet-kiralik/daire/72549-378","1 / 30","30.000","04/09/2026","Cumhuriyet Mahallesi Zübeyde Hanım Caddesi Kiralık Daire","Kiralık Daire","3 + 1","155 m²","6 Yaşında","·","Kat","6. Kat","Aydın / İncirliova / Cumhuriyet Mah.","https://www.hepsiemlak.com/_nuxt/8cafc93fb5c74c75e9e04e528e02ccdf.jpg","İncirkent Gayrimenkul","WhatsApp","Bilal
                  Arılık","","https://www.hepsiemlak.com/_nuxt/8cafc93fb5c74c75e9e04e528e02ccdf.jpg"
"https://www.hepsiemlak.com/aydin-efeler-girne-kiralik/daire/79589-1490","1 / 26","26.000","08/09/2026","Ege Ayyıldız'dan Girne Mahallesinde Kiralık Doğalgazlı 3+1","Kiralık Daire","3 + 1","105 m²","16 Yaşında","·","Kat","3. Kat","Aydın / Efeler / Girne Mah.","https://www.hepsiemlak.com/_nuxt/8cafc93fb5c74c75e9e04e528e02ccdf.jpg","Ege Ayyıldız Gayrimenkul","WhatsApp","","https://www.hepsiemlak.com/_nuxt/8cafc93fb5c74c75e9e04e528e02ccdf.jpg",""
"https://www.hepsiemlak.com/aydin-kusadasi-ege-kiralik/daire/144462-383","1 / 24","28.000","06/09/2026","Kuşadası Ege Mh. Yeni Bina'da 2+1 Kiralık Daire","Kiralık Daire","2 + 1","100 m²","3 Yaşında","·","Kat","4. Kat","Aydın / Kuşadası / Ege Mah.","https://www.hepsiemlak.com/_nuxt/8cafc93fb5c74c75e9e04e528e02ccdf.jpg","Deniz Ada Gayrimenkul","WhatsApp","","https://www.hepsiemlak.com/_nuxt/8cafc93fb5c74c75e9e04e528e02ccdf.jpg",""
"https://www.hepsiemlak.com/aydin-kusadasi-bayraklidede-kiralik/villa/139521-164","1 / 44","40.000","10/09/2026","Denize 500 M.Bahçeli Ve Deniz Manzaralı 5+1 Kiralık Villa-Kuştur","Kiralık Villa","5 + 1","130 m²","25 Yaşında","·","Kat","","Aydın / Kuşadası / Bayraklıdede Mah.","https://www.hepsiemlak.com/_nuxt/8cafc93fb5c74c75e9e04e528e02ccdf.jpg","7 İnvest 7","WhatsApp","","https://www.hepsiemlak.com/_nuxt/8cafc93fb5c74c75e9e04e528e02ccdf.jpg",""
"https://www.hepsiemlak.com/aydin-efeler-tepecik-kiralik/residence/40599-4572","1 / 52","50.000","08/09/2026","Hb'den 3+1 Kiralık Rezidans Daire,Havuzlu,Ara Kat,Çift Cephe","Kiralık Residence","3 + 1","200 m²","10 Yaşında","·","Kat","3. Kat","Aydın / Efeler / Tepecik Mah.","https://www.hepsiemlak.com/_nuxt/8cafc93fb5c74c75e9e04e528e02ccdf.jpg","Hb Gayrimenkul","WhatsApp","","https://www.hepsiemlak.com/_nuxt/8cafc93fb5c74c75e9e04e528e02ccdf.jpg",""
"https://www.hepsiemlak.com/aydin-efeler-guzelhisar-kiralik/daire/147624-307","1 / 28","16.500","04/09/2026","Güzelhisar Mah. Eski Ptt Yanı, Yeni Battı Çıktı Yanında Denizli - Aydın Bulvarında 2+1","Kiralık Daire","2 + 1","90 m²","25 Yaşında","·","Kat","2. Kat","Aydın / Efeler / Güzelhisar Mah.","https://www.hepsiemlak.com/_nuxt/8cafc93fb5c74c75e9e04e528e02ccdf.jpg","Eray Gider Gayrimenkul","WhatsApp","Eray
                  Gider","https://www.hepsiemlak.com/_nuxt/8cafc93fb5c74c75e9e04e528e02ccdf.jpg","https://www.hepsiemlak.com/_nuxt/8cafc93fb5c74c75e9e04e528e02ccdf.jpg"
"https://www.hepsiemlak.com/aydin-kusadasi-davutlar-kiralik/daire/135728-1211","1 / 20","22.000","06/09/2026","Kuşadası Davutlar Merkezde 2+1 Kiralık Geniş Daire","Kiralık Daire","2 + 1","90 m²","4 Yaşında","·","Kat","4. Kat","Aydın / Kuşadası / Davutlar Mah.","https://www.hepsiemlak.com/_nuxt/8cafc93fb5c74c75e9e04e528e02ccdf.jpg","Elit Ada Gayrimenkul","WhatsApp","","https://www.hepsiemlak.com/_nuxt/8cafc93fb5c74c75e9e04e528e02ccdf.jpg",""
"https://www.hepsiemlak.com/aydin-kusadasi-turkmen-kiralik/daire/78233-6045","1 / 47","40.000","07/09/2026","Aclass'dan Marına'da Sahıle 100 M Mesafede Kapalı Mutfaklı-Genıs Kullanımlı 2+1 Kiralık Daire","Kiralık Daire","2 + 1","110 m²","25 Yaşında","·","Kat","Bahçe Katı","Aydın / Kuşadası / Türkmen Mah.","https://www.hepsiemlak.com/_nuxt/8cafc93fb5c74c75e9e04e528e02ccdf.jpg","A_class Gayrimenkul&inşaat","WhatsApp","","https://www.hepsiemlak.com/_nuxt/8cafc93fb5c74c75e9e04e528e02ccdf.jpg",""
"https://www.hepsiemlak.com/aydin-efeler-ata-kiralik/daire/68088-1441","1 / 32","25.000","03/09/2026","Rw Alyans'tan Ata Mah.De Tepecik Bulv. Yakın Kiralık 2+1 Daire","Kiralık Daire","2 + 1","75 m²","Sıfır Bina","·","Kat","2. Kat","Aydın / Efeler / Ata Mah.","https://www.hepsiemlak.com/_nuxt/8cafc93fb5c74c75e9e04e528e02ccdf.jpg","Realty World Alyans Gayrimenkul","","","https://www.hepsiemlak.com/_nuxt/8cafc93fb5c74c75e9e04e528e02ccdf.jpg",""
"https://www.hepsiemlak.com/aydin-efeler-kurtulus-kiralik/daire/64573-44","1 / 37","30.000","07/09/2026","Ünlü Emlak’tan Kiralık Doğalgazlı Arakat Manzaralı Ferah Daire","Kiralık Daire","2 + 1","140 m²","20 Yaşında","·","Kat","4. Kat","Aydın / Efeler / Kurtuluş Mah.","https://www.hepsiemlak.com/_nuxt/8cafc93fb5c74c75e9e04e528e02ccdf.jpg","Ünlü Emlak","WhatsApp","İsmail
                  Ünlü","","https://www.hepsiemlak.com/_nuxt/8cafc93fb5c74c75e9e04e528e02ccdf.jpg"
"https://www.hepsiemlak.com/aydin-efeler-yedi-eylul-kiralik/daire/131789-204","1 / 24","28.000","06/09/2026","Aydın Merkez,  7 Eylül Mahallesinde Eşyalı 3+1","Kiralık Daire","3 + 1","135 m²","30 Yaşında","·","Kat","En Üst Kat","Aydın / Efeler / Yedi Eylül Mah.","https://www.hepsiemlak.com/_nuxt/8cafc93fb5c74c75e9e04e528e02ccdf.jpg","","WhatsApp","","",""
"https://www.hepsiemlak.com/aydin-efeler-guzelhisar-kiralik/daire/141451-292","1 / 34","35.000","08/09/2026","Remax Pin'den Güzelhisarda Ferah Ve Aydınlık 3+1 Kiralık Daire","Kiralık Daire","3 + 1","150 m²","21 Yaşında","·","Kat","5. Kat","Aydın / Efeler / Güzelhisar Mah.","https://www.hepsiemlak.com/_nuxt/8cafc93fb5c74c75e9e04e528e02ccdf.jpg","Remax Pin","WhatsApp","Emre
                  Özkaya","https://www.hepsiemlak.com/_nuxt/8cafc93fb5c74c75e9e04e528e02ccdf.jpg","https://www.hepsiemlak.com/_nuxt/8cafc93fb5c74c75e9e04e528e02ccdf.jpg"
"https://www.hepsiemlak.com/aydin-incirliova-cumhuriyet-kiralik/daire/139131-52","1 / 29","25.000","09/09/2026","Sapmaz Emlak'tan İncirliova Cumhuriyet Mah. 3+1 Otoparklı Daire","Kiralık Daire","3 + 1","99 m²","5 Yaşında","·","Kat","4. Kat","Aydın / İncirliova / Cumhuriyet Mah.","https://www.hepsiemlak.com/_nuxt/8cafc93fb5c74c75e9e04e528e02ccdf.jpg","Sapmaz Gayrimenkul","WhatsApp","Aylin
                  Sapmaz","","https://www.hepsiemlak.com/_nuxt/8cafc93fb5c74c75e9e04e528e02ccdf.jpg"
"https://www.hepsiemlak.com/aydin-kusadasi-karaova-kiralik/villa/163665-23","1 / 38","80.000","09/09/2026","Kuşadası Özel Havuzlu Müstakil Devamlı Kiralik Eşyalı Villa","Kiralık Villa","4 + 1","140 m²","3 Yaşında","·","Kat","","Aydın / Kuşadası / Karaova Mah.","https://www.hepsiemlak.com/_nuxt/8cafc93fb5c74c75e9e04e528e02ccdf.jpg","","WhatsApp","","",""
"https://www.hepsiemlak.com/aydin-kusadasi-guzelcamli-kiralik/villa/153691-74","1 / 28","40.000","05/09/2026","Kiralık 3+1 Sıfır Yazlık Havuzlu Sıte","Kiralık Villa","3 + 1","130 m²","Sıfır Bina","·","Kat","","Aydın / Kuşadası / Güzelçamlı Mah.","https://www.hepsiemlak.com/_nuxt/8cafc93fb5c74c75e9e04e528e02ccdf.jpg","Öztürk Yapı Emlak","WhatsApp","","https://www.hepsiemlak.com/_nuxt/8cafc93fb5c74c75e9e04e528e02ccdf.jpg",""
"https://www.hepsiemlak.com/aydin-efeler-mesrutiyet-kiralik/daire/124098-212","1 / 50","26.000","10/09/2026","Aydın Meşrutiyet Mah 2+1 Ara Kat Kiralık","Kiralık Daire","2 + 1","90 m²","4 Yaşında","·","Kat","3. Kat","Aydın / Efeler / Meşrutiyet Mah.","https://www.hepsiemlak.com/_nuxt/8cafc93fb5c74c75e9e04e528e02ccdf.jpg","Kaçmaz Emlak","WhatsApp","","https://www.hepsiemlak.com/_nuxt/8cafc93fb5c74c75e9e04e528e02ccdf.jpg",""
"https://www.hepsiemlak.com/aydin-efeler-zafer-kiralik/daire/124121-784","1 / 60","20.000","07/09/2026","Eşyalı Klimalı Asansörlü Daire","Kiralık Daire","2 + 1","80 m²","8 Yaşında","·","Kat","En Üst Kat","Aydın / Efeler / Zafer Mah.","https://www.hepsiemlak.com/_nuxt/8cafc93fb5c74c75e9e04e528e02ccdf.jpg","Mert Gayrimenkul","WhatsApp","","https://www.hepsiemlak.com/_nuxt/8cafc93fb5c74c75e9e04e528e02ccdf.jpg",""
"https://www.hepsiemlak.com/aydin-kusadasi-davutlar-kiralik/daire/145403-694","1 / 18","23.000","06/09/2026","Full Eşyalı Devamlı Kiralık 1+1 Daire","Kiralık Daire","2 + 1","50 m²","3 Yaşında","·","Kat","2. Kat","Aydın / Kuşadası / Davutlar Mah.","https://www.hepsiemlak.com/_nuxt/8cafc93fb5c74c75e9e04e528e02ccdf.jpg","Ada Address Gayrimenkul","WhatsApp","","https://www.hepsiemlak.com/_nuxt/8cafc93fb5c74c75e9e04e528e02ccdf.jpg",""
"https://www.hepsiemlak.com/aydin-didim-akbuk-kiralik/daire/37124-1108","1 / 30","27.500","05/09/2026","Akbük'te Doğa Deniz Ve Şehir Manzaralı Lüks Sitede Yıllık ( Sürekli - Devamlı ) Kiralık 1+1 Daireler","Kiralık Daire","1 + 1","69 m²","3 Yaşında","·","Kat","Yüksek Giriş","Aydın / Didim / Akbük Mah.","https://hecdnnw.hemlak.com/mncropresize/77/67/logo/4/2/1/7/3/0/c9c24f42-0bdd-4e2f-b1f1-53e54002d7a8.jpg","Apollo Gayrimenkul","WhatsApp","","",""
"https://www.hepsiemlak.com/aydin-efeler-zafer-kiralik/daire/124178-278","1 / 38","19.000","09/09/2026","Aydın Zafer Mah'de Full Eşyalı Doğalgazlı Klimalı Arakat Kiralık 1+1 Daire","Kiralık Daire","1 + 1","50 m²","4 Yaşında","·","Kat","2. Kat","Aydın / Efeler / Zafer Mah.","https://hecdnnw.hemlak.com/mncropresize/77/67/logo/8/7/1/4/2/1/2f616e4c-dbf5-4c56-9759-cd4e6e466dbd.jpg","Aydın Bölge Gayrimenkul","WhatsApp","","",""
"https://www.hepsiemlak.com/aydin-nazilli-isabeyli-kiralik/daire/113600-545","1 / 22","17.000","04/09/2026","Alfa Emlak’dan İsabeyli Mahallesi’de Full Eşyalı 2+1 Daire","Kiralık Daire","2 + 0","70 m²","10 Yaşında","·","Kat","3. Kat","Aydın / Nazilli / İsabeyli Mah.","","Alfa Emlak","WhatsApp","Ali
                  Çam","https://hecdnnw.hemlak.com/mncropresize/77/67/firmuser/6/7/9/1/3/4/2/a025a2cf-4f31-453a-8062-ca023b687a28.jpg",""
"https://www.hepsiemlak.com/aydin-soke-konak-kiralik/daire/156725-116","1 / 11","26.000","09/09/2026","Aydin Söke Konak Mahallesin De Kiralık 2+1 Daire","Kiralık Daire","2 + 1","90 m²","Sıfır Bina","·","Kat","En Üst Kat","Aydın / Söke / Konak Mah.","https://hecdn01.hemlak.com/mncropresize/182/137/ds01/2/2/0/6/3/5/6/4/1787151471-571145-46536022.jpeg","","WhatsApp","","",""
"https://www.hepsiemlak.com/aydin-efeler-girne-kiralik/daire/95325-630","1 / 25","28.000","10/09/2026","Efeler Girne'de Kiralık 2+1 Doğalgazlı Daire","Kiralık Daire","2 + 1","95 m²","10 Yaşında","·","Kat","1. Kat","Aydın / Efeler / Girne Mah.","https://www.hepsiemlak.com/_nuxt/8cafc93fb5c74c75e9e04e528e02ccdf.jpg","Metropol Gayrimenkul","WhatsApp","","https://www.hepsiemlak.com/_nuxt/8cafc93fb5c74c75e9e04e528e02ccdf.jpg",""
"https://www.hepsiemlak.com/aydin-efeler-orta-kiralik/daire/0-47255802","1 / 10","20.000","07/09/2026","Sahibinden Kiralık Daire Tekstil Park Yanı","Kiralık Daire","2 + 1","75 m²","9 Yaşında","·","Kat","3. Kat","Aydın / Efeler / Orta Mah.","https://www.hepsiemlak.com/_nuxt/8cafc93fb5c74c75e9e04e528e02ccdf.jpg","","WhatsApp","","",""
"https://www.hepsiemlak.com/aydin-efeler-mesrutiyet-kiralik/daire/121492-145","1 / 20","27.500","07/09/2026","Batı Gazi Bulvarında  3 + 1  Asansörlü, Doğalgazlı Kiralık Daire","Kiralık Daire","3 + 1","140 m²","20 Yaşında","·","Kat","4. Kat","Aydın / Efeler / Meşrutiyet Mah.","https://www.hepsiemlak.com/_nuxt/8cafc93fb5c74c75e9e04e528e02ccdf.jpg","Mimaroba Çınar Gayrimenkul","WhatsApp","","https://www.hepsiemlak.com/_nuxt/8cafc93fb5c74c75e9e04e528e02ccdf.jpg",""
"https://www.hepsiemlak.com/aydin-kusadasi-karaova-kiralik/daire/1281-1593","1 / 32","14.500","07/09/2026","Kuşadası Karaova Mevkii'nde, Senelik Peşin Tek Kişi İçin  1+0 Tam Eşyalı Kiralık Daire. Plaja 1 Km","Kiralık Daire","1 + 1","22 m²","3 Yaşında","·","Kat","Villa Katı","Aydın / Kuşadası / Karaova Mah.","https://www.hepsiemlak.com/_nuxt/8cafc93fb5c74c75e9e04e528e02ccdf.jpg","","WhatsApp","","",""
"https://www.hepsiemlak.com/aydin-kusadasi-degirmendere-kiralik/daire/88932-1053","1 / 29","26.000","06/09/2026","Kuşadası /değirmendere'de Ebeveyn Banyolu Havuzlu Sitede Aidat İçinde Okullara Yürüme  2+1","Kiralık Daire","2 + 1","85 m²","4 Yaşında","·","Kat","Ara Kat","Aydın / Kuşadası / Değirmendere Mah.","https://www.hepsiemlak.com/_nuxt/8cafc93fb5c74c75e9e04e528e02ccdf.jpg","İda Ege Emlak","WhatsApp","","https://www.hepsiemlak.com/_nuxt/8cafc93fb5c74c75e9e04e528e02ccdf.jpg",""
"https://www.hepsiemlak.com/aydin-efeler-zafer-kiralik/daire/163274-91","1 / 12","27.500","09/09/2026","Zafer Mahallesi'nde 2+1 Eşyalı Kiralık Daire","Kiralık Daire","2 + 1","70 m²","6 Yaşında","·","Kat","4. Kat","Aydın / Efeler / Zafer Mah.","https://www.hepsiemlak.com/_nuxt/8cafc93fb5c74c75e9e04e528e02ccdf.jpg","Erbaş Class Emlak & Gayrimenkul","WhatsApp","Melih
                  Erbaş","https://www.hepsiemlak.com/_nuxt/8cafc93fb5c74c75e9e04e528e02ccdf.jpg","https://www.hepsiemlak.com/_nuxt/8cafc93fb5c74c75e9e04e528e02ccdf.jpg"
"https://www.hepsiemlak.com/aydin-didim-altinkum-kiralik/daire/29249-962","1 / 28","280.000","08/09/2026","Didim Altınkum Plajına Yakın Sezonluk Kiralık 2+1 Havuzlu Dublex Daire","Kiralık Daire","2 + 1","100 m²","15 Yaşında","·","Kat","3. Kat","Aydın / Didim / Altınkum Mah.","https://www.hepsiemlak.com/_nuxt/8cafc93fb5c74c75e9e04e528e02ccdf.jpg","Altınkum Prestige Homes","WhatsApp","","https://www.hepsiemlak.com/_nuxt/8cafc93fb5c74c75e9e04e528e02ccdf.jpg",""
"https://www.hepsiemlak.com/aydin-kusadasi-degirmendere-kiralik/daire/18495-4138","1 / 19","30.000","05/09/2026","Sosyal Donatılı Sitede Havuz Cephe Kiralık 1+1 Daire","Kiralık Daire","1 + 1","89 m²","1 Yaşında","·","Kat","4. Kat","Aydın / Kuşadası / Değirmendere Mah.","https://www.hepsiemlak.com/_nuxt/8cafc93fb5c74c75e9e04e528e02ccdf.jpg","Blue Bırds Ada Gayrimenkul","WhatsApp","Hüseyin
                  Özkan","https://www.hepsiemlak.com/_nuxt/8cafc93fb5c74c75e9e04e528e02ccdf.jpg","https://www.hepsiemlak.com/_nuxt/8cafc93fb5c74c75e9e04e528e02ccdf.jpg"
"https://www.hepsiemlak.com/aydin-efeler-yedi-eylul-kiralik/daire/64143-2855","1 / 34","30.000","09/09/2026","Aydın Kiralık 7 Eylül Mahallesi'nde 4+1 Daire","Kiralık Daire","4 + 1","180 m²","26 Yaşında","·","Kat","3. Kat","Aydın / Efeler / Yedi Eylül Mah.","https://www.hepsiemlak.com/_nuxt/8cafc93fb5c74c75e9e04e528e02ccdf.jpg","Alp Gayrimenkul","WhatsApp","Fevzi
                  Köse","https://www.hepsiemlak.com/_nuxt/8cafc93fb5c74c75e9e04e528e02ccdf.jpg","https://www.hepsiemlak.com/_nuxt/8cafc93fb5c74c75e9e04e528e02ccdf.jpg"
"https://www.hepsiemlak.com/aydin-kusadasi-degirmendere-kiralik/daire/28110-16345","1 / 27","35.000","07/09/2026","Egebirlik Sitesinde Kiralık 3+1 Daire","Kiralık Daire","3 + 1","100 m²","8 Yaşında","·","Kat","Yüksek Giriş","Aydın / Kuşadası / Değirmendere Mah.","https://www.hepsiemlak.com/_nuxt/8cafc93fb5c74c75e9e04e528e02ccdf.jpg","Remax Pasha 1","WhatsApp","","https://www.hepsiemlak.com/_nuxt/8cafc93fb5c74c75e9e04e528e02ccdf.jpg",""
"https://www.hepsiemlak.com/aydin-soke-yenikent-kiralik/daire/97893-604","1 / 23","25.000","10/09/2026","Acıklama İlanda Mevcut","Kiralık Daire","1 + 1","50 m²","6 Yaşında","·","Kat","2. Kat","Aydın / Söke / Yenikent Mah.","https://www.hepsiemlak.com/_nuxt/8cafc93fb5c74c75e9e04e528e02ccdf.jpg","Ada Avşar Gayrimenkul Danışmanlığı","WhatsApp","","https://www.hepsiemlak.com/_nuxt/8cafc93fb5c74c75e9e04e528e02ccdf.jpg",""
"https://www.hepsiemlak.com/aydin-efeler-zafer-kiralik/daire/162341-64","1 / 19","25.000","09/09/2026","Aydın Efeler Zafer Mahallesinde Merkezi Konumda 3+1 Kiralık","Kiralık Daire","3 + 1","130 m²","26 Yaşında","·","Kat","4. Kat","Aydın / Efeler / Zafer Mah.","https://www.hepsiemlak.com/_nuxt/8cafc93fb5c74c75e9e04e528e02ccdf.jpg","Gündem Gayrimenkul","WhatsApp","","https://www.hepsiemlak.com/_nuxt/8cafc93fb5c74c75e9e04e528e02ccdf.jpg",""
"https://www.hepsiemlak.com/aydin-kusadasi-davutlar-kiralik/daire/135728-1210","1 / 25","30.000","06/09/2026","Kuşadası Davutlar Merkezde Kapalı Mutfak 2+1 Daire","Kiralık Daire","2 + 1","95 m²","8 Yaşında","·","Kat","3. Kat","Aydın / Kuşadası / Davutlar Mah.","https://www.hepsiemlak.com/_nuxt/8cafc93fb5c74c75e9e04e528e02ccdf.jpg","Elit Ada Gayrimenkul","WhatsApp","","https://www.hepsiemlak.com/_nuxt/8cafc93fb5c74c75e9e04e528e02ccdf.jpg",""
"https://www.hepsiemlak.com/aydin-efeler-fatih-kiralik/daire/64573-42","1 / 25","19.500","07/09/2026","Ünlü Emlaktan Kiralık Müstakil Daire Otoparklı","Kiralık Daire","3 + 1","110 m²","35 Yaşında","·","Kat","Ara Kat","Aydın / Efeler / Fatih Mah.","https://www.hepsiemlak.com/_nuxt/8cafc93fb5c74c75e9e04e528e02ccdf.jpg","Ünlü Emlak","WhatsApp","İsmail
                  Ünlü","","https://www.hepsiemlak.com/_nuxt/8cafc93fb5c74c75e9e04e528e02ccdf.jpg"
"https://www.hepsiemlak.com/aydin-efeler-mesrutiyet-kiralik/daire/40599-4529","1 / 37","25.000","03/09/2026","Hb'den 2+1 Kiralık Daire,Meşrutiyet Mah'de Doğalgazlı Ara Kat","Kiralık Daire","2 + 0","95 m²","30 Yaşında","·","Kat","4. Kat","Aydın / Efeler / Meşrutiyet Mah.","https://www.hepsiemlak.com/_nuxt/8cafc93fb5c74c75e9e04e528e02ccdf.jpg","Hb Gayrimenkul","WhatsApp","","https://www.hepsiemlak.com/_nuxt/8cafc93fb5c74c75e9e04e528e02ccdf.jpg",""
"https://www.hepsiemlak.com/aydin-efeler-orta-kiralik/daire/147624-283","1 / 24","17.000","08/09/2026","Üniversite Caddesi Üzeri 2+1 Asansör-Otoparklı","Kiralık Daire","2 + 1","85 m²","8 Yaşında","·","Kat","1. Kat","Aydın / Efeler / Orta Mah.","https://www.hepsiemlak.com/_nuxt/8cafc93fb5c74c75e9e04e528e02ccdf.jpg","Eray Gider Gayrimenkul","WhatsApp","Eray
                  Gider","https://www.hepsiemlak.com/_nuxt/8cafc93fb5c74c75e9e04e528e02ccdf.jpg","https://www.hepsiemlak.com/_nuxt/8cafc93fb5c74c75e9e04e528e02ccdf.jpg"
"https://www.hepsiemlak.com/aydin-efeler-cuma-kiralik/daire/131814-393","1 / 22","45.000","07/09/2026","Doğu Gazi’de 5+1 Eşyalı Daire Fırsatı","Kiralık Daire","5 + 1","195 m²","15 Yaşında","·","Kat","3. Kat","Aydın / Efeler / Cuma Mah.","https://www.hepsiemlak.com/_nuxt/8cafc93fb5c74c75e9e04e528e02ccdf.jpg","Konak Gayrimenkul","WhatsApp","","https://www.hepsiemlak.com/_nuxt/8cafc93fb5c74c75e9e04e528e02ccdf.jpg",""
"https://www.hepsiemlak.com/aydin-efeler-orta-kiralik/daire/131789-200","1 / 20","16.000","09/09/2026","Aydın Efeler, Eşyalı Geniş Ferah 1+1 Kiralık Daire","Kiralık Daire","1 + 10","50 m²","10 Yaşında","·","Kat","Ara Kat","Aydın / Efeler / Orta Mah.","https://www.hepsiemlak.com/_nuxt/8cafc93fb5c74c75e9e04e528e02ccdf.jpg","","WhatsApp","","",""
"https://www.hepsiemlak.com/aydin-efeler-zafer-kiralik/daire/124121-780","1 / 35","15.000","08/09/2026","Eşyalı Kiralık 1+1","Kiralık Daire","1 + 1","55 m²","8 Yaşında","·","Kat","Yüksek Giriş","Aydın / Efeler / Zafer Mah.","https://www.hepsiemlak.com/_nuxt/8cafc93fb5c74c75e9e04e528e02ccdf.jpg","Mert Gayrimenkul","WhatsApp","","https://www.hepsiemlak.com/_nuxt/8cafc93fb5c74c75e9e04e528e02ccdf.jpg",""
"https://www.hepsiemlak.com/aydin-efeler-efeler-kiralik/daire/124098-178","1 / 42","23.000","10/09/2026","Aydın Alt Efeler Mah 3+1 Doğalgazlı Ara Kat Kiralık","Kiralık Daire","3 + 1","140 m²","25 Yaşında","·","Kat","3. Kat","Aydın / Efeler / Efeler Mah.","https://www.hepsiemlak.com/_nuxt/8cafc93fb5c74c75e9e04e528e02ccdf.jpg","Kaçmaz Emlak","WhatsApp","","https://www.hepsiemlak.com/_nuxt/8cafc93fb5c74c75e9e04e528e02ccdf.jpg",""
"https://www.hepsiemlak.com/aydin-kusadasi-kadinlar-denizi-kiralik/daire/114395-3656","1 / 36","40.000","09/09/2026","Kuşadasında Havuzlu Lüks Elit Yeni Sitede 2+1 Eşyalı Kiralık Daire","Kiralık Daire","2 + 1","100 m²","5 Yaşında","·","Kat","2. Kat","Aydın / Kuşadası / Kadınlar Denizi Mah.","https://hecdnnw.hemlak.com/mncropresize/77/67/logo/5/9/3/4/1/1/a904cdb8-0b8e-4d25-9001-b08c3c07da3b.png","Emlak Adası Kuşadası","WhatsApp","Emlak
                  Adası","https://www.hepsiemlak.com/_nuxt/img/no-image-user.6f6a83e.svg",""
"https://www.hepsiemlak.com/aydin-nazilli-isabeyli-kiralik/daire/160026-370","1 / 11","13.200","09/09/2026","Duru Emlaktan 1+1 Full Eşyalı Geniş M2 Kiralık Daire","Kiralık Daire","1 + 1","60 m²","6 Yaşında","·","Kat","3. Kat","Aydın / Nazilli / İsabeyli Mah.","https://hecdnnw.hemlak.com/mncropresize/77/67/logo/6/2/0/0/6/1/65538d15-6c8a-4169-aa12-c3c7211de99c.jpg","Duru Emlak","WhatsApp","","",""
"https://www.hepsiemlak.com/aydin-didim-efeler-kiralik/daire/99698-748","1 / 22","22.500","09/09/2026","Didimde Kiralık 1+1 Eşyalı Havuzlu Site İçerisinde Aidat Ve İnternet Fiyata Dahil Daire !","Kiralık Daire","1 + 1","50 m²","12 Yaşında","·","Kat","Yüksek Giriş","Aydın / Didim / Efeler Mah.","https://hecdnnw.hemlak.com/mncropresize/77/67/logo/8/9/6/9/9/0/fdc09dff-67d0-4417-b624-8efb9c6a0998.jpg","Ct Gayrimenkul Real Estate","WhatsApp","","",""
"https://www.hepsiemlak.com/aydin-nazilli-yesil-kiralik/daire/113600-536","1 / 19","25.000","04/09/2026","Alfa Emlak Dan Yeşil Mahallede Kiralık 3+1 Daire","Kiralık Daire","3 + 1","150 m²","8 Yaşında","·","Kat","2. Kat","Aydın / Nazilli / Yeşil Mah.","https://hecdn01.hemlak.com/mncropresize/182/137/ds01/8/3/2/8/6/9/6/4/1784453793-243022-46968238.jpeg","Alfa Emlak","WhatsApp","Ali
                  Çam","","https://hecdnnw.hemlak.com/mncropresize/77/67/firmuser/6/7/9/1/3/4/2/a025a2cf-4f31-453a-8062-ca023b687a28.jpg"
"https://www.hepsiemlak.com/aydin-nazilli-yesil-kiralik/daire/46102-319","1 / 31","22.000","08/09/2026","Nazilli Ege Emlak Ofisinden Yeşil Mah. Doğalgaz Kombili, Asansörlü Kiralık Daire","Kiralık Daire","2 + 1","105 m²","7 Yaşında","·","Kat","1. Kat","Aydın / Nazilli / Yeşil Mah.","https://www.hepsiemlak.com/_nuxt/8cafc93fb5c74c75e9e04e528e02ccdf.jpg","Ege Emlak Ofisi","WhatsApp","Süleyman
                  Doğan","","https://www.hepsiemlak.com/_nuxt/8cafc93fb5c74c75e9e04e528e02ccdf.jpg"
"https://www.hepsiemlak.com/aydin-efeler-yedi-eylul-kiralik/daire/121492-149","1 / 18","25.000","07/09/2026","Mimaroba Çınar'dan Yedi Eylül Mah Doğalgazlı 3+1 Daire","Kiralık Daire","3 + 1","140 m²","22 Yaşında","·","Kat","4. Kat","Aydın / Efeler / Yedi Eylül Mah.","https://www.hepsiemlak.com/_nuxt/8cafc93fb5c74c75e9e04e528e02ccdf.jpg","Mimaroba Çınar Gayrimenkul","WhatsApp","","https://www.hepsiemlak.com/_nuxt/8cafc93fb5c74c75e9e04e528e02ccdf.jpg",""
"https://www.hepsiemlak.com/aydin-didim-akbuk-kiralik/daire/37124-1162","1 / 25","47.500","05/09/2026","Akbük'te Doğa Deniz Manzaralı Lüks Sitede Yıllık ( Sürekli - Devamlı ) Kiralık 3+1 Ayrı Mutfak Daire","Kiralık Daire","3 + 1","150 m²","3 Yaşında","·","Kat","1. Kat","Aydın / Didim / Akbük Mah.","https://www.hepsiemlak.com/_nuxt/8cafc93fb5c74c75e9e04e528e02ccdf.jpg","Apollo Gayrimenkul","WhatsApp","","https://www.hepsiemlak.com/_nuxt/8cafc93fb5c74c75e9e04e528e02ccdf.jpg",""
"https://www.hepsiemlak.com/aydin-kusadasi-bayraklidede-kiralik/daire/76787-1927","1 / 20","45.000","07/09/2026","Kuşadası Merkezde Havuzlu Sitede Kiralık Manzaralı Doğalgazlı 3+1 Daire","Kiralık Daire","3 + 1","160 m²","25 Yaşında","·","Kat","1. Kat","Aydın / Kuşadası / Bayraklıdede Mah.","https://www.hepsiemlak.com/_nuxt/8cafc93fb5c74c75e9e04e528e02ccdf.jpg","Jupiter Gayrimenkul","WhatsApp","","https://www.hepsiemlak.com/_nuxt/8cafc93fb5c74c75e9e04e528e02ccdf.jpg",""
"https://www.hepsiemlak.com/aydin-efeler-orta-kiralik/daire/141451-300","1 / 12","14.000","07/09/2026","Remax Pin'den Aydın Orta Mh Selanik Cd Fırsat 1+1 Kiralık Boş Da","Kiralık Daire","1 + 1","42 m²","6 Yaşında","·","Kat","1. Kat","Aydın / Efeler / Orta Mah.","https://www.hepsiemlak.com/_nuxt/8cafc93fb5c74c75e9e04e528e02ccdf.jpg","Remax Pin","WhatsApp","Emre
                  Özkaya","https://www.hepsiemlak.com/_nuxt/8cafc93fb5c74c75e9e04e528e02ccdf.jpg","https://www.hepsiemlak.com/_nuxt/8cafc93fb5c74c75e9e04e528e02ccdf.jpg"
"https://www.hepsiemlak.com/aydin-efeler-zafer-kiralik/daire/79589-1494","1 / 19","22.000","08/09/2026","Aydın, Efeler, Zafer Mahallesinde Kiralık 1+1 Dubleks","Kiralık Daire","1 + 1","50 m²","6 Yaşında","·","Kat","5. Kat","Aydın / Efeler / Zafer Mah.","https://www.hepsiemlak.com/_nuxt/8cafc93fb5c74c75e9e04e528e02ccdf.jpg","Ege Ayyıldız Gayrimenkul","WhatsApp","","https://www.hepsiemlak.com/_nuxt/8cafc93fb5c74c75e9e04e528e02ccdf.jpg",""
"https://www.hepsiemlak.com/aydin-kusadasi-degirmendere-kiralik/daire/84929-15175","1 / 19","25.000","07/09/2026","Kuşadası Değirmendere Mh.'de Havuzlu Sitede 1+1 Full Eşyalı Kiralık Daire","Kiralık Daire","1 + 1","55 m²","5 Yaşında","·","Kat","Giriş Katı","Aydın / Kuşadası / Değirmendere Mah.","https://www.hepsiemlak.com/_nuxt/8cafc93fb5c74c75e9e04e528e02ccdf.jpg","Level 61","WhatsApp","","https://www.hepsiemlak.com/_nuxt/8cafc93fb5c74c75e9e04e528e02ccdf.jpg",""
"https://www.hepsiemlak.com/aydin-efeler-zafer-kiralik/daire/124178-306","1 / 12","18.000","05/09/2026","Aydın Zafer Mah'de Kiralık Eşyalı 1+1 Daire","Kiralık Daire","1 + 1","50 m²","6 Yaşında","·","Kat","3. Kat","Aydın / Efeler / Zafer Mah.","https://www.hepsiemlak.com/_nuxt/8cafc93fb5c74c75e9e04e528e02ccdf.jpg","Aydın Bölge Gayrimenkul","WhatsApp","","https://www.hepsiemlak.com/_nuxt/8cafc93fb5c74c75e9e04e528e02ccdf.jpg",""
"https://www.hepsiemlak.com/aydin-efeler-zafer-kiralik/daire/32184-1288","1 / 27","32.000","07/09/2026","Aydın Kiralık Maritza Prime Rezidans 1+1 Eşyalı Daire","Kiralık Daire","1 + 1","60 m²","1 Yaşında","·","Kat","4. Kat","Aydın / Efeler / Zafer Mah.","https://www.hepsiemlak.com/_nuxt/8cafc93fb5c74c75e9e04e528e02ccdf.jpg","Dervişoğlu Berke Emlak","WhatsApp","Mehmet
                  Berke","https://www.hepsiemlak.com/_nuxt/8cafc93fb5c74c75e9e04e528e02ccdf.jpg","https://www.hepsiemlak.com/_nuxt/8cafc93fb5c74c75e9e04e528e02ccdf.jpg"
"https://www.hepsiemlak.com/aydin-cine-sevketiye-kiralik/daire/122453-207","1 / 17","20.000","07/09/2026","Ceren Emlaktan Şevketiye Mh. Full Eşyalı Lokasyon Harikası 1+1","Kiralık Daire","1 + 1","50 m²","5 Yaşında","·","Kat","3. Kat","Aydın / Çine / Şevketiye Mah.","https://www.hepsiemlak.com/_nuxt/8cafc93fb5c74c75e9e04e528e02ccdf.jpg","","WhatsApp","","",""
"https://www.hepsiemlak.com/aydin-efeler-orta-kiralik/daire/131789-197","1 / 27","16.000","09/09/2026","Aydın, Efeler, Klimalı, Doğalgazlı Ful Eşyalı Site İçinde Stüdyo Daire.","Kiralık Daire","1 + 1","45 m²","10 Yaşında","·","Kat","2. Kat","Aydın / Efeler / Orta Mah.","https://www.hepsiemlak.com/_nuxt/8cafc93fb5c74c75e9e04e528e02ccdf.jpg","","WhatsApp","","",""
"https://www.hepsiemlak.com/aydin-efeler-kurtulus-kiralik/daire/40599-4411","1 / 37","18.000","07/09/2026","Hb'den 3+1 Eşyalı Kiralık Daire, Kıbrıs Caddesi Üzeri Ara Kat","Kiralık Daire","3 + 1","130 m²","46 Yaşında","·","Kat","4. Kat","Aydın / Efeler / Kurtuluş Mah.","https://www.hepsiemlak.com/_nuxt/8cafc93fb5c74c75e9e04e528e02ccdf.jpg","Hb Gayrimenkul","WhatsApp","","https://www.hepsiemlak.com/_nuxt/8cafc93fb5c74c75e9e04e528e02ccdf.jpg",""
"https://www.hepsiemlak.com/aydin-efeler-zafer-kiralik/daire/131814-377","1 / 15","23.500","08/09/2026","Fırsat Başar Suit'de  Klimalı","Kiralık Daire","1 + 1","52 m²","6 Yaşında","·","Kat","4. Kat","Aydın / Efeler / Zafer Mah.","https://www.hepsiemlak.com/_nuxt/8cafc93fb5c74c75e9e04e528e02ccdf.jpg","Konak Gayrimenkul","WhatsApp","","https://www.hepsiemlak.com/_nuxt/8cafc93fb5c74c75e9e04e528e02ccdf.jpg",""
"https://www.hepsiemlak.com/aydin-kusadasi-cumhuriyet-kiralik/daire/28110-16444","1 / 24","30.000","07/09/2026","Kuşadası Merkezde Full Eşyalı 1+1 Daire","Kiralık Daire","1 + 1","56 m²","3 Yaşında","·","Kat","1. Kat","Aydın / Kuşadası / Cumhuriyet Mah.","https://www.hepsiemlak.com/_nuxt/8cafc93fb5c74c75e9e04e528e02ccdf.jpg","Remax Pasha 1","WhatsApp","","https://www.hepsiemlak.com/_nuxt/8cafc93fb5c74c75e9e04e528e02ccdf.jpg",""
"https://www.hepsiemlak.com/aydin-nazilli-isabeyli-kiralik/daire/160026-367","1 / 10","14.500","05/09/2026","Duru Emlaktan 1+1 Full Eşyalı Kiralık Daire","Kiralık Daire","1 + 1","70 m²","6 Yaşında","·","Kat","2. Kat","Aydın / Nazilli / İsabeyli Mah.","https://www.hepsiemlak.com/_nuxt/8cafc93fb5c74c75e9e04e528e02ccdf.jpg","Duru Emlak","WhatsApp","","https://www.hepsiemlak.com/_nuxt/8cafc93fb5c74c75e9e04e528e02ccdf.jpg",""
"https://www.hepsiemlak.com/aydin-germencik-yedieylul-kiralik/daire/130369-446","1 / 20","27.000","08/09/2026","Germencik Yedieylül Mah.Geniş Sıfır Doğalgazlı 3+1 Kiralık Daire","Kiralık Daire","3 + 1","150 m²","4 Yaşında","·","Kat","Yüksek Giriş","Aydın / Germencik / Yedieylül Mah.","https://www.hepsiemlak.com/_nuxt/8cafc93fb5c74c75e9e04e528e02ccdf.jpg","Terra Gayrimenkul","WhatsApp","Nesrin
                  Özkocaman","","https://www.hepsiemlak.com/_nuxt/8cafc93fb5c74c75e9e04e528e02ccdf.jpg"
"https://www.hepsiemlak.com/aydin-kusadasi-degirmendere-kiralik/mustakil-ev/148837-1958","1 / 23","80.000","08/09/2026","Kuşadası Türkmen Mahallesi Müstakil Havuzlu Villa","Kiralık Müstakil Ev","3 + 1","489 m²","15 Yaşında","·","Kat","","Aydın / Kuşadası / Değirmendere Mah.","https://www.hepsiemlak.com/_nuxt/8cafc93fb5c74c75e9e04e528e02ccdf.jpg","Remax Pasha 1","WhatsApp","","https://www.hepsiemlak.com/_nuxt/8cafc93fb5c74c75e9e04e528e02ccdf.jpg",""
"https://www.hepsiemlak.com/aydin-efeler-fatih-kiralik/daire/131465-242","1 / 20","25.000","08/09/2026","Orman Fidanlığı Karşısında Doğalgazlı Kiralık Daire","Kiralık Daire","3 + 1","160 m²","25 Yaşında","·","Kat","5. Kat","Aydın / Efeler / Fatih Mah.","https://www.hepsiemlak.com/_nuxt/8cafc93fb5c74c75e9e04e528e02ccdf.jpg","Mercan Gayrimenkul","WhatsApp","Halil
                  Akyağcı","","https://www.hepsiemlak.com/_nuxt/8cafc93fb5c74c75e9e04e528e02ccdf.jpg"
"https://www.hepsiemlak.com/aydin-efeler-kurtulus-kiralik/daire/125916-422","1 / 26","23.000","07/09/2026","Aydın Efeler Cumhuriyet Mah.  Kiralık 2+1  Daire","Kiralık Daire","2 + 1","90 m²","5 Yaşında","·","Kat","1. Kat","Aydın / Efeler / Kurtuluş Mah.","https://www.hepsiemlak.com/_nuxt/8cafc93fb5c74c75e9e04e528e02ccdf.jpg","Karadeniz Emlak","WhatsApp","","https://www.hepsiemlak.com/_nuxt/8cafc93fb5c74c75e9e04e528e02ccdf.jpg",""
"https://www.hepsiemlak.com/aydin-didim-efeler-kiralik/daire/170427-342","1 / 20","28.000","09/09/2026","Denize Ve Merkeze Yürüme Mesafesinde Eşyalı 2+1 Kiralık Daire","Kiralık Daire","2 + 1","85 m²","11 Yaşında","·","Kat","1. Kat","Aydın / Didim / Efeler Mah.","https://www.hepsiemlak.com/_nuxt/8cafc93fb5c74c75e9e04e528e02ccdf.jpg","Bodrum Zeytin Gayrimenkul Ticaret Anonim Şirketi","WhatsApp","","https://www.hepsiemlak.com/_nuxt/8cafc93fb5c74c75e9e04e528e02ccdf.jpg",""
"https://www.hepsiemlak.com/aydin-efeler-mesrutiyet-kiralik/daire/0-47261634","1 / 17","28.000","07/09/2026","Sahibinden 2+1 120 Metre Kare Atatürk Bulvarı Üzerinde","Kiralık Daire","2 + 1","125 m²","30 Yaşında","·","Kat","Ara Kat","Aydın / Efeler / Meşrutiyet Mah.","","","WhatsApp","","",""
"https://www.hepsiemlak.com/aydin-kusadasi-degirmendere-kiralik/daire/147107-59","1 / 21","25.000","07/09/2026","1+1 Full Eşyalı Kiralık Daire","Kiralık Daire","1 + 1","55 m²","6 Yaşında","·","Kat","Yüksek Giriş","Aydın / Kuşadası / Değirmendere Mah.","https://hecdnnw.hemlak.com/mncropresize/77/67/logo/7/0/1/7/4/1/54c04e90-8a04-460a-8718-48e55e15aea9.jpg","Günışığı Gayrimenkul","WhatsApp","","",""
"https://www.hepsiemlak.com/aydin-efeler-mesrutiyet-kiralik/daire/148156-113","1 / 30","21.000","05/09/2026","Aydın Efeler Meşrutiyet Mahallesinde Doğalgazlı 3+1","Kiralık Daire","3 + 1","135 m²","25 Yaşında","·","Kat","3. Kat","Aydın / Efeler / Meşrutiyet Mah.","https://hecdnnw.hemlak.com/mncropresize/77/67/logo/6/5/1/8/4/1/6a1e32e1-12fd-42d7-8298-2cf249a40da0.jpg","Garantis Gayrimenkul Yatırım Danışmanlığı","WhatsApp","","",""
"https://www.hepsiemlak.com/aydin-soke-ataturk-kiralik/daire/124294-88","1 / 30","35.000","04/09/2026","Söke Emlak Ofisinden Atatürk Mahallesinde Eşyalı Kiralık Daire","Kiralık Daire","3 + 1","145 m²","16 Yaşında","·","Kat","1. Kat","Aydın / Söke / Atatürk Mah.","https://hecdn01.hemlak.com/mncropresize/182/137/ds01/6/1/8/8/4/2/7/4/e506610c-6437-4bfe-8e7c-14acb8acfbd9.jpg","","WhatsApp","","",""
"https://www.hepsiemlak.com/aydin-nazilli-aydogdu-kiralik/daire/0-47246055","1 / 16","23.000","10/09/2026","Nazilli Toki Gb 1 Daire 6 Kat 2 (3+1) Kiralık Ev","Kiralık Daire","3 + 1","110 m²","2 Yaşında","·","Kat","2. Kat","Aydın / Nazilli / Aydoğdu Mah.","https://www.hepsiemlak.com/_nuxt/8cafc93fb5c74c75e9e04e528e02ccdf.jpg","","WhatsApp","","",""
"https://www.hepsiemlak.com/aydin-didim-akbuk-kiralik/villa/160789-144","1 / 21","25.000","03/09/2026","Hem Deniz Hemde Doğa","Kiralık Villa","1 + 1","90 m²","16 Yaşında","·","Kat","","Aydın / Didim / Akbük Mah.","https://www.hepsiemlak.com/_nuxt/8cafc93fb5c74c75e9e04e528e02ccdf.jpg","Re/max Ayaz","WhatsApp","","https://www.hepsiemlak.com/_nuxt/8cafc93fb5c74c75e9e04e528e02ccdf.jpg",""
"https://www.hepsiemlak.com/aydin-kusadasi-davutlar-kiralik/daire/162194-83","1 / 24","22.000","08/09/2026","Kuşadası Davutlar'da Pazar Yerinin Yanında Kiralık 2+1 Daire","Kiralık Daire","2 + 1","90 m²","6 Yaşında","·","Kat","2. Kat","Aydın / Kuşadası / Davutlar Mah.","https://www.hepsiemlak.com/_nuxt/8cafc93fb5c74c75e9e04e528e02ccdf.jpg","R&b Gayrimenkul","WhatsApp","","https://www.hepsiemlak.com/_nuxt/8cafc93fb5c74c75e9e04e528e02ccdf.jpg",""
"https://www.hepsiemlak.com/aydin-kusadasi-kadinlar-denizi-kiralik/villa/134592-1142","1 / 35","65.000","06/09/2026","Eşyalı Kiralık 4+1 Havuzlu Villa Eşyalı Veya Eşyasıx","Kiralık Villa","4 + 1","300 m²","3 Yaşında","·","Kat","","Aydın / Kuşadası / Kadınlar Denizi Mah.","https://www.hepsiemlak.com/_nuxt/8cafc93fb5c74c75e9e04e528e02ccdf.jpg","Startkey Hayat Gayrimenkul","WhatsApp","","https://www.hepsiemlak.com/_nuxt/8cafc93fb5c74c75e9e04e528e02ccdf.jpg",""
"https://www.hepsiemlak.com/aydin-kusadasi-ikicesmelik-kiralik/daire/169668-8","1 / 22","25.000","09/09/2026","Kuşadası'nda Yeni Eşyalı 1+1 Kiralık Daire","Kiralık Daire","1 + 1","60 m²","1 Yaşında","·","Kat","Yüksek Giriş","Aydın / Kuşadası / İkiçeşmelik Mah.","https://www.hepsiemlak.com/_nuxt/8cafc93fb5c74c75e9e04e528e02ccdf.jpg","Kevser Alak Gayrimenkul Danışmanlığı","WhatsApp","Kevser
                  Alak","","https://www.hepsiemlak.com/_nuxt/8cafc93fb5c74c75e9e04e528e02ccdf.jpg"
"https://www.hepsiemlak.com/aydin-efeler-zafer-kiralik/daire/38579-269","1 / 21","20.000","07/09/2026","Aydın Merkez Salı Pazarında 3+1 Hazır Mutfaklı Doğalgazlı Arakat Lokasyonu Mükemmel Fırsat Kaçmaz..","Kiralık Daire","3 + 1","115 m²","35 Yaşında","·","Kat","Ara Kat","Aydın / Efeler / Zafer Mah.","https://www.hepsiemlak.com/_nuxt/8cafc93fb5c74c75e9e04e528e02ccdf.jpg","Libero Gayrimenkul","WhatsApp","","https://www.hepsiemlak.com/_nuxt/8cafc93fb5c74c75e9e04e528e02ccdf.jpg",""
"https://www.hepsiemlak.com/aydin-efeler-hasanefendi-ramazan-pasa-kiralik/daire/64143-2860","1 / 26","21.000","09/09/2026","Aydın Kiralık Hasan Efendi Mahallesinde 3+1 Kiralık Daire","Kiralık Daire","3 + 1","120 m²","26 Yaşında","·","Kat","1. Kat","Aydın / Efeler / Hasanefendi - Ramazan Paşa Mah.","https://www.hepsiemlak.com/_nuxt/8cafc93fb5c74c75e9e04e528e02ccdf.jpg","Alp Gayrimenkul","WhatsApp","Fevzi
                  Köse","https://www.hepsiemlak.com/_nuxt/8cafc93fb5c74c75e9e04e528e02ccdf.jpg","https://www.hepsiemlak.com/_nuxt/8cafc93fb5c74c75e9e04e528e02ccdf.jpg"
"https://www.hepsiemlak.com/aydin-cine-hamitabat-kiralik/daire/95326-282","1 / 34","17.000","04/09/2026","Çine Hamitabat Mah Doğalgazlı 2+1 Kiralık Daire","Kiralık Daire","2 + 1","200 m²","26 Yaşında","·","Kat","3. Kat","Aydın / Çine / Hamitabat Mah.","https://www.hepsiemlak.com/_nuxt/8cafc93fb5c74c75e9e04e528e02ccdf.jpg","","WhatsApp","","",""
"https://www.hepsiemlak.com/aydin-efeler-kurtulus-kiralik/daire/79589-1493","1 / 18","22.000","08/09/2026","Kurtuluş Mah. Kiralık 2+0 Daire","Kiralık Daire","2 + 0","80 m²","11 Yaşında","·","Kat","5. Kat","Aydın / Efeler / Kurtuluş Mah.","https://www.hepsiemlak.com/_nuxt/8cafc93fb5c74c75e9e04e528e02ccdf.jpg","Ege Ayyıldız Gayrimenkul","WhatsApp","","https://www.hepsiemlak.com/_nuxt/8cafc93fb5c74c75e9e04e528e02ccdf.jpg",""
"https://www.hepsiemlak.com/aydin-kusadasi-turkmen-kiralik/daire/129223-219","1 / 32","30.000","04/09/2026","Kuşadası Türkmen'de Doğalgazlı Kiralık 2+1 Daire","Kiralık Daire","2 + 1","85 m²","26 Yaşında","·","Kat","1. Kat","Aydın / Kuşadası / Türkmen Mah.","https://www.hepsiemlak.com/_nuxt/8cafc93fb5c74c75e9e04e528e02ccdf.jpg","K2 Gayrimenkul","WhatsApp","Kamil
                  Kaymaz","","https://www.hepsiemlak.com/_nuxt/8cafc93fb5c74c75e9e04e528e02ccdf.jpg"
"https://www.hepsiemlak.com/aydin-efeler-efeler-kiralik/daire/32184-1289","1 / 26","25.000","08/09/2026","Aydın Kiralık 3+1 Efeler Mahallesi Girne Bulvarı Üzeri Köşe Başı","Kiralık Daire","3 + 1","135 m²","25 Yaşında","·","Kat","4. Kat","Aydın / Efeler / Efeler Mah.","https://www.hepsiemlak.com/_nuxt/8cafc93fb5c74c75e9e04e528e02ccdf.jpg","Dervişoğlu Berke Emlak","WhatsApp","","https://www.hepsiemlak.com/_nuxt/8cafc93fb5c74c75e9e04e528e02ccdf.jpg",""
"https://www.hepsiemlak.com/aydin-kusadasi-ikicesmelik-kiralik/daire/40599-4298","1 / 44","35.000","07/09/2026","Hb'den 3+1 Eşyalı Kiralık Daire,İkiçeşmelik'de Deniz Manzaralı","Kiralık Daire","3 + 1","120 m²","25 Yaşında","·","Kat","7. Kat","Aydın / Kuşadası / İkiçeşmelik Mah.","https://www.hepsiemlak.com/_nuxt/8cafc93fb5c74c75e9e04e528e02ccdf.jpg","Hb Gayrimenkul","WhatsApp","","https://www.hepsiemlak.com/_nuxt/8cafc93fb5c74c75e9e04e528e02ccdf.jpg",""
"https://www.hepsiemlak.com/aydin-kusadasi-karaova-kiralik/mustakil-ev/28110-16638","1 / 23","45.000","05/09/2026","Kuşadası Karaova’da Eşyalı 3+1 Müstakil Ev 2 Banyo, 3 Wc, Balkon, Eşyalı Ve Hemen Taşınmaya Hazır","Kiralık Müstakil Ev","3 + 1","140 m²","6 Yaşında","·","Kat","","Aydın / Kuşadası / Karaova Mah.","https://www.hepsiemlak.com/_nuxt/8cafc93fb5c74c75e9e04e528e02ccdf.jpg","Remax Pasha 1","WhatsApp","","https://www.hepsiemlak.com/_nuxt/8cafc93fb5c74c75e9e04e528e02ccdf.jpg",""
"https://www.hepsiemlak.com/aydin-kusadasi-kadinlar-denizi-kiralik/daire/97893-588","1 / 12","22.000","10/09/2026","Kiralık Daire Acıklama İlanda Mevcut","Kiralık Daire","1 + 1","50 m²","16 Yaşında","·","Kat","Bahçe Katı","Aydın / Kuşadası / Kadınlar Denizi Mah.","https://www.hepsiemlak.com/_nuxt/8cafc93fb5c74c75e9e04e528e02ccdf.jpg","Ada Avşar Gayrimenkul Danışmanlığı","WhatsApp","","https://www.hepsiemlak.com/_nuxt/8cafc93fb5c74c75e9e04e528e02ccdf.jpg",""
"https://www.hepsiemlak.com/aydin-didim-cumhuriyet-kiralik/daire/26182-3288","1 / 23","25.000","07/09/2026","Didim Cumhuriyet Mahallesi’nde Kiralık 2+1 Kapalı Mutfaklı Ara Kat Daire","Kiralık Daire","2 + 1","85 m²","18 Yaşında","·","Kat","Ara Kat","Aydın / Didim / Cumhuriyet Mah.","https://www.hepsiemlak.com/_nuxt/8cafc93fb5c74c75e9e04e528e02ccdf.jpg","Ege Emlak","WhatsApp","Cumhur
                  Karakaşoğlu","https://www.hepsiemlak.com/_nuxt/8cafc93fb5c74c75e9e04e528e02ccdf.jpg","https://www.hepsiemlak.com/_nuxt/8cafc93fb5c74c75e9e04e528e02ccdf.jpg"
"https://www.hepsiemlak.com/aydin-kusadasi-turkmen-kiralik/daire/148837-1955","1 / 29","35.000","08/09/2026","Kuşadası Merkezde Kiralık 3+1 Daire (120m²)","Kiralık Daire","3 + 1","135 m²","30 Yaşında","·","Kat","Ara Kat","Aydın / Kuşadası / Türkmen Mah.","https://www.hepsiemlak.com/_nuxt/8cafc93fb5c74c75e9e04e528e02ccdf.jpg","Remax Pasha 1","WhatsApp","","https://www.hepsiemlak.com/_nuxt/8cafc93fb5c74c75e9e04e528e02ccdf.jpg",""
"https://www.hepsiemlak.com/aydin-soke-ataturk-kiralik/daire/164439-60","1 / 19","22.000","07/09/2026","Kiralık Daire Harika Konum İyi Fiyat..","Kiralık Daire","2 + 1","130 m²","26 Yaşında","·","Kat","2. Kat","Aydın / Söke / Atatürk Mah.","https://www.hepsiemlak.com/_nuxt/8cafc93fb5c74c75e9e04e528e02ccdf.jpg","Yurt Yapı Gayrimenkul","WhatsApp","","https://www.hepsiemlak.com/_nuxt/8cafc93fb5c74c75e9e04e528e02ccdf.jpg",""
"https://www.hepsiemlak.com/aydin-kusadasi-sogucak-kiralik/daire/162194-82","1 / 25","22.000","08/09/2026","Havuzlu Site İçinde Kiralık Bahçe Katı 2+1 Daire","Kiralık Daire","2 + 1","90 m²","21 Yaşında","·","Kat","Bahçe Katı","Aydın / Kuşadası / Soğucak Mah.","https://www.hepsiemlak.com/_nuxt/8cafc93fb5c74c75e9e04e528e02ccdf.jpg","R&b Gayrimenkul","WhatsApp","","https://www.hepsiemlak.com/_nuxt/8cafc93fb5c74c75e9e04e528e02ccdf.jpg",""
"https://www.hepsiemlak.com/aydin-efeler-guzelhisar-kiralik/daire/71291-2951","1 / 38","25.000","09/09/2026","Gazi Emlak’tan Aydın Güzelhisar Mah.De Doğalgaz Otopark Asansörlü 3+1 Daire Kiralıktır","Kiralık Daire","3 + 1","145 m²","25 Yaşında","·","Kat","10. Kat","Aydın / Efeler / Güzelhisar Mah.","https://www.hepsiemlak.com/_nuxt/8cafc93fb5c74c75e9e04e528e02ccdf.jpg","Gazi Emlak","WhatsApp","","https://www.hepsiemlak.com/_nuxt/8cafc93fb5c74c75e9e04e528e02ccdf.jpg",""
"https://www.hepsiemlak.com/aydin-kusadasi-camiatik-kiralik/daire/139599-92","1 / 24","27.000","04/09/2026","Kuşadası Kiralık 2+1 Eşyalı Daire","Kiralık Daire","2 + 1","1.000 m²","20 Yaşında","·","Kat","2. Kat","Aydın / Kuşadası / Camiatik Mah.","https://www.hepsiemlak.com/_nuxt/8cafc93fb5c74c75e9e04e528e02ccdf.jpg","","WhatsApp","","",""
"https://www.hepsiemlak.com/aydin-didim-hisar-kiralik/daire/131853-735","1 / 20","30.000","04/09/2026","Didimde 2+1 Kiralık Sıfır Daire 30.000 Tl","Kiralık Daire","2 + 1","80 m²","Sıfır Bina","·","Kat","1. Kat","Aydın / Didim / Hisar Mah.","https://hecdnnw.hemlak.com/mncropresize/77/67/logo/3/5/8/1/3/1/485c683b-a0ea-4670-a754-c809e0e00c0e.png","Narin İnşaat Emlak","WhatsApp","","",""
"https://www.hepsiemlak.com/aydin-kusadasi-turkmen-kiralik/daire/104606-1257","1 / 51","40.000","09/09/2026","Ramada'da Kiralık 1+1 Daire   1+1 Apartment For Rent İn Ramada","Kiralık Daire","1 + 1","70 m²","11 Yaşında","·","Kat","Bahçe Katı","Aydın / Kuşadası / Türkmen Mah.","https://hecdnnw.hemlak.com/mncropresize/77/67/logo/6/0/6/4/0/1/9993b81e-27e2-4bce-a085-04baabf10e2a.jpg","Coldwell Banker Ada","WhatsApp","","",""
"https://www.hepsiemlak.com/aydin-soke-yenikent-kiralik/daire/170486-11","1 / 11","24.000","07/09/2026","Yenikent Mah. Üniversite Bölgesinde Eşyalı Kiralık Daire","Kiralık Daire","2 + 0","70 m²","6 Yaşında","·","Kat","2. Kat","Aydın / Söke / Yenikent Mah.","https://hecdnnw.hemlak.com/mncropresize/77/67/logo/6/8/4/0/7/1/4369f1ba-1c96-4187-b767-afb13893c38d.jpg","Atakent Emlak","WhatsApp","","",""
"https://www.hepsiemlak.com/aydin-efeler-kemer-kiralik/daire/30430-1909","1 / 25","35.000","10/09/2026","Dogu Emlaktan Bulvar Üzeri 2+1 100m2 Kiralik Daire","Kiralık Daire","2 + 1","120 m²","5 Yaşında","·","Kat","2. Kat","Aydın / Efeler / Kemer Mah.","https://hecdn01.hemlak.com/mncropresize/182/137/ds01/5/0/9/3/0/4/1/4/1693833641080-41403905.jpg","Doğu Emlak","WhatsApp","Adnan
                  Avcı","","https://hecdnnw.hemlak.com/mncropresize/77/67/firmuser/0/3/4/0/3/0/05703ce2-f1fe-44a5-bb22-d222a82429a1.jpg"
"https://www.hepsiemlak.com/aydin-efeler-mimar-sinan-kiralik/daire/77072-3498","1 / 28","36.000","06/09/2026","Eab’den Aydın Efeler Mimar Sinan Mahallesi’nde Site İçerisinde Ferah 3+1 Kiralık Daire","Kiralık Daire","3 + 1","170 m²","15 Yaşında","·","Kat","6. Kat","Aydın / Efeler / Mimar Sinan Mah.","https://www.hepsiemlak.com/_nuxt/8cafc93fb5c74c75e9e04e528e02ccdf.jpg","Eab Gayrimenkul","WhatsApp","","https://www.hepsiemlak.com/_nuxt/8cafc93fb5c74c75e9e04e528e02ccdf.jpg",""
"https://www.hepsiemlak.com/aydin-efeler-orta-kiralik/daire/0-47262550","1 / 10","21.000","09/09/2026","Aydın Efeler Orta Mah. 1+1 Kiralık Eşyalı Daire Forum Aydın Yürüme Mesafesinde","Kiralık Daire","1 + 1","65 m²","8 Yaşında","·","Kat","3. Kat","Aydın / Efeler / Orta Mah.","https://www.hepsiemlak.com/_nuxt/8cafc93fb5c74c75e9e04e528e02ccdf.jpg","","WhatsApp","","",""
"https://www.hepsiemlak.com/aydin-efeler-mesrutiyet-kiralik/daire/124333-543","1 / 23","22.000","04/09/2026","Aygün Emlak Tan Kiralık","Kiralık Daire","3 + 1","140 m²","30 Yaşında","·","Kat","2. Kat","Aydın / Efeler / Meşrutiyet Mah.","https://www.hepsiemlak.com/_nuxt/8cafc93fb5c74c75e9e04e528e02ccdf.jpg","Aygün Emlak","WhatsApp","","https://www.hepsiemlak.com/_nuxt/8cafc93fb5c74c75e9e04e528e02ccdf.jpg",""
"https://www.hepsiemlak.com/aydin-kusadasi-turkmen-kiralik/daire/114395-3747","1 / 17","50.000","09/09/2026","Kuşadası Marinada Denize Sıfır Konumda Aylık,Sezonluk(3ay) Kiralık 1+1 Daire","Kiralık Daire","1 + 1","65 m²","20 Yaşında","·","Kat","Ara Kat","Aydın / Kuşadası / Türkmen Mah.","https://www.hepsiemlak.com/_nuxt/8cafc93fb5c74c75e9e04e528e02ccdf.jpg","Emlak Adası Kuşadası","WhatsApp","Emlak
                  Adası","https://www.hepsiemlak.com/_nuxt/8cafc93fb5c74c75e9e04e528e02ccdf.jpg","https://www.hepsiemlak.com/_nuxt/img/no-image-user.6f6a83e.svg"
"https://www.hepsiemlak.com/aydin-efeler-yedi-eylul-kiralik/daire/64143-2876","1 / 22","22.000","09/09/2026","Aydın Kiralık Yedi Eylül Mah. Doğalgazlı 2+1 Daire","Kiralık Daire","2 + 1","110 m²","21 Yaşında","·","Kat","Yüksek Giriş","Aydın / Efeler / Yedi Eylül Mah.","https://www.hepsiemlak.com/_nuxt/8cafc93fb5c74c75e9e04e528e02ccdf.jpg","Alp Gayrimenkul","WhatsApp","Fevzi
                  Köse","https://www.hepsiemlak.com/_nuxt/8cafc93fb5c74c75e9e04e528e02ccdf.jpg","https://www.hepsiemlak.com/_nuxt/8cafc93fb5c74c75e9e04e528e02ccdf.jpg"
"https://www.hepsiemlak.com/aydin-efeler-mesrutiyet-kiralik/daire/120527-643","1 / 22","25.000","05/09/2026","Bater'den Meşrutiyette Ara Kat Doğalgazlı Kiralık 3+1 Daire","Kiralık Daire","3 + 1","125 m²","16 Yaşında","·","Kat","3. Kat","Aydın / Efeler / Meşrutiyet Mah.","https://www.hepsiemlak.com/_nuxt/8cafc93fb5c74c75e9e04e528e02ccdf.jpg","Bater Gayrimenkul","WhatsApp","","https://www.hepsiemlak.com/_nuxt/8cafc93fb5c74c75e9e04e528e02ccdf.jpg",""
"https://www.hepsiemlak.com/aydin-kusadasi-ikicesmelik-kiralik/daire/49109-4235","1 / 22","21.000","05/09/2026","Kuşadası İkiçeşmelik'te Eşyalı Kiralık 2+1 Daire","Kiralık Daire","2 + 1","68 m²","26 Yaşında","·","Kat","2. Kat","Aydın / Kuşadası / İkiçeşmelik Mah.","https://www.hepsiemlak.com/_nuxt/8cafc93fb5c74c75e9e04e528e02ccdf.jpg","Gho Yörükoğlu Gayrimenkul","WhatsApp","","https://www.hepsiemlak.com/_nuxt/8cafc93fb5c74c75e9e04e528e02ccdf.jpg",""
"https://www.hepsiemlak.com/aydin-soke-fevzipasa-kiralik/daire/56970-1023","1 / 22","25.000","09/09/2026","Söke Ege Emlak'tan Fevzipaşa Mh:De Kiralık 2+1 Daire","Kiralık Daire","2 + 1","105 m²","24 Yaşında","·","Kat","4. Kat","Aydın / Söke / Fevzipaşa Mah.","https://www.hepsiemlak.com/_nuxt/8cafc93fb5c74c75e9e04e528e02ccdf.jpg","","WhatsApp","","",""
"https://www.hepsiemlak.com/aydin-cine-sevketiye-kiralik/daire/95326-291","1 / 28","17.000","07/09/2026","Şevketiye Mah. 3+1 110m2 Doğalgazlı Kiralık Daire","Kiralık Daire","3 + 1","110 m²","31 Yaşında","·","Kat","Yüksek Giriş","Aydın / Çine / Şevketiye Mah.","https://www.hepsiemlak.com/_nuxt/8cafc93fb5c74c75e9e04e528e02ccdf.jpg","","WhatsApp","","",""
"https://www.hepsiemlak.com/aydin-efeler-zeybek-kiralik/daire/0-47253339","1 / 8","21.000","05/09/2026","Sahibinden Kiralık Daire","Kiralık Daire","2 + 1","82 m²","17 Yaşında","·","Kat","Ara Kat","Aydın / Efeler / Zeybek Mah.","https://www.hepsiemlak.com/_nuxt/8cafc93fb5c74c75e9e04e528e02ccdf.jpg","","WhatsApp","","",""
"https://www.hepsiemlak.com/aydin-soke-yenikent-kiralik/daire/162194-77","1 / 17","20.000","08/09/2026","Söke Yenikent Ünipark'ta Arakatta Eşyalı Kiralık 2+0 Daire","Kiralık Daire","2 + 0","60 m²","6 Yaşında","·","Kat","3. Kat","Aydın / Söke / Yenikent Mah.","https://www.hepsiemlak.com/_nuxt/8cafc93fb5c74c75e9e04e528e02ccdf.jpg","R&b Gayrimenkul","WhatsApp","","https://www.hepsiemlak.com/_nuxt/8cafc93fb5c74c75e9e04e528e02ccdf.jpg",""
"https://www.hepsiemlak.com/aydin-efeler-orta-kiralik/daire/40599-4576","1 / 30","20.000","07/09/2026","Hb'den 1+1 Eşyalı Kiralık Daire, Konfor256'da Doğalgazlı Klimalı","Kiralık Daire","1 + 1","55 m²","9 Yaşında","·","Kat","1. Kat","Aydın / Efeler / Orta Mah.","https://www.hepsiemlak.com/_nuxt/8cafc93fb5c74c75e9e04e528e02ccdf.jpg","Hb Gayrimenkul","WhatsApp","","https://www.hepsiemlak.com/_nuxt/8cafc93fb5c74c75e9e04e528e02ccdf.jpg",""
"https://www.hepsiemlak.com/aydin-efeler-zafer-kiralik/daire/38579-273","1 / 12","25.000","10/09/2026","Aydının Merkezinde Lokasyonu Harika Eşyalı 2+1 Çift Klimalı Asansörlü Arakat Cadde Üzerinde Daire","Kiralık Daire","2 + 1","115 m²","29 Yaşında","·","Kat","1. Kat","Aydın / Efeler / Zafer Mah.","https://www.hepsiemlak.com/_nuxt/8cafc93fb5c74c75e9e04e528e02ccdf.jpg","Libero Gayrimenkul","WhatsApp","","https://www.hepsiemlak.com/_nuxt/8cafc93fb5c74c75e9e04e528e02ccdf.jpg",""
"https://www.hepsiemlak.com/aydin-efeler-zafer-kiralik/daire/163274-90","1 / 14","18.000","09/09/2026","Zafer Mah. 1+1 Eşyalı Kiralık Daire","Kiralık Daire","1 + 1","45 m²","6 Yaşında","·","Kat","4. Kat","Aydın / Efeler / Zafer Mah.","https://www.hepsiemlak.com/_nuxt/8cafc93fb5c74c75e9e04e528e02ccdf.jpg","Erbaş Class Emlak & Gayrimenkul","WhatsApp","Melih
                  Erbaş","https://www.hepsiemlak.com/_nuxt/8cafc93fb5c74c75e9e04e528e02ccdf.jpg","https://www.hepsiemlak.com/_nuxt/8cafc93fb5c74c75e9e04e528e02ccdf.jpg"
"https://www.hepsiemlak.com/aydin-kusadasi-degirmendere-kiralik/daire/28110-16231","1 / 18","30.000","07/09/2026","Ada Vadi Konaklarında 2+1 Kiralık Daire","Kiralık Daire","2 + 1","85 m²","5 Yaşında","·","Kat","Giriş Katı","Aydın / Kuşadası / Değirmendere Mah.","https://www.hepsiemlak.com/_nuxt/8cafc93fb5c74c75e9e04e528e02ccdf.jpg","Remax Pasha 1","WhatsApp","","https://www.hepsiemlak.com/_nuxt/8cafc93fb5c74c75e9e04e528e02ccdf.jpg",""
"https://www.hepsiemlak.com/aydin-didim-efeler-kiralik/daire/70698-1854","1 / 13","25.000","09/09/2026","Didim / 2+1 Ayrı Mutfak Eşyasız  Kiralık","Kiralık Daire","2 + 1","75 m²","10 Yaşında","·","Kat","1. Kat","Aydın / Didim / Efeler Mah.","https://www.hepsiemlak.com/_nuxt/8cafc93fb5c74c75e9e04e528e02ccdf.jpg","Şdm Emlak Tadilat İnş.","WhatsApp","","https://www.hepsiemlak.com/_nuxt/8cafc93fb5c74c75e9e04e528e02ccdf.jpg",""
"https://www.hepsiemlak.com/aydin-efeler-kurtulus-kiralik/daire/30430-2039","1 / 19","33.000","10/09/2026","Adnan Menderes Bulvarı Vakıfbank Üstünde Geniş 3+1 Kiralık Daire&ofis","Kiralık Daire","3 + 1","160 m²","21 Yaşında","·","Kat","3. Kat","Aydın / Efeler / Kurtuluş Mah.","https://www.hepsiemlak.com/_nuxt/8cafc93fb5c74c75e9e04e528e02ccdf.jpg","Doğu Emlak","WhatsApp","Adnan
                  Avcı","","https://www.hepsiemlak.com/_nuxt/8cafc93fb5c74c75e9e04e528e02ccdf.jpg"
"https://www.hepsiemlak.com/aydin-efeler-ata-kiralik/daire/162341-66","1 / 19","22.000","09/09/2026","Ata Mah 3+1 Kiralık Daire (gıda Çarşısı Altı Orge Yanı)","Kiralık Daire","3 + 1","130 m²","6 Yaşında","·","Kat","3. Kat","Aydın / Efeler / Ata Mah.","https://www.hepsiemlak.com/_nuxt/8cafc93fb5c74c75e9e04e528e02ccdf.jpg","Gündem Gayrimenkul","WhatsApp","","https://www.hepsiemlak.com/_nuxt/8cafc93fb5c74c75e9e04e528e02ccdf.jpg",""
"https://www.hepsiemlak.com/aydin-efeler-zafer-kiralik/daire/141451-301","1 / 17","25.000","08/09/2026","Remax Pin'den Aydın Zafer Mh 3+1 Kiralık Merkezi Konumda Daire","Kiralık Daire","3 + 1","120 m²","26 Yaşında","·","Kat","4. Kat","Aydın / Efeler / Zafer Mah.","https://www.hepsiemlak.com/_nuxt/8cafc93fb5c74c75e9e04e528e02ccdf.jpg","Remax Pin","WhatsApp","Emre
                  Özkaya","https://www.hepsiemlak.com/_nuxt/8cafc93fb5c74c75e9e04e528e02ccdf.jpg","https://www.hepsiemlak.com/_nuxt/8cafc93fb5c74c75e9e04e528e02ccdf.jpg"
"https://www.hepsiemlak.com/aydin-efeler-kurtulus-kiralik/daire/124121-804","1 / 40","14.000","08/09/2026","Ferah Uygun Temiz Aileye Uygun Ev","Kiralık Daire","2 + 1","120 m²","25 Yaşında","·","Kat","En Üst Kat","Aydın / Efeler / Kurtuluş Mah.","https://www.hepsiemlak.com/_nuxt/8cafc93fb5c74c75e9e04e528e02ccdf.jpg","Mert Gayrimenkul","WhatsApp","","https://www.hepsiemlak.com/_nuxt/8cafc93fb5c74c75e9e04e528e02ccdf.jpg",""
"https://www.hepsiemlak.com/aydin-efeler-guzelhisar-kiralik/daire/124178-387","1 / 21","25.000","08/09/2026","Aydın Merkezde Full Eşyalı 1+1 Güzel Hisar Mah.","Kiralık Daire","1 + 1","50 m²","5 Yaşında","·","Kat","5. Kat","Aydın / Efeler / Güzelhisar Mah.","https://hecdnnw.hemlak.com/mncropresize/77/67/logo/8/7/1/4/2/1/2f616e4c-dbf5-4c56-9759-cd4e6e466dbd.jpg","Aydın Bölge Gayrimenkul","WhatsApp","","",""
"https://www.hepsiemlak.com/aydin-efeler-orta-kiralik/daire/32184-1269","1 / 12","15.000","07/09/2026","Aydın Kiralık 1+1 Eşyalı Doğalgazlı","Kiralık Daire","1 + 1","53 m²","7 Yaşında","·","Kat","4. Kat","Aydın / Efeler / Orta Mah.","https://hecdnnw.hemlak.com/mncropresize/77/67/logo/4/8/1/2/3/0/c809fe9e-0872-442b-a456-9c4e201a60da.jpg","Dervişoğlu Berke Emlak","WhatsApp","","",""
"https://www.hepsiemlak.com/aydin-nazilli-kurtulus-kiralik/daire/46102-299","1 / 33","16.000","08/09/2026","Nazilli Ege Emlak Ofisinden Kurtuluş Mah. Doğalgazlı Kiralık Daire","Kiralık Daire","2 + 1","115 m²","28 Yaşında","·","Kat","1. Kat","Aydın / Nazilli / Kurtuluş Mah.","","Ege Emlak Ofisi","WhatsApp","Süleyman
                  Doğan","https://hecdnnw.hemlak.com/mncropresize/77/67/firmuser/9/9/7/6/7/8/8e393104-6537-4fdb-a212-56a1f6b3ce8d.jpg",""
"https://www.hepsiemlak.com/aydin-efeler-kurtulus-kiralik/daire/40599-4347","1 / 26","18.000","05/09/2026","Hb'den 1+1 Eşyalı Kiralık Daire,Kurtuluş'da Doğalgazlı,Klimalı","Kiralık Daire","1 + 1","55 m²","10 Yaşında","·","Kat","Ara Kat","Aydın / Efeler / Kurtuluş Mah.","https://hecdn01.hemlak.com/mncropresize/182/137/ds01/8/4/7/5/8/5/6/4/1d205275-1c5e-4960-b6d1-1da2b24ad840.jpg","Hb Gayrimenkul","WhatsApp","","https://hecdnnw.hemlak.com/mncropresize/77/67/logo/9/9/5/0/4/0/8d577b10-7de9-458a-a645-468b4f92d230.jpg",""
"https://www.hepsiemlak.com/aydin-kusadasi-davutlar-kiralik/daire/122880-113","1 / 6","25.000","03/09/2026","Kuşadası Davutlarda 1+1 Eşyalı Kiralık Daire","Kiralık Daire","1 + 1","62 m²","6 Yaşında","·","Kat","3. Kat","Aydın / Kuşadası / Davutlar Mah.","https://www.hepsiemlak.com/_nuxt/8cafc93fb5c74c75e9e04e528e02ccdf.jpg","Akg Ada Emlak","WhatsApp","","https://www.hepsiemlak.com/_nuxt/8cafc93fb5c74c75e9e04e528e02ccdf.jpg",""
"https://www.hepsiemlak.com/aydin-cine-cumhuriyet-kiralik/daire/95326-286","1 / 22","18.000","04/09/2026","Cumhuriyet Mah. 140m2 3+1 Doğalgazlı Kiralık Daire","Kiralık Daire","3 + 1","140 m²","16 Yaşında","·","Kat","3. Kat","Aydın / Çine / Cumhuriyet Mah.","https://www.hepsiemlak.com/_nuxt/8cafc93fb5c74c75e9e04e528e02ccdf.jpg","","WhatsApp","","",""
"https://www.hepsiemlak.com/aydin-efeler-guzelhisar-kiralik/daire/74626-206","1 / 35","20.000","07/09/2026","Aydın Efeler Güzelhisar Mah. Eşyalı 1+1 Ara Kat Daire Kiralık","Kiralık Daire","1 + 1","52 m²","8 Yaşında","·","Kat","Ara Kat","Aydın / Efeler / Güzelhisar Mah.","https://www.hepsiemlak.com/_nuxt/8cafc93fb5c74c75e9e04e528e02ccdf.jpg","İmamoğlu Emlak Ofisi","WhatsApp","Levent
                  Balı","https://www.hepsiemlak.com/_nuxt/8cafc93fb5c74c75e9e04e528e02ccdf.jpg","https://www.hepsiemlak.com/_nuxt/8cafc93fb5c74c75e9e04e528e02ccdf.jpg"
"https://www.hepsiemlak.com/aydin-efeler-osman-yozgatli-kiralik/daire/160231-229","1 / 32","33.000","05/09/2026","Tued'den Efeler Mahallesinde 2+1 Kiralık Daire","Kiralık Daire","2 + 1","90 m²","Sıfır Bina","·","Kat","2. Kat","Aydın / Efeler / Osman Yozgatlı Mah.","https://www.hepsiemlak.com/_nuxt/8cafc93fb5c74c75e9e04e528e02ccdf.jpg","Tued Gayrimenkul","WhatsApp","Halil
                  Kaya","https://www.hepsiemlak.com/_nuxt/8cafc93fb5c74c75e9e04e528e02ccdf.jpg","https://www.hepsiemlak.com/_nuxt/8cafc93fb5c74c75e9e04e528e02ccdf.jpg"
"https://www.hepsiemlak.com/aydin-kusadasi-sogucak-kiralik/villa/76272-1693","1 / 35","75.000","02/09/2026","Kuşadasi 4+1 Esyali Ozel Havuzlu Kiralik Villa","Kiralık Villa","4 + 1","300 m²","4 Yaşında","·","Kat","","Aydın / Kuşadası / Soğucak Mah.","https://www.hepsiemlak.com/_nuxt/8cafc93fb5c74c75e9e04e528e02ccdf.jpg","Last Point Gayrimenkul","WhatsApp","","https://www.hepsiemlak.com/_nuxt/8cafc93fb5c74c75e9e04e528e02ccdf.jpg",""
"https://www.hepsiemlak.com/aydin-efeler-zafer-kiralik/daire/153824-396","1 / 25","30.000","08/09/2026","Aydın Efeler'de | Modern Mimari | Eşyalı | 1+1 Kiralık Daireler","Kiralık Daire","1 + 1","60 m²","Sıfır Bina","·","Kat","3. Kat","Aydın / Efeler / Zafer Mah.","https://www.hepsiemlak.com/_nuxt/8cafc93fb5c74c75e9e04e528e02ccdf.jpg","Altındiş Gayrimenkul Yatırım","WhatsApp","","https://www.hepsiemlak.com/_nuxt/8cafc93fb5c74c75e9e04e528e02ccdf.jpg",""
"https://www.hepsiemlak.com/aydin-kusadasi-kadinlar-denizi-kiralik/villa/165187-112","1 / 20","62.000","06/09/2026","Kuşadası Kadınlar Denizi'nde Özel Havuzlu Lüks Villa","Kiralık Villa","3 + 1","130 m²","3 Yaşında","·","Kat","","Aydın / Kuşadası / Kadınlar Denizi Mah.","https://www.hepsiemlak.com/_nuxt/8cafc93fb5c74c75e9e04e528e02ccdf.jpg","Alinda Gayrimenkul","WhatsApp","","https://www.hepsiemlak.com/_nuxt/8cafc93fb5c74c75e9e04e528e02ccdf.jpg",""
"https://www.hepsiemlak.com/aydin-kusadasi-ege-kiralik/daire/90930-3735","1 / 43","60.000","04/09/2026","Ege Mahallesi'nde Havuzlu Sitede Deniz Manzaralı 5+1 Dubleks","Kiralık Daire","5 + 1","300 m²","18 Yaşında","·","Kat","En Üst Kat","Aydın / Kuşadası / Ege Mah.","https://www.hepsiemlak.com/_nuxt/8cafc93fb5c74c75e9e04e528e02ccdf.jpg","Villamarine Emlak Ve Gayrimenkul","WhatsApp","","https://www.hepsiemlak.com/_nuxt/8cafc93fb5c74c75e9e04e528e02ccdf.jpg",""
"https://www.hepsiemlak.com/aydin-efeler-kemer-kiralik/daire/78993-2181","1 / 35","30.000","03/09/2026","Kemer Mahallesi'nde 3+1, Ön Cephe, Asansörlü, Doğalgazlı Daire!","Kiralık Daire","3 + 1","125 m²","6 Yaşında","·","Kat","1. Kat","Aydın / Efeler / Kemer Mah.","https://www.hepsiemlak.com/_nuxt/8cafc93fb5c74c75e9e04e528e02ccdf.jpg","Pasha Gayrimenkul","WhatsApp","","https://www.hepsiemlak.com/_nuxt/8cafc93fb5c74c75e9e04e528e02ccdf.jpg",""
"https://www.hepsiemlak.com/aydin-efeler-mimar-sinan-kiralik/daire/0-47224398","1 / 29","42.500","04/09/2026","Sahibinden Kiralık","Kiralık Daire","3 + 1","180 m²","12 Yaşında","·","Kat","3. Kat","Aydın / Efeler / Mimar Sinan Mah.","https://www.hepsiemlak.com/_nuxt/8cafc93fb5c74c75e9e04e528e02ccdf.jpg","","WhatsApp","","",""
"https://www.hepsiemlak.com/aydin-nazilli-zafer-kiralik/daire/101059-617","1 / 33","27.000","04/09/2026","Zafer Mah.'de Site İçinde 2+1 Kiralık Daire","Kiralık Daire","2 + 1","110 m²","Sıfır Bina","·","Kat","2. Kat","Aydın / Nazilli / Zafer Mah.","https://www.hepsiemlak.com/_nuxt/8cafc93fb5c74c75e9e04e528e02ccdf.jpg","Emlak Vadisi","WhatsApp","","https://www.hepsiemlak.com/_nuxt/8cafc93fb5c74c75e9e04e528e02ccdf.jpg",""
"https://www.hepsiemlak.com/aydin-efeler-ata-kiralik/daire/162183-259","1 / 23","23.000","06/09/2026","Ata Mahallesinde Kiralık Sıfır 2+1 Ayrı Mutfak Daire","Kiralık Daire","2 + 1","90 m²","Sıfır Bina","·","Kat","Yüksek Giriş","Aydın / Efeler / Ata Mah.","https://www.hepsiemlak.com/_nuxt/8cafc93fb5c74c75e9e04e528e02ccdf.jpg","Koca Gayrimenkul","WhatsApp","Onur
                  Göven","","https://www.hepsiemlak.com/_nuxt/8cafc93fb5c74c75e9e04e528e02ccdf.jpg"
"https://www.hepsiemlak.com/aydin-didim-efeler-kiralik/daire/162293-190","1 / 35","65.000","07/09/2026","Didim Merkezde Eşyalı Kiralık Lüks Dubleks","Kiralık Daire","4 + 1","225 m²","11 Yaşında","·","Kat","2. Kat","Aydın / Didim / Efeler Mah.","https://www.hepsiemlak.com/_nuxt/8cafc93fb5c74c75e9e04e528e02ccdf.jpg","Doğrusöz Emlak","WhatsApp","","https://www.hepsiemlak.com/_nuxt/8cafc93fb5c74c75e9e04e528e02ccdf.jpg",""
"https://www.hepsiemlak.com/aydin-didim-hisar-kiralik/daire/130826-2810","1 / 18","30.000","31/08/2026","Havuzlu Site İçinde Asansörlü 2+1 Geniş Daire","Kiralık Daire","2 + 1","72 m²","11 Yaşında","·","Kat","2. Kat","Aydın / Didim / Hisar Mah.","https://www.hepsiemlak.com/_nuxt/8cafc93fb5c74c75e9e04e528e02ccdf.jpg","Turyap Didim Temsilciliği","WhatsApp","","https://www.hepsiemlak.com/_nuxt/8cafc93fb5c74c75e9e04e528e02ccdf.jpg",""
"https://www.hepsiemlak.com/aydin-efeler-adnan-menderes-kiralik/daire/95910-2404","1 / 49","52.000","28/08/2026","Aydın Efeler A. Menderes Mahallesi 5+1 Kiralık Dublex Daire","Kiralık Daire","5 + 1","300 m²","7 Yaşında","·","Kat","7. Kat","Aydın / Efeler / Adnan Menderes Mah.","https://www.hepsiemlak.com/_nuxt/8cafc93fb5c74c75e9e04e528e02ccdf.jpg","","WhatsApp","","",""
"https://www.hepsiemlak.com/aydin-nazilli-sumer-kiralik/daire/134615-969","1 / 20","12.000","28/08/2026","Dyg Danışmanlık Hizmetlerinden Kiralık 1+1 Full Eşyalı Daire","Kiralık Daire","1 + 1","55 m²","6 Yaşında","·","Kat","1. Kat","Aydın / Nazilli / Sümer Mah.","https://www.hepsiemlak.com/_nuxt/8cafc93fb5c74c75e9e04e528e02ccdf.jpg","Dyg Danışmanlık Hizmetleri","WhatsApp","Avni
                  Demir","","https://www.hepsiemlak.com/_nuxt/8cafc93fb5c74c75e9e04e528e02ccdf.jpg"
"https://www.hepsiemlak.com/aydin-efeler-zafer-kiralik/daire/143947-172","1 / 30","22.000","30/08/2026","Express Gayr.Den Zafer Mh.De 2+0 Eşyalı Kiralık Daire","Kiralık Daire","2 + 1","70 m²","7 Yaşında","·","Kat","1. Kat","Aydın / Efeler / Zafer Mah.","https://www.hepsiemlak.com/_nuxt/8cafc93fb5c74c75e9e04e528e02ccdf.jpg","Express Gayrimenkul","WhatsApp","Ümran
                  Ünal Tümtürk","","https://www.hepsiemlak.com/_nuxt/8cafc93fb5c74c75e9e04e528e02ccdf.jpg"
"https://www.hepsiemlak.com/aydin-kusadasi-bayraklidede-kiralik/daire/131922-441","1 / 30","50.000","04/09/2026","Kuşadası Ramadada Eşyalı Kiralık 2+1 Dubleks","Kiralık Daire","2 + 1","90 m²","6 Yaşında","·","Kat","6. Kat","Aydın / Kuşadası / Bayraklıdede Mah.","https://www.hepsiemlak.com/_nuxt/8cafc93fb5c74c75e9e04e528e02ccdf.jpg","Qr Qualıty Real Estate Gayrimenkul Hizmetleri","WhatsApp","","https://www.hepsiemlak.com/_nuxt/8cafc93fb5c74c75e9e04e528e02ccdf.jpg",""
"https://www.hepsiemlak.com/aydin-kusadasi-degirmendere-kiralik/daire/170614-14","1 / 24","25.000","27/08/2026","Değirmendere Ata Sitesi’nde Eşyalı 1+1 Kiralık Daire","Kiralık Daire","1 + 1","50 m²","12 Yaşında","·","Kat","En Üst Kat","Aydın / Kuşadası / Değirmendere Mah.","https://www.hepsiemlak.com/_nuxt/8cafc93fb5c74c75e9e04e528e02ccdf.jpg","Remax Bora Kuşadası","WhatsApp","Burç
                  Okay","https://www.hepsiemlak.com/_nuxt/8cafc93fb5c74c75e9e04e528e02ccdf.jpg","https://www.hepsiemlak.com/_nuxt/8cafc93fb5c74c75e9e04e528e02ccdf.jpg"
"https://www.hepsiemlak.com/aydin-kusadasi-degirmendere-kiralik/villa/0-47196252","1 / 35","140.000","26/08/2026","Tek Müstakil Özel Havuzlu Ve Otoparkli Allta Odası  Olan Villa","Kiralık Villa","4 + 2","400 m²","3 Yaşında","·","Kat","","Aydın / Kuşadası / Değirmendere Mah.","https://www.hepsiemlak.com/_nuxt/8cafc93fb5c74c75e9e04e528e02ccdf.jpg","","WhatsApp","","",""
"https://www.hepsiemlak.com/aydin-didim-akbuk-kiralik/daire/164169-24","1 / 26","33.000","26/08/2026","Didim Akbük De Kiralık 3+1 Ful Eşyalı Kiralık Daire","Kiralık Daire","3 + 1","150 m²","16 Yaşında","·","Kat","3. Kat","Aydın / Didim / Akbük Mah.","https://hecdnnw.hemlak.com/mncropresize/77/67/logo/9/6/1/4/6/1/518d4d49-c3a1-4d33-b2d6-5772c54c13b6.jpg","Didim Renas Gayrimenkul","WhatsApp","","",""
"https://www.hepsiemlak.com/aydin-kusadasi-degirmendere-kiralik/daire/161354-88","1 / 22","60.000","25/08/2026","Kuşadası Kiralık Royal Panorama Sitesi 3+1 Bahçe Katı","Kiralık Daire","3 + 1","170 m²","1 Yaşında","·","Kat","Bahçe Katı","Aydın / Kuşadası / Değirmendere Mah.","","Global World Ada Premıum Gayrimenkul","WhatsApp","Tufan Turan Ada Premıum
                  Turan","https://hecdnnw.hemlak.com/mncropresize/77/67/firmuser/7/7/8/9/0/5/4/c3355a75-8967-45fd-975b-e624c16a43f0.jpg",""
"https://www.hepsiemlak.com/aydin-kusadasi-kadinlar-denizi-kiralik/daire/171320-16","1 / 22","57.000","28/08/2026","Plaja 2 Dk Mesafede Lüks Çatı Dublex Daire","Kiralık Daire","2 + 1","120 m²","Sıfır Bina","·","Kat","Çatı Katı","Aydın / Kuşadası / Kadınlar Denizi Mah.","https://hecdnnw.hemlak.com/mncropresize/77/67/logo/0/2/3/1/7/1/c740e48c-306c-4782-962c-07b1de1008ba.jpg","Firiks Gayrimenkul","WhatsApp","","",""
"https://www.hepsiemlak.com/aydin-cine-yeni-kiralik/daire/170303-24","1 / 30","20.000","24/08/2026","Fer Group'tan Yeni Mahalle'de Sıfır Binada Lüks Full Eşyalı 1+1","Kiralık Daire","1 + 1","60 m²","2 Yaşında","·","Kat","1. Kat","Aydın / Çine / Yeni Mah.","https://hecdn01.hemlak.com/mncropresize/182/137/ds01/4/5/6/2/8/1/7/4/109134c3-34c5-425a-8fcc-a3079dcbbac0.jpg","","WhatsApp","","",""
"https://www.hepsiemlak.com/aydin-efeler-adnan-menderes-kiralik/daire/106586-179","1 / 25","23.000","24/08/2026","Egeligroup/kiralık Adnan Men. 1+1 D.Gazlı Asansörlü Sıfır Daire","Kiralık Daire","1 + 1","60 m²","Sıfır Bina","·","Kat","3. Kat","Aydın / Efeler / Adnan Menderes Mah.","https://www.hepsiemlak.com/_nuxt/8cafc93fb5c74c75e9e04e528e02ccdf.jpg","Egeli Group Gayrimenkul","WhatsApp","Fatih
                  Erönemi","https://www.hepsiemlak.com/_nuxt/8cafc93fb5c74c75e9e04e528e02ccdf.jpg","https://www.hepsiemlak.com/_nuxt/8cafc93fb5c74c75e9e04e528e02ccdf.jpg"
"https://www.hepsiemlak.com/aydin-didim-camlik-kiralik/daire/98510-47","1 / 19","37.000","31/08/2026","Didim Çamlık Mahallesi 3+1 Kiralık Bahçeli Müstakil Dubleks","Kiralık Daire","3 + 1","130 m²","29 Yaşında","·","Kat","Bahçe Katı","Aydın / Didim / Çamlık Mah.","https://www.hepsiemlak.com/_nuxt/8cafc93fb5c74c75e9e04e528e02ccdf.jpg","Canan Gayrimenkul","WhatsApp","","https://www.hepsiemlak.com/_nuxt/8cafc93fb5c74c75e9e04e528e02ccdf.jpg",""
"https://www.hepsiemlak.com/aydin-kusadasi-davutlar-kiralik/villa/160912-97","1 / 34","50.000","08/09/2026","Kuşadası’nda Eşyalı Kiralık Havuzlı Denize 400 Metre","Kiralık Villa","5 + 1","200 m²","18 Yaşında","·","Kat","","Aydın / Kuşadası / Davutlar Mah.","https://www.hepsiemlak.com/_nuxt/8cafc93fb5c74c75e9e04e528e02ccdf.jpg","Turyap Kuşadası Ege Nexus","WhatsApp","","https://www.hepsiemlak.com/_nuxt/8cafc93fb5c74c75e9e04e528e02ccdf.jpg",""
"https://www.hepsiemlak.com/aydin-efeler-mesudiye-kiralik/daire/0-47165564","1 / 19","27.000","10/09/2026","Sahibinden Eşya Ve Beyaz Eşyalı Daire","Kiralık Daire","2 + 1","110 m²","30 Yaşında","·","Kat","1. Kat","Aydın / Efeler / Mesudiye Mah.","https://www.hepsiemlak.com/_nuxt/8cafc93fb5c74c75e9e04e528e02ccdf.jpg","","","","",""
"https://www.hepsiemlak.com/aydin-efeler-orta-kiralik/daire/0-47157371","1 / 31","17.000","20/08/2026","Sahibinden Orta Mah Kiralık Daire","Kiralık Daire","1 + 1","58 m²","6 Yaşında","·","Kat","4. Kat","Aydın / Efeler / Orta Mah.","https://www.hepsiemlak.com/_nuxt/8cafc93fb5c74c75e9e04e528e02ccdf.jpg","","WhatsApp","","",""
"https://www.hepsiemlak.com/aydin-kusadasi-camiatik-kiralik/daire/140367-566","1 / 27","27.000","31/08/2026","Kuşadası Kadınlar Denizi'nde Kiralık 2+1 Deniz Manzaralı Daire!","Kiralık Daire","2 + 1","110 m²","21 Yaşında","·","Kat","5. Kat","Aydın / Kuşadası / Camiatik Mah.","https://www.hepsiemlak.com/_nuxt/8cafc93fb5c74c75e9e04e528e02ccdf.jpg","","WhatsApp","","",""
"https://www.hepsiemlak.com/aydin-kusadasi-sogucak-kiralik/villa/119895-4188","1 / 36","55.000","20/08/2026","Havuzlu Sitede Full Eşyalı Müstakil 3+1 Dubleks","Kiralık Villa","3 + 1","120 m²","6 Yaşında","·","Kat","Bahçe Katı","Aydın / Kuşadası / Soğucak Mah.","https://www.hepsiemlak.com/_nuxt/8cafc93fb5c74c75e9e04e528e02ccdf.jpg","Kw Alesta-viya-orsa 3","WhatsApp","","https://www.hepsiemlak.com/_nuxt/8cafc93fb5c74c75e9e04e528e02ccdf.jpg",""
"https://www.hepsiemlak.com/aydin-nazilli-pinarbasi-kiralik/daire/124575-57","1 / 34","18.000","18/08/2026","167 Nazilli Pınarbaşı Mahallesi'nde Kiralık 120 M² 3+1 Daire","Kiralık Daire","3 + 1","130 m²","25 Yaşında","·","Kat","3. Kat","Aydın / Nazilli / Pınarbaşı Mah.","https://www.hepsiemlak.com/_nuxt/8cafc93fb5c74c75e9e04e528e02ccdf.jpg","Nazilli Yılmaz Emlak","WhatsApp","","https://www.hepsiemlak.com/_nuxt/8cafc93fb5c74c75e9e04e528e02ccdf.jpg",""
"https://www.hepsiemlak.com/aydin-efeler-zeybek-kiralik/daire/0-47145041","1 / 24","28.000","23/08/2026","Sahibinden 2+0 Eşyalı Arakat Daire","Kiralık Daire","1 + 1","65 m²","5 Yaşında","·","Kat","3. Kat","Aydın / Efeler / Zeybek Mah.","https://www.hepsiemlak.com/_nuxt/8cafc93fb5c74c75e9e04e528e02ccdf.jpg","","WhatsApp","","",""
"https://www.hepsiemlak.com/aydin-incirliova-cumhuriyet-kiralik/daire/79331-256","1 / 23","31.000","01/09/2026","İncirliova Kent Sitesi'nde Ara Kat 3+1 Kiralık Daire","Kiralık Daire","3 + 1","160 m²","6 Yaşında","·","Kat","8. Kat","Aydın / İncirliova / Cumhuriyet Mah.","https://www.hepsiemlak.com/_nuxt/8cafc93fb5c74c75e9e04e528e02ccdf.jpg","Stil Gayrimenkul","WhatsApp","","https://www.hepsiemlak.com/_nuxt/8cafc93fb5c74c75e9e04e528e02ccdf.jpg",""
"https://www.hepsiemlak.com/aydin-efeler-mimar-sinan-kiralik/daire/0-47131268","1 / 21","34.000","04/09/2026","Sahibinden 3+1 Daire Yenilenmiş","Kiralık Daire","3 + 1","135 m²","21 Yaşında","·","Kat","1. Kat","Aydın / Efeler / Mimar Sinan Mah.","https://www.hepsiemlak.com/_nuxt/8cafc93fb5c74c75e9e04e528e02ccdf.jpg","","WhatsApp","","",""
"https://www.hepsiemlak.com/aydin-kusadasi-ikicesmelik-kiralik/daire/141864-538","1 / 47","24.950","26/08/2026","Kuşadası İkiçeşmelik Mahellesinde Kiralık 2+1 Daire","Kiralık Daire","2 + 1","75 m²","5 Yaşında","·","Kat","Yüksek Giriş","Aydın / Kuşadası / İkiçeşmelik Mah.","https://www.hepsiemlak.com/_nuxt/8cafc93fb5c74c75e9e04e528e02ccdf.jpg","Eku Gayrimenkul","WhatsApp","","https://www.hepsiemlak.com/_nuxt/8cafc93fb5c74c75e9e04e528e02ccdf.jpg",""
"https://www.hepsiemlak.com/aydin-kusadasi-davutlar-kiralik/villa/130030-956","1 / 35","80.000","15/08/2026","Davutlar Sahil Tek Müstakil Özel Havuzlu Ultra Lüks Eşyalı Villa","Kiralık Villa","3 + 1","300 m²","1 Yaşında","·","Kat","Bahçe Katı","Aydın / Kuşadası / Davutlar Mah.","https://www.hepsiemlak.com/_nuxt/8cafc93fb5c74c75e9e04e528e02ccdf.jpg","Cihan Gayrimenkul Kuşadası","WhatsApp","Cihan
                  Erdoğan","https://www.hepsiemlak.com/_nuxt/8cafc93fb5c74c75e9e04e528e02ccdf.jpg","https://www.hepsiemlak.com/_nuxt/8cafc93fb5c74c75e9e04e528e02ccdf.jpg"
"https://www.hepsiemlak.com/aydin-efeler-ata-kiralik/daire/170076-10","1 / 45","22.000","18/08/2026","D&p'den Ata Mahallesi.De 2+1 Kiralık Daire","Kiralık Daire","2 + 1","110 m²","20 Yaşında","·","Kat","4. Kat","Aydın / Efeler / Ata Mah.","https://www.hepsiemlak.com/_nuxt/8cafc93fb5c74c75e9e04e528e02ccdf.jpg","D&p Gayrimenkul","WhatsApp","","https://www.hepsiemlak.com/_nuxt/8cafc93fb5c74c75e9e04e528e02ccdf.jpg",""
"https://www.hepsiemlak.com/aydin-didim-yeni-kiralik/daire/160237-147","1 / 35","33.000","26/08/2026","Didim Merkezde 3+1 Ayrı Mutfak Sürekli Kiralık Daire","Kiralık Daire","3 + 1","140 m²","16 Yaşında","·","Kat","3. Kat","Aydın / Didim / Yeni Mah.","https://www.hepsiemlak.com/_nuxt/8cafc93fb5c74c75e9e04e528e02ccdf.jpg","Med Gayrimenkul","WhatsApp","","https://www.hepsiemlak.com/_nuxt/8cafc93fb5c74c75e9e04e528e02ccdf.jpg",""
"https://www.hepsiemlak.com/aydin-soke-yenikent-kiralik/daire/145776-82","1 / 26","26.000","09/09/2026","Kiralık Eşyasız Daire","Kiralık Daire","2 + 1","80 m²","4 Yaşında","·","Kat","4. Kat","Aydın / Söke / Yenikent Mah.","https://www.hepsiemlak.com/_nuxt/8cafc93fb5c74c75e9e04e528e02ccdf.jpg","","WhatsApp","","",""
"https://www.hepsiemlak.com/aydin-kusadasi-guzelcamli-kiralik/villa/53744-5002","1 / 58","100.000","07/09/2026","Kuşadası Daimi Kiralık Müstakil Özel Havuzlu Eşyalı 4+1 Villa","Kiralık Villa","4 + 1","300 m²","4 Yaşında","·","Kat","","Aydın / Kuşadası / Güzelçamlı Mah.","https://www.hepsiemlak.com/_nuxt/8cafc93fb5c74c75e9e04e528e02ccdf.jpg","Nova Gayrimenkul","WhatsApp","","https://www.hepsiemlak.com/_nuxt/8cafc93fb5c74c75e9e04e528e02ccdf.jpg",""
"https://www.hepsiemlak.com/aydin-didim-hisar-kiralik/daire/145195-127","1 / 31","35.000","29/08/2026","Didim De Havuzlu Site İçerisinde Sürekli Kiralık 3+1 Dubleks","Kiralık Daire","3 + 1","140 m²","6 Yaşında","·","Kat","3. Kat","Aydın / Didim / Hisar Mah.","https://www.hepsiemlak.com/_nuxt/8cafc93fb5c74c75e9e04e528e02ccdf.jpg","Günay Yapı Gayrimenkul","WhatsApp","Baver
                  Günay","","https://www.hepsiemlak.com/_nuxt/8cafc93fb5c74c75e9e04e528e02ccdf.jpg"
"https://www.hepsiemlak.com/aydin-didim-akbuk-kiralik/daire/168030-22","1 / 44","45.000","31/08/2026","Merkezde Kiralık Eşyalı Ara Kat 2+1 Havuzlu Sitede, Denize 800m","Kiralık Daire","2 + 1","119 m²","16 Yaşında","·","Kat","1. Kat","Aydın / Didim / Akbük Mah.","https://www.hepsiemlak.com/_nuxt/8cafc93fb5c74c75e9e04e528e02ccdf.jpg","","WhatsApp","","",""
"https://www.hepsiemlak.com/aydin-kusadasi-guzelcamli-kiralik/daire/27499-4064","1 / 60","35.000","12/08/2026","Pascha Emlak'tan Güzelçamlı'da Sıfır Kiralık 2+1 Daire","Kiralık Daire","2 + 1","90 m²","Sıfır Bina","·","Kat","1. Kat","Aydın / Kuşadası / Güzelçamlı Mah.","https://www.hepsiemlak.com/_nuxt/8cafc93fb5c74c75e9e04e528e02ccdf.jpg","Pascha Emlak","WhatsApp","Onur
                  Ekdi","https://www.hepsiemlak.com/_nuxt/8cafc93fb5c74c75e9e04e528e02ccdf.jpg","https://www.hepsiemlak.com/_nuxt/8cafc93fb5c74c75e9e04e528e02ccdf.jpg"
"https://www.hepsiemlak.com/aydin-efeler-cumhuriyet-kiralik/daire/128861-473","1 / 47","35.000","27/08/2026","Kiralık 3+1 145 Metrekare Ebeveyn Banyolu Full Eşyalı Cumhuriyet Mahallesi Doğalgazlı Asansörlü Otur","Kiralık Daire","3 + 1","155 m²","20 Yaşında","·","Kat","Ara Kat","Aydın / Efeler / Cumhuriyet Mah.","https://hecdnnw.hemlak.com/mncropresize/77/67/logo/1/6/8/8/2/1/14ba52c0-0669-4060-a8c6-615966e801b9.jpg","Evfon Altınkonak Gayrimenkul","WhatsApp","Rabia
                  Mayda","https://hecdnnw.hemlak.com/mncropresize/77/67/firmuser/2/2/3/8/3/2/3/4d21e011-c881-42d0-94ec-ff06ea084dbd.jpg",""
"https://www.hepsiemlak.com/aydin-efeler-guzelhisar-kiralik/daire/141207-121","1 / 15","24.000","30/08/2026","Özbaş Emlaktan Kiralık Daire (güzelhisar Mahallesinde)","Kiralık Daire","3 + 10","145 m²","25 Yaşında","·","Kat","2. Kat","Aydın / Efeler / Güzelhisar Mah.","https://hecdnnw.hemlak.com/mncropresize/77/67/logo/7/0/2/1/4/1/93626669-ed73-434c-972b-083b06de9bb5.jpg","Özbaş Emlak","WhatsApp","Süleyman
                  Özbaş","https://hecdnnw.hemlak.com/mncropresize/77/67/firmuser/3/1/6/8/6/9/3/5bdb0f27-6a12-450f-9ad9-88496faef348.jpg",""
"https://www.hepsiemlak.com/aydin-nazilli-dallica-kiralik/villa/124111-170","1 / 51","60.000","08/09/2026","Royal Garden Villaları'nda 5+1 , 3 Katlı Kiralık Villa","Kiralık Villa","5 + 1","320 m²","Sıfır Bina","·","Kat","","Aydın / Nazilli / Dallıca Mah.","","Ege Royal Yapı","WhatsApp","Ege Royal
                  Yapı","https://hecdnnw.hemlak.com/mncropresize/77/67/firmuser/7/8/9/0/3/9/2/b7007570-c3d4-4563-8b0e-864d8233f3f0.jpg",""
"https://www.hepsiemlak.com/aydin-kusadasi-guzelcamli-kiralik/daire/148192-146","1 / 22","28.000","08/09/2026","Kuşadası Güzelçamlı'da Full Eşyalı Kiralık Daire 28.000 Tl.","Kiralık Daire","2 + 1","90 m²","20 Yaşında","·","Kat","En Üst Kat","Aydın / Kuşadası / Güzelçamlı Mah.","https://hecdn01.hemlak.com/mncropresize/182/137/ds01/2/8/7/7/6/6/5/4/382360a4-1ad0-471e-9729-e5fbf2f8db51.jpg","Kuşadası Dönmez Gayrimenkul","WhatsApp","","https://hecdnnw.hemlak.com/mncropresize/77/67/logo/2/9/1/8/4/1/39c31066-b3c3-4693-8826-5291ad0d5952.jpg",""
"https://www.hepsiemlak.com/aydin-kusadasi-sogucak-kiralik/daire/18495-4139","1 / 11","20.000","05/09/2026","Soğucakta Kiralık 2+1 Bahçeli Daire","Kiralık Daire","2 + 1","200 m²","26 Yaşında","·","Kat","Bahçe Katı","Aydın / Kuşadası / Soğucak Mah.","https://www.hepsiemlak.com/_nuxt/8cafc93fb5c74c75e9e04e528e02ccdf.jpg","Blue Bırds Ada Gayrimenkul","WhatsApp","Hüseyin
                  Özkan","https://www.hepsiemlak.com/_nuxt/8cafc93fb5c74c75e9e04e528e02ccdf.jpg","https://www.hepsiemlak.com/_nuxt/8cafc93fb5c74c75e9e04e528e02ccdf.jpg"
"https://www.hepsiemlak.com/aydin-nazilli-isabeyli-kiralik/daire/123971-1145","1 / 34","30.000","27/08/2026","Nazilli İsabeyli Mahallesinde Sierra Vista Kiralık 3+1 Daire","Kiralık Daire","3 + 1","145 m²","14 Yaşında","·","Kat","12. Kat","Aydın / Nazilli / İsabeyli Mah.","https://www.hepsiemlak.com/_nuxt/8cafc93fb5c74c75e9e04e528e02ccdf.jpg","Parador Gayrimenkul","WhatsApp","","https://www.hepsiemlak.com/_nuxt/8cafc93fb5c74c75e9e04e528e02ccdf.jpg",""
"https://www.hepsiemlak.com/aydin-kusadasi-kadinlar-denizi-kiralik/villa/21671-6607","1 / 34","95.000","31/08/2026","Kadınlar Denizi'nde Deniz Manzaralı Villa","Kiralık Villa","4 + 1","250 m²","18 Yaşında","·","Kat","","Aydın / Kuşadası / Kadınlar Denizi Mah.","https://www.hepsiemlak.com/_nuxt/8cafc93fb5c74c75e9e04e528e02ccdf.jpg","A24 Site Gayrimenkul Danışmanlığı","WhatsApp","","https://www.hepsiemlak.com/_nuxt/8cafc93fb5c74c75e9e04e528e02ccdf.jpg",""
"https://www.hepsiemlak.com/aydin-efeler-kurtulus-kiralik/daire/162341-63","1 / 20","35.000","09/09/2026","Aydın Efeler Kurtuluş Mahallesi'nde Kiralık 3+1 Daire","Kiralık Daire","3 + 1","140 m²","26 Yaşında","·","Kat","6. Kat","Aydın / Efeler / Kurtuluş Mah.","https://www.hepsiemlak.com/_nuxt/8cafc93fb5c74c75e9e04e528e02ccdf.jpg","Gündem Gayrimenkul","WhatsApp","","https://www.hepsiemlak.com/_nuxt/8cafc93fb5c74c75e9e04e528e02ccdf.jpg",""
"https://www.hepsiemlak.com/aydin-kosk-carsi-kiralik/daire/141451-297","1 / 34","22.500","07/09/2026","Re/max Pinden Aydın Köşk İncirkent Sitesinde Kiralık 2+1 Daire","Kiralık Daire","2 + 1","120 m²","6 Yaşında","·","Kat","3. Kat","Aydın / Köşk / Çarşı Mah.","https://www.hepsiemlak.com/_nuxt/8cafc93fb5c74c75e9e04e528e02ccdf.jpg","Remax Pin","WhatsApp","Emre
                  Özkaya","https://www.hepsiemlak.com/_nuxt/8cafc93fb5c74c75e9e04e528e02ccdf.jpg","https://www.hepsiemlak.com/_nuxt/8cafc93fb5c74c75e9e04e528e02ccdf.jpg"
"https://www.hepsiemlak.com/aydin-efeler-zafer-kiralik/daire/124178-372","1 / 16","23.000","05/09/2026","Zafer Mahallesi'nde Kiralık Taşınmaya Hazır Eşyalı-Klima 2+1 Daire","Kiralık Daire","2 + 10","75 m²","6 Yaşında","·","Kat","Yüksek Giriş","Aydın / Efeler / Zafer Mah.","https://www.hepsiemlak.com/_nuxt/8cafc93fb5c74c75e9e04e528e02ccdf.jpg","Aydın Bölge Gayrimenkul","WhatsApp","","https://www.hepsiemlak.com/_nuxt/8cafc93fb5c74c75e9e04e528e02ccdf.jpg",""
"https://www.hepsiemlak.com/aydin-efeler-efeler-kiralik/daire/19625-6358","1 / 10","25.000","05/09/2026","Ege Emlak'tan Efeler Mah.3+1 110m2 Asansörlü Doğalgazlı Daire","Kiralık Daire","3 + 1","110 m²","8 Yaşında","·","Kat","3. Kat","Aydın / Efeler / Efeler Mah.","https://www.hepsiemlak.com/_nuxt/8cafc93fb5c74c75e9e04e528e02ccdf.jpg","Ege Emlak","WhatsApp","","https://www.hepsiemlak.com/_nuxt/8cafc93fb5c74c75e9e04e528e02ccdf.jpg",""
"https://www.hepsiemlak.com/aydin-kusadasi-davutlar-kiralik/daire/121414-2262","1 / 31","25.000","27/08/2026","Kuşadası Davutlar Merkezde Kiralık Geniş 3+1 Daire","Kiralık Daire","3 + 1","125 m²","8 Yaşında","·","Kat","2. Kat","Aydın / Kuşadası / Davutlar Mah.","https://www.hepsiemlak.com/_nuxt/8cafc93fb5c74c75e9e04e528e02ccdf.jpg","","WhatsApp","","",""
"https://www.hepsiemlak.com/aydin-kusadasi-yavansu-kiralik/daire/0-47135165","1 / 13","60.000","16/08/2026","Yaz Sezonu Kiralık Villa","Kiralık Daire","4 + 1","250 m²","30 Yaşında","·","Kat","Villa Katı","Aydın / Kuşadası / Yavansu Mah.","https://www.hepsiemlak.com/_nuxt/8cafc93fb5c74c75e9e04e528e02ccdf.jpg","","WhatsApp","","",""
"https://www.hepsiemlak.com/aydin-efeler-kurtulus-kiralik/daire/64143-2875","1 / 34","21.000","08/09/2026","Aydın Kiralık Eşyalı Kurtuluş Mahallesinde 2+0 Daire","Kiralık Daire","2 + 0","70 m²","6 Yaşında","·","Kat","5. Kat","Aydın / Efeler / Kurtuluş Mah.","https://www.hepsiemlak.com/_nuxt/8cafc93fb5c74c75e9e04e528e02ccdf.jpg","Alp Gayrimenkul","WhatsApp","Fevzi
                  Köse","https://www.hepsiemlak.com/_nuxt/8cafc93fb5c74c75e9e04e528e02ccdf.jpg","https://www.hepsiemlak.com/_nuxt/8cafc93fb5c74c75e9e04e528e02ccdf.jpg"
"https://www.hepsiemlak.com/aydin-didim-efeler-kiralik/daire/97467-1090","1 / 29","30.000","15/08/2026","Stadyum Yanında Liman Yolunda Kiralık 3+1 Dublex Daire","Kiralık Daire","3 + 1","100 m²","6 Yaşında","·","Kat","2. Kat","Aydın / Didim / Efeler Mah.","https://www.hepsiemlak.com/_nuxt/8cafc93fb5c74c75e9e04e528e02ccdf.jpg","Didim Cem Emlak","WhatsApp","","https://www.hepsiemlak.com/_nuxt/8cafc93fb5c74c75e9e04e528e02ccdf.jpg",""
"https://www.hepsiemlak.com/aydin-nazilli-yildiztepe-kiralik/daire/46102-318","1 / 30","13.000","08/09/2026","Nazilli Ege Emlak Ofisinden Yıldıztepe Mah. Kiralık Daire","Kiralık Daire","3 + 0","125 m²","40 Yaşında","·","Kat","Zemin","Aydın / Nazilli / Yıldıztepe Mah.","https://www.hepsiemlak.com/_nuxt/8cafc93fb5c74c75e9e04e528e02ccdf.jpg","Ege Emlak Ofisi","WhatsApp","Süleyman
                  Doğan","","https://www.hepsiemlak.com/_nuxt/8cafc93fb5c74c75e9e04e528e02ccdf.jpg"
"https://www.hepsiemlak.com/aydin-efeler-cuma-kiralik/daire/40599-4575","1 / 24","18.000","07/09/2026","Hb'den 1+1 Eşyalı Kiralık Daire, Cuma Mahallesi Ara Kat, Asansör","Kiralık Daire","1 + 1","55 m²","11 Yaşında","·","Kat","2. Kat","Aydın / Efeler / Cuma Mah.","https://www.hepsiemlak.com/_nuxt/8cafc93fb5c74c75e9e04e528e02ccdf.jpg","Hb Gayrimenkul","WhatsApp","","https://www.hepsiemlak.com/_nuxt/8cafc93fb5c74c75e9e04e528e02ccdf.jpg",""
"https://www.hepsiemlak.com/aydin-efeler-zafer-kiralik/daire/168594-85","1 / 12","19.000","28/08/2026","Zafer Mahallesi Üniversite Yolunda Kiralık Eşyalı Daire","Kiralık Daire","2 + 0","60 m²","5 Yaşında","·","Kat","Ara Kat","Aydın / Efeler / Zafer Mah.","https://www.hepsiemlak.com/_nuxt/8cafc93fb5c74c75e9e04e528e02ccdf.jpg","Nirvana Gayrimenkul Aydın","WhatsApp","","https://www.hepsiemlak.com/_nuxt/8cafc93fb5c74c75e9e04e528e02ccdf.jpg",""
"https://www.hepsiemlak.com/aydin-kusadasi-turkmen-kiralik/daire/116890-3843","1 / 28","43.000","04/09/2026","Kuşadası Marinada Deniz Manzaralı 2+1 Doğalgazlı Kiralık Daire","Kiralık Daire","2 + 1","85 m²","16 Yaşında","·","Kat","1. Kat","Aydın / Kuşadası / Türkmen Mah.","https://www.hepsiemlak.com/_nuxt/8cafc93fb5c74c75e9e04e528e02ccdf.jpg","Legend Living","WhatsApp","","https://www.hepsiemlak.com/_nuxt/8cafc93fb5c74c75e9e04e528e02ccdf.jpg",""
"https://www.hepsiemlak.com/aydin-kusadasi-degirmendere-kiralik/daire/0-47122430","1 / 12","50.000","13/08/2026","Sahibinden Kiralık Eşyalı Daire. Havuz Lu Sitede","Kiralık Daire","2 + 1","90 m²","1 Yaşında","·","Kat","2. Kat","Aydın / Kuşadası / Değirmendere Mah.","https://www.hepsiemlak.com/_nuxt/8cafc93fb5c74c75e9e04e528e02ccdf.jpg","","WhatsApp","","",""
"https://www.hepsiemlak.com/aydin-didim-yeni-kiralik/daire/88825-135","1 / 24","38.000","13/08/2026","Didimin Meekezinde Asansörlü Full Eşyalı 3+1 Ayrı Mutfak Sürekli Kiralık Daire","Kiralık Daire","3 + 1","130 m²","6 Yaşında","·","Kat","3. Kat","Aydın / Didim / Yeni Mah.","https://www.hepsiemlak.com/_nuxt/8cafc93fb5c74c75e9e04e528e02ccdf.jpg","Soyalp İnşaat Emlak","WhatsApp","","https://www.hepsiemlak.com/_nuxt/8cafc93fb5c74c75e9e04e528e02ccdf.jpg",""
"https://www.hepsiemlak.com/aydin-efeler-kardeskoy-kiralik/daire/166523-89","1 / 12","21.000","08/09/2026","Aydın Efeler Kardeşköy Mahallesinde Kiralık Daire","Kiralık Daire","2 + 1","85 m²","1 Yaşında","·","Kat","3. Kat","Aydın / Efeler / Kardeşköy Mah.","https://www.hepsiemlak.com/_nuxt/8cafc93fb5c74c75e9e04e528e02ccdf.jpg","Gürce Gayrimenkul","WhatsApp","","https://www.hepsiemlak.com/_nuxt/8cafc93fb5c74c75e9e04e528e02ccdf.jpg",""
"https://www.hepsiemlak.com/aydin-didim-yeni-kiralik/villa/160789-158","1 / 40","35.000","07/09/2026","Heryere Ulaşım İsteyenlere Villa","Kiralık Villa","5 + 1","220 m²","21 Yaşında","·","Kat","","Aydın / Didim / Yeni Mah.","https://www.hepsiemlak.com/_nuxt/8cafc93fb5c74c75e9e04e528e02ccdf.jpg","Re/max Ayaz","WhatsApp","","https://www.hepsiemlak.com/_nuxt/8cafc93fb5c74c75e9e04e528e02ccdf.jpg",""
"https://www.hepsiemlak.com/aydin-soke-yenikent-kiralik/daire/170486-79","1 / 23","20.000","09/09/2026","Yenikent Mah. Üniversite Bölgesinde Eşyasız Kiralık Daire","Kiralık Daire","1 + 1","70 m²","6 Yaşında","·","Kat","2. Kat","Aydın / Söke / Yenikent Mah.","https://www.hepsiemlak.com/_nuxt/8cafc93fb5c74c75e9e04e528e02ccdf.jpg","Atakent Emlak","WhatsApp","","https://www.hepsiemlak.com/_nuxt/8cafc93fb5c74c75e9e04e528e02ccdf.jpg",""
"https://www.hepsiemlak.com/aydin-efeler-orta-kiralik/daire/148156-114","1 / 23","23.000","05/09/2026","Aydın Efeler Orta Mahallede Asansörlü  Eşyalı 2+1","Kiralık Daire","2 + 1","75 m²","12 Yaşında","·","Kat","4. Kat","Aydın / Efeler / Orta Mah.","https://hecdnnw.hemlak.com/mncropresize/77/67/logo/6/5/1/8/4/1/6a1e32e1-12fd-42d7-8298-2cf249a40da0.jpg","Garantis Gayrimenkul Yatırım Danışmanlığı","WhatsApp","","",""
"https://www.hepsiemlak.com/aydin-efeler-kurtulus-kiralik/daire/74626-205","1 / 39","35.000","07/09/2026","Aydın Efeler Kurtuluş A.Menderes Bul. Üzerinde Ful Eşyalı Asansörlü Kaloriferli 3+1 Daire Kiralık","Kiralık Daire","3 + 1","130 m²","28 Yaşında","·","Kat","7. Kat","Aydın / Efeler / Kurtuluş Mah.","https://hecdnnw.hemlak.com/mncropresize/77/67/logo/6/2/6/4/7/0/daccb998-bdee-45aa-96cb-475f38ff0358.jpg","İmamoğlu Emlak Ofisi","WhatsApp","Levent
                  Balı","https://hecdnnw.hemlak.com/mncropresize/77/67/firmuser/8/0/6/6/2/4/1/57de77a6-e372-4c56-add4-eabc14d60718.jpg",""
"https://www.hepsiemlak.com/aydin-kusadasi-karaova-kiralik/villa/164258-139","1 / 54","51.000","02/09/2026","Kuşadası'nda Kapalı Otoparklı Havuzlu Sitede Müstakil Devamlı Kiralık Villa","Kiralık Villa","3 + 1","400 m²","20 Yaşında","·","Kat","","Aydın / Kuşadası / Karaova Mah.","https://hecdnnw.hemlak.com/mncropresize/77/67/logo/8/5/2/4/6/1/dc20e0fd-e799-4515-9097-f427cd21e5c9.jpg","Villa Tv Gayrimenkul","WhatsApp","","",""
"https://www.hepsiemlak.com/aydin-nazilli-isabeyli-kiralik/daire/137179-589","1 / 33","13.000","02/09/2026","Miray Emlaktan İsabeyli Mahallesinde Eşyalı Kiralık 1+1 Daire","Kiralık Daire","1 + 1","75 m²","6 Yaşında","·","Kat","2. Kat","Aydın / Nazilli / İsabeyli Mah.","https://hecdn01.hemlak.com/mncropresize/182/137/ds01/9/2/9/5/3/2/7/4/b065b8fa-d9e8-4132-9e96-80e5278ede60.jpg","","WhatsApp","","",""
"https://www.hepsiemlak.com/aydin-germencik-park-kiralik/daire/130369-441","1 / 16","24.000","01/09/2026","Germencik Park Mah. Mustakil Bahçeli 2+1 Sıfır Kiralık Daire","Kiralık Daire","2 + 1","85 m²","Sıfır Bina","·","Kat","Zemin","Aydın / Germencik / Park Mah.","https://www.hepsiemlak.com/_nuxt/8cafc93fb5c74c75e9e04e528e02ccdf.jpg","Terra Gayrimenkul","WhatsApp","Nesrin
                  Özkocaman","","https://www.hepsiemlak.com/_nuxt/8cafc93fb5c74c75e9e04e528e02ccdf.jpg"
"https://www.hepsiemlak.com/aydin-kusadasi-ikicesmelik-kiralik/daire/153822-237","1 / 28","28.500","09/09/2026","Kuşadası Merkezde Acil Kiralık Eşyalı Daire","Kiralık Daire","1 + 1","70 m²","6 Yaşında","·","Kat","5. Kat","Aydın / Kuşadası / İkiçeşmelik Mah.","https://www.hepsiemlak.com/_nuxt/8cafc93fb5c74c75e9e04e528e02ccdf.jpg","Altın Ada Gayrimenkul","WhatsApp","Dürdane
                  Özdemir","https://www.hepsiemlak.com/_nuxt/8cafc93fb5c74c75e9e04e528e02ccdf.jpg","https://www.hepsiemlak.com/_nuxt/8cafc93fb5c74c75e9e04e528e02ccdf.jpg"
"https://www.hepsiemlak.com/aydin-kusadasi-ikicesmelik-kiralik/daire/165187-111","1 / 17","38.000","08/09/2026","Kuşadası Viapark Sitesi Nde Deniz Manzaralı Kiralık Geniş 3+1","Kiralık Daire","3 + 1","150 m²","11 Yaşında","·","Kat","1. Kat","Aydın / Kuşadası / İkiçeşmelik Mah.","https://www.hepsiemlak.com/_nuxt/8cafc93fb5c74c75e9e04e528e02ccdf.jpg","Alinda Gayrimenkul","WhatsApp","","https://www.hepsiemlak.com/_nuxt/8cafc93fb5c74c75e9e04e528e02ccdf.jpg",""
"https://www.hepsiemlak.com/aydin-efeler-kurtulus-kiralik/daire/131465-240","1 / 17","23.000","31/08/2026","Eşyalı Asansörlü Doğalgazlı Otoparklı Balkonlu Daire","Kiralık Daire","1 + 1","55 m²","10 Yaşında","·","Kat","5. Kat","Aydın / Efeler / Kurtuluş Mah.","https://www.hepsiemlak.com/_nuxt/8cafc93fb5c74c75e9e04e528e02ccdf.jpg","Mercan Gayrimenkul","WhatsApp","Halil
                  Akyağcı","","https://www.hepsiemlak.com/_nuxt/8cafc93fb5c74c75e9e04e528e02ccdf.jpg"
"https://www.hepsiemlak.com/aydin-efeler-kurtulus-kiralik/daire/140458-54","1 / 60","15.000","06/09/2026","Aydın Efeler Kurtuluş Mahallesinde Adn.Mend. Bulvarına Gören Konumda Kiralık 2+1 Daire Kısmi Eşyalı","Kiralık Daire","2 + 1","90 m²","35 Yaşında","·","Kat","Bahçe Katı","Aydın / Efeler / Kurtuluş Mah.","https://www.hepsiemlak.com/_nuxt/8cafc93fb5c74c75e9e04e528e02ccdf.jpg","Umut Emlak","WhatsApp","Nazmi
                  Cimcir","","https://www.hepsiemlak.com/_nuxt/8cafc93fb5c74c75e9e04e528e02ccdf.jpg"
"https://www.hepsiemlak.com/aydin-kusadasi-ikicesmelik-kiralik/daire/162627-343","1 / 17","22.000","28/08/2026","Şehre Yakın Doğayla İç İçe 2+1 Sıfır Kiralık Daire","Kiralık Daire","2 + 1","85 m²","Sıfır Bina","·","Kat","Giriş Katı","Aydın / Kuşadası / İkiçeşmelik Mah.","https://www.hepsiemlak.com/_nuxt/8cafc93fb5c74c75e9e04e528e02ccdf.jpg","İsabet Kuşadası Gayrimenkul","WhatsApp","Abdülkadir
                  Taluğ","https://www.hepsiemlak.com/_nuxt/8cafc93fb5c74c75e9e04e528e02ccdf.jpg","https://www.hepsiemlak.com/_nuxt/8cafc93fb5c74c75e9e04e528e02ccdf.jpg"
"https://www.hepsiemlak.com/aydin-efeler-cumhuriyet-kiralik/daire/143947-171","1 / 35","35.000","01/09/2026","Express Gayr.Den Cumhuriyet Mh.De 3+1 Kiralık Daire","Kiralık Daire","3 + 1","160 m²","20 Yaşında","·","Kat","2. Kat","Aydın / Efeler / Cumhuriyet Mah.","https://www.hepsiemlak.com/_nuxt/8cafc93fb5c74c75e9e04e528e02ccdf.jpg","Express Gayrimenkul","WhatsApp","Ümran
                  Ünal Tümtürk","","https://www.hepsiemlak.com/_nuxt/8cafc93fb5c74c75e9e04e528e02ccdf.jpg"
"https://www.hepsiemlak.com/aydin-kusadasi-degirmendere-kiralik/daire/141887-265","1 / 19","80.000","26/08/2026","Eviz Vista Marin De Deniz Manzaralı Eşyalı 3+1 Daire Kiralık","Kiralık Daire","3 + 1","180 m²","5 Yaşında","·","Kat","Giriş Katı","Aydın / Kuşadası / Değirmendere Mah.","https://www.hepsiemlak.com/_nuxt/8cafc93fb5c74c75e9e04e528e02ccdf.jpg","Uzay Ada Gayrimenkul Yatırım Danışmanlık","WhatsApp","Alp
                  Onuralp","https://www.hepsiemlak.com/_nuxt/8cafc93fb5c74c75e9e04e528e02ccdf.jpg","https://www.hepsiemlak.com/_nuxt/8cafc93fb5c74c75e9e04e528e02ccdf.jpg"
"https://www.hepsiemlak.com/aydin-kusadasi-kadinlar-denizi-kiralik/daire/171320-10","1 / 25","50.000","02/09/2026","Kadınlar Denizine 2 Dk Mesafede Full Eşyalı Lüks Daire","Kiralık Daire","1 + 1","70 m²","Sıfır Bina","·","Kat","2. Kat","Aydın / Kuşadası / Kadınlar Denizi Mah.","https://www.hepsiemlak.com/_nuxt/8cafc93fb5c74c75e9e04e528e02ccdf.jpg","Firiks Gayrimenkul","WhatsApp","","https://www.hepsiemlak.com/_nuxt/8cafc93fb5c74c75e9e04e528e02ccdf.jpg",""
"https://www.hepsiemlak.com/aydin-didim-efeler-kiralik/daire/70698-1852","1 / 36","25.000","07/09/2026","Didim Kiralık 1+1 Havuzlu Asansörlü Boş Daire","Kiralık Daire","1 + 1","55 m²","6 Yaşında","·","Kat","3. Kat","Aydın / Didim / Efeler Mah.","https://www.hepsiemlak.com/_nuxt/8cafc93fb5c74c75e9e04e528e02ccdf.jpg","Şdm Emlak Tadilat İnş.","WhatsApp","","https://www.hepsiemlak.com/_nuxt/8cafc93fb5c74c75e9e04e528e02ccdf.jpg",""
"https://www.hepsiemlak.com/aydin-efeler-zeybek-kiralik/daire/153824-385","1 / 35","52.500","27/08/2026","Zeybek'te Kiralık 3+1 Daire, Ara Kat, 150m², Yerden Isıtmalı","Kiralık Daire","3 + 1","175 m²","2 Yaşında","·","Kat","4. Kat","Aydın / Efeler / Zeybek Mah.","https://www.hepsiemlak.com/_nuxt/8cafc93fb5c74c75e9e04e528e02ccdf.jpg","Altındiş Gayrimenkul Yatırım","WhatsApp","","https://www.hepsiemlak.com/_nuxt/8cafc93fb5c74c75e9e04e528e02ccdf.jpg",""
"https://www.hepsiemlak.com/aydin-nazilli-zafer-kiralik/daire/101059-612","1 / 29","20.000","07/09/2026","Zafer Mah.'de Özgüvenkent Sitesinde 3+1 Kiralık Daire","Kiralık Daire","3 + 1","145 m²","20 Yaşında","·","Kat","2. Kat","Aydın / Nazilli / Zafer Mah.","https://www.hepsiemlak.com/_nuxt/8cafc93fb5c74c75e9e04e528e02ccdf.jpg","Emlak Vadisi","WhatsApp","","https://www.hepsiemlak.com/_nuxt/8cafc93fb5c74c75e9e04e528e02ccdf.jpg",""
"https://www.hepsiemlak.com/aydin-efeler-zafer-kiralik/daire/106586-177","1 / 34","28.000","20/08/2026","Concept Suıt's Residence 1+1 55m2 Sauna-Hamam-Havuz-Fıtness","Kiralık Daire","1 + 1","60 m²","6 Yaşında","·","Kat","6. Kat","Aydın / Efeler / Zafer Mah.","https://www.hepsiemlak.com/_nuxt/8cafc93fb5c74c75e9e04e528e02ccdf.jpg","Egeli Group Gayrimenkul","WhatsApp","Fatih
                  Erönemi","https://www.hepsiemlak.com/_nuxt/8cafc93fb5c74c75e9e04e528e02ccdf.jpg","https://www.hepsiemlak.com/_nuxt/8cafc93fb5c74c75e9e04e528e02ccdf.jpg"
"https://www.hepsiemlak.com/aydin-cine-karakollar-kiralik/daire/170303-23","1 / 27","22.000","20/08/2026","Fer Group'tan Hastane/cezaevi Yanı Ara Kat 170m² Ferah 3+1 Kiralık","Kiralık Daire","3 + 1","170 m²","15 Yaşında","·","Kat","Ara Kat","Aydın / Çine / Karakollar Mah.","https://www.hepsiemlak.com/_nuxt/8cafc93fb5c74c75e9e04e528e02ccdf.jpg","","WhatsApp","","",""
"https://www.hepsiemlak.com/aydin-germencik-camikebir-kiralik/daire/125916-417","1 / 21","26.000","31/08/2026","Aydın Germencik Camikebir Mahallesinde Kiralık 3+1 Daire","Kiralık Daire","3 + 1","130 m²","2 Yaşında","·","Kat","Ara Kat","Aydın / Germencik / Camikebir Mah.","https://www.hepsiemlak.com/_nuxt/8cafc93fb5c74c75e9e04e528e02ccdf.jpg","Karadeniz Emlak","WhatsApp","","https://www.hepsiemlak.com/_nuxt/8cafc93fb5c74c75e9e04e528e02ccdf.jpg",""
"https://www.hepsiemlak.com/aydin-nazilli-yeni-kiralik/daire/124575-56","1 / 34","12.500","17/08/2026","Nazilli Yeni Mahalle.De 2+1 Şehir Manzaralı Kiralık Daire","Kiralık Daire","2 + 1","110 m²","35 Yaşında","·","Kat","Teras Katı","Aydın / Nazilli / Yeni Mah.","https://www.hepsiemlak.com/_nuxt/8cafc93fb5c74c75e9e04e528e02ccdf.jpg","Nazilli Yılmaz Emlak","WhatsApp","","https://www.hepsiemlak.com/_nuxt/8cafc93fb5c74c75e9e04e528e02ccdf.jpg",""
"https://www.hepsiemlak.com/aydin-didim-cumhuriyet-kiralik/daire/38648-4118","1 / 35","40.000","17/08/2026","Didim Cumhuriyet Mahallesi Havuzlu Sitede Kiralık 4+1 Dubleks","Kiralık Daire","4 + 1","190 m²","16 Yaşında","·","Kat","3. Kat","Aydın / Didim / Cumhuriyet Mah.","https://www.hepsiemlak.com/_nuxt/8cafc93fb5c74c75e9e04e528e02ccdf.jpg","S Realty Zeytin","WhatsApp","","https://www.hepsiemlak.com/_nuxt/8cafc93fb5c74c75e9e04e528e02ccdf.jpg",""
"https://www.hepsiemlak.com/aydin-kusadasi-davutlar-kiralik/villa/130030-955","1 / 27","70.000","15/08/2026","Kuşadası Davutlar Sahil 3+1 Tek Müstakil Devamlı Kiralık Villa","Kiralık Villa","3 + 1","300 m²","1 Yaşında","·","Kat","Bahçe Katı","Aydın / Kuşadası / Davutlar Mah.","https://www.hepsiemlak.com/_nuxt/8cafc93fb5c74c75e9e04e528e02ccdf.jpg","Cihan Gayrimenkul Kuşadası","WhatsApp","Cihan
                  Erdoğan","https://www.hepsiemlak.com/_nuxt/8cafc93fb5c74c75e9e04e528e02ccdf.jpg","https://www.hepsiemlak.com/_nuxt/8cafc93fb5c74c75e9e04e528e02ccdf.jpg"
"https://www.hepsiemlak.com/aydin-kusadasi-ikicesmelik-kiralik/daire/141864-537","1 / 28","33.500","25/08/2026","Kuşadası Merkezde Site İçi 2+1 Kiralık Daire","Kiralık Daire","2 + 1","100 m²","6 Yaşında","·","Kat","4. Kat","Aydın / Kuşadası / İkiçeşmelik Mah.","https://www.hepsiemlak.com/_nuxt/8cafc93fb5c74c75e9e04e528e02ccdf.jpg","Eku Gayrimenkul","WhatsApp","Kaan
                  Kaçkın","https://www.hepsiemlak.com/_nuxt/8cafc93fb5c74c75e9e04e528e02ccdf.jpg","https://www.hepsiemlak.com/_nuxt/8cafc93fb5c74c75e9e04e528e02ccdf.jpg"
"https://www.hepsiemlak.com/aydin-efeler-ata-kiralik/daire/95325-629","1 / 50","35.000","15/08/2026","Ata Mahallesinde Sıte İçerisinde 3+1 Kiralık Daire","Kiralık Daire","3 + 1","140 m²","13 Yaşında","·","Kat","6. Kat","Aydın / Efeler / Ata Mah.","https://www.hepsiemlak.com/_nuxt/8cafc93fb5c74c75e9e04e528e02ccdf.jpg","Metropol Gayrimenkul","WhatsApp","","https://www.hepsiemlak.com/_nuxt/8cafc93fb5c74c75e9e04e528e02ccdf.jpg",""
"https://www.hepsiemlak.com/aydin-soke-celtikci-kiralik/daire/145776-78","1 / 19","25.000","09/09/2026","Kiralık 2+1açık Mutfak Ebeveyn Banyolu","Kiralık Daire","2 + 1","90 m²","10 Yaşında","·","Kat","Yüksek Giriş","Aydın / Söke / Çeltikçi Mah.","","","WhatsApp","","",""
"https://www.hepsiemlak.com/aydin-didim-efeler-kiralik/daire/79168-1123","1 / 38","30.000","16/08/2026","Didim Kiralık Efeler Mah.De 2+1 Ayrı Mutfak Daire Merkez De","Kiralık Daire","2 + 1","95 m²","12 Yaşında","·","Kat","Ara Kat","Aydın / Didim / Efeler Mah.","https://hecdnnw.hemlak.com/mncropresize/77/67/logo/8/6/1/9/7/0/a903fba5-b252-46b2-8d1b-f9309e655e05.jpg","Altınkum Can Emlak","WhatsApp","","",""
"https://www.hepsiemlak.com/aydin-kusadasi-guzelcamli-kiralik/daire/148192-145","1 / 17","27.000","08/09/2026","Kuşadası Güzelçamlıda Full Eşyalı Kiralık Daire 27.000 Tl.","Kiralık Daire","1 + 1","85 m²","20 Yaşında","·","Kat","1. Kat","Aydın / Kuşadası / Güzelçamlı Mah.","https://hecdnnw.hemlak.com/mncropresize/77/67/logo/2/9/1/8/4/1/39c31066-b3c3-4693-8826-5291ad0d5952.jpg","Kuşadası Dönmez Gayrimenkul","WhatsApp","","",""
"https://www.hepsiemlak.com/aydin-efeler-girne-kiralik/daire/124509-260","1 / 27","38.000","18/08/2026","Aydın Girne Mah 3+1 Site İçi Kiralık Daire","Kiralık Daire","3 + 1","150 m²","11 Yaşında","·","Kat","2. Kat","Aydın / Efeler / Girne Mah.","https://hecdn01.hemlak.com/mncropresize/182/137/ds01/3/2/4/0/1/1/7/4/cf79a6e1-d969-4010-a92f-9ac64d61b4ca.jpg","Merkez Emlak","WhatsApp","","https://hecdnnw.hemlak.com/mncropresize/77/67/logo/9/0/5/4/2/1/e65d2cbb-a201-47cb-b71f-77445106df3f.jpg",""
"https://www.hepsiemlak.com/aydin-efeler-girne-kiralik/daire/119895-4249","1 / 34","52.500","03/09/2026","Girne Mahallesinde Prestijli Konumda 3+1 Daire","Kiralık Daire","3 + 1","160 m²","11 Yaşında","·","Kat","8. Kat","Aydın / Efeler / Girne Mah.","https://www.hepsiemlak.com/_nuxt/8cafc93fb5c74c75e9e04e528e02ccdf.jpg","Kw Alesta-viya-orsa 3","WhatsApp","","https://www.hepsiemlak.com/_nuxt/8cafc93fb5c74c75e9e04e528e02ccdf.jpg",""
"https://www.hepsiemlak.com/aydin-efeler-guzelhisar-kiralik/daire/95910-2408","1 / 34","25.000","03/09/2026","Aydın Efeler Güzelhisar Mahallesi 2+1 Doğalgazlı Kiralık Daire","Kiralık Daire","2 + 1","110 m²","10 Yaşında","·","Kat","5. Kat","Aydın / Efeler / Güzelhisar Mah.","https://www.hepsiemlak.com/_nuxt/8cafc93fb5c74c75e9e04e528e02ccdf.jpg","","WhatsApp","","",""
"https://www.hepsiemlak.com/aydin-nazilli-isabeyli-kiralik/daire/160026-371","1 / 8","14.200","09/09/2026","Duru Emlaktan Sayak Sitesinde 1+1 Full Eşyalı Kiralık Daire","Kiralık Daire","1 + 1","60 m²","6 Yaşında","·","Kat","2. Kat","Aydın / Nazilli / İsabeyli Mah.","https://www.hepsiemlak.com/_nuxt/8cafc93fb5c74c75e9e04e528e02ccdf.jpg","Duru Emlak","WhatsApp","","https://www.hepsiemlak.com/_nuxt/8cafc93fb5c74c75e9e04e528e02ccdf.jpg",""
"https://www.hepsiemlak.com/aydin-efeler-girne-kiralik/daire/127968-553","1 / 26","35.000","03/09/2026","Aydın Girne Mah. 2+0 Eşyalı Kiralık Daire","Kiralık Daire","2 + 0","85 m²","5 Yaşında","·","Kat","1. Kat","Aydın / Efeler / Girne Mah.","https://www.hepsiemlak.com/_nuxt/8cafc93fb5c74c75e9e04e528e02ccdf.jpg","İlke Gayrimenkul","WhatsApp","İlknur
                  Şener","https://www.hepsiemlak.com/_nuxt/8cafc93fb5c74c75e9e04e528e02ccdf.jpg","https://www.hepsiemlak.com/_nuxt/8cafc93fb5c74c75e9e04e528e02ccdf.jpg"
"https://www.hepsiemlak.com/aydin-efeler-adnan-menderes-kiralik/daire/78993-2173","1 / 29","28.000","05/09/2026","Adnan Menderes Mahallesinde Kiralık 3+1 Daire","Kiralık Daire","3 + 1","130 m²","11 Yaşında","·","Kat","2. Kat","Aydın / Efeler / Adnan Menderes Mah.","https://www.hepsiemlak.com/_nuxt/8cafc93fb5c74c75e9e04e528e02ccdf.jpg","Pasha Gayrimenkul","WhatsApp","Şener
                  Çiftçi","https://www.hepsiemlak.com/_nuxt/8cafc93fb5c74c75e9e04e528e02ccdf.jpg","https://www.hepsiemlak.com/_nuxt/8cafc93fb5c74c75e9e04e528e02ccdf.jpg"
"https://www.hepsiemlak.com/aydin-efeler-ata-kiralik/daire/141451-294","1 / 20","23.000","08/09/2026","Re/max Pınden Kiralık | Ata Mahallesi | 2+0 | Sıfır | Ara Kat","Kiralık Daire","2 + 0","80 m²","Sıfır Bina","·","Kat","2. Kat","Aydın / Efeler / Ata Mah.","https://www.hepsiemlak.com/_nuxt/8cafc93fb5c74c75e9e04e528e02ccdf.jpg","Remax Pin","WhatsApp","Emre
                  Özkaya","https://www.hepsiemlak.com/_nuxt/8cafc93fb5c74c75e9e04e528e02ccdf.jpg","https://www.hepsiemlak.com/_nuxt/8cafc93fb5c74c75e9e04e528e02ccdf.jpg"
"https://www.hepsiemlak.com/aydin-efeler-cuma-kiralik/daire/131814-398","1 / 11","17.000","09/09/2026","1+1 Arakat Balkonlu Doğalgazlı Yeni Bina","Kiralık Daire","1 + 1","60 m²","2 Yaşında","·","Kat","2. Kat","Aydın / Efeler / Cuma Mah.","https://www.hepsiemlak.com/_nuxt/8cafc93fb5c74c75e9e04e528e02ccdf.jpg","Konak Gayrimenkul","WhatsApp","","https://www.hepsiemlak.com/_nuxt/8cafc93fb5c74c75e9e04e528e02ccdf.jpg",""
"https://www.hepsiemlak.com/aydin-didim-hisar-kiralik/daire/115151-1011","1 / 9","27.000","09/09/2026","Aydın Didim Efelerde Merkezi Konum Havuzlu Sitede 1+1 Arakat Daire Fırsatı","Kiralık Daire","1 + 1","65 m²","12 Yaşında","·","Kat","2. Kat","Aydın / Didim / Hisar Mah.","https://www.hepsiemlak.com/_nuxt/8cafc93fb5c74c75e9e04e528e02ccdf.jpg","İgs Group","WhatsApp","","https://www.hepsiemlak.com/_nuxt/8cafc93fb5c74c75e9e04e528e02ccdf.jpg",""
"https://www.hepsiemlak.com/aydin-efeler-mesudiye-kiralik/daire/79589-1496","1 / 17","22.500","08/09/2026","Aydın, Efeler, Batı Gazi Bulvarında Kiralık 1+1 Eşyalı Daire","Kiralık Daire","1 + 1","55 m²","11 Yaşında","·","Kat","2. Kat","Aydın / Efeler / Mesudiye Mah.","https://www.hepsiemlak.com/_nuxt/8cafc93fb5c74c75e9e04e528e02ccdf.jpg","Ege Ayyıldız Gayrimenkul","WhatsApp","","https://www.hepsiemlak.com/_nuxt/8cafc93fb5c74c75e9e04e528e02ccdf.jpg",""
"https://www.hepsiemlak.com/aydin-kusadasi-davutlar-kiralik/daire/112706-9131","1 / 24","27.000","22/08/2026","Kuşadası Davutlar'da Eşyalı Kiralık 2+1 Daire","Kiralık Daire","2 + 1","85 m²","6 Yaşında","·","Kat","2. Kat","Aydın / Kuşadası / Davutlar Mah.","https://www.hepsiemlak.com/_nuxt/8cafc93fb5c74c75e9e04e528e02ccdf.jpg","Kw Alesta-viya-orsa 2","WhatsApp","","https://www.hepsiemlak.com/_nuxt/8cafc93fb5c74c75e9e04e528e02ccdf.jpg",""
"https://www.hepsiemlak.com/aydin-kusadasi-kadinlar-denizi-kiralik/villa/51582-2708","1 / 24","50.000","27/08/2026","Havuzlu Sitede Doğalgazlı Yeni Villa","Kiralık Villa","3 + 1","120 m²","Sıfır Bina","·","Kat","","Aydın / Kuşadası / Kadınlar Denizi Mah.","https://www.hepsiemlak.com/_nuxt/8cafc93fb5c74c75e9e04e528e02ccdf.jpg","Yakamoz Emlak","WhatsApp","","https://www.hepsiemlak.com/_nuxt/8cafc93fb5c74c75e9e04e528e02ccdf.jpg",""
"https://www.hepsiemlak.com/aydin-kusadasi-hacifeyzullah-kiralik/daire/162753-18","1 / 10","38.000","07/09/2026","Kuşadası Greenport'ta Kiralık","Kiralık Daire","2 + 1","90 m²","2 Yaşında","·","Kat","Bahçe Katı","Aydın / Kuşadası / Hacıfeyzullah Mah.","https://www.hepsiemlak.com/_nuxt/8cafc93fb5c74c75e9e04e528e02ccdf.jpg","Egem Gayrimenkul Ve Emlak Danışmanlığı","WhatsApp","Sinan
                  Seven","","https://www.hepsiemlak.com/_nuxt/8cafc93fb5c74c75e9e04e528e02ccdf.jpg"
"https://www.hepsiemlak.com/aydin-efeler-zeybek-kiralik/daire/128279-499","1 / 23","26.500","27/08/2026","Aydın Efeler Zeybek Mahallesinde Kiralık 1+1 Daire","Kiralık Daire","1 + 1","75 m²","6 Yaşında","·","Kat","2. Kat","Aydın / Efeler / Zeybek Mah.","https://www.hepsiemlak.com/_nuxt/8cafc93fb5c74c75e9e04e528e02ccdf.jpg","As Gayrimenkul","WhatsApp","Seda
                  Gencel","https://www.hepsiemlak.com/_nuxt/8cafc93fb5c74c75e9e04e528e02ccdf.jpg","https://www.hepsiemlak.com/_nuxt/8cafc93fb5c74c75e9e04e528e02ccdf.jpg"
"https://www.hepsiemlak.com/aydin-kusadasi-kadinlar-denizi-kiralik/daire/104189-3991","1 / 23","35.000","03/09/2026","Kuşadası Kadınlar Denizi Mevkinde Kiralık Eşyalı 1+1 Daire","Kiralık Daire","1 + 1","50 m²","40 Yaşında","·","Kat","En Üst Kat","Aydın / Kuşadası / Kadınlar Denizi Mah.","https://www.hepsiemlak.com/_nuxt/8cafc93fb5c74c75e9e04e528e02ccdf.jpg","Egemen Gayrimenkul Kuşadası","WhatsApp","Melin
                  Babaöz","https://www.hepsiemlak.com/_nuxt/8cafc93fb5c74c75e9e04e528e02ccdf.jpg","https://www.hepsiemlak.com/_nuxt/8cafc93fb5c74c75e9e04e528e02ccdf.jpg"
"https://www.hepsiemlak.com/aydin-efeler-cumhuriyet-kiralik/daire/19625-6355","1 / 7","11.000","10/09/2026","Ege Emlak'tan Cumhuriyet Mah 3+1 120m2 Köşe Cadde Üzeri Daire","Kiralık Daire","3 + 1","120 m²","29 Yaşında","·","Kat","5. Kat","Aydın / Efeler / Cumhuriyet Mah.","https://www.hepsiemlak.com/_nuxt/8cafc93fb5c74c75e9e04e528e02ccdf.jpg","Ege Emlak","WhatsApp","","https://www.hepsiemlak.com/_nuxt/8cafc93fb5c74c75e9e04e528e02ccdf.jpg",""
"https://www.hepsiemlak.com/aydin-efeler-girne-kiralik/daire/123511-891","1 / 21","4.750.000","18/08/2026","Efeler Girne'de Sıfır Lüks 2+1 Ara Kat Kaçırılmayacak Daire","Kiralık Daire","2 + 1","80 m²","Sıfır Bina","·","Kat","1. Kat","Aydın / Efeler / Girne Mah.","https://www.hepsiemlak.com/_nuxt/8cafc93fb5c74c75e9e04e528e02ccdf.jpg","Premar Class","WhatsApp","","https://www.hepsiemlak.com/_nuxt/8cafc93fb5c74c75e9e04e528e02ccdf.jpg",""
"https://www.hepsiemlak.com/aydin-efeler-hasanefendi-ramazan-pasa-kiralik/daire/71291-2968","1 / 5","25.000","07/09/2026","Gaziemlak Tan Hasan Efendi  Mah Asansörlü Dogalgazli Köşe 3+1 140 M2 Daire Kiralıktır","Kiralık Daire","3 + 1","150 m²","28 Yaşında","·","Kat","5. Kat","Aydın / Efeler / Hasanefendi - Ramazan Paşa Mah.","https://www.hepsiemlak.com/_nuxt/8cafc93fb5c74c75e9e04e528e02ccdf.jpg","Gazi Emlak","WhatsApp","İrfan
                  Gümüş","https://www.hepsiemlak.com/_nuxt/8cafc93fb5c74c75e9e04e528e02ccdf.jpg","https://www.hepsiemlak.com/_nuxt/8cafc93fb5c74c75e9e04e528e02ccdf.jpg"
"https://www.hepsiemlak.com/aydin-efeler-orta-kiralik/daire/40599-4566","1 / 24","17.000","08/09/2026","Hb'den 1+1 Eşyalı Kiralık Daire,Orta Mah' De Doğu Gazi'ye Yakın","Kiralık Daire","1 + 1","55 m²","9 Yaşında","·","Kat","1. Kat","Aydın / Efeler / Orta Mah.","https://www.hepsiemlak.com/_nuxt/8cafc93fb5c74c75e9e04e528e02ccdf.jpg","Hb Gayrimenkul","WhatsApp","","https://www.hepsiemlak.com/_nuxt/8cafc93fb5c74c75e9e04e528e02ccdf.jpg",""
"https://www.hepsiemlak.com/aydin-didim-altinkum-kiralik/mustakil-ev/40002-7608","1 / 20","30.000","29/08/2026","Didim Altınkum Mahallesinde Müstakil Dubleks Kiralık 2+1","Kiralık Müstakil Ev","2 + 1","180 m²","37 Yaşında","·","Kat","","Aydın / Didim / Altınkum Mah.","https://www.hepsiemlak.com/_nuxt/8cafc93fb5c74c75e9e04e528e02ccdf.jpg","Remax Deniz","WhatsApp","","https://www.hepsiemlak.com/_nuxt/8cafc93fb5c74c75e9e04e528e02ccdf.jpg",""
"https://www.hepsiemlak.com/aydin-kusadasi-degirmendere-kiralik/daire/148837-1957","1 / 31","35.000","08/09/2026","Deniz Manzaralı 1+1 Eşyalı Kiralık Daire","Kiralık Daire","1 + 1","70 m²","8 Yaşında","·","Kat","Ara Kat","Aydın / Kuşadası / Değirmendere Mah.","https://www.hepsiemlak.com/_nuxt/8cafc93fb5c74c75e9e04e528e02ccdf.jpg","Remax Pasha 1","WhatsApp","","https://www.hepsiemlak.com/_nuxt/8cafc93fb5c74c75e9e04e528e02ccdf.jpg",""
"https://www.hepsiemlak.com/aydin-didim-akbuk-kiralik/villa/160789-137","1 / 22","32.000","03/09/2026","Didim Akbük Merkez'de Deniz Ve Doğa Manzaralı 2+1 İkiz Ev","Kiralık Villa","2 + 1","90 m²","11 Yaşında","·","Kat","","Aydın / Didim / Akbük Mah.","https://hecdnnw.hemlak.com/mncropresize/77/67/logo/9/8/7/0/6/1/61e5662e-8e1c-4ae4-8e2f-72442739aa83.jpg","Re/max Ayaz","WhatsApp","","",""
"https://www.hepsiemlak.com/aydin-nazilli-isabeyli-kiralik/daire/137179-588","1 / 35","11.000","01/09/2026","Miray Emlaktan İsabeyli Mahallesinde Kiralık 1+1 Daire","Kiralık Daire","1 + 1","70 m²","5 Yaşında","·","Kat","2. Kat","Aydın / Nazilli / İsabeyli Mah.","","","WhatsApp","","",""
"https://www.hepsiemlak.com/aydin-kusadasi-kadinlar-denizi-kiralik/daire/144462-382","1 / 15","27.000","02/09/2026","Kuşadası Kadınlar Denizi'nde Havuzlu St 2+1 Eşyalı Kiralık Daire","Kiralık Daire","2 + 1","100 m²","26 Yaşında","·","Kat","4. Kat","Aydın / Kuşadası / Kadınlar Denizi Mah.","https://hecdnnw.hemlak.com/mncropresize/77/67/logo/2/6/4/4/4/1/8a63bce3-99e4-45c2-993d-c738007eb9dc.jpg","Deniz Ada Gayrimenkul","WhatsApp","","",""
"https://www.hepsiemlak.com/aydin-efeler-girne-kiralik/daire/140458-53","1 / 60","29.500","10/09/2026","Aydın Efeler Girne Mahallesinde Kiralık Eşyalı 1+1 Daire","Kiralık Daire","1 + 1","65 m²","6 Yaşında","·","Kat","1. Kat","Aydın / Efeler / Girne Mah.","https://hecdn01.hemlak.com/mncropresize/182/137/ds01/1/0/6/8/0/2/7/4/1787945149131-47208601.jpg","Umut Emlak","WhatsApp","Nazmi
                  Cimcir","","https://hecdnnw.hemlak.com/mncropresize/77/67/firmuser/1/7/2/8/3/9/3/de481805-653d-4757-9bee-3392948ceb0d.jpg"
"https://www.hepsiemlak.com/aydin-efeler-mimar-sinan-kiralik/daire/68088-1435","1 / 48","30.000","03/09/2026","Mimar Sinan Mahallesinde Site İçerisinde Kiralık 3+1 Daire","Kiralık Daire","3 + 1","160 m²","21 Yaşında","·","Kat","6. Kat","Aydın / Efeler / Mimar Sinan Mah.","https://www.hepsiemlak.com/_nuxt/8cafc93fb5c74c75e9e04e528e02ccdf.jpg","Realty World Alyans Gayrimenkul","WhatsApp","","https://www.hepsiemlak.com/_nuxt/8cafc93fb5c74c75e9e04e528e02ccdf.jpg",""
"https://www.hepsiemlak.com/aydin-kusadasi-hacifeyzullah-kiralik/daire/143901-350","1 / 27","45.000","26/08/2026","Kuşadası Kadınlar Denizi Bölgesinde Lux 3+1 Kiralık Daire","Kiralık Daire","3 + 1","115 m²","3 Yaşında","·","Kat","3. Kat","Aydın / Kuşadası / Hacıfeyzullah Mah.","https://www.hepsiemlak.com/_nuxt/8cafc93fb5c74c75e9e04e528e02ccdf.jpg","Network Ada Plus Gayrimenkul","WhatsApp","","https://www.hepsiemlak.com/_nuxt/8cafc93fb5c74c75e9e04e528e02ccdf.jpg",""
"https://www.hepsiemlak.com/aydin-kusadasi-kadinlar-denizi-kiralik/daire/104606-1538","1 / 49","47.000","25/08/2026","Kuşadası Kadınlar Denizinde Lüks Eşyalı Kiralık 1+1 Daire","Kiralık Daire","1 + 1","81 m²","4 Yaşında","·","Kat","Bahçe Katı","Aydın / Kuşadası / Kadınlar Denizi Mah.","https://www.hepsiemlak.com/_nuxt/8cafc93fb5c74c75e9e04e528e02ccdf.jpg","Coldwell Banker Ada","WhatsApp","","https://www.hepsiemlak.com/_nuxt/8cafc93fb5c74c75e9e04e528e02ccdf.jpg",""
"https://www.hepsiemlak.com/aydin-kusadasi-degirmendere-kiralik/daire/163665-25","1 / 28","28.000","06/09/2026","Kuşadası Havuzlu Sitede Fırsat Kiralık Eşyasız 2+1 Daire","Kiralık Daire","2 + 1","80 m²","5 Yaşında","·","Kat","3. Kat","Aydın / Kuşadası / Değirmendere Mah.","https://www.hepsiemlak.com/_nuxt/8cafc93fb5c74c75e9e04e528e02ccdf.jpg","","WhatsApp","","",""
"https://www.hepsiemlak.com/aydin-cine-hamitabat-kiralik/daire/170303-22","1 / 19","18.000","20/08/2026","Fer Group'tan Marsiyas Rezidans'ta Havuz Önü Lüks 2+1 Kiralık Daire","Kiralık Daire","2 + 1","85 m²","6 Yaşında","·","Kat","Bahçe Katı","Aydın / Çine / Hamitabat Mah.","https://www.hepsiemlak.com/_nuxt/8cafc93fb5c74c75e9e04e528e02ccdf.jpg","","WhatsApp","","",""
"https://www.hepsiemlak.com/aydin-efeler-yedi-eylul-kiralik/daire/143947-169","1 / 30","25.000","28/08/2026","Express Gayr.Den Yedieylül Mh.De 3+1 Kiralık Daire","Kiralık Daire","3 + 1","150 m²","30 Yaşında","·","Kat","5. Kat","Aydın / Efeler / Yedi Eylül Mah.","https://www.hepsiemlak.com/_nuxt/8cafc93fb5c74c75e9e04e528e02ccdf.jpg","Express Gayrimenkul","WhatsApp","Ümran
                  Ünal Tümtürk","","https://www.hepsiemlak.com/_nuxt/8cafc93fb5c74c75e9e04e528e02ccdf.jpg"
"https://www.hepsiemlak.com/aydin-kusadasi-ikicesmelik-kiralik/daire/139521-157","1 / 20","21.000","10/09/2026","Merkez Yakını-Çok Ucuz-1+1 Kiralık Boş Daire-Kuşadası","Kiralık Daire","1 + 1","65 m²","3 Yaşında","·","Kat","4. Kat","Aydın / Kuşadası / İkiçeşmelik Mah.","https://www.hepsiemlak.com/_nuxt/8cafc93fb5c74c75e9e04e528e02ccdf.jpg","7 İnvest 7","WhatsApp","","https://www.hepsiemlak.com/_nuxt/8cafc93fb5c74c75e9e04e528e02ccdf.jpg",""
"https://www.hepsiemlak.com/aydin-efeler-kardeskoy-kiralik/villa/153824-379","1 / 35","125.000","18/08/2026","Kardeşköy'de Tam Müstakil, Bahçeli, Havuzlu, İki Otoparklı Villa","Kiralık Villa","4 + 1","402 m²","2 Yaşında","·","Kat","Bahçe Katı","Aydın / Efeler / Kardeşköy Mah.","https://www.hepsiemlak.com/_nuxt/8cafc93fb5c74c75e9e04e528e02ccdf.jpg","Altındiş Gayrimenkul Yatırım","WhatsApp","Hüsnü
                  Altındiş","https://www.hepsiemlak.com/_nuxt/8cafc93fb5c74c75e9e04e528e02ccdf.jpg","https://www.hepsiemlak.com/_nuxt/8cafc93fb5c74c75e9e04e528e02ccdf.jpg"
"https://www.hepsiemlak.com/aydin-efeler-adnan-menderes-kiralik/residence/106586-175","1 / 35","78.000","04/09/2026","Egeli Group/alinda Gold Residence'de Kiralık 4+1 Ultra Lüx 700m2","Kiralık Residence","4 + 1","700 m²","6 Yaşında","·","Kat","1. Kat","Aydın / Efeler / Adnan Menderes Mah.","https://www.hepsiemlak.com/_nuxt/8cafc93fb5c74c75e9e04e528e02ccdf.jpg","Egeli Group Gayrimenkul","WhatsApp","Fatih
                  Erönemi","https://www.hepsiemlak.com/_nuxt/8cafc93fb5c74c75e9e04e528e02ccdf.jpg","https://www.hepsiemlak.com/_nuxt/8cafc93fb5c74c75e9e04e528e02ccdf.jpg"
"https://www.hepsiemlak.com/aydin-kusadasi-ikicesmelik-kiralik/daire/78233-6035","1 / 57","40.000","12/08/2026","Şehrın Merkezınde Guvenlıklı -Havuzlu Sıte Icerısınde Full Esyalı Kıralık Bahçe Katı Daire","Kiralık Daire","2 + 1","75 m²","12 Yaşında","·","Kat","Bahçe Katı","Aydın / Kuşadası / İkiçeşmelik Mah.","https://www.hepsiemlak.com/_nuxt/8cafc93fb5c74c75e9e04e528e02ccdf.jpg","A_class Gayrimenkul&inşaat","WhatsApp","","https://www.hepsiemlak.com/_nuxt/8cafc93fb5c74c75e9e04e528e02ccdf.jpg",""
"https://www.hepsiemlak.com/aydin-efeler-guzelhisar-kiralik/daire/74626-200","1 / 28","28.000","02/09/2026","Aydın Efeler Güzelhisar Mah. Yedieylül Cad. Üzeri 6 Yıllık Ara Kat Kiralıktır.","Kiralık Daire","3 + 1","105 m²","6 Yaşında","·","Kat","1. Kat","Aydın / Efeler / Güzelhisar Mah.","https://www.hepsiemlak.com/_nuxt/8cafc93fb5c74c75e9e04e528e02ccdf.jpg","İmamoğlu Emlak Ofisi","WhatsApp","Levent
                  Balı","https://www.hepsiemlak.com/_nuxt/8cafc93fb5c74c75e9e04e528e02ccdf.jpg","https://www.hepsiemlak.com/_nuxt/8cafc93fb5c74c75e9e04e528e02ccdf.jpg"
"https://www.hepsiemlak.com/aydin-nazilli-zafer-kiralik/daire/101059-604","1 / 37","28.000","04/09/2026","Zafer Mah.'de Site İçinde Zemin Kat 3+1 Kiralık Daire","Kiralık Daire","3 + 1","155 m²","7 Yaşında","·","Kat","Zemin","Aydın / Nazilli / Zafer Mah.","https://www.hepsiemlak.com/_nuxt/8cafc93fb5c74c75e9e04e528e02ccdf.jpg","Emlak Vadisi","WhatsApp","","https://www.hepsiemlak.com/_nuxt/8cafc93fb5c74c75e9e04e528e02ccdf.jpg",""
"https://www.hepsiemlak.com/aydin-didim-camlik-kiralik/daire/131853-783","1 / 15","30.000","07/09/2026","Altınkumda Havuzlu 2+1  30.000 Tl","Kiralık Daire","2 + 0","94 m²","13 Yaşında","·","Kat","Yüksek Giriş","Aydın / Didim / Çamlık Mah.","https://www.hepsiemlak.com/_nuxt/8cafc93fb5c74c75e9e04e528e02ccdf.jpg","Narin İnşaat Emlak","WhatsApp","","https://www.hepsiemlak.com/_nuxt/8cafc93fb5c74c75e9e04e528e02ccdf.jpg",""
"https://www.hepsiemlak.com/aydin-kusadasi-bayraklidede-kiralik/daire/76787-1921","1 / 37","27.000","25/08/2026","Kuşadası Kuştur Plajına Ve Devlet Hastanesine Yakın Kiralık Daire","Kiralık Daire","1 + 1","55 m²","1 Yaşında","·","Kat","2. Kat","Aydın / Kuşadası / Bayraklıdede Mah.","https://www.hepsiemlak.com/_nuxt/8cafc93fb5c74c75e9e04e528e02ccdf.jpg","Jupiter Gayrimenkul","WhatsApp","","https://www.hepsiemlak.com/_nuxt/8cafc93fb5c74c75e9e04e528e02ccdf.jpg",""
"https://www.hepsiemlak.com/aydin-soke-celtikci-kiralik/daire/128843-395","1 / 19","25.000","02/09/2026","Çeltikçi Mahallesinde 2+1 Doğalgazlı Daire Kiralıktır.","Kiralık Daire","2 + 1","110 m²","30 Yaşında","·","Kat","3. Kat","Aydın / Söke / Çeltikçi Mah.","https://www.hepsiemlak.com/_nuxt/8cafc93fb5c74c75e9e04e528e02ccdf.jpg","Akay Gayrimenkul","WhatsApp","","https://www.hepsiemlak.com/_nuxt/8cafc93fb5c74c75e9e04e528e02ccdf.jpg",""
"https://www.hepsiemlak.com/aydin-kusadasi-degirmendere-kiralik/daire/122059-1059","1 / 19","32.500","07/09/2026","Kuşadasında Sıfır Eşyalı Kiralık 1+1 Ortak Havuzlu Site İçinde","Kiralık Daire","1 + 1","52 m²","5 Yaşında","·","Kat","3. Kat","Aydın / Kuşadası / Değirmendere Mah.","https://www.hepsiemlak.com/_nuxt/8cafc93fb5c74c75e9e04e528e02ccdf.jpg","Prime Gayrimenkul Yatırım","WhatsApp","","https://www.hepsiemlak.com/_nuxt/8cafc93fb5c74c75e9e04e528e02ccdf.jpg",""
"https://www.hepsiemlak.com/aydin-efeler-cumhuriyet-kiralik/daire/141451-291","1 / 29","27.000","08/09/2026","Remax Pin'den Aydında Merkezi Konumda Eşyalı 3+1 Kiralık Daire","Kiralık Daire","3 + 1","130 m²","31 Yaşında","·","Kat","5. Kat","Aydın / Efeler / Cumhuriyet Mah.","https://www.hepsiemlak.com/_nuxt/8cafc93fb5c74c75e9e04e528e02ccdf.jpg","Remax Pin","WhatsApp","Emre
                  Özkaya","https://www.hepsiemlak.com/_nuxt/8cafc93fb5c74c75e9e04e528e02ccdf.jpg","https://www.hepsiemlak.com/_nuxt/8cafc93fb5c74c75e9e04e528e02ccdf.jpg"
"https://www.hepsiemlak.com/aydin-efeler-zafer-kiralik/daire/98556-388","1 / 18","25.000","12/08/2026","Zafer Mah. Pınarbaşı Cad. Eşyalı Kiralık 1+1 Klimalı Doğalgazlı","Kiralık Daire","1 + 1","65 m²","1 Yaşında","·","Kat","2. Kat","Aydın / Efeler / Zafer Mah.","https://www.hepsiemlak.com/_nuxt/8cafc93fb5c74c75e9e04e528e02ccdf.jpg","Elit Emlak Recep Şekerci","WhatsApp","","https://www.hepsiemlak.com/_nuxt/8cafc93fb5c74c75e9e04e528e02ccdf.jpg",""
"https://www.hepsiemlak.com/aydin-soke-yenikent-kiralik/daire/117333-840","1 / 25","27.000","18/08/2026","Söke Yenikent'te Çift Havuzlu Sitede Kiralık Sıfır 2+1 Daire","Kiralık Daire","2 + 1","74 m²","Sıfır Bina","·","Kat","1. Kat","Aydın / Söke / Yenikent Mah.","https://www.hepsiemlak.com/_nuxt/8cafc93fb5c74c75e9e04e528e02ccdf.jpg","Realty World Priene Gayrimenkul","WhatsApp","","https://www.hepsiemlak.com/_nuxt/8cafc93fb5c74c75e9e04e528e02ccdf.jpg",""
"https://www.hepsiemlak.com/aydin-nazilli-capahasan-kiralik/daire/46102-212","1 / 25","13.000","08/09/2026","Nazilli Ege Emlak Ofisinden Çapahasan Mah.1+1, Klimalı, Eşyalı Kiralık Daire","Kiralık Daire","1 + 1","80 m²","6 Yaşında","·","Kat","2. Kat","Aydın / Nazilli / Çapahasan Mah.","https://www.hepsiemlak.com/_nuxt/8cafc93fb5c74c75e9e04e528e02ccdf.jpg","Ege Emlak Ofisi","WhatsApp","Süleyman
                  Doğan","","https://www.hepsiemlak.com/_nuxt/8cafc93fb5c74c75e9e04e528e02ccdf.jpg"
"https://www.hepsiemlak.com/aydin-kusadasi-hacifeyzullah-kiralik/daire/13411-835","1 / 24","35.000","03/09/2026","Şehir Merkezinde Eşyalı Kiralık 3+1 Daire","Kiralık Daire","3 + 1","154 m²","14 Yaşında","·","Kat","Ara Kat","Aydın / Kuşadası / Hacıfeyzullah Mah.","https://hecdnnw.hemlak.com/mncropresize/77/67/logo/1/1/4/3/1/0/14c9b4c9-4d2b-45a2-9675-c8e65a28ec2e.jpg","Çisem Emlak","WhatsApp","","",""
"https://www.hepsiemlak.com/aydin-efeler-zafer-kiralik/daire/64143-2870","1 / 28","18.500","04/09/2026","Aydın Kiralık Zafer Meydanında Doğalgazlı Klimalı Eşyalı 1+1","Kiralık Daire","1 + 1","55 m²","6 Yaşında","·","Kat","1. Kat","Aydın / Efeler / Zafer Mah.","https://hecdnnw.hemlak.com/mncropresize/77/67/logo/3/4/1/4/6/0/15e0e5c5-5e5e-4f70-a90e-7bafb07f249e.jpg","Alp Gayrimenkul","WhatsApp","Fevzi
                  Köse","https://hecdnnw.hemlak.com/mncropresize/77/67/firmuser/2/1/9/7/5/1/1/4eca8949-0d50-40ac-ae6f-f3f7ea4fb183.png",""
"https://www.hepsiemlak.com/aydin-kusadasi-dag-kiralik/daire/51582-2730","1 / 23","50.000","27/08/2026","Merkezde Sahile 100 Metre Full Manzaralı Çatı Dubleks","Kiralık Daire","3 + 1","230 m²","14 Yaşında","·","Kat","5. Kat","Aydın / Kuşadası / Dağ Mah.","https://hecdnnw.hemlak.com/mncropresize/77/67/logo/2/8/5/1/5/0/5538b84c-302c-4e0b-825a-7ac4f4099ce9.jpg","Yakamoz Emlak","WhatsApp","","",""
"https://www.hepsiemlak.com/aydin-didim-hisar-kiralik/daire/26182-3281","1 / 19","27.000","01/09/2026","Didim’de Havuzlu Site İçerisinde Kiralık 2+1","Kiralık Daire","2 + 1","90 m²","13 Yaşında","·","Kat","Ara Kat","Aydın / Didim / Hisar Mah.","https://hecdn01.hemlak.com/mncropresize/182/137/ds01/4/3/1/1/0/2/7/4/cb90c418-509d-4e98-912f-6ed3aaf7152e.jpg","Ege Emlak","WhatsApp","Cumhur
                  Karakaşoğlu","https://hecdnnw.hemlak.com/mncropresize/77/67/logo/2/8/1/6/2/0/189c8763-027d-4129-9c43-432e0d5cb420.jpg","https://hecdnnw.hemlak.com/mncropresize/77/67/firmuser/2/8/1/6/2/0/c7587fce-34c2-47dc-8460-7eb34817c59f.jpg"
"https://www.hepsiemlak.com/aydin-kusadasi-degirmendere-kiralik/villa/112706-9148","1 / 22","65.000","03/09/2026","Kuşadası Değirmendere'de Özel Havuzlu 3+1 Kiralık Villa","Kiralık Villa","3 + 1","125 m²","6 Yaşında","·","Kat","","Aydın / Kuşadası / Değirmendere Mah.","https://www.hepsiemlak.com/_nuxt/8cafc93fb5c74c75e9e04e528e02ccdf.jpg","Kw Alesta-viya-orsa 2","WhatsApp","","https://www.hepsiemlak.com/_nuxt/8cafc93fb5c74c75e9e04e528e02ccdf.jpg",""
"https://www.hepsiemlak.com/aydin-efeler-cuma-kiralik/daire/79589-1433","1 / 14","15.500","08/09/2026","Aydın'ın Tam Merkezinde Kiralık Geniş 2+1","Kiralık Daire","2 + 1","110 m²","31 Yaşında","·","Kat","3. Kat","Aydın / Efeler / Cuma Mah.","https://www.hepsiemlak.com/_nuxt/8cafc93fb5c74c75e9e04e528e02ccdf.jpg","Ege Ayyıldız Gayrimenkul","WhatsApp","","https://www.hepsiemlak.com/_nuxt/8cafc93fb5c74c75e9e04e528e02ccdf.jpg",""
"https://www.hepsiemlak.com/aydin-kusadasi-hacifeyzullah-kiralik/daire/129223-217","1 / 21","36.000","09/09/2026","Kuşadası Merkezde Kiralık Doğalgazlı 3+1 Eşyasız Daire","Kiralık Daire","3 + 1","120 m²","21 Yaşında","·","Kat","3. Kat","Aydın / Kuşadası / Hacıfeyzullah Mah.","https://www.hepsiemlak.com/_nuxt/8cafc93fb5c74c75e9e04e528e02ccdf.jpg","K2 Gayrimenkul","WhatsApp","Kamil
                  Kaymaz","","https://www.hepsiemlak.com/_nuxt/8cafc93fb5c74c75e9e04e528e02ccdf.jpg"
"https://www.hepsiemlak.com/aydin-efeler-mesrutiyet-kiralik/daire/124333-446","1 / 21","30.000","26/08/2026","Aygün Emlak Tan Kiralık  Eşyalı","Kiralık Daire","2 + 1","115 m²","14 Yaşında","·","Kat","4. Kat","Aydın / Efeler / Meşrutiyet Mah.","https://www.hepsiemlak.com/_nuxt/8cafc93fb5c74c75e9e04e528e02ccdf.jpg","Aygün Emlak","WhatsApp","","https://www.hepsiemlak.com/_nuxt/8cafc93fb5c74c75e9e04e528e02ccdf.jpg",""
"https://www.hepsiemlak.com/aydin-kusadasi-kadinlar-denizi-kiralik/daire/171320-21","1 / 12","44.000","25/08/2026","Plaja 2 Dk Mesafede Sıfır Daire","Kiralık Daire","1 + 1","75 m²","Sıfır Bina","·","Kat","2. Kat","Aydın / Kuşadası / Kadınlar Denizi Mah.","https://www.hepsiemlak.com/_nuxt/8cafc93fb5c74c75e9e04e528e02ccdf.jpg","Firiks Gayrimenkul","WhatsApp","","https://www.hepsiemlak.com/_nuxt/8cafc93fb5c74c75e9e04e528e02ccdf.jpg",""
"https://www.hepsiemlak.com/aydin-didim-efeler-kiralik/daire/70698-1850","1 / 28","25.000","25/08/2026","Didim Kiralık 1+1 Ayrı Mutfak Ebeveyn Banyolu Ful Eşyalı Daire","Kiralık Daire","1 + 1","85 m²","6 Yaşında","·","Kat","Yüksek Giriş","Aydın / Didim / Efeler Mah.","https://www.hepsiemlak.com/_nuxt/8cafc93fb5c74c75e9e04e528e02ccdf.jpg","Şdm Emlak Tadilat İnş.","WhatsApp","","https://www.hepsiemlak.com/_nuxt/8cafc93fb5c74c75e9e04e528e02ccdf.jpg",""
"https://www.hepsiemlak.com/aydin-kusadasi-guzelcamli-kiralik/daire/153691-59","1 / 12","30.000","24/08/2026","Full Deniz Manzaralı 3+1 Eşyalı Bakımlı Daire","Kiralık Daire","3 + 1","130 m²","16 Yaşında","·","Kat","3. Kat","Aydın / Kuşadası / Güzelçamlı Mah.","https://www.hepsiemlak.com/_nuxt/8cafc93fb5c74c75e9e04e528e02ccdf.jpg","Öztürk Yapı Emlak","WhatsApp","","https://www.hepsiemlak.com/_nuxt/8cafc93fb5c74c75e9e04e528e02ccdf.jpg",""
"https://www.hepsiemlak.com/aydin-nazilli-yesil-kiralik/daire/113600-531","1 / 24","26.000","22/08/2026","Alfa Emlak’dan Yeşil Mahallede De Kiralık Daire Hastaneye Yakın","Kiralık Daire","3 + 1","150 m²","10 Yaşında","·","Kat","2. Kat","Aydın / Nazilli / Yeşil Mah.","https://www.hepsiemlak.com/_nuxt/8cafc93fb5c74c75e9e04e528e02ccdf.jpg","Alfa Emlak","WhatsApp","Ali
                  Çam","","https://www.hepsiemlak.com/_nuxt/8cafc93fb5c74c75e9e04e528e02ccdf.jpg"
"https://www.hepsiemlak.com/aydin-nazilli-isabeyli-kiralik/daire/123971-1142","1 / 20","12.500","20/08/2026","Aydın Nazilli İsabeyli Mahallesinde Kiralık 1+1 Eşyalı Daire","Kiralık Daire","1 + 1","55 m²","9 Yaşında","·","Kat","1. Kat","Aydın / Nazilli / İsabeyli Mah.","https://www.hepsiemlak.com/_nuxt/8cafc93fb5c74c75e9e04e528e02ccdf.jpg","Parador Gayrimenkul","WhatsApp","Selin
                  Girgin","https://www.hepsiemlak.com/_nuxt/8cafc93fb5c74c75e9e04e528e02ccdf.jpg","https://www.hepsiemlak.com/_nuxt/8cafc93fb5c74c75e9e04e528e02ccdf.jpg"
"https://www.hepsiemlak.com/aydin-efeler-efeler-kiralik/daire/124098-221","1 / 52","45.000","28/08/2026","Aydın Efeler Mah 3+1 Full Eşyalı Site İçerisinde Kiralık","Kiralık Daire","3 + 1","140 m²","6 Yaşında","·","Kat","3. Kat","Aydın / Efeler / Efeler Mah.","https://www.hepsiemlak.com/_nuxt/8cafc93fb5c74c75e9e04e528e02ccdf.jpg","Kaçmaz Emlak","WhatsApp","","https://www.hepsiemlak.com/_nuxt/8cafc93fb5c74c75e9e04e528e02ccdf.jpg",""
"https://www.hepsiemlak.com/aydin-kusadasi-degirmendere-kiralik/daire/148837-1932","1 / 17","35.000","28/08/2026","Değirmendere Sea Vıen Residence Kiralık 3+1 Daire","Kiralık Daire","3 + 1","120 m²","7 Yaşında","·","Kat","1. Kat","Aydın / Kuşadası / Değirmendere Mah.","https://www.hepsiemlak.com/_nuxt/8cafc93fb5c74c75e9e04e528e02ccdf.jpg","Remax Pasha 1","WhatsApp","","https://www.hepsiemlak.com/_nuxt/8cafc93fb5c74c75e9e04e528e02ccdf.jpg",""
"https://www.hepsiemlak.com/aydin-kusadasi-kadinlar-denizi-kiralik/mustakil-ev/97893-602","1 / 31","26.000","10/09/2026","Acıklama İlanda Eşyalı Kiralık","Kiralık Müstakil Ev","2 + 1","90 m²","16 Yaşında","","","","Aydın / Kuşadası / Kadınlar Denizi Mah.","https://www.hepsiemlak.com/_nuxt/8cafc93fb5c74c75e9e04e528e02ccdf.jpg","Ada Avşar Gayrimenkul Danışmanlığı","WhatsApp","","https://www.hepsiemlak.com/_nuxt/8cafc93fb5c74c75e9e04e528e02ccdf.jpg",""
"https://www.hepsiemlak.com/aydin-efeler-ata-kiralik/daire/68088-1434","1 / 33","32.000","25/08/2026","Rw Alyanstan Ebeveyn Banyolu Çift Klimalı Çift Balkonlu 2+1","Kiralık Daire","2 + 1","105 m²","5 Yaşında","·","Kat","1. Kat","Aydın / Efeler / Ata Mah.","https://www.hepsiemlak.com/_nuxt/8cafc93fb5c74c75e9e04e528e02ccdf.jpg","Realty World Alyans Gayrimenkul","WhatsApp","","https://www.hepsiemlak.com/_nuxt/8cafc93fb5c74c75e9e04e528e02ccdf.jpg",""
"https://www.hepsiemlak.com/aydin-kusadasi-davutlar-kiralik/daire/135728-1204","1 / 20","22.000","24/08/2026","Kuşadası Davutlar Merkezde 2+1 Geniş Kiralık Daire","Kiralık Daire","2 + 1","90 m²","3 Yaşında","·","Kat","4. Kat","Aydın / Kuşadası / Davutlar Mah.","https://www.hepsiemlak.com/_nuxt/8cafc93fb5c74c75e9e04e528e02ccdf.jpg","Elit Ada Gayrimenkul","WhatsApp","Umut
                  Hülakü","https://www.hepsiemlak.com/_nuxt/8cafc93fb5c74c75e9e04e528e02ccdf.jpg","https://www.hepsiemlak.com/_nuxt/8cafc93fb5c74c75e9e04e528e02ccdf.jpg"
"https://www.hepsiemlak.com/aydin-kusadasi-hacifeyzullah-kiralik/daire/104606-1537","1 / 40","40.000","31/08/2026","Kuşadası Merkez'de Kiralık 2+1daire","Kiralık Daire","2 + 1","90 m²","Sıfır Bina","·","Kat","Bahçe Katı","Aydın / Kuşadası / Hacıfeyzullah Mah.","https://www.hepsiemlak.com/_nuxt/8cafc93fb5c74c75e9e04e528e02ccdf.jpg","Coldwell Banker Ada","WhatsApp","","https://www.hepsiemlak.com/_nuxt/8cafc93fb5c74c75e9e04e528e02ccdf.jpg",""
"https://www.hepsiemlak.com/aydin-kusadasi-kadinlar-denizi-kiralik/villa/143901-341","1 / 15","75.000","22/08/2026","Kuşadası Şehir Merkezinde Ticariye Uygun Kiralık 3+1 Villa","Kiralık Villa","3 + 2","400 m²","26 Yaşında","·","Kat","1. Kat","Aydın / Kuşadası / Kadınlar Denizi Mah.","https://www.hepsiemlak.com/_nuxt/8cafc93fb5c74c75e9e04e528e02ccdf.jpg","Network Ada Plus Gayrimenkul","WhatsApp","Barış
                  Şalbaş","https://www.hepsiemlak.com/_nuxt/8cafc93fb5c74c75e9e04e528e02ccdf.jpg","https://www.hepsiemlak.com/_nuxt/8cafc93fb5c74c75e9e04e528e02ccdf.jpg"
"https://www.hepsiemlak.com/aydin-efeler-orta-kiralik/daire/147624-298","1 / 24","18.000","23/08/2026","Üniversite Caddesi 2+1 Asansör-Otopark Eşyasız Ara Kat","Kiralık Daire","2 + 1","75 m²","6 Yaşında","·","Kat","1. Kat","Aydın / Efeler / Orta Mah.","https://www.hepsiemlak.com/_nuxt/8cafc93fb5c74c75e9e04e528e02ccdf.jpg","Eray Gider Gayrimenkul","WhatsApp","Eray
                  Gider","https://www.hepsiemlak.com/_nuxt/8cafc93fb5c74c75e9e04e528e02ccdf.jpg","https://www.hepsiemlak.com/_nuxt/8cafc93fb5c74c75e9e04e528e02ccdf.jpg"
"https://www.hepsiemlak.com/aydin-didim-efeler-kiralik/daire/37124-1159","1 / 35","25.000","05/09/2026","Didim Efeler Mahallesinde Havuzlu Lüks Sitede Yıllık ( Sürekli - Devamlı ) Kiralık Eşyalı 1+1 Daire","Kiralık Daire","1 + 1","50 m²","10 Yaşında","·","Kat","3. Kat","Aydın / Didim / Efeler Mah.","https://www.hepsiemlak.com/_nuxt/8cafc93fb5c74c75e9e04e528e02ccdf.jpg","Apollo Gayrimenkul","WhatsApp","","https://www.hepsiemlak.com/_nuxt/8cafc93fb5c74c75e9e04e528e02ccdf.jpg",""
"https://www.hepsiemlak.com/aydin-incirliova-zafer-kiralik/daire/153824-371","1 / 35","32.000","13/08/2026","İncirliova'da Sıfır 3+1 Doğalgazlı, Kapalı Otoparklı Ara Kat","Kiralık Daire","3 + 1","150 m²","Sıfır Bina","·","Kat","2. Kat","Aydın / İncirliova / Zafer Mah.","https://www.hepsiemlak.com/_nuxt/8cafc93fb5c74c75e9e04e528e02ccdf.jpg","Altındiş Gayrimenkul Yatırım","WhatsApp","Hüsnü
                  Altındiş","https://www.hepsiemlak.com/_nuxt/8cafc93fb5c74c75e9e04e528e02ccdf.jpg","https://www.hepsiemlak.com/_nuxt/8cafc93fb5c74c75e9e04e528e02ccdf.jpg"
"https://www.hepsiemlak.com/aydin-kusadasi-turkmen-kiralik/daire/139521-151","1 / 24","30.000","10/09/2026","Merkezde-Doğalgazlı-Asansörlü-Kameralı-Şifreli Bina Girişi-Denize 50 M. Kuşadası","Kiralık Daire","1 + 1","65 m²","Sıfır Bina","·","Kat","2. Kat","Aydın / Kuşadası / Türkmen Mah.","https://www.hepsiemlak.com/_nuxt/8cafc93fb5c74c75e9e04e528e02ccdf.jpg","7 İnvest 7","WhatsApp","","https://www.hepsiemlak.com/_nuxt/8cafc93fb5c74c75e9e04e528e02ccdf.jpg",""
"https://www.hepsiemlak.com/aydin-efeler-zafer-kiralik/daire/143947-164","1 / 18","16.500","01/09/2026","Express Gayr.Den Zafer Mh.De Eşyalı 1+1 Kiralık Daire","Kiralık Daire","1 + 1","50 m²","6 Yaşında","·","Kat","4. Kat","Aydın / Efeler / Zafer Mah.","","Express Gayrimenkul","WhatsApp","Ümran
                  Ünal Tümtürk","https://hecdnnw.hemlak.com/mncropresize/77/67/firmuser/7/4/8/7/5/0/4/0b70d0d1-400e-43a8-b8f4-eb882c025872.jpg",""
"https://www.hepsiemlak.com/aydin-efeler-yedi-eylul-kiralik/daire/74626-194","1 / 36","27.500","03/09/2026","Aydın Efeler Yedieylül Mahallesinde Kiralık 3+1 Daire","Kiralık Daire","3 + 1","140 m²","28 Yaşında","·","Kat","4. Kat","Aydın / Efeler / Yedi Eylül Mah.","https://hecdnnw.hemlak.com/mncropresize/77/67/logo/6/2/6/4/7/0/daccb998-bdee-45aa-96cb-475f38ff0358.jpg","İmamoğlu Emlak Ofisi","WhatsApp","Levent
                  Balı","https://hecdnnw.hemlak.com/mncropresize/77/67/firmuser/8/0/6/6/2/4/1/57de77a6-e372-4c56-add4-eabc14d60718.jpg",""
"https://www.hepsiemlak.com/aydin-kusadasi-hacifeyzullah-kiralik/daire/163665-20","1 / 17","25.000","05/09/2026","Kuşadası Merkeze Yakın Deniz Manzaralı Kiralık 1+1 Fırsat Daire","Kiralık Daire","1 + 1","50 m²","Sıfır Bina","·","Kat","3. Kat","Aydın / Kuşadası / Hacıfeyzullah Mah.","","","WhatsApp","","",""
"https://www.hepsiemlak.com/aydin-kusadasi-bayraklidede-kiralik/residence/78233-6024","1 / 43","50.000","24/08/2026","Sahıle Yakın-Güvenlık-Havuz-Bahçe-Otopark-Yerden Isıtma Yeni-Ultra Lüx-Full Esyalı Kiralık Daire","Kiralık Residence","2 + 1","90 m²","1 Yaşında","·","Kat","2. Kat","Aydın / Kuşadası / Bayraklıdede Mah.","https://hecdn01.hemlak.com/mncropresize/182/137/ds01/7/4/1/6/5/8/6/4/27eea9ca-0b97-45e0-91e5-6fe7fa34630d.jpg","A_class Gayrimenkul&inşaat","WhatsApp","","https://hecdnnw.hemlak.com/mncropresize/77/67/logo/3/3/2/8/7/0/ecb0acc8-e088-49f0-a7b1-cbed60d4b117.jpg",""
"https://www.hepsiemlak.com/aydin-nazilli-aydogdu-kiralik/daire/101059-567","1 / 36","40.000","12/08/2026","Aydoğdu Mah.'de Lüks İşçilikli Geniş Ara Kat 3+1 Kiralık Daire","Kiralık Daire","3 + 1","195 m²","7 Yaşında","·","Kat","1. Kat","Aydın / Nazilli / Aydoğdu Mah.","https://www.hepsiemlak.com/_nuxt/8cafc93fb5c74c75e9e04e528e02ccdf.jpg","Emlak Vadisi","WhatsApp","","https://www.hepsiemlak.com/_nuxt/8cafc93fb5c74c75e9e04e528e02ccdf.jpg",""
"https://www.hepsiemlak.com/aydin-efeler-orta-kiralik/daire/40599-4494","1 / 22","15.000","07/09/2026","Hb'den 1+1 Eşyalı Kiralık Daire,Orta Mah'de Doğu Gazi'ye Yakın","Kiralık Daire","1 + 1","44 m²","10 Yaşında","·","Kat","2. Kat","Aydın / Efeler / Orta Mah.","https://www.hepsiemlak.com/_nuxt/8cafc93fb5c74c75e9e04e528e02ccdf.jpg","Hb Gayrimenkul","WhatsApp","","https://www.hepsiemlak.com/_nuxt/8cafc93fb5c74c75e9e04e528e02ccdf.jpg",""
"https://www.hepsiemlak.com/aydin-didim-efeler-kiralik/daire/116417-1609","1 / 11","30.000","10/09/2026","Didim Efeler Kiralık 3+1 Daire Kısmi Eşyalı","Kiralık Daire","3 + 1","160 m²","11 Yaşında","·","Kat","3. Kat","Aydın / Didim / Efeler Mah.","https://www.hepsiemlak.com/_nuxt/8cafc93fb5c74c75e9e04e528e02ccdf.jpg","Coldwell Banker Medusa","WhatsApp","","https://www.hepsiemlak.com/_nuxt/8cafc93fb5c74c75e9e04e528e02ccdf.jpg",""
"https://www.hepsiemlak.com/aydin-efeler-girne-kiralik/daire/141451-289","1 / 25","25.000","08/09/2026","Remax Pın'den Girne Mh'de Güney & Batı Cepheli 2+1 Daire","Kiralık Daire","2 + 1","90 m²","6 Yaşında","·","Kat","4. Kat","Aydın / Efeler / Girne Mah.","https://www.hepsiemlak.com/_nuxt/8cafc93fb5c74c75e9e04e528e02ccdf.jpg","Remax Pin","WhatsApp","Emre
                  Özkaya","https://www.hepsiemlak.com/_nuxt/8cafc93fb5c74c75e9e04e528e02ccdf.jpg","https://www.hepsiemlak.com/_nuxt/8cafc93fb5c74c75e9e04e528e02ccdf.jpg"
"https://www.hepsiemlak.com/aydin-kusadasi-cumhuriyet-kiralik/daire/38579-252","1 / 9","30.000","07/09/2026","Libero Emlak'tan Ekonomik Fırsat  Full Eşyalı İnternetli 2+1 Üst  Kat 1+1 Teraslı Daire","Kiralık Daire","2 + 1","165 m²","30 Yaşında","·","Kat","Teras Katı","Aydın / Kuşadası / Cumhuriyet Mah.","https://www.hepsiemlak.com/_nuxt/8cafc93fb5c74c75e9e04e528e02ccdf.jpg","Libero Gayrimenkul","WhatsApp","","https://www.hepsiemlak.com/_nuxt/8cafc93fb5c74c75e9e04e528e02ccdf.jpg",""
"https://www.hepsiemlak.com/aydin-efeler-yedi-eylul-kiralik/mustakil-ev/78993-2190","1 / 21","12.500","09/09/2026","Aydın Efeler Yedi Eylül Mah.De Kiralık Bahçeli 3+1 Müstakil Ev","Kiralık Müstakil Ev","3 + 1","160 m²","31 Yaşında","","","","Aydın / Efeler / Yedi Eylül Mah.","https://www.hepsiemlak.com/_nuxt/8cafc93fb5c74c75e9e04e528e02ccdf.jpg","Pasha Gayrimenkul","WhatsApp","","https://www.hepsiemlak.com/_nuxt/8cafc93fb5c74c75e9e04e528e02ccdf.jpg",""
"https://www.hepsiemlak.com/aydin-efeler-adnan-menderes-kiralik/daire/121492-148","1 / 21","26.000","24/08/2026","Mimaroba Çınar'dan A.Menderes Mah 3+1 Doğalgazlı Daire","Kiralık Daire","3 + 1","140 m²","25 Yaşında","·","Kat","3. Kat","Aydın / Efeler / Adnan Menderes Mah.","https://www.hepsiemlak.com/_nuxt/8cafc93fb5c74c75e9e04e528e02ccdf.jpg","Mimaroba Çınar Gayrimenkul","WhatsApp","","https://www.hepsiemlak.com/_nuxt/8cafc93fb5c74c75e9e04e528e02ccdf.jpg",""
"https://www.hepsiemlak.com/aydin-efeler-zafer-kiralik/daire/120527-640","1 / 16","25.000","30/08/2026","Bater'den Zafer Mah. Ara Katta Full Eşyalı Kiralık 1+1 Daire","Kiralık Daire","1 + 1","45 m²","5 Yaşında","·","Kat","2. Kat","Aydın / Efeler / Zafer Mah.","https://www.hepsiemlak.com/_nuxt/8cafc93fb5c74c75e9e04e528e02ccdf.jpg","Bater Gayrimenkul","WhatsApp","","https://www.hepsiemlak.com/_nuxt/8cafc93fb5c74c75e9e04e528e02ccdf.jpg",""
"https://www.hepsiemlak.com/aydin-nazilli-sumer-kiralik/daire/46102-253","1 / 24","11.000","08/09/2026","Nazilli Ege Emlak Ofisinden Sümer Mah. 1+1 Kiralık Daire","Kiralık Daire","1 + 1","60 m²","10 Yaşında","·","Kat","4. Kat","Aydın / Nazilli / Sümer Mah.","https://www.hepsiemlak.com/_nuxt/8cafc93fb5c74c75e9e04e528e02ccdf.jpg","Ege Emlak Ofisi","WhatsApp","Süleyman
                  Doğan","","https://www.hepsiemlak.com/_nuxt/8cafc93fb5c74c75e9e04e528e02ccdf.jpg"
"https://www.hepsiemlak.com/aydin-efeler-orta-kiralik/daire/64143-2862","1 / 27","19.000","08/09/2026","Aydın Kiralık Orta Mahallede 1+1 Eşyalı Daire","Kiralık Daire","1 + 1","50 m²","6 Yaşında","·","Kat","1. Kat","Aydın / Efeler / Orta Mah.","https://www.hepsiemlak.com/_nuxt/8cafc93fb5c74c75e9e04e528e02ccdf.jpg","Alp Gayrimenkul","WhatsApp","Fevzi
                  Köse","https://www.hepsiemlak.com/_nuxt/8cafc93fb5c74c75e9e04e528e02ccdf.jpg","https://www.hepsiemlak.com/_nuxt/8cafc93fb5c74c75e9e04e528e02ccdf.jpg"
"https://www.hepsiemlak.com/aydin-kusadasi-degirmendere-kiralik/daire/90930-3730","1 / 14","35.000","01/09/2026","Havuzlu Sitede Eşyalı 2+1 Kiralık Daire","Kiralık Daire","2 + 1","90 m²","8 Yaşında","·","Kat","2. Kat","Aydın / Kuşadası / Değirmendere Mah.","https://www.hepsiemlak.com/_nuxt/8cafc93fb5c74c75e9e04e528e02ccdf.jpg","Villamarine Emlak Ve Gayrimenkul","WhatsApp","","https://www.hepsiemlak.com/_nuxt/8cafc93fb5c74c75e9e04e528e02ccdf.jpg",""
"https://www.hepsiemlak.com/aydin-efeler-cumhuriyet-kiralik/daire/128279-492","1 / 14","18.000","26/08/2026","Kiralık 3x1 Daire","Kiralık Daire","3 + 1","135 m²","31 Yaşında","·","Kat","5. Kat","Aydın / Efeler / Cumhuriyet Mah.","https://www.hepsiemlak.com/_nuxt/8cafc93fb5c74c75e9e04e528e02ccdf.jpg","As Gayrimenkul","WhatsApp","Seda
                  Gencel","https://www.hepsiemlak.com/_nuxt/8cafc93fb5c74c75e9e04e528e02ccdf.jpg","https://www.hepsiemlak.com/_nuxt/8cafc93fb5c74c75e9e04e528e02ccdf.jpg"
"https://www.hepsiemlak.com/aydin-kusadasi-hacifeyzullah-kiralik/daire/139599-96","1 / 9","25.000","09/09/2026","Kuşadası Kiralık 1+1 Kiralık Eşyalı Daire","Kiralık Daire","1 + 1","60 m²","15 Yaşında","·","Kat","2. Kat","Aydın / Kuşadası / Hacıfeyzullah Mah.","https://www.hepsiemlak.com/_nuxt/8cafc93fb5c74c75e9e04e528e02ccdf.jpg","","WhatsApp","","",""
"https://www.hepsiemlak.com/aydin-kusadasi-davutlar-kiralik/daire/84929-15167","1 / 28","25.500","31/08/2026","Kuşadası Davutlarda Havuzlu Kiralık 1+1daire","Kiralık Daire","1 + 1","55 m²","6 Yaşında","·","Kat","2. Kat","Aydın / Kuşadası / Davutlar Mah.","https://www.hepsiemlak.com/_nuxt/8cafc93fb5c74c75e9e04e528e02ccdf.jpg","Level 61","WhatsApp","","https://www.hepsiemlak.com/_nuxt/8cafc93fb5c74c75e9e04e528e02ccdf.jpg",""
"https://www.hepsiemlak.com/aydin-kusadasi-guzelcamli-kiralik/daire/153691-55","1 / 12","30.000","11/08/2026","Doğa İle İç İçe 2+1 Ful Eşyalı Kiralık Daire","Kiralık Daire","2 + 1","80 m²","Sıfır Bina","·","Kat","1. Kat","Aydın / Kuşadası / Güzelçamlı Mah.","https://www.hepsiemlak.com/_nuxt/8cafc93fb5c74c75e9e04e528e02ccdf.jpg","Öztürk Yapı Emlak","WhatsApp","","https://www.hepsiemlak.com/_nuxt/8cafc93fb5c74c75e9e04e528e02ccdf.jpg",""
"https://www.hepsiemlak.com/aydin-nazilli-yesil-kiralik/daire/137179-583","1 / 32","21.000","28/08/2026","Miray Emlaktan Turan Mahallesinde Doğalgazlı Eşyalı 2+1 Daire","Kiralık Daire","2 + 1","120 m²","6 Yaşında","·","Kat","1. Kat","Aydın / Nazilli / Yeşil Mah.","https://www.hepsiemlak.com/_nuxt/8cafc93fb5c74c75e9e04e528e02ccdf.jpg","","WhatsApp","","",""
"https://www.hepsiemlak.com/aydin-kusadasi-bayraklidede-kiralik/villa/148837-1904","1 / 23","72.000","24/08/2026","Kuşadası Aslantepe Sitesinde Deniz Manzaralı 4+1 Kiralık Villa","Kiralık Villa","4 + 1","190 m²","5 Yaşında","·","Kat","","Aydın / Kuşadası / Bayraklıdede Mah.","https://www.hepsiemlak.com/_nuxt/8cafc93fb5c74c75e9e04e528e02ccdf.jpg","Remax Pasha 1","WhatsApp","","https://www.hepsiemlak.com/_nuxt/8cafc93fb5c74c75e9e04e528e02ccdf.jpg",""
"https://www.hepsiemlak.com/aydin-efeler-orta-kiralik/daire/147624-297","1 / 27","12.000","01/09/2026","Üniversite Yürüme Mesafesi 1+1 Balkon-Otopark-Asansör Esyasız","Kiralık Daire","1 + 1","45 m²","6 Yaşında","·","Kat","1. Kat","Aydın / Efeler / Orta Mah.","https://www.hepsiemlak.com/_nuxt/8cafc93fb5c74c75e9e04e528e02ccdf.jpg","Eray Gider Gayrimenkul","WhatsApp","Eray
                  Gider","https://www.hepsiemlak.com/_nuxt/8cafc93fb5c74c75e9e04e528e02ccdf.jpg","https://www.hepsiemlak.com/_nuxt/8cafc93fb5c74c75e9e04e528e02ccdf.jpg"
"https://www.hepsiemlak.com/aydin-kusadasi-kadinlar-denizi-kiralik/villa/143901-334","1 / 27","75.000","01/09/2026","Kuşadası Cadde Üzeri Kiralık Villa (ticari Konuma Uygun)","Kiralık Villa","3 + 2","350 m²","26 Yaşında","·","Kat","1. Kat","Aydın / Kuşadası / Kadınlar Denizi Mah.","https://www.hepsiemlak.com/_nuxt/8cafc93fb5c74c75e9e04e528e02ccdf.jpg","Network Ada Plus Gayrimenkul","WhatsApp","Barış
                  Şalbaş","https://www.hepsiemlak.com/_nuxt/8cafc93fb5c74c75e9e04e528e02ccdf.jpg","https://www.hepsiemlak.com/_nuxt/8cafc93fb5c74c75e9e04e528e02ccdf.jpg"
"https://www.hepsiemlak.com/aydin-nazilli-dallica-kiralik/villa/160026-366","1 / 29","65.000","04/09/2026","Duru Emlaktan Dallıca'da Kiralık 5+1 Lüx Villa","Kiralık Villa","5 + 1","320 m²","1 Yaşında","·","Kat","Bahçe Katı","Aydın / Nazilli / Dallıca Mah.","https://www.hepsiemlak.com/_nuxt/8cafc93fb5c74c75e9e04e528e02ccdf.jpg","Duru Emlak","WhatsApp","","https://www.hepsiemlak.com/_nuxt/8cafc93fb5c74c75e9e04e528e02ccdf.jpg",""
"https://www.hepsiemlak.com/aydin-efeler-cuma-kiralik/daire/124121-796","1 / 59","20.000","24/08/2026","Kiralık Daire","Kiralık Daire","2 + 1","120 m²","10 Yaşında","·","Kat","Teras Katı","Aydın / Efeler / Cuma Mah.","https://hecdnnw.hemlak.com/mncropresize/77/67/logo/1/2/1/4/2/1/9d0bebae-abc0-4247-8b93-aca77bd35998.jpg","Mert Gayrimenkul","WhatsApp","","",""
"https://www.hepsiemlak.com/aydin-efeler-cestepe-kiralik/daire/124098-210","1 / 34","22.000","28/08/2026","Aydın Çeştepe Mah 2+1 Doğalgazlı Asansörlü Kiralık","Kiralık Daire","2 + 1","125 m²","6 Yaşında","·","Kat","4. Kat","Aydın / Efeler / Çeştepe Mah.","https://hecdnnw.hemlak.com/mncropresize/77/67/logo/8/9/0/4/2/1/0d01c078-552d-4ce0-984f-d74cf0c734ea.jpg","Kaçmaz Emlak","WhatsApp","","",""
"https://www.hepsiemlak.com/aydin-efeler-orta-kiralik/daire/74626-191","1 / 27","25.000","02/09/2026","Aydın Efeler Orta Mahallede Kiralık Dubleks Daire","Kiralık Daire","3 + 1","110 m²","10 Yaşında","·","Kat","En Üst Kat","Aydın / Efeler / Orta Mah.","https://hecdnnw.hemlak.com/mncropresize/77/67/logo/6/2/6/4/7/0/daccb998-bdee-45aa-96cb-475f38ff0358.jpg","İmamoğlu Emlak Ofisi","WhatsApp","Levent
                  Balı","https://hecdnnw.hemlak.com/mncropresize/77/67/firmuser/8/0/6/6/2/4/1/57de77a6-e372-4c56-add4-eabc14d60718.jpg",""
"https://www.hepsiemlak.com/aydin-efeler-orta-kiralik/daire/131789-199","1 / 23","16.000","02/09/2026","Aydın, Efeler, 2 Katlı Sitede Eşyalı, Dogalgazlı, Klimalı 45 M² Stüdyo Daire.","Kiralık Daire","1 + 1","45 m²","10 Yaşında","·","Kat","En Üst Kat","Aydın / Efeler / Orta Mah.","https://hecdn01.hemlak.com/mncropresize/182/137/ds01/6/2/9/7/6/8/6/4/1782993665068-46867926.jpg","","WhatsApp","","",""
"https://www.hepsiemlak.com/aydin-kusadasi-ege-kiralik/residence/78233-6023","1 / 60","55.000","24/08/2026","Aclass'dan Ege Mah'de-Güvenlik-Otopark-Acık/kapalı-Havuz-Fitness-Doğalgazlı-Lüx Kiralık Çatı Dublex","Kiralık Residence","6 + 1","245 m²","6 Yaşında","·","Kat","4. Kat","Aydın / Kuşadası / Ege Mah.","https://www.hepsiemlak.com/_nuxt/8cafc93fb5c74c75e9e04e528e02ccdf.jpg","A_class Gayrimenkul&inşaat","WhatsApp","","https://www.hepsiemlak.com/_nuxt/8cafc93fb5c74c75e9e04e528e02ccdf.jpg",""
"https://www.hepsiemlak.com/aydin-kusadasi-turkmen-kiralik/villa/104606-1449","1 / 40","170.000","17/08/2026","Kuşadası'nda Deniz Manzaralı, Ultra Lüks Kiralık 5+2 Villa","Kiralık Villa","5 + 2","550 m²","3 Yaşında","·","Kat","","Aydın / Kuşadası / Türkmen Mah.","https://www.hepsiemlak.com/_nuxt/8cafc93fb5c74c75e9e04e528e02ccdf.jpg","Coldwell Banker Ada","WhatsApp","","https://www.hepsiemlak.com/_nuxt/8cafc93fb5c74c75e9e04e528e02ccdf.jpg",""
"https://www.hepsiemlak.com/aydin-efeler-zafer-kiralik/daire/124509-261","1 / 11","25.000","21/08/2026","Aydın Merkez Zafer Mh Eşyalı, D.Gaz Ve Klimalı 1+1 Kiralık Daire","Kiralık Daire","1 + 1","60 m²","11 Yaşında","·","Kat","4. Kat","Aydın / Efeler / Zafer Mah.","https://www.hepsiemlak.com/_nuxt/8cafc93fb5c74c75e9e04e528e02ccdf.jpg","Merkez Emlak","WhatsApp","","https://www.hepsiemlak.com/_nuxt/8cafc93fb5c74c75e9e04e528e02ccdf.jpg",""
"https://www.hepsiemlak.com/aydin-efeler-yedi-eylul-kiralik/daire/5625-3456","1 / 30","26.000","03/09/2026","Aydın 7 Eylül Mah.De Full Eşyalı, Doğalgazlı, Klimalı 1+1 Daire","Kiralık Daire","1 + 1","55 m²","3 Yaşında","·","Kat","1. Kat","Aydın / Efeler / Yedi Eylül Mah.","https://www.hepsiemlak.com/_nuxt/8cafc93fb5c74c75e9e04e528e02ccdf.jpg","Sun Investment","WhatsApp","Sun
                  Investment","https://www.hepsiemlak.com/_nuxt/8cafc93fb5c74c75e9e04e528e02ccdf.jpg","https://www.hepsiemlak.com/_nuxt/8cafc93fb5c74c75e9e04e528e02ccdf.jpg"
"https://www.hepsiemlak.com/aydin-kusadasi-guzelcamli-kiralik/villa/134708-640","1 / 42","50.000","03/09/2026","Güzelçamlı Gayrimenkulden Sürekli Boş Kiralık Müstakil Villa Havuzlu Sitede","Kiralık Villa","3 + 1","125 m²","1 Yaşında","·","Kat","","Aydın / Kuşadası / Güzelçamlı Mah.","https://www.hepsiemlak.com/_nuxt/8cafc93fb5c74c75e9e04e528e02ccdf.jpg","Güzelçamlı Gayrimenkul","WhatsApp","","https://www.hepsiemlak.com/_nuxt/8cafc93fb5c74c75e9e04e528e02ccdf.jpg",""
"https://www.hepsiemlak.com/aydin-efeler-ata-kiralik/daire/159596-65","1 / 19","28.000","31/08/2026","Ata Mahallesinde 2+1 Kiralık Dubleks Mesken","Kiralık Daire","2 + 1","110 m²","5 Yaşında","·","Kat","3. Kat","Aydın / Efeler / Ata Mah.","https://www.hepsiemlak.com/_nuxt/8cafc93fb5c74c75e9e04e528e02ccdf.jpg","Yüksel Gayrimenkul","WhatsApp","Mustafa
                  Yüksel","","https://www.hepsiemlak.com/_nuxt/8cafc93fb5c74c75e9e04e528e02ccdf.jpg"
"https://www.hepsiemlak.com/aydin-kusadasi-degirmendere-kiralik/daire/166556-17","1 / 23","50.000","31/08/2026","Argos Life Sitesinde 2+1 Sıfır Eşyalı Kiralık Daire","Kiralık Daire","2 + 1","120 m²","1 Yaşında","·","Kat","1. Kat","Aydın / Kuşadası / Değirmendere Mah.","https://www.hepsiemlak.com/_nuxt/8cafc93fb5c74c75e9e04e528e02ccdf.jpg","Şensan Gayrimenkul","WhatsApp","","https://www.hepsiemlak.com/_nuxt/8cafc93fb5c74c75e9e04e528e02ccdf.jpg",""
"https://www.hepsiemlak.com/aydin-kusadasi-guzelcamli-kiralik/villa/0-47213979","1 / 21","40.000","01/09/2026","Kuşadası Güzelçamlıda Kiralık Müstakil Villa","Kiralık Villa","5 + 1","220 m²","20 Yaşında","·","Kat","","Aydın / Kuşadası / Güzelçamlı Mah.","https://www.hepsiemlak.com/_nuxt/8cafc93fb5c74c75e9e04e528e02ccdf.jpg","","WhatsApp","","",""
"https://www.hepsiemlak.com/aydin-nazilli-yeni-kiralik/daire/0-47208195","1 / 19","18.000","28/08/2026","Nazilli Yeni Mh. 2+1 Kiralık Daire","Kiralık Daire","2 + 1","80 m²","5 Yaşında","·","Kat","1. Kat","Aydın / Nazilli / Yeni Mah.","https://www.hepsiemlak.com/_nuxt/8cafc93fb5c74c75e9e04e528e02ccdf.jpg","","WhatsApp","","",""
"https://www.hepsiemlak.com/aydin-kusadasi-turkmen-kiralik/daire/168719-19","1 / 19","24.000","31/08/2026","Kuşadası Merkezinde Denize 400m. Kiralık Daire","Kiralık Daire","1 + 1","65 m²","6 Yaşında","·","Kat","1. Kat","Aydın / Kuşadası / Türkmen Mah.","https://www.hepsiemlak.com/_nuxt/8cafc93fb5c74c75e9e04e528e02ccdf.jpg","","WhatsApp","","",""
"https://www.hepsiemlak.com/aydin-nazilli-isabeyli-kiralik/daire/106307-40","1 / 16","16.000","27/08/2026","İsabeyli De Kiralık 2+1 Daire","Kiralık Daire","2 + 1","85 m²","6 Yaşında","·","Kat","Giriş Katı","Aydın / Nazilli / İsabeyli Mah.","https://www.hepsiemlak.com/_nuxt/8cafc93fb5c74c75e9e04e528e02ccdf.jpg","Bilgin İnşaat Emlak","WhatsApp","Ali 
                  Bilgin","","https://www.hepsiemlak.com/_nuxt/8cafc93fb5c74c75e9e04e528e02ccdf.jpg"
"https://www.hepsiemlak.com/aydin-incirliova-cumhuriyet-kiralik/daire/150777-81","1 / 23","32.500","07/09/2026","Solak Emlak'tan Cumhuriyet Mah. Eşyalı Kiralık 2+1 Daire","Kiralık Daire","2 + 1","130 m²","6 Yaşında","·","Kat","2. Kat","Aydın / İncirliova / Cumhuriyet Mah.","https://www.hepsiemlak.com/_nuxt/8cafc93fb5c74c75e9e04e528e02ccdf.jpg","","WhatsApp","","",""
"https://www.hepsiemlak.com/aydin-didim-hisar-kiralik/villa/167253-22","1 / 24","50.000","04/09/2026","Didim Hisar'da Kiralık Full Eşyalı Havuzlu Villa 4+2","Kiralık Villa","4 + 1","160 m²","2 Yaşında","·","Kat","","Aydın / Didim / Hisar Mah.","https://www.hepsiemlak.com/_nuxt/8cafc93fb5c74c75e9e04e528e02ccdf.jpg","","WhatsApp","","",""
"https://www.hepsiemlak.com/aydin-efeler-yedi-eylul-kiralik/daire/0-47174804","1 / 28","22.000","03/09/2026","Yedieylül Mahallesinde 3+1kiralık Dairemiz","Kiralık Daire","3 + 1","145 m²","30 Yaşında","·","Kat","4. Kat","Aydın / Efeler / Yedi Eylül Mah.","https://www.hepsiemlak.com/_nuxt/8cafc93fb5c74c75e9e04e528e02ccdf.jpg","","WhatsApp","","",""
"https://www.hepsiemlak.com/aydin-kusadasi-degirmendere-kiralik/daire/8527-1506","1 / 43","60.000","01/09/2026","Havuzlu Sitede 4+1, Daire.. Akıllı Konsept, Yerden Isıtmalı","Kiralık Daire","4 + 1","146 m²","2 Yaşında","·","Kat","2. Kat","Aydın / Kuşadası / Değirmendere Mah.","https://www.hepsiemlak.com/_nuxt/8cafc93fb5c74c75e9e04e528e02ccdf.jpg","","WhatsApp","","",""
"https://www.hepsiemlak.com/aydin-soke-yenikent-kiralik/daire/132513-442","1 / 48","42.000","02/09/2026","Yenikent Havuzlu Sitede 3+1 Kiralık Loft Dubleks Daire","Kiralık Daire","3 + 1","280 m²","7 Yaşında","·","Kat","En Üst Kat","Aydın / Söke / Yenikent Mah.","https://www.hepsiemlak.com/_nuxt/8cafc93fb5c74c75e9e04e528e02ccdf.jpg","Gold Life Cengiz Emlak","WhatsApp","","https://www.hepsiemlak.com/_nuxt/8cafc93fb5c74c75e9e04e528e02ccdf.jpg",""
"https://www.hepsiemlak.com/aydin-didim-akbuk-kiralik/daire/141902-398","1 / 49","42.000","13/08/2026","Ramada Resort Karşısı 4+1 Dublex Yıllık Kiralık Daire","Kiralık Daire","4 + 1","130 m²","10 Yaşında","·","Kat","2. Kat","Aydın / Didim / Akbük Mah.","https://www.hepsiemlak.com/_nuxt/8cafc93fb5c74c75e9e04e528e02ccdf.jpg","Re/max Cool 2","WhatsApp","","https://www.hepsiemlak.com/_nuxt/8cafc93fb5c74c75e9e04e528e02ccdf.jpg",""
"https://www.hepsiemlak.com/aydin-nazilli-zafer-kiralik/daire/94120-77","1 / 19","20.000","01/09/2026","Konut Emlaktan Aydın Nazilli Zafer Mh Kiralık 3+1 Doğalgazlı","Kiralık Daire","3 + 1","140 m²","26 Yaşında","·","Kat","1. Kat","Aydın / Nazilli / Zafer Mah.","https://www.hepsiemlak.com/_nuxt/8cafc93fb5c74c75e9e04e528e02ccdf.jpg","Konut Emlak Gayrimenkul","WhatsApp","","https://www.hepsiemlak.com/_nuxt/8cafc93fb5c74c75e9e04e528e02ccdf.jpg",""
"https://www.hepsiemlak.com/aydin-nazilli-isabeyli-kiralik/villa/170397-4","1 / 23","180.000","26/08/2026","İsabeyli'de, Kreş, Anaokulu, Rehabilitasyon Merkezi İçin İdeal; Bahçeli, Havuzlu Villa","Kiralık Villa","9 + 3","950 m²","25 Yaşında","·","Kat","","Aydın / Nazilli / İsabeyli Mah.","https://www.hepsiemlak.com/_nuxt/8cafc93fb5c74c75e9e04e528e02ccdf.jpg","Ege Rota Gayrimenkul","WhatsApp","","https://www.hepsiemlak.com/_nuxt/8cafc93fb5c74c75e9e04e528e02ccdf.jpg",""
"https://www.hepsiemlak.com/aydin-efeler-ata-kiralik/daire/139581-203","1 / 25","25.000","08/09/2026","Gez Gayrimenkul Dan  Kiralık Aydın'ın Gözde Lokasyonlarından Efeler Merkezde Kiralık 1+1 Sıfır Daire","Kiralık Daire","1 + 1","58 m²","Sıfır Bina","·","Kat","2. Kat","Aydın / Efeler / Ata Mah.","https://www.hepsiemlak.com/_nuxt/8cafc93fb5c74c75e9e04e528e02ccdf.jpg","","WhatsApp","","",""
"https://www.hepsiemlak.com/aydin-kusadasi-davutlar-kiralik/daire/137394-197","1 / 16","25.000","02/09/2026","Kuşadası Davutlarda Eşyalı Kiralık 3+1 Daire","Kiralık Daire","3 + 1","140 m²","6 Yaşında","·","Kat","3. Kat","Aydın / Kuşadası / Davutlar Mah.","https://hecdnnw.hemlak.com/mncropresize/77/67/logo/4/9/3/7/3/1/812788f1-bb70-49d5-8659-3da22ae6e4f9.jpg","Ali Haydar Yıldız Gayrimenkul Danışmanlığı","WhatsApp","","",""
"https://www.hepsiemlak.com/aydin-didim-cumhuriyet-kiralik/daire/3734-1602","1 / 44","30.000","08/09/2026","Didim Cumhuriyet Mahallesinde Sürekli Kıralık Lüks Daire","Kiralık Daire","2 + 1","78 m²","Sıfır Bina","·","Kat","2. Kat","Aydın / Didim / Cumhuriyet Mah.","https://hecdnnw.hemlak.com/mncropresize/77/67/logo/4/3/7/3/0/0/c711a387-da2e-417f-a439-12ed607a244c.jpg","Abs Emlak","WhatsApp","Yunus
                  Yalvaç","https://hecdnnw.hemlak.com/mncropresize/77/67/firmuser/4/3/7/3/0/0/ca17df88-70a9-447d-a308-1202a83e326a.jpg",""
"https://www.hepsiemlak.com/aydin-nazilli-isabeyli-kiralik/daire/107141-27","1 / 15","13.500","11/08/2026","İsabeyli Emlaktan Kiralık 1+1","Kiralık Daire","1 + 1","55 m²","6 Yaşında","·","Kat","1. Kat","Aydın / Nazilli / İsabeyli Mah.","https://hecdnnw.hemlak.com/mncropresize/77/67/logo/1/4/1/7/0/1/19e29f11-e92c-4d97-8ab2-14afd88d3221.jpg","İsabeyli Emlak","WhatsApp","","",""
"https://www.hepsiemlak.com/aydin-efeler-mesrutiyet-kiralik/daire/141451-260","1 / 19","28.000","08/09/2026","Remax Pin'den Meşrutiyet Mh Kiralık Geniş 2+1 Doğalgaz Asansörlü","Kiralık Daire","2 + 1","130 m²","26 Yaşında","·","Kat","5. Kat","Aydın / Efeler / Meşrutiyet Mah.","https://hecdn01.hemlak.com/mncropresize/182/137/ds01/5/6/3/0/5/0/7/4/b608cc51-6951-4bb0-895c-2424aae08cc3.jpg","Remax Pin","WhatsApp","Emre
                  Özkaya","https://hecdnnw.hemlak.com/mncropresize/77/67/logo/1/5/4/1/4/1/e6b3d1aa-3e5f-4c42-a99b-809b0d7d6f73.jpg","https://hecdnnw.hemlak.com/mncropresize/77/67/firmuser/3/7/6/8/7/9/3/e3c9dc7e-67fa-41ac-83db-9e7844cc4fd7.jpg"
"https://www.hepsiemlak.com/aydin-kusadasi-degirmendere-kiralik/daire/117333-843","1 / 18","37.000","27/08/2026","Kuşadası Değirmendere De Lüks 1+1 Eşyalı Kiralık Sıfır Daire","Kiralık Daire","1 + 1","72 m²","Sıfır Bina","·","Kat","3. Kat","Aydın / Kuşadası / Değirmendere Mah.","https://www.hepsiemlak.com/_nuxt/8cafc93fb5c74c75e9e04e528e02ccdf.jpg","Realty World Priene Gayrimenkul","WhatsApp","","https://www.hepsiemlak.com/_nuxt/8cafc93fb5c74c75e9e04e528e02ccdf.jpg",""
"https://www.hepsiemlak.com/aydin-efeler-zafer-kiralik/daire/68088-1429","1 / 28","25.000","25/08/2026","Rw Alyans'tan Zafer Mah.De Eşyalı Kiralık 2+1 Daire","Kiralık Daire","2 + 1","70 m²","6 Yaşında","·","Kat","1. Kat","Aydın / Efeler / Zafer Mah.","https://www.hepsiemlak.com/_nuxt/8cafc93fb5c74c75e9e04e528e02ccdf.jpg","Realty World Alyans Gayrimenkul","","","https://www.hepsiemlak.com/_nuxt/8cafc93fb5c74c75e9e04e528e02ccdf.jpg",""
"https://www.hepsiemlak.com/aydin-efeler-orta-kiralik/daire/79589-1489","1 / 9","21.000","08/09/2026","Ege Ayyıldız'dan Orta Mahallede Ayrı Mutfaklı Kiralık 2+1","Kiralık Daire","2 + 1","93 m²","6 Yaşında","·","Kat","4. Kat","Aydın / Efeler / Orta Mah.","https://www.hepsiemlak.com/_nuxt/8cafc93fb5c74c75e9e04e528e02ccdf.jpg","Ege Ayyıldız Gayrimenkul","WhatsApp","","https://www.hepsiemlak.com/_nuxt/8cafc93fb5c74c75e9e04e528e02ccdf.jpg",""
"https://www.hepsiemlak.com/aydin-kusadasi-kadinlar-denizi-kiralik/daire/51582-2731","1 / 17","40.000","27/08/2026","Doğalgazlı, Sıfır, Havuz Başı 2+1","Kiralık Daire","2 + 1","100 m²","1 Yaşında","·","Kat","Bahçe Katı","Aydın / Kuşadası / Kadınlar Denizi Mah.","https://www.hepsiemlak.com/_nuxt/8cafc93fb5c74c75e9e04e528e02ccdf.jpg","Yakamoz Emlak","WhatsApp","","https://www.hepsiemlak.com/_nuxt/8cafc93fb5c74c75e9e04e528e02ccdf.jpg",""
"https://www.hepsiemlak.com/aydin-soke-yenikent-kiralik/daire/97893-586","1 / 27","25.000","10/09/2026","Acıklama Detayı İlanda","Kiralık Daire","1 + 1","45 m²","6 Yaşında","·","Kat","3. Kat","Aydın / Söke / Yenikent Mah.","https://www.hepsiemlak.com/_nuxt/8cafc93fb5c74c75e9e04e528e02ccdf.jpg","Ada Avşar Gayrimenkul Danışmanlığı","WhatsApp","","https://www.hepsiemlak.com/_nuxt/8cafc93fb5c74c75e9e04e528e02ccdf.jpg",""
"https://www.hepsiemlak.com/aydin-nazilli-isabeyli-kiralik/daire/123971-1141","1 / 16","12.500","20/08/2026","Aydın Nazilli İsabeyli Mahallesinde Kiralık Eşyalı 1+1 Daire","Kiralık Daire","1 + 1","50 m²","6 Yaşında","·","Kat","3. Kat","Aydın / Nazilli / İsabeyli Mah.","https://www.hepsiemlak.com/_nuxt/8cafc93fb5c74c75e9e04e528e02ccdf.jpg","Parador Gayrimenkul","WhatsApp","Selin
                  Girgin","https://www.hepsiemlak.com/_nuxt/8cafc93fb5c74c75e9e04e528e02ccdf.jpg","https://www.hepsiemlak.com/_nuxt/8cafc93fb5c74c75e9e04e528e02ccdf.jpg"
"https://www.hepsiemlak.com/aydin-efeler-zafer-kiralik/daire/163274-82","1 / 10","21.000","19/08/2026","Zafer Mahallesi'nde Eşyalı 1+1 Kiralık Daire","Kiralık Daire","1 + 1","60 m²","5 Yaşında","·","Kat","2. Kat","Aydın / Efeler / Zafer Mah.","https://www.hepsiemlak.com/_nuxt/8cafc93fb5c74c75e9e04e528e02ccdf.jpg","Erbaş Class Emlak & Gayrimenkul","WhatsApp","Melih
                  Erbaş","https://www.hepsiemlak.com/_nuxt/8cafc93fb5c74c75e9e04e528e02ccdf.jpg","https://www.hepsiemlak.com/_nuxt/8cafc93fb5c74c75e9e04e528e02ccdf.jpg"
"https://www.hepsiemlak.com/aydin-efeler-girne-kiralik/daire/117336-600","1 / 32","39.000","07/09/2026","Gırne Mahallesı’nde Önü Açık Otoparkta Kıralık Daıre","Kiralık Daire","3 + 1","180 m²","15 Yaşında","·","Kat","1. Kat","Aydın / Efeler / Girne Mah.","https://www.hepsiemlak.com/_nuxt/8cafc93fb5c74c75e9e04e528e02ccdf.jpg","Eksper Emlak Gayrimenkul","WhatsApp","","https://www.hepsiemlak.com/_nuxt/8cafc93fb5c74c75e9e04e528e02ccdf.jpg",""
"https://www.hepsiemlak.com/aydin-nazilli-yeni-kiralik/daire/113600-540","1 / 19","28.000","22/08/2026","Alfa Mlal’dan Yeni Mahalle De Eşyalı Kiralık 3+1 Daire","Kiralık Daire","3 + 1","170 m²","10 Yaşında","·","Kat","3. Kat","Aydın / Nazilli / Yeni Mah.","https://www.hepsiemlak.com/_nuxt/8cafc93fb5c74c75e9e04e528e02ccdf.jpg","Alfa Emlak","WhatsApp","Ali
                  Çam","","https://www.hepsiemlak.com/_nuxt/8cafc93fb5c74c75e9e04e528e02ccdf.jpg"
"https://www.hepsiemlak.com/aydin-kusadasi-bayraklidede-kiralik/daire/18495-4105","1 / 14","25.000","24/08/2026","Okul Ve Hastane Bölgesi Eşyalı Yıllık Kiralık","Kiralık Daire","Stüdyo","55 m²","16 Yaşında","·","Kat","Bahçe Katı","Aydın / Kuşadası / Bayraklıdede Mah.","https://www.hepsiemlak.com/_nuxt/8cafc93fb5c74c75e9e04e528e02ccdf.jpg","Blue Bırds Ada Gayrimenkul","WhatsApp","Hüseyin 
                  Özkan","https://www.hepsiemlak.com/_nuxt/8cafc93fb5c74c75e9e04e528e02ccdf.jpg","https://www.hepsiemlak.com/_nuxt/8cafc93fb5c74c75e9e04e528e02ccdf.jpg"
"https://www.hepsiemlak.com/aydin-efeler-zafer-kiralik/daire/64143-2851","1 / 24","21.000","07/09/2026","Aydın Kiralık Zafer Meydanında Doğalgazlı Klimalı 1+1","Kiralık Daire","1 + 1","55 m²","6 Yaşında","·","Kat","3. Kat","Aydın / Efeler / Zafer Mah.","https://www.hepsiemlak.com/_nuxt/8cafc93fb5c74c75e9e04e528e02ccdf.jpg","Alp Gayrimenkul","WhatsApp","Fevzi
                  Köse","https://www.hepsiemlak.com/_nuxt/8cafc93fb5c74c75e9e04e528e02ccdf.jpg","https://www.hepsiemlak.com/_nuxt/8cafc93fb5c74c75e9e04e528e02ccdf.jpg"
"https://www.hepsiemlak.com/aydin-efeler-zafer-kiralik/daire/147624-295","1 / 34","22.500","03/09/2026","Zafer Mah. Üniversiteye Yakın 2+1 Ara Kat, Asansörlü Yönetim Var","Kiralık Daire","2 + 1","75 m²","5 Yaşında","·","Kat","2. Kat","Aydın / Efeler / Zafer Mah.","https://www.hepsiemlak.com/_nuxt/8cafc93fb5c74c75e9e04e528e02ccdf.jpg","Eray Gider Gayrimenkul","WhatsApp","Eray
                  Gider","https://www.hepsiemlak.com/_nuxt/8cafc93fb5c74c75e9e04e528e02ccdf.jpg","https://www.hepsiemlak.com/_nuxt/8cafc93fb5c74c75e9e04e528e02ccdf.jpg"
"https://www.hepsiemlak.com/aydin-nazilli-yeni-sanayi-kiralik/daire/137179-575","1 / 35","13.000","19/08/2026","Miray Emlaktan Yeni Sanayi Mahallesinde Kiralık 3+1 Daire","Kiralık Daire","3 + 1","140 m²","21 Yaşında","·","Kat","4. Kat","Aydın / Nazilli / Yeni Sanayi Mah.","https://www.hepsiemlak.com/_nuxt/8cafc93fb5c74c75e9e04e528e02ccdf.jpg","","WhatsApp","","",""
"https://www.hepsiemlak.com/aydin-kusadasi-ikicesmelik-kiralik/daire/143901-319","1 / 26","48.000","22/08/2026","Kuşadası İkiçeşmelik Şehzade Konaklarında Deniz Manzaralı Eşyalı Kiralık Daire","Kiralık Daire","3 + 1","140 m²","11 Yaşında","·","Kat","3. Kat","Aydın / Kuşadası / İkiçeşmelik Mah.","https://www.hepsiemlak.com/_nuxt/8cafc93fb5c74c75e9e04e528e02ccdf.jpg","Network Ada Plus Gayrimenkul","WhatsApp","","https://www.hepsiemlak.com/_nuxt/8cafc93fb5c74c75e9e04e528e02ccdf.jpg",""
"https://www.hepsiemlak.com/aydin-kusadasi-kadinlar-denizi-kiralik/daire/148837-1890","1 / 18","29.000","07/09/2026","Deniz Manzaralı Havuzlu Sitede 91 Metrekare Sıfır 1+1 Kiralık Daire","Kiralık Daire","1 + 1","91 m²","3 Yaşında","·","Kat","Bahçe Katı","Aydın / Kuşadası / Kadınlar Denizi Mah.","https://www.hepsiemlak.com/_nuxt/8cafc93fb5c74c75e9e04e528e02ccdf.jpg","Remax Pasha 1","WhatsApp","","https://www.hepsiemlak.com/_nuxt/8cafc93fb5c74c75e9e04e528e02ccdf.jpg",""
"https://www.hepsiemlak.com/aydin-efeler-hasanefendi-ramazan-pasa-kiralik/daire/124121-793","1 / 54","17.500","26/08/2026","Aile Uygun Kiralık Daire","Kiralık Daire","3 + 1","160 m²","25 Yaşında","·","Kat","En Üst Kat","Aydın / Efeler / Hasanefendi - Ramazan Paşa Mah.","https://www.hepsiemlak.com/_nuxt/8cafc93fb5c74c75e9e04e528e02ccdf.jpg","Mert Gayrimenkul","WhatsApp","","https://www.hepsiemlak.com/_nuxt/8cafc93fb5c74c75e9e04e528e02ccdf.jpg",""
"https://www.hepsiemlak.com/aydin-kusadasi-ege-kiralik/daire/28110-16398","1 / 40","50.000","27/08/2026","Kuşadası,Ege Mahallesi,Deniz Manzaralı, Geniş,Kapalı Mutfak Daire","Kiralık Daire","3 + 0","165 m²","15 Yaşında","·","Kat","2. Kat","Aydın / Kuşadası / Ege Mah.","https://www.hepsiemlak.com/_nuxt/8cafc93fb5c74c75e9e04e528e02ccdf.jpg","Remax Pasha 1","WhatsApp","","https://www.hepsiemlak.com/_nuxt/8cafc93fb5c74c75e9e04e528e02ccdf.jpg",""
"https://www.hepsiemlak.com/aydin-efeler-orta-kiralik/daire/131789-195","1 / 17","15.000","04/09/2026","Aydın,  Efeler, Sıte Icınde Eşyalı Klımalı 45 M² Daıre","Kiralık Daire","1 + 1","45 m²","10 Yaşında","·","Kat","Ara Kat","Aydın / Efeler / Orta Mah.","https://www.hepsiemlak.com/_nuxt/8cafc93fb5c74c75e9e04e528e02ccdf.jpg","","WhatsApp","","",""
"https://www.hepsiemlak.com/aydin-efeler-zafer-kiralik/daire/124098-170","1 / 58","28.000","23/08/2026","Aydın Zafer Mah 2+1 Eşyalı Balkonlu Ara Kat Kiralık","Kiralık Daire","2 + 1","100 m²","6 Yaşında","·","Kat","3. Kat","Aydın / Efeler / Zafer Mah.","https://www.hepsiemlak.com/_nuxt/8cafc93fb5c74c75e9e04e528e02ccdf.jpg","Kaçmaz Emlak","WhatsApp","","https://www.hepsiemlak.com/_nuxt/8cafc93fb5c74c75e9e04e528e02ccdf.jpg",""
"https://www.hepsiemlak.com/aydin-efeler-yedi-eylul-kiralik/daire/74626-170","1 / 29","22.000","02/09/2026","Aydın Efeler Yedieylül Mah. Muğla Dky Üzeri Ara Kat 3+1 Daire Kiralıktır.","Kiralık Daire","3 + 1","120 m²","30 Yaşında","·","Kat","3. Kat","Aydın / Efeler / Yedi Eylül Mah.","https://www.hepsiemlak.com/_nuxt/8cafc93fb5c74c75e9e04e528e02ccdf.jpg","İmamoğlu Emlak Ofisi","WhatsApp","Levent
                  Balı","https://www.hepsiemlak.com/_nuxt/8cafc93fb5c74c75e9e04e528e02ccdf.jpg","https://www.hepsiemlak.com/_nuxt/8cafc93fb5c74c75e9e04e528e02ccdf.jpg"
"https://www.hepsiemlak.com/aydin-kusadasi-degirmendere-kiralik/residence/78233-5978","1 / 60","45.000","29/08/2026","7/24 Güvenlık-Havuz-Kapalı Otopark-Doğalgazlı Sıte Icerısınde -Sosyal Donanımlı- Kiralık Düx Daire","Kiralık Residence","2 + 1","112 m²","Sıfır Bina","·","Kat","2. Kat","Aydın / Kuşadası / Değirmendere Mah.","https://hecdnnw.hemlak.com/mncropresize/77/67/logo/3/3/2/8/7/0/ecb0acc8-e088-49f0-a7b1-cbed60d4b117.jpg","A_class Gayrimenkul&inşaat","WhatsApp","","",""
"https://www.hepsiemlak.com/aydin-efeler-ata-kiralik/daire/71291-2966","1 / 19","25.000","02/09/2026","Gaziemlak Tan Ata Mah Cadde Üzeri 3+1 120 M2 Daire Kiralıktır","Kiralık Daire","3 + 1","140 m²","10 Yaşında","·","Kat","3. Kat","Aydın / Efeler / Ata Mah.","https://hecdnnw.hemlak.com/mncropresize/77/67/logo/1/9/2/1/7/0/3c55a791-3353-4bea-b787-0553ff45f27b.jpg","Gazi Emlak","WhatsApp","İrfan
                  Gümüş","https://hecdnnw.hemlak.com/mncropresize/77/67/firmuser/3/7/4/3/5/3/1/2209e760-74d6-4e3b-966b-649846c5dc55.jpeg",""
"https://www.hepsiemlak.com/aydin-nazilli-isabeyli-kiralik/daire/46102-204","1 / 19","13.000","08/09/2026","Nazilli Ege Emlak Ofisinden İsabeyli' De Kiralık Eşyalı Dubleks 1+1 Daire","Kiralık Daire","1 + 1","90 m²","8 Yaşında","·","Kat","Zemin","Aydın / Nazilli / İsabeyli Mah.","","Ege Emlak Ofisi","WhatsApp","Süleyman
                  Doğan","https://hecdnnw.hemlak.com/mncropresize/77/67/firmuser/9/9/7/6/7/8/8e393104-6537-4fdb-a212-56a1f6b3ce8d.jpg",""
"https://www.hepsiemlak.com/aydin-cine-hamitabat-kiralik/daire/0-47256971","1 / 12","15.000","07/09/2026","Doğalgazlı 1+1 Teras Kat Daire","Kiralık Daire","1 + 1","85 m²","15 Yaşında","·","Kat","Teras Katı","Aydın / Çine / Hamitabat Mah.","https://hecdn01.hemlak.com/mncropresize/182/137/ds01/1/7/9/6/5/2/7/4/GjZ7i8VVodHFvRXjSAwqJ.jpg","","WhatsApp","","",""
"https://www.hepsiemlak.com/aydin-nazilli-isabeyli-kiralik/daire/166413-99","1 / 12","16.500","03/09/2026","İsabeylide Kiralık Full Eşyalı 2+1 Daire","Kiralık Daire","2 + 1","75 m²","6 Yaşında","·","Kat","1. Kat","Aydın / Nazilli / İsabeyli Mah.","https://www.hepsiemlak.com/_nuxt/8cafc93fb5c74c75e9e04e528e02ccdf.jpg","Işık Gayrimenkul","WhatsApp","","https://www.hepsiemlak.com/img/loadings/noImage55-55.png",""
"https://www.hepsiemlak.com/aydin-didim-hisar-kiralik/daire/148098-1248","1 / 18","26.000","03/09/2026","Didim Merkezde Kiralık 3+1 Daire","Kiralık Daire","3 + 1","90 m²","21 Yaşında","·","Kat","2. Kat","Aydın / Didim / Hisar Mah.","https://www.hepsiemlak.com/_nuxt/8cafc93fb5c74c75e9e04e528e02ccdf.jpg","Remax Cool","WhatsApp","","https://www.hepsiemlak.com/_nuxt/8cafc93fb5c74c75e9e04e528e02ccdf.jpg",""
"https://www.hepsiemlak.com/aydin-efeler-mesrutiyet-kiralik/daire/166523-102","1 / 18","25.000","02/09/2026","Aydın Meşrutiyet Mahallesi'nde Kiralık 3+1 Daire","Kiralık Daire","3 + 1","130 m²","26 Yaşında","·","Kat","1. Kat","Aydın / Efeler / Meşrutiyet Mah.","https://www.hepsiemlak.com/_nuxt/8cafc93fb5c74c75e9e04e528e02ccdf.jpg","Gürce Gayrimenkul","WhatsApp","","https://www.hepsiemlak.com/_nuxt/8cafc93fb5c74c75e9e04e528e02ccdf.jpg",""
"https://www.hepsiemlak.com/aydin-efeler-adnan-menderes-kiralik/daire/160231-226","1 / 17","28.000","02/09/2026","Tued'den 2+1 Kiralık Daire","Kiralık Daire","2 + 1","90 m²","1 Yaşında","·","Kat","2. Kat","Aydın / Efeler / Adnan Menderes Mah.","https://www.hepsiemlak.com/_nuxt/8cafc93fb5c74c75e9e04e528e02ccdf.jpg","Tued Gayrimenkul","WhatsApp","Halil
                  Kaya","https://www.hepsiemlak.com/_nuxt/8cafc93fb5c74c75e9e04e528e02ccdf.jpg","https://www.hepsiemlak.com/_nuxt/8cafc93fb5c74c75e9e04e528e02ccdf.jpg"
"https://www.hepsiemlak.com/aydin-efeler-zafer-kiralik/daire/162183-266","1 / 15","32.500","08/09/2026","Zafer Mah Adü Ye Yakın Lüks Eşyalı 2+1 Sıfır Daire","Kiralık Daire","2 + 1","70 m²","Sıfır Bina","·","Kat","1. Kat","Aydın / Efeler / Zafer Mah.","https://www.hepsiemlak.com/_nuxt/8cafc93fb5c74c75e9e04e528e02ccdf.jpg","Koca Gayrimenkul","WhatsApp","Onur
                  Göven","","https://www.hepsiemlak.com/_nuxt/8cafc93fb5c74c75e9e04e528e02ccdf.jpg"
"https://www.hepsiemlak.com/aydin-efeler-orta-kiralik/daire/168594-86","1 / 17","18.500","01/09/2026","Nirvana Gayrimenkul'den Orta Mahallede Kiralık 2+1 Daire","Kiralık Daire","2 + 0","85 m²","10 Yaşında","·","Kat","1. Kat","Aydın / Efeler / Orta Mah.","https://www.hepsiemlak.com/_nuxt/8cafc93fb5c74c75e9e04e528e02ccdf.jpg","Nirvana Gayrimenkul Aydın","WhatsApp","","https://www.hepsiemlak.com/_nuxt/8cafc93fb5c74c75e9e04e528e02ccdf.jpg",""
"https://www.hepsiemlak.com/aydin-nazilli-isabeyli-kiralik/daire/134615-970","1 / 24","12.000","28/08/2026","Dyg Danışmanlık Hizmetlerinden Kiralık 1+1 Eşyalı Daire","Kiralık Daire","1 + 1","45 m²","6 Yaşında","·","Kat","1. Kat","Aydın / Nazilli / İsabeyli Mah.","https://www.hepsiemlak.com/_nuxt/8cafc93fb5c74c75e9e04e528e02ccdf.jpg","Dyg Danışmanlık Hizmetleri","WhatsApp","Avni
                  Demir","","https://www.hepsiemlak.com/_nuxt/8cafc93fb5c74c75e9e04e528e02ccdf.jpg"
"https://www.hepsiemlak.com/aydin-efeler-girne-kiralik/daire/128861-492","1 / 36","35.500","27/08/2026","Kiralık 2+1 140 Metrekare Doğalgazlı Zemin Üstü 1 Kat","Kiralık Daire","2 + 1","145 m²","35 Yaşında","·","Kat","Ara Kat","Aydın / Efeler / Girne Mah.","https://www.hepsiemlak.com/_nuxt/8cafc93fb5c74c75e9e04e528e02ccdf.jpg","Evfon Altınkonak Gayrimenkul","WhatsApp","Rabia
                  Mayda","https://www.hepsiemlak.com/_nuxt/8cafc93fb5c74c75e9e04e528e02ccdf.jpg","https://www.hepsiemlak.com/_nuxt/8cafc93fb5c74c75e9e04e528e02ccdf.jpg"
"https://www.hepsiemlak.com/aydin-kusadasi-turkmen-kiralik/daire/131922-440","1 / 27","43.000","26/08/2026","Kuşadası Merkezde Kiralık 3+1 Daire","Kiralık Daire","3 + 1","125 m²","11 Yaşında","·","Kat","2. Kat","Aydın / Kuşadası / Türkmen Mah.","https://www.hepsiemlak.com/_nuxt/8cafc93fb5c74c75e9e04e528e02ccdf.jpg","Qr Qualıty Real Estate Gayrimenkul Hizmetleri","WhatsApp","","https://www.hepsiemlak.com/_nuxt/8cafc93fb5c74c75e9e04e528e02ccdf.jpg",""
"https://www.hepsiemlak.com/aydin-kusadasi-ege-kiralik/daire/147107-56","1 / 35","57.000","25/08/2026","Deniz Manzaralı Kiralık Çatı Dubleks","Kiralık Daire","5 + 1","120 m²","16 Yaşında","·","Kat","5. Kat","Aydın / Kuşadası / Ege Mah.","https://www.hepsiemlak.com/_nuxt/8cafc93fb5c74c75e9e04e528e02ccdf.jpg","Günışığı Gayrimenkul","WhatsApp","","https://www.hepsiemlak.com/_nuxt/8cafc93fb5c74c75e9e04e528e02ccdf.jpg",""
"https://www.hepsiemlak.com/aydin-kusadasi-ikicesmelik-kiralik/daire/169668-16","1 / 17","37.000","08/09/2026","Kuşadası Eşin Vadi'de Yeni Eşyalı Kiralık 3+1 Daire","Kiralık Daire","3 + 1","130 m²","4 Yaşında","·","Kat","Giriş Katı","Aydın / Kuşadası / İkiçeşmelik Mah.","https://www.hepsiemlak.com/_nuxt/8cafc93fb5c74c75e9e04e528e02ccdf.jpg","Kevser Alak Gayrimenkul Danışmanlığı","WhatsApp","Kevser
                  Alak","","https://www.hepsiemlak.com/_nuxt/8cafc93fb5c74c75e9e04e528e02ccdf.jpg"
"https://www.hepsiemlak.com/aydin-efeler-zafer-kiralik/daire/169362-50","1 / 23","23.000","06/09/2026","Vma Gayrımenkul’den Zafer Mahallesı’nde Kıralık 1 + 1 Eşyalı Daıre","Kiralık Daire","1 + 1","80 m²","12 Yaşında","·","Kat","1. Kat","Aydın / Efeler / Zafer Mah.","https://www.hepsiemlak.com/_nuxt/8cafc93fb5c74c75e9e04e528e02ccdf.jpg","Vma Gayrimenkul","WhatsApp","","https://www.hepsiemlak.com/_nuxt/8cafc93fb5c74c75e9e04e528e02ccdf.jpg",""
"https://www.hepsiemlak.com/aydin-incirliova-cumhuriyet-kiralik/daire/150777-68","1 / 18","17.500","07/09/2026","Solak Emlak'tan Kiralık Cumhuriyet Mah. 2+0 Sıfır Daire Arakat","Kiralık Daire","2 + 0","70 m²","Sıfır Bina","·","Kat","2. Kat","Aydın / İncirliova / Cumhuriyet Mah.","https://www.hepsiemlak.com/_nuxt/8cafc93fb5c74c75e9e04e528e02ccdf.jpg","","WhatsApp","","",""
"https://www.hepsiemlak.com/aydin-efeler-cumhuriyet-kiralik/daire/141451-254","1 / 26","22.500","10/09/2026","Aydın Efeler Cumhuriyet Mahallesinde Kiralık 3+1 Köşe Daire!","Kiralık Daire","3 + 1","120 m²","26 Yaşında","·","Kat","1. Kat","Aydın / Efeler / Cumhuriyet Mah.","https://www.hepsiemlak.com/_nuxt/8cafc93fb5c74c75e9e04e528e02ccdf.jpg","Remax Pin","WhatsApp","Emre
                  Özkaya","https://www.hepsiemlak.com/_nuxt/8cafc93fb5c74c75e9e04e528e02ccdf.jpg","https://www.hepsiemlak.com/_nuxt/8cafc93fb5c74c75e9e04e528e02ccdf.jpg"
"https://www.hepsiemlak.com/aydin-kusadasi-davutlar-kiralik/daire/159226-107","1 / 11","25.000","06/09/2026","Davutlar Sahil Bölgesinde Eşyalı Kiralık 2+1 Daireler","Kiralık Daire","2 + 1","80 m²","11 Yaşında","·","Kat","2. Kat","Aydın / Kuşadası / Davutlar Mah.","https://www.hepsiemlak.com/_nuxt/8cafc93fb5c74c75e9e04e528e02ccdf.jpg","Bimas Gayrimenkul","WhatsApp","","https://www.hepsiemlak.com/_nuxt/8cafc93fb5c74c75e9e04e528e02ccdf.jpg",""
"https://www.hepsiemlak.com/aydin-didim-ak-yenikoy-kiralik/daire/134414-586","1 / 11","30.000","28/08/2026","Didim Yeşiltepe’de Doğayla İç İçe, Ferah Ve Modern Kiralık 3+1 Köşe Daire","Kiralık Daire","3 + 1","140 m²","1 Yaşında","·","Kat","En Üst Kat","Aydın / Didim / Ak - Yeniköy Mah.","https://www.hepsiemlak.com/_nuxt/8cafc93fb5c74c75e9e04e528e02ccdf.jpg","Luva Emlak","WhatsApp","Merve Yudum
                  Gök","https://www.hepsiemlak.com/_nuxt/8cafc93fb5c74c75e9e04e528e02ccdf.jpg","https://www.hepsiemlak.com/_nuxt/8cafc93fb5c74c75e9e04e528e02ccdf.jpg"
"https://www.hepsiemlak.com/aydin-didim-mersindere-kiralik/daire/0-47142731","1 / 11","28.000","03/09/2026","2+1 Ayrı Mutfak.Didim","Kiralık Daire","2 + 1","100 m²","10 Yaşında","·","Kat","Bahçe Katı","Aydın / Didim / Mersindere Mah.","https://www.hepsiemlak.com/_nuxt/8cafc93fb5c74c75e9e04e528e02ccdf.jpg","","WhatsApp","","",""
"https://www.hepsiemlak.com/aydin-efeler-yedi-eylul-kiralik/daire/68088-1421","1 / 27","34.000","18/08/2026","Rw Alyanstan 7 Eylül Mh. İçi Full Yapılı Ara Kat 3+1 Kirlık","Kiralık Daire","3 + 1","155 m²","16 Yaşında","·","Kat","2. Kat","Aydın / Efeler / Yedi Eylül Mah.","https://www.hepsiemlak.com/_nuxt/8cafc93fb5c74c75e9e04e528e02ccdf.jpg","Realty World Alyans Gayrimenkul","WhatsApp","","https://www.hepsiemlak.com/_nuxt/8cafc93fb5c74c75e9e04e528e02ccdf.jpg",""
"https://www.hepsiemlak.com/aydin-soke-kemalpasa-kiralik/daire/95207-944","1 / 25","35.000","23/08/2026","Kuşadası Golf'te 2+1, Koru Manzaralı Balkon, Arka Bahçeli","Kiralık Daire","2 + 1","80 m²","11 Yaşında","·","Kat","2. Kat","Aydın / Söke / Kemalpaşa Mah.","https://www.hepsiemlak.com/_nuxt/8cafc93fb5c74c75e9e04e528e02ccdf.jpg","Startkey City","WhatsApp","","https://www.hepsiemlak.com/_nuxt/8cafc93fb5c74c75e9e04e528e02ccdf.jpg",""
"https://www.hepsiemlak.com/aydin-efeler-zafer-kiralik/daire/131814-401","1 / 13","17.000","02/09/2026","Zafer Doğu Gazi Bulvarında 1+1 Eşyalı Fırsat Daire","Kiralık Daire","1 + 1","60 m²","7 Yaşında","·","Kat","2. Kat","Aydın / Efeler / Zafer Mah.","https://www.hepsiemlak.com/_nuxt/8cafc93fb5c74c75e9e04e528e02ccdf.jpg","Konak Gayrimenkul","WhatsApp","","https://www.hepsiemlak.com/_nuxt/8cafc93fb5c74c75e9e04e528e02ccdf.jpg",""
"https://www.hepsiemlak.com/aydin-nazilli-isabeyli-kiralik/daire/123971-1143","1 / 14","11.000","20/08/2026","Aydın Nazilli İsabeyli Mahallesinde Kiralık 1+1 Eşyalı Daire","Kiralık Daire","1 + 1","55 m²","9 Yaşında","·","Kat","3. Kat","Aydın / Nazilli / İsabeyli Mah.","https://hecdnnw.hemlak.com/mncropresize/77/67/logo/1/7/9/3/2/1/30c37dfd-0aaa-4104-bc8f-fa7846da5064.jpg","Parador Gayrimenkul","WhatsApp","Selin
                  Girgin","https://hecdnnw.hemlak.com/mncropresize/77/67/firmuser/6/7/8/4/2/9/2/8a694533-84a9-4548-8f92-73b5b58be1a3.jpg",""
"https://www.hepsiemlak.com/aydin-kosk-sogukkuyu-kiralik/daire/0-47248659","1 / 10","25.000","05/09/2026","Sahibinden Kiralık Daire","Kiralık Daire","3 + 1","145 m²","10 Yaşında","·","Kat","Ara Kat","Aydın / Köşk / Soğukkuyu Mah.","","","","","",""
"https://www.hepsiemlak.com/aydin-efeler-cumhuriyet-kiralik/daire/127968-447","1 / 30","27.000","03/09/2026","Aydın Cumhuriyet Mah.4+1 Kiralık  Daire","Kiralık Daire","4 + 1","170 m²","10 Yaşında","·","Kat","1. Kat","Aydın / Efeler / Cumhuriyet Mah.","https://hecdnnw.hemlak.com/mncropresize/77/67/logo/8/6/9/7/2/1/9050122f-2080-4b0c-ab33-61ffaa7260d0.jpeg","İlke Gayrimenkul","WhatsApp","İlknur
                  Şener","https://hecdnnw.hemlak.com/mncropresize/77/67/firmuser/2/4/4/7/8/1/3/c863d8c2-5cee-4be5-94c0-0aa87d618b52.jpg",""
"https://www.hepsiemlak.com/aydin-kusadasi-ikicesmelik-kiralik/daire/84929-15152","1 / 20","36.000","07/09/2026","Kuşadası Armada Loft Sitesinde Havuzlu Güvenlikli Doğalgazlı 2+1","Kiralık Daire","2 + 1","105 m²","2 Yaşında","·","Kat","2. Kat","Aydın / Kuşadası / İkiçeşmelik Mah.","https://hecdn01.hemlak.com/mncropresize/182/137/ds01/8/2/1/8/4/9/6/4/fbcc2ec0-2ab3-4bc6-87d8-893cb5940a44.jpg","Level 61","WhatsApp","","https://hecdnnw.hemlak.com/mncropresize/77/67/logo/9/2/9/4/8/0/0eef5d45-cf3f-41af-bdf3-3723db5f51dc.jpg",""
"https://www.hepsiemlak.com/aydin-didim-akbuk-kiralik/villa/3734-1620","1 / 29","37.500","04/09/2026","Didim Akbük Merkezde / Eşyalı / Kiralık Yazlık","Kiralık Villa","3 + 1","155 m²","31 Yaşında","·","Kat","","Aydın / Didim / Akbük Mah.","https://www.hepsiemlak.com/_nuxt/8cafc93fb5c74c75e9e04e528e02ccdf.jpg","Abs Emlak","WhatsApp","Yunus
                  Yalvaç","https://www.hepsiemlak.com/_nuxt/8cafc93fb5c74c75e9e04e528e02ccdf.jpg","https://www.hepsiemlak.com/_nuxt/8cafc93fb5c74c75e9e04e528e02ccdf.jpg"
"https://www.hepsiemlak.com/aydin-kusadasi-turkmen-kiralik/daire/18495-4120","1 / 12","50.000","24/08/2026","Marinada Kiralık 3+1 Daire","Kiralık Daire","3 + 1","248 m²","16 Yaşında","·","Kat","1. Kat","Aydın / Kuşadası / Türkmen Mah.","https://www.hepsiemlak.com/_nuxt/8cafc93fb5c74c75e9e04e528e02ccdf.jpg","Blue Bırds Ada Gayrimenkul","WhatsApp","Hüseyin 
                  Özkan","https://www.hepsiemlak.com/_nuxt/8cafc93fb5c74c75e9e04e528e02ccdf.jpg","https://www.hepsiemlak.com/_nuxt/8cafc93fb5c74c75e9e04e528e02ccdf.jpg"
"https://www.hepsiemlak.com/aydin-efeler-orta-kiralik/daire/147624-294","1 / 35","18.500","20/08/2026","Üniversite Yakın Esyalı 1+1 Asansörlü-Otoparklı","Kiralık Daire","1 + 1","45 m²","6 Yaşında","·","Kat","2. Kat","Aydın / Efeler / Orta Mah.","https://www.hepsiemlak.com/_nuxt/8cafc93fb5c74c75e9e04e528e02ccdf.jpg","Eray Gider Gayrimenkul","WhatsApp","Eray
                  Gider","https://www.hepsiemlak.com/_nuxt/8cafc93fb5c74c75e9e04e528e02ccdf.jpg","https://www.hepsiemlak.com/_nuxt/8cafc93fb5c74c75e9e04e528e02ccdf.jpg"
"https://www.hepsiemlak.com/aydin-nazilli-yesil-kiralik/daire/137179-573","1 / 35","18.000","17/08/2026","Miray Emlaktan Yeşilmahallede Doğalgazlı Kiralık 2+1 Daire","Kiralık Daire","2 + 1","120 m²","16 Yaşında","·","Kat","2. Kat","Aydın / Nazilli / Yeşil Mah.","https://www.hepsiemlak.com/_nuxt/8cafc93fb5c74c75e9e04e528e02ccdf.jpg","","WhatsApp","","",""
"https://www.hepsiemlak.com/aydin-efeler-orta-kiralik/daire/124121-785","1 / 60","13.500","18/08/2026","Eşyalı 1+0 Klimalı","Kiralık Daire","1 + 1","40 m²","8 Yaşında","·","Kat","Ara Kat","Aydın / Efeler / Orta Mah.","https://www.hepsiemlak.com/_nuxt/8cafc93fb5c74c75e9e04e528e02ccdf.jpg","Mert Gayrimenkul","WhatsApp","","https://www.hepsiemlak.com/_nuxt/8cafc93fb5c74c75e9e04e528e02ccdf.jpg",""
"https://www.hepsiemlak.com/aydin-kusadasi-ikicesmelik-kiralik/residence/78233-5970","1 / 60","60.000","29/08/2026","Merkeze Yakın-Guvenlık-Havuz-Otopark-Full Eşyalı-Lüx Kiralık 3+1 Daire","Kiralık Residence","3 + 1","125 m²","1 Yaşında","·","Kat","2. Kat","Aydın / Kuşadası / İkiçeşmelik Mah.","https://www.hepsiemlak.com/_nuxt/8cafc93fb5c74c75e9e04e528e02ccdf.jpg","A_class Gayrimenkul&inşaat","WhatsApp","","https://www.hepsiemlak.com/_nuxt/8cafc93fb5c74c75e9e04e528e02ccdf.jpg",""
"https://www.hepsiemlak.com/aydin-kusadasi-turkmen-kiralik/daire/28110-16621","1 / 3","60.000","07/09/2026","Marınada Denız Manzaralı Kıralık Daıre","Kiralık Daire","3 + 1","160 m²","23 Yaşında","·","Kat","4. Kat","Aydın / Kuşadası / Türkmen Mah.","https://www.hepsiemlak.com/_nuxt/8cafc93fb5c74c75e9e04e528e02ccdf.jpg","Remax Pasha 1","WhatsApp","","https://www.hepsiemlak.com/_nuxt/8cafc93fb5c74c75e9e04e528e02ccdf.jpg",""
"https://www.hepsiemlak.com/aydin-didim-efeler-kiralik/daire/47321-1558","1 / 21","38.000","07/09/2026","Didim'in En Güzel Sitesin'de 2+1 Eşyalı Havuzlu Aksel Başkent Emlak'tan","Kiralık Daire","2 + 1","75 m²","2 Yaşında","·","Kat","Ara Kat","Aydın / Didim / Efeler Mah.","https://www.hepsiemlak.com/_nuxt/8cafc93fb5c74c75e9e04e528e02ccdf.jpg","Aksel Başkent Emlak","WhatsApp","","https://www.hepsiemlak.com/_nuxt/8cafc93fb5c74c75e9e04e528e02ccdf.jpg",""
"https://www.hepsiemlak.com/aydin-efeler-hasanefendi-ramazan-pasa-kiralik/daire/5625-3455","1 / 24","24.500","03/09/2026","Aydın Efeler Hasanefendi Mah. Eşyalı 1+1 Kiralık Daire","Kiralık Daire","1 + 1","50 m²","12 Yaşında","·","Kat","Ara Kat","Aydın / Efeler / Hasanefendi - Ramazan Paşa Mah.","https://www.hepsiemlak.com/_nuxt/8cafc93fb5c74c75e9e04e528e02ccdf.jpg","Sun Investment","WhatsApp","Sun
                  Investment","https://www.hepsiemlak.com/_nuxt/8cafc93fb5c74c75e9e04e528e02ccdf.jpg","https://www.hepsiemlak.com/_nuxt/8cafc93fb5c74c75e9e04e528e02ccdf.jpg"
"https://www.hepsiemlak.com/aydin-nazilli-sumer-kiralik/daire/94120-40","1 / 12","12.000","29/08/2026","Konut Emlaktan Sümer Mah De Kiralık 2+0 Doğalgazlı Daire","Kiralık Daire","2 + 0","90 m²","16 Yaşında","·","Kat","Yüksek Giriş","Aydın / Nazilli / Sümer Mah.","https://www.hepsiemlak.com/_nuxt/8cafc93fb5c74c75e9e04e528e02ccdf.jpg","Konut Emlak Gayrimenkul","WhatsApp","","https://www.hepsiemlak.com/_nuxt/8cafc93fb5c74c75e9e04e528e02ccdf.jpg",""
"https://www.hepsiemlak.com/aydin-kusadasi-hacifeyzullah-kiralik/daire/162753-17","1 / 12","38.000","03/09/2026","Kuşadası Greenport'ta Kiralık","Kiralık Daire","2 + 1","80 m²","2 Yaşında","·","Kat","Bahçe Katı","Aydın / Kuşadası / Hacıfeyzullah Mah.","https://www.hepsiemlak.com/_nuxt/8cafc93fb5c74c75e9e04e528e02ccdf.jpg","Egem Gayrimenkul Ve Emlak Danışmanlığı","WhatsApp","Sinan
                  Seven","","https://www.hepsiemlak.com/_nuxt/8cafc93fb5c74c75e9e04e528e02ccdf.jpg"
"https://www.hepsiemlak.com/aydin-efeler-zafer-kiralik/daire/162183-254","1 / 15","25.000","05/09/2026","Zafer Mahallesinde Kiralık Full Eşyalı Ultra Geniş 2 Kişilik 1+1","Kiralık Daire","1 + 1","55 m²","6 Yaşında","·","Kat","1. Kat","Aydın / Efeler / Zafer Mah.","https://www.hepsiemlak.com/_nuxt/8cafc93fb5c74c75e9e04e528e02ccdf.jpg","Koca Gayrimenkul","WhatsApp","Onur
                  Göven","","https://www.hepsiemlak.com/_nuxt/8cafc93fb5c74c75e9e04e528e02ccdf.jpg"
"https://www.hepsiemlak.com/aydin-didim-hisar-kiralik/villa/148098-1241","1 / 34","48.000","31/08/2026","Didim Hisar Mahallesi'nde Kıralık 3+1 Giyinme Odalı Villa","Kiralık Villa","3 + 1","130 m²","4 Yaşında","·","Kat","","Aydın / Didim / Hisar Mah.","https://www.hepsiemlak.com/_nuxt/8cafc93fb5c74c75e9e04e528e02ccdf.jpg","Remax Cool","WhatsApp","","https://www.hepsiemlak.com/_nuxt/8cafc93fb5c74c75e9e04e528e02ccdf.jpg",""
"https://www.hepsiemlak.com/aydin-efeler-adnan-menderes-kiralik/daire/95910-2403","1 / 43","47.000","28/08/2026","Aydın Efeler A. Menderes Mahallesi 3+1 Doğalgaz Kombili Kiralık Daire","Kiralık Daire","3 + 1","155 m²","7 Yaşında","·","Kat","6. Kat","Aydın / Efeler / Adnan Menderes Mah.","https://www.hepsiemlak.com/_nuxt/8cafc93fb5c74c75e9e04e528e02ccdf.jpg","","WhatsApp","","",""
"https://www.hepsiemlak.com/aydin-efeler-adnan-menderes-kiralik/daire/119895-4231","1 / 35","95.000","01/09/2026","Aydın Armada Life Residence'da 4+1 Kiralık Lüks Daire","Kiralık Daire","4 + 1","350 m²","11 Yaşında","·","Kat","1. Kat","Aydın / Efeler / Adnan Menderes Mah.","https://www.hepsiemlak.com/_nuxt/8cafc93fb5c74c75e9e04e528e02ccdf.jpg","Kw Alesta-viya-orsa 3","WhatsApp","","https://www.hepsiemlak.com/_nuxt/8cafc93fb5c74c75e9e04e528e02ccdf.jpg",""
"https://www.hepsiemlak.com/aydin-kusadasi-davutlar-kiralik/daire/145403-737","1 / 23","20.000","06/09/2026","Kuşadası Davutlarda Kiralık 2+1 Ayrı Mutfak Daire","Kiralık Daire","2 + 1","100 m²","16 Yaşında","·","Kat","4. Kat","Aydın / Kuşadası / Davutlar Mah.","https://www.hepsiemlak.com/_nuxt/8cafc93fb5c74c75e9e04e528e02ccdf.jpg","Ada Address Gayrimenkul","WhatsApp","","https://www.hepsiemlak.com/_nuxt/8cafc93fb5c74c75e9e04e528e02ccdf.jpg",""
"https://www.hepsiemlak.com/aydin-kusadasi-kirazli-kiralik/daire/141887-262","1 / 29","20.000","05/09/2026","Kirazlı Yolunda Eşin Vadi Orman Manzaralı 2+1 Daire Kiralık","Kiralık Daire","2 + 1","95 m²","1 Yaşında","·","Kat","1. Kat","Aydın / Kuşadası / Kirazlı Mah.","https://www.hepsiemlak.com/_nuxt/8cafc93fb5c74c75e9e04e528e02ccdf.jpg","Uzay Ada Gayrimenkul Yatırım Danışmanlık","WhatsApp","Alp
                  Onuralp","https://www.hepsiemlak.com/_nuxt/8cafc93fb5c74c75e9e04e528e02ccdf.jpg","https://www.hepsiemlak.com/_nuxt/8cafc93fb5c74c75e9e04e528e02ccdf.jpg"
"https://www.hepsiemlak.com/aydin-nazilli-turan-kiralik/daire/124575-54","1 / 27","22.000","14/08/2026","Nazilli Turan Mahallesi'nde Kiralık 3+1 Merkezi Daire","Kiralık Daire","3 + 1","120 m²","25 Yaşında","·","Kat","3. Kat","Aydın / Nazilli / Turan Mah.","https://www.hepsiemlak.com/_nuxt/8cafc93fb5c74c75e9e04e528e02ccdf.jpg","Nazilli Yılmaz Emlak","WhatsApp","","https://www.hepsiemlak.com/_nuxt/8cafc93fb5c74c75e9e04e528e02ccdf.jpg",""
"https://www.hepsiemlak.com/aydin-efeler-orta-kiralik/daire/125916-411","1 / 43","25.000","13/08/2026","Aydın Güzelhisar Mahallesinde 2+1 Kiralık Daire","Kiralık Daire","2 + 1","88 m²","9 Yaşında","·","Kat","En Üst Kat","Aydın / Efeler / Orta Mah.","https://www.hepsiemlak.com/_nuxt/8cafc93fb5c74c75e9e04e528e02ccdf.jpg","Karadeniz Emlak","WhatsApp","","https://www.hepsiemlak.com/_nuxt/8cafc93fb5c74c75e9e04e528e02ccdf.jpg",""
"https://www.hepsiemlak.com/aydin-efeler-zafer-kiralik/daire/40599-4567","1 / 40","23.000","03/09/2026","Hb'den 3+1 Kiralık Daire,Zafer Mh.'de Eşyalı,Klimalı Ferah","Kiralık Daire","3 + 1","120 m²","35 Yaşında","·","Kat","1. Kat","Aydın / Efeler / Zafer Mah.","https://www.hepsiemlak.com/_nuxt/8cafc93fb5c74c75e9e04e528e02ccdf.jpg","Hb Gayrimenkul","WhatsApp","","https://www.hepsiemlak.com/_nuxt/8cafc93fb5c74c75e9e04e528e02ccdf.jpg",""
"https://www.hepsiemlak.com/aydin-efeler-guzelhisar-kiralik/daire/141451-204","1 / 22","25.000","08/09/2026","Remax Pin'den Güzelhisar Mh'de Kiralık 3+1 Geniş Ve Ferah Daire","Kiralık Daire","3 + 1","140 m²","21 Yaşında","·","Kat","5. Kat","Aydın / Efeler / Güzelhisar Mah.","https://hecdnnw.hemlak.com/mncropresize/77/67/logo/1/5/4/1/4/1/e6b3d1aa-3e5f-4c42-a99b-809b0d7d6f73.jpg","Remax Pin","WhatsApp","Emre
                  Özkaya","https://hecdnnw.hemlak.com/mncropresize/77/67/firmuser/3/7/6/8/7/9/3/e3c9dc7e-67fa-41ac-83db-9e7844cc4fd7.jpg",""
"https://www.hepsiemlak.com/aydin-efeler-efeler-kiralik/mustakil-ev/64143-2847","1 / 21","22.000","09/09/2026","Aydın Kiralık Alt Efelerde Müstakil Bahçeli  Ev","Kiralık Müstakil Ev","3 + 1","130 m²","28 Yaşında","·","Kat","","Aydın / Efeler / Efeler Mah.","https://hecdnnw.hemlak.com/mncropresize/77/67/logo/3/4/1/4/6/0/15e0e5c5-5e5e-4f70-a90e-7bafb07f249e.jpg","Alp Gayrimenkul","WhatsApp","Fevzi
                  Köse","https://hecdnnw.hemlak.com/mncropresize/77/67/firmuser/2/1/9/7/5/1/1/4eca8949-0d50-40ac-ae6f-f3f7ea4fb183.png",""
"https://www.hepsiemlak.com/aydin-kusadasi-cumhuriyet-kiralik/daire/104189-3936","1 / 27","25.000","20/08/2026","Kuşadası Merkezde Kiralık İşyeri Yada Mesken","Kiralık Daire","2 + 1","120 m²","25 Yaşında","·","Kat","Villa Katı","Aydın / Kuşadası / Cumhuriyet Mah.","https://hecdnnw.hemlak.com/mncropresize/77/67/logo/9/8/1/4/0/1/807f4072-dc4a-4d72-9fcf-231bbe56bfcd.jpg","Egemen Gayrimenkul Kuşadası","WhatsApp","Melin
                  Babaöz","https://hecdnnw.hemlak.com/mncropresize/77/67/firmuser/5/3/0/7/9/1/2/da891bef-96fd-4e91-883c-bfecb70b7996.jpg",""
"https://www.hepsiemlak.com/aydin-efeler-orta-kiralik/daire/19625-6303","1 / 9","15.000","04/09/2026","Aydın Ege Emlak'tan Orta Mah. Cadde Üzerinde 2+0 50m2 Eşyalı Kiralık Daire","Kiralık Daire","2 + 0","55 m²","7 Yaşında","·","Kat","3. Kat","Aydın / Efeler / Orta Mah.","https://hecdn01.hemlak.com/mncropresize/182/137/ds01/0/2/0/8/1/4/6/4/1775812280767-46418020.jpg","Ege Emlak","WhatsApp","","https://hecdnnw.hemlak.com/mncropresize/77/67/logo/5/2/6/9/1/0/781e3a82-d746-45c3-b3e0-1ca749e7c0f6.jpg",""
"https://www.hepsiemlak.com/aydin-didim-altinkum-kiralik/daire/87783-3235","1 / 18","25.000","07/09/2026","Altınkumda Cennet Koy Karşısı Ara Kat 2+1 Eşyasız Daire","Kiralık Daire","2 + 1","80 m²","12 Yaşında","·","Kat","Ara Kat","Aydın / Didim / Altınkum Mah.","https://www.hepsiemlak.com/_nuxt/8cafc93fb5c74c75e9e04e528e02ccdf.jpg","Tekin Aydın Gayrimenkul","WhatsApp","","https://www.hepsiemlak.com/_nuxt/8cafc93fb5c74c75e9e04e528e02ccdf.jpg",""
"https://www.hepsiemlak.com/aydin-efeler-hasanefendi-ramazan-pasa-kiralik/daire/68088-1436","1 / 26","26.000","04/09/2026","Rw Alyanstan Hasanefendide Kiralık 2+1 Kiralık Daire","Kiralık Daire","2 + 1","70 m²","6 Yaşında","·","Kat","2. Kat","Aydın / Efeler / Hasanefendi - Ramazan Paşa Mah.","https://www.hepsiemlak.com/_nuxt/8cafc93fb5c74c75e9e04e528e02ccdf.jpg","Realty World Alyans Gayrimenkul","WhatsApp","","https://www.hepsiemlak.com/_nuxt/8cafc93fb5c74c75e9e04e528e02ccdf.jpg",""
"https://www.hepsiemlak.com/aydin-nazilli-altintas-kiralik/daire/95031-585","1 / 17","23.000","04/09/2026","Ak Emlak'tan Şehir Merkezinde 180m² Kiralık Geniş Daire","Kiralık Daire","3 + 1","180 m²","30 Yaşında","·","Kat","4. Kat","Aydın / Nazilli / Altıntaş Mah.","https://www.hepsiemlak.com/_nuxt/8cafc93fb5c74c75e9e04e528e02ccdf.jpg","Nazilli Ak Emlak","WhatsApp","","https://www.hepsiemlak.com/_nuxt/8cafc93fb5c74c75e9e04e528e02ccdf.jpg",""
"https://www.hepsiemlak.com/aydin-kusadasi-turkmen-kiralik/daire/122059-1063","1 / 24","30.000","03/09/2026","Kuşadası'nda Eşyalı Kiralık 2+1 Daire Sahile Yürüme Mesafesi","Kiralık Daire","2 + 1","120 m²","21 Yaşında","·","Kat","3. Kat","Aydın / Kuşadası / Türkmen Mah.","https://www.hepsiemlak.com/_nuxt/8cafc93fb5c74c75e9e04e528e02ccdf.jpg","Prime Gayrimenkul Yatırım","WhatsApp","","https://www.hepsiemlak.com/_nuxt/8cafc93fb5c74c75e9e04e528e02ccdf.jpg",""
"https://www.hepsiemlak.com/aydin-efeler-mimar-sinan-kiralik/daire/135805-423","1 / 7","29.000","04/09/2026","Kiralık Mimar Sinan Mah. Full Eşyalı 1+1 Daire Doğalgazlı","Kiralık Daire","1 + 1","60 m²","5 Yaşında","·","Kat","2. Kat","Aydın / Efeler / Mimar Sinan Mah.","https://www.hepsiemlak.com/_nuxt/8cafc93fb5c74c75e9e04e528e02ccdf.jpg","Derya Emlak","WhatsApp","Ramazan
                  Göbek","https://www.hepsiemlak.com/_nuxt/8cafc93fb5c74c75e9e04e528e02ccdf.jpg","https://www.hepsiemlak.com/_nuxt/8cafc93fb5c74c75e9e04e528e02ccdf.jpg"
"https://www.hepsiemlak.com/aydin-efeler-kurtulus-kiralik/daire/0-47175526","1 / 7","15.000","23/08/2026","Kurtuluş Mahallesi Cumhuriyet Caddesi Yakınında Ön Cephe Arakat Kiralık 1+1","Kiralık Daire","1 + 1","55 m²","6 Yaşında","·","Kat","3. Kat","Aydın / Efeler / Kurtuluş Mah.","https://www.hepsiemlak.com/_nuxt/8cafc93fb5c74c75e9e04e528e02ccdf.jpg","","WhatsApp","","",""
"https://www.hepsiemlak.com/aydin-kusadasi-guzelcamli-kiralik/daire/169299-2","1 / 7","20.000","15/08/2026","Cmr Emlak'tan Kiralık 2+1 Daire","Kiralık Daire","2 + 1","75 m²","Sıfır Bina","·","Kat","1. Kat","Aydın / Kuşadası / Güzelçamlı Mah.","https://www.hepsiemlak.com/_nuxt/8cafc93fb5c74c75e9e04e528e02ccdf.jpg","Cmr Emlak","WhatsApp","","https://www.hepsiemlak.com/_nuxt/8cafc93fb5c74c75e9e04e528e02ccdf.jpg",""
"https://www.hepsiemlak.com/aydin-kusadasi-degirmendere-kiralik/villa/169668-31","1 / 13","40.000","05/09/2026","Kevser Alak'tan Kuşadası Merkeze Yakın Eşyalı 4+1 Kiralık Villa","Kiralık Villa","4 + 1","120 m²","21 Yaşında","·","Kat","","Aydın / Kuşadası / Değirmendere Mah.","https://www.hepsiemlak.com/_nuxt/8cafc93fb5c74c75e9e04e528e02ccdf.jpg","Kevser Alak Gayrimenkul Danışmanlığı","WhatsApp","Kevser
                  Alak","","https://www.hepsiemlak.com/_nuxt/8cafc93fb5c74c75e9e04e528e02ccdf.jpg"
"https://www.hepsiemlak.com/aydin-kusadasi-kadinlar-denizi-kiralik/daire/97893-589","1 / 18","22.000","29/08/2026","Eşyalı 1+1 Daire Açıklamalar İlanda","Kiralık Daire","1 + 1","50 m²","16 Yaşında","·","Kat","2. Kat","Aydın / Kuşadası / Kadınlar Denizi Mah.","https://www.hepsiemlak.com/_nuxt/8cafc93fb5c74c75e9e04e528e02ccdf.jpg","Ada Avşar Gayrimenkul Danışmanlığı","WhatsApp","","https://www.hepsiemlak.com/_nuxt/8cafc93fb5c74c75e9e04e528e02ccdf.jpg",""
"https://www.hepsiemlak.com/aydin-kusadasi-ege-kiralik/daire/123719-609","1 / 16","30.000","06/09/2026","Kuşadası Ege Mahallesinde Full Eşyalı Doğalgazlı Kiralık 2+1","Kiralık Daire","2 + 1","75 m²","6 Yaşında","·","Kat","2. Kat","Aydın / Kuşadası / Ege Mah.","https://www.hepsiemlak.com/_nuxt/8cafc93fb5c74c75e9e04e528e02ccdf.jpg","Yetiş Emlak","WhatsApp","","https://www.hepsiemlak.com/_nuxt/8cafc93fb5c74c75e9e04e528e02ccdf.jpg",""
"https://www.hepsiemlak.com/aydin-nazilli-isabeyli-kiralik/daire/123971-1144","1 / 13","9.000","20/08/2026","Aydın Nazilli İsabeyli Mahallesinde Kiralık 1+1 Eşyalı Daire","Kiralık Daire","1 + 1","50 m²","8 Yaşında","·","Kat","Bahçe Katı","Aydın / Nazilli / İsabeyli Mah.","https://www.hepsiemlak.com/_nuxt/8cafc93fb5c74c75e9e04e528e02ccdf.jpg","Parador Gayrimenkul","WhatsApp","Selin
                  Girgin","https://www.hepsiemlak.com/_nuxt/8cafc93fb5c74c75e9e04e528e02ccdf.jpg","https://www.hepsiemlak.com/_nuxt/8cafc93fb5c74c75e9e04e528e02ccdf.jpg"
"https://www.hepsiemlak.com/aydin-kusadasi-degirmendere-kiralik/daire/18495-4096","1 / 12","20.000","14/08/2026","Değirmendere'de Kiralık 1+1 Havuzlu Sitede Daire","Kiralık Daire","1 + 1","60 m²","6 Yaşında","·","Kat","Giriş Katı","Aydın / Kuşadası / Değirmendere Mah.","https://www.hepsiemlak.com/_nuxt/8cafc93fb5c74c75e9e04e528e02ccdf.jpg","Blue Bırds Ada Gayrimenkul","WhatsApp","Hüseyin
                  Özkan","https://www.hepsiemlak.com/_nuxt/8cafc93fb5c74c75e9e04e528e02ccdf.jpg","https://www.hepsiemlak.com/_nuxt/8cafc93fb5c74c75e9e04e528e02ccdf.jpg"
"https://www.hepsiemlak.com/aydin-efeler-orta-kiralik/daire/147624-288","1 / 28","13.500","18/08/2026","Üniversite Yürüme Mesafesinde, Asansörlü, 1. Kat, Otoparklı Balkonlu","Kiralık Daire","1 + 1","45 m²","5 Yaşında","·","Kat","1. Kat","Aydın / Efeler / Orta Mah.","https://www.hepsiemlak.com/_nuxt/8cafc93fb5c74c75e9e04e528e02ccdf.jpg","Eray Gider Gayrimenkul","WhatsApp","Eray
                  Gider","https://www.hepsiemlak.com/_nuxt/8cafc93fb5c74c75e9e04e528e02ccdf.jpg","https://www.hepsiemlak.com/_nuxt/8cafc93fb5c74c75e9e04e528e02ccdf.jpg"
"https://www.hepsiemlak.com/aydin-nazilli-isabeyli-kiralik/daire/137179-520","1 / 34","12.000","19/08/2026","Miray Emlaktan İsabeylide Eşyalı Kiralık 2+0 Daire","Kiralık Daire","2 + 1","60 m²","5 Yaşında","·","Kat","Ara Kat","Aydın / Nazilli / İsabeyli Mah.","https://www.hepsiemlak.com/_nuxt/8cafc93fb5c74c75e9e04e528e02ccdf.jpg","","WhatsApp","","",""
"https://www.hepsiemlak.com/aydin-didim-akbuk-kiralik/daire/105491-257","1 / 12","30.000","03/09/2026","4+1 Eşyasız 2 Wc 2 Banyolu Büyük Teraslı Kiralık","Kiralık Daire","4 + 1","140 m²","15 Yaşında","·","Kat","En Üst Kat","Aydın / Didim / Akbük Mah.","https://www.hepsiemlak.com/_nuxt/8cafc93fb5c74c75e9e04e528e02ccdf.jpg","Turpa Kartal Emlak İnşaat","WhatsApp","","https://www.hepsiemlak.com/_nuxt/8cafc93fb5c74c75e9e04e528e02ccdf.jpg",""
"https://www.hepsiemlak.com/aydin-kusadasi-camikebir-kiralik/daire/139599-95","1 / 34","30.000","07/09/2026","Kuşadası Kiralık 2+1 Eşyalı Daire","Kiralık Daire","2 + 1","110 m²","30 Yaşında","·","Kat","2. Kat","Aydın / Kuşadası / Camikebir Mah.","https://www.hepsiemlak.com/_nuxt/8cafc93fb5c74c75e9e04e528e02ccdf.jpg","","WhatsApp","","",""
"https://www.hepsiemlak.com/aydin-kusadasi-degirmendere-kiralik/daire/171320-11","1 / 22","40.000","02/09/2026","Full Manzaralı Eşyalı Kiralık 3+1","Kiralık Daire","3 + 1","170 m²","16 Yaşında","·","Kat","3. Kat","Aydın / Kuşadası / Değirmendere Mah.","https://www.hepsiemlak.com/_nuxt/8cafc93fb5c74c75e9e04e528e02ccdf.jpg","Firiks Gayrimenkul","WhatsApp","","https://www.hepsiemlak.com/_nuxt/8cafc93fb5c74c75e9e04e528e02ccdf.jpg",""
"https://www.hepsiemlak.com/aydin-cine-karakollar-kiralik/daire/170303-20","1 / 26","20.000","19/08/2026","Fer Group'tan Hastane/cezaevi Yanı 3+1 Geniş Ferah Kiralık Daire","Kiralık Daire","3 + 1","160 m²","11 Yaşında","·","Kat","1. Kat","Aydın / Çine / Karakollar Mah.","https://www.hepsiemlak.com/_nuxt/8cafc93fb5c74c75e9e04e528e02ccdf.jpg","","WhatsApp","","",""
"https://www.hepsiemlak.com/aydin-didim-mavisehir-kiralik/daire/148098-1195","1 / 20","25.000","12/08/2026","Didim Mavişehir Sitesi’nde  2+1 Kiralık Daire","Kiralık Daire","2 + 1","65 m²","30 Yaşında","·","Kat","Teras Katı","Aydın / Didim / Mavişehir Mah.","https://www.hepsiemlak.com/_nuxt/8cafc93fb5c74c75e9e04e528e02ccdf.jpg","Remax Cool","WhatsApp","","https://www.hepsiemlak.com/_nuxt/8cafc93fb5c74c75e9e04e528e02ccdf.jpg",""
"https://www.hepsiemlak.com/aydin-efeler-fatih-kiralik/daire/162183-222","1 / 19","29.000","05/09/2026","Fatih Mahallesinde Kiralık Sıfır Full Eşyalı Lüks 1+1 Daire","Kiralık Daire","1 + 1","40 m²","Sıfır Bina","·","Kat","2. Kat","Aydın / Efeler / Fatih Mah.","https://www.hepsiemlak.com/_nuxt/8cafc93fb5c74c75e9e04e528e02ccdf.jpg","Koca Gayrimenkul","WhatsApp","Onur
                  Göven","","https://www.hepsiemlak.com/_nuxt/8cafc93fb5c74c75e9e04e528e02ccdf.jpg"
"https://www.hepsiemlak.com/aydin-kusadasi-degirmendere-kiralik/daire/141887-200","1 / 15","72.000","10/09/2026","Vista Marin Sitesinde Panoramik Deniz Manzaralı Eşyalı 3+1 Daire","Kiralık Daire","3 + 1","150 m²","1 Yaşında","·","Kat","Yüksek Giriş","Aydın / Kuşadası / Değirmendere Mah.","https://hecdnnw.hemlak.com/mncropresize/77/67/logo/7/8/8/1/4/1/9a0acb51-fc6f-45e2-92a2-86966112f87a.jpg","Uzay Ada Gayrimenkul Yatırım Danışmanlık","WhatsApp","","",""
"https://www.hepsiemlak.com/aydin-efeler-cumhuriyet-kiralik/daire/40599-4509","1 / 40","23.000","08/09/2026","Hb'den 3+1 Kiralık Daire,Cumhuriyet'de Doğalgazlı,Cadde Üzeri","Kiralık Daire","3 + 1","100 m²","20 Yaşında","·","Kat","2. Kat","Aydın / Efeler / Cumhuriyet Mah.","https://hecdnnw.hemlak.com/mncropresize/77/67/logo/9/9/5/0/4/0/8d577b10-7de9-458a-a645-468b4f92d230.jpg","Hb Gayrimenkul","WhatsApp","","",""
"https://www.hepsiemlak.com/aydin-kusadasi-karaova-kiralik/daire/104606-1536","1 / 17","17.000","22/08/2026","Kuşadası Efes Evlerinde Kiralık1+1 Daire","Kiralık Daire","1 + 1","60 m²","13 Yaşında","·","Kat","Bahçe Katı","Aydın / Kuşadası / Karaova Mah.","https://hecdnnw.hemlak.com/mncropresize/77/67/logo/6/0/6/4/0/1/9993b81e-27e2-4bce-a085-04baabf10e2a.jpg","Coldwell Banker Ada","WhatsApp","","",""
"https://www.hepsiemlak.com/aydin-efeler-guzelhisar-kiralik/daire/32184-1284","1 / 17","18.000","18/08/2026","Aydın Kiralık 2+1 Güzelhisar Mahallesi Arakat Asansörlü","Kiralık Daire","2 + 1","100 m²","25 Yaşında","·","Kat","3. Kat","Aydın / Efeler / Güzelhisar Mah.","https://hecdn01.hemlak.com/mncropresize/182/137/ds01/7/9/3/6/3/0/7/4/9d60adba-caca-4615-9d79-f808a9556e46.jpg","Dervişoğlu Berke Emlak","WhatsApp","","https://hecdnnw.hemlak.com/mncropresize/77/67/logo/4/8/1/2/3/0/c809fe9e-0872-442b-a456-9c4e201a60da.jpg",""
"https://www.hepsiemlak.com/aydin-efeler-zafer-kiralik/daire/124121-799","1 / 32","17.000","18/08/2026","Kiralık Daire","Kiralık Daire","2 + 0","70 m²","10 Yaşında","·","Kat","5. Kat","Aydın / Efeler / Zafer Mah.","https://www.hepsiemlak.com/_nuxt/8cafc93fb5c74c75e9e04e528e02ccdf.jpg","Mert Gayrimenkul","WhatsApp","","https://www.hepsiemlak.com/_nuxt/8cafc93fb5c74c75e9e04e528e02ccdf.jpg",""
"https://www.hepsiemlak.com/aydin-didim-akbuk-kiralik/daire/117049-6249","1 / 12","25.000","01/09/2026","Didim Akbükte Kiralık 2+1 Daire","Kiralık Daire","2 + 1","75 m²","Sıfır Bina","·","Kat","En Üst Kat","Aydın / Didim / Akbük Mah.","https://www.hepsiemlak.com/_nuxt/8cafc93fb5c74c75e9e04e528e02ccdf.jpg","Gho Adalılar Gayrimenkul","WhatsApp","","https://www.hepsiemlak.com/_nuxt/8cafc93fb5c74c75e9e04e528e02ccdf.jpg",""
"https://www.hepsiemlak.com/aydin-efeler-osman-yozgatli-kiralik/daire/79589-1478","1 / 24","40.000","22/08/2026","Site İçi-Ara Kat-Önü Açık Ferah Daire","Kiralık Daire","3 + 1","175 m²","6 Yaşında","·","Kat","2. Kat","Aydın / Efeler / Osman Yozgatlı Mah.","https://www.hepsiemlak.com/_nuxt/8cafc93fb5c74c75e9e04e528e02ccdf.jpg","Ege Ayyıldız Gayrimenkul","WhatsApp","Fatih
                  Erol","https://www.hepsiemlak.com/_nuxt/8cafc93fb5c74c75e9e04e528e02ccdf.jpg","https://www.hepsiemlak.com/_nuxt/8cafc93fb5c74c75e9e04e528e02ccdf.jpg"
"https://www.hepsiemlak.com/aydin-efeler-zafer-kiralik/daire/95910-2400","1 / 33","17.500","26/08/2026","Aydın Efeler Zafer Mahallesi 1+1eşyalı Kiralık Daire","Kiralık Daire","1 + 1","55 m²","11 Yaşında","·","Kat","4. Kat","Aydın / Efeler / Zafer Mah.","https://www.hepsiemlak.com/_nuxt/8cafc93fb5c74c75e9e04e528e02ccdf.jpg","","WhatsApp","","",""
"https://www.hepsiemlak.com/aydin-cine-cumhuriyet-kiralik/daire/95326-297","1 / 33","29.000","02/09/2026","Çine Cumhuriyet Mah 3+1 Sıfır Kiralık Daire","Kiralık Daire","3 + 1","110 m²","Sıfır Bina","·","Kat","1. Kat","Aydın / Çine / Cumhuriyet Mah.","https://www.hepsiemlak.com/_nuxt/8cafc93fb5c74c75e9e04e528e02ccdf.jpg","","WhatsApp","","",""
"https://www.hepsiemlak.com/aydin-nazilli-isabeyli-kiralik/daire/124111-290","1 / 18","16.250","27/08/2026","Kampüs Yakını 2+1 Kiralık Daire","Kiralık Daire","2 + 1","60 m²","6 Yaşında","·","Kat","1. Kat","Aydın / Nazilli / İsabeyli Mah.","https://www.hepsiemlak.com/_nuxt/8cafc93fb5c74c75e9e04e528e02ccdf.jpg","Ege Royal Yapı","WhatsApp","Ege Royal
                  Yapı","","https://www.hepsiemlak.com/_nuxt/8cafc93fb5c74c75e9e04e528e02ccdf.jpg"
"https://www.hepsiemlak.com/aydin-kusadasi-degirmendere-kiralik/daire/28110-16530","1 / 30","19.000","31/08/2026","Kuşadası Uydukent  Site İçinde Kısmi Eşyalı 2+1 | 9. Kat | Çift Cephe | Balkonlu","Kiralık Daire","2 + 1","110 m²","25 Yaşında","·","Kat","9. Kat","Aydın / Kuşadası / Değirmendere Mah.","https://www.hepsiemlak.com/_nuxt/8cafc93fb5c74c75e9e04e528e02ccdf.jpg","Remax Pasha 1","WhatsApp","","https://www.hepsiemlak.com/_nuxt/8cafc93fb5c74c75e9e04e528e02ccdf.jpg",""
"https://www.hepsiemlak.com/aydin-efeler-hasanefendi-ramazan-pasa-kiralik/daire/64143-2874","1 / 17","21.000","08/09/2026","Aydın Kiralık Hasanefendi Mah.De Doğalgazlı 1+1","Kiralık Daire","1 + 1","55 m²","6 Yaşında","·","Kat","3. Kat","Aydın / Efeler / Hasanefendi - Ramazan Paşa Mah.","https://www.hepsiemlak.com/_nuxt/8cafc93fb5c74c75e9e04e528e02ccdf.jpg","Alp Gayrimenkul","WhatsApp","Fevzi
                  Köse","https://www.hepsiemlak.com/_nuxt/8cafc93fb5c74c75e9e04e528e02ccdf.jpg","https://www.hepsiemlak.com/_nuxt/8cafc93fb5c74c75e9e04e528e02ccdf.jpg"
"https://www.hepsiemlak.com/aydin-efeler-orta-kiralik/daire/135805-421","1 / 7","15.000","21/08/2026","Aydın Kiralık 1+1 Eşyalı Daire","Kiralık Daire","1 + 1","58 m²","4 Yaşında","·","Kat","4. Kat","Aydın / Efeler / Orta Mah.","https://www.hepsiemlak.com/_nuxt/8cafc93fb5c74c75e9e04e528e02ccdf.jpg","Derya Emlak","WhatsApp","Ramazan
                  Göbek","https://www.hepsiemlak.com/_nuxt/8cafc93fb5c74c75e9e04e528e02ccdf.jpg","https://www.hepsiemlak.com/_nuxt/8cafc93fb5c74c75e9e04e528e02ccdf.jpg"
"https://www.hepsiemlak.com/aydin-kusadasi-cumhuriyet-kiralik/daire/130030-977","1 / 10","30.000","09/09/2026","Tam Merkezde Kıralık Esyalı 2+1","Kiralık Daire","1 + 1","65 m²","6 Yaşında","·","Kat","2. Kat","Aydın / Kuşadası / Cumhuriyet Mah.","https://www.hepsiemlak.com/_nuxt/8cafc93fb5c74c75e9e04e528e02ccdf.jpg","Cihan Gayrimenkul Kuşadası","WhatsApp","Cihan
                  Erdoğan","https://www.hepsiemlak.com/_nuxt/8cafc93fb5c74c75e9e04e528e02ccdf.jpg","https://www.hepsiemlak.com/_nuxt/8cafc93fb5c74c75e9e04e528e02ccdf.jpg"
"https://www.hepsiemlak.com/aydin-incirliova-zafer-kiralik/daire/150777-80","1 / 10","21.000","02/09/2026","Solak Emlak'tan Zafer Mah. Kiralık 2+1 Daire 90 M2","Kiralık Daire","2 + 1","100 m²","5 Yaşında","·","Kat","1. Kat","Aydın / İncirliova / Zafer Mah.","https://www.hepsiemlak.com/_nuxt/8cafc93fb5c74c75e9e04e528e02ccdf.jpg","","WhatsApp","","",""
"https://www.hepsiemlak.com/aydin-kusadasi-davutlar-kiralik/daire/169668-29","1 / 13","20.000","05/09/2026","Davutlar Merkezde Çift Ve Ön Cephe 1+1 Kiralık Daire","Kiralık Daire","1 + 1","45 m²","Sıfır Bina","·","Kat","3. Kat","Aydın / Kuşadası / Davutlar Mah.","https://www.hepsiemlak.com/_nuxt/8cafc93fb5c74c75e9e04e528e02ccdf.jpg","Kevser Alak Gayrimenkul Danışmanlığı","WhatsApp","Kevser
                  Alak","","https://www.hepsiemlak.com/_nuxt/8cafc93fb5c74c75e9e04e528e02ccdf.jpg"
"https://www.hepsiemlak.com/aydin-efeler-mesrutiyet-kiralik/daire/124333-537","1 / 22","24.000","26/08/2026","Aygün Emlak Tan Kiralık","Kiralık Daire","3 + 1","125 m²","25 Yaşında","·","Kat","3. Kat","Aydın / Efeler / Meşrutiyet Mah.","https://www.hepsiemlak.com/_nuxt/8cafc93fb5c74c75e9e04e528e02ccdf.jpg","Aygün Emlak","WhatsApp","","https://www.hepsiemlak.com/_nuxt/8cafc93fb5c74c75e9e04e528e02ccdf.jpg",""
"https://www.hepsiemlak.com/aydin-efeler-cumhuriyet-kiralik/daire/117336-597","1 / 15","19.000","07/09/2026","Cumhurıyet Mahallesı’nde Eşyalı Kıralık Daıre","Kiralık Daire","1 + 1","50 m²","7 Yaşında","·","Kat","1. Kat","Aydın / Efeler / Cumhuriyet Mah.","https://www.hepsiemlak.com/_nuxt/8cafc93fb5c74c75e9e04e528e02ccdf.jpg","Eksper Emlak Gayrimenkul","WhatsApp","","https://www.hepsiemlak.com/_nuxt/8cafc93fb5c74c75e9e04e528e02ccdf.jpg",""
"https://www.hepsiemlak.com/aydin-efeler-orta-kiralik/daire/147624-284","1 / 16","13.500","20/08/2026","Üniversite Yolunda Ve Yürüme Mesafesinde 1+1 Eşyasız","Kiralık Daire","1 + 1","45 m²","7 Yaşında","·","Kat","1. Kat","Aydın / Efeler / Orta Mah.","https://www.hepsiemlak.com/_nuxt/8cafc93fb5c74c75e9e04e528e02ccdf.jpg","Eray Gider Gayrimenkul","WhatsApp","Eray
                  Gider","https://www.hepsiemlak.com/_nuxt/8cafc93fb5c74c75e9e04e528e02ccdf.jpg","https://www.hepsiemlak.com/_nuxt/8cafc93fb5c74c75e9e04e528e02ccdf.jpg"
"https://www.hepsiemlak.com/aydin-kusadasi-degirmendere-kiralik/daire/147107-61","1 / 9","25.000","08/09/2026","Eşyalı 1+1 Daire","Kiralık Daire","1 + 1","60 m²","6 Yaşında","·","Kat","Bahçe Katı","Aydın / Kuşadası / Değirmendere Mah.","https://www.hepsiemlak.com/_nuxt/8cafc93fb5c74c75e9e04e528e02ccdf.jpg","Günışığı Gayrimenkul","WhatsApp","","https://www.hepsiemlak.com/_nuxt/8cafc93fb5c74c75e9e04e528e02ccdf.jpg",""
"https://www.hepsiemlak.com/aydin-efeler-cuma-kiralik/daire/0-47190224","1 / 3","16.750","05/09/2026","Sahibinden 1+1 Sıfır Daire Doğalgazlı Büyükşehir Belediye Mevki","Kiralık Daire","1 + 1","60 m²","2 Yaşında","·","Kat","Kot 2","Aydın / Efeler / Cuma Mah.","https://www.hepsiemlak.com/_nuxt/8cafc93fb5c74c75e9e04e528e02ccdf.jpg","","WhatsApp","","",""
"https://www.hepsiemlak.com/aydin-kusadasi-turkmen-kiralik/villa/161043-286","1 / 3","55.000","26/08/2026","Kuşadası Türkmen Mahallesi Kuyumcular Sitesinde Kiralık","Kiralık Villa","3 + 1","150 m²","21 Yaşında","·","Kat","","Aydın / Kuşadası / Türkmen Mah.","https://www.hepsiemlak.com/_nuxt/8cafc93fb5c74c75e9e04e528e02ccdf.jpg","Century21 Prime","WhatsApp","","https://www.hepsiemlak.com/_nuxt/8cafc93fb5c74c75e9e04e528e02ccdf.jpg",""
"https://www.hepsiemlak.com/aydin-efeler-kurtulus-kiralik/daire/163274-86","1 / 18","20.000","31/08/2026","Kurtuluş Mahallesi'nde 3+1 Kiralık Daire","Kiralık Daire","3 + 1","130 m²","26 Yaşında","·","Kat","2. Kat","Aydın / Efeler / Kurtuluş Mah.","https://www.hepsiemlak.com/_nuxt/8cafc93fb5c74c75e9e04e528e02ccdf.jpg","Erbaş Class Emlak & Gayrimenkul","WhatsApp","Melih
                  Erbaş","https://www.hepsiemlak.com/_nuxt/8cafc93fb5c74c75e9e04e528e02ccdf.jpg","https://www.hepsiemlak.com/_nuxt/8cafc93fb5c74c75e9e04e528e02ccdf.jpg"
"https://www.hepsiemlak.com/aydin-kusadasi-davutlar-kiralik/residence/135728-1202","1 / 23","30.000","21/08/2026","Kuşadası Davutlar Merkezde Kıralık 2 + 1 Havuzlu Daıre","Kiralık Residence","2 + 1","100 m²","6 Yaşında","·","Kat","2. Kat","Aydın / Kuşadası / Davutlar Mah.","https://www.hepsiemlak.com/_nuxt/8cafc93fb5c74c75e9e04e528e02ccdf.jpg","Elit Ada Gayrimenkul","WhatsApp","Umut
                  Hülakü","https://www.hepsiemlak.com/_nuxt/8cafc93fb5c74c75e9e04e528e02ccdf.jpg","https://www.hepsiemlak.com/_nuxt/8cafc93fb5c74c75e9e04e528e02ccdf.jpg"
"https://www.hepsiemlak.com/aydin-nazilli-isabeyli-kiralik/daire/101059-608","1 / 21","16.000","17/08/2026","İsabeyli'de Kampüse 400 Mt Mesafede 2+1 Eşyalı Kiralık Daire","Kiralık Daire","2 + 1","65 m²","7 Yaşında","·","Kat","Zemin","Aydın / Nazilli / İsabeyli Mah.","https://hecdnnw.hemlak.com/mncropresize/77/67/logo/9/5/0/1/0/1/42c2f753-f029-4feb-bc8c-8b34820d6cf4.jpg","Emlak Vadisi","WhatsApp","","",""
"https://www.hepsiemlak.com/aydin-kusadasi-kadinlar-denizi-kiralik/daire/139521-152","1 / 32","25.000","10/09/2026","Kirada İndirim Yaptık! Kadınlar Denizine Yakın-Aidat Yok-Doğa İçinde-Kiralık 2+1 Boş Daire-Kuşadası","Kiralık Daire","2 + 1","90 m²","25 Yaşında","·","Kat","2. Kat","Aydın / Kuşadası / Kadınlar Denizi Mah.","https://hecdnnw.hemlak.com/mncropresize/77/67/logo/1/2/5/9/3/1/325bfee6-f8d7-496d-8940-72a1aac51a90.jpg","7 İnvest 7","WhatsApp","","",""
"https://www.hepsiemlak.com/aydin-efeler-koprulu-veysipasa-kiralik/daire/143947-161","1 / 23","25.000","28/08/2026","Express Gayr. Köprülü Mah 2+1 Kiralık Ofis & Büro Cadde Üzeri","Kiralık Daire","2 + 1","120 m²","21 Yaşında","·","Kat","2. Kat","Aydın / Efeler / Köprülü - Veysipaşa Mah.","","Express Gayrimenkul","WhatsApp","Ümran
                  Ünal Tümtürk","https://hecdnnw.hemlak.com/mncropresize/77/67/firmuser/7/4/8/7/5/0/4/0b70d0d1-400e-43a8-b8f4-eb882c025872.jpg",""
"https://www.hepsiemlak.com/aydin-kusadasi-guzelcamli-kiralik/daire/153691-67","1 / 16","20.000","11/08/2026","Denize Ve Merkeze Çok Yakın 1+1 Ful Eşyalı Kiralık Daıre","Kiralık Daire","1 + 1","55 m²","21 Yaşında","·","Kat","Giriş Katı","Aydın / Kuşadası / Güzelçamlı Mah.","https://hecdn01.hemlak.com/mncropresize/182/137/ds01/6/4/0/3/2/9/6/4/a39a9835-cbe3-4f96-a241-994573bd6f65.jpg","Öztürk Yapı Emlak","WhatsApp","","https://hecdnnw.hemlak.com/mncropresize/77/67/logo/1/9/6/3/5/1/d4a2e628-16ec-4363-8cda-0bdae446a384.jpg",""
"https://www.hepsiemlak.com/aydin-kusadasi-ikicesmelik-kiralik/daire/163665-19","1 / 35","40.000","07/09/2026","Kuşadası Merkezde Havuzlu Ve Otoparklı Sitede Kiralık 3+1 Lüks D","Kiralık Daire","3 + 1","140 m²","6 Yaşında","·","Kat","4. Kat","Aydın / Kuşadası / İkiçeşmelik Mah.","https://www.hepsiemlak.com/_nuxt/8cafc93fb5c74c75e9e04e528e02ccdf.jpg","","WhatsApp","","",""
"https://www.hepsiemlak.com/aydin-efeler-orta-kiralik/daire/162183-138","1 / 20","18.000","05/09/2026","Kiralık Muazzam Kullanışlı Ara Kat 2+1 Açık Mutfak Son Fiyat","Kiralık Daire","2 + 1","75 m²","4 Yaşında","·","Kat","2. Kat","Aydın / Efeler / Orta Mah.","https://www.hepsiemlak.com/_nuxt/8cafc93fb5c74c75e9e04e528e02ccdf.jpg","Koca Gayrimenkul","WhatsApp","Onur
                  Göven","","https://www.hepsiemlak.com/_nuxt/8cafc93fb5c74c75e9e04e528e02ccdf.jpg"
"https://www.hepsiemlak.com/aydin-efeler-kurtulus-kiralik/daire/40599-4470","1 / 39","20.000","08/09/2026","Hb'den 3+1 Kiralık Daire,Kurtuluş'da Doğalgazlı,Bulvara Yakın","Kiralık Daire","3 + 1","130 m²","25 Yaşında","·","Kat","2. Kat","Aydın / Efeler / Kurtuluş Mah.","https://www.hepsiemlak.com/_nuxt/8cafc93fb5c74c75e9e04e528e02ccdf.jpg","Hb Gayrimenkul","WhatsApp","","https://www.hepsiemlak.com/_nuxt/8cafc93fb5c74c75e9e04e528e02ccdf.jpg",""
"https://www.hepsiemlak.com/aydin-kusadasi-turkmen-kiralik/daire/76787-1922","1 / 27","45.000","02/09/2026","Kuşadası Belediyesine 50m Plaja 200m Mesafede Deniz Manzaralı Kiralık Daire","Kiralık Daire","2 + 1","110 m²","30 Yaşında","·","Kat","5. Kat","Aydın / Kuşadası / Türkmen Mah.","https://www.hepsiemlak.com/_nuxt/8cafc93fb5c74c75e9e04e528e02ccdf.jpg","Jupiter Gayrimenkul","WhatsApp","","https://www.hepsiemlak.com/_nuxt/8cafc93fb5c74c75e9e04e528e02ccdf.jpg",""
"https://www.hepsiemlak.com/aydin-nazilli-yildiztepe-kiralik/daire/46102-311","1 / 33","17.000","08/09/2026","Nazilli Ege Emlak Ofisinden Yıldıztepe Mah. Zemin Kat Doğalgaz Kombili Kiralık Daire","Kiralık Daire","3 + 1","120 m²","45 Yaşında","·","Kat","1. Kat","Aydın / Nazilli / Yıldıztepe Mah.","https://www.hepsiemlak.com/_nuxt/8cafc93fb5c74c75e9e04e528e02ccdf.jpg","Ege Emlak Ofisi","WhatsApp","Süleyman
                  Doğan","","https://www.hepsiemlak.com/_nuxt/8cafc93fb5c74c75e9e04e528e02ccdf.jpg"
"https://www.hepsiemlak.com/aydin-efeler-adnan-menderes-kiralik/daire/68088-1422","1 / 21","28.500","29/08/2026","Rw Alyanstan Adnan Menderes Kiralık 1+1 Eşyalı Daire","Kiralık Daire","1 + 1","60 m²","6 Yaşında","·","Kat","1. Kat","Aydın / Efeler / Adnan Menderes Mah.","https://www.hepsiemlak.com/_nuxt/8cafc93fb5c74c75e9e04e528e02ccdf.jpg","Realty World Alyans Gayrimenkul","WhatsApp","","https://www.hepsiemlak.com/_nuxt/8cafc93fb5c74c75e9e04e528e02ccdf.jpg",""
"https://www.hepsiemlak.com/aydin-nazilli-yeni-kiralik/daire/161089-32","1 / 28","22.000","29/08/2026","Nazilli Şehrin En Merkezinde Arakat Doğalgazlı Kiralık Daire","Kiralık Daire","3 + 1","165 m²","21 Yaşında","·","Kat","2. Kat","Aydın / Nazilli / Yeni Mah.","https://www.hepsiemlak.com/_nuxt/8cafc93fb5c74c75e9e04e528e02ccdf.jpg","Grand Egelim Emlak","WhatsApp","Mehmet
                  Çoban","","https://www.hepsiemlak.com/_nuxt/img/no-image-user.6f6a83e.svg"
"https://www.hepsiemlak.com/aydin-nazilli-sirinevler-kiralik/daire/163523-85","1 / 23","15.500","09/09/2026","Şentürk Gayrimenkul| Şirinevler Mah. Merkezi Konumda Cadde Üzeri","Kiralık Daire","3 + 1","155 m²","26 Yaşında","·","Kat","2. Kat","Aydın / Nazilli / Şirinevler Mah.","https://www.hepsiemlak.com/_nuxt/8cafc93fb5c74c75e9e04e528e02ccdf.jpg","Şentürk Gayrimenkul","WhatsApp","","https://www.hepsiemlak.com/_nuxt/8cafc93fb5c74c75e9e04e528e02ccdf.jpg",""
"https://www.hepsiemlak.com/aydin-kusadasi-sogucak-kiralik/villa/154183-134","1 / 35","35.000","17/08/2026","Kuşadasında Site İçerisinde Havuza Cephe Geniş Bahçeli 3+1 Villa","Kiralık Villa","3 + 1","180 m²","11 Yaşında","·","Kat","Bahçe Katı","Aydın / Kuşadası / Soğucak Mah.","https://www.hepsiemlak.com/_nuxt/8cafc93fb5c74c75e9e04e528e02ccdf.jpg","Evim Türkiyem Gayrimenkul","WhatsApp","","https://www.hepsiemlak.com/_nuxt/8cafc93fb5c74c75e9e04e528e02ccdf.jpg",""
"https://www.hepsiemlak.com/aydin-efeler-ata-kiralik/daire/169618-55","1 / 23","31.000","15/08/2026","Rw Alyanstan Ata Mhde Kiralık 3+1 Daire","Kiralık Daire","3 + 1","115 m²","31 Yaşında","·","Kat","Yüksek Giriş","Aydın / Efeler / Ata Mah.","https://www.hepsiemlak.com/_nuxt/8cafc93fb5c74c75e9e04e528e02ccdf.jpg","Realtyworld Alyans","WhatsApp","Hüseyin
                  Albayrak","https://www.hepsiemlak.com/_nuxt/8cafc93fb5c74c75e9e04e528e02ccdf.jpg","https://www.hepsiemlak.com/_nuxt/8cafc93fb5c74c75e9e04e528e02ccdf.jpg"
"https://www.hepsiemlak.com/aydin-incirliova-hurriyet-kiralik/daire/71761-27","1 / 20","20.000","19/08/2026","İncirliova Hürriyet Mahallesi Köşe Bina Kiralık 2+1 Sıfır Daire","Kiralık Daire","2 + 1","90 m²","Sıfır Bina","·","Kat","4. Kat","Aydın / İncirliova / Hürriyet Mah.","https://www.hepsiemlak.com/_nuxt/8cafc93fb5c74c75e9e04e528e02ccdf.jpg","Çetiner Emlak","WhatsApp","Eyüp
                  Çetiner","","https://www.hepsiemlak.com/_nuxt/8cafc93fb5c74c75e9e04e528e02ccdf.jpg"
"https://www.hepsiemlak.com/aydin-kusadasi-davutlar-kiralik/daire/162829-294","1 / 19","29.000","03/09/2026","Kuşadası Davutlarda Ful Eşyalı 2+1 Daire","Kiralık Daire","2 + 1","80 m²","5 Yaşında","·","Kat","Yüksek Giriş","Aydın / Kuşadası / Davutlar Mah.","https://www.hepsiemlak.com/_nuxt/8cafc93fb5c74c75e9e04e528e02ccdf.jpg","Zwiss Ada Gayrimenkul Ömer Zan","WhatsApp","","https://www.hepsiemlak.com/_nuxt/8cafc93fb5c74c75e9e04e528e02ccdf.jpg",""
"https://www.hepsiemlak.com/aydin-kusadasi-davutlar-kiralik/villa/0-47099848","1 / 22","35.000","29/08/2026","Sahibinden Kiralık Villa","Kiralık Villa","3 + 1","200 m²","20 Yaşında","·","Kat","","Aydın / Kuşadası / Davutlar Mah.","https://www.hepsiemlak.com/_nuxt/8cafc93fb5c74c75e9e04e528e02ccdf.jpg","","WhatsApp","","",""
"https://www.hepsiemlak.com/aydin-nazilli-yildiztepe-kiralik/daire/144590-250","1 / 26","25.000","05/08/2026","Aydın Nazilli Yıldıztepe Mahallesinde Kiralık 3+1 Daire","Kiralık Daire","3 + 1","140 m²","3 Yaşında","·","Kat","2. Kat","Aydın / Nazilli / Yıldıztepe Mah.","https://www.hepsiemlak.com/_nuxt/8cafc93fb5c74c75e9e04e528e02ccdf.jpg","Konut Emlak 2","WhatsApp","","https://www.hepsiemlak.com/_nuxt/8cafc93fb5c74c75e9e04e528e02ccdf.jpg",""
"https://www.hepsiemlak.com/aydin-efeler-girne-kiralik/daire/124254-265","1 / 43","50.000","05/08/2026","Aydın'ın Kalbi Girne Mahallesinde 300 M2 5+1kiralık Daire","Kiralık Daire","5 + 1","300 m²","15 Yaşında","·","Kat","En Üst Kat","Aydın / Efeler / Girne Mah.","https://www.hepsiemlak.com/_nuxt/8cafc93fb5c74c75e9e04e528e02ccdf.jpg","Gold Premıum Gayrimenkul","WhatsApp","","https://www.hepsiemlak.com/_nuxt/8cafc93fb5c74c75e9e04e528e02ccdf.jpg",""
"https://www.hepsiemlak.com/aydin-efeler-mimar-sinan-kiralik/daire/133337-497","1 / 34","60.000","02/09/2026","Süper Konumda 3+1 Kiralık Daire.","Kiralık Daire","3 + 1","185 m²","11 Yaşında","·","Kat","2. Kat","Aydın / Efeler / Mimar Sinan Mah.","https://www.hepsiemlak.com/_nuxt/8cafc93fb5c74c75e9e04e528e02ccdf.jpg","Türker Gayrimenkul Danışmanlık","WhatsApp","","https://www.hepsiemlak.com/_nuxt/8cafc93fb5c74c75e9e04e528e02ccdf.jpg",""
"https://www.hepsiemlak.com/aydin-efeler-mesrutiyet-kiralik/daire/141125-204","1 / 27","25.000","05/09/2026","İhtişam Emlak Gayrimenkulden Atatürk Bulvarında Kiralık Daire","Kiralık Daire","3 + 1","130 m²","25 Yaşında","·","Kat","3. Kat","Aydın / Efeler / Meşrutiyet Mah.","https://www.hepsiemlak.com/_nuxt/8cafc93fb5c74c75e9e04e528e02ccdf.jpg","İhtişam Emlak Gayrimenkul Ofisi","WhatsApp","İhtişam Emlak
                  Gayrimenkul Ofisi","https://www.hepsiemlak.com/_nuxt/8cafc93fb5c74c75e9e04e528e02ccdf.jpg","https://www.hepsiemlak.com/_nuxt/8cafc93fb5c74c75e9e04e528e02ccdf.jpg"
"https://www.hepsiemlak.com/aydin-kusadasi-davutlar-kiralik/daire/146479-196","1 / 22","25.000","10/09/2026","Kuşadası Davutlar 1+1 Sıfır, Kapalı Garajlı Kiralık Daire","Kiralık Daire","1 + 1","45 m²","Sıfır Bina","·","Kat","1. Kat","Aydın / Kuşadası / Davutlar Mah.","https://www.hepsiemlak.com/_nuxt/8cafc93fb5c74c75e9e04e528e02ccdf.jpg","Ayyıldız 89 Emlak","WhatsApp","Oktay
                  Halıcı","https://www.hepsiemlak.com/_nuxt/8cafc93fb5c74c75e9e04e528e02ccdf.jpg","https://www.hepsiemlak.com/_nuxt/img/no-image-user.6f6a83e.svg"
"https://www.hepsiemlak.com/aydin-kusadasi-ikicesmelik-kiralik/daire/0-46977039","1 / 17","48.000","25/07/2026","Sahibinden Dublex Eşyalı Doğalgazlı Daire..","Kiralık Daire","4 + 1","210 m²","8 Yaşında","·","Kat","3. Kat","Aydın / Kuşadası / İkiçeşmelik Mah.","https://www.hepsiemlak.com/_nuxt/8cafc93fb5c74c75e9e04e528e02ccdf.jpg","","WhatsApp","","",""
"https://www.hepsiemlak.com/aydin-kusadasi-caferli-kiralik/villa/119640-3675","1 / 35","70.000","24/08/2026","Kuşadası Havuzlu Site İçinde Eşyaıı 4+2 Tripleks Kiralık Villa","Kiralık Villa","4 + 2","300 m²","11 Yaşında","·","Kat","","Aydın / Kuşadası / Caferli Mah.","https://www.hepsiemlak.com/_nuxt/8cafc93fb5c74c75e9e04e528e02ccdf.jpg","Startkey Ege Gayrimenkul","WhatsApp","","https://www.hepsiemlak.com/_nuxt/8cafc93fb5c74c75e9e04e528e02ccdf.jpg",""
"https://www.hepsiemlak.com/aydin-kusadasi-guzelcamli-kiralik/mustakil-ev/133175-531","1 / 36","80.000","13/08/2026","Güzelçamlı'da Müstakil Havuzlu, Eşyalı 4+1 Dubleks Kiralık Villa","Kiralık Müstakil Ev","4 + 1","150 m²","Sıfır Bina","·","Kat","","Aydın / Kuşadası / Güzelçamlı Mah.","https://hecdnnw.hemlak.com/mncropresize/77/67/logo/5/7/1/3/3/1/64779b9c-6f7a-4d60-8b91-910b43f0f389.jpg","Realty World Efes","WhatsApp","","",""
"https://www.hepsiemlak.com/aydin-efeler-cestepe-kiralik/daire/113980-285","1 / 36","20.000","03/09/2026","Kiralık Yüksek Giriş Kat Daire","Kiralık Daire","2 + 1","140 m²","25 Yaşında","·","Kat","1. Kat","Aydın / Efeler / Çeştepe Mah.","https://hecdnnw.hemlak.com/mncropresize/77/67/logo/0/8/9/3/1/1/2fca2c45-6690-4fd5-84c1-ed6669d70eeb.jpg","Karagöl Emlak","WhatsApp","","",""
"https://www.hepsiemlak.com/aydin-didim-akbuk-kiralik/villa/130373-498","1 / 40","60.000","27/07/2026","Didim/akbük'te Mavi Ve Yeşil Arasında Kusursuz Bir Tatil Evi!","Kiralık Villa","3 + 1","110 m²","3 Yaşında","·","Kat","","Aydın / Didim / Akbük Mah.","https://hecdnnw.hemlak.com/mncropresize/77/67/logo/3/7/3/0/3/1/92355a3a-676b-4b48-8b29-a9d7b1bd386d.jpg","Coldwell Banker Zirve","WhatsApp","","",""
"https://www.hepsiemlak.com/aydin-didim-akbuk-kiralik/daire/116214-137","1 / 40","49.000","30/08/2026","Deniz Manzaralı  Kiralık Full Eşyalı  3+1 Bahçe Dubleksi","Kiralık Daire","3 + 1","145 m²","5 Yaşında","·","Kat","1. Kat","Aydın / Didim / Akbük Mah.","https://hecdn01.hemlak.com/mncropresize/182/137/ds01/6/6/0/0/3/9/3/4/0176b38a-e0ac-4089-8ced-1e6b8617170d.jpeg","Zen Global Emlak","WhatsApp","Zeynep N
                  Yıldız","https://hecdnnw.hemlak.com/mncropresize/77/67/logo/4/1/2/6/1/1/591a8343-00d8-4ce5-8956-1e62e4e369ae.jpg","https://hecdnnw.hemlak.com/mncropresize/77/67/firmuser/8/9/0/3/2/5/2/d980f48d-efe1-4b09-ae3d-4f2bc1aea3fd.jpg"
"https://www.hepsiemlak.com/aydin-efeler-kurtulus-kiralik/daire/127968-554","1 / 16","20.000","03/09/2026","Aydın Kurtuluş Mah.2+0 Amarikan Mutfak Kiralık Daire","Kiralık Daire","2 + 0","85 m²","10 Yaşında","·","Kat","4. Kat","Aydın / Efeler / Kurtuluş Mah.","https://www.hepsiemlak.com/_nuxt/8cafc93fb5c74c75e9e04e528e02ccdf.jpg","İlke Gayrimenkul","WhatsApp","İlknur
                  Şener","https://www.hepsiemlak.com/_nuxt/8cafc93fb5c74c75e9e04e528e02ccdf.jpg","https://www.hepsiemlak.com/_nuxt/8cafc93fb5c74c75e9e04e528e02ccdf.jpg"
"https://www.hepsiemlak.com/aydin-kusadasi-turkmen-kiralik/daire/28110-16509","1 / 28","30.000","31/08/2026","Kuşadası Merkezde Eşyalı  Kiralık  2+1 Daire","Kiralık Daire","2 + 1","85 m²","25 Yaşında","·","Kat","Ara Kat","Aydın / Kuşadası / Türkmen Mah.","https://www.hepsiemlak.com/_nuxt/8cafc93fb5c74c75e9e04e528e02ccdf.jpg","Remax Pasha 1","WhatsApp","","https://www.hepsiemlak.com/_nuxt/8cafc93fb5c74c75e9e04e528e02ccdf.jpg",""
"https://www.hepsiemlak.com/aydin-kusadasi-degirmendere-kiralik/daire/49109-4220","1 / 8","35.000","13/08/2026","Kuşadası Denizcilik Lisesi Civarı Kiralık Yeni 2+1 Daire","Kiralık Daire","2 + 1","85 m²","Sıfır Bina","·","Kat","2. Kat","Aydın / Kuşadası / Değirmendere Mah.","https://www.hepsiemlak.com/_nuxt/8cafc93fb5c74c75e9e04e528e02ccdf.jpg","Gho Yörükoğlu Gayrimenkul","WhatsApp","Efe Ulaş
                  Esen","https://www.hepsiemlak.com/_nuxt/8cafc93fb5c74c75e9e04e528e02ccdf.jpg","https://www.hepsiemlak.com/_nuxt/8cafc93fb5c74c75e9e04e528e02ccdf.jpg"
"https://www.hepsiemlak.com/aydin-kusadasi-ege-kiralik/daire/144462-377","1 / 9","23.000","17/08/2026","Kuşadası Ege Mahallesinde Merkez Konumda Sıfır Kiralık Daire","Kiralık Daire","1 + 1","50 m²","Sıfır Bina","·","Kat","2. Kat","Aydın / Kuşadası / Ege Mah.","https://www.hepsiemlak.com/_nuxt/8cafc93fb5c74c75e9e04e528e02ccdf.jpg","Deniz Ada Gayrimenkul","WhatsApp","","https://www.hepsiemlak.com/_nuxt/8cafc93fb5c74c75e9e04e528e02ccdf.jpg",""
"https://www.hepsiemlak.com/aydin-efeler-guzelhisar-kiralik/daire/5625-3423","1 / 12","23.000","07/09/2026","Aydın Efeler Güzelhisar Mahallesınde Full Eşyalı 1+1 Daıre","Kiralık Daire","1 + 1","60 m²","8 Yaşında","·","Kat","Ara Kat","Aydın / Efeler / Güzelhisar Mah.","https://www.hepsiemlak.com/_nuxt/8cafc93fb5c74c75e9e04e528e02ccdf.jpg","Sun Investment","WhatsApp","Sun
                  Investment","https://www.hepsiemlak.com/_nuxt/8cafc93fb5c74c75e9e04e528e02ccdf.jpg","https://www.hepsiemlak.com/_nuxt/8cafc93fb5c74c75e9e04e528e02ccdf.jpg"
"https://www.hepsiemlak.com/aydin-soke-yenikent-kiralik/daire/117333-844","1 / 20","23.000","29/08/2026","Söke Yenikent Vizyon Parkta Full Eşyalı, Kiralık 1+1 Daire","Kiralık Daire","1 + 1","55 m²","6 Yaşında","·","Kat","Giriş Katı","Aydın / Söke / Yenikent Mah.","https://www.hepsiemlak.com/_nuxt/8cafc93fb5c74c75e9e04e528e02ccdf.jpg","Realty World Priene Gayrimenkul","WhatsApp","","https://www.hepsiemlak.com/_nuxt/8cafc93fb5c74c75e9e04e528e02ccdf.jpg",""
"https://www.hepsiemlak.com/aydin-cine-hamitabat-kiralik/daire/95326-280","1 / 27","20.000","01/09/2026","Çine Hamitabat Mah 120m2 2+1 Doğalgazlı Kiralık Daire","Kiralık Daire","2 + 1","120 m²","26 Yaşında","·","Kat","2. Kat","Aydın / Çine / Hamitabat Mah.","https://www.hepsiemlak.com/_nuxt/8cafc93fb5c74c75e9e04e528e02ccdf.jpg","","WhatsApp","","",""
"https://www.hepsiemlak.com/aydin-efeler-mimar-sinan-kiralik/daire/78993-2164","1 / 16","28.000","05/09/2026","Pasha'dan Aydın Mimar Sinan Mh. Kiralık Eşyalı 1+1 Daire","Kiralık Daire","1 + 1","45 m²","5 Yaşında","·","Kat","2. Kat","Aydın / Efeler / Mimar Sinan Mah.","https://www.hepsiemlak.com/_nuxt/8cafc93fb5c74c75e9e04e528e02ccdf.jpg","Pasha Gayrimenkul","WhatsApp","","https://www.hepsiemlak.com/_nuxt/8cafc93fb5c74c75e9e04e528e02ccdf.jpg",""
"https://www.hepsiemlak.com/aydin-efeler-kemer-kiralik/residence/68088-1440","1 / 20","59.000","03/09/2026","Rw Alyanstan Kiralık Residans 4+1 Ultra Lüks Konut","Kiralık Residence","4 + 1","200 m²","6 Yaşında","·","Kat","4. Kat","Aydın / Efeler / Kemer Mah.","https://www.hepsiemlak.com/_nuxt/8cafc93fb5c74c75e9e04e528e02ccdf.jpg","Realty World Alyans Gayrimenkul","","","https://www.hepsiemlak.com/_nuxt/8cafc93fb5c74c75e9e04e528e02ccdf.jpg",""
"https://www.hepsiemlak.com/aydin-kusadasi-kadinlar-denizi-kiralik/daire/51582-2653","1 / 18","25.000","27/08/2026","Kadınlar Denizinde Havuz Manzaralı Doğalgazlı Sıfır 1+1","Kiralık Daire","1 + 1","60 m²","Sıfır Bina","·","Kat","2. Kat","Aydın / Kuşadası / Kadınlar Denizi Mah.","https://www.hepsiemlak.com/_nuxt/8cafc93fb5c74c75e9e04e528e02ccdf.jpg","Yakamoz Emlak","WhatsApp","","https://www.hepsiemlak.com/_nuxt/8cafc93fb5c74c75e9e04e528e02ccdf.jpg",""
"https://www.hepsiemlak.com/aydin-soke-konak-kiralik/daire/88932-1063","1 / 11","22.500","26/08/2026","Aydın/söke Merkezde Çarşı İçinde 3+1 Daire Doğalgaz Kombili 145 M2 Çift Balkonlu","Kiralık Daire","3 + 1","160 m²","35 Yaşında","·","Kat","En Üst Kat","Aydın / Söke / Konak Mah.","https://www.hepsiemlak.com/_nuxt/8cafc93fb5c74c75e9e04e528e02ccdf.jpg","İda Ege Emlak","WhatsApp","","https://www.hepsiemlak.com/_nuxt/8cafc93fb5c74c75e9e04e528e02ccdf.jpg",""
"https://www.hepsiemlak.com/aydin-incirliova-sandikli-kiralik/daire/79331-261","1 / 26","31.000","25/08/2026","İncirliova Sandıklı Mahallesinde Site İçinde Kiralık Ara Kat 3+1","Kiralık Daire","3 + 1","140 m²","5 Yaşında","·","Kat","4. Kat","Aydın / İncirliova / Sandıklı Mah.","https://www.hepsiemlak.com/_nuxt/8cafc93fb5c74c75e9e04e528e02ccdf.jpg","Stil Gayrimenkul","WhatsApp","","https://www.hepsiemlak.com/_nuxt/8cafc93fb5c74c75e9e04e528e02ccdf.jpg",""
"https://www.hepsiemlak.com/aydin-didim-camlik-kiralik/daire/170427-315","1 / 16","28.000","29/08/2026","Didim Çamlık Mahallesinde Kıralık 2+1 Daire","Kiralık Daire","2 + 1","95 m²","11 Yaşında","·","Kat","Giriş Katı","Aydın / Didim / Çamlık Mah.","https://www.hepsiemlak.com/_nuxt/8cafc93fb5c74c75e9e04e528e02ccdf.jpg","Bodrum Zeytin Gayrimenkul Ticaret Anonim Şirketi","WhatsApp","","https://www.hepsiemlak.com/_nuxt/8cafc93fb5c74c75e9e04e528e02ccdf.jpg",""
"https://www.hepsiemlak.com/aydin-didim-akbuk-kiralik/daire/141902-409","1 / 29","28.000","13/08/2026","Didim Akbük Skyline'da Yıllık Kiralık 2+1 Bahçe Dubleks","Kiralık Daire","2 + 1","90 m²","2 Yaşında","·","Kat","Bahçe Katı","Aydın / Didim / Akbük Mah.","https://www.hepsiemlak.com/_nuxt/8cafc93fb5c74c75e9e04e528e02ccdf.jpg","Re/max Cool 2","WhatsApp","","https://www.hepsiemlak.com/_nuxt/8cafc93fb5c74c75e9e04e528e02ccdf.jpg",""
"https://www.hepsiemlak.com/aydin-soke-yenicamii-kiralik/daire/140367-560","1 / 30","25.000","07/08/2026","Söke Yenicami Mah.De 55 M2 Full Eşyalı Kiralık 1+1 Lüks Daire","Kiralık Daire","1 + 1","55 m²","6 Yaşında","·","Kat","8. Kat","Aydın / Söke / Yenicamii Mah.","https://www.hepsiemlak.com/_nuxt/8cafc93fb5c74c75e9e04e528e02ccdf.jpg","","WhatsApp","","",""
"https://www.hepsiemlak.com/aydin-didim-yeni-kiralik/daire/130826-2737","1 / 15","32.000","10/09/2026","Altınkum Mh. 2+1 Eşyalı Dubleks","Kiralık Daire","2 + 1","90 m²","11 Yaşında","·","Kat","3. Kat","Aydın / Didim / Yeni Mah.","https://www.hepsiemlak.com/_nuxt/8cafc93fb5c74c75e9e04e528e02ccdf.jpg","Turyap Didim Temsilciliği","WhatsApp","","https://www.hepsiemlak.com/_nuxt/8cafc93fb5c74c75e9e04e528e02ccdf.jpg",""
"https://www.hepsiemlak.com/aydin-kusadasi-ikicesmelik-kiralik/daire/160912-91","1 / 51","35.000","22/08/2026","5+2 Kiralık Çatı Dublex","Kiralık Daire","5 + 2","330 m²","19 Yaşında","·","Kat","Çatı Katı","Aydın / Kuşadası / İkiçeşmelik Mah.","https://www.hepsiemlak.com/_nuxt/8cafc93fb5c74c75e9e04e528e02ccdf.jpg","Turyap Kuşadası Ege Nexus","WhatsApp","","https://www.hepsiemlak.com/_nuxt/8cafc93fb5c74c75e9e04e528e02ccdf.jpg",""
"https://www.hepsiemlak.com/aydin-kusadasi-degirmendere-kiralik/daire/134592-1087","1 / 35","32.000","17/08/2026","Kuşadası'nda Havuzlu Doğalgazlı Kiralık 1+1 Daire","Kiralık Daire","1 + 1","61 m²","1 Yaşında","·","Kat","1. Kat","Aydın / Kuşadası / Değirmendere Mah.","https://www.hepsiemlak.com/_nuxt/8cafc93fb5c74c75e9e04e528e02ccdf.jpg","Startkey Hayat Gayrimenkul","WhatsApp","","https://www.hepsiemlak.com/_nuxt/8cafc93fb5c74c75e9e04e528e02ccdf.jpg",""
"https://www.hepsiemlak.com/aydin-efeler-yedi-eylul-kiralik/daire/124254-261","1 / 55","40.000","01/08/2026","Yedieylül Mahallesinin En Güzel Yerinde En Geniş Harika 3+1!!!","Kiralık Daire","3 + 1","240 m²","18 Yaşında","·","Kat","5. Kat","Aydın / Efeler / Yedi Eylül Mah.","https://www.hepsiemlak.com/_nuxt/8cafc93fb5c74c75e9e04e528e02ccdf.jpg","Gold Premıum Gayrimenkul","WhatsApp","","https://www.hepsiemlak.com/_nuxt/8cafc93fb5c74c75e9e04e528e02ccdf.jpg",""
"https://www.hepsiemlak.com/aydin-efeler-zafer-kiralik/daire/169410-14","1 / 12","16.000","31/08/2026","Zafer Mahallesi Körükmez  2 Eşyalı 1+1 Kiralık Daire","Kiralık Daire","1 + 1","35 m²","10 Yaşında","·","Kat","5. Kat","Aydın / Efeler / Zafer Mah.","https://www.hepsiemlak.com/_nuxt/8cafc93fb5c74c75e9e04e528e02ccdf.jpg","İnci Emlak - Gayrimenkul","WhatsApp","Elveda
                  Karar","https://www.hepsiemlak.com/_nuxt/8cafc93fb5c74c75e9e04e528e02ccdf.jpg","https://www.hepsiemlak.com/_nuxt/8cafc93fb5c74c75e9e04e528e02ccdf.jpg"
"https://www.hepsiemlak.com/aydin-efeler-fatih-kiralik/daire/162183-253","1 / 13","23.000","05/09/2026","Fatih Mahallesinde Kiralık 2+1 Ara Kat Önü Açık Ferah","Kiralık Daire","2 + 1","95 m²","26 Yaşında","·","Kat","3. Kat","Aydın / Efeler / Fatih Mah.","","Koca Gayrimenkul","WhatsApp","Onur
                  Göven","https://hecdnnw.hemlak.com/mncropresize/77/67/firmuser/6/9/1/3/3/5/4/c7ef5385-a93b-4919-a4cc-2bc37e143598.jpg",""
"https://www.hepsiemlak.com/aydin-cine-evciler-kiralik/daire/122453-233","1 / 16","10.000","07/09/2026","Çine Evciler'de Bahçeli Ve Uygun Fiyatlı 2+1 Kiralık Ev","Kiralık Daire","2 + 1","90 m²","31 Yaşında","·","Kat","1. Kat","Aydın / Çine / Evciler Mah.","","","WhatsApp","","",""
"https://www.hepsiemlak.com/aydin-efeler-koprulu-veysipasa-kiralik/daire/33165-334","1 / 27","21.000","06/08/2026","Batı Gazi Bulvarında 2+1 Kiralık Daire","Kiralık Daire","2 + 1","120 m²","30 Yaşında","·","Kat","3. Kat","Aydın / Efeler / Köprülü - Veysipaşa Mah.","https://hecdnnw.hemlak.com/mncropresize/77/67/logo/5/6/1/3/3/0/2d085905-5ad8-496d-a720-649efc0fc742.jpg","Ahu Emlak","WhatsApp","","",""
"https://www.hepsiemlak.com/aydin-soke-yenikent-kiralik/daire/17794-1406","1 / 27","25.000","18/08/2026","Söke Yenikent Mh. Karya Residence Kiralık 1+1 Daire","Kiralık Daire","1 + 1","60 m²","16 Yaşında","·","Kat","3. Kat","Aydın / Söke / Yenikent Mah.","https://hecdn01.hemlak.com/mncropresize/182/137/ds01/3/4/2/1/1/9/6/4/19591da6-781b-4410-983f-f004b21540ab.jpg","Özcan Emlak","WhatsApp","","https://hecdnnw.hemlak.com/mncropresize/77/67/logo/4/9/7/7/1/0/f73e6414-a82d-47eb-bd6f-4b00c6412c9e.jpg",""
"https://www.hepsiemlak.com/aydin-kusadasi-kadinlar-denizi-kiralik/daire/28110-16263","1 / 28","40.000","31/08/2026","Kadınlar Denizi Mahallesi Havuz Manzaralı Bahçeli Eşyalı Kiralık 2+1 Daire","Kiralık Daire","2 + 1","85 m²","8 Yaşında","·","Kat","Bahçe Katı","Aydın / Kuşadası / Kadınlar Denizi Mah.","https://www.hepsiemlak.com/_nuxt/8cafc93fb5c74c75e9e04e528e02ccdf.jpg","Remax Pasha 1","WhatsApp","","https://www.hepsiemlak.com/_nuxt/8cafc93fb5c74c75e9e04e528e02ccdf.jpg",""
"https://www.hepsiemlak.com/aydin-efeler-kurtulus-kiralik/daire/0-47220084","1 / 11","19.000","06/09/2026","Sahibinden Eşyalı Kiralık Daire","Kiralık Daire","1 + 1","45 m²","10 Yaşında","·","Kat","Ara Kat","Aydın / Efeler / Kurtuluş Mah.","https://www.hepsiemlak.com/_nuxt/8cafc93fb5c74c75e9e04e528e02ccdf.jpg","","WhatsApp","","",""
"https://www.hepsiemlak.com/aydin-soke-konak-kiralik/daire/0-47183454","1 / 11","26.000","31/08/2026","Sahibinden Kiralık","Kiralık Daire","2 + 1","85 m²","4 Yaşında","·","Kat","Yüksek Giriş","Aydın / Söke / Konak Mah.","https://www.hepsiemlak.com/_nuxt/8cafc93fb5c74c75e9e04e528e02ccdf.jpg","","WhatsApp","","",""
"https://www.hepsiemlak.com/aydin-kusadasi-camikebir-kiralik/daire/141887-272","1 / 9","25.000","07/09/2026","Kale İçinde Sahile 100m Mesafede Eşyalı 1+1 Daire Kiralık","Kiralık Daire","1 + 1","50 m²","31 Yaşında","·","Kat","1. Kat","Aydın / Kuşadası / Camikebir Mah.","https://www.hepsiemlak.com/_nuxt/8cafc93fb5c74c75e9e04e528e02ccdf.jpg","Uzay Ada Gayrimenkul Yatırım Danışmanlık","WhatsApp","Alp
                  Onuralp","https://www.hepsiemlak.com/_nuxt/8cafc93fb5c74c75e9e04e528e02ccdf.jpg","https://www.hepsiemlak.com/_nuxt/8cafc93fb5c74c75e9e04e528e02ccdf.jpg"
"https://www.hepsiemlak.com/aydin-kusadasi-degirmendere-kiralik/daire/147107-60","1 / 6","25.000","08/09/2026","1.+1 Eşyalı Kiralık","Kiralık Daire","1 + 1","60 m²","6 Yaşında","·","Kat","1. Kat","Aydın / Kuşadası / Değirmendere Mah.","https://www.hepsiemlak.com/_nuxt/8cafc93fb5c74c75e9e04e528e02ccdf.jpg","Günışığı Gayrimenkul","WhatsApp","","https://www.hepsiemlak.com/_nuxt/8cafc93fb5c74c75e9e04e528e02ccdf.jpg",""
"https://www.hepsiemlak.com/aydin-efeler-mesudiye-kiralik/mustakil-ev/163274-81","1 / 12","12.000","18/08/2026","Mesudiyede 2+1 Müstakil Kiralık Ev","Kiralık Müstakil Ev","2 + 1","60 m²","26 Yaşında","·","Kat","Bahçe Katı","Aydın / Efeler / Mesudiye Mah.","https://www.hepsiemlak.com/_nuxt/8cafc93fb5c74c75e9e04e528e02ccdf.jpg","Erbaş Class Emlak & Gayrimenkul","WhatsApp","Melih
                  Erbaş","https://www.hepsiemlak.com/_nuxt/8cafc93fb5c74c75e9e04e528e02ccdf.jpg","https://www.hepsiemlak.com/_nuxt/8cafc93fb5c74c75e9e04e528e02ccdf.jpg"
"https://www.hepsiemlak.com/aydin-kusadasi-hacifeyzullah-kiralik/daire/148837-1949","1 / 20","30.000","07/09/2026","Kuşadası Limanına Yürüyüş Mesafesinde Kiralık 1+1 Sıfır Daire","Kiralık Daire","1 + 1","55 m²","Sıfır Bina","·","Kat","2. Kat","Aydın / Kuşadası / Hacıfeyzullah Mah.","https://www.hepsiemlak.com/_nuxt/8cafc93fb5c74c75e9e04e528e02ccdf.jpg","Remax Pasha 1","WhatsApp","","https://www.hepsiemlak.com/_nuxt/8cafc93fb5c74c75e9e04e528e02ccdf.jpg",""
"https://www.hepsiemlak.com/aydin-efeler-yedi-eylul-kiralik/daire/74626-201","1 / 30","25.000","28/08/2026","Aydın Efeler Yedieylül Mah. 1003 Sk. 3.Kat Doğalgazlı 3+1 Daire Kiralık","Kiralık Daire","3 + 1","120 m²","28 Yaşında","·","Kat","3. Kat","Aydın / Efeler / Yedi Eylül Mah.","https://www.hepsiemlak.com/_nuxt/8cafc93fb5c74c75e9e04e528e02ccdf.jpg","İmamoğlu Emlak Ofisi","WhatsApp","Levent
                  Balı","https://www.hepsiemlak.com/_nuxt/8cafc93fb5c74c75e9e04e528e02ccdf.jpg","https://www.hepsiemlak.com/_nuxt/8cafc93fb5c74c75e9e04e528e02ccdf.jpg"
"https://www.hepsiemlak.com/aydin-kusadasi-kadinlar-denizi-kiralik/villa/143901-321","1 / 21","40.000","17/08/2026","Kuşadası Kadınlar Denizinde 2+1 Havuzlu Sitede 8 Aylık Kiralık","Kiralık Villa","2 + 1","120 m²","20 Yaşında","·","Kat","","Aydın / Kuşadası / Kadınlar Denizi Mah.","https://www.hepsiemlak.com/_nuxt/8cafc93fb5c74c75e9e04e528e02ccdf.jpg","Network Ada Plus Gayrimenkul","WhatsApp","","https://www.hepsiemlak.com/_nuxt/8cafc93fb5c74c75e9e04e528e02ccdf.jpg",""
"https://www.hepsiemlak.com/aydin-efeler-kurtulus-kiralik/daire/64143-2814","1 / 35","18.000","09/09/2026","Aydın Kiralık Kurtuluş Mahallesi'nde 2+1 Eşyalı Daire","Kiralık Daire","2 + 1","110 m²","26 Yaşında","·","Kat","2. Kat","Aydın / Efeler / Kurtuluş Mah.","https://www.hepsiemlak.com/_nuxt/8cafc93fb5c74c75e9e04e528e02ccdf.jpg","Alp Gayrimenkul","WhatsApp","Fevzi
                  Köse","https://www.hepsiemlak.com/_nuxt/8cafc93fb5c74c75e9e04e528e02ccdf.jpg","https://www.hepsiemlak.com/_nuxt/8cafc93fb5c74c75e9e04e528e02ccdf.jpg"
"https://www.hepsiemlak.com/aydin-efeler-mesrutiyet-kiralik/daire/124333-535","1 / 12","24.000","26/08/2026","Aygün Emlak Tan Kiralık","Kiralık Daire","2 + 1","100 m²","30 Yaşında","·","Kat","1. Kat","Aydın / Efeler / Meşrutiyet Mah.","https://www.hepsiemlak.com/_nuxt/8cafc93fb5c74c75e9e04e528e02ccdf.jpg","Aygün Emlak","WhatsApp","","https://www.hepsiemlak.com/_nuxt/8cafc93fb5c74c75e9e04e528e02ccdf.jpg",""
"https://www.hepsiemlak.com/aydin-efeler-cuma-kiralik/daire/79589-1485","1 / 9","17.000","08/09/2026","Cuma Mahallesi'nde 1+1 Eşyasız Kiralık Daire","Kiralık Daire","1 + 1","60 m²","2 Yaşında","·","Kat","2. Kat","Aydın / Efeler / Cuma Mah.","https://www.hepsiemlak.com/_nuxt/8cafc93fb5c74c75e9e04e528e02ccdf.jpg","Ege Ayyıldız Gayrimenkul","WhatsApp","","https://www.hepsiemlak.com/_nuxt/8cafc93fb5c74c75e9e04e528e02ccdf.jpg",""
"https://www.hepsiemlak.com/aydin-efeler-zeybek-kiralik/residence/123511-882","1 / 30","30.000","24/08/2026","Aydın Zeybek Mahallesi'nde Sıfır Lüks Resıdence'da Kiralık 1+1","Kiralık Residence","1 + 1","67 m²","Sıfır Bina","·","Kat","6. Kat","Aydın / Efeler / Zeybek Mah.","https://www.hepsiemlak.com/_nuxt/8cafc93fb5c74c75e9e04e528e02ccdf.jpg","Premar Class","WhatsApp","","https://www.hepsiemlak.com/_nuxt/8cafc93fb5c74c75e9e04e528e02ccdf.jpg",""
"https://www.hepsiemlak.com/aydin-didim-cumhuriyet-kiralik/daire/71180-802","1 / 20","20.000","07/08/2026","Didim Cumhuriyet Mahalesi Kiralık Eşyalı 1+1 Daire","Kiralık Daire","1 + 1","50 m²","11 Yaşında","·","Kat","Ara Kat","Aydın / Didim / Cumhuriyet Mah.","https://www.hepsiemlak.com/_nuxt/8cafc93fb5c74c75e9e04e528e02ccdf.jpg","Yatırım Emlak Arsa Ofisi","WhatsApp","Ömer
                  Kaya","","https://www.hepsiemlak.com/_nuxt/8cafc93fb5c74c75e9e04e528e02ccdf.jpg"
"https://www.hepsiemlak.com/aydin-kusadasi-davutlar-kiralik/villa/0-47018818","1 / 10","50.000","27/07/2026","Sahibinden Kuşadası'nda Kiralık Villa","Kiralık Villa","3 + 1","135 m²","10 Yaşında","·","Kat","","Aydın / Kuşadası / Davutlar Mah.","https://www.hepsiemlak.com/_nuxt/8cafc93fb5c74c75e9e04e528e02ccdf.jpg","","WhatsApp","","",""
"https://www.hepsiemlak.com/aydin-nazilli-yeni-kiralik/daire/160026-368","1 / 11","16.500","07/09/2026","Duru Emlaktan Sıfır 2+1 Kiralık Daire","Kiralık Daire","2 + 1","95 m²","Sıfır Bina","·","Kat","3. Kat","Aydın / Nazilli / Yeni Mah.","https://www.hepsiemlak.com/_nuxt/8cafc93fb5c74c75e9e04e528e02ccdf.jpg","Duru Emlak","WhatsApp","","https://www.hepsiemlak.com/_nuxt/8cafc93fb5c74c75e9e04e528e02ccdf.jpg",""
"https://www.hepsiemlak.com/aydin-soke-cumhuriyet-kiralik/daire/117333-829","1 / 18","26.000","27/08/2026","Söke Cumhuriyet Mah.De Müstakil Gibi Kiralık 3+1 Daire","Kiralık Daire","3 + 1","135 m²","31 Yaşında","·","Kat","2. Kat","Aydın / Söke / Cumhuriyet Mah.","https://www.hepsiemlak.com/_nuxt/8cafc93fb5c74c75e9e04e528e02ccdf.jpg","Realty World Priene Gayrimenkul","WhatsApp","","https://www.hepsiemlak.com/_nuxt/8cafc93fb5c74c75e9e04e528e02ccdf.jpg",""
"https://www.hepsiemlak.com/aydin-efeler-mimar-sinan-kiralik/daire/124140-632","1 / 22","33.000","15/08/2026","Aydın Efeler Mimarsinan Mah 3+1 Kiralık Daire","Kiralık Daire","3 + 1","135 m²","21 Yaşında","·","Kat","3. Kat","Aydın / Efeler / Mimar Sinan Mah.","https://www.hepsiemlak.com/_nuxt/8cafc93fb5c74c75e9e04e528e02ccdf.jpg","Mh Bordo Gayrimenkul","WhatsApp","Altan
                  Şahin","","https://www.hepsiemlak.com/_nuxt/8cafc93fb5c74c75e9e04e528e02ccdf.jpg"
"https://www.hepsiemlak.com/aydin-efeler-cuma-kiralik/daire/169362-64","1 / 17","22.000","26/08/2026","Vma Gayrimenkulden Kiralık Dubleks 2+1 Daire","Kiralık Daire","2 + 1","80 m²","5 Yaşında","·","Kat","Çatı Katı","Aydın / Efeler / Cuma Mah.","https://www.hepsiemlak.com/_nuxt/8cafc93fb5c74c75e9e04e528e02ccdf.jpg","Vma Gayrimenkul","WhatsApp","","https://www.hepsiemlak.com/_nuxt/8cafc93fb5c74c75e9e04e528e02ccdf.jpg",""
"https://www.hepsiemlak.com/aydin-soke-celtikci-kiralik/daire/170486-49","1 / 60","41.500","07/09/2026","Çeltikçi Mah. Sıfır 4+1 Ayrı Mutfak Lüks Kiralık Dubleks Daire","Kiralık Daire","4 + 1","220 m²","Sıfır Bina","·","Kat","3. Kat","Aydın / Söke / Çeltikçi Mah.","https://www.hepsiemlak.com/_nuxt/8cafc93fb5c74c75e9e04e528e02ccdf.jpg","Atakent Emlak","WhatsApp","","https://www.hepsiemlak.com/_nuxt/8cafc93fb5c74c75e9e04e528e02ccdf.jpg",""
"https://www.hepsiemlak.com/aydin-nazilli-isabeyli-kiralik/daire/134615-948","1 / 18","16.500","19/08/2026","Dyg Danışmanlık Hizmetlerinden Kiralık 2+0 Eşyalı Daire","Kiralık Daire","2 + 0","70 m²","6 Yaşında","·","Kat","4. Kat","Aydın / Nazilli / İsabeyli Mah.","","Dyg Danışmanlık Hizmetleri","WhatsApp","Avni
                  Demir","https://hecdnnw.hemlak.com/mncropresize/77/67/firmuser/0/2/4/3/9/5/3/54eeb265-3f3d-41d6-8e43-6db4a61ba999.jpg",""
"https://www.hepsiemlak.com/aydin-efeler-efeler-kiralik/daire/128861-488","1 / 33","22.000","27/08/2026","Kiralık 3+1 150 M² Doğalgazlı","Kiralık Daire","3 + 1","150 m²","25 Yaşında","·","Kat","En Üst Kat","Aydın / Efeler / Efeler Mah.","https://hecdnnw.hemlak.com/mncropresize/77/67/logo/1/6/8/8/2/1/14ba52c0-0669-4060-a8c6-615966e801b9.jpg","Evfon Altınkonak Gayrimenkul","WhatsApp","Rabia
                  Mayda","https://hecdnnw.hemlak.com/mncropresize/77/67/firmuser/2/2/3/8/3/2/3/4d21e011-c881-42d0-94ec-ff06ea084dbd.jpg",""
"https://www.hepsiemlak.com/aydin-germencik-park-kiralik/daire/130369-432","1 / 19","22.000","08/09/2026","Park Mah.Merkeze Yakın Yeni 90 M2 2+1 Kiralık","Kiralık Daire","2 + 1","90 m²","4 Yaşında","·","Kat","4. Kat","Aydın / Germencik / Park Mah.","","Terra Gayrimenkul","WhatsApp","Nesrin
                  Özkocaman","https://hecdnnw.hemlak.com/mncropresize/77/67/firmuser/4/1/8/5/2/3/3/fe362dd9-8445-4bfc-8d57-a2b962441eb8.jpg",""
"https://www.hepsiemlak.com/aydin-incirliova-cumhuriyet-kiralik/daire/79331-249","1 / 29","27.000","10/08/2026","İncirliova Cumhuriyet Mahallesi Kiralık 3+1 Daire","Kiralık Daire","3 + 1","165 m²","11 Yaşında","·","Kat","3. Kat","Aydın / İncirliova / Cumhuriyet Mah.","https://hecdn01.hemlak.com/mncropresize/182/137/ds01/7/0/8/9/5/0/7/4/f2a8ecf3-19ee-44cb-94fe-401381a8ae57.jpg","Stil Gayrimenkul","WhatsApp","","https://hecdnnw.hemlak.com/mncropresize/77/67/logo/1/3/3/9/7/0/4607f431-31cf-401f-9409-ae21b6ad46c2.jpg",""
"https://www.hepsiemlak.com/aydin-kusadasi-degirmendere-kiralik/daire/153822-224","1 / 20","36.000","03/08/2026","Kuşadası Havuzlu Site İçerisinde Kiralık 2+1 Eşyalı Daire.!!!","Kiralık Daire","2 + 1","90 m²","6 Yaşında","·","Kat","2. Kat","Aydın / Kuşadası / Değirmendere Mah.","https://www.hepsiemlak.com/_nuxt/8cafc93fb5c74c75e9e04e528e02ccdf.jpg","Altın Ada Gayrimenkul","WhatsApp","Dürdane
                  Özdemir","https://www.hepsiemlak.com/_nuxt/8cafc93fb5c74c75e9e04e528e02ccdf.jpg","https://www.hepsiemlak.com/_nuxt/8cafc93fb5c74c75e9e04e528e02ccdf.jpg"
"https://www.hepsiemlak.com/aydin-kusadasi-degirmendere-kiralik/daire/162627-323","1 / 34","42.000","05/09/2026","Degirmendere'de Elit Sitede 3+1 Kiralık Daire","Kiralık Daire","3 + 1","135 m²","6 Yaşında","·","Kat","2. Kat","Aydın / Kuşadası / Değirmendere Mah.","https://www.hepsiemlak.com/_nuxt/8cafc93fb5c74c75e9e04e528e02ccdf.jpg","İsabet Kuşadası Gayrimenkul","WhatsApp","Abdülkadir
                  Taluğ","https://www.hepsiemlak.com/_nuxt/8cafc93fb5c74c75e9e04e528e02ccdf.jpg","https://www.hepsiemlak.com/_nuxt/8cafc93fb5c74c75e9e04e528e02ccdf.jpg"
"https://www.hepsiemlak.com/aydin-efeler-mesrutiyet-kiralik/daire/148156-107","1 / 17","20.000","27/07/2026","Aydın Efeler Meşrutiyet Mah.Sifır Ön Cephe Harika Kiralık 1+1 Daire","Kiralık Daire","1 + 1","45 m²","Sıfır Bina","·","Kat","4. Kat","Aydın / Efeler / Meşrutiyet Mah.","https://www.hepsiemlak.com/_nuxt/8cafc93fb5c74c75e9e04e528e02ccdf.jpg","Garantis Gayrimenkul Yatırım Danışmanlığı","WhatsApp","","https://www.hepsiemlak.com/_nuxt/8cafc93fb5c74c75e9e04e528e02ccdf.jpg",""
"https://www.hepsiemlak.com/aydin-kusadasi-degirmendere-kiralik/daire/140367-551","1 / 17","27.500","27/08/2026","Kuşadası Uydukent Bıldırcın Sitesinde Yeni Eşyasız Kiralık Daire","Kiralık Daire","2 + 1","120 m²","1 Yaşında","·","Kat","4. Kat","Aydın / Kuşadası / Değirmendere Mah.","https://www.hepsiemlak.com/_nuxt/8cafc93fb5c74c75e9e04e528e02ccdf.jpg","","WhatsApp","","",""
"https://www.hepsiemlak.com/aydin-kusadasi-turkmen-kiralik/daire/131922-431","1 / 35","50.000","20/08/2026","Kuşadası Marina'ya 70 Metre Mesafede Kiralık Eşyalı Daire","Kiralık Daire","3 + 1","140 m²","26 Yaşında","·","Kat","Bahçe Katı","Aydın / Kuşadası / Türkmen Mah.","https://www.hepsiemlak.com/_nuxt/8cafc93fb5c74c75e9e04e528e02ccdf.jpg","Qr Qualıty Real Estate Gayrimenkul Hizmetleri","WhatsApp","","https://www.hepsiemlak.com/_nuxt/8cafc93fb5c74c75e9e04e528e02ccdf.jpg",""
"https://www.hepsiemlak.com/aydin-didim-efeler-kiralik/daire/141902-352","1 / 33","32.000","14/07/2026","Dıdım Kurtuluş Caddesı'nde Merkezı Konumda Kıralık 2+1 Daıre","Kiralık Daire","2 + 1","100 m²","11 Yaşında","·","Kat","3. Kat","Aydın / Didim / Efeler Mah.","https://www.hepsiemlak.com/_nuxt/8cafc93fb5c74c75e9e04e528e02ccdf.jpg","Re/max Cool 2","WhatsApp","","https://www.hepsiemlak.com/_nuxt/8cafc93fb5c74c75e9e04e528e02ccdf.jpg",""
"https://www.hepsiemlak.com/aydin-efeler-kemer-kiralik/daire/68088-1439","1 / 18","55.000","03/09/2026","Rw Alyanstan Kiralık Ultra Lüks 3+1 Daire","Kiralık Daire","3 + 1","170 m²","6 Yaşında","·","Kat","3. Kat","Aydın / Efeler / Kemer Mah.","https://www.hepsiemlak.com/_nuxt/8cafc93fb5c74c75e9e04e528e02ccdf.jpg","Realty World Alyans Gayrimenkul","","","https://www.hepsiemlak.com/_nuxt/8cafc93fb5c74c75e9e04e528e02ccdf.jpg",""
"https://www.hepsiemlak.com/aydin-didim-efeler-kiralik/daire/123228-171","1 / 20","6.500.000","24/08/2026","Didimde Satılık 2+1 Ayrı Mutfak","Kiralık Daire","2 + 1","95 m²","5 Yaşında","·","Kat","2. Kat","Aydın / Didim / Efeler Mah.","https://www.hepsiemlak.com/_nuxt/8cafc93fb5c74c75e9e04e528e02ccdf.jpg","Ersu Gayrimenkul","WhatsApp","Fatma
                  Suh","https://www.hepsiemlak.com/_nuxt/8cafc93fb5c74c75e9e04e528e02ccdf.jpg","https://www.hepsiemlak.com/_nuxt/8cafc93fb5c74c75e9e04e528e02ccdf.jpg"
"https://www.hepsiemlak.com/aydin-didim-altinkum-kiralik/daire/47174-945","1 / 20","50.000","09/09/2026","Altınkum Sahilinde Ultra Lüks Kiralık Daire","Kiralık Daire","3 + 1","120 m²","5 Yaşında","·","Kat","3. Kat","Aydın / Didim / Altınkum Mah.","https://www.hepsiemlak.com/_nuxt/8cafc93fb5c74c75e9e04e528e02ccdf.jpg","Mai Emlak","WhatsApp","","https://www.hepsiemlak.com/_nuxt/8cafc93fb5c74c75e9e04e528e02ccdf.jpg",""
"https://www.hepsiemlak.com/aydin-kusadasi-kadinlar-denizi-kiralik/villa/49109-4185","1 / 33","100.000","06/08/2026","Kuşadası Kadınlar Denizi Mevki Sezonluk Eşyalı Kiralık Villa","Kiralık Villa","3 + 1","140 m²","20 Yaşında","·","Kat","Villa Katı","Aydın / Kuşadası / Kadınlar Denizi Mah.","https://www.hepsiemlak.com/_nuxt/8cafc93fb5c74c75e9e04e528e02ccdf.jpg","Gho Yörükoğlu Gayrimenkul","WhatsApp","Efe Ulaş
                  Esen","https://www.hepsiemlak.com/_nuxt/8cafc93fb5c74c75e9e04e528e02ccdf.jpg","https://www.hepsiemlak.com/_nuxt/8cafc93fb5c74c75e9e04e528e02ccdf.jpg"
"https://www.hepsiemlak.com/aydin-kusadasi-sogucak-kiralik/villa/18495-4128","1 / 22","30.000","24/08/2026","Soğucakta Kiralık 4+1 Deniz Manzaralı Villa","Kiralık Villa","4 + 1","200 m²","26 Yaşında","·","Kat","Bahçe Katı","Aydın / Kuşadası / Soğucak Mah.","https://www.hepsiemlak.com/_nuxt/8cafc93fb5c74c75e9e04e528e02ccdf.jpg","Blue Bırds Ada Gayrimenkul","WhatsApp","Hüseyin 
                  Özkan","https://www.hepsiemlak.com/_nuxt/8cafc93fb5c74c75e9e04e528e02ccdf.jpg","https://www.hepsiemlak.com/_nuxt/8cafc93fb5c74c75e9e04e528e02ccdf.jpg"
"https://www.hepsiemlak.com/aydin-efeler-orta-kiralik/daire/131465-241","1 / 14","25.000","31/08/2026","Ful Eşyalı Doğalgazlı Klimalı Asansörlü Daire","Kiralık Daire","1 + 1","60 m²","10 Yaşında","·","Kat","4. Kat","Aydın / Efeler / Orta Mah.","https://www.hepsiemlak.com/_nuxt/8cafc93fb5c74c75e9e04e528e02ccdf.jpg","Mercan Gayrimenkul","WhatsApp","Halil
                  Akyağcı","","https://www.hepsiemlak.com/_nuxt/8cafc93fb5c74c75e9e04e528e02ccdf.jpg"
"https://www.hepsiemlak.com/aydin-efeler-girne-kiralik/daire/141451-279","1 / 32","35.000","08/09/2026","Remax Pin'den Girne'de En Değerli Konumunda Kiralık 2+1 Daire","Kiralık Daire","2 + 1","90 m²","6 Yaşında","·","Kat","1. Kat","Aydın / Efeler / Girne Mah.","https://www.hepsiemlak.com/_nuxt/8cafc93fb5c74c75e9e04e528e02ccdf.jpg","Remax Pin","WhatsApp","Emre
                  Özkaya","https://www.hepsiemlak.com/_nuxt/8cafc93fb5c74c75e9e04e528e02ccdf.jpg","https://www.hepsiemlak.com/_nuxt/8cafc93fb5c74c75e9e04e528e02ccdf.jpg"
"https://www.hepsiemlak.com/aydin-kusadasi-turkmen-kiralik/daire/28110-16428","1 / 27","30.000","31/08/2026","Kuşadası Marinada 3+1daire","Kiralık Daire","3 + 1","130 m²","35 Yaşında","·","Kat","3. Kat","Aydın / Kuşadası / Türkmen Mah.","https://www.hepsiemlak.com/_nuxt/8cafc93fb5c74c75e9e04e528e02ccdf.jpg","Remax Pasha 1","WhatsApp","","https://www.hepsiemlak.com/_nuxt/8cafc93fb5c74c75e9e04e528e02ccdf.jpg",""
"https://www.hepsiemlak.com/aydin-didim-efeler-kiralik/daire/88825-131","1 / 22","30.000","13/08/2026","Didim Efeler Mah. Cumhuriyet Okulu Civarında Havuzlu Site İçerisinde 2+1 Boş Kiralık Daire","Kiralık Daire","2 + 1","95 m²","15 Yaşında","·","Kat","2. Kat","Aydın / Didim / Efeler Mah.","https://www.hepsiemlak.com/_nuxt/8cafc93fb5c74c75e9e04e528e02ccdf.jpg","Soyalp İnşaat Emlak","WhatsApp","","https://www.hepsiemlak.com/_nuxt/8cafc93fb5c74c75e9e04e528e02ccdf.jpg",""
"https://www.hepsiemlak.com/aydin-efeler-guzelhisar-kiralik/daire/19625-6342","1 / 14","42.000","02/09/2026","Aydın Ege Emlak'tan Güzelhisar Mah. Adnan Menderes Bulvarında 4+1 250m2 Kiralık Daire","Kiralık Daire","4 + 1","255 m²","25 Yaşında","·","Kat","7. Kat","Aydın / Efeler / Güzelhisar Mah.","https://www.hepsiemlak.com/_nuxt/8cafc93fb5c74c75e9e04e528e02ccdf.jpg","Ege Emlak","WhatsApp","","https://www.hepsiemlak.com/_nuxt/8cafc93fb5c74c75e9e04e528e02ccdf.jpg",""
"https://www.hepsiemlak.com/aydin-efeler-orta-kiralik/daire/131814-403","1 / 12","16.500","08/09/2026","Cadde Üstü 2+1 Eşyasız Klimalı","Kiralık Daire","2 + 1","120 m²","25 Yaşında","·","Kat","4. Kat","Aydın / Efeler / Orta Mah.","https://www.hepsiemlak.com/_nuxt/8cafc93fb5c74c75e9e04e528e02ccdf.jpg","Konak Gayrimenkul","WhatsApp","","https://www.hepsiemlak.com/_nuxt/8cafc93fb5c74c75e9e04e528e02ccdf.jpg",""
"https://www.hepsiemlak.com/aydin-efeler-cestepe-kiralik/daire/162183-235","1 / 12","4.850.000","05/09/2026","Adnan Menderes Mah 2+1 Ara Kat Daire","Kiralık Daire","2 + 1","90 m²","6 Yaşında","·","Kat","3. Kat","Aydın / Efeler / Çeştepe Mah.","https://www.hepsiemlak.com/_nuxt/8cafc93fb5c74c75e9e04e528e02ccdf.jpg","Koca Gayrimenkul","WhatsApp","Onur
                  Göven","","https://www.hepsiemlak.com/_nuxt/8cafc93fb5c74c75e9e04e528e02ccdf.jpg"
"https://www.hepsiemlak.com/aydin-cine-hamitabat-kiralik/daire/95326-294","1 / 20","27.000","02/09/2026","Çine Hamitabat Mah 3+1 Kiralık Daire","Kiralık Daire","3 + 1","140 m²","6 Yaşında","·","Kat","3. Kat","Aydın / Çine / Hamitabat Mah.","https://www.hepsiemlak.com/_nuxt/8cafc93fb5c74c75e9e04e528e02ccdf.jpg","","WhatsApp","","",""
"https://www.hepsiemlak.com/aydin-kusadasi-cumhuriyet-kiralik/daire/114395-3549","1 / 13","25.000","09/09/2026","Kuşadası Merkezde Deniz Manzaralı 1+1 Eşyalı Apart(su+internet Dahil) Kiralık Daire","Kiralık Daire","1 + 1","40 m²","10 Yaşında","·","Kat","Teras Katı","Aydın / Kuşadası / Cumhuriyet Mah.","https://www.hepsiemlak.com/_nuxt/8cafc93fb5c74c75e9e04e528e02ccdf.jpg","Emlak Adası Kuşadası","WhatsApp","Emlak
                  Adası","https://www.hepsiemlak.com/_nuxt/8cafc93fb5c74c75e9e04e528e02ccdf.jpg","https://www.hepsiemlak.com/_nuxt/img/no-image-user.6f6a83e.svg"
"https://www.hepsiemlak.com/aydin-kusadasi-davutlar-kiralik/daire/97893-596","1 / 23","25.000","10/09/2026","Davutlarda Sıfır 2+1 Daire","Kiralık Daire","2 + 1","90 m²","Sıfır Bina","·","Kat","Giriş Katı","Aydın / Kuşadası / Davutlar Mah.","https://hecdnnw.hemlak.com/mncropresize/77/67/logo/3/9/8/7/9/0/34885d56-4882-4cc7-9eda-a86d9de0ec42.jpg","Ada Avşar Gayrimenkul Danışmanlığı","WhatsApp","","",""
"https://www.hepsiemlak.com/aydin-nazilli-isabeyli-kiralik/daire/107141-32","1 / 10","16.000","20/08/2026","İsabeyli Emlaktan Kiralık 2+1","Kiralık Daire","2 + 1","70 m²","6 Yaşında","·","Kat","2. Kat","Aydın / Nazilli / İsabeyli Mah.","https://hecdnnw.hemlak.com/mncropresize/77/67/logo/1/4/1/7/0/1/19e29f11-e92c-4d97-8ab2-14afd88d3221.jpg","İsabeyli Emlak","WhatsApp","","",""
"https://www.hepsiemlak.com/aydin-kusadasi-degirmendere-kiralik/daire/71859-1665","1 / 20","35.000","28/08/2026","Kuşadası Denizcilik Okulu Yanı Sıfır 2+1 Kiralık Daire","Kiralık Daire","2 + 1","100 m²","Sıfır Bina","·","Kat","2. Kat","Aydın / Kuşadası / Değirmendere Mah.","https://hecdnnw.hemlak.com/mncropresize/77/67/logo/9/5/8/1/7/0/5ae3441e-bbf5-4c90-ab3c-cb9ad07106d5.jpg","Doğa Gayrimenkul","WhatsApp","","",""
"https://www.hepsiemlak.com/aydin-kusadasi-ikicesmelik-kiralik/daire/148837-1892","1 / 14","18.000","19/08/2026","Kuşadası İkiçeşmelik Eşin Vadi Sitesi Kiralık 1+1 Daire","Kiralık Daire","1 + 1","60 m²","4 Yaşında","·","Kat","1. Kat","Aydın / Kuşadası / İkiçeşmelik Mah.","https://hecdn01.hemlak.com/mncropresize/182/137/ds01/2/9/3/4/5/1/7/4/e098171c-9367-42bf-b9b0-92c8f10b3c59.jpg","Remax Pasha 1","WhatsApp","","https://hecdnnw.hemlak.com/mncropresize/77/67/logo/7/3/8/8/4/1/2260fc4b-feca-4244-a7b8-38148ea0331d.jpg",""
"https://www.hepsiemlak.com/aydin-didim-altinkum-kiralik/daire/116417-1524","1 / 23","40.000","26/08/2026","Didim Altınkum Mah. Havuzlu Sitede Kiralık 2+1 Daire","Kiralık Daire","2 + 1","75 m²","2 Yaşında","·","Kat","2. Kat","Aydın / Didim / Altınkum Mah.","https://www.hepsiemlak.com/_nuxt/8cafc93fb5c74c75e9e04e528e02ccdf.jpg","Coldwell Banker Medusa","WhatsApp","","https://www.hepsiemlak.com/_nuxt/8cafc93fb5c74c75e9e04e528e02ccdf.jpg",""
"https://www.hepsiemlak.com/aydin-efeler-fatih-kiralik/daire/71291-2964","1 / 11","25.000","22/08/2026","Aydin-Efeler, Fatih Mahallesi 3+1, Dogalgazlı,Asansörlü, Kiralık Daire","Kiralık Daire","3 + 1","145 m²","12 Yaşında","·","Kat","1. Kat","Aydın / Efeler / Fatih Mah.","https://www.hepsiemlak.com/_nuxt/8cafc93fb5c74c75e9e04e528e02ccdf.jpg","Gazi Emlak","WhatsApp","","https://www.hepsiemlak.com/_nuxt/8cafc93fb5c74c75e9e04e528e02ccdf.jpg",""
"https://www.hepsiemlak.com/aydin-kusadasi-degirmendere-kiralik/daire/104189-3980","1 / 29","45.000","20/08/2026","Kuşadası Yerden Isıtmalı 3+1 Eşyalı Kiralık Daire","Kiralık Daire","3 + 1","160 m²","2 Yaşında","·","Kat","2. Kat","Aydın / Kuşadası / Değirmendere Mah.","https://www.hepsiemlak.com/_nuxt/8cafc93fb5c74c75e9e04e528e02ccdf.jpg","Egemen Gayrimenkul Kuşadası","WhatsApp","","https://www.hepsiemlak.com/_nuxt/8cafc93fb5c74c75e9e04e528e02ccdf.jpg",""
"https://www.hepsiemlak.com/aydin-efeler-guzelhisar-kiralik/daire/31220-11285","1 / 16","33.000","08/09/2026","Kent Meydanı'nın Kalbinde Yapılı 3+1 Kiralık Ofis /büro/daire","Kiralık Daire","3 + 1","150 m²","31 Yaşında","·","Kat","Çatı Katı","Aydın / Efeler / Güzelhisar Mah.","https://www.hepsiemlak.com/_nuxt/8cafc93fb5c74c75e9e04e528e02ccdf.jpg","Kw Alesta-viya-orsa 1","WhatsApp","","https://www.hepsiemlak.com/_nuxt/8cafc93fb5c74c75e9e04e528e02ccdf.jpg",""
"https://www.hepsiemlak.com/aydin-efeler-efeler-kiralik/daire/169362-62","1 / 35","28.000","20/08/2026","Vma Gayrimenkulden Adü Diş Fakultesi Karşısında Kiralık Daire","Kiralık Daire","3 + 1","145 m²","16 Yaşında","·","Kat","3. Kat","Aydın / Efeler / Efeler Mah.","https://www.hepsiemlak.com/_nuxt/8cafc93fb5c74c75e9e04e528e02ccdf.jpg","Vma Gayrimenkul","WhatsApp","","https://www.hepsiemlak.com/_nuxt/8cafc93fb5c74c75e9e04e528e02ccdf.jpg",""
"https://www.hepsiemlak.com/aydin-nazilli-sumer-kiralik/daire/124575-38","1 / 20","10.000","17/08/2026","Nazilli Sümer Mahallesi'nde Ferah Balkonlu Kiralık 1+1 Dire","Kiralık Daire","1 + 1","60 m²","10 Yaşında","·","Kat","3. Kat","Aydın / Nazilli / Sümer Mah.","https://www.hepsiemlak.com/_nuxt/8cafc93fb5c74c75e9e04e528e02ccdf.jpg","Nazilli Yılmaz Emlak","WhatsApp","","https://www.hepsiemlak.com/_nuxt/8cafc93fb5c74c75e9e04e528e02ccdf.jpg",""
"https://www.hepsiemlak.com/aydin-efeler-osman-yozgatli-kiralik/daire/128861-486","1 / 15","26.500","08/08/2026","Kiralık 1+1 50 M² Eşyalı","Kiralık Daire","1 + 1","50 m²","Sıfır Bina","·","Kat","Ara Kat","Aydın / Efeler / Osman Yozgatlı Mah.","https://www.hepsiemlak.com/_nuxt/8cafc93fb5c74c75e9e04e528e02ccdf.jpg","Evfon Altınkonak Gayrimenkul","WhatsApp","Rabia
                  Mayda","https://www.hepsiemlak.com/_nuxt/8cafc93fb5c74c75e9e04e528e02ccdf.jpg","https://www.hepsiemlak.com/_nuxt/8cafc93fb5c74c75e9e04e528e02ccdf.jpg"
"https://www.hepsiemlak.com/aydin-nazilli-isabeyli-kiralik/daire/134615-943","1 / 33","20.000","31/08/2026","Dyg Danışmanlık Hizmetlerinden Kiralık 2+1 Sıfır Daire","Kiralık Daire","2 + 1","75 m²","Sıfır Bina","·","Kat","4. Kat","Aydın / Nazilli / İsabeyli Mah.","https://www.hepsiemlak.com/_nuxt/8cafc93fb5c74c75e9e04e528e02ccdf.jpg","Dyg Danışmanlık Hizmetleri","WhatsApp","Avni
                  Demir","","https://www.hepsiemlak.com/_nuxt/8cafc93fb5c74c75e9e04e528e02ccdf.jpg"
"https://www.hepsiemlak.com/aydin-efeler-adnan-menderes-kiralik/residence/106586-169","1 / 35","64.000","09/09/2026","Egeli Group/alinda Gold Residence'de Kiralık 4+1 Ultra Lüx 220m2","Kiralık Residence","4 + 1","240 m²","6 Yaşında","·","Kat","8. Kat","Aydın / Efeler / Adnan Menderes Mah.","https://www.hepsiemlak.com/_nuxt/8cafc93fb5c74c75e9e04e528e02ccdf.jpg","Egeli Group Gayrimenkul","WhatsApp","Fatih
                  Erönemi","https://www.hepsiemlak.com/_nuxt/8cafc93fb5c74c75e9e04e528e02ccdf.jpg","https://www.hepsiemlak.com/_nuxt/8cafc93fb5c74c75e9e04e528e02ccdf.jpg"
"https://www.hepsiemlak.com/aydin-soke-celtikci-kiralik/daire/170486-33","1 / 41","41.500","28/08/2026","Askeriye Yakın Full Eşyalı Site İçerisinde Eşyalı Kiralık Daire","Kiralık Daire","3 + 1","135 m²","6 Yaşında","·","Kat","2. Kat","Aydın / Söke / Çeltikçi Mah.","https://www.hepsiemlak.com/_nuxt/8cafc93fb5c74c75e9e04e528e02ccdf.jpg","Atakent Emlak","WhatsApp","","https://www.hepsiemlak.com/_nuxt/8cafc93fb5c74c75e9e04e528e02ccdf.jpg",""
"https://www.hepsiemlak.com/aydin-kusadasi-kadinlar-denizi-kiralik/daire/162627-321","1 / 22","26.000","31/07/2026","Kuşadası Kadınlar Denizinde Geniş 3+1 Kiralık Daire","Kiralık Daire","3 + 1","130 m²","11 Yaşında","·","Kat","Yüksek Giriş","Aydın / Kuşadası / Kadınlar Denizi Mah.","https://www.hepsiemlak.com/_nuxt/8cafc93fb5c74c75e9e04e528e02ccdf.jpg","İsabet Kuşadası Gayrimenkul","WhatsApp","Abdülkadir
                  Taluğ","https://www.hepsiemlak.com/_nuxt/8cafc93fb5c74c75e9e04e528e02ccdf.jpg","https://www.hepsiemlak.com/_nuxt/8cafc93fb5c74c75e9e04e528e02ccdf.jpg"
"https://www.hepsiemlak.com/aydin-efeler-mimar-sinan-kiralik/daire/119895-4125","1 / 38","60.000","04/08/2026","Aydın Mimar Sinan'da Prestijli Sitede Kiralık 3+1 Daire","Kiralık Daire","3 + 1","155 m²","16 Yaşında","·","Kat","1. Kat","Aydın / Efeler / Mimar Sinan Mah.","https://www.hepsiemlak.com/_nuxt/8cafc93fb5c74c75e9e04e528e02ccdf.jpg","Kw Alesta-viya-orsa 3","WhatsApp","","https://www.hepsiemlak.com/_nuxt/8cafc93fb5c74c75e9e04e528e02ccdf.jpg",""
"https://www.hepsiemlak.com/aydin-kusadasi-ege-kiralik/daire/130030-934","1 / 29","60.000","05/09/2026","Kuşadası Ege Mh Full Eşyalı 3+1 Kiralık","Kiralık Daire","3 + 1","140 m²","5 Yaşında","·","Kat","2. Kat","Aydın / Kuşadası / Ege Mah.","https://www.hepsiemlak.com/_nuxt/8cafc93fb5c74c75e9e04e528e02ccdf.jpg","Cihan Gayrimenkul Kuşadası","WhatsApp","Cihan
                  Erdoğan","https://www.hepsiemlak.com/_nuxt/8cafc93fb5c74c75e9e04e528e02ccdf.jpg","https://www.hepsiemlak.com/_nuxt/8cafc93fb5c74c75e9e04e528e02ccdf.jpg"
"https://www.hepsiemlak.com/aydin-incirliova-zafer-kiralik/daire/79331-244","1 / 25","20.000","29/07/2026","İncirliova Zafer Mahallesinde Kiralık Ara Kat 2+1 Daire","Kiralık Daire","2 + 0","94 m²","Sıfır Bina","·","Kat","4. Kat","Aydın / İncirliova / Zafer Mah.","https://www.hepsiemlak.com/_nuxt/8cafc93fb5c74c75e9e04e528e02ccdf.jpg","Stil Gayrimenkul","WhatsApp","","https://www.hepsiemlak.com/_nuxt/8cafc93fb5c74c75e9e04e528e02ccdf.jpg",""
"https://www.hepsiemlak.com/aydin-kusadasi-kadinlar-denizi-kiralik/daire/153822-219","1 / 23","31.000","20/08/2026","Kuşadası Kadınlar Denizi'nde Yeni Eşyalı Kiralık 1+1 Daire..!!","Kiralık Daire","1 + 1","55 m²","Sıfır Bina","·","Kat","3. Kat","Aydın / Kuşadası / Kadınlar Denizi Mah.","https://www.hepsiemlak.com/_nuxt/8cafc93fb5c74c75e9e04e528e02ccdf.jpg","Altın Ada Gayrimenkul","WhatsApp","Dürdane
                  Özdemir","https://www.hepsiemlak.com/_nuxt/8cafc93fb5c74c75e9e04e528e02ccdf.jpg","https://www.hepsiemlak.com/_nuxt/8cafc93fb5c74c75e9e04e528e02ccdf.jpg"
"https://www.hepsiemlak.com/aydin-kusadasi-davutlar-kiralik/villa/122059-987","1 / 28","75.000","03/09/2026","Kuşadası Davutlarda 5+2 Eşyalı Kiralık Villa","Kiralık Villa","5 + 2","320 m²","26 Yaşında","·","Kat","Bahçe Katı","Aydın / Kuşadası / Davutlar Mah.","https://www.hepsiemlak.com/_nuxt/8cafc93fb5c74c75e9e04e528e02ccdf.jpg","Prime Gayrimenkul Yatırım","WhatsApp","","https://www.hepsiemlak.com/_nuxt/8cafc93fb5c74c75e9e04e528e02ccdf.jpg",""
"https://www.hepsiemlak.com/aydin-didim-hisar-kiralik/daire/124451-179","1 / 15","25.000","04/09/2026","Didimde Kiralık Havuzlu 2+1 Ara Kat Eşyalı Daire","Kiralık Daire","2 + 1","71 m²","Sıfır Bina","·","Kat","1. Kat","Aydın / Didim / Hisar Mah.","https://www.hepsiemlak.com/_nuxt/8cafc93fb5c74c75e9e04e528e02ccdf.jpg","New Optimum İnşaat","WhatsApp","","https://www.hepsiemlak.com/_nuxt/8cafc93fb5c74c75e9e04e528e02ccdf.jpg",""
"https://www.hepsiemlak.com/aydin-didim-akbuk-kiralik/daire/90011-1047","1 / 15","35.000","23/07/2026","✨ Deniz Manzaralı, Full Eşyalı, Taşınmaya Hazır 2+1 Daire!","Kiralık Daire","2 + 1","90 m²","12 Yaşında","·","Kat","Ara Kat","Aydın / Didim / Akbük Mah.","https://www.hepsiemlak.com/_nuxt/8cafc93fb5c74c75e9e04e528e02ccdf.jpg","Akbük Sahil Emlak","WhatsApp","","https://www.hepsiemlak.com/_nuxt/8cafc93fb5c74c75e9e04e528e02ccdf.jpg",""
"https://www.hepsiemlak.com/aydin-efeler-zafer-kiralik/daire/135805-409","1 / 11","15.000","22/08/2026","Aydın Zafer Mah. Full Eşyalı 1+1 Kiralık Daire","Kiralık Daire","1 + 1","45 m²","11 Yaşında","·","Kat","1. Kat","Aydın / Efeler / Zafer Mah.","https://www.hepsiemlak.com/_nuxt/8cafc93fb5c74c75e9e04e528e02ccdf.jpg","Derya Emlak","WhatsApp","Ramazan
                  Göbek","https://www.hepsiemlak.com/_nuxt/8cafc93fb5c74c75e9e04e528e02ccdf.jpg","https://www.hepsiemlak.com/_nuxt/8cafc93fb5c74c75e9e04e528e02ccdf.jpg"
"https://www.hepsiemlak.com/aydin-efeler-ata-kiralik/daire/162183-232","1 / 12","23.000","05/09/2026","Ata Mahallesinde Sıfır Arakat 2+1 Kiralık Daire","Kiralık Daire","2 + 1","70 m²","Sıfır Bina","·","Kat","2. Kat","Aydın / Efeler / Ata Mah.","https://www.hepsiemlak.com/_nuxt/8cafc93fb5c74c75e9e04e528e02ccdf.jpg","Koca Gayrimenkul","WhatsApp","Onur
                  Göven","","https://www.hepsiemlak.com/_nuxt/8cafc93fb5c74c75e9e04e528e02ccdf.jpg"
"https://www.hepsiemlak.com/aydin-kusadasi-davutlar-kiralik/daire/159226-108","1 / 8","20.000","07/09/2026","Davutlar Da Eşyalı Kiralık 1+1 Daire","Kiralık Daire","1 + 1","55 m²","6 Yaşında","·","Kat","3. Kat","Aydın / Kuşadası / Davutlar Mah.","https://hecdnnw.hemlak.com/mncropresize/77/67/logo/6/2/2/9/5/1/724bfa55-146a-4338-857c-1b2a7a795f31.jpg","Bimas Gayrimenkul","WhatsApp","","",""
"https://www.hepsiemlak.com/aydin-didim-akbuk-kiralik/daire/3734-1615","1 / 25","45.000","08/09/2026","Didim Akbükte Full Deniz Manzaralı Sürekli Kiralık Dubleks Daire","Kiralık Daire","2 + 1","115 m²","11 Yaşında","·","Kat","2. Kat","Aydın / Didim / Akbük Mah.","https://hecdnnw.hemlak.com/mncropresize/77/67/logo/4/3/7/3/0/0/c711a387-da2e-417f-a439-12ed607a244c.jpg","Abs Emlak","WhatsApp","Yunus
                  Yalvaç","https://hecdnnw.hemlak.com/mncropresize/77/67/firmuser/4/3/7/3/0/0/ca17df88-70a9-447d-a308-1202a83e326a.jpg",""
"https://www.hepsiemlak.com/aydin-efeler-kemer-kiralik/daire/98556-395","1 / 18","50.000","03/09/2026","Kemer Mimar Sinan Bölgesi Kiralık Geniş 3+1","Kiralık Daire","3 + 1","165 m²","6 Yaşında","·","Kat","3. Kat","Aydın / Efeler / Kemer Mah.","https://hecdnnw.hemlak.com/mncropresize/77/67/logo/6/5/5/8/9/0/5d969c07-acd6-40a0-a257-e5545869659e.png","Elit Emlak Recep Şekerci","WhatsApp","","",""
"https://www.hepsiemlak.com/aydin-kusadasi-davutlar-kiralik/daire/140367-585","1 / 13","20.000","07/09/2026","Okula Çarşıya Yürüme Mesafesinde Konforlu Daire","Kiralık Daire","1 + 1","60 m²","2 Yaşında","·","Kat","4. Kat","Aydın / Kuşadası / Davutlar Mah.","https://hecdn01.hemlak.com/mncropresize/182/137/ds01/6/6/9/8/2/2/7/4/16c3a8d0-24be-49e1-8037-50d5f9b39ce1.jpg","","WhatsApp","","",""
"https://www.hepsiemlak.com/aydin-kusadasi-kadinlar-denizi-kiralik/yazlik/49109-4176","1 / 30","65.000","02/09/2026","Kadınlar Denizi Mevki Sezonluk Eşyalı Kiralık Yazlık","Kiralık Yazlık","2 + 1","120 m²","18 Yaşında","·","Kat","Villa Katı","Aydın / Kuşadası / Kadınlar Denizi Mah.","https://www.hepsiemlak.com/_nuxt/8cafc93fb5c74c75e9e04e528e02ccdf.jpg","Gho Yörükoğlu Gayrimenkul","WhatsApp","Efe Ulaş
                  Esen","https://www.hepsiemlak.com/_nuxt/8cafc93fb5c74c75e9e04e528e02ccdf.jpg","https://www.hepsiemlak.com/_nuxt/8cafc93fb5c74c75e9e04e528e02ccdf.jpg"
"https://www.hepsiemlak.com/aydin-efeler-girne-kiralik/daire/68088-1420","1 / 14","24.000","25/08/2026","Rw Alyanstan Girne Mh Fen Lisesi Yani Eşyalı 1+1 Kiralık Daire","Kiralık Daire","1 + 1","55 m²","6 Yaşında","·","Kat","3. Kat","Aydın / Efeler / Girne Mah.","https://www.hepsiemlak.com/_nuxt/8cafc93fb5c74c75e9e04e528e02ccdf.jpg","Realty World Alyans Gayrimenkul","WhatsApp","","https://www.hepsiemlak.com/_nuxt/8cafc93fb5c74c75e9e04e528e02ccdf.jpg",""
"https://www.hepsiemlak.com/aydin-didim-altinkum-kiralik/daire/47174-953","1 / 17","60.000","24/08/2026","Havuzlu Sitede 2+1","Kiralık Daire","2 + 1","70 m²","Sıfır Bina","·","Kat","Bahçe Katı","Aydın / Didim / Altınkum Mah.","https://www.hepsiemlak.com/_nuxt/8cafc93fb5c74c75e9e04e528e02ccdf.jpg","Mai Emlak","WhatsApp","","https://www.hepsiemlak.com/_nuxt/8cafc93fb5c74c75e9e04e528e02ccdf.jpg",""
"https://www.hepsiemlak.com/aydin-efeler-ata-kiralik/daire/5625-3449","1 / 25","25.000","18/08/2026","Aydın Efeler Ata Mahallesin De Kiralık 2+1 Sıfır Daire","Kiralık Daire","2 + 1","70 m²","5 Yaşında","·","Kat","4. Kat","Aydın / Efeler / Ata Mah.","https://www.hepsiemlak.com/_nuxt/8cafc93fb5c74c75e9e04e528e02ccdf.jpg","Sun Investment","WhatsApp","Sun
                  Investment","https://www.hepsiemlak.com/_nuxt/8cafc93fb5c74c75e9e04e528e02ccdf.jpg","https://www.hepsiemlak.com/_nuxt/8cafc93fb5c74c75e9e04e528e02ccdf.jpg"
"https://www.hepsiemlak.com/aydin-efeler-zafer-kiralik/daire/71291-2962","1 / 11","18.000","13/08/2026","Zafer Mah.De Ara Kat Esyali Ve Cift Klimali Kiralik 1+1 Daire","Kiralık Daire","1 + 1","45 m²","8 Yaşında","·","Kat","2. Kat","Aydın / Efeler / Zafer Mah.","https://www.hepsiemlak.com/_nuxt/8cafc93fb5c74c75e9e04e528e02ccdf.jpg","Gazi Emlak","WhatsApp","İrfan
                  Gümüş","https://www.hepsiemlak.com/_nuxt/8cafc93fb5c74c75e9e04e528e02ccdf.jpg","https://www.hepsiemlak.com/_nuxt/8cafc93fb5c74c75e9e04e528e02ccdf.jpg"
"https://www.hepsiemlak.com/aydin-kusadasi-turkmen-kiralik/daire/114395-3718","1 / 11","20.000","10/09/2026","Kuşadasında Su İnternet Dahil 20.000tl 1+0 Eşyalı Apart Daire","Kiralık Daire","Stüdyo","45 m²","Sıfır Bina","·","Kat","2. Kat","Aydın / Kuşadası / Türkmen Mah.","https://www.hepsiemlak.com/_nuxt/8cafc93fb5c74c75e9e04e528e02ccdf.jpg","Emlak Adası Kuşadası","WhatsApp","Emlak
                  Adası","https://www.hepsiemlak.com/_nuxt/8cafc93fb5c74c75e9e04e528e02ccdf.jpg","https://www.hepsiemlak.com/_nuxt/img/no-image-user.6f6a83e.svg"
"https://www.hepsiemlak.com/aydin-didim-hisar-kiralik/daire/148098-1240","1 / 15","25.000","31/08/2026","Didim Hisar Mahde Eşyalı 1+1 Kiralık Daire","Kiralık Daire","1 + 1","50 m²","4 Yaşında","·","Kat","1. Kat","Aydın / Didim / Hisar Mah.","https://www.hepsiemlak.com/_nuxt/8cafc93fb5c74c75e9e04e528e02ccdf.jpg","Remax Cool","WhatsApp","","https://www.hepsiemlak.com/_nuxt/8cafc93fb5c74c75e9e04e528e02ccdf.jpg",""
"https://www.hepsiemlak.com/aydin-nazilli-isabeyli-kiralik/daire/134615-941","1 / 26","18.000","07/08/2026","Dyg Danışmanlık Hizmetlerinden Kiralık 2+1 Sıfır Daire","Kiralık Daire","2 + 1","75 m²","Sıfır Bina","·","Kat","4. Kat","Aydın / Nazilli / İsabeyli Mah.","https://www.hepsiemlak.com/_nuxt/8cafc93fb5c74c75e9e04e528e02ccdf.jpg","Dyg Danışmanlık Hizmetleri","WhatsApp","Avni
                  Demir","","https://www.hepsiemlak.com/_nuxt/8cafc93fb5c74c75e9e04e528e02ccdf.jpg"
"https://www.hepsiemlak.com/aydin-kusadasi-karaova-kiralik/daire/51582-2734","1 / 40","45.000","06/09/2026","Kuşadası Sahil Sitelerinde Denize 200 Metre Eşyalı","Kiralık Daire","2 + 1","150 m²","21 Yaşında","·","Kat","Bahçe Katı","Aydın / Kuşadası / Karaova Mah.","https://www.hepsiemlak.com/_nuxt/8cafc93fb5c74c75e9e04e528e02ccdf.jpg","Yakamoz Emlak","WhatsApp","","https://www.hepsiemlak.com/_nuxt/8cafc93fb5c74c75e9e04e528e02ccdf.jpg",""
"https://www.hepsiemlak.com/aydin-efeler-kardeskoy-kiralik/villa/153824-363","1 / 35","75.000","08/09/2026","Kardeşköy'de Müstakil Villa: 3+1, Geniş Bahçeli Ve Teraslı","Kiralık Villa","3 + 1","350 m²","Sıfır Bina","·","Kat","","Aydın / Efeler / Kardeşköy Mah.","https://www.hepsiemlak.com/_nuxt/8cafc93fb5c74c75e9e04e528e02ccdf.jpg","Altındiş Gayrimenkul Yatırım","WhatsApp","Hüsnü
                  Altındiş","https://www.hepsiemlak.com/_nuxt/8cafc93fb5c74c75e9e04e528e02ccdf.jpg","https://www.hepsiemlak.com/_nuxt/8cafc93fb5c74c75e9e04e528e02ccdf.jpg"
"https://www.hepsiemlak.com/aydin-cine-karakollar-kiralik/daire/170303-19","1 / 20","22.000","03/08/2026","Çine Karakollar Mahallesi'nde Geniş Ve Ferah 3+1 Kiralık Daire","Kiralık Daire","3 + 1","170 m²","16 Yaşında","·","Kat","2. Kat","Aydın / Çine / Karakollar Mah.","https://www.hepsiemlak.com/_nuxt/8cafc93fb5c74c75e9e04e528e02ccdf.jpg","","WhatsApp","","",""
"https://www.hepsiemlak.com/aydin-efeler-zafer-kiralik/daire/106586-167","1 / 31","22.000","01/09/2026","Egeligroup//kiralık Doğal Gazlı 2+1 Dubleks","Kiralık Daire","2 + 1","100 m²","6 Yaşında","·","Kat","5. Kat","Aydın / Efeler / Zafer Mah.","https://www.hepsiemlak.com/_nuxt/8cafc93fb5c74c75e9e04e528e02ccdf.jpg","Egeli Group Gayrimenkul","WhatsApp","Fatih
                  Erönemi","https://www.hepsiemlak.com/_nuxt/8cafc93fb5c74c75e9e04e528e02ccdf.jpg","https://www.hepsiemlak.com/_nuxt/8cafc93fb5c74c75e9e04e528e02ccdf.jpg"
"https://www.hepsiemlak.com/aydin-efeler-kemer-kiralik/daire/78993-2145","1 / 32","55.000","04/08/2026","Aydın Efeler Loca Life Deluxe'de Kiralık 3+1 Daire","Kiralık Daire","3 + 1","175 m²","6 Yaşında","·","Kat","5. Kat","Aydın / Efeler / Kemer Mah.","https://www.hepsiemlak.com/_nuxt/8cafc93fb5c74c75e9e04e528e02ccdf.jpg","Pasha Gayrimenkul","WhatsApp","","https://www.hepsiemlak.com/_nuxt/8cafc93fb5c74c75e9e04e528e02ccdf.jpg",""
"https://www.hepsiemlak.com/aydin-soke-konak-kiralik/daire/170486-31","1 / 41","41.500","28/08/2026","Atakent Emlakdan Site İçerisinde Lüks 3+1 Eşyalı Kiralık Daire","Kiralık Daire","3 + 1","135 m²","6 Yaşında","·","Kat","2. Kat","Aydın / Söke / Konak Mah.","https://www.hepsiemlak.com/_nuxt/8cafc93fb5c74c75e9e04e528e02ccdf.jpg","Atakent Emlak","WhatsApp","","https://www.hepsiemlak.com/_nuxt/8cafc93fb5c74c75e9e04e528e02ccdf.jpg",""
"https://www.hepsiemlak.com/aydin-kusadasi-davutlar-kiralik/daire/130030-930","1 / 18","20.000","23/07/2026","Davutlar Merkez Devamlı Kiralık Ayrı Mutfak 2+1 Daire","Kiralık Daire","2 + 1","100 m²","16 Yaşında","·","Kat","1. Kat","Aydın / Kuşadası / Davutlar Mah.","https://www.hepsiemlak.com/_nuxt/8cafc93fb5c74c75e9e04e528e02ccdf.jpg","Cihan Gayrimenkul Kuşadası","WhatsApp","Cihan
                  Erdoğan","https://www.hepsiemlak.com/_nuxt/8cafc93fb5c74c75e9e04e528e02ccdf.jpg","https://www.hepsiemlak.com/_nuxt/8cafc93fb5c74c75e9e04e528e02ccdf.jpg"
"https://www.hepsiemlak.com/aydin-kusadasi-ikicesmelik-kiralik/daire/153822-218","1 / 40","55.000","21/08/2026","Kuşadası Merkezde Ful Eşyalı Deniz Manzaralı Acil Kiralık Daire","Kiralık Daire","3 + 1","160 m²","11 Yaşında","·","Kat","3. Kat","Aydın / Kuşadası / İkiçeşmelik Mah.","https://www.hepsiemlak.com/_nuxt/8cafc93fb5c74c75e9e04e528e02ccdf.jpg","Altın Ada Gayrimenkul","WhatsApp","Dürdane
                  Özdemir","https://www.hepsiemlak.com/_nuxt/8cafc93fb5c74c75e9e04e528e02ccdf.jpg","https://www.hepsiemlak.com/_nuxt/8cafc93fb5c74c75e9e04e528e02ccdf.jpg"
"https://www.hepsiemlak.com/aydin-efeler-kurtulus-kiralik/daire/19625-6324","1 / 10","19.500","19/08/2026","Aydın Ege Emlak'tan Kurtuluş Mah. Cadde Üzeri 3+1 110m2 Kiralık Daire","Kiralık Daire","3 + 1","120 m²","25 Yaşında","·","Kat","4. Kat","Aydın / Efeler / Kurtuluş Mah.","https://www.hepsiemlak.com/_nuxt/8cafc93fb5c74c75e9e04e528e02ccdf.jpg","Ege Emlak","WhatsApp","","https://www.hepsiemlak.com/_nuxt/8cafc93fb5c74c75e9e04e528e02ccdf.jpg",""
"https://www.hepsiemlak.com/aydin-kusadasi-camiatik-kiralik/daire/134592-1153","1 / 9","17.500","03/09/2026","Kuşadası Camiatik Mahallesi Çalıkuşu Evi Sokağında Eşyalı Kiralık 1+1 Daire","Kiralık Daire","1 + 1","45 m²","21 Yaşında","·","Kat","1. Kat","Aydın / Kuşadası / Camiatik Mah.","https://www.hepsiemlak.com/_nuxt/8cafc93fb5c74c75e9e04e528e02ccdf.jpg","Startkey Hayat Gayrimenkul","WhatsApp","","https://www.hepsiemlak.com/_nuxt/8cafc93fb5c74c75e9e04e528e02ccdf.jpg",""
"https://www.hepsiemlak.com/aydin-nazilli-isabeyli-kiralik/daire/124111-271","1 / 21","17.500","12/08/2026","İsabeyli Mahallesinde Doğalgazlı Sıfır Eşyalı Kiralık 1+1 Daire","Kiralık Daire","1 + 1","55 m²","Sıfır Bina","·","Kat","2. Kat","Aydın / Nazilli / İsabeyli Mah.","https://www.hepsiemlak.com/_nuxt/8cafc93fb5c74c75e9e04e528e02ccdf.jpg","Ege Royal Yapı","WhatsApp","Ege Royal
                  Yapı","","https://www.hepsiemlak.com/_nuxt/8cafc93fb5c74c75e9e04e528e02ccdf.jpg"
"https://www.hepsiemlak.com/aydin-kusadasi-degirmendere-kiralik/daire/28110-16461","1 / 21","49.000","01/09/2026","Kuşadası Değirmendere’de Sinerji Sitesinde 3+1 Eşyalı Kiralık Daire","Kiralık Daire","3 + 1","140 m²","7 Yaşında","·","Kat","Yüksek Giriş","Aydın / Kuşadası / Değirmendere Mah.","https://www.hepsiemlak.com/_nuxt/8cafc93fb5c74c75e9e04e528e02ccdf.jpg","Remax Pasha 1","WhatsApp","","https://www.hepsiemlak.com/_nuxt/8cafc93fb5c74c75e9e04e528e02ccdf.jpg",""
"https://www.hepsiemlak.com/aydin-efeler-zafer-kiralik/daire/95910-2386","1 / 33","19.000","16/07/2026","Aydın Efeler Zafer Mahallesi 1+1 Eşyalı Kiralık Daire","Kiralık Daire","1 + 1","60 m²","8 Yaşında","·","Kat","4. Kat","Aydın / Efeler / Zafer Mah.","","","WhatsApp","","",""
"https://www.hepsiemlak.com/aydin-efeler-zafer-kiralik/daire/40599-4565","1 / 37","30.000","02/09/2026","Hb'den 3+1 Kiralık Dublex Daire, Oturuma Hazır, Temiz","Kiralık Daire","3 + 1","120 m²","12 Yaşında","·","Kat","2. Kat","Aydın / Efeler / Zafer Mah.","https://hecdnnw.hemlak.com/mncropresize/77/67/logo/9/9/5/0/4/0/8d577b10-7de9-458a-a645-468b4f92d230.jpg","Hb Gayrimenkul","WhatsApp","","",""
"https://www.hepsiemlak.com/aydin-didim-efeler-kiralik/daire/45855-1734","1 / 6","27.000","07/09/2026","Didim Efeler Mahallesi 2+1 Ayrı Mutfak Zemin Kat  Kiralık Daire","Kiralık Daire","2 + 1","90 m²","10 Yaşında","·","Kat","Zemin","Aydın / Didim / Efeler Mah.","https://hecdnnw.hemlak.com/mncropresize/77/67/logo/5/5/8/5/4/0/b6328b2e-df3a-47d0-ac37-45f76f4a8df2.jpg","Yaren Emlak","WhatsApp","","",""
"https://www.hepsiemlak.com/aydin-efeler-yedi-eylul-kiralik/daire/147624-302","1 / 34","25.500","09/09/2026","Muazzam Arakat 3+1 Otoparklı, Balkonlu, Doğalgazlı,Okul Bölgesi","Kiralık Daire","3 + 1","130 m²","26 Yaşında","·","Kat","1. Kat","Aydın / Efeler / Yedi Eylül Mah.","https://hecdn01.hemlak.com/mncropresize/182/137/ds01/3/4/1/8/8/1/7/4/ddeb8bf8-7993-436a-93b4-65e0f07511fa.jpg","Eray Gider Gayrimenkul","WhatsApp","Eray
                  Gider","https://hecdnnw.hemlak.com/mncropresize/77/67/logo/4/2/6/7/4/1/c5bd72b9-cdc1-4cbd-9aef-003842b7c4a4.jpg","https://hecdnnw.hemlak.com/mncropresize/77/67/firmuser/3/7/8/5/8/1/4/5c886b64-98f8-4c1b-be9e-8b1bad7f9ac6.jpg"
"https://www.hepsiemlak.com/aydin-kusadasi-degirmendere-kiralik/daire/119895-4217","1 / 31","23.000","26/08/2026","Deniz Manzaralı 2+1 Kiralık Daire","Kiralık Daire","2 + 1","110 m²","3 Yaşında","·","Kat","3. Kat","Aydın / Kuşadası / Değirmendere Mah.","https://www.hepsiemlak.com/_nuxt/8cafc93fb5c74c75e9e04e528e02ccdf.jpg","Kw Alesta-viya-orsa 3","WhatsApp","","https://www.hepsiemlak.com/_nuxt/8cafc93fb5c74c75e9e04e528e02ccdf.jpg",""
"https://www.hepsiemlak.com/aydin-efeler-cumhuriyet-kiralik/daire/120527-637","1 / 18","20.000","12/08/2026","Bater'den Şehir Merkezinde Eşyalı Kiralık 1+1 Daire","Kiralık Daire","1 + 1","35 m²","11 Yaşında","·","Kat","3. Kat","Aydın / Efeler / Cumhuriyet Mah.","https://www.hepsiemlak.com/_nuxt/8cafc93fb5c74c75e9e04e528e02ccdf.jpg","Bater Gayrimenkul","WhatsApp","","https://www.hepsiemlak.com/_nuxt/8cafc93fb5c74c75e9e04e528e02ccdf.jpg",""
"https://www.hepsiemlak.com/aydin-kusadasi-degirmendere-kiralik/daire/147107-57","1 / 13","40.000","21/08/2026","Kiralık 3+1 120m2","Kiralık Daire","3 + 1","120 m²","6 Yaşında","·","Kat","2. Kat","Aydın / Kuşadası / Değirmendere Mah.","https://www.hepsiemlak.com/_nuxt/8cafc93fb5c74c75e9e04e528e02ccdf.jpg","Günışığı Gayrimenkul","WhatsApp","","https://www.hepsiemlak.com/_nuxt/8cafc93fb5c74c75e9e04e528e02ccdf.jpg",""
"https://www.hepsiemlak.com/aydin-efeler-efeler-kiralik/daire/79589-1480","1 / 26","36.000","23/08/2026","Site İçi Önü Açık Ferah 3+1 Daire","Kiralık Daire","3 + 1","175 m²","3 Yaşında","·","Kat","1. Kat","Aydın / Efeler / Efeler Mah.","https://www.hepsiemlak.com/_nuxt/8cafc93fb5c74c75e9e04e528e02ccdf.jpg","Ege Ayyıldız Gayrimenkul","WhatsApp","Fatih
                  Erol","https://www.hepsiemlak.com/_nuxt/8cafc93fb5c74c75e9e04e528e02ccdf.jpg","https://www.hepsiemlak.com/_nuxt/8cafc93fb5c74c75e9e04e528e02ccdf.jpg"
"https://www.hepsiemlak.com/aydin-didim-altinkum-kiralik/daire/47174-948","1 / 17","35.000","07/09/2026","Havuzlu Site İçinde Lüks Daire","Kiralık Daire","2 + 1","75 m²","3 Yaşında","·","Kat","Bahçe Katı","Aydın / Didim / Altınkum Mah.","https://www.hepsiemlak.com/_nuxt/8cafc93fb5c74c75e9e04e528e02ccdf.jpg","Mai Emlak","WhatsApp","","https://www.hepsiemlak.com/_nuxt/8cafc93fb5c74c75e9e04e528e02ccdf.jpg",""
"https://www.hepsiemlak.com/aydin-didim-efeler-kiralik/daire/116417-1542","1 / 17","30.000","09/09/2026","Efeler Kiralık Geniş Daire","Kiralık Daire","3 + 1","160 m²","15 Yaşında","·","Kat","Çatı Katı","Aydın / Didim / Efeler Mah.","https://www.hepsiemlak.com/_nuxt/8cafc93fb5c74c75e9e04e528e02ccdf.jpg","Coldwell Banker Medusa","WhatsApp","","https://www.hepsiemlak.com/_nuxt/8cafc93fb5c74c75e9e04e528e02ccdf.jpg",""
"https://www.hepsiemlak.com/aydin-efeler-mesudiye-kiralik/daire/162183-225","1 / 11","23.500","08/09/2026","Mesudiye Mahallesi Kiralık Lüx 1+1 Daire","Kiralık Daire","1 + 1","60 m²","Sıfır Bina","·","Kat","1. Kat","Aydın / Efeler / Mesudiye Mah.","https://www.hepsiemlak.com/_nuxt/8cafc93fb5c74c75e9e04e528e02ccdf.jpg","Koca Gayrimenkul","WhatsApp","Onur
                  Göven","","https://www.hepsiemlak.com/_nuxt/8cafc93fb5c74c75e9e04e528e02ccdf.jpg"
"https://www.hepsiemlak.com/aydin-kusadasi-davutlar-kiralik/daire/159226-106","1 / 7","20.000","07/09/2026","Davutlar Da Eşyalı Kiralık 1+1 Daire","Kiralık Daire","1 + 1","45 m²","6 Yaşında","·","Kat","3. Kat","Aydın / Kuşadası / Davutlar Mah.","https://www.hepsiemlak.com/_nuxt/8cafc93fb5c74c75e9e04e528e02ccdf.jpg","Bimas Gayrimenkul","WhatsApp","","https://www.hepsiemlak.com/_nuxt/8cafc93fb5c74c75e9e04e528e02ccdf.jpg",""
"https://www.hepsiemlak.com/aydin-kusadasi-degirmendere-kiralik/daire/18495-4103","1 / 11","28.000","24/08/2026","Deniz Manzaralı Doğalgazlı Kiralık Daire","Kiralık Daire","2 + 1","95 m²","1 Yaşında","·","Kat","1. Kat","Aydın / Kuşadası / Değirmendere Mah.","https://www.hepsiemlak.com/_nuxt/8cafc93fb5c74c75e9e04e528e02ccdf.jpg","Blue Bırds Ada Gayrimenkul","WhatsApp","Hüseyin 
                  Özkan","https://www.hepsiemlak.com/_nuxt/8cafc93fb5c74c75e9e04e528e02ccdf.jpg","https://www.hepsiemlak.com/_nuxt/8cafc93fb5c74c75e9e04e528e02ccdf.jpg"
"https://www.hepsiemlak.com/aydin-efeler-fatih-kiralik/daire/161128-132","1 / 17","25.000","02/09/2026","Aydın Efeler Fatih Mah 2+1 Kiralık Daire","Kiralık Daire","2 + 1","100 m²","27 Yaşında","·","Kat","Yüksek Giriş","Aydın / Efeler / Fatih Mah.","https://www.hepsiemlak.com/_nuxt/8cafc93fb5c74c75e9e04e528e02ccdf.jpg","Star Life Gayrimenkul","WhatsApp","","https://www.hepsiemlak.com/_nuxt/8cafc93fb5c74c75e9e04e528e02ccdf.jpg",""
"https://www.hepsiemlak.com/aydin-didim-mersindere-kiralik/villa/26722-3218","1 / 35","80.000","23/08/2026","Didim Mersindere Mahallesinde Sürekli Kiralık 4+1 Villa 13134","Kiralık Villa","4 + 1","180 m²","4 Yaşında","·","Kat","","Aydın / Didim / Mersindere Mah.","https://www.hepsiemlak.com/_nuxt/8cafc93fb5c74c75e9e04e528e02ccdf.jpg","Realty World Kıyı Gayrımenkul","WhatsApp","","https://www.hepsiemlak.com/_nuxt/8cafc93fb5c74c75e9e04e528e02ccdf.jpg",""
"https://www.hepsiemlak.com/aydin-germencik-ortaklar-kiralik/daire/133820-179","1 / 15","20.000","28/08/2026","Ortaklar Çarşı İçinde Köşe Başı 2+1 Kiralık Daire","Kiralık Daire","2 + 1","95 m²","Sıfır Bina","·","Kat","2. Kat","Aydın / Germencik / Ortaklar Mah.","https://www.hepsiemlak.com/_nuxt/8cafc93fb5c74c75e9e04e528e02ccdf.jpg","","WhatsApp","","",""
"https://www.hepsiemlak.com/aydin-kusadasi-davutlar-kiralik/villa/168541-22","1 / 21","45.000","15/08/2026","Kuşadası Davutlar Mehtap Sitesinde 3+1 Eşyalı Kiralık Köşe V","Kiralık Villa","3 + 1","120 m²","16 Yaşında","·","Kat","Bahçe Katı","Aydın / Kuşadası / Davutlar Mah.","https://www.hepsiemlak.com/_nuxt/8cafc93fb5c74c75e9e04e528e02ccdf.jpg","Ada İnvest Emlak","WhatsApp","","https://www.hepsiemlak.com/_nuxt/8cafc93fb5c74c75e9e04e528e02ccdf.jpg",""
"https://www.hepsiemlak.com/aydin-didim-cumhuriyet-kiralik/daire/116910-22","1 / 36","42.000","03/09/2026","Didim Cumhuriyet Mah. Site İçinde Full  Lux Eşyalı   Sürekli Kiralık  3+1  Ara Kat Sıfır Daire","Kiralık Daire","3 + 1","90 m²","2 Yaşında","·","Kat","Ara Kat","Aydın / Didim / Cumhuriyet Mah.","https://www.hepsiemlak.com/_nuxt/8cafc93fb5c74c75e9e04e528e02ccdf.jpg","Tij Gayrienkul Danışmanlığı","WhatsApp","","https://www.hepsiemlak.com/_nuxt/8cafc93fb5c74c75e9e04e528e02ccdf.jpg",""
"https://www.hepsiemlak.com/aydin-didim-efeler-kiralik/villa/163997-117","1 / 22","45.000","08/08/2026","Didim Efeler Mahallesinde 3+1 Boş Kiralık Villa","Kiralık Villa","3 + 1","100 m²","1 Yaşında","·","Kat","","Aydın / Didim / Efeler Mah.","https://www.hepsiemlak.com/_nuxt/8cafc93fb5c74c75e9e04e528e02ccdf.jpg","Tanem Emlak","WhatsApp","","https://www.hepsiemlak.com/_nuxt/8cafc93fb5c74c75e9e04e528e02ccdf.jpg",""
"https://www.hepsiemlak.com/aydin-kusadasi-davutlar-kiralik/daire/144033-316","1 / 17","28.000","04/09/2026","Davutlar'da Havuzlu Lüks Sitede Akıllı Ev Sistemli Kiralık Daire","Kiralık Daire","1 + 1","55 m²","4 Yaşında","·","Kat","1. Kat","Aydın / Kuşadası / Davutlar Mah.","https://www.hepsiemlak.com/_nuxt/8cafc93fb5c74c75e9e04e528e02ccdf.jpg","Ali Ayyıldız Gayrimenkul","WhatsApp","Ali
                  Ayyıldız","","https://www.hepsiemlak.com/_nuxt/8cafc93fb5c74c75e9e04e528e02ccdf.jpg"
"https://www.hepsiemlak.com/aydin-kusadasi-caferli-kiralik/villa/161857-25","1 / 25","35.000","25/08/2026","Regal Home Key'den Süper Lüks 1+1 Kiralık Daire","Kiralık Villa","1 + 1","80 m²","6 Yaşında","·","Kat","Bahçe Katı","Aydın / Kuşadası / Caferli Mah.","https://www.hepsiemlak.com/_nuxt/8cafc93fb5c74c75e9e04e528e02ccdf.jpg","Regal Home Key","WhatsApp","","https://www.hepsiemlak.com/_nuxt/8cafc93fb5c74c75e9e04e528e02ccdf.jpg",""
"https://www.hepsiemlak.com/aydin-kusadasi-degirmendere-kiralik/daire/128883-556","1 / 18","50.000","14/08/2026","Kuşadası Havuzlu Site Eşyalı 3+1 Kiralık Daire","Kiralık Daire","3 + 1","125 m²","6 Yaşında","·","Kat","4. Kat","Aydın / Kuşadası / Değirmendere Mah.","https://www.hepsiemlak.com/_nuxt/8cafc93fb5c74c75e9e04e528e02ccdf.jpg","Tanır Emlak Gayrimenkul","WhatsApp","","https://www.hepsiemlak.com/_nuxt/8cafc93fb5c74c75e9e04e528e02ccdf.jpg",""
"https://www.hepsiemlak.com/aydin-cine-sevketiye-kiralik/daire/71763-162","1 / 23","25.000","08/08/2026","Çınar Cnr Emlak Yatırım Danışmanlık","Kiralık Daire","3 + 1","180 m²","25 Yaşında","·","Kat","Ara Kat","Aydın / Çine / Şevketiye Mah.","https://www.hepsiemlak.com/_nuxt/8cafc93fb5c74c75e9e04e528e02ccdf.jpg","Çınar Cnr Emlak","WhatsApp","Lütfi
                  Ülgüç","https://www.hepsiemlak.com/_nuxt/8cafc93fb5c74c75e9e04e528e02ccdf.jpg","https://www.hepsiemlak.com/_nuxt/8cafc93fb5c74c75e9e04e528e02ccdf.jpg"
"https://www.hepsiemlak.com/aydin-nazilli-aydogdu-kiralik/daire/164018-104","1 / 18","17.000","29/08/2026","Aydoğdu Mah Hürriyet Cad Üzeri Kiralık 3+1 Daire","Kiralık Daire","3 + 1","160 m²","20 Yaşında","·","Kat","1. Kat","Aydın / Nazilli / Aydoğdu Mah.","https://www.hepsiemlak.com/_nuxt/8cafc93fb5c74c75e9e04e528e02ccdf.jpg","Doğa Emlak Gayrimenkul","WhatsApp","","https://www.hepsiemlak.com/_nuxt/8cafc93fb5c74c75e9e04e528e02ccdf.jpg",""
"https://www.hepsiemlak.com/aydin-efeler-hasanefendi-ramazan-pasa-kiralik/daire/67430-2919","1 / 47","25.000","01/09/2026","Hasanefendi Mahallesinde Kiralık Daire","Kiralık Daire","3 + 1","160 m²","25 Yaşında","·","Kat","4. Kat","Aydın / Efeler / Hasanefendi - Ramazan Paşa Mah.","https://hecdnnw.hemlak.com/mncropresize/77/67/logo/0/3/4/7/6/0/ff0b564e-6800-4e6a-a08a-15f437f354db.jpg","Sezgin Emlak","WhatsApp","","",""
"https://www.hepsiemlak.com/aydin-kusadasi-karaova-kiralik/villa/104189-3992","1 / 22","50.000","07/09/2026","Kuşadası Karaovada Havuzlu Site İçinde 3+1 Kiralık Villa","Kiralık Villa","3 + 1","145 m²","20 Yaşında","·","Kat","","Aydın / Kuşadası / Karaova Mah.","https://hecdnnw.hemlak.com/mncropresize/77/67/logo/9/8/1/4/0/1/807f4072-dc4a-4d72-9fcf-231bbe56bfcd.jpg","Egemen Gayrimenkul Kuşadası","WhatsApp","Melin
                  Babaöz","https://hecdnnw.hemlak.com/mncropresize/77/67/firmuser/5/3/0/7/9/1/2/da891bef-96fd-4e91-883c-bfecb70b7996.jpg",""
"https://www.hepsiemlak.com/aydin-kusadasi-turkmen-kiralik/daire/51582-2733","1 / 40","40.000","06/09/2026","Kuşadası Türkmen Mahallesi Marina Mevki Deniz Manzaralı","Kiralık Daire","3 + 1","120 m²","26 Yaşında","·","Kat","6. Kat","Aydın / Kuşadası / Türkmen Mah.","https://hecdnnw.hemlak.com/mncropresize/77/67/logo/2/8/5/1/5/0/5538b84c-302c-4e0b-825a-7ac4f4099ce9.jpg","Yakamoz Emlak","WhatsApp","","",""
"https://www.hepsiemlak.com/aydin-didim-akbuk-kiralik/yazlik/148098-1179","1 / 43","40.000","05/08/2026","Didim Akbük’te Okullara Ve Denıze Yürüme Mesafesınde Eşyalı Vılla","Kiralık Yazlık","3 + 1","120 m²","27 Yaşında","·","Kat","2. Kat","Aydın / Didim / Akbük Mah.","https://hecdn01.hemlak.com/mncropresize/182/137/ds01/3/4/8/8/6/0/7/4/861e3636-168f-4b71-b93e-483b3be5e409.jpg","Remax Cool","WhatsApp","Yakup
                  Yalvaç","https://hecdnnw.hemlak.com/mncropresize/77/67/logo/8/9/0/8/4/1/1211384d-a771-43c7-8f6b-6cdf799df1da.jpg","https://hecdnnw.hemlak.com/mncropresize/77/67/firmuser/0/5/7/5/9/1/4/26f8913a-c70c-413c-a573-146b94eb3122.jpg"
"https://www.hepsiemlak.com/aydin-kusadasi-davutlar-kiralik/daire/135728-1193","1 / 26","30.000","05/08/2026","Davutlar Merkezde Havuzlu Site Kapalı Mutfak 2+1 Daire","Kiralık Daire","2 + 1","95 m²","6 Yaşında","·","Kat","3. Kat","Aydın / Kuşadası / Davutlar Mah.","https://www.hepsiemlak.com/_nuxt/8cafc93fb5c74c75e9e04e528e02ccdf.jpg","Elit Ada Gayrimenkul","WhatsApp","Umut
                  Hülakü","https://www.hepsiemlak.com/_nuxt/8cafc93fb5c74c75e9e04e528e02ccdf.jpg","https://www.hepsiemlak.com/_nuxt/8cafc93fb5c74c75e9e04e528e02ccdf.jpg"
"https://www.hepsiemlak.com/aydin-nazilli-yesil-kiralik/daire/134615-932","1 / 25","15.000","29/07/2026","Dyg Danışmanlık Hizmetlerinden Kiralık 2+1 Daire","Kiralık Daire","2 + 1","85 m²","6 Yaşında","·","Kat","5. Kat","Aydın / Nazilli / Yeşil Mah.","https://www.hepsiemlak.com/_nuxt/8cafc93fb5c74c75e9e04e528e02ccdf.jpg","Dyg Danışmanlık Hizmetleri","WhatsApp","Avni
                  Demir","","https://www.hepsiemlak.com/_nuxt/8cafc93fb5c74c75e9e04e528e02ccdf.jpg"
"https://www.hepsiemlak.com/aydin-kusadasi-davutlar-kiralik/villa/130030-929","1 / 34","60.000","25/07/2026","Davutlar Sahil Devamlı Kiralık Tek Müstakil Havuzlu Boş Villa","Kiralık Villa","3 + 1","300 m²","1 Yaşında","·","Kat","Bahçe Katı","Aydın / Kuşadası / Davutlar Mah.","https://www.hepsiemlak.com/_nuxt/8cafc93fb5c74c75e9e04e528e02ccdf.jpg","Cihan Gayrimenkul Kuşadası","WhatsApp","Cihan
                  Erdoğan","https://www.hepsiemlak.com/_nuxt/8cafc93fb5c74c75e9e04e528e02ccdf.jpg","https://www.hepsiemlak.com/_nuxt/8cafc93fb5c74c75e9e04e528e02ccdf.jpg"
"https://www.hepsiemlak.com/aydin-efeler-adnan-menderes-kiralik/daire/78993-2136","1 / 31","30.000","26/08/2026","Aydın Efeler Adnan Menderes Mh. Site İçinde Kiralık 3+1 Daire","Kiralık Daire","3 + 1","135 m²","21 Yaşında","·","Kat","5. Kat","Aydın / Efeler / Adnan Menderes Mah.","https://www.hepsiemlak.com/_nuxt/8cafc93fb5c74c75e9e04e528e02ccdf.jpg","Pasha Gayrimenkul","WhatsApp","","https://www.hepsiemlak.com/_nuxt/8cafc93fb5c74c75e9e04e528e02ccdf.jpg",""
"https://www.hepsiemlak.com/aydin-kusadasi-guzelcamli-kiralik/villa/153691-72","1 / 22","45.000","24/08/2026","Kiralık 3+1 Tek Müstakıl Havuzlu Vılla","Kiralık Villa","3 + 1","135 m²","2 Yaşında","·","Kat","","Aydın / Kuşadası / Güzelçamlı Mah.","https://www.hepsiemlak.com/_nuxt/8cafc93fb5c74c75e9e04e528e02ccdf.jpg","Öztürk Yapı Emlak","WhatsApp","","https://www.hepsiemlak.com/_nuxt/8cafc93fb5c74c75e9e04e528e02ccdf.jpg",""
"https://www.hepsiemlak.com/aydin-cine-karakollar-kiralik/daire/170303-11","1 / 22","12.000","29/07/2026","Karakollarda (eşiyok Suites'te) Kiralık Full Eşyalı 1+1 Daire","Kiralık Daire","1 + 1","60 m²","3 Yaşında","·","Kat","2. Kat","Aydın / Çine / Karakollar Mah.","https://www.hepsiemlak.com/_nuxt/8cafc93fb5c74c75e9e04e528e02ccdf.jpg","","WhatsApp","","",""
"https://www.hepsiemlak.com/aydin-efeler-zafer-kiralik/daire/106586-157","1 / 35","31.000","10/08/2026","Egeligroup/efeler/kiralık Ultra Lüks Eşyalı 1+1 Daire","Kiralık Daire","1 + 1","60 m²","2 Yaşında","·","Kat","2. Kat","Aydın / Efeler / Zafer Mah.","https://www.hepsiemlak.com/_nuxt/8cafc93fb5c74c75e9e04e528e02ccdf.jpg","Egeli Group Gayrimenkul","WhatsApp","Fatih
                  Erönemi","https://www.hepsiemlak.com/_nuxt/8cafc93fb5c74c75e9e04e528e02ccdf.jpg","https://www.hepsiemlak.com/_nuxt/8cafc93fb5c74c75e9e04e528e02ccdf.jpg"
"https://www.hepsiemlak.com/aydin-kusadasi-turkmen-kiralik/daire/163665-1","1 / 27","27.000","23/08/2026","Kuşadası Türkmen De Sahile 50 M.Yeni 1+1 Kiralık Daire","Kiralık Daire","1 + 1","45 m²","4 Yaşında","·","Kat","3. Kat","Aydın / Kuşadası / Türkmen Mah.","https://www.hepsiemlak.com/_nuxt/8cafc93fb5c74c75e9e04e528e02ccdf.jpg","","WhatsApp","","",""
"https://www.hepsiemlak.com/aydin-kusadasi-bayraklidede-kiralik/daire/134592-1067","1 / 9","20.000","02/09/2026","Kuşadası Kiralık 1+1 Daire Kuştur Plajına 300 Metre","Kiralık Daire","1 + 1","40 m²","1 Yaşında","·","Kat","2. Kat","Aydın / Kuşadası / Bayraklıdede Mah.","https://www.hepsiemlak.com/_nuxt/8cafc93fb5c74c75e9e04e528e02ccdf.jpg","Startkey Hayat Gayrimenkul","WhatsApp","","https://www.hepsiemlak.com/_nuxt/8cafc93fb5c74c75e9e04e528e02ccdf.jpg",""
"https://www.hepsiemlak.com/aydin-efeler-adnan-menderes-kiralik/daire/124509-252","1 / 14","18.000","27/07/2026","Aydın Menderes Mah. Kiralık 1+1 Klimalı Daire","Kiralık Daire","1 + 1","55 m²","6 Yaşında","·","Kat","3. Kat","Aydın / Efeler / Adnan Menderes Mah.","https://www.hepsiemlak.com/_nuxt/8cafc93fb5c74c75e9e04e528e02ccdf.jpg","Merkez Emlak","WhatsApp","","https://www.hepsiemlak.com/_nuxt/8cafc93fb5c74c75e9e04e528e02ccdf.jpg",""
"https://www.hepsiemlak.com/aydin-efeler-zafer-kiralik/daire/64143-2863","1 / 12","25.000","07/09/2026","Aydın Kiralık Zafer Mah.1+1 Eşyalı Daire","Kiralık Daire","1 + 1","55 m²","1 Yaşında","·","Kat","Yüksek Giriş","Aydın / Efeler / Zafer Mah.","https://www.hepsiemlak.com/_nuxt/8cafc93fb5c74c75e9e04e528e02ccdf.jpg","Alp Gayrimenkul","WhatsApp","Fevzi
                  Köse","https://www.hepsiemlak.com/_nuxt/8cafc93fb5c74c75e9e04e528e02ccdf.jpg","https://www.hepsiemlak.com/_nuxt/8cafc93fb5c74c75e9e04e528e02ccdf.jpg"
"https://www.hepsiemlak.com/aydin-efeler-guzelhisar-kiralik/daire/40599-4550","1 / 48","30.000","25/08/2026","Hb'den 3+1 Kiralık Daire,Site İçi,Ara Kat,Doğalgazlı","Kiralık Daire","3 + 1","160 m²","19 Yaşında","·","Kat","6. Kat","Aydın / Efeler / Güzelhisar Mah.","https://www.hepsiemlak.com/_nuxt/8cafc93fb5c74c75e9e04e528e02ccdf.jpg","Hb Gayrimenkul","WhatsApp","","https://www.hepsiemlak.com/_nuxt/8cafc93fb5c74c75e9e04e528e02ccdf.jpg",""
"https://www.hepsiemlak.com/aydin-efeler-cuma-kiralik/daire/141451-236","1 / 8","17.000","08/09/2026","Remax Pin'den Cuma Mh'de Kiralık Arakat 1+1 Doğalgazlı Daire","Kiralık Daire","1 + 1","50 m²","6 Yaşında","·","Kat","3. Kat","Aydın / Efeler / Cuma Mah.","https://www.hepsiemlak.com/_nuxt/8cafc93fb5c74c75e9e04e528e02ccdf.jpg","Remax Pin","WhatsApp","Emre
                  Özkaya","https://www.hepsiemlak.com/_nuxt/8cafc93fb5c74c75e9e04e528e02ccdf.jpg","https://www.hepsiemlak.com/_nuxt/8cafc93fb5c74c75e9e04e528e02ccdf.jpg"
"https://www.hepsiemlak.com/aydin-kusadasi-kadinlar-denizi-kiralik/daire/28110-16477","1 / 18","35.000","09/09/2026","Kadınlar Denizi Hıgh Lıfe Sitesinde Full Eşyalı Kiralık 1+1...","Kiralık Daire","1 + 1","55 m²","1 Yaşında","·","Kat","Bahçe Katı","Aydın / Kuşadası / Kadınlar Denizi Mah.","https://www.hepsiemlak.com/_nuxt/8cafc93fb5c74c75e9e04e528e02ccdf.jpg","Remax Pasha 1","WhatsApp","","https://www.hepsiemlak.com/_nuxt/8cafc93fb5c74c75e9e04e528e02ccdf.jpg",""
"https://www.hepsiemlak.com/aydin-kusadasi-hacifeyzullah-kiralik/daire/97893-600","1 / 11","3.500","04/09/2026","Wifi Klimalı Eşyalı 2+1 Daire","Kiralık Daire","2 + 1","90 m²","5 Yaşında","·","Kat","2. Kat","Aydın / Kuşadası / Hacıfeyzullah Mah.","https://www.hepsiemlak.com/_nuxt/8cafc93fb5c74c75e9e04e528e02ccdf.jpg","Ada Avşar Gayrimenkul Danışmanlığı","WhatsApp","","https://www.hepsiemlak.com/_nuxt/8cafc93fb5c74c75e9e04e528e02ccdf.jpg",""
"https://www.hepsiemlak.com/aydin-didim-akbuk-kiralik/mustakil-ev/0-47208387","1 / 13","4.000","05/09/2026","Kumkent Sitesi 3+1müstakil Ev","Kiralık Müstakil Ev","3 + 1","100 m²","20 Yaşında","·","Kat","","Aydın / Didim / Akbük Mah.","https://www.hepsiemlak.com/_nuxt/8cafc93fb5c74c75e9e04e528e02ccdf.jpg","","WhatsApp","","",""
"https://www.hepsiemlak.com/aydin-didim-altinkum-kiralik/daire/98510-49","1 / 18","24.000","31/08/2026","Altınkum Mahallesi’nde Kiralık 2+1 Açık Mutfak Daire – 24.000 Tl","Kiralık Daire","2 + 1","80 m²","25 Yaşında","·","Kat","2. Kat","Aydın / Didim / Altınkum Mah.","https://www.hepsiemlak.com/_nuxt/8cafc93fb5c74c75e9e04e528e02ccdf.jpg","Canan Gayrimenkul","WhatsApp","","https://www.hepsiemlak.com/_nuxt/8cafc93fb5c74c75e9e04e528e02ccdf.jpg",""
"https://www.hepsiemlak.com/aydin-didim-yeni-kiralik/daire/162293-184","1 / 18","35.000","22/08/2026","Merkezi Lokasyonda 3+1 Ayrı Mutfak Sürekli Kiralık","Kiralık Daire","3 + 1","122 m²","8 Yaşında","·","Kat","3. Kat","Aydın / Didim / Yeni Mah.","https://www.hepsiemlak.com/_nuxt/8cafc93fb5c74c75e9e04e528e02ccdf.jpg","Doğrusöz Emlak","WhatsApp","","https://www.hepsiemlak.com/_nuxt/8cafc93fb5c74c75e9e04e528e02ccdf.jpg",""
"https://www.hepsiemlak.com/aydin-efeler-guzelhisar-kiralik/daire/141125-205","1 / 28","17.000","03/09/2026","İhtişam Emlak Gayrimekulden Soğukkuyuda Kiralık Daire","Kiralık Daire","2 + 1","120 m²","25 Yaşında","·","Kat","6. Kat","Aydın / Efeler / Güzelhisar Mah.","https://www.hepsiemlak.com/_nuxt/8cafc93fb5c74c75e9e04e528e02ccdf.jpg","İhtişam Emlak Gayrimenkul Ofisi","WhatsApp","İhtişam Emlak
                  Gayrimenkul Ofisi","https://www.hepsiemlak.com/_nuxt/8cafc93fb5c74c75e9e04e528e02ccdf.jpg","https://www.hepsiemlak.com/_nuxt/8cafc93fb5c74c75e9e04e528e02ccdf.jpg"
"https://www.hepsiemlak.com/aydin-efeler-mimar-sinan-kiralik/daire/161128-127","1 / 23","33.000","13/08/2026","Aydın    Efeler Mimarsinan Mah 3+1 Kiralık Daire","Kiralık Daire","3 + 1","135 m²","20 Yaşında","·","Kat","3. Kat","Aydın / Efeler / Mimar Sinan Mah.","https://www.hepsiemlak.com/_nuxt/8cafc93fb5c74c75e9e04e528e02ccdf.jpg","Star Life Gayrimenkul","WhatsApp","","https://www.hepsiemlak.com/_nuxt/8cafc93fb5c74c75e9e04e528e02ccdf.jpg",""
"https://www.hepsiemlak.com/aydin-kusadasi-davutlar-kiralik/daire/168541-18","1 / 28","35.000","06/08/2026","Kuşadası Davutlarda Sıfır Eşyalı 4+1 Dubleks Kiralık","Kiralık Daire","4 + 1","220 m²","5 Yaşında","·","Kat","Çatı Katı","Aydın / Kuşadası / Davutlar Mah.","https://hecdnnw.hemlak.com/mncropresize/77/67/logo/1/4/5/8/6/1/434f6555-6314-4e05-8d6e-0b7c4bc96be8.jpg","Ada İnvest Emlak","WhatsApp","","",""
"https://www.hepsiemlak.com/aydin-soke-ataturk-kiralik/daire/17794-1394","1 / 35","28.000","17/08/2026","Söke Atatürk Mh. Kiralık 2+1 Daire","Kiralık Daire","2 + 1","100 m²","11 Yaşında","·","Kat","Yüksek Giriş","Aydın / Söke / Atatürk Mah.","https://hecdnnw.hemlak.com/mncropresize/77/67/logo/4/9/7/7/1/0/f73e6414-a82d-47eb-bd6f-4b00c6412c9e.jpg","Özcan Emlak","WhatsApp","","",""
"https://www.hepsiemlak.com/aydin-kusadasi-davutlar-kiralik/daire/132513-392","1 / 20","25.000","02/09/2026","Ful Eşyalı Havuzlu Sitede Daire","Kiralık Daire","2 + 1","70 m²","6 Yaşında","·","Kat","2. Kat","Aydın / Kuşadası / Davutlar Mah.","https://hecdnnw.hemlak.com/mncropresize/77/67/logo/3/1/5/2/3/1/c12537cb-8b60-4eb6-a252-779a29f50d27.jpg","Gold Life Cengiz Emlak","WhatsApp","","",""
"https://www.hepsiemlak.com/aydin-kusadasi-turkmen-kiralik/daire/125389-714","1 / 29","40.000","10/09/2026","Şehir Merkezinde 2+1 Full Eşyalı Devamlı Kiralık Daire","Kiralık Daire","2 + 1","110 m²","10 Yaşında","·","Kat","Bahçe Katı","Aydın / Kuşadası / Türkmen Mah.","https://hecdn01.hemlak.com/mncropresize/182/137/ds01/8/5/8/6/9/0/7/4/1786351878-7788382-47096858.jpeg","Trend Emlak","WhatsApp","","https://hecdnnw.hemlak.com/mncropresize/77/67/logo/9/8/3/5/2/1/0fd38e7c-4892-4e9d-9d23-19ebbcd86f0e.jpg",""
"https://www.hepsiemlak.com/aydin-kusadasi-turkmen-kiralik/daire/104189-3979","1 / 22","42.000","20/08/2026","Kuşadası Marina'da Sahile 100m Eşyalı 2+1","Kiralık Daire","2 + 1","100 m²","26 Yaşında","·","Kat","Çatı Katı","Aydın / Kuşadası / Türkmen Mah.","https://www.hepsiemlak.com/_nuxt/8cafc93fb5c74c75e9e04e528e02ccdf.jpg","Egemen Gayrimenkul Kuşadası","WhatsApp","","https://www.hepsiemlak.com/_nuxt/8cafc93fb5c74c75e9e04e528e02ccdf.jpg",""
"https://www.hepsiemlak.com/aydin-efeler-orta-kiralik/daire/163274-84","1 / 16","15.000","03/09/2026","Orta Mah. Kiralık & Satılık 2+1 Daire","Kiralık Daire","2 + 1","90 m²","16 Yaşında","·","Kat","5. Kat","Aydın / Efeler / Orta Mah.","https://www.hepsiemlak.com/_nuxt/8cafc93fb5c74c75e9e04e528e02ccdf.jpg","Erbaş Class Emlak & Gayrimenkul","WhatsApp","Melih
                  Erbaş","https://www.hepsiemlak.com/_nuxt/8cafc93fb5c74c75e9e04e528e02ccdf.jpg","https://www.hepsiemlak.com/_nuxt/8cafc93fb5c74c75e9e04e528e02ccdf.jpg"
"https://www.hepsiemlak.com/aydin-didim-altinkum-kiralik/daire/148098-1174","1 / 20","25.000","06/08/2026","Didim Altınkum’da Eşyalı 1+1 Havuzlu Site İçinde Kıralık Daıre","Kiralık Daire","1 + 1","55 m²","15 Yaşında","·","Kat","Zemin","Aydın / Didim / Altınkum Mah.","https://www.hepsiemlak.com/_nuxt/8cafc93fb5c74c75e9e04e528e02ccdf.jpg","Remax Cool","WhatsApp","","https://www.hepsiemlak.com/_nuxt/8cafc93fb5c74c75e9e04e528e02ccdf.jpg",""
"https://www.hepsiemlak.com/aydin-nazilli-isabeyli-kiralik/daire/160026-347","1 / 16","12.000","04/09/2026","İsabeylide 3+1 Eşyalı Nkiralık Daire","Kiralık Daire","2 + 1","160 m²","25 Yaşında","·","Kat","2. Kat","Aydın / Nazilli / İsabeyli Mah.","https://www.hepsiemlak.com/_nuxt/8cafc93fb5c74c75e9e04e528e02ccdf.jpg","Duru Emlak","WhatsApp","","https://www.hepsiemlak.com/_nuxt/8cafc93fb5c74c75e9e04e528e02ccdf.jpg",""
"https://www.hepsiemlak.com/aydin-efeler-fatih-kiralik/daire/124098-204","1 / 52","20.000","04/09/2026","Aydın Fatih Mah 3+1 Doğalgazlı Kiralık","Kiralık Daire","3 + 1","125 m²","20 Yaşında","·","Kat","3. Kat","Aydın / Efeler / Fatih Mah.","https://www.hepsiemlak.com/_nuxt/8cafc93fb5c74c75e9e04e528e02ccdf.jpg","Kaçmaz Emlak","WhatsApp","","https://www.hepsiemlak.com/_nuxt/8cafc93fb5c74c75e9e04e528e02ccdf.jpg",""
"https://www.hepsiemlak.com/aydin-kusadasi-degirmendere-kiralik/daire/104606-1463","1 / 39","30.000","29/08/2026","Zengin Sosyal Donatıları Olan Kiralık 1+1 Lüks Daire","Kiralık Daire","1 + 1","60 m²","Sıfır Bina","·","Kat","En Üst Kat","Aydın / Kuşadası / Değirmendere Mah.","https://www.hepsiemlak.com/_nuxt/8cafc93fb5c74c75e9e04e528e02ccdf.jpg","Coldwell Banker Ada","WhatsApp","","https://www.hepsiemlak.com/_nuxt/8cafc93fb5c74c75e9e04e528e02ccdf.jpg",""
"https://www.hepsiemlak.com/aydin-efeler-zafer-kiralik/daire/106586-85","1 / 34","30.000","10/08/2026","Concept Suıt's Residence 1+1 55m2 Sauna-Hamam-Havuz-Fıtness","Kiralık Daire","1 + 1","60 m²","6 Yaşında","·","Kat","5. Kat","Aydın / Efeler / Zafer Mah.","https://www.hepsiemlak.com/_nuxt/8cafc93fb5c74c75e9e04e528e02ccdf.jpg","Egeli Group Gayrimenkul","WhatsApp","Fatih
                  Erönemi","https://www.hepsiemlak.com/_nuxt/8cafc93fb5c74c75e9e04e528e02ccdf.jpg","https://www.hepsiemlak.com/_nuxt/8cafc93fb5c74c75e9e04e528e02ccdf.jpg"
"https://www.hepsiemlak.com/aydin-kusadasi-kadinlar-denizi-kiralik/daire/18495-4143","1 / 10","35.000","29/08/2026","Kadınlar Denizinde Kiralık 2+1 Eşyalı Dubleks Daire","Kiralık Daire","2 + 1","100 m²","21 Yaşında","·","Kat","2. Kat","Aydın / Kuşadası / Kadınlar Denizi Mah.","https://www.hepsiemlak.com/_nuxt/8cafc93fb5c74c75e9e04e528e02ccdf.jpg","Blue Bırds Ada Gayrimenkul","WhatsApp","Hüseyin
                  Özkan","https://www.hepsiemlak.com/_nuxt/8cafc93fb5c74c75e9e04e528e02ccdf.jpg","https://www.hepsiemlak.com/_nuxt/8cafc93fb5c74c75e9e04e528e02ccdf.jpg"
"https://www.hepsiemlak.com/aydin-didim-yeni-kiralik/daire/116417-1534","1 / 15","32.000","05/09/2026","Didim Merkezde Bulvar Üstü 2+1 Kiralık Eşyalı Daire","Kiralık Daire","2 + 1","71 m²","4 Yaşında","·","Kat","3. Kat","Aydın / Didim / Yeni Mah.","https://www.hepsiemlak.com/_nuxt/8cafc93fb5c74c75e9e04e528e02ccdf.jpg","Coldwell Banker Medusa","WhatsApp","","https://www.hepsiemlak.com/_nuxt/8cafc93fb5c74c75e9e04e528e02ccdf.jpg",""
"https://www.hepsiemlak.com/aydin-didim-altinkum-kiralik/daire/47174-954","1 / 14","35.000","24/08/2026","Havuzlu Sitede Lüx 2+1 Daire","Kiralık Daire","2 + 1","75 m²","3 Yaşında","·","Kat","Bahçe Katı","Aydın / Didim / Altınkum Mah.","https://www.hepsiemlak.com/_nuxt/8cafc93fb5c74c75e9e04e528e02ccdf.jpg","Mai Emlak","WhatsApp","","https://www.hepsiemlak.com/_nuxt/8cafc93fb5c74c75e9e04e528e02ccdf.jpg",""
"https://www.hepsiemlak.com/aydin-nazilli-isabeyli-kiralik/daire/95031-602","1 / 33","18.500","20/08/2026","İsabeyli Kampüse Yürüme Mesafesinde Eşyalı 2+1 Kiralık Daire","Kiralık Daire","2 + 1","70 m²","6 Yaşında","·","Kat","2. Kat","Aydın / Nazilli / İsabeyli Mah.","https://www.hepsiemlak.com/_nuxt/8cafc93fb5c74c75e9e04e528e02ccdf.jpg","Nazilli Ak Emlak","WhatsApp","","https://www.hepsiemlak.com/_nuxt/8cafc93fb5c74c75e9e04e528e02ccdf.jpg",""
"https://www.hepsiemlak.com/aydin-efeler-kurtulus-kiralik/daire/64143-2813","1 / 12","18.000","09/09/2026","Aydın Kurtuluş Mahallesi'nde 2+1 Eşyalı Daire","Kiralık Daire","2 + 1","110 m²","28 Yaşında","·","Kat","2. Kat","Aydın / Efeler / Kurtuluş Mah.","https://www.hepsiemlak.com/_nuxt/8cafc93fb5c74c75e9e04e528e02ccdf.jpg","Alp Gayrimenkul","WhatsApp","Fevzi
                  Köse","https://www.hepsiemlak.com/_nuxt/8cafc93fb5c74c75e9e04e528e02ccdf.jpg","https://www.hepsiemlak.com/_nuxt/8cafc93fb5c74c75e9e04e528e02ccdf.jpg"
"https://www.hepsiemlak.com/aydin-kusadasi-guzelcamli-kiralik/villa/137394-201","1 / 14","30.000","02/09/2026","3+1 Denize 250mt Eşyalı Kiralık Yazlik","Kiralık Villa","3 + 1","180 m²","21 Yaşında","·","Kat","","Aydın / Kuşadası / Güzelçamlı Mah.","https://www.hepsiemlak.com/_nuxt/8cafc93fb5c74c75e9e04e528e02ccdf.jpg","Ali Haydar Yıldız Gayrimenkul Danışmanlığı","WhatsApp","","https://www.hepsiemlak.com/_nuxt/8cafc93fb5c74c75e9e04e528e02ccdf.jpg",""
"https://www.hepsiemlak.com/aydin-efeler-adnan-menderes-kiralik/daire/40599-4530","1 / 38","26.000","04/09/2026","Hb'den 3+1 Kiralık Daire, Doğu Çevre Bulvarı Üzerinde, Doğalgazlı","Kiralık Daire","3 + 1","115 m²","21 Yaşında","·","Kat","Zemin","Aydın / Efeler / Adnan Menderes Mah.","https://www.hepsiemlak.com/_nuxt/8cafc93fb5c74c75e9e04e528e02ccdf.jpg","Hb Gayrimenkul","WhatsApp","","https://www.hepsiemlak.com/_nuxt/8cafc93fb5c74c75e9e04e528e02ccdf.jpg",""
"https://www.hepsiemlak.com/aydin-efeler-cumhuriyet-kiralik/daire/119895-4117","1 / 26","22.000","19/08/2026","Merkezi Konumda Doğalgaz Kombili Eşyalı 1+1 Bakımlı Daire","Kiralık Daire","1 + 1","40 m²","6 Yaşında","·","Kat","4. Kat","Aydın / Efeler / Cumhuriyet Mah.","https://www.hepsiemlak.com/_nuxt/8cafc93fb5c74c75e9e04e528e02ccdf.jpg","Kw Alesta-viya-orsa 3","WhatsApp","","https://www.hepsiemlak.com/_nuxt/8cafc93fb5c74c75e9e04e528e02ccdf.jpg",""
"https://www.hepsiemlak.com/aydin-efeler-mimar-sinan-kiralik/villa/68088-1444","1 / 35","115.000","04/09/2026","Rw Alyanstan Mimar Sinan Mhde Kiralık Ultra Lüks Tripleks Villa","Kiralık Villa","5 + 1","350 m²","1 Yaşında","·","Kat","","Aydın / Efeler / Mimar Sinan Mah.","https://www.hepsiemlak.com/_nuxt/8cafc93fb5c74c75e9e04e528e02ccdf.jpg","Realty World Alyans Gayrimenkul","WhatsApp","Hüseyin
                  Demir","https://www.hepsiemlak.com/_nuxt/8cafc93fb5c74c75e9e04e528e02ccdf.jpg","https://www.hepsiemlak.com/_nuxt/8cafc93fb5c74c75e9e04e528e02ccdf.jpg"
"https://www.hepsiemlak.com/aydin-efeler-zafer-kiralik/daire/169362-67","1 / 8","21.000","06/09/2026","Vma Gayrimenkulden Doğu Gazi Bulvarında Kiralık 1+1","Kiralık Daire","1 + 1","65 m²","8 Yaşında","·","Kat","5. Kat","Aydın / Efeler / Zafer Mah.","https://www.hepsiemlak.com/_nuxt/8cafc93fb5c74c75e9e04e528e02ccdf.jpg","Vma Gayrimenkul","WhatsApp","","https://www.hepsiemlak.com/_nuxt/8cafc93fb5c74c75e9e04e528e02ccdf.jpg",""
"https://www.hepsiemlak.com/aydin-kusadasi-karaova-kiralik/daire/0-47209551","1 / 11","23.000","29/08/2026","Karaova Avm’ Ve Denize Yakın Havuzlu Daire","Kiralık Daire","1 + 1","55 m²","30 Yaşında","·","Kat","1. Kat","Aydın / Kuşadası / Karaova Mah.","https://www.hepsiemlak.com/_nuxt/8cafc93fb5c74c75e9e04e528e02ccdf.jpg","","","","",""
"https://www.hepsiemlak.com/aydin-kusadasi-ikicesmelik-kiralik/daire/0-47184241","1 / 11","37.000","01/09/2026","Sahibinden Eşyalı Kiralık Daire","Kiralık Daire","2 + 1","118 m²","15 Yaşında","·","Kat","3. Kat","Aydın / Kuşadası / İkiçeşmelik Mah.","https://www.hepsiemlak.com/_nuxt/8cafc93fb5c74c75e9e04e528e02ccdf.jpg","","WhatsApp","","",""
"https://www.hepsiemlak.com/aydin-kusadasi-davutlar-kiralik/daire/0-46986051","1 / 11","20.500","06/08/2026","Sahibinden Cadde Üstü Ayrı Mutfaklı Geniş 2+1 Daire","Kiralık Daire","2 + 1","105 m²","6 Yaşında","·","Kat","2. Kat","Aydın / Kuşadası / Davutlar Mah.","https://www.hepsiemlak.com/_nuxt/8cafc93fb5c74c75e9e04e528e02ccdf.jpg","","WhatsApp","","",""
"https://www.hepsiemlak.com/aydin-nazilli-yeni-kiralik/daire/170178-7","1 / 11","15.000","21/08/2026","Aydın Nazilli Yeni Mah Eşyalı Kiralık Daire","Kiralık Daire","1 + 1","60 m²","6 Yaşında","·","Kat","1. Kat","Aydın / Nazilli / Yeni Mah.","","","WhatsApp","","",""
"https://www.hepsiemlak.com/aydin-efeler-guzelhisar-kiralik/daire/95910-2389","1 / 23","21.000","20/07/2026","Aydın Efeler G.Hisar Mah Kiralık Eşyalı 1+1 Daire","Kiralık Daire","1 + 1","55 m²","7 Yaşında","·","Kat","Ara Kat","Aydın / Efeler / Güzelhisar Mah.","","","WhatsApp","","",""
"https://www.hepsiemlak.com/aydin-nazilli-dumlupinar-kiralik/daire/170510-7","1 / 10","13.000","02/09/2026","Kiralık 1+1 Eşyalı","Kiralık Daire","1 + 1","50 m²","15 Yaşında","·","Kat","4. Kat","Aydın / Nazilli / Dumlupınar Mah.","","H&s Gayrimenkul","WhatsApp","Hasan
                  Gürbüz","https://hecdnnw.hemlak.com/mncropresize/77/67/firmuser/1/2/2/1/7/7/4/3d373981-29ad-44df-854c-19f01c06944e.jpg",""
"https://www.hepsiemlak.com/aydin-kusadasi-kadinlar-denizi-kiralik/daire/28110-16501","1 / 15","28.000","23/08/2026","Kuşadası’nda Site İçinde 3+1 | Çift Cepheli (güney-Kuzey) | Boş, Eşyasız Kiralık Daire","Kiralık Daire","3 + 1","110 m²","23 Yaşında","·","Kat","3. Kat","Aydın / Kuşadası / Kadınlar Denizi Mah.","https://hecdn01.hemlak.com/mncropresize/182/137/ds01/9/1/9/9/1/1/7/4/fb910400-c700-451d-9a9d-c37849e65b86.jpg","Remax Pasha 1","WhatsApp","","https://hecdnnw.hemlak.com/mncropresize/77/67/logo/0/1/1/8/2/0/7381bd77-e794-4821-bcfc-f4159c352ac9.jpg",""
"https://www.hepsiemlak.com/aydin-efeler-efeler-kiralik/daire/160231-228","1 / 31","37.000","05/09/2026","Tued'den Efeler Mahallesinde 3+1 Kiralık Daire","Kiralık Daire","3 + 1","150 m²","11 Yaşında","·","Kat","2. Kat","Aydın / Efeler / Efeler Mah.","https://www.hepsiemlak.com/_nuxt/8cafc93fb5c74c75e9e04e528e02ccdf.jpg","Tued Gayrimenkul","WhatsApp","Halil
                  Kaya","https://www.hepsiemlak.com/_nuxt/8cafc93fb5c74c75e9e04e528e02ccdf.jpg","https://www.hepsiemlak.com/_nuxt/8cafc93fb5c74c75e9e04e528e02ccdf.jpg"
"https://www.hepsiemlak.com/aydin-didim-efeler-kiralik/daire/170427-320","1 / 32","30.000","31/08/2026","Didim Efeler Mahallesi'nde 2+1 Kiralık Daire","Kiralık Daire","2 + 1","85 m²","16 Yaşında","·","Kat","2. Kat","Aydın / Didim / Efeler Mah.","https://www.hepsiemlak.com/_nuxt/8cafc93fb5c74c75e9e04e528e02ccdf.jpg","Bodrum Zeytin Gayrimenkul Ticaret Anonim Şirketi","WhatsApp","","https://www.hepsiemlak.com/_nuxt/8cafc93fb5c74c75e9e04e528e02ccdf.jpg",""
"https://www.hepsiemlak.com/aydin-didim-yeni-kiralik/daire/130826-2729","1 / 21","28.000","18/08/2026","Didim Efelerde 3+1 Kiralık Boş Daire","Kiralık Daire","3 + 1","100 m²","25 Yaşında","·","Kat","1. Kat","Aydın / Didim / Yeni Mah.","https://www.hepsiemlak.com/_nuxt/8cafc93fb5c74c75e9e04e528e02ccdf.jpg","Turyap Didim Temsilciliği","WhatsApp","","https://www.hepsiemlak.com/_nuxt/8cafc93fb5c74c75e9e04e528e02ccdf.jpg",""
"https://www.hepsiemlak.com/aydin-efeler-mesrutiyet-kiralik/daire/141125-203","1 / 23","30.000","03/09/2026","İhtişam Emlak Gayrimenkul Den Meşrutiyet Mahallesinde Kiralık Daire","Kiralık Daire","3 + 1","130 m²","13 Yaşında","·","Kat","1. Kat","Aydın / Efeler / Meşrutiyet Mah.","https://www.hepsiemlak.com/_nuxt/8cafc93fb5c74c75e9e04e528e02ccdf.jpg","İhtişam Emlak Gayrimenkul Ofisi","WhatsApp","İhtişam Emlak
                  Gayrimenkul Ofisi","https://www.hepsiemlak.com/_nuxt/8cafc93fb5c74c75e9e04e528e02ccdf.jpg","https://www.hepsiemlak.com/_nuxt/8cafc93fb5c74c75e9e04e528e02ccdf.jpg"
"https://www.hepsiemlak.com/aydin-efeler-mesrutiyet-kiralik/daire/161128-73","1 / 32","20.000","29/08/2026","Aydı Efeler Meşrutiyet Mahalesinde Kiralıkdaire","Kiralık Daire","2 + 1","115 m²","25 Yaşında","·","Kat","4. Kat","Aydın / Efeler / Meşrutiyet Mah.","https://www.hepsiemlak.com/_nuxt/8cafc93fb5c74c75e9e04e528e02ccdf.jpg","Star Life Gayrimenkul","WhatsApp","","https://www.hepsiemlak.com/_nuxt/8cafc93fb5c74c75e9e04e528e02ccdf.jpg",""
"https://www.hepsiemlak.com/aydin-didim-yeni-kiralik/daire/123228-170","1 / 29","45.000","06/09/2026","Didim Yeni Mah Kiralık 3+1 Dübleks Daire","Kiralık Daire","3 + 1","120 m²","5 Yaşında","·","Kat","3. Kat","Aydın / Didim / Yeni Mah.","https://www.hepsiemlak.com/_nuxt/8cafc93fb5c74c75e9e04e528e02ccdf.jpg","Ersu Gayrimenkul","WhatsApp","Fatma
                  Suh","https://www.hepsiemlak.com/_nuxt/8cafc93fb5c74c75e9e04e528e02ccdf.jpg","https://www.hepsiemlak.com/_nuxt/8cafc93fb5c74c75e9e04e528e02ccdf.jpg"
"https://www.hepsiemlak.com/aydin-efeler-guzelhisar-kiralik/daire/74626-198","1 / 54","16.000","08/08/2026","Aydın A. Menderes Mah. 503 Sok. Eşyalı 3+1 Daire Kiralıktır","Kiralık Daire","3 + 1","128 m²","35 Yaşında","·","Kat","4. Kat","Aydın / Efeler / Güzelhisar Mah.","https://www.hepsiemlak.com/_nuxt/8cafc93fb5c74c75e9e04e528e02ccdf.jpg","İmamoğlu Emlak Ofisi","WhatsApp","Levent
                  Balı","https://www.hepsiemlak.com/_nuxt/8cafc93fb5c74c75e9e04e528e02ccdf.jpg","https://www.hepsiemlak.com/_nuxt/8cafc93fb5c74c75e9e04e528e02ccdf.jpg"
"https://www.hepsiemlak.com/aydin-efeler-orta-kiralik/daire/131814-394","1 / 27","15.000","12/08/2026","1+1 Eşyalı Klimalı Ara Kat Balkonlu Fırsat Daire","Kiralık Daire","1 + 1","60 m²","7 Yaşında","·","Kat","2. Kat","Aydın / Efeler / Orta Mah.","https://www.hepsiemlak.com/_nuxt/8cafc93fb5c74c75e9e04e528e02ccdf.jpg","Konak Gayrimenkul","WhatsApp","","https://www.hepsiemlak.com/_nuxt/8cafc93fb5c74c75e9e04e528e02ccdf.jpg",""
"https://www.hepsiemlak.com/aydin-efeler-guzelhisar-kiralik/daire/124098-203","1 / 26","27.000","25/08/2026","Aydın Güzelhisar Mah 2+1 Dubleks Teras Kiralık","Kiralık Daire","2 + 1","100 m²","1 Yaşında","·","Kat","5. Kat","Aydın / Efeler / Güzelhisar Mah.","https://www.hepsiemlak.com/_nuxt/8cafc93fb5c74c75e9e04e528e02ccdf.jpg","Kaçmaz Emlak","WhatsApp","","https://www.hepsiemlak.com/_nuxt/8cafc93fb5c74c75e9e04e528e02ccdf.jpg",""
"https://www.hepsiemlak.com/aydin-kusadasi-turkmen-kiralik/kosk/78233-6020","1 / 40","250.000","07/08/2026","Kiralık!!! Marinada-Sahıle Yakın-Full Manzara-Özel Havuz/otopark-900 M2 Bahçe-Lüx-Akıllı Ev-Malikane","Kiralık Köşk","5 + 2","400 m²","Sıfır Bina","·","Kat","","Aydın / Kuşadası / Türkmen Mah.","https://www.hepsiemlak.com/_nuxt/8cafc93fb5c74c75e9e04e528e02ccdf.jpg","A_class Gayrimenkul&inşaat","WhatsApp","","https://www.hepsiemlak.com/_nuxt/8cafc93fb5c74c75e9e04e528e02ccdf.jpg",""
"https://www.hepsiemlak.com/aydin-kusadasi-kadinlar-denizi-kiralik/daire/143901-264","1 / 30","42.500","10/08/2026","Kuşadası Merkeze Yakın Ful Eşyalı Yıllık Kiralık Dubleks Daire","Kiralık Daire","3 + 1","140 m²","5 Yaşında","·","Kat","Bahçe Katı","Aydın / Kuşadası / Kadınlar Denizi Mah.","https://www.hepsiemlak.com/_nuxt/8cafc93fb5c74c75e9e04e528e02ccdf.jpg","Network Ada Plus Gayrimenkul","WhatsApp","Barış
                  Şalbaş","https://www.hepsiemlak.com/_nuxt/8cafc93fb5c74c75e9e04e528e02ccdf.jpg","https://www.hepsiemlak.com/_nuxt/8cafc93fb5c74c75e9e04e528e02ccdf.jpg"
"https://www.hepsiemlak.com/aydin-efeler-mimar-sinan-kiralik/villa/106586-25","1 / 35","125.000","30/08/2026","Egeligroup/kiralık 4+2 Mimarsinan/ultra Lüks Konumlu Sıfır Villa","Kiralık Villa","4 + 2","380 m²","Sıfır Bina","·","Kat","","Aydın / Efeler / Mimar Sinan Mah.","https://www.hepsiemlak.com/_nuxt/8cafc93fb5c74c75e9e04e528e02ccdf.jpg","Egeli Group Gayrimenkul","WhatsApp","Fatih
                  Erönemi","https://www.hepsiemlak.com/_nuxt/8cafc93fb5c74c75e9e04e528e02ccdf.jpg","https://www.hepsiemlak.com/_nuxt/8cafc93fb5c74c75e9e04e528e02ccdf.jpg"
"https://www.hepsiemlak.com/aydin-efeler-cuma-kiralik/daire/141887-263","1 / 9","25.000","03/09/2026","Cuma Mah.De Temiz Ve Yeni Binada 2+1 Daire Kiralık","Kiralık Daire","2 + 1","85 m²","5 Yaşında","·","Kat","2. Kat","Aydın / Efeler / Cuma Mah.","https://www.hepsiemlak.com/_nuxt/8cafc93fb5c74c75e9e04e528e02ccdf.jpg","Uzay Ada Gayrimenkul Yatırım Danışmanlık","WhatsApp","Alp
                  Onuralp","https://www.hepsiemlak.com/_nuxt/8cafc93fb5c74c75e9e04e528e02ccdf.jpg","https://www.hepsiemlak.com/_nuxt/8cafc93fb5c74c75e9e04e528e02ccdf.jpg"
"https://www.hepsiemlak.com/aydin-kusadasi-turkmen-kiralik/daire/104606-1328","1 / 33","40.000","31/08/2026","Kuşadasında 5 Yıldızlı Otel İmkanlarıyla Kiralık Eşyalı Daire!","Kiralık Daire","1 + 1","70 m²","12 Yaşında","·","Kat","Bahçe Katı","Aydın / Kuşadası / Türkmen Mah.","https://www.hepsiemlak.com/_nuxt/8cafc93fb5c74c75e9e04e528e02ccdf.jpg","Coldwell Banker Ada","WhatsApp","","https://www.hepsiemlak.com/_nuxt/8cafc93fb5c74c75e9e04e528e02ccdf.jpg",""
"https://www.hepsiemlak.com/aydin-soke-yenikent-kiralik/daire/162753-21","1 / 14","21.000","05/09/2026","Devlet Hastanesi Yakını Eşyasız Kiralık 1+1 Daire","Kiralık Daire","1 + 1","65 m²","6 Yaşında","·","Kat","2. Kat","Aydın / Söke / Yenikent Mah.","https://www.hepsiemlak.com/_nuxt/8cafc93fb5c74c75e9e04e528e02ccdf.jpg","Egem Gayrimenkul Ve Emlak Danışmanlığı","WhatsApp","Sinan
                  Seven","","https://www.hepsiemlak.com/_nuxt/8cafc93fb5c74c75e9e04e528e02ccdf.jpg"
"https://www.hepsiemlak.com/aydin-didim-camlik-kiralik/villa/38648-4117","1 / 28","45.000","27/08/2026","Çamlık Mahallesinde 8 Kişinin Kullanmasına Uygun Kiralık Villa","Kiralık Villa","5 + 1","230 m²","11 Yaşında","·","Kat","","Aydın / Didim / Çamlık Mah.","https://www.hepsiemlak.com/_nuxt/8cafc93fb5c74c75e9e04e528e02ccdf.jpg","S Realty Zeytin","WhatsApp","","https://www.hepsiemlak.com/_nuxt/8cafc93fb5c74c75e9e04e528e02ccdf.jpg",""
"https://www.hepsiemlak.com/aydin-efeler-cuma-kiralik/daire/40599-4518","1 / 35","25.000","01/09/2026","Hb'den 2+1 Kiralık Daire, Cuma Mah.'de Büyükşehir Belediyesi'ne Yakın, Ayrı Mutfaklı Ve Doğalgazlı","Kiralık Daire","2 + 1","95 m²","10 Yaşında","·","Kat","Zemin","Aydın / Efeler / Cuma Mah.","https://www.hepsiemlak.com/_nuxt/8cafc93fb5c74c75e9e04e528e02ccdf.jpg","Hb Gayrimenkul","WhatsApp","","https://www.hepsiemlak.com/_nuxt/8cafc93fb5c74c75e9e04e528e02ccdf.jpg",""
"https://www.hepsiemlak.com/aydin-kusadasi-davutlar-kiralik/daire/153691-80","1 / 11","25.000","15/08/2026","Kuşadası Davutlar Stadyum Bölgesınde 3+1 Esyalı Kiralık","Kiralık Daire","3 + 1","120 m²","11 Yaşında","·","Kat","3. Kat","Aydın / Kuşadası / Davutlar Mah.","https://www.hepsiemlak.com/_nuxt/8cafc93fb5c74c75e9e04e528e02ccdf.jpg","Öztürk Yapı Emlak","WhatsApp","","https://www.hepsiemlak.com/_nuxt/8cafc93fb5c74c75e9e04e528e02ccdf.jpg",""
"https://www.hepsiemlak.com/aydin-efeler-guzelhisar-kiralik/daire/147624-279","1 / 9","18.000","04/09/2026","Büyükşehir Belediyesi Hemen Altı 1+1 Eşyalı-Doğalgazlı","Kiralık Daire","1 + 1","55 m²","5 Yaşında","·","Kat","3. Kat","Aydın / Efeler / Güzelhisar Mah.","https://www.hepsiemlak.com/_nuxt/8cafc93fb5c74c75e9e04e528e02ccdf.jpg","Eray Gider Gayrimenkul","WhatsApp","Eray
                  Gider","https://www.hepsiemlak.com/_nuxt/8cafc93fb5c74c75e9e04e528e02ccdf.jpg","https://www.hepsiemlak.com/_nuxt/8cafc93fb5c74c75e9e04e528e02ccdf.jpg"
"https://www.hepsiemlak.com/aydin-efeler-adnan-menderes-kiralik/daire/68088-1438","1 / 35","45.000","02/09/2026","Rw Alyanstan Adnan Menderes Mh Ara Kat Havuzlu Kiralık","Kiralık Daire","3 + 1","160 m²","6 Yaşında","·","Kat","4. Kat","Aydın / Efeler / Adnan Menderes Mah.","https://www.hepsiemlak.com/_nuxt/8cafc93fb5c74c75e9e04e528e02ccdf.jpg","Realty World Alyans Gayrimenkul","WhatsApp","","https://www.hepsiemlak.com/_nuxt/8cafc93fb5c74c75e9e04e528e02ccdf.jpg",""
"https://www.hepsiemlak.com/aydin-nazilli-sirinevler-kiralik/daire/123971-1132","1 / 18","23.000","28/07/2026","Aydın Nazilli Şirinevler Mahallesinde 2+1 Doğalgazlı Kiralık Daire","Kiralık Daire","2 + 1","90 m²","10 Yaşında","·","Kat","1. Kat","Aydın / Nazilli / Şirinevler Mah.","https://hecdnnw.hemlak.com/mncropresize/77/67/logo/1/7/9/3/2/1/30c37dfd-0aaa-4104-bc8f-fa7846da5064.jpg","Parador Gayrimenkul","WhatsApp","","",""
"https://www.hepsiemlak.com/aydin-didim-altinkum-kiralik/daire/162293-185","1 / 13","25.000","24/08/2026","3+1 Ayrı Mutfak Yaz Kış Sürekli Kiralık","Kiralık Daire","3 + 1","95 m²","25 Yaşında","·","Kat","3. Kat","Aydın / Didim / Altınkum Mah.","https://hecdnnw.hemlak.com/mncropresize/77/67/logo/3/9/2/2/6/1/94583e7c-720d-459f-b525-c85b2b8304dc.jpg","Doğrusöz Emlak","WhatsApp","","",""
"https://www.hepsiemlak.com/aydin-kusadasi-turkmen-kiralik/daire/84929-15138","1 / 16","30.000","03/09/2026","Meteoroloji Kavşağı Civarı Ulaşımı Kolay Yeni Binada Ara Kat 2+1","Kiralık Daire","2 + 1","75 m²","3 Yaşında","·","Kat","2. Kat","Aydın / Kuşadası / Türkmen Mah.","https://hecdnnw.hemlak.com/mncropresize/77/67/logo/9/2/9/4/8/0/0eef5d45-cf3f-41af-bdf3-3723db5f51dc.jpg","Level 61","WhatsApp","","",""
"https://www.hepsiemlak.com/aydin-nazilli-yesil-kiralik/daire/170178-11","1 / 10","16.000","10/09/2026","Aydın Nazilli Yeşil Mah Eşyalı Kiralık Daire","Kiralık Daire","1 + 1","65 m²","6 Yaşında","·","Kat","1. Kat","Aydın / Nazilli / Yeşil Mah.","https://hecdn01.hemlak.com/mncropresize/182/137/ds01/8/4/8/7/3/9/6/4/5fafe75c-b46a-43e0-ae1a-ee4a840f9b36.jpg","","WhatsApp","","",""
"https://www.hepsiemlak.com/aydin-didim-altinkum-kiralik/daire/160789-115","1 / 16","35.000","10/09/2026","Denize Plaja 50 Metre Didim Tuntaş Yanı...","Kiralık Daire","1 + 1","65 m²","5 Yaşında","·","Kat","Giriş Katı","Aydın / Didim / Altınkum Mah.","https://www.hepsiemlak.com/_nuxt/8cafc93fb5c74c75e9e04e528e02ccdf.jpg","Re/max Ayaz","WhatsApp","","https://www.hepsiemlak.com/_nuxt/8cafc93fb5c74c75e9e04e528e02ccdf.jpg",""
"https://www.hepsiemlak.com/aydin-efeler-zafer-kiralik/daire/125916-415","1 / 15","20.000","17/08/2026","Zafer Mahallesinde Kiralık 1+1 Daire","Kiralık Daire","1 + 1","60 m²","10 Yaşında","·","Kat","3. Kat","Aydın / Efeler / Zafer Mah.","https://www.hepsiemlak.com/_nuxt/8cafc93fb5c74c75e9e04e528e02ccdf.jpg","Karadeniz Emlak","WhatsApp","","https://www.hepsiemlak.com/_nuxt/8cafc93fb5c74c75e9e04e528e02ccdf.jpg",""
"https://www.hepsiemlak.com/aydin-efeler-efeler-kiralik/daire/160231-217","1 / 26","26.000","18/08/2026","Tued'den Üst Efelerde 2+1 Kiralık Daire","Kiralık Daire","2 + 1","90 m²","16 Yaşında","·","Kat","4. Kat","Aydın / Efeler / Efeler Mah.","https://www.hepsiemlak.com/_nuxt/8cafc93fb5c74c75e9e04e528e02ccdf.jpg","Tued Gayrimenkul","WhatsApp","Halil
                  Kaya","https://www.hepsiemlak.com/_nuxt/8cafc93fb5c74c75e9e04e528e02ccdf.jpg","https://www.hepsiemlak.com/_nuxt/8cafc93fb5c74c75e9e04e528e02ccdf.jpg"
"https://www.hepsiemlak.com/aydin-efeler-mesrutiyet-kiralik/daire/148156-108","1 / 23","26.000","06/08/2026","Aydın Efeler Meşrutiyet Mah. Doğagazlı Asansörlü 2 Balkonlu 3+1 Daire","Kiralık Daire","3 + 1","150 m²","20 Yaşında","·","Kat","5. Kat","Aydın / Efeler / Meşrutiyet Mah.","https://www.hepsiemlak.com/_nuxt/8cafc93fb5c74c75e9e04e528e02ccdf.jpg","Garantis Gayrimenkul Yatırım Danışmanlığı","WhatsApp","","https://www.hepsiemlak.com/_nuxt/8cafc93fb5c74c75e9e04e528e02ccdf.jpg",""
"https://www.hepsiemlak.com/aydin-kusadasi-alacamescit-kiralik/daire/123719-618","1 / 23","37.000","01/09/2026","Kuşadası Alacamescit Mahallesinde Full Eşyalı Kiralık 2+1 Daire","Kiralık Daire","2 + 1","85 m²","Sıfır Bina","·","Kat","2. Kat","Aydın / Kuşadası / Alacamescit Mah.","https://www.hepsiemlak.com/_nuxt/8cafc93fb5c74c75e9e04e528e02ccdf.jpg","Yetiş Emlak","WhatsApp","","https://www.hepsiemlak.com/_nuxt/8cafc93fb5c74c75e9e04e528e02ccdf.jpg",""
"https://www.hepsiemlak.com/aydin-nazilli-yildiztepe-kiralik/daire/137179-568","1 / 35","20.000","13/08/2026","Miray Emlaktan Nazilli Ocaklı Mahallesinde Kiralık 3+1 Daire","Kiralık Daire","3 + 1","160 m²","Sıfır Bina","·","Kat","6. Kat","Aydın / Nazilli / Yıldıztepe Mah.","https://www.hepsiemlak.com/_nuxt/8cafc93fb5c74c75e9e04e528e02ccdf.jpg","","WhatsApp","","",""
"https://www.hepsiemlak.com/aydin-kusadasi-bayraklidede-kiralik/villa/148837-1887","1 / 46","55.000","10/08/2026","Kuşadası’nda Deniz Manzaralı Kiralık Villa","Kiralık Villa","4 + 1","180 m²","26 Yaşında","·","Kat","","Aydın / Kuşadası / Bayraklıdede Mah.","https://www.hepsiemlak.com/_nuxt/8cafc93fb5c74c75e9e04e528e02ccdf.jpg","Remax Pasha 1","WhatsApp","","https://www.hepsiemlak.com/_nuxt/8cafc93fb5c74c75e9e04e528e02ccdf.jpg",""
"https://www.hepsiemlak.com/aydin-kusadasi-kadinlar-denizi-kiralik/mustakil-ev/97893-582","1 / 33","26.000","10/09/2026","Açıklama İlada Wifi Klimalı Bahceli Kiralık","Kiralık Müstakil Ev","2 + 1","85 m²","21 Yaşında","·","Kat","Bahçe Katı","Aydın / Kuşadası / Kadınlar Denizi Mah.","https://www.hepsiemlak.com/_nuxt/8cafc93fb5c74c75e9e04e528e02ccdf.jpg","Ada Avşar Gayrimenkul Danışmanlığı","WhatsApp","","https://www.hepsiemlak.com/_nuxt/8cafc93fb5c74c75e9e04e528e02ccdf.jpg",""
"https://www.hepsiemlak.com/aydin-efeler-orta-kiralik/daire/124121-791","1 / 35","16.000","18/07/2026","Kiralık Daire","Kiralık Daire","2 + 1","85 m²","10 Yaşında","·","Kat","3. Kat","Aydın / Efeler / Orta Mah.","https://www.hepsiemlak.com/_nuxt/8cafc93fb5c74c75e9e04e528e02ccdf.jpg","Mert Gayrimenkul","WhatsApp","","https://www.hepsiemlak.com/_nuxt/8cafc93fb5c74c75e9e04e528e02ccdf.jpg",""
"https://www.hepsiemlak.com/aydin-kusadasi-ikicesmelik-kiralik/residence/78233-6013","1 / 58","45.000","26/08/2026","Aclass'dan Merkezi Konumda-Güvenlık-Kapalı Otopark-Bahçe-Havuz-Sosyal Alan-Lüx Kiralık 2+1 Daire","Kiralık Residence","2 + 1","118 m²","Sıfır Bina","·","Kat","3. Kat","Aydın / Kuşadası / İkiçeşmelik Mah.","https://www.hepsiemlak.com/_nuxt/8cafc93fb5c74c75e9e04e528e02ccdf.jpg","A_class Gayrimenkul&inşaat","WhatsApp","","https://www.hepsiemlak.com/_nuxt/8cafc93fb5c74c75e9e04e528e02ccdf.jpg",""
"https://www.hepsiemlak.com/aydin-soke-yenicamii-kiralik/daire/2137-28846","1 / 17","46.000","26/08/2026","Söke Yenicami Mahallesi My Life Rezidans Sitesinde Kiralık 3+1 Daire","Kiralık Daire","3 + 1","135 m²","10 Yaşında","·","Kat","7. Kat","Aydın / Söke / Yenicamii Mah.","https://www.hepsiemlak.com/_nuxt/8cafc93fb5c74c75e9e04e528e02ccdf.jpg","Remax Yıldız","WhatsApp","","https://www.hepsiemlak.com/_nuxt/8cafc93fb5c74c75e9e04e528e02ccdf.jpg",""
"https://www.hepsiemlak.com/aydin-karacasu-yaylali-kiralik/daire/94741-436","1 / 17","18.000","27/08/2026","Çölgezen Gayrimenkulden 3+1 Kiralık Daire","Kiralık Daire","3 + 1","120 m²","5 Yaşında","·","Kat","4. Kat","Aydın / Karacasu / Yaylalı Mah.","https://www.hepsiemlak.com/_nuxt/8cafc93fb5c74c75e9e04e528e02ccdf.jpg","","WhatsApp","","",""
"https://www.hepsiemlak.com/aydin-nazilli-isabeyli-kiralik/daire/160026-364","1 / 12","14.000","05/09/2026","Duru Emlaktan 1+1 Full Eşyalı Kiralık Daire","Kiralık Daire","1 + 1","60 m²","5 Yaşında","·","Kat","1. Kat","Aydın / Nazilli / İsabeyli Mah.","https://www.hepsiemlak.com/_nuxt/8cafc93fb5c74c75e9e04e528e02ccdf.jpg","Duru Emlak","WhatsApp","","https://www.hepsiemlak.com/_nuxt/8cafc93fb5c74c75e9e04e528e02ccdf.jpg",""
"https://www.hepsiemlak.com/aydin-efeler-orta-kiralik/daire/71291-2955","1 / 20","28.000","06/08/2026","Orta Mah 213 Sok Da Ara Kat Balkonlu,D.Gaz Ve Klima.Lüks Esyali 2+1 Kiralik Daire.","Kiralık Daire","2 + 1","75 m²","5 Yaşında","·","Kat","2. Kat","Aydın / Efeler / Orta Mah.","https://www.hepsiemlak.com/_nuxt/8cafc93fb5c74c75e9e04e528e02ccdf.jpg","Gazi Emlak","WhatsApp","İrfan
                  Gümüş","https://www.hepsiemlak.com/_nuxt/8cafc93fb5c74c75e9e04e528e02ccdf.jpg","https://www.hepsiemlak.com/_nuxt/8cafc93fb5c74c75e9e04e528e02ccdf.jpg"
"https://www.hepsiemlak.com/aydin-efeler-zafer-kiralik/daire/40599-4479","1 / 40","23.000","08/09/2026","Hb'den 3+1 Kiralık Daire,Efeler Mah'de Doğalgazlı,Geniş,Ferah","Kiralık Daire","3 + 1","50 m²","10 Yaşında","·","Kat","3. Kat","Aydın / Efeler / Zafer Mah.","https://www.hepsiemlak.com/_nuxt/8cafc93fb5c74c75e9e04e528e02ccdf.jpg","Hb Gayrimenkul","WhatsApp","","https://www.hepsiemlak.com/_nuxt/8cafc93fb5c74c75e9e04e528e02ccdf.jpg",""
"https://www.hepsiemlak.com/aydin-efeler-kemer-kiralik/villa/141451-266","1 / 25","50.000","08/09/2026","Remax Pin'den Ayko 3 Caddesine Cepheli | 4+1 Tripleks | Bahçeli","Kiralık Villa","4 + 1","130 m²","4 Yaşında","·","Kat","","Aydın / Efeler / Kemer Mah.","https://www.hepsiemlak.com/_nuxt/8cafc93fb5c74c75e9e04e528e02ccdf.jpg","Remax Pin","WhatsApp","Emre
                  Özkaya","https://www.hepsiemlak.com/_nuxt/8cafc93fb5c74c75e9e04e528e02ccdf.jpg","https://www.hepsiemlak.com/_nuxt/8cafc93fb5c74c75e9e04e528e02ccdf.jpg"
"https://www.hepsiemlak.com/aydin-didim-efeler-kiralik/daire/119379-809","1 / 14","30.000","12/08/2026","Efelerde Kiralık Daıre","Kiralık Daire","3 + 1","110 m²","11 Yaşında","·","Kat","1. Kat","Aydın / Didim / Efeler Mah.","https://www.hepsiemlak.com/_nuxt/8cafc93fb5c74c75e9e04e528e02ccdf.jpg","Era Didyma Real Estate","WhatsApp","İsmet
                  Sayan","https://www.hepsiemlak.com/_nuxt/8cafc93fb5c74c75e9e04e528e02ccdf.jpg","https://www.hepsiemlak.com/_nuxt/8cafc93fb5c74c75e9e04e528e02ccdf.jpg"
"https://www.hepsiemlak.com/aydin-efeler-orta-kiralik/daire/95910-2391","1 / 18","23.000","25/07/2026","Aydın Efeler Orta Mah Kiralık 2+0 Eşyalı Klimalı Daire","Kiralık Daire","2 + 0","65 m²","8 Yaşında","·","Kat","En Üst Kat","Aydın / Efeler / Orta Mah.","https://www.hepsiemlak.com/_nuxt/8cafc93fb5c74c75e9e04e528e02ccdf.jpg","","WhatsApp","","",""
"https://www.hepsiemlak.com/aydin-kusadasi-turkmen-kiralik/daire/51582-2714","1 / 18","25.000","27/08/2026","Merkezde Sahile 250 Metre Arakat","Kiralık Daire","2 + 1","100 m²","30 Yaşında","·","Kat","3. Kat","Aydın / Kuşadası / Türkmen Mah.","https://www.hepsiemlak.com/_nuxt/8cafc93fb5c74c75e9e04e528e02ccdf.jpg","Yakamoz Emlak","WhatsApp","","https://www.hepsiemlak.com/_nuxt/8cafc93fb5c74c75e9e04e528e02ccdf.jpg",""
"https://www.hepsiemlak.com/aydin-didim-cumhuriyet-kiralik/daire/117917-656","1 / 13","30.000","07/09/2026","Aydın Didim Yenihisar Mahallesi'nde 2+1 Full Eşyalı Kiralık Daire","Kiralık Daire","2 + 1","110 m²","10 Yaşında","·","Kat","5. Kat","Aydın / Didim / Cumhuriyet Mah.","https://www.hepsiemlak.com/_nuxt/8cafc93fb5c74c75e9e04e528e02ccdf.jpg","","WhatsApp","","",""
"https://www.hepsiemlak.com/aydin-efeler-mesudiye-kiralik/daire/68088-1427","1 / 28","26.000","04/09/2026","Rw Alyanstan Mesudiyede 3+1 Eşyalı Kiralık Daire","Kiralık Daire","3 + 1","130 m²","26 Yaşında","·","Kat","2. Kat","Aydın / Efeler / Mesudiye Mah.","https://hecdnnw.hemlak.com/mncropresize/77/67/logo/8/8/0/8/6/0/5fb0f3a8-bcdc-4d80-8f04-745af472ea4c.jpg","Realty World Alyans Gayrimenkul","WhatsApp","","",""
"https://www.hepsiemlak.com/aydin-incirliova-zafer-kiralik/daire/79331-265","1 / 21","20.000","01/09/2026","İncirliova Zafer Mahallesinde Kiralık 2+1 Daire","Kiralık Daire","2 + 1","94 m²","1 Yaşında","·","Kat","4. Kat","Aydın / İncirliova / Zafer Mah.","https://hecdnnw.hemlak.com/mncropresize/77/67/logo/1/3/3/9/7/0/4607f431-31cf-401f-9409-ae21b6ad46c2.jpg","Stil Gayrimenkul","WhatsApp","","",""
"https://www.hepsiemlak.com/aydin-efeler-orta-kiralik/daire/128861-494","1 / 16","18.500","31/08/2026","Orta Mahalle 1+1eşyalı Kiralık Dairemiz","Kiralık Daire","1 + 1","55 m²","7 Yaşında","·","Kat","3. Kat","Aydın / Efeler / Orta Mah.","https://hecdnnw.hemlak.com/mncropresize/77/67/logo/1/6/8/8/2/1/14ba52c0-0669-4060-a8c6-615966e801b9.jpg","Evfon Altınkonak Gayrimenkul","WhatsApp","Rabia
                  Mayda","https://hecdnnw.hemlak.com/mncropresize/77/67/firmuser/2/2/3/8/3/2/3/4d21e011-c881-42d0-94ec-ff06ea084dbd.jpg",""
"https://www.hepsiemlak.com/aydin-didim-akbuk-kiralik/villa/160789-104","1 / 45","50.000","05/09/2026","Didimde Denıze Yürüme Mesafesinde Eşyalı 4+1 Kiralık Vılla","Kiralık Villa","4 + 1","160 m²","21 Yaşında","·","Kat","","Aydın / Didim / Akbük Mah.","https://hecdn01.hemlak.com/mncropresize/182/137/ds01/2/6/2/9/9/1/7/4/37ebfab1-7613-44dc-a550-9241e2eb626e.jpg","Re/max Ayaz","WhatsApp","","https://hecdnnw.hemlak.com/mncropresize/77/67/logo/9/8/7/0/6/1/61e5662e-8e1c-4ae4-8e2f-72442739aa83.jpg",""
"https://www.hepsiemlak.com/aydin-efeler-guzelhisar-kiralik/daire/5625-3453","1 / 42","25.000","28/08/2026","Güzelhisar Mahallesinde Köşe Konumlu, Ferah, Eşyalı 2+1 Daire","Kiralık Daire","2 + 1","75 m²","8 Yaşında","·","Kat","Ara Kat","Aydın / Efeler / Güzelhisar Mah.","https://www.hepsiemlak.com/_nuxt/8cafc93fb5c74c75e9e04e528e02ccdf.jpg","Sun Investment","WhatsApp","Sun
                  Investment","https://www.hepsiemlak.com/_nuxt/8cafc93fb5c74c75e9e04e528e02ccdf.jpg","https://www.hepsiemlak.com/_nuxt/8cafc93fb5c74c75e9e04e528e02ccdf.jpg"
"https://www.hepsiemlak.com/aydin-kusadasi-kadinlar-denizi-kiralik/daire/162627-320","1 / 23","26.000","31/07/2026","Kuşadası Kadınlar Denizinde Geniş ,Site İçinde Kiralık 3+1 Daire","Kiralık Daire","3 + 1","130 m²","11 Yaşında","·","Kat","Yüksek Giriş","Aydın / Kuşadası / Kadınlar Denizi Mah.","https://www.hepsiemlak.com/_nuxt/8cafc93fb5c74c75e9e04e528e02ccdf.jpg","İsabet Kuşadası Gayrimenkul","WhatsApp","Abdülkadir
                  Taluğ","https://www.hepsiemlak.com/_nuxt/8cafc93fb5c74c75e9e04e528e02ccdf.jpg","https://www.hepsiemlak.com/_nuxt/8cafc93fb5c74c75e9e04e528e02ccdf.jpg"
"https://www.hepsiemlak.com/aydin-kusadasi-cumhuriyet-kiralik/daire/129223-206","1 / 23","30.000","14/08/2026","Kuşadası Adliye Karşısı Kiralık 3+1 Daire - Ofis","Kiralık Daire","3 + 1","140 m²","26 Yaşında","·","Kat","2. Kat","Aydın / Kuşadası / Cumhuriyet Mah.","https://www.hepsiemlak.com/_nuxt/8cafc93fb5c74c75e9e04e528e02ccdf.jpg","","WhatsApp","","",""
"https://www.hepsiemlak.com/aydin-efeler-cumhuriyet-kiralik/daire/64143-2843","1 / 30","33.000","24/08/2026","Aydın Cumhuriyet Mah. Cadde Üzeri Geniş 3+1 Kiralık Daire","Kiralık Daire","3 + 1","190 m²","22 Yaşında","·","Kat","2. Kat","Aydın / Efeler / Cumhuriyet Mah.","https://www.hepsiemlak.com/_nuxt/8cafc93fb5c74c75e9e04e528e02ccdf.jpg","Alp Gayrimenkul","WhatsApp","Fevzi
                  Köse","https://www.hepsiemlak.com/_nuxt/8cafc93fb5c74c75e9e04e528e02ccdf.jpg","https://www.hepsiemlak.com/_nuxt/8cafc93fb5c74c75e9e04e528e02ccdf.jpg"
"https://www.hepsiemlak.com/aydin-nazilli-isabeyli-kiralik/daire/137179-567","1 / 35","13.000","10/08/2026","Miray Emlaktan İsabeylide Eşyalı Teraslı Kiralık 1+1 Dubleks","Kiralık Daire","1 + 1","90 m²","6 Yaşında","·","Kat","2. Kat","Aydın / Nazilli / İsabeyli Mah.","https://www.hepsiemlak.com/_nuxt/8cafc93fb5c74c75e9e04e528e02ccdf.jpg","","WhatsApp","","",""
"https://www.hepsiemlak.com/aydin-kusadasi-kadinlar-denizi-kiralik/daire/148837-1875","1 / 19","30.000","02/09/2026","Kuşadası'nda Deniz Manzaralı Havuzlu Site İçinde  91 Metrekare 1+1 Sıfır Kiralık Daire","Kiralık Daire","1 + 1","91 m²","3 Yaşında","·","Kat","Kot 1","Aydın / Kuşadası / Kadınlar Denizi Mah.","https://www.hepsiemlak.com/_nuxt/8cafc93fb5c74c75e9e04e528e02ccdf.jpg","Remax Pasha 1","WhatsApp","","https://www.hepsiemlak.com/_nuxt/8cafc93fb5c74c75e9e04e528e02ccdf.jpg",""
"https://www.hepsiemlak.com/aydin-kusadasi-turkmen-kiralik/daire/104189-3984","1 / 9","26.000","31/08/2026","Kuşadası Türkmen Mahallesi Marina Mevkiinde Kiralık 1+1 Daire","Kiralık Daire","1 + 1","55 m²","30 Yaşında","·","Kat","Ara Kat","Aydın / Kuşadası / Türkmen Mah.","https://www.hepsiemlak.com/_nuxt/8cafc93fb5c74c75e9e04e528e02ccdf.jpg","Egemen Gayrimenkul Kuşadası","WhatsApp","","https://www.hepsiemlak.com/_nuxt/8cafc93fb5c74c75e9e04e528e02ccdf.jpg",""
"https://www.hepsiemlak.com/aydin-nazilli-isabeyli-kiralik/daire/160026-362","1 / 12","14.250","05/09/2026","Duru Emlaktan İsabeylide 2+1 Eşyalı Kiralık Daire","Kiralık Daire","2 + 1","60 m²","6 Yaşında","·","Kat","1. Kat","Aydın / Nazilli / İsabeyli Mah.","https://www.hepsiemlak.com/_nuxt/8cafc93fb5c74c75e9e04e528e02ccdf.jpg","Duru Emlak","WhatsApp","","https://www.hepsiemlak.com/_nuxt/8cafc93fb5c74c75e9e04e528e02ccdf.jpg",""
"https://www.hepsiemlak.com/aydin-efeler-kemer-kiralik/residence/79589-1415","1 / 34","53.000","19/08/2026","Ege Ayyıldız'dan Kemer Mah.Site İçi Dublex Daire Depozito Yok...","Kiralık Residence","4 + 1","240 m²","6 Yaşında","·","Kat","9. Kat","Aydın / Efeler / Kemer Mah.","https://www.hepsiemlak.com/_nuxt/8cafc93fb5c74c75e9e04e528e02ccdf.jpg","Ege Ayyıldız Gayrimenkul","WhatsApp","Fatih
                  Erol","https://www.hepsiemlak.com/_nuxt/8cafc93fb5c74c75e9e04e528e02ccdf.jpg","https://www.hepsiemlak.com/_nuxt/8cafc93fb5c74c75e9e04e528e02ccdf.jpg"
"https://www.hepsiemlak.com/aydin-kusadasi-guzelcamli-kiralik/daire/134708-622","1 / 7","5.000","02/09/2026","Sezonda Kiralik 2+1 Denize Yakin Daire","Kiralık Daire","2 + 1","95 m²","15 Yaşında","·","Kat","2. Kat","Aydın / Kuşadası / Güzelçamlı Mah.","https://www.hepsiemlak.com/_nuxt/8cafc93fb5c74c75e9e04e528e02ccdf.jpg","Güzelçamlı Gayrimenkul","WhatsApp","","https://www.hepsiemlak.com/_nuxt/8cafc93fb5c74c75e9e04e528e02ccdf.jpg",""
"https://www.hepsiemlak.com/aydin-soke-cumhuriyet-kiralik/daire/17794-1408","1 / 22","25.000","25/08/2026","Söke Cumhuriyet Mahallesinde Stadyum Karşısında Kiralık 3+1","Kiralık Daire","3 + 1","120 m²","26 Yaşında","·","Kat","2. Kat","Aydın / Söke / Cumhuriyet Mah.","https://www.hepsiemlak.com/_nuxt/8cafc93fb5c74c75e9e04e528e02ccdf.jpg","Özcan Emlak","WhatsApp","","https://www.hepsiemlak.com/_nuxt/8cafc93fb5c74c75e9e04e528e02ccdf.jpg",""
"https://www.hepsiemlak.com/aydin-kusadasi-davutlar-kiralik/daire/121414-2252","1 / 16","25.000","20/08/2026","Kuşadası Davutlarda Eşyalı Kiralık 1+1 Daire","Kiralık Daire","1 + 1","60 m²","5 Yaşında","·","Kat","Bahçe Katı","Aydın / Kuşadası / Davutlar Mah.","https://www.hepsiemlak.com/_nuxt/8cafc93fb5c74c75e9e04e528e02ccdf.jpg","","WhatsApp","","",""
"https://www.hepsiemlak.com/aydin-efeler-cuma-kiralik/daire/40599-4406","1 / 43","30.000","02/09/2026","Hb'den 3+1 Kiralık Daire,Egemenlik Bulvarı Üzerinde Doğalgazlı","Kiralık Daire","3 + 1","130 m²","24 Yaşında","·","Kat","2. Kat","Aydın / Efeler / Cuma Mah.","https://www.hepsiemlak.com/_nuxt/8cafc93fb5c74c75e9e04e528e02ccdf.jpg","Hb Gayrimenkul","WhatsApp","","https://www.hepsiemlak.com/_nuxt/8cafc93fb5c74c75e9e04e528e02ccdf.jpg",""
"https://www.hepsiemlak.com/aydin-kusadasi-degirmendere-kiralik/daire/143901-292","1 / 11","30.000","27/07/2026","Kuşadası Değirmendere Mah Eşyalı Kiralık 1+1 Daire 11798500","Kiralık Daire","1 + 1","55 m²","2 Yaşında","·","Kat","1. Kat","Aydın / Kuşadası / Değirmendere Mah.","https://www.hepsiemlak.com/_nuxt/8cafc93fb5c74c75e9e04e528e02ccdf.jpg","Network Ada Plus Gayrimenkul","WhatsApp","","https://www.hepsiemlak.com/_nuxt/8cafc93fb5c74c75e9e04e528e02ccdf.jpg",""
"https://www.hepsiemlak.com/aydin-kusadasi-ikicesmelik-kiralik/daire/28110-16664","1 / 3","42.000","09/09/2026","Kuşadası Damlapark Sıtesı’nde Havuzlu, Eşyalı 2+1 Daıre","Kiralık Daire","2 + 1","95 m²","7 Yaşında","·","Kat","Giriş Katı","Aydın / Kuşadası / İkiçeşmelik Mah.","https://www.hepsiemlak.com/_nuxt/8cafc93fb5c74c75e9e04e528e02ccdf.jpg","Remax Pasha 1","WhatsApp","","https://www.hepsiemlak.com/_nuxt/8cafc93fb5c74c75e9e04e528e02ccdf.jpg",""
"https://www.hepsiemlak.com/aydin-didim-hisar-kiralik/villa/116417-1465","1 / 31","50.000","20/07/2026","Didim Sağtur Mevkiinde Eşyalı 4+1 Kiralık Villa","Kiralık Villa","4 + 1","130 m²","10 Yaşında","·","Kat","","Aydın / Didim / Hisar Mah.","https://www.hepsiemlak.com/_nuxt/8cafc93fb5c74c75e9e04e528e02ccdf.jpg","Coldwell Banker Medusa","WhatsApp","","https://www.hepsiemlak.com/_nuxt/8cafc93fb5c74c75e9e04e528e02ccdf.jpg",""
"https://www.hepsiemlak.com/aydin-didim-cumhuriyet-kiralik/daire/117049-6228","1 / 13","30.000","17/08/2026","Didim Merkezde 3+1 Kiralık Daire","Kiralık Daire","3 + 1","140 m²","16 Yaşında","·","Kat","4. Kat","Aydın / Didim / Cumhuriyet Mah.","https://www.hepsiemlak.com/_nuxt/8cafc93fb5c74c75e9e04e528e02ccdf.jpg","Gho Adalılar Gayrimenkul","WhatsApp","","https://www.hepsiemlak.com/_nuxt/8cafc93fb5c74c75e9e04e528e02ccdf.jpg",""
"https://www.hepsiemlak.com/aydin-efeler-mesrutiyet-kiralik/daire/98556-393","1 / 18","35.000","27/08/2026","Diş Fakültesi Karşısı Kiralık 1+1 Elyalı Daire","Kiralık Daire","1 + 1","55 m²","6 Yaşında","·","Kat","3. Kat","Aydın / Efeler / Meşrutiyet Mah.","https://www.hepsiemlak.com/_nuxt/8cafc93fb5c74c75e9e04e528e02ccdf.jpg","Elit Emlak Recep Şekerci","WhatsApp","","https://www.hepsiemlak.com/_nuxt/8cafc93fb5c74c75e9e04e528e02ccdf.jpg",""
"https://www.hepsiemlak.com/aydin-incirliova-hurriyet-kiralik/daire/79331-264","1 / 24","35.000","07/09/2026","İncirliova Hüriyet Mah Eşyalı+eşyasız 2+1 Daire","Kiralık Daire","2 + 1","120 m²","1 Yaşında","·","Kat","1. Kat","Aydın / İncirliova / Hürriyet Mah.","https://www.hepsiemlak.com/_nuxt/8cafc93fb5c74c75e9e04e528e02ccdf.jpg","Stil Gayrimenkul","WhatsApp","","https://www.hepsiemlak.com/_nuxt/8cafc93fb5c74c75e9e04e528e02ccdf.jpg",""
"https://www.hepsiemlak.com/aydin-soke-yenicamii-kiralik/daire/170486-65","1 / 26","22.000","09/09/2026","Yenicami Mah. 3+1 Ayrı Mutfak Kiralık Daire","Kiralık Daire","3 + 1","135 m²","21 Yaşında","·","Kat","2. Kat","Aydın / Söke / Yenicamii Mah.","https://www.hepsiemlak.com/_nuxt/8cafc93fb5c74c75e9e04e528e02ccdf.jpg","Atakent Emlak","WhatsApp","","https://www.hepsiemlak.com/_nuxt/8cafc93fb5c74c75e9e04e528e02ccdf.jpg",""
"https://www.hepsiemlak.com/aydin-efeler-cuma-kiralik/daire/169362-63","1 / 18","22.000","26/08/2026","Kiralık Dubleks Daire 2+1","Kiralık Daire","2 + 1","80 m²","5 Yaşında","·","Kat","En Üst Kat","Aydın / Efeler / Cuma Mah.","https://hecdnnw.hemlak.com/mncropresize/77/67/logo/2/6/3/9/6/1/adc3d3ca-301c-4704-9c84-a713bf89bde7.jpg","Vma Gayrimenkul","WhatsApp","","",""
"https://www.hepsiemlak.com/aydin-efeler-kurtulus-kiralik/daire/128861-487","1 / 36","17.500","24/08/2026","Kiralık 2+1 100 Metrekare Daire Ayrı Mutfaklı Yüksek Giriş Doğalgazlı","Kiralık Daire","1 + 1","110 m²","20 Yaşında","·","Kat","Giriş Katı","Aydın / Efeler / Kurtuluş Mah.","https://hecdnnw.hemlak.com/mncropresize/77/67/logo/1/6/8/8/2/1/14ba52c0-0669-4060-a8c6-615966e801b9.jpg","Evfon Altınkonak Gayrimenkul","WhatsApp","Rabia
                  Mayda","https://hecdnnw.hemlak.com/mncropresize/77/67/firmuser/2/2/3/8/3/2/3/4d21e011-c881-42d0-94ec-ff06ea084dbd.jpg",""
"https://www.hepsiemlak.com/aydin-kusadasi-ikicesmelik-kiralik/daire/162627-313","1 / 23","23.000","28/08/2026","Kiralık Sıfır 2+1 Daire","Kiralık Daire","2 + 1","90 m²","2 Yaşında","·","Kat","3. Kat","Aydın / Kuşadası / İkiçeşmelik Mah.","https://hecdnnw.hemlak.com/mncropresize/77/67/logo/7/2/6/2/6/1/95ff2162-1b7e-47cb-b23e-2c92d6674974.jpg","İsabet Kuşadası Gayrimenkul","WhatsApp","Abdülkadir
                  Taluğ","https://hecdnnw.hemlak.com/mncropresize/77/67/firmuser/6/3/1/5/4/5/4/14785e41-a7a7-478c-9f54-1420de1da715.jpg",""
"https://www.hepsiemlak.com/aydin-efeler-hasanefendi-ramazan-pasa-kiralik/daire/5625-3431","1 / 56","32.000","17/08/2026","Aydın Hasanefendi Mah. Otoparklı Kiralık 2+1 Daire","Kiralık Daire","2 + 1","85 m²","9 Yaşında","·","Kat","Ara Kat","Aydın / Efeler / Hasanefendi - Ramazan Paşa Mah.","https://hecdn01.hemlak.com/mncropresize/182/137/ds01/3/4/1/7/2/8/6/4/89277712-0895-4a6b-a797-b536143ed5c7.jpg","Sun Investment","WhatsApp","Sun
                  Investment","https://hecdnnw.hemlak.com/mncropresize/77/67/logo/5/2/6/5/0/0/0c6dec27-47b8-488f-a5f1-a51a655afe14.jpg","https://hecdnnw.hemlak.com/mncropresize/77/67/firmuser/5/2/6/5/0/0/17c515d9-163c-4b22-851c-4e7cbc4f6398.jpg"
"https://www.hepsiemlak.com/aydin-nazilli-zafer-kiralik/daire/137179-565","1 / 35","42.000","11/08/2026","Miray Emlaktan Nazilli Zafer Mahallesinde Kiralık 3+1 Daire","Kiralık Daire","3 + 1","175 m²","6 Yaşında","·","Kat","8. Kat","Aydın / Nazilli / Zafer Mah.","https://www.hepsiemlak.com/_nuxt/8cafc93fb5c74c75e9e04e528e02ccdf.jpg","","WhatsApp","","",""
"https://www.hepsiemlak.com/aydin-kusadasi-ege-kiralik/daire/148837-1870","1 / 36","65.000","06/08/2026","Kuşadasında Kiralık 2+1 Trend Royal-2 Sıtesı","Kiralık Daire","2 + 1","120 m²","9 Yaşında","·","Kat","Yüksek Giriş","Aydın / Kuşadası / Ege Mah.","https://www.hepsiemlak.com/_nuxt/8cafc93fb5c74c75e9e04e528e02ccdf.jpg","Remax Pasha 1","WhatsApp","","https://www.hepsiemlak.com/_nuxt/8cafc93fb5c74c75e9e04e528e02ccdf.jpg",""
"https://www.hepsiemlak.com/aydin-efeler-mesrutiyet-kiralik/daire/117336-602","1 / 17","23.000","27/08/2026","Meşrutıyet Mahallesı’nde Doğalgazlı Arı Kat Kıralık Daıre","Kiralık Daire","3 + 1","120 m²","18 Yaşında","·","Kat","3. Kat","Aydın / Efeler / Meşrutiyet Mah.","https://www.hepsiemlak.com/_nuxt/8cafc93fb5c74c75e9e04e528e02ccdf.jpg","Eksper Emlak Gayrimenkul","WhatsApp","","https://www.hepsiemlak.com/_nuxt/8cafc93fb5c74c75e9e04e528e02ccdf.jpg",""
"https://www.hepsiemlak.com/aydin-efeler-zafer-kiralik/daire/95325-579","1 / 17","17.500","16/08/2026","Efeler Zafer'de Kiralık 1+1 Eşyalı Daire","Kiralık Daire","1 + 1","50 m²","10 Yaşında","·","Kat","1. Kat","Aydın / Efeler / Zafer Mah.","https://www.hepsiemlak.com/_nuxt/8cafc93fb5c74c75e9e04e528e02ccdf.jpg","Metropol Gayrimenkul","WhatsApp","","https://www.hepsiemlak.com/_nuxt/8cafc93fb5c74c75e9e04e528e02ccdf.jpg",""
"https://www.hepsiemlak.com/aydin-efeler-efeler-kiralik/daire/71291-2946","1 / 14","24.000","13/07/2026","Efeler,Kaymakamlığı Bölgesi,Efeler Mah De Geniş, Lüks,D.Gazli Ve Klimalı, Asansör Lü 1+1","Kiralık Daire","1 + 1","60 m²","8 Yaşında","·","Kat","5. Kat","Aydın / Efeler / Efeler Mah.","https://www.hepsiemlak.com/_nuxt/8cafc93fb5c74c75e9e04e528e02ccdf.jpg","Gazi Emlak","WhatsApp","İrfan
                  Gümüş","https://www.hepsiemlak.com/_nuxt/8cafc93fb5c74c75e9e04e528e02ccdf.jpg","https://www.hepsiemlak.com/_nuxt/8cafc93fb5c74c75e9e04e528e02ccdf.jpg"
"https://www.hepsiemlak.com/aydin-didim-akbuk-kiralik/daire/160789-113","1 / 14","35.000","09/09/2026","Didim Akbük Ufuk Yamaç Full Deniz Manzaralı Kiralık 3+1 Daire","Kiralık Daire","3 + 1","110 m²","11 Yaşında","·","Kat","2. Kat","Aydın / Didim / Akbük Mah.","https://www.hepsiemlak.com/_nuxt/8cafc93fb5c74c75e9e04e528e02ccdf.jpg","Re/max Ayaz","WhatsApp","","https://www.hepsiemlak.com/_nuxt/8cafc93fb5c74c75e9e04e528e02ccdf.jpg",""
"https://www.hepsiemlak.com/aydin-efeler-guzelhisar-kiralik/daire/40599-4348","1 / 43","25.000","01/09/2026","Hb'den 2+1 Kiralık Daire, Adnan Menderes Bulvarı Üzeri Ayrı Mutfaklı Doğalgazlı Asansörlü","Kiralık Daire","2 + 1","120 m²","29 Yaşında","·","Kat","7. Kat","Aydın / Efeler / Güzelhisar Mah.","https://www.hepsiemlak.com/_nuxt/8cafc93fb5c74c75e9e04e528e02ccdf.jpg","Hb Gayrimenkul","WhatsApp","","https://www.hepsiemlak.com/_nuxt/8cafc93fb5c74c75e9e04e528e02ccdf.jpg",""
"https://www.hepsiemlak.com/aydin-efeler-mesrutiyet-kiralik/daire/78993-2122","1 / 22","20.000","12/08/2026","Aydın Efeler Meşrutiyet Mh.'de 2+1 Açık Mutfaklı Kiralık Daire","Kiralık Daire","2 + 1","55 m²","5 Yaşında","·","Kat","1. Kat","Aydın / Efeler / Meşrutiyet Mah.","https://www.hepsiemlak.com/_nuxt/8cafc93fb5c74c75e9e04e528e02ccdf.jpg","Pasha Gayrimenkul","WhatsApp","","https://www.hepsiemlak.com/_nuxt/8cafc93fb5c74c75e9e04e528e02ccdf.jpg",""
"https://www.hepsiemlak.com/aydin-didim-altinkum-kiralik/daire/0-47079845","1 / 16","32.000","30/08/2026","Altınkum Da Sürekli Kiralık Daire","Kiralık Daire","2 + 1","90 m²","18 Yaşında","·","Kat","Ara Kat","Aydın / Didim / Altınkum Mah.","https://www.hepsiemlak.com/_nuxt/8cafc93fb5c74c75e9e04e528e02ccdf.jpg","","WhatsApp","","",""
"https://www.hepsiemlak.com/aydin-nazilli-turan-kiralik/daire/0-47075134","1 / 19","35.000","05/08/2026","Sahibinden Temiz, Geniş Dublex Daire","Kiralık Daire","6 + 2","200 m²","10 Yaşında","·","Kat","3. Kat","Aydın / Nazilli / Turan Mah.","https://www.hepsiemlak.com/_nuxt/8cafc93fb5c74c75e9e04e528e02ccdf.jpg","","WhatsApp","","",""
"https://www.hepsiemlak.com/aydin-kusadasi-ikicesmelik-kiralik/daire/167587-158","1 / 35","30.000","01/09/2026","Kuşadası'nda 3+1 Kiralık Geniş Daire","Kiralık Daire","3 + 1","165 m²","16 Yaşında","·","Kat","Yüksek Giriş","Aydın / Kuşadası / İkiçeşmelik Mah.","https://www.hepsiemlak.com/_nuxt/8cafc93fb5c74c75e9e04e528e02ccdf.jpg","","WhatsApp","","",""
"https://www.hepsiemlak.com/aydin-kusadasi-degirmendere-kiralik/daire/0-46997165","1 / 22","52.500","05/09/2026","Sahibinden Acil Kiralık","Kiralık Daire","3 + 1","190 m²","5 Yaşında","·","Kat","2. Kat","Aydın / Kuşadası / Değirmendere Mah.","https://www.hepsiemlak.com/_nuxt/8cafc93fb5c74c75e9e04e528e02ccdf.jpg","","WhatsApp","","",""
"https://www.hepsiemlak.com/aydin-didim-akbuk-kiralik/villa/140405-465","1 / 34","6.500","08/08/2026","Doğa Ve Deniz Manzaralı Eşyalı Kiralık 3+1 Villa","Kiralık Villa","3 + 1","130 m²","16 Yaşında","·","Kat","Bahçe Katı","Aydın / Didim / Akbük Mah.","https://www.hepsiemlak.com/_nuxt/8cafc93fb5c74c75e9e04e528e02ccdf.jpg","Dof Gayrimenkul","WhatsApp","","https://www.hepsiemlak.com/_nuxt/8cafc93fb5c74c75e9e04e528e02ccdf.jpg",""
"https://www.hepsiemlak.com/aydin-kusadasi-guzelcamli-kiralik/daire/144118-266","1 / 21","24.000","25/07/2026","Güzelçamlı Milli Park Yolunda Kiralık Daire","Kiralık Daire","1 + 1","60 m²","5 Yaşında","·","Kat","2. Kat","Aydın / Kuşadası / Güzelçamlı Mah.","https://www.hepsiemlak.com/_nuxt/8cafc93fb5c74c75e9e04e528e02ccdf.jpg","Behre Emlak","WhatsApp","","https://www.hepsiemlak.com/_nuxt/8cafc93fb5c74c75e9e04e528e02ccdf.jpg",""
"https://www.hepsiemlak.com/aydin-didim-camlik-kiralik/villa/134858-232","1 / 49","60.000","16/06/2026","Didim De Kiralık Efeler Mahallesınde Kıralık 3+1 Villa","Kiralık Villa","3 + 1","125 m²","15 Yaşında","·","Kat","","Aydın / Didim / Çamlık Mah.","https://www.hepsiemlak.com/_nuxt/8cafc93fb5c74c75e9e04e528e02ccdf.jpg","Paşa Gayrimenkul","WhatsApp","Melda
                  Yamaç","https://www.hepsiemlak.com/_nuxt/8cafc93fb5c74c75e9e04e528e02ccdf.jpg","https://www.hepsiemlak.com/_nuxt/8cafc93fb5c74c75e9e04e528e02ccdf.jpg"
"https://www.hepsiemlak.com/aydin-kusadasi-sogucak-kiralik/villa/152002-585","1 / 34","50.000","19/07/2026","Kuşadası Soğucak Havuzlu Sitede Full Eşyalı Kiralık Villa","Kiralık Villa","4 + 1","160 m²","26 Yaşında","·","Kat","Bahçe Katı","Aydın / Kuşadası / Soğucak Mah.","https://www.hepsiemlak.com/_nuxt/8cafc93fb5c74c75e9e04e528e02ccdf.jpg","Startkey Astra","WhatsApp","","https://www.hepsiemlak.com/_nuxt/8cafc93fb5c74c75e9e04e528e02ccdf.jpg",""
"https://www.hepsiemlak.com/aydin-kusadasi-davutlar-kiralik/daire/0-46531706","1 / 16","4.750","19/07/2026","Aydın Kuşadası Sahibinden Kiralık Yazlık","Kiralık Daire","3 + 1","150 m²","Sıfır Bina","·","Kat","3. Kat","Aydın / Kuşadası / Davutlar Mah.","https://www.hepsiemlak.com/_nuxt/8cafc93fb5c74c75e9e04e528e02ccdf.jpg","","WhatsApp","","",""
"https://www.hepsiemlak.com/aydin-nazilli-isabeyli-kiralik/daire/0-45715770","1 / 34","15.500","03/09/2026","Nazilli İsabeyli'de, Doğalgazlı, Öğrenciye, Çalışana, Emekliye Eşyalı Kiralık 2+1, Site İçinde Daire","Kiralık Daire","2 + 1","70 m²","8 Yaşında","·","Kat","En Üst Kat","Aydın / Nazilli / İsabeyli Mah.","https://www.hepsiemlak.com/_nuxt/8cafc93fb5c74c75e9e04e528e02ccdf.jpg","","WhatsApp","","",""
"https://www.hepsiemlak.com/aydin-kosk-serdaroglu-kiralik/daire/162995-7","1 / 30","19.000","28/06/2026","Köşk 2+1 Kiralık Doğalgazlı Çift Balkonlu Daire","Kiralık Daire","2 + 1","100 m²","5 Yaşında","·","Kat","2. Kat","Aydın / Köşk / Serdaroğlu Mah.","https://www.hepsiemlak.com/_nuxt/8cafc93fb5c74c75e9e04e528e02ccdf.jpg","Ünal Şahin Gayrimenkul","WhatsApp","","https://www.hepsiemlak.com/_nuxt/8cafc93fb5c74c75e9e04e528e02ccdf.jpg",""
"https://www.hepsiemlak.com/aydin-didim-hisar-kiralik/daire/0-44860603","1 / 30","33.000","07/09/2026","Site İçinde, Heryere Yakın ,3+1eşyalı Boş Daire","Kiralık Daire","3 + 1","120 m²","10 Yaşında","·","Kat","2. Kat","Aydın / Didim / Hisar Mah.","https://www.hepsiemlak.com/_nuxt/8cafc93fb5c74c75e9e04e528e02ccdf.jpg","","WhatsApp","","",""
"https://www.hepsiemlak.com/aydin-nazilli-zafer-kiralik/daire/0-44403602","1 / 15","8.000","19/06/2026","Kız Öğrenciler İçin Eşyalı Doğalgazlı Kiralık Apart Daire","Kiralık Daire","4 + 0","165 m²","30 Yaşında","·","Kat","2. Kat","Aydın / Nazilli / Zafer Mah.","","","WhatsApp","","",""
"https://www.hepsiemlak.com/aydin-kusadasi-guzelcamli-kiralik/yazlik/0-44109799","1 / 17","10.000","06/08/2026","Kuşadası Güzelçamlıda Denize Sıfır Kiralık Villa","Kiralık Yazlık","5 + 1","150 m²","25 Yaşında","·","Kat","Villa Katı","Aydın / Kuşadası / Güzelçamlı Mah.","","","WhatsApp","","",""
"https://www.hepsiemlak.com/aydin-kusadasi-guzelcamli-kiralik/daire/0-43006966","1 / 30","28.500","07/09/2026","Kuşadası Güzelçamlı Da Sahibinden Full Eşyalı Daire Aylık 28 500 Tl","Kiralık Daire","2 + 1","90 m²","10 Yaşında","·","Kat","En Üst Kat","Aydın / Kuşadası / Güzelçamlı Mah.","","","WhatsApp","","",""
"https://www.hepsiemlak.com/aydin-kusadasi-davutlar-kiralik/yazlik/0-41265085","1 / 19","100.000","19/06/2026","Havuzlu Sıtede Müstakil Bahçeli Villa","Kiralık Yazlık","4 + 1","210 m²","20 Yaşında","·","Kat","Bahçe Katı","Aydın / Kuşadası / Davutlar Mah.","https://hecdn01.hemlak.com/mncropresize/182/137/ds01/5/8/0/5/6/2/1/4/41fe8689-56a3-4b79-8a3d-87fef7600927.jpeg","","WhatsApp","","",""
"https://www.hepsiemlak.com/aydin-efeler-orta-kiralik/daire/0-40686857","1 / 19","13.500","24/08/2026","Hemşireden Temiz 1+1 Kiralık Doğalgazlı Daire","Kiralık Daire","1 + 1","50 m²","5 Yaşında","·","Kat","4. Kat","Aydın / Efeler / Orta Mah.","https://www.hepsiemlak.com/_nuxt/8cafc93fb5c74c75e9e04e528e02ccdf.jpg","","WhatsApp","","",""
"https://www.hepsiemlak.com/aydin-didim-altinkum-kiralik/daire/0-40311226","1 / 31","40.000","31/08/2026","Altınkumda 3+1  Dublex Daire","Kiralık Daire","3 + 1","200 m²","10 Yaşında","·","Kat","3. Kat","Aydın / Didim / Altınkum Mah.","https://www.hepsiemlak.com/_nuxt/8cafc93fb5c74c75e9e04e528e02ccdf.jpg","","WhatsApp","","",""
"https://www.hepsiemlak.com/aydin-efeler-orta-kiralik/daire/19625-6357","1 / 5","14.000","02/09/2026","Ege Emlak'tan Doğu Gazi Bul Yakın 1+1 50m2 Asansörlü Otoparklı Eşyalı Daire","Kiralık Daire","1 + 1","50 m²","5 Yaşında","·","Kat","4. Kat","Aydın / Efeler / Orta Mah.","https://www.hepsiemlak.com/_nuxt/8cafc93fb5c74c75e9e04e528e02ccdf.jpg","Ege Emlak","WhatsApp","","https://www.hepsiemlak.com/_nuxt/8cafc93fb5c74c75e9e04e528e02ccdf.jpg",""
"https://www.hepsiemlak.com/aydin-efeler-zafer-kiralik/residence/79589-1440","1 / 30","30.000","24/08/2026","Yüzme Havuzlu,Hamam-Sauna-Spor Salonu Olan Eşyalı Daire","Kiralık Residence","1 + 1","75 m²","1 Yaşında","·","Kat","2. Kat","Aydın / Efeler / Zafer Mah.","https://www.hepsiemlak.com/_nuxt/8cafc93fb5c74c75e9e04e528e02ccdf.jpg","Ege Ayyıldız Gayrimenkul","WhatsApp","Fatih
                  Erol","https://www.hepsiemlak.com/_nuxt/8cafc93fb5c74c75e9e04e528e02ccdf.jpg","https://www.hepsiemlak.com/_nuxt/8cafc93fb5c74c75e9e04e528e02ccdf.jpg"
"https://www.hepsiemlak.com/aydin-nazilli-isabeyli-kiralik/daire/160026-363","1 / 10","10.250","04/09/2026","Duru Emlaktan 1+1 Full Eşyalı Kiralık Daire","Kiralık Daire","1 + 1","60 m²","6 Yaşında","·","Kat","3. Kat","Aydın / Nazilli / İsabeyli Mah.","https://www.hepsiemlak.com/_nuxt/8cafc93fb5c74c75e9e04e528e02ccdf.jpg","Duru Emlak","WhatsApp","","https://www.hepsiemlak.com/_nuxt/8cafc93fb5c74c75e9e04e528e02ccdf.jpg",""
"https://www.hepsiemlak.com/aydin-soke-yenikent-kiralik/daire/17794-1416","1 / 18","22.000","24/08/2026","Söke Konak Mh. Kiralık 1+1 Daire Veya Büro","Kiralık Daire","1 + 1","50 m²","Sıfır Bina","·","Kat","1. Kat","Aydın / Söke / Yenikent Mah.","https://www.hepsiemlak.com/_nuxt/8cafc93fb5c74c75e9e04e528e02ccdf.jpg","Özcan Emlak","WhatsApp","","https://www.hepsiemlak.com/_nuxt/8cafc93fb5c74c75e9e04e528e02ccdf.jpg",""
"https://www.hepsiemlak.com/aydin-kusadasi-degirmendere-kiralik/daire/18495-4086","1 / 16","52.500","14/08/2026","Kuşadası Prestijli Sitede Eşyalı Kiralık","Kiralık Daire","2 + 1","110 m²","3 Yaşında","·","Kat","Bahçe Katı","Aydın / Kuşadası / Değirmendere Mah.","https://www.hepsiemlak.com/_nuxt/8cafc93fb5c74c75e9e04e528e02ccdf.jpg","Blue Bırds Ada Gayrimenkul","WhatsApp","Hüseyin
                  Özkan","https://www.hepsiemlak.com/_nuxt/8cafc93fb5c74c75e9e04e528e02ccdf.jpg","https://www.hepsiemlak.com/_nuxt/8cafc93fb5c74c75e9e04e528e02ccdf.jpg"
"https://www.hepsiemlak.com/aydin-kusadasi-turkmen-kiralik/daire/104606-1512","1 / 16","26.000","13/08/2026","Yeni Belediye Arkası Sıfır Bina Yerden Isıtmalı Kiralık 1+1 Daire","Kiralık Daire","1 + 1","45 m²","1 Yaşında","·","Kat","2. Kat","Aydın / Kuşadası / Türkmen Mah.","https://www.hepsiemlak.com/_nuxt/8cafc93fb5c74c75e9e04e528e02ccdf.jpg","Coldwell Banker Ada","WhatsApp","","https://www.hepsiemlak.com/_nuxt/8cafc93fb5c74c75e9e04e528e02ccdf.jpg",""
"https://www.hepsiemlak.com/aydin-efeler-orta-kiralik/daire/68088-1430","1 / 21","20.000","23/08/2026","Rw Alyanstan Bulvara Bır Sokak Sıfır Eşyalı 1 + 1 Kıralık","Kiralık Daire","1 + 1","55 m²","6 Yaşında","·","Kat","1. Kat","Aydın / Efeler / Orta Mah.","https://www.hepsiemlak.com/_nuxt/8cafc93fb5c74c75e9e04e528e02ccdf.jpg","Realty World Alyans Gayrimenkul","WhatsApp","","https://www.hepsiemlak.com/_nuxt/8cafc93fb5c74c75e9e04e528e02ccdf.jpg",""
"https://www.hepsiemlak.com/aydin-kusadasi-kadinlar-denizi-kiralik/daire/130030-971","1 / 20","45.000","23/08/2026","Kadınlar Denizi'nde Deniz Manzaralı Bahçeli Eşyalı Kiralık Daire","Kiralık Daire","2 + 1","110 m²","31 Yaşında","·","Kat","Bahçe Katı","Aydın / Kuşadası / Kadınlar Denizi Mah.","https://www.hepsiemlak.com/_nuxt/8cafc93fb5c74c75e9e04e528e02ccdf.jpg","Cihan Gayrimenkul Kuşadası","WhatsApp","Cihan
                  Erdoğan","https://www.hepsiemlak.com/_nuxt/8cafc93fb5c74c75e9e04e528e02ccdf.jpg","https://www.hepsiemlak.com/_nuxt/8cafc93fb5c74c75e9e04e528e02ccdf.jpg"
"https://www.hepsiemlak.com/aydin-soke-yenicamii-kiralik/daire/170486-8","1 / 33","22.500","23/08/2026","Yenicami Mah. Yeni Hükümet Konağına Yakın Kiralık Daire","Kiralık Daire","2 + 1","125 m²","26 Yaşında","·","Kat","1. Kat","Aydın / Söke / Yenicamii Mah.","https://www.hepsiemlak.com/_nuxt/8cafc93fb5c74c75e9e04e528e02ccdf.jpg","Atakent Emlak","WhatsApp","","https://www.hepsiemlak.com/_nuxt/8cafc93fb5c74c75e9e04e528e02ccdf.jpg",""
"https://www.hepsiemlak.com/aydin-cine-hamitabat-kiralik/daire/170303-7","1 / 60","25.000","10/08/2026","Çine Merkez Hamidabat Mahallesinde Merkezi Konumda Kiralık 3+1","Kiralık Daire","3 + 1","165 m²","21 Yaşında","·","Kat","5. Kat","Aydın / Çine / Hamitabat Mah.","https://www.hepsiemlak.com/_nuxt/8cafc93fb5c74c75e9e04e528e02ccdf.jpg","","WhatsApp","","",""
"https://www.hepsiemlak.com/aydin-kusadasi-davutlar-kiralik/daire/134708-638","1 / 5","20.000","30/08/2026","Deniz Manzarali,Sifir Ev Sifir Esya","Kiralık Daire","1 + 1","55 m²","Sıfır Bina","·","Kat","3. Kat","Aydın / Kuşadası / Davutlar Mah.","https://www.hepsiemlak.com/_nuxt/8cafc93fb5c74c75e9e04e528e02ccdf.jpg","Güzelçamlı Gayrimenkul","WhatsApp","","https://www.hepsiemlak.com/_nuxt/8cafc93fb5c74c75e9e04e528e02ccdf.jpg",""
"https://www.hepsiemlak.com/aydin-efeler-orta-kiralik/daire/147624-280","1 / 32","23.500","18/08/2026","Doğu Gazi Blv. 2+1 Doğalgazlı-Asansörlü Sıfır Bakımlı","Kiralık Daire","2 + 1","95 m²","21 Yaşında","·","Kat","3. Kat","Aydın / Efeler / Orta Mah.","https://www.hepsiemlak.com/_nuxt/8cafc93fb5c74c75e9e04e528e02ccdf.jpg","Eray Gider Gayrimenkul","WhatsApp","Eray
                  Gider","https://www.hepsiemlak.com/_nuxt/8cafc93fb5c74c75e9e04e528e02ccdf.jpg","https://www.hepsiemlak.com/_nuxt/8cafc93fb5c74c75e9e04e528e02ccdf.jpg"
"https://www.hepsiemlak.com/aydin-nazilli-isabeyli-kiralik/daire/137179-561","1 / 35","25.000","04/08/2026","Miray Emlaktan İsabeylide Doğalgazlı Kiralık 3+1 Daire","Kiralık Daire","3 + 1","150 m²","Sıfır Bina","·","Kat","3. Kat","Aydın / Nazilli / İsabeyli Mah.","https://www.hepsiemlak.com/_nuxt/8cafc93fb5c74c75e9e04e528e02ccdf.jpg","","WhatsApp","","",""
"https://www.hepsiemlak.com/aydin-kusadasi-kadinlar-denizi-kiralik/daire/147107-53","1 / 12","30.000","20/08/2026","Doğalgazlı Eşyalı 3+1 Asansörlü Kapalı Mutfak 30.000 Tl Önü Açık","Kiralık Daire","3 + 1","130 m²","16 Yaşında","·","Kat","5. Kat","Aydın / Kuşadası / Kadınlar Denizi Mah.","https://www.hepsiemlak.com/_nuxt/8cafc93fb5c74c75e9e04e528e02ccdf.jpg","Günışığı Gayrimenkul","WhatsApp","","https://www.hepsiemlak.com/_nuxt/8cafc93fb5c74c75e9e04e528e02ccdf.jpg",""
"https://www.hepsiemlak.com/aydin-didim-yeni-kiralik/daire/116417-1562","1 / 28","30.000","04/09/2026","Kiralık Amarikan Kolejinde Eşyalı 2+1 Daire","Kiralık Daire","2 + 1","85 m²","21 Yaşında","·","Kat","1. Kat","Aydın / Didim / Yeni Mah.","https://www.hepsiemlak.com/_nuxt/8cafc93fb5c74c75e9e04e528e02ccdf.jpg","Coldwell Banker Medusa","WhatsApp","","https://www.hepsiemlak.com/_nuxt/8cafc93fb5c74c75e9e04e528e02ccdf.jpg",""
"https://www.hepsiemlak.com/aydin-nazilli-zafer-kiralik/daire/101059-602","1 / 12","19.000","07/09/2026","Çarşı Merkezde Doğalgazlı Eşyalı 1+1 Kiralık Daire","Kiralık Daire","1 + 1","50 m²","7 Yaşında","·","Kat","2. Kat","Aydın / Nazilli / Zafer Mah.","https://www.hepsiemlak.com/_nuxt/8cafc93fb5c74c75e9e04e528e02ccdf.jpg","Emlak Vadisi","WhatsApp","","https://www.hepsiemlak.com/_nuxt/8cafc93fb5c74c75e9e04e528e02ccdf.jpg",""
"https://www.hepsiemlak.com/aydin-efeler-zeybek-kiralik/daire/128279-498","1 / 10","26.500","20/08/2026","Aydın Efeler Zeybek Mahallesi’nde Kiralık 1+1 Daire","Kiralık Daire","1 + 1","70 m²","8 Yaşında","·","Kat","2. Kat","Aydın / Efeler / Zeybek Mah.","https://www.hepsiemlak.com/_nuxt/8cafc93fb5c74c75e9e04e528e02ccdf.jpg","As Gayrimenkul","WhatsApp","Seda
                  Gencel","https://www.hepsiemlak.com/_nuxt/8cafc93fb5c74c75e9e04e528e02ccdf.jpg","https://www.hepsiemlak.com/_nuxt/8cafc93fb5c74c75e9e04e528e02ccdf.jpg"
"https://www.hepsiemlak.com/aydin-didim-mersindere-kiralik/daire/0-43897066","1 / 13","28.000","04/08/2026","Sahibinden Kiralık Eşyalı 2+1 Ayrı Mutfak Villa!!!","Kiralık Daire","2 + 1","240 m²","28 Yaşında","·","Kat","Villa Katı","Aydın / Didim / Mersindere Mah.","https://www.hepsiemlak.com/_nuxt/8cafc93fb5c74c75e9e04e528e02ccdf.jpg","","WhatsApp","","",""
"https://www.hepsiemlak.com/aydin-incirliova-cumhuriyet-kiralik/daire/71761-21","1 / 31","26.000","27/08/2026","İncirliova Merkezde Cumhuriyet Parkı Karşı Köşesi Kiralık 3+1","Kiralık Daire","3 + 1","170 m²","11 Yaşında","·","Kat","5. Kat","Aydın / İncirliova / Cumhuriyet Mah.","","Çetiner Emlak","WhatsApp","Eyüp
                  Çetiner","https://hecdnnw.hemlak.com/mncropresize/77/67/firmuser/2/0/8/0/6/3/1/07a85769-a87d-41b4-920c-f60f2e4460e1.jpg",""
"https://www.hepsiemlak.com/aydin-nazilli-isabeyli-kiralik/daire/144590-242","1 / 15","14.000","07/07/2026","Aydın Nazilli İsabeyli Kiralık Full Eşyalı 1+1 Daire","Kiralık Daire","1 + 1","70 m²","5 Yaşında","·","Kat","2. Kat","Aydın / Nazilli / İsabeyli Mah.","https://hecdnnw.hemlak.com/mncropresize/77/67/logo/0/9/5/4/4/1/37936bd5-d32f-43e6-9490-7310732533ea.jpg","Konut Emlak 2","WhatsApp","","",""
"https://www.hepsiemlak.com/aydin-kusadasi-degirmendere-kiralik/daire/128883-552","1 / 35","70.000","06/08/2026","Eviz Yapı Royal Panaroma'da Lüks Eşyalı 3+1 Kiralık Daire","Kiralık Daire","3 + 1","168 m²","1 Yaşında","·","Kat","2. Kat","Aydın / Kuşadası / Değirmendere Mah.","https://hecdnnw.hemlak.com/mncropresize/77/67/logo/3/8/8/8/2/1/4f18a9ae-8929-459a-b9f8-b66769248ed0.jpg","Tanır Emlak Gayrimenkul","WhatsApp","","",""
"https://www.hepsiemlak.com/aydin-didim-hisar-kiralik/daire/116910-6","1 / 22","25.000","14/07/2026","Didim Hisar'da Site İçinde Havuzlu Sürekli Kiralık 1+1 Daire","Kiralık Daire","1 + 1","70 m²","4 Yaşında","·","Kat","1. Kat","Aydın / Didim / Hisar Mah.","https://hecdn01.hemlak.com/mncropresize/182/137/ds01/7/1/4/7/8/8/6/4/27f00fe9-b2e1-42c8-b6f4-3b688c23c7b5.jpg","Tij Gayrienkul Danışmanlığı","WhatsApp","","https://hecdnnw.hemlak.com/mncropresize/77/67/logo/0/1/9/6/1/1/7c8f0e6a-d0ea-4375-8b3d-434cb0d728bf.jpg",""
"https://www.hepsiemlak.com/aydin-kusadasi-degirmendere-kiralik/daire/76272-1679","1 / 35","35.000","03/07/2026","Kusadasi Merkezde 2+1 Havuzlu Sitede Dubleks Kiralik Daire","Kiralık Daire","2 + 1","100 m²","Sıfır Bina","·","Kat","3. Kat","Aydın / Kuşadası / Değirmendere Mah.","https://www.hepsiemlak.com/_nuxt/8cafc93fb5c74c75e9e04e528e02ccdf.jpg","Last Point Gayrimenkul","WhatsApp","","https://www.hepsiemlak.com/_nuxt/8cafc93fb5c74c75e9e04e528e02ccdf.jpg",""
"https://www.hepsiemlak.com/aydin-kusadasi-guzelcamli-kiralik/villa/144118-258","1 / 28","65.000","07/09/2026","Behre Emlaktan Denize 100 Metre Kiralık Ortak Havuzlu Villa","Kiralık Villa","3 + 1","140 m²","6 Yaşında","·","Kat","","Aydın / Kuşadası / Güzelçamlı Mah.","https://www.hepsiemlak.com/_nuxt/8cafc93fb5c74c75e9e04e528e02ccdf.jpg","Behre Emlak","WhatsApp","","https://www.hepsiemlak.com/_nuxt/8cafc93fb5c74c75e9e04e528e02ccdf.jpg",""
"https://www.hepsiemlak.com/aydin-kusadasi-kirazli-kiralik/daire/135091-219","1 / 30","30.000","07/09/2026","Kiralık 3+1 Havuzlu Site İçinde","Kiralık Daire","3 + 1","140 m²","2 Yaşında","·","Kat","4. Kat","Aydın / Kuşadası / Kirazlı Mah.","https://www.hepsiemlak.com/_nuxt/8cafc93fb5c74c75e9e04e528e02ccdf.jpg","Ege Point Emlak","WhatsApp","Nejdet
                  Atik","","https://www.hepsiemlak.com/_nuxt/8cafc93fb5c74c75e9e04e528e02ccdf.jpg"
"https://www.hepsiemlak.com/aydin-efeler-guzelhisar-kiralik/daire/64143-2821","1 / 18","18.500","03/09/2026","Aydın Kiralık Kent Meydanına Yakın 1+1 Eşyalı Daire","Kiralık Daire","1 + 1","50 m²","6 Yaşında","·","Kat","1. Kat","Aydın / Efeler / Güzelhisar Mah.","https://www.hepsiemlak.com/_nuxt/8cafc93fb5c74c75e9e04e528e02ccdf.jpg","Alp Gayrimenkul","WhatsApp","Fevzi
                  Köse","https://www.hepsiemlak.com/_nuxt/8cafc93fb5c74c75e9e04e528e02ccdf.jpg","https://www.hepsiemlak.com/_nuxt/8cafc93fb5c74c75e9e04e528e02ccdf.jpg"
"https://www.hepsiemlak.com/aydin-incirliova-sandikli-kiralik/daire/5625-3348","1 / 27","37.500","13/08/2026","İncirliova Da Cadde Üzeri Sıfır Lüks 3+1 Daire","Kiralık Daire","3 + 1","165 m²","Sıfır Bina","·","Kat","1. Kat","Aydın / İncirliova / Sandıklı Mah.","https://www.hepsiemlak.com/_nuxt/8cafc93fb5c74c75e9e04e528e02ccdf.jpg","Sun Investment","WhatsApp","Sun
                  Investment","https://www.hepsiemlak.com/_nuxt/8cafc93fb5c74c75e9e04e528e02ccdf.jpg","https://www.hepsiemlak.com/_nuxt/8cafc93fb5c74c75e9e04e528e02ccdf.jpg"
"https://www.hepsiemlak.com/aydin-soke-celtikci-kiralik/daire/117333-831","1 / 25","20.000","17/08/2026","Çeltikçi Barış Yapıda Doğal Gazlı Kiralık Daire","Kiralık Daire","3 + 1","120 m²","31 Yaşında","·","Kat","4. Kat","Aydın / Söke / Çeltikçi Mah.","https://www.hepsiemlak.com/_nuxt/8cafc93fb5c74c75e9e04e528e02ccdf.jpg","Realty World Priene Gayrimenkul","WhatsApp","","https://www.hepsiemlak.com/_nuxt/8cafc93fb5c74c75e9e04e528e02ccdf.jpg",""
"https://www.hepsiemlak.com/aydin-efeler-guzelhisar-kiralik/daire/40599-4476","1 / 32","22.000","02/09/2026","Hb'den 2+1 Kiralık Daire,İşyeri,Tabelanıza Değer Katacak Lokasyn","Kiralık Daire","2 + 1","100 m²","30 Yaşında","·","Kat","6. Kat","Aydın / Efeler / Güzelhisar Mah.","https://www.hepsiemlak.com/_nuxt/8cafc93fb5c74c75e9e04e528e02ccdf.jpg","Hb Gayrimenkul","WhatsApp","","https://www.hepsiemlak.com/_nuxt/8cafc93fb5c74c75e9e04e528e02ccdf.jpg",""
"https://www.hepsiemlak.com/aydin-didim-cumhuriyet-kiralik/daire/124451-180","1 / 2","45.000","01/08/2026","Didim Merkezde Kiralık Ful Eşyalı 3+1 Asansörlü Dubleks","Kiralık Daire","3 + 1","130 m²","3 Yaşında","·","Kat","2. Kat","Aydın / Didim / Cumhuriyet Mah.","https://www.hepsiemlak.com/_nuxt/8cafc93fb5c74c75e9e04e528e02ccdf.jpg","New Optimum İnşaat","WhatsApp","","https://www.hepsiemlak.com/_nuxt/8cafc93fb5c74c75e9e04e528e02ccdf.jpg",""
"https://www.hepsiemlak.com/aydin-nazilli-isabeyli-kiralik/daire/160026-361","1 / 10","10.200","05/09/2026","Duru Emlaktan Full Eşyalı Kiralık Daire","Kiralık Daire","1 + 1","60 m²","5 Yaşında","·","Kat","1. Kat","Aydın / Nazilli / İsabeyli Mah.","https://www.hepsiemlak.com/_nuxt/8cafc93fb5c74c75e9e04e528e02ccdf.jpg","Duru Emlak","WhatsApp","","https://www.hepsiemlak.com/_nuxt/8cafc93fb5c74c75e9e04e528e02ccdf.jpg",""
"https://www.hepsiemlak.com/aydin-kusadasi-turkmen-kiralik/daire/0-46699984","1 / 12","40.000","30/08/2026","Kuşadası Marina Bölgesinde Full Eşyalı 2+1 Havuzlu Daire","Kiralık Daire","2 + 1","80 m²","16 Yaşında","·","Kat","2. Kat","Aydın / Kuşadası / Türkmen Mah.","https://www.hepsiemlak.com/_nuxt/8cafc93fb5c74c75e9e04e528e02ccdf.jpg","","WhatsApp","","",""
"https://www.hepsiemlak.com/aydin-efeler-cuma-kiralik/daire/0-45247543","1 / 12","25.000","01/08/2026","Sahibinden Kiralık Daire","Kiralık Daire","2 + 1","110 m²","10 Yaşında","·","Kat","4. Kat","Aydın / Efeler / Cuma Mah.","https://www.hepsiemlak.com/_nuxt/8cafc93fb5c74c75e9e04e528e02ccdf.jpg","","WhatsApp","","",""
"https://www.hepsiemlak.com/aydin-efeler-orta-kiralik/daire/163274-77","1 / 32","28.000","13/08/2026","Doğu Gazi Bulvarında 2+1 Dubleks Daire","Kiralık Daire","2 + 1","120 m²","11 Yaşında","·","Kat","4. Kat","Aydın / Efeler / Orta Mah.","https://www.hepsiemlak.com/_nuxt/8cafc93fb5c74c75e9e04e528e02ccdf.jpg","Erbaş Class Emlak & Gayrimenkul","WhatsApp","Melih
                  Erbaş","https://www.hepsiemlak.com/_nuxt/8cafc93fb5c74c75e9e04e528e02ccdf.jpg","https://www.hepsiemlak.com/_nuxt/8cafc93fb5c74c75e9e04e528e02ccdf.jpg"
"https://www.hepsiemlak.com/aydin-didim-efeler-kiralik/daire/148098-1160","1 / 15","21.000","26/08/2026","Dıdım Efeler Mahallesı Okullar Bölgesı'nde Ön Cephe 1+1 Kıralık","Kiralık Daire","1 + 1","60 m²","11 Yaşında","·","Kat","Yüksek Giriş","Aydın / Didim / Efeler Mah.","https://www.hepsiemlak.com/_nuxt/8cafc93fb5c74c75e9e04e528e02ccdf.jpg","Remax Cool","WhatsApp","","https://www.hepsiemlak.com/_nuxt/8cafc93fb5c74c75e9e04e528e02ccdf.jpg",""
"https://www.hepsiemlak.com/aydin-efeler-mesrutiyet-kiralik/daire/95910-2383","1 / 39","27.000","13/07/2026","Aydın Efeler Meşrutiyet Mah Kiralık 3+1 Daire","Kiralık Daire","3 + 1","145 m²","30 Yaşında","·","Kat","En Üst Kat","Aydın / Efeler / Meşrutiyet Mah.","https://www.hepsiemlak.com/_nuxt/8cafc93fb5c74c75e9e04e528e02ccdf.jpg","","WhatsApp","","",""
"https://www.hepsiemlak.com/aydin-nazilli-karacay-kiralik/mustakil-ev/137179-529","1 / 38","15.000","27/07/2026","Miray Emlaktan Karaçay Mahallesinde Müstakil 2+1 Eşyalı Daire","Kiralık Müstakil Ev","2 + 1","120 m²","25 Yaşında","·","Kat","","Aydın / Nazilli / Karaçay Mah.","https://www.hepsiemlak.com/_nuxt/8cafc93fb5c74c75e9e04e528e02ccdf.jpg","","WhatsApp","","",""
"https://www.hepsiemlak.com/aydin-efeler-ata-kiralik/daire/147624-273","1 / 21","22.500","25/07/2026","Ata Mahallesi 2+1 Doğalgazlı Sıfır Daire( Depozitosuz )","Kiralık Daire","2 + 1","90 m²","Sıfır Bina","·","Kat","2. Kat","Aydın / Efeler / Ata Mah.","https://www.hepsiemlak.com/_nuxt/8cafc93fb5c74c75e9e04e528e02ccdf.jpg","Eray Gider Gayrimenkul","WhatsApp","Eray
                  Gider","https://www.hepsiemlak.com/_nuxt/8cafc93fb5c74c75e9e04e528e02ccdf.jpg","https://www.hepsiemlak.com/_nuxt/8cafc93fb5c74c75e9e04e528e02ccdf.jpg"
"https://www.hepsiemlak.com/aydin-efeler-zafer-kiralik/daire/169362-65","1 / 12","22.000","09/09/2026","Vma Gayrimenkulden 1+1kiralık Daire","Kiralık Daire","1 + 1","60 m²","5 Yaşında","·","Kat","4. Kat","Aydın / Efeler / Zafer Mah.","https://www.hepsiemlak.com/_nuxt/8cafc93fb5c74c75e9e04e528e02ccdf.jpg","Vma Gayrimenkul","WhatsApp","","https://www.hepsiemlak.com/_nuxt/8cafc93fb5c74c75e9e04e528e02ccdf.jpg",""
"https://www.hepsiemlak.com/aydin-soke-celtikci-kiralik/daire/170486-51","","25.000","09/09/2026","Atakent Emlak'dan Site İçerisinde Eşyalı Kiralık Daire","Kiralık Daire","2 + 1","65 m²","6 Yaşında","·","Kat","2. Kat","Aydın / Söke / Çeltikçi Mah.","","Atakent Emlak","WhatsApp","","https://www.hepsiemlak.com/_nuxt/8cafc93fb5c74c75e9e04e528e02ccdf.jpg",""
"https://www.hepsiemlak.com/aydin-soke-yenikent-kiralik/daire/17794-1410","1 / 16","22.000","17/08/2026","Söke Konak Mh. Kiralık 1+1 Daire Veya Büro","Kiralık Daire","1 + 1","50 m²","Sıfır Bina","·","Kat","2. Kat","Aydın / Söke / Yenikent Mah.","https://www.hepsiemlak.com/_nuxt/8cafc93fb5c74c75e9e04e528e02ccdf.jpg","Özcan Emlak","WhatsApp","","https://www.hepsiemlak.com/_nuxt/8cafc93fb5c74c75e9e04e528e02ccdf.jpg",""
"https://www.hepsiemlak.com/aydin-soke-yenikent-kiralik/daire/0-45100609","1 / 11","26.000","30/07/2026","Sahibinden Universiteye 2 Dakikalik Yurume Mesafesinde","Kiralık Daire","2 + 1","70 m²","8 Yaşında","·","Kat","1. Kat","Aydın / Söke / Yenikent Mah.","https://www.hepsiemlak.com/_nuxt/8cafc93fb5c74c75e9e04e528e02ccdf.jpg","","WhatsApp","","",""
"https://www.hepsiemlak.com/aydin-cine-karakollar-kiralik/daire/170303-15","1 / 14","12.500","07/08/2026","Çine Karakollar Mahallesi Eşiyok Suites'te Kiralık 1+1 Daire","Kiralık Daire","1 + 1","70 m²","3 Yaşında","·","Kat","1. Kat","Aydın / Çine / Karakollar Mah.","","","WhatsApp","","",""
"https://www.hepsiemlak.com/aydin-efeler-mesrutiyet-kiralik/daire/124333-374","1 / 15","20.000","07/09/2026","Aygün Emlak Tan Kiralık","Kiralık Daire","1 + 1","55 m²","4 Yaşında","·","Kat","1. Kat","Aydın / Efeler / Meşrutiyet Mah.","https://hecdnnw.hemlak.com/mncropresize/77/67/logo/3/3/3/4/2/1/ac53c124-5df1-41c0-be25-5d66af4fa98d.jpg","Aygün Emlak","WhatsApp","","",""
"https://www.hepsiemlak.com/aydin-kusadasi-turkmen-kiralik/daire/51582-2718","1 / 32","45.000","25/08/2026","Kuşadası Marina Bölgesinde Manzaralı Kiralık Daire","Kiralık Daire","2 + 1","85 m²","26 Yaşında","·","Kat","2. Kat","Aydın / Kuşadası / Türkmen Mah.","https://hecdnnw.hemlak.com/mncropresize/77/67/logo/2/8/5/1/5/0/5538b84c-302c-4e0b-825a-7ac4f4099ce9.jpg","Yakamoz Emlak","WhatsApp","","",""
"https://www.hepsiemlak.com/aydin-efeler-kardeskoy-kiralik/daire/166523-82","1 / 25","20.000","04/09/2026","Aydın Efeler Kardeşköy Mahallesinde Kiralık 3+1 Daire","Kiralık Daire","3 + 1","145 m²","21 Yaşında","·","Kat","Yüksek Giriş","Aydın / Efeler / Kardeşköy Mah.","https://hecdn01.hemlak.com/mncropresize/182/137/ds01/6/9/8/3/2/0/7/4/36b88cec-9450-4a0b-b919-6abfdc4d6b67.jpg","Gürce Gayrimenkul","WhatsApp","","https://hecdnnw.hemlak.com/mncropresize/77/67/logo/3/2/5/6/6/1/88ee3ec1-724b-41db-9795-ee96e8c0ecef.jpg",""
"https://www.hepsiemlak.com/aydin-kusadasi-davutlar-kiralik/villa/122880-101","1 / 33","45.000","10/08/2026","Kuşadası Sevgi Plajı Ege Birlik 3 Sitesinde Kiralık Villa","Kiralık Villa","3 + 1","145 m²","6 Yaşında","·","Kat","Bahçe Katı","Aydın / Kuşadası / Davutlar Mah.","https://www.hepsiemlak.com/_nuxt/8cafc93fb5c74c75e9e04e528e02ccdf.jpg","Akg Ada Emlak","WhatsApp","","https://www.hepsiemlak.com/_nuxt/8cafc93fb5c74c75e9e04e528e02ccdf.jpg",""
"https://www.hepsiemlak.com/aydin-efeler-guzelhisar-kiralik/daire/124254-263","1 / 38","25.000","05/07/2026","Güzelhisar'da Adnan Menderes Bulvarı'na 30 Adım Kiralık Doğalgazlı 3+1!!!","Kiralık Daire","3 + 1","139 m²","35 Yaşında","·","Kat","2. Kat","Aydın / Efeler / Güzelhisar Mah.","https://www.hepsiemlak.com/_nuxt/8cafc93fb5c74c75e9e04e528e02ccdf.jpg","Gold Premıum Gayrimenkul","WhatsApp","","https://www.hepsiemlak.com/_nuxt/8cafc93fb5c74c75e9e04e528e02ccdf.jpg",""
"https://www.hepsiemlak.com/aydin-kusadasi-ege-kiralik/daire/141864-521","1 / 24","32.500","03/07/2026","Kuşadası Merkezde Doğalgazlı Eşyalı Kiralık 3+1 Ara Kat Daire","Kiralık Daire","3 + 1","120 m²","21 Yaşında","·","Kat","2. Kat","Aydın / Kuşadası / Ege Mah.","https://www.hepsiemlak.com/_nuxt/8cafc93fb5c74c75e9e04e528e02ccdf.jpg","Eku Gayrimenkul","WhatsApp","","https://www.hepsiemlak.com/_nuxt/8cafc93fb5c74c75e9e04e528e02ccdf.jpg",""
"https://www.hepsiemlak.com/aydin-efeler-zeybek-kiralik/residence/123511-875","1 / 35","40.000","08/07/2026","Aydın Zeybek'te Sıfır 3+1 Lüks Rezidans","Kiralık Residence","3 + 1","135 m²","Sıfır Bina","·","Kat","4. Kat","Aydın / Efeler / Zeybek Mah.","https://www.hepsiemlak.com/_nuxt/8cafc93fb5c74c75e9e04e528e02ccdf.jpg","Premar Class","WhatsApp","","https://www.hepsiemlak.com/_nuxt/8cafc93fb5c74c75e9e04e528e02ccdf.jpg",""
"https://www.hepsiemlak.com/aydin-kusadasi-davutlar-kiralik/daire/137394-164","1 / 35","25.000","06/07/2026","Kuşadası Davutlar'da Havuzlu Sitede Eşyalı 1+1 Kiralık Daire","Kiralık Daire","1 + 1","48 m²","5 Yaşında","·","Kat","4. Kat","Aydın / Kuşadası / Davutlar Mah.","https://www.hepsiemlak.com/_nuxt/8cafc93fb5c74c75e9e04e528e02ccdf.jpg","Ali Haydar Yıldız Gayrimenkul Danışmanlığı","WhatsApp","","https://www.hepsiemlak.com/_nuxt/8cafc93fb5c74c75e9e04e528e02ccdf.jpg",""
"https://www.hepsiemlak.com/aydin-efeler-zafer-kiralik/daire/78993-2120","1 / 16","17.000","06/09/2026","Pasha'dan Aydın Zafer Mah. Kiralık Eşyalı 1+1 Daire","Kiralık Daire","1 + 1","45 m²","5 Yaşında","·","Kat","1. Kat","Aydın / Efeler / Zafer Mah.","https://www.hepsiemlak.com/_nuxt/8cafc93fb5c74c75e9e04e528e02ccdf.jpg","Pasha Gayrimenkul","WhatsApp","","https://www.hepsiemlak.com/_nuxt/8cafc93fb5c74c75e9e04e528e02ccdf.jpg",""
"https://www.hepsiemlak.com/aydin-kusadasi-degirmendere-kiralik/daire/116890-3825","1 / 29","25.000","15/06/2026","Kuşadası Uydukent'te Deniz Manzaralı Boş Kiralık 2+1 Daire","Kiralık Daire","2 + 1","110 m²","15 Yaşında","·","Kat","12. Kat","Aydın / Kuşadası / Değirmendere Mah.","https://www.hepsiemlak.com/_nuxt/8cafc93fb5c74c75e9e04e528e02ccdf.jpg","Legend Living","WhatsApp","","https://www.hepsiemlak.com/_nuxt/8cafc93fb5c74c75e9e04e528e02ccdf.jpg",""
"https://www.hepsiemlak.com/aydin-didim-altinkum-kiralik/daire/0-46952908","1 / 10","24.000","16/07/2026","Didim - Yeşilkent Kiralık Daire","Kiralık Daire","2 + 1","70 m²","30 Yaşında","·","Kat","Teras Katı","Aydın / Didim / Altınkum Mah.","https://www.hepsiemlak.com/_nuxt/8cafc93fb5c74c75e9e04e528e02ccdf.jpg","","WhatsApp","","",""
"https://www.hepsiemlak.com/aydin-efeler-zafer-kiralik/daire/0-46763789","1 / 10","18.000","12/08/2026","Geniş Ferah 1+1 Daire","Kiralık Daire","1 + 1","110 m²","30 Yaşında","·","Kat","Zemin","Aydın / Efeler / Zafer Mah.","https://www.hepsiemlak.com/_nuxt/8cafc93fb5c74c75e9e04e528e02ccdf.jpg","","WhatsApp","","",""
"https://www.hepsiemlak.com/aydin-efeler-zafer-kiralik/daire/40599-4439","1 / 32","17.000","02/09/2026","Hb'den 2+0 Eşyalı Kiralık Daire,Doğalgazlı,Klimalı,Balkonlu,Ara Kat","Kiralık Daire","2 + 0","55 m²","12 Yaşında","·","Kat","2. Kat","Aydın / Efeler / Zafer Mah.","https://www.hepsiemlak.com/_nuxt/8cafc93fb5c74c75e9e04e528e02ccdf.jpg","Hb Gayrimenkul","WhatsApp","","https://www.hepsiemlak.com/_nuxt/8cafc93fb5c74c75e9e04e528e02ccdf.jpg",""
"https://www.hepsiemlak.com/aydin-nazilli-isabeyli-kiralik/daire/160026-360","1 / 10","12.200","04/09/2026","Duru Emlaktan 1+1 Eşyalı Kiralık Daire","Kiralık Daire","1 + 1","60 m²","5 Yaşında","·","Kat","2. Kat","Aydın / Nazilli / İsabeyli Mah.","https://www.hepsiemlak.com/_nuxt/8cafc93fb5c74c75e9e04e528e02ccdf.jpg","Duru Emlak","WhatsApp","","https://www.hepsiemlak.com/_nuxt/8cafc93fb5c74c75e9e04e528e02ccdf.jpg",""
"https://www.hepsiemlak.com/aydin-efeler-kurtulus-kiralik/daire/74626-199","1 / 24","20.000","30/07/2026","Aydın Efeler Kurtuluş Mahallesinde Kiralık Daire","Kiralık Daire","3 + 1","100 m²","40 Yaşında","·","Kat","1. Kat","Aydın / Efeler / Kurtuluş Mah.","https://www.hepsiemlak.com/_nuxt/8cafc93fb5c74c75e9e04e528e02ccdf.jpg","İmamoğlu Emlak Ofisi","WhatsApp","Levent
                  Balı","https://www.hepsiemlak.com/_nuxt/8cafc93fb5c74c75e9e04e528e02ccdf.jpg","https://www.hepsiemlak.com/_nuxt/8cafc93fb5c74c75e9e04e528e02ccdf.jpg"
"https://www.hepsiemlak.com/aydin-efeler-adnan-menderes-kiralik/daire/163274-76","1 / 37","24.000","01/09/2026","Adnan Menderes Mah. 3+1 Kiralık Daire","Kiralık Daire","3 + 1","135 m²","16 Yaşında","·","Kat","3. Kat","Aydın / Efeler / Adnan Menderes Mah.","https://www.hepsiemlak.com/_nuxt/8cafc93fb5c74c75e9e04e528e02ccdf.jpg","Erbaş Class Emlak & Gayrimenkul","WhatsApp","Melih
                  Erbaş","https://www.hepsiemlak.com/_nuxt/8cafc93fb5c74c75e9e04e528e02ccdf.jpg","https://www.hepsiemlak.com/_nuxt/8cafc93fb5c74c75e9e04e528e02ccdf.jpg"
"https://www.hepsiemlak.com/aydin-cine-sogancilar-kiralik/daire/0-47167807","1 / 9","17.000","30/08/2026","Sahibinden Kiralık 1+1","Kiralık Daire","1 + 1","100 m²","14 Yaşında","·","Kat","3. Kat","Aydın / Çine / Soğancılar Mah.","https://www.hepsiemlak.com/_nuxt/8cafc93fb5c74c75e9e04e528e02ccdf.jpg","","WhatsApp","","",""
"https://www.hepsiemlak.com/aydin-kusadasi-degirmendere-kiralik/daire/122059-945","1 / 5","45.000","03/09/2026","Kuşadası Değirmendere Mahallesi Eşyalı 2+1 Kiralık Daire","Kiralık Daire","2 + 1","110 m²","3 Yaşında","·","Kat","Bahçe Katı","Aydın / Kuşadası / Değirmendere Mah.","https://www.hepsiemlak.com/_nuxt/8cafc93fb5c74c75e9e04e528e02ccdf.jpg","Prime Gayrimenkul Yatırım","WhatsApp","","https://www.hepsiemlak.com/_nuxt/8cafc93fb5c74c75e9e04e528e02ccdf.jpg",""
"https://www.hepsiemlak.com/aydin-nazilli-isabeyli-kiralik/daire/107141-31","1 / 13","13.000","07/09/2026","İsabeyli Emlaktan Kiralık 1+1","Kiralık Daire","1 + 1","55 m²","6 Yaşında","·","Kat","3. Kat","Aydın / Nazilli / İsabeyli Mah.","https://www.hepsiemlak.com/_nuxt/8cafc93fb5c74c75e9e04e528e02ccdf.jpg","İsabeyli Emlak","WhatsApp","","https://www.hepsiemlak.com/_nuxt/8cafc93fb5c74c75e9e04e528e02ccdf.jpg",""
"https://www.hepsiemlak.com/aydin-kusadasi-kadinlar-denizi-kiralik/mustakil-ev/97893-590","1 / 6","25.000","28/08/2026","Eşyalı 2+1 Bahçe Katı Açıklama İlanda","Kiralık Müstakil Ev","2 + 1","80 m²","21 Yaşında","","","","Aydın / Kuşadası / Kadınlar Denizi Mah.","https://www.hepsiemlak.com/_nuxt/8cafc93fb5c74c75e9e04e528e02ccdf.jpg","Ada Avşar Gayrimenkul Danışmanlığı","WhatsApp","","https://www.hepsiemlak.com/_nuxt/8cafc93fb5c74c75e9e04e528e02ccdf.jpg",""
"https://www.hepsiemlak.com/aydin-soke-yenikent-kiralik/daire/17794-1411","1 / 15","25.000","17/08/2026","Söke Konak Mh. Kiralık 2+1 Daire Veya Büro","Kiralık Daire","2 + 1","60 m²","Sıfır Bina","·","Kat","1. Kat","Aydın / Söke / Yenikent Mah.","https://www.hepsiemlak.com/_nuxt/8cafc93fb5c74c75e9e04e528e02ccdf.jpg","Özcan Emlak","WhatsApp","","https://www.hepsiemlak.com/_nuxt/8cafc93fb5c74c75e9e04e528e02ccdf.jpg",""
"https://www.hepsiemlak.com/aydin-didim-altinkum-kiralik/daire/162293-171","1 / 22","32.000","08/09/2026","Altınkum Deniz Manzaralı 2+1 Kiralık Daire","Kiralık Daire","2 + 1","65 m²","11 Yaşında","·","Kat","1. Kat","Aydın / Didim / Altınkum Mah.","https://www.hepsiemlak.com/_nuxt/8cafc93fb5c74c75e9e04e528e02ccdf.jpg","Doğrusöz Emlak","WhatsApp","","https://www.hepsiemlak.com/_nuxt/8cafc93fb5c74c75e9e04e528e02ccdf.jpg",""
"https://www.hepsiemlak.com/aydin-didim-altinkum-kiralik/mustakil-ev/38648-4102","1 / 35","45.000","19/08/2026","Altınkum'da Havuzlu Site İçerisinde, Denize Yakın Kiralık Villa","Kiralık Müstakil Ev","3 + 1","120 m²","31 Yaşında","·","Kat","Bahçe Katı","Aydın / Didim / Altınkum Mah.","https://www.hepsiemlak.com/_nuxt/8cafc93fb5c74c75e9e04e528e02ccdf.jpg","S Realty Zeytin","WhatsApp","","https://www.hepsiemlak.com/_nuxt/8cafc93fb5c74c75e9e04e528e02ccdf.jpg",""
"https://www.hepsiemlak.com/aydin-kusadasi-turkmen-kiralik/daire/131922-421","1 / 15","50.000","25/07/2026","Ramada Kiralık 1+1 Eşyalı Daire","Kiralık Daire","1 + 1","65 m²","6 Yaşında","·","Kat","2. Kat","Aydın / Kuşadası / Türkmen Mah.","https://hecdnnw.hemlak.com/mncropresize/77/67/logo/2/2/9/1/3/1/72373410-833a-467b-9dc6-e3d5093f9fd3.jpg","Qr Qualıty Real Estate Gayrimenkul Hizmetleri","WhatsApp","","",""
"https://www.hepsiemlak.com/aydin-efeler-zafer-kiralik/daire/135805-400","1 / 20","17.000","05/09/2026","Derya Emlak Aydın Kiralık Full Eşyalı 1+1 Daire","Kiralık Daire","1 + 1","50 m²","11 Yaşında","·","Kat","4. Kat","Aydın / Efeler / Zafer Mah.","https://hecdnnw.hemlak.com/mncropresize/77/67/logo/5/0/8/5/3/1/38bb9c95-c014-47b3-a81a-85b993272cc9.jpg","Derya Emlak","WhatsApp","Ramazan
                  Göbek","https://hecdnnw.hemlak.com/mncropresize/77/67/firmuser/3/0/9/4/5/6/3/0fcb691c-c020-498d-8b2b-9348b8944855.jpg",""
"https://www.hepsiemlak.com/aydin-efeler-girne-kiralik/daire/95325-624","1 / 36","30.000","17/06/2026","Efeler Girne'de Kiralık 3+1 Doğalgazlı Daire","Kiralık Daire","3 + 1","140 m²","14 Yaşında","·","Kat","2. Kat","Aydın / Efeler / Girne Mah.","https://hecdnnw.hemlak.com/mncropresize/77/67/logo/5/2/3/5/9/0/8fc70d26-cbff-4b0e-9b76-5e567e1021de.PNG","Metropol Gayrimenkul","WhatsApp","","",""
"https://www.hepsiemlak.com/aydin-kusadasi-davutlar-kiralik/villa/129223-183","1 / 39","200.000","12/08/2026","Kuşadası Davutlar'da Denize 200m Kasım'a Kadar Kiralık 3+1 Villa","Kiralık Villa","3 + 1","200 m²","26 Yaşında","·","Kat","Bahçe Katı","Aydın / Kuşadası / Davutlar Mah.","https://hecdn01.hemlak.com/mncropresize/182/137/ds01/9/3/0/6/0/6/6/4/1068d028-897a-465d-a3ef-e137f244a22c.jpg","","WhatsApp","","",""
"https://www.hepsiemlak.com/aydin-kusadasi-karaova-kiralik/villa/145403-668","1 / 24","40.000","19/08/2026","Denize 250 Mt Mesafede Yaz Kış Kiralık Villalar","Kiralık Villa","3 + 1","130 m²","21 Yaşında","·","Kat","Bahçe Katı","Aydın / Kuşadası / Karaova Mah.","https://www.hepsiemlak.com/_nuxt/8cafc93fb5c74c75e9e04e528e02ccdf.jpg","Ada Address Gayrimenkul","WhatsApp","","https://www.hepsiemlak.com/_nuxt/8cafc93fb5c74c75e9e04e528e02ccdf.jpg",""
"https://www.hepsiemlak.com/aydin-soke-agacli-kiralik/daire/122880-80","1 / 17","25.000","27/06/2026","Kuşadası Ağaçlı Köyünde Kiralık 2+1 Eşyalı Daire","Kiralık Daire","2 + 1","85 m²","11 Yaşında","·","Kat","Giriş Katı","Aydın / Söke / Ağaçlı Mah.","https://www.hepsiemlak.com/_nuxt/8cafc93fb5c74c75e9e04e528e02ccdf.jpg","Akg Ada Emlak","WhatsApp","","https://www.hepsiemlak.com/_nuxt/8cafc93fb5c74c75e9e04e528e02ccdf.jpg",""
"https://www.hepsiemlak.com/aydin-efeler-mesrutiyet-kiralik/villa/124254-254","1 / 60","70.000","11/07/2026","İş Yeri İçin Bahçelievler'de Kiralık Dublex Villa","Kiralık Villa","3 + 1","304 m²","40 Yaşında","·","Kat","","Aydın / Efeler / Meşrutiyet Mah.","https://www.hepsiemlak.com/_nuxt/8cafc93fb5c74c75e9e04e528e02ccdf.jpg","Gold Premıum Gayrimenkul","WhatsApp","","https://www.hepsiemlak.com/_nuxt/8cafc93fb5c74c75e9e04e528e02ccdf.jpg",""
"https://www.hepsiemlak.com/aydin-didim-altinkum-kiralik/daire/130826-2400","1 / 19","42.000","31/07/2026","Altınkum Havuzlu Site Eşyalı Kiralık Daire","Kiralık Daire","2 + 1","75 m²","3 Yaşında","·","Kat","Yüksek Giriş","Aydın / Didim / Altınkum Mah.","https://www.hepsiemlak.com/_nuxt/8cafc93fb5c74c75e9e04e528e02ccdf.jpg","Turyap Didim Temsilciliği","WhatsApp","","https://www.hepsiemlak.com/_nuxt/8cafc93fb5c74c75e9e04e528e02ccdf.jpg",""
"https://www.hepsiemlak.com/aydin-soke-celtikci-kiralik/mustakil-ev/117333-842","1 / 20","28.000","29/08/2026","Aydın Söke Çeltikçi Mah.Kiralık Müstakil Dubleks Daire","Kiralık Müstakil Ev","3 + 1","170 m²","26 Yaşında","","","","Aydın / Söke / Çeltikçi Mah.","https://www.hepsiemlak.com/_nuxt/8cafc93fb5c74c75e9e04e528e02ccdf.jpg","Realty World Priene Gayrimenkul","WhatsApp","","https://www.hepsiemlak.com/_nuxt/8cafc93fb5c74c75e9e04e528e02ccdf.jpg",""
"https://www.hepsiemlak.com/aydin-soke-fevzipasa-kiralik/daire/170486-74","1 / 13","35.000","09/09/2026","Atakent Emlak'dan Geniş Ayrı Mutfak Kiralık Daire","Kiralık Daire","4 + 1","155 m²","6 Yaşında","·","Kat","4. Kat","Aydın / Söke / Fevzipaşa Mah.","https://www.hepsiemlak.com/_nuxt/8cafc93fb5c74c75e9e04e528e02ccdf.jpg","Atakent Emlak","WhatsApp","","https://www.hepsiemlak.com/_nuxt/8cafc93fb5c74c75e9e04e528e02ccdf.jpg",""
"https://www.hepsiemlak.com/aydin-nazilli-isabeyli-kiralik/daire/160026-358","1 / 10","13.000","04/09/2026","Duru Emlaktan 1+1 Full Eşyalı Kiralık Daire","Kiralık Daire","1 + 1","60 m²","6 Yaşında","·","Kat","1. Kat","Aydın / Nazilli / İsabeyli Mah.","https://www.hepsiemlak.com/_nuxt/8cafc93fb5c74c75e9e04e528e02ccdf.jpg","Duru Emlak","WhatsApp","","https://www.hepsiemlak.com/_nuxt/8cafc93fb5c74c75e9e04e528e02ccdf.jpg",""
"https://www.hepsiemlak.com/aydin-efeler-kurtulus-kiralik/daire/64143-2873","1 / 8","18.000","08/09/2026","Aydın Kiralık Kurtuluş Mahallesi'nde 2+1 Eşyalı Daire","Kiralık Daire","2 + 1","110 m²","21 Yaşında","·","Kat","2. Kat","Aydın / Efeler / Kurtuluş Mah.","https://www.hepsiemlak.com/_nuxt/8cafc93fb5c74c75e9e04e528e02ccdf.jpg","Alp Gayrimenkul","WhatsApp","Fevzi
                  Köse","https://www.hepsiemlak.com/_nuxt/8cafc93fb5c74c75e9e04e528e02ccdf.jpg","https://www.hepsiemlak.com/_nuxt/8cafc93fb5c74c75e9e04e528e02ccdf.jpg"
"https://www.hepsiemlak.com/aydin-efeler-zafer-kiralik/daire/169362-60","1 / 10","22.000","09/09/2026","Kiralık 1+1 Daire","Kiralık Daire","1 + 1","50 m²","5 Yaşında","·","Kat","Ara Kat","Aydın / Efeler / Zafer Mah.","https://www.hepsiemlak.com/_nuxt/8cafc93fb5c74c75e9e04e528e02ccdf.jpg","Vma Gayrimenkul","WhatsApp","","https://www.hepsiemlak.com/_nuxt/8cafc93fb5c74c75e9e04e528e02ccdf.jpg",""
"https://www.hepsiemlak.com/aydin-efeler-adnan-menderes-kiralik/daire/140573-2442","1 / 7","24.000","31/08/2026","Bulvar Yanında, Kiralık 2+1","Kiralık Daire","2 + 0","65 m²","6 Yaşında","·","Kat","1. Kat","Aydın / Efeler / Adnan Menderes Mah.","https://www.hepsiemlak.com/_nuxt/8cafc93fb5c74c75e9e04e528e02ccdf.jpg","Baran Emlak Fethiye","WhatsApp","","https://www.hepsiemlak.com/_nuxt/8cafc93fb5c74c75e9e04e528e02ccdf.jpg",""
"https://www.hepsiemlak.com/aydin-efeler-mesrutiyet-kiralik/daire/0-47213161","1 / 7","23.000","31/08/2026","Ful Eşyalı 1+1","Kiralık Daire","1 + 1","55 m²","7 Yaşında","·","Kat","4. Kat","Aydın / Efeler / Meşrutiyet Mah.","https://www.hepsiemlak.com/_nuxt/8cafc93fb5c74c75e9e04e528e02ccdf.jpg","","WhatsApp","","",""
"https://www.hepsiemlak.com/aydin-nazilli-yesil-kiralik/daire/144590-241","1 / 11","15.000","25/06/2026","Nazilli Yeşil Mah 1+1 Full Eşyalı Klimalı Balkonlu Kiralık Daire","Kiralık Daire","1 + 1","60 m²","5 Yaşında","·","Kat","6. Kat","Aydın / Nazilli / Yeşil Mah.","https://www.hepsiemlak.com/_nuxt/8cafc93fb5c74c75e9e04e528e02ccdf.jpg","Konut Emlak 2","WhatsApp","","https://www.hepsiemlak.com/_nuxt/8cafc93fb5c74c75e9e04e528e02ccdf.jpg",""
"https://www.hepsiemlak.com/aydin-efeler-zafer-kiralik/daire/40599-4537","1 / 28","20.000","21/08/2026","Hb'den 2+0 Kiralık Daire,Zafer'de Cadde Üzeri,Doğalgazlı,Klimalı","Kiralık Daire","2 + 0","60 m²","10 Yaşında","·","Kat","5. Kat","Aydın / Efeler / Zafer Mah.","https://www.hepsiemlak.com/_nuxt/8cafc93fb5c74c75e9e04e528e02ccdf.jpg","Hb Gayrimenkul","WhatsApp","","https://www.hepsiemlak.com/_nuxt/8cafc93fb5c74c75e9e04e528e02ccdf.jpg",""
"https://www.hepsiemlak.com/aydin-soke-kemalpasa-kiralik/daire/95207-898","1 / 20","35.000","01/09/2026","Kuşadası Golf'te Eşyalı 2+1 Deniz, Havuz Manzaralı Kiralık","Kiralık Daire","2 + 1","80 m²","11 Yaşında","·","Kat","2. Kat","Aydın / Söke / Kemalpaşa Mah.","https://www.hepsiemlak.com/_nuxt/8cafc93fb5c74c75e9e04e528e02ccdf.jpg","Startkey City","WhatsApp","","https://www.hepsiemlak.com/_nuxt/8cafc93fb5c74c75e9e04e528e02ccdf.jpg",""
"https://www.hepsiemlak.com/aydin-didim-efeler-kiralik/daire/123228-173","1 / 25","25.000","09/08/2026","Didim Merkezde Kiralık 2+1 Ayrı Mutfak Daire","Kiralık Daire","2 + 1","85 m²","11 Yaşında","·","Kat","3. Kat","Aydın / Didim / Efeler Mah.","https://www.hepsiemlak.com/_nuxt/8cafc93fb5c74c75e9e04e528e02ccdf.jpg","Ersu Gayrimenkul","WhatsApp","Fatma
                  Suh","https://www.hepsiemlak.com/_nuxt/8cafc93fb5c74c75e9e04e528e02ccdf.jpg","https://www.hepsiemlak.com/_nuxt/8cafc93fb5c74c75e9e04e528e02ccdf.jpg"
"https://www.hepsiemlak.com/aydin-kusadasi-karaova-kiralik/villa/104606-1497","1 / 32","35.000","20/07/2026","Efes 2-3 Evleri Nde Kiralık 3+1 Eşyasız Triplex Villa","Kiralık Villa","3 + 1","170 m²","15 Yaşında","·","Kat","","Aydın / Kuşadası / Karaova Mah.","https://www.hepsiemlak.com/_nuxt/8cafc93fb5c74c75e9e04e528e02ccdf.jpg","Coldwell Banker Ada","WhatsApp","","https://www.hepsiemlak.com/_nuxt/8cafc93fb5c74c75e9e04e528e02ccdf.jpg",""
"https://www.hepsiemlak.com/aydin-efeler-guzelhisar-kiralik/daire/160231-213","1 / 35","25.000","05/08/2026","Tued'den Çarşı İçinde Kiralık Daire","Kiralık Daire","2 + 1","70 m²","Sıfır Bina","·","Kat","2. Kat","Aydın / Efeler / Güzelhisar Mah.","https://www.hepsiemlak.com/_nuxt/8cafc93fb5c74c75e9e04e528e02ccdf.jpg","Tued Gayrimenkul","WhatsApp","Halil
                  Kaya","https://www.hepsiemlak.com/_nuxt/8cafc93fb5c74c75e9e04e528e02ccdf.jpg","https://www.hepsiemlak.com/_nuxt/8cafc93fb5c74c75e9e04e528e02ccdf.jpg"
"https://www.hepsiemlak.com/aydin-kusadasi-turkmen-kiralik/residence/131922-419","1 / 28","75.000","21/08/2026","Kuşadası Lena Konakları Kiralık 4+1 Daire","Kiralık Residence","4 + 1","220 m²","11 Yaşında","·","Kat","2. Kat","Aydın / Kuşadası / Türkmen Mah.","https://www.hepsiemlak.com/_nuxt/8cafc93fb5c74c75e9e04e528e02ccdf.jpg","Qr Qualıty Real Estate Gayrimenkul Hizmetleri","WhatsApp","","https://www.hepsiemlak.com/_nuxt/8cafc93fb5c74c75e9e04e528e02ccdf.jpg",""
"https://www.hepsiemlak.com/aydin-kusadasi-degirmendere-kiralik/daire/140367-516","1 / 17","23.000","07/09/2026","Kuşadası Uydukent Kanarya Sitesi Full Deniz Manzaralı Kiralık","Kiralık Daire","2 + 1","120 m²","11 Yaşında","·","Kat","6. Kat","Aydın / Kuşadası / Değirmendere Mah.","https://www.hepsiemlak.com/_nuxt/8cafc93fb5c74c75e9e04e528e02ccdf.jpg","","WhatsApp","","",""
"https://www.hepsiemlak.com/aydin-kusadasi-guzelcamli-kiralik/daire/134592-955","1 / 30","320.000","01/08/2026","Kuşadası Güzelçamlı'da Doğa Deniz Manzaralı Sezonluk Kiralık","Kiralık Daire","2 + 1","80 m²","3 Yaşında","·","Kat","2. Kat","Aydın / Kuşadası / Güzelçamlı Mah.","https://www.hepsiemlak.com/_nuxt/8cafc93fb5c74c75e9e04e528e02ccdf.jpg","Startkey Hayat Gayrimenkul","WhatsApp","","https://www.hepsiemlak.com/_nuxt/8cafc93fb5c74c75e9e04e528e02ccdf.jpg",""
"https://www.hepsiemlak.com/aydin-efeler-kardeskoy-kiralik/daire/135805-385","1 / 26","26.000","24/08/2026","Aydın Kardeşköy De Kiralık 2+1 Daire 149 M2","Kiralık Daire","2 + 1","149 m²","6 Yaşında","·","Kat","3. Kat","Aydın / Efeler / Kardeşköy Mah.","https://hecdnnw.hemlak.com/mncropresize/77/67/logo/5/0/8/5/3/1/38bb9c95-c014-47b3-a81a-85b993272cc9.jpg","Derya Emlak","WhatsApp","Ramazan
                  Göbek","https://hecdnnw.hemlak.com/mncropresize/77/67/firmuser/3/0/9/4/5/6/3/0fcb691c-c020-498d-8b2b-9348b8944855.jpg",""
"https://www.hepsiemlak.com/aydin-efeler-orta-kiralik/daire/95325-581","1 / 36","20.000","10/09/2026","Efeler'de Kiralık 2+1 Eşyalı Dubleks Daire","Kiralık Daire","2 + 1","75 m²","10 Yaşında","·","Kat","En Üst Kat","Aydın / Efeler / Orta Mah.","https://hecdnnw.hemlak.com/mncropresize/77/67/logo/5/2/3/5/9/0/8fc70d26-cbff-4b0e-9b76-5e567e1021de.PNG","Metropol Gayrimenkul","WhatsApp","","",""
"https://www.hepsiemlak.com/aydin-efeler-cumhuriyet-kiralik/daire/124254-53","1 / 40","35.000","02/09/2026","Şehrin Merkezinde Site İçerisinde Kiralık 3+1daire","Kiralık Daire","3 + 1","165 m²","20 Yaşında","·","Kat","En Üst Kat","Aydın / Efeler / Cumhuriyet Mah.","https://hecdnnw.hemlak.com/mncropresize/77/67/logo/4/5/2/4/2/1/2244ff31-a78a-4afc-9ebf-5671bb203e55.jpg","Gold Premıum Gayrimenkul","WhatsApp","","",""
"https://www.hepsiemlak.com/aydin-nazilli-isabeyli-kiralik/daire/7084-1318","1 / 14","19.000","19/08/2026","İsabeyli Üniversite Karşısı Dubleks 2+1 Doğalgazlı Eşyalı Daire","Kiralık Daire","2 + 1","91 m²","5 Yaşında","·","Kat","3. Kat","Aydın / Nazilli / İsabeyli Mah.","https://hecdn01.hemlak.com/mncropresize/182/137/ds01/0/0/0/9/5/7/5/4/f986b8c5-fd56-45f5-ab51-0ed8810c716e.jpg","","WhatsApp","","",""
"https://www.hepsiemlak.com/aydin-efeler-efeler-kiralik/daire/19625-6349","1 / 19","40.000","16/07/2026","Aydın Ege Emlak'tan Efeler Mah. İzmir Bul. Yakın 5+1 230m2 Kiralık Dubleks Daire","Kiralık Daire","5 + 1","235 m²","10 Yaşında","·","Kat","3. Kat","Aydın / Efeler / Efeler Mah.","https://www.hepsiemlak.com/_nuxt/8cafc93fb5c74c75e9e04e528e02ccdf.jpg","Ege Emlak","WhatsApp","","https://www.hepsiemlak.com/_nuxt/8cafc93fb5c74c75e9e04e528e02ccdf.jpg",""
"https://www.hepsiemlak.com/aydin-kusadasi-turkmen-kiralik/villa/115572-400","1 / 13","50.000","22/06/2026","Kuşadası Türkmen Mah. 3+1 Eşyalı Villa","Kiralık Villa","3 + 1","130 m²","31 Yaşında","·","Kat","Bahçe Katı","Aydın / Kuşadası / Türkmen Mah.","https://www.hepsiemlak.com/_nuxt/8cafc93fb5c74c75e9e04e528e02ccdf.jpg","Duayen Gayrimenkul Center","WhatsApp","","https://www.hepsiemlak.com/_nuxt/8cafc93fb5c74c75e9e04e528e02ccdf.jpg",""
"https://www.hepsiemlak.com/aydin-efeler-cuma-kiralik/daire/163274-69","1 / 13","25.000","13/08/2026","İlk Kiracısını Bekleyen Lüks Daire","Kiralık Daire","1 + 1","45 m²","Sıfır Bina","·","Kat","3. Kat","Aydın / Efeler / Cuma Mah.","https://www.hepsiemlak.com/_nuxt/8cafc93fb5c74c75e9e04e528e02ccdf.jpg","Erbaş Class Emlak & Gayrimenkul","WhatsApp","Melih
                  Erbaş","https://www.hepsiemlak.com/_nuxt/8cafc93fb5c74c75e9e04e528e02ccdf.jpg","https://www.hepsiemlak.com/_nuxt/8cafc93fb5c74c75e9e04e528e02ccdf.jpg"
"https://www.hepsiemlak.com/aydin-kusadasi-kadinlar-denizi-kiralik/daire/84929-15151","1 / 12","38.000","14/07/2026","Level61'den Kuşadası Kadınlar Denizi'nde 1+1 Kiralık Havuzlu Daire","Kiralık Daire","1 + 1","85 m²","6 Yaşında","·","Kat","2. Kat","Aydın / Kuşadası / Kadınlar Denizi Mah.","https://www.hepsiemlak.com/_nuxt/8cafc93fb5c74c75e9e04e528e02ccdf.jpg","Level 61","WhatsApp","","https://www.hepsiemlak.com/_nuxt/8cafc93fb5c74c75e9e04e528e02ccdf.jpg",""
"https://www.hepsiemlak.com/aydin-efeler-guzelhisar-kiralik/daire/31220-11271","1 / 17","38.000","10/08/2026","Kent Meydanı'nın Kalbinde | Önü Kapanmaz Manzaralı | 3+1 Asansörlü Geniş Daire","Kiralık Daire","3 + 1","150 m²","33 Yaşında","·","Kat","Çatı Katı","Aydın / Efeler / Güzelhisar Mah.","https://www.hepsiemlak.com/_nuxt/8cafc93fb5c74c75e9e04e528e02ccdf.jpg","Kw Alesta-viya-orsa 1","WhatsApp","","https://www.hepsiemlak.com/_nuxt/8cafc93fb5c74c75e9e04e528e02ccdf.jpg",""
"https://www.hepsiemlak.com/aydin-efeler-hasanefendi-ramazan-pasa-kiralik/daire/33165-330","1 / 17","25.000","17/06/2026","Hasan Efendi Mahallesinde Lüks Kiralik 1+1 İşyeri","Kiralık Daire","1 + 1","55 m²","1 Yaşında","·","Kat","Yüksek Giriş","Aydın / Efeler / Hasanefendi - Ramazan Paşa Mah.","https://www.hepsiemlak.com/_nuxt/8cafc93fb5c74c75e9e04e528e02ccdf.jpg","Ahu Emlak","WhatsApp","","https://www.hepsiemlak.com/_nuxt/8cafc93fb5c74c75e9e04e528e02ccdf.jpg",""
"https://www.hepsiemlak.com/aydin-efeler-cumhuriyet-kiralik/daire/98556-298","1 / 27","28.000","15/06/2026","Site İçerisinde Doğalgazı 3+1 Kiralık Daire","Kiralık Daire","3 + 1","190 m²","16 Yaşında","·","Kat","2. Kat","Aydın / Efeler / Cumhuriyet Mah.","https://www.hepsiemlak.com/_nuxt/8cafc93fb5c74c75e9e04e528e02ccdf.jpg","Elit Emlak Recep Şekerci","WhatsApp","","https://www.hepsiemlak.com/_nuxt/8cafc93fb5c74c75e9e04e528e02ccdf.jpg",""
"https://www.hepsiemlak.com/aydin-efeler-yedi-eylul-kiralik/daire/68088-1406","1 / 35","27.000","09/09/2026","Rw Alyans'tan Yedieylül Mah.De Dubleks Kiralık 3+1 Daire","Kiralık Daire","3 + 1","110 m²","21 Yaşında","·","Kat","3. Kat","Aydın / Efeler / Yedi Eylül Mah.","https://www.hepsiemlak.com/_nuxt/8cafc93fb5c74c75e9e04e528e02ccdf.jpg","Realty World Alyans Gayrimenkul","","","https://www.hepsiemlak.com/_nuxt/8cafc93fb5c74c75e9e04e528e02ccdf.jpg",""
"https://www.hepsiemlak.com/aydin-kusadasi-bayraklidede-kiralik/villa/28110-16394","1 / 57","89.000","02/08/2026","Kuşadası,Panoramik Deniz Manzaralı,Doğal Gazlı,Lüks ,Havuzlu Sitede,4+1 Villa","Kiralık Villa","4 + 1","280 m²","31 Yaşında","·","Kat","","Aydın / Kuşadası / Bayraklıdede Mah.","https://www.hepsiemlak.com/_nuxt/8cafc93fb5c74c75e9e04e528e02ccdf.jpg","Remax Pasha 1","WhatsApp","","https://www.hepsiemlak.com/_nuxt/8cafc93fb5c74c75e9e04e528e02ccdf.jpg",""
"https://www.hepsiemlak.com/aydin-bozdogan-yeni-kiralik/daire/165067-22","1 / 5","12.000","21/08/2026","Kiralık 1+1 Daire Aydın/bozdoğan/yeni Mahallede","Kiralık Daire","1 + 1","60 m²","3 Yaşında","·","Kat","Yüksek Giriş","Aydın / Bozdoğan / Yeni Mah.","https://www.hepsiemlak.com/_nuxt/8cafc93fb5c74c75e9e04e528e02ccdf.jpg","Bozdoğan Efe Emlak","WhatsApp","Emre
                  Çapacı","","https://www.hepsiemlak.com/_nuxt/8cafc93fb5c74c75e9e04e528e02ccdf.jpg"
"https://www.hepsiemlak.com/aydin-efeler-adnan-menderes-kiralik/daire/140573-2433","1 / 7","24.000","08/09/2026","Bulvar Yanında, Kiralık 2+1","Kiralık Daire","2 + 0","65 m²","6 Yaşında","·","Kat","1. Kat","Aydın / Efeler / Adnan Menderes Mah.","https://www.hepsiemlak.com/_nuxt/8cafc93fb5c74c75e9e04e528e02ccdf.jpg","Baran Emlak Fethiye","WhatsApp","","https://www.hepsiemlak.com/_nuxt/8cafc93fb5c74c75e9e04e528e02ccdf.jpg",""
"https://www.hepsiemlak.com/aydin-kusadasi-hacifeyzullah-kiralik/daire/104189-3973","1 / 11","25.000","01/09/2026","Kuşadası Merkezde Kiralık Eşyalı 2+1","Kiralık Daire","2 + 1","80 m²","30 Yaşında","·","Kat","Ara Kat","Aydın / Kuşadası / Hacıfeyzullah Mah.","https://www.hepsiemlak.com/_nuxt/8cafc93fb5c74c75e9e04e528e02ccdf.jpg","Egemen Gayrimenkul Kuşadası","WhatsApp","","https://www.hepsiemlak.com/_nuxt/8cafc93fb5c74c75e9e04e528e02ccdf.jpg",""
"https://www.hepsiemlak.com/aydin-nazilli-sirinevler-kiralik/daire/116952-271","1 / 11","15.000","25/08/2026","Aydın Nazilli Hürriyet Cd Ana Cadde Üzeri Arakat 1+1 Asansörlü Kiralık  Daire","Kiralık Daire","1 + 1","62 m²","8 Yaşında","·","Kat","Ara Kat","Aydın / Nazilli / Şirinevler Mah.","https://www.hepsiemlak.com/_nuxt/8cafc93fb5c74c75e9e04e528e02ccdf.jpg","","WhatsApp","","",""
"https://www.hepsiemlak.com/aydin-efeler-ata-kiralik/daire/125916-408","1 / 13","20.000","01/07/2026","Aydın Ata Mahallesinde Eşyalı 1+1 Kiralık Daire","Kiralık Daire","1 + 1","48 m²","7 Yaşında","·","Kat","Ara Kat","Aydın / Efeler / Ata Mah.","https://www.hepsiemlak.com/_nuxt/8cafc93fb5c74c75e9e04e528e02ccdf.jpg","Karadeniz Emlak","WhatsApp","","https://www.hepsiemlak.com/_nuxt/8cafc93fb5c74c75e9e04e528e02ccdf.jpg",""
"https://www.hepsiemlak.com/aydin-efeler-efeler-kiralik/daire/123511-870","1 / 25","25.000","16/07/2026","Aydın Alt Efelerde Kiralık2+1 Daire","Kiralık Daire","2 + 1","100 m²","11 Yaşında","·","Kat","Yüksek Giriş","Aydın / Efeler / Efeler Mah.","https://www.hepsiemlak.com/_nuxt/8cafc93fb5c74c75e9e04e528e02ccdf.jpg","Premar Class","WhatsApp","","https://www.hepsiemlak.com/_nuxt/8cafc93fb5c74c75e9e04e528e02ccdf.jpg",""
"https://www.hepsiemlak.com/aydin-efeler-cuma-kiralik/daire/32184-1283","1 / 9","13.000","17/07/2026","Aydın Kiralık 1+1 Cuma Mahallesi","Kiralık Daire","1 + 1","50 m²","8 Yaşında","·","Kat","1. Kat","Aydın / Efeler / Cuma Mah.","https://www.hepsiemlak.com/_nuxt/8cafc93fb5c74c75e9e04e528e02ccdf.jpg","Dervişoğlu Berke Emlak","WhatsApp","","https://www.hepsiemlak.com/_nuxt/8cafc93fb5c74c75e9e04e528e02ccdf.jpg",""
"https://www.hepsiemlak.com/aydin-kusadasi-degirmendere-kiralik/daire/153822-212","1 / 23","30.000","28/08/2026","Kuşadası Merkez Kirazlı Yolu Üzeri Eşyalı Kiralık 1+1 Daire..!","Kiralık Daire","1 + 1","60 m²","3 Yaşında","·","Kat","1. Kat","Aydın / Kuşadası / Değirmendere Mah.","https://www.hepsiemlak.com/_nuxt/8cafc93fb5c74c75e9e04e528e02ccdf.jpg","Altın Ada Gayrimenkul","WhatsApp","Dürdane
                  Özdemir","https://www.hepsiemlak.com/_nuxt/8cafc93fb5c74c75e9e04e528e02ccdf.jpg","https://www.hepsiemlak.com/_nuxt/8cafc93fb5c74c75e9e04e528e02ccdf.jpg"
"https://www.hepsiemlak.com/aydin-efeler-zafer-kiralik/daire/153824-340","1 / 15","15.500","09/08/2026","Altındiş | Zafer Mahallesinde Full Eşyalı Kiralık Daire","Kiralık Daire","1 + 1","45 m²","6 Yaşında","·","Kat","3. Kat","Aydın / Efeler / Zafer Mah.","https://www.hepsiemlak.com/_nuxt/8cafc93fb5c74c75e9e04e528e02ccdf.jpg","Altındiş Gayrimenkul Yatırım","WhatsApp","","https://www.hepsiemlak.com/_nuxt/8cafc93fb5c74c75e9e04e528e02ccdf.jpg",""
"https://www.hepsiemlak.com/aydin-kusadasi-camikebir-kiralik/daire/131922-413","1 / 39","55.000","20/07/2026","Kuşadası Merkez'de Dublex Kiralık Yalı Dairesi","Kiralık Daire","3 + 1","160 m²","26 Yaşında","·","Kat","5. Kat","Aydın / Kuşadası / Camikebir Mah.","https://www.hepsiemlak.com/_nuxt/8cafc93fb5c74c75e9e04e528e02ccdf.jpg","Qr Qualıty Real Estate Gayrimenkul Hizmetleri","WhatsApp","","https://www.hepsiemlak.com/_nuxt/8cafc93fb5c74c75e9e04e528e02ccdf.jpg",""
"https://www.hepsiemlak.com/aydin-efeler-kemer-kiralik/residence/160231-171","1 / 35","55.000","09/07/2026","Elite Yaşam Fırsatı: 3+1 Full Donanımlı Lüks Rezidans","Kiralık Residence","3 + 1","175 m²","6 Yaşında","·","Kat","1. Kat","Aydın / Efeler / Kemer Mah.","https://www.hepsiemlak.com/_nuxt/8cafc93fb5c74c75e9e04e528e02ccdf.jpg","Tued Gayrimenkul","WhatsApp","","https://www.hepsiemlak.com/_nuxt/8cafc93fb5c74c75e9e04e528e02ccdf.jpg",""
"https://www.hepsiemlak.com/aydin-efeler-fatih-kiralik/daire/135805-357","1 / 47","40.000","05/09/2026","Aydın Kiralık Fatih Mahallesi 5+1 Dubleks Daire","Kiralık Daire","5 + 1","202 m²","6 Yaşında","·","Kat","4. Kat","Aydın / Efeler / Fatih Mah.","https://hecdnnw.hemlak.com/mncropresize/77/67/logo/5/0/8/5/3/1/38bb9c95-c014-47b3-a81a-85b993272cc9.jpg","Derya Emlak","WhatsApp","Ramazan
                  Göbek","https://hecdnnw.hemlak.com/mncropresize/77/67/firmuser/3/0/9/4/5/6/3/0fcb691c-c020-498d-8b2b-9348b8944855.jpg",""
"https://www.hepsiemlak.com/aydin-efeler-hasanefendi-ramazan-pasa-kiralik/daire/64143-2824","1 / 35","35.000","24/08/2026","Aydın Kiralık Hasanefendi Mah 3+1 Daire","Kiralık Daire","3 + 1","140 m²","26 Yaşında","·","Kat","3. Kat","Aydın / Efeler / Hasanefendi - Ramazan Paşa Mah.","https://hecdnnw.hemlak.com/mncropresize/77/67/logo/3/4/1/4/6/0/15e0e5c5-5e5e-4f70-a90e-7bafb07f249e.jpg","Alp Gayrimenkul","WhatsApp","Fevzi
                  Köse","https://hecdnnw.hemlak.com/mncropresize/77/67/firmuser/2/1/9/7/5/1/1/4eca8949-0d50-40ac-ae6f-f3f7ea4fb183.png",""
"https://www.hepsiemlak.com/aydin-efeler-zafer-kiralik/daire/40599-4562","1 / 26","18.000","02/09/2026","Hb'den 1+1 Eşyalı Kiralık Daire,Zafer'de Doğalgazlı,Klimalı","Kiralık Daire","1 + 1","55 m²","10 Yaşında","·","Kat","4. Kat","Aydın / Efeler / Zafer Mah.","https://hecdnnw.hemlak.com/mncropresize/77/67/logo/9/9/5/0/4/0/8d577b10-7de9-458a-a645-468b4f92d230.jpg","Hb Gayrimenkul","WhatsApp","","",""
"https://www.hepsiemlak.com/aydin-kusadasi-davutlar-kiralik/yazlik/90930-3671","1 / 19","40.000","30/06/2026","Sahil Sitelerinde Havuzlu Sitede 3+1 Kiralık Yazlık","Kiralık Yazlık","3 + 1","140 m²","22 Yaşında","·","Kat","Villa Katı","Aydın / Kuşadası / Davutlar Mah.","https://hecdn01.hemlak.com/mncropresize/182/137/ds01/7/1/8/0/5/8/6/4/80129c98-544e-409a-aded-3a755117d210.jpg","Villamarine Emlak Ve Gayrimenkul","WhatsApp","","https://hecdnnw.hemlak.com/mncropresize/77/67/logo/0/3/9/0/9/0/1ce9b2d1-0589-4805-8907-96a8acfca848.png",""
"https://www.hepsiemlak.com/aydin-kusadasi-guzelcamli-kiralik/daire/134592-965","1 / 14","320.000","01/08/2026","Güzelçamlı'da Sezonluk 1+1 Kiralık","Kiralık Daire","1 + 1","86 m²","3 Yaşında","·","Kat","3. Kat","Aydın / Kuşadası / Güzelçamlı Mah.","https://www.hepsiemlak.com/_nuxt/8cafc93fb5c74c75e9e04e528e02ccdf.jpg","Startkey Hayat Gayrimenkul","WhatsApp","","https://www.hepsiemlak.com/_nuxt/8cafc93fb5c74c75e9e04e528e02ccdf.jpg",""
"https://www.hepsiemlak.com/aydin-efeler-hasanefendi-ramazan-pasa-kiralik/daire/33165-329","1 / 17","23.000","29/06/2026","Hasan Efendi Mahallesinde Lüks 2+1 Kiralik Daire","Kiralık Daire","2 + 1","90 m²","7 Yaşında","·","Kat","Ara Kat","Aydın / Efeler / Hasanefendi - Ramazan Paşa Mah.","https://www.hepsiemlak.com/_nuxt/8cafc93fb5c74c75e9e04e528e02ccdf.jpg","Ahu Emlak","WhatsApp","","https://www.hepsiemlak.com/_nuxt/8cafc93fb5c74c75e9e04e528e02ccdf.jpg",""
"https://www.hepsiemlak.com/aydin-nazilli-sumer-kiralik/daire/124111-244","1 / 22","17.000","26/06/2026","Hürriyet Cd. Üzerinde 1+1 Full Eşyalı Sıfır Daire","Kiralık Daire","1 + 1","65 m²","Sıfır Bina","·","Kat","4. Kat","Aydın / Nazilli / Sümer Mah.","https://www.hepsiemlak.com/_nuxt/8cafc93fb5c74c75e9e04e528e02ccdf.jpg","Ege Royal Yapı","WhatsApp","Ege Royal
                  Yapı","","https://www.hepsiemlak.com/_nuxt/8cafc93fb5c74c75e9e04e528e02ccdf.jpg"
"https://www.hepsiemlak.com/aydin-efeler-kardeskoy-kiralik/villa/79589-1406","1 / 39","105.000","06/09/2026","Güvenlikli Site İçerisinde Geniş Bahçeli Havuzlu Müstakil Villa","Kiralık Villa","5 + 1","700 m²","6 Yaşında","·","Kat","","Aydın / Efeler / Kardeşköy Mah.","https://www.hepsiemlak.com/_nuxt/8cafc93fb5c74c75e9e04e528e02ccdf.jpg","Ege Ayyıldız Gayrimenkul","WhatsApp","Fatih
                  Erol","https://www.hepsiemlak.com/_nuxt/8cafc93fb5c74c75e9e04e528e02ccdf.jpg","https://www.hepsiemlak.com/_nuxt/8cafc93fb5c74c75e9e04e528e02ccdf.jpg"
"https://www.hepsiemlak.com/aydin-kusadasi-turkmen-kiralik/daire/129223-201","1 / 27","35.000","10/07/2026","Kuşadası Türkmen'de Eşyalı, Bahçeli Kiralık 2+1 Daire","Kiralık Daire","2 + 1","130 m²","26 Yaşında","·","Kat","Bahçe Katı","Aydın / Kuşadası / Türkmen Mah.","https://www.hepsiemlak.com/_nuxt/8cafc93fb5c74c75e9e04e528e02ccdf.jpg","","WhatsApp","","",""
"https://www.hepsiemlak.com/aydin-efeler-efeler-kiralik/daire/68088-1403","1 / 35","25.000","02/09/2026","Rw Alyans'tan Üst Efeler'de Doğalgazlı Kiralık 3+1 Daire","Kiralık Daire","3 + 1","120 m²","26 Yaşında","·","Kat","3. Kat","Aydın / Efeler / Efeler Mah.","https://www.hepsiemlak.com/_nuxt/8cafc93fb5c74c75e9e04e528e02ccdf.jpg","Realty World Alyans Gayrimenkul","WhatsApp","","https://www.hepsiemlak.com/_nuxt/8cafc93fb5c74c75e9e04e528e02ccdf.jpg",""
"https://www.hepsiemlak.com/aydin-kusadasi-hacifeyzullah-kiralik/daire/28110-16389","1 / 44","33.000","09/09/2026","Kuşadası Merkez  De 3+1 Doğalgazlı Kiralık Daire 3 Tarafında Yeşil Alan Ferah","Kiralık Daire","3 + 1","125 m²","25 Yaşında","·","Kat","3. Kat","Aydın / Kuşadası / Hacıfeyzullah Mah.","https://www.hepsiemlak.com/_nuxt/8cafc93fb5c74c75e9e04e528e02ccdf.jpg","Remax Pasha 1","WhatsApp","","https://www.hepsiemlak.com/_nuxt/8cafc93fb5c74c75e9e04e528e02ccdf.jpg",""
"https://www.hepsiemlak.com/aydin-kusadasi-davutlar-kiralik/daire/159226-96","1 / 9","23.000","05/09/2026","Davutlar Merkezde Site İçerisinde Eşyalı Kiralık 1+1 Daire","Kiralık Daire","1 + 1","50 m²","5 Yaşında","·","Kat","2. Kat","Aydın / Kuşadası / Davutlar Mah.","https://www.hepsiemlak.com/_nuxt/8cafc93fb5c74c75e9e04e528e02ccdf.jpg","Bimas Gayrimenkul","WhatsApp","","https://www.hepsiemlak.com/_nuxt/8cafc93fb5c74c75e9e04e528e02ccdf.jpg",""
"https://www.hepsiemlak.com/aydin-kusadasi-degirmendere-kiralik/daire/162627-315","1 / 23","35.000","25/08/2026","Değirmendere Mah De Deniz Manzarlı Kiralık 2+1 Daire !!","Kiralık Daire","2 + 1","120 m²","5 Yaşında","·","Kat","3. Kat","Aydın / Kuşadası / Değirmendere Mah.","https://www.hepsiemlak.com/_nuxt/8cafc93fb5c74c75e9e04e528e02ccdf.jpg","İsabet Kuşadası Gayrimenkul","WhatsApp","Abdülkadir
                  Taluğ","https://www.hepsiemlak.com/_nuxt/8cafc93fb5c74c75e9e04e528e02ccdf.jpg","https://www.hepsiemlak.com/_nuxt/8cafc93fb5c74c75e9e04e528e02ccdf.jpg"
"https://www.hepsiemlak.com/aydin-efeler-cuma-kiralik/daire/128861-481","1 / 43","23.500","08/08/2026","Kiralık 3+1 145 Metrekare Doğalgazlı Asansörlü","Kiralık Daire","3 + 1","155 m²","20 Yaşında","·","Kat","En Üst Kat","Aydın / Efeler / Cuma Mah.","https://www.hepsiemlak.com/_nuxt/8cafc93fb5c74c75e9e04e528e02ccdf.jpg","Evfon Altınkonak Gayrimenkul","WhatsApp","Rabia
                  Mayda","https://www.hepsiemlak.com/_nuxt/8cafc93fb5c74c75e9e04e528e02ccdf.jpg","https://www.hepsiemlak.com/_nuxt/8cafc93fb5c74c75e9e04e528e02ccdf.jpg"
"https://www.hepsiemlak.com/aydin-efeler-efeler-kiralik/daire/153824-333","1 / 29","24.000","03/09/2026","Aydın Efeler' De Kiralık 3+1 Ferah Köşe Daire","Kiralık Daire","3 + 1","123 m²","26 Yaşında","·","Kat","4. Kat","Aydın / Efeler / Efeler Mah.","https://www.hepsiemlak.com/_nuxt/8cafc93fb5c74c75e9e04e528e02ccdf.jpg","Altındiş Gayrimenkul Yatırım","WhatsApp","","https://www.hepsiemlak.com/_nuxt/8cafc93fb5c74c75e9e04e528e02ccdf.jpg",""
"https://www.hepsiemlak.com/aydin-nazilli-isabeyli-kiralik/daire/134615-912","1 / 21","14.000","25/08/2026","Dyg Danışmanlık Hizmetlerinden Kiralık 2+1 Eşyalı Daire","Kiralık Daire","2 + 1","70 m²","6 Yaşında","·","Kat","2. Kat","Aydın / Nazilli / İsabeyli Mah.","https://www.hepsiemlak.com/_nuxt/8cafc93fb5c74c75e9e04e528e02ccdf.jpg","Dyg Danışmanlık Hizmetleri","WhatsApp","Avni
                  Demir","","https://www.hepsiemlak.com/_nuxt/8cafc93fb5c74c75e9e04e528e02ccdf.jpg"
"https://www.hepsiemlak.com/aydin-nazilli-isabeyli-kiralik/daire/101059-590","1 / 16","12.000","03/07/2026","İsabeyli'de Kampüse 200 Mt Mesafede 1+1 Eşyalı Kiralık Daire","Kiralık Daire","1 + 1","50 m²","7 Yaşında","·","Kat","1. Kat","Aydın / Nazilli / İsabeyli Mah.","https://www.hepsiemlak.com/_nuxt/8cafc93fb5c74c75e9e04e528e02ccdf.jpg","Emlak Vadisi","WhatsApp","","https://www.hepsiemlak.com/_nuxt/8cafc93fb5c74c75e9e04e528e02ccdf.jpg",""
"https://www.hepsiemlak.com/aydin-efeler-mimar-sinan-kiralik/daire/160231-170","1 / 22","30.000","23/07/2026","Tued'den Mimar Sinan Mahallesinde 3+1 Kiralık Daire","Kiralık Daire","3 + 1","135 m²","Sıfır Bina","·","Kat","1. Kat","Aydın / Efeler / Mimar Sinan Mah.","https://www.hepsiemlak.com/_nuxt/8cafc93fb5c74c75e9e04e528e02ccdf.jpg","Tued Gayrimenkul","WhatsApp","","https://www.hepsiemlak.com/_nuxt/8cafc93fb5c74c75e9e04e528e02ccdf.jpg",""
"https://www.hepsiemlak.com/aydin-kusadasi-davutlar-kiralik/daire/135728-1164","1 / 29","21.000","26/08/2026","Davutlar Merkezde Ön Cephe Asansörlü Kiralık 1+1","Kiralık Daire","1 + 1","60 m²","Sıfır Bina","·","Kat","3. Kat","Aydın / Kuşadası / Davutlar Mah.","https://www.hepsiemlak.com/_nuxt/8cafc93fb5c74c75e9e04e528e02ccdf.jpg","Elit Ada Gayrimenkul","WhatsApp","Umut
                  Hülakü","https://www.hepsiemlak.com/_nuxt/8cafc93fb5c74c75e9e04e528e02ccdf.jpg","https://www.hepsiemlak.com/_nuxt/8cafc93fb5c74c75e9e04e528e02ccdf.jpg"
"https://www.hepsiemlak.com/aydin-kusadasi-ege-kiralik/daire/153822-207","1 / 40","45.000","23/06/2026","Kuşadası Ege Mah Merkezde Acil Kiralık Daire","Kiralık Daire","3 + 1","170 m²","11 Yaşında","·","Kat","2. Kat","Aydın / Kuşadası / Ege Mah.","https://www.hepsiemlak.com/_nuxt/8cafc93fb5c74c75e9e04e528e02ccdf.jpg","Altın Ada Gayrimenkul","WhatsApp","Dürdane
                  Özdemir","https://www.hepsiemlak.com/_nuxt/8cafc93fb5c74c75e9e04e528e02ccdf.jpg","https://www.hepsiemlak.com/_nuxt/8cafc93fb5c74c75e9e04e528e02ccdf.jpg"
"https://www.hepsiemlak.com/aydin-efeler-orta-kiralik/daire/131789-196","1 / 24","13.500","27/07/2026","Aydın, Efeler, 10 Yaş Site İçindeki Eşyalı Evimiz Sizi Bekliyor. C2","Kiralık Daire","Stüdyo","45 m²","10 Yaşında","·","Kat","1. Kat","Aydın / Efeler / Orta Mah.","https://www.hepsiemlak.com/_nuxt/8cafc93fb5c74c75e9e04e528e02ccdf.jpg","","WhatsApp","","",""
"https://www.hepsiemlak.com/aydin-kusadasi-hacifeyzullah-kiralik/daire/163665-12","1 / 33","25.000","05/07/2026","Kuşadası Merkeze Yakın Doğa Deniz Şehir Manzaralı Kiralık 1+1","Kiralık Daire","1 + 1","50 m²","Sıfır Bina","·","Kat","3. Kat","Aydın / Kuşadası / Hacıfeyzullah Mah.","https://www.hepsiemlak.com/_nuxt/8cafc93fb5c74c75e9e04e528e02ccdf.jpg","","WhatsApp","","",""
"https://www.hepsiemlak.com/aydin-efeler-guzelhisar-kiralik/daire/135805-350","1 / 20","25.000","20/07/2026","Aydın Kiralık 3+1 Daire Doğalgaz , Asansörlü","Kiralık Daire","3 + 1","145 m²","21 Yaşında","·","Kat","7. Kat","Aydın / Efeler / Güzelhisar Mah.","https://www.hepsiemlak.com/_nuxt/8cafc93fb5c74c75e9e04e528e02ccdf.jpg","Derya Emlak","WhatsApp","Ramazan
                  Göbek","https://www.hepsiemlak.com/_nuxt/8cafc93fb5c74c75e9e04e528e02ccdf.jpg","https://www.hepsiemlak.com/_nuxt/8cafc93fb5c74c75e9e04e528e02ccdf.jpg"
"https://www.hepsiemlak.com/aydin-efeler-kurtulus-kiralik/daire/40599-4513","1 / 26","20.000","31/08/2026","Hb'den 1+1 Eşyalı Kiralık Daire, Kurtuluş Mahallesi, Doğalgazlı","Kiralık Daire","1 + 1","50 m²","10 Yaşında","·","Kat","1. Kat","Aydın / Efeler / Kurtuluş Mah.","https://www.hepsiemlak.com/_nuxt/8cafc93fb5c74c75e9e04e528e02ccdf.jpg","Hb Gayrimenkul","WhatsApp","","https://www.hepsiemlak.com/_nuxt/8cafc93fb5c74c75e9e04e528e02ccdf.jpg",""
"https://www.hepsiemlak.com/aydin-kusadasi-guzelcamli-kiralik/daire/0-47010422","1 / 12","24.500","28/08/2026","Sahibinden Eşyalı Kiralık","Kiralık Daire","3 + 1","120 m²","8 Yaşında","·","Kat","Çatı Katı","Aydın / Kuşadası / Güzelçamlı Mah.","","","","","",""
"https://www.hepsiemlak.com/aydin-kusadasi-degirmendere-kiralik/daire/134592-866","1 / 11","35.000","01/08/2026","Kuşadası Kiralık Sıfır 1+1 Eşyalı Daire","Kiralık Daire","1 + 1","45 m²","1 Yaşında","·","Kat","1. Kat","Aydın / Kuşadası / Değirmendere Mah.","https://hecdnnw.hemlak.com/mncropresize/77/67/logo/2/9/5/4/3/1/1fc89126-0aa5-4996-9926-68819e6d7b40.jpg","Startkey Hayat Gayrimenkul","WhatsApp","","",""
"https://www.hepsiemlak.com/aydin-soke-celtikci-kiralik/daire/17794-1424","1 / 25","20.000","11/08/2026","Söke Çeltikçi Mh. Kiralık 3+1 Daire","Kiralık Daire","3 + 1","120 m²","40 Yaşında","·","Kat","4. Kat","Aydın / Söke / Çeltikçi Mah.","https://hecdnnw.hemlak.com/mncropresize/77/67/logo/4/9/7/7/1/0/f73e6414-a82d-47eb-bd6f-4b00c6412c9e.jpg","Özcan Emlak","WhatsApp","","",""
"https://www.hepsiemlak.com/aydin-kusadasi-davutlar-kiralik/daire/28110-16407","1 / 26","23.000","28/07/2026","Kuşadası/davutlar Merkezde Eşyalı Kiralık 1+1 Daire","Kiralık Daire","1 + 1","50 m²","4 Yaşında","·","Kat","1. Kat","Aydın / Kuşadası / Davutlar Mah.","https://hecdn01.hemlak.com/mncropresize/182/137/ds01/5/7/4/4/9/9/6/4/653127de-8663-4253-839b-f764e251b7f8.jpg","Remax Pasha 1","WhatsApp","","https://hecdnnw.hemlak.com/mncropresize/77/67/logo/0/1/1/8/2/0/7381bd77-e794-4821-bcfc-f4159c352ac9.jpg",""
"https://www.hepsiemlak.com/aydin-kusadasi-hacifeyzullah-kiralik/daire/84929-15083","1 / 30","42.500","16/06/2026","Kuşadası Merkezde Yeni Sitede 2+1 Kiralık Daire","Kiralık Daire","2 + 1","90 m²","Sıfır Bina","·","Kat","Bahçe Katı","Aydın / Kuşadası / Hacıfeyzullah Mah.","https://www.hepsiemlak.com/_nuxt/8cafc93fb5c74c75e9e04e528e02ccdf.jpg","Level 61","WhatsApp","","https://www.hepsiemlak.com/_nuxt/8cafc93fb5c74c75e9e04e528e02ccdf.jpg",""
"https://www.hepsiemlak.com/aydin-efeler-guzelhisar-kiralik/daire/71291-2954","1 / 9","18.000","31/07/2026","Güzelhisar Mah.De Ara Kat Esyali Klimali Ve Asansör Lu 1+1 Kiralik Daire","Kiralık Daire","1 + 1","55 m²","8 Yaşında","·","Kat","2. Kat","Aydın / Efeler / Güzelhisar Mah.","https://www.hepsiemlak.com/_nuxt/8cafc93fb5c74c75e9e04e528e02ccdf.jpg","Gazi Emlak","WhatsApp","İrfan
                  Gümüş","https://www.hepsiemlak.com/_nuxt/8cafc93fb5c74c75e9e04e528e02ccdf.jpg","https://www.hepsiemlak.com/_nuxt/8cafc93fb5c74c75e9e04e528e02ccdf.jpg"
"https://www.hepsiemlak.com/aydin-efeler-orta-kiralik/daire/131814-384","1 / 20","30.000","12/08/2026","2+1 Dublex Sıfır Daire Doğalgazlı Yerden Isıtma","Kiralık Daire","2 + 1","100 m²","Sıfır Bina","·","Kat","3. Kat","Aydın / Efeler / Orta Mah.","https://www.hepsiemlak.com/_nuxt/8cafc93fb5c74c75e9e04e528e02ccdf.jpg","Konak Gayrimenkul","WhatsApp","","https://www.hepsiemlak.com/_nuxt/8cafc93fb5c74c75e9e04e528e02ccdf.jpg",""
"https://www.hepsiemlak.com/aydin-efeler-zeybek-kiralik/daire/128861-475","1 / 23","28.500","19/08/2026","Kiralık Geniş 1+1 Site İçerisinde 60 Metrekare Full Eşyalı Oturuma Hazır Daire","Kiralık Daire","1 + 1","65 m²","3 Yaşında","·","Kat","Ara Kat","Aydın / Efeler / Zeybek Mah.","https://www.hepsiemlak.com/_nuxt/8cafc93fb5c74c75e9e04e528e02ccdf.jpg","Evfon Altınkonak Gayrimenkul","WhatsApp","Rabia
                  Mayda","https://www.hepsiemlak.com/_nuxt/8cafc93fb5c74c75e9e04e528e02ccdf.jpg","https://www.hepsiemlak.com/_nuxt/8cafc93fb5c74c75e9e04e528e02ccdf.jpg"
"https://www.hepsiemlak.com/aydin-kusadasi-bayraklidede-kiralik/villa/130030-889","1 / 21","75.000","22/07/2026","Kuşadası'nda Devamlı Kiralık Eşyalı Yazlık","Kiralık Villa","3 + 1","160 m²","16 Yaşında","·","Kat","Bahçe Katı","Aydın / Kuşadası / Bayraklıdede Mah.","https://www.hepsiemlak.com/_nuxt/8cafc93fb5c74c75e9e04e528e02ccdf.jpg","Cihan Gayrimenkul Kuşadası","WhatsApp","Cihan
                  Erdoğan","https://www.hepsiemlak.com/_nuxt/8cafc93fb5c74c75e9e04e528e02ccdf.jpg","https://www.hepsiemlak.com/_nuxt/8cafc93fb5c74c75e9e04e528e02ccdf.jpg"
"https://www.hepsiemlak.com/aydin-efeler-zafer-kiralik/daire/124098-187","1 / 45","15.000","05/09/2026","Aydın Zafer Mah 1+1 Açık Mutfak Ara Kat Kiralık","Kiralık Daire","1 + 1","65 m²","6 Yaşında","·","Kat","3. Kat","Aydın / Efeler / Zafer Mah.","https://www.hepsiemlak.com/_nuxt/8cafc93fb5c74c75e9e04e528e02ccdf.jpg","Kaçmaz Emlak","WhatsApp","","https://www.hepsiemlak.com/_nuxt/8cafc93fb5c74c75e9e04e528e02ccdf.jpg",""
"https://www.hepsiemlak.com/aydin-kusadasi-kadikalesi-kiralik/villa/153822-200","1 / 38","55.000","07/09/2026","Kuşadası Plaja 300 Metre Eşyalı Kiralık 3+1 Villa..!!","Kiralık Villa","3 + 1","200 m²","16 Yaşında","·","Kat","","Aydın / Kuşadası / Kadıkalesi Mah.","https://www.hepsiemlak.com/_nuxt/8cafc93fb5c74c75e9e04e528e02ccdf.jpg","Altın Ada Gayrimenkul","WhatsApp","Dürdane
                  Özdemir","https://www.hepsiemlak.com/_nuxt/8cafc93fb5c74c75e9e04e528e02ccdf.jpg","https://www.hepsiemlak.com/_nuxt/8cafc93fb5c74c75e9e04e528e02ccdf.jpg"
"https://www.hepsiemlak.com/aydin-efeler-orta-kiralik/daire/106586-132","1 / 27","17.500","26/06/2026","Egeligroup/kiralık Aydın Efelerde/full Eşyalı Konforlu 1+1 Daire","Kiralık Daire","1 + 1","55 m²","3 Yaşında","·","Kat","3. Kat","Aydın / Efeler / Orta Mah.","https://www.hepsiemlak.com/_nuxt/8cafc93fb5c74c75e9e04e528e02ccdf.jpg","Egeli Group Gayrimenkul","WhatsApp","Fatih
                  Erönemi","https://www.hepsiemlak.com/_nuxt/8cafc93fb5c74c75e9e04e528e02ccdf.jpg","https://www.hepsiemlak.com/_nuxt/8cafc93fb5c74c75e9e04e528e02ccdf.jpg"
"https://www.hepsiemlak.com/aydin-kusadasi-degirmendere-kiralik/villa/162627-253","1 / 35","180.000","08/09/2026","Tek Mustakil Özel Havuzlu Full Eşyalı Kiralık Villa","Kiralık Villa","4 + 1","280 m²","1 Yaşında","·","Kat","","Aydın / Kuşadası / Değirmendere Mah.","https://www.hepsiemlak.com/_nuxt/8cafc93fb5c74c75e9e04e528e02ccdf.jpg","İsabet Kuşadası Gayrimenkul","WhatsApp","Abdülkadir
                  Taluğ","https://www.hepsiemlak.com/_nuxt/8cafc93fb5c74c75e9e04e528e02ccdf.jpg","https://www.hepsiemlak.com/_nuxt/8cafc93fb5c74c75e9e04e528e02ccdf.jpg"
"https://www.hepsiemlak.com/aydin-nazilli-isabeyli-kiralik/daire/134615-776","1 / 46","20.000","25/07/2026","3+1 Doğalgazlı Kiralık Daire","Kiralık Daire","3 + 1","135 m²","14 Yaşında","·","Kat","Yüksek Giriş","Aydın / Nazilli / İsabeyli Mah.","https://www.hepsiemlak.com/_nuxt/8cafc93fb5c74c75e9e04e528e02ccdf.jpg","Dyg Danışmanlık Hizmetleri","WhatsApp","Avni
                  Demir","","https://www.hepsiemlak.com/_nuxt/8cafc93fb5c74c75e9e04e528e02ccdf.jpg"
"https://www.hepsiemlak.com/aydin-nazilli-isabeyli-kiralik/daire/124111-284","1 / 19","18.000","09/09/2026","İsabeyli Kampüs Yolu Üzeri Sıfır 1+1 Daire","Kiralık Daire","1 + 1","55 m²","Sıfır Bina","·","Kat","2. Kat","Aydın / Nazilli / İsabeyli Mah.","https://www.hepsiemlak.com/_nuxt/8cafc93fb5c74c75e9e04e528e02ccdf.jpg","Ege Royal Yapı","WhatsApp","Ege Royal
                  Yapı","","https://www.hepsiemlak.com/_nuxt/8cafc93fb5c74c75e9e04e528e02ccdf.jpg"
"https://www.hepsiemlak.com/aydin-soke-yenikent-kiralik/daire/97893-580","1 / 12","20.000","10/09/2026","Eşyalı 1+1 Kiralık Daire","Kiralık Daire","1 + 1","45 m²","6 Yaşında","·","Kat","Yüksek Giriş","Aydın / Söke / Yenikent Mah.","https://www.hepsiemlak.com/_nuxt/8cafc93fb5c74c75e9e04e528e02ccdf.jpg","Ada Avşar Gayrimenkul Danışmanlığı","WhatsApp","","https://www.hepsiemlak.com/_nuxt/8cafc93fb5c74c75e9e04e528e02ccdf.jpg",""
"https://www.hepsiemlak.com/aydin-efeler-cumhuriyet-kiralik/daire/169618-49","1 / 33","35.000","27/07/2026","Rw Alyanstan Cumhuriyet Mhde Kiralık 3+1 Daire","Kiralık Daire","3 + 1","140 m²","16 Yaşında","·","Kat","4. Kat","Aydın / Efeler / Cumhuriyet Mah.","https://www.hepsiemlak.com/_nuxt/8cafc93fb5c74c75e9e04e528e02ccdf.jpg","Realtyworld Alyans","WhatsApp","Hüseyin
                  Albayrak","https://www.hepsiemlak.com/_nuxt/8cafc93fb5c74c75e9e04e528e02ccdf.jpg","https://www.hepsiemlak.com/_nuxt/8cafc93fb5c74c75e9e04e528e02ccdf.jpg"
"https://www.hepsiemlak.com/aydin-kusadasi-davutlar-kiralik/villa/121414-2243","1 / 37","45.000","06/08/2026","Kuşadası Davutlar Sahilde Eşyalı Kiralık Villa","Kiralık Villa","3 + 1","200 m²","6 Yaşında","·","Kat","Bahçe Katı","Aydın / Kuşadası / Davutlar Mah.","https://www.hepsiemlak.com/_nuxt/8cafc93fb5c74c75e9e04e528e02ccdf.jpg","","WhatsApp","","",""
"https://www.hepsiemlak.com/aydin-didim-camlik-kiralik/daire/98510-34","1 / 19","30.000","31/08/2026","Didim’de Kiralık 3+1 Ayrı Mutfak Çamlık Mahallesinde","Kiralık Daire","2 + 1","95 m²","25 Yaşında","·","Kat","Ara Kat","Aydın / Didim / Çamlık Mah.","https://www.hepsiemlak.com/_nuxt/8cafc93fb5c74c75e9e04e528e02ccdf.jpg","Canan Gayrimenkul","WhatsApp","","https://www.hepsiemlak.com/_nuxt/8cafc93fb5c74c75e9e04e528e02ccdf.jpg",""
"https://www.hepsiemlak.com/aydin-kusadasi-davutlar-kiralik/daire/132513-436","1 / 22","25.000","18/07/2026","Davutlar Merkezde Havuzlu Site De Kiralık Daire","Kiralık Daire","2 + 1","100 m²","4 Yaşında","·","Kat","Yüksek Giriş","Aydın / Kuşadası / Davutlar Mah.","https://www.hepsiemlak.com/_nuxt/8cafc93fb5c74c75e9e04e528e02ccdf.jpg","Gold Life Cengiz Emlak","WhatsApp","","https://www.hepsiemlak.com/_nuxt/8cafc93fb5c74c75e9e04e528e02ccdf.jpg",""
"https://www.hepsiemlak.com/aydin-kusadasi-davutlar-kiralik/villa/160912-72","1 / 23","38.500","08/09/2026","Kuşadası Davutlar Merkezi Konum Site İçi Havuzlu Kiralık Yazlık","Kiralık Villa","2 + 1","150 m²","4 Yaşında","·","Kat","","Aydın / Kuşadası / Davutlar Mah.","https://www.hepsiemlak.com/_nuxt/8cafc93fb5c74c75e9e04e528e02ccdf.jpg","Turyap Kuşadası Ege Nexus","WhatsApp","","https://www.hepsiemlak.com/_nuxt/8cafc93fb5c74c75e9e04e528e02ccdf.jpg",""
"https://www.hepsiemlak.com/aydin-efeler-mimar-sinan-kiralik/villa/98556-375","1 / 18","85.000","17/08/2026","Mimar Sinan Mahallesi Kiralık 4+1 Villa","Kiralık Villa","4 + 1","300 m²","11 Yaşında","·","Kat","Bahçe Katı","Aydın / Efeler / Mimar Sinan Mah.","https://www.hepsiemlak.com/_nuxt/8cafc93fb5c74c75e9e04e528e02ccdf.jpg","Elit Emlak Recep Şekerci","WhatsApp","","https://www.hepsiemlak.com/_nuxt/8cafc93fb5c74c75e9e04e528e02ccdf.jpg",""
"https://www.hepsiemlak.com/aydin-kusadasi-degirmendere-kiralik/daire/104189-3952","1 / 27","25.000","31/08/2026","Kuşadası Garaj Arkası Kiralık 1+1 Daire","Kiralık Daire","1 + 1","55 m²","5 Yaşında","·","Kat","Bodrum","Aydın / Kuşadası / Değirmendere Mah.","https://www.hepsiemlak.com/_nuxt/8cafc93fb5c74c75e9e04e528e02ccdf.jpg","Egemen Gayrimenkul Kuşadası","WhatsApp","","https://www.hepsiemlak.com/_nuxt/8cafc93fb5c74c75e9e04e528e02ccdf.jpg",""
"https://www.hepsiemlak.com/aydin-efeler-zeybek-kiralik/daire/68088-1387","1 / 35","18.000","31/08/2026","Rw Alyans'tan Toki Konutlarında Ara Kat Kiralık 2+1 Daire","Kiralık Daire","2 + 1","90 m²","16 Yaşında","·","Kat","6. Kat","Aydın / Efeler / Zeybek Mah.","https://www.hepsiemlak.com/_nuxt/8cafc93fb5c74c75e9e04e528e02ccdf.jpg","Realty World Alyans Gayrimenkul","","","https://www.hepsiemlak.com/_nuxt/8cafc93fb5c74c75e9e04e528e02ccdf.jpg",""
"https://www.hepsiemlak.com/aydin-efeler-zafer-kiralik/daire/40599-4427","1 / 21","15.000","25/08/2026","Hb'den 1+1 Kiralık Daire,Zafer Mah'de Eşyalı ,Klimalı","Kiralık Daire","1 + 1","55 m²","8 Yaşında","·","Kat","4. Kat","Aydın / Efeler / Zafer Mah.","https://hecdnnw.hemlak.com/mncropresize/77/67/logo/9/9/5/0/4/0/8d577b10-7de9-458a-a645-468b4f92d230.jpg","Hb Gayrimenkul","WhatsApp","","",""
"https://www.hepsiemlak.com/aydin-nazilli-yildiztepe-kiralik/daire/163523-83","1 / 12","17.500","09/08/2026","Şentürk Gayrimenkul | 2+1 | Doğalgazlı |arakat| Merkezi Lokasyon","Kiralık Daire","2 + 1","110 m²","6 Yaşında","·","Kat","2. Kat","Aydın / Nazilli / Yıldıztepe Mah.","https://hecdnnw.hemlak.com/mncropresize/77/67/logo/3/2/5/3/6/1/9b67bf6b-ca4f-4032-aaf7-09c82cefd57b.jpg","Şentürk Gayrimenkul","WhatsApp","","",""
"https://www.hepsiemlak.com/aydin-efeler-zafer-kiralik/daire/159596-64","1 / 12","18.000","22/07/2026","Aydın Zafer Mahallesinde Kiralık 1+1 Daire","Kiralık Daire","1 + 1","52 m²","5 Yaşında","·","Kat","1. Kat","Aydın / Efeler / Zafer Mah.","","Yüksel Gayrimenkul","WhatsApp","Mustafa
                  Yüksel","https://hecdnnw.hemlak.com/mncropresize/77/67/firmuser/0/7/9/9/5/4/4/8f1a44f9-9e88-4d8d-831c-8da4bf03369b.jpg",""
"https://www.hepsiemlak.com/aydin-efeler-mesrutiyet-kiralik/daire/0-47093895","1 / 10","18.000","11/08/2026","Sahibinden Kiralık","Kiralık Daire","2 + 1","55 m²","6 Yaşında","·","Kat","1. Kat","Aydın / Efeler / Meşrutiyet Mah.","https://hecdn01.hemlak.com/mncropresize/182/137/ds01/5/9/8/3/9/0/7/4/1786402137919-47093895.jpg","","","","",""
"https://www.hepsiemlak.com/aydin-nazilli-karacay-kiralik/daire/101059-593","1 / 13","17.000","11/07/2026","Karaçay Mah.'de Dörtyol Meydanda Eşyalı 1+1 Kiralık Daire","Kiralık Daire","1 + 1","45 m²","7 Yaşında","·","Kat","2. Kat","Aydın / Nazilli / Karaçay Mah.","https://www.hepsiemlak.com/_nuxt/8cafc93fb5c74c75e9e04e528e02ccdf.jpg","Emlak Vadisi","WhatsApp","","https://www.hepsiemlak.com/_nuxt/8cafc93fb5c74c75e9e04e528e02ccdf.jpg",""
"https://www.hepsiemlak.com/aydin-efeler-kurtulus-kiralik/daire/135805-387","1 / 13","15.000","19/08/2026","Aydın Kiralık 1+1 Daire 58 Metrekare","Kiralık Daire","1 + 1","58 m²","5 Yaşında","·","Kat","1. Kat","Aydın / Efeler / Kurtuluş Mah.","https://www.hepsiemlak.com/_nuxt/8cafc93fb5c74c75e9e04e528e02ccdf.jpg","Derya Emlak","WhatsApp","Ramazan
                  Göbek","https://www.hepsiemlak.com/_nuxt/8cafc93fb5c74c75e9e04e528e02ccdf.jpg","https://www.hepsiemlak.com/_nuxt/8cafc93fb5c74c75e9e04e528e02ccdf.jpg"
"https://www.hepsiemlak.com/aydin-kusadasi-ikicesmelik-kiralik/daire/104606-1511","1 / 9","33.500","31/07/2026","Kuşadası'nda Kiralık 2+1 Eşyalı Daire","Kiralık Daire","2 + 1","90 m²","15 Yaşında","·","Kat","Ara Kat","Aydın / Kuşadası / İkiçeşmelik Mah.","https://www.hepsiemlak.com/_nuxt/8cafc93fb5c74c75e9e04e528e02ccdf.jpg","Coldwell Banker Ada","WhatsApp","","https://www.hepsiemlak.com/_nuxt/8cafc93fb5c74c75e9e04e528e02ccdf.jpg",""
"https://www.hepsiemlak.com/aydin-kusadasi-davutlar-kiralik/daire/143901-308","1 / 15","20.000","03/08/2026","Kuşadası Davutlar Merkezde Öğrenciye 10 Aylık Eşyalı Kiralık","Kiralık Daire","3 + 1","120 m²","31 Yaşında","·","Kat","4. Kat","Aydın / Kuşadası / Davutlar Mah.","https://www.hepsiemlak.com/_nuxt/8cafc93fb5c74c75e9e04e528e02ccdf.jpg","Network Ada Plus Gayrimenkul","WhatsApp","Barış
                  Şalbaş","https://www.hepsiemlak.com/_nuxt/8cafc93fb5c74c75e9e04e528e02ccdf.jpg","https://www.hepsiemlak.com/_nuxt/8cafc93fb5c74c75e9e04e528e02ccdf.jpg"
"https://www.hepsiemlak.com/aydin-efeler-girne-kiralik/daire/128861-474","1 / 27","28.000","06/08/2026","Girne Mahallesi Arakat 2+0 Mutfaklı 55 Metrekare Doğalgazlı Asansörlü Otoparklı Full Eşyalı","Kiralık Daire","2 + 1","60 m²","5 Yaşında","·","Kat","Ara Kat","Aydın / Efeler / Girne Mah.","https://www.hepsiemlak.com/_nuxt/8cafc93fb5c74c75e9e04e528e02ccdf.jpg","Evfon Altınkonak Gayrimenkul","WhatsApp","Rabia
                  Mayda","https://www.hepsiemlak.com/_nuxt/8cafc93fb5c74c75e9e04e528e02ccdf.jpg","https://www.hepsiemlak.com/_nuxt/8cafc93fb5c74c75e9e04e528e02ccdf.jpg"
"https://www.hepsiemlak.com/aydin-kusadasi-davutlar-kiralik/daire/153822-191","1 / 25","160.000","09/07/2026","Kuşadası Plaja 50 Metre 105 Günlük Sezonluk Kiralık 2+1 Daire..","Kiralık Daire","2 + 1","85 m²","26 Yaşında","·","Kat","2. Kat","Aydın / Kuşadası / Davutlar Mah.","https://www.hepsiemlak.com/_nuxt/8cafc93fb5c74c75e9e04e528e02ccdf.jpg","Altın Ada Gayrimenkul","WhatsApp","Dürdane
                  Özdemir","https://www.hepsiemlak.com/_nuxt/8cafc93fb5c74c75e9e04e528e02ccdf.jpg","https://www.hepsiemlak.com/_nuxt/8cafc93fb5c74c75e9e04e528e02ccdf.jpg"
"https://www.hepsiemlak.com/aydin-efeler-kardeskoy-kiralik/mustakil-ev/106586-88","1 / 35","110.000","08/09/2026","Egeligroup/kardeşköyde Kiralık 4+1 Full Eşyalı Müstakil Ev","Kiralık Müstakil Ev","4 + 1","240 m²","11 Yaşında","","","","Aydın / Efeler / Kardeşköy Mah.","https://www.hepsiemlak.com/_nuxt/8cafc93fb5c74c75e9e04e528e02ccdf.jpg","Egeli Group Gayrimenkul","WhatsApp","Fatih
                  Erönemi","https://www.hepsiemlak.com/_nuxt/8cafc93fb5c74c75e9e04e528e02ccdf.jpg","https://www.hepsiemlak.com/_nuxt/8cafc93fb5c74c75e9e04e528e02ccdf.jpg"
"https://www.hepsiemlak.com/aydin-kusadasi-karaova-kiralik/villa/28110-16382","1 / 25","95.000","15/07/2026","Sezonluk Kıralık Özel Yüzme Havuzlu Vılla","Kiralık Villa","3 + 1","145 m²","19 Yaşında","·","Kat","","Aydın / Kuşadası / Karaova Mah.","https://www.hepsiemlak.com/_nuxt/8cafc93fb5c74c75e9e04e528e02ccdf.jpg","Remax Pasha 1","WhatsApp","Seher
                  Arslanboğa","https://www.hepsiemlak.com/_nuxt/8cafc93fb5c74c75e9e04e528e02ccdf.jpg","https://www.hepsiemlak.com/_nuxt/8cafc93fb5c74c75e9e04e528e02ccdf.jpg"
"https://www.hepsiemlak.com/aydin-nazilli-isabeyli-kiralik/daire/123971-1100","1 / 24","15.000","11/08/2026","Aydın Nazilli İsabeyli Mahallesinde Doğalgazlı Kiralık 1+1 Daire","Kiralık Daire","1 + 1","55 m²","2 Yaşında","·","Kat","2. Kat","Aydın / Nazilli / İsabeyli Mah.","https://www.hepsiemlak.com/_nuxt/8cafc93fb5c74c75e9e04e528e02ccdf.jpg","Parador Gayrimenkul","WhatsApp","Selin
                  Girgin","https://www.hepsiemlak.com/_nuxt/8cafc93fb5c74c75e9e04e528e02ccdf.jpg","https://www.hepsiemlak.com/_nuxt/8cafc93fb5c74c75e9e04e528e02ccdf.jpg"
"https://www.hepsiemlak.com/aydin-kusadasi-davutlar-kiralik/daire/135091-227","1 / 13","30.000","07/08/2026","Davutlar'da Kiralık Eşyalı Bahçe Katı 1+1","Kiralık Daire","1 + 1","60 m²","6 Yaşında","·","Kat","Bahçe Katı","Aydın / Kuşadası / Davutlar Mah.","https://www.hepsiemlak.com/_nuxt/8cafc93fb5c74c75e9e04e528e02ccdf.jpg","Ege Point Emlak","WhatsApp","Nejdet
                  Atik","","https://www.hepsiemlak.com/_nuxt/8cafc93fb5c74c75e9e04e528e02ccdf.jpg"
"https://www.hepsiemlak.com/aydin-nazilli-yeni-kiralik/daire/144590-243","1 / 32","17.000","07/07/2026","Konut Emlaktan Yeni Mahallede 3+1 Kiralık Daire","Kiralık Daire","3 + 1","150 m²","11 Yaşında","·","Kat","3. Kat","Aydın / Nazilli / Yeni Mah.","https://www.hepsiemlak.com/_nuxt/8cafc93fb5c74c75e9e04e528e02ccdf.jpg","Konut Emlak 2","WhatsApp","","https://www.hepsiemlak.com/_nuxt/8cafc93fb5c74c75e9e04e528e02ccdf.jpg",""
"https://www.hepsiemlak.com/aydin-nazilli-isabeyli-kiralik/daire/107141-26","1 / 18","13.500","06/08/2026","İsabeyli Emlaktan Kiralık","Kiralık Daire","1 + 1","55 m²","6 Yaşında","·","Kat","2. Kat","Aydın / Nazilli / İsabeyli Mah.","https://www.hepsiemlak.com/_nuxt/8cafc93fb5c74c75e9e04e528e02ccdf.jpg","İsabeyli Emlak","WhatsApp","","https://www.hepsiemlak.com/_nuxt/8cafc93fb5c74c75e9e04e528e02ccdf.jpg",""
"https://www.hepsiemlak.com/aydin-kusadasi-davutlar-kiralik/daire/137394-156","1 / 17","20.000","21/08/2026","Kuşadası Davutlar Merkezde Kiralık 2+1 Kaloriferli Daire","Kiralık Daire","2 + 1","75 m²","6 Yaşında","·","Kat","Yüksek Giriş","Aydın / Kuşadası / Davutlar Mah.","https://www.hepsiemlak.com/_nuxt/8cafc93fb5c74c75e9e04e528e02ccdf.jpg","Ali Haydar Yıldız Gayrimenkul Danışmanlığı","WhatsApp","","https://www.hepsiemlak.com/_nuxt/8cafc93fb5c74c75e9e04e528e02ccdf.jpg",""
"https://www.hepsiemlak.com/aydin-nazilli-turan-kiralik/daire/0-46867154","1 / 9","26.000","08/09/2026","Sahibinden Turan Mahallesinde Lüks Daire","Kiralık Daire","3 + 1","165 m²","8 Yaşında","·","Kat","2. Kat","Aydın / Nazilli / Turan Mah.","https://www.hepsiemlak.com/_nuxt/8cafc93fb5c74c75e9e04e528e02ccdf.jpg","","WhatsApp","","",""
"https://www.hepsiemlak.com/aydin-efeler-mesrutiyet-kiralik/daire/71291-2926","1 / 7","17.000","17/08/2026","Devlet Has.Ögretmen Evi,Dis Has.,Mesrutiyet Mah Bolgesinde , Eşyalı,D.Gazli,Klimali,Ara Kat.","Kiralık Daire","1 + 1","50 m²","7 Yaşında","·","Kat","2. Kat","Aydın / Efeler / Meşrutiyet Mah.","https://www.hepsiemlak.com/_nuxt/8cafc93fb5c74c75e9e04e528e02ccdf.jpg","Gazi Emlak","WhatsApp","İrfan
                  Gümüş","https://www.hepsiemlak.com/_nuxt/8cafc93fb5c74c75e9e04e528e02ccdf.jpg","https://www.hepsiemlak.com/_nuxt/8cafc93fb5c74c75e9e04e528e02ccdf.jpg"
"https://www.hepsiemlak.com/aydin-efeler-efeler-kiralik/daire/68088-1386","1 / 35","38.000","27/07/2026","Rw Alyans'tan Efeler Mah.De Ara Kat Kiralık 4+1 Daire","Kiralık Daire","4 + 1","195 m²","21 Yaşında","·","Kat","2. Kat","Aydın / Efeler / Efeler Mah.","https://www.hepsiemlak.com/_nuxt/8cafc93fb5c74c75e9e04e528e02ccdf.jpg","Realty World Alyans Gayrimenkul","","","https://www.hepsiemlak.com/_nuxt/8cafc93fb5c74c75e9e04e528e02ccdf.jpg",""
"https://www.hepsiemlak.com/aydin-efeler-orta-kiralik/daire/95325-558","1 / 16","16.000","15/06/2026","Efeler'de 1+1 Full Eşyalı Doğalgazlı Daire","Kiralık Daire","1 + 1","50 m²","9 Yaşında","·","Kat","3. Kat","Aydın / Efeler / Orta Mah.","https://www.hepsiemlak.com/_nuxt/8cafc93fb5c74c75e9e04e528e02ccdf.jpg","Metropol Gayrimenkul","WhatsApp","","https://www.hepsiemlak.com/_nuxt/8cafc93fb5c74c75e9e04e528e02ccdf.jpg",""
"https://www.hepsiemlak.com/aydin-nazilli-sumer-kiralik/daire/160026-320","1 / 12","16.000","04/09/2026","Sümerde Doğalgazlı 1+1 Full Eşyalı Kiralık Daire","Kiralık Daire","1 + 1","70 m²","6 Yaşında","·","Kat","2. Kat","Aydın / Nazilli / Sümer Mah.","https://www.hepsiemlak.com/_nuxt/8cafc93fb5c74c75e9e04e528e02ccdf.jpg","Duru Emlak","WhatsApp","","https://www.hepsiemlak.com/_nuxt/8cafc93fb5c74c75e9e04e528e02ccdf.jpg",""
"https://www.hepsiemlak.com/aydin-nazilli-sumer-kiralik/daire/164018-81","1 / 12","12.000","31/07/2026","📣 📣 Sümer Mahallesinde Kiralık 1+1 Eşyalı Daire 📣 📣","Kiralık Daire","1 + 1","60 m²","9 Yaşında","·","Kat","3. Kat","Aydın / Nazilli / Sümer Mah.","https://www.hepsiemlak.com/_nuxt/8cafc93fb5c74c75e9e04e528e02ccdf.jpg","Doğa Emlak Gayrimenkul","WhatsApp","","https://www.hepsiemlak.com/_nuxt/8cafc93fb5c74c75e9e04e528e02ccdf.jpg",""
"https://www.hepsiemlak.com/aydin-kusadasi-hacifeyzullah-kiralik/daire/97893-601","1 / 9","30.000","09/09/2026","Full Eşyalı Açıklama Detayda Mevcuttur","Kiralık Daire","2 + 1","90 m²","5 Yaşında","·","Kat","2. Kat","Aydın / Kuşadası / Hacıfeyzullah Mah.","https://www.hepsiemlak.com/_nuxt/8cafc93fb5c74c75e9e04e528e02ccdf.jpg","Ada Avşar Gayrimenkul Danışmanlığı","WhatsApp","","https://www.hepsiemlak.com/_nuxt/8cafc93fb5c74c75e9e04e528e02ccdf.jpg",""
"https://www.hepsiemlak.com/aydin-kusadasi-guzelcamli-kiralik/mustakil-ev/0-41677191","1 / 8","9.000","06/09/2026","Denize 5 Km, Manzaralı; Bahçekatta  1büyük Salon 1mutfak 1banyo; Eşyalı/eşyasız 9.000 Tl Aylık","Kiralık Müstakil Ev","1 + 1","40 m²","15 Yaşında","·","Kat","","Aydın / Kuşadası / Güzelçamlı Mah.","","","WhatsApp","","",""
"https://www.hepsiemlak.com/aydin-soke-yenicamii-kiralik/daire/128843-362","1 / 23","29.000","19/06/2026","Söke Yenicami Mahallesinde Kiralık 2+1 Eşyalı Daire","Kiralık Daire","2 + 1","110 m²","26 Yaşında","·","Kat","2. Kat","Aydın / Söke / Yenicamii Mah.","https://hecdnnw.hemlak.com/mncropresize/77/67/logo/3/4/8/8/2/1/0c41f97d-ae15-4eec-96fc-2ca7060841a1.jpg","Akay Gayrimenkul","WhatsApp","Gülşah
                  Akay","https://hecdnnw.hemlak.com/mncropresize/77/67/firmuser/3/6/8/7/3/2/3/7999e156-361b-47bb-995c-92b01e2ea651.jpg",""
"https://www.hepsiemlak.com/aydin-efeler-orta-kiralik/daire/40599-4557","1 / 20","17.000","29/08/2026","Hb'den 1+1 Kiralık Eşyalı Daire, Oturuma Hazır, Temiz","Kiralık Daire","1 + 1","50 m²","3 Yaşında","·","Kat","1. Kat","Aydın / Efeler / Orta Mah.","https://hecdnnw.hemlak.com/mncropresize/77/67/logo/9/9/5/0/4/0/8d577b10-7de9-458a-a645-468b4f92d230.jpg","Hb Gayrimenkul","WhatsApp","","",""
"https://www.hepsiemlak.com/aydin-didim-akbuk-kiralik/villa/3734-1614","1 / 32","35.000","08/09/2026","Didim Akbük Merkezde Köşe Başı Sürekli Kiralık Yazlık","Kiralık Villa","3 + 1","115 m²","31 Yaşında","·","Kat","","Aydın / Didim / Akbük Mah.","https://hecdn01.hemlak.com/mncropresize/182/137/ds01/0/7/3/3/8/0/7/4/82bf14e4-1a17-433b-b45b-ef805ca99fb5.jpg","Abs Emlak","WhatsApp","Yunus
                  Yalvaç","https://hecdnnw.hemlak.com/mncropresize/77/67/logo/4/3/7/3/0/0/c711a387-da2e-417f-a439-12ed607a244c.jpg","https://hecdnnw.hemlak.com/mncropresize/77/67/firmuser/4/3/7/3/0/0/ca17df88-70a9-447d-a308-1202a83e326a.jpg"
"https://www.hepsiemlak.com/aydin-soke-kemalpasa-kiralik/residence/153822-177","1 / 24","40.000","22/07/2026","Kuşadası Merkeze Yakın Golf Rezidans Ta Acil Kiralık Daire","Kiralık Residence","1 + 1","70 m²","11 Yaşında","·","Kat","2. Kat","Aydın / Söke / Kemalpaşa Mah.","https://www.hepsiemlak.com/_nuxt/8cafc93fb5c74c75e9e04e528e02ccdf.jpg","Altın Ada Gayrimenkul","WhatsApp","Dürdane
                  Özdemir","https://www.hepsiemlak.com/_nuxt/8cafc93fb5c74c75e9e04e528e02ccdf.jpg","https://www.hepsiemlak.com/_nuxt/8cafc93fb5c74c75e9e04e528e02ccdf.jpg"
"https://www.hepsiemlak.com/aydin-efeler-zeybek-kiralik/daire/98556-384","1 / 14","36.500","10/09/2026","Zeybek Mahallesinde Kiralık Sıfır 2+1 Daireler","Kiralık Daire","2 + 1","103 m²","Sıfır Bina","·","Kat","2. Kat","Aydın / Efeler / Zeybek Mah.","https://www.hepsiemlak.com/_nuxt/8cafc93fb5c74c75e9e04e528e02ccdf.jpg","Elit Emlak Recep Şekerci","WhatsApp","","https://www.hepsiemlak.com/_nuxt/8cafc93fb5c74c75e9e04e528e02ccdf.jpg",""
"https://www.hepsiemlak.com/aydin-soke-konak-kiralik/daire/117333-816","1 / 19","27.500","04/07/2026","Konak Mah.De Sıfır 2+1 Kiralık Arakat Daire","Kiralık Daire","2 + 1","80 m²","Sıfır Bina","·","Kat","2. Kat","Aydın / Söke / Konak Mah.","https://www.hepsiemlak.com/_nuxt/8cafc93fb5c74c75e9e04e528e02ccdf.jpg","Realty World Priene Gayrimenkul","WhatsApp","","https://www.hepsiemlak.com/_nuxt/8cafc93fb5c74c75e9e04e528e02ccdf.jpg",""
"https://www.hepsiemlak.com/aydin-nazilli-isabeyli-kiralik/daire/123971-954","1 / 24","14.000","11/08/2026","Aydın Nazilli İsabeyli Mahallesinde Kiralık 1+1 Eşyalı Daire","Kiralık Daire","1 + 1","55 m²","5 Yaşında","·","Kat","3. Kat","Aydın / Nazilli / İsabeyli Mah.","https://www.hepsiemlak.com/_nuxt/8cafc93fb5c74c75e9e04e528e02ccdf.jpg","Parador Gayrimenkul","WhatsApp","Selin
                  Girgin","https://www.hepsiemlak.com/_nuxt/8cafc93fb5c74c75e9e04e528e02ccdf.jpg","https://www.hepsiemlak.com/_nuxt/8cafc93fb5c74c75e9e04e528e02ccdf.jpg"
"https://www.hepsiemlak.com/aydin-efeler-zeybek-kiralik/residence/148156-103","1 / 41","51.000","05/07/2026","Aydın Efeler Cumhuriyet Mah. Ultra Lüx 3+1 Rezidans","Kiralık Residence","3 + 1","170 m²","8 Yaşında","·","Kat","4. Kat","Aydın / Efeler / Zeybek Mah.","https://www.hepsiemlak.com/_nuxt/8cafc93fb5c74c75e9e04e528e02ccdf.jpg","Garantis Gayrimenkul Yatırım Danışmanlığı","WhatsApp","","https://www.hepsiemlak.com/_nuxt/8cafc93fb5c74c75e9e04e528e02ccdf.jpg",""
"https://www.hepsiemlak.com/aydin-nazilli-isabeyli-kiralik/daire/107141-15","1 / 21","13.500","15/08/2026","İsabeyli Emlaktan Bulvar Üzeri Kiralık 1+1","Kiralık Daire","1 + 1","60 m²","11 Yaşında","·","Kat","1. Kat","Aydın / Nazilli / İsabeyli Mah.","https://www.hepsiemlak.com/_nuxt/8cafc93fb5c74c75e9e04e528e02ccdf.jpg","İsabeyli Emlak","WhatsApp","","https://www.hepsiemlak.com/_nuxt/8cafc93fb5c74c75e9e04e528e02ccdf.jpg",""
"https://www.hepsiemlak.com/aydin-kusadasi-davutlar-kiralik/daire/137394-155","1 / 22","18.000","21/08/2026","Kuşadası Davutlar Merkezde Kiralık 2+1 Daire","Kiralık Daire","2 + 1","120 m²","11 Yaşında","·","Kat","3. Kat","Aydın / Kuşadası / Davutlar Mah.","https://www.hepsiemlak.com/_nuxt/8cafc93fb5c74c75e9e04e528e02ccdf.jpg","Ali Haydar Yıldız Gayrimenkul Danışmanlığı","WhatsApp","","https://www.hepsiemlak.com/_nuxt/8cafc93fb5c74c75e9e04e528e02ccdf.jpg",""
"https://www.hepsiemlak.com/aydin-kusadasi-degirmendere-kiralik/yazlik/0-46868950","1 / 7","50.000","02/07/2026","Sezonlukta Ücret Aynıdır","Kiralık Yazlık","5 + 2","250 m²","3 Yaşında","·","Kat","Villa Katı","Aydın / Kuşadası / Değirmendere Mah.","https://www.hepsiemlak.com/_nuxt/8cafc93fb5c74c75e9e04e528e02ccdf.jpg","","WhatsApp","","",""
"https://www.hepsiemlak.com/aydin-kusadasi-ikicesmelik-kiralik/daire/148837-1886","1 / 3","30.000","10/08/2026","Kuşadası Da Bahçe Katı 3+1 | Doğalgaz Kombili | Balkonlu | Boş & Eşyasız","Kiralık Daire","3 + 1","110 m²","13 Yaşında","·","Kat","Bahçe Katı","Aydın / Kuşadası / İkiçeşmelik Mah.","https://www.hepsiemlak.com/_nuxt/8cafc93fb5c74c75e9e04e528e02ccdf.jpg","Remax Pasha 1","WhatsApp","","https://www.hepsiemlak.com/_nuxt/8cafc93fb5c74c75e9e04e528e02ccdf.jpg",""
"https://www.hepsiemlak.com/aydin-kusadasi-turkmen-kiralik/daire/119895-3979","1 / 17","38.000","30/06/2026","Kiralık 2+1 Türkmende","Kiralık Daire","2 + 1","90 m²","16 Yaşında","·","Kat","4. Kat","Aydın / Kuşadası / Türkmen Mah.","https://www.hepsiemlak.com/_nuxt/8cafc93fb5c74c75e9e04e528e02ccdf.jpg","Kw Alesta-viya-orsa 3","WhatsApp","","https://www.hepsiemlak.com/_nuxt/8cafc93fb5c74c75e9e04e528e02ccdf.jpg",""
"https://www.hepsiemlak.com/aydin-efeler-orta-kiralik/daire/68088-1377","1 / 31","20.000","20/08/2026","Rw Alyans'tan Orta Mah.De Selanik Cad. Yakın Kiralık 2+1 Daire","Kiralık Daire","2 + 1","70 m²","4 Yaşında","·","Kat","1. Kat","Aydın / Efeler / Orta Mah.","https://www.hepsiemlak.com/_nuxt/8cafc93fb5c74c75e9e04e528e02ccdf.jpg","Realty World Alyans Gayrimenkul","","","https://www.hepsiemlak.com/_nuxt/8cafc93fb5c74c75e9e04e528e02ccdf.jpg",""
"https://www.hepsiemlak.com/aydin-cine-hamitabat-kiralik/daire/170303-18","1 / 9","12.000","05/08/2026","Çine Hamitabat Mahallesi'nde Çarşı Merkezinde Uygun Fiyatlı 3+1","Kiralık Daire","3 + 1","160 m²","21 Yaşında","·","Kat","3. Kat","Aydın / Çine / Hamitabat Mah.","https://www.hepsiemlak.com/_nuxt/8cafc93fb5c74c75e9e04e528e02ccdf.jpg","","WhatsApp","","",""
"https://www.hepsiemlak.com/aydin-efeler-zafer-kiralik/daire/169362-54","1 / 9","21.000","02/09/2026","Vma Gayrimenkulden Doğu Gazide Caddelife Sitesinde Kiralık1+1","Kiralık Daire","1 + 1","65 m²","6 Yaşında","·","Kat","6. Kat","Aydın / Efeler / Zafer Mah.","https://www.hepsiemlak.com/_nuxt/8cafc93fb5c74c75e9e04e528e02ccdf.jpg","Vma Gayrimenkul","WhatsApp","","https://www.hepsiemlak.com/_nuxt/8cafc93fb5c74c75e9e04e528e02ccdf.jpg",""
"https://www.hepsiemlak.com/aydin-kusadasi-davutlar-kiralik/daire/132513-437","1 / 12","29.000","12/08/2026","Kiralık Daire Davutlar Merkez De","Kiralık Daire","2 + 1","95 m²","3 Yaşında","·","Kat","Yüksek Giriş","Aydın / Kuşadası / Davutlar Mah.","https://www.hepsiemlak.com/_nuxt/8cafc93fb5c74c75e9e04e528e02ccdf.jpg","Gold Life Cengiz Emlak","WhatsApp","","https://www.hepsiemlak.com/_nuxt/8cafc93fb5c74c75e9e04e528e02ccdf.jpg",""
"https://www.hepsiemlak.com/aydin-didim-hisar-kiralik/daire/162293-169","1 / 14","25.000","01/08/2026","Batı Tıp Merkezine Yakın Konumda Eşyasız Kiralık 3+1 Daire","Kiralık Daire","3 + 1","110 m²","16 Yaşında","·","Kat","2. Kat","Aydın / Didim / Hisar Mah.","https://www.hepsiemlak.com/_nuxt/8cafc93fb5c74c75e9e04e528e02ccdf.jpg","Doğrusöz Emlak","WhatsApp","","https://www.hepsiemlak.com/_nuxt/8cafc93fb5c74c75e9e04e528e02ccdf.jpg",""
"https://www.hepsiemlak.com/aydin-kusadasi-guzelcamli-kiralik/daire/169299-4","1 / 8","20.000","24/07/2026","Cmr Emlak'tan Kiralık Sıfır 1+1 Daire","Kiralık Daire","1 + 1","60 m²","Sıfır Bina","·","Kat","3. Kat","Aydın / Kuşadası / Güzelçamlı Mah.","https://www.hepsiemlak.com/_nuxt/8cafc93fb5c74c75e9e04e528e02ccdf.jpg","Cmr Emlak","WhatsApp","","https://www.hepsiemlak.com/_nuxt/8cafc93fb5c74c75e9e04e528e02ccdf.jpg",""
"https://www.hepsiemlak.com/aydin-efeler-zafer-kiralik/daire/40599-4564","1 / 19","19.000","02/09/2026","Hb'den 1+1 Eşyalı Kiralık Daire, Zafer'de Doğalgaz Klima Ara Kat","Kiralık Daire","1 + 1","50 m²","8 Yaşında","·","Kat","1. Kat","Aydın / Efeler / Zafer Mah.","https://www.hepsiemlak.com/_nuxt/8cafc93fb5c74c75e9e04e528e02ccdf.jpg","Hb Gayrimenkul","WhatsApp","","https://www.hepsiemlak.com/_nuxt/8cafc93fb5c74c75e9e04e528e02ccdf.jpg",""
"https://www.hepsiemlak.com/aydin-kusadasi-sogucak-kiralik/mustakil-ev/104606-1483","1 / 43","110.000","23/06/2026","Soğucak'ta Kiralık Deniz Manzaralı 5+2 Tripleks Villa","Kiralık Müstakil Ev","5 + 2","300 m²","Sıfır Bina","·","Kat","","Aydın / Kuşadası / Soğucak Mah.","https://www.hepsiemlak.com/_nuxt/8cafc93fb5c74c75e9e04e528e02ccdf.jpg","Coldwell Banker Ada","WhatsApp","","https://www.hepsiemlak.com/_nuxt/8cafc93fb5c74c75e9e04e528e02ccdf.jpg",""
"https://www.hepsiemlak.com/aydin-efeler-girne-kiralik/daire/78993-2030","1 / 35","90.000","10/08/2026","Aydın Efeler Girne Mahallesi Geniş Teraslı Kiralık Daire","Kiralık Daire","3 + 1","300 m²","5 Yaşında","·","Kat","1. Kat","Aydın / Efeler / Girne Mah.","https://www.hepsiemlak.com/_nuxt/8cafc93fb5c74c75e9e04e528e02ccdf.jpg","Pasha Gayrimenkul","WhatsApp","","https://www.hepsiemlak.com/_nuxt/8cafc93fb5c74c75e9e04e528e02ccdf.jpg",""
"https://www.hepsiemlak.com/aydin-kusadasi-sogucak-kiralik/villa/153822-173","1 / 34","70.000","16/07/2026","Kuşadası Soğucak Sahile Yakın Merkez Acil Kiralık Eşyalı Villa","Kiralık Villa","3 + 1","210 m²","6 Yaşında","·","Kat","Bahçe Katı","Aydın / Kuşadası / Soğucak Mah.","https://www.hepsiemlak.com/_nuxt/8cafc93fb5c74c75e9e04e528e02ccdf.jpg","Altın Ada Gayrimenkul","WhatsApp","Dürdane
                  Özdemir","https://www.hepsiemlak.com/_nuxt/8cafc93fb5c74c75e9e04e528e02ccdf.jpg","https://www.hepsiemlak.com/_nuxt/8cafc93fb5c74c75e9e04e528e02ccdf.jpg"
"https://www.hepsiemlak.com/aydin-efeler-kurtulus-kiralik/daire/124254-250","1 / 27","35.000","15/08/2026","Bulvarda Kiralık Daire","Kiralık Daire","3 + 1","198 m²","35 Yaşında","·","Kat","2. Kat","Aydın / Efeler / Kurtuluş Mah.","https://hecdnnw.hemlak.com/mncropresize/77/67/logo/4/5/2/4/2/1/2244ff31-a78a-4afc-9ebf-5671bb203e55.jpg","Gold Premıum Gayrimenkul","WhatsApp","","",""
"https://www.hepsiemlak.com/aydin-kusadasi-hacifeyzullah-kiralik/mustakil-ev/123511-850","1 / 30","100.000","10/09/2026","Kuşadası Hacıfeyzullah Mahallesinde Kiralık Tribleks Ev","Kiralık Müstakil Ev","4 + 1","200 m²","16 Yaşında","","","","Aydın / Kuşadası / Hacıfeyzullah Mah.","https://hecdnnw.hemlak.com/mncropresize/77/67/logo/1/1/5/3/2/1/96c8cade-b552-45c4-81a0-1abf8b34d0d1.jpg","Premar Class","WhatsApp","","",""
"https://www.hepsiemlak.com/aydin-efeler-guzelhisar-kiralik/daire/127968-462","1 / 30","20.000","24/08/2026","Aydın Güzelhisar Mah. 2+1 Kiralık Daire","Kiralık Daire","2 + 1","110 m²","30 Yaşında","·","Kat","Yüksek Giriş","Aydın / Efeler / Güzelhisar Mah.","https://hecdnnw.hemlak.com/mncropresize/77/67/logo/8/6/9/7/2/1/9050122f-2080-4b0c-ab33-61ffaa7260d0.jpeg","İlke Gayrimenkul","WhatsApp","İlknur
                  Şener","https://hecdnnw.hemlak.com/mncropresize/77/67/firmuser/2/4/4/7/8/1/3/c863d8c2-5cee-4be5-94c0-0aa87d618b52.jpg",""
"https://www.hepsiemlak.com/aydin-nazilli-isabeyli-kiralik/daire/123971-1122","1 / 23","23.000","01/09/2026","Aydın Nazilli İsabeyli Mahallesinde Dubleks Kiralık Daire","Kiralık Daire","3 + 1","160 m²","8 Yaşında","·","Kat","Bahçe Katı","Aydın / Nazilli / İsabeyli Mah.","https://hecdn01.hemlak.com/mncropresize/182/137/ds01/0/8/7/9/2/8/6/4/8b747ce5-a02f-44e5-9c33-46b76777a5cf.jpg","Parador Gayrimenkul","WhatsApp","","https://hecdnnw.hemlak.com/mncropresize/77/67/logo/1/7/9/3/2/1/30c37dfd-0aaa-4104-bc8f-fa7846da5064.jpg",""
"https://www.hepsiemlak.com/aydin-soke-kemalpasa-kiralik/daire/117333-790","1 / 17","29.000","27/08/2026","Söke De Futbol Sokak Üzerinde 60 M² Lüks 1+1 Kiralık Daire","Kiralık Daire","1 + 1","60 m²","Sıfır Bina","·","Kat","4. Kat","Aydın / Söke / Kemalpaşa Mah.","https://www.hepsiemlak.com/_nuxt/8cafc93fb5c74c75e9e04e528e02ccdf.jpg","Realty World Priene Gayrimenkul","WhatsApp","","https://www.hepsiemlak.com/_nuxt/8cafc93fb5c74c75e9e04e528e02ccdf.jpg",""
"https://www.hepsiemlak.com/aydin-kusadasi-cumhuriyet-kiralik/daire/123719-606","1 / 20","50.000","05/09/2026","Kuşadası Cumhuriyet Mahallesinde Kiralık 2+1 100 M2 Ofis","Kiralık Daire","2 + 1","100 m²","26 Yaşında","·","Kat","2. Kat","Aydın / Kuşadası / Cumhuriyet Mah.","https://www.hepsiemlak.com/_nuxt/8cafc93fb5c74c75e9e04e528e02ccdf.jpg","Yetiş Emlak","WhatsApp","","https://www.hepsiemlak.com/_nuxt/8cafc93fb5c74c75e9e04e528e02ccdf.jpg",""
"https://www.hepsiemlak.com/aydin-cine-hamitabat-kiralik/daire/170303-17","1 / 9","17.000","05/08/2026","Çine Hamitabat Mahallesi'nde Pazar Yanında 3+1 Kiralık Daire","Kiralık Daire","3 + 1","170 m²","21 Yaşında","·","Kat","5. Kat","Aydın / Çine / Hamitabat Mah.","https://www.hepsiemlak.com/_nuxt/8cafc93fb5c74c75e9e04e528e02ccdf.jpg","","WhatsApp","","",""
"https://www.hepsiemlak.com/aydin-didim-akbuk-kiralik/villa/38648-4073","1 / 24","55.000","07/09/2026","Akbük'te Full Deniz Manzaralı Ve Eşyalı 3+1 Kiralık Villa","Kiralık Villa","3 + 1","110 m²","2 Yaşında","·","Kat","","Aydın / Didim / Akbük Mah.","https://www.hepsiemlak.com/_nuxt/8cafc93fb5c74c75e9e04e528e02ccdf.jpg","S Realty Zeytin","WhatsApp","","https://www.hepsiemlak.com/_nuxt/8cafc93fb5c74c75e9e04e528e02ccdf.jpg",""
"https://www.hepsiemlak.com/aydin-kusadasi-davutlar-kiralik/daire/135091-206","1 / 10","30.000","10/08/2026","Kiralık 1+1","Kiralık Daire","1 + 1","60 m²","6 Yaşında","·","Kat","3. Kat","Aydın / Kuşadası / Davutlar Mah.","https://www.hepsiemlak.com/_nuxt/8cafc93fb5c74c75e9e04e528e02ccdf.jpg","Ege Point Emlak","WhatsApp","Nejdet
                  Atik","","https://www.hepsiemlak.com/_nuxt/8cafc93fb5c74c75e9e04e528e02ccdf.jpg"
"https://www.hepsiemlak.com/aydin-karacasu-yaylali-kiralik/daire/94741-432","1 / 14","19.000","25/08/2026","Çölgezen Gayrimenkulden   3+1 Kiralık Daire","Kiralık Daire","3 + 1","120 m²","25 Yaşında","·","Kat","En Üst Kat","Aydın / Karacasu / Yaylalı Mah.","https://www.hepsiemlak.com/_nuxt/8cafc93fb5c74c75e9e04e528e02ccdf.jpg","","WhatsApp","","",""
"https://www.hepsiemlak.com/aydin-efeler-orta-kiralik/daire/98556-378","1 / 10","19.000","22/08/2026","Orta Mah. 1+1 Doğalgazlı Adüye Foruma Çok Yakın","Kiralık Daire","1 + 1","55 m²","6 Yaşında","·","Kat","4. Kat","Aydın / Efeler / Orta Mah.","https://www.hepsiemlak.com/_nuxt/8cafc93fb5c74c75e9e04e528e02ccdf.jpg","Elit Emlak Recep Şekerci","WhatsApp","","https://www.hepsiemlak.com/_nuxt/8cafc93fb5c74c75e9e04e528e02ccdf.jpg",""
"https://www.hepsiemlak.com/aydin-kusadasi-karaova-kiralik/villa/153822-170","1 / 40","65.000","12/06/2026","Kuşadası Karaova Merkezde Havuzlu Sitede Acil Kiralık Villa","Kiralık Villa","3 + 1","130 m²","6 Yaşında","·","Kat","Bahçe Katı","Aydın / Kuşadası / Karaova Mah.","https://www.hepsiemlak.com/_nuxt/8cafc93fb5c74c75e9e04e528e02ccdf.jpg","Altın Ada Gayrimenkul","WhatsApp","Dürdane
                  Özdemir","https://www.hepsiemlak.com/_nuxt/8cafc93fb5c74c75e9e04e528e02ccdf.jpg","https://www.hepsiemlak.com/_nuxt/8cafc93fb5c74c75e9e04e528e02ccdf.jpg"
"https://www.hepsiemlak.com/aydin-kusadasi-karaova-kiralik/daire/104606-1321","1 / 37","22.500","17/08/2026","Kuşadası Efes Evlerinde Kiralık Eşyasız 2+1 Daire","Kiralık Daire","2 + 1","85 m²","12 Yaşında","·","Kat","Bahçe Katı","Aydın / Kuşadası / Karaova Mah.","https://www.hepsiemlak.com/_nuxt/8cafc93fb5c74c75e9e04e528e02ccdf.jpg","Coldwell Banker Ada","WhatsApp","","https://www.hepsiemlak.com/_nuxt/8cafc93fb5c74c75e9e04e528e02ccdf.jpg",""
"https://www.hepsiemlak.com/aydin-efeler-zafer-kiralik/daire/40599-4539","1 / 17","16.000","22/08/2026","Hb'den 1+1 Eşyalı Kiralık, Mükemmel Konum | Doğalgazlı | Klimalı","Kiralık Daire","1 + 1","50 m²","10 Yaşında","·","Kat","Kot 1","Aydın / Efeler / Zafer Mah.","https://www.hepsiemlak.com/_nuxt/8cafc93fb5c74c75e9e04e528e02ccdf.jpg","Hb Gayrimenkul","WhatsApp","","https://www.hepsiemlak.com/_nuxt/8cafc93fb5c74c75e9e04e528e02ccdf.jpg",""
"https://www.hepsiemlak.com/aydin-kusadasi-turkmen-kiralik/daire/147107-52","1 / 17","28.000","26/08/2026","Boş Yada Eşyalı Marina Arakat 2+1 Kapalı Mutfak 28.000 Tl","Kiralık Daire","2 + 1","110 m²","16 Yaşında","·","Kat","1. Kat","Aydın / Kuşadası / Türkmen Mah.","https://www.hepsiemlak.com/_nuxt/8cafc93fb5c74c75e9e04e528e02ccdf.jpg","Günışığı Gayrimenkul","WhatsApp","","https://www.hepsiemlak.com/_nuxt/8cafc93fb5c74c75e9e04e528e02ccdf.jpg",""
"https://www.hepsiemlak.com/aydin-kusadasi-sogucak-kiralik/villa/140367-552","1 / 16","23.000","27/08/2026","Eşyalı Devamlı Kiralık Villa","Kiralık Villa","3 + 1","170 m²","16 Yaşında","·","Kat","","Aydın / Kuşadası / Soğucak Mah.","https://www.hepsiemlak.com/_nuxt/8cafc93fb5c74c75e9e04e528e02ccdf.jpg","","WhatsApp","","",""
"https://www.hepsiemlak.com/aydin-kusadasi-ikicesmelik-kiralik/daire/131922-423","1 / 27","35.000","27/08/2026","3+1 Kiralık Daire 5 Yıllık Binada","Kiralık Daire","3 + 1","125 m²","5 Yaşında","·","Kat","3. Kat","Aydın / Kuşadası / İkiçeşmelik Mah.","https://www.hepsiemlak.com/_nuxt/8cafc93fb5c74c75e9e04e528e02ccdf.jpg","Qr Qualıty Real Estate Gayrimenkul Hizmetleri","WhatsApp","","https://www.hepsiemlak.com/_nuxt/8cafc93fb5c74c75e9e04e528e02ccdf.jpg",""
"https://www.hepsiemlak.com/aydin-efeler-guzelhisar-kiralik/daire/124254-241","1 / 38","25.000","19/07/2026","Güzelhisar'da Adnan Menderes Bulvarı'na 30 Metre Kiralık Doğalgazlı 3+1 !!!!","Kiralık Daire","3 + 1","138 m²","35 Yaşında","·","Kat","2. Kat","Aydın / Efeler / Güzelhisar Mah.","https://www.hepsiemlak.com/_nuxt/8cafc93fb5c74c75e9e04e528e02ccdf.jpg","Gold Premıum Gayrimenkul","WhatsApp","","https://www.hepsiemlak.com/_nuxt/8cafc93fb5c74c75e9e04e528e02ccdf.jpg",""
"https://www.hepsiemlak.com/aydin-efeler-kurtulus-kiralik/daire/68088-1373","1 / 26","20.000","16/08/2026","Rw Alyans'tan Kurtuluş Mahallesinde Kiralık 1+1 Eşyalı Daire","Kiralık Daire","1 + 1","55 m²","6 Yaşında","·","Kat","6. Kat","Aydın / Efeler / Kurtuluş Mah.","https://www.hepsiemlak.com/_nuxt/8cafc93fb5c74c75e9e04e528e02ccdf.jpg","Realty World Alyans Gayrimenkul","","","https://www.hepsiemlak.com/_nuxt/8cafc93fb5c74c75e9e04e528e02ccdf.jpg",""
"https://www.hepsiemlak.com/aydin-nazilli-isabeyli-kiralik/daire/160026-351","1 / 8","12.500","04/09/2026","Duru Emlaktan 2+1 Eşyalı Kiralık Daire","Kiralık Daire","2 + 1","60 m²","6 Yaşında","·","Kat","2. Kat","Aydın / Nazilli / İsabeyli Mah.","https://www.hepsiemlak.com/_nuxt/8cafc93fb5c74c75e9e04e528e02ccdf.jpg","Duru Emlak","WhatsApp","","https://www.hepsiemlak.com/_nuxt/8cafc93fb5c74c75e9e04e528e02ccdf.jpg",""
"https://www.hepsiemlak.com/aydin-kusadasi-kadinlar-denizi-kiralik/villa/148837-1702","1 / 14","45.000","28/07/2026","Kuşadası Kadınlar Denizi’nde Eşyalı Kiralık Tripleks Villa","Kiralık Villa","3 + 1","120 m²","26 Yaşında","·","Kat","","Aydın / Kuşadası / Kadınlar Denizi Mah.","https://www.hepsiemlak.com/_nuxt/8cafc93fb5c74c75e9e04e528e02ccdf.jpg","Remax Pasha 1","WhatsApp","","https://www.hepsiemlak.com/_nuxt/8cafc93fb5c74c75e9e04e528e02ccdf.jpg",""
"https://www.hepsiemlak.com/aydin-didim-efeler-kiralik/villa/47174-934","1 / 28","17.000","07/08/2026","Havuzlu Sitede Full Eşyalı Villa","Kiralık Villa","3 + 1","120 m²","1 Yaşında","·","Kat","Bahçe Katı","Aydın / Didim / Efeler Mah.","https://www.hepsiemlak.com/_nuxt/8cafc93fb5c74c75e9e04e528e02ccdf.jpg","Mai Emlak","WhatsApp","","https://www.hepsiemlak.com/_nuxt/8cafc93fb5c74c75e9e04e528e02ccdf.jpg",""
"https://www.hepsiemlak.com/aydin-nazilli-isabeyli-kiralik/daire/107141-2","1 / 12","15.000","20/08/2026","İsabeyli Emlaktan Kiralık 2+1","Kiralık Daire","2 + 1","65 m²","4 Yaşında","·","Kat","3. Kat","Aydın / Nazilli / İsabeyli Mah.","https://www.hepsiemlak.com/_nuxt/8cafc93fb5c74c75e9e04e528e02ccdf.jpg","İsabeyli Emlak","WhatsApp","","https://www.hepsiemlak.com/_nuxt/8cafc93fb5c74c75e9e04e528e02ccdf.jpg",""
"https://www.hepsiemlak.com/aydin-kusadasi-ikicesmelik-kiralik/daire/28110-16571","1 / 8","19.000","26/08/2026","Kuşadası’nda Merkezi Konumda 1+1 Kiralık Daire","Kiralık Daire","1 + 1","50 m²","7 Yaşında","·","Kat","4. Kat","Aydın / Kuşadası / İkiçeşmelik Mah.","https://www.hepsiemlak.com/_nuxt/8cafc93fb5c74c75e9e04e528e02ccdf.jpg","Remax Pasha 1","WhatsApp","","https://www.hepsiemlak.com/_nuxt/8cafc93fb5c74c75e9e04e528e02ccdf.jpg",""
"https://www.hepsiemlak.com/aydin-efeler-kemer-kiralik/daire/79589-1476","1 / 35","52.500","08/09/2026","Önü Açık Ferah Okullar Bölgesine Yakın Dublex Daire","Kiralık Daire","4 + 1","240 m²","6 Yaşında","·","Kat","9. Kat","Aydın / Efeler / Kemer Mah.","https://hecdnnw.hemlak.com/mncropresize/77/67/logo/9/8/5/9/7/0/ee2d37a2-189a-4713-98c2-6620b52f3047.PNG","Ege Ayyıldız Gayrimenkul","WhatsApp","Fatih
                  Erol","https://hecdnnw.hemlak.com/mncropresize/77/67/firmuser/1/1/2/1/3/5/1/0f117c18-53ef-495b-bd4e-b8950314e059.jpg",""
"https://www.hepsiemlak.com/aydin-kusadasi-karaova-kiralik/villa/153822-169","1 / 40","80.000","28/08/2026","Kuşadası Karaova Merkezde Acil Kiralık Şık Havuzlu Sitede Villa","Kiralık Villa","3 + 1","130 m²","6 Yaşında","·","Kat","","Aydın / Kuşadası / Karaova Mah.","https://hecdnnw.hemlak.com/mncropresize/77/67/logo/2/2/8/3/5/1/1dfcc782-d4c0-4c1c-a662-e99046ec5fa0.jpg","Altın Ada Gayrimenkul","WhatsApp","Dürdane
                  Özdemir","https://hecdnnw.hemlak.com/mncropresize/77/67/firmuser/0/0/7/3/3/3/4/d05d8518-a63f-4fb4-afb0-2b90f1b29dc5.jpg",""
"https://www.hepsiemlak.com/aydin-incirliova-zafer-kiralik/daire/147624-237","1 / 19","12.000","01/09/2026","Zafer Mahallesi-Pazar Yanı-Köşe Başı-Banyo -Mutfak Yeni Yapılı","Kiralık Daire","3 + 1","95 m²","26 Yaşında","·","Kat","2. Kat","Aydın / İncirliova / Zafer Mah.","https://hecdnnw.hemlak.com/mncropresize/77/67/logo/4/2/6/7/4/1/c5bd72b9-cdc1-4cbd-9aef-003842b7c4a4.jpg","Eray Gider Gayrimenkul","WhatsApp","Eray
                  Gider","https://hecdnnw.hemlak.com/mncropresize/77/67/firmuser/3/7/8/5/8/1/4/5c886b64-98f8-4c1b-be9e-8b1bad7f9ac6.jpg",""
"https://www.hepsiemlak.com/aydin-kusadasi-ege-kiralik/daire/104606-1228","1 / 41","50.000","21/08/2026","Ege Mahallesinde 3+1  Rezidans Daire","Kiralık Daire","3 + 1","120 m²","5 Yaşında","·","Kat","Ara Kat","Aydın / Kuşadası / Ege Mah.","https://hecdn01.hemlak.com/mncropresize/182/137/ds01/2/8/6/1/7/5/4/4/1a923b3f-30d5-4d5b-8faf-8286bb1ff0a9.jpg","Coldwell Banker Ada","WhatsApp","","https://hecdnnw.hemlak.com/mncropresize/77/67/logo/6/0/6/4/0/1/9993b81e-27e2-4bce-a085-04baabf10e2a.jpg",""
"https://www.hepsiemlak.com/aydin-didim-yeni-kiralik/daire/116417-1559","1 / 31","25.000","17/08/2026","Didim Merkezde 2+1 Kiralık Daire 6 Ay Veya Yıllık Peşin","Kiralık Daire","2 + 1","110 m²","31 Yaşında","·","Kat","2. Kat","Aydın / Didim / Yeni Mah.","https://www.hepsiemlak.com/_nuxt/8cafc93fb5c74c75e9e04e528e02ccdf.jpg","Coldwell Banker Medusa","WhatsApp","","https://www.hepsiemlak.com/_nuxt/8cafc93fb5c74c75e9e04e528e02ccdf.jpg",""
"https://www.hepsiemlak.com/aydin-nazilli-isabeyli-kiralik/daire/123971-1096","1 / 19","12.000","25/07/2026","Aydın Nazilli İsabeyli Mahallesinde Eşyalı Kiralık 1+1 Daire","Kiralık Daire","1 + 1","55 m²","7 Yaşında","·","Kat","3. Kat","Aydın / Nazilli / İsabeyli Mah.","https://www.hepsiemlak.com/_nuxt/8cafc93fb5c74c75e9e04e528e02ccdf.jpg","Parador Gayrimenkul","WhatsApp","Selin
                  Girgin","https://www.hepsiemlak.com/_nuxt/8cafc93fb5c74c75e9e04e528e02ccdf.jpg","https://www.hepsiemlak.com/_nuxt/8cafc93fb5c74c75e9e04e528e02ccdf.jpg"
"https://www.hepsiemlak.com/aydin-incirliova-cumhuriyet-kiralik/daire/127968-550","1 / 26","16.000","12/08/2026","Aydın İnçirliova Cumhuriyet Mah.2+1 Kiralık Daire","Kiralık Daire","2 + 1","100 m²","25 Yaşında","·","Kat","4. Kat","Aydın / İncirliova / Cumhuriyet Mah.","https://www.hepsiemlak.com/_nuxt/8cafc93fb5c74c75e9e04e528e02ccdf.jpg","İlke Gayrimenkul","WhatsApp","İlknur
                  Şener","https://www.hepsiemlak.com/_nuxt/8cafc93fb5c74c75e9e04e528e02ccdf.jpg","https://www.hepsiemlak.com/_nuxt/8cafc93fb5c74c75e9e04e528e02ccdf.jpg"
"https://www.hepsiemlak.com/aydin-kusadasi-davutlar-kiralik/villa/147107-47","1 / 25","35.000","09/08/2026","Karaova Mah. Ssk Sitesi Yanı B.Bahçeli Plaja 600 Metre 35.000 Tl","Kiralık Villa","3 + 1","165 m²","16 Yaşında","·","Kat","Bahçe Katı","Aydın / Kuşadası / Davutlar Mah.","https://www.hepsiemlak.com/_nuxt/8cafc93fb5c74c75e9e04e528e02ccdf.jpg","Günışığı Gayrimenkul","WhatsApp","","https://www.hepsiemlak.com/_nuxt/8cafc93fb5c74c75e9e04e528e02ccdf.jpg",""
"https://www.hepsiemlak.com/aydin-kusadasi-degirmendere-kiralik/daire/131922-422","1 / 40","24.000","25/07/2026","Deniz Manzaralı Kiralık Dogalgazlı 1+1 Daire","Kiralık Daire","1 + 1","65 m²","Sıfır Bina","·","Kat","2. Kat","Aydın / Kuşadası / Değirmendere Mah.","https://www.hepsiemlak.com/_nuxt/8cafc93fb5c74c75e9e04e528e02ccdf.jpg","Qr Qualıty Real Estate Gayrimenkul Hizmetleri","WhatsApp","","https://www.hepsiemlak.com/_nuxt/8cafc93fb5c74c75e9e04e528e02ccdf.jpg",""
"https://www.hepsiemlak.com/aydin-efeler-kurtulus-kiralik/daire/160231-189","1 / 15","29.000","18/08/2026","Bulvar Manzaralı Çift Balkonlu","Kiralık Daire","2 + 1","135 m²","21 Yaşında","·","Kat","6. Kat","Aydın / Efeler / Kurtuluş Mah.","https://www.hepsiemlak.com/_nuxt/8cafc93fb5c74c75e9e04e528e02ccdf.jpg","Tued Gayrimenkul","WhatsApp","","https://www.hepsiemlak.com/_nuxt/8cafc93fb5c74c75e9e04e528e02ccdf.jpg",""
"https://www.hepsiemlak.com/aydin-kusadasi-hacifeyzullah-kiralik/daire/104189-3976","1 / 8","35.000","20/08/2026","Kuşadası Kadınlar Denizine Yakın Merkezi Konumda 3+1 Daire","Kiralık Daire","3 + 1","145 m²","21 Yaşında","·","Kat","2. Kat","Aydın / Kuşadası / Hacıfeyzullah Mah.","https://www.hepsiemlak.com/_nuxt/8cafc93fb5c74c75e9e04e528e02ccdf.jpg","Egemen Gayrimenkul Kuşadası","WhatsApp","","https://www.hepsiemlak.com/_nuxt/8cafc93fb5c74c75e9e04e528e02ccdf.jpg",""
"https://www.hepsiemlak.com/aydin-efeler-mesrutiyet-kiralik/daire/68088-1389","1 / 25","32.500","04/09/2026","Rw Alyanstan Meşrutiyet Mahallesinde Kiralık 3+1 Daire","Kiralık Daire","3 + 1","135 m²","21 Yaşında","·","Kat","6. Kat","Aydın / Efeler / Meşrutiyet Mah.","https://www.hepsiemlak.com/_nuxt/8cafc93fb5c74c75e9e04e528e02ccdf.jpg","Realty World Alyans Gayrimenkul","WhatsApp","","https://www.hepsiemlak.com/_nuxt/8cafc93fb5c74c75e9e04e528e02ccdf.jpg",""
"https://www.hepsiemlak.com/aydin-kusadasi-turkmen-kiralik/daire/90930-3625","1 / 20","35.000","10/07/2026","Tam Merkezde 1+1 Eşyalı Kiralık Daire","Kiralık Daire","1 + 1","70 m²","8 Yaşında","·","Kat","2. Kat","Aydın / Kuşadası / Türkmen Mah.","https://www.hepsiemlak.com/_nuxt/8cafc93fb5c74c75e9e04e528e02ccdf.jpg","Villamarine Emlak Ve Gayrimenkul","WhatsApp","","https://www.hepsiemlak.com/_nuxt/8cafc93fb5c74c75e9e04e528e02ccdf.jpg",""
"https://www.hepsiemlak.com/aydin-efeler-cumhuriyet-kiralik/daire/124509-243","1 / 15","23.000","09/07/2026","Aydın Merkez Cumhuriyet Mah De Kiralık D.Gazlı 3+1 Daire","Kiralık Daire","3 + 1","130 m²","26 Yaşında","·","Kat","1. Kat","Aydın / Efeler / Cumhuriyet Mah.","https://www.hepsiemlak.com/_nuxt/8cafc93fb5c74c75e9e04e528e02ccdf.jpg","Merkez Emlak","WhatsApp","","https://www.hepsiemlak.com/_nuxt/8cafc93fb5c74c75e9e04e528e02ccdf.jpg",""
"https://www.hepsiemlak.com/aydin-soke-yenikent-kiralik/daire/140367-559","1 / 14","26.000","29/08/2026","Yenikente Ki Dairemiz Kiralıktır","Kiralık Daire","3 + 1","135 m²","16 Yaşında","·","Kat","5. Kat","Aydın / Söke / Yenikent Mah.","https://www.hepsiemlak.com/_nuxt/8cafc93fb5c74c75e9e04e528e02ccdf.jpg","","WhatsApp","","",""
"https://www.hepsiemlak.com/aydin-efeler-zafer-kiralik/daire/40599-4555","1 / 13","17.000","27/08/2026","Hb'den 1+1 Kiralık Daire, Zafer'de Sıfır Eşyalı Klimalı Ön Cephe","Kiralık Daire","1 + 1","55 m²","9 Yaşında","·","Kat","3. Kat","Aydın / Efeler / Zafer Mah.","https://www.hepsiemlak.com/_nuxt/8cafc93fb5c74c75e9e04e528e02ccdf.jpg","Hb Gayrimenkul","WhatsApp","","https://www.hepsiemlak.com/_nuxt/8cafc93fb5c74c75e9e04e528e02ccdf.jpg",""
"https://www.hepsiemlak.com/aydin-kusadasi-davutlar-kiralik/daire/121414-2245","1 / 14","38.000","19/08/2026","Kuşadası Davutlar Sahilde Devamlı Kiralık Full Eşyalı 2+1","Kiralık Daire","2 + 1","100 m²","6 Yaşında","·","Kat","2. Kat","Aydın / Kuşadası / Davutlar Mah.","https://www.hepsiemlak.com/_nuxt/8cafc93fb5c74c75e9e04e528e02ccdf.jpg","","WhatsApp","","",""
"https://www.hepsiemlak.com/aydin-nazilli-yildiztepe-kiralik/daire/137179-522","1 / 39","11.000","02/07/2026","Miray Emlaktan Yıldıztepe Mahallesinde Kiralık 3+1 Daire","Kiralık Daire","3 + 1","140 m²","25 Yaşında","·","Kat","5. Kat","Aydın / Nazilli / Yıldıztepe Mah.","https://www.hepsiemlak.com/_nuxt/8cafc93fb5c74c75e9e04e528e02ccdf.jpg","","WhatsApp","","",""
"https://www.hepsiemlak.com/aydin-efeler-yilmazkoy-kiralik/villa/5625-3442","1 / 43","75.000","08/08/2026","Aydın Efeler Yılmazköy De Huzurlu Nezih Ortamda 5+1 Villa","Kiralık Villa","5 + 1","230 m²","3 Yaşında","·","Kat","","Aydın / Efeler / Yılmazköy Mah.","https://www.hepsiemlak.com/_nuxt/8cafc93fb5c74c75e9e04e528e02ccdf.jpg","Sun Investment","WhatsApp","Sun
                  Investment","https://www.hepsiemlak.com/_nuxt/8cafc93fb5c74c75e9e04e528e02ccdf.jpg","https://www.hepsiemlak.com/_nuxt/8cafc93fb5c74c75e9e04e528e02ccdf.jpg"
"https://www.hepsiemlak.com/aydin-kusadasi-guzelcamli-kiralik/villa/153691-58","1 / 24","50.000","28/07/2026","Eşyalı Kiralık Yazlık 4+1 Merkeze Çok Yakın","Kiralık Villa","4 + 1","150 m²","16 Yaşında","·","Kat","Bahçe Katı","Aydın / Kuşadası / Güzelçamlı Mah.","https://www.hepsiemlak.com/_nuxt/8cafc93fb5c74c75e9e04e528e02ccdf.jpg","Öztürk Yapı Emlak","WhatsApp","","https://www.hepsiemlak.com/_nuxt/8cafc93fb5c74c75e9e04e528e02ccdf.jpg",""
"https://www.hepsiemlak.com/aydin-efeler-efeler-kiralik/daire/95910-2356","1 / 46","30.000","15/07/2026","Aydın Efeler Efeler Mahallesi 3+1 Ara Kat Doğalgazlı Kiralık Daire","Kiralık Daire","3 + 1","165 m²","25 Yaşında","·","Kat","3. Kat","Aydın / Efeler / Efeler Mah.","https://www.hepsiemlak.com/_nuxt/8cafc93fb5c74c75e9e04e528e02ccdf.jpg","","WhatsApp","","",""
"https://www.hepsiemlak.com/aydin-kusadasi-guzelcamli-kiralik/villa/140705-246","1 / 39","120.000","26/08/2026","Güzelçamlıda (yeni) Eşyalı Kiralık Havuzlu Sitede (3+1)villa","Kiralık Villa","3 + 1","130 m²","3 Yaşında","·","Kat","","Aydın / Kuşadası / Güzelçamlı Mah.","https://www.hepsiemlak.com/_nuxt/8cafc93fb5c74c75e9e04e528e02ccdf.jpg","Ada Project Estate","WhatsApp","Soner
                  Kaya","https://www.hepsiemlak.com/_nuxt/8cafc93fb5c74c75e9e04e528e02ccdf.jpg","https://www.hepsiemlak.com/_nuxt/8cafc93fb5c74c75e9e04e528e02ccdf.jpg"
"https://www.hepsiemlak.com/aydin-nazilli-isabeyli-kiralik/daire/166413-8","1 / 23","17.000","13/07/2026","İsabeylide Işık Gayrimenkulden Kiralık 3+1 Eşyasız Daire","Kiralık Daire","3 + 1","150 m²","6 Yaşında","·","Kat","3. Kat","Aydın / Nazilli / İsabeyli Mah.","https://www.hepsiemlak.com/_nuxt/8cafc93fb5c74c75e9e04e528e02ccdf.jpg","Işık Gayrimenkul","WhatsApp","","https://www.hepsiemlak.com/img/loadings/noImage55-55.png",""
"https://www.hepsiemlak.com/aydin-kusadasi-ege-kiralik/daire/76787-1918","1 / 16","50.000","25/06/2026","Kuşadası Ege Mahallesinde 4 Aylık Eşyalı Kiralık 1+1","Kiralık Daire","1 + 1","60 m²","4 Yaşında","·","Kat","2. Kat","Aydın / Kuşadası / Ege Mah.","https://www.hepsiemlak.com/_nuxt/8cafc93fb5c74c75e9e04e528e02ccdf.jpg","Jupiter Gayrimenkul","WhatsApp","","https://www.hepsiemlak.com/_nuxt/8cafc93fb5c74c75e9e04e528e02ccdf.jpg",""
"https://www.hepsiemlak.com/aydin-soke-agacli-kiralik/villa/132513-428","1 / 40","10.000","14/07/2026","Ağaçlı Bölge Sinde Kiralık Villa","Kiralık Villa","4 + 2","500 m²","6 Yaşında","·","Kat","Bahçe Katı","Aydın / Söke / Ağaçlı Mah.","https://hecdnnw.hemlak.com/mncropresize/77/67/logo/3/1/5/2/3/1/c12537cb-8b60-4eb6-a252-779a29f50d27.jpg","Gold Life Cengiz Emlak","WhatsApp","","",""
"https://www.hepsiemlak.com/aydin-kusadasi-davutlar-kiralik/daire/135091-224","1 / 15","50.000","05/07/2026","Kiralık Daire Eşyalı 1+1","Kiralık Daire","1 + 1","60 m²","6 Yaşında","·","Kat","2. Kat","Aydın / Kuşadası / Davutlar Mah.","","Ege Point Emlak","WhatsApp","Nejdet
                  Atik","https://hecdnnw.hemlak.com/mncropresize/77/67/firmuser/5/5/9/3/1/6/3/7cf1df7f-8b85-48df-9daf-ac84db11d3ec.jpg",""
"https://www.hepsiemlak.com/aydin-nazilli-sumer-kiralik/daire/124111-246","1 / 15","14.500","01/09/2026","Nazilli Sümer Mah. Full Eşyalı Kiralık 2+0 Doğalgazlı Daire","Kiralık Daire","2 + 0","70 m²","5 Yaşında","·","Kat","2. Kat","Aydın / Nazilli / Sümer Mah.","","Ege Royal Yapı","WhatsApp","Ege Royal
                  Yapı","https://hecdnnw.hemlak.com/mncropresize/77/67/firmuser/7/8/9/0/3/9/2/b7007570-c3d4-4563-8b0e-864d8233f3f0.jpg",""
"https://www.hepsiemlak.com/aydin-didim-altinkum-kiralik/daire/47174-879","1 / 15","50.000","30/08/2026","Denize Sıfır Dubleks","Kiralık Daire","2 + 1","120 m²","11 Yaşında","·","Kat","1. Kat","Aydın / Didim / Altınkum Mah.","https://hecdn01.hemlak.com/mncropresize/182/137/ds01/0/1/7/9/1/4/6/4/ee93248c-5b48-435c-883c-a31cd223098c.jpg","Mai Emlak","WhatsApp","","https://hecdnnw.hemlak.com/mncropresize/77/67/logo/4/7/1/7/4/0/3bdf5339-e1ce-4904-85b4-86ca457f8196.jpg",""
"https://www.hepsiemlak.com/aydin-efeler-zafer-kiralik/daire/79589-1453","1 / 16","23.000","08/09/2026","Ful Eşyalı 2+0 Kiralık Daire","Kiralık Daire","2 + 0","80 m²","11 Yaşında","·","Kat","1. Kat","Aydın / Efeler / Zafer Mah.","https://www.hepsiemlak.com/_nuxt/8cafc93fb5c74c75e9e04e528e02ccdf.jpg","Ege Ayyıldız Gayrimenkul","WhatsApp","Fatih
                  Erol","https://www.hepsiemlak.com/_nuxt/8cafc93fb5c74c75e9e04e528e02ccdf.jpg","https://www.hepsiemlak.com/_nuxt/8cafc93fb5c74c75e9e04e528e02ccdf.jpg"
"https://www.hepsiemlak.com/aydin-efeler-orta-kiralik/daire/95325-627","1 / 19","15.000","03/07/2026","Efeler Orta Mah.Selanik Caddesinde Kiralık Eşyalı Daire","Kiralık Daire","1 + 1","45 m²","10 Yaşında","·","Kat","1. Kat","Aydın / Efeler / Orta Mah.","https://www.hepsiemlak.com/_nuxt/8cafc93fb5c74c75e9e04e528e02ccdf.jpg","Metropol Gayrimenkul","WhatsApp","","https://www.hepsiemlak.com/_nuxt/8cafc93fb5c74c75e9e04e528e02ccdf.jpg",""
"https://www.hepsiemlak.com/aydin-efeler-cuma-kiralik/daire/124509-241","1 / 10","22.000","08/07/2026","Aydın Merkez Cuma Mahallesi Eşyalı 1+1 Kiralık Daire","Kiralık Daire","1 + 1","50 m²","6 Yaşında","·","Kat","3. Kat","Aydın / Efeler / Cuma Mah.","https://www.hepsiemlak.com/_nuxt/8cafc93fb5c74c75e9e04e528e02ccdf.jpg","Merkez Emlak","WhatsApp","","https://www.hepsiemlak.com/_nuxt/8cafc93fb5c74c75e9e04e528e02ccdf.jpg",""
"https://www.hepsiemlak.com/aydin-efeler-hasanefendi-ramazan-pasa-kiralik/daire/40599-4368","1 / 39","28.000","27/08/2026","Hb'den 3+1 Kiralık Daire, H.Efendi Mahallesi Ara Kat Doğalgazlı","Kiralık Daire","3 + 1","140 m²","35 Yaşında","·","Kat","3. Kat","Aydın / Efeler / Hasanefendi - Ramazan Paşa Mah.","https://www.hepsiemlak.com/_nuxt/8cafc93fb5c74c75e9e04e528e02ccdf.jpg","Hb Gayrimenkul","WhatsApp","","https://www.hepsiemlak.com/_nuxt/8cafc93fb5c74c75e9e04e528e02ccdf.jpg",""
"https://www.hepsiemlak.com/aydin-kusadasi-turkmen-kiralik/daire/0-47096788","1 / 7","28.500","10/08/2026","Sahibinden Sahile 5 Dk Yürüme Mesafesinde, Eşyalı 1+1","Kiralık Daire","1 + 1","70 m²","25 Yaşında","·","Kat","En Üst Kat","Aydın / Kuşadası / Türkmen Mah.","https://www.hepsiemlak.com/_nuxt/8cafc93fb5c74c75e9e04e528e02ccdf.jpg","","WhatsApp","","",""
"https://www.hepsiemlak.com/aydin-efeler-zafer-kiralik/daire/95910-2375","1 / 31","15.000","18/06/2026","Aydın Efeler Zafer Mahallesi 2+1 Ara Kat Kiralık Daire","Kiralık Daire","2 + 1","117 m²","40 Yaşında","·","Kat","3. Kat","Aydın / Efeler / Zafer Mah.","https://www.hepsiemlak.com/_nuxt/8cafc93fb5c74c75e9e04e528e02ccdf.jpg","","WhatsApp","","",""
"https://www.hepsiemlak.com/aydin-didim-akbuk-kiralik/daire/105491-230","1 / 17","23.000","28/07/2026","Havuzlu Sitede Eşyasız Kiralık Daire","Kiralık Daire","2 + 1","100 m²","5 Yaşında","·","Kat","Bahçe Katı","Aydın / Didim / Akbük Mah.","https://www.hepsiemlak.com/_nuxt/8cafc93fb5c74c75e9e04e528e02ccdf.jpg","Turpa Kartal Emlak İnşaat","WhatsApp","","https://www.hepsiemlak.com/_nuxt/8cafc93fb5c74c75e9e04e528e02ccdf.jpg",""
"https://www.hepsiemlak.com/aydin-kusadasi-degirmendere-kiralik/daire/28110-16580","1 / 25","60.000","29/08/2026","Kuşadası Ada Poınt Sıtesı’nde Sıfır 3+1 Kıralık | Tüm Odalardan Denız Manzarası","Kiralık Daire","3 + 1","145 m²","Sıfır Bina","·","Kat","En Üst Kat","Aydın / Kuşadası / Değirmendere Mah.","https://www.hepsiemlak.com/_nuxt/8cafc93fb5c74c75e9e04e528e02ccdf.jpg","Remax Pasha 1","WhatsApp","","https://www.hepsiemlak.com/_nuxt/8cafc93fb5c74c75e9e04e528e02ccdf.jpg",""
"https://www.hepsiemlak.com/aydin-nazilli-isabeyli-kiralik/daire/134615-799","1 / 11","6.000","17/08/2026","1+0 Eşyalı Kiralık Daire","Kiralık Daire","Stüdyo","30 m²","25 Yaşında","·","Kat","Giriş Katı","Aydın / Nazilli / İsabeyli Mah.","https://www.hepsiemlak.com/_nuxt/8cafc93fb5c74c75e9e04e528e02ccdf.jpg","Dyg Danışmanlık Hizmetleri","WhatsApp","Avni
                  Demir","","https://www.hepsiemlak.com/_nuxt/8cafc93fb5c74c75e9e04e528e02ccdf.jpg"
"https://www.hepsiemlak.com/aydin-efeler-guzelhisar-kiralik/daire/159596-55","1 / 10","25.000","16/08/2026","Merkezi Konumda Lüx Daire","Kiralık Daire","1 + 1","55 m²","2 Yaşında","·","Kat","1. Kat","Aydın / Efeler / Güzelhisar Mah.","https://www.hepsiemlak.com/_nuxt/8cafc93fb5c74c75e9e04e528e02ccdf.jpg","Yüksel Gayrimenkul","WhatsApp","Mustafa
                  Yüksel","","https://www.hepsiemlak.com/_nuxt/8cafc93fb5c74c75e9e04e528e02ccdf.jpg"
"https://www.hepsiemlak.com/aydin-kusadasi-davutlar-kiralik/daire/104606-981","1 / 23","20.000","21/07/2026","Kuşadası Davutlar Mh De Kiralık 1+1 Daire","Kiralık Daire","1 + 1","75 m²","9 Yaşında","·","Kat","1. Kat","Aydın / Kuşadası / Davutlar Mah.","https://www.hepsiemlak.com/_nuxt/8cafc93fb5c74c75e9e04e528e02ccdf.jpg","Coldwell Banker Ada","WhatsApp","","https://www.hepsiemlak.com/_nuxt/8cafc93fb5c74c75e9e04e528e02ccdf.jpg",""
"https://www.hepsiemlak.com/aydin-kusadasi-degirmendere-kiralik/daire/135091-220","1 / 16","25.000","20/08/2026","Havuzlu Site İçinde Boş Daire","Kiralık Daire","1 + 1","50 m²","5 Yaşında","·","Kat","2. Kat","Aydın / Kuşadası / Değirmendere Mah.","https://www.hepsiemlak.com/_nuxt/8cafc93fb5c74c75e9e04e528e02ccdf.jpg","Ege Point Emlak","WhatsApp","Nejdet
                  Atik","","https://www.hepsiemlak.com/_nuxt/8cafc93fb5c74c75e9e04e528e02ccdf.jpg"
"https://www.hepsiemlak.com/aydin-nazilli-isabeyli-kiralik/daire/123971-1123","1 / 12","12.000","26/06/2026","Aydın Nazilli İsabeyli Mahallesinde Kiralık 1+1 Eşyalı Daire","Kiralık Daire","1 + 1","60 m²","9 Yaşında","·","Kat","2. Kat","Aydın / Nazilli / İsabeyli Mah.","https://www.hepsiemlak.com/_nuxt/8cafc93fb5c74c75e9e04e528e02ccdf.jpg","Parador Gayrimenkul","WhatsApp","","https://www.hepsiemlak.com/_nuxt/8cafc93fb5c74c75e9e04e528e02ccdf.jpg",""
"https://www.hepsiemlak.com/aydin-efeler-efeler-kiralik/daire/68088-1413","1 / 13","27.500","31/08/2026","Rw Alyanstan Kiralık Temiz 2+1 Daire","Kiralık Daire","2 + 1","110 m²","6 Yaşında","·","Kat","2. Kat","Aydın / Efeler / Efeler Mah.","https://www.hepsiemlak.com/_nuxt/8cafc93fb5c74c75e9e04e528e02ccdf.jpg","Realty World Alyans Gayrimenkul","","","https://www.hepsiemlak.com/_nuxt/8cafc93fb5c74c75e9e04e528e02ccdf.jpg",""
"https://www.hepsiemlak.com/aydin-nazilli-sumer-kiralik/daire/170178-13","1 / 9","14.000","21/08/2026","Aydın Nazilli Sümer Mah Eşyalı Kiralık Daire","Kiralık Daire","Stüdyo","55 m²","5 Yaşında","·","Kat","1. Kat","Aydın / Nazilli / Sümer Mah.","https://www.hepsiemlak.com/_nuxt/8cafc93fb5c74c75e9e04e528e02ccdf.jpg","","WhatsApp","","",""
"https://www.hepsiemlak.com/aydin-kusadasi-cumhuriyet-kiralik/daire/104189-3978","1 / 18","35.000","20/08/2026","Kuşadası Merkezde İçi Yapılı 2+1 Boş","Kiralık Daire","2 + 1","80 m²","26 Yaşında","·","Kat","1. Kat","Aydın / Kuşadası / Cumhuriyet Mah.","https://www.hepsiemlak.com/_nuxt/8cafc93fb5c74c75e9e04e528e02ccdf.jpg","Egemen Gayrimenkul Kuşadası","WhatsApp","","https://www.hepsiemlak.com/_nuxt/8cafc93fb5c74c75e9e04e528e02ccdf.jpg",""
"https://www.hepsiemlak.com/aydin-efeler-zafer-kiralik/daire/98556-347","1 / 13","19.000","09/07/2026","Doğalgazlı Eşyalı 2+0 Kiralık Daire","Kiralık Daire","2 + 0","95 m²","6 Yaşında","·","Kat","2. Kat","Aydın / Efeler / Zafer Mah.","https://www.hepsiemlak.com/_nuxt/8cafc93fb5c74c75e9e04e528e02ccdf.jpg","Elit Emlak Recep Şekerci","WhatsApp","","https://www.hepsiemlak.com/_nuxt/8cafc93fb5c74c75e9e04e528e02ccdf.jpg",""
"https://www.hepsiemlak.com/aydin-kusadasi-degirmendere-kiralik/daire/148837-1549","1 / 45","40.000","25/08/2026","Kuşadası'nın En Yeni Projelerinden Nest108'de Kiralık 2+1'ler","Kiralık Daire","2 + 1","110 m²","Sıfır Bina","·","Kat","1. Kat","Aydın / Kuşadası / Değirmendere Mah.","https://www.hepsiemlak.com/_nuxt/8cafc93fb5c74c75e9e04e528e02ccdf.jpg","Remax Pasha 1","WhatsApp","","https://www.hepsiemlak.com/_nuxt/8cafc93fb5c74c75e9e04e528e02ccdf.jpg",""
"https://www.hepsiemlak.com/aydin-kusadasi-guzelcamli-kiralik/villa/25088-1505","1 / 12","60.000","21/07/2026","Güzelçamlı Da Denize Sıfır Kiralık Yazlık","Kiralık Villa","3 + 1","150 m²","31 Yaşında","·","Kat","Bahçe Katı","Aydın / Kuşadası / Güzelçamlı Mah.","https://www.hepsiemlak.com/_nuxt/8cafc93fb5c74c75e9e04e528e02ccdf.jpg","Ycs Emlak","WhatsApp","","https://www.hepsiemlak.com/_nuxt/8cafc93fb5c74c75e9e04e528e02ccdf.jpg",""
"https://www.hepsiemlak.com/aydin-efeler-zafer-kiralik/daire/135805-389","1 / 9","15.000","05/09/2026","Aydın Kiralık Full Eşyalı 1+1 Daire","Kiralık Daire","1 + 1","35 m²","11 Yaşında","·","Kat","1. Kat","Aydın / Efeler / Zafer Mah.","https://www.hepsiemlak.com/_nuxt/8cafc93fb5c74c75e9e04e528e02ccdf.jpg","Derya Emlak","WhatsApp","Ramazan
                  Göbek","https://www.hepsiemlak.com/_nuxt/8cafc93fb5c74c75e9e04e528e02ccdf.jpg","https://www.hepsiemlak.com/_nuxt/8cafc93fb5c74c75e9e04e528e02ccdf.jpg"
"https://www.hepsiemlak.com/aydin-efeler-mesudiye-kiralik/daire/79589-1419","1 / 13","21.500","25/07/2026","Batı Gazi Bulvarı Üzerinde Ful Eşyalı 1+1 Daire","Kiralık Daire","1 + 1","70 m²","6 Yaşında","·","Kat","3. Kat","Aydın / Efeler / Mesudiye Mah.","https://hecdnnw.hemlak.com/mncropresize/77/67/logo/9/8/5/9/7/0/ee2d37a2-189a-4713-98c2-6620b52f3047.PNG","Ege Ayyıldız Gayrimenkul","WhatsApp","Fatih
                  Erol","https://hecdnnw.hemlak.com/mncropresize/77/67/firmuser/1/1/2/1/3/5/1/0f117c18-53ef-495b-bd4e-b8950314e059.jpg",""
"https://www.hepsiemlak.com/aydin-efeler-cumhuriyet-kiralik/daire/95910-2360","1 / 30","17.000","25/08/2026","Aydın Efeler Cumhuriyet Mahallesi 2+1 Doğalgazlı Kiralık Daire","Kiralık Daire","2 + 1","110 m²","30 Yaşında","·","Kat","4. Kat","Aydın / Efeler / Cumhuriyet Mah.","","","WhatsApp","","",""
"https://www.hepsiemlak.com/aydin-efeler-kurtulus-kiralik/daire/40599-4527","1 / 33","25.000","24/08/2026","Hb'den 3+1 Eşyalı Kiralık Daire, Şehir Merkezinde, Klimalı","Kiralık Daire","3 + 1","117 m²","35 Yaşında","·","Kat","Ara Kat","Aydın / Efeler / Kurtuluş Mah.","https://hecdnnw.hemlak.com/mncropresize/77/67/logo/9/9/5/0/4/0/8d577b10-7de9-458a-a645-468b4f92d230.jpg","Hb Gayrimenkul","WhatsApp","","",""
"https://www.hepsiemlak.com/aydin-incirliova-cumhuriyet-kiralik/daire/79331-228","1 / 32","32.000","31/07/2026","İncirliova Cadde Üzerinde Kiralık Dubleks Daire","Kiralık Daire","5 + 1","220 m²","6 Yaşında","·","Kat","7. Kat","Aydın / İncirliova / Cumhuriyet Mah.","https://hecdn01.hemlak.com/mncropresize/182/137/ds01/9/3/9/0/4/8/6/4/f199d85b-e55e-48d4-a576-9851a2d2ade7.jpg","Stil Gayrimenkul","WhatsApp","","https://hecdnnw.hemlak.com/mncropresize/77/67/logo/1/3/3/9/7/0/4607f431-31cf-401f-9409-ae21b6ad46c2.jpg",""
"https://www.hepsiemlak.com/aydin-didim-altinkum-kiralik/daire/47174-936","1 / 11","7.500","10/08/2026","Altınkum Sahiline Sıfır Konumda 1+1 Daire !","Kiralık Daire","1 + 1","50 m²","2 Yaşında","·","Kat","1. Kat","Aydın / Didim / Altınkum Mah.","https://www.hepsiemlak.com/_nuxt/8cafc93fb5c74c75e9e04e528e02ccdf.jpg","Mai Emlak","WhatsApp","","https://www.hepsiemlak.com/_nuxt/8cafc93fb5c74c75e9e04e528e02ccdf.jpg",""
"https://www.hepsiemlak.com/aydin-nazilli-isabeyli-kiralik/daire/123971-1120","1 / 11","14.000","20/06/2026","Aydın Nazilli İsabeyli Mahallesinde Kiralık 1+1 Eşyalı Daire","Kiralık Daire","1 + 1","50 m²","8 Yaşında","·","Kat","3. Kat","Aydın / Nazilli / İsabeyli Mah.","https://www.hepsiemlak.com/_nuxt/8cafc93fb5c74c75e9e04e528e02ccdf.jpg","Parador Gayrimenkul","WhatsApp","","https://www.hepsiemlak.com/_nuxt/8cafc93fb5c74c75e9e04e528e02ccdf.jpg",""
"https://www.hepsiemlak.com/aydin-efeler-orta-kiralik/daire/163274-74","1 / 8","15.500","17/08/2026","Aydın Orta Mah. Kiralık 1+1 Eşyalı Daire","Kiralık Daire","1 + 1","45 m²","5 Yaşında","·","Kat","1. Kat","Aydın / Efeler / Orta Mah.","https://www.hepsiemlak.com/_nuxt/8cafc93fb5c74c75e9e04e528e02ccdf.jpg","Erbaş Class Emlak & Gayrimenkul","WhatsApp","Melih
                  Erbaş","https://www.hepsiemlak.com/_nuxt/8cafc93fb5c74c75e9e04e528e02ccdf.jpg","https://www.hepsiemlak.com/_nuxt/8cafc93fb5c74c75e9e04e528e02ccdf.jpg"
"https://www.hepsiemlak.com/aydin-efeler-orta-kiralik/daire/71291-2952","1 / 23","16.000","27/07/2026","Gazi Emlak’tan Efeler Orta Mah. 213 Sk. Ayrı Mutfaklı 2+1 Daire Kiralıktır","Kiralık Daire","2 + 1","100 m²","9 Yaşında","·","Kat","4. Kat","Aydın / Efeler / Orta Mah.","https://www.hepsiemlak.com/_nuxt/8cafc93fb5c74c75e9e04e528e02ccdf.jpg","Gazi Emlak","WhatsApp","","https://www.hepsiemlak.com/_nuxt/8cafc93fb5c74c75e9e04e528e02ccdf.jpg",""
"https://www.hepsiemlak.com/aydin-soke-konak-kiralik/daire/117333-781","1 / 14","25.000","24/06/2026","İşyeri Veya Konut Olarak Kullanılabilecek 2+1 Kiralık Daire","Kiralık Daire","2 + 1","70 m²","26 Yaşında","·","Kat","2. Kat","Aydın / Söke / Konak Mah.","https://www.hepsiemlak.com/_nuxt/8cafc93fb5c74c75e9e04e528e02ccdf.jpg","Realty World Priene Gayrimenkul","WhatsApp","","https://www.hepsiemlak.com/_nuxt/8cafc93fb5c74c75e9e04e528e02ccdf.jpg",""
"https://www.hepsiemlak.com/aydin-kusadasi-degirmendere-kiralik/daire/148837-1548","1 / 36","32.000","20/06/2026","Kuşadası'nın En Yeni Projelerinden Nest108'de Kiralık 1+1'ler","Kiralık Daire","1 + 1","75 m²","Sıfır Bina","·","Kat","1. Kat","Aydın / Kuşadası / Değirmendere Mah.","https://www.hepsiemlak.com/_nuxt/8cafc93fb5c74c75e9e04e528e02ccdf.jpg","Remax Pasha 1","WhatsApp","","https://www.hepsiemlak.com/_nuxt/8cafc93fb5c74c75e9e04e528e02ccdf.jpg",""
"https://www.hepsiemlak.com/aydin-nazilli-isabeyli-kiralik/daire/107141-1","1 / 20","12.000","29/07/2026","İsabeyli Emlaktan Kiralık 1+1","Kiralık Daire","1 + 1","65 m²","4 Yaşında","·","Kat","3. Kat","Aydın / Nazilli / İsabeyli Mah.","https://www.hepsiemlak.com/_nuxt/8cafc93fb5c74c75e9e04e528e02ccdf.jpg","İsabeyli Emlak","WhatsApp","","https://www.hepsiemlak.com/_nuxt/8cafc93fb5c74c75e9e04e528e02ccdf.jpg",""
"https://www.hepsiemlak.com/aydin-efeler-kurtulus-kiralik/daire/40599-4468","1 / 30","21.000","25/08/2026","Hb'den 2+1 Kiralık Daire,Ayrı Mutfak/ara Kat/doğalgazlı","Kiralık Daire","2 + 1","110 m²","35 Yaşında","·","Kat","2. Kat","Aydın / Efeler / Kurtuluş Mah.","https://www.hepsiemlak.com/_nuxt/8cafc93fb5c74c75e9e04e528e02ccdf.jpg","Hb Gayrimenkul","WhatsApp","","https://www.hepsiemlak.com/_nuxt/8cafc93fb5c74c75e9e04e528e02ccdf.jpg",""
"https://www.hepsiemlak.com/aydin-nazilli-isabeyli-kiralik/daire/160026-54","1 / 11","12.500","04/09/2026","İsabeylide 2+1 Full Eşyalı Kiralık Daire","Kiralık Daire","2 + 1","60 m²","8 Yaşında","·","Kat","Çatı Katı","Aydın / Nazilli / İsabeyli Mah.","https://www.hepsiemlak.com/_nuxt/8cafc93fb5c74c75e9e04e528e02ccdf.jpg","Duru Emlak","WhatsApp","","https://www.hepsiemlak.com/_nuxt/8cafc93fb5c74c75e9e04e528e02ccdf.jpg",""
"https://www.hepsiemlak.com/aydin-didim-akbuk-kiralik/daire/105491-236","1 / 11","28.000","01/09/2026","Didim Akbük'te Kiralık Eşyalı Daire- Denize Yakın Mesafede","Kiralık Daire","2 + 1","125 m²","6 Yaşında","·","Kat","Yüksek Giriş","Aydın / Didim / Akbük Mah.","https://www.hepsiemlak.com/_nuxt/8cafc93fb5c74c75e9e04e528e02ccdf.jpg","Turpa Kartal Emlak İnşaat","WhatsApp","","https://www.hepsiemlak.com/_nuxt/8cafc93fb5c74c75e9e04e528e02ccdf.jpg",""
"https://www.hepsiemlak.com/aydin-efeler-orta-kiralik/daire/95910-2358","1 / 26","28.000","01/09/2026","Aydın Efeler Orta Mahalle 2+0 Doğal Gazlı Kiralık Daire","Kiralık Daire","2 + 1","85 m²","8 Yaşında","·","Kat","5. Kat","Aydın / Efeler / Orta Mah.","https://www.hepsiemlak.com/_nuxt/8cafc93fb5c74c75e9e04e528e02ccdf.jpg","","WhatsApp","","",""
"https://www.hepsiemlak.com/aydin-didim-camlik-kiralik/daire/148098-1087","1 / 26","38.000","31/08/2026","Çamlıkta | Teraslı | Deniz Manzaralı | Kiralık 3+1 Dubleks","Kiralık Daire","3 + 1","185 m²","16 Yaşında","·","Kat","Çatı Katı","Aydın / Didim / Çamlık Mah.","https://www.hepsiemlak.com/_nuxt/8cafc93fb5c74c75e9e04e528e02ccdf.jpg","Remax Cool","WhatsApp","","https://www.hepsiemlak.com/_nuxt/8cafc93fb5c74c75e9e04e528e02ccdf.jpg",""
"https://www.hepsiemlak.com/aydin-efeler-girne-kiralik/daire/160231-186","1 / 19","19.500","10/07/2026","Tued'den Girne Mahallesinde Kiralık Daire","Kiralık Daire","2 + 1","60 m²","6 Yaşında","·","Kat","2. Kat","Aydın / Efeler / Girne Mah.","https://www.hepsiemlak.com/_nuxt/8cafc93fb5c74c75e9e04e528e02ccdf.jpg","Tued Gayrimenkul","WhatsApp","","https://www.hepsiemlak.com/_nuxt/8cafc93fb5c74c75e9e04e528e02ccdf.jpg",""
"https://www.hepsiemlak.com/aydin-kusadasi-kadikalesi-kiralik/villa/140367-507","1 / 17","150.000","27/07/2026","Kuşadası Nazilli Sitesinde Denize 100m.Kiralık Yazlık","Kiralık Villa","2 + 1","110 m²","31 Yaşında","·","Kat","Bahçe Katı","Aydın / Kuşadası / Kadıkalesi Mah.","https://www.hepsiemlak.com/_nuxt/8cafc93fb5c74c75e9e04e528e02ccdf.jpg","","WhatsApp","","",""
"https://www.hepsiemlak.com/aydin-efeler-zafer-kiralik/daire/98556-335","1 / 7","20.000","15/06/2026","Doğalgazlı Eşyalı 2 + 0 Kıralık Daıre","Kiralık Daire","2 + 0","90 m²","5 Yaşında","·","Kat","3. Kat","Aydın / Efeler / Zafer Mah.","https://www.hepsiemlak.com/_nuxt/8cafc93fb5c74c75e9e04e528e02ccdf.jpg","Elit Emlak Recep Şekerci","WhatsApp","","https://www.hepsiemlak.com/_nuxt/8cafc93fb5c74c75e9e04e528e02ccdf.jpg",""
"https://www.hepsiemlak.com/aydin-kusadasi-ege-kiralik/villa/156400-52","1 / 15","80.000","25/06/2026","Kuşadası Efes Evlerinde Kiralık Full Eşyalı Havuzlu Villa","Kiralık Villa","2 + 0","170 m²","15 Yaşında","·","Kat","","Aydın / Kuşadası / Ege Mah.","https://www.hepsiemlak.com/_nuxt/8cafc93fb5c74c75e9e04e528e02ccdf.jpg","","WhatsApp","","",""
"https://www.hepsiemlak.com/aydin-kusadasi-sogucak-kiralik/yazlik/0-46759679","1 / 22","40.000","16/06/2026","Havuzlu Site İçinde Müstakil Villa Tipi Yazlık","Kiralık Yazlık","2 + 1","110 m²","30 Yaşında","·","Kat","Villa Katı","Aydın / Kuşadası / Soğucak Mah.","https://www.hepsiemlak.com/_nuxt/8cafc93fb5c74c75e9e04e528e02ccdf.jpg","","WhatsApp","","",""
"https://www.hepsiemlak.com/aydin-kusadasi-guzelcamli-kiralik/daire/0-46737884","1 / 15","32.000","22/08/2026","Yazlık Kışlık Ev","Kiralık Daire","3 + 1","120 m²","8 Yaşında","·","Kat","2. Kat","Aydın / Kuşadası / Güzelçamlı Mah.","https://www.hepsiemlak.com/_nuxt/8cafc93fb5c74c75e9e04e528e02ccdf.jpg","","WhatsApp","","",""
"https://www.hepsiemlak.com/aydin-kusadasi-karaova-kiralik/villa/0-44617451","1 / 19","70.000","11/08/2026","Sahibinden Yazlık Kuşadası / Davutlar","Kiralık Villa","3 + 1","100 m²","10 Yaşında","·","Kat","","Aydın / Kuşadası / Karaova Mah.","https://www.hepsiemlak.com/_nuxt/8cafc93fb5c74c75e9e04e528e02ccdf.jpg","","WhatsApp","","",""
"https://www.hepsiemlak.com/aydin-efeler-guzelhisar-kiralik/daire/68088-1401","1 / 29","34.000","04/09/2026","Rw Alyanstan Bohem Tarzı Güzelhisarda Kiralık 1+1 Sıfır Eşyalı","Kiralık Daire","1 + 1","55 m²","1 Yaşında","·","Kat","5. Kat","Aydın / Efeler / Güzelhisar Mah.","https://www.hepsiemlak.com/_nuxt/8cafc93fb5c74c75e9e04e528e02ccdf.jpg","Realty World Alyans Gayrimenkul","WhatsApp","","https://www.hepsiemlak.com/_nuxt/8cafc93fb5c74c75e9e04e528e02ccdf.jpg",""
"https://www.hepsiemlak.com/aydin-efeler-mimar-sinan-kiralik/daire/0-44868346","1 / 14","24.000","25/08/2026","Sahibinden Tekstilciler Sitesi Kiralık 3+1 Daire","Kiralık Daire","3 + 1","120 m²","25 Yaşında","·","Kat","2. Kat","Aydın / Efeler / Mimar Sinan Mah.","","","WhatsApp","","",""
"https://www.hepsiemlak.com/aydin-efeler-orta-kiralik/daire/160231-173","1 / 18","15.000","09/07/2026","Depozito Yok! Eşyalı Kiralık Daire Kaçırılmayacak Fırsat!","Kiralık Daire","1 + 1","50 m²","6 Yaşında","·","Kat","4. Kat","Aydın / Efeler / Orta Mah.","https://hecdnnw.hemlak.com/mncropresize/77/67/logo/1/3/2/0/6/1/9589cf90-104d-41bb-bab4-478685a68c6e.jpg","Tued Gayrimenkul","WhatsApp","","",""
"https://www.hepsiemlak.com/aydin-karacasu-yaylali-kiralik/daire/94741-431","1 / 8","20.000","25/08/2026","Çölgezen Gayrimenkulden Eşyalı Kiralık Daire","Kiralık Daire","2 + 1","100 m²","25 Yaşında","·","Kat","Yüksek Giriş","Aydın / Karacasu / Yaylalı Mah.","","","WhatsApp","","",""
"https://www.hepsiemlak.com/aydin-soke-yenikent-kiralik/daire/117333-743","1 / 7","19.000","07/08/2026","Üniversiteye 70 M Mesafe De Kiralık Full Eşyalı 2+0","Kiralık Daire","2 + 0","70 m²","6 Yaşında","·","Kat","3. Kat","Aydın / Söke / Yenikent Mah.","https://hecdn01.hemlak.com/mncropresize/182/137/ds01/5/4/9/2/3/9/5/4/2049aec2-8748-4dbc-801c-7eeb8183468b.jpg","Realty World Priene Gayrimenkul","WhatsApp","","https://hecdnnw.hemlak.com/mncropresize/77/67/logo/3/3/3/7/1/1/52280bf2-d9af-485b-9b6e-73dcb4d57ee4.jpg",""
"https://www.hepsiemlak.com/aydin-nazilli-cumhuriyet-kiralik/daire/161089-3","1 / 30","19.500","09/08/2026","Şehrin Tam Merkezinde Doğalgazlı 3+1 Kiralık Daire Veya Ofis","Kiralık Daire","3 + 1","160 m²","21 Yaşında","·","Kat","2. Kat","Aydın / Nazilli / Cumhuriyet Mah.","https://www.hepsiemlak.com/_nuxt/8cafc93fb5c74c75e9e04e528e02ccdf.jpg","Grand Egelim Emlak","WhatsApp","Mehmet
                  Çoban","","https://www.hepsiemlak.com/_nuxt/img/no-image-user.6f6a83e.svg"
"https://www.hepsiemlak.com/aydin-efeler-koprulu-veysipasa-kiralik/daire/95910-2325","1 / 23","13.000","28/07/2026","Aydın Efeler Köprülü Mahallesi 2+1 Kiralık Daire","Kiralık Daire","2 + 1","100 m²","45 Yaşında","·","Kat","3. Kat","Aydın / Efeler / Köprülü - Veysipaşa Mah.","https://www.hepsiemlak.com/_nuxt/8cafc93fb5c74c75e9e04e528e02ccdf.jpg","","WhatsApp","","",""
"https://www.hepsiemlak.com/aydin-kusadasi-davutlar-kiralik/yazlik/0-46525038","1 / 13","7.000","24/08/2026","Sahibinden Kiralık Yazlık Davutlar Sevgi Plajı Yanı Çogay Sitesi","Kiralık Yazlık","3 + 1","320 m²","20 Yaşında","·","Kat","Villa Katı","Aydın / Kuşadası / Davutlar Mah.","https://www.hepsiemlak.com/_nuxt/8cafc93fb5c74c75e9e04e528e02ccdf.jpg","","WhatsApp","","",""
"https://www.hepsiemlak.com/aydin-kusadasi-kadinlar-denizi-kiralik/residence/28110-16256","1 / 50","59.000","05/08/2026","Kadınlar Denizi Ata Residence 2+1 Kısmi Deniz Manzaralı Kiralık Daire","Kiralık Residence","2 + 1","120 m²","Sıfır Bina","·","Kat","2. Kat","Aydın / Kuşadası / Kadınlar Denizi Mah.","https://www.hepsiemlak.com/_nuxt/8cafc93fb5c74c75e9e04e528e02ccdf.jpg","Remax Pasha 1","WhatsApp","","https://www.hepsiemlak.com/_nuxt/8cafc93fb5c74c75e9e04e528e02ccdf.jpg",""
"https://www.hepsiemlak.com/aydin-efeler-kurtulus-kiralik/daire/127968-548","1 / 24","20.000","07/07/2026","Aydın Kurtuluş Mah.1+1 Eşyalı Kıralık Daire","Kiralık Daire","1 + 1","65 m²","15 Yaşında","·","Kat","5. Kat","Aydın / Efeler / Kurtuluş Mah.","https://www.hepsiemlak.com/_nuxt/8cafc93fb5c74c75e9e04e528e02ccdf.jpg","İlke Gayrimenkul","WhatsApp","İlknur
                  Şener","https://www.hepsiemlak.com/_nuxt/8cafc93fb5c74c75e9e04e528e02ccdf.jpg","https://www.hepsiemlak.com/_nuxt/8cafc93fb5c74c75e9e04e528e02ccdf.jpg"
"https://www.hepsiemlak.com/aydin-nazilli-pinarbasi-kiralik/daire/137179-460","1 / 35","8.500","20/07/2026","Miray Emlaktan Pınarbaşı Mahallesinde Kiralık 2+1 Daire","Kiralık Daire","2 + 1","110 m²","21 Yaşında","·","Kat","3. Kat","Aydın / Nazilli / Pınarbaşı Mah.","https://www.hepsiemlak.com/_nuxt/8cafc93fb5c74c75e9e04e528e02ccdf.jpg","","WhatsApp","","",""
"https://www.hepsiemlak.com/aydin-kusadasi-karaova-kiralik/yazlik/104606-1232","1 / 34","37.000","22/08/2026","Kuşadası Karaova Efes Evlerinde Kiralık 4+1 Eşyalı Triplex Yazlık","Kiralık Yazlık","4 + 1","150 m²","12 Yaşında","·","Kat","Villa Katı","Aydın / Kuşadası / Karaova Mah.","https://www.hepsiemlak.com/_nuxt/8cafc93fb5c74c75e9e04e528e02ccdf.jpg","Coldwell Banker Ada","WhatsApp","","https://www.hepsiemlak.com/_nuxt/8cafc93fb5c74c75e9e04e528e02ccdf.jpg",""
"https://www.hepsiemlak.com/aydin-nazilli-isabeyli-kiralik/daire/166413-80","1 / 19","17.000","02/09/2026","Işık Gayrimenkul'den İsabeylide Sıfır Kiralık 3+0 Daire","Kiralık Daire","3 + 0","85 m²","Sıfır Bina","·","Kat","1. Kat","Aydın / Nazilli / İsabeyli Mah.","https://www.hepsiemlak.com/_nuxt/8cafc93fb5c74c75e9e04e528e02ccdf.jpg","Işık Gayrimenkul","WhatsApp","","https://www.hepsiemlak.com/img/loadings/noImage55-55.png",""
"https://www.hepsiemlak.com/aydin-nazilli-cumhuriyet-kiralik/daire/163523-72","1 / 19","18.000","17/07/2026","Şentürk Gayrimenkul | Merkezi Konumda | Geniş | 3+1| Asansörlü","Kiralık Daire","3 + 1","150 m²","26 Yaşında","·","Kat","6. Kat","Aydın / Nazilli / Cumhuriyet Mah.","https://www.hepsiemlak.com/_nuxt/8cafc93fb5c74c75e9e04e528e02ccdf.jpg","Şentürk Gayrimenkul","WhatsApp","","https://www.hepsiemlak.com/_nuxt/8cafc93fb5c74c75e9e04e528e02ccdf.jpg",""
"https://www.hepsiemlak.com/aydin-soke-konak-kiralik/daire/145776-66","1 / 38","20.000","12/07/2026","Aydın Söke Konak Kiralık Daire","Kiralık Daire","2 + 1","110 m²","30 Yaşında","·","Kat","En Üst Kat","Aydın / Söke / Konak Mah.","https://www.hepsiemlak.com/_nuxt/8cafc93fb5c74c75e9e04e528e02ccdf.jpg","","WhatsApp","","",""
"https://www.hepsiemlak.com/aydin-nazilli-isabeyli-kiralik/daire/123971-927","1 / 28","13.000","11/08/2026","Aydın Nazilli İsabeyli Mahallesinde Kiralık 1+1 Eşyalı Daire","Kiralık Daire","1 + 1","43 m²","5 Yaşında","·","Kat","Çatı Katı","Aydın / Nazilli / İsabeyli Mah.","https://www.hepsiemlak.com/_nuxt/8cafc93fb5c74c75e9e04e528e02ccdf.jpg","Parador Gayrimenkul","WhatsApp","Selin
                  Girgin","https://www.hepsiemlak.com/_nuxt/8cafc93fb5c74c75e9e04e528e02ccdf.jpg","https://www.hepsiemlak.com/_nuxt/8cafc93fb5c74c75e9e04e528e02ccdf.jpg"
"https://www.hepsiemlak.com/aydin-efeler-orta-kiralik/daire/40599-4429","1 / 15","16.000","21/08/2026","Hb'den 1+1 Eşyalı Kiralık Daire, Doğu Gazi Bulvarı'na Yakın","Kiralık Daire","1 + 1","50 m²","10 Yaşında","·","Kat","4. Kat","Aydın / Efeler / Orta Mah.","https://www.hepsiemlak.com/_nuxt/8cafc93fb5c74c75e9e04e528e02ccdf.jpg","Hb Gayrimenkul","WhatsApp","","https://www.hepsiemlak.com/_nuxt/8cafc93fb5c74c75e9e04e528e02ccdf.jpg",""
"https://www.hepsiemlak.com/aydin-germencik-camikebir-kiralik/daire/133820-171","1 / 13","22.000","20/07/2026","Germencik Merkez Çarşı İçinde Kiralık 2+1 Daire","Kiralık Daire","2 + 1","85 m²","6 Yaşında","·","Kat","2. Kat","Aydın / Germencik / Camikebir Mah.","https://www.hepsiemlak.com/_nuxt/8cafc93fb5c74c75e9e04e528e02ccdf.jpg","","WhatsApp","","",""
"https://www.hepsiemlak.com/aydin-kusadasi-kadinlar-denizi-kiralik/residence/28110-16254","1 / 48","59.000","05/08/2026","Kadınlar Denizi Ata Residence Deniz Manzaralı 2+1 Kiralık Çatı Dubleks Daire","Kiralık Residence","2 + 1","120 m²","Sıfır Bina","·","Kat","2. Kat","Aydın / Kuşadası / Kadınlar Denizi Mah.","https://www.hepsiemlak.com/_nuxt/8cafc93fb5c74c75e9e04e528e02ccdf.jpg","Remax Pasha 1","WhatsApp","","https://www.hepsiemlak.com/_nuxt/8cafc93fb5c74c75e9e04e528e02ccdf.jpg",""
"https://www.hepsiemlak.com/aydin-efeler-kurtulus-kiralik/daire/95910-2368","1 / 22","20.000","07/09/2026","Aydın Efeler Kurtuluş Mahallesi 1+1 Eşyalı Doğalgazlı Kiralık Daire","Kiralık Daire","1 + 1","50 m²","10 Yaşında","·","Kat","3. Kat","Aydın / Efeler / Kurtuluş Mah.","https://www.hepsiemlak.com/_nuxt/8cafc93fb5c74c75e9e04e528e02ccdf.jpg","","WhatsApp","","",""
"https://www.hepsiemlak.com/aydin-efeler-cumhuriyet-kiralik/daire/68088-1417","1 / 22","16.500","24/08/2026","Rw Alyanstan Cumhuriyet Mhde Kiralık 2+1 Daire","Kiralık Daire","2 + 1","90 m²","31 Yaşında","·","Kat","5. Kat","Aydın / Efeler / Cumhuriyet Mah.","https://www.hepsiemlak.com/_nuxt/8cafc93fb5c74c75e9e04e528e02ccdf.jpg","Realty World Alyans Gayrimenkul","WhatsApp","Hüseyin
                  Demir","https://www.hepsiemlak.com/_nuxt/8cafc93fb5c74c75e9e04e528e02ccdf.jpg","https://www.hepsiemlak.com/_nuxt/8cafc93fb5c74c75e9e04e528e02ccdf.jpg"
"https://www.hepsiemlak.com/aydin-efeler-orta-kiralik/daire/123511-857","1 / 16","11.000","16/08/2026","Aydın Orta Mahalle'de Kiralık Stüdyo Daire (1+0)","Kiralık Daire","Stüdyo","40 m²","4 Yaşında","·","Kat","4. Kat","Aydın / Efeler / Orta Mah.","https://www.hepsiemlak.com/_nuxt/8cafc93fb5c74c75e9e04e528e02ccdf.jpg","Premar Class","WhatsApp","","https://www.hepsiemlak.com/_nuxt/8cafc93fb5c74c75e9e04e528e02ccdf.jpg",""
"https://www.hepsiemlak.com/aydin-nazilli-isabeyli-kiralik/daire/107141-20","1 / 10","11.000","20/08/2026","Nazilli İsabeyli Mahallesisi Kiralık 1+1","Kiralık Daire","1 + 1","50 m²","6 Yaşında","·","Kat","Bahçe Katı","Aydın / Nazilli / İsabeyli Mah.","https://www.hepsiemlak.com/_nuxt/8cafc93fb5c74c75e9e04e528e02ccdf.jpg","İsabeyli Emlak","WhatsApp","","https://www.hepsiemlak.com/_nuxt/8cafc93fb5c74c75e9e04e528e02ccdf.jpg",""
"https://www.hepsiemlak.com/aydin-kusadasi-turkmen-kiralik/daire/130030-878","1 / 32","45.000","07/09/2026","Kuşadası Marinada İster Daire İster İş Yeri Olarak Kiralık Daire","Kiralık Daire","2 + 1","80 m²","21 Yaşında","·","Kat","3. Kat","Aydın / Kuşadası / Türkmen Mah.","https://www.hepsiemlak.com/_nuxt/8cafc93fb5c74c75e9e04e528e02ccdf.jpg","Cihan Gayrimenkul Kuşadası","WhatsApp","Cihan
                  Erdoğan","https://www.hepsiemlak.com/_nuxt/8cafc93fb5c74c75e9e04e528e02ccdf.jpg","https://www.hepsiemlak.com/_nuxt/8cafc93fb5c74c75e9e04e528e02ccdf.jpg"
"https://www.hepsiemlak.com/aydin-germencik-camikebir-kiralik/daire/0-46830497","1 / 11","19.000","28/06/2026","Kiralık Daire","Kiralık Daire","3 + 1","140 m²","30 Yaşında","·","Kat","Ara Kat","Aydın / Germencik / Camikebir Mah.","https://www.hepsiemlak.com/_nuxt/8cafc93fb5c74c75e9e04e528e02ccdf.jpg","","WhatsApp","","",""
"https://www.hepsiemlak.com/aydin-nazilli-sumer-kiralik/daire/147636-50","1 / 11","13.000","31/08/2026","Sümer Mahallesinde 2+0 Kiralık Daire","Kiralık Daire","2 + 0","90 m²","6 Yaşında","·","Kat","3. Kat","Aydın / Nazilli / Sümer Mah.","","Talha Emlak","WhatsApp","Hatice
                  Ayar","https://hecdnnw.hemlak.com/mncropresize/77/67/firmuser/7/8/9/5/8/1/4/b3fc7a1c-05ed-4df5-932e-7f07acacd004.jpg",""
"https://www.hepsiemlak.com/aydin-nazilli-yeni-kiralik/daire/0-46764282","1 / 11","20.000","23/08/2026","Sahibinden Zafer De Kaçırılmayacak Fırsat","Kiralık Daire","3 + 1","110 m²","25 Yaşında","·","Kat","Yüksek Giriş","Aydın / Nazilli / Yeni Mah.","","","WhatsApp","","",""
"https://www.hepsiemlak.com/aydin-efeler-cuma-kiralik/daire/78993-2131","1 / 10","16.500","02/09/2026","Cuma Mahallesinde Kiralık Eşyalı 1+1 Klimalı Merkezi Konumda","Kiralık Daire","1 + 1","45 m²","6 Yaşında","·","Kat","3. Kat","Aydın / Efeler / Cuma Mah.","https://hecdnnw.hemlak.com/mncropresize/77/67/logo/3/9/9/8/7/0/2a9d15d4-7c79-4482-ba23-2231b562b1a7.jpg","Pasha Gayrimenkul","WhatsApp","","",""
"https://www.hepsiemlak.com/aydin-kusadasi-guzelcamli-kiralik/villa/144118-267","1 / 27","55.000","08/07/2026","Denize 100 Metre, Deniz Manzaralı 4+1 Eşyalı Tripleks Kiralık","Kiralık Villa","4 + 1","165 m²","21 Yaşında","·","Kat","Bahçe Katı","Aydın / Kuşadası / Güzelçamlı Mah.","https://hecdn01.hemlak.com/mncropresize/182/137/ds01/4/9/5/9/4/8/6/4/8c46f03c-ef3f-46e6-bf55-9c4a07a6c9a9.jpg","Behre Emlak","WhatsApp","","https://hecdnnw.hemlak.com/mncropresize/77/67/logo/8/1/1/4/4/1/5f1a7be0-00ac-42e0-a44b-4092f6ed6d97.jpg",""
"https://www.hepsiemlak.com/aydin-nazilli-yeni-kiralik/daire/166413-58","1 / 17","19.000","03/08/2026","Nazilli'de Çarşı Mevki Kiralık 2+1 Doğalgazlı Daıre","Kiralık Daire","2 + 1","110 m²","21 Yaşında","·","Kat","4. Kat","Aydın / Nazilli / Yeni Mah.","https://www.hepsiemlak.com/_nuxt/8cafc93fb5c74c75e9e04e528e02ccdf.jpg","Işık Gayrimenkul","WhatsApp","","https://www.hepsiemlak.com/img/loadings/noImage55-55.png",""
"https://www.hepsiemlak.com/aydin-kusadasi-turkmen-kiralik/daire/28110-16081","1 / 35","70.000","27/07/2026","Kuşadası Marina Konakları Kiralık 3+1 Daire","Kiralık Daire","3 + 1","170 m²","20 Yaşında","·","Kat","4. Kat","Aydın / Kuşadası / Türkmen Mah.","https://www.hepsiemlak.com/_nuxt/8cafc93fb5c74c75e9e04e528e02ccdf.jpg","Remax Pasha 1","WhatsApp","","https://www.hepsiemlak.com/_nuxt/8cafc93fb5c74c75e9e04e528e02ccdf.jpg",""
"https://www.hepsiemlak.com/aydin-kusadasi-guzelcamli-kiralik/daire/121414-2242","1 / 9","20.000","06/08/2026","Kuşadası Güzelçamlık Da Denize 150 Mt Eşyalı 1+1daire","Kiralık Daire","1 + 1","60 m²","16 Yaşında","·","Kat","1. Kat","Aydın / Kuşadası / Güzelçamlı Mah.","https://www.hepsiemlak.com/_nuxt/8cafc93fb5c74c75e9e04e528e02ccdf.jpg","","WhatsApp","","",""
"https://www.hepsiemlak.com/aydin-kusadasi-alacamescit-kiralik/daire/0-45824454","1 / 10","4.000","28/08/2026","Kuşadası Merkezde Kiralık","Kiralık Daire","Stüdyo","10 m²","40 Yaşında","·","Kat","Giriş Katı","Aydın / Kuşadası / Alacamescit Mah.","https://www.hepsiemlak.com/_nuxt/8cafc93fb5c74c75e9e04e528e02ccdf.jpg","","WhatsApp","","",""
"https://www.hepsiemlak.com/aydin-nazilli-isabeyli-kiralik/daire/123971-1082","1 / 26","10.000","25/07/2026","Aydın Nazilli İsabeylide Eşyalı Kiralık 1+1 Balkonlu Daire","Kiralık Daire","1 + 1","50 m²","6 Yaşında","·","Kat","1. Kat","Aydın / Nazilli / İsabeyli Mah.","https://www.hepsiemlak.com/_nuxt/8cafc93fb5c74c75e9e04e528e02ccdf.jpg","Parador Gayrimenkul","WhatsApp","Selin
                  Girgin","https://www.hepsiemlak.com/_nuxt/8cafc93fb5c74c75e9e04e528e02ccdf.jpg","https://www.hepsiemlak.com/_nuxt/8cafc93fb5c74c75e9e04e528e02ccdf.jpg"
"https://www.hepsiemlak.com/aydin-soke-akcakonak-kiralik/mustakil-ev/56970-1008","1 / 26","13.000","18/06/2026","Söke Ege Emlak'tan Kiralık 3+1 Bahçeli Köy Evi","Kiralık Müstakil Ev","3 + 1","120 m²","35 Yaşında","·","Kat","","Aydın / Söke / Akçakonak Mah.","https://www.hepsiemlak.com/_nuxt/8cafc93fb5c74c75e9e04e528e02ccdf.jpg","","WhatsApp","","",""
"https://www.hepsiemlak.com/aydin-kusadasi-davutlar-kiralik/villa/72829-1834","1 / 22","120.000","27/06/2026","Kuşadası Davutlar Sahilinde Kiralık Eşyalı 4+1 Villa","Kiralık Villa","4 + 1","140 m²","20 Yaşında","·","Kat","","Aydın / Kuşadası / Davutlar Mah.","https://www.hepsiemlak.com/_nuxt/8cafc93fb5c74c75e9e04e528e02ccdf.jpg","Sahil Gayrimenkul","WhatsApp","","https://www.hepsiemlak.com/_nuxt/8cafc93fb5c74c75e9e04e528e02ccdf.jpg",""
"https://www.hepsiemlak.com/aydin-kusadasi-guzelcamli-kiralik/daire/144118-262","1 / 18","28.000","07/09/2026","Behre Emlaktan Güzelçamlıda Full Eşyalı Kiralık 1+1 Daire","Kiralık Daire","1 + 1","65 m²","6 Yaşında","·","Kat","2. Kat","Aydın / Kuşadası / Güzelçamlı Mah.","https://www.hepsiemlak.com/_nuxt/8cafc93fb5c74c75e9e04e528e02ccdf.jpg","Behre Emlak","WhatsApp","","https://www.hepsiemlak.com/_nuxt/8cafc93fb5c74c75e9e04e528e02ccdf.jpg",""
"https://www.hepsiemlak.com/aydin-didim-mavisehir-kiralik/daire/148098-977","1 / 9","30.000","21/07/2026","Mavişehir'de Eşyalı Dönemsel Kiralık 2+1 Daire","Kiralık Daire","2 + 1","75 m²","31 Yaşında","·","Kat","4. Kat","Aydın / Didim / Mavişehir Mah.","https://www.hepsiemlak.com/_nuxt/8cafc93fb5c74c75e9e04e528e02ccdf.jpg","Remax Cool","WhatsApp","","https://www.hepsiemlak.com/_nuxt/8cafc93fb5c74c75e9e04e528e02ccdf.jpg",""
"https://www.hepsiemlak.com/aydin-efeler-guzelhisar-kiralik/daire/17598-921","1 / 23","20.000","29/06/2026","Kiralık Daire Doğalgazlı","Kiralık Daire","2 + 1","95 m²","30 Yaşında","·","Kat","Ara Kat","Aydın / Efeler / Güzelhisar Mah.","https://www.hepsiemlak.com/_nuxt/8cafc93fb5c74c75e9e04e528e02ccdf.jpg","Koca Emlak","WhatsApp","","https://www.hepsiemlak.com/_nuxt/8cafc93fb5c74c75e9e04e528e02ccdf.jpg",""
"https://www.hepsiemlak.com/aydin-soke-yenikent-kiralik/daire/17794-1141","1 / 12","18.000","11/08/2026","Söke Yenikent'te Kiralık 1+1 Daire","Kiralık Daire","1 + 1","55 m²","4 Yaşında","·","Kat","3. Kat","Aydın / Söke / Yenikent Mah.","https://www.hepsiemlak.com/_nuxt/8cafc93fb5c74c75e9e04e528e02ccdf.jpg","Özcan Emlak","WhatsApp","","https://www.hepsiemlak.com/_nuxt/8cafc93fb5c74c75e9e04e528e02ccdf.jpg",""
"https://www.hepsiemlak.com/aydin-cine-sevketiye-kiralik/daire/0-46694668","1 / 8","18.000","22/08/2026","Sahibinden Kiralık Daire","Kiralık Daire","2 + 1","120 m²","10 Yaşında","·","Kat","4. Kat","Aydın / Çine / Şevketiye Mah.","https://www.hepsiemlak.com/_nuxt/8cafc93fb5c74c75e9e04e528e02ccdf.jpg","","WhatsApp","","",""
"https://www.hepsiemlak.com/aydin-efeler-adnan-menderes-kiralik/daire/40599-4511","1 / 48","35.000","28/08/2026","Hb'den 4+1 Kiralık Daire, Adnan Mend. Mh. Kapalı Havuz&otoparklı","Kiralık Daire","4 + 1","160 m²","22 Yaşında","·","Kat","1. Kat","Aydın / Efeler / Adnan Menderes Mah.","https://www.hepsiemlak.com/_nuxt/8cafc93fb5c74c75e9e04e528e02ccdf.jpg","Hb Gayrimenkul","WhatsApp","","https://www.hepsiemlak.com/_nuxt/8cafc93fb5c74c75e9e04e528e02ccdf.jpg",""
"https://www.hepsiemlak.com/aydin-kusadasi-kadinlar-denizi-kiralik/residence/28110-16252","1 / 32","49.000","05/08/2026","Kadınlar Denizi Ata Residense Köşe Konumlu Ferah 1+1 Kiralık Daire","Kiralık Residence","1 + 1","60 m²","Sıfır Bina","·","Kat","2. Kat","Aydın / Kuşadası / Kadınlar Denizi Mah.","https://www.hepsiemlak.com/_nuxt/8cafc93fb5c74c75e9e04e528e02ccdf.jpg","Remax Pasha 1","WhatsApp","","https://www.hepsiemlak.com/_nuxt/8cafc93fb5c74c75e9e04e528e02ccdf.jpg",""
"https://www.hepsiemlak.com/aydin-efeler-mesudiye-kiralik/daire/148156-105","1 / 23","20.000","23/07/2026","Aydın Efeler Mesudiye Mah Doğalgazlı Eşyalı 2+1 Daire","Kiralık Daire","2 + 1","95 m²","20 Yaşında","·","Kat","2. Kat","Aydın / Efeler / Mesudiye Mah.","https://www.hepsiemlak.com/_nuxt/8cafc93fb5c74c75e9e04e528e02ccdf.jpg","Garantis Gayrimenkul Yatırım Danışmanlığı","WhatsApp","","https://www.hepsiemlak.com/_nuxt/8cafc93fb5c74c75e9e04e528e02ccdf.jpg",""
"https://www.hepsiemlak.com/aydin-nazilli-yeni-kiralik/daire/123971-1093","1 / 22","16.000","25/07/2026","Nazilli Yeni Mahallede 3+1 Doğalgazlı Kiralık Daire","Kiralık Daire","3 + 1","130 m²","30 Yaşında","·","Kat","Zemin","Aydın / Nazilli / Yeni Mah.","https://www.hepsiemlak.com/_nuxt/8cafc93fb5c74c75e9e04e528e02ccdf.jpg","Parador Gayrimenkul","WhatsApp","Selin
                  Girgin","https://www.hepsiemlak.com/_nuxt/8cafc93fb5c74c75e9e04e528e02ccdf.jpg","https://www.hepsiemlak.com/_nuxt/8cafc93fb5c74c75e9e04e528e02ccdf.jpg"
"https://www.hepsiemlak.com/aydin-kusadasi-ikicesmelik-kiralik/daire/104606-1527","1 / 21","21.000","07/08/2026","Kuşadası İkiçeşmelik Kiralık 1+1 Daire","Kiralık Daire","1 + 1","70 m²","20 Yaşında","·","Kat","3. Kat","Aydın / Kuşadası / İkiçeşmelik Mah.","https://www.hepsiemlak.com/_nuxt/8cafc93fb5c74c75e9e04e528e02ccdf.jpg","Coldwell Banker Ada","WhatsApp","","https://www.hepsiemlak.com/_nuxt/8cafc93fb5c74c75e9e04e528e02ccdf.jpg",""
"https://www.hepsiemlak.com/aydin-efeler-guzelhisar-kiralik/daire/117336-558","1 / 26","18.000","31/08/2026","Aydın Hasanefendi Ramazan Paşa Mahallesimde Sevgi Yoluna 100 Metre Mesafede Kiralık Daire","Kiralık Daire","3 + 1","121 m²","21 Yaşında","·","Kat","3. Kat","Aydın / Efeler / Güzelhisar Mah.","https://www.hepsiemlak.com/_nuxt/8cafc93fb5c74c75e9e04e528e02ccdf.jpg","Eksper Emlak Gayrimenkul","WhatsApp","","https://www.hepsiemlak.com/_nuxt/8cafc93fb5c74c75e9e04e528e02ccdf.jpg",""
"https://www.hepsiemlak.com/aydin-efeler-guzelhisar-kiralik/daire/17598-905","1 / 22","25.000","10/08/2026","Kiralık Daire Lüks","Kiralık Daire","2 + 1","110 m²","30 Yaşında","·","Kat","En Üst Kat","Aydın / Efeler / Güzelhisar Mah.","https://www.hepsiemlak.com/_nuxt/8cafc93fb5c74c75e9e04e528e02ccdf.jpg","Koca Emlak","WhatsApp","","https://www.hepsiemlak.com/_nuxt/8cafc93fb5c74c75e9e04e528e02ccdf.jpg",""
"https://www.hepsiemlak.com/aydin-efeler-ata-kiralik/daire/98556-372","1 / 18","35.000","11/07/2026","Ata Mahallesi Doğu Çevre Yolu Üzeri Eşyalı 2+1 Kiralık Daire","Kiralık Daire","2 + 1","105 m²","5 Yaşında","·","Kat","4. Kat","Aydın / Efeler / Ata Mah.","https://www.hepsiemlak.com/_nuxt/8cafc93fb5c74c75e9e04e528e02ccdf.jpg","Elit Emlak Recep Şekerci","WhatsApp","","https://www.hepsiemlak.com/_nuxt/8cafc93fb5c74c75e9e04e528e02ccdf.jpg",""
"https://www.hepsiemlak.com/aydin-didim-akbuk-kiralik/daire/105491-240","1 / 21","5.000","01/09/2026","Denize Yürüme Mesafeside Eşyalı 3+1 Dubleks Daire","Kiralık Daire","3 + 1","140 m²","6 Yaşında","·","Kat","3. Kat","Aydın / Didim / Akbük Mah.","https://hecdnnw.hemlak.com/mncropresize/77/67/logo/1/9/4/5/0/1/b87f2a80-1eb4-47e0-bafe-086c9b2ae626.jpg","Turpa Kartal Emlak İnşaat","WhatsApp","","",""
"https://www.hepsiemlak.com/aydin-kusadasi-kadinlar-denizi-kiralik/daire/28110-16258","1 / 30","57.000","05/08/2026","Kadınlar Denizi Ata Residence Kiralık 2+1 Çatı Dubleks","Kiralık Daire","2 + 1","120 m²","Sıfır Bina","·","Kat","2. Kat","Aydın / Kuşadası / Kadınlar Denizi Mah.","https://hecdnnw.hemlak.com/mncropresize/77/67/logo/0/1/1/8/2/0/7381bd77-e794-4821-bcfc-f4159c352ac9.jpg","Remax Pasha 1","WhatsApp","","",""
"https://www.hepsiemlak.com/aydin-didim-hisar-kiralik/villa/148098-1153","1 / 7","35.000","21/08/2026","Didimde Eşyalı 3+1 Sürekli Kiralık Villa","Kiralık Villa","3 + 1","120 m²","2 Yaşında","·","Kat","Bahçe Katı","Aydın / Didim / Hisar Mah.","https://hecdnnw.hemlak.com/mncropresize/77/67/logo/8/9/0/8/4/1/1211384d-a771-43c7-8f6b-6cdf799df1da.jpg","Remax Cool","WhatsApp","","",""
"https://www.hepsiemlak.com/aydin-efeler-orta-kiralik/daire/131465-210","1 / 10","21.000","24/06/2026","Efeler Orta Mahalle Eşyalı Kiralık Daire","Kiralık Daire","2 + 1","70 m²","6 Yaşında","·","Kat","2. Kat","Aydın / Efeler / Orta Mah.","https://hecdn01.hemlak.com/mncropresize/182/137/ds01/5/9/3/5/3/1/5/4/1755971031-5360398-45135395.jpeg","Mercan Gayrimenkul","WhatsApp","Halil
                  Akyağcı","","https://hecdnnw.hemlak.com/mncropresize/77/67/firmuser/2/3/3/2/1/4/3/534adc81-1239-47c3-843d-bcaada9fe237.jpg"
"https://www.hepsiemlak.com/aydin-efeler-cuma-kiralik/daire/40599-4286","1 / 31","13.000","25/08/2026","Hb'den 3+1 Kiralık Daire, Cuma Mahallesi Belediye Karşısı","Kiralık Daire","3 + 1","140 m²","35 Yaşında","·","Kat","6. Kat","Aydın / Efeler / Cuma Mah.","https://www.hepsiemlak.com/_nuxt/8cafc93fb5c74c75e9e04e528e02ccdf.jpg","Hb Gayrimenkul","WhatsApp","","https://www.hepsiemlak.com/_nuxt/8cafc93fb5c74c75e9e04e528e02ccdf.jpg",""
"https://www.hepsiemlak.com/aydin-nazilli-isabeyli-kiralik/daire/123971-1089","1 / 21","11.000","25/07/2026","Aydın Nazilli İsabeyli Mahallesinde Eşyalı Kiralık 1+1 Daire","Kiralık Daire","1 + 1","55 m²","7 Yaşında","·","Kat","2. Kat","Aydın / Nazilli / İsabeyli Mah.","https://www.hepsiemlak.com/_nuxt/8cafc93fb5c74c75e9e04e528e02ccdf.jpg","Parador Gayrimenkul","WhatsApp","Selin
                  Girgin","https://www.hepsiemlak.com/_nuxt/8cafc93fb5c74c75e9e04e528e02ccdf.jpg","https://www.hepsiemlak.com/_nuxt/8cafc93fb5c74c75e9e04e528e02ccdf.jpg"
"https://www.hepsiemlak.com/aydin-kusadasi-turkmen-kiralik/daire/134592-879","1 / 20","52.000","01/08/2026","Kuşadası Türkmen Kiralık 3+1 Daire","Kiralık Daire","3 + 1","120 m²","5 Yaşında","·","Kat","Giriş Katı","Aydın / Kuşadası / Türkmen Mah.","https://www.hepsiemlak.com/_nuxt/8cafc93fb5c74c75e9e04e528e02ccdf.jpg","Startkey Hayat Gayrimenkul","WhatsApp","","https://www.hepsiemlak.com/_nuxt/8cafc93fb5c74c75e9e04e528e02ccdf.jpg",""
"https://www.hepsiemlak.com/aydin-soke-yenikent-kiralik/daire/132513-434","1 / 12","37.000","13/07/2026","Söke Yenikent Te Eşyalı Kiralık 2+1 Daire","Kiralık Daire","2 + 1","90 m²","10 Yaşında","·","Kat","Yüksek Giriş","Aydın / Söke / Yenikent Mah.","https://www.hepsiemlak.com/_nuxt/8cafc93fb5c74c75e9e04e528e02ccdf.jpg","Gold Life Cengiz Emlak","WhatsApp","","https://www.hepsiemlak.com/_nuxt/8cafc93fb5c74c75e9e04e528e02ccdf.jpg",""
"https://www.hepsiemlak.com/aydin-kusadasi-sogucak-kiralik/villa/28110-15958","1 / 30","35.000","26/07/2026","Soğucak Dağcılar Sıtesınde Köşebaşı Denız Manzaralı 3+1 Vılla","Kiralık Villa","3 + 1","155 m²","18 Yaşında","·","Kat","","Aydın / Kuşadası / Soğucak Mah.","https://www.hepsiemlak.com/_nuxt/8cafc93fb5c74c75e9e04e528e02ccdf.jpg","Remax Pasha 1","WhatsApp","","https://www.hepsiemlak.com/_nuxt/8cafc93fb5c74c75e9e04e528e02ccdf.jpg",""
"https://www.hepsiemlak.com/aydin-efeler-efeler-kiralik/daire/68088-1409","1 / 60","41.000","07/09/2026","Rw Alyanstan Ara Kat 3 + 1 Ebeveyn Banyolu Kıralık","Kiralık Daire","3 + 1","160 m²","6 Yaşında","·","Kat","3. Kat","Aydın / Efeler / Efeler Mah.","https://www.hepsiemlak.com/_nuxt/8cafc93fb5c74c75e9e04e528e02ccdf.jpg","Realty World Alyans Gayrimenkul","WhatsApp","","https://www.hepsiemlak.com/_nuxt/8cafc93fb5c74c75e9e04e528e02ccdf.jpg",""
"https://www.hepsiemlak.com/aydin-efeler-zafer-kiralik/daire/78993-2100","1 / 24","23.000","07/07/2026","Zafer Mahallesinde Teraslı, Havuzlu Kiralık 1+1 Daire","Kiralık Daire","1 + 1","90 m²","1 Yaşında","·","Kat","2. Kat","Aydın / Efeler / Zafer Mah.","https://www.hepsiemlak.com/_nuxt/8cafc93fb5c74c75e9e04e528e02ccdf.jpg","Pasha Gayrimenkul","WhatsApp","","https://www.hepsiemlak.com/_nuxt/8cafc93fb5c74c75e9e04e528e02ccdf.jpg",""
"https://www.hepsiemlak.com/aydin-nazilli-isabeyli-kiralik/daire/166413-56","1 / 10","15.000","21/06/2026","İsabeyli Kiralık Full Eşyalı 2+1 Daire","Kiralık Daire","2 + 1","75 m²","6 Yaşında","·","Kat","2. Kat","Aydın / Nazilli / İsabeyli Mah.","https://www.hepsiemlak.com/_nuxt/8cafc93fb5c74c75e9e04e528e02ccdf.jpg","Işık Gayrimenkul","WhatsApp","","https://www.hepsiemlak.com/img/loadings/noImage55-55.png",""
"https://www.hepsiemlak.com/aydin-efeler-kurtulus-kiralik/daire/40599-4362","1 / 30","25.000","25/08/2026","Hb'den 1+1 Kiralık Sıfır Daire,Araç Park Sorunu Olmayan Bahçeli","Kiralık Daire","1 + 1","50 m²","1 Yaşında","·","Kat","Bahçe Katı","Aydın / Efeler / Kurtuluş Mah.","https://www.hepsiemlak.com/_nuxt/8cafc93fb5c74c75e9e04e528e02ccdf.jpg","Hb Gayrimenkul","WhatsApp","","https://www.hepsiemlak.com/_nuxt/8cafc93fb5c74c75e9e04e528e02ccdf.jpg",""
"https://www.hepsiemlak.com/aydin-efeler-guzelhisar-kiralik/daire/19625-6335","1 / 8","27.000","29/06/2026","Aydın Ege Emlak'tan Güzelhisar Mah. Merkezi Konumda 2+1 90m2 Kiralık Daire","Kiralık Daire","2 + 1","95 m²","6 Yaşında","·","Kat","2. Kat","Aydın / Efeler / Güzelhisar Mah.","https://www.hepsiemlak.com/_nuxt/8cafc93fb5c74c75e9e04e528e02ccdf.jpg","Ege Emlak","WhatsApp","","https://www.hepsiemlak.com/_nuxt/8cafc93fb5c74c75e9e04e528e02ccdf.jpg",""
"https://www.hepsiemlak.com/aydin-soke-konak-kiralik/daire/117333-815","1 / 15","21.000","28/08/2026","Kiralık Devlet Hastane Karşısında 1+1 Daire (eşyasız)","Kiralık Daire","1 + 1","60 m²","6 Yaşında","·","Kat","2. Kat","Aydın / Söke / Konak Mah.","https://www.hepsiemlak.com/_nuxt/8cafc93fb5c74c75e9e04e528e02ccdf.jpg","Realty World Priene Gayrimenkul","WhatsApp","","https://www.hepsiemlak.com/_nuxt/8cafc93fb5c74c75e9e04e528e02ccdf.jpg",""
"https://www.hepsiemlak.com/aydin-nazilli-isabeyli-kiralik/daire/123971-1053","1 / 20","11.000","17/06/2026","Aydın Nazilli İsabeyli Mahallesinde Eşyalı Kiralık1+1 Daire","Kiralık Daire","1 + 1","50 m²","6 Yaşında","·","Kat","1. Kat","Aydın / Nazilli / İsabeyli Mah.","https://www.hepsiemlak.com/_nuxt/8cafc93fb5c74c75e9e04e528e02ccdf.jpg","Parador Gayrimenkul","WhatsApp","Selin
                  Girgin","https://www.hepsiemlak.com/_nuxt/8cafc93fb5c74c75e9e04e528e02ccdf.jpg","https://www.hepsiemlak.com/_nuxt/8cafc93fb5c74c75e9e04e528e02ccdf.jpg"
"https://www.hepsiemlak.com/aydin-efeler-cumhuriyet-kiralik/daire/127968-542","1 / 48","45.000","27/06/2026","Aydın Cumhuriyet Mah. Kiralık Rezidans Loft Daire","Kiralık Daire","3 + 1","170 m²","Sıfır Bina","·","Kat","6. Kat","Aydın / Efeler / Cumhuriyet Mah.","https://www.hepsiemlak.com/_nuxt/8cafc93fb5c74c75e9e04e528e02ccdf.jpg","İlke Gayrimenkul","WhatsApp","İlknur
                  Şener","https://www.hepsiemlak.com/_nuxt/8cafc93fb5c74c75e9e04e528e02ccdf.jpg","https://www.hepsiemlak.com/_nuxt/8cafc93fb5c74c75e9e04e528e02ccdf.jpg"
"https://www.hepsiemlak.com/aydin-kusadasi-bayraklidede-kiralik/villa/147107-44","1 / 25","38.000","21/07/2026","Kuştur Bölgesi Denize Yakin Havuzlu Site 3+1 Ebeveyn Banyolu","Kiralık Villa","3 + 1","180 m²","16 Yaşında","·","Kat","Bahçe Katı","Aydın / Kuşadası / Bayraklıdede Mah.","https://www.hepsiemlak.com/_nuxt/8cafc93fb5c74c75e9e04e528e02ccdf.jpg","Günışığı Gayrimenkul","WhatsApp","","https://www.hepsiemlak.com/_nuxt/8cafc93fb5c74c75e9e04e528e02ccdf.jpg",""
"https://www.hepsiemlak.com/aydin-kusadasi-davutlar-kiralik/daire/134592-844","1 / 18","18.000","02/09/2026","Kuşadası Davutlar Merkezde Kiralık 1+1 Daire","Kiralık Daire","1 + 1","49 m²","5 Yaşında","·","Kat","2. Kat","Aydın / Kuşadası / Davutlar Mah.","https://www.hepsiemlak.com/_nuxt/8cafc93fb5c74c75e9e04e528e02ccdf.jpg","Startkey Hayat Gayrimenkul","WhatsApp","","https://www.hepsiemlak.com/_nuxt/8cafc93fb5c74c75e9e04e528e02ccdf.jpg",""
"https://www.hepsiemlak.com/aydin-kusadasi-bayraklidede-kiralik/villa/119895-3774","1 / 36","100.000","11/07/2026","Sea City Villalarında Kiralık Özel Havuzlu Ultra Lüx Villa","Kiralık Villa","4 + 1","179 m²","Sıfır Bina","·","Kat","","Aydın / Kuşadası / Bayraklıdede Mah.","https://www.hepsiemlak.com/_nuxt/8cafc93fb5c74c75e9e04e528e02ccdf.jpg","Kw Alesta-viya-orsa 3","WhatsApp","","https://www.hepsiemlak.com/_nuxt/8cafc93fb5c74c75e9e04e528e02ccdf.jpg",""
"https://www.hepsiemlak.com/aydin-kusadasi-degirmendere-kiralik/daire/163665-17","1 / 13","35.000","18/06/2026","Kuşadası Yeni Havuzlu Sitede Dığalgazlı Kiralık 2+1 Sıfır Daire","Kiralık Daire","2 + 1","75 m²","Sıfır Bina","·","Kat","4. Kat","Aydın / Kuşadası / Değirmendere Mah.","https://www.hepsiemlak.com/_nuxt/8cafc93fb5c74c75e9e04e528e02ccdf.jpg","","WhatsApp","","",""
"https://www.hepsiemlak.com/aydin-efeler-mimar-sinan-kiralik/daire/68088-1341","1 / 39","65.000","06/08/2026","Rw Alyanstan Mimar Sinan Beyza Parkta Muhteşem 4+1 Kiralık Daire","Kiralık Daire","4 + 1","230 m²","11 Yaşında","·","Kat","8. Kat","Aydın / Efeler / Mimar Sinan Mah.","https://www.hepsiemlak.com/_nuxt/8cafc93fb5c74c75e9e04e528e02ccdf.jpg","Realty World Alyans Gayrimenkul","WhatsApp","","https://www.hepsiemlak.com/_nuxt/8cafc93fb5c74c75e9e04e528e02ccdf.jpg",""
"https://www.hepsiemlak.com/aydin-kusadasi-degirmendere-kiralik/daire/104189-3977","1 / 9","25.000","20/08/2026","Kuşadası Merkeze Yakın Eşyalı Kiralık 1+1","Kiralık Daire","1 + 1","57 m²","6 Yaşında","·","Kat","2. Kat","Aydın / Kuşadası / Değirmendere Mah.","https://www.hepsiemlak.com/_nuxt/8cafc93fb5c74c75e9e04e528e02ccdf.jpg","Egemen Gayrimenkul Kuşadası","WhatsApp","","https://www.hepsiemlak.com/_nuxt/8cafc93fb5c74c75e9e04e528e02ccdf.jpg",""
"https://www.hepsiemlak.com/aydin-kusadasi-karaova-kiralik/yazlik/28110-16289","1 / 28","55.000","26/06/2026","Kuşadası Karaova'da Denıze Sıfır Konumda Kıralık Eşyalı Vılla","Kiralık Yazlık","2 + 1","150 m²","31 Yaşında","·","Kat","1. Kat","Aydın / Kuşadası / Karaova Mah.","https://www.hepsiemlak.com/_nuxt/8cafc93fb5c74c75e9e04e528e02ccdf.jpg","Remax Pasha 1","WhatsApp","","https://www.hepsiemlak.com/_nuxt/8cafc93fb5c74c75e9e04e528e02ccdf.jpg",""
"https://www.hepsiemlak.com/aydin-efeler-kurtulus-kiralik/daire/78993-2107","1 / 23","27.000","10/09/2026","Aydın Kurtuş Mahallesinde Kıralık Daire .","Kiralık Daire","3 + 1","190 m²","26 Yaşında","·","Kat","3. Kat","Aydın / Efeler / Kurtuluş Mah.","https://hecdnnw.hemlak.com/mncropresize/77/67/logo/3/9/9/8/7/0/2a9d15d4-7c79-4482-ba23-2231b562b1a7.jpg","Pasha Gayrimenkul","WhatsApp","","",""
"https://www.hepsiemlak.com/aydin-kusadasi-hacifeyzullah-kiralik/daire/0-46758669","1 / 3","32.000","04/09/2026","Kuşadasında Kiralık 3+1","Kiralık Daire","2 + 1","85 m²","40 Yaşında","·","Kat","Bahçe Katı","Aydın / Kuşadası / Hacıfeyzullah Mah.","","","WhatsApp","","",""
"https://www.hepsiemlak.com/aydin-kusadasi-kadikalesi-kiralik/villa/140367-426","1 / 24","50.000","22/06/2026","Ulaşım Sorunu Olmayan Geniş Bahçeli Bakımlı 3+1villa","Kiralık Villa","3 + 1","257 m²","11 Yaşında","·","Kat","Bahçe Katı","Aydın / Kuşadası / Kadıkalesi Mah.","","","WhatsApp","","",""
"https://www.hepsiemlak.com/aydin-nazilli-isabeyli-kiralik/daire/107141-5","1 / 15","13.500","15/08/2026","İsabeyli Emlak Tan Kiralık 2+1","Kiralık Daire","2 + 1","75 m²","6 Yaşında","·","Kat","2. Kat","Aydın / Nazilli / İsabeyli Mah.","https://hecdn01.hemlak.com/mncropresize/182/137/ds01/0/7/0/1/8/1/6/4/e9aad64e-c141-4455-9169-09fea4506c94.jpg","İsabeyli Emlak","WhatsApp","","https://hecdnnw.hemlak.com/mncropresize/77/67/logo/1/4/1/7/0/1/19e29f11-e92c-4d97-8ab2-14afd88d3221.jpg",""
"https://www.hepsiemlak.com/aydin-efeler-cumhuriyet-kiralik/daire/68088-1338","1 / 35","25.000","20/08/2026","Rw Alyans'tan Cumhuriyet Mah.De Kiralık 2+1 Daire","Kiralık Daire","2 + 1","95 m²","6 Yaşında","·","Kat","5. Kat","Aydın / Efeler / Cumhuriyet Mah.","https://www.hepsiemlak.com/_nuxt/8cafc93fb5c74c75e9e04e528e02ccdf.jpg","Realty World Alyans Gayrimenkul","","","https://www.hepsiemlak.com/_nuxt/8cafc93fb5c74c75e9e04e528e02ccdf.jpg",""
"https://www.hepsiemlak.com/aydin-kusadasi-davutlar-kiralik/daire/132513-372","1 / 10","20.000","17/06/2026","Davutlar Merkezde Kiralık 2 + 1 Daire","Kiralık Daire","2 + 1","80 m²","11 Yaşında","·","Kat","2. Kat","Aydın / Kuşadası / Davutlar Mah.","https://www.hepsiemlak.com/_nuxt/8cafc93fb5c74c75e9e04e528e02ccdf.jpg","Gold Life Cengiz Emlak","WhatsApp","","https://www.hepsiemlak.com/_nuxt/8cafc93fb5c74c75e9e04e528e02ccdf.jpg",""
"https://www.hepsiemlak.com/aydin-kusadasi-turkmen-kiralik/daire/104189-3982","1 / 8","25.000","20/08/2026","Kuşadası Meteoroloji Karşısında 2+1 Ara Kat Eşyalı","Kiralık Daire","2 + 1","75 m²","30 Yaşında","·","Kat","1. Kat","Aydın / Kuşadası / Türkmen Mah.","https://www.hepsiemlak.com/_nuxt/8cafc93fb5c74c75e9e04e528e02ccdf.jpg","Egemen Gayrimenkul Kuşadası","WhatsApp","","https://www.hepsiemlak.com/_nuxt/8cafc93fb5c74c75e9e04e528e02ccdf.jpg",""
"https://www.hepsiemlak.com/aydin-efeler-adnan-menderes-kiralik/daire/5625-3437","1 / 49","33.000","03/07/2026","Cadde Üzeri Merkezi En Gözde Konumda Bulunan 3+1 Kiralık Daire","Kiralık Daire","3 + 1","160 m²","23 Yaşında","·","Kat","Ara Kat","Aydın / Efeler / Adnan Menderes Mah.","https://www.hepsiemlak.com/_nuxt/8cafc93fb5c74c75e9e04e528e02ccdf.jpg","Sun Investment","WhatsApp","Sun
                  Investment","https://www.hepsiemlak.com/_nuxt/8cafc93fb5c74c75e9e04e528e02ccdf.jpg","https://www.hepsiemlak.com/_nuxt/8cafc93fb5c74c75e9e04e528e02ccdf.jpg"
"https://www.hepsiemlak.com/aydin-efeler-orta-kiralik/daire/160231-188","1 / 15","21.000","09/07/2026","Tued'den Lüks 1+1 Eşyalı Kiralık Daire","Kiralık Daire","1 + 1","50 m²","6 Yaşında","·","Kat","3. Kat","Aydın / Efeler / Orta Mah.","https://www.hepsiemlak.com/_nuxt/8cafc93fb5c74c75e9e04e528e02ccdf.jpg","Tued Gayrimenkul","WhatsApp","","https://www.hepsiemlak.com/_nuxt/8cafc93fb5c74c75e9e04e528e02ccdf.jpg",""
"https://www.hepsiemlak.com/aydin-efeler-cuma-kiralik/daire/98556-377","1 / 7","19.999","18/08/2026","2+0 Cuma Mahallesi Eşyalı Kiralık Ara Kat Daire","Kiralık Daire","2 + 0","95 m²","6 Yaşında","·","Kat","2. Kat","Aydın / Efeler / Cuma Mah.","https://www.hepsiemlak.com/_nuxt/8cafc93fb5c74c75e9e04e528e02ccdf.jpg","Elit Emlak Recep Şekerci","WhatsApp","","https://www.hepsiemlak.com/_nuxt/8cafc93fb5c74c75e9e04e528e02ccdf.jpg",""
"https://www.hepsiemlak.com/aydin-efeler-guzelhisar-kiralik/daire/68088-1287","1 / 31","33.000","31/08/2026","Rw Alyanstan Bohem Tarzı Güzelhisarda Kiralık 1+1 Eşyalı Daire","Kiralık Daire","1 + 1","55 m²","Sıfır Bina","·","Kat","5. Kat","Aydın / Efeler / Güzelhisar Mah.","https://www.hepsiemlak.com/_nuxt/8cafc93fb5c74c75e9e04e528e02ccdf.jpg","Realty World Alyans Gayrimenkul","WhatsApp","","https://www.hepsiemlak.com/_nuxt/8cafc93fb5c74c75e9e04e528e02ccdf.jpg",""
"https://www.hepsiemlak.com/aydin-didim-camlik-kiralik/daire/148098-1086","1 / 21","30.000","31/08/2026","Ege Caddesinde Kiralık 2+1 Daire","Kiralık Daire","2 + 1","85 m²","16 Yaşında","·","Kat","2. Kat","Aydın / Didim / Çamlık Mah.","https://www.hepsiemlak.com/_nuxt/8cafc93fb5c74c75e9e04e528e02ccdf.jpg","Remax Cool","WhatsApp","","https://www.hepsiemlak.com/_nuxt/8cafc93fb5c74c75e9e04e528e02ccdf.jpg",""
"https://www.hepsiemlak.com/aydin-didim-yeni-kiralik/daire/105491-246","1 / 10","28.000","13/07/2026","Didimin Tam Merkezinde Asansörlü Binada Eşyalı Ayrı Mutfak Kiralık","Kiralık Daire","2 + 1","110 m²","15 Yaşında","·","Kat","2. Kat","Aydın / Didim / Yeni Mah.","https://www.hepsiemlak.com/_nuxt/8cafc93fb5c74c75e9e04e528e02ccdf.jpg","Turpa Kartal Emlak İnşaat","WhatsApp","","https://www.hepsiemlak.com/_nuxt/8cafc93fb5c74c75e9e04e528e02ccdf.jpg",""
"https://www.hepsiemlak.com/aydin-efeler-girne-kiralik/daire/68088-1272","1 / 33","35.000","24/08/2026","Rw Alyanstan Gırne Mh Muhteşem Bahçe Kat Lüks Eşyalı 1+1","Kiralık Daire","1 + 1","55 m²","1 Yaşında","·","Kat","Bahçe Katı","Aydın / Efeler / Girne Mah.","https://www.hepsiemlak.com/_nuxt/8cafc93fb5c74c75e9e04e528e02ccdf.jpg","Realty World Alyans Gayrimenkul","WhatsApp","","https://www.hepsiemlak.com/_nuxt/8cafc93fb5c74c75e9e04e528e02ccdf.jpg",""
"https://www.hepsiemlak.com/aydin-kusadasi-davutlar-kiralik/villa/28110-16262","1 / 19","60.000","17/08/2026","Kuşadası  Davutlar Atakent Sitesi Havuz Önü Kiralık Villa","Kiralık Villa","4 + 1","170 m²","35 Yaşında","·","Kat","","Aydın / Kuşadası / Davutlar Mah.","https://www.hepsiemlak.com/_nuxt/8cafc93fb5c74c75e9e04e528e02ccdf.jpg","Remax Pasha 1","WhatsApp","","https://www.hepsiemlak.com/_nuxt/8cafc93fb5c74c75e9e04e528e02ccdf.jpg",""
"https://www.hepsiemlak.com/aydin-kusadasi-turkmen-kiralik/daire/130030-855","1 / 16","40.000","13/07/2026","Merkezde Kiralık Ofis","Kiralık Daire","Stüdyo","40 m²","Sıfır Bina","·","Kat","3. Kat","Aydın / Kuşadası / Türkmen Mah.","https://www.hepsiemlak.com/_nuxt/8cafc93fb5c74c75e9e04e528e02ccdf.jpg","Cihan Gayrimenkul Kuşadası","WhatsApp","Cihan
                  Erdoğan","https://www.hepsiemlak.com/_nuxt/8cafc93fb5c74c75e9e04e528e02ccdf.jpg","https://www.hepsiemlak.com/_nuxt/8cafc93fb5c74c75e9e04e528e02ccdf.jpg"
"https://www.hepsiemlak.com/aydin-efeler-mimar-sinan-kiralik/daire/68088-1222","1 / 31","25.000","31/08/2026","Rw Alyanstan Mimarsinan Mah.De Ara Kat Kiralık 2+1 Daire","Kiralık Daire","2 + 1","80 m²","6 Yaşında","·","Kat","2. Kat","Aydın / Efeler / Mimar Sinan Mah.","https://www.hepsiemlak.com/_nuxt/8cafc93fb5c74c75e9e04e528e02ccdf.jpg","Realty World Alyans Gayrimenkul","","","https://www.hepsiemlak.com/_nuxt/8cafc93fb5c74c75e9e04e528e02ccdf.jpg",""
"https://www.hepsiemlak.com/aydin-kusadasi-ege-kiralik/daire/130030-735","1 / 26","30.000","02/07/2026","Kuşadası Ege Mahallesinde Kiralık Daire Dublex","Kiralık Daire","3 + 1","160 m²","21 Yaşında","·","Kat","2. Kat","Aydın / Kuşadası / Ege Mah.","https://www.hepsiemlak.com/_nuxt/8cafc93fb5c74c75e9e04e528e02ccdf.jpg","Cihan Gayrimenkul Kuşadası","WhatsApp","Cihan
                  Erdoğan","https://www.hepsiemlak.com/_nuxt/8cafc93fb5c74c75e9e04e528e02ccdf.jpg","https://www.hepsiemlak.com/_nuxt/8cafc93fb5c74c75e9e04e528e02ccdf.jpg"
"https://www.hepsiemlak.com/aydin-efeler-orta-kiralik/daire/5625-3427","1 / 24","25.000","04/09/2026","Efeler Orta Mah. De Eşyalı Doğalgazlı-Klimalı 2+1 Kiralık Daire","Kiralık Daire","2 + 1","80 m²","9 Yaşında","·","Kat","Ara Kat","Aydın / Efeler / Orta Mah.","https://www.hepsiemlak.com/_nuxt/8cafc93fb5c74c75e9e04e528e02ccdf.jpg","Sun Investment","WhatsApp","Sun
                  Investment","https://www.hepsiemlak.com/_nuxt/8cafc93fb5c74c75e9e04e528e02ccdf.jpg","https://www.hepsiemlak.com/_nuxt/8cafc93fb5c74c75e9e04e528e02ccdf.jpg"
"https://www.hepsiemlak.com/aydin-efeler-kurtulus-kiralik/residence/68088-1218","1 / 35","60.000","15/08/2026","Rw Alyans'tan La Perla Rezidansta Kiralık 3+1 Lüks Daire","Kiralık Residence","3 + 1","152 m²","Sıfır Bina","·","Kat","5. Kat","Aydın / Efeler / Kurtuluş Mah.","https://www.hepsiemlak.com/_nuxt/8cafc93fb5c74c75e9e04e528e02ccdf.jpg","Realty World Alyans Gayrimenkul","","","https://www.hepsiemlak.com/_nuxt/8cafc93fb5c74c75e9e04e528e02ccdf.jpg",""
"https://www.hepsiemlak.com/aydin-kusadasi-turkmen-kiralik/daire/28110-16044","1 / 13","60.000","08/09/2026","Kuşadası Marina Da Kiralık Daire  4+1 Doğalgazlı Deniz Manzaralı  Eşyalı","Kiralık Daire","4 + 1","200 m²","21 Yaşında","·","Kat","2. Kat","Aydın / Kuşadası / Türkmen Mah.","https://www.hepsiemlak.com/_nuxt/8cafc93fb5c74c75e9e04e528e02ccdf.jpg","Remax Pasha 1","WhatsApp","","https://www.hepsiemlak.com/_nuxt/8cafc93fb5c74c75e9e04e528e02ccdf.jpg",""
"https://www.hepsiemlak.com/aydin-efeler-mesrutiyet-kiralik/daire/124509-246","1 / 12","22.000","12/08/2026","Kiralık 1+1 Eşyalı Doğalgazlı Klimalı Balkonlu Daire","Kiralık Daire","1 + 1","50 m²","6 Yaşında","·","Kat","3. Kat","Aydın / Efeler / Meşrutiyet Mah.","https://www.hepsiemlak.com/_nuxt/8cafc93fb5c74c75e9e04e528e02ccdf.jpg","Merkez Emlak","WhatsApp","","https://www.hepsiemlak.com/_nuxt/8cafc93fb5c74c75e9e04e528e02ccdf.jpg",""
"https://www.hepsiemlak.com/aydin-didim-hisar-kiralik/villa/47174-935","1 / 18","40.000","01/08/2026","Havuzlu Sitede 3+1 Ebeveyn Banyolu Sürekli Kiralık Villa","Kiralık Villa","3 + 1","130 m²","Sıfır Bina","·","Kat","Bahçe Katı","Aydın / Didim / Hisar Mah.","https://www.hepsiemlak.com/_nuxt/8cafc93fb5c74c75e9e04e528e02ccdf.jpg","Mai Emlak","WhatsApp","","https://www.hepsiemlak.com/_nuxt/8cafc93fb5c74c75e9e04e528e02ccdf.jpg",""
"https://www.hepsiemlak.com/aydin-efeler-orta-kiralik/daire/128861-480","1 / 9","20.000","02/09/2026","Kiralık 1+1 Eşyalı Klimalı Doğalgazlı","Kiralık Daire","1 + 1","55 m²","5 Yaşında","·","Kat","En Üst Kat","Aydın / Efeler / Orta Mah.","https://www.hepsiemlak.com/_nuxt/8cafc93fb5c74c75e9e04e528e02ccdf.jpg","Evfon Altınkonak Gayrimenkul","WhatsApp","Rabia
                  Mayda","https://www.hepsiemlak.com/_nuxt/8cafc93fb5c74c75e9e04e528e02ccdf.jpg","https://www.hepsiemlak.com/_nuxt/8cafc93fb5c74c75e9e04e528e02ccdf.jpg"
"https://www.hepsiemlak.com/aydin-efeler-cumhuriyet-kiralik/daire/68088-1065","1 / 44","25.000","21/08/2026","Rw Alyanstan Cumhuriyet Mah. Lüks Eşyalı Klimalı 1+1 Ara Kat","Kiralık Daire","1 + 1","55 m²","3 Yaşında","·","Kat","5. Kat","Aydın / Efeler / Cumhuriyet Mah.","https://hecdnnw.hemlak.com/mncropresize/77/67/logo/8/8/0/8/6/0/5fb0f3a8-bcdc-4d80-8f04-745af472ea4c.jpg","Realty World Alyans Gayrimenkul","WhatsApp","","",""
"https://www.hepsiemlak.com/aydin-efeler-hasanefendi-ramazan-pasa-kiralik/daire/127968-508","1 / 16","15.000","22/08/2026","Hasanefendi Mah.2+1 Kiralık Daire","Kiralık Daire","3 + 1","100 m²","35 Yaşında","·","Kat","4. Kat","Aydın / Efeler / Hasanefendi - Ramazan Paşa Mah.","https://hecdnnw.hemlak.com/mncropresize/77/67/logo/8/6/9/7/2/1/9050122f-2080-4b0c-ab33-61ffaa7260d0.jpeg","İlke Gayrimenkul","WhatsApp","İlknur
                  Şener","https://hecdnnw.hemlak.com/mncropresize/77/67/firmuser/2/4/4/7/8/1/3/c863d8c2-5cee-4be5-94c0-0aa87d618b52.jpg",""
"https://www.hepsiemlak.com/aydin-efeler-kurtulus-kiralik/daire/71291-2945","1 / 25","25.000","03/07/2026","Gazi Emlak’tan Kurtuluş Mah.De 3+1 Doğal Gazlı Daire Kiralıktır","Kiralık Daire","3 + 1","135 m²","35 Yaşında","·","Kat","4. Kat","Aydın / Efeler / Kurtuluş Mah.","https://hecdnnw.hemlak.com/mncropresize/77/67/logo/1/9/2/1/7/0/3c55a791-3353-4bea-b787-0553ff45f27b.jpg","Gazi Emlak","WhatsApp","","",""
"https://www.hepsiemlak.com/aydin-efeler-zafer-kiralik/daire/124509-238","1 / 11","20.000","21/07/2026","Kiralık Eşyalı 2+0 Ara Kat Daire Doğalgazlı","Kiralık Daire","2 + 0","60 m²","11 Yaşında","·","Kat","3. Kat","Aydın / Efeler / Zafer Mah.","https://hecdn01.hemlak.com/mncropresize/182/137/ds01/6/0/7/1/7/8/6/4/a45a2eb6-3e6c-424f-8bae-3a07f3116959.jpg","Merkez Emlak","WhatsApp","","https://hecdnnw.hemlak.com/mncropresize/77/67/logo/9/0/5/4/2/1/e65d2cbb-a201-47cb-b71f-77445106df3f.jpg",""
"https://www.hepsiemlak.com/aydin-efeler-cumhuriyet-kiralik/daire/68088-1280","1 / 29","25.000","10/09/2026","Rw Alyanstan Cumhuriyet Mah. Asansörlü Doğalgazlı 2+1 Kiralık","Kiralık Daire","2 + 1","110 m²","11 Yaşında","·","Kat","5. Kat","Aydın / Efeler / Cumhuriyet Mah.","https://www.hepsiemlak.com/_nuxt/8cafc93fb5c74c75e9e04e528e02ccdf.jpg","Realty World Alyans Gayrimenkul","WhatsApp","","https://www.hepsiemlak.com/_nuxt/8cafc93fb5c74c75e9e04e528e02ccdf.jpg",""
"https://www.hepsiemlak.com/aydin-kusadasi-sogucak-kiralik/yazlik/0-46880834","1 / 8","5.000","29/08/2026","Kuşadası Soğucak Aytaç Sitesi'nde Havuzun Tam Karşısında 2+1 Günlük Kiralık","Kiralık Yazlık","2 + 1","90 m²","15 Yaşında","·","Kat","Bahçe Katı","Aydın / Kuşadası / Soğucak Mah.","https://www.hepsiemlak.com/_nuxt/8cafc93fb5c74c75e9e04e528e02ccdf.jpg","","WhatsApp","","",""
"https://www.hepsiemlak.com/aydin-kusadasi-kadinlar-denizi-kiralik/daire/130030-911","1 / 12","45.000","05/09/2026","Kuşadası Kadınlar Denizinde Eşyalı Kiralık Daire","Kiralık Daire","2 + 1","105 m²","5 Yaşında","·","Kat","1. Kat","Aydın / Kuşadası / Kadınlar Denizi Mah.","https://www.hepsiemlak.com/_nuxt/8cafc93fb5c74c75e9e04e528e02ccdf.jpg","Cihan Gayrimenkul Kuşadası","WhatsApp","Cihan
                  Erdoğan","https://www.hepsiemlak.com/_nuxt/8cafc93fb5c74c75e9e04e528e02ccdf.jpg","https://www.hepsiemlak.com/_nuxt/8cafc93fb5c74c75e9e04e528e02ccdf.jpg"
"https://www.hepsiemlak.com/aydin-kusadasi-hacifeyzullah-kiralik/daire/0-46670942","1 / 8","20.000","08/09/2026","Sahibinden Kiralık 1+1 Sıfır Daire","Kiralık Daire","1 + 1","8 m²","Sıfır Bina","·","Kat","1. Kat","Aydın / Kuşadası / Hacıfeyzullah Mah.","https://www.hepsiemlak.com/_nuxt/8cafc93fb5c74c75e9e04e528e02ccdf.jpg","","WhatsApp","","",""
"https://www.hepsiemlak.com/aydin-nazilli-sirinevler-kiralik/daire/124111-198","1 / 9","14.500","01/09/2026","Şirinevler Mahallesi Adliye Ve Diş Hastanesi Yakını Kiralık 1+1","Kiralık Daire","1 + 1","55 m²","Sıfır Bina","·","Kat","Yüksek Giriş","Aydın / Nazilli / Şirinevler Mah.","https://www.hepsiemlak.com/_nuxt/8cafc93fb5c74c75e9e04e528e02ccdf.jpg","Ege Royal Yapı","WhatsApp","Ege Royal
                  Yapı","","https://www.hepsiemlak.com/_nuxt/8cafc93fb5c74c75e9e04e528e02ccdf.jpg"
"https://www.hepsiemlak.com/aydin-efeler-baltakoy-kiralik/daire/68088-1232","1 / 28","12.000","17/08/2026","Rw Alyans'tan Baltaköy'de Bahçeli Kiralık 2+0 Daire","Kiralık Daire","2 + 0","100 m²","16 Yaşında","·","Kat","Bahçe Katı","Aydın / Efeler / Baltaköy Mah.","https://www.hepsiemlak.com/_nuxt/8cafc93fb5c74c75e9e04e528e02ccdf.jpg","Realty World Alyans Gayrimenkul","WhatsApp","","https://www.hepsiemlak.com/_nuxt/8cafc93fb5c74c75e9e04e528e02ccdf.jpg",""
"https://www.hepsiemlak.com/aydin-kusadasi-davutlar-kiralik/daire/0-46880913","1 / 7","36.000","06/07/2026","Sahibinden Kiralik Full Eşyalı Daire","Kiralık Daire","2 + 1","75 m²","2 Yaşında","·","Kat","Bahçe Katı","Aydın / Kuşadası / Davutlar Mah.","https://www.hepsiemlak.com/_nuxt/8cafc93fb5c74c75e9e04e528e02ccdf.jpg","","WhatsApp","","",""
"https://www.hepsiemlak.com/aydin-efeler-guzelhisar-kiralik/daire/71291-2943","1 / 21","30.000","03/07/2026","Gazi Emlak’tan Güzelhisar Mah. Bulvarda 3+1 Daire Kiralıktır","Kiralık Daire","3 + 1","140 m²","30 Yaşında","·","Kat","5. Kat","Aydın / Efeler / Güzelhisar Mah.","https://www.hepsiemlak.com/_nuxt/8cafc93fb5c74c75e9e04e528e02ccdf.jpg","Gazi Emlak","WhatsApp","","https://www.hepsiemlak.com/_nuxt/8cafc93fb5c74c75e9e04e528e02ccdf.jpg",""
"https://www.hepsiemlak.com/aydin-efeler-ata-kiralik/daire/68088-1345","1 / 27","25.000","24/07/2026","Rw Alyans'tan Ata Mah.Denizli Bulv.Da Kiralık Lüks 1+1 Daireler","Kiralık Daire","1 + 1","55 m²","Sıfır Bina","·","Kat","2. Kat","Aydın / Efeler / Ata Mah.","https://www.hepsiemlak.com/_nuxt/8cafc93fb5c74c75e9e04e528e02ccdf.jpg","Realty World Alyans Gayrimenkul","WhatsApp","","https://www.hepsiemlak.com/_nuxt/8cafc93fb5c74c75e9e04e528e02ccdf.jpg",""
"https://www.hepsiemlak.com/aydin-didim-altinkum-kiralik/daire/47174-906","1 / 8","70.000","22/07/2026","Altınkum Sahiline Sıfır","Kiralık Daire","1 + 1","65 m²","1 Yaşında","·","Kat","1. Kat","Aydın / Didim / Altınkum Mah.","https://www.hepsiemlak.com/_nuxt/8cafc93fb5c74c75e9e04e528e02ccdf.jpg","Mai Emlak","WhatsApp","","https://www.hepsiemlak.com/_nuxt/8cafc93fb5c74c75e9e04e528e02ccdf.jpg",""
"https://www.hepsiemlak.com/aydin-efeler-zafer-kiralik/daire/98556-350","1 / 13","30.000","09/07/2026","Doğalgazlı Eşyalı 2+1 Dubleks Kiralık Daire","Kiralık Daire","2 + 1","125 m²","2 Yaşında","·","Kat","2. Kat","Aydın / Efeler / Zafer Mah.","https://www.hepsiemlak.com/_nuxt/8cafc93fb5c74c75e9e04e528e02ccdf.jpg","Elit Emlak Recep Şekerci","WhatsApp","","https://www.hepsiemlak.com/_nuxt/8cafc93fb5c74c75e9e04e528e02ccdf.jpg",""
"https://www.hepsiemlak.com/aydin-nazilli-dumlupinar-kiralik/daire/164018-28","1 / 8","12.000","31/08/2026","📣 📣 Sümer Mahallesinde 1+1 Eşyalı Kiralık Daire 📣 📣","Kiralık Daire","1 + 1","65 m²","8 Yaşında","·","Kat","4. Kat","Aydın / Nazilli / Dumlupınar Mah.","https://www.hepsiemlak.com/_nuxt/8cafc93fb5c74c75e9e04e528e02ccdf.jpg","Doğa Emlak Gayrimenkul","WhatsApp","","https://www.hepsiemlak.com/_nuxt/8cafc93fb5c74c75e9e04e528e02ccdf.jpg",""
"https://www.hepsiemlak.com/aydin-efeler-fatih-kiralik/daire/68088-1270","1 / 25","27.000","10/07/2026","Rw Alyanstan Fatıh Mah. Sıfır Bına Ultra Lüks Eşya 1 + 1 Kıralık","Kiralık Daire","1 + 1","55 m²","Sıfır Bina","·","Kat","Zemin","Aydın / Efeler / Fatih Mah.","https://www.hepsiemlak.com/_nuxt/8cafc93fb5c74c75e9e04e528e02ccdf.jpg","Realty World Alyans Gayrimenkul","WhatsApp","","https://www.hepsiemlak.com/_nuxt/8cafc93fb5c74c75e9e04e528e02ccdf.jpg",""
"https://www.hepsiemlak.com/aydin-kusadasi-turkmen-kiralik/daire/28110-15385","1 / 20","50.000","10/09/2026","Marina Bölgesinde Havuzlu Sitede Eşyalı Kiralık 2+1 Daire","Kiralık Daire","2 + 1","120 m²","15 Yaşında","·","Kat","3. Kat","Aydın / Kuşadası / Türkmen Mah.","https://www.hepsiemlak.com/_nuxt/8cafc93fb5c74c75e9e04e528e02ccdf.jpg","Remax Pasha 1","WhatsApp","","https://www.hepsiemlak.com/_nuxt/8cafc93fb5c74c75e9e04e528e02ccdf.jpg",""
"https://www.hepsiemlak.com/aydin-nazilli-isabeyli-kiralik/daire/166413-1","1 / 9","10.500","14/08/2026","İsabeylide Kiralık 1+1 Daire","Kiralık Daire","1 + 1","55 m²","6 Yaşında","·","Kat","1. Kat","Aydın / Nazilli / İsabeyli Mah.","https://www.hepsiemlak.com/_nuxt/8cafc93fb5c74c75e9e04e528e02ccdf.jpg","Işık Gayrimenkul","WhatsApp","","https://www.hepsiemlak.com/img/loadings/noImage55-55.png",""
"https://www.hepsiemlak.com/aydin-efeler-mesrutiyet-kiralik/daire/68088-1207","1 / 25","33.000","25/07/2026","Rw Alyanstan Meşrutiyet Mahallesinde Kiralık 3+1 Daire","Kiralık Daire","3 + 1","135 m²","21 Yaşında","·","Kat","6. Kat","Aydın / Efeler / Meşrutiyet Mah.","https://www.hepsiemlak.com/_nuxt/8cafc93fb5c74c75e9e04e528e02ccdf.jpg","Realty World Alyans Gayrimenkul","WhatsApp","","https://www.hepsiemlak.com/_nuxt/8cafc93fb5c74c75e9e04e528e02ccdf.jpg",""
"https://www.hepsiemlak.com/aydin-cine-evciler-kiralik/daire/0-46917062","1 / 3","20.000","10/07/2026","Kiralık Daire","Kiralık Daire","4 + 1","140 m²","6 Yaşında","·","Kat","Ara Kat","Aydın / Çine / Evciler Mah.","https://www.hepsiemlak.com/_nuxt/8cafc93fb5c74c75e9e04e528e02ccdf.jpg","","WhatsApp","","",""
"https://www.hepsiemlak.com/aydin-efeler-cumhuriyet-kiralik/daire/68088-1375","1 / 24","24.000","18/08/2026","Rw Alyanstan Cumhurıyet Mahallesı Ara Kat Kıralık 3 + 1 Daıre","Kiralık Daire","3 + 1","145 m²","16 Yaşında","·","Kat","3. Kat","Aydın / Efeler / Cumhuriyet Mah.","https://www.hepsiemlak.com/_nuxt/8cafc93fb5c74c75e9e04e528e02ccdf.jpg","Realty World Alyans Gayrimenkul","WhatsApp","","https://www.hepsiemlak.com/_nuxt/8cafc93fb5c74c75e9e04e528e02ccdf.jpg",""
"https://www.hepsiemlak.com/aydin-kusadasi-davutlar-kiralik/villa/137394-173","1 / 7","120.000","24/08/2026","Davutlar Merkez'de Sezon İçi/dişi Kiralık Tek Müstakil Villa","Kiralık Villa","3 + 1","270 m²","6 Yaşında","·","Kat","Bahçe Katı","Aydın / Kuşadası / Davutlar Mah.","https://www.hepsiemlak.com/_nuxt/8cafc93fb5c74c75e9e04e528e02ccdf.jpg","Ali Haydar Yıldız Gayrimenkul Danışmanlığı","WhatsApp","","https://www.hepsiemlak.com/_nuxt/8cafc93fb5c74c75e9e04e528e02ccdf.jpg",""
"https://www.hepsiemlak.com/aydin-efeler-orta-kiralik/daire/68088-1319","1 / 22","15.000","11/08/2026","Rw Alyans'tan Orta Mah'de Eşyalı Kiralık 1+1 Daire","Kiralık Daire","1 + 1","55 m²","6 Yaşında","·","Kat","1. Kat","Aydın / Efeler / Orta Mah.","https://www.hepsiemlak.com/_nuxt/8cafc93fb5c74c75e9e04e528e02ccdf.jpg","Realty World Alyans Gayrimenkul","WhatsApp","","https://www.hepsiemlak.com/_nuxt/8cafc93fb5c74c75e9e04e528e02ccdf.jpg",""
"https://www.hepsiemlak.com/aydin-kusadasi-guzelcamli-kiralik/daire/137394-150","1 / 7","15.999","25/07/2026","Güzelçamlı Mah. 3+1 Kiralık Boş Daire","Kiralık Daire","3 + 1","105 m²","16 Yaşında","·","Kat","Giriş Katı","Aydın / Kuşadası / Güzelçamlı Mah.","https://hecdnnw.hemlak.com/mncropresize/77/67/logo/4/9/3/7/3/1/812788f1-bb70-49d5-8659-3da22ae6e4f9.jpg","Ali Haydar Yıldız Gayrimenkul Danışmanlığı","WhatsApp","","",""
"https://www.hepsiemlak.com/aydin-nazilli-isabeyli-kiralik/daire/160026-289","1 / 12","15.000","10/09/2026","Konut Emlaktan İsabeylide 2+0 Full Temiz Eşyalı Kiralık Daire","Kiralık Daire","2 + 0","80 m²","6 Yaşında","·","Kat","4. Kat","Aydın / Nazilli / İsabeyli Mah.","https://hecdnnw.hemlak.com/mncropresize/77/67/logo/6/2/0/0/6/1/65538d15-6c8a-4169-aa12-c3c7211de99c.jpg","Duru Emlak","WhatsApp","","",""
"https://www.hepsiemlak.com/aydin-efeler-zeybek-kiralik/daire/68088-1305","1 / 20","29.000","17/08/2026","Rw Alyanstan Zeybekte Site İçi Arakat Lüks Eşyalı 2+0 Daire","Kiralık Daire","2 + 0","65 m²","5 Yaşında","·","Kat","2. Kat","Aydın / Efeler / Zeybek Mah.","https://hecdnnw.hemlak.com/mncropresize/77/67/logo/8/8/0/8/6/0/5fb0f3a8-bcdc-4d80-8f04-745af472ea4c.jpg","Realty World Alyans Gayrimenkul","WhatsApp","","",""
"https://www.hepsiemlak.com/aydin-efeler-baltakoy-kiralik/villa/68088-1317","1 / 31","30.000","06/08/2026","Rw Alyans'tan Baltaköy'de Havuzlu Kiralık 2+1 Dubleks Villa","Kiralık Villa","2 + 1","100 m²","4 Yaşında","·","Kat","Bahçe Katı","Aydın / Efeler / Baltaköy Mah.","https://hecdn01.hemlak.com/mncropresize/182/137/ds01/1/1/3/2/0/7/6/4/030c1fa3-5d62-479f-a064-675d3b9f2689.jpg","Realty World Alyans Gayrimenkul","WhatsApp","","https://hecdnnw.hemlak.com/mncropresize/77/67/logo/8/8/0/8/6/0/5fb0f3a8-bcdc-4d80-8f04-745af472ea4c.jpg",""
"https://www.hepsiemlak.com/aydin-efeler-ovaeymir-kiralik/daire/68088-1191","1 / 35","55.000","04/09/2026","Rw Alyanstan Green Parkta Kiralık 3+1 Daire","Kiralık Daire","3 + 1","165 m²","6 Yaşında","·","Kat","7. Kat","Aydın / Efeler / Ovaeymir Mah.","https://www.hepsiemlak.com/_nuxt/8cafc93fb5c74c75e9e04e528e02ccdf.jpg","Realty World Alyans Gayrimenkul","WhatsApp","","https://www.hepsiemlak.com/_nuxt/8cafc93fb5c74c75e9e04e528e02ccdf.jpg",""
"https://www.hepsiemlak.com/aydin-efeler-orta-kiralik/daire/68088-1059","1 / 34","15.000","27/08/2026","Rw Alyanstan Bulvara Bir Sokak Eşyalı 1+1 Kiralık Orta Mah.","Kiralık Daire","1 + 1","55 m²","6 Yaşında","·","Kat","3. Kat","Aydın / Efeler / Orta Mah.","https://www.hepsiemlak.com/_nuxt/8cafc93fb5c74c75e9e04e528e02ccdf.jpg","Realty World Alyans Gayrimenkul","WhatsApp","","https://www.hepsiemlak.com/_nuxt/8cafc93fb5c74c75e9e04e528e02ccdf.jpg",""
"https://www.hepsiemlak.com/aydin-efeler-mimar-sinan-kiralik/daire/68088-1355","1 / 29","35.000","04/09/2026","Rw Alyans Tan Mımar Sinanda Sıfır Eşyalı Ayrı Mutfak 2 + 1","Kiralık Daire","2 + 1","65 m²","2 Yaşında","·","Kat","1. Kat","Aydın / Efeler / Mimar Sinan Mah.","https://www.hepsiemlak.com/_nuxt/8cafc93fb5c74c75e9e04e528e02ccdf.jpg","Realty World Alyans Gayrimenkul","WhatsApp","","https://www.hepsiemlak.com/_nuxt/8cafc93fb5c74c75e9e04e528e02ccdf.jpg",""
"https://www.hepsiemlak.com/aydin-efeler-orta-kiralik/daire/68088-1379","1 / 26","19.500","21/08/2026","Rw Alyanstan Doğu Gazi Bulvar Üzeri Muhteşem Eşyalı Kiralık 1+1","Kiralık Daire","1 + 1","55 m²","1 Yaşında","·","Kat","5. Kat","Aydın / Efeler / Orta Mah.","https://www.hepsiemlak.com/_nuxt/8cafc93fb5c74c75e9e04e528e02ccdf.jpg","Realty World Alyans Gayrimenkul","WhatsApp","","https://www.hepsiemlak.com/_nuxt/8cafc93fb5c74c75e9e04e528e02ccdf.jpg",""
"https://www.hepsiemlak.com/aydin-kusadasi-sogucak-kiralik/villa/104189-3965","1 / 3","85.000","20/08/2026","Özel Havuzlu 3+1 Eşyalı Kiralık Villa","Kiralık Villa","3 + 1","140 m²","3 Yaşında","·","Kat","Bahçe Katı","Aydın / Kuşadası / Soğucak Mah.","https://www.hepsiemlak.com/_nuxt/8cafc93fb5c74c75e9e04e528e02ccdf.jpg","Egemen Gayrimenkul Kuşadası","WhatsApp","","https://www.hepsiemlak.com/_nuxt/8cafc93fb5c74c75e9e04e528e02ccdf.jpg",""
"https://www.hepsiemlak.com/aydin-kusadasi-ege-kiralik/daire/28110-16327","1 / 28","55.000","07/07/2026","Havuzlu Sitede Deniz Manzaralı Kiralık 4+1 Eşyalı Dublex Daire","Kiralık Daire","4 + 1","180 m²","15 Yaşında","·","Kat","4. Kat","Aydın / Kuşadası / Ege Mah.","https://www.hepsiemlak.com/_nuxt/8cafc93fb5c74c75e9e04e528e02ccdf.jpg","Remax Pasha 1","WhatsApp","","https://www.hepsiemlak.com/_nuxt/8cafc93fb5c74c75e9e04e528e02ccdf.jpg",""
"https://www.hepsiemlak.com/aydin-efeler-mesrutiyet-kiralik/daire/68088-1254","1 / 25","25.000","02/09/2026","Rw Alyanstan Meşrutiyet Mah. Muhteşem Konum Kiralık 3+1 Daire","Kiralık Daire","3 + 1","145 m²","16 Yaşında","·","Kat","1. Kat","Aydın / Efeler / Meşrutiyet Mah.","https://www.hepsiemlak.com/_nuxt/8cafc93fb5c74c75e9e04e528e02ccdf.jpg","Realty World Alyans Gayrimenkul","WhatsApp","","https://www.hepsiemlak.com/_nuxt/8cafc93fb5c74c75e9e04e528e02ccdf.jpg",""
"https://www.hepsiemlak.com/aydin-efeler-kurtulus-kiralik/daire/78993-2114","1 / 8","20.000","30/07/2026","Kurtuluş Mahallesi'nde Kiralık 1+1 Eşyalı Doğalgazlı Daire","Kiralık Daire","1 + 1","55 m²","6 Yaşında","·","Kat","5. Kat","Aydın / Efeler / Kurtuluş Mah.","https://www.hepsiemlak.com/_nuxt/8cafc93fb5c74c75e9e04e528e02ccdf.jpg","Pasha Gayrimenkul","WhatsApp","","https://www.hepsiemlak.com/_nuxt/8cafc93fb5c74c75e9e04e528e02ccdf.jpg",""
"https://www.hepsiemlak.com/aydin-efeler-adnan-menderes-kiralik/daire/78993-2113","1 / 8","19.000","02/09/2026","Adnan Menderes Mah. Doğalgazlı Eşyalı Kiralık 1+1 Daire","Kiralık Daire","1 + 1","55 m²","6 Yaşında","·","Kat","4. Kat","Aydın / Efeler / Adnan Menderes Mah.","https://www.hepsiemlak.com/_nuxt/8cafc93fb5c74c75e9e04e528e02ccdf.jpg","Pasha Gayrimenkul","WhatsApp","","https://www.hepsiemlak.com/_nuxt/8cafc93fb5c74c75e9e04e528e02ccdf.jpg",""
"https://www.hepsiemlak.com/aydin-efeler-orta-kiralik/daire/68088-1391","1 / 23","17.500","04/09/2026","Rw Alyanstan Cadde Üstü Kiralık 1+1 Eşyalı Daire","Kiralık Daire","1 + 1","38 m²","11 Yaşında","·","Kat","3. Kat","Aydın / Efeler / Orta Mah.","https://www.hepsiemlak.com/_nuxt/8cafc93fb5c74c75e9e04e528e02ccdf.jpg","Realty World Alyans Gayrimenkul","WhatsApp","","https://www.hepsiemlak.com/_nuxt/8cafc93fb5c74c75e9e04e528e02ccdf.jpg",""
"https://www.hepsiemlak.com/aydin-efeler-orta-kiralik/daire/68088-1298","1 / 22","18.000","13/08/2026","Rw Alyanstan Doğu Gazı Bulvarı Üzerı 1 + 1 Kiralık Eşyasız Daıre","Kiralık Daire","1 + 1","48 m²","6 Yaşında","·","Kat","3. Kat","Aydın / Efeler / Orta Mah.","https://www.hepsiemlak.com/_nuxt/8cafc93fb5c74c75e9e04e528e02ccdf.jpg","Realty World Alyans Gayrimenkul","WhatsApp","","https://www.hepsiemlak.com/_nuxt/8cafc93fb5c74c75e9e04e528e02ccdf.jpg",""
"https://www.hepsiemlak.com/aydin-efeler-adnan-menderes-kiralik/daire/68088-1385","1 / 19","23.000","30/07/2026","Realty World Alyanstan A.Mendereste Kiralık Eşyalı 1+1 Daire","Kiralık Daire","1 + 1","40 m²","6 Yaşında","·","Kat","3. Kat","Aydın / Efeler / Adnan Menderes Mah.","https://www.hepsiemlak.com/_nuxt/8cafc93fb5c74c75e9e04e528e02ccdf.jpg","Realty World Alyans Gayrimenkul","WhatsApp","","https://www.hepsiemlak.com/_nuxt/8cafc93fb5c74c75e9e04e528e02ccdf.jpg",""
"https://www.hepsiemlak.com/aydin-kusadasi-cumhuriyet-kiralik/daire/28110-16283","1 / 12","27.000","31/07/2026","Kuşadası Merkezde Tüm Olanaklara Yakın 2+1 Kıralık Daıre","Kiralık Daire","2 + 1","85 m²","35 Yaşında","·","Kat","2. Kat","Aydın / Kuşadası / Cumhuriyet Mah.","https://www.hepsiemlak.com/_nuxt/8cafc93fb5c74c75e9e04e528e02ccdf.jpg","Remax Pasha 1","WhatsApp","","https://www.hepsiemlak.com/_nuxt/8cafc93fb5c74c75e9e04e528e02ccdf.jpg",""
"https://www.hepsiemlak.com/aydin-efeler-orta-kiralik/daire/68088-1299","1 / 13","16.000","25/08/2026","Rw Alyanstan Eşyalı Kiralık 1+1 Daire","Kiralık Daire","1 + 1","50 m²","6 Yaşında","·","Kat","Giriş Katı","Aydın / Efeler / Orta Mah.","https://www.hepsiemlak.com/_nuxt/8cafc93fb5c74c75e9e04e528e02ccdf.jpg","Realty World Alyans Gayrimenkul","","","https://www.hepsiemlak.com/_nuxt/8cafc93fb5c74c75e9e04e528e02ccdf.jpg",""
"https://www.hepsiemlak.com/aydin-efeler-adnan-menderes-kiralik/daire/68088-1263","1 / 34","45.000","21/08/2026","Rw Alyanstan A.Menderes Mah.Ara Kat 4+1 Kiralık Daire","Kiralık Daire","4 + 1","185 m²","2 Yaşında","·","Kat","3. Kat","Aydın / Efeler / Adnan Menderes Mah.","https://www.hepsiemlak.com/_nuxt/8cafc93fb5c74c75e9e04e528e02ccdf.jpg","Realty World Alyans Gayrimenkul","WhatsApp","","https://www.hepsiemlak.com/_nuxt/8cafc93fb5c74c75e9e04e528e02ccdf.jpg",""
"https://www.hepsiemlak.com/aydin-efeler-orta-kiralik/daire/68088-1342","1 / 27","20.000","04/09/2026","Realty World Alyanstan Kiralık 1+1 Eşyalı Daire","Kiralık Daire","1 + 1","40 m²","6 Yaşında","·","Kat","1. Kat","Aydın / Efeler / Orta Mah.","https://www.hepsiemlak.com/_nuxt/8cafc93fb5c74c75e9e04e528e02ccdf.jpg","Realty World Alyans Gayrimenkul","WhatsApp","","https://www.hepsiemlak.com/_nuxt/8cafc93fb5c74c75e9e04e528e02ccdf.jpg",""
"https://www.hepsiemlak.com/aydin-efeler-mesrutiyet-kiralik/daire/68088-1359","1 / 22","26.000","05/09/2026","Realty World Alyanstan Meşrutiyette Kiralık 2+1 Ara Kat Daire","Kiralık Daire","2 + 1","70 m²","5 Yaşında","·","Kat","3. Kat","Aydın / Efeler / Meşrutiyet Mah.","https://www.hepsiemlak.com/_nuxt/8cafc93fb5c74c75e9e04e528e02ccdf.jpg","Realty World Alyans Gayrimenkul","WhatsApp","","https://www.hepsiemlak.com/_nuxt/8cafc93fb5c74c75e9e04e528e02ccdf.jpg",""
"https://www.hepsiemlak.com/aydin-efeler-orta-kiralik/daire/68088-1360","1 / 20","17.000","06/09/2026","Realty World Alyanstan Orta Mahallede Kiralık Eşyalı 1+1 Daire","Kiralık Daire","1 + 1","45 m²","11 Yaşında","·","Kat","2. Kat","Aydın / Efeler / Orta Mah.","https://www.hepsiemlak.com/_nuxt/8cafc93fb5c74c75e9e04e528e02ccdf.jpg","Realty World Alyans Gayrimenkul","WhatsApp","","https://www.hepsiemlak.com/_nuxt/8cafc93fb5c74c75e9e04e528e02ccdf.jpg",""
"https://www.hepsiemlak.com/aydin-efeler-ata-kiralik/daire/68088-1353","1 / 17","20.000","04/09/2026","Rw Alyanstan Ata Forum Karşısı Shell Arkası Kıralık 2+1","Kiralık Daire","2 + 1","60 m²","Sıfır Bina","·","Kat","1. Kat","Aydın / Efeler / Ata Mah.","https://www.hepsiemlak.com/_nuxt/8cafc93fb5c74c75e9e04e528e02ccdf.jpg","Realty World Alyans Gayrimenkul","WhatsApp","","https://www.hepsiemlak.com/_nuxt/8cafc93fb5c74c75e9e04e528e02ccdf.jpg",""
"https://www.hepsiemlak.com/aydin-efeler-cumhuriyet-kiralik/daire/68088-1307","1 / 29","26.000","08/09/2026","Realty World Alyanstan Cumhuriyet Mah.De Kiralık 3+1 Daire","Kiralık Daire","3 + 1","140 m²","21 Yaşında","·","Kat","1. Kat","Aydın / Efeler / Cumhuriyet Mah.","https://www.hepsiemlak.com/_nuxt/8cafc93fb5c74c75e9e04e528e02ccdf.jpg","Realty World Alyans Gayrimenkul","WhatsApp","","https://www.hepsiemlak.com/_nuxt/8cafc93fb5c74c75e9e04e528e02ccdf.jpg",""
"https://www.hepsiemlak.com/aydin-efeler-cumhuriyet-kiralik/daire/68088-1352","1 / 22","23.000","02/09/2026","Rw Alyanstan Cumhurıyet Mah. Sgk Arkası Ara Kat Eşyasız 2 + 1","Kiralık Daire","2 + 1","65 m²","6 Yaşında","·","Kat","4. Kat","Aydın / Efeler / Cumhuriyet Mah.","https://hecdnnw.hemlak.com/mncropresize/77/67/logo/8/8/0/8/6/0/5fb0f3a8-bcdc-4d80-8f04-745af472ea4c.jpg","Realty World Alyans Gayrimenkul","WhatsApp","","",""
"https://www.hepsiemlak.com/aydin-efeler-zafer-kiralik/daire/68088-1350","1 / 22","19.500","31/08/2026","Rw Alyanstan Zafer Mah Geniş Arakat Asansörlü 1+1","Kiralık Daire","1 + 1","60 m²","6 Yaşında","·","Kat","3. Kat","Aydın / Efeler / Zafer Mah.","https://hecdnnw.hemlak.com/mncropresize/77/67/logo/8/8/0/8/6/0/5fb0f3a8-bcdc-4d80-8f04-745af472ea4c.jpg","Realty World Alyans Gayrimenkul","WhatsApp","","",""
"https://www.hepsiemlak.com/aydin-efeler-adnan-menderes-kiralik/daire/68088-1349","1 / 19","25.000","30/06/2026","Realty World Alyanstan A.Mendereste Kiralık Eşyalı 1+1 Daire","Kiralık Daire","1 + 1","40 m²","6 Yaşında","·","Kat","3. Kat","Aydın / Efeler / Adnan Menderes Mah.","https://hecdnnw.hemlak.com/mncropresize/77/67/logo/8/8/0/8/6/0/5fb0f3a8-bcdc-4d80-8f04-745af472ea4c.jpg","Realty World Alyans Gayrimenkul","WhatsApp","","",""
"https://www.hepsiemlak.com/aydin-efeler-guzelhisar-kiralik/daire/68088-1322","1 / 11","15.000","07/09/2026","Realty World Alyanstan Güzelhisarda Kiralık 1+1 Daire","Kiralık Daire","1 + 1","50 m²","26 Yaşında","·","Kat","Zemin","Aydın / Efeler / Güzelhisar Mah.","https://hecdn01.hemlak.com/mncropresize/182/137/ds01/7/4/4/6/1/7/6/4/1012fdc2-e87b-4a79-b983-2733e3c74cee.jpg","Realty World Alyans Gayrimenkul","WhatsApp","","https://hecdnnw.hemlak.com/mncropresize/77/67/logo/8/8/0/8/6/0/5fb0f3a8-bcdc-4d80-8f04-745af472ea4c.jpg",""
"https://www.hepsiemlak.com/aydin-efeler-orta-kiralik/daire/68088-1356","1 / 8","20.000","04/09/2026","Rw Alyanstan Orta Mah. 215 Sokak'ta Eşyalı 1+1 Daıre","Kiralık Daire","1 + 1","55 m²","6 Yaşında","·","Kat","2. Kat","Aydın / Efeler / Orta Mah.","https://www.hepsiemlak.com/_nuxt/8cafc93fb5c74c75e9e04e528e02ccdf.jpg","Realty World Alyans Gayrimenkul","WhatsApp","","https://www.hepsiemlak.com/_nuxt/8cafc93fb5c74c75e9e04e528e02ccdf.jpg",""