"listingCard__media-link href","listingCard__photo-index","listingCard__price","listingCard__date","listingCard__title","listingCard__spec-item","listingCard__spec-item 2","listingCard__spec-item 3","listingCard__spec-item 4","listingCard__spec-sep 4","listingCard__spec-label 5","listingCard__spec-item 5","listingCard__location","he-lazy-image src","listingCard__owner-firm","wp-btn-label","listingCard__owner-name","he-lazy-image src 2","he-lazy-image src 3"
"https://www.hepsiemlak.com/mugla-dalaman-altintas-kiralik/daire/117249-491","1 / 19","34.000","28/08/2026","Altıntas Mahallesinde 2+1 Kapalı Mutfak 105 M2 Kiralık","Kiralık Daire","2 + 1","105 m²","Sıfır Bina","·","Kat","Yüksek Giriş","Muğla / Dalaman / Altıntas Mah.","https://hecdnnw.hemlak.com/mncropresize/77/67/logo/9/4/2/7/1/1/97eebd87-f9fd-4ab8-afad-d02e54a26fb6.jpg","Ata Gayrimenkul","WhatsApp","","",""
"https://www.hepsiemlak.com/mugla-fethiye-pazaryeri-kiralik/daire/159960-101","1 / 35","30.000","07/09/2026","Dy Gayrimenkul'den Şehir Merkezinde Kiralık Eşyasız Daire","Kiralık Daire","2 + 1","90 m²","11 Yaşında","·","Kat","2. Kat","Muğla / Fethiye / Pazaryeri Mah.","https://hecdnnw.hemlak.com/mncropresize/77/67/firmuser/0/9/2/2/7/4/4/bcee8b3c-102c-45d1-a72e-0d57da72b373.jpg","Derya Yetkin Gayrimenkul Danışmanlık Ve Yatırım","WhatsApp","Derya
                  Yetkin","",""
"https://www.hepsiemlak.com/mugla-milas-gulluk-kiralik/villa/1757-4395","1 / 41","150.000","21/07/2026","Bodrum Güllük Yaşam Konakları Sitesinde Kiralık İkiz Villa","Kiralık Villa","4 + 1","174 m²","Sıfır Bina","·","Kat","","Muğla / Milas / Güllük Mah.","https://hecdnnw.hemlak.com/mncropresize/77/67/logo/7/5/7/1/0/0/426c89c1-4ab1-4f9e-8587-47cbe849b014.jpg","Remax Alkent","WhatsApp","","",""
"https://www.hepsiemlak.com/mugla-fethiye-foca-kiralik/daire/98827-25","1 / 24","37.500","08/09/2026","Filo' Dan Foça Merkezde 2+1 Havuz' Lu Full Eşyalı Uzun Dönem Daire","Kiralık Daire","2 + 1","85 m²","7 Yaşında","·","Kat","Çatı Katı","Muğla / Fethiye / Foça Mah.","https://hecdn01.hemlak.com/mncropresize/182/137/ds01/6/2/2/6/6/2/7/4/b004892e-f708-4f5f-a2f1-728629a98d2f.jpg","","WhatsApp","","",""
"https://www.hepsiemlak.com/mugla-marmaris-camdibi-kiralik/villa/135124-306","1 / 18","120.000","31/08/2026","Marmaris Merkezde Sıfır Çok Şık Kiralık Villa","Kiralık Villa","4 + 1","240 m²","Sıfır Bina","·","Kat","","Muğla / Marmaris / Çamdibi Mah.","https://hecdn01.hemlak.com/mncropresize/182/137/ds01/3/4/6/4/0/2/7/4/4b3ef6a7-43cb-4e42-9aee-2f0acf419e0c.jpg","Dıamond48 Real Estate","WhatsApp","Şule
                  Uzuntepe","https://hecdnnw.hemlak.com/mncropresize/77/67/firmuser/1/6/5/5/1/6/3/a0256dff-84a5-4d3a-a3a2-71f782cfaa05.jpg",""
"https://www.hepsiemlak.com/mugla-fethiye-yeni-kiralik/daire/155541-72","1 / 10","20.000","07/09/2026","Muğla Fethiye Foça Da 1+1 Daire","Kiralık Daire","1 + 1","50 m²","20 Yaşında","·","Kat","Ara Kat","Muğla / Fethiye / Yeni Mah.","https://hecdn01.hemlak.com/mncropresize/182/137/ds01/3/8/2/4/1/1/7/4/1786543505784-47114283.jpg","","WhatsApp","","",""
"https://www.hepsiemlak.com/mugla-bodrum-yenikoy-kiralik/daire/171600-1","1 / 19","65.000","10/09/2026","Bodrum Kiralık Oasis Avm Yakını Düz Girişli Havuzlu Site Bahçeli Yerden Isıtmalı Kış Bahçeli Teraslı","Kiralık Daire","2 + 1","65 m²","19 Yaşında","·","Kat","Bahçe Katı","Muğla / Bodrum / Yeniköy Mah.","https://hecdn01.hemlak.com/mncropresize/182/137/ds01/8/0/5/6/7/2/7/4/4072a1b3-a813-45c7-8d6a-ba940184553b.jpg","","WhatsApp","","",""
"https://www.hepsiemlak.com/mugla-fethiye-akarca-kiralik/villa/153705-267","1 / 42","45.000","10/09/2026","Akarca Mahallesi’nde Merkezi Konumda 3+1 Ortak Havuzlu Tripleks Uzun Dönem Kiralık","Kiralık Villa","3 + 1","130 m²","16 Yaşında","·","Kat","","Muğla / Fethiye / Akarca Mah.","https://hecdn01.hemlak.com/mncropresize/182/137/ds01/2/1/6/9/6/2/7/4/1788941220118-47269612.jpg","Çarşı Emlak","WhatsApp","","","https://hecdnnw.hemlak.com/mncropresize/77/67/logo/5/0/7/3/5/1/b579359c-ce88-4964-8511-7262a77cc195.jpg"
"https://www.hepsiemlak.com/mugla-dalaman-atakent-kiralik/daire/139965-536","1 / 37","17.500","10/09/2026","Dalaman Atakent Mahallesi'nde Gazi Bulvarı Üzerinde Kiralık 1+1","Kiralık Daire","1 + 1","60 m²","1 Yaşında","·","Kat","3. Kat","Muğla / Dalaman / Atakent Mah.","https://hecdn01.hemlak.com/mncropresize/182/137/ds01/7/0/8/9/5/2/7/4/2046551f-f941-4416-8ec7-fa5c89c6ce1b.jpg","Dost Emlak","WhatsApp","Ahmet
                  Kılıç","https://hecdnnw.hemlak.com/mncropresize/77/67/firmuser/7/5/6/8/1/9/3/c76391e6-ef9b-4db5-8107-a271b967e641.jpg","https://hecdnnw.hemlak.com/mncropresize/77/67/logo/5/6/9/9/3/1/59c39307-5e08-47b8-afd3-ae92959f52ed.jpg"
"https://www.hepsiemlak.com/mugla-bodrum-eskicesme-kiralik/daire/140202-3056","1 / 51","110.000","10/09/2026","Eskiçeşme'de Havuzlu Sitede Eşyalı 3+1 Kiralık Dubleks","Kiralık Daire","4 + 1","200 m²","10 Yaşında","·","Kat","Yüksek Giriş","Muğla / Bodrum / Eskiçeşme Mah.","https://hecdn01.hemlak.com/mncropresize/182/137/ds01/5/3/5/4/5/2/7/4/aa7f14fc-15a3-44ad-8b5d-c5ddbbd5c862.jpg","Century21 Begonvill Gayrimenkul","WhatsApp","","","https://hecdnnw.hemlak.com/mncropresize/77/67/logo/2/0/2/0/4/1/b8b04b34-a3e6-4982-90d2-2304eafd1493.jpg"
"https://www.hepsiemlak.com/mugla-fethiye-foca-kiralik/daire/97683-1443","1 / 35","50.000","10/09/2026","İlkon'dan Foça'da Nezih Caddede Kiralık 3+1 Geniş Çatı Dubleks","Kiralık Daire","3 + 1","150 m²","6 Yaşında","·","Kat","2. Kat","Muğla / Fethiye / Foça Mah.","https://hecdn01.hemlak.com/mncropresize/182/137/ds01/7/1/8/8/8/1/7/4/90d657d9-2aaf-47df-8226-e9fb053932e0.jpg","İlkon Gayrimenkul","WhatsApp","","","https://hecdnnw.hemlak.com/mncropresize/77/67/logo/3/8/6/7/9/0/5bdf763c-3a64-4a68-a9d3-1bfce183c251.jpg"
"https://www.hepsiemlak.com/mugla-bodrum-koyunbaba-kiralik/villa/95135-1336","1 / 51","100.000","10/09/2026","Gümüşlük Yalıkavak Özel Plajlı Denşz Manzaralı Köşe Villa","Kiralık Villa","3 + 1","145 m²","15 Yaşında","·","Kat","","Muğla / Bodrum / Koyunbaba Mah.","https://hecdn01.hemlak.com/mncropresize/182/137/ds01/7/6/8/8/3/0/7/4/1785433880-723257-47038867.jpeg","Orçun Turgun","WhatsApp","Orçun
                  Turgun","https://hecdnnw.hemlak.com/mncropresize/77/67/firmuser/3/1/8/7/7/9/1/18fabb05-3e5f-4d15-95fc-2fbbf5f54bc4.jpeg","https://hecdnnw.hemlak.com/mncropresize/77/67/logo/5/3/1/5/9/0/7dd79807-e2a4-4833-b6d4-250803daabd1.jpg"
"https://www.hepsiemlak.com/mugla-bodrum-gundogan-kiralik/residence/163672-37","1 / 43","410.000","10/09/2026","Bodrum Gündoğan Seba Mare Kiralık Rezidans","Kiralık Residence","3 + 1","188 m²","3 Yaşında","·","Kat","1. Kat","Muğla / Bodrum / Gündoğan Mah.","https://hecdn01.hemlak.com/mncropresize/182/137/ds01/2/3/9/2/7/7/6/4/c856f264-b0a6-4790-8ed7-aa4bb4172753.jpg","","WhatsApp","","",""
"https://www.hepsiemlak.com/mugla-bodrum-islamhaneleri-kiralik/mustakil-ev/77493-2438","1 / 34","120.000","10/09/2026","Bodrum Bağla Kiralık Mustakil Havuzlu Manzaralı Dubleks","Kiralık Müstakil Ev","4 + 1","180 m²","4 Yaşında","","","","Muğla / Bodrum / İslamhaneleri Mah.","https://hecdn01.hemlak.com/mncropresize/182/137/ds01/1/9/6/5/0/7/6/4/5f108cb5-fbe6-462d-8994-e5ada4aea27c.jpg","","WhatsApp","","",""
"https://www.hepsiemlak.com/mugla-fethiye-foca-kiralik/daire/135231-2922","1 / 14","40.000","10/09/2026","Stop’tan Foça Kocaçalış’ta Plaja 200 M Havuzlu Sitede Eşyalı Kiralık 2+1","Kiralık Daire","2 + 1","80 m²","11 Yaşında","·","Kat","Bahçe Katı","Muğla / Fethiye / Foça Mah.","https://hecdn01.hemlak.com/mncropresize/182/137/ds01/2/2/6/7/7/2/7/4/7debbe59-1247-416a-a084-93573134e57a.jpg","Stop Gayrimenkul","WhatsApp","","","https://hecdnnw.hemlak.com/mncropresize/77/67/logo/1/3/2/5/3/1/b5b55884-530a-41f0-b554-f54b8c608367.jpg"
"https://www.hepsiemlak.com/mugla-dalaman-karacali-kiralik/daire/139965-537","1 / 11","30.000","10/09/2026","Dalaman Karaçalıda Eşyalı Kiralık 2+1 Daire Miğros Üstü","Kiralık Daire","2 + 1","93 m²","3 Yaşında","·","Kat","1. Kat","Muğla / Dalaman / Karaçalı Mah.","https://hecdn01.hemlak.com/mncropresize/182/137/ds01/7/6/4/7/7/2/7/4/5bbb9b48-dcc6-45ef-8b75-85356a3acd39.jpg","Dost Emlak","WhatsApp","","","https://hecdnnw.hemlak.com/mncropresize/77/67/logo/5/6/9/9/3/1/59c39307-5e08-47b8-afd3-ae92959f52ed.jpg"
"https://www.hepsiemlak.com/mugla-bodrum-kucukbuk-kiralik/daire/168768-119","1 / 34","120.000","10/09/2026","Bodrum Gündoğan Butik Site Özel İskele Deniz Manzara Bahçe Katı","Kiralık Daire","2 + 1","200 m²","6 Yaşında","·","Kat","Bahçe Katı","Muğla / Bodrum / Küçükbük Mah.","https://hecdn01.hemlak.com/mncropresize/182/137/ds01/6/1/9/7/7/2/7/4/b2cc892d-4bed-4b94-966d-55f273f9c752.jpg","","WhatsApp","","",""
"https://www.hepsiemlak.com/mugla-mentese-muslihittin-kiralik/daire/0-47276710","1 / 13","20.000","10/09/2026","Öğrenciyle Kiralıktır..","Kiralık Daire","1 + 1","100 m²","39 Yaşında","·","Kat","Bahçe Katı","Muğla / Menteşe / Muslihittin Mah.","https://hecdn01.hemlak.com/mncropresize/182/137/ds01/0/1/7/6/7/2/7/4/7nPah9_ocyMtQReC8Igx0.png","","","","",""
"https://www.hepsiemlak.com/mugla-dalaman-hurriyet-kiralik/daire/171354-30","1 / 18","25.000","10/09/2026","Dalaman Hürriyet Mahallesinde Müstakil Eşyalı Kiralık 3+1 Daire","Kiralık Daire","3 + 1","120 m²","16 Yaşında","·","Kat","Yüksek Giriş","Muğla / Dalaman / Hürriyet Mah.","https://hecdn01.hemlak.com/mncropresize/182/137/ds01/6/3/0/8/7/2/7/4/67e81039-2023-4d6a-aae1-b29667c4afaf.jpg","Prestij Gayrimenkul","WhatsApp","","","https://hecdnnw.hemlak.com/mncropresize/77/67/logo/4/5/3/1/7/1/ba755471-574b-4d30-93b9-c334720dbebe.jpg"
"https://www.hepsiemlak.com/mugla-mentese-yenikoy-kiralik/daire/137064-130","1 / 11","25.000","10/09/2026","Muğla Menteşe Yeniköy'de Kiralık Eşyalı 1+1 Daire","Kiralık Daire","1 + 1","40 m²","7 Yaşında","·","Kat","Yüksek Giriş","Muğla / Menteşe / Yeniköy Mah.","https://hecdn01.hemlak.com/mncropresize/182/137/ds01/2/4/9/5/5/8/6/4/1782846512249-46855942.jpg","","WhatsApp","","",""
"https://www.hepsiemlak.com/mugla-fethiye-pazaryeri-kiralik/daire/153705-266","1 / 30","32.000","10/09/2026","Pazaryeri Mahallesi’nde Eşyalı 3+1 Çatı Katı Kiralık","Kiralık Daire","3 + 1","170 m²","15 Yaşında","·","Kat","Çatı Katı","Muğla / Fethiye / Pazaryeri Mah.","https://hecdn01.hemlak.com/mncropresize/182/137/ds01/5/9/5/7/6/2/7/4/1788879384733-47267595.jpg","Çarşı Emlak","WhatsApp","","","https://hecdnnw.hemlak.com/mncropresize/77/67/logo/5/0/7/3/5/1/b579359c-ce88-4964-8511-7262a77cc195.jpg"
"https://www.hepsiemlak.com/mugla-fethiye-ciftlik-kiralik/daire/97683-1433","1 / 35","50.000","10/09/2026","İlkon'dan Fethiye/çiftlik'te Kiralık 3+1 Eşyalı Çatı Dubleks","Kiralık Daire","3 + 1","130 m²","6 Yaşında","·","Kat","2. Kat","Muğla / Fethiye / Çiftlik Mah.","https://hecdn01.hemlak.com/mncropresize/182/137/ds01/4/6/7/1/0/1/7/4/aee5da69-7d5f-4ca7-9637-ad6a1027df8c.jpg","İlkon Gayrimenkul","WhatsApp","","","https://hecdnnw.hemlak.com/mncropresize/77/67/logo/3/8/6/7/9/0/5bdf763c-3a64-4a68-a9d3-1bfce183c251.jpg"
"https://www.hepsiemlak.com/mugla-bodrum-kumbahce-kiralik/mustakil-ev/140202-2961","1 / 16","75.000","10/09/2026","Kumbahçe'de Deniz Ve Kale Manzaralı, Eşyalı 3+1 Dubleks Kiralık","Kiralık Müstakil Ev","3 + 1","160 m²","9 Yaşında","·","Kat","","Muğla / Bodrum / Kumbahçe Mah.","https://hecdn01.hemlak.com/mncropresize/182/137/ds01/6/3/7/0/1/6/6/4/98147795-baef-4267-bf3b-970eb8cbdf4e.jpg","Century21 Begonvill Gayrimenkul","WhatsApp","","","https://hecdnnw.hemlak.com/mncropresize/77/67/logo/2/0/2/0/4/1/b8b04b34-a3e6-4982-90d2-2304eafd1493.jpg"
"https://www.hepsiemlak.com/mugla-bodrum-farilya-kiralik/daire/5554-5246","1 / 14","70.000","10/09/2026","Kendinizi Evinizde Hissedeceğiniz Yaz Tatili İmkanı...","Kiralık Daire","2 + 1","110 m²","26 Yaşında","·","Kat","Yüksek Giriş","Muğla / Bodrum / Farilya Mah.","https://hecdn01.hemlak.com/mncropresize/182/137/ds01/7/5/8/4/0/9/6/4/25f8e11b-e61a-47c1-838e-dd27f81ae5ad.jpg","Usta Emlak Müşavirliği","WhatsApp","Erdinç
                  Usta","https://hecdnnw.hemlak.com/mncropresize/77/67/firmuser/4/5/5/5/0/0/41f2ae76-a5e1-4ed2-a17d-77951a420a51.jpeg","https://hecdnnw.hemlak.com/mncropresize/77/67/logo/4/5/5/5/0/0/c00795d3-1d20-473c-bd82-1089382f9d08.jpg"
"https://www.hepsiemlak.com/mugla-mentese-yesilyurt-kiralik/mustakil-ev/133648-8","1 / 27","18.500","09/09/2026","Kiralık Doğa İle İç İçe Bahçeli Müstakil Köy Evi","Kiralık Müstakil Ev","2 + 1","120 m²","25 Yaşında","·","Kat","","Muğla / Menteşe / Yeşilyurt Mah.","https://hecdnnw.hemlak.com/mncropresize/77/67/firmuser/8/3/0/4/5/5/3/d08a71ef-e216-4a0b-aa43-a161bd22c7f9.jpg","Yfg Emlak","WhatsApp","Yiğit
                  Dören","",""
"https://www.hepsiemlak.com/mugla-fethiye-tuzla-kiralik/daire/142708-248","1 / 14","40.000","09/09/2026","Fethiye Tuzlada Kiralık Sıfır Daire","Kiralık Daire","1 + 1","55 m²","Sıfır Bina","·","Kat","Yüksek Giriş","Muğla / Fethiye / Tuzla Mah.","https://hecdnnw.hemlak.com/mncropresize/77/67/logo/8/0/7/2/4/1/c1ec7f46-2547-4df4-8fe5-fa7c4a49f9ee.jpg","Ezel Emlak","WhatsApp","Fehmi
                  Ertürkler","https://hecdnnw.hemlak.com/mncropresize/77/67/firmuser/7/8/8/8/3/0/4/9e93a9ef-d12c-490e-933d-b4ad10c9fd8f.jpg",""
"https://www.hepsiemlak.com/mugla-dalaman-altintas-kiralik/daire/159794-264","1 / 14","22.000","09/09/2026","Dalaman Altıntas Mah'de 1+1 Eşyalı Kiralık Daire","Kiralık Daire","1 + 1","55 m²","5 Yaşında","·","Kat","4. Kat","Muğla / Dalaman / Altıntas Mah.","https://hecdnnw.hemlak.com/mncropresize/77/67/logo/4/9/7/9/5/1/2dd3befa-8861-45b2-a4a5-04f0e41b4880.jpg","Altın Emlak.ortaca","WhatsApp","","",""
"https://www.hepsiemlak.com/mugla-ortaca-ataturk-kiralik/daire/168067-29","1 / 11","19.000","09/09/2026","Kalinda Yapı Emlaktan Havuzlu 1+1 Kiralık Daire","Kiralık Daire","1 + 1","55 m²","Sıfır Bina","·","Kat","Yüksek Giriş","Muğla / Ortaca / Atatürk Mah.","https://hecdn01.hemlak.com/mncropresize/182/137/ds01/7/1/8/1/7/2/7/4/1788954327-3104281-47271817.jpeg","Kalinda Yapı Emlak","WhatsApp","","","https://hecdnnw.hemlak.com/mncropresize/77/67/logo/7/6/0/8/6/1/f430fef0-1d3f-4453-986b-ec5e7fcd1312.jpg"
"https://www.hepsiemlak.com/mugla-milas-gulluk-kiralik/daire/148118-77","1 / 11","35.000","10/09/2026","Güllük Mah. Muteşem Manzaralı Kiralık Daire","Kiralık Daire","2 + 1","80 m²","6 Yaşında","·","Kat","2. Kat","Muğla / Milas / Güllük Mah.","https://www.hepsiemlak.com/_nuxt/8cafc93fb5c74c75e9e04e528e02ccdf.jpg","","WhatsApp","","",""
"https://www.hepsiemlak.com/mugla-fethiye-patlangic-kiralik/daire/158594-189","1 / 38","45.000","09/09/2026","Fethiye Patlangıç’ta Kiralık 5+1 Geniş Ferah Deniz Manzaralı Çatı Dublex Daire","Kiralık Daire","5 + 1","180 m²","15 Yaşında","·","Kat","En Üst Kat","Muğla / Fethiye / Patlangıç Mah.","https://www.hepsiemlak.com/_nuxt/8cafc93fb5c74c75e9e04e528e02ccdf.jpg","Saçlı Gayrimenkul Fethiye","WhatsApp","Şaban
                  Saçlı","https://www.hepsiemlak.com/_nuxt/8cafc93fb5c74c75e9e04e528e02ccdf.jpg","https://www.hepsiemlak.com/_nuxt/8cafc93fb5c74c75e9e04e528e02ccdf.jpg"
"https://www.hepsiemlak.com/mugla-mentese-karamehmet-kiralik/daire/26998-2630","1 / 24","52.000","10/09/2026","Muğla Merkez Karamehmet De Geniş 3+1 Doğalgazlı,Asansörlü, Daire","Kiralık Daire","3 + 1","160 m²","12 Yaşında","·","Kat","2. Kat","Muğla / Menteşe / Karamehmet Mah.","https://www.hepsiemlak.com/_nuxt/8cafc93fb5c74c75e9e04e528e02ccdf.jpg","","WhatsApp","","",""
"https://www.hepsiemlak.com/mugla-dalaman-karacali-kiralik/daire/171354-29","1 / 10","19.000","09/09/2026","Dalaman Merkez Mahallesinde Kiralık Teraslı 1+1 Daire","Kiralık Daire","1 + 1","80 m²","2 Yaşında","·","Kat","2. Kat","Muğla / Dalaman / Karaçalı Mah.","https://www.hepsiemlak.com/_nuxt/8cafc93fb5c74c75e9e04e528e02ccdf.jpg","Prestij Gayrimenkul","WhatsApp","","","https://www.hepsiemlak.com/_nuxt/8cafc93fb5c74c75e9e04e528e02ccdf.jpg"
"https://www.hepsiemlak.com/mugla-fethiye-karagedik-kiralik/daire/52425-3793","1 / 23","30.000","09/09/2026","Karagedik Mahallesinde Full Deniz Manzaralı Geniş Daire","Kiralık Daire","3 + 1","140 m²","16 Yaşında","·","Kat","2. Kat","Muğla / Fethiye / Karagedik Mah.","https://www.hepsiemlak.com/_nuxt/8cafc93fb5c74c75e9e04e528e02ccdf.jpg","Vartur Emlak","WhatsApp","","","https://www.hepsiemlak.com/_nuxt/8cafc93fb5c74c75e9e04e528e02ccdf.jpg"
"https://www.hepsiemlak.com/mugla-dalaman-altintas-kiralik/daire/159794-287","1 / 13","35.000","09/09/2026","Dalaman Altıntas Mah’de 2+1 Site İçerisinde Eşyalı Kiralık Daire","Kiralık Daire","2 + 1","95 m²","6 Yaşında","·","Kat","Ara Kat","Muğla / Dalaman / Altıntas Mah.","https://www.hepsiemlak.com/_nuxt/8cafc93fb5c74c75e9e04e528e02ccdf.jpg","Altın Emlak.ortaca","WhatsApp","","","https://www.hepsiemlak.com/_nuxt/8cafc93fb5c74c75e9e04e528e02ccdf.jpg"
"https://www.hepsiemlak.com/mugla-bodrum-koyunbaba-kiralik/daire/32339-200","1 / 15","49.000","09/09/2026","Koyunbaba'da Eşyalı, Çift Banyolu, Deniz Manzaralı, Kiralık 2+1","Kiralık Daire","2 + 1","90 m²","11 Yaşında","·","Kat","2. Kat","Muğla / Bodrum / Koyunbaba Mah.","https://www.hepsiemlak.com/_nuxt/8cafc93fb5c74c75e9e04e528e02ccdf.jpg","Sarımert","WhatsApp","Şafak
                  Sarımert","https://www.hepsiemlak.com/_nuxt/8cafc93fb5c74c75e9e04e528e02ccdf.jpg","https://www.hepsiemlak.com/_nuxt/8cafc93fb5c74c75e9e04e528e02ccdf.jpg"
"https://www.hepsiemlak.com/mugla-bodrum-carsi-kiralik/daire/64802-6618","1 / 22","37.500","09/09/2026","Hedef'ten Bodrum Merkezde Kiralık Tertemiz 1+1 Daire","Kiralık Daire","1 + 1","65 m²","15 Yaşında","·","Kat","2. Kat","Muğla / Bodrum / Çarşı Mah.","https://www.hepsiemlak.com/_nuxt/8cafc93fb5c74c75e9e04e528e02ccdf.jpg","Hedef Gayrimenkul","WhatsApp","M Çetinalp
                  Kazanıcı","https://www.hepsiemlak.com/_nuxt/8cafc93fb5c74c75e9e04e528e02ccdf.jpg","https://www.hepsiemlak.com/_nuxt/8cafc93fb5c74c75e9e04e528e02ccdf.jpg"
"https://www.hepsiemlak.com/mugla-fethiye-tuzla-kiralik/daire/150724-252","1 / 26","40.000","09/09/2026","Tuzla Mah 3+1 Eşyalı Kiralık Daire","Kiralık Daire","3 + 1","130 m²","21 Yaşında","·","Kat","3. Kat","Muğla / Fethiye / Tuzla Mah.","https://www.hepsiemlak.com/_nuxt/8cafc93fb5c74c75e9e04e528e02ccdf.jpg","Baltur48 Emlak Fethıye","WhatsApp","Ali
                  Balcı","https://www.hepsiemlak.com/_nuxt/img/no-image-user.6f6a83e.svg",""
"https://www.hepsiemlak.com/mugla-bodrum-turgutreis-kiralik/mustakil-ev/109419-322","1 / 40","53.000","09/09/2026","Bodrum Turgutreis Bağla Mahallesi'inde Deniz Manzaralı Yıllık Kiralık Müstakil Ev","Kiralık Müstakil Ev","4 + 1","150 m²","15 Yaşında","·","Kat","","Muğla / Bodrum / Turgutreis Mah.","https://www.hepsiemlak.com/_nuxt/8cafc93fb5c74c75e9e04e528e02ccdf.jpg","","WhatsApp","","",""
"https://www.hepsiemlak.com/mugla-milas-emek-kiralik/daire/62045-1747","1 / 33","25.000","10/09/2026","Milas Hastane Yolunda Eşyalı Kiralık Daire","Kiralık Daire","1 + 1","50 m²","2 Yaşında","·","Kat","2. Kat","Muğla / Milas / Emek Mah.","https://www.hepsiemlak.com/_nuxt/8cafc93fb5c74c75e9e04e528e02ccdf.jpg","","WhatsApp","","",""
"https://www.hepsiemlak.com/mugla-bodrum-yokusbasi-kiralik/daire/28765-16024","1 / 29","35.000","09/09/2026","Bodrum Yokuşbaşı Anayol Üzeri Geniş 1+1 Kiralık Daire & Ofis","Kiralık Daire","1 + 1","60 m²","16 Yaşında","·","Kat","1. Kat","Muğla / Bodrum / Yokuşbaşı Mah.","https://www.hepsiemlak.com/_nuxt/8cafc93fb5c74c75e9e04e528e02ccdf.jpg","Coldwell Banker Artemis","WhatsApp","","","https://www.hepsiemlak.com/_nuxt/8cafc93fb5c74c75e9e04e528e02ccdf.jpg"
"https://www.hepsiemlak.com/mugla-marmaris-cildir-kiralik/daire/26388-6215","1 / 22","50.000","09/09/2026","Tt Emlaktan Denize 100 Metre Arakatta Eşyalı Deniz Manzaralı Kiralık Geniş 2+1 Düz Daire","Kiralık Daire","2 + 1","120 m²","25 Yaşında","·","Kat","2. Kat","Muğla / Marmaris / Çıldır Mah.","https://www.hepsiemlak.com/_nuxt/8cafc93fb5c74c75e9e04e528e02ccdf.jpg","Tt Emlak","WhatsApp","","","https://www.hepsiemlak.com/_nuxt/8cafc93fb5c74c75e9e04e528e02ccdf.jpg"
"https://www.hepsiemlak.com/mugla-milas-gumusluk-kiralik/daire/131358-173","1 / 11","23.000","09/09/2026","Milas Gümüşlük Mahallesi Çaltılık Mevkisinde Kiralık Geniş Daire","Kiralık Daire","3 + 1","120 m²","11 Yaşında","·","Kat","2. Kat","Muğla / Milas / Gümüşlük Mah.","https://www.hepsiemlak.com/_nuxt/8cafc93fb5c74c75e9e04e528e02ccdf.jpg","","WhatsApp","","",""
"https://www.hepsiemlak.com/mugla-mentese-muslihittin-kiralik/daire/133648-12","1 / 21","28.000","09/09/2026","2+1 Aileye Kiralık Daire","Kiralık Daire","2 + 1","120 m²","30 Yaşında","·","Kat","5. Kat","Muğla / Menteşe / Muslihittin Mah.","https://www.hepsiemlak.com/_nuxt/8cafc93fb5c74c75e9e04e528e02ccdf.jpg","Yfg Emlak","WhatsApp","Yiğit
                  Dören","https://www.hepsiemlak.com/_nuxt/8cafc93fb5c74c75e9e04e528e02ccdf.jpg",""
"https://www.hepsiemlak.com/mugla-mentese-kotekli-kiralik/daire/76834-3157","1 / 18","25.000","09/09/2026","Muğla Menteşe Kötekli'de 2+0 Eşyasız Kiralık Daire","Kiralık Daire","2 + 0","55 m²","6 Yaşında","·","Kat","Yüksek Giriş","Muğla / Menteşe / Kötekli Mah.","https://www.hepsiemlak.com/_nuxt/8cafc93fb5c74c75e9e04e528e02ccdf.jpg","Muğla Kampüs Emlak","WhatsApp","İlker Barış
                  Kalaç","https://www.hepsiemlak.com/_nuxt/8cafc93fb5c74c75e9e04e528e02ccdf.jpg","https://www.hepsiemlak.com/_nuxt/8cafc93fb5c74c75e9e04e528e02ccdf.jpg"
"https://www.hepsiemlak.com/mugla-mentese-karamehmet-kiralik/daire/133648-11","1 / 26","28.000","09/09/2026","Aileye Kiralık 2+1 Daire Sekibaşı Mahallesi","Kiralık Daire","2 + 1","110 m²","13 Yaşında","·","Kat","3. Kat","Muğla / Menteşe / Karamehmet Mah.","https://www.hepsiemlak.com/_nuxt/8cafc93fb5c74c75e9e04e528e02ccdf.jpg","Yfg Emlak","WhatsApp","Yiğit
                  Dören","https://www.hepsiemlak.com/_nuxt/8cafc93fb5c74c75e9e04e528e02ccdf.jpg",""
"https://www.hepsiemlak.com/mugla-marmaris-camdibi-kiralik/daire/23768-753","1 / 10","42.500","09/09/2026","Marmaris Merkeze Yakın Havuzlu Site İçinde 2+1 Eşyalı Daire","Kiralık Daire","2 + 1","90 m²","26 Yaşında","·","Kat","Giriş Katı","Muğla / Marmaris / Çamdibi Mah.","https://www.hepsiemlak.com/_nuxt/8cafc93fb5c74c75e9e04e528e02ccdf.jpg","Kent Danışmanlık","WhatsApp","","","https://www.hepsiemlak.com/_nuxt/8cafc93fb5c74c75e9e04e528e02ccdf.jpg"
"https://www.hepsiemlak.com/mugla-fethiye-menteseoglu-kiralik/villa/148225-1674","1 / 21","80.000","09/09/2026","Goldhouse Dan Kiralık Menteşoğlu Nda Müstakil Havuzlu 3+1 Villa","Kiralık Villa","3 + 1","145 m²","4 Yaşında","·","Kat","","Muğla / Fethiye / Menteşeoğlu Mah.","https://www.hepsiemlak.com/_nuxt/8cafc93fb5c74c75e9e04e528e02ccdf.jpg","Gold House Gayrimenkul Danışmanlık","WhatsApp","","","https://www.hepsiemlak.com/_nuxt/8cafc93fb5c74c75e9e04e528e02ccdf.jpg"
"https://www.hepsiemlak.com/mugla-koycegiz-yayla-kiralik/mustakil-ev/126009-533","1 / 35","26.000","09/09/2026","Murat Çimen'den Köyceğiz'de 2+1 Müstakil Kiralık","Kiralık Müstakil Ev","2 + 1","110 m²","5 Yaşında","","","","Muğla / Köyceğiz / Yayla Mah.","https://www.hepsiemlak.com/_nuxt/8cafc93fb5c74c75e9e04e528e02ccdf.jpg","Murat Çimen Gayrimenkul","WhatsApp","Murat
                  Çimen","https://www.hepsiemlak.com/_nuxt/8cafc93fb5c74c75e9e04e528e02ccdf.jpg","https://www.hepsiemlak.com/_nuxt/8cafc93fb5c74c75e9e04e528e02ccdf.jpg"
"https://www.hepsiemlak.com/mugla-fethiye-yakacik-kiralik/villa/167951-200","1 / 23","60.000","09/09/2026","Airport Emlaktan Fethiye Yakacık Mah. Uzun Dönem Kiralık Villa","Kiralık Villa","2 + 1","110 m²","3 Yaşında","·","Kat","","Muğla / Fethiye / Yakacık Mah.","","Airport Emlak","WhatsApp","","https://hecdnnw.hemlak.com/mncropresize/77/67/logo/1/5/9/7/6/1/fda44b82-cfbe-4590-a38d-74eb868be728.jpg",""
"https://www.hepsiemlak.com/mugla-fethiye-menteseoglu-kiralik/daire/153298-100","1 / 24","35.000","09/09/2026","Sedir'den Menteşoğlu Mh. Eşyalı Kiralık 3+1","Kiralık Daire","3 + 1","120 m²","6 Yaşında","·","Kat","Çatı Katı","Muğla / Fethiye / Menteşeoğlu Mah.","","Sedir Gayrimenkul Danışmanlığı","WhatsApp","Hidayi
                  Çatar","https://hecdnnw.hemlak.com/mncropresize/77/67/firmuser/7/4/3/3/2/3/4/a1fa8d52-5921-4b7b-9e68-0c0678813779.jpg",""
"https://www.hepsiemlak.com/mugla-fethiye-tasyaka-kiralik/daire/135231-2920","1 / 20","26.000","09/09/2026","Stop’tan Taşyaka Ölüdeniz Yolu Üzeri Arakat Kiralık 1+1","Kiralık Daire","1 + 1","60 m²","Sıfır Bina","·","Kat","1. Kat","Muğla / Fethiye / Taşyaka Mah.","https://hecdnnw.hemlak.com/mncropresize/77/67/logo/1/3/2/5/3/1/b5b55884-530a-41f0-b554-f54b8c608367.jpg","Stop Gayrimenkul","WhatsApp","","",""
"https://www.hepsiemlak.com/mugla-fethiye-patlangic-kiralik/daire/139822-291","1 / 28","42.000","08/09/2026","Fethiye Taşyaka'da Kiralık 4+1 170m2 Eşyalı Dubleks Daire","Kiralık Daire","4 + 1","175 m²","16 Yaşında","·","Kat","2. Kat","Muğla / Fethiye / Patlangıç Mah.","https://hecdn01.hemlak.com/mncropresize/182/137/ds01/9/2/6/8/6/2/7/4/34155238-a917-44c7-ae00-86e4d3de762e.jpg","Fethiye Emlak","WhatsApp","İsa
                  Öztok","https://hecdnnw.hemlak.com/mncropresize/77/67/firmuser/6/3/0/1/1/9/3/9d4ccb80-f4ab-4d57-bf90-0ee19d9e009b.jpg",""
"https://www.hepsiemlak.com/mugla-fethiye-tuzla-kiralik/daire/138314-995","1 / 23","40.000","09/09/2026","Remax'tan - Tuzla'da, Eşyasız, 2+1 Dubleks Kiralık Daire","Kiralık Daire","2 + 1","100 m²","20 Yaşında","·","Kat","3. Kat","Muğla / Fethiye / Tuzla Mah.","https://www.hepsiemlak.com/_nuxt/8cafc93fb5c74c75e9e04e528e02ccdf.jpg","Remax Badem 2","WhatsApp","","","https://www.hepsiemlak.com/_nuxt/8cafc93fb5c74c75e9e04e528e02ccdf.jpg"
"https://www.hepsiemlak.com/mugla-bodrum-mumcular-kiralik/daire/140850-412","1 / 44","30.000","08/09/2026","Çınar Emlaktan Mumcularda Havuzlu Site İçerisinde 2+1 Daireler","Kiralık Daire","2 + 1","80 m²","Sıfır Bina","·","Kat","3. Kat","Muğla / Bodrum / Mumcular Mah.","https://www.hepsiemlak.com/_nuxt/8cafc93fb5c74c75e9e04e528e02ccdf.jpg","Bodrum Çınar Emlak","WhatsApp","Yıldıray
                  Çınar","https://www.hepsiemlak.com/_nuxt/8cafc93fb5c74c75e9e04e528e02ccdf.jpg",""
"https://www.hepsiemlak.com/mugla-bodrum-koyunbaba-kiralik/villa/145086-54","1 / 25","50.000","08/09/2026","Koyunbaba'da Yıllık Kiralık 3+1 Deniz Manzaralı Villa","Kiralık Villa","3 + 1","130 m²","11 Yaşında","·","Kat","","Muğla / Bodrum / Koyunbaba Mah.","https://www.hepsiemlak.com/_nuxt/8cafc93fb5c74c75e9e04e528e02ccdf.jpg","Emlak İdea","WhatsApp","Aras
                  Kutay","https://www.hepsiemlak.com/_nuxt/8cafc93fb5c74c75e9e04e528e02ccdf.jpg","https://www.hepsiemlak.com/_nuxt/8cafc93fb5c74c75e9e04e528e02ccdf.jpg"
"https://www.hepsiemlak.com/mugla-fethiye-ciftlik-kiralik/villa/0-47263870","1 / 27","80.000","08/09/2026","15 Eylülden İtibaren Kiralık Müstakil Havuzlu Villa !!!","Kiralık Villa","4 + 1","170 m²","2 Yaşında","·","Kat","","Muğla / Fethiye / Çiftlik Mah.","https://www.hepsiemlak.com/_nuxt/8cafc93fb5c74c75e9e04e528e02ccdf.jpg","","WhatsApp","","",""
"https://www.hepsiemlak.com/mugla-bodrum-yahsi-kiralik/daire/170427-345","1 / 34","110.000","09/09/2026","Yahşi Gravıllada 240 M² Müstakil Bahçeli Eşyalı 3+1 Kiralık","Kiralık Daire","3 + 1","125 m²","6 Yaşında","·","Kat","Bahçe Katı","Muğla / Bodrum / Yahşi Mah.","https://www.hepsiemlak.com/_nuxt/8cafc93fb5c74c75e9e04e528e02ccdf.jpg","Bodrum Zeytin Gayrimenkul Ticaret Anonim Şirketi","WhatsApp","","","https://www.hepsiemlak.com/_nuxt/8cafc93fb5c74c75e9e04e528e02ccdf.jpg"
"https://www.hepsiemlak.com/mugla-fethiye-gokceovacik-kiralik/villa/147812-193","1 / 47","95.000","08/09/2026","Fethiye Göcek Gökçeovacıkta Kiralık 4+1 Havuzlu Doğa Villaları","Kiralık Villa","4 + 1","210 m²","1 Yaşında","·","Kat","","Muğla / Fethiye / Gökçeovacık Mah.","https://www.hepsiemlak.com/_nuxt/8cafc93fb5c74c75e9e04e528e02ccdf.jpg","Göcek Agency Gayrımenkul","WhatsApp","Ümit
                  Ünsal","https://www.hepsiemlak.com/_nuxt/8cafc93fb5c74c75e9e04e528e02ccdf.jpg",""
"https://www.hepsiemlak.com/mugla-fethiye-karakecililer-kiralik/villa/156531-212","1 / 40","70.000","07/09/2026","Tarihi Kayaköy Mah.De Uzun Dönem Kiralık Dubleks Taş Villa","Kiralık Villa","2 + 1","130 m²","2 Yaşında","·","Kat","","Muğla / Fethiye / Karakeçililer Mah.","https://www.hepsiemlak.com/_nuxt/8cafc93fb5c74c75e9e04e528e02ccdf.jpg","Rocher Homes","WhatsApp","","","https://www.hepsiemlak.com/_nuxt/8cafc93fb5c74c75e9e04e528e02ccdf.jpg"
"https://www.hepsiemlak.com/mugla-marmaris-camdibi-kiralik/daire/134247-54","1 / 32","45.000","07/09/2026","Marmaris Beldibi Kiralık 3+1 Daire","Kiralık Daire","3 + 1","125 m²","21 Yaşında","·","Kat","2. Kat","Muğla / Marmaris / Çamdibi Mah.","https://www.hepsiemlak.com/_nuxt/8cafc93fb5c74c75e9e04e528e02ccdf.jpg","Gold Prestige Makro Kent","WhatsApp","","","https://www.hepsiemlak.com/_nuxt/8cafc93fb5c74c75e9e04e528e02ccdf.jpg"
"https://www.hepsiemlak.com/mugla-bodrum-turkbuku-kiralik/villa/140073-1162","1 / 31","43.000","07/09/2026","Türkbükü Sankop'ta, Kesintisiz Deniz Manzaralı, Özel Bahçeli Yıllık Kiralık Villa","Kiralık Villa","2 + 1","109 m²","25 Yaşında","·","Kat","","Muğla / Bodrum / Türkbükü Mah.","https://www.hepsiemlak.com/_nuxt/8cafc93fb5c74c75e9e04e528e02ccdf.jpg","Coldwell Banker Elit Bodrumgayrimenkul","WhatsApp","","","https://www.hepsiemlak.com/_nuxt/8cafc93fb5c74c75e9e04e528e02ccdf.jpg"
"https://www.hepsiemlak.com/mugla-bodrum-torba-kiralik/villa/138595-204","1 / 37","240.000","07/09/2026","Bodrum Torba Kiralık Plajı Olan Site İçinde 6+1 Eşyalı Villa","Kiralık Villa","6 + 1","600 m²","6 Yaşında","·","Kat","","Muğla / Bodrum / Torba Mah.","https://www.hepsiemlak.com/_nuxt/8cafc93fb5c74c75e9e04e528e02ccdf.jpg","Özgürce Bodrum Gayrimenkul","WhatsApp","","","https://www.hepsiemlak.com/_nuxt/8cafc93fb5c74c75e9e04e528e02ccdf.jpg"
"https://www.hepsiemlak.com/mugla-marmaris-cildir-kiralik/daire/84388-1086","1 / 46","70.000","08/09/2026","Marmaris Merkezde Denize 50 Metre Kiralık Full Eşyalı 3+1 Daire","Kiralık Daire","3 + 1","160 m²","5 Yaşında","·","Kat","2. Kat","Muğla / Marmaris / Çıldır Mah.","https://www.hepsiemlak.com/_nuxt/8cafc93fb5c74c75e9e04e528e02ccdf.jpg","Step İn Gayrimenkul","WhatsApp","","","https://www.hepsiemlak.com/_nuxt/8cafc93fb5c74c75e9e04e528e02ccdf.jpg"
"https://www.hepsiemlak.com/mugla-milas-becin-kiralik/daire/0-47255088","1 / 17","29.000","07/09/2026","3+1 Sahibinden  Kiralık Ev✅","Kiralık Daire","3 + 1","105 m²","20 Yaşında","·","Kat","3. Kat","Muğla / Milas / Beçin Mah.","https://www.hepsiemlak.com/_nuxt/8cafc93fb5c74c75e9e04e528e02ccdf.jpg","","WhatsApp","","",""
"https://www.hepsiemlak.com/mugla-marmaris-armutalan-kiralik/daire/134252-235","1 / 27","110.000","08/09/2026","Marmaris Armutalan Önder Emlak'tan Yüzme Havuzlu Sitede Kiralık Eşyalı 3+1 Dubleks Daire","Kiralık Daire","3 + 1","165 m²","18 Yaşında","·","Kat","Çatı Katı","Muğla / Marmaris / Armutalan Mah.","https://www.hepsiemlak.com/_nuxt/8cafc93fb5c74c75e9e04e528e02ccdf.jpg","Önder Emlak Turizm Ve Ticaret Limited Şirketi","WhatsApp","","","https://www.hepsiemlak.com/img/loadings/noImage55-55.png"
"https://www.hepsiemlak.com/mugla-fethiye-patlangic-kiralik/daire/52449-416","1 / 38","45.000","06/09/2026","Patlangıç'ta 3+1 Eşyalı Kiralık Dubleks Daire","Kiralık Daire","3 + 1","150 m²","6 Yaşında","·","Kat","3. Kat","Muğla / Fethiye / Patlangıç Mah.","https://www.hepsiemlak.com/_nuxt/8cafc93fb5c74c75e9e04e528e02ccdf.jpg","Gökçe Gayrimenkul","WhatsApp","Akın
                  Gökçe","https://www.hepsiemlak.com/_nuxt/8cafc93fb5c74c75e9e04e528e02ccdf.jpg","https://www.hepsiemlak.com/_nuxt/8cafc93fb5c74c75e9e04e528e02ccdf.jpg"
"https://www.hepsiemlak.com/mugla-dalaman-karacali-kiralik/daire/167148-36","1 / 34","35.000","04/09/2026","Karaçalı Mahallesinde Nezih Sitede Ebeveyn Banyolu Barbekülü Kapalı Mutfak 3+1 Kiralık Daire","Kiralık Daire","3 + 1","135 m²","8 Yaşında","·","Kat","Ara Kat","Muğla / Dalaman / Karaçalı Mah.","https://www.hepsiemlak.com/_nuxt/8cafc93fb5c74c75e9e04e528e02ccdf.jpg","Güvendesin Emlak","WhatsApp","Mehmet
                  Güven","https://www.hepsiemlak.com/_nuxt/8cafc93fb5c74c75e9e04e528e02ccdf.jpg",""
"https://www.hepsiemlak.com/mugla-dalaman-bezkese-kiralik/daire/163824-158","1 / 21","20.000","10/09/2026","Poyraz Emlak|havuzlu Geniş Balkonlu Müstakil Girişli Kiralık 2+1","Kiralık Daire","2 + 1","80 m²","5 Yaşında","·","Kat","Giriş Katı","Muğla / Dalaman / Bezkese Mah.","https://www.hepsiemlak.com/_nuxt/8cafc93fb5c74c75e9e04e528e02ccdf.jpg","Poyraz Emlak","WhatsApp","Koray
                  Bütüner","https://www.hepsiemlak.com/_nuxt/img/no-image-user.6f6a83e.svg","https://www.hepsiemlak.com/_nuxt/8cafc93fb5c74c75e9e04e528e02ccdf.jpg"
"https://www.hepsiemlak.com/mugla-ula-koprubasi-kiralik/daire/138390-226","1 / 22","20.000","03/09/2026","Köprübaşı Mah. Ptt Arkası Kiralık 1+1 Eşyasız Daire 20.000 Tl","Kiralık Daire","1 + 1","50 m²","6 Yaşında","·","Kat","Yüksek Giriş","Muğla / Ula / Köprübaşı Mah.","https://www.hepsiemlak.com/_nuxt/8cafc93fb5c74c75e9e04e528e02ccdf.jpg","Vizyon Gayrimenkul","WhatsApp","","","https://www.hepsiemlak.com/_nuxt/8cafc93fb5c74c75e9e04e528e02ccdf.jpg"
"https://www.hepsiemlak.com/mugla-dalaman-sogutluyurt-kiralik/daire/0-47243028","1 / 22","25.000","04/09/2026","Dalaman Altıntaş’ta Havuzlu Site İçi Bahçe Kullanımlı Lüks 1+1 / Fırsat Daire","Kiralık Daire","1 + 1","70 m²","4 Yaşında","·","Kat","1. Kat","Muğla / Dalaman / Söğütlüyurt Mah.","https://www.hepsiemlak.com/_nuxt/8cafc93fb5c74c75e9e04e528e02ccdf.jpg","","WhatsApp","","",""
"https://www.hepsiemlak.com/mugla-mentese-yenikoy-kiralik/villa/94718-3313","1 / 54","75.000","03/09/2026","Muğla Menteşe Yeniköy'de Kiralık 4+1 Villa","Kiralık Villa","4 + 1","170 m²","3 Yaşında","·","Kat","","Muğla / Menteşe / Yeniköy Mah.","https://www.hepsiemlak.com/_nuxt/8cafc93fb5c74c75e9e04e528e02ccdf.jpg","Kdm Gayrimenkul Muğla","WhatsApp","","","https://www.hepsiemlak.com/_nuxt/8cafc93fb5c74c75e9e04e528e02ccdf.jpg"
"https://www.hepsiemlak.com/mugla-bodrum-derekoy-kiralik/mustakil-ev/166551-99","1 / 25","100.000","03/09/2026","Bodrum Dereköy 3+1 Müstakil Taş Ev 8 Dönüm Arazi İçinde","Kiralık Müstakil Ev","3 + 1","135 m²","2 Yaşında","","","","Muğla / Bodrum / Dereköy Mah.","https://www.hepsiemlak.com/_nuxt/8cafc93fb5c74c75e9e04e528e02ccdf.jpg","Duygu Akıncı Real Estate","WhatsApp","","","https://www.hepsiemlak.com/_nuxt/8cafc93fb5c74c75e9e04e528e02ccdf.jpg"
"https://www.hepsiemlak.com/mugla-fethiye-foca-kiralik/daire/84857-190","1 / 23","48.000","08/09/2026","Çalış Merkezde Plaja 2dk 2+1 Full Eşyalı Kiralık Daire","Kiralık Daire","2 + 1","80 m²","25 Yaşında","·","Kat","Ara Kat","Muğla / Fethiye / Foça Mah.","https://www.hepsiemlak.com/_nuxt/img/no-image-user.6f6a83e.svg","İstanbul Estates Fethiye","WhatsApp","Süleyman Uğur
                  Abalı","",""
"https://www.hepsiemlak.com/mugla-dalaman-hurriyet-kiralik/daire/117249-524","1 / 40","25.000","07/09/2026","Ata Gayrimenkul'den Havuzlu, 1+1 Dubleks Eşyalı Kiralık Daire","Kiralık Daire","1 + 1","95 m²","5 Yaşında","·","Kat","3. Kat","Muğla / Dalaman / Hürriyet Mah.","https://hecdnnw.hemlak.com/mncropresize/77/67/logo/9/4/2/7/1/1/97eebd87-f9fd-4ab8-afad-d02e54a26fb6.jpg","Ata Gayrimenkul","WhatsApp","","",""
"https://www.hepsiemlak.com/mugla-marmaris-cildir-kiralik/residence/135124-319","1 / 18","70.000","09/09/2026","Marmaris Denize Sıfır Kesintisiz Deniz Manzaralı 1+1 Residance","Kiralık Residence","1 + 1","75 m²","11 Yaşında","·","Kat","1. Kat","Muğla / Marmaris / Çıldır Mah.","","Dıamond48 Real Estate","WhatsApp","Şule
                  Uzuntepe","https://hecdnnw.hemlak.com/mncropresize/77/67/firmuser/1/6/5/5/1/6/3/a0256dff-84a5-4d3a-a3a2-71f782cfaa05.jpg",""
"https://www.hepsiemlak.com/mugla-bodrum-mumcular-kiralik/daire/170419-27","1 / 29","20.000","03/09/2026","Mumcular Merkez'e Yakın 1+1 Bahçe Kullanımlı Sıfır Kiralık Daire","Kiralık Daire","1 + 1","45 m²","Sıfır Bina","·","Kat","Bahçe Katı","Muğla / Bodrum / Mumcular Mah.","https://hecdn01.hemlak.com/mncropresize/182/137/ds01/9/6/8/0/0/2/7/4/1787837080-486558-47200869.jpeg","Move Bodrum","WhatsApp","","","https://hecdnnw.hemlak.com/mncropresize/77/67/logo/9/1/4/0/7/1/d15fd982-46e6-4b29-9ace-eff062d120f9.jpg"
"https://www.hepsiemlak.com/mugla-koycegiz-gulpinar-kiralik/daire/63057-840","1 / 46","36.500","08/09/2026","Hakan's Emlak'tan Köyceğiz Merkezde Eşyasız Kiralık Daire","Kiralık Daire","4 + 1","170 m²","15 Yaşında","·","Kat","2. Kat","Muğla / Köyceğiz / Gülpınar Mah.","https://www.hepsiemlak.com/_nuxt/8cafc93fb5c74c75e9e04e528e02ccdf.jpg","Hakan' S Emlak","WhatsApp","Hakan
                  Ertuğrul","https://www.hepsiemlak.com/_nuxt/8cafc93fb5c74c75e9e04e528e02ccdf.jpg","https://www.hepsiemlak.com/_nuxt/8cafc93fb5c74c75e9e04e528e02ccdf.jpg"
"https://www.hepsiemlak.com/mugla-fethiye-yesiluzumlu-kiralik/villa/144026-401","1 / 20","45.000","05/09/2026","Yeşilüzümlü'de Uzun Dönem Kiralık Müstakil Villa","Kiralık Villa","2 + 1","95 m²","2 Yaşında","·","Kat","","Muğla / Fethiye / Yeşilüzümlü Mah.","https://www.hepsiemlak.com/_nuxt/8cafc93fb5c74c75e9e04e528e02ccdf.jpg","Kaya Grup Fethiye","WhatsApp","Osman
                  Kaya","https://www.hepsiemlak.com/_nuxt/8cafc93fb5c74c75e9e04e528e02ccdf.jpg",""
"https://www.hepsiemlak.com/mugla-bodrum-torba-kiralik/daire/155328-29","1 / 32","95.000","07/09/2026","Bodrum Torba'da Denize 150mt Mesafede 3+1 Eşyalı Daire","Kiralık Daire","3 + 1","120 m²","1 Yaşında","·","Kat","Bahçe Katı","Muğla / Bodrum / Torba Mah.","https://www.hepsiemlak.com/_nuxt/8cafc93fb5c74c75e9e04e528e02ccdf.jpg","For Me Gayrimenkul Bodrum","WhatsApp","","","https://www.hepsiemlak.com/img/loadings/noImage55-55.png"
"https://www.hepsiemlak.com/mugla-fethiye-tuzla-kiralik/daire/137352-286","1 / 40","35.000","08/09/2026","Tuzla Mahallesinde Güney Cepheli 2+1 Eşyalı Kiralık Daire","Kiralık Daire","2 + 1","125 m²","26 Yaşında","·","Kat","3. Kat","Muğla / Fethiye / Tuzla Mah.","https://www.hepsiemlak.com/_nuxt/8cafc93fb5c74c75e9e04e528e02ccdf.jpg","İdeal Emlak","WhatsApp","","","https://www.hepsiemlak.com/_nuxt/8cafc93fb5c74c75e9e04e528e02ccdf.jpg"
"https://www.hepsiemlak.com/mugla-milas-ahmet-cavus-hayitli-kiralik/daire/170850-1","1 / 17","35.000","09/09/2026","Milas Emlak 48 Den 3+1 Amfi Tiyatro Karşısı Doğalgazlı Geniş Kiralık Daire","Kiralık Daire","3 + 1","165 m²","11 Yaşında","·","Kat","Zemin","Muğla / Milas / Ahmet Çavuş Hayıtlı Mah.","https://www.hepsiemlak.com/_nuxt/8cafc93fb5c74c75e9e04e528e02ccdf.jpg","Milas Emlak 48","WhatsApp","","","https://www.hepsiemlak.com/img/loadings/noImage55-55.png"
"https://www.hepsiemlak.com/mugla-fethiye-oludeniz-kiralik/daire/130116-591","1 / 35","42.000","09/09/2026","Ölüdeniz Ovacık Bölgesinde Kiralık 3+1 Eşyalı Havuzlu Daire","Kiralık Daire","3 + 1","130 m²","6 Yaşında","·","Kat","1. Kat","Muğla / Fethiye / Ölüdeniz Mah.","https://www.hepsiemlak.com/_nuxt/8cafc93fb5c74c75e9e04e528e02ccdf.jpg","Ladin Property","WhatsApp","","","https://www.hepsiemlak.com/_nuxt/8cafc93fb5c74c75e9e04e528e02ccdf.jpg"
"https://www.hepsiemlak.com/mugla-koycegiz-gulpinar-kiralik/mustakil-ev/113143-102","1 / 55","50.000","05/09/2026","Köyceğiz De Kiralık Müstakil Bahçeli Eşyalı 2+1 Ev","Kiralık Müstakil Ev","2 + 0","120 m²","30 Yaşında","·","Kat","","Muğla / Köyceğiz / Gülpınar Mah.","https://www.hepsiemlak.com/_nuxt/8cafc93fb5c74c75e9e04e528e02ccdf.jpg","Varlıklı Emlak","WhatsApp","","","https://www.hepsiemlak.com/_nuxt/8cafc93fb5c74c75e9e04e528e02ccdf.jpg"
"https://www.hepsiemlak.com/mugla-fethiye-tasyaka-kiralik/daire/163109-185","1 / 23","35.000","04/09/2026","Fethiye Merkezde Havuzlu Ve Lüks 1+1 Kiralık Fırsatı","Kiralık Daire","1 + 1","55 m²","1 Yaşında","·","Kat","Çatı Katı","Muğla / Fethiye / Taşyaka Mah.","https://www.hepsiemlak.com/_nuxt/8cafc93fb5c74c75e9e04e528e02ccdf.jpg","Prıvekey Gayrimenkul","WhatsApp","","","https://www.hepsiemlak.com/_nuxt/8cafc93fb5c74c75e9e04e528e02ccdf.jpg"
"https://www.hepsiemlak.com/mugla-milas-kiyikislacik-kiralik/daire/169068-36","1 / 39","30.000","10/09/2026","Milas Kıyıkışlacık Zeytinlikuyu Kiralık Daire","Kiralık Daire","2 + 1","80 m²","5 Yaşında","·","Kat","2. Kat","Muğla / Milas / Kıyıkışlacık Mah.","https://www.hepsiemlak.com/_nuxt/8cafc93fb5c74c75e9e04e528e02ccdf.jpg","","WhatsApp","","",""
"https://www.hepsiemlak.com/mugla-fethiye-karaculha-kiralik/daire/146481-15","1 / 17","23.000","08/09/2026","Çalıca Mevkii Ferahh Aile Apartmanı","Kiralık Daire","3 + 1","130 m²","20 Yaşında","·","Kat","Bahçe Katı","Muğla / Fethiye / Karaçulha Mah.","https://www.hepsiemlak.com/_nuxt/8cafc93fb5c74c75e9e04e528e02ccdf.jpg","","WhatsApp","","",""
"https://www.hepsiemlak.com/mugla-bodrum-bitez-kiralik/daire/111662-908","1 / 38","135.000","09/09/2026","Bitez'de Denize 100mt 700m2 Bahçe İçinde 3+1 2 Banyo","Kiralık Daire","3 + 1","145 m²","16 Yaşında","·","Kat","Bahçe Katı","Muğla / Bodrum / Bitez Mah.","https://www.hepsiemlak.com/_nuxt/8cafc93fb5c74c75e9e04e528e02ccdf.jpg","","WhatsApp","","",""
"https://www.hepsiemlak.com/mugla-bodrum-yahsi-kiralik/residence/145322-147","1 / 21","90.000","07/09/2026","Bodrum Ortakent Yahşi Deniz Manzaralı Kiralık Rezidans Daire","Kiralık Residence","2 + 1","120 m²","6 Yaşında","·","Kat","Bahçe Katı","Muğla / Bodrum / Yahşi Mah.","https://www.hepsiemlak.com/_nuxt/8cafc93fb5c74c75e9e04e528e02ccdf.jpg","Spice Properties","WhatsApp","","","https://www.hepsiemlak.com/_nuxt/8cafc93fb5c74c75e9e04e528e02ccdf.jpg"
"https://www.hepsiemlak.com/mugla-bodrum-turgutreis-kiralik/villa/77929-3405","1 / 59","250.000","04/09/2026","Eliz'den Özel Havuz Sauna Mimari Tasarım Muhteşem Villa","Kiralık Villa","6 + 2","600 m²","9 Yaşında","·","Kat","","Muğla / Bodrum / Turgutreis Mah.","https://www.hepsiemlak.com/_nuxt/8cafc93fb5c74c75e9e04e528e02ccdf.jpg","Eliz Gayrimenkul","WhatsApp","","","https://www.hepsiemlak.com/_nuxt/8cafc93fb5c74c75e9e04e528e02ccdf.jpg"
"https://www.hepsiemlak.com/mugla-bodrum-karabag-kiralik/daire/41266-1374","1 / 30","50.000","06/09/2026","Turgutreis'de Deniz Manzaralı Yıllık Kiralık Daire","Kiralık Daire","3 + 1","110 m²","6 Yaşında","·","Kat","Bahçe Katı","Muğla / Bodrum / Karabağ Mah.","https://www.hepsiemlak.com/_nuxt/8cafc93fb5c74c75e9e04e528e02ccdf.jpg","","WhatsApp","","",""
"https://www.hepsiemlak.com/mugla-bodrum-islamhaneleri-kiralik/villa/5343-12031","1 / 49","90.000","10/09/2026","Bağla İdealtown Sitesinde Yıllık Kiralık 7/24 Güvenlikli Özel Plajlı Tam Müstakil Eşyalı 3+1 Villa","Kiralık Villa","3 + 1","180 m²","6 Yaşında","·","Kat","","Muğla / Bodrum / İslamhaneleri Mah.","https://www.hepsiemlak.com/_nuxt/8cafc93fb5c74c75e9e04e528e02ccdf.jpg","Keller Wıllıams Bodrum","WhatsApp","","","https://www.hepsiemlak.com/_nuxt/8cafc93fb5c74c75e9e04e528e02ccdf.jpg"
"https://www.hepsiemlak.com/mugla-marmaris-armutalan-kiralik/daire/142925-143","1 / 24","80.000","06/09/2026","Marmaris Armutalan Deniz Manzaralı 3+1 Eşyalı Kiralık Daire","Kiralık Daire","3 + 1","150 m²","6 Yaşında","·","Kat","3. Kat","Muğla / Marmaris / Armutalan Mah.","https://www.hepsiemlak.com/_nuxt/8cafc93fb5c74c75e9e04e528e02ccdf.jpg","Fi Harita Gayrimenkul","WhatsApp","","","https://www.hepsiemlak.com/_nuxt/8cafc93fb5c74c75e9e04e528e02ccdf.jpg"
"https://www.hepsiemlak.com/mugla-milas-bozalan-kiralik/villa/140923-256","1 / 23","55.000","08/09/2026","Milas Bozalan Gözde Kent Sitesi Tripleks Giriş Katlı; Her Katı Mükemmel Döşeli Geniş Aileler İçin","Kiralık Villa","4 + 1","185 m²","10 Yaşında","·","Kat","","Muğla / Milas / Bozalan Mah.","https://www.hepsiemlak.com/_nuxt/8cafc93fb5c74c75e9e04e528e02ccdf.jpg","","WhatsApp","","",""
"https://www.hepsiemlak.com/mugla-milas-gulluk-kiralik/daire/65421-1363","1 / 60","60.000","05/09/2026","Güllük’te Havuzlu Site İçi Eşyalı  4+1 Dublexs..","Kiralık Daire","4 + 1","120 m²","10 Yaşında","·","Kat","Bahçe Katı","Muğla / Milas / Güllük Mah.","https://www.hepsiemlak.com/_nuxt/8cafc93fb5c74c75e9e04e528e02ccdf.jpg","Bodrum Kule Emlak","WhatsApp","Nihal
                  Sakarya","https://www.hepsiemlak.com/_nuxt/8cafc93fb5c74c75e9e04e528e02ccdf.jpg","https://www.hepsiemlak.com/_nuxt/8cafc93fb5c74c75e9e04e528e02ccdf.jpg"
"https://www.hepsiemlak.com/mugla-milas-kiyikislacik-kiralik/yazlik/41169-922","1 / 35","30.000","08/09/2026","Yıldız Emlaktan Kiralık Dublex  Yazlık","Kiralık Yazlık","3 + 1","90 m²","25 Yaşında","·","Kat","Villa Katı","Muğla / Milas / Kıyıkışlacık Mah.","https://www.hepsiemlak.com/_nuxt/8cafc93fb5c74c75e9e04e528e02ccdf.jpg","","WhatsApp","","",""
"https://www.hepsiemlak.com/mugla-bodrum-turkkuyusu-kiralik/daire/2370-10081","1 / 34","65.000","09/09/2026","Bodrum Merkezde Havuzlu Sitede Deniz Manzaralı Kiralık 2+1 Daire","Kiralık Daire","2 + 1","124 m²","6 Yaşında","·","Kat","2. Kat","Muğla / Bodrum / Türkkuyusu Mah.","https://www.hepsiemlak.com/_nuxt/8cafc93fb5c74c75e9e04e528e02ccdf.jpg","Koza Bodrum","WhatsApp","","","https://www.hepsiemlak.com/_nuxt/8cafc93fb5c74c75e9e04e528e02ccdf.jpg"
"https://www.hepsiemlak.com/mugla-milas-becin-kiralik/villa/4884-5003","1 / 33","60.000","08/09/2026","Milas Beçin'de Havuzlu 3+1 Eşyalı Kiralık Tripleks Villa","Kiralık Villa","3 + 1","200 m²","5 Yaşında","·","Kat","Tripleks","Muğla / Milas / Beçin Mah.","https://hecdnnw.hemlak.com/mncropresize/77/67/firmuser/4/8/8/4/0/0/880a94ab-772f-43d4-a135-f4c57d349519.jpg","Milas Gayrimenkul","WhatsApp","Şenol
                  Sandal","https://hecdnnw.hemlak.com/mncropresize/77/67/logo/4/8/8/4/0/0/32a6afa6-1339-471e-b9a1-497e0eecad4b.jpg",""
"https://www.hepsiemlak.com/mugla-milas-burgaz-kiralik/daire/171408-7","1 / 14","32.000","09/09/2026","Armen Gruptan Burgaz'da Asansörlü Kiralık 3+1","Kiralık Daire","3 + 1","130 m²","5 Yaşında","·","Kat","3. Kat","Muğla / Milas / Burgaz Mah.","https://www.hepsiemlak.com/img/loadings/noImage55-55.png","Armen Grup Gayrimenkul","WhatsApp","","",""
"https://www.hepsiemlak.com/mugla-dalaman-karacali-kiralik/daire/141183-486","1 / 14","29.000","07/09/2026","Dalaman Merkezde Kiralık 2+1 Asansörlü Ara Kat Daire","Kiralık Daire","2 + 1","95 m²","4 Yaşında","·","Kat","2. Kat","Muğla / Dalaman / Karaçalı Mah.","","Hfz Gayrimenkul","WhatsApp","Hafize
                  Kuyucuoğlu","https://hecdnnw.hemlak.com/mncropresize/77/67/firmuser/2/9/9/7/6/9/3/8efd779c-9345-4261-8aea-df37a9116f16.jpg",""
"https://www.hepsiemlak.com/mugla-marmaris-icmeler-kiralik/daire/72638-4550","1 / 32","90.000","10/09/2026","Müjgan Emlaktan İçmeler'de Sahile 100 M Kiralık Konsept Eşyalı 2+1 Daire","Kiralık Daire","2 + 1","100 m²","26 Yaşında","·","Kat","2. Kat","Muğla / Marmaris / İçmeler Mah.","https://hecdn01.hemlak.com/mncropresize/182/137/ds01/8/0/2/4/7/2/7/4/cb7952f1-2ca1-476c-b02d-34b449afd076.jpg","Müjgan Emlak","WhatsApp","","","https://hecdnnw.hemlak.com/mncropresize/77/67/logo/8/3/6/2/7/0/a5baee1c-8450-4923-baa1-5dc8348e4e7e.jpg"
"https://www.hepsiemlak.com/mugla-bodrum-yahsi-kiralik/daire/22289-2153","1 / 32","65.000","07/09/2026","Bodrum Yahşi De, Denize Sıfır Yıllık Kiralık 2+1 Daire","Kiralık Daire","2 + 1","112 m²","20 Yaşında","·","Kat","Bahçe Katı","Muğla / Bodrum / Yahşi Mah.","https://www.hepsiemlak.com/_nuxt/8cafc93fb5c74c75e9e04e528e02ccdf.jpg","","WhatsApp","","",""
"https://www.hepsiemlak.com/mugla-bodrum-konacik-kiralik/daire/17216-4103","1 / 31","65.000","08/09/2026","Bodrum Konacık'ta Bahçe Katı Kiralık 3+ 1","Kiralık Daire","3 + 1","100 m²","5 Yaşında","·","Kat","Bahçe Katı","Muğla / Bodrum / Konacık Mah.","https://www.hepsiemlak.com/_nuxt/8cafc93fb5c74c75e9e04e528e02ccdf.jpg","Amerıcana Realty Zemlak","WhatsApp","Uzay
                  Merttürk","https://www.hepsiemlak.com/_nuxt/8cafc93fb5c74c75e9e04e528e02ccdf.jpg","https://www.hepsiemlak.com/_nuxt/8cafc93fb5c74c75e9e04e528e02ccdf.jpg"
"https://www.hepsiemlak.com/mugla-bodrum-karabag-kiralik/daire/70185-4006","1 / 31","45.000","10/09/2026","Turgutreis Merkeze Yakın 2+1 Kiralık Eşyalı Daire","Kiralık Daire","2 + 1","100 m²","11 Yaşında","·","Kat","3. Kat","Muğla / Bodrum / Karabağ Mah.","https://www.hepsiemlak.com/_nuxt/8cafc93fb5c74c75e9e04e528e02ccdf.jpg","Bartu Emlak","WhatsApp","","","https://www.hepsiemlak.com/_nuxt/8cafc93fb5c74c75e9e04e528e02ccdf.jpg"
"https://www.hepsiemlak.com/mugla-bodrum-peksimet-kiralik/yazlik/0-47257580","1 / 13","40.000","07/09/2026","Bodrum'da Bahçe Katı Kiralık","Kiralık Yazlık","1 + 1","55 m²","35 Yaşında","·","Kat","Bahçe Katı","Muğla / Bodrum / Peksimet Mah.","https://www.hepsiemlak.com/_nuxt/8cafc93fb5c74c75e9e04e528e02ccdf.jpg","","WhatsApp","","",""
"https://www.hepsiemlak.com/mugla-ula-demirtas-kiralik/daire/164083-19","1 / 13","24.000","07/09/2026","Kiralık 2+1 Açık Mutfak Daire – Merkezi Konum","Kiralık Daire","2 + 1","80 m²","6 Yaşında","·","Kat","2. Kat","Muğla / Ula / Demirtaş Mah.","https://www.hepsiemlak.com/_nuxt/8cafc93fb5c74c75e9e04e528e02ccdf.jpg","Taşlıcalı Gayrimenkul","WhatsApp","Sami
                  Taşlıcalı","https://www.hepsiemlak.com/_nuxt/8cafc93fb5c74c75e9e04e528e02ccdf.jpg","https://www.hepsiemlak.com/_nuxt/8cafc93fb5c74c75e9e04e528e02ccdf.jpg"
"https://www.hepsiemlak.com/mugla-bodrum-geris-kiralik/mustakil-ev/82628-1154","1 / 30","43.000","08/09/2026","Fc Group, Yalıkavak, Havuzlu Sitede, Lux Eşyalı 2+1 Dubleks Ev","Kiralık Müstakil Ev","2 + 1","93 m²","11 Yaşında","","","","Muğla / Bodrum / Geriş Mah.","https://www.hepsiemlak.com/_nuxt/8cafc93fb5c74c75e9e04e528e02ccdf.jpg","Fc Group","WhatsApp","Emre
                  Özdemir","https://www.hepsiemlak.com/_nuxt/8cafc93fb5c74c75e9e04e528e02ccdf.jpg","https://www.hepsiemlak.com/_nuxt/8cafc93fb5c74c75e9e04e528e02ccdf.jpg"
"https://www.hepsiemlak.com/mugla-marmaris-hatipirimi-kiralik/daire/90448-2576","1 / 29","40.000","09/09/2026","Harika Konumda 1+1 Havuzlu Rezidans Daireler","Kiralık Daire","1 + 1","50 m²","21 Yaşında","·","Kat","1. Kat","Muğla / Marmaris / Hatipirimi Mah.","https://www.hepsiemlak.com/_nuxt/8cafc93fb5c74c75e9e04e528e02ccdf.jpg","Realty World Yalı Gayrimenkul","WhatsApp","","","https://www.hepsiemlak.com/_nuxt/8cafc93fb5c74c75e9e04e528e02ccdf.jpg"
"https://www.hepsiemlak.com/mugla-mentese-karsiyaka-kiralik/daire/107817-510","1 / 29","30.000","09/09/2026","Muğla Orhaniye Camii Karşısı Kiralık 3+1 Daire","Kiralık Daire","3 + 1","120 m²","38 Yaşında","·","Kat","En Üst Kat","Muğla / Menteşe / Karşıyaka Mah.","https://www.hepsiemlak.com/_nuxt/8cafc93fb5c74c75e9e04e528e02ccdf.jpg","","WhatsApp","","",""
"https://www.hepsiemlak.com/mugla-datca-iskele-kiralik/daire/114781-991","1 / 29","55.000","04/09/2026","Datça'da | Denız Manzaralı | 3+1 Eşyasız | Kıralık Trıplex","Kiralık Daire","3 + 1","110 m²","26 Yaşında","·","Kat","Zemin","Muğla / Datça / İskele Mah.","https://www.hepsiemlak.com/_nuxt/8cafc93fb5c74c75e9e04e528e02ccdf.jpg","Remax Badem","WhatsApp","","","https://www.hepsiemlak.com/_nuxt/8cafc93fb5c74c75e9e04e528e02ccdf.jpg"
"https://www.hepsiemlak.com/mugla-marmaris-karsiyaka-kiralik/daire/0-47251401","1 / 12","47.500","05/09/2026","Sahibinden Beldibi Mahallesi Ferah 2+1 Arakat Daire","Kiralık Daire","2 + 1","95 m²","20 Yaşında","·","Kat","3. Kat","Muğla / Marmaris / Karşıyaka Mah.","https://www.hepsiemlak.com/_nuxt/8cafc93fb5c74c75e9e04e528e02ccdf.jpg","","WhatsApp","","",""
"https://www.hepsiemlak.com/mugla-marmaris-hisaronu-kiralik/daire/163399-9","1 / 12","30.000","06/09/2026","Kiralık - Hisarönü - 2+1 - Denize Yakın - 1.Kat","Kiralık Daire","2 + 1","80 m²","40 Yaşında","·","Kat","En Üst Kat","Muğla / Marmaris / Hisarönü Mah.","https://www.hepsiemlak.com/_nuxt/8cafc93fb5c74c75e9e04e528e02ccdf.jpg","Vilya Gayrimenkul","WhatsApp","","","https://www.hepsiemlak.com/_nuxt/8cafc93fb5c74c75e9e04e528e02ccdf.jpg"
"https://www.hepsiemlak.com/mugla-mentese-orhaniye-kiralik/daire/49859-2850","1 / 26","55.000","05/09/2026","Muğlametropol'den Merkezde Cadde Üstü, Geniş, Kiralık 4+1 Ofis","Kiralık Daire","4 + 1","185 m²","35 Yaşında","·","Kat","2. Kat","Muğla / Menteşe / Orhaniye Mah.","https://www.hepsiemlak.com/_nuxt/8cafc93fb5c74c75e9e04e528e02ccdf.jpg","Muğlametropol Emlak Danışmanlığı","WhatsApp","Oğulcan Efe
                  Cingoz","https://www.hepsiemlak.com/_nuxt/8cafc93fb5c74c75e9e04e528e02ccdf.jpg","https://www.hepsiemlak.com/_nuxt/8cafc93fb5c74c75e9e04e528e02ccdf.jpg"
"https://www.hepsiemlak.com/mugla-dalaman-hurriyet-kiralik/daire/171354-28","1 / 19","25.000","09/09/2026","Prestij Gayrimenkulden Eşyalı Kiralık 1+1 Daire","Kiralık Daire","1 + 1","55 m²","3 Yaşında","·","Kat","1. Kat","Muğla / Dalaman / Hürriyet Mah.","https://www.hepsiemlak.com/_nuxt/8cafc93fb5c74c75e9e04e528e02ccdf.jpg","Prestij Gayrimenkul","WhatsApp","","","https://www.hepsiemlak.com/_nuxt/8cafc93fb5c74c75e9e04e528e02ccdf.jpg"
"https://www.hepsiemlak.com/mugla-ortaca-bahcelievler-kiralik/daire/153298-99","1 / 26","17.000","07/09/2026","Sedir' Den Bahçelievler'de Merkezi Konumda Kiralık 1+1 Daire","Kiralık Daire","1 + 1","45 m²","3 Yaşında","·","Kat","3. Kat","Muğla / Ortaca / Bahçelievler Mah.","https://www.hepsiemlak.com/_nuxt/8cafc93fb5c74c75e9e04e528e02ccdf.jpg","Sedir Gayrimenkul Danışmanlığı","WhatsApp","Hidayi
                  Çatar","https://www.hepsiemlak.com/_nuxt/8cafc93fb5c74c75e9e04e528e02ccdf.jpg",""
"https://www.hepsiemlak.com/mugla-fethiye-yesiluzumlu-kiralik/villa/142708-246","1 / 33","65.000","07/09/2026","Üzümlüde Kiralık Eşyalı Villa","Kiralık Villa","3 + 1","150 m²","6 Yaşında","·","Kat","","Muğla / Fethiye / Yeşilüzümlü Mah.","https://www.hepsiemlak.com/_nuxt/8cafc93fb5c74c75e9e04e528e02ccdf.jpg","Ezel Emlak","WhatsApp","Fehmi
                  Ertürkler","https://www.hepsiemlak.com/_nuxt/8cafc93fb5c74c75e9e04e528e02ccdf.jpg","https://www.hepsiemlak.com/_nuxt/8cafc93fb5c74c75e9e04e528e02ccdf.jpg"
"https://www.hepsiemlak.com/mugla-bodrum-yahsi-kiralik/daire/170427-341","1 / 29","130.000","07/09/2026","Pearl Of Bodrumda Ayrıcalıklı Yaşam | 3+1 Kiralık","Kiralık Daire","3 + 1","130 m²","6 Yaşında","·","Kat","1. Kat","Muğla / Bodrum / Yahşi Mah.","https://www.hepsiemlak.com/_nuxt/8cafc93fb5c74c75e9e04e528e02ccdf.jpg","Bodrum Zeytin Gayrimenkul Ticaret Anonim Şirketi","WhatsApp","","","https://www.hepsiemlak.com/_nuxt/8cafc93fb5c74c75e9e04e528e02ccdf.jpg"
"https://www.hepsiemlak.com/mugla-bodrum-yahsi-kiralik/villa/140073-1161","1 / 15","100.000","06/09/2026","Ortakent Kiralık Dubleks Deniz Manzaralı Plajlı","Kiralık Villa","3 + 2","120 m²","25 Yaşında","·","Kat","","Muğla / Bodrum / Yahşi Mah.","https://www.hepsiemlak.com/_nuxt/8cafc93fb5c74c75e9e04e528e02ccdf.jpg","Coldwell Banker Elit Bodrumgayrimenkul","WhatsApp","","","https://www.hepsiemlak.com/_nuxt/8cafc93fb5c74c75e9e04e528e02ccdf.jpg"
"https://www.hepsiemlak.com/mugla-dalaman-merkez-kiralik/daire/142733-1403","1 / 21","15.000","05/09/2026","Mine Emlak'tan Atatürk Caddesinde 1+1 Kiralık Daire","Kiralık Daire","1 + 1","60 m²","6 Yaşında","·","Kat","4. Kat","Muğla / Dalaman / Merkez Mah.","https://www.hepsiemlak.com/_nuxt/8cafc93fb5c74c75e9e04e528e02ccdf.jpg","Mine Emlak","WhatsApp","","","https://www.hepsiemlak.com/_nuxt/8cafc93fb5c74c75e9e04e528e02ccdf.jpg"
"https://www.hepsiemlak.com/mugla-marmaris-kemeralti-kiralik/daire/134247-46","1 / 22","65.000","09/09/2026","Kemeraltı Mahallesinde Full Deniz Manzaralı 4+1 Dubleks","Kiralık Daire","4 + 1","165 m²","21 Yaşında","·","Kat","3. Kat","Muğla / Marmaris / Kemeraltı Mah.","https://www.hepsiemlak.com/_nuxt/8cafc93fb5c74c75e9e04e528e02ccdf.jpg","Gold Prestige Makro Kent","WhatsApp","","","https://www.hepsiemlak.com/_nuxt/8cafc93fb5c74c75e9e04e528e02ccdf.jpg"
"https://www.hepsiemlak.com/mugla-milas-bogazici-kiralik/daire/170419-23","1 / 24","30.000","03/09/2026","Boğaziçi Denizyakası Sitesinde Bahçe Katı Deniz Manzaralı 1+1 Yıllık Kiralık","Kiralık Daire","1 + 1","50 m²","25 Yaşında","·","Kat","Bahçe Katı","Muğla / Milas / Boğaziçi Mah.","https://www.hepsiemlak.com/_nuxt/8cafc93fb5c74c75e9e04e528e02ccdf.jpg","Move Bodrum","WhatsApp","","","https://www.hepsiemlak.com/_nuxt/8cafc93fb5c74c75e9e04e528e02ccdf.jpg"
"https://www.hepsiemlak.com/mugla-bodrum-cirkan-kiralik/daire/155328-27","1 / 23","48.000","07/09/2026","Bodrum Konacık'ta 2 Adet Deniz Manzaralı 2+1 Kiralık Daire","Kiralık Daire","2 + 1","82 m²","5 Yaşında","·","Kat","1. Kat","Muğla / Bodrum / Çırkan Mah.","","For Me Gayrimenkul Bodrum","WhatsApp","","https://www.hepsiemlak.com/img/loadings/noImage55-55.png",""
"https://www.hepsiemlak.com/mugla-mentese-muslihittin-kiralik/daire/137064-134","1 / 25","48.000","09/09/2026","Muğla Menteşe Muslihittin'de Kiralık 3+1 Daire","Kiralık Daire","3 + 1","140 m²","25 Yaşında","·","Kat","3. Kat","Muğla / Menteşe / Muslihittin Mah.","","","WhatsApp","","",""
"https://www.hepsiemlak.com/mugla-ortaca-mergenli-kiralik/villa/113143-98","1 / 44","80.000","05/09/2026","Ortaca Mergenli Kiralık Ful Eşyalı 4+1 Müstakil Havuzlu Villa","Kiralık Villa","4 + 1","150 m²","1 Yaşında","·","Kat","","Muğla / Ortaca / Mergenli Mah.","https://hecdnnw.hemlak.com/mncropresize/77/67/logo/3/4/1/3/1/1/3b03fd79-b6c1-41a3-9026-20c4ea726d3a.jpg","Varlıklı Emlak","WhatsApp","","",""
"https://www.hepsiemlak.com/mugla-bodrum-eskicesme-kiralik/mustakil-ev/77493-2441","1 / 55","125.000","08/09/2026","Bodrum Merkez Kiralık Mustakil Havuzlu Deniz Manzaralı Dubleks","Kiralık Müstakil Ev","3 + 1","140 m²","16 Yaşında","","","","Muğla / Bodrum / Eskiçeşme Mah.","https://hecdn01.hemlak.com/mncropresize/182/137/ds01/8/3/4/7/8/8/6/4/9eec2bec-bfbe-4cb4-8c34-433349712d1b.jpg","","WhatsApp","","",""
"https://www.hepsiemlak.com/mugla-fethiye-tasyaka-kiralik/daire/163109-157","1 / 39","37.000","03/09/2026","Myra Park Da Uzun Dönem Kiralık Şehir Ve Doğa Manzaralı Daire","Kiralık Daire","1 + 1","72 m²","6 Yaşında","·","Kat","2. Kat","Muğla / Fethiye / Taşyaka Mah.","https://www.hepsiemlak.com/_nuxt/8cafc93fb5c74c75e9e04e528e02ccdf.jpg","Prıvekey Gayrimenkul","WhatsApp","","","https://www.hepsiemlak.com/_nuxt/8cafc93fb5c74c75e9e04e528e02ccdf.jpg"
"https://www.hepsiemlak.com/mugla-fethiye-foca-kiralik/daire/150142-184","1 / 30","35.000","09/09/2026","Fethiye'de Sahil'e Çalış Plajına 100 Metre Eşyalı Fırsat (1+1)","Kiralık Daire","1 + 1","80 m²","21 Yaşında","·","Kat","2. Kat","Muğla / Fethiye / Foça Mah.","https://www.hepsiemlak.com/_nuxt/8cafc93fb5c74c75e9e04e528e02ccdf.jpg","","WhatsApp","","",""
"https://www.hepsiemlak.com/mugla-fethiye-foca-kiralik/villa/156531-48","1 / 40","65.000","09/09/2026","Rocherhomes Foçada Müst. Havuzlu Aylık Ödemeli 3+1 Kiralık Villa","Kiralık Villa","3 + 1","180 m²","11 Yaşında","·","Kat","","Muğla / Fethiye / Foça Mah.","https://www.hepsiemlak.com/_nuxt/8cafc93fb5c74c75e9e04e528e02ccdf.jpg","Rocher Homes","WhatsApp","","","https://www.hepsiemlak.com/_nuxt/8cafc93fb5c74c75e9e04e528e02ccdf.jpg"
"https://www.hepsiemlak.com/mugla-milas-oren-kiralik/villa/140923-253","1 / 43","36.000","06/09/2026","Milas Ören Şavklı Sitesinde 3+1 Dubleks Eşyalı Denize 150 M. Kapaıcam Balkonlu Köşe Deniz Havuz Görü","Kiralık Villa","3 + 0","114 m²","10 Yaşında","·","Kat","","Muğla / Milas / Ören Mah.","https://www.hepsiemlak.com/_nuxt/8cafc93fb5c74c75e9e04e528e02ccdf.jpg","","WhatsApp","","",""
"https://www.hepsiemlak.com/mugla-koycegiz-yeni-kiralik/villa/63057-516","1 / 40","72.500","03/09/2026","Köyceğiz Yeni Mahalle'de Özel Havuzlu Lüks Villa Kiralık!","Kiralık Villa","5 + 1","250 m²","15 Yaşında","·","Kat","","Muğla / Köyceğiz / Yeni Mah.","https://www.hepsiemlak.com/_nuxt/8cafc93fb5c74c75e9e04e528e02ccdf.jpg","Hakan' S Emlak","WhatsApp","Hakan
                  Ertuğrul","https://www.hepsiemlak.com/_nuxt/8cafc93fb5c74c75e9e04e528e02ccdf.jpg","https://www.hepsiemlak.com/_nuxt/8cafc93fb5c74c75e9e04e528e02ccdf.jpg"
"https://www.hepsiemlak.com/mugla-bodrum-peksimet-kiralik/daire/95135-817","1 / 42","55.000","06/09/2026","Bodrum Gümüşlük Merkez Yıllık Kiralık Yenibahçekatı Daire","Kiralık Daire","2 + 1","86 m²","2 Yaşında","·","Kat","Bahçe Katı","Muğla / Bodrum / Peksimet Mah.","https://www.hepsiemlak.com/_nuxt/8cafc93fb5c74c75e9e04e528e02ccdf.jpg","Orçun Turgun","WhatsApp","Orçun
                  Turgun","https://www.hepsiemlak.com/_nuxt/8cafc93fb5c74c75e9e04e528e02ccdf.jpg","https://www.hepsiemlak.com/_nuxt/8cafc93fb5c74c75e9e04e528e02ccdf.jpg"
"https://www.hepsiemlak.com/mugla-fethiye-gocek-kiralik/daire/5632-9567","1 / 24","175.000","08/09/2026","Göcek, Opal Sitesinde Deniz Manzaralı, Havuzlu 3+1 210m2 Dubleks","Kiralık Daire","3 + 1","190 m²","16 Yaşında","·","Kat","2. Kat","Muğla / Fethiye / Göcek Mah.","https://www.hepsiemlak.com/_nuxt/8cafc93fb5c74c75e9e04e528e02ccdf.jpg","Coldwell Banker Trio","WhatsApp","","","https://www.hepsiemlak.com/_nuxt/8cafc93fb5c74c75e9e04e528e02ccdf.jpg"
"https://www.hepsiemlak.com/mugla-bodrum-bitez-kiralik/villa/128053-1339","1 / 24","150.000","08/09/2026","Bodrum Bitez Yalısında Tam Donanımlı Kiralık Lüks Villalar","Kiralık Villa","3 + 1","140 m²","Sıfır Bina","·","Kat","Bahçe Katı","Muğla / Bodrum / Bitez Mah.","https://www.hepsiemlak.com/_nuxt/8cafc93fb5c74c75e9e04e528e02ccdf.jpg","Global İpek Yapı A.Ş","WhatsApp","Ramazan
                  İpek","https://www.hepsiemlak.com/_nuxt/8cafc93fb5c74c75e9e04e528e02ccdf.jpg","https://www.hepsiemlak.com/_nuxt/8cafc93fb5c74c75e9e04e528e02ccdf.jpg"
"https://www.hepsiemlak.com/mugla-dalaman-hurriyet-kiralik/daire/98471-317","","30.000","09/09/2026","Asil Emlaktan Hürriyet Mah.De Kitalık Yüksek Giriş 3+1 Daire","Kiralık Daire","3 + 1","135 m²","6 Yaşında","·","Kat","Yüksek Giriş","Muğla / Dalaman / Hürriyet Mah.","","Asil Gayrimenkul","WhatsApp","","","https://www.hepsiemlak.com/_nuxt/8cafc93fb5c74c75e9e04e528e02ccdf.jpg"
"https://www.hepsiemlak.com/mugla-bodrum-cevat-sakir-kiralik/daire/129219-496","1 / 23","55.000","08/09/2026","Bodrum Eskiçeşmede Site İçi 2+1 Full Eşyalı Kiralık","Kiralık Daire","2 + 1","70 m²","1 Yaşında","·","Kat","Bahçe Katı","Muğla / Bodrum / Cevat Şakir Mah.","https://www.hepsiemlak.com/_nuxt/8cafc93fb5c74c75e9e04e528e02ccdf.jpg","Bosel Gayrimenkul","WhatsApp","","","https://www.hepsiemlak.com/_nuxt/8cafc93fb5c74c75e9e04e528e02ccdf.jpg"
"https://www.hepsiemlak.com/mugla-bodrum-akyarlar-kiralik/daire/5868-654","1 / 23","35.000","03/09/2026","Akyarlar Site İçerisinde 2+1 Sadece 8 Aylık Kiralık Daire","Kiralık Daire","2 + 1","95 m²","26 Yaşında","·","Kat","2. Kat","Muğla / Bodrum / Akyarlar Mah.","https://www.hepsiemlak.com/_nuxt/8cafc93fb5c74c75e9e04e528e02ccdf.jpg","","WhatsApp","","",""
"https://www.hepsiemlak.com/mugla-milas-kiyikislacik-kiralik/yazlik/41169-747","1 / 32","28.000","08/09/2026","Yıldız Emlak’tan Denize 200 M – Site İçinde Özel Plajlı 1+1 Kiralık Yazlık","Kiralık Yazlık","1 + 1","60 m²","30 Yaşında","·","Kat","Giriş Katı","Muğla / Milas / Kıyıkışlacık Mah.","https://www.hepsiemlak.com/_nuxt/8cafc93fb5c74c75e9e04e528e02ccdf.jpg","","WhatsApp","","",""
"https://www.hepsiemlak.com/mugla-mentese-kotekli-kiralik/daire/100858-735","1 / 22","28.000","09/09/2026","Muğla Kötekli De Full Eşyalı 2+1 Daire","Kiralık Daire","2 + 1","58 m²","12 Yaşında","·","Kat","1. Kat","Muğla / Menteşe / Kötekli Mah.","https://www.hepsiemlak.com/_nuxt/8cafc93fb5c74c75e9e04e528e02ccdf.jpg","Tolga Emlak Muğla","WhatsApp","","","https://www.hepsiemlak.com/_nuxt/8cafc93fb5c74c75e9e04e528e02ccdf.jpg"
"https://www.hepsiemlak.com/mugla-bodrum-cirkan-kiralik/villa/8050-1545","1 / 22","90.000","09/09/2026","Bodrum Konacıkta Havuzlu Sitede Kiralık Tek Katlı 3+1 Ebeveyn Banyolu Taş Villa","Kiralık Villa","3 + 1","125 m²","10 Yaşında","·","Kat","","Muğla / Bodrum / Çırkan Mah.","https://www.hepsiemlak.com/_nuxt/8cafc93fb5c74c75e9e04e528e02ccdf.jpg","Gümbet Emlak","WhatsApp","","","https://www.hepsiemlak.com/_nuxt/8cafc93fb5c74c75e9e04e528e02ccdf.jpg"
"https://www.hepsiemlak.com/mugla-bodrum-gumusluk-kiralik/villa/28555-2646","1 / 21","60.000","05/09/2026","Sör Emlak'tan Gümüşlük Merkez Kiralık Tek Katlı Müstakil Ev","Kiralık Villa","3 + 1","140 m²","32 Yaşında","·","Kat","","Muğla / Bodrum / Gümüşlük Mah.","https://www.hepsiemlak.com/_nuxt/8cafc93fb5c74c75e9e04e528e02ccdf.jpg","Sör Emlak","WhatsApp","","","https://www.hepsiemlak.com/_nuxt/8cafc93fb5c74c75e9e04e528e02ccdf.jpg"
"https://www.hepsiemlak.com/mugla-dalaman-sogutluyurt-kiralik/daire/117249-519","1 / 25","28.000","09/09/2026","Dalaman Da Havuzlu Sitede 2+1 Eşyalı Kiralık Daire","Kiralık Daire","2 + 1","95 m²","11 Yaşında","·","Kat","2. Kat","Muğla / Dalaman / Söğütlüyurt Mah.","https://www.hepsiemlak.com/_nuxt/8cafc93fb5c74c75e9e04e528e02ccdf.jpg","Ata Gayrimenkul","WhatsApp","","","https://www.hepsiemlak.com/_nuxt/8cafc93fb5c74c75e9e04e528e02ccdf.jpg"
"https://www.hepsiemlak.com/mugla-bodrum-gumbet-kiralik/mustakil-ev/15227-4905","1 / 20","65.000","04/09/2026","Bodrum Gümbet Pazar Yeri Üstünde Hikmet'ten Eşyalı Üst Dublex","Kiralık Müstakil Ev","3 + 1","130 m²","15 Yaşında","·","Kat","","Muğla / Bodrum / Gümbet Mah.","https://www.hepsiemlak.com/_nuxt/8cafc93fb5c74c75e9e04e528e02ccdf.jpg","","WhatsApp","","",""
"https://www.hepsiemlak.com/mugla-bodrum-geris-kiralik/mustakil-ev/82628-1153","1 / 29","43.000","08/09/2026","Fc Group, Yalıkavak, Havuzlu Sitede, Lux Eşyalı 2+1 Dubleks Ev","Kiralık Müstakil Ev","2 + 1","93 m²","11 Yaşında","","","","Muğla / Bodrum / Geriş Mah.","https://www.hepsiemlak.com/_nuxt/8cafc93fb5c74c75e9e04e528e02ccdf.jpg","Fc Group","WhatsApp","Emre
                  Özdemir","https://www.hepsiemlak.com/_nuxt/8cafc93fb5c74c75e9e04e528e02ccdf.jpg","https://www.hepsiemlak.com/_nuxt/8cafc93fb5c74c75e9e04e528e02ccdf.jpg"
"https://www.hepsiemlak.com/mugla-mentese-emirbeyazit-kiralik/daire/115758-2675","1 / 29","38.000","05/09/2026","Lider'den Muğla Menteşe Emir Beyazıt'ta Kiralık 2+1 Daire","Kiralık Daire","2 + 1","95 m²","20 Yaşında","·","Kat","1. Kat","Muğla / Menteşe / Emirbeyazıt Mah.","https://www.hepsiemlak.com/_nuxt/8cafc93fb5c74c75e9e04e528e02ccdf.jpg","Lider Gayrimenkul","WhatsApp","","","https://www.hepsiemlak.com/_nuxt/8cafc93fb5c74c75e9e04e528e02ccdf.jpg"
"https://www.hepsiemlak.com/mugla-bodrum-karabag-kiralik/daire/66406-2579","1 / 19","65.000","07/09/2026","Turgutreis'te Kiralık Modern Eşyalı'manzaralı Daire","Kiralık Daire","2 + 1","120 m²","3 Yaşında","·","Kat","2. Kat","Muğla / Bodrum / Karabağ Mah.","https://www.hepsiemlak.com/_nuxt/8cafc93fb5c74c75e9e04e528e02ccdf.jpg","","WhatsApp","","",""
"https://www.hepsiemlak.com/mugla-mentese-muslihittin-kiralik/daire/7027-1510","1 / 19","75.000","07/09/2026","Muslühittin’de Kiralık 4+1 Daire","Kiralık Daire","4 + 1","185 m²","16 Yaşında","·","Kat","2. Kat","Muğla / Menteşe / Muslihittin Mah.","","Tunç Emlak","WhatsApp","","https://hecdnnw.hemlak.com/mncropresize/77/67/logo/7/2/0/7/0/0/78be80a5-8d5c-460a-a731-995bf16ef75e.jpg",""
"https://www.hepsiemlak.com/mugla-milas-aydinlikevler-kiralik/daire/4884-4979","1 / 27","26.000","09/09/2026","Milas Atakent Sitesinde Kiralık Doğalgazlı Dubleks Daire","Kiralık Daire","2 + 1","150 m²","5 Yaşında","·","Kat","Villa Katı","Muğla / Milas / Aydınlıkevler Mah.","https://hecdnnw.hemlak.com/mncropresize/77/67/logo/4/8/8/4/0/0/32a6afa6-1339-471e-b9a1-497e0eecad4b.jpg","Milas Gayrimenkul","WhatsApp","Şenol
                  Sandal","https://hecdnnw.hemlak.com/mncropresize/77/67/firmuser/4/8/8/4/0/0/880a94ab-772f-43d4-a135-f4c57d349519.jpg",""
"https://www.hepsiemlak.com/mugla-marmaris-siteler-kiralik/daire/104232-2188","1 / 18","48.000","07/09/2026","Marmaris Siteler'de Denize Yakın, Havuzlu 2+1 Kiralık Daire","Kiralık Daire","2 + 1","85 m²","18 Yaşında","·","Kat","Yüksek Giriş","Muğla / Marmaris / Siteler Mah.","https://hecdnnw.hemlak.com/mncropresize/77/67/logo/2/3/2/4/0/1/6d1c6ac9-f9be-4263-ba53-c14390247214.jpg","Vefa Gayrimenkul","WhatsApp","","",""
"https://www.hepsiemlak.com/mugla-dalaman-karacali-kiralik/daire/171354-27","1 / 17","28.000","07/09/2026","Prestij'den Karaçalıda Kiralık 2+1 Kapalı Mutfak Daire","Kiralık Daire","2 + 1","100 m²","5 Yaşında","·","Kat","3. Kat","Muğla / Dalaman / Karaçalı Mah.","https://hecdn01.hemlak.com/mncropresize/182/137/ds01/9/4/4/3/5/2/7/4/a6cfe832-4531-41cd-9ffe-fbaa59a29f2f.jpg","Prestij Gayrimenkul","WhatsApp","","","https://hecdnnw.hemlak.com/mncropresize/77/67/logo/4/5/3/1/7/1/ba755471-574b-4d30-93b9-c334720dbebe.jpg"
"https://www.hepsiemlak.com/mugla-bodrum-eskicesme-kiralik/daire/170427-337","1 / 16","45.000","04/09/2026","Bodrum Eskiçeşmede Bah Bahçeli, Balkonlu 1+1 Bahçe Katı Kiralık","Kiralık Daire","1 + 1","50 m²","2 Yaşında","·","Kat","Bahçe Katı","Muğla / Bodrum / Eskiçeşme Mah.","https://www.hepsiemlak.com/_nuxt/8cafc93fb5c74c75e9e04e528e02ccdf.jpg","Bodrum Zeytin Gayrimenkul Ticaret Anonim Şirketi","WhatsApp","","","https://www.hepsiemlak.com/_nuxt/8cafc93fb5c74c75e9e04e528e02ccdf.jpg"
"https://www.hepsiemlak.com/mugla-bodrum-muskebi-kiralik/villa/64802-7426","1 / 51","120.000","07/09/2026","Bodrum Ortakent Havuzlu Sitede Kiralık Villa  Dubleks 3+1","Kiralık Villa","3 + 2","155 m²","2 Yaşında","·","Kat","","Muğla / Bodrum / Müskebi Mah.","https://www.hepsiemlak.com/_nuxt/8cafc93fb5c74c75e9e04e528e02ccdf.jpg","Hedef Gayrimenkul","WhatsApp","","","https://www.hepsiemlak.com/_nuxt/8cafc93fb5c74c75e9e04e528e02ccdf.jpg"
"https://www.hepsiemlak.com/mugla-fethiye-karaculha-kiralik/daire/142708-245","1 / 21","32.000","10/09/2026","Fethiye De Havuzlu Kiralık Daire","Kiralık Daire","2 + 1","85 m²","Sıfır Bina","·","Kat","1. Kat","Muğla / Fethiye / Karaçulha Mah.","https://www.hepsiemlak.com/_nuxt/8cafc93fb5c74c75e9e04e528e02ccdf.jpg","Ezel Emlak","WhatsApp","Fehmi
                  Ertürkler","https://www.hepsiemlak.com/_nuxt/8cafc93fb5c74c75e9e04e528e02ccdf.jpg","https://www.hepsiemlak.com/_nuxt/8cafc93fb5c74c75e9e04e528e02ccdf.jpg"
"https://www.hepsiemlak.com/mugla-ortaca-guzelyurt-kiralik/mustakil-ev/113143-95","1 / 32","30.000","07/09/2026","Güzelyurt Da Müstakil Tadında Eşyalı 3+1 Daire","Kiralık Müstakil Ev","3 + 1","100 m²","30 Yaşında","·","Kat","","Muğla / Ortaca / Güzelyurt Mah.","https://www.hepsiemlak.com/_nuxt/8cafc93fb5c74c75e9e04e528e02ccdf.jpg","Varlıklı Emlak","WhatsApp","","","https://www.hepsiemlak.com/_nuxt/8cafc93fb5c74c75e9e04e528e02ccdf.jpg"
"https://www.hepsiemlak.com/mugla-milas-oren-kiralik/mustakil-ev/140923-182","1 / 45","45.000","09/09/2026","Milas Ören 2. Migros Karşısı Yalıya 100 Metre Merkezde 2+1 Müstakil Bahçeli Dubleks Uygun Fıyat","Kiralık Müstakil Ev","2 + 1","110 m²","10 Yaşında","·","Kat","","Muğla / Milas / Ören Mah.","https://www.hepsiemlak.com/_nuxt/8cafc93fb5c74c75e9e04e528e02ccdf.jpg","","WhatsApp","","",""
"https://www.hepsiemlak.com/mugla-mentese-kotekli-kiralik/daire/94718-3317","1 / 25","39.750","05/09/2026","Muğla Menteşe 2.Etap Tokide Kiralık 2+1 Daire","Kiralık Daire","2 + 1","115 m²","6 Yaşında","·","Kat","En Üst Kat","Muğla / Menteşe / Kötekli Mah.","https://www.hepsiemlak.com/_nuxt/8cafc93fb5c74c75e9e04e528e02ccdf.jpg","Kdm Gayrimenkul Muğla","WhatsApp","","","https://www.hepsiemlak.com/_nuxt/8cafc93fb5c74c75e9e04e528e02ccdf.jpg"
"https://www.hepsiemlak.com/mugla-bodrum-akyarlar-kiralik/daire/6449-2020","1 / 13","45.000","03/09/2026","S-A-K-A-L-L-I-Dan Akyarlarda Havuzlu Manzaralı Eşyalı Daire","Kiralık Daire","Stüdyo","30 m²","21 Yaşında","·","Kat","1. Kat","Muğla / Bodrum / Akyarlar Mah.","https://www.hepsiemlak.com/_nuxt/8cafc93fb5c74c75e9e04e528e02ccdf.jpg","","WhatsApp","","",""
"https://www.hepsiemlak.com/mugla-marmaris-siteler-kiralik/daire/1030-3235","1 / 12","100.000","08/09/2026","Marmaris Armutalan Siteler Mah.Denize Çok Yakın Sezonluk Daire","Kiralık Daire","2 + 1","100 m²","28 Yaşında","·","Kat","2. Kat","Muğla / Marmaris / Siteler Mah.","https://www.hepsiemlak.com/_nuxt/8cafc93fb5c74c75e9e04e528e02ccdf.jpg","Olcay Emlak","WhatsApp","","","https://www.hepsiemlak.com/_nuxt/8cafc93fb5c74c75e9e04e528e02ccdf.jpg"
"https://www.hepsiemlak.com/mugla-mentese-muslihittin-kiralik/daire/100858-737","1 / 18","33.000","09/09/2026","Muğla Menteşe Muslihittin Mah. Kiralık 3+1 Daire","Kiralık Daire","3 + 1","130 m²","25 Yaşında","·","Kat","En Üst Kat","Muğla / Menteşe / Muslihittin Mah.","https://www.hepsiemlak.com/_nuxt/8cafc93fb5c74c75e9e04e528e02ccdf.jpg","Tolga Emlak Muğla","WhatsApp","","","https://www.hepsiemlak.com/_nuxt/8cafc93fb5c74c75e9e04e528e02ccdf.jpg"
"https://www.hepsiemlak.com/mugla-bodrum-turgutreis-kiralik/daire/28555-2668","1 / 18","40.000","07/09/2026","Sör Emlak'tan Merkezi Konumda Bahçe Kat Bahçeli Kiralık Daire","Kiralık Daire","2 + 1","75 m²","15 Yaşında","·","Kat","Bahçe Katı","Muğla / Bodrum / Turgutreis Mah.","https://www.hepsiemlak.com/_nuxt/8cafc93fb5c74c75e9e04e528e02ccdf.jpg","Sör Emlak","WhatsApp","","","https://www.hepsiemlak.com/_nuxt/8cafc93fb5c74c75e9e04e528e02ccdf.jpg"
"https://www.hepsiemlak.com/mugla-koycegiz-toparlar-kiralik/daire/63057-808","1 / 26","23.000","07/09/2026","Köyceğiz Toparlar’da Doğa Manzaralı 2+1 Kiralık Dubleks","Kiralık Daire","2 + 1","85 m²","3 Yaşında","·","Kat","2. Kat","Muğla / Köyceğiz / Toparlar Mah.","https://www.hepsiemlak.com/_nuxt/8cafc93fb5c74c75e9e04e528e02ccdf.jpg","Hakan' S Emlak","WhatsApp","Hakan
                  Ertuğrul","https://www.hepsiemlak.com/_nuxt/8cafc93fb5c74c75e9e04e528e02ccdf.jpg","https://www.hepsiemlak.com/_nuxt/8cafc93fb5c74c75e9e04e528e02ccdf.jpg"
"https://www.hepsiemlak.com/mugla-bodrum-kumbahce-kiralik/mustakil-ev/2370-10080","1 / 17","60.000","09/09/2026","Bodrum Kumbahçe 2+1 Yıllık Kiralık Dubleks","Kiralık Müstakil Ev","2 + 1","120 m²","26 Yaşında","·","Kat","","Muğla / Bodrum / Kumbahçe Mah.","https://www.hepsiemlak.com/_nuxt/8cafc93fb5c74c75e9e04e528e02ccdf.jpg","Koza Bodrum","WhatsApp","","","https://www.hepsiemlak.com/_nuxt/8cafc93fb5c74c75e9e04e528e02ccdf.jpg"
"https://www.hepsiemlak.com/mugla-bodrum-gumbet-kiralik/residence/140202-3061","1 / 33","50.000","10/09/2026","Bitez Asarlık'ta Deniz Manzaralı Havuzlu Tam Eşyalı 1+1 Rezidans","Kiralık Residence","1 + 1","55 m²","5 Yaşında","·","Kat","En Üst Kat","Muğla / Bodrum / Gümbet Mah.","https://www.hepsiemlak.com/_nuxt/8cafc93fb5c74c75e9e04e528e02ccdf.jpg","Century21 Begonvill Gayrimenkul","WhatsApp","","","https://www.hepsiemlak.com/_nuxt/8cafc93fb5c74c75e9e04e528e02ccdf.jpg"
"https://www.hepsiemlak.com/mugla-fethiye-foca-kiralik/daire/97683-1448","1 / 35","55.000","07/09/2026","Fethiye Foça Mah.De İlkon'dan Kiralık Geniş 3+1 Eşyasız Daire","Kiralık Daire","3 + 1","150 m²","5 Yaşında","·","Kat","2. Kat","Muğla / Fethiye / Foça Mah.","https://www.hepsiemlak.com/_nuxt/8cafc93fb5c74c75e9e04e528e02ccdf.jpg","İlkon Gayrimenkul","WhatsApp","","","https://www.hepsiemlak.com/_nuxt/8cafc93fb5c74c75e9e04e528e02ccdf.jpg"
"https://www.hepsiemlak.com/mugla-dalaman-karacali-kiralik/daire/171354-26","1 / 25","26.500","07/09/2026","Prestij Gayrimenkulden Merkez Mahallesinde Kiralık 2+1 Daire","Kiralık Daire","2 + 1","90 m²","4 Yaşında","·","Kat","2. Kat","Muğla / Dalaman / Karaçalı Mah.","https://www.hepsiemlak.com/_nuxt/8cafc93fb5c74c75e9e04e528e02ccdf.jpg","Prestij Gayrimenkul","WhatsApp","","","https://www.hepsiemlak.com/_nuxt/8cafc93fb5c74c75e9e04e528e02ccdf.jpg"
"https://www.hepsiemlak.com/mugla-bodrum-gumusluk-kiralik/mustakil-ev/64802-7410","1 / 43","140.000","07/09/2026","Bodrum Gümüşlük Muhteşem Denizmanzaralı 890 M2 Arsa Paylı 4+1 Müstakil Nezih Havuzlu Site Kiralık","Kiralık Müstakil Ev","4 + 1","200 m²","8 Yaşında","·","Kat","","Muğla / Bodrum / Gümüşlük Mah.","https://www.hepsiemlak.com/_nuxt/8cafc93fb5c74c75e9e04e528e02ccdf.jpg","Hedef Gayrimenkul","WhatsApp","","","https://www.hepsiemlak.com/_nuxt/8cafc93fb5c74c75e9e04e528e02ccdf.jpg"
"https://www.hepsiemlak.com/mugla-milas-oren-kiralik/villa/140923-21","1 / 35","31.000","09/09/2026","Milas Ören Şavklı Sitesinde 3+1 Eşyasız Bakımlı Yeni Boyalı  Hazır Villa Acil","Kiralık Villa","3 + 1","115 m²","9 Yaşında","·","Kat","","Muğla / Milas / Ören Mah.","https://www.hepsiemlak.com/_nuxt/8cafc93fb5c74c75e9e04e528e02ccdf.jpg","","WhatsApp","","",""
"https://www.hepsiemlak.com/mugla-mentese-kotekli-kiralik/daire/7027-1506","1 / 16","40.000","03/09/2026","Yeni Toki’de Kiralık 2+1 Daire","Kiralık Daire","2 + 1","105 m²","5 Yaşında","·","Kat","4. Kat","Muğla / Menteşe / Kötekli Mah.","https://www.hepsiemlak.com/_nuxt/8cafc93fb5c74c75e9e04e528e02ccdf.jpg","Tunç Emlak","WhatsApp","","","https://www.hepsiemlak.com/_nuxt/8cafc93fb5c74c75e9e04e528e02ccdf.jpg"
"https://www.hepsiemlak.com/mugla-milas-emek-kiralik/daire/4884-4991","1 / 24","37.000","09/09/2026","Milas Emek Mahallesinde 3+1 Doğalgazlı Kiralık Daire","Kiralık Daire","3 + 1","130 m²","5 Yaşında","·","Kat","4. Kat","Muğla / Milas / Emek Mah.","https://www.hepsiemlak.com/_nuxt/8cafc93fb5c74c75e9e04e528e02ccdf.jpg","Milas Gayrimenkul","WhatsApp","Şenol
                  Sandal","https://www.hepsiemlak.com/_nuxt/8cafc93fb5c74c75e9e04e528e02ccdf.jpg","https://www.hepsiemlak.com/_nuxt/8cafc93fb5c74c75e9e04e528e02ccdf.jpg"
"https://www.hepsiemlak.com/mugla-milas-gulluk-kiralik/daire/109419-355","1 / 15","26.000","08/09/2026","Muğla Milas Güllük Mahallesi Yeni Oba Sitesi'nde Yıllık Kiralık Daire","Kiralık Daire","2 + 1","65 m²","20 Yaşında","·","Kat","Yüksek Giriş","Muğla / Milas / Güllük Mah.","https://www.hepsiemlak.com/_nuxt/8cafc93fb5c74c75e9e04e528e02ccdf.jpg","","WhatsApp","","",""
"https://www.hepsiemlak.com/mugla-bodrum-yenikoy-karaova-kiralik/daire/140273-376","1 / 23","25.000","09/09/2026","Mumcular ( Yeniköy Karaoava ) Kiralık 2+1 Daire","Kiralık Daire","2 + 1","90 m²","2 Yaşında","·","Kat","2. Kat","Muğla / Bodrum / Yeniköy Karaova Mah.","","Eylül Emlak","WhatsApp","","https://www.hepsiemlak.com/img/loadings/noImage55-55.png",""
"https://www.hepsiemlak.com/mugla-datca-iskele-kiralik/daire/162432-364","1 / 34","53.000","09/09/2026","Startkey Pelit Kargı'da 3+1 Tribleks Kiralık Daire","Kiralık Daire","3 + 1","170 m²","11 Yaşında","·","Kat","3. Kat","Muğla / Datça / İskele Mah.","https://hecdnnw.hemlak.com/mncropresize/77/67/logo/2/3/4/2/6/1/cbd7b1ea-f8c7-4d62-ba52-74b9fcf00a3f.jpg","Startkey Pelit Gayrimenkul","WhatsApp","","",""
"https://www.hepsiemlak.com/mugla-bodrum-yokusbasi-kiralik/villa/170306-20","1 / 25","315.000","08/09/2026","Bodrum Merkez Yokuşbaşı'nda Kale Manzaralı Lüks Kiralık Müstakil Villa","Kiralık Villa","4 + 1","420 m²","20 Yaşında","·","Kat","","Muğla / Bodrum / Yokuşbaşı Mah.","https://hecdnnw.hemlak.com/mncropresize/77/67/logo/6/0/3/0/7/1/3ae3b859-b53c-4d5c-be5d-8c0092f45048.jpg","Roots Luxury Bodrum","WhatsApp","Yiğit
                  Yıldırım","https://hecdnnw.hemlak.com/mncropresize/77/67/firmuser/5/4/8/9/5/7/4/a4ff5b83-6c83-4e37-99d7-f3e09c130ae2.jpg",""
"https://www.hepsiemlak.com/mugla-bodrum-gundogan-kiralik/daire/135522-534","1 / 17","65.000","08/09/2026","Gündoğanda Deniz Manzaralı Eşyalı Yıllık Kiralık Daire","Kiralık Daire","2 + 1","85 m²","2 Yaşında","·","Kat","2. Kat","Muğla / Bodrum / Gündoğan Mah.","https://hecdn01.hemlak.com/mncropresize/182/137/ds01/6/2/9/6/6/2/7/4/44067b94-4298-473e-ae59-70d3991e03c2.jpg","Yükselen Gayrimenkul","WhatsApp","","","https://hecdnnw.hemlak.com/mncropresize/77/67/logo/2/2/5/5/3/1/f94a5eec-f7ad-49ae-9a52-caa38d66c4f9.jpg"
"https://www.hepsiemlak.com/mugla-milas-burgaz-kiralik/daire/83524-836","1 / 47","30.000","07/09/2026","Milas Merkez Burgaz Atatürk İlköğretim Okulu Yanında Kiralık Daire","Kiralık Daire","3 + 1","150 m²","23 Yaşında","·","Kat","2. Kat","Muğla / Milas / Burgaz Mah.","https://www.hepsiemlak.com/_nuxt/8cafc93fb5c74c75e9e04e528e02ccdf.jpg","Akın Emlak Yapı Realty Milas Bodrum","WhatsApp","","","https://www.hepsiemlak.com/_nuxt/8cafc93fb5c74c75e9e04e528e02ccdf.jpg"
"https://www.hepsiemlak.com/mugla-seydikemer-gerisburnu-kiralik/daire/150637-244","1 / 22","30.000","07/09/2026","Merkezi Konumda Kiralık Sıfır Müstakil Bahçeli Dubleks Daire","Kiralık Daire","3 + 1","110 m²","Sıfır Bina","·","Kat","Giriş Katı","Muğla / Seydikemer / Gerişburnu Mah.","https://www.hepsiemlak.com/_nuxt/8cafc93fb5c74c75e9e04e528e02ccdf.jpg","Turkish Coast Homes","WhatsApp","","","https://www.hepsiemlak.com/_nuxt/8cafc93fb5c74c75e9e04e528e02ccdf.jpg"
"https://www.hepsiemlak.com/mugla-ortaca-karaburun-kiralik/daire/139286-124","1 / 27","32.000","05/09/2026","Dalyan Yoluna Ve Merkeze Yakın 2+1 Eşyalı Daire Kiralıktır","Kiralık Daire","2 + 1","75 m²","3 Yaşında","·","Kat","3. Kat","Muğla / Ortaca / Karaburun Mah.","https://www.hepsiemlak.com/_nuxt/8cafc93fb5c74c75e9e04e528e02ccdf.jpg","Ortaca Emlak","WhatsApp","","","https://www.hepsiemlak.com/_nuxt/8cafc93fb5c74c75e9e04e528e02ccdf.jpg"
"https://www.hepsiemlak.com/mugla-fethiye-eldirek-kiralik/daire/142649-324","1 / 20","22.000","08/09/2026","Eldirek’te Geniş 3+1 Kiralık Daire","Kiralık Daire","3 + 1","130 m²","4 Yaşında","·","Kat","3. Kat","Muğla / Fethiye / Eldirek Mah.","https://www.hepsiemlak.com/_nuxt/8cafc93fb5c74c75e9e04e528e02ccdf.jpg","","WhatsApp","","",""
"https://www.hepsiemlak.com/mugla-milas-bogazici-kiralik/daire/134350-163","1 / 18","25.000","05/09/2026","Bodrum Milas Boğaziçi Gümüşkum 1+1 Kiralık Daire","Kiralık Daire","1 + 1","70 m²","21 Yaşında","·","Kat","Zemin","Muğla / Milas / Boğaziçi Mah.","https://www.hepsiemlak.com/_nuxt/8cafc93fb5c74c75e9e04e528e02ccdf.jpg","Rebodrum Gayrimenkul","WhatsApp","","","https://www.hepsiemlak.com/_nuxt/8cafc93fb5c74c75e9e04e528e02ccdf.jpg"
"https://www.hepsiemlak.com/mugla-fethiye-foca-kiralik/daire/135756-311","1 / 27","45.000","09/09/2026","Fethiye Foça'da Eşyalı Havuzlu Site İçersinde 1mayıs'a Kadar Kiralık 2+1 Daire","Kiralık Daire","2 + 1","90 m²","16 Yaşında","·","Kat","Yüksek Giriş","Muğla / Fethiye / Foça Mah.","https://www.hepsiemlak.com/_nuxt/8cafc93fb5c74c75e9e04e528e02ccdf.jpg","Koordinat Emlak","WhatsApp","","","https://www.hepsiemlak.com/_nuxt/8cafc93fb5c74c75e9e04e528e02ccdf.jpg"
"https://www.hepsiemlak.com/mugla-seydikemer-menekse-kiralik/daire/150925-767","1 / 24","20.000","08/09/2026","🏡 Seydikemer Menekşe Mahallesi’nde Kiralık 3+1!","Kiralık Daire","3 + 1","120 m²","5 Yaşında","·","Kat","Yüksek Giriş","Muğla / Seydikemer / Menekşe Mah.","https://www.hepsiemlak.com/_nuxt/8cafc93fb5c74c75e9e04e528e02ccdf.jpg","Uğur Emlak Seydikemer","WhatsApp","","","https://www.hepsiemlak.com/_nuxt/8cafc93fb5c74c75e9e04e528e02ccdf.jpg"
"https://www.hepsiemlak.com/mugla-datca-iskele-kiralik/daire/18454-777","1 / 46","90.000","09/09/2026","Datça Liman Mevkiinde, Denize 90 Metre Mesafede Muhteşem Deniz Manzaralı Kiralık 5+1","Kiralık Daire","5 + 1","200 m²","15 Yaşında","·","Kat","2. Kat","Muğla / Datça / İskele Mah.","https://www.hepsiemlak.com/_nuxt/8cafc93fb5c74c75e9e04e528e02ccdf.jpg","Canbey Emlak Datça","WhatsApp","Kurtuluş
                  Canbey","https://www.hepsiemlak.com/_nuxt/8cafc93fb5c74c75e9e04e528e02ccdf.jpg","https://www.hepsiemlak.com/_nuxt/8cafc93fb5c74c75e9e04e528e02ccdf.jpg"
"https://www.hepsiemlak.com/mugla-mentese-emirbeyazit-kiralik/daire/108994-422","1 / 36","32.500","09/09/2026","Muğla Menteşe Emirbeyazıt Mahallesinde Kiralık 1+1 Ofis Yada Daire","Kiralık Daire","1 + 1","48 m²","Sıfır Bina","·","Kat","En Üst Kat","Muğla / Menteşe / Emirbeyazıt Mah.","https://www.hepsiemlak.com/_nuxt/8cafc93fb5c74c75e9e04e528e02ccdf.jpg","Muğla Ata Gayrimenkul","WhatsApp","","","https://www.hepsiemlak.com/_nuxt/8cafc93fb5c74c75e9e04e528e02ccdf.jpg"
"https://www.hepsiemlak.com/mugla-marmaris-beldibi-kiralik/daire/138476-423","1 / 35","85.000","07/09/2026","Emlaksepeti48 Gayrimenkul Ofisinden,Beldibinde Kiralık 4+1 150m²","Kiralık Daire","4 + 1","160 m²","16 Yaşında","·","Kat","Bahçe Katı","Muğla / Marmaris / Beldibi Mah.","https://www.hepsiemlak.com/_nuxt/8cafc93fb5c74c75e9e04e528e02ccdf.jpg","Emlak Sepeti 48","WhatsApp","","","https://www.hepsiemlak.com/_nuxt/8cafc93fb5c74c75e9e04e528e02ccdf.jpg"
"https://www.hepsiemlak.com/mugla-marmaris-bayir-kiralik/mustakil-ev/144778-240","1 / 16","20.000","03/09/2026","Marmaris Bayır'da Kiralık İzole Hayat İçinde 1+1 Müstakil Daire","Kiralık Müstakil Ev","1 + 1","80 m²","31 Yaşında","","","","Muğla / Marmaris / Bayır Mah.","https://www.hepsiemlak.com/_nuxt/8cafc93fb5c74c75e9e04e528e02ccdf.jpg","Boss Keys Gayrimenkul Yatırım Danışmanlığı","WhatsApp","Suat
                  Demirel","https://www.hepsiemlak.com/_nuxt/8cafc93fb5c74c75e9e04e528e02ccdf.jpg",""
"https://www.hepsiemlak.com/mugla-fethiye-foca-kiralik/daire/159960-25","1 / 29","35.000","07/09/2026","Dy Gayrimenkul'den Foça Mahallesi'nde Giriş Kat Eşyalı 2+1","Kiralık Daire","2 + 1","70 m²","5 Yaşında","·","Kat","Giriş Katı","Muğla / Fethiye / Foça Mah.","https://www.hepsiemlak.com/_nuxt/8cafc93fb5c74c75e9e04e528e02ccdf.jpg","Derya Yetkin Gayrimenkul Danışmanlık Ve Yatırım","WhatsApp","Derya
                  Yetkin","https://www.hepsiemlak.com/_nuxt/8cafc93fb5c74c75e9e04e528e02ccdf.jpg",""
"https://www.hepsiemlak.com/mugla-milas-bogazici-kiralik/yazlik/94790-739","1 / 34","60.000","09/09/2026","Boğaziçi Flamingo Sitesinde  Eşyalı Kiralık 2+1 Daire","Kiralık Yazlık","2 + 1","125 m²","5 Yaşında","·","Kat","1. Kat","Muğla / Milas / Boğaziçi Mah.","https://www.hepsiemlak.com/_nuxt/8cafc93fb5c74c75e9e04e528e02ccdf.jpg","Eylül Gayrimenkul","WhatsApp","Eylül
                  Gayrimenkul","https://www.hepsiemlak.com/_nuxt/img/no-image-user.6f6a83e.svg","https://www.hepsiemlak.com/_nuxt/8cafc93fb5c74c75e9e04e528e02ccdf.jpg"
"https://www.hepsiemlak.com/mugla-bodrum-konacik-kiralik/daire/64802-7402","1 / 48","70.000","07/09/2026","Konacık Merkezde Havuzlu Sitede 3+1 Kiralık Daire Balkonlu","Kiralık Daire","3 + 1","120 m²","15 Yaşında","·","Kat","2. Kat","Muğla / Bodrum / Konacık Mah.","https://www.hepsiemlak.com/_nuxt/8cafc93fb5c74c75e9e04e528e02ccdf.jpg","Hedef Gayrimenkul","WhatsApp","","","https://www.hepsiemlak.com/_nuxt/8cafc93fb5c74c75e9e04e528e02ccdf.jpg"
"https://www.hepsiemlak.com/mugla-fethiye-gocek-kiralik/villa/97683-1442","1 / 35","116.500","08/09/2026","Fethiye'nin İncisi Göcek'de İlkon'dan Eşyalı Kiralık Villa","Kiralık Villa","4 + 1","350 m²","11 Yaşında","·","Kat","Bahçe Katı","Muğla / Fethiye / Göcek Mah.","https://www.hepsiemlak.com/_nuxt/8cafc93fb5c74c75e9e04e528e02ccdf.jpg","İlkon Gayrimenkul","WhatsApp","","","https://www.hepsiemlak.com/_nuxt/8cafc93fb5c74c75e9e04e528e02ccdf.jpg"
"https://www.hepsiemlak.com/mugla-koycegiz-toparlar-kiralik/daire/63057-842","1 / 25","31.000","05/09/2026","Köyceğiz Toki’de Kiralık 3+1 Konforlu Sıfır Daire","Kiralık Daire","3 + 1","130 m²","1 Yaşında","·","Kat","En Üst Kat","Muğla / Köyceğiz / Toparlar Mah.","https://www.hepsiemlak.com/_nuxt/8cafc93fb5c74c75e9e04e528e02ccdf.jpg","Hakan' S Emlak","WhatsApp","Hakan
                  Ertuğrul","https://www.hepsiemlak.com/_nuxt/8cafc93fb5c74c75e9e04e528e02ccdf.jpg","https://www.hepsiemlak.com/_nuxt/8cafc93fb5c74c75e9e04e528e02ccdf.jpg"
"https://www.hepsiemlak.com/mugla-bodrum-yahsi-kiralik/daire/82628-1152","1 / 16","67.000","06/09/2026","Fc Group Ortakent Yahşi Denize Yürüme Mesafesinde Kiralık Ev","Kiralık Daire","2 + 1","139 m²","11 Yaşında","·","Kat","Bahçe Katı","Muğla / Bodrum / Yahşi Mah.","https://www.hepsiemlak.com/_nuxt/8cafc93fb5c74c75e9e04e528e02ccdf.jpg","Fc Group","WhatsApp","Emre
                  Özdemir","https://www.hepsiemlak.com/_nuxt/8cafc93fb5c74c75e9e04e528e02ccdf.jpg","https://www.hepsiemlak.com/_nuxt/8cafc93fb5c74c75e9e04e528e02ccdf.jpg"
"https://www.hepsiemlak.com/mugla-milas-ismet-pasa-kiralik/daire/4884-4948","1 / 24","30.000","07/09/2026","Milas Merkezde 3+1 Ara Kat Kiralık Daire","Kiralık Daire","3 + 1","120 m²","21 Yaşında","·","Kat","4. Kat","Muğla / Milas / İsmet Paşa Mah.","https://www.hepsiemlak.com/_nuxt/8cafc93fb5c74c75e9e04e528e02ccdf.jpg","Milas Gayrimenkul","WhatsApp","Şenol
                  Sandal","https://www.hepsiemlak.com/_nuxt/8cafc93fb5c74c75e9e04e528e02ccdf.jpg","https://www.hepsiemlak.com/_nuxt/8cafc93fb5c74c75e9e04e528e02ccdf.jpg"
"https://www.hepsiemlak.com/mugla-ortaca-bahcelievler-kiralik/daire/165399-138","1 / 12","25.000","09/09/2026","Bahçelievlerde 2+1 | 3 Cephe | Çift Balkon | Ebeveyn Banyolu","Kiralık Daire","2 + 1","105 m²","5 Yaşında","·","Kat","3. Kat","Muğla / Ortaca / Bahçelievler Mah.","https://www.hepsiemlak.com/_nuxt/8cafc93fb5c74c75e9e04e528e02ccdf.jpg","Safir Emlak Ortaca","WhatsApp","Aydın
                  Akdeniz","https://www.hepsiemlak.com/_nuxt/8cafc93fb5c74c75e9e04e528e02ccdf.jpg","https://www.hepsiemlak.com/_nuxt/8cafc93fb5c74c75e9e04e528e02ccdf.jpg"
"https://www.hepsiemlak.com/mugla-dalaman-hurriyet-kiralik/daire/146538-220","1 / 12","25.000","08/09/2026","Dalaman Seyfettinince Caddesinde 1+1 Eşyalı Kiralık Daire","Kiralık Daire","1 + 1","55 m²","3 Yaşında","·","Kat","2. Kat","Muğla / Dalaman / Hürriyet Mah.","https://www.hepsiemlak.com/_nuxt/8cafc93fb5c74c75e9e04e528e02ccdf.jpg","Pınar Gayrimenkul","WhatsApp","İlhan
                  Ekin","https://www.hepsiemlak.com/_nuxt/8cafc93fb5c74c75e9e04e528e02ccdf.jpg","https://www.hepsiemlak.com/_nuxt/8cafc93fb5c74c75e9e04e528e02ccdf.jpg"
"https://www.hepsiemlak.com/mugla-datca-iskele-kiralik/daire/159473-358","1 / 12","32.000","07/09/2026","Borsem Datça - Özbel Mevki 1+1 Eşyalı Yıllık Kiralık Daire","Kiralık Daire","1 + 1","55 m²","6 Yaşında","·","Kat","Giriş Katı","Muğla / Datça / İskele Mah.","","Borsem Datça Gayrimenkul","WhatsApp","","https://hecdnnw.hemlak.com/mncropresize/77/67/logo/3/7/4/9/5/1/73d5f74d-a755-4889-9070-be5efcb11c72.jpg",""
"https://www.hepsiemlak.com/mugla-datca-iskele-kiralik/daire/170954-25","1 / 12","27.500","05/09/2026","Datça Merkez De 1+1 Eşyalı Kısmi Bahçeli Kiralık Daire","Kiralık Daire","1 + 1","65 m²","3 Yaşında","·","Kat","1. Kat","Muğla / Datça / İskele Mah.","https://hecdnnw.hemlak.com/mncropresize/77/67/logo/4/5/9/0/7/1/b11c690a-f418-47b1-999d-b9eb8aa85c19.jpg","Turyap Fidan Datça","WhatsApp","","",""
"https://www.hepsiemlak.com/mugla-fethiye-patlangic-kiralik/daire/138314-997","1 / 21","29.000","10/09/2026","Fethiye’de Havuzlu Sitede Eşyalı Kiralık Daire","Kiralık Daire","3 + 1","103 m²","11 Yaşında","·","Kat","Yüksek Giriş","Muğla / Fethiye / Patlangıç Mah.","https://hecdnnw.hemlak.com/mncropresize/77/67/logo/4/1/3/8/3/1/7acf161b-ce9b-4452-b5cd-77009f5de4dc.jpg","Remax Badem 2","WhatsApp","","",""
"https://www.hepsiemlak.com/mugla-mentese-orhaniye-kiralik/daire/76834-3156","1 / 35","40.000","09/09/2026","Muğla Orhaniye Mahallesinde 3+1 Eşyasız Kiralık Daire","Kiralık Daire","3 + 1","120 m²","31 Yaşında","·","Kat","3. Kat","Muğla / Menteşe / Orhaniye Mah.","https://hecdn01.hemlak.com/mncropresize/182/137/ds01/5/4/0/7/6/2/7/4/ee0ba8b1-f124-4316-803b-3c3cb7171822.jpg","Muğla Kampüs Emlak","WhatsApp","İlker Barış
                  Kalaç","https://hecdnnw.hemlak.com/mncropresize/77/67/firmuser/0/5/0/1/5/4/1/29ee8973-816c-4938-a652-97e78e554801.jpg","https://hecdnnw.hemlak.com/mncropresize/77/67/logo/4/3/8/6/7/0/380cf7e9-0a34-4ce4-8db3-253ee332464b.jpg"
"https://www.hepsiemlak.com/mugla-dalaman-karacaagac-kiralik/daire/141183-488","1 / 30","22.000","08/09/2026","Eşyalı Kiralık 2+1 Köy Evi","Kiralık Daire","2 + 1","100 m²","4 Yaşında","·","Kat","Yüksek Giriş","Muğla / Dalaman / Karacaağaç Mah.","https://www.hepsiemlak.com/_nuxt/8cafc93fb5c74c75e9e04e528e02ccdf.jpg","Hfz Gayrimenkul","WhatsApp","Hafize
                  Kuyucuoğlu","https://www.hepsiemlak.com/_nuxt/8cafc93fb5c74c75e9e04e528e02ccdf.jpg",""
"https://www.hepsiemlak.com/mugla-marmaris-kemeralti-kiralik/daire/135124-321","1 / 16","45.000","08/09/2026","Marmaris Kemeraltı Kiralık 2+1 Daire","Kiralık Daire","2 + 1","100 m²","16 Yaşında","·","Kat","3. Kat","Muğla / Marmaris / Kemeraltı Mah.","https://www.hepsiemlak.com/_nuxt/8cafc93fb5c74c75e9e04e528e02ccdf.jpg","Dıamond48 Real Estate","WhatsApp","Şule
                  Uzuntepe","https://www.hepsiemlak.com/_nuxt/8cafc93fb5c74c75e9e04e528e02ccdf.jpg",""
"https://www.hepsiemlak.com/mugla-bodrum-karaova-kiralik/daire/140850-407","1 / 24","30.000","04/09/2026","Çınar Emlaktan Mumcularda Okula Markete Yakın 3+1 Kiralık Daire","Kiralık Daire","3 + 1","100 m²","3 Yaşında","·","Kat","2. Kat","Muğla / Bodrum / Karaova Mah.","https://www.hepsiemlak.com/_nuxt/8cafc93fb5c74c75e9e04e528e02ccdf.jpg","Bodrum Çınar Emlak","WhatsApp","Yıldıray
                  Çınar","https://www.hepsiemlak.com/_nuxt/8cafc93fb5c74c75e9e04e528e02ccdf.jpg",""
"https://www.hepsiemlak.com/mugla-fethiye-ciftlik-kiralik/villa/52425-3787","1 / 35","90.000","03/09/2026","Koca Çalış Plajına Yakın Kiralık Lüks Villalar","Kiralık Villa","3 + 1","150 m²","1 Yaşında","·","Kat","","Muğla / Fethiye / Çiftlik Mah.","https://www.hepsiemlak.com/_nuxt/8cafc93fb5c74c75e9e04e528e02ccdf.jpg","Vartur Emlak","WhatsApp","","","https://www.hepsiemlak.com/_nuxt/8cafc93fb5c74c75e9e04e528e02ccdf.jpg"
"https://www.hepsiemlak.com/mugla-fethiye-karagedik-kiralik/daire/135756-303","1 / 15","46.000","09/09/2026","Fethiye Çalış'a Yakın Full Eşyalı Kiralık 3+1 Daire","Kiralık Daire","3 + 1","120 m²","5 Yaşında","·","Kat","Yüksek Giriş","Muğla / Fethiye / Karagedik Mah.","https://www.hepsiemlak.com/_nuxt/8cafc93fb5c74c75e9e04e528e02ccdf.jpg","Koordinat Emlak","WhatsApp","","","https://www.hepsiemlak.com/_nuxt/8cafc93fb5c74c75e9e04e528e02ccdf.jpg"
"https://www.hepsiemlak.com/mugla-marmaris-cildir-kiralik/daire/142925-165","1 / 18","50.000","09/09/2026","Marmaris Çıldır Geniş Eşyasız 3+1 Kiralık Daire","Kiralık Daire","3 + 1","200 m²","21 Yaşında","·","Kat","3. Kat","Muğla / Marmaris / Çıldır Mah.","https://www.hepsiemlak.com/_nuxt/8cafc93fb5c74c75e9e04e528e02ccdf.jpg","Fi Harita Gayrimenkul","WhatsApp","","","https://www.hepsiemlak.com/_nuxt/8cafc93fb5c74c75e9e04e528e02ccdf.jpg"
"https://www.hepsiemlak.com/mugla-bodrum-akcaalan-kiralik/mustakil-ev/41266-1390","1 / 47","60.000","07/09/2026","Müstakil Yaşam Arayanlara Özel Kiralık Ev.","Kiralık Müstakil Ev","3 + 2","180 m²","16 Yaşında","","","","Muğla / Bodrum / Akçaalan Mah.","https://www.hepsiemlak.com/_nuxt/8cafc93fb5c74c75e9e04e528e02ccdf.jpg","","WhatsApp","","",""
"https://www.hepsiemlak.com/mugla-marmaris-sinan-kiralik/daire/163399-6","1 / 18","55.000","06/09/2026","Site İçinde - Kiralık 3+1 Kapalı Mutfak - Çatı Dubleks","Kiralık Daire","3 + 1","145 m²","14 Yaşında","·","Kat","1. Kat","Muğla / Marmaris / Sinan Mah.","https://www.hepsiemlak.com/_nuxt/8cafc93fb5c74c75e9e04e528e02ccdf.jpg","Vilya Gayrimenkul","WhatsApp","","","https://www.hepsiemlak.com/_nuxt/8cafc93fb5c74c75e9e04e528e02ccdf.jpg"
"https://www.hepsiemlak.com/mugla-mentese-kotekli-kiralik/daire/115758-2811","1 / 12","26.000","05/09/2026","Lider'den Muğla Kötekli'de Kiralık 1+1 Eşyalı Daire","Kiralık Daire","1 + 1","40 m²","10 Yaşında","·","Kat","3. Kat","Muğla / Menteşe / Kötekli Mah.","https://www.hepsiemlak.com/_nuxt/8cafc93fb5c74c75e9e04e528e02ccdf.jpg","Lider Gayrimenkul","WhatsApp","","","https://www.hepsiemlak.com/_nuxt/8cafc93fb5c74c75e9e04e528e02ccdf.jpg"
"https://www.hepsiemlak.com/mugla-fethiye-patlangic-kiralik/daire/165249-38","1 / 11","25.000","07/09/2026","Taşyaka Mahallesinde Kiralık 1+1 Eşyalı Daire","Kiralık Daire","1 + 1","55 m²","2 Yaşında","·","Kat","Giriş Katı","Muğla / Fethiye / Patlangıç Mah.","https://www.hepsiemlak.com/_nuxt/8cafc93fb5c74c75e9e04e528e02ccdf.jpg","Ust Gayrimenkul Danışmanlığı","WhatsApp","","","https://www.hepsiemlak.com/_nuxt/8cafc93fb5c74c75e9e04e528e02ccdf.jpg"
"https://www.hepsiemlak.com/mugla-bodrum-bitez-kiralik/daire/77493-2444","1 / 11","65.000","09/09/2026","Bodrum Bitez Kiralık Bahçe Katı Eşyalı Daire","Kiralık Daire","2 + 1","75 m²","6 Yaşında","·","Kat","Bahçe Katı","Muğla / Bodrum / Bitez Mah.","https://www.hepsiemlak.com/_nuxt/8cafc93fb5c74c75e9e04e528e02ccdf.jpg","","WhatsApp","","",""
"https://www.hepsiemlak.com/mugla-dalaman-hurriyet-kiralik/daire/171354-23","1 / 12","23.000","09/09/2026","Prestij'den Dalaman'da Havuzlu Full Eşyalı 1+1 Kiralık Daire","Kiralık Daire","1 + 1","60 m²","2 Yaşında","·","Kat","2. Kat","Muğla / Dalaman / Hürriyet Mah.","https://www.hepsiemlak.com/_nuxt/8cafc93fb5c74c75e9e04e528e02ccdf.jpg","Prestij Gayrimenkul","WhatsApp","","","https://www.hepsiemlak.com/_nuxt/8cafc93fb5c74c75e9e04e528e02ccdf.jpg"
"https://www.hepsiemlak.com/mugla-milas-gumusluk-kiralik/daire/62045-1705","1 / 10","25.000","09/09/2026","Milas Gümüşlükte Kiralık Daire.","Kiralık Daire","2 + 1","110 m²","Sıfır Bina","·","Kat","Yüksek Giriş","Muğla / Milas / Gümüşlük Mah.","https://www.hepsiemlak.com/_nuxt/8cafc93fb5c74c75e9e04e528e02ccdf.jpg","","WhatsApp","","",""
"https://www.hepsiemlak.com/mugla-fethiye-tuzla-kiralik/daire/144026-408","1 / 14","42.000","04/09/2026","Tuzla Mahallesi'nde 3+1 Yüksek Giriş Ayrı Mutfak Kiralık Daire","Kiralık Daire","3 + 1","110 m²","26 Yaşında","·","Kat","Giriş Katı","Muğla / Fethiye / Tuzla Mah.","https://www.hepsiemlak.com/_nuxt/8cafc93fb5c74c75e9e04e528e02ccdf.jpg","Kaya Grup Fethiye","WhatsApp","Osman
                  Kaya","https://www.hepsiemlak.com/_nuxt/8cafc93fb5c74c75e9e04e528e02ccdf.jpg",""
"https://www.hepsiemlak.com/mugla-marmaris-sariana-kiralik/daire/144778-251","1 / 14","55.000","09/09/2026","Marmaris Sarıana'da Kiralık Eşyalı & Boş 2+1 Daire","Kiralık Daire","2 + 1","120 m²","11 Yaşında","·","Kat","1. Kat","Muğla / Marmaris / Sarıana Mah.","https://www.hepsiemlak.com/_nuxt/8cafc93fb5c74c75e9e04e528e02ccdf.jpg","Boss Keys Gayrimenkul Yatırım Danışmanlığı","WhatsApp","Suat
                  Demirel","https://www.hepsiemlak.com/_nuxt/8cafc93fb5c74c75e9e04e528e02ccdf.jpg",""
"https://www.hepsiemlak.com/mugla-bodrum-yahsi-kiralik/mustakil-ev/65421-1474","1 / 32","70.000","08/09/2026","Ortakent Yahşi Nezih Sitede Geniş  2+1  Eşyalı Dubleks Kiralık","Kiralık Müstakil Ev","2 + 1","150 m²","20 Yaşında","·","Kat","","Muğla / Bodrum / Yahşi Mah.","https://www.hepsiemlak.com/_nuxt/8cafc93fb5c74c75e9e04e528e02ccdf.jpg","Bodrum Kule Emlak","WhatsApp","Nihal
                  Sakarya","https://www.hepsiemlak.com/_nuxt/8cafc93fb5c74c75e9e04e528e02ccdf.jpg","https://www.hepsiemlak.com/_nuxt/8cafc93fb5c74c75e9e04e528e02ccdf.jpg"
"https://www.hepsiemlak.com/mugla-milas-burgaz-kiralik/daire/168221-21","1 / 10","18.750","09/09/2026","Burgaz Mahallesinde Adliye Kavşağına Yakın Bahçeli Kiralık Daire","Kiralık Daire","2 + 0","70 m²","30 Yaşında","·","Kat","Bahçe Katı","Muğla / Milas / Burgaz Mah.","https://www.hepsiemlak.com/_nuxt/8cafc93fb5c74c75e9e04e528e02ccdf.jpg","","WhatsApp","","",""
"https://www.hepsiemlak.com/mugla-bodrum-cirkan-kiralik/daire/64802-7331","1 / 32","50.000","06/09/2026","Bodrum Konacık Kiralık 2+1 Esyalı Bakımlı Giriş Katı  Daire","Kiralık Daire","2 + 1","89 m²","10 Yaşında","·","Kat","Giriş Katı","Muğla / Bodrum / Çırkan Mah.","https://www.hepsiemlak.com/_nuxt/8cafc93fb5c74c75e9e04e528e02ccdf.jpg","Hedef Gayrimenkul","WhatsApp","","","https://www.hepsiemlak.com/_nuxt/8cafc93fb5c74c75e9e04e528e02ccdf.jpg"
"https://www.hepsiemlak.com/mugla-fethiye-karaculha-kiralik/daire/97683-1373","1 / 35","19.000","05/09/2026","İlkon'dan Karaçulha'da Evcil Hayvan Dostu Kiralık 2+1 Daire","Kiralık Daire","2 + 1","80 m²","6 Yaşında","·","Kat","Yüksek Giriş","Muğla / Fethiye / Karaçulha Mah.","https://www.hepsiemlak.com/_nuxt/8cafc93fb5c74c75e9e04e528e02ccdf.jpg","İlkon Gayrimenkul","WhatsApp","","","https://www.hepsiemlak.com/_nuxt/8cafc93fb5c74c75e9e04e528e02ccdf.jpg"
"https://www.hepsiemlak.com/mugla-koycegiz-gulpinar-kiralik/daire/63057-828","1 / 25","31.000","05/09/2026","Hakan's Emlak'tan Köyceğiz Merkezde Kiralık Yeni 2+1 Daire","Kiralık Daire","2 + 1","80 m²","Sıfır Bina","·","Kat","Bahçe Katı","Muğla / Köyceğiz / Gülpınar Mah.","https://www.hepsiemlak.com/_nuxt/8cafc93fb5c74c75e9e04e528e02ccdf.jpg","Hakan' S Emlak","WhatsApp","Hakan
                  Ertuğrul","https://www.hepsiemlak.com/_nuxt/8cafc93fb5c74c75e9e04e528e02ccdf.jpg","https://www.hepsiemlak.com/_nuxt/8cafc93fb5c74c75e9e04e528e02ccdf.jpg"
"https://www.hepsiemlak.com/mugla-bodrum-turgutreis-kiralik/daire/82628-1068","1 / 16","38.000","06/09/2026","Fc Group ,Turgutreis'te,Site İçerisinde Eşyalı 2+1 Kiralık Daire","Kiralık Daire","2 + 1","55 m²","11 Yaşında","·","Kat","Bahçe Katı","Muğla / Bodrum / Turgutreis Mah.","","Fc Group","WhatsApp","","https://hecdnnw.hemlak.com/mncropresize/77/67/logo/8/2/6/2/8/0/d8afa067-ec20-4fcd-801c-9b5920c40ba8.jpg",""
"https://www.hepsiemlak.com/mugla-marmaris-armutalan-kiralik/daire/134252-234","1 / 12","30.000","05/09/2026","Marmaris Armutalan Önder Emlak'tan Kiralık Eşyalı 1+1 Daire","Kiralık Daire","1 + 1","60 m²","30 Yaşında","·","Kat","Ara Kat","Muğla / Marmaris / Armutalan Mah.","https://www.hepsiemlak.com/img/loadings/noImage55-55.png","Önder Emlak Turizm Ve Ticaret Limited Şirketi","WhatsApp","","",""
"https://www.hepsiemlak.com/mugla-marmaris-turunc-kiralik/daire/47416-1024","1 / 19","45.000","07/09/2026","Turunçta Sahile 200 M | Tam Eşyalı Kiralık 3+1 Ev","Kiralık Daire","3 + 1","130 m²","3 Yaşında","·","Kat","Zemin","Muğla / Marmaris / Turunç Mah.","https://hecdnnw.hemlak.com/mncropresize/77/67/logo/6/1/4/7/4/0/3cb77a0f-b414-4948-8197-2a043a4930fc.jpg","Turunç Tuna Emlak","WhatsApp","Semih
                  Tuna","https://hecdnnw.hemlak.com/mncropresize/77/67/firmuser/1/8/5/4/9/8/b674ba24-f91a-43c5-9ef5-e644df7296d4.jpg",""
"https://www.hepsiemlak.com/mugla-marmaris-selimiye-kiralik/villa/26388-6214","1 / 23","110.000","08/09/2026","Tt Emlaktan Marmaris Selimiye De Deniz Manzaralı Havuzlu Eşyalı Lüks 3+1 Kiralık Villa","Kiralık Villa","3 + 1","180 m²","7 Yaşında","·","Kat","","Muğla / Marmaris / Selimiye Mah.","https://hecdn01.hemlak.com/mncropresize/182/137/ds01/7/1/7/8/6/2/7/4/1788898956-939091-47268717.jpeg","Tt Emlak","WhatsApp","","","https://hecdnnw.hemlak.com/mncropresize/77/67/logo/8/8/3/6/2/0/467e8e89-bfc6-4c1c-acc4-e061f3a15164.jpg"
"https://www.hepsiemlak.com/mugla-marmaris-turgut-kiralik/villa/134247-55","1 / 32","62.000","09/09/2026","Gold Prestige 'den Marmaris Turgut M. Eşyasız Kiralık Villa","Kiralık Villa","3 + 1","250 m²","5 Yaşında","·","Kat","","Muğla / Marmaris / Turgut Mah.","https://www.hepsiemlak.com/_nuxt/8cafc93fb5c74c75e9e04e528e02ccdf.jpg","Gold Prestige Makro Kent","WhatsApp","","","https://www.hepsiemlak.com/_nuxt/8cafc93fb5c74c75e9e04e528e02ccdf.jpg"
"https://www.hepsiemlak.com/mugla-fethiye-tasyaka-kiralik/daire/163109-206","1 / 27","25.000","07/09/2026","Taşyaka Da Geniş Teraslı Manzaralı Daire","Kiralık Daire","2 + 1","90 m²","6 Yaşında","·","Kat","3. Kat","Muğla / Fethiye / Taşyaka Mah.","https://www.hepsiemlak.com/_nuxt/8cafc93fb5c74c75e9e04e528e02ccdf.jpg","Prıvekey Gayrimenkul","WhatsApp","","","https://www.hepsiemlak.com/_nuxt/8cafc93fb5c74c75e9e04e528e02ccdf.jpg"
"https://www.hepsiemlak.com/mugla-fethiye-foca-kiralik/daire/156531-207","1 / 34","55.000","04/09/2026","Rocherhomes Foça Pazar Pazarı Yakın 3+1 Kiralık Daire","Kiralık Daire","3 + 1","150 m²","5 Yaşında","·","Kat","2. Kat","Muğla / Fethiye / Foça Mah.","https://www.hepsiemlak.com/_nuxt/8cafc93fb5c74c75e9e04e528e02ccdf.jpg","Rocher Homes","WhatsApp","","","https://www.hepsiemlak.com/_nuxt/8cafc93fb5c74c75e9e04e528e02ccdf.jpg"
"https://www.hepsiemlak.com/mugla-marmaris-camiavlu-kiralik/villa/135124-313","1 / 23","130.000","07/09/2026","Marmaris Camiavlu Villa Bölgesinde Kiralık 3+1 Eşyalı Villa","Kiralık Villa","3 + 1","230 m²","11 Yaşında","·","Kat","","Muğla / Marmaris / Camiavlu Mah.","https://www.hepsiemlak.com/_nuxt/8cafc93fb5c74c75e9e04e528e02ccdf.jpg","Dıamond48 Real Estate","WhatsApp","Şule
                  Uzuntepe","https://www.hepsiemlak.com/_nuxt/8cafc93fb5c74c75e9e04e528e02ccdf.jpg",""
"https://www.hepsiemlak.com/mugla-fethiye-camkoy-kiralik/daire/153705-264","1 / 33","25.000","09/09/2026","Fethiye Çamköy’de 3+1, 170 M² Geniş Ve Ferah Kiralık Daire","Kiralık Daire","3 + 1","180 m²","15 Yaşında","·","Kat","2. Kat","Muğla / Fethiye / Çamköy Mah.","https://www.hepsiemlak.com/_nuxt/8cafc93fb5c74c75e9e04e528e02ccdf.jpg","Çarşı Emlak","WhatsApp","","","https://www.hepsiemlak.com/_nuxt/8cafc93fb5c74c75e9e04e528e02ccdf.jpg"
"https://www.hepsiemlak.com/mugla-bodrum-kizilagac-kiralik/villa/170419-8","1 / 18","90.000","09/09/2026","Kızılağaç'ta 650 M² Arsa İçerisinde | Özel Havuzlu | 4+1 Kiralık Müstakil İkiz Villa","Kiralık Villa","4 + 1","190 m²","2 Yaşında","·","Kat","","Muğla / Bodrum / Kızılağaç Mah.","https://www.hepsiemlak.com/_nuxt/8cafc93fb5c74c75e9e04e528e02ccdf.jpg","Move Bodrum","WhatsApp","","","https://www.hepsiemlak.com/_nuxt/8cafc93fb5c74c75e9e04e528e02ccdf.jpg"
"https://www.hepsiemlak.com/mugla-milas-cumhuriyet-kiralik/daire/4884-4997","1 / 21","30.000","09/09/2026","Cumhuriyet Mahallesinde 3+1 Doğalgazlı Ara Kat Kiralık Daire","Kiralık Daire","3 + 1","140 m²","26 Yaşında","·","Kat","4. Kat","Muğla / Milas / Cumhuriyet Mah.","https://www.hepsiemlak.com/_nuxt/8cafc93fb5c74c75e9e04e528e02ccdf.jpg","Milas Gayrimenkul","WhatsApp","Şenol
                  Sandal","https://www.hepsiemlak.com/_nuxt/8cafc93fb5c74c75e9e04e528e02ccdf.jpg","https://www.hepsiemlak.com/_nuxt/8cafc93fb5c74c75e9e04e528e02ccdf.jpg"
"https://www.hepsiemlak.com/mugla-mentese-emirbeyazit-kiralik/daire/120892-235","1 / 10","24.000","08/09/2026","Kiralık Eşyalı, 1+1 Daire","Kiralık Daire","1 + 1","37 m²","10 Yaşında","·","Kat","1. Kat","Muğla / Menteşe / Emirbeyazıt Mah.","https://www.hepsiemlak.com/_nuxt/8cafc93fb5c74c75e9e04e528e02ccdf.jpg","Epok Gayrimenkul","WhatsApp","","","https://www.hepsiemlak.com/_nuxt/8cafc93fb5c74c75e9e04e528e02ccdf.jpg"
"https://www.hepsiemlak.com/mugla-bodrum-golkoy-kiralik/daire/91577-81","1 / 12","30.000","08/09/2026","Bodrum Gölköy'de Yıllık Kiralık 1+1 Bahçeli Daire","Kiralık Daire","1 + 1","65 m²","3 Yaşında","·","Kat","Bahçe Katı","Muğla / Bodrum / Gölköy Mah.","https://www.hepsiemlak.com/_nuxt/8cafc93fb5c74c75e9e04e528e02ccdf.jpg","","WhatsApp","","",""
"https://www.hepsiemlak.com/mugla-mentese-kotekli-kiralik/daire/134106-36","1 / 6","29.000","04/09/2026","Muğla Köteklide Eşyalı Kiralık Daire","Kiralık Daire","1 + 1","45 m²","5 Yaşında","·","Kat","Yüksek Giriş","Muğla / Menteşe / Kötekli Mah.","https://www.hepsiemlak.com/_nuxt/8cafc93fb5c74c75e9e04e528e02ccdf.jpg","Özkan Eti Gayrimenkul","WhatsApp","","","https://www.hepsiemlak.com/_nuxt/8cafc93fb5c74c75e9e04e528e02ccdf.jpg"
"https://www.hepsiemlak.com/mugla-bodrum-cevat-sakir-kiralik/daire/129219-497","1 / 22","55.000","09/09/2026","Bodrum Eskiçeşme’de Oasis Yakını Site İçi 2+1 Full Eşyalı Kiralık","Kiralık Daire","2 + 1","70 m²","1 Yaşında","·","Kat","Bahçe Katı","Muğla / Bodrum / Cevat Şakir Mah.","https://www.hepsiemlak.com/_nuxt/8cafc93fb5c74c75e9e04e528e02ccdf.jpg","Bosel Gayrimenkul","WhatsApp","","","https://www.hepsiemlak.com/_nuxt/8cafc93fb5c74c75e9e04e528e02ccdf.jpg"
"https://www.hepsiemlak.com/mugla-fethiye-karagedik-kiralik/villa/97683-1441","1 / 34","100.000","04/09/2026","İlkon'dan Çalış'a Yakın 3+1 Sıfır Müstakil Eşyalı Villa","Kiralık Villa","3 + 1","190 m²","Sıfır Bina","·","Kat","","Muğla / Fethiye / Karagedik Mah.","https://www.hepsiemlak.com/_nuxt/8cafc93fb5c74c75e9e04e528e02ccdf.jpg","İlkon Gayrimenkul","WhatsApp","","","https://www.hepsiemlak.com/_nuxt/8cafc93fb5c74c75e9e04e528e02ccdf.jpg"
"https://www.hepsiemlak.com/mugla-ortaca-dalyan-kiralik/daire/98449-1293","1 / 13","22.000","09/09/2026","Muğla Dalyan Da Bahçeli 130 M2, 3+1, Eşyasız Daire Kiralık","Kiralık Daire","3 + 1","130 m²","15 Yaşında","·","Kat","2. Kat","Muğla / Ortaca / Dalyan Mah.","https://www.hepsiemlak.com/_nuxt/8cafc93fb5c74c75e9e04e528e02ccdf.jpg","Pikan Gayrimenkul","WhatsApp","","","https://www.hepsiemlak.com/_nuxt/8cafc93fb5c74c75e9e04e528e02ccdf.jpg"
"https://www.hepsiemlak.com/mugla-bodrum-cirkan-kiralik/daire/64802-7159","1 / 28","55.000","05/09/2026","Bodrum Konacık Nezih Semtde Bahçeli Geniş2+1 Ebeveynbanyo Kiralk","Kiralık Daire","2 + 1","110 m²","5 Yaşında","·","Kat","Bahçe Katı","Muğla / Bodrum / Çırkan Mah.","https://www.hepsiemlak.com/_nuxt/8cafc93fb5c74c75e9e04e528e02ccdf.jpg","Hedef Gayrimenkul","WhatsApp","","","https://www.hepsiemlak.com/_nuxt/8cafc93fb5c74c75e9e04e528e02ccdf.jpg"
"https://www.hepsiemlak.com/mugla-mentese-karamehmet-kiralik/daire/104209-1219","1 / 12","41.000","03/09/2026","Muğla Karamehmet Kiralık 3+1 Daire","Kiralık Daire","3 + 1","170 m²","12 Yaşında","·","Kat","Yüksek Giriş","Muğla / Menteşe / Karamehmet Mah.","https://www.hepsiemlak.com/_nuxt/8cafc93fb5c74c75e9e04e528e02ccdf.jpg","","WhatsApp","","",""
"https://www.hepsiemlak.com/mugla-bodrum-yenikoy-kiralik/daire/155328-30","1 / 12","25.000","09/09/2026","Bodrum Marına'da 1+1 Esyasiz Daire","Kiralık Daire","1 + 1","38 m²","11 Yaşında","·","Kat","Giriş Katı","Muğla / Bodrum / Yeniköy Mah.","https://www.hepsiemlak.com/_nuxt/8cafc93fb5c74c75e9e04e528e02ccdf.jpg","For Me Gayrimenkul Bodrum","WhatsApp","","","https://www.hepsiemlak.com/img/loadings/noImage55-55.png"
"https://www.hepsiemlak.com/mugla-koycegiz-ulucami-kiralik/villa/63057-838","1 / 22","62.500","05/09/2026","Hakan's Emlak'tan Köyceğiz Merkezde Kiralık Villa","Kiralık Villa","3 + 1","145 m²","15 Yaşında","·","Kat","","Muğla / Köyceğiz / Ulucami Mah.","https://www.hepsiemlak.com/_nuxt/8cafc93fb5c74c75e9e04e528e02ccdf.jpg","Hakan' S Emlak","WhatsApp","Hakan
                  Ertuğrul","https://www.hepsiemlak.com/_nuxt/8cafc93fb5c74c75e9e04e528e02ccdf.jpg","https://www.hepsiemlak.com/_nuxt/8cafc93fb5c74c75e9e04e528e02ccdf.jpg"
"https://www.hepsiemlak.com/mugla-bodrum-akyarlar-kiralik/daire/170427-334","1 / 26","50.000","03/09/2026","Deniz Manzaralı Güvenlikli Site İçinde Bahçeli 2+1 Daire","Kiralık Daire","2 + 1","90 m²","2 Yaşında","·","Kat","2. Kat","Muğla / Bodrum / Akyarlar Mah.","https://www.hepsiemlak.com/_nuxt/8cafc93fb5c74c75e9e04e528e02ccdf.jpg","Bodrum Zeytin Gayrimenkul Ticaret Anonim Şirketi","WhatsApp","","","https://www.hepsiemlak.com/_nuxt/8cafc93fb5c74c75e9e04e528e02ccdf.jpg"
"https://www.hepsiemlak.com/mugla-fethiye-tuzla-kiralik/daire/153705-223","1 / 22","28.000","04/09/2026","Fethiye Tuzla Mahallesi’nde 3.Kat  2+1 Uzun Dönem  Kiralık Daire","Kiralık Daire","2 + 1","110 m²","25 Yaşında","·","Kat","3. Kat","Muğla / Fethiye / Tuzla Mah.","https://www.hepsiemlak.com/_nuxt/8cafc93fb5c74c75e9e04e528e02ccdf.jpg","Çarşı Emlak","WhatsApp","","","https://www.hepsiemlak.com/_nuxt/8cafc93fb5c74c75e9e04e528e02ccdf.jpg"
"https://www.hepsiemlak.com/mugla-ula-citlik-kiralik/villa/0-47252781","1 / 3","44.000","05/09/2026","Gökova Esentepe De 1+1 Akıllı Sistem Full Eşyalı, Havuzlu Villa.","Kiralık Villa","1 + 1","70 m²","Sıfır Bina","·","Kat","","Muğla / Ula / Çıtlık Mah.","https://www.hepsiemlak.com/_nuxt/8cafc93fb5c74c75e9e04e528e02ccdf.jpg","","WhatsApp","","",""
"https://www.hepsiemlak.com/mugla-fethiye-camkoy-kiralik/daire/144026-405","1 / 10","24.000","05/09/2026","Çamköy'de Caddeye Yakın Kiralık 2+1 Kiralık Daire","Kiralık Daire","2 + 1","70 m²","3 Yaşında","·","Kat","Giriş Katı","Muğla / Fethiye / Çamköy Mah.","https://hecdnnw.hemlak.com/mncropresize/77/67/firmuser/0/6/7/9/5/0/4/d8d0c3e3-a53e-48f6-8358-bbcac8cb2e61.jpg","Kaya Grup Fethiye","WhatsApp","Osman
                  Kaya","",""
"https://www.hepsiemlak.com/mugla-dalaman-atakent-kiralik/daire/115758-2368","1 / 31","28.000","05/09/2026","Lider'den Dalaman'da Havuzlu Site İçinde Kiralık 2+1 Daire","Kiralık Daire","2 + 1","65 m²","1 Yaşında","·","Kat","Yüksek Giriş","Muğla / Dalaman / Atakent Mah.","https://hecdnnw.hemlak.com/mncropresize/77/67/logo/8/5/7/5/1/1/30168ecb-3343-4db9-be9a-9e93bdad7ed6.jpg","Lider Gayrimenkul","WhatsApp","","",""
"https://www.hepsiemlak.com/mugla-fethiye-tasyaka-kiralik/daire/97683-1425","1 / 33","30.000","05/09/2026","İlkon'dan Taşyaka Mah. Havuzlu Sitede Kiralık 3+1 Dubleks Daire","Kiralık Daire","3 + 1","140 m²","11 Yaşında","·","Kat","3. Kat","Muğla / Fethiye / Taşyaka Mah.","https://hecdnnw.hemlak.com/mncropresize/77/67/logo/3/8/6/7/9/0/5bdf763c-3a64-4a68-a9d3-1bfce183c251.jpg","İlkon Gayrimenkul","WhatsApp","","",""
"https://www.hepsiemlak.com/mugla-mentese-muslihittin-kiralik/daire/142064-95","1 / 32","28.000","05/09/2026","Muslihittin Mahallesi Kiralık 2+1 Daire Sabri Acarsoy İlk Okuluna Yakın Konumda","Kiralık Daire","2 + 1","100 m²","29 Yaşında","·","Kat","En Üst Kat","Muğla / Menteşe / Muslihittin Mah.","https://hecdn01.hemlak.com/mncropresize/182/137/ds01/3/1/6/2/5/2/7/4/1788617070588-47252613.jpg","","WhatsApp","","",""
"https://www.hepsiemlak.com/mugla-koycegiz-gulpinar-kiralik/daire/164376-58","1 / 24","32.000","03/09/2026","Ahmet Coşkun Gayrimenkulden Kapalı Mutfak Dubleks 2+1 Daire","Kiralık Daire","2 + 1","110 m²","11 Yaşında","·","Kat","2. Kat","Muğla / Köyceğiz / Gülpınar Mah.","https://www.hepsiemlak.com/_nuxt/8cafc93fb5c74c75e9e04e528e02ccdf.jpg","Ahmet Coşkun Gayrimenkul","WhatsApp","Ahmet
                  Coşkun","https://www.hepsiemlak.com/_nuxt/8cafc93fb5c74c75e9e04e528e02ccdf.jpg","https://www.hepsiemlak.com/_nuxt/8cafc93fb5c74c75e9e04e528e02ccdf.jpg"
"https://www.hepsiemlak.com/mugla-bodrum-tepecik-kiralik/daire/63618-2778","1 / 35","50.000","03/09/2026","Bodrum Marina'ya Yakın Kiralık Bahçe Katı Daire","Kiralık Daire","2 + 1","85 m²","6 Yaşında","·","Kat","Bahçe Katı","Muğla / Bodrum / Tepecik Mah.","https://www.hepsiemlak.com/_nuxt/8cafc93fb5c74c75e9e04e528e02ccdf.jpg","Yener Emlak","WhatsApp","Yener
                  Koçyiğit","https://www.hepsiemlak.com/_nuxt/8cafc93fb5c74c75e9e04e528e02ccdf.jpg","https://www.hepsiemlak.com/_nuxt/8cafc93fb5c74c75e9e04e528e02ccdf.jpg"
"https://www.hepsiemlak.com/mugla-marmaris-turunc-kiralik/villa/153465-111","1 / 46","540.000","02/09/2026","''ölmez Emlak'tan'' Amos Koyu'nda Uzun Dönem Kiralık Dubleks Ev.","Kiralık Villa","2 + 1","140 m²","30 Yaşında","·","Kat","","Muğla / Marmaris / Turunç Mah.","https://www.hepsiemlak.com/_nuxt/8cafc93fb5c74c75e9e04e528e02ccdf.jpg","Ölmez Real Estate & Emlak Ofisi","WhatsApp","Emre
                  Ölmez","https://www.hepsiemlak.com/_nuxt/img/no-image-user.6f6a83e.svg","https://www.hepsiemlak.com/_nuxt/8cafc93fb5c74c75e9e04e528e02ccdf.jpg"
"https://www.hepsiemlak.com/mugla-bodrum-gundogan-kiralik/villa/67324-1928","1 / 37","60.000","02/09/2026","Bodrum Gündoğan Sürekli Yaşanır Site Yeni Ve İyi Eşyalı Teraslı Villa","Kiralık Villa","3 + 1","140 m²","25 Yaşında","·","Kat","","Muğla / Bodrum / Gündoğan Mah.","https://www.hepsiemlak.com/_nuxt/8cafc93fb5c74c75e9e04e528e02ccdf.jpg","Villabodrum Emlak Gündoğan","WhatsApp","Hüseyin
                  Guner","https://www.hepsiemlak.com/_nuxt/8cafc93fb5c74c75e9e04e528e02ccdf.jpg",""
"https://www.hepsiemlak.com/mugla-milas-bogazici-kiralik/villa/54899-4061","1 / 36","260.000","08/09/2026","Helis Resıdance Denize Sıfır 3+1 Eşyalı Kiralık Villa Bodrum Adabükü","Kiralık Villa","3 + 1","175 m²","4 Yaşında","·","Kat","","Muğla / Milas / Boğaziçi Mah.","https://www.hepsiemlak.com/_nuxt/8cafc93fb5c74c75e9e04e528e02ccdf.jpg","Gümüş Gayrimenkul Yatırım Danışmanlığı","WhatsApp","","","https://www.hepsiemlak.com/_nuxt/8cafc93fb5c74c75e9e04e528e02ccdf.jpg"
"https://www.hepsiemlak.com/mugla-milas-emek-kiralik/daire/129276-745","1 / 17","27.000","02/09/2026","Emek Mahallesinde Kiralık 2+1 Daire","Kiralık Daire","2 + 1","80 m²","5 Yaşında","·","Kat","Zemin","Muğla / Milas / Emek Mah.","https://www.hepsiemlak.com/_nuxt/8cafc93fb5c74c75e9e04e528e02ccdf.jpg","Olea Emlak Danışmanlık","WhatsApp","","","https://www.hepsiemlak.com/_nuxt/8cafc93fb5c74c75e9e04e528e02ccdf.jpg"
"https://www.hepsiemlak.com/mugla-milas-meselik-kiralik/daire/158436-160","1 / 28","33.000","09/09/2026","Bodrum Milas Yolu Üzeri 2+1 2 Banyo Eşyalı Bahçe Katı Kiralık","Kiralık Daire","2 + 1","275 m²","5 Yaşında","·","Kat","Bahçe Katı","Muğla / Milas / Meşelik Mah.","https://www.hepsiemlak.com/_nuxt/8cafc93fb5c74c75e9e04e528e02ccdf.jpg","Best Boğaziçi Gayrimenkul","WhatsApp","","","https://www.hepsiemlak.com/_nuxt/8cafc93fb5c74c75e9e04e528e02ccdf.jpg"
"https://www.hepsiemlak.com/mugla-fethiye-akarca-kiralik/villa/140611-257","1 / 17","25.000","01/09/2026","Akarcada Eşyalı 1+1 Havuzlu Sitede Uzun Dönem Kiralık Daire","Kiralık Villa","1 + 1","60 m²","11 Yaşında","·","Kat","","Muğla / Fethiye / Akarca Mah.","https://www.hepsiemlak.com/_nuxt/8cafc93fb5c74c75e9e04e528e02ccdf.jpg","Golden Key Emlak","WhatsApp","","","https://www.hepsiemlak.com/_nuxt/8cafc93fb5c74c75e9e04e528e02ccdf.jpg"
"https://www.hepsiemlak.com/mugla-ortaca-terzialiler-kiralik/daire/155994-121","1 / 29","23.000","01/09/2026","Merkez 1+1 Full Eşyalı Kiralık Daire !","Kiralık Daire","1 + 1","55 m²","1 Yaşında","·","Kat","Yüksek Giriş","Muğla / Ortaca / Terzialiler Mah.","https://www.hepsiemlak.com/_nuxt/8cafc93fb5c74c75e9e04e528e02ccdf.jpg","Artı Emlak","WhatsApp","","","https://www.hepsiemlak.com/_nuxt/8cafc93fb5c74c75e9e04e528e02ccdf.jpg"
"https://www.hepsiemlak.com/mugla-milas-emek-kiralik/daire/0-47215357","1 / 17","25.000","05/09/2026","Sahibinden Kiralık 2+1 Daire","Kiralık Daire","2 + 1","90 m²","Sıfır Bina","·","Kat","Zemin","Muğla / Milas / Emek Mah.","https://www.hepsiemlak.com/_nuxt/8cafc93fb5c74c75e9e04e528e02ccdf.jpg","","WhatsApp","","",""
"https://www.hepsiemlak.com/mugla-dalaman-merkez-kiralik/daire/146387-891","1 / 18","22.000","30/08/2026","Airport Emlaktan Merkezde 1+1 Full Eşyalı Daire","Kiralık Daire","1 + 1","65 m²","3 Yaşında","·","Kat","Yüksek Giriş","Muğla / Dalaman / Merkez Mah.","https://www.hepsiemlak.com/_nuxt/8cafc93fb5c74c75e9e04e528e02ccdf.jpg","Dalaman Aırport Emlak","WhatsApp","Hakan
                  Kılavuz","https://www.hepsiemlak.com/_nuxt/8cafc93fb5c74c75e9e04e528e02ccdf.jpg","https://www.hepsiemlak.com/_nuxt/8cafc93fb5c74c75e9e04e528e02ccdf.jpg"
"https://www.hepsiemlak.com/mugla-fethiye-patlangic-kiralik/daire/153288-57","1 / 29","36.000","09/09/2026","Akdeniz Emlak'ta Taşyaka Fakülte Yanında 3+1 Kiralık Daire","Kiralık Daire","3 + 1","130 m²","10 Yaşında","·","Kat","Yüksek Giriş","Muğla / Fethiye / Patlangıç Mah.","https://www.hepsiemlak.com/_nuxt/8cafc93fb5c74c75e9e04e528e02ccdf.jpg","Akdeniz Emlak","WhatsApp","Mehmet
                  Türkmen","https://www.hepsiemlak.com/_nuxt/8cafc93fb5c74c75e9e04e528e02ccdf.jpg",""
"https://www.hepsiemlak.com/mugla-bodrum-mazikoy-kiralik/daire/0-47213471","1 / 28","27.000","29/08/2026","Mazı Sahilde Deniz Manzaralı Bahçeli Eşyalı 2+1","Kiralık Daire","2 + 1","200 m²","8 Yaşında","·","Kat","Bahçe Katı","Muğla / Bodrum / Mazıköy Mah.","https://www.hepsiemlak.com/_nuxt/8cafc93fb5c74c75e9e04e528e02ccdf.jpg","","WhatsApp","","",""
"https://www.hepsiemlak.com/mugla-koycegiz-gulpinar-kiralik/daire/144090-226","1 / 16","40.000","29/08/2026","Muğla Köyceğiz Gülpınar Mh'de Eşyalı Kiralık 2+1 Daire","Kiralık Daire","2 + 1","115 m²","16 Yaşında","·","Kat","3. Kat","Muğla / Köyceğiz / Gülpınar Mah.","https://www.hepsiemlak.com/_nuxt/8cafc93fb5c74c75e9e04e528e02ccdf.jpg","Flora Gayrimenkul","WhatsApp","","","https://www.hepsiemlak.com/_nuxt/8cafc93fb5c74c75e9e04e528e02ccdf.jpg"
"https://www.hepsiemlak.com/mugla-bodrum-turgutreis-kiralik/villa/142707-181","1 / 24","80.000","27/08/2026","Marina Karşısı","Kiralık Villa","3 + 1","190 m²","16 Yaşında","·","Kat","","Muğla / Bodrum / Turgutreis Mah.","https://www.hepsiemlak.com/_nuxt/8cafc93fb5c74c75e9e04e528e02ccdf.jpg","Bodrum Bulut Gayrimenkul","WhatsApp","Metin
                  Sucu","https://www.hepsiemlak.com/_nuxt/8cafc93fb5c74c75e9e04e528e02ccdf.jpg","https://www.hepsiemlak.com/_nuxt/8cafc93fb5c74c75e9e04e528e02ccdf.jpg"
"https://www.hepsiemlak.com/mugla-bodrum-bitez-kiralik/villa/138060-549","1 / 24","100.000","27/08/2026","Bitez Ak Sitede Büyük Bahçeli Bakımlı İkiz Villa","Kiralık Villa","3 + 1","170 m²","26 Yaşında","·","Kat","","Muğla / Bodrum / Bitez Mah.","https://www.hepsiemlak.com/_nuxt/8cafc93fb5c74c75e9e04e528e02ccdf.jpg","Bodrum’da Fırsat Gayrimenkul Danışmanlığı","WhatsApp","","","https://www.hepsiemlak.com/_nuxt/8cafc93fb5c74c75e9e04e528e02ccdf.jpg"
"https://www.hepsiemlak.com/mugla-bodrum-yahsi-kiralik/daire/136075-443","1 / 29","50.000","02/09/2026","Bodrum Yahşi'de 2. Kat Kiralık Eşyalı 2+1 Daire Deniz Manzaralı","Kiralık Daire","2 + 1","95 m²","2 Yaşında","·","Kat","2. Kat","Muğla / Bodrum / Yahşi Mah.","https://www.hepsiemlak.com/_nuxt/8cafc93fb5c74c75e9e04e528e02ccdf.jpg","İron Real Estate","WhatsApp","Fatma
                  Demir","https://www.hepsiemlak.com/_nuxt/8cafc93fb5c74c75e9e04e528e02ccdf.jpg",""
"https://www.hepsiemlak.com/mugla-mentese-dugerek-kiralik/daire/139386-760","1 / 35","56.000","27/08/2026","Muğla Orhaniye Lotus Park Eşyalı/eşyasız Kiralık 2+1 Daire","Kiralık Daire","2 + 1","90 m²","6 Yaşında","·","Kat","Bahçe Katı","Muğla / Menteşe / Düğerek Mah.","https://www.hepsiemlak.com/_nuxt/8cafc93fb5c74c75e9e04e528e02ccdf.jpg","","WhatsApp","","",""
"https://www.hepsiemlak.com/mugla-ortaca-cayli-kiralik/daire/136030-95","1 / 47","32.000","01/09/2026","Böylesi Az Bulunur","Kiralık Daire","2 + 1","95 m²","5 Yaşında","·","Kat","3. Kat","Muğla / Ortaca / Çaylı Mah.","https://www.hepsiemlak.com/_nuxt/8cafc93fb5c74c75e9e04e528e02ccdf.jpg","Ünaldı Gayrimenkul","WhatsApp","","","https://www.hepsiemlak.com/_nuxt/8cafc93fb5c74c75e9e04e528e02ccdf.jpg"
"https://www.hepsiemlak.com/mugla-datca-iskele-kiralik/daire/159258-54","1 / 23","45.000","25/08/2026","Eşyalı Kıralık 1 + 1 Daıre","Kiralık Daire","1 + 1","55 m²","5 Yaşında","·","Kat","Bahçe Katı","Muğla / Datça / İskele Mah.","https://www.hepsiemlak.com/_nuxt/8cafc93fb5c74c75e9e04e528e02ccdf.jpg","Datça Laçin Emlak","WhatsApp","","","https://www.hepsiemlak.com/_nuxt/8cafc93fb5c74c75e9e04e528e02ccdf.jpg"
"https://www.hepsiemlak.com/mugla-fethiye-kargi-kiralik/villa/0-47186981","1 / 20","125.000","27/08/2026","Fethiye Kargı - 3,5+1 - Dubleks Villa - Denize Yakın - Site","Kiralık Villa","3 + 1","190 m²","30 Yaşında","·","Kat","","Muğla / Fethiye / Kargı Mah.","","","WhatsApp","","",""
"https://www.hepsiemlak.com/mugla-marmaris-sinan-kiralik/daire/154371-93","1 / 19","50.000","25/08/2026","Sky'dan Sakin Ve Nezih Konumda Eşyalı Kiralık 2+1 Genç Daire","Kiralık Daire","2 + 1","105 m²","6 Yaşında","·","Kat","2. Kat","Muğla / Marmaris / Sinan Mah.","https://hecdnnw.hemlak.com/mncropresize/77/67/logo/1/7/3/4/5/1/1efa0019-b74f-4f1f-a4ed-5c8a1176eeef.jpg","Sky Gayrimenkul Marmaris","WhatsApp","Uluç Egemen
                  Taykurt","https://hecdnnw.hemlak.com/mncropresize/77/67/firmuser/4/5/5/0/5/3/4/c69edd0b-6fee-4b55-b9ef-c80f24762b3e.jpg",""
"https://www.hepsiemlak.com/mugla-ortaca-cayli-kiralik/daire/165426-155","1 / 35","32.000","02/09/2026","Ortaca Çaylı Mah. De 2+1 Full Eşyalı Kiralık Daire","Kiralık Daire","2 + 1","100 m²","3 Yaşında","·","Kat","3. Kat","Muğla / Ortaca / Çaylı Mah.","https://hecdnnw.hemlak.com/mncropresize/77/67/logo/6/2/4/5/6/1/21d149c4-be95-46f7-a236-2cc25b1cbd5c.jpg","Dalya Ds Gayrimenkul","WhatsApp","Dilek
                  Tümenbey","https://hecdnnw.hemlak.com/mncropresize/77/67/firmuser/1/1/6/6/1/6/4/bc7fc4c1-f9e4-497f-a4fd-1246c3612306.jpg",""
"https://www.hepsiemlak.com/mugla-ortaca-fevziye-kiralik/mustakil-ev/163462-251","1 / 26","52.000","26/08/2026","Egeport Emlaktan Fevziyede 500 M2 İçinde Havuzlu Müstakil Ev","Kiralık Müstakil Ev","3 + 1","120 m²","5 Yaşında","","","","Muğla / Ortaca / Fevziye Mah.","https://hecdn01.hemlak.com/mncropresize/182/137/ds01/1/0/2/3/8/1/7/4/aa8c9491-d9bb-4baf-8fa0-cc273ba6aafb.jpg","Egeport Emlak","WhatsApp","","","https://hecdnnw.hemlak.com/mncropresize/77/67/logo/2/6/4/3/6/1/6053366e-487b-4fe7-9a3f-1b8ff7aa5034.jpg"
"https://www.hepsiemlak.com/mugla-bodrum-koyunbaba-kiralik/villa/114553-157","1 / 41","166.000","24/08/2026","Gümüşlük'te Denize Yürüme Mesafesinde 5+1 Kiralık Müstakil Villa","Kiralık Villa","5 + 1","260 m²","3 Yaşında","·","Kat","","Muğla / Bodrum / Koyunbaba Mah.","https://www.hepsiemlak.com/_nuxt/8cafc93fb5c74c75e9e04e528e02ccdf.jpg","","WhatsApp","","",""
"https://www.hepsiemlak.com/mugla-bodrum-akyarlar-kiralik/villa/148665-210","1 / 35","90.000","28/08/2026","Aydan Aya Ödemeli Site İçi Denize 50 Metre Güvenlikli 4+1 Villa","Kiralık Villa","4 + 1","200 m²","2 Yaşında","·","Kat","","Muğla / Bodrum / Akyarlar Mah.","https://www.hepsiemlak.com/_nuxt/8cafc93fb5c74c75e9e04e528e02ccdf.jpg","Agr Group Gayrimenkul","WhatsApp","","","https://www.hepsiemlak.com/_nuxt/8cafc93fb5c74c75e9e04e528e02ccdf.jpg"
"https://www.hepsiemlak.com/mugla-bodrum-cirkan-kiralik/residence/165793-42","1 / 23","100.000","07/09/2026","Ömür'den Bodrum Konacık'ta 6+1 Mustakil Havuzlu Villa","Kiralık Residence","6 + 1","460 m²","21 Yaşında","·","Kat","Bahçe Katı","Muğla / Bodrum / Çırkan Mah.","https://www.hepsiemlak.com/_nuxt/8cafc93fb5c74c75e9e04e528e02ccdf.jpg","","WhatsApp","","",""
"https://www.hepsiemlak.com/mugla-bodrum-geris-kiralik/mustakil-ev/69532-73","1 / 28","60.000","22/08/2026","Deniz Manzaralı, Eşyalı 3+2 Dubleksözel Plaj & Havuzlu Dubleks","Kiralık Müstakil Ev","3 + 2","140 m²","26 Yaşında","·","Kat","Bahçe Katı","Muğla / Bodrum / Geriş Mah.","https://www.hepsiemlak.com/_nuxt/8cafc93fb5c74c75e9e04e528e02ccdf.jpg","Özaşkın Emlak","WhatsApp","Hürriyet
                  Günen","https://www.hepsiemlak.com/_nuxt/8cafc93fb5c74c75e9e04e528e02ccdf.jpg",""
"https://www.hepsiemlak.com/mugla-fethiye-gocek-kiralik/villa/6181-24617","1 / 35","135.000","21/08/2026","Fethiye Göcek'te Havuzlu Manzaralı Eşyalı Kiralık 4+1 Villa","Kiralık Villa","4 + 1","250 m²","5 Yaşında","·","Kat","","Muğla / Fethiye / Göcek Mah.","https://www.hepsiemlak.com/_nuxt/8cafc93fb5c74c75e9e04e528e02ccdf.jpg","Remax Beta","WhatsApp","","","https://www.hepsiemlak.com/_nuxt/8cafc93fb5c74c75e9e04e528e02ccdf.jpg"
"https://www.hepsiemlak.com/mugla-bodrum-yalikavak-kiralik/villa/153968-270","1 / 31","130.000","20/08/2026","Yalıkavak Müstakil Tek Kat Havuzlu Geniş Bahçeli Lüks Villa!","Kiralık Villa","3 + 1","155 m²","16 Yaşında","·","Kat","","Muğla / Bodrum / Yalıkavak Mah.","https://www.hepsiemlak.com/_nuxt/8cafc93fb5c74c75e9e04e528e02ccdf.jpg","Century21 Trio","WhatsApp","","","https://www.hepsiemlak.com/_nuxt/8cafc93fb5c74c75e9e04e528e02ccdf.jpg"
"https://www.hepsiemlak.com/mugla-fethiye-foca-kiralik/daire/156302-426","1 / 35","60.000","29/08/2026","Fethiye Foça Mevkii Havuzlu Eşyasız Yerden Isıtmalı Eşyasız 3+1","Kiralık Daire","3 + 1","160 m²","1 Yaşında","·","Kat","1. Kat","Muğla / Fethiye / Foça Mah.","https://www.hepsiemlak.com/_nuxt/8cafc93fb5c74c75e9e04e528e02ccdf.jpg","","WhatsApp","","",""
"https://www.hepsiemlak.com/mugla-marmaris-turgut-kiralik/daire/20802-964","1 / 58","30.000","20/08/2026","Marmaris Turgut Mahallesi Kiralık Stüdyo Daireler","Kiralık Daire","1 + 1","50 m²","6 Yaşında","·","Kat","Bahçe Katı","Muğla / Marmaris / Turgut Mah.","https://www.hepsiemlak.com/_nuxt/8cafc93fb5c74c75e9e04e528e02ccdf.jpg","Cennet Emlak","WhatsApp","Ersin Birol
                  Ergün","https://www.hepsiemlak.com/_nuxt/8cafc93fb5c74c75e9e04e528e02ccdf.jpg","https://www.hepsiemlak.com/_nuxt/8cafc93fb5c74c75e9e04e528e02ccdf.jpg"
"https://www.hepsiemlak.com/mugla-dalaman-altintas-kiralik/daire/142656-330","1 / 16","33.000","18/08/2026","Dalaman'da Kiralık 2+1 Çatı Dubleks Daire","Kiralık Daire","2 + 1","168 m²","2 Yaşında","·","Kat","Çatı Katı","Muğla / Dalaman / Altıntas Mah.","https://www.hepsiemlak.com/_nuxt/8cafc93fb5c74c75e9e04e528e02ccdf.jpg","Evin Gayrimenkul","WhatsApp","","","https://www.hepsiemlak.com/_nuxt/8cafc93fb5c74c75e9e04e528e02ccdf.jpg"
"https://www.hepsiemlak.com/mugla-ortaca-yerbelen-kiralik/daire/151003-244","1 / 35","25.000","20/08/2026","Rotam Emlaktan Ortacada Müstakil Tadında 3+1 Geniş Kiralık Daire","Kiralık Daire","3 + 1","135 m²","11 Yaşında","·","Kat","Yüksek Giriş","Muğla / Ortaca / Yerbelen Mah.","https://www.hepsiemlak.com/_nuxt/8cafc93fb5c74c75e9e04e528e02ccdf.jpg","Rotam Emlak","WhatsApp","Hülya
                  Aşiroğlu","https://www.hepsiemlak.com/_nuxt/8cafc93fb5c74c75e9e04e528e02ccdf.jpg","https://www.hepsiemlak.com/_nuxt/8cafc93fb5c74c75e9e04e528e02ccdf.jpg"
"https://www.hepsiemlak.com/mugla-bodrum-carsi-kiralik/daire/162504-14","1 / 36","100.000","28/08/2026","Bodrum Merkez Çarşı'da 3+1 Kiralık Boş Yeni Bahçe Katı","Kiralık Daire","3 + 1","180 m²","1 Yaşında","·","Kat","Bahçe Katı","Muğla / Bodrum / Çarşı Mah.","https://www.hepsiemlak.com/_nuxt/8cafc93fb5c74c75e9e04e528e02ccdf.jpg","","WhatsApp","","",""
"https://www.hepsiemlak.com/mugla-dalaman-karacali-kiralik/daire/171087-1","1 / 22","25.000","27/08/2026","Dalaman Merkezde Kiralık 2+1 Dubleks Daire","Kiralık Daire","2 + 1","95 m²","8 Yaşında","·","Kat","3. Kat","Muğla / Dalaman / Karaçalı Mah.","https://www.hepsiemlak.com/_nuxt/8cafc93fb5c74c75e9e04e528e02ccdf.jpg","Ayyıldız İnşaat Emlak","WhatsApp","","","https://www.hepsiemlak.com/_nuxt/8cafc93fb5c74c75e9e04e528e02ccdf.jpg"
"https://www.hepsiemlak.com/mugla-dalaman-karacali-kiralik/daire/140221-396","1 / 32","35.000","14/08/2026","Lider'den Karaçalı'da *kapalı Mutfak*3+1 Daire","Kiralık Daire","3 + 1","175 m²","4 Yaşında","·","Kat","1. Kat","Muğla / Dalaman / Karaçalı Mah.","https://www.hepsiemlak.com/_nuxt/8cafc93fb5c74c75e9e04e528e02ccdf.jpg","Lider Emlak","WhatsApp","","","https://www.hepsiemlak.com/_nuxt/8cafc93fb5c74c75e9e04e528e02ccdf.jpg"
"https://www.hepsiemlak.com/mugla-datca-datca-kiralik/daire/155312-109","1 / 15","40.000","02/09/2026","Turyap Fns Den Kiralık Dublex Daire","Kiralık Daire","3 + 1","150 m²","6 Yaşında","·","Kat","2. Kat","Muğla / Datça / Datça Mah.","https://www.hepsiemlak.com/_nuxt/8cafc93fb5c74c75e9e04e528e02ccdf.jpg","Turyap Fns","WhatsApp","","","https://www.hepsiemlak.com/_nuxt/8cafc93fb5c74c75e9e04e528e02ccdf.jpg"
"https://www.hepsiemlak.com/mugla-bodrum-golbasi-kiralik/villa/166435-88","1 / 34","45.000","12/08/2026","Acrapol Mumcular Greenlife Ta Kiralık Villa","Kiralık Villa","3 + 1","97 m²","Sıfır Bina","·","Kat","Bahçe Katı","Muğla / Bodrum / Gölbaşı Mah.","https://www.hepsiemlak.com/_nuxt/8cafc93fb5c74c75e9e04e528e02ccdf.jpg","Delal Kılıç İnvest","WhatsApp","","","https://www.hepsiemlak.com/_nuxt/8cafc93fb5c74c75e9e04e528e02ccdf.jpg"
"https://www.hepsiemlak.com/mugla-dalaman-atakent-kiralik/daire/170150-57","1 / 23","28.000","02/09/2026","Dalaman Atakent Lüx Sitede Kiralık Havuzlu 2+1 Daire","Kiralık Daire","2 + 1","100 m²","2 Yaşında","·","Kat","2. Kat","Muğla / Dalaman / Atakent Mah.","https://www.hepsiemlak.com/_nuxt/8cafc93fb5c74c75e9e04e528e02ccdf.jpg","","WhatsApp","","",""
"https://www.hepsiemlak.com/mugla-ortaca-karaburun-kiralik/daire/163837-643","1 / 46","30.000","08/09/2026","Adress Ailesi'nden Karaburun Mh. 2+1 Eşyalı Daire","Kiralık Daire","2 + 1","90 m²","5 Yaşında","·","Kat","Yüksek Giriş","Muğla / Ortaca / Karaburun Mah.","https://www.hepsiemlak.com/_nuxt/8cafc93fb5c74c75e9e04e528e02ccdf.jpg","Adress Ailesi Emlak Danışmanlığı","WhatsApp","","","https://www.hepsiemlak.com/_nuxt/8cafc93fb5c74c75e9e04e528e02ccdf.jpg"
"https://www.hepsiemlak.com/mugla-bodrum-dirmil-kiralik/daire/163846-68","1 / 32","50.000","03/09/2026","Yalıkavak Dirmil Denize 300 Metre Full Eşyalı Full Manzara","Kiralık Daire","2 + 1","88 m²","6 Yaşında","·","Kat","2. Kat","Muğla / Bodrum / Dirmil Mah.","https://www.hepsiemlak.com/_nuxt/8cafc93fb5c74c75e9e04e528e02ccdf.jpg","Aes Gayrimenkul","WhatsApp","","","https://www.hepsiemlak.com/_nuxt/8cafc93fb5c74c75e9e04e528e02ccdf.jpg"
"https://www.hepsiemlak.com/mugla-fethiye-oludeniz-kiralik/villa/91821-173","1 / 47","922.000","01/09/2026","Gary Christina Lngt","Kiralık Villa","4 + 1","180 m²","15 Yaşında","·","Kat","","Muğla / Fethiye / Ölüdeniz Mah.","https://www.hepsiemlak.com/_nuxt/8cafc93fb5c74c75e9e04e528e02ccdf.jpg","Paradıse Homes Turkey","WhatsApp","Hasan
                  Aşkın","https://www.hepsiemlak.com/_nuxt/8cafc93fb5c74c75e9e04e528e02ccdf.jpg","https://www.hepsiemlak.com/_nuxt/8cafc93fb5c74c75e9e04e528e02ccdf.jpg"
"https://www.hepsiemlak.com/mugla-milas-oren-kiralik/villa/168870-14","1 / 31","9.500","19/08/2026","Ören'de Deniz Manzaralı Günlük Kiralık Dublex Villa","Kiralık Villa","3 + 1","150 m²","Sıfır Bina","·","Kat","","Muğla / Milas / Ören Mah.","https://www.hepsiemlak.com/_nuxt/8cafc93fb5c74c75e9e04e528e02ccdf.jpg","Von Plus","WhatsApp","","","https://www.hepsiemlak.com/_nuxt/8cafc93fb5c74c75e9e04e528e02ccdf.jpg"
"https://www.hepsiemlak.com/mugla-bodrum-dirmil-kiralik/villa/72817-733","1 / 52","175.000","07/09/2026","Bodrum Yalıkavak Plajlı Sitede 3+1,160 M2,Deniz Manzaralı,Bahçeli Kiralık Lux Eşyalı Dubleks","Kiralık Villa","3 + 1","250 m²","10 Yaşında","·","Kat","","Muğla / Bodrum / Dirmil Mah.","","","WhatsApp","","",""
"https://www.hepsiemlak.com/mugla-bodrum-dirmil-kiralik/daire/56203-4940","1 / 34","150.000","09/09/2026","Bodrum Yalıkavak Denize Sıfır Yazlık Kiralık Eşyalı 2+1 Daire","Kiralık Daire","2 + 1","95 m²","11 Yaşında","·","Kat","Bahçe Katı","Muğla / Bodrum / Dirmil Mah.","https://hecdnnw.hemlak.com/mncropresize/77/67/logo/3/0/2/6/5/0/88e2fe86-2580-498e-bd11-a051e000e784.jpg","Yalıhan Emlak","WhatsApp","","",""
"https://www.hepsiemlak.com/mugla-fethiye-ciftlik-kiralik/villa/116316-395","1 / 34","120.000","19/08/2026","Fethiye Çalış Kiralık 4+1 Tamamen Müstakil Tripleks Villa","Kiralık Villa","4 + 1","200 m²","1 Yaşında","·","Kat","Bahçe Katı","Muğla / Fethiye / Çiftlik Mah.","https://hecdnnw.hemlak.com/mncropresize/77/67/logo/6/1/3/6/1/1/59d95cb7-c7ac-4f76-b85d-94e289960c6b.jpg","Cansoy Yatırım Emlak","WhatsApp","","",""
"https://www.hepsiemlak.com/mugla-bodrum-yalikavak-kiralik/villa/64802-7190","1 / 26","75.000","08/09/2026","Bodrum Yalıkavak Geriş De 3+1 Müstakıl Deniz Manzaralı Full Eşyalı 10 Aylık Kiralıktır","Kiralık Villa","3 + 1","351 m²","10 Yaşında","·","Kat","","Muğla / Bodrum / Yalıkavak Mah.","https://hecdn01.hemlak.com/mncropresize/182/137/ds01/0/9/8/8/0/7/6/4/1780734306-8915849-46708890.jpeg","Hedef Gayrimenkul","WhatsApp","","","https://hecdnnw.hemlak.com/mncropresize/77/67/logo/2/0/8/4/6/0/174435d7-6f3a-4252-be86-4143e90e9fba.jpg"
"https://www.hepsiemlak.com/mugla-fethiye-patlangic-kiralik/daire/148225-1668","1 / 29","30.000","07/09/2026","Goldhouse Dan Kiralık Patlangıç Da Geniş Ayrı Mutfaklı Eşyasız 2+1 Daire","Kiralık Daire","2 + 1","130 m²","20 Yaşında","·","Kat","2. Kat","Muğla / Fethiye / Patlangıç Mah.","https://www.hepsiemlak.com/_nuxt/8cafc93fb5c74c75e9e04e528e02ccdf.jpg","Gold House Gayrimenkul Danışmanlık","WhatsApp","","","https://www.hepsiemlak.com/_nuxt/8cafc93fb5c74c75e9e04e528e02ccdf.jpg"
"https://www.hepsiemlak.com/mugla-mentese-orhaniye-kiralik/daire/7027-1511","1 / 18","45.000","07/09/2026","Karia Gökkuşağı Sitesi'nde Kiralık 1+1 Eşyalı Daire","Kiralık Daire","1 + 1","90 m²","16 Yaşında","·","Kat","3. Kat","Muğla / Menteşe / Orhaniye Mah.","https://www.hepsiemlak.com/_nuxt/8cafc93fb5c74c75e9e04e528e02ccdf.jpg","Tunç Emlak","WhatsApp","","","https://www.hepsiemlak.com/_nuxt/8cafc93fb5c74c75e9e04e528e02ccdf.jpg"
"https://www.hepsiemlak.com/mugla-bodrum-akyarlar-kiralik/yazlik/110538-4815","1 / 33","350.000","08/09/2026","Bodrum Akyarlar Tek Sıtesı'nde Denize Sıfır Kiralık Villa","Kiralık Yazlık","2 + 1","140 m²","30 Yaşında","·","Kat","Villa Katı","Muğla / Bodrum / Akyarlar Mah.","https://www.hepsiemlak.com/_nuxt/8cafc93fb5c74c75e9e04e528e02ccdf.jpg","Remax Note","WhatsApp","","","https://www.hepsiemlak.com/_nuxt/8cafc93fb5c74c75e9e04e528e02ccdf.jpg"
"https://www.hepsiemlak.com/mugla-yatagan-dere-kiralik/daire/147863-97","1 / 14","25.000","01/09/2026","Eşyalı 1+0 Elektirik Su Isınma Ve İnternet Dahil Yatağan Muğla","Kiralık Daire","Stüdyo","40 m²","Sıfır Bina","·","Kat","Bahçe Katı","Muğla / Yatağan / Dere Mah.","https://www.hepsiemlak.com/_nuxt/8cafc93fb5c74c75e9e04e528e02ccdf.jpg","Karakoç Emlak","WhatsApp","","","https://www.hepsiemlak.com/_nuxt/8cafc93fb5c74c75e9e04e528e02ccdf.jpg"
"https://www.hepsiemlak.com/mugla-milas-cumhuriyet-kiralik/villa/0-47144649","1 / 14","55.000","24/08/2026","Muğla-Milas'ta Sahibinden Kiralık Köşe Parsel Triplex Villa 🏡","Kiralık Villa","4 + 2","300 m²","20 Yaşında","·","Kat","","Muğla / Milas / Cumhuriyet Mah.","https://www.hepsiemlak.com/_nuxt/8cafc93fb5c74c75e9e04e528e02ccdf.jpg","","WhatsApp","","",""
"https://www.hepsiemlak.com/mugla-dalaman-karacali-kiralik/daire/92095-694","1 / 28","25.500","31/08/2026","Dalamanın En Gözde Sitesi Saklıbahçe De 1+1 Havuzlu Kiralık","Kiralık Daire","1 + 1","60 m²","3 Yaşında","·","Kat","2. Kat","Muğla / Dalaman / Karaçalı Mah.","https://www.hepsiemlak.com/_nuxt/8cafc93fb5c74c75e9e04e528e02ccdf.jpg","Aryana Emlak","WhatsApp","","","https://www.hepsiemlak.com/_nuxt/8cafc93fb5c74c75e9e04e528e02ccdf.jpg"
"https://www.hepsiemlak.com/mugla-ula-akyaka-kiralik/daire/6310-19941","1 / 32","80.000","26/08/2026","Muğlanın  Ula İlçesi Akyakada Esentepe Mevki 3+1 Mobilyalı Havuzlu Villa","Kiralık Daire","3 + 1","110 m²","15 Yaşında","·","Kat","Villa Katı","Muğla / Ula / Akyaka Mah.","https://www.hepsiemlak.com/_nuxt/8cafc93fb5c74c75e9e04e528e02ccdf.jpg","Onur Emlak Dikmen","WhatsApp","Banu
                  Ülkü","https://www.hepsiemlak.com/_nuxt/8cafc93fb5c74c75e9e04e528e02ccdf.jpg","https://www.hepsiemlak.com/_nuxt/8cafc93fb5c74c75e9e04e528e02ccdf.jpg"
"https://www.hepsiemlak.com/mugla-fethiye-esenkoy-kiralik/daire/153705-262","1 / 14","20.000","04/09/2026","Fethiye Esenköy Bademli Mahallesinde 2+1 Uzun Dönem Kiralık Daire","Kiralık Daire","2 + 1","80 m²","15 Yaşında","·","Kat","2. Kat","Muğla / Fethiye / Esenköy Mah.","https://www.hepsiemlak.com/_nuxt/8cafc93fb5c74c75e9e04e528e02ccdf.jpg","Çarşı Emlak","WhatsApp","","","https://www.hepsiemlak.com/_nuxt/8cafc93fb5c74c75e9e04e528e02ccdf.jpg"
"https://www.hepsiemlak.com/mugla-bodrum-karabag-kiralik/daire/147434-287","1 / 13","40.000","01/09/2026","Turgutreis Yakaarasında 3+1 Çift Banyolu,Teraslı Üst Dublex.","Kiralık Daire","3 + 1","130 m²","16 Yaşında","·","Kat","2. Kat","Muğla / Bodrum / Karabağ Mah.","https://www.hepsiemlak.com/_nuxt/8cafc93fb5c74c75e9e04e528e02ccdf.jpg","","WhatsApp","","",""
"https://www.hepsiemlak.com/mugla-koycegiz-toparlar-kiralik/daire/63057-697","1 / 17","31.000","05/09/2026","Köyceğiz Toparlar Mahallesi'nde 3+1 Dubleks Kiralık Daire","Kiralık Daire","3 + 1","135 m²","2 Yaşında","·","Kat","2. Kat","Muğla / Köyceğiz / Toparlar Mah.","https://www.hepsiemlak.com/_nuxt/8cafc93fb5c74c75e9e04e528e02ccdf.jpg","Hakan' S Emlak","WhatsApp","Hakan
                  Ertuğrul","https://www.hepsiemlak.com/_nuxt/8cafc93fb5c74c75e9e04e528e02ccdf.jpg","https://www.hepsiemlak.com/_nuxt/8cafc93fb5c74c75e9e04e528e02ccdf.jpg"
"https://www.hepsiemlak.com/mugla-bodrum-yakakoy-kiralik/mustakil-ev/65421-1587","1 / 14","60.000","06/09/2026","Bodrum Yaka Müstakil Eşyalı Tek Kat","Kiralık Müstakil Ev","2 + 1","80 m²","10 Yaşında","·","Kat","","Muğla / Bodrum / Yakaköy Mah.","https://www.hepsiemlak.com/_nuxt/8cafc93fb5c74c75e9e04e528e02ccdf.jpg","Bodrum Kule Emlak","WhatsApp","Nihal
                  Sakarya","https://www.hepsiemlak.com/_nuxt/8cafc93fb5c74c75e9e04e528e02ccdf.jpg","https://www.hepsiemlak.com/_nuxt/8cafc93fb5c74c75e9e04e528e02ccdf.jpg"
"https://www.hepsiemlak.com/mugla-ula-gokova-kiralik/mustakil-ev/98517-63","1 / 12","40.000","08/09/2026","Gökova'da Müstakil Girişli 3+1 Boş Triplexs Kiralık","Kiralık Müstakil Ev","3 + 1","80 m²","5 Yaşında","","","","Muğla / Ula / Gökova Mah.","https://www.hepsiemlak.com/_nuxt/8cafc93fb5c74c75e9e04e528e02ccdf.jpg","Gökova Emlak","WhatsApp","Yılmaz
                  Arslan","https://www.hepsiemlak.com/_nuxt/8cafc93fb5c74c75e9e04e528e02ccdf.jpg",""
"https://www.hepsiemlak.com/mugla-milas-cumhuriyet-kiralik/daire/17046-712","1 / 24","33.000","07/09/2026","Merkezi Konum","Kiralık Daire","3 + 1","160 m²","16 Yaşında","·","Kat","3. Kat","Muğla / Milas / Cumhuriyet Mah.","https://www.hepsiemlak.com/_nuxt/8cafc93fb5c74c75e9e04e528e02ccdf.jpg","Uzay Emlak","WhatsApp","","","https://www.hepsiemlak.com/_nuxt/8cafc93fb5c74c75e9e04e528e02ccdf.jpg"
"https://www.hepsiemlak.com/mugla-ortaca-sarigerme-kiralik/daire/167951-180","1 / 20","40.000","04/09/2026","Airport Emlaktan Sarıgermede 2+1 Eşyalı Daire","Kiralık Daire","2 + 1","95 m²","6 Yaşında","·","Kat","Zemin","Muğla / Ortaca / Sarıgerme Mah.","https://www.hepsiemlak.com/_nuxt/8cafc93fb5c74c75e9e04e528e02ccdf.jpg","Airport Emlak","WhatsApp","","","https://www.hepsiemlak.com/_nuxt/8cafc93fb5c74c75e9e04e528e02ccdf.jpg"
"https://www.hepsiemlak.com/mugla-fethiye-kargi-kiralik/mustakil-ev/135231-2915","1 / 19","35.000","03/09/2026","Stop’tan Kargı’da Müstakil, Havuzlu Ve Eşyalı 2+1 Kiralık Daire","Kiralık Müstakil Ev","2 + 1","75 m²","6 Yaşında","·","Kat","","Muğla / Fethiye / Kargı Mah.","https://www.hepsiemlak.com/_nuxt/8cafc93fb5c74c75e9e04e528e02ccdf.jpg","Stop Gayrimenkul","WhatsApp","","","https://www.hepsiemlak.com/_nuxt/8cafc93fb5c74c75e9e04e528e02ccdf.jpg"
"https://www.hepsiemlak.com/mugla-bodrum-peksimet-kiralik/daire/135522-530","1 / 16","40.000","02/09/2026","Gümüşlük-Peksimet 2+1 Üst Kat Daire","Kiralık Daire","2 + 1","90 m²","6 Yaşında","·","Kat","3. Kat","Muğla / Bodrum / Peksimet Mah.","https://www.hepsiemlak.com/_nuxt/8cafc93fb5c74c75e9e04e528e02ccdf.jpg","Yükselen Gayrimenkul","WhatsApp","","","https://www.hepsiemlak.com/_nuxt/8cafc93fb5c74c75e9e04e528e02ccdf.jpg"
"https://www.hepsiemlak.com/mugla-ula-demirtas-kiralik/daire/138390-225","1 / 26","22.000","02/09/2026","Vizyon'da Çarşı Merkezinde Kiralık 1+1 Eşyalı Daire 22.000 Tl","Kiralık Daire","1 + 1","50 m²","6 Yaşında","·","Kat","2. Kat","Muğla / Ula / Demirtaş Mah.","https://www.hepsiemlak.com/_nuxt/8cafc93fb5c74c75e9e04e528e02ccdf.jpg","Vizyon Gayrimenkul","WhatsApp","","","https://www.hepsiemlak.com/_nuxt/8cafc93fb5c74c75e9e04e528e02ccdf.jpg"
"https://www.hepsiemlak.com/mugla-fethiye-pazaryeri-kiralik/daire/137352-290","1 / 40","30.000","02/09/2026","Patlangıç Karapınarda Eşyalı Orta Kat Kiralık 2+1 Daire","Kiralık Daire","2 + 1","100 m²","5 Yaşında","·","Kat","2. Kat","Muğla / Fethiye / Pazaryeri Mah.","https://www.hepsiemlak.com/_nuxt/8cafc93fb5c74c75e9e04e528e02ccdf.jpg","İdeal Emlak","WhatsApp","","","https://www.hepsiemlak.com/_nuxt/8cafc93fb5c74c75e9e04e528e02ccdf.jpg"
"https://www.hepsiemlak.com/mugla-bodrum-eskicesme-kiralik/villa/6449-2066","1 / 35","100.000","03/09/2026","️s-A-K-A-L-L-I-Dan Eskiçeşmede Özel Havuzlu Eşyalı Kiralık Villa","Kiralık Villa","3 + 1","200 m²","16 Yaşında","·","Kat","","Muğla / Bodrum / Eskiçeşme Mah.","https://www.hepsiemlak.com/_nuxt/8cafc93fb5c74c75e9e04e528e02ccdf.jpg","","WhatsApp","","",""
"https://www.hepsiemlak.com/mugla-fethiye-inlice-kiralik/daire/147812-191","1 / 19","28.000","05/09/2026","Fethiye İnlice'de Kiralık Eşyasız 2+1 Yaşam Alanı","Kiralık Daire","2 + 1","120 m²","16 Yaşında","·","Kat","2. Kat","Muğla / Fethiye / İnlice Mah.","https://www.hepsiemlak.com/_nuxt/8cafc93fb5c74c75e9e04e528e02ccdf.jpg","","WhatsApp","","",""
"https://www.hepsiemlak.com/mugla-milas-haciabti-kiralik/daire/165164-93","1 / 22","30.000","31/08/2026","Novari'den Hacıabti Kiralık 3+1 Geniş Kapalı Mutfak - Doğalgaz","Kiralık Daire","3 + 1","140 m²","11 Yaşında","·","Kat","2. Kat","Muğla / Milas / Hacıabti Mah.","https://hecdnnw.hemlak.com/mncropresize/77/67/firmuser/9/9/9/5/0/6/4/01710c34-51b7-4d51-a529-644674a35da8.jpg","Novari Gayrimenkul","WhatsApp","Veli
                  Zorlu","https://hecdnnw.hemlak.com/mncropresize/77/67/logo/4/6/1/5/6/1/33329e88-4753-4a76-9177-2b0cdb193fae.jpg",""
"https://www.hepsiemlak.com/mugla-dalaman-hurriyet-kiralik/daire/167148-35","1 / 21","30.000","28/08/2026","Dalaman Hürriyet Mevkiinde Haziran Ayına Kadar Kiralık Eşyalı 2+1 Havuzlu Daire","Kiralık Daire","2 + 1","85 m²","6 Yaşında","·","Kat","Yüksek Giriş","Muğla / Dalaman / Hürriyet Mah.","","Güvendesin Emlak","WhatsApp","Mehmet
                  Güven","https://hecdnnw.hemlak.com/mncropresize/77/67/firmuser/7/1/5/7/5/6/4/8fda558f-1209-4d12-8f6a-63be9e598e8f.jpg",""
"https://www.hepsiemlak.com/mugla-mentese-orhaniye-kiralik/daire/139386-757","1 / 25","50.000","26/08/2026","Muğla Orhaniye Mahallesinde Kiralık 3+1 Ara Kat Daire","Kiralık Daire","3 + 1","149 m²","16 Yaşında","·","Kat","3. Kat","Muğla / Menteşe / Orhaniye Mah.","","","WhatsApp","","",""
"https://www.hepsiemlak.com/mugla-milas-bogazici-kiralik/villa/134350-161","1 / 18","51.000","09/09/2026","Boğaziçi Mavihisar Sitesi Full Deniz Manzaralı Eşyalı 2+1 Villa","Kiralık Villa","2 + 1","90 m²","16 Yaşında","·","Kat","","Muğla / Milas / Boğaziçi Mah.","https://hecdn01.hemlak.com/mncropresize/182/137/ds01/5/7/1/5/8/1/7/4/cf1baa60-1b11-4894-ab75-3bed26bae774.jpg","Rebodrum Gayrimenkul","WhatsApp","","","https://hecdnnw.hemlak.com/mncropresize/77/67/logo/0/5/3/4/3/1/87e4cc4b-d639-4e71-a46d-07a82d2287c4.jpg"
"https://www.hepsiemlak.com/mugla-bodrum-bitez-kiralik/daire/138060-547","1 / 28","120.000","30/08/2026","Bodrum Bitez Asarlık Kiralık Eşyalı 4+1 Bahçe Dubleks","Kiralık Daire","4 + 1","200 m²","6 Yaşında","·","Kat","Bahçe Katı","Muğla / Bodrum / Bitez Mah.","https://www.hepsiemlak.com/_nuxt/8cafc93fb5c74c75e9e04e528e02ccdf.jpg","Bodrum’da Fırsat Gayrimenkul Danışmanlığı","WhatsApp","","","https://www.hepsiemlak.com/_nuxt/8cafc93fb5c74c75e9e04e528e02ccdf.jpg"
"https://www.hepsiemlak.com/mugla-fethiye-cami-kiralik/daire/130116-617","1 / 17","30.000","31/08/2026","Cami Mahallesi Yüksek Giriş Uzun Dönem Kiralık Geniş 2+1","Kiralık Daire","2 + 1","110 m²","10 Yaşında","·","Kat","Yüksek Giriş","Muğla / Fethiye / Cami Mah.","https://www.hepsiemlak.com/_nuxt/8cafc93fb5c74c75e9e04e528e02ccdf.jpg","Ladin Property","WhatsApp","","","https://www.hepsiemlak.com/_nuxt/8cafc93fb5c74c75e9e04e528e02ccdf.jpg"
"https://www.hepsiemlak.com/mugla-seydikemer-cumhuriyet-kiralik/daire/150925-768","1 / 21","18.000","09/09/2026","🏡 Seydikemer Cumhuriyet Mahallesi’nde 2+1 Kiralık Daire!","Kiralık Daire","2 + 1","95 m²","5 Yaşında","·","Kat","Giriş Katı","Muğla / Seydikemer / Cumhuriyet Mah.","https://www.hepsiemlak.com/_nuxt/8cafc93fb5c74c75e9e04e528e02ccdf.jpg","Uğur Emlak Seydikemer","WhatsApp","","","https://www.hepsiemlak.com/_nuxt/8cafc93fb5c74c75e9e04e528e02ccdf.jpg"
"https://www.hepsiemlak.com/mugla-ortaca-terzialiler-kiralik/daire/37227-3151","1 / 50","19.000","09/09/2026","Ortaca Merkezde Kiralık 2+1 Bakımlı 4.Kat Daire","Kiralık Daire","2 + 1","115 m²","18 Yaşında","·","Kat","4. Kat","Muğla / Ortaca / Terzialiler Mah.","https://www.hepsiemlak.com/_nuxt/8cafc93fb5c74c75e9e04e528e02ccdf.jpg","Çolakoğlu","WhatsApp","Cihangir
                  Dalgıç","https://www.hepsiemlak.com/_nuxt/8cafc93fb5c74c75e9e04e528e02ccdf.jpg",""
"https://www.hepsiemlak.com/mugla-bodrum-gumusluk-kiralik/villa/148665-209","1 / 18","70.000","24/08/2026","3+1 Müstakil Havuzlu Güvenlikli/havuzlu Site İçi Villa !","Kiralık Villa","3 + 1","150 m²","2 Yaşında","·","Kat","","Muğla / Bodrum / Gümüşlük Mah.","https://www.hepsiemlak.com/_nuxt/8cafc93fb5c74c75e9e04e528e02ccdf.jpg","Agr Group Gayrimenkul","WhatsApp","","","https://www.hepsiemlak.com/_nuxt/8cafc93fb5c74c75e9e04e528e02ccdf.jpg"
"https://www.hepsiemlak.com/mugla-fethiye-karaculha-kiralik/daire/139822-272","1 / 31","35.000","31/08/2026","Fethiye Karaçulhada Kiralık 3+1 110m2 Eşyalı Havuzlu Daire","Kiralık Daire","3 + 1","120 m²","4 Yaşında","·","Kat","2. Kat","Muğla / Fethiye / Karaçulha Mah.","https://www.hepsiemlak.com/_nuxt/8cafc93fb5c74c75e9e04e528e02ccdf.jpg","Fethiye Emlak","WhatsApp","İsa
                  Öztok","https://www.hepsiemlak.com/_nuxt/8cafc93fb5c74c75e9e04e528e02ccdf.jpg",""
"https://www.hepsiemlak.com/mugla-dalaman-altintas-kiralik/daire/163824-148","1 / 24","23.000","29/08/2026","Poyraz Emlak|doğa Park Sitesinde Geniş Balkonlu 1+1 Daire","Kiralık Daire","1 + 1","60 m²","6 Yaşında","·","Kat","1. Kat","Muğla / Dalaman / Altıntas Mah.","https://www.hepsiemlak.com/_nuxt/8cafc93fb5c74c75e9e04e528e02ccdf.jpg","Poyraz Emlak","WhatsApp","Koray
                  Bütüner","https://www.hepsiemlak.com/_nuxt/img/no-image-user.6f6a83e.svg","https://www.hepsiemlak.com/_nuxt/8cafc93fb5c74c75e9e04e528e02ccdf.jpg"
"https://www.hepsiemlak.com/mugla-marmaris-turgut-kiralik/daire/20802-963","1 / 37","35.000","31/08/2026","Marmaris Turgut Mahallesi Merkezinde 2+1 Kiralık Daire","Kiralık Daire","2 + 1","100 m²","3 Yaşında","·","Kat","Bahçe Katı","Muğla / Marmaris / Turgut Mah.","https://www.hepsiemlak.com/_nuxt/8cafc93fb5c74c75e9e04e528e02ccdf.jpg","Cennet Emlak","WhatsApp","Ersin Birol
                  Ergün","https://www.hepsiemlak.com/_nuxt/8cafc93fb5c74c75e9e04e528e02ccdf.jpg","https://www.hepsiemlak.com/_nuxt/8cafc93fb5c74c75e9e04e528e02ccdf.jpg"
"https://www.hepsiemlak.com/mugla-marmaris-siteler-kiralik/daire/154371-92","1 / 17","90.000","19/08/2026","Marmaris Sitelerde Denize Sıfır Eşyalı 2+1 Kiralık Daire","Kiralık Daire","2 + 1","120 m²","21 Yaşında","·","Kat","3. Kat","Muğla / Marmaris / Siteler Mah.","https://www.hepsiemlak.com/_nuxt/8cafc93fb5c74c75e9e04e528e02ccdf.jpg","Sky Gayrimenkul Marmaris","WhatsApp","Uluç Egemen
                  Taykurt","https://www.hepsiemlak.com/_nuxt/8cafc93fb5c74c75e9e04e528e02ccdf.jpg","https://www.hepsiemlak.com/_nuxt/8cafc93fb5c74c75e9e04e528e02ccdf.jpg"
"https://www.hepsiemlak.com/mugla-milas-meselik-kiralik/daire/158436-152","1 / 24","23.500","29/08/2026","Muğla Milas Meşelik Göl Havuz Doğa Manzaralı Kiralık 1+1 Daire","Kiralık Daire","1 + 1","62 m²","6 Yaşında","·","Kat","3. Kat","Muğla / Milas / Meşelik Mah.","https://www.hepsiemlak.com/_nuxt/8cafc93fb5c74c75e9e04e528e02ccdf.jpg","Best Boğaziçi Gayrimenkul","WhatsApp","","","https://www.hepsiemlak.com/_nuxt/8cafc93fb5c74c75e9e04e528e02ccdf.jpg"
"https://www.hepsiemlak.com/mugla-datca-iskele-kiralik/daire/18454-775","1 / 47","41.000","09/09/2026","Datça İskele Mh Teraslı Yıllık Kiralık Eşyalı 3+1 Dubleks Daire","Kiralık Daire","3 + 1","95 m²","6 Yaşında","·","Kat","2. Kat","Muğla / Datça / İskele Mah.","https://www.hepsiemlak.com/_nuxt/8cafc93fb5c74c75e9e04e528e02ccdf.jpg","Canbey Emlak Datça","WhatsApp","","","https://www.hepsiemlak.com/_nuxt/8cafc93fb5c74c75e9e04e528e02ccdf.jpg"
"https://www.hepsiemlak.com/mugla-fethiye-tuzla-kiralik/daire/156302-422","1 / 15","35.000","17/08/2026","Tuzla Mahallesi'nde Ara Kat 2+1 Kiralık Daire","Kiralık Daire","2 + 1","75 m²","5 Yaşında","·","Kat","Ara Kat","Muğla / Fethiye / Tuzla Mah.","https://www.hepsiemlak.com/_nuxt/8cafc93fb5c74c75e9e04e528e02ccdf.jpg","","WhatsApp","","",""
"https://www.hepsiemlak.com/mugla-marmaris-kemeralti-kiralik/daire/84388-1081","1 / 42","75.000","26/08/2026","Marmaris Merkezde Asansörlü Yeni Binada 3+1 Kiralık Geniş Dubleks Daire","Kiralık Daire","3 + 1","160 m²","7 Yaşında","·","Kat","2. Kat","Muğla / Marmaris / Kemeraltı Mah.","https://www.hepsiemlak.com/_nuxt/8cafc93fb5c74c75e9e04e528e02ccdf.jpg","Step İn Gayrimenkul","WhatsApp","","","https://www.hepsiemlak.com/_nuxt/8cafc93fb5c74c75e9e04e528e02ccdf.jpg"
"https://www.hepsiemlak.com/mugla-dalaman-hurriyet-kiralik/daire/146387-868","1 / 17","32.000","14/08/2026","Airport Emlak'tan Dalaman Hürriyet 2+1 Eşyalı Havuzlu Kiralık !","Kiralık Daire","2 + 1","100 m²","6 Yaşında","·","Kat","3. Kat","Muğla / Dalaman / Hürriyet Mah.","https://www.hepsiemlak.com/_nuxt/8cafc93fb5c74c75e9e04e528e02ccdf.jpg","Dalaman Aırport Emlak","WhatsApp","Hakan
                  Kılavuz","https://www.hepsiemlak.com/_nuxt/8cafc93fb5c74c75e9e04e528e02ccdf.jpg","https://www.hepsiemlak.com/_nuxt/8cafc93fb5c74c75e9e04e528e02ccdf.jpg"
"https://www.hepsiemlak.com/mugla-milas-dorttepe-kiralik/daire/129276-743","1 / 15","25.000","13/08/2026","Muğla Milas Dörttepe Kiralık 1+1","Kiralık Daire","1 + 1","65 m²","6 Yaşında","·","Kat","2. Kat","Muğla / Milas / Dörttepe Mah.","https://www.hepsiemlak.com/_nuxt/8cafc93fb5c74c75e9e04e528e02ccdf.jpg","Olea Emlak Danışmanlık","WhatsApp","","","https://www.hepsiemlak.com/_nuxt/8cafc93fb5c74c75e9e04e528e02ccdf.jpg"
"https://www.hepsiemlak.com/mugla-bodrum-torba-kiralik/daire/69532-68","1 / 25","100.000","24/08/2026","Torba Sahile 100 Metre Kiralık 3+1 Full Eşyalı Bahçe Katı Daire!","Kiralık Daire","3 + 1","130 m²","Sıfır Bina","·","Kat","Bahçe Katı","Muğla / Bodrum / Torba Mah.","https://www.hepsiemlak.com/_nuxt/8cafc93fb5c74c75e9e04e528e02ccdf.jpg","Özaşkın Emlak","WhatsApp","Hürriyet
                  Günen","https://www.hepsiemlak.com/_nuxt/8cafc93fb5c74c75e9e04e528e02ccdf.jpg",""
"https://www.hepsiemlak.com/mugla-milas-gulluk-kiralik/daire/110753-722","1 / 35","43.000","31/08/2026","Muğla/milas/güllük Merkez'de Site Konsepti Kiralık 2+1 Lüx Mobilyalı Ve Bahçeli Daire","Kiralık Daire","2 + 1","90 m²","6 Yaşında","·","Kat","Bahçe Katı","Muğla / Milas / Güllük Mah.","https://www.hepsiemlak.com/_nuxt/8cafc93fb5c74c75e9e04e528e02ccdf.jpg","","WhatsApp","","",""
"https://www.hepsiemlak.com/mugla-ortaca-cayli-kiralik/daire/165426-145","1 / 37","26.000","24/08/2026","Ortaca Çaylı Servis Güzergahında Full Eşyalı 2+1 Kiralık Daire","Kiralık Daire","2 + 1","110 m²","16 Yaşında","·","Kat","3. Kat","Muğla / Ortaca / Çaylı Mah.","https://www.hepsiemlak.com/_nuxt/8cafc93fb5c74c75e9e04e528e02ccdf.jpg","Dalya Ds Gayrimenkul","WhatsApp","Dilek
                  Tümenbey","https://www.hepsiemlak.com/_nuxt/8cafc93fb5c74c75e9e04e528e02ccdf.jpg","https://www.hepsiemlak.com/_nuxt/8cafc93fb5c74c75e9e04e528e02ccdf.jpg"
"https://www.hepsiemlak.com/mugla-ortaca-bahcelievler-kiralik/daire/163837-641","1 / 47","18.000","08/09/2026","Adress Ailesi'nden Yerbelen Mh. Havuzlu Sitede Kiralık 1+1 Daire","Kiralık Daire","1 + 1","62 m²","Sıfır Bina","·","Kat","Yüksek Giriş","Muğla / Ortaca / Bahçelievler Mah.","https://www.hepsiemlak.com/_nuxt/8cafc93fb5c74c75e9e04e528e02ccdf.jpg","Adress Ailesi Emlak Danışmanlığı","WhatsApp","","","https://www.hepsiemlak.com/_nuxt/8cafc93fb5c74c75e9e04e528e02ccdf.jpg"
"https://www.hepsiemlak.com/mugla-bodrum-gundogan-kiralik/residence/163672-40","1 / 23","420.000","09/09/2026","Bodrum Gündoğan Seba Mare Kiralık Rezidans","Kiralık Residence","4 + 1","300 m²","2 Yaşında","·","Kat","Yüksek Giriş","Muğla / Bodrum / Gündoğan Mah.","https://www.hepsiemlak.com/_nuxt/8cafc93fb5c74c75e9e04e528e02ccdf.jpg","","WhatsApp","","",""
"https://www.hepsiemlak.com/mugla-bodrum-torba-kiralik/daire/165793-35","1 / 26","70.000","02/09/2026","Bodrum Torba'da Kiralık Ful Eşyalı Daire Denize 20 Metre Mesafede","Kiralık Daire","3 + 1","250 m²","20 Yaşında","·","Kat","En Üst Kat","Muğla / Bodrum / Torba Mah.","","","WhatsApp","","",""
"https://www.hepsiemlak.com/mugla-bodrum-gundogan-kiralik/daire/67324-1916","1 / 40","30.000","17/08/2026","Bodrum Gündoğan Sürekli Yaşanır Site Deniz Manzaralı Bahçeli Kiralık Ev","Kiralık Daire","2 + 1","75 m²","16 Yaşında","·","Kat","Bahçe Katı","Muğla / Bodrum / Gündoğan Mah.","","Villabodrum Emlak Gündoğan","WhatsApp","Hüseyin
                  Guner","https://hecdnnw.hemlak.com/mncropresize/77/67/firmuser/3/4/0/5/8/2/1/cdcb3907-c4a9-48e8-b411-ac24c92bebc4.jpg",""
"https://www.hepsiemlak.com/mugla-milas-oren-kiralik/daire/168870-7","1 / 33","7.250","26/08/2026","Ören'de Deniz Manzaralı Günlük Kiralık 2+1 Yazlık Daire","Kiralık Daire","2 + 1","91 m²","2 Yaşında","·","Kat","Kot 1","Muğla / Milas / Ören Mah.","https://hecdnnw.hemlak.com/mncropresize/77/67/logo/0/7/8/8/6/1/a48fab8c-5a96-4e13-8033-c454fa7f75f9.jpg","Von Plus","WhatsApp","","",""
"https://www.hepsiemlak.com/mugla-mentese-emirbeyazit-kiralik/daire/108994-331","1 / 32","35.000","30/08/2026","Emirbeyazit Mahallesınde Kiralık Esyalı  1+1 Daıre","Kiralık Daire","1 + 1","60 m²","15 Yaşında","·","Kat","Ara Kat","Muğla / Menteşe / Emirbeyazıt Mah.","https://hecdn01.hemlak.com/mncropresize/182/137/ds01/3/2/0/3/0/6/2/4/1785438057-920183-42603023.jpeg","Muğla Ata Gayrimenkul","WhatsApp","","","https://hecdnnw.hemlak.com/mncropresize/77/67/logo/4/9/9/8/0/1/209e76ee-b931-4039-9029-5eb2ec9f09d5.jpg"
"https://www.hepsiemlak.com/mugla-mentese-kotekli-kiralik/daire/115758-2781","1 / 28","22.000","08/09/2026","Lider'den Muğla Menteşe Kötekli'de Kiralık 2+0 Daire","Kiralık Daire","2 + 0","45 m²","11 Yaşında","·","Kat","2. Kat","Muğla / Menteşe / Kötekli Mah.","https://www.hepsiemlak.com/_nuxt/8cafc93fb5c74c75e9e04e528e02ccdf.jpg","Lider Gayrimenkul","WhatsApp","","","https://www.hepsiemlak.com/_nuxt/8cafc93fb5c74c75e9e04e528e02ccdf.jpg"
"https://www.hepsiemlak.com/mugla-dalaman-altintas-kiralik/daire/10402-11618","1 / 27","22.500","31/08/2026","Dalaman Altıntaş Doğa Park 2. Etapta Eşyalı Kiralık 1+1 Daire","Kiralık Daire","1 + 1","60 m²","5 Yaşında","·","Kat","3. Kat","Muğla / Dalaman / Altıntas Mah.","https://www.hepsiemlak.com/_nuxt/8cafc93fb5c74c75e9e04e528e02ccdf.jpg","","WhatsApp","","",""
"https://www.hepsiemlak.com/mugla-bodrum-turkbuku-kiralik/daire/99733-353","1 / 27","65.000","30/08/2026","Bodrum Türkbükü’nde Denize Çok Yakın Havuzlu Sitede Migros Yanı 2+1 Eşyalı Daire","Kiralık Daire","2 + 1","110 m²","11 Yaşında","·","Kat","Teras Katı","Muğla / Bodrum / Türkbükü Mah.","https://www.hepsiemlak.com/_nuxt/8cafc93fb5c74c75e9e04e528e02ccdf.jpg","","WhatsApp","","",""
"https://www.hepsiemlak.com/mugla-bodrum-turgutreis-kiralik/daire/8022-2663","1 / 23","32.500","20/08/2026","Bodrum Turgutreiste  Kiralık  Manzaralı 2+1 Daire Ref-2749","Kiralık Daire","2 + 1","65 m²","25 Yaşında","·","Kat","Bahçe Katı","Muğla / Bodrum / Turgutreis Mah.","https://www.hepsiemlak.com/_nuxt/8cafc93fb5c74c75e9e04e528e02ccdf.jpg","","WhatsApp","","",""
"https://www.hepsiemlak.com/mugla-bodrum-bitez-kiralik/villa/54899-4028","1 / 34","350.000","24/08/2026","Bitez Köyiçi'nde Özel Havuzlu Yıllık Kiralık  Müstakil Villa","Kiralık Villa","5 + 1","250 m²","15 Yaşında","·","Kat","","Muğla / Bodrum / Bitez Mah.","https://www.hepsiemlak.com/_nuxt/8cafc93fb5c74c75e9e04e528e02ccdf.jpg","Gümüş Gayrimenkul Yatırım Danışmanlığı","WhatsApp","","","https://www.hepsiemlak.com/_nuxt/8cafc93fb5c74c75e9e04e528e02ccdf.jpg"
"https://www.hepsiemlak.com/mugla-datca-emecik-kiralik/daire/125843-610","1 / 26","150.000","03/09/2026","Datça Aktur'da Denize Sıfır Sezonluk Kiralık 2+1 Daire","Kiralık Daire","2 + 1","80 m²","31 Yaşında","·","Kat","2. Kat","Muğla / Datça / Emecik Mah.","https://www.hepsiemlak.com/_nuxt/8cafc93fb5c74c75e9e04e528e02ccdf.jpg","Era Zeytin Gayrimenkul Datça","WhatsApp","","","https://www.hepsiemlak.com/_nuxt/8cafc93fb5c74c75e9e04e528e02ccdf.jpg"
"https://www.hepsiemlak.com/mugla-fethiye-ciftlik-kiralik/villa/148225-1667","1 / 33","60.000","04/09/2026","Goldhouse Dan Kiralık Çalış Ta Müstakil Havuzlu 4+1 Villa","Kiralık Villa","4 + 1","215 m²","15 Yaşında","·","Kat","","Muğla / Fethiye / Çiftlik Mah.","https://www.hepsiemlak.com/_nuxt/8cafc93fb5c74c75e9e04e528e02ccdf.jpg","Gold House Gayrimenkul Danışmanlık","WhatsApp","","","https://www.hepsiemlak.com/_nuxt/8cafc93fb5c74c75e9e04e528e02ccdf.jpg"
"https://www.hepsiemlak.com/mugla-dalaman-merkez-kiralik/daire/170989-4","1 / 11","22.000","03/09/2026","Dalaman Merkez De Kiralık 2+1 Daire","Kiralık Daire","2 + 1","120 m²","4 Yaşında","·","Kat","2. Kat","Muğla / Dalaman / Merkez Mah.","https://www.hepsiemlak.com/_nuxt/8cafc93fb5c74c75e9e04e528e02ccdf.jpg","Gürköy Gayrimenkul","WhatsApp","","","https://www.hepsiemlak.com/img/loadings/noImage55-55.png"
"https://www.hepsiemlak.com/mugla-ortaca-karaburun-kiralik/daire/127899-186","1 / 25","22.000","25/08/2026","Muğla Ortaca Da 1+1 Eşyalı Daire","Kiralık Daire","1 + 1","55 m²","5 Yaşında","·","Kat","Giriş Katı","Muğla / Ortaca / Karaburun Mah.","https://www.hepsiemlak.com/_nuxt/8cafc93fb5c74c75e9e04e528e02ccdf.jpg","Pasifik Gayrimenkul","WhatsApp","","","https://www.hepsiemlak.com/_nuxt/8cafc93fb5c74c75e9e04e528e02ccdf.jpg"
"https://www.hepsiemlak.com/mugla-ortaca-karaburun-kiralik/daire/163462-260","1 / 14","28.000","07/09/2026","Egeporttan Ortaca'da Geniş Ve Kaliteli 2+1 Eşyasız Kiralık Daire","Kiralık Daire","2 + 1","85 m²","Sıfır Bina","·","Kat","3. Kat","Muğla / Ortaca / Karaburun Mah.","https://www.hepsiemlak.com/_nuxt/8cafc93fb5c74c75e9e04e528e02ccdf.jpg","Egeport Emlak","WhatsApp","","","https://www.hepsiemlak.com/_nuxt/8cafc93fb5c74c75e9e04e528e02ccdf.jpg"
"https://www.hepsiemlak.com/mugla-ortaca-ataturk-kiralik/daire/168067-23","1 / 14","25.000","02/09/2026","Ortaca Da Kiralık Yeni 1+1 Daire","Kiralık Daire","1 + 1","55 m²","Sıfır Bina","·","Kat","5. Kat","Muğla / Ortaca / Atatürk Mah.","https://www.hepsiemlak.com/_nuxt/8cafc93fb5c74c75e9e04e528e02ccdf.jpg","Kalinda Yapı Emlak","WhatsApp","","","https://www.hepsiemlak.com/_nuxt/8cafc93fb5c74c75e9e04e528e02ccdf.jpg"
"https://www.hepsiemlak.com/mugla-datca-datca-kiralik/daire/162432-339","1 / 14","35.000","30/08/2026","Startkey Pelit Eski Datça'da Manzaralı, Eşyalı Kiralık 2+1","Kiralık Daire","2 + 1","60 m²","5 Yaşında","·","Kat","2. Kat","Muğla / Datça / Datça Mah.","https://www.hepsiemlak.com/_nuxt/8cafc93fb5c74c75e9e04e528e02ccdf.jpg","Startkey Pelit Gayrimenkul","WhatsApp","","","https://www.hepsiemlak.com/_nuxt/8cafc93fb5c74c75e9e04e528e02ccdf.jpg"
"https://www.hepsiemlak.com/mugla-bodrum-kucukbuk-kiralik/villa/153968-269","1 / 14","160.000","17/08/2026","Gündoğan Küçükbük Deniz Manzaralı Özel Plajlı 5+1 Villa Kiralık","Kiralık Villa","5 + 1","240 m²","11 Yaşında","·","Kat","","Muğla / Bodrum / Küçükbük Mah.","https://www.hepsiemlak.com/_nuxt/8cafc93fb5c74c75e9e04e528e02ccdf.jpg","Century21 Trio","WhatsApp","","","https://www.hepsiemlak.com/_nuxt/8cafc93fb5c74c75e9e04e528e02ccdf.jpg"
"https://www.hepsiemlak.com/mugla-fethiye-tuzla-kiralik/daire/52449-412","1 / 32","42.000","26/08/2026","Fethiye Tuzla Mah. Merkezi Konumda Kiralık 3+1 Ara Kat Daire","Kiralık Daire","3 + 1","135 m²","11 Yaşında","·","Kat","2. Kat","Muğla / Fethiye / Tuzla Mah.","https://www.hepsiemlak.com/_nuxt/8cafc93fb5c74c75e9e04e528e02ccdf.jpg","Gökçe Gayrimenkul","WhatsApp","Akın
                  Gökçe","https://www.hepsiemlak.com/_nuxt/8cafc93fb5c74c75e9e04e528e02ccdf.jpg","https://www.hepsiemlak.com/_nuxt/8cafc93fb5c74c75e9e04e528e02ccdf.jpg"
"https://www.hepsiemlak.com/mugla-bodrum-dirmil-kiralik/daire/56203-4942","1 / 32","75.000","02/09/2026","Bodrum Yalıkavakta Yıllık Kiralık Denize Sıfır Havuzlu Site 2+1","Kiralık Daire","2 + 1","95 m²","11 Yaşında","·","Kat","Bahçe Katı","Muğla / Bodrum / Dirmil Mah.","https://www.hepsiemlak.com/_nuxt/8cafc93fb5c74c75e9e04e528e02ccdf.jpg","Yalıhan Emlak","WhatsApp","","","https://www.hepsiemlak.com/_nuxt/8cafc93fb5c74c75e9e04e528e02ccdf.jpg"
"https://www.hepsiemlak.com/mugla-ortaca-dalyan-kiralik/villa/5877-931","1 / 24","750.000","12/08/2026","Dalyan Da Müstakil Havuzlu Uzun Dönem 3+1 Kiralık Villa","Kiralık Villa","3 + 1","190 m²","11 Yaşında","·","Kat","Bahçe Katı","Muğla / Ortaca / Dalyan Mah.","https://www.hepsiemlak.com/_nuxt/8cafc93fb5c74c75e9e04e528e02ccdf.jpg","Artemis Emlak","WhatsApp","","","https://www.hepsiemlak.com/_nuxt/8cafc93fb5c74c75e9e04e528e02ccdf.jpg"
"https://www.hepsiemlak.com/mugla-fethiye-tasyaka-kiralik/daire/0-47254134","1 / 10","32.500","10/09/2026","Sahibinden Taşyakada 70 M² Müstakil Girişli Çift Balkonlu 1+1","Kiralık Daire","1 + 1","70 m²","Sıfır Bina","·","Kat","Giriş Katı","Muğla / Fethiye / Taşyaka Mah.","https://www.hepsiemlak.com/_nuxt/8cafc93fb5c74c75e9e04e528e02ccdf.jpg","","WhatsApp","","",""
"https://www.hepsiemlak.com/mugla-ortaca-beskopru-kiralik/daire/164433-189","1 / 10","25.000","31/08/2026","Ortacanın Merkezinde Avantajlı Konumda Kiralık 2+1 Daire","Kiralık Daire","2 + 1","85 m²","5 Yaşında","·","Kat","3. Kat","Muğla / Ortaca / Beşköprü Mah.","https://www.hepsiemlak.com/_nuxt/8cafc93fb5c74c75e9e04e528e02ccdf.jpg","Emlak Dünyası Ortaca","WhatsApp","Fatma
                  Muslu","https://www.hepsiemlak.com/_nuxt/img/no-image-user.6f6a83e.svg","https://www.hepsiemlak.com/_nuxt/8cafc93fb5c74c75e9e04e528e02ccdf.jpg"
"https://www.hepsiemlak.com/mugla-bodrum-bitez-kiralik/daire/130965-82","1 / 10","37.500","01/09/2026","Bitez'de Marmara Koleji Yanı Kiralık 2+1 Bahçe Katı Daire","Kiralık Daire","2 + 1","110 m²","26 Yaşında","·","Kat","Bahçe Katı","Muğla / Bodrum / Bitez Mah.","https://www.hepsiemlak.com/_nuxt/8cafc93fb5c74c75e9e04e528e02ccdf.jpg","My Bodrum Gayrimenkul","WhatsApp","","","https://www.hepsiemlak.com/_nuxt/8cafc93fb5c74c75e9e04e528e02ccdf.jpg"
"https://www.hepsiemlak.com/mugla-mentese-yenikoy-kiralik/daire/110166-657","1 / 23","20.000","09/09/2026","Muğla Kötekli Yeniköyde Kiralık 1+1 Eşyasız Daire","Kiralık Daire","1 + 1","55 m²","3 Yaşında","·","Kat","2. Kat","Muğla / Menteşe / Yeniköy Mah.","https://www.hepsiemlak.com/_nuxt/8cafc93fb5c74c75e9e04e528e02ccdf.jpg","Thera Emlak İnşaat","WhatsApp","","","https://www.hepsiemlak.com/img/loadings/noImage55-55.png"
"https://www.hepsiemlak.com/mugla-dalaman-altintas-kiralik/daire/126009-524","1 / 30","34.000","05/09/2026","Murat Çimen'den Dalaman'da Havuzlu 2+1 Eşyalı Kiralık Daire","Kiralık Daire","2 + 1","85 m²","5 Yaşında","·","Kat","1. Kat","Muğla / Dalaman / Altıntas Mah.","https://hecdnnw.hemlak.com/mncropresize/77/67/firmuser/7/9/1/2/3/0/3/76515a48-a734-49b6-aaf0-476129c3ab67.jpg","Murat Çimen Gayrimenkul","WhatsApp","Murat
                  Çimen","https://hecdnnw.hemlak.com/mncropresize/77/67/logo/9/0/0/6/2/1/ad36ec74-a175-4fc9-8e1c-c18c95e855c7.jpg",""
"https://www.hepsiemlak.com/mugla-bodrum-dirmil-kiralik/villa/128053-1368","1 / 30","150.000","10/09/2026","Bodrum Yalıkavak'ta Kiralık Tam Müstakil Villa","Kiralık Villa","3 + 1","160 m²","16 Yaşında","·","Kat","Bahçe Katı","Muğla / Bodrum / Dirmil Mah.","https://hecdnnw.hemlak.com/mncropresize/77/67/logo/3/5/0/8/2/1/309ffe04-a95e-43da-a6b7-fb762a86ac93.jpg","Global İpek Yapı A.Ş","WhatsApp","Ramazan
                  İpek","https://hecdnnw.hemlak.com/mncropresize/77/67/firmuser/5/3/2/1/9/1/3/0dfbe834-71c9-4d53-aa20-c2c219bc0005.jpg",""
"https://www.hepsiemlak.com/mugla-bodrum-mumcular-kiralik/daire/64802-7419","1 / 22","32.000","08/09/2026","Bodrum Mumcular Da Merkezi Konum Da 2 Banyolu & Bahçeli & Eşyalı Yıllık Kiralık 2+1 Daire","Kiralık Daire","2 + 1","80 m²","7 Yaşında","·","Kat","Bahçe Katı","Muğla / Bodrum / Mumcular Mah.","https://hecdnnw.hemlak.com/mncropresize/77/67/logo/2/0/8/4/6/0/174435d7-6f3a-4252-be86-4143e90e9fba.jpg","Hedef Gayrimenkul","WhatsApp","","",""
"https://www.hepsiemlak.com/mugla-bodrum-yahsi-kiralik/mustakil-ev/129219-495","1 / 6","100.000","03/09/2026","Yahşi Çapa Tatil Köyünde Denize Yakın Kiralık Müstakil Ev","Kiralık Müstakil Ev","3 + 1","220 m²","21 Yaşında","","","","Muğla / Bodrum / Yahşi Mah.","https://hecdn01.hemlak.com/mncropresize/182/137/ds01/2/2/4/1/4/2/7/4/e16ed4de-85ab-4906-b04b-19eccb83f001.jpg","Bosel Gayrimenkul","WhatsApp","","","https://hecdnnw.hemlak.com/mncropresize/77/67/logo/9/1/2/9/2/1/3952a1c0-bfd8-4a51-8f5a-d5ca300f3206.jpg"
"https://www.hepsiemlak.com/mugla-bodrum-yahsi-kiralik/daire/82628-1146","1 / 22","67.000","06/09/2026","Fc Grouptan Ortakent Yahşi Denize Yürüme Mesafesinde Kiralık Site İçerisinde Kiralık Ev","Kiralık Daire","2 + 1","139 m²","25 Yaşında","·","Kat","Bahçe Katı","Muğla / Bodrum / Yahşi Mah.","https://www.hepsiemlak.com/_nuxt/8cafc93fb5c74c75e9e04e528e02ccdf.jpg","Fc Group","WhatsApp","","","https://www.hepsiemlak.com/_nuxt/8cafc93fb5c74c75e9e04e528e02ccdf.jpg"
"https://www.hepsiemlak.com/mugla-fethiye-cami-kiralik/daire/97683-1429","1 / 25","25.000","08/09/2026","Fethiye Cami Mah.İlkon'dan Eşyalı Kiralık Daire","Kiralık Daire","1 + 1","55 m²","6 Yaşında","·","Kat","Yüksek Giriş","Muğla / Fethiye / Cami Mah.","https://www.hepsiemlak.com/_nuxt/8cafc93fb5c74c75e9e04e528e02ccdf.jpg","İlkon Gayrimenkul","WhatsApp","","","https://www.hepsiemlak.com/_nuxt/8cafc93fb5c74c75e9e04e528e02ccdf.jpg"
"https://www.hepsiemlak.com/mugla-bodrum-cumhuriyet-kiralik/daire/131358-179","1 / 12","60.000","31/08/2026","Bodrum Temel Yapı Sitesinde Kiralık Dubleks Daire","Kiralık Daire","3 + 1","100 m²","40 Yaşında","·","Kat","Giriş Katı","Muğla / Bodrum / Cumhuriyet Mah.","https://www.hepsiemlak.com/_nuxt/8cafc93fb5c74c75e9e04e528e02ccdf.jpg","","WhatsApp","","",""
"https://www.hepsiemlak.com/mugla-datca-iskele-kiralik/daire/159258-55","1 / 12","60.000","25/08/2026","Merkezde 2 + 1 Eşyalı Kiralık Daire","Kiralık Daire","2 + 1","90 m²","5 Yaşında","·","Kat","Bahçe Katı","Muğla / Datça / İskele Mah.","https://www.hepsiemlak.com/_nuxt/8cafc93fb5c74c75e9e04e528e02ccdf.jpg","Datça Laçin Emlak","WhatsApp","","","https://www.hepsiemlak.com/_nuxt/8cafc93fb5c74c75e9e04e528e02ccdf.jpg"
"https://www.hepsiemlak.com/mugla-dalaman-merkez-kiralik/daire/142733-1404","1 / 15","22.000","07/09/2026","Mine Emlak'tan Merkezi Konumda Kiralık 3+1 Daire","Kiralık Daire","3 + 1","115 m²","11 Yaşında","·","Kat","3. Kat","Muğla / Dalaman / Merkez Mah.","https://www.hepsiemlak.com/_nuxt/8cafc93fb5c74c75e9e04e528e02ccdf.jpg","Mine Emlak","WhatsApp","","","https://www.hepsiemlak.com/_nuxt/8cafc93fb5c74c75e9e04e528e02ccdf.jpg"
"https://www.hepsiemlak.com/mugla-fethiye-akarca-kiralik/daire/159960-97","1 / 35","40.000","04/09/2026","Dy Gayrimenkul'den Devlet Hastanesi Yakını Geniş Eşyalı 1+1","Kiralık Daire","1 + 1","60 m²","6 Yaşında","·","Kat","Zemin","Muğla / Fethiye / Akarca Mah.","https://www.hepsiemlak.com/_nuxt/8cafc93fb5c74c75e9e04e528e02ccdf.jpg","Derya Yetkin Gayrimenkul Danışmanlık Ve Yatırım","WhatsApp","Derya
                  Yetkin","https://www.hepsiemlak.com/_nuxt/8cafc93fb5c74c75e9e04e528e02ccdf.jpg",""
"https://www.hepsiemlak.com/mugla-bodrum-koyunbaba-kiralik/villa/6449-2064","1 / 35","70.000","08/09/2026","️s-A-K-A-L-L-I-Dan Gümüşlükte Özel Havuzlu Eşyalı Kiralık Villa","Kiralık Villa","5 + 2","225 m²","16 Yaşında","·","Kat","","Muğla / Bodrum / Koyunbaba Mah.","https://www.hepsiemlak.com/_nuxt/8cafc93fb5c74c75e9e04e528e02ccdf.jpg","","WhatsApp","","",""
"https://www.hepsiemlak.com/mugla-fethiye-patlangic-kiralik/daire/138314-970","1 / 50","37.000","10/09/2026","Fethiye Kaya Park’ta Konforlu Site Yaşamı  Havuzlu Kiralık 2+1 Daire","Kiralık Daire","2 + 1","100 m²","20 Yaşında","·","Kat","Yüksek Giriş","Muğla / Fethiye / Patlangıç Mah.","https://www.hepsiemlak.com/_nuxt/8cafc93fb5c74c75e9e04e528e02ccdf.jpg","Remax Badem 2","WhatsApp","","","https://www.hepsiemlak.com/_nuxt/8cafc93fb5c74c75e9e04e528e02ccdf.jpg"
"https://www.hepsiemlak.com/mugla-bodrum-yalikavak-kiralik/villa/135522-528","1 / 29","65.000","31/08/2026","Yalıkavak Merkez De Eşyasız Yıllık Kiralık Villa","Kiralık Villa","2 + 1","160 m²","6 Yaşında","·","Kat","","Muğla / Bodrum / Yalıkavak Mah.","https://www.hepsiemlak.com/_nuxt/8cafc93fb5c74c75e9e04e528e02ccdf.jpg","Yükselen Gayrimenkul","WhatsApp","","","https://www.hepsiemlak.com/_nuxt/8cafc93fb5c74c75e9e04e528e02ccdf.jpg"
"https://www.hepsiemlak.com/mugla-fethiye-catalarik-kiralik/daire/135231-2908","1 / 19","35.000","09/09/2026","Stop’tan Çatalarık'ta Havuzlu Site İçi Kiralık 1+1 Eşyalı Daire","Kiralık Daire","1 + 1","60 m²","2 Yaşında","·","Kat","Giriş Katı","Muğla / Fethiye / Çatalarık Mah.","https://www.hepsiemlak.com/_nuxt/8cafc93fb5c74c75e9e04e528e02ccdf.jpg","Stop Gayrimenkul","WhatsApp","","","https://www.hepsiemlak.com/_nuxt/8cafc93fb5c74c75e9e04e528e02ccdf.jpg"
"https://www.hepsiemlak.com/mugla-milas-ismet-pasa-kiralik/daire/165164-91","1 / 39","29.999","29/08/2026","Novari'den Milas İsmetpaşa Kiralık Kapalı Mutfak 2+1 Daire","Kiralık Daire","2 + 1","90 m²","Sıfır Bina","·","Kat","Giriş Katı","Muğla / Milas / İsmet Paşa Mah.","https://www.hepsiemlak.com/_nuxt/8cafc93fb5c74c75e9e04e528e02ccdf.jpg","Novari Gayrimenkul","WhatsApp","Veli
                  Zorlu","https://www.hepsiemlak.com/_nuxt/8cafc93fb5c74c75e9e04e528e02ccdf.jpg","https://www.hepsiemlak.com/_nuxt/8cafc93fb5c74c75e9e04e528e02ccdf.jpg"
"https://www.hepsiemlak.com/mugla-dalaman-sogutluyurt-kiralik/daire/159794-306","1 / 16","33.000","28/08/2026","Dalaman Söğütlüyurt Mah'de 2+1 Havuzlu Sitede Eşyalı Kiralık Daire","Kiralık Daire","2 + 1","100 m²","4 Yaşında","·","Kat","Ara Kat","Muğla / Dalaman / Söğütlüyurt Mah.","https://www.hepsiemlak.com/_nuxt/8cafc93fb5c74c75e9e04e528e02ccdf.jpg","Altın Emlak.ortaca","WhatsApp","","","https://www.hepsiemlak.com/_nuxt/8cafc93fb5c74c75e9e04e528e02ccdf.jpg"
"https://www.hepsiemlak.com/mugla-marmaris-armutalan-kiralik/villa/144778-250","1 / 34","70.000","26/08/2026","Marmaris'de Kiralık Müstakil Villa Deniz'e 500m","Kiralık Villa","3 + 1","150 m²","26 Yaşında","·","Kat","","Muğla / Marmaris / Armutalan Mah.","https://www.hepsiemlak.com/_nuxt/8cafc93fb5c74c75e9e04e528e02ccdf.jpg","Boss Keys Gayrimenkul Yatırım Danışmanlığı","WhatsApp","Suat
                  Demirel","https://www.hepsiemlak.com/_nuxt/8cafc93fb5c74c75e9e04e528e02ccdf.jpg",""
"https://www.hepsiemlak.com/mugla-dalaman-hurriyet-kiralik/daire/98471-314","1 / 40","35.000","31/08/2026","Asil Emlaktan Hastaneye Yakın Kiralık 3+1 Daire","Kiralık Daire","3 + 1","165 m²","3 Yaşında","·","Kat","2. Kat","Muğla / Dalaman / Hürriyet Mah.","https://www.hepsiemlak.com/_nuxt/8cafc93fb5c74c75e9e04e528e02ccdf.jpg","Asil Gayrimenkul","WhatsApp","","","https://www.hepsiemlak.com/_nuxt/8cafc93fb5c74c75e9e04e528e02ccdf.jpg"
"https://www.hepsiemlak.com/mugla-marmaris-hisaronu-kiralik/villa/140073-1160","1 / 30","95.000","24/08/2026","Marmaris Hisarönü Deniz Ve Orman Manzaralı Müstakil Villa","Kiralık Villa","4 + 1","270 m²","25 Yaşında","·","Kat","","Muğla / Marmaris / Hisarönü Mah.","https://www.hepsiemlak.com/_nuxt/8cafc93fb5c74c75e9e04e528e02ccdf.jpg","Coldwell Banker Elit Bodrumgayrimenkul","WhatsApp","","","https://www.hepsiemlak.com/_nuxt/8cafc93fb5c74c75e9e04e528e02ccdf.jpg"
"https://www.hepsiemlak.com/mugla-dalaman-hurriyet-kiralik/daire/139965-526","1 / 28","32.000","25/08/2026","Dalaman Merkez'de Katta Tek, Eşyalı 3+1 Kiralık Daire","Kiralık Daire","3 + 1","130 m²","31 Yaşında","·","Kat","2. Kat","Muğla / Dalaman / Hürriyet Mah.","https://www.hepsiemlak.com/_nuxt/8cafc93fb5c74c75e9e04e528e02ccdf.jpg","Dost Emlak","WhatsApp","","","https://www.hepsiemlak.com/_nuxt/8cafc93fb5c74c75e9e04e528e02ccdf.jpg"
"https://www.hepsiemlak.com/mugla-fethiye-inlice-kiralik/villa/147812-189","1 / 33","45.000","05/09/2026","Fethiye İnlice 'de Prestijli Uzun Dönem Kiralık 2+1 Villa","Kiralık Villa","2 + 1","100 m²","5 Yaşında","·","Kat","Bahçe Katı","Muğla / Fethiye / İnlice Mah.","https://www.hepsiemlak.com/_nuxt/8cafc93fb5c74c75e9e04e528e02ccdf.jpg","","WhatsApp","","",""
"https://www.hepsiemlak.com/mugla-fethiye-tasyaka-kiralik/daire/153298-97","1 / 40","36.000","01/09/2026","Sedir'den Taşyaka'da 135 M2 Normal Kat Kiralık 3+1 Daire","Kiralık Daire","3 + 1","145 m²","16 Yaşında","·","Kat","3. Kat","Muğla / Fethiye / Taşyaka Mah.","https://www.hepsiemlak.com/_nuxt/8cafc93fb5c74c75e9e04e528e02ccdf.jpg","Sedir Gayrimenkul Danışmanlığı","WhatsApp","Hidayi
                  Çatar","https://www.hepsiemlak.com/_nuxt/8cafc93fb5c74c75e9e04e528e02ccdf.jpg",""
"https://www.hepsiemlak.com/mugla-milas-bogazici-kiralik/daire/134350-158","1 / 17","36.000","15/08/2026","Adabükü Turkuaz Sitesinde Kiralık 2+1 Bahçe Katı Daire","Kiralık Daire","2 + 1","80 m²","11 Yaşında","·","Kat","Bahçe Katı","Muğla / Milas / Boğaziçi Mah.","https://www.hepsiemlak.com/_nuxt/8cafc93fb5c74c75e9e04e528e02ccdf.jpg","Rebodrum Gayrimenkul","WhatsApp","","","https://www.hepsiemlak.com/_nuxt/8cafc93fb5c74c75e9e04e528e02ccdf.jpg"
"https://www.hepsiemlak.com/mugla-bodrum-yalikavak-kiralik/villa/148665-205","1 / 18","100.000","17/08/2026","Marina'ya 2 Dk Mesafe'de Ful Deniz Manzaralı 3+1 Havuzlu Villa !","Kiralık Villa","3 + 1","200 m²","6 Yaşında","·","Kat","Bahçe Katı","Muğla / Bodrum / Yalıkavak Mah.","https://www.hepsiemlak.com/_nuxt/8cafc93fb5c74c75e9e04e528e02ccdf.jpg","Agr Group Gayrimenkul","WhatsApp","","","https://www.hepsiemlak.com/_nuxt/8cafc93fb5c74c75e9e04e528e02ccdf.jpg"
"https://www.hepsiemlak.com/mugla-fethiye-karaculha-kiralik/villa/156302-420","1 / 35","50.000","14/08/2026","Fethiye Karaçulha 2+1 Tam Müstakil Aylık Ödemeli Villa","Kiralık Villa","2 + 1","100 m²","Sıfır Bina","·","Kat","Bahçe Katı","Muğla / Fethiye / Karaçulha Mah.","","","WhatsApp","","",""
"https://www.hepsiemlak.com/mugla-bodrum-golkoy-kiralik/daire/138060-546","1 / 20","85.000","19/08/2026","Bodrum Gölköy Denize Yakın Eşyalı Kiralık Özel Havuzlu 2+1 Daire","Kiralık Daire","2 + 1","100 m²","3 Yaşında","·","Kat","Bahçe Katı","Muğla / Bodrum / Gölköy Mah.","https://hecdnnw.hemlak.com/mncropresize/77/67/logo/0/6/0/8/3/1/02ed33ca-4255-468e-aef6-9b6e3c13cabe.jpg","Bodrum’da Fırsat Gayrimenkul Danışmanlığı","WhatsApp","","",""
"https://www.hepsiemlak.com/mugla-bodrum-golbasi-kiralik/daire/140850-374","1 / 22","40.000","12/08/2026","Çınar Emlaktan Mumcularda Gölmanzaralı Dubleks Geniş Daire","Kiralık Daire","3 + 1","110 m²","5 Yaşında","·","Kat","3. Kat","Muğla / Bodrum / Gölbaşı Mah.","","Bodrum Çınar Emlak","WhatsApp","Yıldıray
                  Çınar","https://hecdnnw.hemlak.com/mncropresize/77/67/firmuser/9/6/2/3/5/9/3/56756082-db16-46d2-8dd2-237677ca100f.jpg",""
"https://www.hepsiemlak.com/mugla-datca-datca-kiralik/daire/18454-746","1 / 59","42.000","04/09/2026","Datça Mh'de Yeni Binada 3+1 Konforlu Çatı Dubleks Daire","Kiralık Daire","3 + 1","143 m²","3 Yaşında","·","Kat","1. Kat","Muğla / Datça / Datça Mah.","https://hecdn01.hemlak.com/mncropresize/182/137/ds01/7/5/7/6/0/1/7/4/7714a839-6831-47ca-9827-a7e4bea0a8c6.jpg","Canbey Emlak Datça","WhatsApp","","","https://hecdnnw.hemlak.com/mncropresize/77/67/logo/4/5/4/8/1/0/81ce76da-497f-43eb-8b58-6274c9b55a0f.jpg"
"https://www.hepsiemlak.com/mugla-dalaman-bezkese-kiralik/daire/163824-137","1 / 21","28.000","29/08/2026","Poyraz Emlak|full Eşyalı Havuzlu Site İçerisinde Kiralık 2+1","Kiralık Daire","2 + 1","90 m²","5 Yaşında","·","Kat","1. Kat","Muğla / Dalaman / Bezkese Mah.","https://www.hepsiemlak.com/_nuxt/8cafc93fb5c74c75e9e04e528e02ccdf.jpg","Poyraz Emlak","WhatsApp","Koray
                  Bütüner","https://www.hepsiemlak.com/_nuxt/img/no-image-user.6f6a83e.svg","https://www.hepsiemlak.com/_nuxt/8cafc93fb5c74c75e9e04e528e02ccdf.jpg"
"https://www.hepsiemlak.com/mugla-fethiye-oludeniz-kiralik/daire/130116-581","1 / 38","42.000","01/09/2026","Ölüdeniz Ovacık Bölgesinde Kiralık 3+1 Eşyalı Havuzlu Daire","Kiralık Daire","3 + 1","130 m²","12 Yaşında","·","Kat","1. Kat","Muğla / Fethiye / Ölüdeniz Mah.","https://www.hepsiemlak.com/_nuxt/8cafc93fb5c74c75e9e04e528e02ccdf.jpg","Ladin Property","WhatsApp","","","https://www.hepsiemlak.com/_nuxt/8cafc93fb5c74c75e9e04e528e02ccdf.jpg"
"https://www.hepsiemlak.com/mugla-fethiye-tasyaka-kiralik/daire/137352-278","1 / 39","50.000","02/09/2026","Taşyaka Mah. Şehir Manzaralı 4+1 Zemin Dubleks Kiralık Daire","Kiralık Daire","4 + 1","160 m²","6 Yaşında","·","Kat","Bahçe Katı","Muğla / Fethiye / Taşyaka Mah.","https://www.hepsiemlak.com/_nuxt/8cafc93fb5c74c75e9e04e528e02ccdf.jpg","İdeal Emlak","WhatsApp","","","https://www.hepsiemlak.com/_nuxt/8cafc93fb5c74c75e9e04e528e02ccdf.jpg"
"https://www.hepsiemlak.com/mugla-mentese-akcaova-kiralik/daire/120892-227","1 / 15","22.500","08/09/2026","Akçaovada Köyiçi Kiralık 2+1 Daire","Kiralık Daire","2 + 1","90 m²","40 Yaşında","·","Kat","1. Kat","Muğla / Menteşe / Akçaova Mah.","https://www.hepsiemlak.com/_nuxt/8cafc93fb5c74c75e9e04e528e02ccdf.jpg","Epok Gayrimenkul","WhatsApp","","","https://www.hepsiemlak.com/_nuxt/8cafc93fb5c74c75e9e04e528e02ccdf.jpg"
"https://www.hepsiemlak.com/mugla-bodrum-koyunbaba-kiralik/daire/95135-1328","1 / 54","80.000","09/09/2026","Gümüşlük Yalıkavak Arası Sosyal Tesisli Sitede Manzaralı Köşe","Kiralık Daire","2 + 1","135 m²","14 Yaşında","·","Kat","Giriş Katı","Muğla / Bodrum / Koyunbaba Mah.","https://www.hepsiemlak.com/_nuxt/8cafc93fb5c74c75e9e04e528e02ccdf.jpg","Orçun Turgun","WhatsApp","Orçun
                  Turgun","https://www.hepsiemlak.com/_nuxt/8cafc93fb5c74c75e9e04e528e02ccdf.jpg","https://www.hepsiemlak.com/_nuxt/8cafc93fb5c74c75e9e04e528e02ccdf.jpg"
"https://www.hepsiemlak.com/mugla-fethiye-ciftlik-kiralik/villa/139822-249","1 / 32","85.000","31/08/2026","Fethiye Çiftlik'te Eşyalı Kiralık 4+1 190m2 Havuzlu Villa","Kiralık Villa","4 + 1","200 m²","2 Yaşında","·","Kat","Bahçe Katı","Muğla / Fethiye / Çiftlik Mah.","https://www.hepsiemlak.com/_nuxt/8cafc93fb5c74c75e9e04e528e02ccdf.jpg","Fethiye Emlak","WhatsApp","İsa
                  Öztok","https://www.hepsiemlak.com/_nuxt/8cafc93fb5c74c75e9e04e528e02ccdf.jpg",""
"https://www.hepsiemlak.com/mugla-koycegiz-gulpinar-kiralik/daire/165426-72","1 / 60","45.000","03/09/2026","Dalya Gayrimenkul'den Köyceğizde 2+1 Full Eşyalı Kiralık Daire","Kiralık Daire","2 + 1","90 m²","Sıfır Bina","·","Kat","1. Kat","Muğla / Köyceğiz / Gülpınar Mah.","https://www.hepsiemlak.com/_nuxt/8cafc93fb5c74c75e9e04e528e02ccdf.jpg","Dalya Ds Gayrimenkul","WhatsApp","Dilek
                  Tümenbey","https://www.hepsiemlak.com/_nuxt/8cafc93fb5c74c75e9e04e528e02ccdf.jpg","https://www.hepsiemlak.com/_nuxt/8cafc93fb5c74c75e9e04e528e02ccdf.jpg"
"https://www.hepsiemlak.com/mugla-fethiye-ciftlik-kiralik/mustakil-ev/148225-1651","1 / 27","50.000","08/09/2026","Goldhouse Dan Kiralık Deniz Ve Doğa Manzaralı 2+1 Müstakil Ev","Kiralık Müstakil Ev","2 + 1","160 m²","3 Yaşında","·","Kat","","Muğla / Fethiye / Çiftlik Mah.","https://www.hepsiemlak.com/_nuxt/8cafc93fb5c74c75e9e04e528e02ccdf.jpg","Gold House Gayrimenkul Danışmanlık","WhatsApp","","","https://www.hepsiemlak.com/_nuxt/8cafc93fb5c74c75e9e04e528e02ccdf.jpg"
"https://www.hepsiemlak.com/mugla-bodrum-yakakoy-kiralik/mustakil-ev/65421-1586","1 / 10","55.000","04/09/2026","Bodrum Yaka Eşyalı Müstakil Tek Kat","Kiralık Müstakil Ev","2 + 1","80 m²","10 Yaşında","·","Kat","","Muğla / Bodrum / Yakaköy Mah.","https://www.hepsiemlak.com/_nuxt/8cafc93fb5c74c75e9e04e528e02ccdf.jpg","Bodrum Kule Emlak","WhatsApp","Nihal
                  Sakarya","https://www.hepsiemlak.com/_nuxt/8cafc93fb5c74c75e9e04e528e02ccdf.jpg","https://www.hepsiemlak.com/_nuxt/8cafc93fb5c74c75e9e04e528e02ccdf.jpg"
"https://www.hepsiemlak.com/mugla-fethiye-akarca-kiralik/daire/140611-261","1 / 11","27.000","08/09/2026","Akarcada Muhteşem Teraslı Eşyasız 2+0 Çatı Katı Uzun Dönem","Kiralık Daire","2 + 0","80 m²","11 Yaşında","·","Kat","Çatı Katı","Muğla / Fethiye / Akarca Mah.","https://www.hepsiemlak.com/_nuxt/8cafc93fb5c74c75e9e04e528e02ccdf.jpg","Golden Key Emlak","WhatsApp","","","https://www.hepsiemlak.com/_nuxt/8cafc93fb5c74c75e9e04e528e02ccdf.jpg"
"https://www.hepsiemlak.com/mugla-fethiye-karaculha-kiralik/daire/146481-21","1 / 11","45.000","02/09/2026","Çevreyolu Üzeri Üniversiteye Yakın Eşyalı Kiralık Daire","Kiralık Daire","2 + 1","158 m²","10 Yaşında","·","Kat","En Üst Kat","Muğla / Fethiye / Karaçulha Mah.","https://www.hepsiemlak.com/_nuxt/8cafc93fb5c74c75e9e04e528e02ccdf.jpg","","WhatsApp","","",""
"https://www.hepsiemlak.com/mugla-dalaman-merkez-kiralik/daire/146387-886","1 / 14","23.000","29/08/2026","Airport Emlak'tan Dalaman Merkezde 1+1 Eşyalı Kiralık Daire!","Kiralık Daire","1 + 1","70 m²","4 Yaşında","·","Kat","3. Kat","Muğla / Dalaman / Merkez Mah.","https://www.hepsiemlak.com/_nuxt/8cafc93fb5c74c75e9e04e528e02ccdf.jpg","Dalaman Aırport Emlak","WhatsApp","","","https://www.hepsiemlak.com/_nuxt/8cafc93fb5c74c75e9e04e528e02ccdf.jpg"
"https://www.hepsiemlak.com/mugla-milas-kiyikislacik-kiralik/daire/1876-3640","1 / 17","43.000","11/08/2026","Milas Horizon Skyda Bahçe Kullanımlı 2+1 Eşyalı Dubleks | Tekce","Kiralık Daire","2 + 1","90 m²","6 Yaşında","·","Kat","Bahçe Katı","Muğla / Milas / Kıyıkışlacık Mah.","https://www.hepsiemlak.com/_nuxt/8cafc93fb5c74c75e9e04e528e02ccdf.jpg","Tekce Gayrimenkul","WhatsApp","","","https://www.hepsiemlak.com/_nuxt/8cafc93fb5c74c75e9e04e528e02ccdf.jpg"
"https://www.hepsiemlak.com/mugla-ortaca-beskopru-kiralik/daire/37227-3152","1 / 32","19.000","05/09/2026","Ortaca Merkezde Kiralık Lüks 2+1 Klima Daire & Ofis","Kiralık Daire","2 + 1","89 m²","2 Yaşında","·","Kat","2. Kat","Muğla / Ortaca / Beşköprü Mah.","https://www.hepsiemlak.com/_nuxt/8cafc93fb5c74c75e9e04e528e02ccdf.jpg","Çolakoğlu","WhatsApp","Cihangir
                  Dalgıç","https://www.hepsiemlak.com/_nuxt/8cafc93fb5c74c75e9e04e528e02ccdf.jpg",""
"https://www.hepsiemlak.com/mugla-milas-gulluk-kiralik/daire/110753-420","1 / 32","36.000","03/09/2026","Muğla/milas/güllük Merkez'de Halk Plajına Yürüme Mesafesinde Düz Ayak 2+1kiralık Mobilyalı Daire!","Kiralık Daire","2 + 1","85 m²","15 Yaşında","·","Kat","Zemin","Muğla / Milas / Güllük Mah.","https://www.hepsiemlak.com/_nuxt/8cafc93fb5c74c75e9e04e528e02ccdf.jpg","","WhatsApp","","",""
"https://www.hepsiemlak.com/mugla-ortaca-dalyan-kiralik/villa/5877-837","1 / 24","750.000","02/09/2026","Muğla Dalyan Da 3+1 Müstakil Havuzlu Uzun Dönem Kiralık Villa","Kiralık Villa","3 + 1","200 m²","15 Yaşında","·","Kat","","Muğla / Ortaca / Dalyan Mah.","https://www.hepsiemlak.com/_nuxt/8cafc93fb5c74c75e9e04e528e02ccdf.jpg","Artemis Emlak","WhatsApp","","","https://www.hepsiemlak.com/_nuxt/8cafc93fb5c74c75e9e04e528e02ccdf.jpg"
"https://www.hepsiemlak.com/mugla-marmaris-siteler-kiralik/daire/120066-445","1 / 16","50.000","12/08/2026","Marmaris Siteler Mahallesinde Bakımlı Kiralık Düz 3+1 Daire","Kiralık Daire","3 + 1","110 m²","15 Yaşında","·","Kat","Giriş Katı","Muğla / Marmaris / Siteler Mah.","https://www.hepsiemlak.com/_nuxt/8cafc93fb5c74c75e9e04e528e02ccdf.jpg","Gadıoğlu Gayrimenkul","WhatsApp","","","https://www.hepsiemlak.com/_nuxt/8cafc93fb5c74c75e9e04e528e02ccdf.jpg"
"https://www.hepsiemlak.com/mugla-bodrum-turkbuku-kiralik/villa/94790-1219","1 / 23","250.000","15/08/2026","Bodrum Türkbükü'nde Deniz Manzaralı Kiralık 5+2 Tripleks Villa!","Kiralık Villa","5 + 2","250 m²","11 Yaşında","·","Kat","Bahçe Katı","Muğla / Bodrum / Türkbükü Mah.","https://www.hepsiemlak.com/_nuxt/8cafc93fb5c74c75e9e04e528e02ccdf.jpg","Eylül Gayrimenkul","WhatsApp","Eylül
                  Gayrimenkul","https://www.hepsiemlak.com/_nuxt/img/no-image-user.6f6a83e.svg","https://www.hepsiemlak.com/_nuxt/8cafc93fb5c74c75e9e04e528e02ccdf.jpg"
"https://www.hepsiemlak.com/mugla-bodrum-turkbuku-kiralik/yazlik/99733-193","1 / 23","65.000","30/08/2026","Bodrum Türkbükü’nde Denize Çok Yakın Havuzlu Sitede Migros Yanı 2+1 Eşyalı Daire","Kiralık Yazlık","2 + 1","110 m²","11 Yaşında","·","Kat","1. Kat","Muğla / Bodrum / Türkbükü Mah.","https://www.hepsiemlak.com/_nuxt/8cafc93fb5c74c75e9e04e528e02ccdf.jpg","","WhatsApp","","",""
"https://www.hepsiemlak.com/mugla-marmaris-hatipirimi-kiralik/daire/118673-461","1 / 15","60.000","04/09/2026","Kiralık 5+1 Marmaris","Kiralık Daire","5 + 1","155 m²","11 Yaşında","·","Kat","3. Kat","Muğla / Marmaris / Hatipirimi Mah.","https://www.hepsiemlak.com/_nuxt/8cafc93fb5c74c75e9e04e528e02ccdf.jpg","Soydan Emlak","WhatsApp","Miraç
                  Soydan","https://www.hepsiemlak.com/_nuxt/8cafc93fb5c74c75e9e04e528e02ccdf.jpg",""
"https://www.hepsiemlak.com/mugla-ortaca-terzialiler-kiralik/daire/163462-259","1 / 13","18.000","07/09/2026","Egeporttan Ortaca Merkezde Klimalı 1+1 Eşyasız Kiralık Daire","Kiralık Daire","1 + 1","70 m²","6 Yaşında","·","Kat","2. Kat","Muğla / Ortaca / Terzialiler Mah.","","Egeport Emlak","WhatsApp","","https://hecdnnw.hemlak.com/mncropresize/77/67/logo/2/6/4/3/6/1/6053366e-487b-4fe7-9a3f-1b8ff7aa5034.jpg",""
"https://www.hepsiemlak.com/mugla-ortaca-terzialiler-kiralik/daire/168067-20","1 / 13","28.000","15/08/2026","Ortaca Merkez Cengiz Topel Caddesinde Kiralık 2+1 Daire Ve Ofis","Kiralık Daire","2 + 1","100 m²","1 Yaşında","·","Kat","1. Kat","Muğla / Ortaca / Terzialiler Mah.","https://hecdnnw.hemlak.com/mncropresize/77/67/logo/7/6/0/8/6/1/f430fef0-1d3f-4453-986b-ec5e7fcd1312.jpg","Kalinda Yapı Emlak","WhatsApp","","",""
"https://www.hepsiemlak.com/mugla-mentese-kotekli-kiralik/daire/115758-2810","1 / 23","15.000","05/09/2026","Lider'den Kötekli'de Kiralık 2+0 Bodrum Kat Daire","Kiralık Daire","2 + 0","40 m²","12 Yaşında","·","Kat","Yarı Bodrum","Muğla / Menteşe / Kötekli Mah.","https://hecdnnw.hemlak.com/mncropresize/77/67/logo/8/5/7/5/1/1/30168ecb-3343-4db9-be9a-9e93bdad7ed6.jpg","Lider Gayrimenkul","WhatsApp","","",""
"https://www.hepsiemlak.com/mugla-bodrum-bahcelievler-kiralik/daire/8022-2693","1 / 19","45.000","28/08/2026","Turgutreis Merkezde Kiralık Bahçe Katı Daire 2+1","Kiralık Daire","2 + 1","85 m²","15 Yaşında","·","Kat","Bahçe Katı","Muğla / Bodrum / Bahçelievler Mah.","https://hecdn01.hemlak.com/mncropresize/182/137/ds01/2/8/4/2/8/1/7/4/62d96cf9-d03e-4c50-86b1-12a2e6d710c0.jpg","","WhatsApp","","",""
"https://www.hepsiemlak.com/mugla-dalaman-serefler-kiralik/daire/92095-705","1 / 19","15.000","20/08/2026","Dalaman Aryana Emlaktan Havuzlu Ara Kat Kiralık 1+1 Daire","Kiralık Daire","1 + 1","55 m²","2 Yaşında","·","Kat","2. Kat","Muğla / Dalaman / Şerefler Mah.","https://www.hepsiemlak.com/_nuxt/8cafc93fb5c74c75e9e04e528e02ccdf.jpg","Aryana Emlak","WhatsApp","","","https://www.hepsiemlak.com/_nuxt/8cafc93fb5c74c75e9e04e528e02ccdf.jpg"
"https://www.hepsiemlak.com/mugla-marmaris-armutalan-kiralik/daire/104232-2179","1 / 22","65.000","02/09/2026","Marmaris Armutalan'da 3+1 Kiralık Eşyalı Daire","Kiralık Daire","2 + 1","140 m²","11 Yaşında","·","Kat","Bahçe Katı","Muğla / Marmaris / Armutalan Mah.","https://www.hepsiemlak.com/_nuxt/8cafc93fb5c74c75e9e04e528e02ccdf.jpg","Vefa Gayrimenkul","WhatsApp","","","https://www.hepsiemlak.com/_nuxt/8cafc93fb5c74c75e9e04e528e02ccdf.jpg"
"https://www.hepsiemlak.com/mugla-bodrum-gumbet-kiralik/daire/64802-7266","1 / 22","45.000","07/09/2026","Bodrum Gümbet Tatil Tadında Yaşam Denize Sıfır Havuzlu Kiralk Eşyalı Geniş 1+1","Kiralık Daire","1 + 1","65 m²","32 Yaşında","·","Kat","2. Kat","Muğla / Bodrum / Gümbet Mah.","https://www.hepsiemlak.com/_nuxt/8cafc93fb5c74c75e9e04e528e02ccdf.jpg","Hedef Gayrimenkul","WhatsApp","","","https://www.hepsiemlak.com/_nuxt/8cafc93fb5c74c75e9e04e528e02ccdf.jpg"
"https://www.hepsiemlak.com/mugla-mentese-orhaniye-kiralik/daire/94718-3290","1 / 29","37.500","24/08/2026","Muğla Menteşe Orhaniye Mahallesi’nde Kiralık 3+1 Daire","Kiralık Daire","3 + 1","135 m²","35 Yaşında","·","Kat","2. Kat","Muğla / Menteşe / Orhaniye Mah.","https://www.hepsiemlak.com/_nuxt/8cafc93fb5c74c75e9e04e528e02ccdf.jpg","Kdm Gayrimenkul Muğla","WhatsApp","","","https://www.hepsiemlak.com/_nuxt/8cafc93fb5c74c75e9e04e528e02ccdf.jpg"
"https://www.hepsiemlak.com/mugla-datca-emecik-kiralik/daire/114781-982","1 / 21","35.000","04/09/2026","Datça Karaincir’de Denize Yakın, Eşyalı 1+1 Yıllık Kiralık Daire","Kiralık Daire","1 + 1","60 m²","5 Yaşında","·","Kat","1. Kat","Muğla / Datça / Emecik Mah.","https://www.hepsiemlak.com/_nuxt/8cafc93fb5c74c75e9e04e528e02ccdf.jpg","Remax Badem","WhatsApp","","","https://www.hepsiemlak.com/_nuxt/8cafc93fb5c74c75e9e04e528e02ccdf.jpg"
"https://www.hepsiemlak.com/mugla-dalaman-merkez-kiralik/daire/117249-523","1 / 24","32.000","01/09/2026","Dalaman Merkez De Havuzlu Sitede 2+1 Eşyalı Kiralık Daire","Kiralık Daire","2 + 1","90 m²","5 Yaşında","·","Kat","2. Kat","Muğla / Dalaman / Merkez Mah.","https://www.hepsiemlak.com/_nuxt/8cafc93fb5c74c75e9e04e528e02ccdf.jpg","Ata Gayrimenkul","WhatsApp","","","https://www.hepsiemlak.com/_nuxt/8cafc93fb5c74c75e9e04e528e02ccdf.jpg"
"https://www.hepsiemlak.com/mugla-bodrum-bahcelievler-kiralik/daire/28555-2307","1 / 28","80.000","25/08/2026","Sör Emlak'tan Denize 50m Mesafede Bahçe Kat Eşyalı Lüks Daire","Kiralık Daire","3 + 1","120 m²","3 Yaşında","·","Kat","Bahçe Katı","Muğla / Bodrum / Bahçelievler Mah.","https://www.hepsiemlak.com/_nuxt/8cafc93fb5c74c75e9e04e528e02ccdf.jpg","Sör Emlak","WhatsApp","","","https://www.hepsiemlak.com/_nuxt/8cafc93fb5c74c75e9e04e528e02ccdf.jpg"
"https://www.hepsiemlak.com/mugla-fethiye-ciftlik-kiralik/daire/116316-396","1 / 20","40.000","07/09/2026","Çiftlik'te Site İçerisinde Kiralık 3+1 Eşyalı Havuzlu Dubleks","Kiralık Daire","3 + 1","120 m²","11 Yaşında","·","Kat","2. Kat","Muğla / Fethiye / Çiftlik Mah.","https://www.hepsiemlak.com/_nuxt/8cafc93fb5c74c75e9e04e528e02ccdf.jpg","Cansoy Yatırım Emlak","WhatsApp","","","https://www.hepsiemlak.com/_nuxt/8cafc93fb5c74c75e9e04e528e02ccdf.jpg"
"https://www.hepsiemlak.com/mugla-fethiye-foca-kiralik/villa/97683-1398","1 / 23","85.000","08/09/2026","Fethiye Foça Mah.İlkon'dan Kiralık Havuzlu Eşyalı Villa","Kiralık Villa","3 + 1","150 m²","11 Yaşında","·","Kat","","Muğla / Fethiye / Foça Mah.","https://www.hepsiemlak.com/_nuxt/8cafc93fb5c74c75e9e04e528e02ccdf.jpg","İlkon Gayrimenkul","WhatsApp","","","https://www.hepsiemlak.com/_nuxt/8cafc93fb5c74c75e9e04e528e02ccdf.jpg"
"https://www.hepsiemlak.com/mugla-fethiye-ciftlik-kiralik/villa/144026-406","1 / 21","60.000","03/09/2026","Fethiye Kocaçalışta Denize Çok Yakın, 3+1 Villa Kiralık!","Kiralık Villa","3 + 1","110 m²","31 Yaşında","·","Kat","","Muğla / Fethiye / Çiftlik Mah.","https://www.hepsiemlak.com/_nuxt/8cafc93fb5c74c75e9e04e528e02ccdf.jpg","Kaya Grup Fethiye","WhatsApp","Osman
                  Kaya","https://www.hepsiemlak.com/_nuxt/8cafc93fb5c74c75e9e04e528e02ccdf.jpg",""
"https://www.hepsiemlak.com/mugla-bodrum-yenikoy-kiralik/daire/135522-526","1 / 26","75.000","04/09/2026","Bodrum Yeniköyde Eşyasız Yıllık Kiralık Sıfır Daire","Kiralık Daire","3 + 1","86 m²","Sıfır Bina","·","Kat","2. Kat","Muğla / Bodrum / Yeniköy Mah.","https://www.hepsiemlak.com/_nuxt/8cafc93fb5c74c75e9e04e528e02ccdf.jpg","Yükselen Gayrimenkul","WhatsApp","","","https://www.hepsiemlak.com/_nuxt/8cafc93fb5c74c75e9e04e528e02ccdf.jpg"
"https://www.hepsiemlak.com/mugla-fethiye-foca-kiralik/daire/156531-205","1 / 34","50.000","09/09/2026","Rocherhomes Elit Lüks Havuzlu Sitede 2+1 Fuleşyalı Kiralık Daire","Kiralık Daire","2 + 1","85 m²","4 Yaşında","·","Kat","Yüksek Giriş","Muğla / Fethiye / Foça Mah.","https://www.hepsiemlak.com/_nuxt/8cafc93fb5c74c75e9e04e528e02ccdf.jpg","Rocher Homes","WhatsApp","","","https://www.hepsiemlak.com/_nuxt/8cafc93fb5c74c75e9e04e528e02ccdf.jpg"
"https://www.hepsiemlak.com/mugla-dalaman-hurriyet-kiralik/daire/142733-1400","1 / 19","18.000","26/08/2026","Mine Emlak'tan Hükümet Konağı Karşısında Kiralık 1+1 Daire","Kiralık Daire","1 + 1","60 m²","5 Yaşında","·","Kat","2. Kat","Muğla / Dalaman / Hürriyet Mah.","https://www.hepsiemlak.com/_nuxt/8cafc93fb5c74c75e9e04e528e02ccdf.jpg","Mine Emlak","WhatsApp","","","https://www.hepsiemlak.com/_nuxt/8cafc93fb5c74c75e9e04e528e02ccdf.jpg"
"https://www.hepsiemlak.com/mugla-marmaris-turgut-kiralik/daire/134247-45","1 / 35","15.000","08/09/2026","Marmaris Turgut Köy'de Kiralık Stüdyo Daireler Ve 1+1 Daire","Kiralık Daire","Stüdyo","40 m²","6 Yaşında","·","Kat","Bahçe Katı","Muğla / Marmaris / Turgut Mah.","https://www.hepsiemlak.com/_nuxt/8cafc93fb5c74c75e9e04e528e02ccdf.jpg","Gold Prestige Makro Kent","WhatsApp","","","https://www.hepsiemlak.com/_nuxt/8cafc93fb5c74c75e9e04e528e02ccdf.jpg"
"https://www.hepsiemlak.com/mugla-dalaman-altintas-kiralik/daire/159794-302","1 / 21","25.000","27/08/2026","Dalaman Havuzlu Sitede Full Eşyalı Kiralık Daire","Kiralık Daire","1 + 1","73 m²","1 Yaşında","·","Kat","3. Kat","Muğla / Dalaman / Altıntas Mah.","https://www.hepsiemlak.com/_nuxt/8cafc93fb5c74c75e9e04e528e02ccdf.jpg","Altın Emlak.ortaca","WhatsApp","","","https://www.hepsiemlak.com/_nuxt/8cafc93fb5c74c75e9e04e528e02ccdf.jpg"
"https://www.hepsiemlak.com/mugla-milas-sevketiye-kiralik/daire/165164-89","1 / 29","29.999","01/09/2026","Novari'den Milas Şevketıye'de Kiralık 3+1","Kiralık Daire","3 + 1","120 m²","11 Yaşında","·","Kat","3. Kat","Muğla / Milas / Şevketiye Mah.","https://www.hepsiemlak.com/_nuxt/8cafc93fb5c74c75e9e04e528e02ccdf.jpg","Novari Gayrimenkul","WhatsApp","Veli
                  Zorlu","https://www.hepsiemlak.com/_nuxt/8cafc93fb5c74c75e9e04e528e02ccdf.jpg","https://www.hepsiemlak.com/_nuxt/8cafc93fb5c74c75e9e04e528e02ccdf.jpg"
"https://www.hepsiemlak.com/mugla-fethiye-camkoy-kiralik/villa/135231-2894","1 / 28","47.500","27/08/2026","Stoptan Çamköyde Site İçi Eşyalı 4+1 Kiralık İkiz Villa","Kiralık Villa","4 + 1","140 m²","1 Yaşında","·","Kat","","Muğla / Fethiye / Çamköy Mah.","https://www.hepsiemlak.com/_nuxt/8cafc93fb5c74c75e9e04e528e02ccdf.jpg","Stop Gayrimenkul","WhatsApp","","","https://www.hepsiemlak.com/_nuxt/8cafc93fb5c74c75e9e04e528e02ccdf.jpg"
"https://www.hepsiemlak.com/mugla-ortaca-karaburun-kiralik/daire/113143-108","1 / 24","28.000","25/08/2026","Karaburun Kiralık 2+1 Eşyalı Havuzlu Daire","Kiralık Daire","2 + 1","80 m²","3 Yaşında","·","Kat","En Üst Kat","Muğla / Ortaca / Karaburun Mah.","https://www.hepsiemlak.com/_nuxt/8cafc93fb5c74c75e9e04e528e02ccdf.jpg","Varlıklı Emlak","WhatsApp","","","https://www.hepsiemlak.com/_nuxt/8cafc93fb5c74c75e9e04e528e02ccdf.jpg"
"https://www.hepsiemlak.com/mugla-bodrum-eskicesme-kiralik/daire/138060-544","1 / 31","74.000","01/09/2026","Bodrum Merkez Bardakçı Denize 150 Metre Plajlı Havuzlu Site 2+1","Kiralık Daire","2 + 1","95 m²","Sıfır Bina","·","Kat","Bahçe Katı","Muğla / Bodrum / Eskiçeşme Mah.","https://www.hepsiemlak.com/_nuxt/8cafc93fb5c74c75e9e04e528e02ccdf.jpg","Bodrum’da Fırsat Gayrimenkul Danışmanlığı","WhatsApp","","","https://www.hepsiemlak.com/_nuxt/8cafc93fb5c74c75e9e04e528e02ccdf.jpg"
"https://www.hepsiemlak.com/mugla-marmaris-siteler-kiralik/daire/144778-245","1 / 15","47.500","20/08/2026","Marmaris Siteler Kiralık Daire 2+1 Müstakil Bahçeli Denize 200m","Kiralık Daire","2 + 1","160 m²","26 Yaşında","·","Kat","Bahçe Katı","Muğla / Marmaris / Siteler Mah.","https://www.hepsiemlak.com/_nuxt/8cafc93fb5c74c75e9e04e528e02ccdf.jpg","Boss Keys Gayrimenkul Yatırım Danışmanlığı","WhatsApp","Suat
                  Demirel","https://www.hepsiemlak.com/_nuxt/8cafc93fb5c74c75e9e04e528e02ccdf.jpg",""
"https://www.hepsiemlak.com/mugla-fethiye-tasyaka-kiralik/daire/163109-189","1 / 51","45.000","14/08/2026","Taşyaka Da Geniş Ve Kullanışlı Fırsat Kiralık Dubleks Daire","Kiralık Daire","5 + 1","180 m²","11 Yaşında","·","Kat","2. Kat","Muğla / Fethiye / Taşyaka Mah.","","Prıvekey Gayrimenkul","WhatsApp","","https://hecdnnw.hemlak.com/mncropresize/77/67/logo/9/0/1/3/6/1/2a4abfc1-e176-4914-9367-7ec466a83031.jpg",""
"https://www.hepsiemlak.com/mugla-seydikemer-gerisburnu-kiralik/daire/137352-277","1 / 40","25.000","02/09/2026","Seydikemer Gerişburnu Mahallesinde 3+1 Kiralık Zemin Dubleks","Kiralık Daire","3 + 1","140 m²","Sıfır Bina","·","Kat","Bahçe Katı","Muğla / Seydikemer / Gerişburnu Mah.","https://hecdnnw.hemlak.com/mncropresize/77/67/logo/2/5/3/7/3/1/cb49b9a8-9b03-4fc4-90f1-214e49e4244c.jpg","İdeal Emlak","WhatsApp","","",""
"https://www.hepsiemlak.com/mugla-bodrum-cirkan-kiralik/daire/155328-25","1 / 25","48.000","24/08/2026","Bodrum Konacık'ta 2+1 Deniz Manzaralı Daire","Kiralık Daire","2 + 1","82 m²","5 Yaşında","·","Kat","1. Kat","Muğla / Bodrum / Çırkan Mah.","https://www.hepsiemlak.com/img/loadings/noImage55-55.png","For Me Gayrimenkul Bodrum","WhatsApp","","",""
"https://www.hepsiemlak.com/mugla-dalaman-bezkese-kiralik/daire/163824-117","1 / 21","24.000","18/08/2026","Poyraz Emlak|havuzlu Geniş Balkonlu Müstakil Girişli Kiralık 2+1","Kiralık Daire","2 + 1","80 m²","5 Yaşında","·","Kat","Giriş Katı","Muğla / Dalaman / Bezkese Mah.","https://hecdn01.hemlak.com/mncropresize/182/137/ds01/5/9/0/4/0/7/6/4/df4051b1-25eb-4bd8-b198-c008fd27f358.jpg","Poyraz Emlak","WhatsApp","Koray
                  Bütüner","https://www.hepsiemlak.com/_nuxt/img/no-image-user.6f6a83e.svg","https://hecdnnw.hemlak.com/mncropresize/77/67/logo/4/2/8/3/6/1/813c4c02-a530-470e-a183-17535bfb2fb3.jpg"
"https://www.hepsiemlak.com/mugla-fethiye-inlice-kiralik/villa/147812-169","1 / 15","60.000","05/09/2026","Fethiye Göcek İnlice'de Kiralık Havuzlu Eşyalı/eşyasız 3+1 Villa","Kiralık Villa","3 + 1","130 m²","11 Yaşında","·","Kat","","Muğla / Fethiye / İnlice Mah.","https://www.hepsiemlak.com/_nuxt/8cafc93fb5c74c75e9e04e528e02ccdf.jpg","","WhatsApp","","",""
"https://www.hepsiemlak.com/mugla-bodrum-bahcelievler-kiralik/daire/56203-4944","1 / 27","110.000","26/08/2026","Turgutreis'te Denize Sıfır Sundance Resıdence /2+1 Kiralık Daire","Kiralık Daire","2 + 1","70 m²","11 Yaşında","·","Kat","Bahçe Katı","Muğla / Bodrum / Bahçelievler Mah.","https://www.hepsiemlak.com/_nuxt/8cafc93fb5c74c75e9e04e528e02ccdf.jpg","Yalıhan Emlak","WhatsApp","","","https://www.hepsiemlak.com/_nuxt/8cafc93fb5c74c75e9e04e528e02ccdf.jpg"
"https://www.hepsiemlak.com/mugla-mentese-kotekli-kiralik/daire/0-47275149","1 / 5","21.000","10/09/2026","Eşyalı Kötekli Mh 1+1","Kiralık Daire","1 + 1","55 m²","8 Yaşında","·","Kat","Ara Kat","Muğla / Menteşe / Kötekli Mah.","https://www.hepsiemlak.com/_nuxt/8cafc93fb5c74c75e9e04e528e02ccdf.jpg","","WhatsApp","","",""
"https://www.hepsiemlak.com/mugla-ortaca-bahcelievler-kiralik/daire/126009-532","1 / 26","29.000","10/09/2026","Murat Çimen'den Bahçelievler De 3+1 Kiralık Daire","Kiralık Daire","3 + 1","150 m²","11 Yaşında","·","Kat","3. Kat","Muğla / Ortaca / Bahçelievler Mah.","https://www.hepsiemlak.com/_nuxt/8cafc93fb5c74c75e9e04e528e02ccdf.jpg","Murat Çimen Gayrimenkul","WhatsApp","Murat
                  Çimen","https://www.hepsiemlak.com/_nuxt/8cafc93fb5c74c75e9e04e528e02ccdf.jpg","https://www.hepsiemlak.com/_nuxt/8cafc93fb5c74c75e9e04e528e02ccdf.jpg"
"https://www.hepsiemlak.com/mugla-datca-iskele-kiralik/daire/9806-395","1 / 10","44.000","02/09/2026","Datça İskele Petya Sitesi’nde Eşyalı 2+1 – Deniz Manzaralı Kiralık Daire","Kiralık Daire","2 + 1","100 m²","25 Yaşında","·","Kat","1. Kat","Muğla / Datça / İskele Mah.","https://www.hepsiemlak.com/_nuxt/8cafc93fb5c74c75e9e04e528e02ccdf.jpg","","WhatsApp","","",""
"https://www.hepsiemlak.com/mugla-fethiye-yeni-kiralik/daire/138314-960","1 / 14","25.000","25/08/2026","Remax'tan - Yeni Mahalle'de, 1+1 Eşyalı Uzun Dönem Kiralık Daire","Kiralık Daire","1 + 1","50 m²","15 Yaşında","·","Kat","Bahçe Katı","Muğla / Fethiye / Yeni Mah.","https://www.hepsiemlak.com/_nuxt/8cafc93fb5c74c75e9e04e528e02ccdf.jpg","Remax Badem 2","WhatsApp","","","https://www.hepsiemlak.com/_nuxt/8cafc93fb5c74c75e9e04e528e02ccdf.jpg"
"https://www.hepsiemlak.com/mugla-bodrum-gumusluk-kiralik/daire/148665-206","1 / 14","50.000","15/08/2026","Gümüşlük'te Merkezi Konumda 2+1 Geniş Bahçeli Otoparklı 2+1daire","Kiralık Daire","2 + 1","90 m²","2 Yaşında","·","Kat","Bahçe Katı","Muğla / Bodrum / Gümüşlük Mah.","https://www.hepsiemlak.com/_nuxt/8cafc93fb5c74c75e9e04e528e02ccdf.jpg","Agr Group Gayrimenkul","WhatsApp","","","https://www.hepsiemlak.com/_nuxt/8cafc93fb5c74c75e9e04e528e02ccdf.jpg"
"https://www.hepsiemlak.com/mugla-koycegiz-gulpinar-kiralik/mustakil-ev/63057-844","1 / 34","41.000","05/09/2026","Hakan's Emlak'tan Köyceğiz Merkezde, Eşyalı Kiralık Bitişik Tripleks","Kiralık Müstakil Ev","3 + 1","145 m²","25 Yaşında","·","Kat","","Muğla / Köyceğiz / Gülpınar Mah.","https://www.hepsiemlak.com/_nuxt/8cafc93fb5c74c75e9e04e528e02ccdf.jpg","Hakan' S Emlak","WhatsApp","Hakan
                  Ertuğrul","https://www.hepsiemlak.com/_nuxt/8cafc93fb5c74c75e9e04e528e02ccdf.jpg","https://www.hepsiemlak.com/_nuxt/8cafc93fb5c74c75e9e04e528e02ccdf.jpg"
"https://www.hepsiemlak.com/mugla-fethiye-foca-kiralik/daire/52425-3770","1 / 24","47.000","27/08/2026","Körfez Life Sitesinde Eşyalı Kiralık Daire","Kiralık Daire","2 + 1","85 m²","6 Yaşında","·","Kat","Yüksek Giriş","Muğla / Fethiye / Foça Mah.","https://www.hepsiemlak.com/_nuxt/8cafc93fb5c74c75e9e04e528e02ccdf.jpg","Vartur Emlak","WhatsApp","","","https://www.hepsiemlak.com/_nuxt/8cafc93fb5c74c75e9e04e528e02ccdf.jpg"
"https://www.hepsiemlak.com/mugla-milas-kiyikislacik-kiralik/villa/128053-1338","1 / 24","50.000","27/08/2026","Milas Kıyıkışlacık'ta Kiralık 3+1 Villa Denize 150 Metre","Kiralık Villa","3 + 1","140 m²","Sıfır Bina","·","Kat","Bahçe Katı","Muğla / Milas / Kıyıkışlacık Mah.","https://www.hepsiemlak.com/_nuxt/8cafc93fb5c74c75e9e04e528e02ccdf.jpg","Global İpek Yapı A.Ş","WhatsApp","Ramazan
                  İpek","https://www.hepsiemlak.com/_nuxt/8cafc93fb5c74c75e9e04e528e02ccdf.jpg","https://www.hepsiemlak.com/_nuxt/8cafc93fb5c74c75e9e04e528e02ccdf.jpg"
"https://www.hepsiemlak.com/mugla-mentese-yenikoy-kiralik/daire/76834-3129","1 / 23","23.000","09/09/2026","Muğla Menteşe Yeniköy'de 1+1 Eşyalı Kiralık Daire","Kiralık Daire","1 + 1","50 m²","6 Yaşında","·","Kat","2. Kat","Muğla / Menteşe / Yeniköy Mah.","https://www.hepsiemlak.com/_nuxt/8cafc93fb5c74c75e9e04e528e02ccdf.jpg","Muğla Kampüs Emlak","WhatsApp","İlker Barış
                  Kalaç","https://www.hepsiemlak.com/_nuxt/8cafc93fb5c74c75e9e04e528e02ccdf.jpg","https://www.hepsiemlak.com/_nuxt/8cafc93fb5c74c75e9e04e528e02ccdf.jpg"
"https://www.hepsiemlak.com/mugla-bodrum-bitez-kiralik/daire/28765-15999","1 / 15","50.000","07/09/2026","Bodrum Bitez Asarlıkta Rezidans Havuzlu Kiralık Eşyalı 1+1 Daire","Kiralık Daire","1 + 1","58 m²","16 Yaşında","·","Kat","1. Kat","Muğla / Bodrum / Bitez Mah.","https://www.hepsiemlak.com/_nuxt/8cafc93fb5c74c75e9e04e528e02ccdf.jpg","Coldwell Banker Artemis","WhatsApp","","","https://www.hepsiemlak.com/_nuxt/8cafc93fb5c74c75e9e04e528e02ccdf.jpg"
"https://www.hepsiemlak.com/mugla-bodrum-mumcular-kiralik/daire/64802-7260","1 / 22","35.000","07/09/2026","Bodrum Mumcular Muhteşem Doğa Manzara Geniş 2+1 Eşyalı Ebeveyn Banyolu Kiralık Üst Kat","Kiralık Daire","2 + 1","85 m²","7 Yaşında","·","Kat","2. Kat","Muğla / Bodrum / Mumcular Mah.","https://www.hepsiemlak.com/_nuxt/8cafc93fb5c74c75e9e04e528e02ccdf.jpg","Hedef Gayrimenkul","WhatsApp","","","https://www.hepsiemlak.com/_nuxt/8cafc93fb5c74c75e9e04e528e02ccdf.jpg"
"https://www.hepsiemlak.com/mugla-bodrum-geris-kiralik/villa/5554-5265","1 / 14","200.000","14/08/2026","Yalıkavak Geriş'te Artur Vilları'nda Denize Yakın Keyifli 2+1","Kiralık Villa","2 + 1","130 m²","30 Yaşında","·","Kat","","Muğla / Bodrum / Geriş Mah.","https://www.hepsiemlak.com/_nuxt/8cafc93fb5c74c75e9e04e528e02ccdf.jpg","Usta Emlak Müşavirliği","WhatsApp","","","https://www.hepsiemlak.com/_nuxt/8cafc93fb5c74c75e9e04e528e02ccdf.jpg"
"https://www.hepsiemlak.com/mugla-marmaris-turgut-kiralik/mustakil-ev/20802-965","1 / 20","38.000","31/08/2026","Marmaris Turgut Kiralık Müstakil Ev","Kiralık Müstakil Ev","2 + 1","90 m²","5 Yaşında","·","Kat","Bahçe Katı","Muğla / Marmaris / Turgut Mah.","https://www.hepsiemlak.com/_nuxt/8cafc93fb5c74c75e9e04e528e02ccdf.jpg","Cennet Emlak","WhatsApp","Ersin Birol
                  Ergün","https://www.hepsiemlak.com/_nuxt/8cafc93fb5c74c75e9e04e528e02ccdf.jpg","https://www.hepsiemlak.com/_nuxt/8cafc93fb5c74c75e9e04e528e02ccdf.jpg"
"https://www.hepsiemlak.com/mugla-mentese-karsiyaka-kiralik/daire/115758-2815","1 / 20","45.000","08/09/2026","Lider'den Muğla Menteşe Karşıyaka'da Kiralık  3+1 Bahçe Kullanımlı Yeni Daire","Kiralık Daire","3 + 1","142 m²","Sıfır Bina","·","Kat","Zemin","Muğla / Menteşe / Karşıyaka Mah.","https://www.hepsiemlak.com/_nuxt/8cafc93fb5c74c75e9e04e528e02ccdf.jpg","Lider Gayrimenkul","WhatsApp","","","https://www.hepsiemlak.com/_nuxt/8cafc93fb5c74c75e9e04e528e02ccdf.jpg"
"https://www.hepsiemlak.com/mugla-bodrum-dirmil-kiralik/daire/140202-3053","1 / 44","70.000","31/08/2026","Yalıkavak Da Deniz Manzaralı Kiralık 2+1 Müstakil Dubleks","Kiralık Daire","2 + 1","120 m²","35 Yaşında","·","Kat","Giriş Katı","Muğla / Bodrum / Dirmil Mah.","https://www.hepsiemlak.com/_nuxt/8cafc93fb5c74c75e9e04e528e02ccdf.jpg","Century21 Begonvill Gayrimenkul","WhatsApp","","","https://www.hepsiemlak.com/_nuxt/8cafc93fb5c74c75e9e04e528e02ccdf.jpg"
"https://www.hepsiemlak.com/mugla-fethiye-yeni-kiralik/daire/144026-404","1 / 15","28.000","30/08/2026","Çatalarık Sosyal Tesıslerın Arkasında 2 + 1 Çatı Katı","Kiralık Daire","2 + 1","100 m²","26 Yaşında","·","Kat","Çatı Katı","Muğla / Fethiye / Yeni Mah.","https://www.hepsiemlak.com/_nuxt/8cafc93fb5c74c75e9e04e528e02ccdf.jpg","Kaya Grup Fethiye","WhatsApp","Osman
                  Kaya","https://www.hepsiemlak.com/_nuxt/8cafc93fb5c74c75e9e04e528e02ccdf.jpg",""
"https://www.hepsiemlak.com/mugla-bodrum-golkoy-kiralik/villa/170427-322","1 / 29","75.000","03/09/2026","Gölköyde Eşyalı Kıralık Müstakıl Vılla","Kiralık Villa","4 + 1","170 m²","11 Yaşında","·","Kat","","Muğla / Bodrum / Gölköy Mah.","https://www.hepsiemlak.com/_nuxt/8cafc93fb5c74c75e9e04e528e02ccdf.jpg","Bodrum Zeytin Gayrimenkul Ticaret Anonim Şirketi","WhatsApp","","","https://www.hepsiemlak.com/_nuxt/8cafc93fb5c74c75e9e04e528e02ccdf.jpg"
"https://www.hepsiemlak.com/mugla-bodrum-bitez-kiralik/daire/135522-520","1 / 16","70.000","22/08/2026","Bitez De Site İçerisin De Eşyalı Yıllık Kiralık Daire","Kiralık Daire","3 + 1","100 m²","16 Yaşında","·","Kat","Bahçe Katı","Muğla / Bodrum / Bitez Mah.","https://www.hepsiemlak.com/_nuxt/8cafc93fb5c74c75e9e04e528e02ccdf.jpg","Yükselen Gayrimenkul","WhatsApp","","","https://www.hepsiemlak.com/_nuxt/8cafc93fb5c74c75e9e04e528e02ccdf.jpg"
"https://www.hepsiemlak.com/mugla-fethiye-tasyaka-kiralik/daire/156531-203","1 / 32","40.000","09/09/2026","Rocherhomes Taşyaka Sıfır Binada Tasarımlı Lüks Eşyalı 1+1 Daire","Kiralık Daire","1 + 1","60 m²","Sıfır Bina","·","Kat","2. Kat","Muğla / Fethiye / Taşyaka Mah.","","Rocher Homes","WhatsApp","","https://hecdnnw.hemlak.com/mncropresize/77/67/logo/1/3/5/6/5/1/3b90a628-8a23-4a28-b9a1-2ae3b35db0d4.jpg",""
"https://www.hepsiemlak.com/mugla-milas-cumhuriyet-kiralik/daire/165164-87","1 / 31","40.000","20/08/2026","Novari'den Milas Cumhuriyet Mahallesi 3+1 Kiralık Geniş Daire","Kiralık Daire","3 + 1","165 m²","11 Yaşında","·","Kat","4. Kat","Muğla / Milas / Cumhuriyet Mah.","https://hecdnnw.hemlak.com/mncropresize/77/67/logo/4/6/1/5/6/1/33329e88-4753-4a76-9177-2b0cdb193fae.jpg","Novari Gayrimenkul","WhatsApp","Veli
                  Zorlu","https://hecdnnw.hemlak.com/mncropresize/77/67/firmuser/9/9/9/5/0/6/4/01710c34-51b7-4d51-a529-644674a35da8.jpg",""
"https://www.hepsiemlak.com/mugla-bodrum-dirmil-kiralik/mustakil-ev/138060-542","1 / 34","60.000","20/08/2026","Bodrum Yalıkavak Yıllık Kiralık 3+1 Deniz Manz Müstakl İkiz Vila","Kiralık Müstakil Ev","3 + 1","185 m²","6 Yaşında","·","Kat","Bahçe Katı","Muğla / Bodrum / Dirmil Mah.","https://hecdnnw.hemlak.com/mncropresize/77/67/logo/0/6/0/8/3/1/02ed33ca-4255-468e-aef6-9b6e3c13cabe.jpg","Bodrum’da Fırsat Gayrimenkul Danışmanlığı","WhatsApp","","",""
"https://www.hepsiemlak.com/mugla-dalaman-hurriyet-kiralik/daire/142733-1389","1 / 24","25.000","12/08/2026","Mine Emlak'tan Havalimanı Yolu Üzerinde Eşyalı Kiralık 1+1 Daire","Kiralık Daire","1 + 1","60 m²","4 Yaşında","·","Kat","2. Kat","Muğla / Dalaman / Hürriyet Mah.","https://hecdn01.hemlak.com/mncropresize/182/137/ds01/2/1/0/4/1/1/7/4/f8492cde-3c5f-4b3f-9b12-b4af1db590df.jpg","Mine Emlak","WhatsApp","","","https://hecdnnw.hemlak.com/mncropresize/77/67/logo/3/3/7/2/4/1/f92c0539-c86d-4b1b-8aa6-e9df6bf6225a.jpg"
"https://www.hepsiemlak.com/mugla-marmaris-siteler-kiralik/daire/134247-19","1 / 16","45.000","03/09/2026","Sitelerde Deniz Manzaralı, Bahçeli Ve Eşyalı 2+1 Kiralık Daire","Kiralık Daire","2 + 1","90 m²","16 Yaşında","·","Kat","Bahçe Katı","Muğla / Marmaris / Siteler Mah.","https://www.hepsiemlak.com/_nuxt/8cafc93fb5c74c75e9e04e528e02ccdf.jpg","Gold Prestige Makro Kent","WhatsApp","","","https://www.hepsiemlak.com/_nuxt/8cafc93fb5c74c75e9e04e528e02ccdf.jpg"
"https://www.hepsiemlak.com/mugla-fethiye-tuzla-kiralik/daire/137352-268","1 / 40","45.000","08/09/2026","Tuzla Mahallesinde 2+1 Dayalı Döşeli Dubleks Kiralık Daire","Kiralık Daire","2 + 1","100 m²","6 Yaşında","·","Kat","3. Kat","Muğla / Fethiye / Tuzla Mah.","https://www.hepsiemlak.com/_nuxt/8cafc93fb5c74c75e9e04e528e02ccdf.jpg","İdeal Emlak","WhatsApp","","","https://www.hepsiemlak.com/_nuxt/8cafc93fb5c74c75e9e04e528e02ccdf.jpg"
"https://www.hepsiemlak.com/mugla-bodrum-umurca-kiralik/daire/65421-1381","1 / 36","50.000","16/08/2026","Bodrum  Kumbahçe Kale Manzaralı Site İçi Ferah 1+1","Kiralık Daire","1 + 1","70 m²","25 Yaşında","·","Kat","En Üst Kat","Muğla / Bodrum / Umurca Mah.","https://www.hepsiemlak.com/_nuxt/8cafc93fb5c74c75e9e04e528e02ccdf.jpg","Bodrum Kule Emlak","WhatsApp","Nihal
                  Sakarya","https://www.hepsiemlak.com/_nuxt/8cafc93fb5c74c75e9e04e528e02ccdf.jpg","https://www.hepsiemlak.com/_nuxt/8cafc93fb5c74c75e9e04e528e02ccdf.jpg"
"https://www.hepsiemlak.com/mugla-milas-bogazici-kiralik/daire/54899-4057","1 / 19","29.000","09/09/2026","Çamtepe Tatil Sitesinde Eşyalı Deniz Manzaralı 2+1 Kiralık Daire","Kiralık Daire","2 + 1","95 m²","20 Yaşında","·","Kat","Ara Kat","Muğla / Milas / Boğaziçi Mah.","https://www.hepsiemlak.com/_nuxt/8cafc93fb5c74c75e9e04e528e02ccdf.jpg","Gümüş Gayrimenkul Yatırım Danışmanlığı","WhatsApp","","","https://www.hepsiemlak.com/_nuxt/8cafc93fb5c74c75e9e04e528e02ccdf.jpg"
"https://www.hepsiemlak.com/mugla-mentese-kotekli-kiralik/daire/143891-285","1 / 29","34.000","09/09/2026","Kötekli De Kiralık 2+1 Sıfır Eşyalı Daire","Kiralık Daire","2 + 1","65 m²","11 Yaşında","·","Kat","3. Kat","Muğla / Menteşe / Kötekli Mah.","https://www.hepsiemlak.com/_nuxt/8cafc93fb5c74c75e9e04e528e02ccdf.jpg","Konum Emlak","WhatsApp","","","https://www.hepsiemlak.com/_nuxt/8cafc93fb5c74c75e9e04e528e02ccdf.jpg"
"https://www.hepsiemlak.com/mugla-bodrum-mumcular-kiralik/daire/166795-29","1 / 17","35.000","09/09/2026","Mumcular Merkez Full Eşyalı Kiralık 2+1 Ara Kat Daire","Kiralık Daire","2 + 1","80 m²","2 Yaşında","·","Kat","Ara Kat","Muğla / Bodrum / Mumcular Mah.","https://www.hepsiemlak.com/_nuxt/8cafc93fb5c74c75e9e04e528e02ccdf.jpg","Grandliva","WhatsApp","","","https://www.hepsiemlak.com/_nuxt/8cafc93fb5c74c75e9e04e528e02ccdf.jpg"
"https://www.hepsiemlak.com/mugla-marmaris-kemeralti-kiralik/daire/142881-261","1 / 24","35.000","07/09/2026","Sd Gayrımenkul 2+1 Boş Kiralık Daire","Kiralık Daire","2 + 1","95 m²","35 Yaşında","·","Kat","En Üst Kat","Muğla / Marmaris / Kemeraltı Mah.","https://www.hepsiemlak.com/_nuxt/8cafc93fb5c74c75e9e04e528e02ccdf.jpg","S&d Gayrimenkul","WhatsApp","","","https://www.hepsiemlak.com/_nuxt/8cafc93fb5c74c75e9e04e528e02ccdf.jpg"
"https://www.hepsiemlak.com/mugla-fethiye-cami-kiralik/daire/141778-29","1 / 17","38.000","04/09/2026","Kiralık Cami Mah 3+1 Eşyalı Konut","Kiralık Daire","3 + 1","130 m²","6 Yaşında","·","Kat","2. Kat","Muğla / Fethiye / Cami Mah.","https://www.hepsiemlak.com/_nuxt/8cafc93fb5c74c75e9e04e528e02ccdf.jpg","","WhatsApp","","",""
"https://www.hepsiemlak.com/mugla-milas-gunes-kiralik/daire/166724-216","1 / 17","25.000","02/09/2026","Garipoğulları Gayrimenkulden Güneş Mahallesinde Kiralık 2+1","Kiralık Daire","2 + 1","110 m²","5 Yaşında","·","Kat","2. Kat","Muğla / Milas / Güneş Mah.","https://www.hepsiemlak.com/_nuxt/8cafc93fb5c74c75e9e04e528e02ccdf.jpg","Garipoğulları Gayrimenkul","WhatsApp","","","https://www.hepsiemlak.com/_nuxt/8cafc93fb5c74c75e9e04e528e02ccdf.jpg"
"https://www.hepsiemlak.com/mugla-ortaca-cayli-kiralik/daire/125597-248","1 / 53","40.000","02/09/2026","Çaylı Mahallesinde Süper Lüks Kiralık Daire","Kiralık Daire","3 + 1","160 m²","5 Yaşında","·","Kat","En Üst Kat","Muğla / Ortaca / Çaylı Mah.","https://www.hepsiemlak.com/_nuxt/8cafc93fb5c74c75e9e04e528e02ccdf.jpg","","WhatsApp","","",""
"https://www.hepsiemlak.com/mugla-datca-iskele-kiralik/daire/114297-182","1 / 52","62.000","28/08/2026","Körmen Emlaktan Merkezde Full Deniz Manzaralı Triplex Villa","Kiralık Daire","4 + 1","210 m²","26 Yaşında","·","Kat","Bahçe Katı","Muğla / Datça / İskele Mah.","https://www.hepsiemlak.com/_nuxt/8cafc93fb5c74c75e9e04e528e02ccdf.jpg","","WhatsApp","","",""
"https://www.hepsiemlak.com/mugla-bodrum-gundogan-kiralik/daire/0-47201260","1 / 18","75.000","27/08/2026","Bodrum Gündoğan Sahile 3 Dakika Sahibinden 1+1 Kiralık Daire","Kiralık Daire","1 + 1","65 m²","21 Yaşında","·","Kat","Bahçe Katı","Muğla / Bodrum / Gündoğan Mah.","https://www.hepsiemlak.com/_nuxt/8cafc93fb5c74c75e9e04e528e02ccdf.jpg","","WhatsApp","","",""
"https://www.hepsiemlak.com/mugla-yatagan-yeni-kiralik/daire/154296-166","1 / 23","26.000","26/08/2026","Yatağan Yeni Mahallede Kiralık Sıfır Daire","Kiralık Daire","2 + 1","100 m²","Sıfır Bina","·","Kat","2. Kat","Muğla / Yatağan / Yeni Mah.","https://www.hepsiemlak.com/_nuxt/8cafc93fb5c74c75e9e04e528e02ccdf.jpg","Özkan Emlak","WhatsApp","","","https://www.hepsiemlak.com/_nuxt/8cafc93fb5c74c75e9e04e528e02ccdf.jpg"
"https://www.hepsiemlak.com/mugla-marmaris-karsiyaka-kiralik/villa/149115-232","1 / 48","145.000","25/08/2026","Yaşam Köşkleri'nde 7/24 Güvenlikli Sitede Havuzlu 4+2 Villa","Kiralık Villa","4 + 2","308 m²","4 Yaşında","·","Kat","","Muğla / Marmaris / Karşıyaka Mah.","https://www.hepsiemlak.com/_nuxt/8cafc93fb5c74c75e9e04e528e02ccdf.jpg","Ahmet Ayar Real Estate","WhatsApp","","","https://www.hepsiemlak.com/_nuxt/8cafc93fb5c74c75e9e04e528e02ccdf.jpg"
"https://www.hepsiemlak.com/mugla-dalaman-serefler-kiralik/villa/169457-52","1 / 25","40.000","24/08/2026","Kille Koyu Yolunda Dublex Kiralık Ağaç Ev","Kiralık Villa","3 + 1","140 m²","10 Yaşında","·","Kat","","Muğla / Dalaman / Şerefler Mah.","https://www.hepsiemlak.com/_nuxt/8cafc93fb5c74c75e9e04e528e02ccdf.jpg","Dalyan Port Gayrimenkul","WhatsApp","","","https://www.hepsiemlak.com/img/loadings/noImage55-55.png"
"https://www.hepsiemlak.com/mugla-dalaman-serefler-kiralik/mustakil-ev/139663-49","1 / 19","40.000","07/09/2026","Dalaman Serefler'de Eşyalı Kiralık  Müstakil Ev","Kiralık Müstakil Ev","2 + 1","130 m²","4 Yaşında","·","Kat","","Muğla / Dalaman / Şerefler Mah.","https://www.hepsiemlak.com/_nuxt/8cafc93fb5c74c75e9e04e528e02ccdf.jpg","Halil Emlak","WhatsApp","","","https://www.hepsiemlak.com/_nuxt/8cafc93fb5c74c75e9e04e528e02ccdf.jpg"
"https://www.hepsiemlak.com/mugla-ortaca-karaburun-kiralik/villa/151774-173","1 / 21","9.000","10/09/2026","Ortaca 'da Havuzlu, Eşyalı, Müstakil 5+1 Kiralık Villa","Kiralık Villa","5 + 1","200 m²","Sıfır Bina","·","Kat","","Muğla / Ortaca / Karaburun Mah.","https://www.hepsiemlak.com/_nuxt/8cafc93fb5c74c75e9e04e528e02ccdf.jpg","Adz Gayrimenkul","WhatsApp","","","https://www.hepsiemlak.com/_nuxt/8cafc93fb5c74c75e9e04e528e02ccdf.jpg"
"https://www.hepsiemlak.com/mugla-bodrum-karaova-kiralik/daire/121164-272","1 / 18","23.000","01/09/2026","Mumcular Merkezde Kıralık Bahce Katı","Kiralık Daire","2 + 1","80 m²","Sıfır Bina","·","Kat","Bahçe Katı","Muğla / Bodrum / Karaova Mah.","https://www.hepsiemlak.com/_nuxt/8cafc93fb5c74c75e9e04e528e02ccdf.jpg","","WhatsApp","","",""
"https://www.hepsiemlak.com/mugla-bodrum-dirmil-kiralik/villa/158327-132","1 / 27","55.000","02/09/2026","Yalıkavak Kızılburunda Kiralık Eşyalı Sıfır Dublex","Kiralık Villa","2 + 1","120 m²","Sıfır Bina","·","Kat","","Muğla / Bodrum / Dirmil Mah.","https://www.hepsiemlak.com/_nuxt/8cafc93fb5c74c75e9e04e528e02ccdf.jpg","","WhatsApp","","",""
"https://www.hepsiemlak.com/mugla-ula-alparslan-kiralik/daire/144382-40","1 / 18","31.000","04/09/2026","Ula Alparslan Mah.Çarşı Yürüme Mesafesinde 2+1 Kapalı Mutfak Daire","Kiralık Daire","2 + 1","90 m²","10 Yaşında","·","Kat","2. Kat","Muğla / Ula / Alparslan Mah.","https://www.hepsiemlak.com/_nuxt/8cafc93fb5c74c75e9e04e528e02ccdf.jpg","Ayka Gayrimenkul","WhatsApp","Melih
                  Aybars","https://www.hepsiemlak.com/_nuxt/8cafc93fb5c74c75e9e04e528e02ccdf.jpg","https://www.hepsiemlak.com/_nuxt/8cafc93fb5c74c75e9e04e528e02ccdf.jpg"
"https://www.hepsiemlak.com/mugla-bodrum-mumcular-kiralik/daire/148212-249","1 / 18","22.000","09/09/2026","General Real Estate Bodrum - Bodrum Mumcular 2+1 Kiralık Daire","Kiralık Daire","2 + 1","76 m²","2 Yaşında","·","Kat","En Üst Kat","Muğla / Bodrum / Mumcular Mah.","","","WhatsApp","","",""
"https://www.hepsiemlak.com/mugla-bodrum-turgutreis-kiralik/daire/15373-4173","1 / 41","60.000","27/08/2026","Kod: 3016  Bodrum Hürpa Akyarlar Özel Mülk Bahçe Dublx Sezonluk Veya Yıllık  Kiralık","Kiralık Daire","1 + 1","115 m²","28 Yaşında","·","Kat","Bodrum ve Zemin","Muğla / Bodrum / Turgutreis Mah.","https://hecdnnw.hemlak.com/mncropresize/77/67/logo/3/7/3/5/1/0/03daa43b-366f-42e9-a079-550d01dbf26c.jpg","Çetinkaya Emlak","WhatsApp","","",""
"https://www.hepsiemlak.com/mugla-seydikemer-sahilceylan-kiralik/daire/169846-24","1 / 39","28.500","18/08/2026","Ceylan Cantery Sitesinde Full Eşyalı Muhteşem Kiralık Daire","Kiralık Daire","2 + 1","95 m²","12 Yaşında","·","Kat","1. Kat","Muğla / Seydikemer / Sahilceylan Mah.","","Yıltaş Homes","WhatsApp","Özcan
                  Yılmaz","https://hecdnnw.hemlak.com/mncropresize/77/67/firmuser/2/1/5/9/3/7/4/3e1f520d-f359-4b97-9482-73931ac2f85c.jpg",""
"https://www.hepsiemlak.com/mugla-milas-aydinlikevler-kiralik/daire/134152-531","1 / 19","25.000","23/08/2026","Doğa Şehir Manzaralı Eşyalı Kiralık Daire","Kiralık Daire","3 + 1","268 m²","15 Yaşında","·","Kat","Zemin","Muğla / Milas / Aydınlıkevler Mah.","https://hecdn01.hemlak.com/mncropresize/182/137/ds01/0/6/8/7/4/9/6/4/1786640650376-46947860.jpg","","WhatsApp","","",""
"https://www.hepsiemlak.com/mugla-bodrum-koyunbaba-kiralik/daire/152393-20","1 / 19","45.000","09/09/2026","Bodrum Gümüşlükte  Havuzlu  Sitede Yıllık Kiralık 2+1 Eşyalı Daire","Kiralık Daire","2 + 1","200 m²","12 Yaşında","·","Kat","Bahçe Katı","Muğla / Bodrum / Koyunbaba Mah.","https://www.hepsiemlak.com/_nuxt/8cafc93fb5c74c75e9e04e528e02ccdf.jpg","","WhatsApp","","",""
"https://www.hepsiemlak.com/mugla-ortaca-cayli-kiralik/daire/142651-271","1 / 21","22.000","03/09/2026","Ortaca'da 2+1 Sıfır Kiralık Daire","Kiralık Daire","2 + 1","85 m²","Sıfır Bina","·","Kat","Yüksek Giriş","Muğla / Ortaca / Çaylı Mah.","https://www.hepsiemlak.com/_nuxt/8cafc93fb5c74c75e9e04e528e02ccdf.jpg","Birlik Emlak","WhatsApp","Evrim
                  Yörük","https://www.hepsiemlak.com/_nuxt/8cafc93fb5c74c75e9e04e528e02ccdf.jpg","https://www.hepsiemlak.com/_nuxt/8cafc93fb5c74c75e9e04e528e02ccdf.jpg"
"https://www.hepsiemlak.com/mugla-bodrum-gumusluk-kiralik/villa/136360-139","1 / 28","60.000","30/08/2026","Kiralık Mütakil Dublex","Kiralık Villa","3 + 1","140 m²","10 Yaşında","·","Kat","","Muğla / Bodrum / Gümüşlük Mah.","https://www.hepsiemlak.com/_nuxt/8cafc93fb5c74c75e9e04e528e02ccdf.jpg","","WhatsApp","","",""
"https://www.hepsiemlak.com/mugla-koycegiz-yeni-kiralik/daire/138155-103","1 / 23","30.000","07/09/2026","Köyceğiz Yeni Mahalle'de 3+1 Göl Manzaralı Geniş Kiralık Daire","Kiralık Daire","3 + 1","170 m²","15 Yaşında","·","Kat","2. Kat","Muğla / Köyceğiz / Yeni Mah.","https://www.hepsiemlak.com/_nuxt/8cafc93fb5c74c75e9e04e528e02ccdf.jpg","Yatkın İnşaat Emlak","WhatsApp","Sinan
                  Kaya","https://www.hepsiemlak.com/_nuxt/8cafc93fb5c74c75e9e04e528e02ccdf.jpg","https://www.hepsiemlak.com/_nuxt/8cafc93fb5c74c75e9e04e528e02ccdf.jpg"
"https://www.hepsiemlak.com/mugla-milas-bogazici-kiralik/villa/58568-6773","1 / 37","60.000","28/08/2026","Bodrum Adabükü Helis Bodrum Eşyalı 3+1 Lüks Kiralık Villa","Kiralık Villa","3 + 1","175 m²","1 Yaşında","·","Kat","","Muğla / Milas / Boğaziçi Mah.","https://www.hepsiemlak.com/_nuxt/8cafc93fb5c74c75e9e04e528e02ccdf.jpg","Remax Deha","WhatsApp","","","https://www.hepsiemlak.com/_nuxt/8cafc93fb5c74c75e9e04e528e02ccdf.jpg"
"https://www.hepsiemlak.com/mugla-mentese-orhaniye-kiralik/daire/94718-3309","1 / 26","40.000","01/09/2026","Muğla Menteşe Orhaniye Türdü İlkokulu Ve Türkan Saylan Yanında Kiralık 2+1","Kiralık Daire","2 + 1","80 m²","6 Yaşında","·","Kat","Yüksek Giriş","Muğla / Menteşe / Orhaniye Mah.","https://www.hepsiemlak.com/_nuxt/8cafc93fb5c74c75e9e04e528e02ccdf.jpg","Kdm Gayrimenkul Muğla","WhatsApp","","","https://www.hepsiemlak.com/_nuxt/8cafc93fb5c74c75e9e04e528e02ccdf.jpg"
"https://www.hepsiemlak.com/mugla-milas-akyol-kiralik/villa/56203-4947","1 / 24","150.000","02/09/2026","Bodrum Havalimanı Yanı Casa Fabay'da Özel Havuzlu 3+1 Villa","Kiralık Villa","3 + 1","150 m²","6 Yaşında","·","Kat","","Muğla / Milas / Akyol Mah.","https://www.hepsiemlak.com/_nuxt/8cafc93fb5c74c75e9e04e528e02ccdf.jpg","Yalıhan Emlak","WhatsApp","","","https://www.hepsiemlak.com/_nuxt/8cafc93fb5c74c75e9e04e528e02ccdf.jpg"
"https://www.hepsiemlak.com/mugla-milas-haciabti-kiralik/daire/164974-493","1 / 14","28.000","06/09/2026","Milas Hacıabdi Mahallesinde Kiralık 3+1 Daire","Kiralık Daire","3 + 1","130 m²","3 Yaşında","·","Kat","Giriş Katı","Muğla / Milas / Hacıabti Mah.","https://www.hepsiemlak.com/_nuxt/8cafc93fb5c74c75e9e04e528e02ccdf.jpg","Harmaya Gayrimenkul","WhatsApp","","","https://www.hepsiemlak.com/_nuxt/8cafc93fb5c74c75e9e04e528e02ccdf.jpg"
"https://www.hepsiemlak.com/mugla-dalaman-altintas-kiralik/daire/159309-68","1 / 14","22.000","28/08/2026","Dalaman Altıntas'ta Full Eşyalı 1+1 Kiralık Daire","Kiralık Daire","1 + 1","60 m²","5 Yaşında","·","Kat","4. Kat","Muğla / Dalaman / Altıntas Mah.","https://www.hepsiemlak.com/_nuxt/8cafc93fb5c74c75e9e04e528e02ccdf.jpg","Günel Emlak Real Estate","WhatsApp","","","https://www.hepsiemlak.com/_nuxt/8cafc93fb5c74c75e9e04e528e02ccdf.jpg"
"https://www.hepsiemlak.com/mugla-yatagan-madenler-kiralik/daire/100858-677","1 / 16","25.000","18/08/2026","Yatağan Cumhuriyet Mah. Kiralık 3+1 Daire","Kiralık Daire","3 + 1","130 m²","12 Yaşında","·","Kat","2. Kat","Muğla / Yatağan / Madenler Mah.","https://www.hepsiemlak.com/_nuxt/8cafc93fb5c74c75e9e04e528e02ccdf.jpg","Tolga Emlak Muğla","WhatsApp","","","https://www.hepsiemlak.com/_nuxt/8cafc93fb5c74c75e9e04e528e02ccdf.jpg"
"https://www.hepsiemlak.com/mugla-ortaca-cayli-kiralik/daire/165426-154","1 / 10","26.000","02/09/2026","Ortaca Çaylı' Da Ebeveyn Banyolu Ara Kat 2+1 Kiralık Daire","Kiralık Daire","2 + 1","100 m²","Sıfır Bina","·","Kat","2. Kat","Muğla / Ortaca / Çaylı Mah.","https://www.hepsiemlak.com/_nuxt/8cafc93fb5c74c75e9e04e528e02ccdf.jpg","Dalya Ds Gayrimenkul","WhatsApp","Dilek
                  Tümenbey","https://www.hepsiemlak.com/_nuxt/8cafc93fb5c74c75e9e04e528e02ccdf.jpg","https://www.hepsiemlak.com/_nuxt/8cafc93fb5c74c75e9e04e528e02ccdf.jpg"
"https://www.hepsiemlak.com/mugla-bodrum-eskicesme-kiralik/villa/129219-481","1 / 23","125.000","22/08/2026","Bodrum Eskiçeşme Eşyalı Kiralık 3+1 Dublex","Kiralık Villa","3 + 1","170 m²","11 Yaşında","·","Kat","Bahçe Katı","Muğla / Bodrum / Eskiçeşme Mah.","https://www.hepsiemlak.com/_nuxt/8cafc93fb5c74c75e9e04e528e02ccdf.jpg","Bosel Gayrimenkul","WhatsApp","","","https://www.hepsiemlak.com/_nuxt/8cafc93fb5c74c75e9e04e528e02ccdf.jpg"
"https://www.hepsiemlak.com/mugla-marmaris-cildir-kiralik/daire/144778-247","1 / 13","25.000","17/08/2026","Marmaris’de Kiralık 1+1 Eşyalı Veya Boş Daire","Kiralık Daire","1 + 1","55 m²","30 Yaşında","·","Kat","1. Kat","Muğla / Marmaris / Çıldır Mah.","https://www.hepsiemlak.com/_nuxt/8cafc93fb5c74c75e9e04e528e02ccdf.jpg","Boss Keys Gayrimenkul Yatırım Danışmanlığı","WhatsApp","Suat
                  Demirel","https://www.hepsiemlak.com/_nuxt/8cafc93fb5c74c75e9e04e528e02ccdf.jpg",""
"https://www.hepsiemlak.com/mugla-bodrum-gumusluk-kiralik/daire/148665-199","1 / 13","46.000","24/08/2026","Gümüşlük Merkez'de Aydan Aya Ödemeli 2+1 Bahçe Katı Daire","Kiralık Daire","2 + 1","75 m²","3 Yaşında","·","Kat","Bahçe Katı","Muğla / Bodrum / Gümüşlük Mah.","https://www.hepsiemlak.com/_nuxt/8cafc93fb5c74c75e9e04e528e02ccdf.jpg","Agr Group Gayrimenkul","WhatsApp","","","https://www.hepsiemlak.com/_nuxt/8cafc93fb5c74c75e9e04e528e02ccdf.jpg"
"https://www.hepsiemlak.com/mugla-marmaris-armutalan-kiralik/daire/120066-408","1 / 7","60.000","07/09/2026","Marmaris Armutalan Da Bakımlı Kiralık Ara Kat Düz 2+1 Daire","Kiralık Daire","2 + 1","110 m²","15 Yaşında","·","Kat","2. Kat","Muğla / Marmaris / Armutalan Mah.","https://www.hepsiemlak.com/_nuxt/8cafc93fb5c74c75e9e04e528e02ccdf.jpg","Gadıoğlu Gayrimenkul","WhatsApp","","","https://www.hepsiemlak.com/_nuxt/8cafc93fb5c74c75e9e04e528e02ccdf.jpg"
"https://www.hepsiemlak.com/mugla-dalaman-merkez-kiralik/daire/159130-211","1 / 13","30.000","03/09/2026","3+1 Kapalı Mutfaklı Daire","Kiralık Daire","3 + 1","160 m²","15 Yaşında","·","Kat","Ara Kat","Muğla / Dalaman / Merkez Mah.","https://www.hepsiemlak.com/_nuxt/8cafc93fb5c74c75e9e04e528e02ccdf.jpg","Öztülü Gayrimenkul Danışmanlığı","WhatsApp","","","https://www.hepsiemlak.com/_nuxt/8cafc93fb5c74c75e9e04e528e02ccdf.jpg"
"https://www.hepsiemlak.com/mugla-bodrum-turgutreis-kiralik/villa/28555-2649","1 / 20","70.000","03/09/2026","Sör Emlak'tan Yalı'da Marina'ya Yakın Kiralık Müstakil Villa","Kiralık Villa","3 + 1","110 m²","8 Yaşında","·","Kat","","Muğla / Bodrum / Turgutreis Mah.","https://www.hepsiemlak.com/_nuxt/8cafc93fb5c74c75e9e04e528e02ccdf.jpg","Sör Emlak","WhatsApp","","","https://www.hepsiemlak.com/_nuxt/8cafc93fb5c74c75e9e04e528e02ccdf.jpg"
"https://www.hepsiemlak.com/mugla-mentese-yenikoy-kiralik/daire/115758-1956","1 / 20","35.000","05/09/2026","Lider'den Muğla Menteşe Yeniköy'de Kiralık 1+1 Eşyalı Daire","Kiralık Daire","1 + 1","45 m²","4 Yaşında","·","Kat","2. Kat","Muğla / Menteşe / Yeniköy Mah.","https://www.hepsiemlak.com/_nuxt/8cafc93fb5c74c75e9e04e528e02ccdf.jpg","Lider Gayrimenkul","WhatsApp","","","https://www.hepsiemlak.com/_nuxt/8cafc93fb5c74c75e9e04e528e02ccdf.jpg"
"https://www.hepsiemlak.com/mugla-bodrum-cirkan-kiralik/daire/140202-3051","1 / 21","150.000","29/08/2026","Bodrum Konacık Eşyalı 2+1 Kiralık Daire","Kiralık Daire","2 + 1","120 m²","5 Yaşında","·","Kat","2. Kat","Muğla / Bodrum / Çırkan Mah.","https://www.hepsiemlak.com/_nuxt/8cafc93fb5c74c75e9e04e528e02ccdf.jpg","Century21 Begonvill Gayrimenkul","WhatsApp","","","https://www.hepsiemlak.com/_nuxt/8cafc93fb5c74c75e9e04e528e02ccdf.jpg"
"https://www.hepsiemlak.com/mugla-dalaman-sogutluyurt-kiralik/daire/171354-15","1 / 16","36.000","01/09/2026","Prestij'den Dalaman'da Full Eşyalı Havuzlu 2+1 Kiralık Daire","Kiralık Daire","2 + 1","95 m²","3 Yaşında","·","Kat","1. Kat","Muğla / Dalaman / Söğütlüyurt Mah.","https://www.hepsiemlak.com/_nuxt/8cafc93fb5c74c75e9e04e528e02ccdf.jpg","Prestij Gayrimenkul","WhatsApp","","","https://www.hepsiemlak.com/_nuxt/8cafc93fb5c74c75e9e04e528e02ccdf.jpg"
"https://www.hepsiemlak.com/mugla-bodrum-turgutreis-kiralik/mustakil-ev/82628-1142","1 / 40","70.000","21/08/2026","Fc Group Turgutreis Marina Yakını Kiralık Müstakil Dubleks","Kiralık Müstakil Ev","2 + 1","114 m²","12 Yaşında","·","Kat","","Muğla / Bodrum / Turgutreis Mah.","","Fc Group","WhatsApp","","https://hecdnnw.hemlak.com/mncropresize/77/67/logo/8/2/6/2/8/0/d8afa067-ec20-4fcd-801c-9b5920c40ba8.jpg",""
"https://www.hepsiemlak.com/mugla-bodrum-yalikavak-kiralik/villa/135522-517","1 / 20","380.000","19/08/2026","Yalıkavak Deniz Manzaralı Lüks Kiralık Villa","Kiralık Villa","4 + 2","260 m²","6 Yaşında","·","Kat","Bahçe Katı","Muğla / Bodrum / Yalıkavak Mah.","https://hecdnnw.hemlak.com/mncropresize/77/67/logo/2/2/5/5/3/1/f94a5eec-f7ad-49ae-9a52-caa38d66c4f9.jpg","Yükselen Gayrimenkul","WhatsApp","","",""
"https://www.hepsiemlak.com/mugla-bodrum-muskebi-kiralik/villa/170427-272","1 / 31","115.000","02/09/2026","Ortakent'de Müstakil Havuzlu 4+2 Villa","Kiralık Villa","4 + 2","220 m²","4 Yaşında","·","Kat","","Muğla / Bodrum / Müskebi Mah.","https://hecdnnw.hemlak.com/mncropresize/77/67/logo/7/2/4/0/7/1/54805f14-ec55-4ce1-ae2a-c682910617ce.jpg","Bodrum Zeytin Gayrimenkul Ticaret Anonim Şirketi","WhatsApp","","",""
"https://www.hepsiemlak.com/mugla-fethiye-karaculha-kiralik/daire/146481-20","1 / 5","13.000","08/09/2026","Çalıca Mevkii Kiralıkk Daire","Kiralık Daire","1 + 1","88 m²","20 Yaşında","·","Kat","Bahçe Katı","Muğla / Fethiye / Karaçulha Mah.","https://hecdn01.hemlak.com/mncropresize/182/137/ds01/9/0/2/7/9/9/6/4/1784820928-0456638-46997209.jpeg","","WhatsApp","","",""
"https://www.hepsiemlak.com/mugla-mentese-kotekli-kiralik/daire/76834-3146","1 / 19","27.000","08/09/2026","Muğla Menteşe Kötekli'de 2+0 Eşyalı Kiralık Daire","Kiralık Daire","2 + 0","57 m²","6 Yaşında","·","Kat","4. Kat","Muğla / Menteşe / Kötekli Mah.","https://www.hepsiemlak.com/_nuxt/8cafc93fb5c74c75e9e04e528e02ccdf.jpg","Muğla Kampüs Emlak","WhatsApp","İlker Barış
                  Kalaç","https://www.hepsiemlak.com/_nuxt/8cafc93fb5c74c75e9e04e528e02ccdf.jpg","https://www.hepsiemlak.com/_nuxt/8cafc93fb5c74c75e9e04e528e02ccdf.jpg"
"https://www.hepsiemlak.com/mugla-ortaca-ataturk-kiralik/daire/126009-525","1 / 19","30.000","14/08/2026","Murat Çimen'den Ortaca Merkezde 2+1 Kiralık Daire / Ofis","Kiralık Daire","2 + 1","70 m²","Sıfır Bina","·","Kat","2. Kat","Muğla / Ortaca / Atatürk Mah.","https://www.hepsiemlak.com/_nuxt/8cafc93fb5c74c75e9e04e528e02ccdf.jpg","Murat Çimen Gayrimenkul","WhatsApp","Murat
                  Çimen","https://www.hepsiemlak.com/_nuxt/8cafc93fb5c74c75e9e04e528e02ccdf.jpg","https://www.hepsiemlak.com/_nuxt/8cafc93fb5c74c75e9e04e528e02ccdf.jpg"
"https://www.hepsiemlak.com/mugla-bodrum-yalikavak-kiralik/daire/128053-1352","1 / 19","65.000","31/08/2026","Yalıkavakta Marinaya Yürüme Mesafesinde Kiralık Üst Kat Daire","Kiralık Daire","2 + 1","70 m²","11 Yaşında","·","Kat","2. Kat","Muğla / Bodrum / Yalıkavak Mah.","https://www.hepsiemlak.com/_nuxt/8cafc93fb5c74c75e9e04e528e02ccdf.jpg","Global İpek Yapı A.Ş","WhatsApp","Ramazan
                  İpek","https://www.hepsiemlak.com/_nuxt/8cafc93fb5c74c75e9e04e528e02ccdf.jpg","https://www.hepsiemlak.com/_nuxt/8cafc93fb5c74c75e9e04e528e02ccdf.jpg"
"https://www.hepsiemlak.com/mugla-marmaris-hisaronu-kiralik/daire/0-47244204","1 / 12","25.000","04/09/2026","Kiralık Ev Orhaniye","Kiralık Daire","2 + 1","95 m²","20 Yaşında","·","Kat","2. Kat","Muğla / Marmaris / Hisarönü Mah.","https://www.hepsiemlak.com/_nuxt/8cafc93fb5c74c75e9e04e528e02ccdf.jpg","","WhatsApp","","",""
"https://www.hepsiemlak.com/mugla-yatagan-dere-kiralik/daire/147966-374","1 / 12","25.000","03/09/2026","Muğla Yatağan Dere Mahallesi 3+1 Kiralık Daire","Kiralık Daire","3 + 1","112 m²","21 Yaşında","·","Kat","1. Kat","Muğla / Yatağan / Dere Mah.","https://www.hepsiemlak.com/_nuxt/8cafc93fb5c74c75e9e04e528e02ccdf.jpg","İrem Karadağ Gayrimenkul","WhatsApp","","","https://www.hepsiemlak.com/_nuxt/8cafc93fb5c74c75e9e04e528e02ccdf.jpg"
"https://www.hepsiemlak.com/mugla-ula-akyaka-kiralik/daire/153515-11","1 / 12","40.000","01/09/2026","Muğla Ula Akyaka Da Kiralık Eşyalı Daire","Kiralık Daire","2 + 1","75 m²","30 Yaşında","·","Kat","1. Kat","Muğla / Ula / Akyaka Mah.","https://www.hepsiemlak.com/_nuxt/8cafc93fb5c74c75e9e04e528e02ccdf.jpg","Ceylan Emlak","WhatsApp","","","https://www.hepsiemlak.com/_nuxt/8cafc93fb5c74c75e9e04e528e02ccdf.jpg"
"https://www.hepsiemlak.com/mugla-fethiye-akarca-kiralik/daire/116316-398","1 / 11","25.000","04/09/2026","Fethiye Akarcada 2+1 Kiralık Daire","Kiralık Daire","2 + 1","110 m²","6 Yaşında","·","Kat","Bahçe Katı","Muğla / Fethiye / Akarca Mah.","https://www.hepsiemlak.com/_nuxt/8cafc93fb5c74c75e9e04e528e02ccdf.jpg","Cansoy Yatırım Emlak","WhatsApp","","","https://www.hepsiemlak.com/_nuxt/8cafc93fb5c74c75e9e04e528e02ccdf.jpg"
"https://www.hepsiemlak.com/mugla-koycegiz-gelisim-kiralik/daire/63057-845","1 / 27","35.000","07/09/2026","Hakan's Emlak'tan Köyceğiz Merkezde Kiralık Daire","Kiralık Daire","3 + 1","135 m²","4 Yaşında","·","Kat","2. Kat","Muğla / Köyceğiz / Gelişim Mah.","https://www.hepsiemlak.com/_nuxt/8cafc93fb5c74c75e9e04e528e02ccdf.jpg","Hakan' S Emlak","WhatsApp","Hakan
                  Ertuğrul","https://www.hepsiemlak.com/_nuxt/8cafc93fb5c74c75e9e04e528e02ccdf.jpg","https://www.hepsiemlak.com/_nuxt/8cafc93fb5c74c75e9e04e528e02ccdf.jpg"
"https://www.hepsiemlak.com/mugla-mentese-kotekli-kiralik/daire/143891-284","1 / 17","24.000","08/09/2026","Kötekli De Kiralık 1+1 Eşyalı Daire","Kiralık Daire","1 + 1","40 m²","6 Yaşında","·","Kat","Yüksek Giriş","Muğla / Menteşe / Kötekli Mah.","https://www.hepsiemlak.com/_nuxt/8cafc93fb5c74c75e9e04e528e02ccdf.jpg","Konum Emlak","WhatsApp","","","https://www.hepsiemlak.com/_nuxt/8cafc93fb5c74c75e9e04e528e02ccdf.jpg"
"https://www.hepsiemlak.com/mugla-koycegiz-gelisim-kiralik/daire/164376-59","1 / 26","35.000","05/09/2026","Ahmet Coşkun Gayrimenkulden Gelişim Mahallesinde Eşyalı 2+1","Kiralık Daire","2 + 1","100 m²","6 Yaşında","·","Kat","2. Kat","Muğla / Köyceğiz / Gelişim Mah.","https://www.hepsiemlak.com/_nuxt/8cafc93fb5c74c75e9e04e528e02ccdf.jpg","Ahmet Coşkun Gayrimenkul","WhatsApp","Ahmet
                  Coşkun","https://www.hepsiemlak.com/_nuxt/8cafc93fb5c74c75e9e04e528e02ccdf.jpg","https://www.hepsiemlak.com/_nuxt/8cafc93fb5c74c75e9e04e528e02ccdf.jpg"
"https://www.hepsiemlak.com/mugla-koycegiz-toparlar-kiralik/daire/144090-228","1 / 19","25.000","02/09/2026","Köyceğiz Toparlar Mahallesinde Kiralık 2+1 Daire","Kiralık Daire","2 + 1","110 m²","16 Yaşında","·","Kat","2. Kat","Muğla / Köyceğiz / Toparlar Mah.","https://www.hepsiemlak.com/_nuxt/8cafc93fb5c74c75e9e04e528e02ccdf.jpg","Flora Gayrimenkul","WhatsApp","","","https://www.hepsiemlak.com/_nuxt/8cafc93fb5c74c75e9e04e528e02ccdf.jpg"
"https://www.hepsiemlak.com/mugla-bodrum-akcaalan-kiralik/daire/142707-182","1 / 29","40.000","01/09/2026","*turgutreis, Yakaarası Mevkii | 3+1 | Çift Banyo | Kısmi Deniz M","Kiralık Daire","3 + 1","130 m²","16 Yaşında","·","Kat","2. Kat","Muğla / Bodrum / Akçaalan Mah.","https://www.hepsiemlak.com/_nuxt/8cafc93fb5c74c75e9e04e528e02ccdf.jpg","Bodrum Bulut Gayrimenkul","WhatsApp","Metin
                  Sucu","https://www.hepsiemlak.com/_nuxt/8cafc93fb5c74c75e9e04e528e02ccdf.jpg","https://www.hepsiemlak.com/_nuxt/8cafc93fb5c74c75e9e04e528e02ccdf.jpg"
"https://www.hepsiemlak.com/mugla-koycegiz-beyobasi-kiralik/daire/155994-120","1 / 15","25.000","28/08/2026","Köyceğiz Beyobası Mahallesinde Sıfır Daire Kiralık 2+1","Kiralık Daire","2 + 1","100 m²","Sıfır Bina","·","Kat","1. Kat","Muğla / Köyceğiz / Beyobası Mah.","https://www.hepsiemlak.com/_nuxt/8cafc93fb5c74c75e9e04e528e02ccdf.jpg","Artı Emlak","WhatsApp","Korhan
                  Aydın","https://www.hepsiemlak.com/_nuxt/8cafc93fb5c74c75e9e04e528e02ccdf.jpg","https://www.hepsiemlak.com/_nuxt/8cafc93fb5c74c75e9e04e528e02ccdf.jpg"
"https://www.hepsiemlak.com/mugla-fethiye-tuzla-kiralik/daire/165249-31","1 / 18","35.000","07/09/2026","Tuzla Mahallesinde Denize 100 Metre Eşyalı 2+1 Kiralık Daire","Kiralık Daire","2 + 1","90 m²","21 Yaşında","·","Kat","2. Kat","Muğla / Fethiye / Tuzla Mah.","https://www.hepsiemlak.com/_nuxt/8cafc93fb5c74c75e9e04e528e02ccdf.jpg","Ust Gayrimenkul Danışmanlığı","WhatsApp","","","https://www.hepsiemlak.com/_nuxt/8cafc93fb5c74c75e9e04e528e02ccdf.jpg"
"https://www.hepsiemlak.com/mugla-ortaca-eksiliyurt-kiralik/daire/151003-245","1 / 26","20.000","20/08/2026","Rotam Emlak'tan Ortaca'da Müstakil Tadında 2+1 Kiralık Daire","Kiralık Daire","2 + 1","110 m²","6 Yaşında","·","Kat","1. Kat","Muğla / Ortaca / Ekşiliyurt Mah.","https://www.hepsiemlak.com/_nuxt/8cafc93fb5c74c75e9e04e528e02ccdf.jpg","Rotam Emlak","WhatsApp","Hülya
                  Aşiroğlu","https://www.hepsiemlak.com/_nuxt/8cafc93fb5c74c75e9e04e528e02ccdf.jpg","https://www.hepsiemlak.com/_nuxt/8cafc93fb5c74c75e9e04e528e02ccdf.jpg"
"https://www.hepsiemlak.com/mugla-dalaman-serefler-kiralik/daire/170989-6","1 / 21","40.000","20/08/2026","Dalaman Şerefler'de Kiralık Eşyalı Daire","Kiralık Daire","2 + 1","130 m²","4 Yaşında","·","Kat","1. Kat","Muğla / Dalaman / Şerefler Mah.","https://www.hepsiemlak.com/_nuxt/8cafc93fb5c74c75e9e04e528e02ccdf.jpg","Gürköy Gayrimenkul","WhatsApp","","","https://www.hepsiemlak.com/img/loadings/noImage55-55.png"
"https://www.hepsiemlak.com/mugla-bodrum-kizilagac-kiralik/mustakil-ev/166551-92","1 / 23","40.000","14/08/2026","Bodrum Kızılağaç Özel Bahçeli Asma Katlı Ahşap Müstakil Ev","Kiralık Müstakil Ev","1 + 1","60 m²","11 Yaşında","·","Kat","Bahçe Katı","Muğla / Bodrum / Kızılağaç Mah.","https://www.hepsiemlak.com/_nuxt/8cafc93fb5c74c75e9e04e528e02ccdf.jpg","Duygu Akıncı Real Estate","WhatsApp","","","https://www.hepsiemlak.com/_nuxt/8cafc93fb5c74c75e9e04e528e02ccdf.jpg"
"https://www.hepsiemlak.com/mugla-fethiye-karaculha-kiralik/daire/153288-56","1 / 21","25.000","09/09/2026","Akdeniz Emlak'ta Çalıca'da 3+1 Ara Kat Kiralık Daire","Kiralık Daire","3 + 1","130 m²","25 Yaşında","·","Kat","2. Kat","Muğla / Fethiye / Karaçulha Mah.","https://www.hepsiemlak.com/_nuxt/8cafc93fb5c74c75e9e04e528e02ccdf.jpg","Akdeniz Emlak","WhatsApp","Mehmet
                  Türkmen","https://www.hepsiemlak.com/_nuxt/8cafc93fb5c74c75e9e04e528e02ccdf.jpg",""
"https://www.hepsiemlak.com/mugla-bodrum-karaova-kiralik/daire/121164-264","1 / 19","28.000","11/08/2026","Mumcukar Anacaddesı Uzerınde Genıs Kıralık 3+1","Kiralık Daire","3 + 1","120 m²","20 Yaşında","·","Kat","Ara Kat","Muğla / Bodrum / Karaova Mah.","https://www.hepsiemlak.com/_nuxt/8cafc93fb5c74c75e9e04e528e02ccdf.jpg","","WhatsApp","","",""
"https://www.hepsiemlak.com/mugla-bodrum-carsi-kiralik/daire/162504-12","1 / 32","100.000","17/08/2026","Bodrum Merkez, Çarşı Atatürk Caddesinde, Denize 2dk, Kiralık Boş Yeni 3+1 Bahçe Katı Daire","Kiralık Daire","3 + 1","180 m²","30 Yaşında","·","Kat","Bahçe Katı","Muğla / Bodrum / Çarşı Mah.","https://www.hepsiemlak.com/_nuxt/8cafc93fb5c74c75e9e04e528e02ccdf.jpg","","WhatsApp","","",""
"https://www.hepsiemlak.com/mugla-bodrum-yahsi-kiralik/daire/134691-73","1 / 27","85.000","31/08/2026","Bodrum Yahşi Vitrium Evlerinde Kiralık Bahçe Dubleksi","Kiralık Daire","3 + 1","180 m²","6 Yaşında","·","Kat","Zemin","Muğla / Bodrum / Yahşi Mah.","","Elif Olgaç Gayrimenkul & Yatırım Danışmanlığı","WhatsApp","","https://hecdnnw.hemlak.com/mncropresize/77/67/logo/1/9/6/4/3/1/f7897592-4b6b-4062-b1f6-22c60a6ebb3a.jpg",""
"https://www.hepsiemlak.com/mugla-milas-gunes-kiralik/daire/94718-3300","1 / 26","35.000","31/08/2026","Milas Güneş Mahallesi Çevre Yolu Arkasında Kiralık 3+1 Temiz Daire","Kiralık Daire","3 + 1","124 m²","8 Yaşında","·","Kat","2. Kat","Muğla / Milas / Güneş Mah.","https://hecdnnw.hemlak.com/mncropresize/77/67/logo/8/1/7/4/9/0/3ce98b38-235d-40c2-9268-4a6731df2f0c.jpg","Kdm Gayrimenkul Muğla","WhatsApp","","",""
"https://www.hepsiemlak.com/mugla-mentese-orhaniye-kiralik/daire/7027-1502","1 / 17","85.000","31/08/2026","Yeşil Rezidans'ta Kiralık Eşyalı 3+1 Daire","Kiralık Daire","3 + 1","165 m²","6 Yaşında","·","Kat","4. Kat","Muğla / Menteşe / Orhaniye Mah.","https://hecdnnw.hemlak.com/mncropresize/77/67/logo/7/2/0/7/0/0/78be80a5-8d5c-460a-a731-995bf16ef75e.jpg","Tunç Emlak","WhatsApp","","",""
"https://www.hepsiemlak.com/mugla-bodrum-karabag-kiralik/daire/6449-2062","1 / 17","49.000","03/09/2026","S-A-K-A-L-L-I-Dan Turgutreiste Eşyalı Eşyasız Kiralık Üst Dublex","Kiralık Daire","2 + 1","120 m²","21 Yaşında","·","Kat","2. Kat","Muğla / Bodrum / Karabağ Mah.","https://hecdn01.hemlak.com/mncropresize/182/137/ds01/5/5/1/8/0/2/7/4/a412fa2e-e105-4d07-9138-12ec84ced4ac.jpg","","WhatsApp","","",""
"https://www.hepsiemlak.com/mugla-bodrum-bitez-kiralik/mustakil-ev/65421-1576","1 / 32","60.000","17/08/2026","Bitez Bşehir Kolej Civarı Müstakil Bahçeli Dublexs","Kiralık Müstakil Ev","2 + 1","120 m²","30 Yaşında","·","Kat","","Muğla / Bodrum / Bitez Mah.","https://www.hepsiemlak.com/_nuxt/8cafc93fb5c74c75e9e04e528e02ccdf.jpg","Bodrum Kule Emlak","WhatsApp","Nihal
                  Sakarya","https://www.hepsiemlak.com/_nuxt/8cafc93fb5c74c75e9e04e528e02ccdf.jpg","https://www.hepsiemlak.com/_nuxt/8cafc93fb5c74c75e9e04e528e02ccdf.jpg"
"https://www.hepsiemlak.com/mugla-dalaman-karacali-kiralik/daire/0-47236398","1 / 11","18.000","03/09/2026","Sahibinden Atatürk Caddesi Üzeri Yeni Binada Güney Cephe Asansörlü Eşyasız","Kiralık Daire","1 + 1","64 m²","3 Yaşında","·","Kat","Ara Kat","Muğla / Dalaman / Karaçalı Mah.","https://www.hepsiemlak.com/_nuxt/8cafc93fb5c74c75e9e04e528e02ccdf.jpg","","WhatsApp","","",""
"https://www.hepsiemlak.com/mugla-dalaman-karacali-kiralik/daire/169365-19","1 / 11","20.000","21/08/2026","Dalaman Karaçalı Kiralık 2+1 Daire","Kiralık Daire","2 + 1","110 m²","16 Yaşında","·","Kat","En Üst Kat","Muğla / Dalaman / Karaçalı Mah.","https://www.hepsiemlak.com/_nuxt/8cafc93fb5c74c75e9e04e528e02ccdf.jpg","Liman Emlak","WhatsApp","","","https://www.hepsiemlak.com/_nuxt/8cafc93fb5c74c75e9e04e528e02ccdf.jpg"
"https://www.hepsiemlak.com/mugla-bodrum-koyunbaba-kiralik/daire/152407-18","1 / 11","35.000","28/08/2026","Bodrum Gümüşlük Kiralık Daire","Kiralık Daire","2 + 1","90 m²","16 Yaşında","·","Kat","1. Kat","Muğla / Bodrum / Koyunbaba Mah.","https://www.hepsiemlak.com/_nuxt/8cafc93fb5c74c75e9e04e528e02ccdf.jpg","","WhatsApp","","",""
"https://www.hepsiemlak.com/mugla-bodrum-gumbet-kiralik/daire/64802-7393","1 / 16","40.000","10/09/2026","Bodrum Gümbet Havuzlu Butik Site 1+1 Ferah Kiralık Üst Kat Daire","Kiralık Daire","1 + 1","50 m²","7 Yaşında","·","Kat","2. Kat","Muğla / Bodrum / Gümbet Mah.","https://www.hepsiemlak.com/_nuxt/8cafc93fb5c74c75e9e04e528e02ccdf.jpg","Hedef Gayrimenkul","WhatsApp","","","https://www.hepsiemlak.com/_nuxt/8cafc93fb5c74c75e9e04e528e02ccdf.jpg"
"https://www.hepsiemlak.com/mugla-bodrum-turgutreis-kiralik/daire/81674-732","1 / 25","50.000","08/09/2026","Bodrum Turgutreis Merkez Migros Market Üstü 4+1 Kiralık Ofis Veya Ev","Kiralık Daire","4 + 1","140 m²","20 Yaşında","·","Kat","2. Kat","Muğla / Bodrum / Turgutreis Mah.","https://www.hepsiemlak.com/_nuxt/8cafc93fb5c74c75e9e04e528e02ccdf.jpg","","WhatsApp","","",""
"https://www.hepsiemlak.com/mugla-mentese-orhaniye-kiralik/daire/100858-736","1 / 14","30.000","09/09/2026","Muğla Menteşe Orhaniye Mah.De 1+1 Full Eşyalı Daire","Kiralık Daire","1 + 1","55 m²","15 Yaşında","·","Kat","Giriş Katı","Muğla / Menteşe / Orhaniye Mah.","https://www.hepsiemlak.com/_nuxt/8cafc93fb5c74c75e9e04e528e02ccdf.jpg","Tolga Emlak Muğla","WhatsApp","","","https://www.hepsiemlak.com/_nuxt/8cafc93fb5c74c75e9e04e528e02ccdf.jpg"
"https://www.hepsiemlak.com/mugla-dalaman-karacali-kiralik/daire/158981-64","1 / 10","23.000","07/09/2026","Muğla Dalaman Karaçalı Mah Kiralık 2+1 Daire","Kiralık Daire","2 + 1","85 m²","Sıfır Bina","·","Kat","2. Kat","Muğla / Dalaman / Karaçalı Mah.","https://www.hepsiemlak.com/_nuxt/8cafc93fb5c74c75e9e04e528e02ccdf.jpg","Velioğlu Gayrimenkul","WhatsApp","İbrahim
                  Polat","https://www.hepsiemlak.com/_nuxt/8cafc93fb5c74c75e9e04e528e02ccdf.jpg","https://www.hepsiemlak.com/_nuxt/8cafc93fb5c74c75e9e04e528e02ccdf.jpg"
"https://www.hepsiemlak.com/mugla-bodrum-turkkuyusu-kiralik/daire/35064-1967","1 / 20","60.000","21/08/2026","Bodrum Merkez Kiralık 3+1","Kiralık Daire","3 + 1","90 m²","15 Yaşında","·","Kat","En Üst Kat","Muğla / Bodrum / Türkkuyusu Mah.","https://www.hepsiemlak.com/_nuxt/8cafc93fb5c74c75e9e04e528e02ccdf.jpg","","WhatsApp","","",""
"https://www.hepsiemlak.com/mugla-milas-haci-ilyas-kiralik/daire/166795-27","1 / 13","20.500","03/09/2026","Milas Gümüşlük Mah. Büyük Balkonlu Kiralık 1+1 Daire","Kiralık Daire","1 + 1","50 m²","2 Yaşında","·","Kat","Ara Kat","Muğla / Milas / Hacı İlyas Mah.","https://www.hepsiemlak.com/_nuxt/8cafc93fb5c74c75e9e04e528e02ccdf.jpg","Grandliva","WhatsApp","","","https://www.hepsiemlak.com/_nuxt/8cafc93fb5c74c75e9e04e528e02ccdf.jpg"
"https://www.hepsiemlak.com/mugla-ortaca-eskikoy-kiralik/daire/151774-182","1 / 13","23.000","02/09/2026","Ortaca Eskiköy'de 2+1 130 M² Zemin Kat Isı Pompalı Kiralık","Kiralık Daire","2 + 1","130 m²","16 Yaşında","·","Kat","Zemin","Muğla / Ortaca / Eskiköy Mah.","https://www.hepsiemlak.com/_nuxt/8cafc93fb5c74c75e9e04e528e02ccdf.jpg","Adz Gayrimenkul","WhatsApp","","","https://www.hepsiemlak.com/_nuxt/8cafc93fb5c74c75e9e04e528e02ccdf.jpg"
"https://www.hepsiemlak.com/mugla-marmaris-armutalan-kiralik/daire/149115-225","1 / 13","69.000","18/08/2026","Ahmet Ayar Gayrimenkul'den Çolakoğlu Doğa Evlerinde Kiralık 3+1","Kiralık Daire","3 + 1","140 m²","11 Yaşında","·","Kat","Bahçe Katı","Muğla / Marmaris / Armutalan Mah.","https://www.hepsiemlak.com/_nuxt/8cafc93fb5c74c75e9e04e528e02ccdf.jpg","Ahmet Ayar Real Estate","WhatsApp","","","https://www.hepsiemlak.com/_nuxt/8cafc93fb5c74c75e9e04e528e02ccdf.jpg"
"https://www.hepsiemlak.com/mugla-bodrum-turgutreis-kiralik/daire/28555-2616","1 / 20","50.000","26/08/2026","Sör Emlak'tan Turgutreis'in En Merkezi Konumunda Kiralık Daire","Kiralık Daire","3 + 1","120 m²","6 Yaşında","·","Kat","2. Kat","Muğla / Bodrum / Turgutreis Mah.","https://www.hepsiemlak.com/_nuxt/8cafc93fb5c74c75e9e04e528e02ccdf.jpg","Sör Emlak","WhatsApp","","","https://www.hepsiemlak.com/_nuxt/8cafc93fb5c74c75e9e04e528e02ccdf.jpg"
"https://www.hepsiemlak.com/mugla-datca-iskele-kiralik/daire/125843-616","1 / 29","150.000","31/08/2026","Datçanın Merkezinde Deniz Manzaralı 140m2 3+1 Sezonluk Kiralık Daire","Kiralık Daire","3 + 1","140 m²","11 Yaşında","·","Kat","3. Kat","Muğla / Datça / İskele Mah.","https://www.hepsiemlak.com/_nuxt/8cafc93fb5c74c75e9e04e528e02ccdf.jpg","Era Zeytin Gayrimenkul Datça","WhatsApp","","","https://www.hepsiemlak.com/_nuxt/8cafc93fb5c74c75e9e04e528e02ccdf.jpg"
"https://www.hepsiemlak.com/mugla-bodrum-turgutreis-kiralik/villa/140202-3045","1 / 34","100.000","18/08/2026","Turgutreis De Müstakil Havuzlu Muhteşem Manzaralı Kiralık 3+1 Villa","Kiralık Villa","3 + 1","170 m²","8 Yaşında","·","Kat","","Muğla / Bodrum / Turgutreis Mah.","https://www.hepsiemlak.com/_nuxt/8cafc93fb5c74c75e9e04e528e02ccdf.jpg","Century21 Begonvill Gayrimenkul","WhatsApp","","","https://www.hepsiemlak.com/_nuxt/8cafc93fb5c74c75e9e04e528e02ccdf.jpg"
"https://www.hepsiemlak.com/mugla-bodrum-akyarlar-kiralik/daire/82628-1136","1 / 44","200.000","19/08/2026","Fc Group Bodrum Akyarlar Meteor Beachte 2026 Yaz Sezonu Kiralık","Kiralık Daire","2 + 1","95 m²","26 Yaşında","·","Kat","Bahçe Katı","Muğla / Bodrum / Akyarlar Mah.","https://www.hepsiemlak.com/_nuxt/8cafc93fb5c74c75e9e04e528e02ccdf.jpg","Fc Group","WhatsApp","","","https://www.hepsiemlak.com/_nuxt/8cafc93fb5c74c75e9e04e528e02ccdf.jpg"
"https://www.hepsiemlak.com/mugla-bodrum-akyarlar-kiralik/villa/170427-90","1 / 17","190.000","04/09/2026","Bodrum Akyarlar Da Kiralık Villa 4+1 Denize Sıfır Sitede","Kiralık Villa","4 + 1","220 m²","5 Yaşında","·","Kat","","Muğla / Bodrum / Akyarlar Mah.","https://www.hepsiemlak.com/_nuxt/8cafc93fb5c74c75e9e04e528e02ccdf.jpg","Bodrum Zeytin Gayrimenkul Ticaret Anonim Şirketi","WhatsApp","","","https://www.hepsiemlak.com/_nuxt/8cafc93fb5c74c75e9e04e528e02ccdf.jpg"
"https://www.hepsiemlak.com/mugla-ortaca-cumhuriyet-kiralik/daire/137968-143","1 / 9","50.000","06/09/2026","Cumhuriyet Mahallesinde Kiralık 3+1 Eşyalı Ev","Kiralık Daire","3 + 1","130 m²","6 Yaşında","·","Kat","2. Kat","Muğla / Ortaca / Cumhuriyet Mah.","https://www.hepsiemlak.com/_nuxt/8cafc93fb5c74c75e9e04e528e02ccdf.jpg","","WhatsApp","","",""
"https://www.hepsiemlak.com/mugla-dalaman-altintas-kiralik/daire/146538-216","1 / 12","24.000","27/08/2026","Dalaman Seyfettin İnce Caddesinde 1+1 Eşyalı Kiralık Daire","Kiralık Daire","1 + 1","65 m²","3 Yaşında","·","Kat","2. Kat","Muğla / Dalaman / Altıntas Mah.","https://www.hepsiemlak.com/_nuxt/8cafc93fb5c74c75e9e04e528e02ccdf.jpg","Pınar Gayrimenkul","WhatsApp","İlhan
                  Ekin","https://www.hepsiemlak.com/_nuxt/8cafc93fb5c74c75e9e04e528e02ccdf.jpg","https://www.hepsiemlak.com/_nuxt/8cafc93fb5c74c75e9e04e528e02ccdf.jpg"
"https://www.hepsiemlak.com/mugla-mentese-kotekli-kiralik/daire/143891-283","1 / 26","32.000","08/09/2026","Kötekli De Kiralık 2+1 Eşyalı Daire","Kiralık Daire","2 + 1","60 m²","11 Yaşında","·","Kat","3. Kat","Muğla / Menteşe / Kötekli Mah.","https://www.hepsiemlak.com/_nuxt/8cafc93fb5c74c75e9e04e528e02ccdf.jpg","Konum Emlak","WhatsApp","","","https://www.hepsiemlak.com/_nuxt/8cafc93fb5c74c75e9e04e528e02ccdf.jpg"
"https://www.hepsiemlak.com/mugla-ortaca-sarigerme-kiralik/villa/167951-181","1 / 31","50.000","04/09/2026","Airport Emlaktan Sarıgermede Deniz Manzaralı 3+1 Kiralık Villa","Kiralık Villa","3 + 1","135 m²","1 Yaşında","·","Kat","","Muğla / Ortaca / Sarıgerme Mah.","","Airport Emlak","WhatsApp","","https://hecdnnw.hemlak.com/mncropresize/77/67/logo/1/5/9/7/6/1/fda44b82-cfbe-4590-a38d-74eb868be728.jpg",""
"https://www.hepsiemlak.com/mugla-datca-iskele-kiralik/daire/162432-359","1 / 16","35.000","27/08/2026","Startkey Pelit Merkeze Yakın Eşyalı Kiralık 1+1 Daire","Kiralık Daire","1 + 1","65 m²","11 Yaşında","·","Kat","3. Kat","Muğla / Datça / İskele Mah.","https://hecdnnw.hemlak.com/mncropresize/77/67/logo/2/3/4/2/6/1/cbd7b1ea-f8c7-4d62-ba52-74b9fcf00a3f.jpg","Startkey Pelit Gayrimenkul","WhatsApp","","",""
"https://www.hepsiemlak.com/mugla-marmaris-tepe-kiralik/daire/154371-91","1 / 23","40.000","24/08/2026","Marmaris Merkezde Eşyalı 2+1 Kiralık Daire","Kiralık Daire","2 + 1","100 m²","26 Yaşında","·","Kat","2. Kat","Muğla / Marmaris / Tepe Mah.","https://hecdnnw.hemlak.com/mncropresize/77/67/logo/1/7/3/4/5/1/1efa0019-b74f-4f1f-a4ed-5c8a1176eeef.jpg","Sky Gayrimenkul Marmaris","WhatsApp","Uluç Egemen
                  Taykurt","https://hecdnnw.hemlak.com/mncropresize/77/67/firmuser/4/5/5/0/5/3/4/c69edd0b-6fee-4b55-b9ef-c80f24762b3e.jpg",""
"https://www.hepsiemlak.com/mugla-koycegiz-zeytinalani-kiralik/daire/163837-650","1 / 27","30.000","08/09/2026","Adress Ailesi'nden Zeytinalanı Mah. Kiralık Geniş 2+1 Daire","Kiralık Daire","2 + 1","105 m²","Sıfır Bina","·","Kat","Yüksek Giriş","Muğla / Köyceğiz / Zeytinalanı Mah.","https://hecdn01.hemlak.com/mncropresize/182/137/ds01/5/3/0/9/5/0/7/4/ebf215c5-0b78-4ee5-b55c-e52245ff1b4e.jpg","Adress Ailesi Emlak Danışmanlığı","WhatsApp","","","https://hecdnnw.hemlak.com/mncropresize/77/67/logo/7/3/8/3/6/1/7c2be6d1-cb12-4cdb-921c-72d0d6090c4c.jpg"
"https://www.hepsiemlak.com/mugla-seydikemer-menekse-kiralik/daire/150925-751","1 / 17","22.000","21/08/2026","Seydikemer Menekşe Mah.Merkezi Konumda 2+1 Çatı Dubleks","Kiralık Daire","2 + 1","125 m²","Sıfır Bina","·","Kat","3. Kat","Muğla / Seydikemer / Menekşe Mah.","https://www.hepsiemlak.com/_nuxt/8cafc93fb5c74c75e9e04e528e02ccdf.jpg","Uğur Emlak Seydikemer","WhatsApp","","","https://www.hepsiemlak.com/_nuxt/8cafc93fb5c74c75e9e04e528e02ccdf.jpg"
"https://www.hepsiemlak.com/mugla-fethiye-karaculha-kiralik/daire/153288-55","1 / 41","28.000","09/09/2026","Akdeniz Emlak'ta Fethiye Çalıca'da 3+1 Eşyalı Kiralık Daire","Kiralık Daire","3 + 1","130 m²","20 Yaşında","·","Kat","En Üst Kat","Muğla / Fethiye / Karaçulha Mah.","https://www.hepsiemlak.com/_nuxt/8cafc93fb5c74c75e9e04e528e02ccdf.jpg","Akdeniz Emlak","WhatsApp","Mehmet
                  Türkmen","https://www.hepsiemlak.com/_nuxt/8cafc93fb5c74c75e9e04e528e02ccdf.jpg",""
"https://www.hepsiemlak.com/mugla-milas-gulluk-kiralik/mustakil-ev/131358-168","1 / 22","50.000","25/08/2026","Milas Güllük Mahallesi De Kiralık Müstakil Ev","Kiralık Müstakil Ev","3 + 1","120 m²","31 Yaşında","·","Kat","Bahçe Katı","Muğla / Milas / Güllük Mah.","https://www.hepsiemlak.com/_nuxt/8cafc93fb5c74c75e9e04e528e02ccdf.jpg","","WhatsApp","","",""
"https://www.hepsiemlak.com/mugla-bodrum-peksimet-kiralik/villa/69532-49","1 / 23","125.000","22/08/2026","Gümüşlük'te Butik Sitede 3+1 Kiralık Villa!","Kiralık Villa","3 + 1","140 m²","Sıfır Bina","·","Kat","Bahçe Katı","Muğla / Bodrum / Peksimet Mah.","https://www.hepsiemlak.com/_nuxt/8cafc93fb5c74c75e9e04e528e02ccdf.jpg","Özaşkın Emlak","WhatsApp","Hürriyet
                  Günen","https://www.hepsiemlak.com/_nuxt/8cafc93fb5c74c75e9e04e528e02ccdf.jpg",""
"https://www.hepsiemlak.com/mugla-fethiye-patlangic-kiralik/daire/97683-1445","1 / 35","25.000","04/09/2026","İlkon'dan Taşyaka'da Panoramik Manzaralı Geniş 2+1 Kiralık Daire","Kiralık Daire","2 + 1","120 m²","16 Yaşında","·","Kat","3. Kat","Muğla / Fethiye / Patlangıç Mah.","https://www.hepsiemlak.com/_nuxt/8cafc93fb5c74c75e9e04e528e02ccdf.jpg","İlkon Gayrimenkul","WhatsApp","","","https://www.hepsiemlak.com/_nuxt/8cafc93fb5c74c75e9e04e528e02ccdf.jpg"
"https://www.hepsiemlak.com/mugla-marmaris-tepe-kiralik/daire/34923-1654","1 / 20","47.000","26/08/2026","Marmaris 19 Mayıs Meydanına Yakın 1. Kat ,2+1 Kiralık","Kiralık Daire","2 + 1","85 m²","26 Yaşında","·","Kat","1. Kat","Muğla / Marmaris / Tepe Mah.","https://www.hepsiemlak.com/_nuxt/8cafc93fb5c74c75e9e04e528e02ccdf.jpg","","WhatsApp","","",""
"https://www.hepsiemlak.com/mugla-milas-aydinlikevler-kiralik/daire/120565-713","1 / 20","23.500","07/09/2026","Sultan Sitesinde Arakat 3+1 Geniş Kiralık Daire","Kiralık Daire","3 + 1","150 m²","20 Yaşında","·","Kat","3. Kat","Muğla / Milas / Aydınlıkevler Mah.","https://www.hepsiemlak.com/_nuxt/8cafc93fb5c74c75e9e04e528e02ccdf.jpg","Mülk’edin Gayrimenkul","WhatsApp","","","https://www.hepsiemlak.com/_nuxt/8cafc93fb5c74c75e9e04e528e02ccdf.jpg"
"https://www.hepsiemlak.com/mugla-mentese-gulagzi-kiralik/mustakil-ev/100020-229","1 / 17","25.000","09/09/2026","Muğla Gülağzı Mahallesinde Eşyalı Müstakil 2+1 Kiralık Daire","Kiralık Müstakil Ev","2 + 1","85 m²","17 Yaşında","·","Kat","","Muğla / Menteşe / Gülağzı Mah.","https://www.hepsiemlak.com/_nuxt/8cafc93fb5c74c75e9e04e528e02ccdf.jpg","","WhatsApp","","",""
"https://www.hepsiemlak.com/mugla-bodrum-yalikavak-kiralik/daire/135522-529","1 / 14","42.000","01/09/2026","Yalıkavak Merkez Denize 100 Metre Kiralık Daire","Kiralık Daire","2 + 1","100 m²","16 Yaşında","·","Kat","2. Kat","Muğla / Bodrum / Yalıkavak Mah.","https://www.hepsiemlak.com/_nuxt/8cafc93fb5c74c75e9e04e528e02ccdf.jpg","Yükselen Gayrimenkul","WhatsApp","","","https://www.hepsiemlak.com/_nuxt/8cafc93fb5c74c75e9e04e528e02ccdf.jpg"
"https://www.hepsiemlak.com/mugla-bodrum-yenikoy-kiralik/daire/128053-1391","1 / 17","75.000","04/09/2026","Yeniköyde Konforlu Yaşam Fırsatı | 3+1 Kiralık Daire","Kiralık Daire","3 + 1","85 m²","Sıfır Bina","·","Kat","2. Kat","Muğla / Bodrum / Yeniköy Mah.","https://www.hepsiemlak.com/_nuxt/8cafc93fb5c74c75e9e04e528e02ccdf.jpg","Global İpek Yapı A.Ş","WhatsApp","","","https://www.hepsiemlak.com/_nuxt/8cafc93fb5c74c75e9e04e528e02ccdf.jpg"
"https://www.hepsiemlak.com/mugla-fethiye-foca-kiralik/daire/0-47268330","1 / 8","30.000","08/09/2026","Fethiye Foça Mahallesinde Sahibinden Kiralık Daire","Kiralık Daire","2 + 1","191 m²","30 Yaşında","·","Kat","Bahçe Katı","Muğla / Fethiye / Foça Mah.","https://www.hepsiemlak.com/_nuxt/8cafc93fb5c74c75e9e04e528e02ccdf.jpg","","WhatsApp","","",""
"https://www.hepsiemlak.com/mugla-bodrum-kumbahce-kiralik/daire/148553-25","1 / 8","45.000","12/08/2026","Kumbahçe Sahile 1 Dk","Kiralık Daire","2 + 1","75 m²","16 Yaşında","·","Kat","2. Kat","Muğla / Bodrum / Kumbahçe Mah.","https://www.hepsiemlak.com/_nuxt/8cafc93fb5c74c75e9e04e528e02ccdf.jpg","","WhatsApp","","",""
"https://www.hepsiemlak.com/mugla-milas-emek-kiralik/daire/166724-219","1 / 11","25.000","07/09/2026","Garipoğullarından Eşyalı 1+1","Kiralık Daire","1 + 1","65 m²","4 Yaşında","·","Kat","1. Kat","Muğla / Milas / Emek Mah.","https://www.hepsiemlak.com/_nuxt/8cafc93fb5c74c75e9e04e528e02ccdf.jpg","Garipoğulları Gayrimenkul","WhatsApp","","","https://www.hepsiemlak.com/_nuxt/8cafc93fb5c74c75e9e04e528e02ccdf.jpg"
"https://www.hepsiemlak.com/mugla-bodrum-turgutreis-kiralik/daire/6449-2052","1 / 16","40.000","05/09/2026","S-A-K-A-L-L-I-D-A-N Turgutreis Merkezde Eşyalı Kiralık Daire","Kiralık Daire","2 + 1","110 m²","16 Yaşında","·","Kat","1. Kat","Muğla / Bodrum / Turgutreis Mah.","https://www.hepsiemlak.com/_nuxt/8cafc93fb5c74c75e9e04e528e02ccdf.jpg","","WhatsApp","","",""
"https://www.hepsiemlak.com/mugla-koycegiz-gulpinar-kiralik/daire/164376-57","1 / 14","27.000","03/09/2026","Ahmet Coşkun Gayrimenkulden Geniş Müsatakil Girişli 1+1 Daire","Kiralık Daire","1 + 1","70 m²","Sıfır Bina","·","Kat","Yüksek Giriş","Muğla / Köyceğiz / Gülpınar Mah.","https://www.hepsiemlak.com/_nuxt/8cafc93fb5c74c75e9e04e528e02ccdf.jpg","Ahmet Coşkun Gayrimenkul","WhatsApp","Ahmet
                  Coşkun","https://www.hepsiemlak.com/_nuxt/8cafc93fb5c74c75e9e04e528e02ccdf.jpg","https://www.hepsiemlak.com/_nuxt/8cafc93fb5c74c75e9e04e528e02ccdf.jpg"
"https://www.hepsiemlak.com/mugla-fethiye-akarca-kiralik/daire/140611-258","1 / 14","27.000","01/09/2026","Akarcada Muhteşem Teraslı Eşyasız 2+0 Çatı Katı Uzun Dönem","Kiralık Daire","2 + 0","90 m²","11 Yaşında","·","Kat","Çatı Katı","Muğla / Fethiye / Akarca Mah.","https://www.hepsiemlak.com/_nuxt/8cafc93fb5c74c75e9e04e528e02ccdf.jpg","Golden Key Emlak","WhatsApp","","","https://www.hepsiemlak.com/_nuxt/8cafc93fb5c74c75e9e04e528e02ccdf.jpg"
"https://www.hepsiemlak.com/mugla-dalaman-merkez-kiralik/daire/170989-8","1 / 14","28.000","27/08/2026","Dalaman Merkez'de Kiralık 3+1 Daire","Kiralık Daire","3 + 1","110 m²","5 Yaşında","·","Kat","1. Kat","Muğla / Dalaman / Merkez Mah.","https://www.hepsiemlak.com/_nuxt/8cafc93fb5c74c75e9e04e528e02ccdf.jpg","Gürköy Gayrimenkul","WhatsApp","","","https://www.hepsiemlak.com/img/loadings/noImage55-55.png"
"https://www.hepsiemlak.com/mugla-mentese-akkaya-kiralik/daire/139386-755","1 / 14","21.000","10/09/2026","Muğla Akkaya 'da 2+1 Kiralık Ara Kat Müstakil Giriş Bahçeli","Kiralık Daire","2 + 1","95 m²","16 Yaşında","·","Kat","2. Kat","Muğla / Menteşe / Akkaya Mah.","https://www.hepsiemlak.com/_nuxt/8cafc93fb5c74c75e9e04e528e02ccdf.jpg","","WhatsApp","","",""
"https://www.hepsiemlak.com/mugla-mentese-yenikoy-kiralik/mustakil-ev/115758-1955","1 / 16","36.000","05/09/2026","Lider'den Muğla Menteşe Yeniköy'de Kiralık 3+1 Dubleks","Kiralık Müstakil Ev","3 + 1","125 m²","14 Yaşında","·","Kat","","Muğla / Menteşe / Yeniköy Mah.","https://www.hepsiemlak.com/_nuxt/8cafc93fb5c74c75e9e04e528e02ccdf.jpg","Lider Gayrimenkul","WhatsApp","","","https://www.hepsiemlak.com/_nuxt/8cafc93fb5c74c75e9e04e528e02ccdf.jpg"
"https://www.hepsiemlak.com/mugla-dalaman-karacali-kiralik/daire/10402-11613","1 / 25","35.000","26/08/2026","Dalaman / Karaçalıda Kiralık Daire 35.000 Tl","Kiralık Daire","2 + 1","105 m²","11 Yaşında","·","Kat","Zemin","Muğla / Dalaman / Karaçalı Mah.","https://www.hepsiemlak.com/_nuxt/8cafc93fb5c74c75e9e04e528e02ccdf.jpg","","WhatsApp","","",""
"https://www.hepsiemlak.com/mugla-mentese-yenikoy-kiralik/daire/128524-420","1 / 17","24.000","17/08/2026","Yeniköyde Spor Lisesi Karşısı Sıfır Lüx Kiralık 1+1 Daire","Kiralık Daire","1 + 1","45 m²","Sıfır Bina","·","Kat","2. Kat","Muğla / Menteşe / Yeniköy Mah.","","","WhatsApp","","",""
"https://www.hepsiemlak.com/mugla-ula-gokova-kiralik/villa/94718-3299","1 / 22","41.000","31/08/2026","Muğla’nın İncisi Gökova’da Kiralık Müstakil Tripleks","Kiralık Villa","3 + 1","112 m²","Sıfır Bina","·","Kat","","Muğla / Ula / Gökova Mah.","https://hecdnnw.hemlak.com/mncropresize/77/67/logo/8/1/7/4/9/0/3ce98b38-235d-40c2-9268-4a6731df2f0c.jpg","Kdm Gayrimenkul Muğla","WhatsApp","","",""
"https://www.hepsiemlak.com/mugla-koycegiz-ulucami-kiralik/daire/63057-841","1 / 22","36.500","08/09/2026","Köyceğiz Ulucami Mahallesi’nde Kiralık 3+1 Geniş Eşyalı Daire","Kiralık Daire","3 + 1","130 m²","10 Yaşında","·","Kat","1. Kat","Muğla / Köyceğiz / Ulucami Mah.","https://hecdnnw.hemlak.com/mncropresize/77/67/logo/7/5/0/3/6/0/6d4b9d6e-01a7-4710-a29a-52ac4299df68.jpg","Hakan' S Emlak","WhatsApp","Hakan
                  Ertuğrul","https://hecdnnw.hemlak.com/mncropresize/77/67/firmuser/9/1/8/0/4/1/1/42601664-81a6-4101-a02b-1e5b2ff06506.jpg",""
"https://www.hepsiemlak.com/mugla-fethiye-tasyaka-kiralik/daire/151127-119","1 / 7","40.000","08/09/2026","Mercan Gayrimenkul'den Erasta Avmye Çok Yakın Eşyalı 2+1 Daire","Kiralık Daire","2 + 1","85 m²","16 Yaşında","·","Kat","3. Kat","Muğla / Fethiye / Taşyaka Mah.","https://hecdn01.hemlak.com/mncropresize/182/137/ds01/0/5/0/2/6/2/7/4/491c1265-964c-41dd-841f-14267df9193e.jpg","","WhatsApp","","",""
"https://www.hepsiemlak.com/mugla-koycegiz-gulpinar-kiralik/daire/110504-356","1 / 14","25.000","04/09/2026","Köyceğiz Gülpınar' Da 1+1 Eşyalı Kiralık Daire","Kiralık Daire","1 + 1","85 m²","30 Yaşında","·","Kat","Çatı Katı","Muğla / Köyceğiz / Gülpınar Mah.","https://www.hepsiemlak.com/_nuxt/8cafc93fb5c74c75e9e04e528e02ccdf.jpg","Çınar Emlak","WhatsApp","","","https://www.hepsiemlak.com/_nuxt/8cafc93fb5c74c75e9e04e528e02ccdf.jpg"
"https://www.hepsiemlak.com/mugla-bodrum-dirmil-kiralik/daire/65421-1401","1 / 29","75.000","24/08/2026","Yalıkavak Elit Site İçi Sezonluk 2+1 Bahçe Katı ….","Kiralık Daire","3 + 10","130 m²","13 Yaşında","·","Kat","Bahçe Katı","Muğla / Bodrum / Dirmil Mah.","https://www.hepsiemlak.com/_nuxt/8cafc93fb5c74c75e9e04e528e02ccdf.jpg","Bodrum Kule Emlak","WhatsApp","Nihal
                  Sakarya","https://www.hepsiemlak.com/_nuxt/8cafc93fb5c74c75e9e04e528e02ccdf.jpg","https://www.hepsiemlak.com/_nuxt/8cafc93fb5c74c75e9e04e528e02ccdf.jpg"
"https://www.hepsiemlak.com/mugla-bodrum-karaova-kiralik/daire/121164-275","1 / 13","33.000","08/09/2026","Mumcular Merkezde Kıralık Esyalı 2+1","Kiralık Daire","2 + 1","80 m²","5 Yaşında","·","Kat","Bahçe Katı","Muğla / Bodrum / Karaova Mah.","https://www.hepsiemlak.com/_nuxt/8cafc93fb5c74c75e9e04e528e02ccdf.jpg","","WhatsApp","","",""
"https://www.hepsiemlak.com/mugla-marmaris-siteler-kiralik/daire/26388-6117","1 / 26","90.000","18/08/2026","Marmaris Kemeraltı Kiralık Genç Binada 4+1 Dubleks Daire/ofis","Kiralık Daire","4 + 1","230 m²","5 Yaşında","·","Kat","2. Kat","Muğla / Marmaris / Siteler Mah.","https://www.hepsiemlak.com/_nuxt/8cafc93fb5c74c75e9e04e528e02ccdf.jpg","Tt Emlak","WhatsApp","","","https://www.hepsiemlak.com/_nuxt/8cafc93fb5c74c75e9e04e528e02ccdf.jpg"
"https://www.hepsiemlak.com/mugla-marmaris-kemeralti-kiralik/daire/142925-161","1 / 13","40.000","07/09/2026","Fi Harita Gayrimenkul Aylık Ödemeli Eşyalı Bahçeli 2+1 Daire","Kiralık Daire","2 + 1","100 m²","11 Yaşında","·","Kat","Bahçe Katı","Muğla / Marmaris / Kemeraltı Mah.","https://www.hepsiemlak.com/_nuxt/8cafc93fb5c74c75e9e04e528e02ccdf.jpg","Fi Harita Gayrimenkul","WhatsApp","","","https://www.hepsiemlak.com/_nuxt/8cafc93fb5c74c75e9e04e528e02ccdf.jpg"
"https://www.hepsiemlak.com/mugla-bodrum-muskebi-kiralik/daire/129219-480","1 / 13","50.000","19/08/2026","Bodrum Ortakent Kiralık 1+1 Eşyalı Daire","Kiralık Daire","1 + 1","60 m²","6 Yaşında","·","Kat","Bahçe Katı","Muğla / Bodrum / Müskebi Mah.","https://www.hepsiemlak.com/_nuxt/8cafc93fb5c74c75e9e04e528e02ccdf.jpg","Bosel Gayrimenkul","WhatsApp","","","https://www.hepsiemlak.com/_nuxt/8cafc93fb5c74c75e9e04e528e02ccdf.jpg"
"https://www.hepsiemlak.com/mugla-dalaman-sogutluyurt-kiralik/daire/171354-3","1 / 12","25.500","03/09/2026","Prestij' Den Söğütlüyurt'da Eşyasız Ve Eşyalı Kiralık 2+1 Daire","Kiralık Daire","2 + 1","115 m²","3 Yaşında","·","Kat","Yüksek Giriş","Muğla / Dalaman / Söğütlüyurt Mah.","https://www.hepsiemlak.com/_nuxt/8cafc93fb5c74c75e9e04e528e02ccdf.jpg","Prestij Gayrimenkul","WhatsApp","","","https://www.hepsiemlak.com/_nuxt/8cafc93fb5c74c75e9e04e528e02ccdf.jpg"
"https://www.hepsiemlak.com/mugla-ortaca-terzialiler-kiralik/mustakil-ev/82884-2027","1 / 22","25.000","04/09/2026","Ortaca Merkezde Kiralık 3+1  Yarı Mustakil Ev","Kiralık Müstakil Ev","3 + 1","150 m²","20 Yaşında","·","Kat","","Muğla / Ortaca / Terzialiler Mah.","https://www.hepsiemlak.com/_nuxt/8cafc93fb5c74c75e9e04e528e02ccdf.jpg","Elit Emlak","WhatsApp","","","https://www.hepsiemlak.com/_nuxt/8cafc93fb5c74c75e9e04e528e02ccdf.jpg"
"https://www.hepsiemlak.com/mugla-fethiye-patlangic-kiralik/daire/119274-97","1 / 15","35.000","07/09/2026","Site İçerisinde Kiralık Ara Kat 1+1 Daire","Kiralık Daire","1 + 1","50 m²","1 Yaşında","·","Kat","2. Kat","Muğla / Fethiye / Patlangıç Mah.","https://www.hepsiemlak.com/_nuxt/8cafc93fb5c74c75e9e04e528e02ccdf.jpg","","WhatsApp","","",""
"https://www.hepsiemlak.com/mugla-mentese-dugerek-kiralik/daire/7027-1505","1 / 20","50.000","10/09/2026","Lotus Park'ta Kiralık 2+1 Özel Bahçeli Daire","Kiralık Daire","2 + 1","90 m²","6 Yaşında","·","Kat","Bahçe Katı","Muğla / Menteşe / Düğerek Mah.","https://www.hepsiemlak.com/_nuxt/8cafc93fb5c74c75e9e04e528e02ccdf.jpg","Tunç Emlak","WhatsApp","","","https://www.hepsiemlak.com/_nuxt/8cafc93fb5c74c75e9e04e528e02ccdf.jpg"
"https://www.hepsiemlak.com/mugla-fethiye-oludeniz-kiralik/villa/148225-1633","1 / 32","35.000","31/08/2026","Goldhouse Dan Kiralık Ölüdenizde Full Eşyalı 2+1 Villa","Kiralık Villa","2 + 1","130 m²","21 Yaşında","·","Kat","","Muğla / Fethiye / Ölüdeniz Mah.","https://www.hepsiemlak.com/_nuxt/8cafc93fb5c74c75e9e04e528e02ccdf.jpg","Gold House Gayrimenkul Danışmanlık","WhatsApp","","","https://www.hepsiemlak.com/_nuxt/8cafc93fb5c74c75e9e04e528e02ccdf.jpg"
"https://www.hepsiemlak.com/mugla-bodrum-yenikoy-kiralik/daire/170427-6","1 / 34","42.500","02/09/2026","Bodrum Eskiçeşme'de Yıllık Kiralık 2+1 Daire","Kiralık Daire","2 + 1","65 m²","18 Yaşında","·","Kat","1. Kat","Muğla / Bodrum / Yeniköy Mah.","https://www.hepsiemlak.com/_nuxt/8cafc93fb5c74c75e9e04e528e02ccdf.jpg","Bodrum Zeytin Gayrimenkul Ticaret Anonim Şirketi","WhatsApp","","","https://www.hepsiemlak.com/_nuxt/8cafc93fb5c74c75e9e04e528e02ccdf.jpg"
"https://www.hepsiemlak.com/mugla-fethiye-patlangic-kiralik/daire/140573-2413","1 / 6","28.000","12/08/2026","Fethiye Patlangıç Mahallesinde Kiralık 2+1 Çatı Dubleks","Kiralık Daire","2 + 1","85 m²","1 Yaşında","·","Kat","2. Kat","Muğla / Fethiye / Patlangıç Mah.","https://www.hepsiemlak.com/_nuxt/8cafc93fb5c74c75e9e04e528e02ccdf.jpg","Baran Emlak Fethiye","WhatsApp","Tahsin
                  Türün","https://www.hepsiemlak.com/_nuxt/8cafc93fb5c74c75e9e04e528e02ccdf.jpg","https://www.hepsiemlak.com/_nuxt/8cafc93fb5c74c75e9e04e528e02ccdf.jpg"
"https://www.hepsiemlak.com/mugla-fethiye-camkoy-kiralik/daire/144026-388","1 / 8","28.000","07/09/2026","Çamköy İlkokulu'na Yakın Konumda Yeni 3 + 1 Giriş Kat Daire","Kiralık Daire","3 + 1","110 m²","Sıfır Bina","·","Kat","Yüksek Giriş","Muğla / Fethiye / Çamköy Mah.","https://www.hepsiemlak.com/_nuxt/8cafc93fb5c74c75e9e04e528e02ccdf.jpg","Kaya Grup Fethiye","WhatsApp","Osman
                  Kaya","https://www.hepsiemlak.com/_nuxt/8cafc93fb5c74c75e9e04e528e02ccdf.jpg",""
"https://www.hepsiemlak.com/mugla-fethiye-catalarik-kiralik/daire/159960-102","1 / 22","30.000","08/09/2026","Dy Gayrimenkul'den Çatalarık'ta Eşyasız Deniz Manzaralı 4+1","Kiralık Daire","4 + 1","140 m²","25 Yaşında","·","Kat","Ara Kat","Muğla / Fethiye / Çatalarık Mah.","https://www.hepsiemlak.com/_nuxt/8cafc93fb5c74c75e9e04e528e02ccdf.jpg","Derya Yetkin Gayrimenkul Danışmanlık Ve Yatırım","WhatsApp","Derya
                  Yetkin","https://www.hepsiemlak.com/_nuxt/8cafc93fb5c74c75e9e04e528e02ccdf.jpg",""
"https://www.hepsiemlak.com/mugla-bodrum-kizilagac-kiralik/villa/170419-28","1 / 27","125.000","07/09/2026","Kızılağaç'ta 1300 M2 Arsa İçinde Kiralık Müstakil Villa","Kiralık Villa","5 + 1","285 m²","5 Yaşında","·","Kat","","Muğla / Bodrum / Kızılağaç Mah.","https://www.hepsiemlak.com/_nuxt/8cafc93fb5c74c75e9e04e528e02ccdf.jpg","Move Bodrum","WhatsApp","","","https://www.hepsiemlak.com/_nuxt/8cafc93fb5c74c75e9e04e528e02ccdf.jpg"
"https://www.hepsiemlak.com/mugla-dalaman-altintas-kiralik/daire/163462-258","1 / 21","23.000","07/09/2026","Egeport Emlaktan Dalaman'da Eşyalı Kiralık 1+1 Daire","Kiralık Daire","1 + 1","60 m²","3 Yaşında","·","Kat","2. Kat","Muğla / Dalaman / Altıntas Mah.","https://www.hepsiemlak.com/_nuxt/8cafc93fb5c74c75e9e04e528e02ccdf.jpg","Egeport Emlak","WhatsApp","","","https://www.hepsiemlak.com/_nuxt/8cafc93fb5c74c75e9e04e528e02ccdf.jpg"
"https://www.hepsiemlak.com/mugla-dalaman-karacali-kiralik/daire/146387-912","1 / 19","30.000","04/09/2026","Airport Emlaktan Karaçlıda Havuzlu 2+1 Geniş Kiralık Daire","Kiralık Daire","2 + 1","100 m²","6 Yaşında","·","Kat","1. Kat","Muğla / Dalaman / Karaçalı Mah.","https://www.hepsiemlak.com/_nuxt/8cafc93fb5c74c75e9e04e528e02ccdf.jpg","Dalaman Aırport Emlak","WhatsApp","","","https://www.hepsiemlak.com/_nuxt/8cafc93fb5c74c75e9e04e528e02ccdf.jpg"
"https://www.hepsiemlak.com/mugla-ortaca-ataturk-kiralik/daire/168067-24","1 / 15","32.000","02/09/2026","Ortaca Da Kiralık 2+1 Lüks Daire","Kiralık Daire","2 + 1","85 m²","Sıfır Bina","·","Kat","5. Kat","Muğla / Ortaca / Atatürk Mah.","https://www.hepsiemlak.com/_nuxt/8cafc93fb5c74c75e9e04e528e02ccdf.jpg","Kalinda Yapı Emlak","WhatsApp","","","https://www.hepsiemlak.com/_nuxt/8cafc93fb5c74c75e9e04e528e02ccdf.jpg"
"https://www.hepsiemlak.com/mugla-bodrum-mumcular-kiralik/daire/140850-401","1 / 16","27.500","01/09/2026","Çınar Emlaktan Mumcularda Cadde Üzerinde 2+1 Kiralık Daire","Kiralık Daire","2 + 1","75 m²","Sıfır Bina","·","Kat","2. Kat","Muğla / Bodrum / Mumcular Mah.","https://www.hepsiemlak.com/_nuxt/8cafc93fb5c74c75e9e04e528e02ccdf.jpg","Bodrum Çınar Emlak","WhatsApp","Yıldıray
                  Çınar","https://www.hepsiemlak.com/_nuxt/8cafc93fb5c74c75e9e04e528e02ccdf.jpg",""
"https://www.hepsiemlak.com/mugla-datca-datca-kiralik/villa/18454-779","1 / 57","130.000","08/09/2026","Eski Datça'da Restore Edilmiş Eşyalı Kiralık Taş Villa","Kiralık Villa","4 + 2","190 m²","31 Yaşında","·","Kat","","Muğla / Datça / Datça Mah.","https://hecdnnw.hemlak.com/mncropresize/77/67/firmuser/4/5/4/8/1/0/6d31ca95-b668-4afa-a613-2daeb92db707.jpg","Canbey Emlak Datça","WhatsApp","Kurtuluş
                  Canbey","https://hecdnnw.hemlak.com/mncropresize/77/67/logo/4/5/4/8/1/0/81ce76da-497f-43eb-8b58-6274c9b55a0f.jpg",""
"https://www.hepsiemlak.com/mugla-fethiye-babatasi-kiralik/daire/153298-98","1 / 25","35.000","18/08/2026","Sedir'den Babataşı Mh. Eşyalı 3+1 Kiralık Daire","Kiralık Daire","3 + 1","140 m²","11 Yaşında","·","Kat","Çatı Katı","Muğla / Fethiye / Babataşı Mah.","","Sedir Gayrimenkul Danışmanlığı","WhatsApp","Hidayi
                  Çatar","https://hecdnnw.hemlak.com/mncropresize/77/67/firmuser/7/4/3/3/2/3/4/a1fa8d52-5921-4b7b-9e68-0c0678813779.jpg",""
"https://www.hepsiemlak.com/mugla-fethiye-cumhuriyet-kiralik/daire/156302-419","1 / 16","40.000","20/08/2026","Şehirin Tam Merkezi Fethiye Plaza'da 2+1 Kiralık Daire","Kiralık Daire","2 + 1","115 m²","4 Yaşında","·","Kat","1. Kat","Muğla / Fethiye / Cumhuriyet Mah.","","Emlak Modu","WhatsApp","Mehmet
                  Koçak","https://hecdnnw.hemlak.com/mncropresize/77/67/firmuser/6/5/3/7/9/3/4/93714ad6-b477-46e5-8173-9724160cf902.jpg",""
"https://www.hepsiemlak.com/mugla-fethiye-tuzla-kiralik/daire/153288-53","1 / 21","42.000","09/09/2026","Akdeniz Emlak'ta Fethiye Tuzla Mh.Kiralık 3+1 Daire","Kiralık Daire","3 + 0","130 m²","18 Yaşında","·","Kat","Ara Kat","Muğla / Fethiye / Tuzla Mah.","https://hecdn01.hemlak.com/mncropresize/182/137/ds01/2/4/0/7/2/0/7/4/e8b46346-76c3-4bfc-90cc-cddccb081b94.jpg","Akdeniz Emlak","WhatsApp","Mehmet
                  Türkmen","https://hecdnnw.hemlak.com/mncropresize/77/67/firmuser/2/8/2/3/2/3/4/1881fce8-64fc-46d6-bd0f-5a52ca16e9f8.jpg",""
"https://www.hepsiemlak.com/mugla-ortaca-terzialiler-kiralik/daire/163837-640","1 / 31","17.500","08/09/2026","Adress Ailesi'nden Çarşı Merkezde Kiralık 2+1 Daire","Kiralık Daire","2 + 1","90 m²","28 Yaşında","·","Kat","En Üst Kat","Muğla / Ortaca / Terzialiler Mah.","https://www.hepsiemlak.com/_nuxt/8cafc93fb5c74c75e9e04e528e02ccdf.jpg","Adress Ailesi Emlak Danışmanlığı","WhatsApp","","","https://www.hepsiemlak.com/_nuxt/8cafc93fb5c74c75e9e04e528e02ccdf.jpg"
"https://www.hepsiemlak.com/mugla-fethiye-karagedik-kiralik/daire/142708-206","1 / 26","35.000","26/08/2026","Fethiye Çalış Ta Kiralık 2+1 Ayrı Mutfak Daire","Kiralık Daire","2 + 1","140 m²","11 Yaşında","·","Kat","4. Kat","Muğla / Fethiye / Karagedik Mah.","https://www.hepsiemlak.com/_nuxt/8cafc93fb5c74c75e9e04e528e02ccdf.jpg","Ezel Emlak","WhatsApp","Fehmi
                  Ertürkler","https://www.hepsiemlak.com/_nuxt/8cafc93fb5c74c75e9e04e528e02ccdf.jpg","https://www.hepsiemlak.com/_nuxt/8cafc93fb5c74c75e9e04e528e02ccdf.jpg"
"https://www.hepsiemlak.com/mugla-bodrum-akcaalan-kiralik/daire/28555-2681","1 / 18","50.000","21/08/2026","Sör Emlak'tan Merkezi Konum'da Geniş Ferah Kiralık Daire","Kiralık Daire","3 + 1","120 m²","6 Yaşında","·","Kat","2. Kat","Muğla / Bodrum / Akçaalan Mah.","https://www.hepsiemlak.com/_nuxt/8cafc93fb5c74c75e9e04e528e02ccdf.jpg","Sör Emlak","WhatsApp","","","https://www.hepsiemlak.com/_nuxt/8cafc93fb5c74c75e9e04e528e02ccdf.jpg"
"https://www.hepsiemlak.com/mugla-milas-becin-kiralik/daire/84548-467","1 / 13","26.500","06/09/2026","Eşyalı 1+1 Klimalı Daire","Kiralık Daire","1 + 1","45 m²","5 Yaşında","·","Kat","1. Kat","Muğla / Milas / Beçin Mah.","https://www.hepsiemlak.com/_nuxt/8cafc93fb5c74c75e9e04e528e02ccdf.jpg","Emlak Dünyası","WhatsApp","","","https://www.hepsiemlak.com/_nuxt/8cafc93fb5c74c75e9e04e528e02ccdf.jpg"
"https://www.hepsiemlak.com/mugla-bodrum-akyarlar-kiralik/daire/82628-1135","1 / 33","120.000","22/08/2026","Fc Group Akyarlar, 2026 Yaz Sezonu, Denize 50 M Eşyalı 2+1 Daire","Kiralık Daire","2 + 1","69 m²","11 Yaşında","·","Kat","Yüksek Giriş","Muğla / Bodrum / Akyarlar Mah.","https://www.hepsiemlak.com/_nuxt/8cafc93fb5c74c75e9e04e528e02ccdf.jpg","Fc Group","WhatsApp","","","https://www.hepsiemlak.com/_nuxt/8cafc93fb5c74c75e9e04e528e02ccdf.jpg"
"https://www.hepsiemlak.com/mugla-milas-gunes-kiralik/daire/62045-1681","1 / 34","25.000","03/09/2026","Milas Güneş Te Kiralık Daire.","Kiralık Daire","2 + 1","110 m²","5 Yaşında","·","Kat","2. Kat","Muğla / Milas / Güneş Mah.","https://www.hepsiemlak.com/_nuxt/8cafc93fb5c74c75e9e04e528e02ccdf.jpg","","WhatsApp","","",""
"https://www.hepsiemlak.com/mugla-bodrum-turkbuku-kiralik/daire/140202-2949","1 / 14","150.000","20/08/2026","Bodrum-Türkbükü'nde Deniz Manzaralıkiralık Daireler","Kiralık Daire","2 + 1","90 m²","4 Yaşında","·","Kat","Ara Kat","Muğla / Bodrum / Türkbükü Mah.","https://www.hepsiemlak.com/_nuxt/8cafc93fb5c74c75e9e04e528e02ccdf.jpg","Century21 Begonvill Gayrimenkul","WhatsApp","","","https://www.hepsiemlak.com/_nuxt/8cafc93fb5c74c75e9e04e528e02ccdf.jpg"
"https://www.hepsiemlak.com/mugla-datca-iskele-kiralik/villa/125843-621","1 / 26","330.000","26/08/2026","Datça Kargı Koyunda Sezonluk Kiralık 110 M² 3+1 Havuzlu Villa","Kiralık Villa","3 + 1","110 m²","3 Yaşında","·","Kat","Bahçe Katı","Muğla / Datça / İskele Mah.","https://www.hepsiemlak.com/_nuxt/8cafc93fb5c74c75e9e04e528e02ccdf.jpg","Era Zeytin Gayrimenkul Datça","WhatsApp","","","https://www.hepsiemlak.com/_nuxt/8cafc93fb5c74c75e9e04e528e02ccdf.jpg"
"https://www.hepsiemlak.com/mugla-bodrum-yokusbasi-kiralik/mustakil-ev/130965-60","1 / 8","150.000","27/08/2026","Bodrum Yokuşbaşı Deniz Manzaralı Kiralık Müstakil Ev 4+1","Kiralık Müstakil Ev","4 + 1","260 m²","16 Yaşında","·","Kat","","Muğla / Bodrum / Yokuşbaşı Mah.","https://www.hepsiemlak.com/_nuxt/8cafc93fb5c74c75e9e04e528e02ccdf.jpg","My Bodrum Gayrimenkul","WhatsApp","","","https://www.hepsiemlak.com/_nuxt/8cafc93fb5c74c75e9e04e528e02ccdf.jpg"
"https://www.hepsiemlak.com/mugla-bodrum-akyarlar-kiralik/daire/165793-43","1 / 11","35.000","07/09/2026","Bodrum Akyarlar'da 2+1 Siteiçi Eşyalı Deniz Manzaralı Daire","Kiralık Daire","2 + 1","75 m²","21 Yaşında","·","Kat","3. Kat","Muğla / Bodrum / Akyarlar Mah.","https://www.hepsiemlak.com/_nuxt/8cafc93fb5c74c75e9e04e528e02ccdf.jpg","","WhatsApp","","",""
"https://www.hepsiemlak.com/mugla-fethiye-camkoy-kiralik/daire/97683-1447","1 / 31","30.000","08/09/2026","İlkon'dan Çamköy'de Eşyalı Ve Müstakil Girişli Kiralık 2+1 Daire","Kiralık Daire","2 + 1","85 m²","2 Yaşında","·","Kat","Yüksek Giriş","Muğla / Fethiye / Çamköy Mah.","https://www.hepsiemlak.com/_nuxt/8cafc93fb5c74c75e9e04e528e02ccdf.jpg","İlkon Gayrimenkul","WhatsApp","","","https://www.hepsiemlak.com/_nuxt/8cafc93fb5c74c75e9e04e528e02ccdf.jpg"
"https://www.hepsiemlak.com/mugla-mentese-yenikoy-kiralik/daire/49859-1500","1 / 17","20.000","05/09/2026","Muğlametropol'den 2 Oda + Mutfak - Hol+ Banyo + Balkondan Oluşan Kiralık Full Eşyalı Daire","Kiralık Daire","2 + 0","55 m²","5 Yaşında","·","Kat","1. Kat","Muğla / Menteşe / Yeniköy Mah.","https://www.hepsiemlak.com/_nuxt/8cafc93fb5c74c75e9e04e528e02ccdf.jpg","Muğlametropol Emlak Danışmanlığı","WhatsApp","Oğulcan Efe
                  Cingoz","https://www.hepsiemlak.com/_nuxt/8cafc93fb5c74c75e9e04e528e02ccdf.jpg","https://www.hepsiemlak.com/_nuxt/8cafc93fb5c74c75e9e04e528e02ccdf.jpg"
"https://www.hepsiemlak.com/mugla-bodrum-peksimet-kiralik/daire/6449-2057","1 / 14","40.000","03/09/2026","S-A-K-A-L-L-I-Dan Bodrum Kadıkalesinde Muhteşem Manzaralı Daire","Kiralık Daire","2 + 1","80 m²","16 Yaşında","·","Kat","3. Kat","Muğla / Bodrum / Peksimet Mah.","https://www.hepsiemlak.com/_nuxt/8cafc93fb5c74c75e9e04e528e02ccdf.jpg","","WhatsApp","","",""
"https://www.hepsiemlak.com/mugla-milas-aydinlikevler-kiralik/daire/4884-4998","1 / 13","15.000","29/08/2026","Milas Aydınlıkevler Mahallesinde 2+1 Kiralık Daire","Kiralık Daire","2 + 1","80 m²","11 Yaşında","·","Kat","1. Kat","Muğla / Milas / Aydınlıkevler Mah.","https://www.hepsiemlak.com/_nuxt/8cafc93fb5c74c75e9e04e528e02ccdf.jpg","Milas Gayrimenkul","WhatsApp","Şenol
                  Sandal","https://www.hepsiemlak.com/_nuxt/8cafc93fb5c74c75e9e04e528e02ccdf.jpg","https://www.hepsiemlak.com/_nuxt/8cafc93fb5c74c75e9e04e528e02ccdf.jpg"
"https://www.hepsiemlak.com/mugla-bodrum-bitez-kiralik/daire/65421-1564","1 / 28","50.000","17/08/2026","Bitez Deniz Manzaralı 2+1 Üst Kat","Kiralık Daire","2 + 1","75 m²","30 Yaşında","·","Kat","En Üst Kat","Muğla / Bodrum / Bitez Mah.","https://www.hepsiemlak.com/_nuxt/8cafc93fb5c74c75e9e04e528e02ccdf.jpg","Bodrum Kule Emlak","WhatsApp","Nihal
                  Sakarya","https://www.hepsiemlak.com/_nuxt/8cafc93fb5c74c75e9e04e528e02ccdf.jpg","https://www.hepsiemlak.com/_nuxt/8cafc93fb5c74c75e9e04e528e02ccdf.jpg"
"https://www.hepsiemlak.com/mugla-bodrum-muskebi-kiralik/daire/28765-16005","1 / 22","60.000","07/09/2026","Müskebi'de Yeni Daire 3+1 Ferah Ve Aydınlık","Kiralık Daire","3 + 1","100 m²","4 Yaşında","·","Kat","2. Kat","Muğla / Bodrum / Müskebi Mah.","https://www.hepsiemlak.com/_nuxt/8cafc93fb5c74c75e9e04e528e02ccdf.jpg","Coldwell Banker Artemis","WhatsApp","","","https://www.hepsiemlak.com/_nuxt/8cafc93fb5c74c75e9e04e528e02ccdf.jpg"
"https://www.hepsiemlak.com/mugla-mentese-karamehmet-kiralik/daire/104209-1221","1 / 15","55.000","03/09/2026","Muğla Menteşe Kiralık Daire","Kiralık Daire","3 + 1","180 m²","12 Yaşında","·","Kat","3. Kat","Muğla / Menteşe / Karamehmet Mah.","https://www.hepsiemlak.com/_nuxt/8cafc93fb5c74c75e9e04e528e02ccdf.jpg","","WhatsApp","","",""
"https://www.hepsiemlak.com/mugla-fethiye-patlangic-kiralik/daire/148225-1445","1 / 31","37.500","29/08/2026","Goldhouse Dan Kiralık Baha Şıkman Caddesinde 3+1 Merkezi Konumda Daire","Kiralık Daire","3 + 1","110 m²","9 Yaşında","·","Kat","Ara Kat","Muğla / Fethiye / Patlangıç Mah.","https://www.hepsiemlak.com/_nuxt/8cafc93fb5c74c75e9e04e528e02ccdf.jpg","Gold House Gayrimenkul Danışmanlık","WhatsApp","","","https://www.hepsiemlak.com/_nuxt/8cafc93fb5c74c75e9e04e528e02ccdf.jpg"
"https://www.hepsiemlak.com/mugla-datca-iskele-kiralik/daire/162432-356","1 / 12","33.000","27/08/2026","Startkey Pelit Merkezde Kiralık Daire","Kiralık Daire","1 + 1","60 m²","6 Yaşında","·","Kat","3. Kat","Muğla / Datça / İskele Mah.","https://www.hepsiemlak.com/_nuxt/8cafc93fb5c74c75e9e04e528e02ccdf.jpg","Startkey Pelit Gayrimenkul","WhatsApp","","","https://www.hepsiemlak.com/_nuxt/8cafc93fb5c74c75e9e04e528e02ccdf.jpg"
"https://www.hepsiemlak.com/mugla-bodrum-tepecik-kiralik/daire/69532-74","1 / 12","50.000","24/08/2026","Bodrum Tepecikte Denize 100 Mt, Bahçe Kat 2+1 Kiralık Daire","Kiralık Daire","2 + 1","75 m²","6 Yaşında","·","Kat","Bahçe Katı","Muğla / Bodrum / Tepecik Mah.","https://www.hepsiemlak.com/_nuxt/8cafc93fb5c74c75e9e04e528e02ccdf.jpg","Özaşkın Emlak","WhatsApp","Hürriyet
                  Günen","https://www.hepsiemlak.com/_nuxt/8cafc93fb5c74c75e9e04e528e02ccdf.jpg",""
"https://www.hepsiemlak.com/mugla-mentese-emirbeyazit-kiralik/daire/120892-230","1 / 12","18.000","09/09/2026","Emirbeyazıt Mahallesinde, Kiralık 1+1 Daire","Kiralık Daire","1 + 1","33 m²","10 Yaşında","·","Kat","Bodrum ve Zemin","Muğla / Menteşe / Emirbeyazıt Mah.","","Epok Gayrimenkul","WhatsApp","","https://hecdnnw.hemlak.com/mncropresize/77/67/logo/2/9/8/0/2/1/e81bfd04-06cb-4da4-9bae-d46005bcf20b.jpg",""
"https://www.hepsiemlak.com/mugla-bodrum-koyunbaba-kiralik/mustakil-ev/9915-1480","1 / 7","100.000","21/08/2026","Gümüşlük'te Deniz Manzaralı Kiralık Müstakil Ev","Kiralık Müstakil Ev","2 + 1","120 m²","5 Yaşında","·","Kat","","Muğla / Bodrum / Koyunbaba Mah.","https://hecdnnw.hemlak.com/mncropresize/77/67/logo/5/1/9/9/0/0/3c70c0d2-49a9-405b-962a-1061544a3425.jpg","Mısırlı Emlak","WhatsApp","","",""
"https://www.hepsiemlak.com/mugla-dalaman-sogutluyurt-kiralik/daire/146387-902","1 / 19","25.500","04/09/2026","Airport Emlaktan Eşyalı Havuzlu 1+1 Kiralık Daire","Kiralık Daire","1 + 1","60 m²","3 Yaşında","·","Kat","3. Kat","Muğla / Dalaman / Söğütlüyurt Mah.","https://hecdnnw.hemlak.com/mncropresize/77/67/logo/7/8/3/6/4/1/6566958b-2854-48d4-b2e1-697ef665cd6f.jpg","Dalaman Aırport Emlak","WhatsApp","","",""
"https://www.hepsiemlak.com/mugla-fethiye-babatasi-kiralik/daire/159960-96","1 / 16","36.000","04/09/2026","Dy Gayrimenkul'den  Babataşı Mahallesi'nde Eşyalı 2+1","Kiralık Daire","2 + 1","75 m²","15 Yaşında","·","Kat","Çatı Katı","Muğla / Fethiye / Babataşı Mah.","https://hecdn01.hemlak.com/mncropresize/182/137/ds01/8/4/4/5/3/2/7/4/016d531a-532c-4053-a10a-2faf5947e6be.jpg","Derya Yetkin Gayrimenkul Danışmanlık Ve Yatırım","WhatsApp","Derya
                  Yetkin","https://hecdnnw.hemlak.com/mncropresize/77/67/firmuser/0/9/2/2/7/4/4/bcee8b3c-102c-45d1-a72e-0d57da72b373.jpg",""
"https://www.hepsiemlak.com/mugla-fethiye-pazaryeri-kiralik/daire/163109-203","1 / 18","25.000","07/09/2026","Pazaryeri Mahallesi Nde Uzun Dönem Eşyalı 1+1 Kiralık Daire","Kiralık Daire","1 + 1","50 m²","5 Yaşında","·","Kat","Giriş Katı","Muğla / Fethiye / Pazaryeri Mah.","https://www.hepsiemlak.com/_nuxt/8cafc93fb5c74c75e9e04e528e02ccdf.jpg","Prıvekey Gayrimenkul","WhatsApp","","","https://www.hepsiemlak.com/_nuxt/8cafc93fb5c74c75e9e04e528e02ccdf.jpg"
"https://www.hepsiemlak.com/mugla-fethiye-babatasi-kiralik/daire/138314-974","1 / 26","45.000","02/09/2026","Fethiye De Ana Cadde Üzerinde 2+1 Boş | Ofis Kullanımına Uygun","Kiralık Daire","2 + 1","100 m²","15 Yaşında","·","Kat","2. Kat","Muğla / Fethiye / Babataşı Mah.","https://www.hepsiemlak.com/_nuxt/8cafc93fb5c74c75e9e04e528e02ccdf.jpg","Remax Badem 2","WhatsApp","","","https://www.hepsiemlak.com/_nuxt/8cafc93fb5c74c75e9e04e528e02ccdf.jpg"
"https://www.hepsiemlak.com/mugla-fethiye-foca-kiralik/villa/135231-2902","1 / 20","100.000","26/08/2026","Stop’tan Foça Projeden 4+1 Kiralık Müstakil Villa","Kiralık Villa","4 + 1","220 m²","Sıfır Bina","·","Kat","","Muğla / Fethiye / Foça Mah.","https://www.hepsiemlak.com/_nuxt/8cafc93fb5c74c75e9e04e528e02ccdf.jpg","Stop Gayrimenkul","WhatsApp","","","https://www.hepsiemlak.com/_nuxt/8cafc93fb5c74c75e9e04e528e02ccdf.jpg"
"https://www.hepsiemlak.com/mugla-dalaman-merkez-kiralik/daire/159794-291","1 / 15","26.000","28/08/2026","Altın Emlak Global Dalaman Merkezde 140m² Teraslı 1+1 Daire","Kiralık Daire","1 + 1","140 m²","14 Yaşında","·","Kat","En Üst Kat","Muğla / Dalaman / Merkez Mah.","https://www.hepsiemlak.com/_nuxt/8cafc93fb5c74c75e9e04e528e02ccdf.jpg","Altın Emlak.ortaca","WhatsApp","","","https://www.hepsiemlak.com/_nuxt/8cafc93fb5c74c75e9e04e528e02ccdf.jpg"
"https://www.hepsiemlak.com/mugla-bodrum-mumcular-kiralik/daire/140850-377","1 / 17","25.000","03/09/2026","Çınar Emlaktan Mumcularda Okula Pazara Yakın Konumda 2+1","Kiralık Daire","2 + 1","80 m²","2 Yaşında","·","Kat","3. Kat","Muğla / Bodrum / Mumcular Mah.","https://www.hepsiemlak.com/_nuxt/8cafc93fb5c74c75e9e04e528e02ccdf.jpg","Bodrum Çınar Emlak","WhatsApp","Yıldıray
                  Çınar","https://www.hepsiemlak.com/_nuxt/8cafc93fb5c74c75e9e04e528e02ccdf.jpg",""
"https://www.hepsiemlak.com/mugla-datca-karakoy-kiralik/mustakil-ev/18454-766","1 / 35","75.000","19/08/2026","Datça Karaköy Eşyalı Yıllık/dönemsel Kiralık Taş Ev","Kiralık Müstakil Ev","2 + 1","150 m²","31 Yaşında","·","Kat","Bahçe Katı","Muğla / Datça / Karaköy Mah.","https://www.hepsiemlak.com/_nuxt/8cafc93fb5c74c75e9e04e528e02ccdf.jpg","Canbey Emlak Datça","WhatsApp","","","https://www.hepsiemlak.com/_nuxt/8cafc93fb5c74c75e9e04e528e02ccdf.jpg"
"https://www.hepsiemlak.com/mugla-bodrum-kizilagac-kiralik/villa/170419-7","1 / 29","100.000","31/08/2026","Kızılağaç 3+1 Eşyasız Özel Havuzlu Villa","Kiralık Villa","3 + 1","240 m²","2 Yaşında","·","Kat","","Muğla / Bodrum / Kızılağaç Mah.","https://www.hepsiemlak.com/_nuxt/8cafc93fb5c74c75e9e04e528e02ccdf.jpg","Move Bodrum","WhatsApp","","","https://www.hepsiemlak.com/_nuxt/8cafc93fb5c74c75e9e04e528e02ccdf.jpg"
"https://www.hepsiemlak.com/mugla-milas-becin-kiralik/daire/84548-466","1 / 13","28.500","06/09/2026","Eşyalı 1+1 Geniş Yeni Daire","Kiralık Daire","1 + 1","55 m²","5 Yaşında","·","Kat","2. Kat","Muğla / Milas / Beçin Mah.","https://www.hepsiemlak.com/_nuxt/8cafc93fb5c74c75e9e04e528e02ccdf.jpg","Emlak Dünyası","WhatsApp","","","https://www.hepsiemlak.com/_nuxt/8cafc93fb5c74c75e9e04e528e02ccdf.jpg"
"https://www.hepsiemlak.com/mugla-ortaca-cumhuriyet-kiralik/daire/82884-2031","1 / 19","26.500","04/09/2026","Cumhuriyet Mah.Full Eşyalı 1+1 Geniş Daire","Kiralık Daire","1 + 1","68 m²","1 Yaşında","·","Kat","En Üst Kat","Muğla / Ortaca / Cumhuriyet Mah.","https://www.hepsiemlak.com/_nuxt/8cafc93fb5c74c75e9e04e528e02ccdf.jpg","Elit Emlak","WhatsApp","","","https://www.hepsiemlak.com/_nuxt/8cafc93fb5c74c75e9e04e528e02ccdf.jpg"
"https://www.hepsiemlak.com/mugla-bodrum-akyarlar-kiralik/daire/82628-1143","1 / 32","45.000","25/08/2026","Fc Group, Akyarlar Merkezi Konum, Lux Eşyalı 1+1 Üst Kat Daire","Kiralık Daire","1 + 1","76 m²","16 Yaşında","·","Kat","3. Kat","Muğla / Bodrum / Akyarlar Mah.","https://www.hepsiemlak.com/_nuxt/8cafc93fb5c74c75e9e04e528e02ccdf.jpg","Fc Group","WhatsApp","","","https://www.hepsiemlak.com/_nuxt/8cafc93fb5c74c75e9e04e528e02ccdf.jpg"
"https://www.hepsiemlak.com/mugla-dalaman-altintas-kiralik/daire/163824-141","1 / 14","25.000","05/09/2026","Poyraz Emlak|sıfır Eşyalı Bahçe Nizam Binada 1+1 Daire","Kiralık Daire","1 + 1","65 m²","Sıfır Bina","·","Kat","1. Kat","Muğla / Dalaman / Altıntas Mah.","https://www.hepsiemlak.com/_nuxt/8cafc93fb5c74c75e9e04e528e02ccdf.jpg","Poyraz Emlak","WhatsApp","Koray
                  Bütüner","https://www.hepsiemlak.com/_nuxt/img/no-image-user.6f6a83e.svg","https://www.hepsiemlak.com/_nuxt/8cafc93fb5c74c75e9e04e528e02ccdf.jpg"
"https://www.hepsiemlak.com/mugla-bodrum-turgutreis-kiralik/daire/28555-2489","1 / 16","45.000","04/09/2026","Sör Emlak'tan Panoramik Deniz Ve Adalar Manzaralı Lüks Daire","Kiralık Daire","1 + 1","60 m²","8 Yaşında","·","Kat","Bahçe Katı","Muğla / Bodrum / Turgutreis Mah.","https://www.hepsiemlak.com/_nuxt/8cafc93fb5c74c75e9e04e528e02ccdf.jpg","Sör Emlak","WhatsApp","","","https://www.hepsiemlak.com/_nuxt/8cafc93fb5c74c75e9e04e528e02ccdf.jpg"
"https://www.hepsiemlak.com/mugla-fethiye-pazaryeri-kiralik/daire/0-47229262","1 / 20","45.000","01/09/2026","140m² Dublex Eşyasız Kiralık Daire","Kiralık Daire","3 + 1","180 m²","21 Yaşında","·","Kat","Zemin","Muğla / Fethiye / Pazaryeri Mah.","https://www.hepsiemlak.com/_nuxt/8cafc93fb5c74c75e9e04e528e02ccdf.jpg","","WhatsApp","","",""
"https://www.hepsiemlak.com/mugla-yatagan-yeni-kiralik/daire/166442-38","1 / 24","29.000","28/08/2026","Muğla Yatağan Yeni Mahalle’de 3+1 Sıfır Kiralık Daire","Kiralık Daire","3 + 1","120 m²","Sıfır Bina","·","Kat","Ara Kat","Muğla / Yatağan / Yeni Mah.","https://www.hepsiemlak.com/_nuxt/8cafc93fb5c74c75e9e04e528e02ccdf.jpg","Süper Emlak","WhatsApp","","","https://www.hepsiemlak.com/_nuxt/8cafc93fb5c74c75e9e04e528e02ccdf.jpg"
"https://www.hepsiemlak.com/mugla-mentese-dugerek-kiralik/daire/164254-180","1 / 19","36.000","07/09/2026","Düğerekte Sıfır 2+1 Kiralık Daire","Kiralık Daire","2 + 1","85 m²","Sıfır Bina","·","Kat","2. Kat","Muğla / Menteşe / Düğerek Mah.","https://www.hepsiemlak.com/_nuxt/8cafc93fb5c74c75e9e04e528e02ccdf.jpg","Muğla Yatırım Ofisi","WhatsApp","","","https://www.hepsiemlak.com/_nuxt/8cafc93fb5c74c75e9e04e528e02ccdf.jpg"
"https://www.hepsiemlak.com/mugla-seydikemer-belen-kiralik/daire/160296-85","1 / 22","20.000","29/08/2026","Seydikemer Belen Mahallesinde 2+1 Kiralık Daire","Kiralık Daire","2 + 1","90 m²","1 Yaşında","·","Kat","Zemin","Muğla / Seydikemer / Belen Mah.","https://www.hepsiemlak.com/_nuxt/8cafc93fb5c74c75e9e04e528e02ccdf.jpg","Cahit Güven Gayrimenkul Yatırım Ve Danışmanlık","WhatsApp","Cahit
                  Güven","https://www.hepsiemlak.com/_nuxt/img/no-image-user.6f6a83e.svg",""
"https://www.hepsiemlak.com/mugla-koycegiz-ulucami-kiralik/villa/137192-246","1 / 21","62.000","26/08/2026","Ulucami Mahallesinde Göle 300 Mt Kiralık Eşyalı  3+1 Villa","Kiralık Villa","3 + 1","145 m²","11 Yaşında","·","Kat","","Muğla / Köyceğiz / Ulucami Mah.","https://www.hepsiemlak.com/_nuxt/8cafc93fb5c74c75e9e04e528e02ccdf.jpg","Rota Köyceğiz Gayrimenkul","WhatsApp","","","https://www.hepsiemlak.com/_nuxt/8cafc93fb5c74c75e9e04e528e02ccdf.jpg"
"https://www.hepsiemlak.com/mugla-yatagan-yeni-kiralik/daire/147859-53","1 / 33","25.000","25/08/2026","Yatağan Yeni Mahalle’de 125 M² 3+1 Kiralık Daire Emlak Noktası Yatırım Ofisi Güvencesi İle","Kiralık Daire","3 + 1","145 m²","20 Yaşında","·","Kat","Kot 3","Muğla / Yatağan / Yeni Mah.","https://www.hepsiemlak.com/_nuxt/8cafc93fb5c74c75e9e04e528e02ccdf.jpg","Emlak Noktası Yatırım Ofisi","WhatsApp","","","https://www.hepsiemlak.com/_nuxt/8cafc93fb5c74c75e9e04e528e02ccdf.jpg"
"https://www.hepsiemlak.com/mugla-ula-gokova-kiralik/daire/170526-14","1 / 15","40.000","02/09/2026","Gökova’da 2+1 Eşyalı Kiralık Daire","Kiralık Daire","2 + 1","100 m²","10 Yaşında","·","Kat","2. Kat","Muğla / Ula / Gökova Mah.","https://www.hepsiemlak.com/_nuxt/8cafc93fb5c74c75e9e04e528e02ccdf.jpg","","WhatsApp","","",""
"https://www.hepsiemlak.com/mugla-ortaca-karaburun-kiralik/daire/170180-41","1 / 24","25.000","20/08/2026","Ortacada Havuzlu Tatil Tadında Kısa Dönem Eşyalı Kiralık Daire","Kiralık Daire","1 + 1","50 m²","3 Yaşında","·","Kat","3. Kat","Muğla / Ortaca / Karaburun Mah.","https://www.hepsiemlak.com/_nuxt/8cafc93fb5c74c75e9e04e528e02ccdf.jpg","İnvest 48 Gayrimenkul","WhatsApp","Ferhat
                  Irmak","https://www.hepsiemlak.com/_nuxt/8cafc93fb5c74c75e9e04e528e02ccdf.jpg","https://www.hepsiemlak.com/_nuxt/8cafc93fb5c74c75e9e04e528e02ccdf.jpg"
"https://www.hepsiemlak.com/mugla-seydikemer-ortakoy-kiralik/villa/0-47159238","1 / 28","42.000","26/08/2026","Uzun Dönem Aile Kiralık!!! Seydikemer Ortaköy’de Lüksün Sınırlarını Zorlayan Müstakil Villa! ✨","Kiralık Villa","4 + 10","375 m²","2 Yaşında","·","Kat","","Muğla / Seydikemer / Ortaköy Mah.","","","WhatsApp","","",""
"https://www.hepsiemlak.com/mugla-fethiye-oludeniz-kiralik/daire/0-47142271","1 / 15","30.000","06/09/2026","Ovacıkda 1+1","Kiralık Daire","1 + 1","60 m²","3 Yaşında","·","Kat","Ara Kat","Muğla / Fethiye / Ölüdeniz Mah.","","","WhatsApp","","",""
"https://www.hepsiemlak.com/mugla-ortaca-dalyan-kiralik/villa/146294-198","1 / 28","60.000","13/08/2026","Nysa Emlak'tan Kiralık 3+1 Havuzlu Villa","Kiralık Villa","3 + 1","160 m²","11 Yaşında","·","Kat","Bahçe Katı","Muğla / Ortaca / Dalyan Mah.","","Nysa Emlak Danışmanlığı","WhatsApp","Sercan
                  Karakuş","https://hecdnnw.hemlak.com/mncropresize/77/67/firmuser/8/8/7/6/4/1/4/d690c391-fcce-4e65-bf7c-14b7b53fe8e3.jpg",""
"https://www.hepsiemlak.com/mugla-koycegiz-ulucami-kiralik/villa/130154-730","1 / 27","70.000","09/09/2026","Ulucami'de Kordona 150m, Eşyalı/eşyasız Uzun Dönem Kiralık Villa","Kiralık Villa","3 + 1","140 m²","Sıfır Bina","·","Kat","","Muğla / Köyceğiz / Ulucami Mah.","https://hecdn01.hemlak.com/mncropresize/182/137/ds01/8/0/1/2/0/1/7/4/168c652e-3afb-4508-a87a-cf752cbb9305.jpg","Cittaslow Gayrimenkul","WhatsApp","","","https://hecdnnw.hemlak.com/mncropresize/77/67/logo/4/5/1/0/3/1/28728e14-6b18-44b3-9382-216c71840b1c.jpg"
"https://www.hepsiemlak.com/mugla-mentese-kotekli-kiralik/daire/139133-11","1 / 20","30.000","06/08/2026","Kötek Li De 2+1 Arakat Daire","Kiralık Daire","2 + 1","55 m²","14 Yaşında","·","Kat","Ara Kat","Muğla / Menteşe / Kötekli Mah.","https://www.hepsiemlak.com/_nuxt/8cafc93fb5c74c75e9e04e528e02ccdf.jpg","","WhatsApp","","",""
"https://www.hepsiemlak.com/mugla-ortaca-golbasi-kiralik/daire/142154-97","1 / 20","32.000","10/08/2026","Ortaca Gölbaşı Mah.Kiralık 3+1 Daire","Kiralık Daire","3 + 1","190 m²","20 Yaşında","·","Kat","2. Kat","Muğla / Ortaca / Gölbaşı Mah.","https://www.hepsiemlak.com/_nuxt/8cafc93fb5c74c75e9e04e528e02ccdf.jpg","Mk Gayrimenkul Emlak Danışmanlığı","WhatsApp","","","https://www.hepsiemlak.com/_nuxt/8cafc93fb5c74c75e9e04e528e02ccdf.jpg"
"https://www.hepsiemlak.com/mugla-bodrum-islamhaneleri-kiralik/villa/161286-177","1 / 35","95.000","10/09/2026","Bodrum Bağla 3+1 Tam Müstakil Yıllık Kiralık Yeni Villa","Kiralık Villa","3 + 1","140 m²","Sıfır Bina","·","Kat","","Muğla / Bodrum / İslamhaneleri Mah.","https://www.hepsiemlak.com/_nuxt/8cafc93fb5c74c75e9e04e528e02ccdf.jpg","Mudi Gayrimenkul İstanbul - Bodrum","WhatsApp","","","https://www.hepsiemlak.com/_nuxt/8cafc93fb5c74c75e9e04e528e02ccdf.jpg"
"https://www.hepsiemlak.com/mugla-bodrum-golkoy-kiralik/daire/146060-148","1 / 21","80.000","02/09/2026","Bodrum Gölköy De Eşyasız Kiralık Daire","Kiralık Daire","3 + 1","90 m²","Sıfır Bina","·","Kat","Zemin","Muğla / Bodrum / Gölköy Mah.","https://www.hepsiemlak.com/_nuxt/8cafc93fb5c74c75e9e04e528e02ccdf.jpg","Başak Emlak Bodrum","WhatsApp","","","https://www.hepsiemlak.com/_nuxt/8cafc93fb5c74c75e9e04e528e02ccdf.jpg"
"https://www.hepsiemlak.com/mugla-datca-kizlan-kiralik/daire/0-47012406","1 / 16","30.000","26/07/2026","Sahibinden Full Eşyalı Denize Sıfır Yıllık Kiralık Daire","Kiralık Daire","1 + 1","55 m²","25 Yaşında","·","Kat","Bahçe Katı","Muğla / Datça / Kızlan Mah.","https://www.hepsiemlak.com/_nuxt/8cafc93fb5c74c75e9e04e528e02ccdf.jpg","","WhatsApp","","",""
"https://www.hepsiemlak.com/mugla-bodrum-turgutreis-kiralik/daire/0-47010001","1 / 22","32.000","10/08/2026","Bodrum-Turgutreis'te, Sabancı Lisesi Yanında, Denize 80mt'de, Sahibinden Kiralık Eşyalı 1+1","Kiralık Daire","1 + 1","60 m²","25 Yaşında","·","Kat","Bahçe Katı","Muğla / Bodrum / Turgutreis Mah.","https://www.hepsiemlak.com/_nuxt/8cafc93fb5c74c75e9e04e528e02ccdf.jpg","","WhatsApp","","",""
"https://www.hepsiemlak.com/mugla-bodrum-yalikavak-kiralik/mustakil-ev/110877-1629","1 / 43","150.000","07/08/2026","Bodrum Yalıkavak Merkezi Yıllık Kiralık Tam Müstakil Villa","Kiralık Müstakil Ev","3 + 1","220 m²","7 Yaşında","·","Kat","","Muğla / Bodrum / Yalıkavak Mah.","https://www.hepsiemlak.com/_nuxt/8cafc93fb5c74c75e9e04e528e02ccdf.jpg","Vısıon Bodrum","WhatsApp","","","https://www.hepsiemlak.com/_nuxt/8cafc93fb5c74c75e9e04e528e02ccdf.jpg"
"https://www.hepsiemlak.com/mugla-koycegiz-gelisim-kiralik/daire/138370-54","1 / 15","25.000","28/08/2026","Köyceğiz Merkez De Kiralik Daire","Kiralık Daire","2 + 1","110 m²","4 Yaşında","·","Kat","2. Kat","Muğla / Köyceğiz / Gelişim Mah.","https://www.hepsiemlak.com/_nuxt/8cafc93fb5c74c75e9e04e528e02ccdf.jpg","Nokta Emlak","WhatsApp","","","https://www.hepsiemlak.com/_nuxt/8cafc93fb5c74c75e9e04e528e02ccdf.jpg"
"https://www.hepsiemlak.com/mugla-bodrum-geris-kiralik/villa/164577-107","1 / 41","85.000","18/08/2026","Bodrum Yalıkavak Geriş'te Plaja Çok Yakın Kiralık Havuzlu Villa","Kiralık Villa","3 + 1","150 m²","16 Yaşında","·","Kat","Bahçe Katı","Muğla / Bodrum / Geriş Mah.","https://www.hepsiemlak.com/_nuxt/8cafc93fb5c74c75e9e04e528e02ccdf.jpg","Aydın Avcı","WhatsApp","","","https://www.hepsiemlak.com/_nuxt/8cafc93fb5c74c75e9e04e528e02ccdf.jpg"
"https://www.hepsiemlak.com/mugla-milas-emek-kiralik/daire/138867-2612","1 / 26","23.000","17/08/2026","Mustafa Kayaalp'ten Emek'te 2+1 Kiralık Daire","Kiralık Daire","2 + 1","85 m²","5 Yaşında","·","Kat","2. Kat","Muğla / Milas / Emek Mah.","https://www.hepsiemlak.com/_nuxt/8cafc93fb5c74c75e9e04e528e02ccdf.jpg","Mustafa Kayaalp Milas Bodrum Gayrimenkul","WhatsApp","","","https://www.hepsiemlak.com/_nuxt/8cafc93fb5c74c75e9e04e528e02ccdf.jpg"
"https://www.hepsiemlak.com/mugla-milas-gulluk-kiralik/villa/138259-51","1 / 28","65.000","18/07/2026","Güllük’te Deniz Manzaralı 4 + 2 Eşyalı Kiralık","Kiralık Villa","4 + 2","190 m²","15 Yaşında","·","Kat","","Muğla / Milas / Güllük Mah.","https://www.hepsiemlak.com/_nuxt/8cafc93fb5c74c75e9e04e528e02ccdf.jpg","","WhatsApp","","",""
"https://www.hepsiemlak.com/mugla-ortaca-karaburun-kiralik/daire/169655-13","1 / 16","27.000","01/09/2026","Çevik Emlak'tan Ortaca Karaburun'da Sıfır Ayarında Kiralık 2+1 Lux Daire","Kiralık Daire","2 + 1","95 m²","5 Yaşında","·","Kat","Ara Kat","Muğla / Ortaca / Karaburun Mah.","https://www.hepsiemlak.com/_nuxt/8cafc93fb5c74c75e9e04e528e02ccdf.jpg","Çevik Emlak Ortaca","WhatsApp","","","https://www.hepsiemlak.com/_nuxt/8cafc93fb5c74c75e9e04e528e02ccdf.jpg"
"https://www.hepsiemlak.com/mugla-marmaris-sariana-kiralik/daire/162476-41","1 / 15","45.000","31/08/2026","Marmaris Sarıanada 2+1 Eşyalı Kiralık","Kiralık Daire","2 + 1","100 m²","28 Yaşında","·","Kat","Ara Kat","Muğla / Marmaris / Sarıana Mah.","https://www.hepsiemlak.com/_nuxt/8cafc93fb5c74c75e9e04e528e02ccdf.jpg","","WhatsApp","","",""
"https://www.hepsiemlak.com/mugla-bodrum-gundogan-kiralik/villa/119034-753","1 / 35","450.000","13/07/2026","Bodrum, Gündoğan, Janez Homes Site, Özel Yapılı Kiralık Yazlık.","Kiralık Villa","2 + 1","130 m²","3 Yaşında","·","Kat","Bahçe Katı","Muğla / Bodrum / Gündoğan Mah.","https://www.hepsiemlak.com/_nuxt/8cafc93fb5c74c75e9e04e528e02ccdf.jpg","Arfem İç Mimarlık Ve Gayrimenkul","WhatsApp","Esra
                  Ezilmez","https://www.hepsiemlak.com/_nuxt/8cafc93fb5c74c75e9e04e528e02ccdf.jpg","https://www.hepsiemlak.com/_nuxt/8cafc93fb5c74c75e9e04e528e02ccdf.jpg"
"https://www.hepsiemlak.com/mugla-bodrum-turkbuku-kiralik/villa/0-46927676","1 / 25","200.000","13/07/2026","Sahibinden Türkbükü Hekimköy Sitede-Plaj Yürüme Mesafesinde-Full Deniz Manzaralı Villa","Kiralık Villa","3 + 1","120 m²","30 Yaşında","·","Kat","","Muğla / Bodrum / Türkbükü Mah.","https://www.hepsiemlak.com/_nuxt/8cafc93fb5c74c75e9e04e528e02ccdf.jpg","","WhatsApp","","",""
"https://www.hepsiemlak.com/mugla-fethiye-yeni-kiralik/villa/160235-145","1 / 16","65.000","03/08/2026","Fethiye Yeni Mh Mevkii Full Eşyalı Havuzlu Müstakil Villa","Kiralık Villa","2 + 1","150 m²","1 Yaşında","·","Kat","Bahçe Katı","Muğla / Fethiye / Yeni Mah.","https://www.hepsiemlak.com/_nuxt/8cafc93fb5c74c75e9e04e528e02ccdf.jpg","Mirsu Gayrimenkul Fethıye","WhatsApp","Hasan
                  Pekdağlı","https://www.hepsiemlak.com/_nuxt/8cafc93fb5c74c75e9e04e528e02ccdf.jpg",""
"https://www.hepsiemlak.com/mugla-ortaca-yerbelen-kiralik/daire/166963-43","1 / 16","27.500","01/09/2026","Kiralık 2+1 100m2 Sıfırdaireler","Kiralık Daire","2 + 1","115 m²","Sıfır Bina","·","Kat","Ara Kat","Muğla / Ortaca / Yerbelen Mah.","https://www.hepsiemlak.com/_nuxt/8cafc93fb5c74c75e9e04e528e02ccdf.jpg","Resul Daglayan Gayrimenkul Danışmanlığı","WhatsApp","","","https://www.hepsiemlak.com/_nuxt/8cafc93fb5c74c75e9e04e528e02ccdf.jpg"
"https://www.hepsiemlak.com/mugla-koycegiz-beyobasi-kiralik/mustakil-ev/155961-25","1 / 18","19.000","30/08/2026","Yakamoz'dan Beyobası Mh.De Kiralık Müstakil Ev","Kiralık Müstakil Ev","3 + 1","130 m²","20 Yaşında","·","Kat","","Muğla / Köyceğiz / Beyobası Mah.","https://www.hepsiemlak.com/_nuxt/8cafc93fb5c74c75e9e04e528e02ccdf.jpg","Yakamoz Gayrimenkul Danışmanlık","WhatsApp","","","https://www.hepsiemlak.com/_nuxt/8cafc93fb5c74c75e9e04e528e02ccdf.jpg"
"https://www.hepsiemlak.com/mugla-milas-gulluk-kiralik/daire/135418-182","1 / 15","43.000","28/07/2026","Güllük'te  2+1 Bahçe Dubleksi Kiralık Daire","Kiralık Daire","2 + 1","90 m²","7 Yaşında","·","Kat","Bahçe Katı","Muğla / Milas / Güllük Mah.","https://www.hepsiemlak.com/_nuxt/8cafc93fb5c74c75e9e04e528e02ccdf.jpg","","WhatsApp","","",""
"https://www.hepsiemlak.com/mugla-seydikemer-doger-kiralik/villa/118694-31","1 / 32","12.500","27/08/2026","Muğla Seydikemer Döğer De Kiralık Villamız Sizleri Bekliyor","Kiralık Villa","3 + 1","160 m²","16 Yaşında","·","Kat","","Muğla / Seydikemer / Döğer Mah.","https://www.hepsiemlak.com/_nuxt/8cafc93fb5c74c75e9e04e528e02ccdf.jpg","Seydikemer Emlak 48","WhatsApp","Murat
                  Girgin","https://www.hepsiemlak.com/_nuxt/img/no-image-user.6f6a83e.svg",""
"https://www.hepsiemlak.com/mugla-bodrum-geris-kiralik/daire/110877-1628","1 / 53","150.000","14/08/2026","Bodrum Yalıkavak İskeleli Havuzlu Denize Sıfır Sitede Sezonda Kiralık Daire","Kiralık Daire","2 + 1","88 m²","10 Yaşında","·","Kat","Ara Kat","Muğla / Bodrum / Geriş Mah.","","Vısıon Bodrum","WhatsApp","","https://hecdnnw.hemlak.com/mncropresize/77/67/logo/7/7/8/0/1/1/16711a45-66d1-44b4-8df3-5a63004aef91.jpg",""
"https://www.hepsiemlak.com/mugla-bodrum-karaova-kiralik/daire/148212-228","1 / 24","30.000","09/09/2026","General Real Estate Bodrum - Bodrum Mumcular 3+1 Kiralık Daire","Kiralık Daire","3 + 1","115 m²","6 Yaşında","·","Kat","3. Kat","Muğla / Bodrum / Karaova Mah.","","","WhatsApp","","",""
"https://www.hepsiemlak.com/mugla-ortaca-karaburun-kiralik/daire/169655-12","1 / 22","27.000","01/09/2026","Ortaca Karaburun Mahallesinde Eşyasız , Isı Pompalı 2+1 Lüx Kiralık Daire","Kiralık Daire","2 + 1","95 m²","5 Yaşında","·","Kat","Ara Kat","Muğla / Ortaca / Karaburun Mah.","https://hecdnnw.hemlak.com/mncropresize/77/67/logo/5/5/6/9/6/1/639e2153-6ddb-42a4-9964-deb59fe9bded.jpg","Çevik Emlak Ortaca","WhatsApp","","",""
"https://www.hepsiemlak.com/mugla-ortaca-sarigerme-kiralik/villa/170150-7","1 / 34","85.000","02/09/2026","Vista Real Estate'den Sarıgerme De Müstakil Havuzlu Villa","Kiralık Villa","4 + 1","240 m²","Sıfır Bina","·","Kat","Bahçe Katı","Muğla / Ortaca / Sarıgerme Mah.","https://hecdn01.hemlak.com/mncropresize/182/137/ds01/9/0/2/0/5/8/6/4/e8353304-c65e-4fea-abb3-012f6ddfcc49.jpg","Dalaman Vista Gayrimenkul Ve Emlak Danışmanlığı Ti","WhatsApp","Dalaman Vista Gayrimenkul Ve Emlak Danış
                  Şirketi","https://www.hepsiemlak.com/_nuxt/img/no-image-user.6f6a83e.svg",""
"https://www.hepsiemlak.com/mugla-dalaman-karacali-kiralik/daire/158981-50","1 / 21","33.000","29/08/2026","Mugla Dalaman Merkezde Kiralık Eşyalı 2+1 Kapalı Mutfak Daire","Kiralık Daire","2 + 1","100 m²","6 Yaşında","·","Kat","1. Kat","Muğla / Dalaman / Karaçalı Mah.","https://www.hepsiemlak.com/_nuxt/8cafc93fb5c74c75e9e04e528e02ccdf.jpg","Velioğlu Gayrimenkul","WhatsApp","İbrahim
                  Polat","https://www.hepsiemlak.com/_nuxt/8cafc93fb5c74c75e9e04e528e02ccdf.jpg","https://www.hepsiemlak.com/_nuxt/8cafc93fb5c74c75e9e04e528e02ccdf.jpg"
"https://www.hepsiemlak.com/mugla-marmaris-sogut-kiralik/daire/138476-399","1 / 23","40.000","27/08/2026","Marmaris Söğüt Köyde Müstakil Tadında Kiralık Daireler","Kiralık Daire","2 + 1","110 m²","2 Yaşında","·","Kat","Giriş Katı","Muğla / Marmaris / Söğüt Mah.","https://www.hepsiemlak.com/_nuxt/8cafc93fb5c74c75e9e04e528e02ccdf.jpg","Emlak Sepeti 48","WhatsApp","","","https://www.hepsiemlak.com/_nuxt/8cafc93fb5c74c75e9e04e528e02ccdf.jpg"
"https://www.hepsiemlak.com/mugla-ula-akyaka-kiralik/daire/98517-42","1 / 19","35.000","02/09/2026","Akyaka Mah.’de Dublex 2+1 Eşyalı Daire Kiralıktır.","Kiralık Daire","2 + 1","75 m²","10 Yaşında","·","Kat","Zemin","Muğla / Ula / Akyaka Mah.","https://www.hepsiemlak.com/_nuxt/8cafc93fb5c74c75e9e04e528e02ccdf.jpg","Gökova Emlak","WhatsApp","Yılmaz
                  Arslan","https://www.hepsiemlak.com/_nuxt/8cafc93fb5c74c75e9e04e528e02ccdf.jpg",""
"https://www.hepsiemlak.com/mugla-bodrum-dirmil-kiralik/daire/166435-13","1 / 35","250.000","07/08/2026","Yalıkavak Gökçebel'de Kiralık 3+1 Villa","Kiralık Daire","3 + 1","130 m²","3 Yaşında","·","Kat","1. Kat","Muğla / Bodrum / Dirmil Mah.","https://www.hepsiemlak.com/_nuxt/8cafc93fb5c74c75e9e04e528e02ccdf.jpg","Delal Kılıç İnvest","WhatsApp","","","https://www.hepsiemlak.com/_nuxt/8cafc93fb5c74c75e9e04e528e02ccdf.jpg"
"https://www.hepsiemlak.com/mugla-mentese-kotekli-kiralik/daire/76834-3130","1 / 24","30.000","05/09/2026","Muğla Menteşe Kötekli'de Eşyalı 2+1 Kiralık Daire","Kiralık Daire","2 + 1","55 m²","6 Yaşında","·","Kat","1. Kat","Muğla / Menteşe / Kötekli Mah.","https://www.hepsiemlak.com/_nuxt/8cafc93fb5c74c75e9e04e528e02ccdf.jpg","Muğla Kampüs Emlak","WhatsApp","İlker Barış
                  Kalaç","https://www.hepsiemlak.com/_nuxt/8cafc93fb5c74c75e9e04e528e02ccdf.jpg","https://www.hepsiemlak.com/_nuxt/8cafc93fb5c74c75e9e04e528e02ccdf.jpg"
"https://www.hepsiemlak.com/mugla-milas-becin-kiralik/daire/84548-465","1 / 10","24.500","06/09/2026","Üniversite Bölgesinde Eşyalı Kiralık Daire","Kiralık Daire","1 + 1","45 m²","11 Yaşında","·","Kat","2. Kat","Muğla / Milas / Beçin Mah.","https://www.hepsiemlak.com/_nuxt/8cafc93fb5c74c75e9e04e528e02ccdf.jpg","Emlak Dünyası","WhatsApp","","","https://www.hepsiemlak.com/_nuxt/8cafc93fb5c74c75e9e04e528e02ccdf.jpg"
"https://www.hepsiemlak.com/mugla-fethiye-pazaryeri-kiralik/daire/0-47207434","1 / 12","29.400","29/08/2026","Pazaryeri Mah. Pazar Yanı Kiralık Daire 3+1","Kiralık Daire","3 + 1","115 m²","12 Yaşında","·","Kat","2. Kat","Muğla / Fethiye / Pazaryeri Mah.","https://www.hepsiemlak.com/_nuxt/8cafc93fb5c74c75e9e04e528e02ccdf.jpg","","WhatsApp","","",""
"https://www.hepsiemlak.com/mugla-datca-mesudiye-kiralik/villa/0-47184192","1 / 12","85.000","25/08/2026","Datça,Mesudiye'de,4+1,Deniz Ve Doğa, Müstakil Villa","Kiralık Villa","4 + 1","380 m²","12 Yaşında","·","Kat","","Muğla / Datça / Mesudiye Mah.","https://www.hepsiemlak.com/_nuxt/8cafc93fb5c74c75e9e04e528e02ccdf.jpg","","WhatsApp","","",""
"https://www.hepsiemlak.com/mugla-mentese-kafaca-kiralik/daire/139386-765","1 / 7","48.000","26/08/2026","Muğla Kafaca Kavşağı Manzaralı 3+1 Eşyasız Kiralık Lüks Daire","Kiralık Daire","3 + 1","135 m²","6 Yaşında","·","Kat","3. Kat","Muğla / Menteşe / Kafaca Mah.","https://www.hepsiemlak.com/_nuxt/8cafc93fb5c74c75e9e04e528e02ccdf.jpg","","WhatsApp","","",""
"https://www.hepsiemlak.com/mugla-dalaman-karacali-kiralik/daire/170989-5","1 / 10","22.000","27/08/2026","Dalaman Merkez 'de Kiralık Eşyalı 1+1 Daire","Kiralık Daire","1 + 1","58 m²","2 Yaşında","·","Kat","Ara Kat","Muğla / Dalaman / Karaçalı Mah.","https://www.hepsiemlak.com/_nuxt/8cafc93fb5c74c75e9e04e528e02ccdf.jpg","Gürköy Gayrimenkul","WhatsApp","","","https://www.hepsiemlak.com/img/loadings/noImage55-55.png"
"https://www.hepsiemlak.com/mugla-ortaca-karaburun-kiralik/daire/98449-1291","1 / 9","20.000","08/09/2026","​muğla Ortaca Karaburun’da 1+1 Eşyalı Kiralık Daire","Kiralık Daire","1 + 1","55 m²","5 Yaşında","·","Kat","Giriş Katı","Muğla / Ortaca / Karaburun Mah.","https://www.hepsiemlak.com/_nuxt/8cafc93fb5c74c75e9e04e528e02ccdf.jpg","Pikan Gayrimenkul","WhatsApp","","","https://www.hepsiemlak.com/_nuxt/8cafc93fb5c74c75e9e04e528e02ccdf.jpg"
"https://www.hepsiemlak.com/mugla-bodrum-turkbuku-kiralik/mustakil-ev/28765-15868","1 / 15","100.000","02/09/2026","Türkbükü'nde Denize 300 M | Havuzlu Sitede Kiralık 2+1 Üst Kat","Kiralık Müstakil Ev","2 + 1","90 m²","1 Yaşında","","","","Muğla / Bodrum / Türkbükü Mah.","https://www.hepsiemlak.com/_nuxt/8cafc93fb5c74c75e9e04e528e02ccdf.jpg","Coldwell Banker Artemis","WhatsApp","","","https://www.hepsiemlak.com/_nuxt/8cafc93fb5c74c75e9e04e528e02ccdf.jpg"
"https://www.hepsiemlak.com/mugla-ortaca-arikbasi-kiralik/daire/164433-183","1 / 14","27.500","10/08/2026","Ortaca Vali Bahçesinde Eşyalı 3+1 Kiralık Daire","Kiralık Daire","3 + 1","120 m²","16 Yaşında","·","Kat","Zemin","Muğla / Ortaca / Arıkbaşı Mah.","https://www.hepsiemlak.com/_nuxt/8cafc93fb5c74c75e9e04e528e02ccdf.jpg","Emlak Dünyası Ortaca","WhatsApp","Fatma
                  Muslu","https://www.hepsiemlak.com/_nuxt/img/no-image-user.6f6a83e.svg","https://www.hepsiemlak.com/_nuxt/8cafc93fb5c74c75e9e04e528e02ccdf.jpg"
"https://www.hepsiemlak.com/mugla-milas-cumhuriyet-kiralik/daire/164974-422","1 / 14","38.000","08/09/2026","Milas Cumhuriyet'te Kiralık 3+1 Eşyalı Daire","Kiralık Daire","3 + 1","120 m²","6 Yaşında","·","Kat","2. Kat","Muğla / Milas / Cumhuriyet Mah.","https://www.hepsiemlak.com/_nuxt/8cafc93fb5c74c75e9e04e528e02ccdf.jpg","Harmaya Gayrimenkul","WhatsApp","","","https://www.hepsiemlak.com/_nuxt/8cafc93fb5c74c75e9e04e528e02ccdf.jpg"
"https://www.hepsiemlak.com/mugla-bodrum-yalikavak-kiralik/daire/4245-11222","1 / 26","75.000","27/08/2026","Yalıkavak Merkezde 2+1 Üst Kat","Kiralık Daire","2 + 1","80 m²","20 Yaşında","·","Kat","1. Kat","Muğla / Bodrum / Yalıkavak Mah.","https://www.hepsiemlak.com/_nuxt/8cafc93fb5c74c75e9e04e528e02ccdf.jpg","Kw Platin","WhatsApp","","","https://www.hepsiemlak.com/_nuxt/8cafc93fb5c74c75e9e04e528e02ccdf.jpg"
"https://www.hepsiemlak.com/mugla-fethiye-cumhuriyet-kiralik/daire/154337-102","1 / 11","30.000","30/08/2026","Şehir Merkezinde 2+1 Eşyalı Müstakil Kiralık Daire","Kiralık Daire","2 + 1","85 m²","21 Yaşında","·","Kat","1. Kat","Muğla / Fethiye / Cumhuriyet Mah.","https://www.hepsiemlak.com/_nuxt/8cafc93fb5c74c75e9e04e528e02ccdf.jpg","Kuksa Emlak","WhatsApp","","","https://www.hepsiemlak.com/_nuxt/8cafc93fb5c74c75e9e04e528e02ccdf.jpg"
"https://www.hepsiemlak.com/mugla-ortaca-dalyan-kiralik/villa/0-47053132","1 / 11","49.000","03/08/2026","Dalyan'da 2+1 Kiralık Müstakil Villa (havuzlu, Kaloriferli)","Kiralık Villa","2 + 1","76 m²","2 Yaşında","·","Kat","","Muğla / Ortaca / Dalyan Mah.","https://www.hepsiemlak.com/_nuxt/8cafc93fb5c74c75e9e04e528e02ccdf.jpg","","WhatsApp","","",""
"https://www.hepsiemlak.com/mugla-fethiye-camkoy-kiralik/daire/159960-93","1 / 27","25.000","08/09/2026","Dy Gayrimenkul'den Karaçulha Kanal Boyunda 4+1 Eşyasız","Kiralık Daire","4 + 1","135 m²","6 Yaşında","·","Kat","3. Kat","Muğla / Fethiye / Çamköy Mah.","https://www.hepsiemlak.com/_nuxt/8cafc93fb5c74c75e9e04e528e02ccdf.jpg","Derya Yetkin Gayrimenkul Danışmanlık Ve Yatırım","WhatsApp","Derya
                  Yetkin","https://www.hepsiemlak.com/_nuxt/8cafc93fb5c74c75e9e04e528e02ccdf.jpg",""
"https://www.hepsiemlak.com/mugla-fethiye-babatasi-kiralik/daire/163109-196","1 / 25","55.000","26/08/2026","Babataşı Nda Full Eşyalı 3+1 Ve 3 Balkonlu Kiralık Daire","Kiralık Daire","3 + 1","135 m²","11 Yaşında","·","Kat","Giriş Katı","Muğla / Fethiye / Babataşı Mah.","https://www.hepsiemlak.com/_nuxt/8cafc93fb5c74c75e9e04e528e02ccdf.jpg","Prıvekey Gayrimenkul","WhatsApp","","","https://www.hepsiemlak.com/_nuxt/8cafc93fb5c74c75e9e04e528e02ccdf.jpg"
"https://www.hepsiemlak.com/mugla-bodrum-mumcular-kiralik/daire/140850-333","1 / 19","21.000","03/09/2026","Çınar Emlaktan Mumcularda Kiralık 2+1 Daire","Kiralık Daire","2 + 1","70 m²","Sıfır Bina","·","Kat","Bahçe Katı","Muğla / Bodrum / Mumcular Mah.","https://www.hepsiemlak.com/_nuxt/8cafc93fb5c74c75e9e04e528e02ccdf.jpg","","WhatsApp","","",""
"https://www.hepsiemlak.com/mugla-bodrum-kumbahce-kiralik/daire/8011-4983","1 / 25","45.000","05/08/2026","Bodrum Kumbahçede Sıfırlanmış 2+1 Bahçe Katı Kiralık Daire","Kiralık Daire","2 + 1","85 m²","11 Yaşında","·","Kat","Bahçe Katı","Muğla / Bodrum / Kumbahçe Mah.","https://hecdnnw.hemlak.com/mncropresize/77/67/firmuser/1/1/0/8/0/0/31976d90-17ec-4202-b022-c08d8a8ce691.jpg","Can Can Emlak","WhatsApp","Can
                  Tayhan","",""
"https://www.hepsiemlak.com/mugla-bodrum-turkkuyusu-kiralik/daire/1606-2916","1 / 21","75.000","26/08/2026","Bodrum Merkez De Havuzlu Sitede 2+1","Kiralık Daire","2 + 1","110 m²","11 Yaşında","·","Kat","1. Kat","Muğla / Bodrum / Türkkuyusu Mah.","","","WhatsApp","","",""
"https://www.hepsiemlak.com/mugla-milas-haciabti-kiralik/daire/134152-535","1 / 13","25.000","02/09/2026","Şevketiye Mahallesinde 3+1 Eşyalı Kiralık Daire","Kiralık Daire","3 + 1","310 m²","25 Yaşında","·","Kat","1. Kat","Muğla / Milas / Hacıabti Mah.","","","WhatsApp","","",""
"https://www.hepsiemlak.com/mugla-fethiye-oludeniz-kiralik/daire/156302-423","1 / 8","35.000","17/08/2026","Fethiye Ovacık Mevkii 1+1 Eşyalı Havuzlu Daire 1 Haziran  2027  Kiralıktır","Kiralık Daire","1 + 1","60 m²","11 Yaşında","·","Kat","1. Kat","Muğla / Fethiye / Ölüdeniz Mah.","https://hecdn01.hemlak.com/mncropresize/182/137/ds01/8/4/5/0/4/1/7/4/ba16b60c-6378-4c72-8d93-1fc3d5824432.jpg","","WhatsApp","","",""
"https://www.hepsiemlak.com/mugla-datca-iskele-kiralik/daire/18454-770","1 / 28","36.000","07/09/2026","Datça İskele'de Çarşıya Yakın (ptt Sokağı) Balkonlu Eşyalı 1+1","Kiralık Daire","1 + 1","57 m²","3 Yaşında","·","Kat","2. Kat","Muğla / Datça / İskele Mah.","https://www.hepsiemlak.com/_nuxt/8cafc93fb5c74c75e9e04e528e02ccdf.jpg","Canbey Emlak Datça","WhatsApp","","","https://www.hepsiemlak.com/_nuxt/8cafc93fb5c74c75e9e04e528e02ccdf.jpg"
"https://www.hepsiemlak.com/mugla-datca-iskele-kiralik/daire/125843-608","1 / 18","100.000","01/09/2026","Datça Merkez'de Denize Yakın Sezonluk Kiralık 60m² 1+1 Daire","Kiralık Daire","1 + 1","70 m²","11 Yaşında","·","Kat","2. Kat","Muğla / Datça / İskele Mah.","https://www.hepsiemlak.com/_nuxt/8cafc93fb5c74c75e9e04e528e02ccdf.jpg","Era Zeytin Gayrimenkul Datça","WhatsApp","","","https://www.hepsiemlak.com/_nuxt/8cafc93fb5c74c75e9e04e528e02ccdf.jpg"
"https://www.hepsiemlak.com/mugla-mentese-emirbeyazit-kiralik/daire/7027-1494","1 / 25","40.000","24/08/2026","Emirbeyazıt’da Eşyalı 2+1 Kiralık Daire","Kiralık Daire","2 + 1","85 m²","15 Yaşında","·","Kat","Giriş Katı","Muğla / Menteşe / Emirbeyazıt Mah.","https://www.hepsiemlak.com/_nuxt/8cafc93fb5c74c75e9e04e528e02ccdf.jpg","Tunç Emlak","WhatsApp","","","https://www.hepsiemlak.com/_nuxt/8cafc93fb5c74c75e9e04e528e02ccdf.jpg"
"https://www.hepsiemlak.com/mugla-mentese-karsiyaka-kiralik/daire/115758-2816","1 / 23","47.000","08/09/2026","Lider'den Muğla Menteşe Karşıyaka'da Kiralık 3+1 Yeni Daire","Kiralık Daire","3 + 1","155 m²","Sıfır Bina","·","Kat","1. Kat","Muğla / Menteşe / Karşıyaka Mah.","https://www.hepsiemlak.com/_nuxt/8cafc93fb5c74c75e9e04e528e02ccdf.jpg","Lider Gayrimenkul","WhatsApp","","","https://www.hepsiemlak.com/_nuxt/8cafc93fb5c74c75e9e04e528e02ccdf.jpg"
"https://www.hepsiemlak.com/mugla-bodrum-geris-kiralik/daire/17216-4093","1 / 29","80.000","02/09/2026","Yalıkavak' Ta Marina Manzaralı Teraslı Daire","Kiralık Daire","2 + 1","140 m²","6 Yaşında","·","Kat","2. Kat","Muğla / Bodrum / Geriş Mah.","https://www.hepsiemlak.com/_nuxt/8cafc93fb5c74c75e9e04e528e02ccdf.jpg","Amerıcana Realty Zemlak","WhatsApp","Uzay
                  Merttürk","https://www.hepsiemlak.com/_nuxt/8cafc93fb5c74c75e9e04e528e02ccdf.jpg","https://www.hepsiemlak.com/_nuxt/8cafc93fb5c74c75e9e04e528e02ccdf.jpg"
"https://www.hepsiemlak.com/mugla-bodrum-dirmil-kiralik/daire/34401-12148","1 / 29","450.000","31/07/2026","Nef Rezerve Yalıkavak Bodrum Denize Sıfır Kiralık Daire","Kiralık Daire","2 + 1","125 m²","3 Yaşında","·","Kat","2. Kat","Muğla / Bodrum / Dirmil Mah.","https://www.hepsiemlak.com/_nuxt/8cafc93fb5c74c75e9e04e528e02ccdf.jpg","Net İstanbul Luxury","WhatsApp","","","https://www.hepsiemlak.com/_nuxt/8cafc93fb5c74c75e9e04e528e02ccdf.jpg"
"https://www.hepsiemlak.com/mugla-bodrum-turgutreis-kiralik/daire/28555-2604","1 / 15","40.000","02/09/2026","Sör Emlak'tan Turgutreis Çarşı Denize Sıfır Konum Kiralık Daire","Kiralık Daire","1 + 1","45 m²","5 Yaşında","·","Kat","2. Kat","Muğla / Bodrum / Turgutreis Mah.","https://www.hepsiemlak.com/_nuxt/8cafc93fb5c74c75e9e04e528e02ccdf.jpg","Sör Emlak","WhatsApp","","","https://www.hepsiemlak.com/_nuxt/8cafc93fb5c74c75e9e04e528e02ccdf.jpg"
"https://www.hepsiemlak.com/mugla-bodrum-turgutreis-kiralik/daire/41553-8533","1 / 19","80.000","24/08/2026","Ckm Den Yalı Bölgesinde","Kiralık Daire","2 + 1","110 m²","16 Yaşında","·","Kat","1. Kat","Muğla / Bodrum / Turgutreis Mah.","https://www.hepsiemlak.com/_nuxt/8cafc93fb5c74c75e9e04e528e02ccdf.jpg","Ckm Gayrimenkul","WhatsApp","Malik
                  Çetin","https://www.hepsiemlak.com/_nuxt/8cafc93fb5c74c75e9e04e528e02ccdf.jpg","https://www.hepsiemlak.com/_nuxt/8cafc93fb5c74c75e9e04e528e02ccdf.jpg"
"https://www.hepsiemlak.com/mugla-marmaris-siteler-kiralik/daire/84483-1363","1 / 19","90.000","19/08/2026","Adres Emlak - Denize Sıfır Panaromik Deniz Manzaralı Kiralık Daire","Kiralık Daire","2 + 1","150 m²","25 Yaşında","·","Kat","4. Kat","Muğla / Marmaris / Siteler Mah.","https://www.hepsiemlak.com/_nuxt/8cafc93fb5c74c75e9e04e528e02ccdf.jpg","","WhatsApp","","",""
"https://www.hepsiemlak.com/mugla-milas-gulluk-kiralik/daire/166724-215","1 / 18","30.000","01/09/2026","Garipoğulları Gayrimenkulden Güllük'de Kiralık Daire","Kiralık Daire","2 + 1","95 m²","Sıfır Bina","·","Kat","2. Kat","Muğla / Milas / Güllük Mah.","https://www.hepsiemlak.com/_nuxt/8cafc93fb5c74c75e9e04e528e02ccdf.jpg","Garipoğulları Gayrimenkul","WhatsApp","","","https://www.hepsiemlak.com/_nuxt/8cafc93fb5c74c75e9e04e528e02ccdf.jpg"
"https://www.hepsiemlak.com/mugla-ortaca-terzialiler-kiralik/daire/165399-131","1 / 16","19.000","20/08/2026","Ortaca Merkezi Konum Da Kiralık 1+1 Daire","Kiralık Daire","1 + 1","75 m²","5 Yaşında","·","Kat","3. Kat","Muğla / Ortaca / Terzialiler Mah.","https://www.hepsiemlak.com/_nuxt/8cafc93fb5c74c75e9e04e528e02ccdf.jpg","Safir Emlak Ortaca","WhatsApp","Aydın
                  Akdeniz","https://www.hepsiemlak.com/_nuxt/8cafc93fb5c74c75e9e04e528e02ccdf.jpg","https://www.hepsiemlak.com/_nuxt/8cafc93fb5c74c75e9e04e528e02ccdf.jpg"
"https://www.hepsiemlak.com/mugla-marmaris-armutalan-kiralik/mustakil-ev/149115-228","1 / 15","70.000","25/08/2026","Kiralık Armutalan Yamaç Sitesinde Bahçeli 3+1 Triplex","Kiralık Müstakil Ev","3 + 1","120 m²","16 Yaşında","","","","Muğla / Marmaris / Armutalan Mah.","https://www.hepsiemlak.com/_nuxt/8cafc93fb5c74c75e9e04e528e02ccdf.jpg","Ahmet Ayar Real Estate","WhatsApp","","","https://www.hepsiemlak.com/_nuxt/8cafc93fb5c74c75e9e04e528e02ccdf.jpg"
"https://www.hepsiemlak.com/mugla-koycegiz-gulpinar-kiralik/daire/155994-113","1 / 40","26.000","15/08/2026","Köyceğiz Gülpınar Mh 3+1 Kaloriferli Kiralık Daire !","Kiralık Daire","3 + 1","130 m²","16 Yaşında","·","Kat","Yüksek Giriş","Muğla / Köyceğiz / Gülpınar Mah.","https://www.hepsiemlak.com/_nuxt/8cafc93fb5c74c75e9e04e528e02ccdf.jpg","Artı Emlak","WhatsApp","Korhan
                  Aydın","https://www.hepsiemlak.com/_nuxt/8cafc93fb5c74c75e9e04e528e02ccdf.jpg","https://www.hepsiemlak.com/_nuxt/8cafc93fb5c74c75e9e04e528e02ccdf.jpg"
"https://www.hepsiemlak.com/mugla-ortaca-ataturk-kiralik/daire/151003-242","1 / 26","25.000","10/08/2026","Rotam Emlaktan Ortaca Merkezde Cadde Üstünde 2+1 Kiralık Daire","Kiralık Daire","2 + 1","75 m²","Sıfır Bina","·","Kat","2. Kat","Muğla / Ortaca / Atatürk Mah.","https://www.hepsiemlak.com/_nuxt/8cafc93fb5c74c75e9e04e528e02ccdf.jpg","Rotam Emlak","WhatsApp","Hülya
                  Aşiroğlu","https://www.hepsiemlak.com/_nuxt/8cafc93fb5c74c75e9e04e528e02ccdf.jpg","https://www.hepsiemlak.com/_nuxt/8cafc93fb5c74c75e9e04e528e02ccdf.jpg"
"https://www.hepsiemlak.com/mugla-milas-kemikler-kiralik/daire/158436-150","1 / 27","27.000","22/08/2026","Muğla Milas Bodrum Yolu Havuzlu Eşyasız 2+1 Kiralık Daire","Kiralık Daire","2 + 1","78 m²","3 Yaşında","·","Kat","Giriş Katı","Muğla / Milas / Kemikler Mah.","https://www.hepsiemlak.com/_nuxt/8cafc93fb5c74c75e9e04e528e02ccdf.jpg","Best Boğaziçi Gayrimenkul","WhatsApp","","","https://www.hepsiemlak.com/_nuxt/8cafc93fb5c74c75e9e04e528e02ccdf.jpg"
"https://www.hepsiemlak.com/mugla-datca-yazi-kiralik/daire/114781-926","1 / 38","33.000","04/08/2026","Datça Kıralık 2+1 Bahçelı Sıfır Daıre Yazıköy","Kiralık Daire","2 + 1","120 m²","1 Yaşında","·","Kat","Bahçe Katı","Muğla / Datça / Yazı Mah.","https://www.hepsiemlak.com/_nuxt/8cafc93fb5c74c75e9e04e528e02ccdf.jpg","Remax Badem","WhatsApp","","","https://www.hepsiemlak.com/_nuxt/8cafc93fb5c74c75e9e04e528e02ccdf.jpg"
"https://www.hepsiemlak.com/mugla-bodrum-bahcelievler-kiralik/daire/142707-179","1 / 60","263.000","27/08/2026","Denizin Tam Kıyısında * Ultra Lüks * Müthiş Manzara * Özel Plaj","Kiralık Daire","2 + 1","95 m²","2 Yaşında","·","Kat","Bahçe Katı","Muğla / Bodrum / Bahçelievler Mah.","https://www.hepsiemlak.com/_nuxt/8cafc93fb5c74c75e9e04e528e02ccdf.jpg","Bodrum Bulut Gayrimenkul","WhatsApp","Metin
                  Sucu","https://www.hepsiemlak.com/_nuxt/8cafc93fb5c74c75e9e04e528e02ccdf.jpg","https://www.hepsiemlak.com/_nuxt/8cafc93fb5c74c75e9e04e528e02ccdf.jpg"
"https://www.hepsiemlak.com/mugla-koycegiz-ulucami-kiralik/villa/130154-719","1 / 35","45.000","07/09/2026","Ulucami'de Göle 70m,Tripleks,Eşyalı/eşyasız Kiralık 3+1 Villalar","Kiralık Villa","3 + 1","130 m²","11 Yaşında","·","Kat","","Muğla / Köyceğiz / Ulucami Mah.","https://www.hepsiemlak.com/_nuxt/8cafc93fb5c74c75e9e04e528e02ccdf.jpg","Cittaslow Gayrimenkul","WhatsApp","","","https://www.hepsiemlak.com/_nuxt/8cafc93fb5c74c75e9e04e528e02ccdf.jpg"
"https://www.hepsiemlak.com/mugla-bodrum-koyunbaba-kiralik/mustakil-ev/134691-81","1 / 34","62.500","28/08/2026","Bodrum Koyunbaba Gümüşkaya Sitesinde Plajlı Kiralık Müstakil Ev","Kiralık Müstakil Ev","3 + 1","140 m²","21 Yaşında","","","","Muğla / Bodrum / Koyunbaba Mah.","https://www.hepsiemlak.com/_nuxt/8cafc93fb5c74c75e9e04e528e02ccdf.jpg","Elif Olgaç Gayrimenkul & Yatırım Danışmanlığı","WhatsApp","","","https://www.hepsiemlak.com/_nuxt/8cafc93fb5c74c75e9e04e528e02ccdf.jpg"
"https://www.hepsiemlak.com/mugla-bodrum-bitez-kiralik/daire/163846-78","1 / 25","55.000","25/07/2026","Bodrum Bitez'de Deniz Manzaralı Lüks 1+1 Rezidans | Full Eşyalı | Havuzlu","Kiralık Daire","1 + 1","60 m²","2 Yaşında","·","Kat","En Üst Kat","Muğla / Bodrum / Bitez Mah.","https://www.hepsiemlak.com/_nuxt/8cafc93fb5c74c75e9e04e528e02ccdf.jpg","Aes Gayrimenkul","WhatsApp","","","https://www.hepsiemlak.com/_nuxt/8cafc93fb5c74c75e9e04e528e02ccdf.jpg"
"https://www.hepsiemlak.com/mugla-dalaman-merkez-kiralik/daire/141183-481","1 / 33","27.000","05/08/2026","Dalaman Merkezde Kiralık Ful Eşyalı 2+1 Daire","Kiralık Daire","2 + 1","110 m²","6 Yaşında","·","Kat","1. Kat","Muğla / Dalaman / Merkez Mah.","","","WhatsApp","","",""
"https://www.hepsiemlak.com/mugla-yatagan-konak-kiralik/daire/147863-86","1 / 18","36.000","29/08/2026","Kiralık 3+1 Merkezi Konum Yatağan Muğla","Kiralık Daire","3 + 1","140 m²","4 Yaşında","·","Kat","4. Kat","Muğla / Yatağan / Konak Mah.","https://hecdnnw.hemlak.com/mncropresize/77/67/logo/3/6/8/7/4/1/31e9f2ec-e8d5-448c-bddb-d471da661953.jpg","Karakoç Emlak","WhatsApp","","",""
"https://www.hepsiemlak.com/mugla-bodrum-koyunbaba-kiralik/villa/145086-38","1 / 28","100.000","25/07/2026","Koyunbaba'da Deniz Manzaralı 3+1 Kiralık Villa","Kiralık Villa","3 + 1","160 m²","11 Yaşında","·","Kat","Bahçe Katı","Muğla / Bodrum / Koyunbaba Mah.","https://hecdnnw.hemlak.com/mncropresize/77/67/logo/6/8/0/5/4/1/6bace485-64ea-49ee-9161-8d6ffa6b4ba3.jpg","Emlak İdea","WhatsApp","Aras
                  Kutay","https://hecdnnw.hemlak.com/mncropresize/77/67/firmuser/0/0/3/7/0/1/4/4437a984-2edd-4c61-a3cb-6376389ded33.jpg",""
"https://www.hepsiemlak.com/mugla-ula-demirtas-kiralik/daire/138390-211","1 / 30","30.000","22/08/2026","Demirtaş Mah. Çarşı Merkezinde Kiralık 4+1 140 M2 Daire","Kiralık Daire","4 + 1","140 m²","16 Yaşında","·","Kat","2. Kat","Muğla / Ula / Demirtaş Mah.","https://hecdn01.hemlak.com/mncropresize/182/137/ds01/8/2/6/6/7/9/6/4/c9acfdca-d323-48cc-aa48-ff596842a41a.jpg","Vizyon Gayrimenkul","WhatsApp","","","https://hecdnnw.hemlak.com/mncropresize/77/67/logo/0/9/3/8/3/1/3bf9e1e3-be8b-45ff-af3e-dd62bfb63c21.jpg"
"https://www.hepsiemlak.com/mugla-dalaman-altintas-kiralik/daire/170150-2","1 / 16","15.000","02/09/2026","Dalaman Altıntas Ta Kiralık Klimalı 1+1 Ara Kat","Kiralık Daire","1 + 1","65 m²","2 Yaşında","·","Kat","2. Kat","Muğla / Dalaman / Altıntas Mah.","https://www.hepsiemlak.com/_nuxt/8cafc93fb5c74c75e9e04e528e02ccdf.jpg","","WhatsApp","","",""
"https://www.hepsiemlak.com/mugla-bodrum-yalikavak-kiralik/mustakil-ev/110877-1623","1 / 57","400.000","07/08/2026","Bodrum Yalıkavak Tilkicik’te Kiralık Tam Müstakil Lüks Villa","Kiralık Müstakil Ev","3 + 1","230 m²","4 Yaşında","·","Kat","","Muğla / Bodrum / Yalıkavak Mah.","https://www.hepsiemlak.com/_nuxt/8cafc93fb5c74c75e9e04e528e02ccdf.jpg","Vısıon Bodrum","WhatsApp","","","https://www.hepsiemlak.com/_nuxt/8cafc93fb5c74c75e9e04e528e02ccdf.jpg"
"https://www.hepsiemlak.com/mugla-milas-cumhuriyet-kiralik/daire/62045-1698","1 / 17","30.000","03/09/2026","Cumhuriyet Mahde 3+1 Kiralık 140m2 Daire","Kiralık Daire","3 + 1","140 m²","16 Yaşında","·","Kat","2. Kat","Muğla / Milas / Cumhuriyet Mah.","https://www.hepsiemlak.com/_nuxt/8cafc93fb5c74c75e9e04e528e02ccdf.jpg","","WhatsApp","","",""
"https://www.hepsiemlak.com/mugla-fethiye-yaniklar-kiralik/daire/52425-3784","1 / 17","25.000","31/08/2026","Yanıklar Mahallesinde Eşyalı Kiralık 1+1 Daire","Kiralık Daire","1 + 1","60 m²","2 Yaşında","·","Kat","3. Kat","Muğla / Fethiye / Yanıklar Mah.","https://www.hepsiemlak.com/_nuxt/8cafc93fb5c74c75e9e04e528e02ccdf.jpg","Vartur Emlak","WhatsApp","","","https://www.hepsiemlak.com/_nuxt/8cafc93fb5c74c75e9e04e528e02ccdf.jpg"
"https://www.hepsiemlak.com/mugla-ortaca-terzialiler-kiralik/daire/142651-266","1 / 12","20.000","03/09/2026","Ortaca'da Kiralık Geniş 1+1 Daire","Kiralık Daire","1 + 1","63 m²","2 Yaşında","·","Kat","Ara Kat","Muğla / Ortaca / Terzialiler Mah.","https://www.hepsiemlak.com/_nuxt/8cafc93fb5c74c75e9e04e528e02ccdf.jpg","Birlik Emlak","WhatsApp","Evrim
                  Yörük","https://www.hepsiemlak.com/_nuxt/8cafc93fb5c74c75e9e04e528e02ccdf.jpg","https://www.hepsiemlak.com/_nuxt/8cafc93fb5c74c75e9e04e528e02ccdf.jpg"
"https://www.hepsiemlak.com/mugla-dalaman-serefler-kiralik/daire/117249-525","1 / 14","18.500","02/09/2026","Şereflerde Eşyalı Havuzlu 1+1 Daire Kiralık","Kiralık Daire","1 + 1","55 m²","3 Yaşında","·","Kat","2. Kat","Muğla / Dalaman / Şerefler Mah.","https://www.hepsiemlak.com/_nuxt/8cafc93fb5c74c75e9e04e528e02ccdf.jpg","Ata Gayrimenkul","WhatsApp","","","https://www.hepsiemlak.com/_nuxt/8cafc93fb5c74c75e9e04e528e02ccdf.jpg"
"https://www.hepsiemlak.com/mugla-dalaman-sogutluyurt-kiralik/daire/161761-164","1 / 9","15.000","29/08/2026","Ametist Emlak Tan 1+1 Kiralık Ara Kat Daire","Kiralık Daire","1 + 1","55 m²","Sıfır Bina","·","Kat","2. Kat","Muğla / Dalaman / Söğütlüyurt Mah.","https://www.hepsiemlak.com/_nuxt/8cafc93fb5c74c75e9e04e528e02ccdf.jpg","Ametist Real Estate","WhatsApp","Deniz
                  Alptekin","https://www.hepsiemlak.com/_nuxt/8cafc93fb5c74c75e9e04e528e02ccdf.jpg",""
"https://www.hepsiemlak.com/mugla-bodrum-guvercinlik-kiralik/daire/114553-154","1 / 27","50.000","27/08/2026","Güvercinlik'te Deniz Manzaralı Eşyalı 3+1 Kiralık Daire","Kiralık Daire","3 + 1","135 m²","31 Yaşında","·","Kat","Zemin","Muğla / Bodrum / Güvercinlik Mah.","https://www.hepsiemlak.com/_nuxt/8cafc93fb5c74c75e9e04e528e02ccdf.jpg","","WhatsApp","","",""
"https://www.hepsiemlak.com/mugla-bodrum-kucukbuk-kiralik/villa/100251-1233","1 / 20","75.000","21/08/2026","Küçükbükte Kiralık Yazlık Yıllık Kiralıktır","Kiralık Villa","2 + 1","110 m²","16 Yaşında","·","Kat","Bahçe Katı","Muğla / Bodrum / Küçükbük Mah.","https://www.hepsiemlak.com/_nuxt/8cafc93fb5c74c75e9e04e528e02ccdf.jpg","Globally World Real Estate - Ali Tavas","WhatsApp","","","https://www.hepsiemlak.com/_nuxt/8cafc93fb5c74c75e9e04e528e02ccdf.jpg"
"https://www.hepsiemlak.com/mugla-milas-emek-kiralik/daire/83524-791","1 / 26","26.000","11/08/2026","Milas İmi Koleji Ve Hastane Yanı Kiralık Daireler","Kiralık Daire","2 + 0","85 m²","1 Yaşında","·","Kat","1. Kat","Muğla / Milas / Emek Mah.","https://www.hepsiemlak.com/_nuxt/8cafc93fb5c74c75e9e04e528e02ccdf.jpg","Akın Emlak Yapı Realty Milas Bodrum","WhatsApp","","","https://www.hepsiemlak.com/_nuxt/8cafc93fb5c74c75e9e04e528e02ccdf.jpg"
"https://www.hepsiemlak.com/mugla-bodrum-akcaalan-kiralik/daire/82628-1147","1 / 19","32.000","26/08/2026","Fc Group'tan, Akçaalan Merkezi Konumda İlkokul Yanında, Geniş Balkonlu, Eşyasız 2+1 Bahçe Katı Daire","Kiralık Daire","2 + 1","67 m²","17 Yaşında","·","Kat","Yüksek Giriş","Muğla / Bodrum / Akçaalan Mah.","https://www.hepsiemlak.com/_nuxt/8cafc93fb5c74c75e9e04e528e02ccdf.jpg","Fc Group","WhatsApp","","","https://www.hepsiemlak.com/_nuxt/8cafc93fb5c74c75e9e04e528e02ccdf.jpg"
"https://www.hepsiemlak.com/mugla-bodrum-cumhuriyet-kiralik/daire/65421-1581","1 / 19","55.000","22/08/2026","Oasıs Avm Civarı Anayola Yakın Yenilenmiş 2+1 Alt Kat","Kiralık Daire","2 + 10","60 m²","15 Yaşında","·","Kat","Giriş Katı","Muğla / Bodrum / Cumhuriyet Mah.","https://www.hepsiemlak.com/_nuxt/8cafc93fb5c74c75e9e04e528e02ccdf.jpg","Bodrum Kule Emlak","WhatsApp","Nihal
                  Sakarya","https://www.hepsiemlak.com/_nuxt/8cafc93fb5c74c75e9e04e528e02ccdf.jpg","https://www.hepsiemlak.com/_nuxt/8cafc93fb5c74c75e9e04e528e02ccdf.jpg"
"https://www.hepsiemlak.com/mugla-ortaca-bahcelievler-kiralik/daire/126009-531","1 / 21","20.000","03/09/2026","Murat Çimen'den Bahçelievler Mah.1+1 Kiralık Daire","Kiralık Daire","1 + 1","60 m²","Sıfır Bina","·","Kat","2. Kat","Muğla / Ortaca / Bahçelievler Mah.","https://www.hepsiemlak.com/_nuxt/8cafc93fb5c74c75e9e04e528e02ccdf.jpg","Murat Çimen Gayrimenkul","WhatsApp","Murat
                  Çimen","https://www.hepsiemlak.com/_nuxt/8cafc93fb5c74c75e9e04e528e02ccdf.jpg","https://www.hepsiemlak.com/_nuxt/8cafc93fb5c74c75e9e04e528e02ccdf.jpg"
"https://www.hepsiemlak.com/mugla-ortaca-dalyan-kiralik/mustakil-ev/82884-2029","1 / 14","27.000","04/09/2026","Dalyan Marmarlı Da Full Eşyalı 2+1 Dubleks","Kiralık Müstakil Ev","2 + 1","130 m²","10 Yaşında","·","Kat","","Muğla / Ortaca / Dalyan Mah.","https://www.hepsiemlak.com/_nuxt/8cafc93fb5c74c75e9e04e528e02ccdf.jpg","Elit Emlak","WhatsApp","","","https://www.hepsiemlak.com/_nuxt/8cafc93fb5c74c75e9e04e528e02ccdf.jpg"
"https://www.hepsiemlak.com/mugla-ortaca-karaburun-kiralik/daire/165426-160","1 / 6","19.000","03/09/2026","Karaburun Mah. Kiralık Geniş 2+1 Sıfır Daire Üniversiteye Yakın","Kiralık Daire","2 + 1","80 m²","Sıfır Bina","·","Kat","Zemin","Muğla / Ortaca / Karaburun Mah.","https://www.hepsiemlak.com/_nuxt/8cafc93fb5c74c75e9e04e528e02ccdf.jpg","Dalya Ds Gayrimenkul","WhatsApp","Dilek
                  Tümenbey","https://www.hepsiemlak.com/_nuxt/8cafc93fb5c74c75e9e04e528e02ccdf.jpg","https://www.hepsiemlak.com/_nuxt/8cafc93fb5c74c75e9e04e528e02ccdf.jpg"
"https://www.hepsiemlak.com/mugla-bodrum-turkkuyusu-kiralik/yazlik/56201-173","1 / 19","80.000","22/07/2026","Bodrum' Da 2+1,Kale Manzaralı ,Bahcelı,Full Möblelı","Kiralık Yazlık","2 + 1","90 m²","12 Yaşında","·","Kat","Bahçe Katı","Muğla / Bodrum / Türkkuyusu Mah.","https://www.hepsiemlak.com/_nuxt/8cafc93fb5c74c75e9e04e528e02ccdf.jpg","","WhatsApp","","",""
"https://www.hepsiemlak.com/mugla-dalaman-merkez-kiralik/daire/171354-1","1 / 22","22.000","27/08/2026","Prestij'den Dalaman Merkez'de Eşyasız 3+1 Kiralık Daire","Kiralık Daire","3 + 1","110 m²","16 Yaşında","·","Kat","2. Kat","Muğla / Dalaman / Merkez Mah.","https://www.hepsiemlak.com/_nuxt/8cafc93fb5c74c75e9e04e528e02ccdf.jpg","Prestij Gayrimenkul","WhatsApp","","","https://www.hepsiemlak.com/_nuxt/8cafc93fb5c74c75e9e04e528e02ccdf.jpg"
"https://www.hepsiemlak.com/mugla-fethiye-tasyaka-kiralik/daire/163109-193","1 / 19","35.000","25/08/2026","Erasta Avm Ye Yürüme Mesafesinde Eşyalı Daire","Kiralık Daire","2 + 1","105 m²","6 Yaşında","·","Kat","Giriş Katı","Muğla / Fethiye / Taşyaka Mah.","https://www.hepsiemlak.com/_nuxt/8cafc93fb5c74c75e9e04e528e02ccdf.jpg","Prıvekey Gayrimenkul","WhatsApp","","","https://www.hepsiemlak.com/_nuxt/8cafc93fb5c74c75e9e04e528e02ccdf.jpg"
"https://www.hepsiemlak.com/mugla-marmaris-sariana-kiralik/daire/169392-60","1 / 8","50.000","06/09/2026","Sarıanada Kiralık 3+1 Üst Dubleks Kısmi Eşyalı","Kiralık Daire","3 + 1","110 m²","21 Yaşında","·","Kat","2. Kat","Muğla / Marmaris / Sarıana Mah.","https://www.hepsiemlak.com/_nuxt/8cafc93fb5c74c75e9e04e528e02ccdf.jpg","Atiker İnvestment Emlak","WhatsApp","Nazlı
                  Atiker","https://www.hepsiemlak.com/_nuxt/img/no-image-user.6f6a83e.svg","https://www.hepsiemlak.com/img/loadings/noImage55-55.png"
"https://www.hepsiemlak.com/mugla-mentese-emirbeyazit-kiralik/daire/165261-22","1 / 8","35.000","10/09/2026","Herşey Dahil(elek,Su,Isınma) Kiralık 1+1 Ler","Kiralık Daire","1 + 1","55 m²","11 Yaşında","·","Kat","2. Kat","Muğla / Menteşe / Emirbeyazıt Mah.","https://www.hepsiemlak.com/_nuxt/8cafc93fb5c74c75e9e04e528e02ccdf.jpg","Karazeybek Gayrimenkul","WhatsApp","","","https://www.hepsiemlak.com/_nuxt/8cafc93fb5c74c75e9e04e528e02ccdf.jpg"
"https://www.hepsiemlak.com/mugla-marmaris-orhaniye-kiralik/daire/142859-83","1 / 8","20.000","31/08/2026","Marmaris Orhaniye’de Kiralık Ev","Kiralık Daire","2 + 1","46 m²","Sıfır Bina","·","Kat","Bahçe Katı","Muğla / Marmaris / Orhaniye Mah.","https://www.hepsiemlak.com/_nuxt/img/no-image-user.6f6a83e.svg","Kızkumu Emlak","WhatsApp","Coşkun
                  Özkan","https://hecdnnw.hemlak.com/mncropresize/77/67/logo/9/5/8/2/4/1/75731fde-05f1-4681-b7e1-4f27cab20084.jpg",""
"https://www.hepsiemlak.com/mugla-mentese-kotekli-kiralik/daire/76834-3123","1 / 20","26.000","30/08/2026","Muğla Kötekli'de Gençlik Parkı Arkası Klimalı 1+1 Eşyalı Kiralık","Kiralık Daire","1 + 1","50 m²","11 Yaşında","·","Kat","Yüksek Giriş","Muğla / Menteşe / Kötekli Mah.","https://hecdnnw.hemlak.com/mncropresize/77/67/logo/4/3/8/6/7/0/380cf7e9-0a34-4ce4-8db3-253ee332464b.jpg","Muğla Kampüs Emlak","WhatsApp","İlker Barış
                  Kalaç","https://hecdnnw.hemlak.com/mncropresize/77/67/firmuser/0/5/0/1/5/4/1/29ee8973-816c-4938-a652-97e78e554801.jpg",""
"https://www.hepsiemlak.com/mugla-marmaris-siteler-kiralik/daire/90448-2495","1 / 24","60.000","24/08/2026","Denize 300 Metre Blue Port Civarı Eşyalı Kiralık Daire","Kiralık Daire","2 + 1","80 m²","5 Yaşında","·","Kat","1. Kat","Muğla / Marmaris / Siteler Mah.","https://hecdnnw.hemlak.com/mncropresize/77/67/logo/8/4/4/0/9/0/519ea66b-f940-4d90-989e-4de8065d111f.jpg","Realty World Yalı Gayrimenkul","WhatsApp","Turgay
                  Balık","https://hecdnnw.hemlak.com/mncropresize/77/67/firmuser/3/3/7/9/3/8/1/4100827b-1821-473d-b29e-3d4649290943.JPG",""
"https://www.hepsiemlak.com/mugla-mentese-kotekli-kiralik/daire/100070-550","1 / 15","23.000","26/08/2026","Kötekli'de Sağlık Ocağı Üzerinde 1+1 Kiralık Daire","Kiralık Daire","1 + 1","50 m²","6 Yaşında","·","Kat","2. Kat","Muğla / Menteşe / Kötekli Mah.","https://hecdn01.hemlak.com/mncropresize/182/137/ds01/0/6/6/2/9/1/7/4/4f94b172-c4c5-41c8-9a08-913d4cb6db25.jpg","","WhatsApp","","",""
"https://www.hepsiemlak.com/mugla-ortaca-terzialiler-kiralik/daire/164433-177","1 / 13","25.000","25/07/2026","Ortaca Merkezde Harika Konum Eşyalı 1+1 Daire","Kiralık Daire","1 + 1","60 m²","2 Yaşında","·","Kat","2. Kat","Muğla / Ortaca / Terzialiler Mah.","https://www.hepsiemlak.com/_nuxt/8cafc93fb5c74c75e9e04e528e02ccdf.jpg","Emlak Dünyası Ortaca","WhatsApp","Fatma
                  Muslu","https://www.hepsiemlak.com/_nuxt/img/no-image-user.6f6a83e.svg","https://www.hepsiemlak.com/_nuxt/8cafc93fb5c74c75e9e04e528e02ccdf.jpg"
"https://www.hepsiemlak.com/mugla-bodrum-yalikavak-kiralik/daire/128053-1383","1 / 19","65.000","27/08/2026","Yalıkavak'ta Marinaya Yürüme Mesafesinde Kiralık Üst Daire","Kiralık Daire","2 + 1","70 m²","11 Yaşında","·","Kat","2. Kat","Muğla / Bodrum / Yalıkavak Mah.","https://www.hepsiemlak.com/_nuxt/8cafc93fb5c74c75e9e04e528e02ccdf.jpg","Global İpek Yapı A.Ş","WhatsApp","Ramazan
                  İpek","https://www.hepsiemlak.com/_nuxt/8cafc93fb5c74c75e9e04e528e02ccdf.jpg","https://www.hepsiemlak.com/_nuxt/8cafc93fb5c74c75e9e04e528e02ccdf.jpg"
"https://www.hepsiemlak.com/mugla-bodrum-gumusluk-kiralik/villa/91638-943","1 / 17","75.000","13/08/2026","Gümüşlükün Kalbinde Kiralık, Modern Tamamen Müstakil Bir Yaşam!","Kiralık Villa","3 + 1","130 m²","Sıfır Bina","·","Kat","Bahçe Katı","Muğla / Bodrum / Gümüşlük Mah.","https://www.hepsiemlak.com/_nuxt/8cafc93fb5c74c75e9e04e528e02ccdf.jpg","Oflaz Gayrimenkul","WhatsApp","Yeşim
                  Oflaz","https://www.hepsiemlak.com/_nuxt/8cafc93fb5c74c75e9e04e528e02ccdf.jpg",""
"https://www.hepsiemlak.com/mugla-marmaris-armutalan-kiralik/villa/135124-315","1 / 38","180.000","07/09/2026","Marmaris Armutalan Tam Müstakil Havuzlu Eşyalı Harika Villa","Kiralık Villa","4 + 1","350 m²","6 Yaşında","·","Kat","","Muğla / Marmaris / Armutalan Mah.","https://www.hepsiemlak.com/_nuxt/8cafc93fb5c74c75e9e04e528e02ccdf.jpg","Dıamond48 Real Estate","WhatsApp","Şule
                  Uzuntepe","https://www.hepsiemlak.com/_nuxt/8cafc93fb5c74c75e9e04e528e02ccdf.jpg",""
"https://www.hepsiemlak.com/mugla-fethiye-tasyaka-kiralik/daire/139822-274","1 / 20","40.000","31/08/2026","Fethiye Kesikkapı Mahallesinde 3+1 100m2 Dubleks Daire","Kiralık Daire","3 + 1","110 m²","3 Yaşında","·","Kat","2. Kat","Muğla / Fethiye / Taşyaka Mah.","https://www.hepsiemlak.com/_nuxt/8cafc93fb5c74c75e9e04e528e02ccdf.jpg","Fethiye Emlak","WhatsApp","İsa
                  Öztok","https://www.hepsiemlak.com/_nuxt/8cafc93fb5c74c75e9e04e528e02ccdf.jpg",""
"https://www.hepsiemlak.com/mugla-fethiye-karaculha-kiralik/daire/140611-254","1 / 42","22.000","26/08/2026","Fethiye Çalışta Doğa İçinde 3+1 140 M² Giriş Kat Kiralık Daire!","Kiralık Daire","3 + 1","145 m²","11 Yaşında","·","Kat","1. Kat","Muğla / Fethiye / Karaçulha Mah.","https://www.hepsiemlak.com/_nuxt/8cafc93fb5c74c75e9e04e528e02ccdf.jpg","Golden Key Emlak","WhatsApp","","","https://www.hepsiemlak.com/_nuxt/8cafc93fb5c74c75e9e04e528e02ccdf.jpg"
"https://www.hepsiemlak.com/mugla-milas-aydinlikevler-kiralik/daire/166724-210","1 / 24","30.000","20/08/2026","Garipoğulları'ndan Aydınlıkevler Mah. Kiralık 4+1...","Kiralık Daire","4 + 1","145 m²","5 Yaşında","·","Kat","1. Kat","Muğla / Milas / Aydınlıkevler Mah.","https://www.hepsiemlak.com/_nuxt/8cafc93fb5c74c75e9e04e528e02ccdf.jpg","Garipoğulları Gayrimenkul","WhatsApp","","","https://www.hepsiemlak.com/_nuxt/8cafc93fb5c74c75e9e04e528e02ccdf.jpg"
"https://www.hepsiemlak.com/mugla-ortaca-cayli-kiralik/daire/165399-130","1 / 22","42.000","19/08/2026","Merkeze Yakın 2+1 Kiralık Daire 160 M2","Kiralık Daire","2 + 1","180 m²","5 Yaşında","·","Kat","3. Kat","Muğla / Ortaca / Çaylı Mah.","https://www.hepsiemlak.com/_nuxt/8cafc93fb5c74c75e9e04e528e02ccdf.jpg","Safir Emlak Ortaca","WhatsApp","Aydın
                  Akdeniz","https://www.hepsiemlak.com/_nuxt/8cafc93fb5c74c75e9e04e528e02ccdf.jpg","https://www.hepsiemlak.com/_nuxt/8cafc93fb5c74c75e9e04e528e02ccdf.jpg"
"https://www.hepsiemlak.com/mugla-seydikemer-gerisburnu-kiralik/daire/150925-759","1 / 43","19.000","21/08/2026","Muğla Seydikemer  Gerişburnu Mahallesinde  Kiralık 3+1 Daire","Kiralık Daire","3 + 1","130 m²","Sıfır Bina","·","Kat","2. Kat","Muğla / Seydikemer / Gerişburnu Mah.","https://www.hepsiemlak.com/_nuxt/8cafc93fb5c74c75e9e04e528e02ccdf.jpg","Uğur Emlak Seydikemer","WhatsApp","","","https://www.hepsiemlak.com/_nuxt/8cafc93fb5c74c75e9e04e528e02ccdf.jpg"
"https://www.hepsiemlak.com/mugla-ortaca-cayli-kiralik/daire/155994-110","1 / 23","26.000","19/08/2026","Ortaca Çaylı Mh 2+1 Merkeze En Yakın Konumda Kiralık Daire","Kiralık Daire","2 + 1","85 m²","Sıfır Bina","·","Kat","2. Kat","Muğla / Ortaca / Çaylı Mah.","https://www.hepsiemlak.com/_nuxt/8cafc93fb5c74c75e9e04e528e02ccdf.jpg","Artı Emlak","WhatsApp","Korhan
                  Aydın","https://www.hepsiemlak.com/_nuxt/8cafc93fb5c74c75e9e04e528e02ccdf.jpg","https://www.hepsiemlak.com/_nuxt/8cafc93fb5c74c75e9e04e528e02ccdf.jpg"
"https://www.hepsiemlak.com/mugla-koycegiz-gulpinar-kiralik/daire/154371-90","1 / 22","28.500","07/09/2026","Sky'dan Gülpınar'da Yeni Ve Müstakil Tadında Kiralık 2+1 Daire","Kiralık Daire","2 + 1","100 m²","4 Yaşında","·","Kat","Giriş Katı","Muğla / Köyceğiz / Gülpınar Mah.","https://www.hepsiemlak.com/_nuxt/8cafc93fb5c74c75e9e04e528e02ccdf.jpg","Sky Gayrimenkul Marmaris","WhatsApp","Uluç Egemen
                  Taykurt","https://www.hepsiemlak.com/_nuxt/8cafc93fb5c74c75e9e04e528e02ccdf.jpg","https://www.hepsiemlak.com/_nuxt/8cafc93fb5c74c75e9e04e528e02ccdf.jpg"
"https://www.hepsiemlak.com/mugla-datca-datca-kiralik/mustakil-ev/114781-924","1 / 47","40.000","04/08/2026","Datça Burgaz' Da Kiralık Deniz Manzaralı Eşyalı Bahçeli 2+1 Dubleks İkiz Müstakil Villa","Kiralık Müstakil Ev","2 + 1","100 m²","5 Yaşında","·","Kat","Bahçe Katı","Muğla / Datça / Datça Mah.","https://www.hepsiemlak.com/_nuxt/8cafc93fb5c74c75e9e04e528e02ccdf.jpg","Remax Badem","WhatsApp","","","https://www.hepsiemlak.com/_nuxt/8cafc93fb5c74c75e9e04e528e02ccdf.jpg"
"https://www.hepsiemlak.com/mugla-fethiye-foca-kiralik/villa/130116-593","1 / 25","78.000","03/09/2026","Eşyasız Veya Eşyalı Kiralık 3+1 Havuzlu Villa","Kiralık Villa","3 + 1","120 m²","11 Yaşında","·","Kat","","Muğla / Fethiye / Foça Mah.","https://www.hepsiemlak.com/_nuxt/8cafc93fb5c74c75e9e04e528e02ccdf.jpg","Ladin Property","WhatsApp","","","https://www.hepsiemlak.com/_nuxt/8cafc93fb5c74c75e9e04e528e02ccdf.jpg"
"https://www.hepsiemlak.com/mugla-dalaman-hurriyet-kiralik/daire/98471-296","1 / 30","18.000","07/09/2026","Asil Emlaktan Dalaman Hürriyet.Mah.Havuzlu Sit.Kir.Daire","Kiralık Daire","1 + 1","55 m²","Sıfır Bina","·","Kat","3. Kat","Muğla / Dalaman / Hürriyet Mah.","https://www.hepsiemlak.com/_nuxt/8cafc93fb5c74c75e9e04e528e02ccdf.jpg","Asil Gayrimenkul","WhatsApp","","","https://www.hepsiemlak.com/_nuxt/8cafc93fb5c74c75e9e04e528e02ccdf.jpg"
"https://www.hepsiemlak.com/mugla-milas-bogazici-kiralik/daire/158436-146","1 / 29","30.000","02/09/2026","Bodrum Adabükü Boğaziçi 1+1 Deniz Manzara Teraslı Kiralık Daire","Kiralık Daire","1 + 1","70 m²","6 Yaşında","·","Kat","Bahçe Katı","Muğla / Milas / Boğaziçi Mah.","https://www.hepsiemlak.com/_nuxt/8cafc93fb5c74c75e9e04e528e02ccdf.jpg","Best Boğaziçi Gayrimenkul","WhatsApp","","","https://www.hepsiemlak.com/_nuxt/8cafc93fb5c74c75e9e04e528e02ccdf.jpg"
"https://www.hepsiemlak.com/mugla-bodrum-cirkan-kiralik/villa/165793-39","1 / 21","90.000","19/08/2026","Bodrum Altkonacık'ta 6+1 Merkezi Konumda  Havuzlu Mustakil Villa","Kiralık Villa","6 + 1","460 m²","25 Yaşında","·","Kat","","Muğla / Bodrum / Çırkan Mah.","https://www.hepsiemlak.com/_nuxt/8cafc93fb5c74c75e9e04e528e02ccdf.jpg","","WhatsApp","","",""
"https://www.hepsiemlak.com/mugla-bodrum-eskicesme-kiralik/daire/163846-75","1 / 20","120.000","06/08/2026","Bodrum Bardakçı Mirage Marine De 2+1 Deniz Manzaralı Full Eşyalı","Kiralık Daire","2 + 1","110 m²","5 Yaşında","·","Kat","2. Kat","Muğla / Bodrum / Eskiçeşme Mah.","https://www.hepsiemlak.com/_nuxt/8cafc93fb5c74c75e9e04e528e02ccdf.jpg","Aes Gayrimenkul","WhatsApp","","","https://www.hepsiemlak.com/_nuxt/8cafc93fb5c74c75e9e04e528e02ccdf.jpg"
"https://www.hepsiemlak.com/mugla-milas-gulluk-kiralik/villa/110753-718","1 / 35","75.000","15/08/2026","Muğla/milas/güllük'te 5+1 Özel Havuzlu Kiralık Mustakil Villa !!","Kiralık Villa","5 + 1","250 m²","Sıfır Bina","·","Kat","Bahçe Katı","Muğla / Milas / Güllük Mah.","https://www.hepsiemlak.com/_nuxt/8cafc93fb5c74c75e9e04e528e02ccdf.jpg","","WhatsApp","","",""
"https://www.hepsiemlak.com/mugla-koycegiz-zeytinalani-kiralik/mustakil-ev/130154-711","1 / 35","100.000","14/08/2026","Cittaslow'dan Zeytinalanı'nda Havuzlu 6+1 Kiralık Müstakil Villa","Kiralık Müstakil Ev","6 + 1","555 m²","6 Yaşında","·","Kat","Bahçe Katı","Muğla / Köyceğiz / Zeytinalanı Mah.","https://www.hepsiemlak.com/_nuxt/8cafc93fb5c74c75e9e04e528e02ccdf.jpg","Cittaslow Gayrimenkul","WhatsApp","","","https://www.hepsiemlak.com/_nuxt/8cafc93fb5c74c75e9e04e528e02ccdf.jpg"
"https://www.hepsiemlak.com/mugla-bodrum-koyunbaba-kiralik/villa/95135-1331","1 / 40","100.000","01/08/2026","Gümüşlük Yalıkavak Eşsiz Manzaralı Geniş Bahçeli Villa","Kiralık Villa","3 + 1","150 m²","13 Yaşında","·","Kat","","Muğla / Bodrum / Koyunbaba Mah.","https://www.hepsiemlak.com/_nuxt/8cafc93fb5c74c75e9e04e528e02ccdf.jpg","Orçun Turgun","WhatsApp","Orçun
                  Turgun","https://www.hepsiemlak.com/_nuxt/8cafc93fb5c74c75e9e04e528e02ccdf.jpg","https://www.hepsiemlak.com/_nuxt/8cafc93fb5c74c75e9e04e528e02ccdf.jpg"
"https://www.hepsiemlak.com/mugla-ortaca-golbasi-kiralik/daire/151003-218","1 / 35","32.000","22/08/2026","Muğla Ortaca'da Geniş Müstakil Tadında Kiralık 3+1 Daire","Kiralık Daire","3 + 1","165 m²","5 Yaşında","·","Kat","2. Kat","Muğla / Ortaca / Gölbaşı Mah.","https://hecdnnw.hemlak.com/mncropresize/77/67/firmuser/1/4/7/9/6/2/4/671c21b0-1e64-4529-8504-ba0ea25f9d3b.jpg","Rotam Emlak","WhatsApp","Hülya
                  Aşiroğlu","https://hecdnnw.hemlak.com/mncropresize/77/67/logo/3/0/0/1/5/1/db2e2d16-6294-4e42-ad38-dff9d4032e15.jpg",""
"https://www.hepsiemlak.com/mugla-bodrum-gundogan-kiralik/daire/110877-1622","1 / 44","120.000","07/08/2026","Gündoğan Özel Plajlı Sitede Bahçeli Eylül Kiralık 3+1 Eşyalı Daire","Kiralık Daire","3 + 1","95 m²","2 Yaşında","·","Kat","Bahçe Katı","Muğla / Bodrum / Gündoğan Mah.","https://hecdnnw.hemlak.com/mncropresize/77/67/logo/7/7/8/0/1/1/16711a45-66d1-44b4-8df3-5a63004aef91.jpg","Vısıon Bodrum","WhatsApp","","",""
"https://www.hepsiemlak.com/mugla-bodrum-geris-kiralik/villa/134691-61","1 / 24","75.000","20/08/2026","Bodrum Yalıkavak Ödüllü Sitede Özel Havuzlu 3+1 Kiralık Villa","Kiralık Villa","3 + 1","140 m²","6 Yaşında","·","Kat","Bahçe Katı","Muğla / Bodrum / Geriş Mah.","https://hecdnnw.hemlak.com/mncropresize/77/67/logo/1/9/6/4/3/1/f7897592-4b6b-4062-b1f6-22c60a6ebb3a.jpg","Elif Olgaç Gayrimenkul & Yatırım Danışmanlığı","WhatsApp","","",""
"https://www.hepsiemlak.com/mugla-ula-ayazkiyi-kiralik/daire/138390-187","1 / 30","29.000","30/07/2026","Çarşı Merkezinde Kiralık 3+1 120 M2 Açık Mutfak Daire 29.000 Tl","Kiralık Daire","3 + 1","130 m²","11 Yaşında","·","Kat","3. Kat","Muğla / Ula / Ayazkıyı Mah.","https://hecdn01.hemlak.com/mncropresize/182/137/ds01/7/1/9/5/4/6/6/4/ecb4cd20-1315-41dc-82c6-0dd0e543e841.jpg","Vizyon Gayrimenkul","WhatsApp","","","https://hecdnnw.hemlak.com/mncropresize/77/67/logo/0/9/3/8/3/1/3bf9e1e3-be8b-45ff-af3e-dd62bfb63c21.jpg"
"https://www.hepsiemlak.com/mugla-dalaman-altintas-kiralik/daire/141183-412","1 / 35","15.500","05/08/2026","Dalaman Altıntas'ta Cadde Üzeri Kiralık 1+1 Daire","Kiralık Daire","1 + 1","60 m²","4 Yaşında","·","Kat","2. Kat","Muğla / Dalaman / Altıntas Mah.","https://www.hepsiemlak.com/_nuxt/8cafc93fb5c74c75e9e04e528e02ccdf.jpg","Hfz Gayrimenkul","WhatsApp","Hafize
                  Kuyucuoğlu","https://www.hepsiemlak.com/_nuxt/8cafc93fb5c74c75e9e04e528e02ccdf.jpg",""
"https://www.hepsiemlak.com/mugla-bodrum-bahcelievler-kiralik/daire/142707-135","1 / 26","40.000","31/08/2026","*bodrum Turgutreis Denize Yürüme Mesafesinde 1+1 Üst Kat Daire","Kiralık Daire","1 + 1","70 m²","6 Yaşında","·","Kat","2. Kat","Muğla / Bodrum / Bahçelievler Mah.","https://www.hepsiemlak.com/_nuxt/8cafc93fb5c74c75e9e04e528e02ccdf.jpg","Bodrum Bulut Gayrimenkul","WhatsApp","Metin
                  Sucu","https://www.hepsiemlak.com/_nuxt/8cafc93fb5c74c75e9e04e528e02ccdf.jpg","https://www.hepsiemlak.com/_nuxt/8cafc93fb5c74c75e9e04e528e02ccdf.jpg"
"https://www.hepsiemlak.com/mugla-marmaris-sariana-kiralik/daire/104232-2157","1 / 28","48.000","12/08/2026","Marmaris Sarıana'da Eşyalı Kiralık 2+1 Daire Sadece Aksaz Personeline!!","Kiralık Daire","2 + 1","80 m²","25 Yaşında","·","Kat","5. Kat","Muğla / Marmaris / Sarıana Mah.","https://www.hepsiemlak.com/_nuxt/8cafc93fb5c74c75e9e04e528e02ccdf.jpg","Vefa Gayrimenkul","WhatsApp","","","https://www.hepsiemlak.com/_nuxt/8cafc93fb5c74c75e9e04e528e02ccdf.jpg"
"https://www.hepsiemlak.com/mugla-bodrum-karaova-kiralik/daire/138060-552","1 / 10","35.000","02/09/2026","Mumcular Karaova Mahallesinde Çarşıya Yakın Kiralık 2+1 Daire","Kiralık Daire","2 + 1","70 m²","5 Yaşında","·","Kat","Bahçe Katı","Muğla / Bodrum / Karaova Mah.","https://www.hepsiemlak.com/_nuxt/8cafc93fb5c74c75e9e04e528e02ccdf.jpg","Bodrum’da Fırsat Gayrimenkul Danışmanlığı","WhatsApp","","","https://www.hepsiemlak.com/_nuxt/8cafc93fb5c74c75e9e04e528e02ccdf.jpg"
"https://www.hepsiemlak.com/mugla-ula-demirtas-kiralik/daire/164254-187","1 / 9","30.000","07/09/2026","Muğla Ula'da Kiralık Eşyalı Daire","Kiralık Daire","2 + 1","65 m²","16 Yaşında","·","Kat","2. Kat","Muğla / Ula / Demirtaş Mah.","https://www.hepsiemlak.com/_nuxt/8cafc93fb5c74c75e9e04e528e02ccdf.jpg","Muğla Yatırım Ofisi","WhatsApp","","","https://www.hepsiemlak.com/_nuxt/8cafc93fb5c74c75e9e04e528e02ccdf.jpg"
"https://www.hepsiemlak.com/mugla-ortaca-cayli-kiralik/daire/161761-161","1 / 9","23.000","23/08/2026","Ortaca Çaylıda Kiralık 2+1 | Ara Kat | Ebeveyn Banyolu","Kiralık Daire","2 + 1","80 m²","Sıfır Bina","·","Kat","2. Kat","Muğla / Ortaca / Çaylı Mah.","https://www.hepsiemlak.com/_nuxt/8cafc93fb5c74c75e9e04e528e02ccdf.jpg","Ametist Real Estate","WhatsApp","Deniz
                  Alptekin","https://www.hepsiemlak.com/_nuxt/8cafc93fb5c74c75e9e04e528e02ccdf.jpg",""
"https://www.hepsiemlak.com/mugla-bodrum-akyarlar-kiralik/villa/119034-751","1 / 21","290.000","10/08/2026","Bodrum, Akyarlar, 4+1, Denize Sıfır, Yüzme Havuzlu, Villa","Kiralık Villa","4 + 1","250 m²","6 Yaşında","·","Kat","Bahçe Katı","Muğla / Bodrum / Akyarlar Mah.","https://www.hepsiemlak.com/_nuxt/8cafc93fb5c74c75e9e04e528e02ccdf.jpg","Arfem İç Mimarlık Ve Gayrimenkul","WhatsApp","Esra
                  Ezilmez","https://www.hepsiemlak.com/_nuxt/8cafc93fb5c74c75e9e04e528e02ccdf.jpg","https://www.hepsiemlak.com/_nuxt/8cafc93fb5c74c75e9e04e528e02ccdf.jpg"
"https://www.hepsiemlak.com/mugla-bodrum-turgutreis-kiralik/mustakil-ev/66406-2576","1 / 21","70.000","11/08/2026","Turgutreis Marina Yakını Kiralık 3+1 'bahçeli Dubleks","Kiralık Müstakil Ev","3 + 1","140 m²","7 Yaşında","·","Kat","","Muğla / Bodrum / Turgutreis Mah.","https://www.hepsiemlak.com/_nuxt/8cafc93fb5c74c75e9e04e528e02ccdf.jpg","","WhatsApp","","",""
"https://www.hepsiemlak.com/mugla-fethiye-karagedik-kiralik/daire/101370-16","1 / 6","27.500","09/09/2026","Müstakil Girişli 1+1 Daire","Kiralık Daire","1 + 1","55 m²","Sıfır Bina","·","Kat","Giriş Katı","Muğla / Fethiye / Karagedik Mah.","https://www.hepsiemlak.com/_nuxt/8cafc93fb5c74c75e9e04e528e02ccdf.jpg","Ok Emlak Gayrimenkul","WhatsApp","Özlem
                  Ok","https://www.hepsiemlak.com/_nuxt/img/no-image-user.6f6a83e.svg",""
"https://www.hepsiemlak.com/mugla-milas-becin-kiralik/daire/61330-1119","1 / 14","25.000","27/07/2026","Muğla Milas Beçin'de Kiralık Eşyalı 1+1 Apart Daire","Kiralık Daire","1 + 1","55 m²","15 Yaşında","·","Kat","1. Kat","Muğla / Milas / Beçin Mah.","https://www.hepsiemlak.com/_nuxt/8cafc93fb5c74c75e9e04e528e02ccdf.jpg","Mehmet Emlak Milas","WhatsApp","Mehmet
                  Kırkık","https://www.hepsiemlak.com/_nuxt/8cafc93fb5c74c75e9e04e528e02ccdf.jpg","https://www.hepsiemlak.com/_nuxt/8cafc93fb5c74c75e9e04e528e02ccdf.jpg"
"https://www.hepsiemlak.com/mugla-marmaris-turunc-kiralik/daire/47416-1017","1 / 20","190.000","27/07/2026","Marmaris Amos Koyunda Deniz Manzaralı Kiralık Taş Ev","Kiralık Daire","1 + 1","85 m²","31 Yaşında","·","Kat","Bahçe Katı","Muğla / Marmaris / Turunç Mah.","https://www.hepsiemlak.com/_nuxt/8cafc93fb5c74c75e9e04e528e02ccdf.jpg","Turunç Tuna Emlak","WhatsApp","Semih
                  Tuna","https://www.hepsiemlak.com/_nuxt/8cafc93fb5c74c75e9e04e528e02ccdf.jpg","https://www.hepsiemlak.com/_nuxt/8cafc93fb5c74c75e9e04e528e02ccdf.jpg"
"https://www.hepsiemlak.com/mugla-fethiye-foca-kiralik/daire/97683-1439","1 / 35","48.000","21/08/2026","Fethiye Foça Mah.Havuzlu Eşyalı Kiralık Dubleks Daire","Kiralık Daire","2 + 1","150 m²","6 Yaşında","·","Kat","2. Kat","Muğla / Fethiye / Foça Mah.","https://www.hepsiemlak.com/_nuxt/8cafc93fb5c74c75e9e04e528e02ccdf.jpg","İlkon Gayrimenkul","WhatsApp","","","https://www.hepsiemlak.com/_nuxt/8cafc93fb5c74c75e9e04e528e02ccdf.jpg"
"https://www.hepsiemlak.com/mugla-bodrum-cumhuriyet-kiralik/villa/112622-2161","1 / 13","50.000","20/08/2026","Bodrum Oasise Yürüme Mesafesinde Eşyalı Kiralık Dubleks","Kiralık Villa","2 + 1","115 m²","16 Yaşında","·","Kat","Bahçe Katı","Muğla / Bodrum / Cumhuriyet Mah.","https://www.hepsiemlak.com/_nuxt/8cafc93fb5c74c75e9e04e528e02ccdf.jpg","Bodrum Emlak","WhatsApp","","","https://www.hepsiemlak.com/_nuxt/8cafc93fb5c74c75e9e04e528e02ccdf.jpg"
"https://www.hepsiemlak.com/mugla-milas-burgaz-kiralik/daire/62045-1686","1 / 14","25.000","03/09/2026","Milas Burgazda Kiralık Yeni Daire","Kiralık Daire","2 + 1","75 m²","Sıfır Bina","·","Kat","3. Kat","Muğla / Milas / Burgaz Mah.","https://www.hepsiemlak.com/_nuxt/8cafc93fb5c74c75e9e04e528e02ccdf.jpg","","WhatsApp","","",""
"https://www.hepsiemlak.com/mugla-dalaman-bezkese-kiralik/daire/163824-154","1 / 6","25.000","01/09/2026","Poyraz Emlak|dalaman Site İçerisinde Üniversiteye Yakın Eşyalı","Kiralık Daire","1 + 1","60 m²","4 Yaşında","·","Kat","Yüksek Giriş","Muğla / Dalaman / Bezkese Mah.","https://www.hepsiemlak.com/_nuxt/8cafc93fb5c74c75e9e04e528e02ccdf.jpg","Poyraz Emlak","WhatsApp","Koray
                  Bütüner","https://www.hepsiemlak.com/_nuxt/img/no-image-user.6f6a83e.svg","https://www.hepsiemlak.com/_nuxt/8cafc93fb5c74c75e9e04e528e02ccdf.jpg"
"https://www.hepsiemlak.com/mugla-bodrum-yokusbasi-kiralik/daire/170427-261","1 / 32","40.000","29/08/2026","Bodrum Yokuşbaşı'nda Geniş Kullanımlı 2+1 Kiralık Daire","Kiralık Daire","2 + 1","100 m²","31 Yaşında","·","Kat","2. Kat","Muğla / Bodrum / Yokuşbaşı Mah.","https://www.hepsiemlak.com/_nuxt/8cafc93fb5c74c75e9e04e528e02ccdf.jpg","Bodrum Zeytin Gayrimenkul Ticaret Anonim Şirketi","WhatsApp","","","https://www.hepsiemlak.com/_nuxt/8cafc93fb5c74c75e9e04e528e02ccdf.jpg"
"https://www.hepsiemlak.com/mugla-bodrum-bitez-kiralik/villa/140202-2816","1 / 32","100.000","20/08/2026","Bodrum-Bitez Kiralık Deniz Manzaralı Dubleks Villa","Kiralık Villa","4 + 1","180 m²","25 Yaşında","·","Kat","","Muğla / Bodrum / Bitez Mah.","https://www.hepsiemlak.com/_nuxt/8cafc93fb5c74c75e9e04e528e02ccdf.jpg","Century21 Begonvill Gayrimenkul","WhatsApp","","","https://www.hepsiemlak.com/_nuxt/8cafc93fb5c74c75e9e04e528e02ccdf.jpg"
"https://www.hepsiemlak.com/mugla-koycegiz-gelisim-kiralik/daire/138155-149","1 / 8","25.000","07/09/2026","Köyceğiz Gelişim'de Geniş Ferah Kiralık 2+1 Daire","Kiralık Daire","2 + 1","120 m²","10 Yaşında","·","Kat","En Üst Kat","Muğla / Köyceğiz / Gelişim Mah.","https://www.hepsiemlak.com/_nuxt/8cafc93fb5c74c75e9e04e528e02ccdf.jpg","Yatkın İnşaat Emlak","WhatsApp","Sinan
                  Kaya","https://www.hepsiemlak.com/_nuxt/8cafc93fb5c74c75e9e04e528e02ccdf.jpg","https://www.hepsiemlak.com/_nuxt/8cafc93fb5c74c75e9e04e528e02ccdf.jpg"
"https://www.hepsiemlak.com/mugla-bodrum-turkbuku-kiralik/villa/34401-12173","1 / 25","750.000","20/07/2026","Hebil Koyu'nda 1500m² Bahçeli, Deniz Manzaralı Kiralık Malikane","Kiralık Villa","4 + 1","1.500 m²","11 Yaşında","·","Kat","Bahçe Katı","Muğla / Bodrum / Türkbükü Mah.","https://www.hepsiemlak.com/_nuxt/8cafc93fb5c74c75e9e04e528e02ccdf.jpg","Net İstanbul Luxury","WhatsApp","","","https://www.hepsiemlak.com/_nuxt/8cafc93fb5c74c75e9e04e528e02ccdf.jpg"
"https://www.hepsiemlak.com/mugla-ortaca-ataturk-kiralik/daire/126009-528","1 / 20","27.000","24/08/2026","Murat Çimen'den Ortaca Merkezde 3+1 Kiralık Daire","Kiralık Daire","3 + 1","120 m²","5 Yaşında","·","Kat","2. Kat","Muğla / Ortaca / Atatürk Mah.","https://www.hepsiemlak.com/_nuxt/8cafc93fb5c74c75e9e04e528e02ccdf.jpg","Murat Çimen Gayrimenkul","WhatsApp","Murat
                  Çimen","https://www.hepsiemlak.com/_nuxt/8cafc93fb5c74c75e9e04e528e02ccdf.jpg","https://www.hepsiemlak.com/_nuxt/8cafc93fb5c74c75e9e04e528e02ccdf.jpg"
"https://www.hepsiemlak.com/mugla-dalaman-merkez-kiralik/daire/37227-3147","1 / 31","18.000","24/08/2026","Dalaman Merkezde Kiralık 2+1 110m2 3.Kat Daire","Kiralık Daire","2 + 1","115 m²","12 Yaşında","·","Kat","3. Kat","Muğla / Dalaman / Merkez Mah.","https://hecdnnw.hemlak.com/mncropresize/77/67/firmuser/5/4/0/3/5/7/7b9cfe94-836d-41c1-abd7-6ff2700c984d.jpg","Çolakoğlu","WhatsApp","Cihangir
                  Dalgıç","",""
"https://www.hepsiemlak.com/mugla-marmaris-sogut-kiralik/villa/118673-458","1 / 18","12.500","19/08/2026","Havuzlu Villa Marmaris Söğüt Köyü","Kiralık Villa","Stüdyo","65 m²","3 Yaşında","·","Kat","Bahçe Katı","Muğla / Marmaris / Söğüt Mah.","","Soydan Emlak","WhatsApp","Miraç
                  Soydan","https://hecdnnw.hemlak.com/mncropresize/77/67/firmuser/1/4/9/8/2/6/2/f6105705-c009-48d9-939d-5ce99c728dd1.jpg",""
"https://www.hepsiemlak.com/mugla-ula-citlik-kiralik/villa/141655-40","1 / 5","60.000","04/09/2026","Akyaka/çıtlık'ta 3+1 Havuzlu Kiralık Villa","Kiralık Villa","3 + 1","180 m²","Sıfır Bina","·","Kat","","Muğla / Ula / Çıtlık Mah.","https://hecdnnw.hemlak.com/mncropresize/77/67/logo/5/5/6/1/4/1/d14b3400-f10e-4e28-8291-1e4e706cb0d1.jpg","Akyaka Gayrimenkul","WhatsApp","Abidin
                  Koçyiğit","https://www.hepsiemlak.com/_nuxt/img/no-image-user.6f6a83e.svg",""
"https://www.hepsiemlak.com/mugla-ula-demirtas-kiralik/daire/97478-921","1 / 11","27.000","05/08/2026","Ula'da Yüksek Giriş 2+1 Açık Mutfak Lüx Sıfır Kiralık Daire","Kiralık Daire","2 + 1","65 m²","Sıfır Bina","·","Kat","3. Kat","Muğla / Ula / Demirtaş Mah.","https://hecdn01.hemlak.com/mncropresize/182/137/ds01/0/1/3/2/5/0/7/4/6f697b74-9f43-4d6e-8e0b-88425e785520.jpg","Çiftçi Emlak","WhatsApp","Nazif
                  Çiftçi","https://hecdnnw.hemlak.com/mncropresize/77/67/firmuser/3/3/5/1/5/0/2/a3df7e4b-73af-4cf1-af72-e69aa35cdfd3.jpg",""
"https://www.hepsiemlak.com/mugla-datca-iskele-kiralik/daire/125843-592","1 / 12","180.000","12/08/2026","Datça Merkezde Kiralık 2+1 65 M2 Deniz Manzaralı Daire","Kiralık Daire","2 + 1","70 m²","6 Yaşında","·","Kat","2. Kat","Muğla / Datça / İskele Mah.","https://www.hepsiemlak.com/_nuxt/8cafc93fb5c74c75e9e04e528e02ccdf.jpg","Era Zeytin Gayrimenkul Datça","WhatsApp","","","https://www.hepsiemlak.com/_nuxt/8cafc93fb5c74c75e9e04e528e02ccdf.jpg"
"https://www.hepsiemlak.com/mugla-bodrum-kucukbuk-kiralik/daire/67324-1926","1 / 30","50.000","08/08/2026","Bodrum Gündoğan Denize Düz Ayak 200 M. Bahçeli Yeni Eşyalı Ev","Kiralık Daire","2 + 1","100 m²","7 Yaşında","·","Kat","Kot 2","Muğla / Bodrum / Küçükbük Mah.","https://www.hepsiemlak.com/_nuxt/8cafc93fb5c74c75e9e04e528e02ccdf.jpg","Villabodrum Emlak Gündoğan","WhatsApp","Hüseyin
                  Guner","https://www.hepsiemlak.com/_nuxt/8cafc93fb5c74c75e9e04e528e02ccdf.jpg",""
"https://www.hepsiemlak.com/mugla-bodrum-umurca-kiralik/daire/103485-605","1 / 17","65.000","08/08/2026","Şehrin Merkezinde Çarşıya Otogara Her Yere Yakın 1+1 Daire","Kiralık Daire","1 + 1","55 m²","6 Yaşında","·","Kat","2. Kat","Muğla / Bodrum / Umurca Mah.","https://www.hepsiemlak.com/_nuxt/8cafc93fb5c74c75e9e04e528e02ccdf.jpg","Bodrum Artemis Gayrimenkul","WhatsApp","Utku Erkan
                  Barış","https://www.hepsiemlak.com/_nuxt/8cafc93fb5c74c75e9e04e528e02ccdf.jpg","https://www.hepsiemlak.com/_nuxt/8cafc93fb5c74c75e9e04e528e02ccdf.jpg"
"https://www.hepsiemlak.com/mugla-dalaman-atakent-kiralik/daire/146387-877","1 / 8","28.000","29/08/2026","Airport Emlaktan 2043 Rezidans'ta Eşyalı Havuzlu Kiralık Daire","Kiralık Daire","2 + 1","90 m²","5 Yaşında","·","Kat","3. Kat","Muğla / Dalaman / Atakent Mah.","https://www.hepsiemlak.com/_nuxt/8cafc93fb5c74c75e9e04e528e02ccdf.jpg","Dalaman Aırport Emlak","WhatsApp","","","https://www.hepsiemlak.com/_nuxt/8cafc93fb5c74c75e9e04e528e02ccdf.jpg"
"https://www.hepsiemlak.com/mugla-mentese-emirbeyazit-kiralik/daire/7027-1492","1 / 18","55.000","11/08/2026","Emirbeyazıt Mahallesi’nde Kiralık 3+1 Daire","Kiralık Daire","3 + 1","145 m²","18 Yaşında","·","Kat","3. Kat","Muğla / Menteşe / Emirbeyazıt Mah.","https://www.hepsiemlak.com/_nuxt/8cafc93fb5c74c75e9e04e528e02ccdf.jpg","Tunç Emlak","WhatsApp","","","https://www.hepsiemlak.com/_nuxt/8cafc93fb5c74c75e9e04e528e02ccdf.jpg"
"https://www.hepsiemlak.com/mugla-marmaris-beldibi-kiralik/daire/169392-59","1 / 7","45.000","04/09/2026","Havuzlu Sitede Eşyalı 2+1","Kiralık Daire","2 + 1","100 m²","16 Yaşında","·","Kat","1. Kat","Muğla / Marmaris / Beldibi Mah.","https://www.hepsiemlak.com/_nuxt/8cafc93fb5c74c75e9e04e528e02ccdf.jpg","Atiker İnvestment Emlak","WhatsApp","Nazlı
                  Atiker","https://www.hepsiemlak.com/_nuxt/img/no-image-user.6f6a83e.svg","https://www.hepsiemlak.com/img/loadings/noImage55-55.png"
"https://www.hepsiemlak.com/mugla-ortaca-dalyan-kiralik/daire/82884-2030","1 / 11","30.000","04/09/2026","Dalyan Arıkbaşı Nda Full Eşyalı 2+1 Geniş Daire","Kiralık Daire","2 + 1","120 m²","5 Yaşında","·","Kat","Yüksek Giriş","Muğla / Ortaca / Dalyan Mah.","https://www.hepsiemlak.com/_nuxt/8cafc93fb5c74c75e9e04e528e02ccdf.jpg","Elit Emlak","WhatsApp","","","https://www.hepsiemlak.com/_nuxt/8cafc93fb5c74c75e9e04e528e02ccdf.jpg"
"https://www.hepsiemlak.com/mugla-bodrum-geris-kiralik/daire/5343-12137","1 / 16","60.000","17/07/2026","Yalıkavak Geriş'te Kiralık Modern Flat Daire","Kiralık Daire","2 + 1","85 m²","13 Yaşında","·","Kat","En Üst Kat","Muğla / Bodrum / Geriş Mah.","https://www.hepsiemlak.com/_nuxt/8cafc93fb5c74c75e9e04e528e02ccdf.jpg","Keller Wıllıams Bodrum","WhatsApp","","","https://www.hepsiemlak.com/_nuxt/8cafc93fb5c74c75e9e04e528e02ccdf.jpg"
"https://www.hepsiemlak.com/mugla-mentese-orhaniye-kiralik/daire/115758-2807","1 / 15","34.000","05/09/2026","Lider'den Muğla Menteşe Orhaniye'de Kiralık 2+1 Daire","Kiralık Daire","2 + 1","95 m²","31 Yaşında","·","Kat","2. Kat","Muğla / Menteşe / Orhaniye Mah.","https://www.hepsiemlak.com/_nuxt/8cafc93fb5c74c75e9e04e528e02ccdf.jpg","Lider Gayrimenkul","WhatsApp","","","https://www.hepsiemlak.com/_nuxt/8cafc93fb5c74c75e9e04e528e02ccdf.jpg"
"https://www.hepsiemlak.com/mugla-ortaca-karaburun-kiralik/daire/155994-109","1 / 27","21.500","16/08/2026","Ortaca Karaburun 2+1 Merkezi Konuma En Yakın Kiralık Daire","Kiralık Daire","2 + 1","85 m²","4 Yaşında","·","Kat","3. Kat","Muğla / Ortaca / Karaburun Mah.","https://www.hepsiemlak.com/_nuxt/8cafc93fb5c74c75e9e04e528e02ccdf.jpg","Artı Emlak","WhatsApp","Korhan
                  Aydın","https://www.hepsiemlak.com/_nuxt/8cafc93fb5c74c75e9e04e528e02ccdf.jpg","https://www.hepsiemlak.com/_nuxt/8cafc93fb5c74c75e9e04e528e02ccdf.jpg"
"https://www.hepsiemlak.com/mugla-bodrum-gumusluk-kiralik/daire/69532-65","1 / 32","50.000","10/09/2026","Gümüşlük Merkez | Okula 2 Dakika | Manzaralı Geniş 2+1","Kiralık Daire","2 + 1","100 m²","6 Yaşında","·","Kat","1. Kat","Muğla / Bodrum / Gümüşlük Mah.","https://www.hepsiemlak.com/_nuxt/8cafc93fb5c74c75e9e04e528e02ccdf.jpg","","WhatsApp","","",""
"https://www.hepsiemlak.com/mugla-fethiye-oludeniz-kiralik/daire/140611-248","1 / 41","25.000","10/09/2026","Ovacık Merkezde 2+1 Eşyasız Daire | Aylık Ödemeye Uygun |","Kiralık Daire","2 + 1","90 m²","11 Yaşında","·","Kat","2. Kat","Muğla / Fethiye / Ölüdeniz Mah.","https://www.hepsiemlak.com/_nuxt/8cafc93fb5c74c75e9e04e528e02ccdf.jpg","Golden Key Emlak","WhatsApp","","","https://www.hepsiemlak.com/_nuxt/8cafc93fb5c74c75e9e04e528e02ccdf.jpg"
"https://www.hepsiemlak.com/mugla-marmaris-camdibi-kiralik/daire/154371-89","1 / 22","45.000","04/08/2026","Sky'dan Çok Güzel Ve Nezih Konumda 2+1 Kiralık Havuzlu Daire","Kiralık Daire","2 + 1","90 m²","11 Yaşında","·","Kat","2. Kat","Muğla / Marmaris / Çamdibi Mah.","https://www.hepsiemlak.com/_nuxt/8cafc93fb5c74c75e9e04e528e02ccdf.jpg","Sky Gayrimenkul Marmaris","WhatsApp","Uluç Egemen
                  Taykurt","https://www.hepsiemlak.com/_nuxt/8cafc93fb5c74c75e9e04e528e02ccdf.jpg","https://www.hepsiemlak.com/_nuxt/8cafc93fb5c74c75e9e04e528e02ccdf.jpg"
"https://www.hepsiemlak.com/mugla-fethiye-gocek-kiralik/villa/147812-187","1 / 28","75.000","03/09/2026","Göcek'te Merkeze Yakın Kiralık 4+1 Müşterek Havuzlu Villa","Kiralık Villa","4 + 1","140 m²","6 Yaşında","·","Kat","","Muğla / Fethiye / Göcek Mah.","https://www.hepsiemlak.com/_nuxt/8cafc93fb5c74c75e9e04e528e02ccdf.jpg","Göcek Agency Gayrımenkul","WhatsApp","Ümit
                  Ünsal","https://www.hepsiemlak.com/_nuxt/8cafc93fb5c74c75e9e04e528e02ccdf.jpg",""
"https://www.hepsiemlak.com/mugla-mentese-bayir-kiralik/daire/139386-753","1 / 16","25.000","03/08/2026","Muğla Menteşe Bayır Mahallesi Kiralık 2+1 Ebeveyn Banyolu Daire","Kiralık Daire","2 + 1","85 m²","3 Yaşında","·","Kat","En Üst Kat","Muğla / Menteşe / Bayır Mah.","https://www.hepsiemlak.com/_nuxt/8cafc93fb5c74c75e9e04e528e02ccdf.jpg","","WhatsApp","","",""
"https://www.hepsiemlak.com/mugla-dalaman-altintas-kiralik/daire/98471-295","1 / 39","18.000","31/08/2026","Asil Emlaktan Dalaman Altıntas Mah.De Yüksek Giriş Kiralık 1+1","Kiralık Daire","1 + 1","55 m²","4 Yaşında","·","Kat","1. Kat","Muğla / Dalaman / Altıntas Mah.","https://www.hepsiemlak.com/_nuxt/8cafc93fb5c74c75e9e04e528e02ccdf.jpg","Asil Gayrimenkul","WhatsApp","","","https://www.hepsiemlak.com/_nuxt/8cafc93fb5c74c75e9e04e528e02ccdf.jpg"
"https://www.hepsiemlak.com/mugla-bodrum-yalikavak-kiralik/daire/56203-4926","1 / 40","65.000","28/07/2026","Yalıkavak Merkezde Site İçinde (denize 50 M) 2+1 Kiralık Dubleks","Kiralık Daire","2 + 1","150 m²","11 Yaşında","·","Kat","Bahçe Katı","Muğla / Bodrum / Yalıkavak Mah.","https://www.hepsiemlak.com/_nuxt/8cafc93fb5c74c75e9e04e528e02ccdf.jpg","Yalıhan Emlak","WhatsApp","","","https://www.hepsiemlak.com/_nuxt/8cafc93fb5c74c75e9e04e528e02ccdf.jpg"
"https://www.hepsiemlak.com/mugla-ortaca-cumhuriyet-kiralik/daire/113143-101","1 / 44","30.000","24/07/2026","Cumhuriyet De Kiralık Eşyalı Havuzlu 3+1 Daire","Kiralık Daire","3 + 0","120 m²","5 Yaşında","·","Kat","En Üst Kat","Muğla / Ortaca / Cumhuriyet Mah.","https://www.hepsiemlak.com/_nuxt/8cafc93fb5c74c75e9e04e528e02ccdf.jpg","Varlıklı Emlak","WhatsApp","","","https://www.hepsiemlak.com/_nuxt/8cafc93fb5c74c75e9e04e528e02ccdf.jpg"
"https://www.hepsiemlak.com/mugla-fethiye-karaculha-kiralik/daire/139822-265","1 / 31","38.000","21/07/2026","Fethiye Karaçulhada Kiralık 3+1 110m2 Eşyalı Havuzlu Daire","Kiralık Daire","3 + 1","120 m²","4 Yaşında","·","Kat","2. Kat","Muğla / Fethiye / Karaçulha Mah.","https://www.hepsiemlak.com/_nuxt/8cafc93fb5c74c75e9e04e528e02ccdf.jpg","Fethiye Emlak","WhatsApp","İsa
                  Öztok","https://www.hepsiemlak.com/_nuxt/8cafc93fb5c74c75e9e04e528e02ccdf.jpg",""
"https://www.hepsiemlak.com/mugla-bodrum-gumbet-kiralik/daire/165793-38","1 / 15","55.000","19/08/2026","Bodrum Bitez De Kiralık Eşyalı 3+1 Bahçeli Daire","Kiralık Daire","3 + 1","130 m²","10 Yaşında","·","Kat","Yüksek Giriş","Muğla / Bodrum / Gümbet Mah.","https://www.hepsiemlak.com/_nuxt/8cafc93fb5c74c75e9e04e528e02ccdf.jpg","","WhatsApp","","",""
"https://www.hepsiemlak.com/mugla-fethiye-akarca-kiralik/daire/130116-569","1 / 45","40.000","13/08/2026","Yerguzlar Cad. Uzun Dönem Kiralık 1+1 Eşyalı Daire Ya Da Ofis","Kiralık Daire","1 + 1","70 m²","6 Yaşında","·","Kat","2. Kat","Muğla / Fethiye / Akarca Mah.","","Ladin Property","WhatsApp","","https://hecdnnw.hemlak.com/mncropresize/77/67/logo/6/1/1/0/3/1/7767c85a-3469-46cd-a250-c58b9103bcd5.jpg",""
"https://www.hepsiemlak.com/mugla-seydikemer-kadikoy-kiralik/villa/153298-91","1 / 40","45.000","13/08/2026","Sedir'den Seydikemer Kadıköy Mh. 3+1 Eşyalı Kiralık Vila","Kiralık Villa","3 + 1","190 m²","11 Yaşında","·","Kat","Bahçe Katı","Muğla / Seydikemer / Kadıköy Mah.","","Sedir Gayrimenkul Danışmanlığı","WhatsApp","Hidayi
                  Çatar","https://hecdnnw.hemlak.com/mncropresize/77/67/firmuser/7/4/3/3/2/3/4/a1fa8d52-5921-4b7b-9e68-0c0678813779.jpg",""
"https://www.hepsiemlak.com/mugla-milas-gulluk-kiralik/daire/110753-717","1 / 35","30.000","12/08/2026","Muğla/milas/güllük 'de 2+1 Düz Ayak Girişli Kiralık Daire !","Kiralık Daire","2 + 1","90 m²","3 Yaşında","·","Kat","Zemin","Muğla / Milas / Güllük Mah.","","","WhatsApp","","",""
"https://www.hepsiemlak.com/mugla-bodrum-dirmil-kiralik/daire/163846-70","1 / 22","155.000","03/08/2026","Bodrum Dirmil Denize 200 Metre Mesafede 2+1 Full Eşyalı","Kiralık Daire","2 + 1","102 m²","6 Yaşında","·","Kat","2. Kat","Muğla / Bodrum / Dirmil Mah.","https://hecdn01.hemlak.com/mncropresize/182/137/ds01/2/4/7/1/8/8/6/4/bb995163-7034-43e3-bf47-85418a84220d.jpg","Aes Gayrimenkul","WhatsApp","","","https://hecdnnw.hemlak.com/mncropresize/77/67/logo/6/4/8/3/6/1/43ce069b-aa30-4ac6-ab5d-005056998f6a.jpg"
"https://www.hepsiemlak.com/mugla-bodrum-gundogan-kiralik/mustakil-ev/134691-53","1 / 56","90.000","31/08/2026","Bodrum Gündoğan Janez Homes'da Havuzlu Yıllık Eşyalı Kiralık 4+1","Kiralık Müstakil Ev","4 + 1","300 m²","1 Yaşında","","","","Muğla / Bodrum / Gündoğan Mah.","https://www.hepsiemlak.com/_nuxt/8cafc93fb5c74c75e9e04e528e02ccdf.jpg","Elif Olgaç Gayrimenkul & Yatırım Danışmanlığı","WhatsApp","","","https://www.hepsiemlak.com/_nuxt/8cafc93fb5c74c75e9e04e528e02ccdf.jpg"
"https://www.hepsiemlak.com/mugla-mentese-kotekli-kiralik/daire/76834-3121","1 / 17","14.000","20/08/2026","Muğla Menteşe Kötekli'de 1+1 Eşyalı Çatı Katı Kiralık Daire","Kiralık Daire","1 + 1","40 m²","11 Yaşında","·","Kat","Çatı Katı","Muğla / Menteşe / Kötekli Mah.","https://www.hepsiemlak.com/_nuxt/8cafc93fb5c74c75e9e04e528e02ccdf.jpg","Muğla Kampüs Emlak","WhatsApp","İlker Barış
                  Kalaç","https://www.hepsiemlak.com/_nuxt/8cafc93fb5c74c75e9e04e528e02ccdf.jpg","https://www.hepsiemlak.com/_nuxt/8cafc93fb5c74c75e9e04e528e02ccdf.jpg"
"https://www.hepsiemlak.com/mugla-mentese-emirbeyazit-kiralik/daire/94718-3311","1 / 24","30.000","02/09/2026","Muğla Menteşe Emirbeyazıt Mahallesinde Kiralık 2+1 Daire","Kiralık Daire","2 + 1","105 m²","35 Yaşında","·","Kat","3. Kat","Muğla / Menteşe / Emirbeyazıt Mah.","https://www.hepsiemlak.com/_nuxt/8cafc93fb5c74c75e9e04e528e02ccdf.jpg","Kdm Gayrimenkul Muğla","WhatsApp","","","https://www.hepsiemlak.com/_nuxt/8cafc93fb5c74c75e9e04e528e02ccdf.jpg"
"https://www.hepsiemlak.com/mugla-bodrum-bahcelievler-kiralik/daire/6449-2065","1 / 24","50.000","03/09/2026","️s-A-K-A-L-L-I-Dan Turgutreiste Denize 30metre Kiralık Daire","Kiralık Daire","2 + 1","110 m²","11 Yaşında","·","Kat","2. Kat","Muğla / Bodrum / Bahçelievler Mah.","https://www.hepsiemlak.com/_nuxt/8cafc93fb5c74c75e9e04e528e02ccdf.jpg","","WhatsApp","","",""
"https://www.hepsiemlak.com/mugla-fethiye-cumhuriyet-kiralik/daire/52425-3767","1 / 10","40.000","13/08/2026","Şehir Merkezinde Eşyalı Kiralık 1+1 Daire","Kiralık Daire","1 + 1","55 m²","5 Yaşında","·","Kat","3. Kat","Muğla / Fethiye / Cumhuriyet Mah.","https://www.hepsiemlak.com/_nuxt/8cafc93fb5c74c75e9e04e528e02ccdf.jpg","Vartur Emlak","WhatsApp","","","https://www.hepsiemlak.com/_nuxt/8cafc93fb5c74c75e9e04e528e02ccdf.jpg"
"https://www.hepsiemlak.com/mugla-bodrum-yokusbasi-kiralik/daire/166795-28","1 / 9","40.000","05/09/2026","Bodrum Yokuşbaşı Anacadde Üzeri Tam Merkez 1 +1 Üst Kat Kiralık Daire Garaj Karşısı","Kiralık Daire","1 + 1","50 m²","8 Yaşında","·","Kat","En Üst Kat","Muğla / Bodrum / Yokuşbaşı Mah.","https://www.hepsiemlak.com/_nuxt/8cafc93fb5c74c75e9e04e528e02ccdf.jpg","Grandliva","WhatsApp","","","https://www.hepsiemlak.com/_nuxt/8cafc93fb5c74c75e9e04e528e02ccdf.jpg"
"https://www.hepsiemlak.com/mugla-dalaman-altintas-kiralik/daire/92095-690","1 / 18","19.000","14/08/2026","Dalaman Da 1+1 Kiralık Daire 50 M2","Kiralık Daire","1 + 1","60 m²","3 Yaşında","·","Kat","2. Kat","Muğla / Dalaman / Altıntas Mah.","https://www.hepsiemlak.com/_nuxt/8cafc93fb5c74c75e9e04e528e02ccdf.jpg","Aryana Emlak","WhatsApp","","","https://www.hepsiemlak.com/_nuxt/8cafc93fb5c74c75e9e04e528e02ccdf.jpg"
"https://www.hepsiemlak.com/mugla-ula-gokova-kiralik/daire/170526-12","1 / 6","35.000","26/08/2026","Gökova Merkezde Kiralık 2+1 Daire","Kiralık Daire","2 + 1","90 m²","7 Yaşında","·","Kat","Bahçe Katı","Muğla / Ula / Gökova Mah.","https://www.hepsiemlak.com/_nuxt/8cafc93fb5c74c75e9e04e528e02ccdf.jpg","","WhatsApp","","",""
"https://www.hepsiemlak.com/mugla-bodrum-farilya-kiralik/villa/28765-15981","1 / 33","50.000","04/09/2026","Gündogan Denizatı Sitesi 2+1 Kiralık Dubleks Villa","Kiralık Villa","2 + 1","95 m²","21 Yaşında","·","Kat","","Muğla / Bodrum / Farilya Mah.","https://www.hepsiemlak.com/_nuxt/8cafc93fb5c74c75e9e04e528e02ccdf.jpg","Coldwell Banker Artemis","WhatsApp","","","https://www.hepsiemlak.com/_nuxt/8cafc93fb5c74c75e9e04e528e02ccdf.jpg"
"https://www.hepsiemlak.com/mugla-bodrum-cumhuriyet-kiralik/daire/64802-7414","1 / 33","55.000","31/08/2026","Bodrum Yeniköy Site İçinde Havuzlu 2+1 Eşyalı Kiralık Daire","Kiralık Daire","2 + 1","70 m²","10 Yaşında","·","Kat","2. Kat","Muğla / Bodrum / Cumhuriyet Mah.","https://www.hepsiemlak.com/_nuxt/8cafc93fb5c74c75e9e04e528e02ccdf.jpg","Hedef Gayrimenkul","WhatsApp","","","https://www.hepsiemlak.com/_nuxt/8cafc93fb5c74c75e9e04e528e02ccdf.jpg"
"https://www.hepsiemlak.com/mugla-fethiye-foca-kiralik/villa/97683-1430","1 / 35","100.000","02/09/2026","İlkon'dan Foça'da Çalış Plajı Yakını Kiralık 4+1 Lüks Tripleks","Kiralık Villa","4 + 1","200 m²","Sıfır Bina","·","Kat","Bahçe Katı","Muğla / Fethiye / Foça Mah.","https://www.hepsiemlak.com/_nuxt/8cafc93fb5c74c75e9e04e528e02ccdf.jpg","İlkon Gayrimenkul","WhatsApp","","","https://www.hepsiemlak.com/_nuxt/8cafc93fb5c74c75e9e04e528e02ccdf.jpg"
"https://www.hepsiemlak.com/mugla-marmaris-kemeralti-kiralik/daire/104232-2163","1 / 26","80.000","12/08/2026","Sezonluk Kiralık 1+1 Eşyalı Daire.","Kiralık Daire","1 + 1","55 m²","28 Yaşında","·","Kat","Yüksek Giriş","Muğla / Marmaris / Kemeraltı Mah.","https://www.hepsiemlak.com/_nuxt/8cafc93fb5c74c75e9e04e528e02ccdf.jpg","Vefa Gayrimenkul","WhatsApp","","","https://www.hepsiemlak.com/_nuxt/8cafc93fb5c74c75e9e04e528e02ccdf.jpg"
"https://www.hepsiemlak.com/mugla-fethiye-camkoy-kiralik/daire/146481-18","1 / 11","18.000","22/07/2026","Çalıcaa Mevkii Ağaçların İşinde Ferah Kiralık Daire","Kiralık Daire","2 + 1","120 m²","20 Yaşında","·","Kat","2. Kat","Muğla / Fethiye / Çamköy Mah.","https://www.hepsiemlak.com/_nuxt/8cafc93fb5c74c75e9e04e528e02ccdf.jpg","","WhatsApp","","",""
"https://www.hepsiemlak.com/mugla-bodrum-cumhuriyet-kiralik/daire/65421-1584","1 / 11","55.000","24/08/2026","Oasıs Avm Civarı Anayola Yakın Eşyalı 2+1","Kiralık Daire","2 + 1","65 m²","20 Yaşında","·","Kat","Giriş Katı","Muğla / Bodrum / Cumhuriyet Mah.","https://www.hepsiemlak.com/_nuxt/8cafc93fb5c74c75e9e04e528e02ccdf.jpg","Bodrum Kule Emlak","WhatsApp","Nihal
                  Sakarya","https://www.hepsiemlak.com/_nuxt/8cafc93fb5c74c75e9e04e528e02ccdf.jpg","https://www.hepsiemlak.com/_nuxt/8cafc93fb5c74c75e9e04e528e02ccdf.jpg"
"https://www.hepsiemlak.com/mugla-bodrum-yalikavak-kiralik/mustakil-ev/110877-1632","1 / 31","250.000","08/08/2026","Bodrum Yalikavak Tilkicik Yıllık Kiralık Tam Müstakil Villa","Kiralık Müstakil Ev","3 + 1","220 m²","4 Yaşında","·","Kat","","Muğla / Bodrum / Yalıkavak Mah.","https://www.hepsiemlak.com/_nuxt/8cafc93fb5c74c75e9e04e528e02ccdf.jpg","Vısıon Bodrum","WhatsApp","","","https://www.hepsiemlak.com/_nuxt/8cafc93fb5c74c75e9e04e528e02ccdf.jpg"
"https://www.hepsiemlak.com/mugla-marmaris-golenye-kiralik/daire/26388-6148","1 / 26","42.000","28/08/2026","Tt Emlak'tan Marmaris İçmeler ' De Boş 2+1 Çatı Dubleks Daire","Kiralık Daire","2 + 1","120 m²","6 Yaşında","·","Kat","Çatı Katı","Muğla / Marmaris / Gölenye Mah.","https://www.hepsiemlak.com/_nuxt/8cafc93fb5c74c75e9e04e528e02ccdf.jpg","Tt Emlak","WhatsApp","","","https://www.hepsiemlak.com/_nuxt/8cafc93fb5c74c75e9e04e528e02ccdf.jpg"
"https://www.hepsiemlak.com/mugla-ortaca-karaburun-kiralik/daire/126009-530","1 / 19","15.500","29/08/2026","Murat Çimen'den 1+1 Kiralık Daire","Kiralık Daire","1 + 1","60 m²","3 Yaşında","·","Kat","2. Kat","Muğla / Ortaca / Karaburun Mah.","https://www.hepsiemlak.com/_nuxt/8cafc93fb5c74c75e9e04e528e02ccdf.jpg","Murat Çimen Gayrimenkul","WhatsApp","Murat
                  Çimen","https://www.hepsiemlak.com/_nuxt/8cafc93fb5c74c75e9e04e528e02ccdf.jpg","https://www.hepsiemlak.com/_nuxt/8cafc93fb5c74c75e9e04e528e02ccdf.jpg"
"https://www.hepsiemlak.com/mugla-mentese-muslihittin-kiralik/daire/84001-1423","1 / 4","34.000","08/09/2026","Eşyalı Kiralık Daire 1+1","Kiralık Daire","1 + 1","50 m²","6 Yaşında","·","Kat","Zemin","Muğla / Menteşe / Muslihittin Mah.","https://www.hepsiemlak.com/_nuxt/8cafc93fb5c74c75e9e04e528e02ccdf.jpg","Ufuk Emlak","WhatsApp","","","https://www.hepsiemlak.com/_nuxt/8cafc93fb5c74c75e9e04e528e02ccdf.jpg"
"https://www.hepsiemlak.com/mugla-marmaris-tepe-kiralik/daire/134252-233","1 / 7","25.000","27/08/2026","Marmaris Merkez Önder Emlak'tan Memura, Aksaz Mensuplarına Kiralık Eşyalı 1+0 Daire","Kiralık Daire","Stüdyo","25 m²","31 Yaşında","·","Kat","Ara Kat","Muğla / Marmaris / Tepe Mah.","https://www.hepsiemlak.com/_nuxt/8cafc93fb5c74c75e9e04e528e02ccdf.jpg","Önder Emlak Turizm Ve Ticaret Limited Şirketi","WhatsApp","","","https://www.hepsiemlak.com/img/loadings/noImage55-55.png"
"https://www.hepsiemlak.com/mugla-ortaca-cumhuriyet-kiralik/daire/151774-174","1 / 7","22.000","09/09/2026","Ortaca Cumhuriyet Mahallesinde Sıfır, Eşyalı 1+1 Kış Dönemi.","Kiralık Daire","1 + 1","55 m²","Sıfır Bina","·","Kat","Zemin","Muğla / Ortaca / Cumhuriyet Mah.","https://www.hepsiemlak.com/_nuxt/8cafc93fb5c74c75e9e04e528e02ccdf.jpg","Adz Gayrimenkul","WhatsApp","","","https://www.hepsiemlak.com/_nuxt/8cafc93fb5c74c75e9e04e528e02ccdf.jpg"
"https://www.hepsiemlak.com/mugla-datca-iskele-kiralik/daire/164440-37","1 / 17","42.500","03/09/2026","Datça Merkezde Kumluk Plajına 100 Metre Yıllık Kiralık 2+1 Daire","Kiralık Daire","2 + 1","75 m²","16 Yaşında","·","Kat","1. Kat","Muğla / Datça / İskele Mah.","","Qality Life Gayrimenkul","WhatsApp","","https://hecdnnw.hemlak.com/mncropresize/77/67/logo/0/4/4/4/6/1/f8913963-6f43-443f-bed7-c1378bca55c8.jpg",""
"https://www.hepsiemlak.com/mugla-fethiye-ciftlik-kiralik/villa/127829-408","1 / 35","36.000","01/09/2026","Fethiye Çiftlikte Kiralık Bahçeli Dubleks Villa","Kiralık Villa","4 + 1","240 m²","31 Yaşında","·","Kat","","Muğla / Fethiye / Çiftlik Mah.","","","WhatsApp","","",""
"https://www.hepsiemlak.com/mugla-fethiye-cami-kiralik/mustakil-ev/149021-73","1 / 21","45.000","31/08/2026","Ova Mevkii Kiralık 2+1 Eşyalı Müstakil Villa !!!","Kiralık Müstakil Ev","2 + 1","80 m²","Sıfır Bina","","","","Muğla / Fethiye / Cami Mah.","https://hecdnnw.hemlak.com/mncropresize/77/67/logo/1/2/0/9/4/1/9957ead9-c6cc-4a7f-becc-c9d13f6de737.jpg","Turanlar Grup","WhatsApp","","",""
"https://www.hepsiemlak.com/mugla-bodrum-turgutreis-kiralik/daire/0-47208006","1 / 16","65.000","30/08/2026","Bodrum Turgutreis 2+1 Full Eşyalı Daire","Kiralık Daire","2 + 1","75 m²","10 Yaşında","·","Kat","2. Kat","Muğla / Bodrum / Turgutreis Mah.","https://hecdn01.hemlak.com/mncropresize/182/137/ds01/6/0/0/8/0/2/7/4/1787932934-857173-47208006.jpeg","","WhatsApp","","",""
"https://www.hepsiemlak.com/mugla-bodrum-yenikoy-kiralik/daire/168947-16","1 / 24","60.000","28/08/2026","Oasis Avmye Yürüyüş Mesafesinde 2+1","Kiralık Daire","2 + 1","80 m²","Sıfır Bina","·","Kat","2. Kat","Muğla / Bodrum / Yeniköy Mah.","https://www.hepsiemlak.com/_nuxt/8cafc93fb5c74c75e9e04e528e02ccdf.jpg","","WhatsApp","","",""
"https://www.hepsiemlak.com/mugla-ortaca-yerbelen-kiralik/villa/170473-9","1 / 21","47.000","31/08/2026","Muğlaport'tan Ortaca Yerbelen'de Uzun Dönem Kiralık Lüks Villa","Kiralık Villa","4 + 1","150 m²","1 Yaşında","·","Kat","","Muğla / Ortaca / Yerbelen Mah.","https://www.hepsiemlak.com/_nuxt/8cafc93fb5c74c75e9e04e528e02ccdf.jpg","Muğlaport Gayrimenkul","WhatsApp","","","https://www.hepsiemlak.com/_nuxt/8cafc93fb5c74c75e9e04e528e02ccdf.jpg"
"https://www.hepsiemlak.com/mugla-dalaman-atakent-kiralik/daire/158955-239","1 / 17","28.000","29/08/2026","Dalamanda 2+1 Havuzlu Sitede Kiralık Daire","Kiralık Daire","2 + 1","100 m²","3 Yaşında","·","Kat","2. Kat","Muğla / Dalaman / Atakent Mah.","https://www.hepsiemlak.com/_nuxt/8cafc93fb5c74c75e9e04e528e02ccdf.jpg","Golden Case Realty","WhatsApp","","","https://www.hepsiemlak.com/_nuxt/8cafc93fb5c74c75e9e04e528e02ccdf.jpg"
"https://www.hepsiemlak.com/mugla-milas-bozbuk-kiralik/villa/160789-102","1 / 35","50.000","27/08/2026","Muğla Mılas Bozbük'te Denıze Sıfır Kıralık Tam Müstakıl Vılla","Kiralık Villa","3 + 1","160 m²","11 Yaşında","·","Kat","","Muğla / Milas / Bozbük Mah.","https://www.hepsiemlak.com/_nuxt/8cafc93fb5c74c75e9e04e528e02ccdf.jpg","Re/max Ayaz","WhatsApp","","","https://www.hepsiemlak.com/_nuxt/8cafc93fb5c74c75e9e04e528e02ccdf.jpg"
"https://www.hepsiemlak.com/mugla-bodrum-konacik-kiralik/mustakil-ev/0-47194060","1 / 17","50.000","26/08/2026","Sahibinden Eşyalı Kiralık Tam Müstakil 4+1","Kiralık Müstakil Ev","4 + 1","150 m²","20 Yaşında","·","Kat","","Muğla / Bodrum / Konacık Mah.","https://www.hepsiemlak.com/_nuxt/8cafc93fb5c74c75e9e04e528e02ccdf.jpg","","WhatsApp","","",""
"https://www.hepsiemlak.com/mugla-milas-tuzabat-kiralik/daire/148115-102","1 / 49","23.000","27/08/2026","Mılas Tuzabat Mahallesı'nde 2 + 1 Ultra Lüks Kıralık Daıre","Kiralık Daire","2 + 1","155 m²","Sıfır Bina","·","Kat","1. Kat","Muğla / Milas / Tuzabat Mah.","https://www.hepsiemlak.com/_nuxt/8cafc93fb5c74c75e9e04e528e02ccdf.jpg","Ayaz Gayrimenkul","WhatsApp","","","https://www.hepsiemlak.com/img/loadings/noImage55-55.png"
"https://www.hepsiemlak.com/mugla-bodrum-gurece-kiralik/daire/164640-73","1 / 22","42.500","29/08/2026","Bodrum Gürece Yıllık Kiralık 2+1 Eşyalı Daire","Kiralık Daire","2 + 1","65 m²","16 Yaşında","·","Kat","Giriş Katı","Muğla / Bodrum / Gürece Mah.","https://www.hepsiemlak.com/_nuxt/8cafc93fb5c74c75e9e04e528e02ccdf.jpg","","WhatsApp","","",""
"https://www.hepsiemlak.com/mugla-dalaman-altintas-kiralik/daire/159774-33","1 / 15","22.000","06/09/2026","Üniversiteye Yakın 1+1 Eşyalı Kiralık Daire","Kiralık Daire","1 + 1","60 m²","2 Yaşında","·","Kat","2. Kat","Muğla / Dalaman / Altıntas Mah.","https://www.hepsiemlak.com/_nuxt/8cafc93fb5c74c75e9e04e528e02ccdf.jpg","Arif Ekin Ekinci Emlak","WhatsApp","","","https://www.hepsiemlak.com/_nuxt/8cafc93fb5c74c75e9e04e528e02ccdf.jpg"
"https://www.hepsiemlak.com/mugla-dalaman-hurriyet-kiralik/daire/145196-408","1 / 18","17.500","03/09/2026","Muğla Dalaman Hürriyet Mah Kiralık Geniş 1+1","Kiralık Daire","1 + 1","70 m²","3 Yaşında","·","Kat","Yüksek Giriş","Muğla / Dalaman / Hürriyet Mah.","https://www.hepsiemlak.com/_nuxt/8cafc93fb5c74c75e9e04e528e02ccdf.jpg","Doğa Cıty Emlak","WhatsApp","Doğa Cıty Emlak
                  Doğa Cıty Emlak","https://www.hepsiemlak.com/_nuxt/8cafc93fb5c74c75e9e04e528e02ccdf.jpg",""
"https://www.hepsiemlak.com/mugla-fethiye-karagedik-kiralik/daire/160877-48","1 / 27","60.000","03/09/2026","3+1 Tripleks Eşyalı Havuzlu Sitede","Kiralık Daire","3 + 1","180 m²","15 Yaşında","·","Kat","3. Kat","Muğla / Fethiye / Karagedik Mah.","https://www.hepsiemlak.com/_nuxt/8cafc93fb5c74c75e9e04e528e02ccdf.jpg","","WhatsApp","","",""
"https://www.hepsiemlak.com/mugla-bodrum-gumusluk-kiralik/villa/152256-49","1 / 15","74.000","12/08/2026","Bodrum Nişh Gümüşlük Yıllık Kiralık 3+1 Villa","Kiralık Villa","3 + 1","145 m²","2 Yaşında","·","Kat","Bahçe Katı","Muğla / Bodrum / Gümüşlük Mah.","https://www.hepsiemlak.com/_nuxt/8cafc93fb5c74c75e9e04e528e02ccdf.jpg","","WhatsApp","","",""
"https://www.hepsiemlak.com/mugla-milas-aydinlikevler-kiralik/daire/165966-30","1 / 18","28.000","12/08/2026","Ekr| Aydınlıkevler Mahallesi 3+1 Dubleks Ebeveyn Banyolu Kiralık","Kiralık Daire","3 + 1","160 m²","5 Yaşında","·","Kat","2. Kat","Muğla / Milas / Aydınlıkevler Mah.","https://www.hepsiemlak.com/_nuxt/8cafc93fb5c74c75e9e04e528e02ccdf.jpg","","WhatsApp","","",""
"https://www.hepsiemlak.com/mugla-ula-atakoy-kiralik/villa/142422-16","1 / 32","90.000","09/08/2026","Akyaka'ya 10 Dk Ataköyde 125 M² Dubleks Villa","Kiralık Villa","4 + 1","140 m²","Sıfır Bina","·","Kat","","Muğla / Ula / Ataköy Mah.","https://www.hepsiemlak.com/_nuxt/8cafc93fb5c74c75e9e04e528e02ccdf.jpg","Arc Harita Gayrimenkul","WhatsApp","","","https://www.hepsiemlak.com/_nuxt/8cafc93fb5c74c75e9e04e528e02ccdf.jpg"
"https://www.hepsiemlak.com/mugla-dalaman-altintas-kiralik/daire/167330-18","1 / 15","27.000","05/09/2026","Şehrin Gürültüsünden Uzak | Ormanın Kalbinde Full Eşyalı 2+1","Kiralık Daire","2 + 1","118 m²","11 Yaşında","·","Kat","2. Kat","Muğla / Dalaman / Altıntas Mah.","https://www.hepsiemlak.com/_nuxt/8cafc93fb5c74c75e9e04e528e02ccdf.jpg","Aty Akademi Ve Danışmanlık Turizm Ticaret Ve Sanay","WhatsApp","Aty Akademi Ve Danışmanlık Turizm Ticare
                  Şirketi","https://www.hepsiemlak.com/_nuxt/img/no-image-user.6f6a83e.svg",""
"https://www.hepsiemlak.com/mugla-dalaman-altintas-kiralik/daire/98723-108","1 / 18","37.500","20/08/2026","Dalaman Altıntas'da Havuzlu Eşyalı 2+1 Dubleks Kiralık Daire","Kiralık Daire","2 + 1","86 m²","3 Yaşında","·","Kat","3. Kat","Muğla / Dalaman / Altıntas Mah.","https://www.hepsiemlak.com/_nuxt/8cafc93fb5c74c75e9e04e528e02ccdf.jpg","İlhan Emlak","WhatsApp","","","https://www.hepsiemlak.com/_nuxt/8cafc93fb5c74c75e9e04e528e02ccdf.jpg"
"https://www.hepsiemlak.com/mugla-milas-bozalan-kiralik/villa/162955-25","1 / 34","50.000","30/08/2026","Bahçesi Dahi Deniz Manzaralı, Eşyalı","Kiralık Villa","3 + 1","100 m²","16 Yaşında","·","Kat","","Muğla / Milas / Bozalan Mah.","https://www.hepsiemlak.com/_nuxt/8cafc93fb5c74c75e9e04e528e02ccdf.jpg","H&p Gayrimenkul","WhatsApp","İbrahim
                  Karademir","https://www.hepsiemlak.com/_nuxt/8cafc93fb5c74c75e9e04e528e02ccdf.jpg","https://www.hepsiemlak.com/_nuxt/8cafc93fb5c74c75e9e04e528e02ccdf.jpg"
"https://www.hepsiemlak.com/mugla-koycegiz-dogusbelen-kiralik/bungalov/167337-11","1 / 34","30.000","18/08/2026","“doğanın Kalbinde Ahşap Bungalov Tatili – Köyceğiz Döğüşbelen”","Kiralık Bungalov","1 + 1","22 m²","3 Yaşında","·","Kat","","Muğla / Köyceğiz / Döğüşbelen Mah.","https://www.hepsiemlak.com/_nuxt/8cafc93fb5c74c75e9e04e528e02ccdf.jpg","Bayındır Emlak Gayrimenkul Danışmanlık","WhatsApp","","","https://www.hepsiemlak.com/_nuxt/8cafc93fb5c74c75e9e04e528e02ccdf.jpg"
"https://www.hepsiemlak.com/mugla-milas-becin-kiralik/daire/165164-92","1 / 35","27.500","30/08/2026","Novari'den Kiralık Eşsiz Manzaralı Köy Evi","Kiralık Daire","3 + 1","160 m²","6 Yaşında","·","Kat","2. Kat","Muğla / Milas / Beçin Mah.","https://www.hepsiemlak.com/_nuxt/8cafc93fb5c74c75e9e04e528e02ccdf.jpg","Novari Gayrimenkul","WhatsApp","Veli
                  Zorlu","https://www.hepsiemlak.com/_nuxt/8cafc93fb5c74c75e9e04e528e02ccdf.jpg","https://www.hepsiemlak.com/_nuxt/8cafc93fb5c74c75e9e04e528e02ccdf.jpg"
"https://www.hepsiemlak.com/mugla-dalaman-merkez-kiralik/daire/142733-1396","1 / 23","17.000","25/08/2026","Mine Emlaktan Klimalı Ve 3lü Ankastre Set Takılı Geniş 1+1","Kiralık Daire","1 + 1","64 m²","2 Yaşında","·","Kat","2. Kat","Muğla / Dalaman / Merkez Mah.","https://www.hepsiemlak.com/_nuxt/8cafc93fb5c74c75e9e04e528e02ccdf.jpg","Mine Emlak","WhatsApp","","","https://www.hepsiemlak.com/_nuxt/8cafc93fb5c74c75e9e04e528e02ccdf.jpg"
"https://www.hepsiemlak.com/mugla-ortaca-cumhuriyet-kiralik/daire/155994-108","1 / 40","27.000","26/08/2026","Cumhuriyet Mh 2+1 Merkezi Konum Kiralık Eşyasız Daire","Kiralık Daire","2 + 1","85 m²","2 Yaşında","·","Kat","2. Kat","Muğla / Ortaca / Cumhuriyet Mah.","https://www.hepsiemlak.com/_nuxt/8cafc93fb5c74c75e9e04e528e02ccdf.jpg","Artı Emlak","WhatsApp","Korhan
                  Aydın","https://www.hepsiemlak.com/_nuxt/8cafc93fb5c74c75e9e04e528e02ccdf.jpg","https://www.hepsiemlak.com/_nuxt/8cafc93fb5c74c75e9e04e528e02ccdf.jpg"
"https://www.hepsiemlak.com/mugla-fethiye-karaculha-kiralik/daire/156302-415","1 / 34","24.000","23/08/2026","Fethiye Karaçulha Mevkii 1+1 Eşyalı 1 Eylülden İtibaren Kiralık","Kiralık Daire","1 + 1","65 m²","Sıfır Bina","·","Kat","3. Kat","Muğla / Fethiye / Karaçulha Mah.","","","WhatsApp","","",""
"https://www.hepsiemlak.com/mugla-dalaman-atakent-kiralik/daire/159794-286","1 / 25","20.000","27/08/2026","Altın Emlak Global Dalaman Atakent'te Bahçe Katı 2+1 Kiralık","Kiralık Daire","2 + 1","110 m²","25 Yaşında","·","Kat","Yüksek Giriş","Muğla / Dalaman / Atakent Mah.","https://hecdnnw.hemlak.com/mncropresize/77/67/logo/4/9/7/9/5/1/2dd3befa-8861-45b2-a4a5-04f0e41b4880.jpg","Altın Emlak.ortaca","WhatsApp","","",""
"https://www.hepsiemlak.com/mugla-ortaca-cumhuriyet-kiralik/daire/165426-149","1 / 25","30.000","08/08/2026","Cumhuriyet Mahallesinde 3+1 Ebeveyn Banyolu Kiralık Daire","Kiralık Daire","3 + 1","140 m²","Sıfır Bina","·","Kat","2. Kat","Muğla / Ortaca / Cumhuriyet Mah.","https://hecdnnw.hemlak.com/mncropresize/77/67/logo/6/2/4/5/6/1/21d149c4-be95-46f7-a236-2cc25b1cbd5c.jpg","Dalya Ds Gayrimenkul","WhatsApp","Dilek
                  Tümenbey","https://hecdnnw.hemlak.com/mncropresize/77/67/firmuser/1/1/6/6/1/6/4/bc7fc4c1-f9e4-497f-a4fd-1246c3612306.jpg",""
"https://www.hepsiemlak.com/mugla-bodrum-golbasi-kiralik/daire/170419-12","1 / 30","22.000","26/08/2026","Mumcular Gölbaşı Merkezde 2+1 Sıfır Bahçe Katı Daire","Kiralık Daire","2 + 1","70 m²","1 Yaşında","·","Kat","Bahçe Katı","Muğla / Bodrum / Gölbaşı Mah.","https://hecdn01.hemlak.com/mncropresize/182/137/ds01/2/3/5/7/3/0/7/4/1785418497-344598-47037532.jpeg","Move Bodrum","WhatsApp","","","https://hecdnnw.hemlak.com/mncropresize/77/67/logo/9/1/4/0/7/1/d15fd982-46e6-4b29-9ace-eff062d120f9.jpg"
"https://www.hepsiemlak.com/mugla-seydikemer-esen-kiralik/daire/137352-282","1 / 40","20.000","31/08/2026","Seydikemer Eşen Mahallesinde 1+1 Orta Kat Kiralık Daire","Kiralık Daire","1 + 1","65 m²","Sıfır Bina","·","Kat","2. Kat","Muğla / Seydikemer / Eşen Mah.","https://www.hepsiemlak.com/_nuxt/8cafc93fb5c74c75e9e04e528e02ccdf.jpg","İdeal Emlak","WhatsApp","","","https://www.hepsiemlak.com/_nuxt/8cafc93fb5c74c75e9e04e528e02ccdf.jpg"
"https://www.hepsiemlak.com/mugla-fethiye-foca-kiralik/daire/140611-247","1 / 36","75.000","26/08/2026","Çalış'ta Full Eşyalı 3+1 Kiralık | Plaja Sıfır | Aylık Ödeme","Kiralık Daire","3 + 1","130 m²","16 Yaşında","·","Kat","1. Kat","Muğla / Fethiye / Foça Mah.","https://www.hepsiemlak.com/_nuxt/8cafc93fb5c74c75e9e04e528e02ccdf.jpg","Golden Key Emlak","WhatsApp","","","https://www.hepsiemlak.com/_nuxt/8cafc93fb5c74c75e9e04e528e02ccdf.jpg"
"https://www.hepsiemlak.com/mugla-bodrum-gumusluk-kiralik/mustakil-ev/69532-62","1 / 35","200.000","03/08/2026","Gümüşlükte Deniz Manzaralı, Özel Havuzlu & Tam Donanımlı Tatil","Kiralık Müstakil Ev","5 + 2","300 m²","5 Yaşında","·","Kat","Bahçe Katı","Muğla / Bodrum / Gümüşlük Mah.","https://www.hepsiemlak.com/_nuxt/8cafc93fb5c74c75e9e04e528e02ccdf.jpg","","WhatsApp","","",""
"https://www.hepsiemlak.com/mugla-fethiye-cumhuriyet-kiralik/daire/138314-918","1 / 15","45.000","28/08/2026","Kiralık Lüks 1+1 Daire (herşey Dahil)","Kiralık Daire","1 + 1","60 m²","3 Yaşında","·","Kat","3. Kat","Muğla / Fethiye / Cumhuriyet Mah.","https://www.hepsiemlak.com/_nuxt/8cafc93fb5c74c75e9e04e528e02ccdf.jpg","Remax Badem 2","WhatsApp","","","https://www.hepsiemlak.com/_nuxt/8cafc93fb5c74c75e9e04e528e02ccdf.jpg"
"https://www.hepsiemlak.com/mugla-fethiye-kayakoy-kiralik/villa/153705-254","1 / 15","40.000","28/07/2026","Kiralık | Fethiye Kayaköy'de Müstakil Havuzlu Eşyalı 1+1 Lüks Villa","Kiralık Villa","1 + 1","85 m²","1 Yaşında","·","Kat","","Muğla / Fethiye / Kayaköy Mah.","https://www.hepsiemlak.com/_nuxt/8cafc93fb5c74c75e9e04e528e02ccdf.jpg","Çarşı Emlak","WhatsApp","","","https://www.hepsiemlak.com/_nuxt/8cafc93fb5c74c75e9e04e528e02ccdf.jpg"
"https://www.hepsiemlak.com/mugla-dalaman-karacali-kiralik/daire/98471-294","1 / 40","50.000","19/08/2026","Asil Emlaktan Dalaman Karaçalıda Kiralık Villa 4+1","Kiralık Daire","4 + 1","150 m²","1 Yaşında","·","Kat","1. Kat","Muğla / Dalaman / Karaçalı Mah.","https://www.hepsiemlak.com/_nuxt/8cafc93fb5c74c75e9e04e528e02ccdf.jpg","Asil Gayrimenkul","WhatsApp","","","https://www.hepsiemlak.com/_nuxt/8cafc93fb5c74c75e9e04e528e02ccdf.jpg"
"https://www.hepsiemlak.com/mugla-bodrum-akyarlar-kiralik/daire/165793-31","1 / 15","35.000","19/08/2026","Bodrum Akyarlar'da 2+1 Site İçi  Eşyalı Denize 200 Metre Mesafede","Kiralık Daire","2 + 1","75 m²","20 Yaşında","·","Kat","Kot 2","Muğla / Bodrum / Akyarlar Mah.","https://www.hepsiemlak.com/_nuxt/8cafc93fb5c74c75e9e04e528e02ccdf.jpg","","WhatsApp","","",""
"https://www.hepsiemlak.com/mugla-bodrum-koyunbaba-kiralik/daire/163846-69","1 / 35","32.500","07/09/2026","Gümüşlük Site İçinde Denize 300 Metre 1+1 Full Eşyalı Bahçeli","Kiralık Daire","1 + 1","65 m²","11 Yaşında","·","Kat","Bahçe Katı","Muğla / Bodrum / Koyunbaba Mah.","https://www.hepsiemlak.com/_nuxt/8cafc93fb5c74c75e9e04e528e02ccdf.jpg","Aes Gayrimenkul","WhatsApp","","","https://www.hepsiemlak.com/_nuxt/8cafc93fb5c74c75e9e04e528e02ccdf.jpg"
"https://www.hepsiemlak.com/mugla-ortaca-yerbelen-kiralik/daire/113143-91","1 / 22","27.000","20/07/2026","Ortaca Kiralık 2+1 Daire Klimalı Ankastreli","Kiralık Daire","2 + 1","100 m²","Sıfır Bina","·","Kat","2. Kat","Muğla / Ortaca / Yerbelen Mah.","https://www.hepsiemlak.com/_nuxt/8cafc93fb5c74c75e9e04e528e02ccdf.jpg","Varlıklı Emlak","WhatsApp","","","https://www.hepsiemlak.com/_nuxt/8cafc93fb5c74c75e9e04e528e02ccdf.jpg"
"https://www.hepsiemlak.com/mugla-milas-gulluk-kiralik/daire/110753-703","1 / 50","100.000","20/08/2026","Site İçerisinde 2+1 Bahçeli Sezonluk Kiralık Yazlık Daire","Kiralık Daire","2 + 1","90 m²","11 Yaşında","·","Kat","Bahçe Katı","Muğla / Milas / Güllük Mah.","https://www.hepsiemlak.com/_nuxt/8cafc93fb5c74c75e9e04e528e02ccdf.jpg","","WhatsApp","","",""
"https://www.hepsiemlak.com/mugla-bodrum-torba-kiralik/daire/148665-62","1 / 24","105.000","24/08/2026","Denize 100 Metre Ay'dan Aya Ödemeli 3+1 Geniş Havuzlu Rezidans !","Kiralık Daire","3 + 1","120 m²","2 Yaşında","·","Kat","2. Kat","Muğla / Bodrum / Torba Mah.","https://www.hepsiemlak.com/_nuxt/8cafc93fb5c74c75e9e04e528e02ccdf.jpg","Agr Group Gayrimenkul","WhatsApp","","","https://www.hepsiemlak.com/_nuxt/8cafc93fb5c74c75e9e04e528e02ccdf.jpg"
"https://www.hepsiemlak.com/mugla-mentese-bayir-kiralik/daire/139386-767","","25.000","26/08/2026","Muğla Menteşe Bayır Mahallesi Kiralık 2+1 Ebeveyn Banyolu Daire","Kiralık Daire","2 + 1","85 m²","3 Yaşında","·","Kat","3. Kat","Muğla / Menteşe / Bayır Mah.","","","WhatsApp","","",""
"https://www.hepsiemlak.com/mugla-bodrum-bitez-kiralik/daire/128053-1370","1 / 9","50.000","31/08/2026","1+1 Bahçe Katı Kiralık Rezidans","Kiralık Daire","1 + 1","35 m²","Sıfır Bina","·","Kat","Zemin","Muğla / Bodrum / Bitez Mah.","https://www.hepsiemlak.com/_nuxt/8cafc93fb5c74c75e9e04e528e02ccdf.jpg","Global İpek Yapı A.Ş","WhatsApp","Ramazan
                  İpek","https://www.hepsiemlak.com/_nuxt/8cafc93fb5c74c75e9e04e528e02ccdf.jpg","https://www.hepsiemlak.com/_nuxt/8cafc93fb5c74c75e9e04e528e02ccdf.jpg"
"https://www.hepsiemlak.com/mugla-mentese-kotekli-kiralik/daire/115758-2814","1 / 13","22.000","04/09/2026","Lider'den Muğla Menteşe Kötekli D Kapı Yakını Kiralık 1+1 Daire","Kiralık Daire","1 + 1","40 m²","10 Yaşında","·","Kat","Yüksek Giriş","Muğla / Menteşe / Kötekli Mah.","https://www.hepsiemlak.com/_nuxt/8cafc93fb5c74c75e9e04e528e02ccdf.jpg","Lider Gayrimenkul","WhatsApp","","","https://www.hepsiemlak.com/_nuxt/8cafc93fb5c74c75e9e04e528e02ccdf.jpg"
"https://www.hepsiemlak.com/mugla-mentese-dogan-kiralik/daire/114388-334","1 / 33","20.000","30/08/2026","Kiralık 2+1daire","Kiralık Daire","2 + 1","100 m²","5 Yaşında","·","Kat","Yüksek Giriş","Muğla / Menteşe / Doğan Mah.","https://www.hepsiemlak.com/_nuxt/8cafc93fb5c74c75e9e04e528e02ccdf.jpg","Gülağzı Emlak Danışmanlık","WhatsApp","","","https://www.hepsiemlak.com/_nuxt/8cafc93fb5c74c75e9e04e528e02ccdf.jpg"
"https://www.hepsiemlak.com/mugla-bodrum-islamhaneleri-kiralik/daire/163917-8","1 / 14","200.000","05/08/2026","Bodrum Bağla Bank Ev Sitesinde Kısa Dönem Kiralık Daire","Kiralık Daire","2 + 1","80 m²","16 Yaşında","·","Kat","Giriş Katı","Muğla / Bodrum / İslamhaneleri Mah.","https://www.hepsiemlak.com/_nuxt/8cafc93fb5c74c75e9e04e528e02ccdf.jpg","Bodrum Arı Gayrimenkul","WhatsApp","","","https://www.hepsiemlak.com/_nuxt/8cafc93fb5c74c75e9e04e528e02ccdf.jpg"
"https://www.hepsiemlak.com/mugla-bodrum-mumcular-kiralik/daire/64802-7413","1 / 38","30.000","30/08/2026","Bodrum Mumcular Da Merkezi Konum Da Sıfır Önü Kapanmaz Kiralık 2+1 Daire","Kiralık Daire","2 + 1","90 m²","Sıfır Bina","·","Kat","En Üst Kat","Muğla / Bodrum / Mumcular Mah.","https://www.hepsiemlak.com/_nuxt/8cafc93fb5c74c75e9e04e528e02ccdf.jpg","Hedef Gayrimenkul","WhatsApp","","","https://www.hepsiemlak.com/_nuxt/8cafc93fb5c74c75e9e04e528e02ccdf.jpg"
"https://www.hepsiemlak.com/mugla-fethiye-karagozler-kiralik/daire/97683-1428","1 / 35","35.000","05/09/2026","İlkon'dan Aşıklar Tepesi'nde Eşyalı Manzaralı Kiralık 2+1 Daire","Kiralık Daire","2 + 1","95 m²","26 Yaşında","·","Kat","3. Kat","Muğla / Fethiye / Karagözler Mah.","https://www.hepsiemlak.com/_nuxt/8cafc93fb5c74c75e9e04e528e02ccdf.jpg","İlkon Gayrimenkul","WhatsApp","","","https://www.hepsiemlak.com/_nuxt/8cafc93fb5c74c75e9e04e528e02ccdf.jpg"
"https://www.hepsiemlak.com/mugla-mentese-yenikoy-kiralik/daire/100251-1234","1 / 7","26.000","21/08/2026","Yeniköy'de Kiralık Eşyalı Daire","Kiralık Daire","1 + 1","50 m²","5 Yaşında","·","Kat","Zemin","Muğla / Menteşe / Yeniköy Mah.","https://www.hepsiemlak.com/_nuxt/8cafc93fb5c74c75e9e04e528e02ccdf.jpg","Globally World Real Estate - Ali Tavas","WhatsApp","","","https://www.hepsiemlak.com/_nuxt/8cafc93fb5c74c75e9e04e528e02ccdf.jpg"
"https://www.hepsiemlak.com/mugla-bodrum-dirmil-kiralik/mustakil-ev/140202-3063","1 / 12","65.000","08/09/2026","Bodrum Yalıkavak Gokcebel Kiralık Esyalı 2+1 Müstakil Dubleks","Kiralık Müstakil Ev","2 + 1","90 m²","4 Yaşında","·","Kat","","Muğla / Bodrum / Dirmil Mah.","https://www.hepsiemlak.com/_nuxt/8cafc93fb5c74c75e9e04e528e02ccdf.jpg","Century21 Begonvill Gayrimenkul","WhatsApp","","","https://www.hepsiemlak.com/_nuxt/8cafc93fb5c74c75e9e04e528e02ccdf.jpg"
"https://www.hepsiemlak.com/mugla-bodrum-dirmil-kiralik/villa/34401-12176","1 / 19","1.100.000","22/07/2026","Seba Taşevler Yalıkavak Da 4+1 Kiralık Lüks Villa","Kiralık Villa","4 + 1","760 m²","3 Yaşında","·","Kat","Bahçe Katı","Muğla / Bodrum / Dirmil Mah.","","Net İstanbul Luxury","WhatsApp","","https://hecdnnw.hemlak.com/mncropresize/77/67/logo/1/0/4/4/3/0/838f4020-84c4-4dc4-8dda-1183370e1398.jpg",""
"https://www.hepsiemlak.com/mugla-bodrum-gumbet-kiralik/residence/65421-903","1 / 11","65.000","31/08/2026","Gümbet  Yıllık Kiralık Eşyalı 2+1 Havuzlu 120 M2 Residans","Kiralık Residence","1 + 1","120 m²","1 Yaşında","·","Kat","En Üst Kat","Muğla / Bodrum / Gümbet Mah.","https://hecdnnw.hemlak.com/mncropresize/77/67/logo/1/2/4/5/6/0/d042413a-12d4-401c-b574-ed1566a32a81.jpg","Bodrum Kule Emlak","WhatsApp","Nihal
                  Sakarya","https://hecdnnw.hemlak.com/mncropresize/77/67/firmuser/6/7/2/1/5/2/1/98a2ca09-c1d2-49fd-ba7d-ce767b5f68cd.jpg",""
"https://www.hepsiemlak.com/mugla-fethiye-tasyaka-kiralik/daire/148225-1665","1 / 29","37.000","03/09/2026","Goldhouse Dan Kiralık Daire Myra Park Evlerinde Şehir Ve Doğa Manzaralı Eşyalı 1+1","Kiralık Daire","1 + 1","72 m²","6 Yaşında","·","Kat","3. Kat","Muğla / Fethiye / Taşyaka Mah.","https://hecdnnw.hemlak.com/mncropresize/77/67/logo/5/2/2/8/4/1/4f8ea576-51b4-46bd-b720-fdc14f8f889c.jpg","Gold House Gayrimenkul Danışmanlık","WhatsApp","","",""
"https://www.hepsiemlak.com/mugla-bodrum-turgutreis-kiralik/mustakil-ev/82628-1148","1 / 40","70.000","01/09/2026","Fc Group Turgutreis Marina Yakını Kiralık Müstakil Dubleks","Kiralık Müstakil Ev","2 + 1","114 m²","11 Yaşında","","","","Muğla / Bodrum / Turgutreis Mah.","https://hecdn01.hemlak.com/mncropresize/182/137/ds01/9/0/3/6/2/2/7/4/876ec796-a0e7-4377-a879-9e26b4d13e8c.jpg","Fc Group","WhatsApp","Emre
                  Özdemir","https://hecdnnw.hemlak.com/mncropresize/77/67/firmuser/4/9/4/7/1/6/1/813aed1b-d109-4c79-b0ba-da8dfb6c9cc4.jpg","https://hecdnnw.hemlak.com/mncropresize/77/67/logo/8/2/6/2/8/0/d8afa067-ec20-4fcd-801c-9b5920c40ba8.jpg"
"https://www.hepsiemlak.com/mugla-marmaris-kemeralti-kiralik/daire/118673-460","1 / 12","55.000","29/08/2026","Merkezi Konuım Da Bahçeli Düz Daire","Kiralık Daire","3 + 1","120 m²","21 Yaşında","·","Kat","Bahçe Katı","Muğla / Marmaris / Kemeraltı Mah.","https://www.hepsiemlak.com/_nuxt/8cafc93fb5c74c75e9e04e528e02ccdf.jpg","Soydan Emlak","WhatsApp","Miraç
                  Soydan","https://www.hepsiemlak.com/_nuxt/8cafc93fb5c74c75e9e04e528e02ccdf.jpg",""
"https://www.hepsiemlak.com/mugla-marmaris-icmeler-kiralik/daire/90448-2558","1 / 12","65.000","24/08/2026","Marmaris İçmelerde Yaz Sezonu İçin Kiralık 1+1 Daire","Kiralık Daire","1 + 1","55 m²","21 Yaşında","·","Kat","2. Kat","Muğla / Marmaris / İçmeler Mah.","https://www.hepsiemlak.com/_nuxt/8cafc93fb5c74c75e9e04e528e02ccdf.jpg","Realty World Yalı Gayrimenkul","WhatsApp","","","https://www.hepsiemlak.com/_nuxt/8cafc93fb5c74c75e9e04e528e02ccdf.jpg"
"https://www.hepsiemlak.com/mugla-mentese-kotekli-kiralik/daire/76834-3120","1 / 13","18.000","20/08/2026","Muğla Menteşe Kötekli'de Eşyalı 1+1 Kiralık Daire","Kiralık Daire","1 + 1","35 m²","11 Yaşında","·","Kat","Bahçe Katı","Muğla / Menteşe / Kötekli Mah.","https://www.hepsiemlak.com/_nuxt/8cafc93fb5c74c75e9e04e528e02ccdf.jpg","Muğla Kampüs Emlak","WhatsApp","İlker Barış
                  Kalaç","https://www.hepsiemlak.com/_nuxt/8cafc93fb5c74c75e9e04e528e02ccdf.jpg","https://www.hepsiemlak.com/_nuxt/8cafc93fb5c74c75e9e04e528e02ccdf.jpg"
"https://www.hepsiemlak.com/mugla-ortaca-karaburun-kiralik/daire/164159-29","1 / 13","16.000","25/08/2026","Ortaca Merkezde Kiralık 1+1 Daire","Kiralık Daire","1 + 1","55 m²","Sıfır Bina","·","Kat","Yüksek Giriş","Muğla / Ortaca / Karaburun Mah.","https://www.hepsiemlak.com/_nuxt/8cafc93fb5c74c75e9e04e528e02ccdf.jpg","Aysu Emlak","WhatsApp","","","https://www.hepsiemlak.com/_nuxt/8cafc93fb5c74c75e9e04e528e02ccdf.jpg"
"https://www.hepsiemlak.com/mugla-ortaca-cumhuriyet-kiralik/daire/161479-22","1 / 13","28.000","15/08/2026","Ofis Ya Da Mesken. Cadde Üstü.","Kiralık Daire","2 + 1","90 m²","6 Yaşında","·","Kat","5. Kat","Muğla / Ortaca / Cumhuriyet Mah.","https://www.hepsiemlak.com/_nuxt/8cafc93fb5c74c75e9e04e528e02ccdf.jpg","Can Emlak","WhatsApp","İsa
                  Çakır","https://www.hepsiemlak.com/_nuxt/img/no-image-user.6f6a83e.svg",""
"https://www.hepsiemlak.com/mugla-bodrum-yalikavak-kiralik/daire/169739-22","1 / 13","55.000","03/09/2026","Bodrum Yalıkavak Deniz Manzaralı 4+1 Aylık/yıllık Kiralik Daire","Kiralık Daire","4 + 1","110 m²","25 Yaşında","·","Kat","1. Kat","Muğla / Bodrum / Yalıkavak Mah.","https://www.hepsiemlak.com/_nuxt/8cafc93fb5c74c75e9e04e528e02ccdf.jpg","","WhatsApp","","",""
"https://www.hepsiemlak.com/mugla-datca-iskele-kiralik/daire/0-46939755","1 / 13","45.000","14/07/2026","Muhteşem Deniz Manzarası","Kiralık Daire","2 + 1","80 m²","5 Yaşında","·","Kat","1. Kat","Muğla / Datça / İskele Mah.","https://www.hepsiemlak.com/_nuxt/8cafc93fb5c74c75e9e04e528e02ccdf.jpg","","WhatsApp","","",""
"https://www.hepsiemlak.com/mugla-seydikemer-gerisburnu-kiralik/daire/150925-776","1 / 10","14.000","26/08/2026","Seydikemer Gerişburnu’nda Devlet Hastanesi’ne Çok Yakın 1+1 Kiralık Daire","Kiralık Daire","1 + 1","60 m²","7 Yaşında","·","Kat","Yüksek Giriş","Muğla / Seydikemer / Gerişburnu Mah.","https://www.hepsiemlak.com/_nuxt/8cafc93fb5c74c75e9e04e528e02ccdf.jpg","Uğur Emlak Seydikemer","WhatsApp","","","https://www.hepsiemlak.com/_nuxt/8cafc93fb5c74c75e9e04e528e02ccdf.jpg"
"https://www.hepsiemlak.com/mugla-milas-bogazici-kiralik/daire/170427-311","1 / 11","30.000","29/08/2026","Deniz Manzaralı Bahçe Katı Daire","Kiralık Daire","1 + 1","55 m²","4 Yaşında","·","Kat","Giriş Katı","Muğla / Milas / Boğaziçi Mah.","https://www.hepsiemlak.com/_nuxt/8cafc93fb5c74c75e9e04e528e02ccdf.jpg","Bodrum Zeytin Gayrimenkul Ticaret Anonim Şirketi","WhatsApp","","","https://www.hepsiemlak.com/_nuxt/8cafc93fb5c74c75e9e04e528e02ccdf.jpg"
"https://www.hepsiemlak.com/mugla-ortaca-beskopru-kiralik/daire/164433-184","1 / 7","25.000","12/08/2026","Ortaca Merkezde Ofis 360 Da Geniş 1+1 Kiralık Daire","Kiralık Daire","2 + 1","80 m²","3 Yaşında","·","Kat","2. Kat","Muğla / Ortaca / Beşköprü Mah.","https://www.hepsiemlak.com/_nuxt/8cafc93fb5c74c75e9e04e528e02ccdf.jpg","Emlak Dünyası Ortaca","WhatsApp","Fatma
                  Muslu","https://www.hepsiemlak.com/_nuxt/img/no-image-user.6f6a83e.svg","https://www.hepsiemlak.com/_nuxt/8cafc93fb5c74c75e9e04e528e02ccdf.jpg"
"https://www.hepsiemlak.com/mugla-fethiye-akarca-kiralik/villa/149021-71","1 / 25","110.000","31/08/2026","Turanlar Gruptan Kiralık Akarcada 4+1 Triplex Villa","Kiralık Villa","4 + 1","225 m²","2 Yaşında","·","Kat","","Muğla / Fethiye / Akarca Mah.","https://www.hepsiemlak.com/_nuxt/8cafc93fb5c74c75e9e04e528e02ccdf.jpg","Turanlar Grup","WhatsApp","","","https://www.hepsiemlak.com/_nuxt/8cafc93fb5c74c75e9e04e528e02ccdf.jpg"
"https://www.hepsiemlak.com/mugla-fethiye-akarca-kiralik/daire/141778-28","1 / 17","37.000","25/08/2026","Klralık Günlükbası Akarca Mh Konut 3+1 Dubleks","Kiralık Daire","3 + 1","130 m²","11 Yaşında","·","Kat","3. Kat","Muğla / Fethiye / Akarca Mah.","https://www.hepsiemlak.com/_nuxt/8cafc93fb5c74c75e9e04e528e02ccdf.jpg","","WhatsApp","","",""
"https://www.hepsiemlak.com/mugla-dalaman-sogutluyurt-kiralik/daire/158955-235","1 / 23","35.000","29/08/2026","Muğla Dalaman Havuzlu Site 2+1 Kiralık Daire","Kiralık Daire","2 + 1","100 m²","6 Yaşında","·","Kat","1. Kat","Muğla / Dalaman / Söğütlüyurt Mah.","https://www.hepsiemlak.com/_nuxt/8cafc93fb5c74c75e9e04e528e02ccdf.jpg","Golden Case Realty","WhatsApp","","","https://www.hepsiemlak.com/_nuxt/8cafc93fb5c74c75e9e04e528e02ccdf.jpg"
"https://www.hepsiemlak.com/mugla-bodrum-torba-kiralik/villa/35064-1968","1 / 30","125.000","24/08/2026","Torba Havuzlu Villa","Kiralık Villa","4 + 1","250 m²","15 Yaşında","·","Kat","","Muğla / Bodrum / Torba Mah.","https://www.hepsiemlak.com/_nuxt/8cafc93fb5c74c75e9e04e528e02ccdf.jpg","","WhatsApp","","",""
"https://www.hepsiemlak.com/mugla-dalaman-hurriyet-kiralik/daire/140221-400","1 / 17","25.000","22/08/2026","Lider Emlak*tan Kiralık Full Eşyalı 1+1","Kiralık Daire","1 + 1","60 m²","2 Yaşında","·","Kat","3. Kat","Muğla / Dalaman / Hürriyet Mah.","https://www.hepsiemlak.com/_nuxt/8cafc93fb5c74c75e9e04e528e02ccdf.jpg","Lider Emlak","WhatsApp","","","https://www.hepsiemlak.com/_nuxt/8cafc93fb5c74c75e9e04e528e02ccdf.jpg"
"https://www.hepsiemlak.com/mugla-seydikemer-zorlar-kiralik/villa/140573-2427","1 / 28","45.000","21/08/2026","Seydikemer Zorlar Uzun Dönem Kiralık 2+1 Müstakil Villa","Kiralık Villa","2 + 1","90 m²","1 Yaşında","·","Kat","Bahçe Katı","Muğla / Seydikemer / Zorlar Mah.","https://www.hepsiemlak.com/_nuxt/8cafc93fb5c74c75e9e04e528e02ccdf.jpg","Baran Emlak Fethiye","WhatsApp","Tahsin
                  Türün","https://www.hepsiemlak.com/_nuxt/8cafc93fb5c74c75e9e04e528e02ccdf.jpg","https://www.hepsiemlak.com/_nuxt/8cafc93fb5c74c75e9e04e528e02ccdf.jpg"
"https://www.hepsiemlak.com/mugla-ortaca-karaburun-kiralik/daire/139286-123","1 / 23","25.000","20/08/2026","Karaburunda 1+1 Eşyalı Arakat Daire Kiralıktır","Kiralık Daire","1 + 1","55 m²","2 Yaşında","·","Kat","1. Kat","Muğla / Ortaca / Karaburun Mah.","https://www.hepsiemlak.com/_nuxt/8cafc93fb5c74c75e9e04e528e02ccdf.jpg","Ortaca Emlak","WhatsApp","","","https://www.hepsiemlak.com/_nuxt/8cafc93fb5c74c75e9e04e528e02ccdf.jpg"
"https://www.hepsiemlak.com/mugla-ortaca-cayli-kiralik/mustakil-ev/110504-353","1 / 41","50.000","17/08/2026","Ortaca Çaylı' Da Doğa İçinde Müstakil Ev","Kiralık Müstakil Ev","4 + 1","150 m²","9 Yaşında","·","Kat","","Muğla / Ortaca / Çaylı Mah.","https://www.hepsiemlak.com/_nuxt/8cafc93fb5c74c75e9e04e528e02ccdf.jpg","Çınar Emlak","WhatsApp","","","https://www.hepsiemlak.com/_nuxt/8cafc93fb5c74c75e9e04e528e02ccdf.jpg"
"https://www.hepsiemlak.com/mugla-bodrum-eskicesme-kiralik/mustakil-ev/63618-2774","1 / 35","55.000","07/08/2026","Bodrum Eskiçeşme De Kiralık Eşyalı Müstakil Dubleks","Kiralık Müstakil Ev","2 + 1","95 m²","21 Yaşında","·","Kat","Bahçe Katı","Muğla / Bodrum / Eskiçeşme Mah.","https://www.hepsiemlak.com/_nuxt/8cafc93fb5c74c75e9e04e528e02ccdf.jpg","Yener Emlak","WhatsApp","Yener
                  Koçyiğit","https://www.hepsiemlak.com/_nuxt/8cafc93fb5c74c75e9e04e528e02ccdf.jpg","https://www.hepsiemlak.com/_nuxt/8cafc93fb5c74c75e9e04e528e02ccdf.jpg"
"https://www.hepsiemlak.com/mugla-fethiye-yeni-kiralik/villa/160235-152","1 / 16","65.000","13/08/2026","Fethiye Yeni Mh Mevki Müstakil Havuzlu Villa","Kiralık Villa","2 + 1","75 m²","1 Yaşında","·","Kat","Bahçe Katı","Muğla / Fethiye / Yeni Mah.","https://www.hepsiemlak.com/_nuxt/8cafc93fb5c74c75e9e04e528e02ccdf.jpg","Mirsu Gayrimenkul Fethıye","WhatsApp","Hasan
                  Pekdağlı","https://www.hepsiemlak.com/_nuxt/8cafc93fb5c74c75e9e04e528e02ccdf.jpg",""
"https://www.hepsiemlak.com/mugla-yatagan-yeni-kiralik/daire/147859-46","1 / 17","22.000","25/08/2026","🏡 Muğla Yatağan Yenimahalle'de Kiralık 3+1 Daire  Emlak Noktası Yatırım Ofisi Güvencesiyle,","Kiralık Daire","3 + 1","150 m²","7 Yaşında","·","Kat","Giriş Katı","Muğla / Yatağan / Yeni Mah.","","Emlak Noktası Yatırım Ofisi","WhatsApp","","https://hecdnnw.hemlak.com/mncropresize/77/67/logo/9/5/8/7/4/1/fcc6b377-5992-4281-9c6c-c118612469be.jpg",""
"https://www.hepsiemlak.com/mugla-bodrum-eskicesme-kiralik/daire/3463-2360","1 / 35","45.000","31/07/2026","Bodrum Marinada 1+1 Eşyalı Daire","Kiralık Daire","1 + 1","55 m²","11 Yaşında","·","Kat","1. Kat","Muğla / Bodrum / Eskiçeşme Mah.","","","WhatsApp","","",""
"https://www.hepsiemlak.com/mugla-dalaman-karacali-kiralik/daire/169365-28","1 / 16","25.000","07/08/2026","Dalaman Karaçalı'da Kiralık 2+1 Asansörlü Daire (80m²)","Kiralık Daire","2 + 1","100 m²","4 Yaşında","·","Kat","Ara Kat","Muğla / Dalaman / Karaçalı Mah.","https://hecdnnw.hemlak.com/mncropresize/77/67/logo/5/6/3/9/6/1/fc5d6775-992e-409a-8df8-8405875278f6.jpg","Liman Emlak","WhatsApp","","",""
"https://www.hepsiemlak.com/mugla-seydikemer-cumhuriyet-kiralik/daire/142649-312","1 / 15","18.000","01/08/2026","Seydikemerde Kiralık 2+1 Dubleks Daire","Kiralık Daire","2 + 1","95 m²","2 Yaşında","·","Kat","2. Kat","Muğla / Seydikemer / Cumhuriyet Mah.","https://hecdn01.hemlak.com/mncropresize/182/137/ds01/3/2/1/7/8/9/6/4/10413d89-68bb-435b-bb99-589555a3cc91.jpg","Hak Emlak","WhatsApp","Hüseyin
                  Akman","https://hecdnnw.hemlak.com/mncropresize/77/67/firmuser/8/1/9/6/3/0/4/ae7086ca-fc71-4e0b-86f6-0019736be3f8.jpg",""
"https://www.hepsiemlak.com/mugla-bodrum-koyunbaba-kiralik/daire/152393-19","1 / 19","140.000","18/08/2026","Bodtum Gümüşlükte Sezonda Kiralık 2+1 Bahçe Katı Daire","Kiralık Daire","2 + 1","200 m²","12 Yaşında","·","Kat","Bahçe Katı","Muğla / Bodrum / Koyunbaba Mah.","https://www.hepsiemlak.com/_nuxt/8cafc93fb5c74c75e9e04e528e02ccdf.jpg","","WhatsApp","","",""
"https://www.hepsiemlak.com/mugla-bodrum-golkoy-kiralik/mustakil-ev/146060-136","1 / 31","120.000","02/09/2026","Bodrum Gölköy De Kiralık Ortak Havuzlu Ev","Kiralık Müstakil Ev","3 + 1","130 m²","16 Yaşında","","","","Muğla / Bodrum / Gölköy Mah.","https://www.hepsiemlak.com/_nuxt/8cafc93fb5c74c75e9e04e528e02ccdf.jpg","Başak Emlak Bodrum","WhatsApp","","","https://www.hepsiemlak.com/_nuxt/8cafc93fb5c74c75e9e04e528e02ccdf.jpg"
"https://www.hepsiemlak.com/mugla-marmaris-turunc-kiralik/daire/153465-99","1 / 20","35.000","03/09/2026","Turunç'ta Denize 100 Metre Mesafede Eşyalı Kiralık Daire","Kiralık Daire","2 + 1","80 m²","16 Yaşında","·","Kat","1. Kat","Muğla / Marmaris / Turunç Mah.","https://www.hepsiemlak.com/_nuxt/8cafc93fb5c74c75e9e04e528e02ccdf.jpg","Ölmez Real Estate & Emlak Ofisi","WhatsApp","Emre
                  Ölmez","https://www.hepsiemlak.com/_nuxt/img/no-image-user.6f6a83e.svg","https://www.hepsiemlak.com/_nuxt/8cafc93fb5c74c75e9e04e528e02ccdf.jpg"
"https://www.hepsiemlak.com/mugla-dalaman-ege-kiralik/daire/145196-328","1 / 22","30.000","31/08/2026","Doga City Den 3+1 Eşyalı Havuzlu Kiralık","Kiralık Daire","3 + 1","130 m²","15 Yaşında","·","Kat","2. Kat","Muğla / Dalaman / Ege Mah.","https://www.hepsiemlak.com/_nuxt/8cafc93fb5c74c75e9e04e528e02ccdf.jpg","Doğa Cıty Emlak","WhatsApp","Doğa Cıty Emlak
                  Doğa Cıty Emlak","https://www.hepsiemlak.com/_nuxt/8cafc93fb5c74c75e9e04e528e02ccdf.jpg",""
"https://www.hepsiemlak.com/mugla-milas-haciabti-kiralik/daire/62045-1704","1 / 35","25.000","03/09/2026","Milas Hacıaptide Doğalgazlı Kiralık Daire","Kiralık Daire","2 + 1","85 m²","4 Yaşında","·","Kat","2. Kat","Muğla / Milas / Hacıabti Mah.","https://www.hepsiemlak.com/_nuxt/8cafc93fb5c74c75e9e04e528e02ccdf.jpg","","WhatsApp","","",""
"https://www.hepsiemlak.com/mugla-fethiye-yeni-kiralik/daire/135231-2909","1 / 20","22.000","03/09/2026","Stop’tan Yeni Mahalle’de Eşyalı Kiralık 2+1","Kiralık Daire","2 + 1","75 m²","5 Yaşında","·","Kat","2. Kat","Muğla / Fethiye / Yeni Mah.","https://www.hepsiemlak.com/_nuxt/8cafc93fb5c74c75e9e04e528e02ccdf.jpg","Stop Gayrimenkul","WhatsApp","","","https://www.hepsiemlak.com/_nuxt/8cafc93fb5c74c75e9e04e528e02ccdf.jpg"
"https://www.hepsiemlak.com/mugla-ortaca-karaburun-kiralik/daire/155994-106","1 / 29","26.000","07/08/2026","Karaburun Merkezi Konuma Yakın Kapalı Mutfak 2+1 Kiralık Daire","Kiralık Daire","2 + 1","110 m²","5 Yaşında","·","Kat","2. Kat","Muğla / Ortaca / Karaburun Mah.","https://www.hepsiemlak.com/_nuxt/8cafc93fb5c74c75e9e04e528e02ccdf.jpg","Artı Emlak","WhatsApp","Korhan
                  Aydın","https://www.hepsiemlak.com/_nuxt/8cafc93fb5c74c75e9e04e528e02ccdf.jpg","https://www.hepsiemlak.com/_nuxt/8cafc93fb5c74c75e9e04e528e02ccdf.jpg"
"https://www.hepsiemlak.com/mugla-ortaca-beskopru-kiralik/daire/159794-285","1 / 15","27.500","07/08/2026","Altın Emlak Havuzlu Nezih Sit 1+1 Eşyalı Kiralık Daire","Kiralık Daire","1 + 1","60 m²","2 Yaşında","·","Kat","3. Kat","Muğla / Ortaca / Beşköprü Mah.","https://www.hepsiemlak.com/_nuxt/8cafc93fb5c74c75e9e04e528e02ccdf.jpg","Altın Emlak.ortaca","WhatsApp","","","https://www.hepsiemlak.com/_nuxt/8cafc93fb5c74c75e9e04e528e02ccdf.jpg"
"https://www.hepsiemlak.com/mugla-marmaris-cildir-kiralik/residence/134247-41","1 / 35","90.000","31/08/2026","Gold Prestige'den Marmaris Çıldır Mh. Kiralık Eşyalı Rezidans","Kiralık Residence","2 + 1","110 m²","6 Yaşında","·","Kat","1. Kat","Muğla / Marmaris / Çıldır Mah.","https://www.hepsiemlak.com/_nuxt/8cafc93fb5c74c75e9e04e528e02ccdf.jpg","Gold Prestige Makro Kent","WhatsApp","","","https://www.hepsiemlak.com/_nuxt/8cafc93fb5c74c75e9e04e528e02ccdf.jpg"
"https://www.hepsiemlak.com/mugla-fethiye-tuzla-kiralik/daire/156302-405","1 / 20","32.000","01/09/2026","Tuzla Mahallesi'nde Ara Kat 3+1 Kiralık Daire","Kiralık Daire","3 + 1","130 m²","16 Yaşında","·","Kat","2. Kat","Muğla / Fethiye / Tuzla Mah.","https://www.hepsiemlak.com/_nuxt/8cafc93fb5c74c75e9e04e528e02ccdf.jpg","","WhatsApp","","",""
"https://www.hepsiemlak.com/mugla-milas-ismet-pasa-kiralik/daire/165164-82","1 / 35","50.000","04/09/2026","Novari'den Milas Kiralık Havuzlu Sitede Bahçeli Eşyalı Daire","Kiralık Daire","3 + 1","150 m²","2 Yaşında","·","Kat","2. Kat","Muğla / Milas / İsmet Paşa Mah.","https://www.hepsiemlak.com/_nuxt/8cafc93fb5c74c75e9e04e528e02ccdf.jpg","Novari Gayrimenkul","WhatsApp","Veli
                  Zorlu","https://www.hepsiemlak.com/_nuxt/8cafc93fb5c74c75e9e04e528e02ccdf.jpg","https://www.hepsiemlak.com/_nuxt/8cafc93fb5c74c75e9e04e528e02ccdf.jpg"
"https://www.hepsiemlak.com/mugla-fethiye-cumhuriyet-kiralik/daire/138314-916","1 / 21","55.000","20/08/2026","Fethiyenin Merkezinde Kiralık 2+1 Rezidans Daire (herşey Dahıl)","Kiralık Daire","2 + 1","90 m²","4 Yaşında","·","Kat","4. Kat","Muğla / Fethiye / Cumhuriyet Mah.","https://www.hepsiemlak.com/_nuxt/8cafc93fb5c74c75e9e04e528e02ccdf.jpg","Remax Badem 2","WhatsApp","","","https://www.hepsiemlak.com/_nuxt/8cafc93fb5c74c75e9e04e528e02ccdf.jpg"
"https://www.hepsiemlak.com/mugla-dalaman-altintas-kiralik/daire/142733-1385","1 / 27","22.000","25/08/2026","Mine Emlak'tan Full Eşyalı Kiralık 1+1 Daire","Kiralık Daire","1 + 1","65 m²","4 Yaşında","·","Kat","2. Kat","Muğla / Dalaman / Altıntas Mah.","https://www.hepsiemlak.com/_nuxt/8cafc93fb5c74c75e9e04e528e02ccdf.jpg","Mine Emlak","WhatsApp","","","https://www.hepsiemlak.com/_nuxt/8cafc93fb5c74c75e9e04e528e02ccdf.jpg"
"https://www.hepsiemlak.com/mugla-ortaca-cayli-kiralik/daire/165426-141","1 / 23","16.500","08/09/2026","Ortaca Çaylı Mah. Havuzlu Asansörlü Sitede 1+1 Kiralık Daire","Kiralık Daire","1 + 1","60 m²","Sıfır Bina","·","Kat","2. Kat","Muğla / Ortaca / Çaylı Mah.","https://www.hepsiemlak.com/_nuxt/8cafc93fb5c74c75e9e04e528e02ccdf.jpg","Dalya Ds Gayrimenkul","WhatsApp","Dilek
                  Tümenbey","https://www.hepsiemlak.com/_nuxt/8cafc93fb5c74c75e9e04e528e02ccdf.jpg","https://www.hepsiemlak.com/_nuxt/8cafc93fb5c74c75e9e04e528e02ccdf.jpg"
"https://www.hepsiemlak.com/mugla-bodrum-dirmil-kiralik/daire/163846-67","1 / 25","150.000","14/07/2026","Bodrum Dirmil Denize 200 Metre 2+1 Full Eşyalı Kiralık","Kiralık Daire","2 + 1","102 m²","12 Yaşında","·","Kat","Bahçe Katı","Muğla / Bodrum / Dirmil Mah.","https://www.hepsiemlak.com/_nuxt/8cafc93fb5c74c75e9e04e528e02ccdf.jpg","Aes Gayrimenkul","WhatsApp","","","https://www.hepsiemlak.com/_nuxt/8cafc93fb5c74c75e9e04e528e02ccdf.jpg"
"https://www.hepsiemlak.com/mugla-dalaman-altintas-kiralik/villa/163824-119","1 / 31","55.000","29/07/2026","Poyraz Emlak|kiralık Villa.Açıklamaya Lütfen Dikkat","Kiralık Villa","4 + 1","180 m²","11 Yaşında","·","Kat","Bahçe Katı","Muğla / Dalaman / Altıntas Mah.","https://www.hepsiemlak.com/_nuxt/8cafc93fb5c74c75e9e04e528e02ccdf.jpg","Poyraz Emlak","WhatsApp","Koray
                  Bütüner","https://www.hepsiemlak.com/_nuxt/img/no-image-user.6f6a83e.svg","https://www.hepsiemlak.com/_nuxt/8cafc93fb5c74c75e9e04e528e02ccdf.jpg"
"https://www.hepsiemlak.com/mugla-koycegiz-gelisim-kiralik/daire/113143-73","1 / 30","20.000","25/08/2026","Köyceğiz Gelişim De Kiralık Bahçeli Sıfır 1+1 Daire","Kiralık Daire","1 + 1","56 m²","Sıfır Bina","·","Kat","2. Kat","Muğla / Köyceğiz / Gelişim Mah.","https://www.hepsiemlak.com/_nuxt/8cafc93fb5c74c75e9e04e528e02ccdf.jpg","Varlıklı Emlak","WhatsApp","","","https://www.hepsiemlak.com/_nuxt/8cafc93fb5c74c75e9e04e528e02ccdf.jpg"
"https://www.hepsiemlak.com/mugla-dalaman-karacali-kiralik/daire/10402-11603","1 / 15","25.000","06/08/2026","Dalaman İnönü Caddesi'nde Kiralık 3+1 Dubleks Daire ,140 M²","Kiralık Daire","2 + 1","140 m²","11 Yaşında","·","Kat","3. Kat","Muğla / Dalaman / Karaçalı Mah.","https://www.hepsiemlak.com/_nuxt/8cafc93fb5c74c75e9e04e528e02ccdf.jpg","","WhatsApp","","",""
"https://www.hepsiemlak.com/mugla-mentese-emirbeyazit-kiralik/daire/0-47196135","1 / 12","35.000","26/08/2026","Emirbeyazıt Mahallesi Serger Apartmanı 3+1 Kiralık Daire Ercanlar Kırtasiye Üstü","Kiralık Daire","3 + 1","110 m²","20 Yaşında","·","Kat","En Üst Kat","Muğla / Menteşe / Emirbeyazıt Mah.","https://www.hepsiemlak.com/_nuxt/8cafc93fb5c74c75e9e04e528e02ccdf.jpg","","WhatsApp","","",""
"https://www.hepsiemlak.com/mugla-fethiye-yeni-kiralik/daire/0-47184941","1 / 12","27.000","04/09/2026","Sahibinden Esenköyde Sıfır Eşyalı 1+1","Kiralık Daire","1 + 1","70 m²","Sıfır Bina","·","Kat","Ara Kat","Muğla / Fethiye / Yeni Mah.","https://www.hepsiemlak.com/_nuxt/8cafc93fb5c74c75e9e04e528e02ccdf.jpg","","","","",""
"https://www.hepsiemlak.com/mugla-koycegiz-gelisim-kiralik/daire/134699-2348","1 / 12","24.000","01/08/2026","Köyceğiz Gelişim Mah. 3+1 Kiralık Daire","Kiralık Daire","3 + 1","155 m²","15 Yaşında","·","Kat","2. Kat","Muğla / Köyceğiz / Gelişim Mah.","","","WhatsApp","","",""
"https://www.hepsiemlak.com/mugla-ula-akyaka-kiralik/daire/163124-27","1 / 12","65.000","08/09/2026","Prestijli Bölgede Deniz Manzaralı Eşyalı 3+1","Kiralık Daire","3 + 1","110 m²","6 Yaşında","·","Kat","2. Kat","Muğla / Ula / Akyaka Mah.","https://hecdnnw.hemlak.com/mncropresize/77/67/logo/4/2/1/3/6/1/ea8ad325-e49e-4322-a325-0d755864216e.jpg","İmpera Gayrimenkul Ve Yatırım Danışmanlığı","WhatsApp","","",""
"https://www.hepsiemlak.com/mugla-milas-bogazici-kiralik/daire/28765-15886","1 / 27","130.000","10/08/2026","Bodrum Boğaziçi'nde Yazlık Kiralık 2+1 Bahçe Katı Daire","Kiralık Daire","2 + 1","95 m²","16 Yaşında","·","Kat","Bahçe Katı","Muğla / Milas / Boğaziçi Mah.","https://hecdnnw.hemlak.com/mncropresize/77/67/logo/5/6/7/8/2/0/58296d53-d3b6-485e-b2a1-6c0fc7f041b5.jpg","Coldwell Banker Artemis","WhatsApp","","",""
"https://www.hepsiemlak.com/mugla-mentese-karsiyaka-kiralik/daire/115758-1357","1 / 13","17.500","05/09/2026","Lider'den Muğla Menteşe Saburhane'de Kiralık 2+0 Yarı Bodrum Kat Daire","Kiralık Daire","2 + 1","65 m²","29 Yaşında","·","Kat","Yarı Bodrum","Muğla / Menteşe / Karşıyaka Mah.","https://hecdn01.hemlak.com/mncropresize/182/137/ds01/9/1/8/0/9/9/9/3/1671296953571-39990819.jpg","Lider Gayrimenkul","WhatsApp","","","https://hecdnnw.hemlak.com/mncropresize/77/67/logo/8/5/7/5/1/1/30168ecb-3343-4db9-be9a-9e93bdad7ed6.jpg"
"https://www.hepsiemlak.com/mugla-dalaman-hurriyet-kiralik/daire/92095-691","1 / 12","25.000","28/07/2026","Dalaman Aryana Emlaktan 2+1 Full Eşyalı Kiralık Daire","Kiralık Daire","2 + 1","85 m²","5 Yaşında","·","Kat","2. Kat","Muğla / Dalaman / Hürriyet Mah.","https://www.hepsiemlak.com/_nuxt/8cafc93fb5c74c75e9e04e528e02ccdf.jpg","Aryana Emlak","WhatsApp","","","https://www.hepsiemlak.com/_nuxt/8cafc93fb5c74c75e9e04e528e02ccdf.jpg"
"https://www.hepsiemlak.com/mugla-milas-gulluk-kiralik/residence/110753-728","1 / 33","43.000","29/08/2026","Güllük’te Havuzlu Sıte Içerısınde Kıralık 2 + 1 Eşyalı Dubleks","Kiralık Residence","2 + 1","100 m²","5 Yaşında","·","Kat","3. Kat","Muğla / Milas / Güllük Mah.","https://www.hepsiemlak.com/_nuxt/8cafc93fb5c74c75e9e04e528e02ccdf.jpg","","WhatsApp","","",""
"https://www.hepsiemlak.com/mugla-bodrum-akcaalan-kiralik/daire/28555-2630","1 / 22","90.000","24/08/2026","Sör Emlak'tan Akçaalan Mevki Firmalara Kiralık Personel Lojmanı","Kiralık Daire","7 + 7","160 m²","15 Yaşında","·","Kat","2. Kat","Muğla / Bodrum / Akçaalan Mah.","https://www.hepsiemlak.com/_nuxt/8cafc93fb5c74c75e9e04e528e02ccdf.jpg","Sör Emlak","WhatsApp","","","https://www.hepsiemlak.com/_nuxt/8cafc93fb5c74c75e9e04e528e02ccdf.jpg"
"https://www.hepsiemlak.com/mugla-milas-aydinlikevler-kiralik/daire/85840-911","1 / 27","30.000","22/08/2026","Muğla Milas Ataşehir Reziransta 3+1 Kiralık Daire Suat Yaşar Emlaktan","Kiralık Daire","3 + 1","140 m²","9 Yaşında","·","Kat","2. Kat","Muğla / Milas / Aydınlıkevler Mah.","https://www.hepsiemlak.com/_nuxt/8cafc93fb5c74c75e9e04e528e02ccdf.jpg","","WhatsApp","","",""
"https://www.hepsiemlak.com/mugla-dalaman-altintas-kiralik/daire/169509-15","1 / 14","23.000","02/09/2026","Muğla Dalaman Da Eşyalı 1+1 Daire Kiralık","Kiralık Daire","1 + 1","55 m²","16 Yaşında","·","Kat","Ara Kat","Muğla / Dalaman / Altıntas Mah.","https://www.hepsiemlak.com/_nuxt/8cafc93fb5c74c75e9e04e528e02ccdf.jpg","Nusens Global Ekinox Gayrimenkul","WhatsApp","","","https://www.hepsiemlak.com/_nuxt/8cafc93fb5c74c75e9e04e528e02ccdf.jpg"
"https://www.hepsiemlak.com/mugla-yatagan-yeni-kiralik/daire/166442-40","1 / 14","23.000","28/08/2026","Muğla Yatağan Yeni Mahalle’de 2+1 Sıfır Kiralık Daire","Kiralık Daire","2 + 1","94 m²","Sıfır Bina","·","Kat","1. Kat","Muğla / Yatağan / Yeni Mah.","https://www.hepsiemlak.com/_nuxt/8cafc93fb5c74c75e9e04e528e02ccdf.jpg","Süper Emlak","WhatsApp","","","https://www.hepsiemlak.com/_nuxt/8cafc93fb5c74c75e9e04e528e02ccdf.jpg"
"https://www.hepsiemlak.com/mugla-milas-gumusluk-kiralik/daire/165966-33","1 / 14","30.000","19/08/2026","Ekr| Çarşıda 3+1 Ebeveyn Banyolu Kapalı Mutfak Giyinme Odalı","Kiralık Daire","3 + 1","150 m²","4 Yaşında","·","Kat","2. Kat","Muğla / Milas / Gümüşlük Mah.","https://www.hepsiemlak.com/_nuxt/8cafc93fb5c74c75e9e04e528e02ccdf.jpg","","WhatsApp","","",""
"https://www.hepsiemlak.com/mugla-koycegiz-toparlar-kiralik/daire/167337-17","1 / 14","25.000","18/08/2026","Tokide 95 M² 2+1 Ebeveyn Banyolu, Panjurlu, Klimalı Daire","Kiralık Daire","2 + 1","95 m²","Sıfır Bina","·","Kat","En Üst Kat","Muğla / Köyceğiz / Toparlar Mah.","https://www.hepsiemlak.com/_nuxt/8cafc93fb5c74c75e9e04e528e02ccdf.jpg","Bayındır Emlak Gayrimenkul Danışmanlık","WhatsApp","","","https://www.hepsiemlak.com/_nuxt/8cafc93fb5c74c75e9e04e528e02ccdf.jpg"
"https://www.hepsiemlak.com/mugla-bodrum-gurece-kiralik/mustakil-ev/64802-7319","1 / 30","28.000","07/09/2026","Bodrum Gürece Müstakil Sessizsakin Kuşcıvıltılı Terapigibi Eşyalı Şirin Stüdyo (1+0)","Kiralık Müstakil Ev","Stüdyo","40 m²","6 Yaşında","·","Kat","","Muğla / Bodrum / Gürece Mah.","https://www.hepsiemlak.com/_nuxt/8cafc93fb5c74c75e9e04e528e02ccdf.jpg","Hedef Gayrimenkul","WhatsApp","","","https://www.hepsiemlak.com/_nuxt/8cafc93fb5c74c75e9e04e528e02ccdf.jpg"
"https://www.hepsiemlak.com/mugla-mentese-kotekli-kiralik/daire/128524-439","1 / 7","17.500","08/09/2026","Kötekli’de Kiralık 1+1 Daire","Kiralık Daire","1 + 1","45 m²","15 Yaşında","·","Kat","Bodrum","Muğla / Menteşe / Kötekli Mah.","https://www.hepsiemlak.com/_nuxt/8cafc93fb5c74c75e9e04e528e02ccdf.jpg","","WhatsApp","","",""
"https://www.hepsiemlak.com/mugla-fethiye-patlangic-kiralik/daire/148225-1657","1 / 25","27.000","31/08/2026","Goldhouse Dan Patlangıç Mahallesinde Kiralık Eşyalı 2+1","Kiralık Daire","2 + 1","75 m²","11 Yaşında","·","Kat","Ara Kat","Muğla / Fethiye / Patlangıç Mah.","https://www.hepsiemlak.com/_nuxt/8cafc93fb5c74c75e9e04e528e02ccdf.jpg","Gold House Gayrimenkul Danışmanlık","WhatsApp","","","https://www.hepsiemlak.com/_nuxt/8cafc93fb5c74c75e9e04e528e02ccdf.jpg"
"https://www.hepsiemlak.com/mugla-milas-bogazici-kiralik/villa/0-46992674","1 / 11","150.000","23/07/2026","Bodrum Adabükü Helis Resıdence Full Eşyalı Ve Deniz Manzaralı Trıpleks Villa","Kiralık Villa","3 + 1","170 m²","4 Yaşında","·","Kat","","Muğla / Milas / Boğaziçi Mah.","https://www.hepsiemlak.com/_nuxt/8cafc93fb5c74c75e9e04e528e02ccdf.jpg","","WhatsApp","","",""
"https://www.hepsiemlak.com/mugla-bodrum-dirmil-kiralik/daire/34401-12123","1 / 18","410.000","10/08/2026","Nef Reserve Yalıkavak Bodrum Denize Sıfır 2+1 Kiralık Daire","Kiralık Daire","2 + 1","110 m²","3 Yaşında","·","Kat","2. Kat","Muğla / Bodrum / Dirmil Mah.","https://www.hepsiemlak.com/_nuxt/8cafc93fb5c74c75e9e04e528e02ccdf.jpg","Net İstanbul Luxury","WhatsApp","","","https://www.hepsiemlak.com/_nuxt/8cafc93fb5c74c75e9e04e528e02ccdf.jpg"
"https://www.hepsiemlak.com/mugla-bodrum-yakakoy-kiralik/daire/128053-1379","1 / 6","55.000","10/09/2026","Bodrum Yaka 'da Kiralık 2+1 Eşyalı Bahçeli Daire","Kiralık Daire","2 + 1","70 m²","5 Yaşında","·","Kat","Giriş Katı","Muğla / Bodrum / Yakaköy Mah.","https://www.hepsiemlak.com/_nuxt/8cafc93fb5c74c75e9e04e528e02ccdf.jpg","Global İpek Yapı A.Ş","WhatsApp","Ramazan
                  İpek","https://www.hepsiemlak.com/_nuxt/8cafc93fb5c74c75e9e04e528e02ccdf.jpg","https://www.hepsiemlak.com/_nuxt/8cafc93fb5c74c75e9e04e528e02ccdf.jpg"
"https://www.hepsiemlak.com/mugla-marmaris-hisaronu-kiralik/daire/90448-2520","1 / 11","18.000","24/08/2026","Hısarönün'de Kiralık Daire","Kiralık Daire","1 + 1","60 m²","1 Yaşında","·","Kat","Bahçe Katı","Muğla / Marmaris / Hisarönü Mah.","https://www.hepsiemlak.com/_nuxt/8cafc93fb5c74c75e9e04e528e02ccdf.jpg","Realty World Yalı Gayrimenkul","WhatsApp","","","https://www.hepsiemlak.com/_nuxt/8cafc93fb5c74c75e9e04e528e02ccdf.jpg"
"https://www.hepsiemlak.com/mugla-datca-iskele-kiralik/daire/164440-30","1 / 13","40.000","03/08/2026","Quality Life'dan Datça Merkezde Yıllık Kiralık 2+1 Daire","Kiralık Daire","2 + 1","75 m²","6 Yaşında","·","Kat","Giriş Katı","Muğla / Datça / İskele Mah.","https://www.hepsiemlak.com/_nuxt/8cafc93fb5c74c75e9e04e528e02ccdf.jpg","Qality Life Gayrimenkul","WhatsApp","","","https://www.hepsiemlak.com/_nuxt/8cafc93fb5c74c75e9e04e528e02ccdf.jpg"
"https://www.hepsiemlak.com/mugla-bodrum-peksimet-kiralik/villa/147434-266","1 / 13","60.000","16/07/2026","Kadıkalesinde Denize 50mt.Ful Eşyalı 3+1 Dublex Villa.","Kiralık Villa","3 + 1","130 m²","21 Yaşında","·","Kat","Bahçe Katı","Muğla / Bodrum / Peksimet Mah.","https://www.hepsiemlak.com/_nuxt/8cafc93fb5c74c75e9e04e528e02ccdf.jpg","","WhatsApp","","",""
"https://www.hepsiemlak.com/mugla-marmaris-golenye-kiralik/daire/26388-6196","1 / 20","70.000","09/09/2026","Tt Emlaktan Marmaris İçmeler De Denize Yakın Havuzlu Eşyalı Manzaralı Kiralık 2+1 Dubleks Daire","Kiralık Daire","2 + 1","120 m²","15 Yaşında","·","Kat","1. Kat","Muğla / Marmaris / Gölenye Mah.","https://www.hepsiemlak.com/_nuxt/8cafc93fb5c74c75e9e04e528e02ccdf.jpg","Tt Emlak","WhatsApp","","","https://www.hepsiemlak.com/_nuxt/8cafc93fb5c74c75e9e04e528e02ccdf.jpg"
"https://www.hepsiemlak.com/mugla-mentese-gulagzi-kiralik/villa/114388-333","1 / 30","70.000","13/08/2026","Kiralık İki Adet Villa","Kiralık Villa","3 + 1","140 m²","1 Yaşında","·","Kat","","Muğla / Menteşe / Gülağzı Mah.","https://www.hepsiemlak.com/_nuxt/8cafc93fb5c74c75e9e04e528e02ccdf.jpg","Gülağzı Emlak Danışmanlık","WhatsApp","","","https://www.hepsiemlak.com/_nuxt/8cafc93fb5c74c75e9e04e528e02ccdf.jpg"
"https://www.hepsiemlak.com/mugla-fethiye-patlangic-kiralik/daire/98169-182","1 / 24","22.000","30/07/2026","Kiralık 3+1çati Kati Daire","Kiralık Daire","3 + 1","120 m²","9 Yaşında","·","Kat","Çatı Katı","Muğla / Fethiye / Patlangıç Mah.","https://www.hepsiemlak.com/_nuxt/8cafc93fb5c74c75e9e04e528e02ccdf.jpg","Fethiye Karel Emlak","WhatsApp","Ümmahan
                  Çelik","https://www.hepsiemlak.com/_nuxt/img/no-image-user.6f6a83e.svg",""
"https://www.hepsiemlak.com/mugla-bodrum-geris-kiralik/villa/110877-1612","1 / 23","100.000","07/08/2026","Bodrum Yalıkavak Geriş Denize Sıfır Yıllık Kiralık Havuzlu Plajlı Sitede Bahçeli Eşyalı Dublex Villa","Kiralık Villa","3 + 1","135 m²","12 Yaşında","·","Kat","","Muğla / Bodrum / Geriş Mah.","","Vısıon Bodrum","WhatsApp","","https://hecdnnw.hemlak.com/mncropresize/77/67/logo/7/7/8/0/1/1/16711a45-66d1-44b4-8df3-5a63004aef91.jpg",""
"https://www.hepsiemlak.com/mugla-marmaris-sogut-kiralik/mustakil-ev/104232-2172","1 / 16","55.000","12/08/2026","Söğüt'te """"deniz Manzaralı"""" Kiralık Müstakil Ev","Kiralık Müstakil Ev","2 + 1","70 m²","23 Yaşında","·","Kat","","Muğla / Marmaris / Söğüt Mah.","https://hecdnnw.hemlak.com/mncropresize/77/67/logo/2/3/2/4/0/1/6d1c6ac9-f9be-4263-ba53-c14390247214.jpg","Vefa Gayrimenkul","WhatsApp","","",""
"https://www.hepsiemlak.com/mugla-yatagan-eskihisar-kiralik/mustakil-ev/0-47210174","1 / 10","12.000","29/08/2026","Eskihisar Mah'de Mütakil Bahçeli Kiralık Ev","Kiralık Müstakil Ev","3 + 1","120 m²","25 Yaşında","·","Kat","","Muğla / Yatağan / Eskihisar Mah.","","","WhatsApp","","",""
"https://www.hepsiemlak.com/mugla-mentese-emirbeyazit-kiralik/daire/0-47145700","1 / 10","18.000","01/09/2026","Zeybek Apart 1 + 0 Daire (atatürk Heykeli) (faturalar Dahildir)","Kiralık Daire","Stüdyo","33 m²","7 Yaşında","·","Kat","2. Kat","Muğla / Menteşe / Emirbeyazıt Mah.","https://hecdn01.hemlak.com/mncropresize/182/137/ds01/0/0/7/5/4/1/7/4/ti911hMJlWh-nYAQDKx-9.jpg","","","","",""
"https://www.hepsiemlak.com/mugla-ortaca-beskopru-kiralik/daire/141234-85","1 / 10","23.000","14/08/2026","Muğla Ortaca Merkezde Kiralık İşyeri","Kiralık Daire","1 + 1","55 m²","4 Yaşında","·","Kat","4. Kat","Muğla / Ortaca / Beşköprü Mah.","https://www.hepsiemlak.com/_nuxt/8cafc93fb5c74c75e9e04e528e02ccdf.jpg","","WhatsApp","","",""
"https://www.hepsiemlak.com/mugla-bodrum-dirmil-kiralik/daire/0-47112308","1 / 10","35.000","21/08/2026","Yalıkavak Full Eşyalı","Kiralık Daire","3 + 1","110 m²","15 Yaşında","·","Kat","Villa Katı","Muğla / Bodrum / Dirmil Mah.","https://www.hepsiemlak.com/_nuxt/8cafc93fb5c74c75e9e04e528e02ccdf.jpg","","WhatsApp","","",""
"https://www.hepsiemlak.com/mugla-milas-meselik-kiralik/daire/163285-29","1 / 10","30.000","23/08/2026","Bodrum Güvercinlik Kuyucak'da Kiralık 2+1 Daire.","Kiralık Daire","2 + 1","65 m²","10 Yaşında","·","Kat","Ara Kat","Muğla / Milas / Meşelik Mah.","https://www.hepsiemlak.com/_nuxt/8cafc93fb5c74c75e9e04e528e02ccdf.jpg","","WhatsApp","","",""
"https://www.hepsiemlak.com/mugla-marmaris-camiavlu-kiralik/daire/169392-56","1 / 15","75.000","07/09/2026","Marmaris'in Prestijli Sitesinde Kiralık","Kiralık Daire","3 + 1","150 m²","16 Yaşında","·","Kat","2. Kat","Muğla / Marmaris / Camiavlu Mah.","https://www.hepsiemlak.com/_nuxt/8cafc93fb5c74c75e9e04e528e02ccdf.jpg","Atiker İnvestment Emlak","WhatsApp","Nazlı
                  Atiker","https://www.hepsiemlak.com/_nuxt/img/no-image-user.6f6a83e.svg","https://www.hepsiemlak.com/img/loadings/noImage55-55.png"
"https://www.hepsiemlak.com/mugla-bodrum-mumcular-kiralik/daire/140273-373","1 / 15","38.000","27/08/2026","Mumcular Da Eşyalı Kiralık 2+1 Daire","Kiralık Daire","2 + 1","90 m²","4 Yaşında","·","Kat","3. Kat","Muğla / Bodrum / Mumcular Mah.","https://www.hepsiemlak.com/_nuxt/8cafc93fb5c74c75e9e04e528e02ccdf.jpg","Eylül Emlak","WhatsApp","","","https://www.hepsiemlak.com/img/loadings/noImage55-55.png"
"https://www.hepsiemlak.com/mugla-seydikemer-belen-kiralik/daire/160296-83","1 / 18","18.000","29/08/2026","Seydikemer Belen Mah.2+1 Kiralık Daire","Kiralık Daire","2 + 1","80 m²","Sıfır Bina","·","Kat","1. Kat","Muğla / Seydikemer / Belen Mah.","https://www.hepsiemlak.com/_nuxt/8cafc93fb5c74c75e9e04e528e02ccdf.jpg","Cahit Güven Gayrimenkul Yatırım Ve Danışmanlık","WhatsApp","Cahit
                  Güven","https://www.hepsiemlak.com/_nuxt/img/no-image-user.6f6a83e.svg",""
"https://www.hepsiemlak.com/mugla-bodrum-torba-kiralik/villa/153968-276","1 / 15","80.000","26/08/2026","Bodrum Torba Kiralık Villa","Kiralık Villa","4 + 1","155 m²","15 Yaşında","·","Kat","","Muğla / Bodrum / Torba Mah.","https://www.hepsiemlak.com/_nuxt/8cafc93fb5c74c75e9e04e528e02ccdf.jpg","Century21 Trio","WhatsApp","","","https://www.hepsiemlak.com/_nuxt/8cafc93fb5c74c75e9e04e528e02ccdf.jpg"
"https://www.hepsiemlak.com/mugla-mentese-karamehmet-kiralik/daire/164254-174","1 / 18","40.000","09/09/2026","Muğla Merkez'de Kiralık Daire","Kiralık Daire","3 + 1","150 m²","11 Yaşında","·","Kat","2. Kat","Muğla / Menteşe / Karamehmet Mah.","https://www.hepsiemlak.com/_nuxt/8cafc93fb5c74c75e9e04e528e02ccdf.jpg","Muğla Yatırım Ofisi","WhatsApp","","","https://www.hepsiemlak.com/_nuxt/8cafc93fb5c74c75e9e04e528e02ccdf.jpg"
"https://www.hepsiemlak.com/mugla-fethiye-patlangic-kiralik/daire/140573-2414","1 / 25","32.000","12/08/2026","Fethiye Patlangıçta Full Eşyalı 2+1 Kiralık Daire","Kiralık Daire","2 + 1","110 m²","11 Yaşında","·","Kat","Giriş Katı","Muğla / Fethiye / Patlangıç Mah.","https://www.hepsiemlak.com/_nuxt/8cafc93fb5c74c75e9e04e528e02ccdf.jpg","Baran Emlak Fethiye","WhatsApp","Tahsin
                  Türün","https://www.hepsiemlak.com/_nuxt/8cafc93fb5c74c75e9e04e528e02ccdf.jpg","https://www.hepsiemlak.com/_nuxt/8cafc93fb5c74c75e9e04e528e02ccdf.jpg"
"https://www.hepsiemlak.com/mugla-milas-gunes-kiralik/daire/164974-449","1 / 19","24.000","08/09/2026","Milas Güneş Mahallesi'nde Site İçerisinde Kiralık Daire","Kiralık Daire","2 + 1","85 m²","4 Yaşında","·","Kat","3. Kat","Muğla / Milas / Güneş Mah.","https://www.hepsiemlak.com/_nuxt/8cafc93fb5c74c75e9e04e528e02ccdf.jpg","Harmaya Gayrimenkul","WhatsApp","","","https://www.hepsiemlak.com/_nuxt/8cafc93fb5c74c75e9e04e528e02ccdf.jpg"
"https://www.hepsiemlak.com/mugla-bodrum-gurece-kiralik/mustakil-ev/63618-2772","1 / 35","170.000","04/09/2026","Bodrum Gürece De Kiralık Müstakil Deniz Manzaralı 4 Odalı Villa","Kiralık Müstakil Ev","4 + 2","380 m²","6 Yaşında","","","","Muğla / Bodrum / Gürece Mah.","https://www.hepsiemlak.com/_nuxt/8cafc93fb5c74c75e9e04e528e02ccdf.jpg","Yener Emlak","WhatsApp","Yener
                  Koçyiğit","https://www.hepsiemlak.com/_nuxt/8cafc93fb5c74c75e9e04e528e02ccdf.jpg","https://www.hepsiemlak.com/_nuxt/8cafc93fb5c74c75e9e04e528e02ccdf.jpg"
"https://www.hepsiemlak.com/mugla-bodrum-cumhuriyet-kiralik/mustakil-ev/17216-4089","1 / 35","55.000","24/07/2026","O Asis Yakını Kale Konut Sitesinde Deniz Manzaralı Dubleks","Kiralık Müstakil Ev","2 + 1","120 m²","26 Yaşında","·","Kat","Bahçe Katı","Muğla / Bodrum / Cumhuriyet Mah.","https://www.hepsiemlak.com/_nuxt/8cafc93fb5c74c75e9e04e528e02ccdf.jpg","Amerıcana Realty Zemlak","WhatsApp","Uzay
                  Merttürk","https://www.hepsiemlak.com/_nuxt/8cafc93fb5c74c75e9e04e528e02ccdf.jpg","https://www.hepsiemlak.com/_nuxt/8cafc93fb5c74c75e9e04e528e02ccdf.jpg"
"https://www.hepsiemlak.com/mugla-bodrum-cirkan-kiralik/villa/166435-69","1 / 20","100.000","10/08/2026","Bodrum Konacıkta Kiralık 3+1 Villa","Kiralık Villa","3 + 1","185 m²","6 Yaşında","·","Kat","Bahçe Katı","Muğla / Bodrum / Çırkan Mah.","https://www.hepsiemlak.com/_nuxt/8cafc93fb5c74c75e9e04e528e02ccdf.jpg","Delal Kılıç İnvest","WhatsApp","","","https://www.hepsiemlak.com/_nuxt/8cafc93fb5c74c75e9e04e528e02ccdf.jpg"
"https://www.hepsiemlak.com/mugla-marmaris-turunc-kiralik/daire/153465-61","1 / 51","540.000","26/08/2026","''ölmez Emlak'tan'' Turunç'ta Uzun Dönem Kiralık Dubleks Daire.","Kiralık Daire","5 + 1","210 m²","16 Yaşında","·","Kat","1. Kat","Muğla / Marmaris / Turunç Mah.","https://www.hepsiemlak.com/_nuxt/8cafc93fb5c74c75e9e04e528e02ccdf.jpg","Ölmez Real Estate & Emlak Ofisi","WhatsApp","Emre
                  Ölmez","https://www.hepsiemlak.com/_nuxt/img/no-image-user.6f6a83e.svg","https://www.hepsiemlak.com/_nuxt/8cafc93fb5c74c75e9e04e528e02ccdf.jpg"
"https://www.hepsiemlak.com/mugla-bodrum-mumcular-kiralik/daire/140850-396","1 / 29","23.000","03/09/2026","Çınar Emlak'tan Müstakil Bahçeli 2+1 Kiralık Daire","Kiralık Daire","2 + 1","65 m²","5 Yaşında","·","Kat","Bahçe Katı","Muğla / Bodrum / Mumcular Mah.","https://www.hepsiemlak.com/_nuxt/8cafc93fb5c74c75e9e04e528e02ccdf.jpg","","WhatsApp","","",""
"https://www.hepsiemlak.com/mugla-fethiye-camkoy-kiralik/villa/135231-2898","1 / 60","50.000","21/08/2026","Stop’tan Çamköy’de Havuzlu Site İçerisinde 4+1 Kiralık Villa","Kiralık Villa","4 + 1","140 m²","1 Yaşında","·","Kat","1. Kat","Muğla / Fethiye / Çamköy Mah.","https://www.hepsiemlak.com/_nuxt/8cafc93fb5c74c75e9e04e528e02ccdf.jpg","Stop Gayrimenkul","WhatsApp","","","https://www.hepsiemlak.com/_nuxt/8cafc93fb5c74c75e9e04e528e02ccdf.jpg"
"https://www.hepsiemlak.com/mugla-datca-iskele-kiralik/mustakil-ev/18454-772","1 / 45","50.000","21/08/2026","Datça İskele Teraslı Müstakil Bahçeli 3+1 Kiralık İkiz Dubleks","Kiralık Müstakil Ev","3 + 1","220 m²","31 Yaşında","·","Kat","Bahçe Katı","Muğla / Datça / İskele Mah.","https://www.hepsiemlak.com/_nuxt/8cafc93fb5c74c75e9e04e528e02ccdf.jpg","Canbey Emlak Datça","WhatsApp","","","https://www.hepsiemlak.com/_nuxt/8cafc93fb5c74c75e9e04e528e02ccdf.jpg"
"https://www.hepsiemlak.com/mugla-dalaman-sogutluyurt-kiralik/daire/146387-862","1 / 15","27.000","29/08/2026","Airport Emlaktan Söğütlüyurt 2+1 Eşyalı Havuzlu Kiralık Daire !","Kiralık Daire","2 + 1","100 m²","3 Yaşında","·","Kat","Yüksek Giriş","Muğla / Dalaman / Söğütlüyurt Mah.","https://www.hepsiemlak.com/_nuxt/8cafc93fb5c74c75e9e04e528e02ccdf.jpg","Dalaman Aırport Emlak","WhatsApp","","","https://www.hepsiemlak.com/_nuxt/8cafc93fb5c74c75e9e04e528e02ccdf.jpg"
"https://www.hepsiemlak.com/mugla-bodrum-yahsi-kiralik/villa/135522-508","1 / 33","70.000","05/09/2026","Yahşide Yıllık Kiralık Eşyasız Villa","Kiralık Villa","3 + 1","170 m²","4 Yaşında","·","Kat","","Muğla / Bodrum / Yahşi Mah.","https://www.hepsiemlak.com/_nuxt/8cafc93fb5c74c75e9e04e528e02ccdf.jpg","Yükselen Gayrimenkul","WhatsApp","","","https://www.hepsiemlak.com/_nuxt/8cafc93fb5c74c75e9e04e528e02ccdf.jpg"
"https://www.hepsiemlak.com/mugla-dalaman-merkez-kiralik/daire/159794-267","1 / 26","35.000","27/08/2026","Dalaman Hürriyet Mah. 3+1 Kapalı Mutfak Kiralık Daire","Kiralık Daire","3 + 1","170 m²","6 Yaşında","·","Kat","Ara Kat","Muğla / Dalaman / Merkez Mah.","https://www.hepsiemlak.com/_nuxt/8cafc93fb5c74c75e9e04e528e02ccdf.jpg","Altın Emlak.ortaca","WhatsApp","","","https://www.hepsiemlak.com/_nuxt/8cafc93fb5c74c75e9e04e528e02ccdf.jpg"
"https://www.hepsiemlak.com/mugla-fethiye-babatasi-kiralik/daire/156302-397","1 / 17","23.000","14/08/2026","Babataşı Mahallesi'nde 1+1 Kiralık Daire","Kiralık Daire","1 + 1","90 m²","21 Yaşında","·","Kat","Çatı Katı","Muğla / Fethiye / Babataşı Mah.","","","WhatsApp","","",""
"https://www.hepsiemlak.com/mugla-bodrum-akyarlar-kiralik/villa/163846-65","1 / 22","150.000","22/07/2026","Bodrum Akyarlar'da Mimoza Sitesinde 4+2 Konak Mimarili","Kiralık Villa","4 + 2","225 m²","6 Yaşında","·","Kat","Bahçe Katı","Muğla / Bodrum / Akyarlar Mah.","https://hecdnnw.hemlak.com/mncropresize/77/67/logo/6/4/8/3/6/1/43ce069b-aa30-4ac6-ab5d-005056998f6a.jpg","Aes Gayrimenkul","WhatsApp","","",""
"https://www.hepsiemlak.com/mugla-bodrum-eskicesme-kiralik/daire/138060-516","1 / 15","30.000","22/08/2026","Bodrum Marina Yıllık Kiralık Eşyalı Modern Daire","Kiralık Daire","1 + 1","55 m²","8 Yaşında","·","Kat","Giriş Katı","Muğla / Bodrum / Eskiçeşme Mah.","https://hecdnnw.hemlak.com/mncropresize/77/67/logo/0/6/0/8/3/1/02ed33ca-4255-468e-aef6-9b6e3c13cabe.jpg","Bodrum’da Fırsat Gayrimenkul Danışmanlığı","WhatsApp","","",""
"https://www.hepsiemlak.com/mugla-ortaca-cumhuriyet-kiralik/daire/165426-113","1 / 38","30.000","20/08/2026","Ortaca Cumhuriyet'te Yeni 3+1 Geniş Kiralık Daire","Kiralık Daire","3 + 1","140 m²","Sıfır Bina","·","Kat","Yüksek Giriş","Muğla / Ortaca / Cumhuriyet Mah.","https://hecdn01.hemlak.com/mncropresize/182/137/ds01/6/1/0/3/3/6/6/4/1425a9b3-16bd-48ed-bc3d-8011555aae1b.jpg","Dalya Ds Gayrimenkul","WhatsApp","Dilek
                  Tümenbey","https://hecdnnw.hemlak.com/mncropresize/77/67/firmuser/1/1/6/6/1/6/4/bc7fc4c1-f9e4-497f-a4fd-1246c3612306.jpg","https://hecdnnw.hemlak.com/mncropresize/77/67/logo/6/2/4/5/6/1/21d149c4-be95-46f7-a236-2cc25b1cbd5c.jpg"
"https://www.hepsiemlak.com/mugla-ortaca-mergenli-kiralik/mustakil-ev/163824-92","1 / 50","39.000","01/09/2026","Poyraz Emlak|müstakil Köy Evi Kısa Dönem Kiralık Eşyalı 3+1","Kiralık Müstakil Ev","3 + 1","120 m²","4 Yaşında","","","","Muğla / Ortaca / Mergenli Mah.","https://www.hepsiemlak.com/_nuxt/8cafc93fb5c74c75e9e04e528e02ccdf.jpg","Poyraz Emlak","WhatsApp","Koray
                  Bütüner","https://www.hepsiemlak.com/_nuxt/img/no-image-user.6f6a83e.svg","https://www.hepsiemlak.com/_nuxt/8cafc93fb5c74c75e9e04e528e02ccdf.jpg"
"https://www.hepsiemlak.com/mugla-ortaca-cumhuriyet-kiralik/daire/170180-46","1 / 12","18.000","31/08/2026","İnvest48 Gayrimenkulden Eşyalı Kiralık 1+1 Daire","Kiralık Daire","1 + 1","85 m²","16 Yaşında","·","Kat","Yüksek Giriş","Muğla / Ortaca / Cumhuriyet Mah.","https://www.hepsiemlak.com/_nuxt/8cafc93fb5c74c75e9e04e528e02ccdf.jpg","İnvest 48 Gayrimenkul","WhatsApp","Ferhat
                  Irmak","https://www.hepsiemlak.com/_nuxt/8cafc93fb5c74c75e9e04e528e02ccdf.jpg","https://www.hepsiemlak.com/_nuxt/8cafc93fb5c74c75e9e04e528e02ccdf.jpg"
"https://www.hepsiemlak.com/mugla-ortaca-guzelyurt-kiralik/daire/161479-24","1 / 12","20.000","22/08/2026","Güzelyurt'ta Kiralık 2+1","Kiralık Daire","2 + 1","120 m²","11 Yaşında","·","Kat","Yüksek Giriş","Muğla / Ortaca / Güzelyurt Mah.","https://www.hepsiemlak.com/_nuxt/8cafc93fb5c74c75e9e04e528e02ccdf.jpg","Can Emlak","WhatsApp","İsa
                  Çakır","https://www.hepsiemlak.com/_nuxt/img/no-image-user.6f6a83e.svg",""
"https://www.hepsiemlak.com/mugla-bodrum-gurece-kiralik/daire/164640-69","1 / 12","30.000","03/09/2026","Bodrum Gürece 1 +1 Giris Katı Yıllık Kiralık","Kiralık Daire","1 + 1","55 m²","6 Yaşında","·","Kat","Giriş Katı","Muğla / Bodrum / Gürece Mah.","https://www.hepsiemlak.com/_nuxt/8cafc93fb5c74c75e9e04e528e02ccdf.jpg","","WhatsApp","","",""
"https://www.hepsiemlak.com/mugla-datca-iskele-kiralik/daire/162432-357","1 / 9","33.000","27/08/2026","Startkey Pelit Merkezde Kiralık Daire","Kiralık Daire","1 + 1","60 m²","6 Yaşında","·","Kat","3. Kat","Muğla / Datça / İskele Mah.","https://www.hepsiemlak.com/_nuxt/8cafc93fb5c74c75e9e04e528e02ccdf.jpg","Startkey Pelit Gayrimenkul","WhatsApp","","","https://www.hepsiemlak.com/_nuxt/8cafc93fb5c74c75e9e04e528e02ccdf.jpg"
"https://www.hepsiemlak.com/mugla-fethiye-pazaryeri-kiralik/daire/97683-1410","1 / 28","25.000","17/08/2026","Fethiye Pazaryeri Mah.De İlkon'dan Kiralık 2+1 Eşyasız Daire","Kiralık Daire","2 + 1","90 m²","11 Yaşında","·","Kat","Çatı Katı","Muğla / Fethiye / Pazaryeri Mah.","https://www.hepsiemlak.com/_nuxt/8cafc93fb5c74c75e9e04e528e02ccdf.jpg","İlkon Gayrimenkul","WhatsApp","","","https://www.hepsiemlak.com/_nuxt/8cafc93fb5c74c75e9e04e528e02ccdf.jpg"
"https://www.hepsiemlak.com/mugla-dalaman-atakent-kiralik/residence/166999-95","1 / 9","25.000","28/08/2026","Muğla Dalaman Rezidans'ta 1+1 Kiralık","Kiralık Residence","1 + 1","56 m²","5 Yaşında","·","Kat","1. Kat","Muğla / Dalaman / Atakent Mah.","https://www.hepsiemlak.com/_nuxt/8cafc93fb5c74c75e9e04e528e02ccdf.jpg","Turyap Dalaman","WhatsApp","","","https://www.hepsiemlak.com/_nuxt/8cafc93fb5c74c75e9e04e528e02ccdf.jpg"
"https://www.hepsiemlak.com/mugla-mentese-kotekli-kiralik/daire/0-47183084","1 / 9","20.000","08/09/2026","Sahibinden Kiralık Eşyalı Çatı Katı","Kiralık Daire","1 + 1","45 m²","11 Yaşında","·","Kat","Çatı Katı","Muğla / Menteşe / Kötekli Mah.","https://www.hepsiemlak.com/_nuxt/8cafc93fb5c74c75e9e04e528e02ccdf.jpg","","WhatsApp","","",""
"https://www.hepsiemlak.com/mugla-bodrum-yenikoy-kiralik/daire/165793-37","1 / 11","50.000","19/08/2026","Bodrum Merkezde Kiralık Geniş 3+1","Kiralık Daire","3 + 1","150 m²","8 Yaşında","·","Kat","Villa Katı","Muğla / Bodrum / Yeniköy Mah.","https://www.hepsiemlak.com/_nuxt/8cafc93fb5c74c75e9e04e528e02ccdf.jpg","","WhatsApp","","",""
"https://www.hepsiemlak.com/mugla-bodrum-dirmil-kiralik/daire/49919-1622","1 / 26","420.000","24/08/2026","Nef Yalıkavak Kiralık 2+1 Deniz Manzaralı Rezidans","Kiralık Daire","2 + 1","90 m²","5 Yaşında","·","Kat","2. Kat","Muğla / Bodrum / Dirmil Mah.","https://www.hepsiemlak.com/_nuxt/8cafc93fb5c74c75e9e04e528e02ccdf.jpg","","WhatsApp","","",""
"https://www.hepsiemlak.com/mugla-fethiye-babatasi-kiralik/daire/148225-1656","1 / 21","37.500","31/08/2026","Goldhouse Dan Babataşında  Kiralık  2+1 Daire","Kiralık Daire","2 + 1","110 m²","11 Yaşında","·","Kat","Çatı Katı","Muğla / Fethiye / Babataşı Mah.","https://www.hepsiemlak.com/_nuxt/8cafc93fb5c74c75e9e04e528e02ccdf.jpg","Gold House Gayrimenkul Danışmanlık","WhatsApp","","","https://www.hepsiemlak.com/_nuxt/8cafc93fb5c74c75e9e04e528e02ccdf.jpg"
"https://www.hepsiemlak.com/mugla-dalaman-altintas-kiralik/daire/117249-477","1 / 16","30.000","03/08/2026","Ata Gayrimenkulden Havuzlu Sitede Ara Kat 2+1 Daire Kiralık","Kiralık Daire","2 + 1","85 m²","5 Yaşında","·","Kat","2. Kat","Muğla / Dalaman / Altıntas Mah.","https://www.hepsiemlak.com/_nuxt/8cafc93fb5c74c75e9e04e528e02ccdf.jpg","Ata Gayrimenkul","WhatsApp","","","https://www.hepsiemlak.com/_nuxt/8cafc93fb5c74c75e9e04e528e02ccdf.jpg"
"https://www.hepsiemlak.com/mugla-fethiye-yeni-kiralik/daire/160877-42","1 / 11","25.000","03/09/2026","Yenimahalle 1+1 Eşyali Daire","Kiralık Daire","1 + 1","55 m²","5 Yaşında","·","Kat","Bahçe Katı","Muğla / Fethiye / Yeni Mah.","https://www.hepsiemlak.com/_nuxt/8cafc93fb5c74c75e9e04e528e02ccdf.jpg","","WhatsApp","","",""
"https://www.hepsiemlak.com/mugla-dalaman-bezkese-kiralik/villa/10402-11601","1 / 12","40.000","31/07/2026","Cesur Emlak'tan Kiralık Eşyalı 2+1 110m2 Teras Dublex","Kiralık Villa","2 + 1","110 m²","1 Yaşında","·","Kat","Bahçe Katı","Muğla / Dalaman / Bezkese Mah.","https://www.hepsiemlak.com/_nuxt/8cafc93fb5c74c75e9e04e528e02ccdf.jpg","","WhatsApp","","",""
"https://www.hepsiemlak.com/mugla-bodrum-yalikavak-kiralik/daire/56203-4913","1 / 18","150.000","09/09/2026","Bodrum Yalıkavakta Site İçinde Yazlık Kiralık Daireler","Kiralık Daire","2 + 1","80 m²","11 Yaşında","·","Kat","Giriş Katı","Muğla / Bodrum / Yalıkavak Mah.","https://www.hepsiemlak.com/_nuxt/8cafc93fb5c74c75e9e04e528e02ccdf.jpg","Yalıhan Emlak","WhatsApp","","","https://www.hepsiemlak.com/_nuxt/8cafc93fb5c74c75e9e04e528e02ccdf.jpg"
"https://www.hepsiemlak.com/mugla-ortaca-yerbelen-kiralik/daire/142733-1392","1 / 13","15.000","19/08/2026","Mine Emlaktan Kiralık Bahçeli Nizam Ve Otoparklı Daire","Kiralık Daire","1 + 1","51 m²","Sıfır Bina","·","Kat","2. Kat","Muğla / Ortaca / Yerbelen Mah.","https://www.hepsiemlak.com/_nuxt/8cafc93fb5c74c75e9e04e528e02ccdf.jpg","Mine Emlak","WhatsApp","","","https://www.hepsiemlak.com/_nuxt/8cafc93fb5c74c75e9e04e528e02ccdf.jpg"
"https://www.hepsiemlak.com/mugla-bodrum-karabag-kiralik/daire/82628-1128","1 / 26","40.000","19/08/2026","Fc Group Bodrum Kiralık Havuzlu Site İçi Bahçe Katı Daire","Kiralık Daire","3 + 1","90 m²","21 Yaşında","·","Kat","Bahçe Katı","Muğla / Bodrum / Karabağ Mah.","https://www.hepsiemlak.com/_nuxt/8cafc93fb5c74c75e9e04e528e02ccdf.jpg","Fc Group","WhatsApp","","","https://www.hepsiemlak.com/_nuxt/8cafc93fb5c74c75e9e04e528e02ccdf.jpg"
"https://www.hepsiemlak.com/mugla-milas-haci-ilyas-kiralik/daire/165966-34","1 / 13","30.000","24/08/2026","Ekr| Çarşıda 3+1 Ebeveyn Banyolu Kapalı Mutfak Kiralık Daire","Kiralık Daire","3 + 1","135 m²","4 Yaşında","·","Kat","2. Kat","Muğla / Milas / Hacı İlyas Mah.","https://www.hepsiemlak.com/_nuxt/8cafc93fb5c74c75e9e04e528e02ccdf.jpg","","WhatsApp","","",""
"https://www.hepsiemlak.com/mugla-ula-gokova-kiralik/daire/170526-3","1 / 13","30.000","03/08/2026","Gökova Merkezde 1+1 Eşyalı Kiralık Daire","Kiralık Daire","1 + 1","55 m²","10 Yaşında","·","Kat","2. Kat","Muğla / Ula / Gökova Mah.","https://www.hepsiemlak.com/_nuxt/8cafc93fb5c74c75e9e04e528e02ccdf.jpg","","WhatsApp","","",""
"https://www.hepsiemlak.com/mugla-bodrum-golkoy-kiralik/villa/34401-12174","1 / 17","1.550.000","31/07/2026","Nef Gilköyde 4+1 Kiralık Lüks Villa","Kiralık Villa","4 + 1","380 m²","4 Yaşında","·","Kat","Bahçe Katı","Muğla / Bodrum / Gölköy Mah.","https://www.hepsiemlak.com/_nuxt/8cafc93fb5c74c75e9e04e528e02ccdf.jpg","Net İstanbul Luxury","WhatsApp","","","https://www.hepsiemlak.com/_nuxt/8cafc93fb5c74c75e9e04e528e02ccdf.jpg"
"https://www.hepsiemlak.com/mugla-bodrum-gundogan-kiralik/daire/6231-16529","1 / 18","95.000","02/09/2026","Bodrum Gündoğan'da Yıllık Kiralık Dubleks Daire","Kiralık Daire","4 + 1","160 m²","9 Yaşında","·","Kat","Bahçe Katı","Muğla / Bodrum / Gündoğan Mah.","","Space İstanbul Gayrimenkul","WhatsApp","","https://hecdnnw.hemlak.com/mncropresize/77/67/logo/1/3/2/6/0/0/c1af0d37-bffe-4f0f-b732-0b6ea8d7a667.jpg",""
"https://www.hepsiemlak.com/mugla-bodrum-konacik-kiralik/daire/138595-200","1 / 10","35.000","14/08/2026","Konacıkta 1+1 Kiralık Daire","Kiralık Daire","1 + 1","50 m²","11 Yaşında","·","Kat","1. Kat","Muğla / Bodrum / Konacık Mah.","https://hecdnnw.hemlak.com/mncropresize/77/67/logo/5/9/5/8/3/1/955a7e7f-e8fd-4c18-9b44-c2681c5be7b2.jpg","Özgürce Bodrum Gayrimenkul","WhatsApp","","",""
"https://www.hepsiemlak.com/mugla-bodrum-eskicesme-kiralik/daire/35064-1965","1 / 25","60.000","21/08/2026","Bodrum Marinaya Yakın 2+1","Kiralık Daire","2 + 1","85 m²","15 Yaşında","·","Kat","Ara Kat","Muğla / Bodrum / Eskiçeşme Mah.","","","WhatsApp","","",""
"https://www.hepsiemlak.com/mugla-mentese-kotekli-kiralik/daire/143891-281","1 / 22","28.500","03/09/2026","Kötekli De Kiralık Yoğurtçu Parkı Mevki 2+1 Eşyalı Daire","Kiralık Daire","2 + 1","65 m²","6 Yaşında","·","Kat","4. Kat","Muğla / Menteşe / Kötekli Mah.","https://hecdn01.hemlak.com/mncropresize/182/137/ds01/0/8/9/6/3/2/7/4/f4d3f0b3-2f9e-404f-b0ec-fdd952f53aec.jpg","Konum Emlak","WhatsApp","","","https://hecdnnw.hemlak.com/mncropresize/77/67/logo/1/9/8/3/4/1/57762052-5883-49f7-9e15-4365e27f4626.jpg"
"https://www.hepsiemlak.com/mugla-fethiye-kargi-kiralik/daire/52425-3785","1 / 22","30.000","31/08/2026","Kargı Mahallesinde Kiralık Müstakil Girişli Daire","Kiralık Daire","2 + 1","100 m²","16 Yaşında","·","Kat","1. Kat","Muğla / Fethiye / Kargı Mah.","https://www.hepsiemlak.com/_nuxt/8cafc93fb5c74c75e9e04e528e02ccdf.jpg","Vartur Emlak","WhatsApp","","","https://www.hepsiemlak.com/_nuxt/8cafc93fb5c74c75e9e04e528e02ccdf.jpg"
"https://www.hepsiemlak.com/mugla-bodrum-mumcular-kiralik/daire/140850-395","1 / 20","25.000","01/09/2026","Mumcular Merkezde 3+1 Kiralık Daire","Kiralık Daire","3 + 1","100 m²","6 Yaşında","·","Kat","3. Kat","Muğla / Bodrum / Mumcular Mah.","https://www.hepsiemlak.com/_nuxt/8cafc93fb5c74c75e9e04e528e02ccdf.jpg","","WhatsApp","","",""
"https://www.hepsiemlak.com/mugla-fethiye-karaculha-kiralik/villa/135231-2895","1 / 28","47.500","01/09/2026","Stop’tan Çamköy’de Site İçi Eşyalı 4+1 Kiralık İkiz Villa","Kiralık Villa","4 + 1","140 m²","1 Yaşında","·","Kat","","Muğla / Fethiye / Karaçulha Mah.","https://www.hepsiemlak.com/_nuxt/8cafc93fb5c74c75e9e04e528e02ccdf.jpg","Stop Gayrimenkul","WhatsApp","","","https://www.hepsiemlak.com/_nuxt/8cafc93fb5c74c75e9e04e528e02ccdf.jpg"
"https://www.hepsiemlak.com/mugla-datca-iskele-kiralik/daire/18454-758","1 / 33","45.000","19/08/2026","Datça İskele'de Deniz Manzaralı Eşyalı Yıllık Kiralık 3+1 Konut","Kiralık Daire","3 + 1","110 m²","26 Yaşında","·","Kat","2. Kat","Muğla / Datça / İskele Mah.","https://www.hepsiemlak.com/_nuxt/8cafc93fb5c74c75e9e04e528e02ccdf.jpg","Canbey Emlak Datça","WhatsApp","","","https://www.hepsiemlak.com/_nuxt/8cafc93fb5c74c75e9e04e528e02ccdf.jpg"
"https://www.hepsiemlak.com/mugla-dalaman-karacali-kiralik/villa/146387-853","1 / 35","55.000","31/07/2026","Airport Emlaktan Karaçalıda Merkeze Yakın Kiralık 4+1 Villa","Kiralık Villa","4 + 1","180 m²","1 Yaşında","·","Kat","Bahçe Katı","Muğla / Dalaman / Karaçalı Mah.","https://www.hepsiemlak.com/_nuxt/8cafc93fb5c74c75e9e04e528e02ccdf.jpg","Dalaman Aırport Emlak","WhatsApp","Hakan
                  Kılavuz","https://www.hepsiemlak.com/_nuxt/8cafc93fb5c74c75e9e04e528e02ccdf.jpg","https://www.hepsiemlak.com/_nuxt/8cafc93fb5c74c75e9e04e528e02ccdf.jpg"
"https://www.hepsiemlak.com/mugla-dalaman-merkez-kiralik/daire/159794-248","1 / 18","5.200.000","27/08/2026","Muğla Dalaman Hürriyet Mah. 2+1 Eşyalı Satılık Daire","Kiralık Daire","2 + 1","85 m²","3 Yaşında","·","Kat","Yüksek Giriş","Muğla / Dalaman / Merkez Mah.","https://www.hepsiemlak.com/_nuxt/8cafc93fb5c74c75e9e04e528e02ccdf.jpg","Altın Emlak.ortaca","WhatsApp","","","https://www.hepsiemlak.com/_nuxt/8cafc93fb5c74c75e9e04e528e02ccdf.jpg"
"https://www.hepsiemlak.com/mugla-bodrum-bitez-kiralik/residence/135522-488","1 / 16","47.000","24/08/2026","Bitez Sosyal Tesisli Site İçerisi Eşyalı Rezidans","Kiralık Residence","1 + 1","70 m²","4 Yaşında","·","Kat","Zemin","Muğla / Bodrum / Bitez Mah.","https://www.hepsiemlak.com/_nuxt/8cafc93fb5c74c75e9e04e528e02ccdf.jpg","Yükselen Gayrimenkul","WhatsApp","","","https://www.hepsiemlak.com/_nuxt/8cafc93fb5c74c75e9e04e528e02ccdf.jpg"
"https://www.hepsiemlak.com/mugla-bodrum-eskicesme-kiralik/daire/138060-502","1 / 23","45.000","15/08/2026","Bodrum Marina Modern Eşyalı Yıllık Kiralık Daire","Kiralık Daire","1 + 1","50 m²","3 Yaşında","·","Kat","2. Kat","Muğla / Bodrum / Eskiçeşme Mah.","https://www.hepsiemlak.com/_nuxt/8cafc93fb5c74c75e9e04e528e02ccdf.jpg","Bodrum’da Fırsat Gayrimenkul Danışmanlığı","WhatsApp","","","https://www.hepsiemlak.com/_nuxt/8cafc93fb5c74c75e9e04e528e02ccdf.jpg"
"https://www.hepsiemlak.com/mugla-marmaris-kemeralti-kiralik/daire/90448-2566","1 / 9","30.000","01/09/2026","Marmaris Merkez Kiralık Eşyalı Stüdyo Daire Denize 100m","Kiralık Daire","Stüdyo","37 m²","21 Yaşında","·","Kat","Giriş Katı","Muğla / Marmaris / Kemeraltı Mah.","https://www.hepsiemlak.com/_nuxt/8cafc93fb5c74c75e9e04e528e02ccdf.jpg","Realty World Yalı Gayrimenkul","WhatsApp","","","https://www.hepsiemlak.com/_nuxt/8cafc93fb5c74c75e9e04e528e02ccdf.jpg"
"https://www.hepsiemlak.com/mugla-dalaman-merkez-kiralik/daire/140221-404","1 / 12","20.000","29/08/2026","Aile Apartmanın Da Eşyalı 1+1","Kiralık Daire","1 + 1","60 m²","3 Yaşında","·","Kat","2. Kat","Muğla / Dalaman / Merkez Mah.","https://www.hepsiemlak.com/_nuxt/8cafc93fb5c74c75e9e04e528e02ccdf.jpg","Lider Emlak","WhatsApp","","","https://www.hepsiemlak.com/_nuxt/8cafc93fb5c74c75e9e04e528e02ccdf.jpg"
"https://www.hepsiemlak.com/mugla-ortaca-arikbasi-kiralik/daire/170180-44","1 / 12","30.000","27/08/2026","İnvest48 Gayrimenkulden Merkezde Havuzlu Kiralık 2+1 Daire","Kiralık Daire","2 + 1","85 m²","3 Yaşında","·","Kat","2. Kat","Muğla / Ortaca / Arıkbaşı Mah.","https://www.hepsiemlak.com/_nuxt/8cafc93fb5c74c75e9e04e528e02ccdf.jpg","İnvest 48 Gayrimenkul","WhatsApp","Ferhat
                  Irmak","https://www.hepsiemlak.com/_nuxt/8cafc93fb5c74c75e9e04e528e02ccdf.jpg","https://www.hepsiemlak.com/_nuxt/8cafc93fb5c74c75e9e04e528e02ccdf.jpg"
"https://www.hepsiemlak.com/mugla-datca-iskele-kiralik/daire/162432-355","1 / 9","29.000","27/08/2026","Startkey Pelit Merkezde Kiralık Daire","Kiralık Daire","1 + 1","60 m²","6 Yaşında","·","Kat","2. Kat","Muğla / Datça / İskele Mah.","https://www.hepsiemlak.com/_nuxt/8cafc93fb5c74c75e9e04e528e02ccdf.jpg","Startkey Pelit Gayrimenkul","WhatsApp","","","https://www.hepsiemlak.com/_nuxt/8cafc93fb5c74c75e9e04e528e02ccdf.jpg"
"https://www.hepsiemlak.com/mugla-marmaris-orhaniye-kiralik/dag-evi/142859-96","1 / 9","45.000","31/08/2026","Marmaris Orhaniyede Kiralık Orman Manzaralı Bungalow","Kiralık Dağ Evi","3 + 1","66 m²","1 Yaşında","·","Kat","","Muğla / Marmaris / Orhaniye Mah.","https://www.hepsiemlak.com/_nuxt/8cafc93fb5c74c75e9e04e528e02ccdf.jpg","Kızkumu Emlak","WhatsApp","Coşkun
                  Özkan","https://www.hepsiemlak.com/_nuxt/img/no-image-user.6f6a83e.svg","https://www.hepsiemlak.com/_nuxt/8cafc93fb5c74c75e9e04e528e02ccdf.jpg"
"https://www.hepsiemlak.com/mugla-fethiye-karagedik-kiralik/daire/98827-20","1 / 18","19.999","08/09/2026","Filo Homes Dan Çiftlikte 1+1 (4 Adet Bungalow Evler)","Kiralık Daire","1 + 1","35 m²","6 Yaşında","·","Kat","Bahçe Katı","Muğla / Fethiye / Karagedik Mah.","https://www.hepsiemlak.com/_nuxt/8cafc93fb5c74c75e9e04e528e02ccdf.jpg","","WhatsApp","","",""
"https://www.hepsiemlak.com/mugla-milas-meselik-kiralik/daire/148115-103","1 / 9","30.000","28/08/2026","Ayaz'dan Meşelik Mahallesinde Kiralık 2+1 Eşyalı Daire","Kiralık Daire","2 + 1","50 m²","Sıfır Bina","·","Kat","Bahçe Katı","Muğla / Milas / Meşelik Mah.","https://www.hepsiemlak.com/_nuxt/8cafc93fb5c74c75e9e04e528e02ccdf.jpg","Ayaz Gayrimenkul","WhatsApp","","","https://www.hepsiemlak.com/img/loadings/noImage55-55.png"
"https://www.hepsiemlak.com/mugla-fethiye-foca-kiralik/daire/97683-1411","1 / 27","30.000","15/08/2026","Foça Mah.İlkondan Kiralık Havuzlu 1+1 Eşyalı Daire","Kiralık Daire","1 + 1","50 m²","16 Yaşında","·","Kat","2. Kat","Muğla / Fethiye / Foça Mah.","https://www.hepsiemlak.com/_nuxt/8cafc93fb5c74c75e9e04e528e02ccdf.jpg","İlkon Gayrimenkul","WhatsApp","","","https://www.hepsiemlak.com/_nuxt/8cafc93fb5c74c75e9e04e528e02ccdf.jpg"
"https://www.hepsiemlak.com/mugla-milas-aydinlikevler-kiralik/daire/83524-819","1 / 26","15.000","27/08/2026","Milas Aydınlıkevler Mh. Osb Girişi Karşısında Fırsat Daire","Kiralık Daire","2 + 1","75 m²","6 Yaşında","·","Kat","3. Kat","Muğla / Milas / Aydınlıkevler Mah.","https://www.hepsiemlak.com/_nuxt/8cafc93fb5c74c75e9e04e528e02ccdf.jpg","Akın Emlak Yapı Realty Milas Bodrum","WhatsApp","","","https://www.hepsiemlak.com/_nuxt/8cafc93fb5c74c75e9e04e528e02ccdf.jpg"
"https://www.hepsiemlak.com/mugla-fethiye-tasyaka-kiralik/daire/148225-1653","1 / 35","50.000","28/08/2026","Goldhouse Dan Kiralık Myra Park Sitesinde 2+1 Eşyalı Daire Fırsatı","Kiralık Daire","2 + 1","135 m²","6 Yaşında","·","Kat","2. Kat","Muğla / Fethiye / Taşyaka Mah.","https://www.hepsiemlak.com/_nuxt/8cafc93fb5c74c75e9e04e528e02ccdf.jpg","Gold House Gayrimenkul Danışmanlık","WhatsApp","","","https://www.hepsiemlak.com/_nuxt/8cafc93fb5c74c75e9e04e528e02ccdf.jpg"
"https://www.hepsiemlak.com/mugla-milas-gumusluk-kiralik/daire/62045-1669","1 / 25","25.000","04/09/2026","Gümüşlük Mahallesinde Sıfır Kapalı Otoparklı Kiralık Daire","Kiralık Daire","2 + 1","110 m²","2 Yaşında","·","Kat","2. Kat","Muğla / Milas / Gümüşlük Mah.","https://www.hepsiemlak.com/_nuxt/8cafc93fb5c74c75e9e04e528e02ccdf.jpg","","WhatsApp","","",""
"https://www.hepsiemlak.com/mugla-bodrum-eskicesme-kiralik/daire/64802-7416","1 / 22","40.000","03/09/2026","Bodrum Eskieşme Mah Sitede Kiralık Eşyalı 1+1 Daire","Kiralık Daire","1 + 1","60 m²","15 Yaşında","·","Kat","2. Kat","Muğla / Bodrum / Eskiçeşme Mah.","https://www.hepsiemlak.com/_nuxt/8cafc93fb5c74c75e9e04e528e02ccdf.jpg","Hedef Gayrimenkul","WhatsApp","","","https://www.hepsiemlak.com/_nuxt/8cafc93fb5c74c75e9e04e528e02ccdf.jpg"
"https://www.hepsiemlak.com/mugla-dalaman-merkez-kiralik/daire/10402-11599","1 / 11","15.000","27/07/2026","Dalaman Merkez'de Kiralık 1+1 | Ofis Ve İş Yerine Uygun","Kiralık Daire","1 + 1","50 m²","26 Yaşında","·","Kat","1. Kat","Muğla / Dalaman / Merkez Mah.","","","WhatsApp","","",""
"https://www.hepsiemlak.com/mugla-koycegiz-gulpinar-kiralik/daire/164376-56","1 / 13","35.000","26/08/2026","Ahmet Coşkun Gayrimenkulden Gülpınar Mahallesinde Kiralık 2+1","Kiralık Daire","2 + 1","75 m²","16 Yaşında","·","Kat","3. Kat","Muğla / Köyceğiz / Gülpınar Mah.","https://hecdnnw.hemlak.com/mncropresize/77/67/logo/6/7/3/4/6/1/b5fb45ad-a42a-46a4-bd99-687872d696c9.jpg","Ahmet Coşkun Gayrimenkul","WhatsApp","Ahmet
                  Coşkun","https://hecdnnw.hemlak.com/mncropresize/77/67/firmuser/5/8/4/6/8/5/4/89fae4c4-c59f-48be-ac0a-5c0534311d08.jpg",""
"https://www.hepsiemlak.com/mugla-bodrum-peksimet-kiralik/villa/28765-16013","1 / 17","115.000","31/08/2026","Bodrum-Ormancılar Sitesi Deniz Manzaralı Kiralık Villa","Kiralık Villa","2 + 1","100 m²","26 Yaşında","·","Kat","","Muğla / Bodrum / Peksimet Mah.","https://hecdnnw.hemlak.com/mncropresize/77/67/logo/5/6/7/8/2/0/58296d53-d3b6-485e-b2a1-6c0fc7f041b5.jpg","Coldwell Banker Artemis","WhatsApp","","",""
"https://www.hepsiemlak.com/mugla-fethiye-tuzla-kiralik/daire/159960-91","1 / 10","30.000","31/08/2026","Dy Gayrimenkul'den Tuzla'da Eşyalı 2+1","Kiralık Daire","2 + 1","75 m²","16 Yaşında","·","Kat","3. Kat","Muğla / Fethiye / Tuzla Mah.","https://hecdn01.hemlak.com/mncropresize/182/137/ds01/4/8/2/4/2/1/7/4/edf5c37c-4809-4d0c-a24b-016eb3325d2d.jpg","Derya Yetkin Gayrimenkul Danışmanlık Ve Yatırım","WhatsApp","Derya
                  Yetkin","https://hecdnnw.hemlak.com/mncropresize/77/67/firmuser/0/9/2/2/7/4/4/bcee8b3c-102c-45d1-a72e-0d57da72b373.jpg",""
"https://www.hepsiemlak.com/mugla-mentese-emirbeyazit-kiralik/daire/26998-2623","1 / 18","25.000","01/09/2026","Muğla Merkez Emirbeyazıt Da 3+1 Sobalı Daire","Kiralık Daire","3 + 1","110 m²","22 Yaşında","·","Kat","1. Kat","Muğla / Menteşe / Emirbeyazıt Mah.","https://www.hepsiemlak.com/_nuxt/8cafc93fb5c74c75e9e04e528e02ccdf.jpg","","WhatsApp","","",""
"https://www.hepsiemlak.com/mugla-marmaris-hisaronu-kiralik/daire/26388-6173","1 / 14","15.000","03/08/2026","Tt Gayrimenkul’den Değirmenyanında Kiralık 1+1 Daire","Kiralık Daire","1 + 1","60 m²","5 Yaşında","·","Kat","Bahçe Katı","Muğla / Marmaris / Hisarönü Mah.","https://www.hepsiemlak.com/_nuxt/8cafc93fb5c74c75e9e04e528e02ccdf.jpg","Tt Emlak","WhatsApp","","","https://www.hepsiemlak.com/_nuxt/8cafc93fb5c74c75e9e04e528e02ccdf.jpg"
"https://www.hepsiemlak.com/mugla-fethiye-patlangic-kiralik/daire/149021-72","1 / 10","35.000","31/08/2026","Likya Garden'da Havuzlu Sitede Full Eşyalı 1+1 Kiralık Daire","Kiralık Daire","1 + 1","55 m²","6 Yaşında","·","Kat","2. Kat","Muğla / Fethiye / Patlangıç Mah.","https://www.hepsiemlak.com/_nuxt/8cafc93fb5c74c75e9e04e528e02ccdf.jpg","Turanlar Grup","WhatsApp","","","https://www.hepsiemlak.com/_nuxt/8cafc93fb5c74c75e9e04e528e02ccdf.jpg"
"https://www.hepsiemlak.com/mugla-bodrum-bitez-kiralik/daire/166551-78","1 / 10","55.000","10/09/2026","Bodrum Bitez Köyiçinde 1+1 Eşyalı Bahçeli Kiralık Daire","Kiralık Daire","1 + 1","90 m²","11 Yaşında","·","Kat","Bahçe Katı","Muğla / Bodrum / Bitez Mah.","https://www.hepsiemlak.com/_nuxt/8cafc93fb5c74c75e9e04e528e02ccdf.jpg","Duygu Akıncı Real Estate","WhatsApp","","","https://www.hepsiemlak.com/_nuxt/8cafc93fb5c74c75e9e04e528e02ccdf.jpg"
"https://www.hepsiemlak.com/mugla-mentese-yenikoy-kiralik/daire/143891-279","1 / 21","32.000","25/08/2026","Yeniköy De Kiralık 1+1 Sıfır Eşyalı Daire","Kiralık Daire","1 + 1","45 m²","1 Yaşında","·","Kat","2. Kat","Muğla / Menteşe / Yeniköy Mah.","https://www.hepsiemlak.com/_nuxt/8cafc93fb5c74c75e9e04e528e02ccdf.jpg","Konum Emlak","WhatsApp","","","https://www.hepsiemlak.com/_nuxt/8cafc93fb5c74c75e9e04e528e02ccdf.jpg"
"https://www.hepsiemlak.com/mugla-milas-becin-kiralik/daire/166724-206","1 / 19","25.000","14/08/2026","Garipoğullarından Bahçeli Müstakil Ev","Kiralık Daire","3 + 1","115 m²","11 Yaşında","·","Kat","Yüksek Giriş","Muğla / Milas / Beçin Mah.","https://www.hepsiemlak.com/_nuxt/8cafc93fb5c74c75e9e04e528e02ccdf.jpg","Garipoğulları Gayrimenkul","WhatsApp","","","https://www.hepsiemlak.com/_nuxt/8cafc93fb5c74c75e9e04e528e02ccdf.jpg"
"https://www.hepsiemlak.com/mugla-bodrum-turkkuyusu-kiralik/daire/155328-26","1 / 18","45.000","26/08/2026","Bodrum Merkezde 2+1 Ve 1+1 Olmak Üzere 2 Adet Daire","Kiralık Daire","2 + 1","85 m²","21 Yaşında","·","Kat","Giriş Katı","Muğla / Bodrum / Türkkuyusu Mah.","https://www.hepsiemlak.com/_nuxt/8cafc93fb5c74c75e9e04e528e02ccdf.jpg","For Me Gayrimenkul Bodrum","WhatsApp","","","https://www.hepsiemlak.com/img/loadings/noImage55-55.png"
"https://www.hepsiemlak.com/mugla-ortaca-cumhuriyet-kiralik/daire/164433-175","1 / 30","45.000","22/08/2026","Ortaca Cumhuriyet Mahallesi'nde Tam Eşyalı 3+1 Kiralık Daire","Kiralık Daire","3 + 1","165 m²","6 Yaşında","·","Kat","Yüksek Giriş","Muğla / Ortaca / Cumhuriyet Mah.","https://www.hepsiemlak.com/_nuxt/8cafc93fb5c74c75e9e04e528e02ccdf.jpg","Emlak Dünyası Ortaca","WhatsApp","Fatma
                  Muslu","https://www.hepsiemlak.com/_nuxt/img/no-image-user.6f6a83e.svg","https://www.hepsiemlak.com/_nuxt/8cafc93fb5c74c75e9e04e528e02ccdf.jpg"
"https://www.hepsiemlak.com/mugla-ortaca-ataturk-kiralik/daire/163837-624","1 / 15","23.000","02/09/2026","Adress Ailesi'nden Merkezi Konumda Eşyalı Kiralık 2+1 Daire","Kiralık Daire","2 + 1","90 m²","28 Yaşında","·","Kat","En Üst Kat","Muğla / Ortaca / Atatürk Mah.","https://www.hepsiemlak.com/_nuxt/8cafc93fb5c74c75e9e04e528e02ccdf.jpg","Adress Ailesi Emlak Danışmanlığı","WhatsApp","","","https://www.hepsiemlak.com/_nuxt/8cafc93fb5c74c75e9e04e528e02ccdf.jpg"
"https://www.hepsiemlak.com/mugla-marmaris-beldibi-kiralik/daire/34074-410","1 / 10","36.000","12/08/2026","Beldibi Mah Kiralık Yüksek Giriş Kat Daire","Kiralık Daire","2 + 1","90 m²","16 Yaşında","·","Kat","Yüksek Giriş","Muğla / Marmaris / Beldibi Mah.","https://www.hepsiemlak.com/_nuxt/8cafc93fb5c74c75e9e04e528e02ccdf.jpg","","WhatsApp","","",""
"https://www.hepsiemlak.com/mugla-dalaman-altintas-kiralik/villa/0-47020362","1 / 5","35.000","10/09/2026","Sahibinden Uzun Dönem Aile İçin Kiralık 3+1 Tam Müstakil Villa","Kiralık Villa","3 + 1","140 m²","Sıfır Bina","·","Kat","","Muğla / Dalaman / Altıntas Mah.","https://www.hepsiemlak.com/_nuxt/8cafc93fb5c74c75e9e04e528e02ccdf.jpg","","WhatsApp","","",""
"https://www.hepsiemlak.com/mugla-mentese-orhaniye-kiralik/daire/7027-1488","1 / 22","80.000","05/08/2026","Beyaz Rezidans’ta Kiralık 3+1 Dubleks Daire","Kiralık Daire","3 + 1","200 m²","3 Yaşında","·","Kat","3. Kat","Muğla / Menteşe / Orhaniye Mah.","https://www.hepsiemlak.com/_nuxt/8cafc93fb5c74c75e9e04e528e02ccdf.jpg","Tunç Emlak","WhatsApp","","","https://www.hepsiemlak.com/_nuxt/8cafc93fb5c74c75e9e04e528e02ccdf.jpg"
"https://www.hepsiemlak.com/mugla-dalaman-sogutluyurt-kiralik/daire/146387-839","1 / 17","22.000","02/08/2026","Airport Emlak'tan Dalaman Söğütlüyurt 1+1 Eşyalı Havuzlu Kiralık","Kiralık Daire","1 + 1","60 m²","2 Yaşında","·","Kat","3. Kat","Muğla / Dalaman / Söğütlüyurt Mah.","https://www.hepsiemlak.com/_nuxt/8cafc93fb5c74c75e9e04e528e02ccdf.jpg","Dalaman Aırport Emlak","WhatsApp","Hakan
                  Kılavuz","https://www.hepsiemlak.com/_nuxt/8cafc93fb5c74c75e9e04e528e02ccdf.jpg","https://www.hepsiemlak.com/_nuxt/8cafc93fb5c74c75e9e04e528e02ccdf.jpg"
"https://www.hepsiemlak.com/mugla-bodrum-mumcular-kiralik/daire/140850-350","1 / 16","23.000","01/09/2026","Çınar Emlaktan Mumcularda Markete Yakın Bahçekatı Kiralık Daire","Kiralık Daire","2 + 1","80 m²","5 Yaşında","·","Kat","Bahçe Katı","Muğla / Bodrum / Mumcular Mah.","https://www.hepsiemlak.com/_nuxt/8cafc93fb5c74c75e9e04e528e02ccdf.jpg","","WhatsApp","","",""
"https://www.hepsiemlak.com/mugla-bodrum-geris-kiralik/villa/135522-486","1 / 18","120.000","10/09/2026","Yalıkavak Doğa İçerisinde Taş Müstakil Villa","Kiralık Villa","4 + 1","280 m²","1 Yaşında","·","Kat","","Muğla / Bodrum / Geriş Mah.","https://www.hepsiemlak.com/_nuxt/8cafc93fb5c74c75e9e04e528e02ccdf.jpg","Yükselen Gayrimenkul","WhatsApp","","","https://www.hepsiemlak.com/_nuxt/8cafc93fb5c74c75e9e04e528e02ccdf.jpg"
"https://www.hepsiemlak.com/mugla-bodrum-muskebi-kiralik/daire/35064-1963","1 / 24","60.000","21/07/2026","Ortakanet 3+1 Kiralık Daire","Kiralık Daire","3 + 1","110 m²","15 Yaşında","·","Kat","1. Kat","Muğla / Bodrum / Müskebi Mah.","https://www.hepsiemlak.com/_nuxt/8cafc93fb5c74c75e9e04e528e02ccdf.jpg","","WhatsApp","","",""
"https://www.hepsiemlak.com/mugla-datca-iskele-kiralik/daire/162432-354","1 / 9","29.000","27/08/2026","Startkey Pelit Merkezde Kiralık Daire","Kiralık Daire","1 + 1","60 m²","6 Yaşında","·","Kat","2. Kat","Muğla / Datça / İskele Mah.","https://www.hepsiemlak.com/_nuxt/8cafc93fb5c74c75e9e04e528e02ccdf.jpg","Startkey Pelit Gayrimenkul","WhatsApp","","","https://www.hepsiemlak.com/_nuxt/8cafc93fb5c74c75e9e04e528e02ccdf.jpg"
"https://www.hepsiemlak.com/mugla-marmaris-turunc-kiralik/daire/47416-1015","1 / 22","25.000","04/09/2026","Turunç Koyu'nda Merkezi Konumda Kiralık 2+1 Daire","Kiralık Daire","2 + 1","70 m²","11 Yaşında","·","Kat","Bahçe Katı","Muğla / Marmaris / Turunç Mah.","https://www.hepsiemlak.com/_nuxt/8cafc93fb5c74c75e9e04e528e02ccdf.jpg","Turunç Tuna Emlak","WhatsApp","Semih
                  Tuna","https://www.hepsiemlak.com/_nuxt/8cafc93fb5c74c75e9e04e528e02ccdf.jpg","https://www.hepsiemlak.com/_nuxt/8cafc93fb5c74c75e9e04e528e02ccdf.jpg"
"https://www.hepsiemlak.com/mugla-ula-gokova-kiralik/villa/100251-1183","1 / 21","40.000","21/08/2026","Gökova Merkezde Havuzlu Kiralık Villa","Kiralık Villa","2 + 1","80 m²","Sıfır Bina","·","Kat","Bahçe Katı","Muğla / Ula / Gökova Mah.","https://www.hepsiemlak.com/_nuxt/8cafc93fb5c74c75e9e04e528e02ccdf.jpg","Globally World Real Estate - Ali Tavas","WhatsApp","","","https://www.hepsiemlak.com/_nuxt/8cafc93fb5c74c75e9e04e528e02ccdf.jpg"
"https://www.hepsiemlak.com/mugla-ortaca-ataturk-kiralik/daire/126009-519","1 / 26","30.000","10/08/2026","Murat Çimen'den Ortaca Merkezde 3+1 Kiralık Daire","Kiralık Daire","3 + 1","145 m²","2 Yaşında","·","Kat","2. Kat","Muğla / Ortaca / Atatürk Mah.","https://www.hepsiemlak.com/_nuxt/8cafc93fb5c74c75e9e04e528e02ccdf.jpg","Murat Çimen Gayrimenkul","WhatsApp","Murat
                  Çimen","https://www.hepsiemlak.com/_nuxt/8cafc93fb5c74c75e9e04e528e02ccdf.jpg","https://www.hepsiemlak.com/_nuxt/8cafc93fb5c74c75e9e04e528e02ccdf.jpg"
"https://www.hepsiemlak.com/mugla-mentese-bayir-kiralik/daire/110166-636","1 / 15","26.000","25/08/2026","Muğla Menteşe Bayır Mah'de 2+1 Kiralık Asansörlü Daire","Kiralık Daire","2 + 1","77 m²","Sıfır Bina","·","Kat","2. Kat","Muğla / Menteşe / Bayır Mah.","","Thera Emlak İnşaat","WhatsApp","","https://www.hepsiemlak.com/img/loadings/noImage55-55.png",""
"https://www.hepsiemlak.com/mugla-bodrum-geris-kiralik/daire/56203-4945","1 / 13","90.000","26/08/2026","Yalıkavak Gerişte Özel Havuzlu, Eşyalı Garajlı 3 Odalı Daire","Kiralık Daire","3 + 1","125 m²","2 Yaşında","·","Kat","Bahçe Katı","Muğla / Bodrum / Geriş Mah.","https://hecdnnw.hemlak.com/mncropresize/77/67/logo/3/0/2/6/5/0/88e2fe86-2580-498e-bd11-a051e000e784.jpg","Yalıhan Emlak","WhatsApp","","",""
"https://www.hepsiemlak.com/mugla-bodrum-yenikoy-kiralik/daire/163846-79","1 / 11","32.500","25/07/2026","Bodrum Yeniköy Mahallesi’nde Kiralık 1+1 Daire","Kiralık Daire","1 + 1","65 m²","8 Yaşında","·","Kat","Zemin","Muğla / Bodrum / Yeniköy Mah.","https://hecdnnw.hemlak.com/mncropresize/77/67/logo/6/4/8/3/6/1/43ce069b-aa30-4ac6-ab5d-005056998f6a.jpg","Aes Gayrimenkul","WhatsApp","","",""
"https://www.hepsiemlak.com/mugla-fethiye-incirkoy-kiralik/villa/148225-1652","1 / 31","42.000","27/08/2026","Goldhouse Dan Kiralık Taş Villa Fethiye İncirköy’de 2+1","Kiralık Villa","2 + 1","100 m²","7 Yaşında","·","Kat","","Muğla / Fethiye / İncirköy Mah.","https://hecdn01.hemlak.com/mncropresize/182/137/ds01/0/6/7/9/9/1/7/4/f699470d-4ff3-4a81-b30d-90b4c1f00bab.jpg","Gold House Gayrimenkul Danışmanlık","WhatsApp","","","https://hecdnnw.hemlak.com/mncropresize/77/67/logo/5/2/2/8/4/1/4f8ea576-51b4-46bd-b720-fdc14f8f889c.jpg"
"https://www.hepsiemlak.com/mugla-marmaris-orhaniye-kiralik/daire/134247-51","1 / 8","30.000","02/09/2026","Gold Prestige Gayrimenkulden Orhaniyede Kiralık Daire","Kiralık Daire","1 + 1","65 m²","2 Yaşında","·","Kat","Bahçe Katı","Muğla / Marmaris / Orhaniye Mah.","https://www.hepsiemlak.com/_nuxt/8cafc93fb5c74c75e9e04e528e02ccdf.jpg","Gold Prestige Makro Kent","WhatsApp","","","https://www.hepsiemlak.com/_nuxt/8cafc93fb5c74c75e9e04e528e02ccdf.jpg"
"https://www.hepsiemlak.com/mugla-seydikemer-gerisburnu-kiralik/daire/160296-84","1 / 11","15.000","29/08/2026","Seydikemer Gerişburnu Mahallesinde 2+1 Kiralık Daire","Kiralık Daire","2 + 1","75 m²","Sıfır Bina","·","Kat","Zemin","Muğla / Seydikemer / Gerişburnu Mah.","https://www.hepsiemlak.com/_nuxt/8cafc93fb5c74c75e9e04e528e02ccdf.jpg","Cahit Güven Gayrimenkul Yatırım Ve Danışmanlık","WhatsApp","Cahit
                  Güven","https://www.hepsiemlak.com/_nuxt/img/no-image-user.6f6a83e.svg",""
"https://www.hepsiemlak.com/mugla-fethiye-foca-kiralik/daire/98827-21","1 / 17","22.000","31/08/2026","Foça Da 2+1 Boş Kapalı Mutfak Geniş Zemin Kat Uzun Dönem","Kiralık Daire","2 + 1","100 m²","16 Yaşında","·","Kat","Çatı Katı","Muğla / Fethiye / Foça Mah.","https://www.hepsiemlak.com/_nuxt/8cafc93fb5c74c75e9e04e528e02ccdf.jpg","","WhatsApp","","",""
"https://www.hepsiemlak.com/mugla-bodrum-turgutreis-kiralik/daire/64802-7383","1 / 22","35.000","16/08/2026","Turgutreis Yalı'da,Filiz Cebe'den,Plajlı Sitede,2+1 ,Aylık Ödemeli Daire","Kiralık Daire","2 + 1","75 m²","23 Yaşında","·","Kat","2. Kat","Muğla / Bodrum / Turgutreis Mah.","https://www.hepsiemlak.com/_nuxt/8cafc93fb5c74c75e9e04e528e02ccdf.jpg","Hedef Gayrimenkul","WhatsApp","","","https://www.hepsiemlak.com/_nuxt/8cafc93fb5c74c75e9e04e528e02ccdf.jpg"
"https://www.hepsiemlak.com/mugla-bodrum-cirkan-kiralik/daire/129219-484","1 / 6","32.000","07/09/2026","Bodrum Konacık 1+1 Kiralık Daire","Kiralık Daire","1 + 1","45 m²","11 Yaşında","·","Kat","3. Kat","Muğla / Bodrum / Çırkan Mah.","https://www.hepsiemlak.com/_nuxt/8cafc93fb5c74c75e9e04e528e02ccdf.jpg","Bosel Gayrimenkul","WhatsApp","","","https://www.hepsiemlak.com/_nuxt/8cafc93fb5c74c75e9e04e528e02ccdf.jpg"
"https://www.hepsiemlak.com/mugla-bodrum-konacik-kiralik/daire/65421-1320","1 / 20","70.000","21/08/2026","Konacık Elit Site İçi Ortak Havuzlu 3+1 Üst Kat…","Kiralık Daire","3 + 1","120 m²","9 Yaşında","·","Kat","Bahçe Katı","Muğla / Bodrum / Konacık Mah.","https://www.hepsiemlak.com/_nuxt/8cafc93fb5c74c75e9e04e528e02ccdf.jpg","Bodrum Kule Emlak","WhatsApp","Nihal
                  Sakarya","https://www.hepsiemlak.com/_nuxt/8cafc93fb5c74c75e9e04e528e02ccdf.jpg","https://www.hepsiemlak.com/_nuxt/8cafc93fb5c74c75e9e04e528e02ccdf.jpg"
"https://www.hepsiemlak.com/mugla-fethiye-karaculha-kiralik/daire/144026-400","1 / 5","20.000","21/08/2026","Fethiye Karaçulha Da Uzun Dönem Boş Kiralık Daire","Kiralık Daire","1 + 1","80 m²","3 Yaşında","·","Kat","2. Kat","Muğla / Fethiye / Karaçulha Mah.","https://www.hepsiemlak.com/_nuxt/8cafc93fb5c74c75e9e04e528e02ccdf.jpg","Kaya Grup Fethiye","WhatsApp","Osman
                  Kaya","https://www.hepsiemlak.com/_nuxt/8cafc93fb5c74c75e9e04e528e02ccdf.jpg",""
"https://www.hepsiemlak.com/mugla-fethiye-babatasi-kiralik/daire/135231-2903","1 / 13","45.000","28/08/2026","Stop’tan Babataşı’nda Site İçi Deniz Manzaralı Kiralık 2+1 Çatı Dubleksi","Kiralık Daire","2 + 1","95 m²","16 Yaşında","·","Kat","2. Kat","Muğla / Fethiye / Babataşı Mah.","https://www.hepsiemlak.com/_nuxt/8cafc93fb5c74c75e9e04e528e02ccdf.jpg","Stop Gayrimenkul","WhatsApp","","","https://www.hepsiemlak.com/_nuxt/8cafc93fb5c74c75e9e04e528e02ccdf.jpg"
"https://www.hepsiemlak.com/mugla-datca-iskele-kiralik/daire/159258-57","1 / 8","28.000","28/08/2026","Esinti Evleri Kiralık Dairemiz","Kiralık Daire","1 + 1","60 m²","5 Yaşında","·","Kat","2. Kat","Muğla / Datça / İskele Mah.","https://www.hepsiemlak.com/_nuxt/8cafc93fb5c74c75e9e04e528e02ccdf.jpg","Datça Laçin Emlak","WhatsApp","","","https://www.hepsiemlak.com/_nuxt/8cafc93fb5c74c75e9e04e528e02ccdf.jpg"
"https://www.hepsiemlak.com/mugla-mentese-karamehmet-kiralik/daire/100020-226","1 / 11","18.000","01/09/2026","Muğla Karamehmet Mahallesinde 1+1 Kiralık Daire","Kiralık Daire","1 + 1","55 m²","23 Yaşında","·","Kat","Giriş Katı","Muğla / Menteşe / Karamehmet Mah.","https://www.hepsiemlak.com/_nuxt/8cafc93fb5c74c75e9e04e528e02ccdf.jpg","","WhatsApp","","",""
"https://www.hepsiemlak.com/mugla-mentese-orhaniye-kiralik/daire/94718-3270","1 / 23","55.000","17/08/2026","Muğla Menteşe Orhaniye  Kıyanç Moralı Sitesi'nde Kiralık 2+1 Daire","Kiralık Daire","2 + 1","118 m²","8 Yaşında","·","Kat","Yüksek Giriş","Muğla / Menteşe / Orhaniye Mah.","https://www.hepsiemlak.com/_nuxt/8cafc93fb5c74c75e9e04e528e02ccdf.jpg","Kdm Gayrimenkul Muğla","WhatsApp","","","https://www.hepsiemlak.com/_nuxt/8cafc93fb5c74c75e9e04e528e02ccdf.jpg"
"https://www.hepsiemlak.com/mugla-bodrum-gumbet-kiralik/daire/125876-3215","1 / 7","220.000","02/08/2026","Oasis Rezidansta Bahçeli Deniz Manzaralı Dubleks","Kiralık Daire","3 + 1","160 m²","15 Yaşında","·","Kat","Bahçe Katı","Muğla / Bodrum / Gümbet Mah.","https://www.hepsiemlak.com/_nuxt/8cafc93fb5c74c75e9e04e528e02ccdf.jpg","Kw Alesta-viya-orsa 4","WhatsApp","","","https://www.hepsiemlak.com/_nuxt/8cafc93fb5c74c75e9e04e528e02ccdf.jpg"
"https://www.hepsiemlak.com/mugla-fethiye-akarca-kiralik/daire/97683-1427","1 / 23","40.000","03/09/2026","İlkon'dan Akarca Mah. 3+1 Eşyalı Kiralık Sahile Yakın Daire","Kiralık Daire","3 + 1","120 m²","11 Yaşında","·","Kat","Çatı Katı","Muğla / Fethiye / Akarca Mah.","https://www.hepsiemlak.com/_nuxt/8cafc93fb5c74c75e9e04e528e02ccdf.jpg","İlkon Gayrimenkul","WhatsApp","","","https://www.hepsiemlak.com/_nuxt/8cafc93fb5c74c75e9e04e528e02ccdf.jpg"
"https://www.hepsiemlak.com/mugla-milas-ahmet-cavus-hayitli-kiralik/daire/85840-908","1 / 12","35.000","31/08/2026","Muğla Milas Halil Bey Bıv Da Okullara .Marketlere.Yakın Migros Karşısında Kiralık Daire","Kiralık Daire","3 + 1","120 m²","10 Yaşında","·","Kat","4. Kat","Muğla / Milas / Ahmet Çavuş Hayıtlı Mah.","https://www.hepsiemlak.com/_nuxt/8cafc93fb5c74c75e9e04e528e02ccdf.jpg","","WhatsApp","","",""
"https://www.hepsiemlak.com/mugla-bodrum-koyunbaba-kiralik/villa/28765-15969","1 / 16","120.000","03/09/2026","Bodrum Gümüşlük Kiralık Villa","Kiralık Villa","2 + 1","120 m²","11 Yaşında","·","Kat","Bahçe Katı","Muğla / Bodrum / Koyunbaba Mah.","https://www.hepsiemlak.com/_nuxt/8cafc93fb5c74c75e9e04e528e02ccdf.jpg","Coldwell Banker Artemis","WhatsApp","Metin
                  Sığırtmaç","https://www.hepsiemlak.com/_nuxt/8cafc93fb5c74c75e9e04e528e02ccdf.jpg","https://www.hepsiemlak.com/_nuxt/8cafc93fb5c74c75e9e04e528e02ccdf.jpg"
"https://www.hepsiemlak.com/mugla-bodrum-karaova-kiralik/daire/121164-265","1 / 10","22.000","31/07/2026","Mumcular Merkezdr Kıralık Bahce  2+1 Katı","Kiralık Daire","2 + 1","80 m²","Sıfır Bina","·","Kat","Bahçe Katı","Muğla / Bodrum / Karaova Mah.","https://www.hepsiemlak.com/_nuxt/8cafc93fb5c74c75e9e04e528e02ccdf.jpg","","WhatsApp","","",""
"https://www.hepsiemlak.com/mugla-fethiye-tasyaka-kiralik/daire/130116-618","1 / 23","26.500","09/09/2026","Taşyaka Merkezi Lokayonda Yeni Binada 1+1 Ara Kat Kiralık Daire","Kiralık Daire","1 + 1","55 m²","2 Yaşında","·","Kat","Ara Kat","Muğla / Fethiye / Taşyaka Mah.","https://www.hepsiemlak.com/_nuxt/8cafc93fb5c74c75e9e04e528e02ccdf.jpg","Ladin Property","WhatsApp","","","https://www.hepsiemlak.com/_nuxt/8cafc93fb5c74c75e9e04e528e02ccdf.jpg"
"https://www.hepsiemlak.com/mugla-marmaris-siteler-kiralik/daire/135124-312","1 / 20","45.000","30/08/2026","Siteler Mahallesinde 2+1 Müstakil Tadında Eşyasız Kiralık Daire","Kiralık Daire","2 + 1","105 m²","26 Yaşında","·","Kat","Bahçe Katı","Muğla / Marmaris / Siteler Mah.","https://www.hepsiemlak.com/_nuxt/8cafc93fb5c74c75e9e04e528e02ccdf.jpg","Dıamond48 Real Estate","WhatsApp","Şule
                  Uzuntepe","https://www.hepsiemlak.com/_nuxt/8cafc93fb5c74c75e9e04e528e02ccdf.jpg",""
"https://www.hepsiemlak.com/mugla-mentese-kotekli-kiralik/daire/143891-278","1 / 20","25.500","25/08/2026","Kötekli De Kiralık 1+1 Eşyalı Daire","Kiralık Daire","1 + 1","45 m²","6 Yaşında","·","Kat","Yüksek Giriş","Muğla / Menteşe / Kötekli Mah.","https://www.hepsiemlak.com/_nuxt/8cafc93fb5c74c75e9e04e528e02ccdf.jpg","Konum Emlak","WhatsApp","","","https://www.hepsiemlak.com/_nuxt/8cafc93fb5c74c75e9e04e528e02ccdf.jpg"
"https://www.hepsiemlak.com/mugla-seydikemer-menekse-kiralik/daire/150925-750","1 / 27","22.000","21/08/2026","Seydikemer Menekşe Mah. Merkezi Konumda 2+1 Çatı Dubleks","Kiralık Daire","2 + 1","125 m²","Sıfır Bina","·","Kat","3. Kat","Muğla / Seydikemer / Menekşe Mah.","https://www.hepsiemlak.com/_nuxt/8cafc93fb5c74c75e9e04e528e02ccdf.jpg","Uğur Emlak Seydikemer","WhatsApp","","","https://www.hepsiemlak.com/_nuxt/8cafc93fb5c74c75e9e04e528e02ccdf.jpg"
"https://www.hepsiemlak.com/mugla-fethiye-karaculha-kiralik/daire/153298-95","1 / 18","22.000","27/08/2026","Sedir'den Karaçulha Mh. Kiralık 2+1 Daire","Kiralık Daire","2 + 1","75 m²","5 Yaşında","·","Kat","Zemin","Muğla / Fethiye / Karaçulha Mah.","https://hecdnnw.hemlak.com/mncropresize/77/67/firmuser/7/4/3/3/2/3/4/a1fa8d52-5921-4b7b-9e68-0c0678813779.jpg","Sedir Gayrimenkul Danışmanlığı","WhatsApp","Hidayi
                  Çatar","",""
"https://www.hepsiemlak.com/mugla-milas-cumhuriyet-kiralik/daire/166724-195","1 / 22","30.000","25/07/2026","Garipoğulları'ndan Cumhuriyet Mah. Kiralık 3+1...","Kiralık Daire","3 + 1","160 m²","11 Yaşında","·","Kat","4. Kat","Muğla / Milas / Cumhuriyet Mah.","https://hecdnnw.hemlak.com/mncropresize/77/67/logo/4/2/7/6/6/1/e47b809b-d774-47a6-99c6-25d3b0c9f6fd.jpg","Garipoğulları Gayrimenkul","WhatsApp","","",""
"https://www.hepsiemlak.com/mugla-fethiye-karaculha-kiralik/daire/153288-51","1 / 31","23.000","02/09/2026","Akdeniz Emlak'ta Fethiye Çalıca Tepesinde Kiralık 1+1 Daire","Kiralık Daire","1 + 1","57 m²","Sıfır Bina","·","Kat","Ara Kat","Muğla / Fethiye / Karaçulha Mah.","","Akdeniz Emlak","WhatsApp","Mehmet
                  Türkmen","https://hecdnnw.hemlak.com/mncropresize/77/67/firmuser/2/8/2/3/2/3/4/1881fce8-64fc-46d6-bd0f-5a52ca16e9f8.jpg",""
"https://www.hepsiemlak.com/mugla-fethiye-karagedik-kiralik/daire/156531-185","1 / 28","32.000","21/08/2026","Rocherhomes Fethiye Karagedikte 2+1 Ful Eşyalı Kiralık Daire","Kiralık Daire","2 + 1","120 m²","2 Yaşında","·","Kat","Yüksek Giriş","Muğla / Fethiye / Karagedik Mah.","https://hecdn01.hemlak.com/mncropresize/182/137/ds01/6/8/9/1/8/9/6/4/608dd596-9f2e-485d-bbe9-a6536feb7e25.jpg","Rocher Homes","WhatsApp","","","https://hecdnnw.hemlak.com/mncropresize/77/67/logo/1/3/5/6/5/1/3b90a628-8a23-4a28-b9a1-2ae3b35db0d4.jpg"
"https://www.hepsiemlak.com/mugla-ortaca-bahcelievler-kiralik/daire/163462-239","1 / 25","30.000","26/08/2026","Egeport Emlaktan Ortaca'da Havuzlu Sitede Eşyalı Kiralık 2+1 Daire","Kiralık Daire","2 + 1","85 m²","3 Yaşında","·","Kat","Ara Kat","Muğla / Ortaca / Bahçelievler Mah.","https://www.hepsiemlak.com/_nuxt/8cafc93fb5c74c75e9e04e528e02ccdf.jpg","Egeport Emlak","WhatsApp","","","https://www.hepsiemlak.com/_nuxt/8cafc93fb5c74c75e9e04e528e02ccdf.jpg"
"https://www.hepsiemlak.com/mugla-ortaca-karadonlar-kiralik/daire/163837-573","1 / 33","20.000","22/07/2026","Adress Ailesi`den Ortaca Karaburun`da Eşyalı Kiralık 1+1 Daire","Kiralık Daire","1 + 1","55 m²","3 Yaşında","·","Kat","Ara Kat","Muğla / Ortaca / Karadonlar Mah.","https://www.hepsiemlak.com/_nuxt/8cafc93fb5c74c75e9e04e528e02ccdf.jpg","Adress Ailesi Emlak Danışmanlığı","WhatsApp","","","https://www.hepsiemlak.com/_nuxt/8cafc93fb5c74c75e9e04e528e02ccdf.jpg"
"https://www.hepsiemlak.com/mugla-datca-iskele-kiralik/daire/114781-911","1 / 29","170.000","24/07/2026","Datça Özbel'de Yaz Sezonuna Hazır Müstakil 2+1 Yazlık","Kiralık Daire","2 + 1","160 m²","15 Yaşında","·","Kat","Bahçe Katı","Muğla / Datça / İskele Mah.","https://www.hepsiemlak.com/_nuxt/8cafc93fb5c74c75e9e04e528e02ccdf.jpg","Remax Badem","WhatsApp","","","https://www.hepsiemlak.com/_nuxt/8cafc93fb5c74c75e9e04e528e02ccdf.jpg"
"https://www.hepsiemlak.com/mugla-mentese-kotekli-kiralik/daire/100070-547","1 / 10","15.000","26/08/2026","Kötekli'de Kiralık 2+1 Bodrum Kat","Kiralık Daire","2 + 1","65 m²","6 Yaşında","·","Kat","Bodrum","Muğla / Menteşe / Kötekli Mah.","https://www.hepsiemlak.com/_nuxt/8cafc93fb5c74c75e9e04e528e02ccdf.jpg","","WhatsApp","","",""
"https://www.hepsiemlak.com/mugla-bodrum-gumusluk-kiralik/villa/128053-1357","1 / 22","350.000","21/07/2026","Bodrum Gümüşlük'te Kiralık Özel Havuzlu Tam Müstakil 3+1 Villa","Kiralık Villa","3 + 1","240 m²","Sıfır Bina","·","Kat","","Muğla / Bodrum / Gümüşlük Mah.","https://www.hepsiemlak.com/_nuxt/8cafc93fb5c74c75e9e04e528e02ccdf.jpg","Global İpek Yapı A.Ş","WhatsApp","","","https://www.hepsiemlak.com/_nuxt/8cafc93fb5c74c75e9e04e528e02ccdf.jpg"
"https://www.hepsiemlak.com/mugla-milas-bogazici-kiralik/daire/170427-279","1 / 16","32.500","03/09/2026","Adabükünde Göl Manzaralı 2+1 Üst Kat Daire","Kiralık Daire","2 + 1","80 m²","Sıfır Bina","·","Kat","1. Kat","Muğla / Milas / Boğaziçi Mah.","https://www.hepsiemlak.com/_nuxt/8cafc93fb5c74c75e9e04e528e02ccdf.jpg","Bodrum Zeytin Gayrimenkul Ticaret Anonim Şirketi","WhatsApp","","","https://www.hepsiemlak.com/_nuxt/8cafc93fb5c74c75e9e04e528e02ccdf.jpg"
"https://www.hepsiemlak.com/mugla-bodrum-yalikavak-kiralik/villa/135522-482","1 / 33","450.000","09/09/2026","Bodrum Yalıkavak Merkezde Modern Kiralık","Kiralık Villa","3 + 1","190 m²","4 Yaşında","·","Kat","","Muğla / Bodrum / Yalıkavak Mah.","https://www.hepsiemlak.com/_nuxt/8cafc93fb5c74c75e9e04e528e02ccdf.jpg","Yükselen Gayrimenkul","WhatsApp","","","https://www.hepsiemlak.com/_nuxt/8cafc93fb5c74c75e9e04e528e02ccdf.jpg"
"https://www.hepsiemlak.com/mugla-bodrum-mazikoy-kiralik/daire/140850-307","1 / 35","40.000","13/07/2026","Çınar Emlak Bodrum Mazıda Havuzlu Denize Yakın 2+1 Ev","Kiralık Daire","2 + 1","90 m²","1 Yaşında","·","Kat","2. Kat","Muğla / Bodrum / Mazıköy Mah.","https://www.hepsiemlak.com/_nuxt/8cafc93fb5c74c75e9e04e528e02ccdf.jpg","Bodrum Çınar Emlak","WhatsApp","Yıldıray
                  Çınar","https://www.hepsiemlak.com/_nuxt/8cafc93fb5c74c75e9e04e528e02ccdf.jpg",""
"https://www.hepsiemlak.com/mugla-bodrum-akcaalan-kiralik/daire/82628-1149","1 / 17","30.000","02/09/2026","Fc Group Bodrum Turgutreis Akçaalanda Kiralık Daire","Kiralık Daire","1 + 1","45 m²","26 Yaşında","·","Kat","Bahçe Katı","Muğla / Bodrum / Akçaalan Mah.","https://www.hepsiemlak.com/_nuxt/8cafc93fb5c74c75e9e04e528e02ccdf.jpg","Fc Group","WhatsApp","Emre
                  Özdemir","https://www.hepsiemlak.com/_nuxt/8cafc93fb5c74c75e9e04e528e02ccdf.jpg","https://www.hepsiemlak.com/_nuxt/8cafc93fb5c74c75e9e04e528e02ccdf.jpg"
"https://www.hepsiemlak.com/mugla-milas-becin-kiralik/daire/168870-21","1 / 7","25.000","26/08/2026","Milas Beçin Mahallesinde 2+1 Kiralık Daire","Kiralık Daire","2 + 0","75 m²","Sıfır Bina","·","Kat","Kot 1","Muğla / Milas / Beçin Mah.","https://www.hepsiemlak.com/_nuxt/8cafc93fb5c74c75e9e04e528e02ccdf.jpg","Von Plus","WhatsApp","","","https://www.hepsiemlak.com/_nuxt/8cafc93fb5c74c75e9e04e528e02ccdf.jpg"
"https://www.hepsiemlak.com/mugla-milas-meselik-kiralik/yazlik/54899-4050","1 / 22","200.000","14/08/2026","Bodrum Adabükü Doktorlar Sitesi'nde Kiralık Yazlık","Kiralık Yazlık","4 + 1","160 m²","27 Yaşında","·","Kat","Bahçe Katı","Muğla / Milas / Meşelik Mah.","https://www.hepsiemlak.com/_nuxt/8cafc93fb5c74c75e9e04e528e02ccdf.jpg","Gümüş Gayrimenkul Yatırım Danışmanlığı","WhatsApp","","","https://www.hepsiemlak.com/_nuxt/8cafc93fb5c74c75e9e04e528e02ccdf.jpg"
"https://www.hepsiemlak.com/mugla-milas-burgaz-kiralik/daire/120565-715","1 / 10","21.000","27/08/2026","Muğla Milas Burgazda 2+1 Kiralik Daire","Kiralık Daire","2 + 1","88 m²","22 Yaşında","·","Kat","3. Kat","Muğla / Milas / Burgaz Mah.","https://www.hepsiemlak.com/_nuxt/8cafc93fb5c74c75e9e04e528e02ccdf.jpg","Mülk’edin Gayrimenkul","WhatsApp","","","https://www.hepsiemlak.com/_nuxt/8cafc93fb5c74c75e9e04e528e02ccdf.jpg"
"https://www.hepsiemlak.com/mugla-bodrum-turgutreis-kiralik/villa/6449-2046","1 / 20","50.000","03/09/2026","️s-A-K-A-L-L-I-Dan Turgutreis Merkezde Eşyalı Kiralık Tripleks","Kiralık Villa","4 + 1","100 m²","21 Yaşında","·","Kat","Bahçe Katı","Muğla / Bodrum / Turgutreis Mah.","https://www.hepsiemlak.com/_nuxt/8cafc93fb5c74c75e9e04e528e02ccdf.jpg","","WhatsApp","","",""
"https://www.hepsiemlak.com/mugla-dalaman-merkez-kiralik/daire/146387-858","1 / 14","25.000","03/08/2026","Airport Emlaktan Dalaman Merkez De 4+1 Teraslı Kiralık Daire","Kiralık Daire","4 + 1","180 m²","11 Yaşında","·","Kat","1. Kat","Muğla / Dalaman / Merkez Mah.","https://www.hepsiemlak.com/_nuxt/8cafc93fb5c74c75e9e04e528e02ccdf.jpg","Dalaman Aırport Emlak","WhatsApp","Hakan
                  Kılavuz","https://www.hepsiemlak.com/_nuxt/8cafc93fb5c74c75e9e04e528e02ccdf.jpg","https://www.hepsiemlak.com/_nuxt/8cafc93fb5c74c75e9e04e528e02ccdf.jpg"
"https://www.hepsiemlak.com/mugla-bodrum-turkkuyusu-kiralik/daire/140202-3015","1 / 14","55.000","16/07/2026","Bodrum Merkez'de Havuzlu Site İçerisinde Kiralık 2+1 Daire","Kiralık Daire","2 + 0","75 m²","30 Yaşında","·","Kat","En Üst Kat","Muğla / Bodrum / Türkkuyusu Mah.","https://www.hepsiemlak.com/_nuxt/8cafc93fb5c74c75e9e04e528e02ccdf.jpg","Century21 Begonvill Gayrimenkul","WhatsApp","","","https://www.hepsiemlak.com/_nuxt/8cafc93fb5c74c75e9e04e528e02ccdf.jpg"
"https://www.hepsiemlak.com/mugla-bodrum-konacik-kiralik/daire/3463-2347","1 / 15","55.000","31/07/2026","Konacık Marmara Koleji Karşısı 2+1 Üst Kat Eşyalı Kiralık Daire","Kiralık Daire","2 + 1","80 m²","11 Yaşında","·","Kat","2. Kat","Muğla / Bodrum / Konacık Mah.","https://www.hepsiemlak.com/_nuxt/8cafc93fb5c74c75e9e04e528e02ccdf.jpg","","WhatsApp","","",""
"https://www.hepsiemlak.com/mugla-mentese-kotekli-kiralik/daire/76834-3075","1 / 19","26.000","23/08/2026","Muğla Menteşe Köteklide 2+0 Eşyalı Kiralık Daire","Kiralık Daire","2 + 0","55 m²","6 Yaşında","·","Kat","4. Kat","Muğla / Menteşe / Kötekli Mah.","https://www.hepsiemlak.com/_nuxt/8cafc93fb5c74c75e9e04e528e02ccdf.jpg","Muğla Kampüs Emlak","WhatsApp","İlker Barış
                  Kalaç","https://www.hepsiemlak.com/_nuxt/8cafc93fb5c74c75e9e04e528e02ccdf.jpg","https://www.hepsiemlak.com/_nuxt/8cafc93fb5c74c75e9e04e528e02ccdf.jpg"
"https://www.hepsiemlak.com/mugla-bodrum-yalikavak-kiralik/villa/79583-1692","1 / 39","300.000","10/08/2026","Exper'den Yalıkavak'ın Prestijli Bölgesinde Yıllık Kiralık Villa","Kiralık Villa","5 + 2","670 m²","2 Yaşında","·","Kat","Bahçe Katı","Muğla / Bodrum / Yalıkavak Mah.","https://www.hepsiemlak.com/_nuxt/8cafc93fb5c74c75e9e04e528e02ccdf.jpg","Exper Gayrimenkul","WhatsApp","","","https://www.hepsiemlak.com/_nuxt/8cafc93fb5c74c75e9e04e528e02ccdf.jpg"
"https://www.hepsiemlak.com/mugla-fethiye-cami-kiralik/daire/154572-102","1 / 30","40.000","06/08/2026","Fethiye Cami Mahallesi Kiralık 4+1 Dubleks Daire","Kiralık Daire","4 + 1","150 m²","5 Yaşında","·","Kat","2. Kat","Muğla / Fethiye / Cami Mah.","https://www.hepsiemlak.com/_nuxt/8cafc93fb5c74c75e9e04e528e02ccdf.jpg","Aras Emlak","WhatsApp","Gizem
                  Kırımşelioğlu","https://www.hepsiemlak.com/_nuxt/img/no-image-user.6f6a83e.svg","https://www.hepsiemlak.com/_nuxt/8cafc93fb5c74c75e9e04e528e02ccdf.jpg"
"https://www.hepsiemlak.com/mugla-bodrum-geris-kiralik/daire/164450-7","1 / 22","35.000","30/07/2026","Geriş Mahalesi'nde Yıllık Kiralık Bahçeli 2+1 Daire","Kiralık Daire","2 + 1","80 m²","11 Yaşında","·","Kat","Bahçe Katı","Muğla / Bodrum / Geriş Mah.","https://www.hepsiemlak.com/_nuxt/8cafc93fb5c74c75e9e04e528e02ccdf.jpg","","WhatsApp","","",""
"https://www.hepsiemlak.com/mugla-fethiye-yaniklar-kiralik/villa/133061-1185","1 / 31","50.000","16/08/2026","Fethiye Yanıklar'da Doğa İçinde Havuzlu, 3+1 Kiralık Villa","Kiralık Villa","3 + 1","250 m²","31 Yaşında","·","Kat","Bahçe Katı","Muğla / Fethiye / Yanıklar Mah.","","Spıca Gayrimenkul","WhatsApp","","https://hecdnnw.hemlak.com/mncropresize/77/67/logo/1/6/0/3/3/1/33b71717-2ba5-4526-90ad-9df47ea56362.jpg",""
"https://www.hepsiemlak.com/mugla-ortaca-terzialiler-kiralik/daire/162239-144","1 / 16","22.000","29/08/2026","Ortaca Merkez Terzialiler'de Eşyalı Kiralık 1+1","Kiralık Daire","1 + 1","60 m²","2 Yaşında","·","Kat","1. Kat","Muğla / Ortaca / Terzialiler Mah.","https://hecdnnw.hemlak.com/mncropresize/77/67/logo/9/3/2/2/6/1/5fc9f00f-b4e1-42a3-b126-e7f152034d09.jpg","Ortaca Leon Gayrimenkul","WhatsApp","","",""
"https://www.hepsiemlak.com/mugla-milas-burgaz-kiralik/daire/170176-3","1 / 16","17.500","12/08/2026","Burgaz Mahallesi'nde Şehir Manzaralı 2+1 Kiralık Daire","Kiralık Daire","2 + 1","80 m²","21 Yaşında","·","Kat","2. Kat","Muğla / Milas / Burgaz Mah.","","","WhatsApp","","",""
"https://www.hepsiemlak.com/mugla-mentese-bayir-kiralik/daire/155031-45","1 / 23","28.000","21/07/2026","Bayır Da 3+1 Zemin Kat Geniş Kiralık Daire","Kiralık Daire","3 + 1","125 m²","3 Yaşında","·","Kat","Yüksek Giriş","Muğla / Menteşe / Bayır Mah.","https://hecdn01.hemlak.com/mncropresize/182/137/ds01/6/7/7/0/2/9/6/4/1783752751829-46920776.jpg","Safir 48 Emlak","WhatsApp","Saffet
                  Aykurt","https://hecdnnw.hemlak.com/mncropresize/77/67/firmuser/9/1/5/9/6/3/4/abad4928-abc6-4949-b54e-1631e1d8dbab.jpg","https://hecdnnw.hemlak.com/mncropresize/77/67/logo/1/3/0/5/5/1/861f106b-b62e-4c74-89f9-3428807191cc.jpg"
"https://www.hepsiemlak.com/mugla-koycegiz-gelisim-kiralik/daire/155469-51","1 / 21","35.000","08/07/2026","Köyceğiz Gelişim' De Full Eşyalı, Merkezi 2+1 Kiralık Daire","Kiralık Daire","3 + 1","110 m²","10 Yaşında","·","Kat","En Üst Kat","Muğla / Köyceğiz / Gelişim Mah.","https://www.hepsiemlak.com/_nuxt/8cafc93fb5c74c75e9e04e528e02ccdf.jpg","","WhatsApp","","",""
"https://www.hepsiemlak.com/mugla-bodrum-cumhuriyet-kiralik/daire/0-46905630","1 / 18","60.000","21/08/2026","Bodrum Merkezde Sıfır Eşyalı Deniz Manzaralı Klimalı Otoparklı Daire","Kiralık Daire","2 + 1","110 m²","15 Yaşında","·","Kat","Giriş Katı","Muğla / Bodrum / Cumhuriyet Mah.","https://www.hepsiemlak.com/_nuxt/8cafc93fb5c74c75e9e04e528e02ccdf.jpg","","WhatsApp","","",""
"https://www.hepsiemlak.com/mugla-fethiye-pazaryeri-kiralik/villa/121763-372","1 / 35","50.000","02/09/2026","Fethiye Pazaryeri Letoon Yakını 2+1 Müstakil Havuzlu Villa","Kiralık Villa","2 + 1","500 m²","6 Yaşında","·","Kat","","Muğla / Fethiye / Pazaryeri Mah.","https://www.hepsiemlak.com/_nuxt/8cafc93fb5c74c75e9e04e528e02ccdf.jpg","","WhatsApp","","",""
"https://www.hepsiemlak.com/mugla-datca-iskele-kiralik/daire/0-46895306","1 / 25","45.000","07/07/2026","Datça Havuzlu Sitede Deniz Manzaralı Eşyalı Kiralık 2+1 Daire","Kiralık Daire","2 + 1","90 m²","5 Yaşında","·","Kat","1. Kat","Muğla / Datça / İskele Mah.","https://www.hepsiemlak.com/_nuxt/8cafc93fb5c74c75e9e04e528e02ccdf.jpg","","WhatsApp","","",""
"https://www.hepsiemlak.com/mugla-milas-kiyikislacik-kiralik/villa/146453-158","1 / 21","175.000","05/08/2026","Plajlı Sitede Denize 300 Mt Mesafeli 3+1 Kiralık Dubleks Villa","Kiralık Villa","3 + 1","140 m²","16 Yaşında","·","Kat","Bahçe Katı","Muğla / Milas / Kıyıkışlacık Mah.","https://www.hepsiemlak.com/_nuxt/8cafc93fb5c74c75e9e04e528e02ccdf.jpg","","WhatsApp","","",""
"https://www.hepsiemlak.com/mugla-bodrum-yahsi-kiralik/daire/0-46873688","1 / 16","200.000","03/07/2026","Bodrum Ortakentte Özel Plajlı Sitede 1+1 Full Eşyalı","Kiralık Daire","1 + 1","64 m²","20 Yaşında","·","Kat","Bahçe Katı","Muğla / Bodrum / Yahşi Mah.","https://www.hepsiemlak.com/_nuxt/8cafc93fb5c74c75e9e04e528e02ccdf.jpg","","WhatsApp","","",""
"https://www.hepsiemlak.com/mugla-bodrum-cumhuriyet-kiralik/mustakil-ev/0-46863869","1 / 15","65.000","01/07/2026","Sahibinden Bodrum Merkezde Su Sıkıntısı Olmayan Deniz Manzaralı Ev","Kiralık Müstakil Ev","2 + 1","150 m²","20 Yaşında","·","Kat","","Muğla / Bodrum / Cumhuriyet Mah.","https://www.hepsiemlak.com/_nuxt/8cafc93fb5c74c75e9e04e528e02ccdf.jpg","","WhatsApp","","",""
"https://www.hepsiemlak.com/mugla-bodrum-dirmil-kiralik/daire/8539-6232","1 / 36","65.000","03/09/2026","Yalıkavak Tilkicik""de 2+1","Kiralık Daire","2 + 1","125 m²","21 Yaşında","·","Kat","Giriş Katı","Muğla / Bodrum / Dirmil Mah.","https://www.hepsiemlak.com/_nuxt/8cafc93fb5c74c75e9e04e528e02ccdf.jpg","Bengisu Gayrimenkul","WhatsApp","Bengisu
                  Gayrimenkul","https://www.hepsiemlak.com/_nuxt/8cafc93fb5c74c75e9e04e528e02ccdf.jpg",""
"https://www.hepsiemlak.com/mugla-bodrum-yalikavak-kiralik/villa/0-46815062","1 / 18","180.000","28/06/2026","Sahibinden Yalıkavak Küdür’de Deniz Manzaralı Kiralık Tripleks","Kiralık Villa","3 + 2","200 m²","25 Yaşında","·","Kat","","Muğla / Bodrum / Yalıkavak Mah.","https://www.hepsiemlak.com/_nuxt/8cafc93fb5c74c75e9e04e528e02ccdf.jpg","","WhatsApp","","",""
"https://www.hepsiemlak.com/mugla-marmaris-camiavlu-kiralik/daire/152133-160","1 / 42","80.000","17/08/2026","Camiavlu Palmiye Sitesi'nde Şık Eşyalı Kiralık 3+1 Daire","Kiralık Daire","3 + 1","150 m²","16 Yaşında","·","Kat","2. Kat","Muğla / Marmaris / Camiavlu Mah.","https://www.hepsiemlak.com/_nuxt/8cafc93fb5c74c75e9e04e528e02ccdf.jpg","","WhatsApp","","",""
"https://www.hepsiemlak.com/mugla-milas-gulluk-kiralik/daire/136890-888","1 / 39","70.000","05/08/2026","Deniz Manzaralı 2+1 Kiralık Eşyalı Daire","Kiralık Daire","2 + 1","100 m²","16 Yaşında","·","Kat","3. Kat","Muğla / Milas / Güllük Mah.","https://www.hepsiemlak.com/_nuxt/8cafc93fb5c74c75e9e04e528e02ccdf.jpg","Biens Bağlıca Gayrimenkul","WhatsApp","","","https://www.hepsiemlak.com/_nuxt/8cafc93fb5c74c75e9e04e528e02ccdf.jpg"
"https://www.hepsiemlak.com/mugla-bodrum-golkoy-kiralik/villa/149990-788","1 / 41","160.000","02/09/2026","Gölkôy Site İçi Denize Yürüme Mesafesi 3+1 Dubleks Kiralık Villa","Kiralık Villa","3 + 1","140 m²","2 Yaşında","·","Kat","","Muğla / Bodrum / Gölköy Mah.","https://www.hepsiemlak.com/_nuxt/8cafc93fb5c74c75e9e04e528e02ccdf.jpg","Fast Buy Gayrimenkul","WhatsApp","","","https://www.hepsiemlak.com/_nuxt/8cafc93fb5c74c75e9e04e528e02ccdf.jpg"
"https://www.hepsiemlak.com/mugla-bodrum-geris-kiralik/villa/169658-9","1 / 34","100.000","09/09/2026","Bodrum Rıhtımlı Havuzlu Güv Site De Müstakil 200 M2 Dubleks","Kiralık Villa","4 + 1","250 m²","26 Yaşında","·","Kat","","Muğla / Bodrum / Geriş Mah.","https://www.hepsiemlak.com/_nuxt/8cafc93fb5c74c75e9e04e528e02ccdf.jpg","","WhatsApp","","",""
"https://www.hepsiemlak.com/mugla-bodrum-geris-kiralik/villa/144924-124","1 / 30","200.000","10/08/2026","Yalıkavak Yalıbük'te Deniz Manzaralı Kiralık 2+1 Villa","Kiralık Villa","2 + 1","160 m²","16 Yaşında","·","Kat","Bahçe Katı","Muğla / Bodrum / Geriş Mah.","https://www.hepsiemlak.com/_nuxt/8cafc93fb5c74c75e9e04e528e02ccdf.jpg","","WhatsApp","","",""
"https://www.hepsiemlak.com/mugla-milas-bogazici-kiralik/daire/141718-113","1 / 34","52.500","28/08/2026","İris Adabükü Sitesi'nde Full Eşyalı 2+1 Kiralık Daire","Kiralık Daire","2 + 1","85 m²","Sıfır Bina","·","Kat","2. Kat","Muğla / Milas / Boğaziçi Mah.","https://www.hepsiemlak.com/_nuxt/8cafc93fb5c74c75e9e04e528e02ccdf.jpg","Gho Nar Gayrimenkul","WhatsApp","","","https://www.hepsiemlak.com/_nuxt/8cafc93fb5c74c75e9e04e528e02ccdf.jpg"
"https://www.hepsiemlak.com/mugla-milas-akyol-kiralik/daire/0-46692888","1 / 22","40.000","12/07/2026","Sahibinden Kiralık Veya Satılık 1+1 Eşyalı","Kiralık Daire","1 + 1","52 m²","Sıfır Bina","·","Kat","Bahçe Katı","Muğla / Milas / Akyol Mah.","https://www.hepsiemlak.com/_nuxt/8cafc93fb5c74c75e9e04e528e02ccdf.jpg","","WhatsApp","","",""
"https://www.hepsiemlak.com/mugla-milas-bogazici-kiralik/villa/0-46634154","1 / 19","75.000","08/07/2026","Milas Boğaziçi Kiralık Yazlık Villa","Kiralık Villa","2 + 1","120 m²","20 Yaşında","·","Kat","","Muğla / Milas / Boğaziçi Mah.","https://www.hepsiemlak.com/_nuxt/8cafc93fb5c74c75e9e04e528e02ccdf.jpg","","WhatsApp","","",""
"https://www.hepsiemlak.com/mugla-fethiye-oludeniz-kiralik/villa/165226-32","1 / 28","70.000","08/07/2026","Ölüdeniz - Ovacıkta 3+1 Müstakil Villa - Uzun Dönem - Havuzlu","Kiralık Villa","3 + 1","260 m²","3 Yaşında","·","Kat","Bahçe Katı","Muğla / Fethiye / Ölüdeniz Mah.","https://www.hepsiemlak.com/_nuxt/8cafc93fb5c74c75e9e04e528e02ccdf.jpg","Sunport Real Estate","WhatsApp","","","https://www.hepsiemlak.com/_nuxt/8cafc93fb5c74c75e9e04e528e02ccdf.jpg"
"https://www.hepsiemlak.com/mugla-fethiye-inlice-kiralik/villa/105680-31","1 / 29","140.000","08/09/2026","Göcek İnlice De Plaja Yakın Müstakil Havuzlu 4+1 Villa Aşiyan","Kiralık Villa","4 + 1","220 m²","4 Yaşında","·","Kat","","Muğla / Fethiye / İnlice Mah.","https://www.hepsiemlak.com/_nuxt/8cafc93fb5c74c75e9e04e528e02ccdf.jpg","Devser İnşaat Emlak","WhatsApp","","","https://www.hepsiemlak.com/_nuxt/8cafc93fb5c74c75e9e04e528e02ccdf.jpg"
"https://www.hepsiemlak.com/mugla-bodrum-koyunbaba-kiralik/villa/0-46530971","1 / 17","65.000","30/07/2026","Sahibinden Gümüşlük,Koyunbaba Da Full Deniz Manzaralı Sezonluk Kiralık Villa","Kiralık Villa","2 + 1","110 m²","16 Yaşında","·","Kat","","Muğla / Bodrum / Koyunbaba Mah.","https://www.hepsiemlak.com/_nuxt/8cafc93fb5c74c75e9e04e528e02ccdf.jpg","","","","",""
"https://www.hepsiemlak.com/mugla-bodrum-dirmil-kiralik/villa/119640-3549","1 / 35","100.000","06/08/2026","Sabah Kahvenizi Deniz Manzarasına Karşı İçmek İster Misiniz?","Kiralık Villa","3 + 1","500 m²","31 Yaşında","·","Kat","Bahçe Katı","Muğla / Bodrum / Dirmil Mah.","","Startkey Ege Gayrimenkul","WhatsApp","","https://hecdnnw.hemlak.com/mncropresize/77/67/logo/0/4/6/9/1/1/24c2b72f-2e40-4734-b056-eebccb21d668.jpg",""
"https://www.hepsiemlak.com/mugla-bodrum-golkoy-kiralik/villa/135098-466","1 / 31","180.000","13/08/2026","Gölköy Cennet Koyuna Çok Yakın Müstakil Havuzlu Villa Kiralık","Kiralık Villa","3 + 1","220 m²","6 Yaşında","·","Kat","Bahçe Katı","Muğla / Bodrum / Gölköy Mah.","","","WhatsApp","","",""
"https://www.hepsiemlak.com/mugla-milas-bogazici-kiralik/villa/0-46407135","1 / 34","37.500","03/08/2026","Milas Bodrum Kiralık Yazlık Villa","Kiralık Villa","2 + 1","120 m²","18 Yaşında","·","Kat","","Muğla / Milas / Boğaziçi Mah.","","","WhatsApp","","",""
"https://www.hepsiemlak.com/mugla-ortaca-dalyan-kiralik/villa/0-46144043","1 / 18","15.000","21/07/2026","Dalyan'da Kiralık Villa ; Özel Havuzlu Ve Bahçeli  Müstakil","Kiralık Villa","4 + 1","180 m²","10 Yaşında","·","Kat","","Muğla / Ortaca / Dalyan Mah.","https://hecdn01.hemlak.com/mncropresize/182/137/ds01/3/4/0/4/4/1/6/4/oPJ4B3pFgsCHTswdHBL16.jpg","","WhatsApp","","",""
"https://www.hepsiemlak.com/mugla-bodrum-bahcelievler-kiralik/daire/145939-19","1 / 22","130.000","04/09/2026","Bahçelievler'de Denize 30 M. 3+1 Eşyalı Dubleks Daire","Kiralık Daire","3 + 1","120 m²","16 Yaşında","·","Kat","1. Kat","Muğla / Bodrum / Bahçelievler Mah.","https://www.hepsiemlak.com/_nuxt/8cafc93fb5c74c75e9e04e528e02ccdf.jpg","","WhatsApp","","",""
"https://www.hepsiemlak.com/mugla-bodrum-gumbet-kiralik/daire/0-45684291","1 / 18","130.000","17/08/2026","Bodrum Asarlik (bitez) 1+1 Residance Daire - Yan Deniz Manazarsi - Sezonluk","Kiralık Daire","1 + 1","55 m²","4 Yaşında","·","Kat","2. Kat","Muğla / Bodrum / Gümbet Mah.","https://www.hepsiemlak.com/_nuxt/8cafc93fb5c74c75e9e04e528e02ccdf.jpg","","WhatsApp","","",""
"https://www.hepsiemlak.com/mugla-marmaris-armutalan-kiralik/daire/0-44790945","1 / 30","80.000","08/08/2026","Marmaris Armutalan’da Doğa Manzaralı Eşyalı Havuzlu 2+1 Dubleks – Sezonluk & Aylık Kiralık","Kiralık Daire","2 + 1","150 m²","15 Yaşında","·","Kat","Bahçe Katı","Muğla / Marmaris / Armutalan Mah.","https://www.hepsiemlak.com/_nuxt/8cafc93fb5c74c75e9e04e528e02ccdf.jpg","","WhatsApp","","",""
"https://www.hepsiemlak.com/mugla-bodrum-akyarlar-kiralik/villa/111248-506","1 / 48","250.000","18/08/2026","Bodrum Akyarlar Denize Sıfır, Plajlı,Havuzlu Kiralık 4+1 Villa","Kiralık Villa","4 + 1","600 m²","11 Yaşında","·","Kat","Bahçe Katı","Muğla / Bodrum / Akyarlar Mah.","https://www.hepsiemlak.com/_nuxt/8cafc93fb5c74c75e9e04e528e02ccdf.jpg","","WhatsApp","","",""
"https://www.hepsiemlak.com/mugla-milas-cumhuriyet-kiralik/daire/0-44623863","1 / 16","28.500","14/07/2026","Sahibinden Cumhuriyet Mahallesinde  Kiralık 3+1 Daire","Kiralık Daire","3 + 1","130 m²","22 Yaşında","·","Kat","Çatı Katı","Muğla / Milas / Cumhuriyet Mah.","https://www.hepsiemlak.com/_nuxt/8cafc93fb5c74c75e9e04e528e02ccdf.jpg","","WhatsApp","","",""
"https://www.hepsiemlak.com/mugla-milas-bogazici-kiralik/villa/0-44529642","1 / 19","85.000","15/06/2026","Bodrum Boğaziçi Triplex Panoramik Deniz Manzaralı","Kiralık Villa","3 + 1","220 m²","16 Yaşında","·","Kat","","Muğla / Milas / Boğaziçi Mah.","https://www.hepsiemlak.com/_nuxt/8cafc93fb5c74c75e9e04e528e02ccdf.jpg","","WhatsApp","","",""
"https://www.hepsiemlak.com/mugla-marmaris-siteler-kiralik/residence/0-44314076","1 / 22","130.000","06/09/2026","Oturmaya Hazır! Marmaris Denize Sıfır 3+1 Kiralık Lüks Residence","Kiralık Residence","3 + 1","210 m²","11 Yaşında","·","Kat","4. Kat","Muğla / Marmaris / Siteler Mah.","https://www.hepsiemlak.com/_nuxt/8cafc93fb5c74c75e9e04e528e02ccdf.jpg","","WhatsApp","","",""
"https://www.hepsiemlak.com/mugla-bodrum-islamhaneleri-kiralik/daire/0-44282260","1 / 15","100.000","06/07/2026","Bodrum Bankev Bağla Ortakent","Kiralık Daire","3 + 1","100 m²","20 Yaşında","·","Kat","Yüksek Giriş","Muğla / Bodrum / İslamhaneleri Mah.","https://www.hepsiemlak.com/_nuxt/8cafc93fb5c74c75e9e04e528e02ccdf.jpg","","WhatsApp","","",""
"https://www.hepsiemlak.com/mugla-bodrum-kucukbuk-kiralik/yazlik/0-44258154","1 / 16","95.000","10/07/2026","Bodrum/küçükbük Mah","Kiralık Yazlık","1 + 1","78 m²","15 Yaşında","·","Kat","Bahçe Katı","Muğla / Bodrum / Küçükbük Mah.","https://www.hepsiemlak.com/_nuxt/8cafc93fb5c74c75e9e04e528e02ccdf.jpg","","WhatsApp","","",""
"https://www.hepsiemlak.com/mugla-fethiye-foca-kiralik/daire/148225-1616","1 / 28","37.500","15/08/2026","Goldhouse Dan Kiralık Daire Cadde Üzeri Eşyalı  2+1","Kiralık Daire","2 + 1","85 m²","11 Yaşında","·","Kat","2. Kat","Muğla / Fethiye / Foça Mah.","https://www.hepsiemlak.com/_nuxt/8cafc93fb5c74c75e9e04e528e02ccdf.jpg","Gold House Gayrimenkul Danışmanlık","WhatsApp","","","https://www.hepsiemlak.com/_nuxt/8cafc93fb5c74c75e9e04e528e02ccdf.jpg"
"https://www.hepsiemlak.com/mugla-koycegiz-gulpinar-kiralik/daire/0-40570543","1 / 19","32.000","24/08/2026","Eşyalı Kiralık Daire","Kiralık Daire","2 + 1","110 m²","30 Yaşında","·","Kat","Kot 2","Muğla / Köyceğiz / Gülpınar Mah.","https://www.hepsiemlak.com/_nuxt/8cafc93fb5c74c75e9e04e528e02ccdf.jpg","","WhatsApp","","",""
"https://www.hepsiemlak.com/mugla-milas-bogazici-kiralik/villa/0-40539071","1 / 16","150.000","17/08/2026","Bodrum Adabükü Doktorlar Sitesinde Eşyalı Kiralık Villa","Kiralık Villa","4 + 1","160 m²","2 Yaşında","·","Kat","","Muğla / Milas / Boğaziçi Mah.","https://www.hepsiemlak.com/_nuxt/8cafc93fb5c74c75e9e04e528e02ccdf.jpg","","WhatsApp","","",""
"https://www.hepsiemlak.com/mugla-bodrum-dirmil-kiralik/yazlik/0-40175200","1 / 42","125.000","14/06/2026","Yalıkavak ‘ta Eylül'de ,Sitede Özel Plajlı, Havuzlu,Yeni Mobilyalı,1,5 +1 Bahçeli,Villa Bahçe Katı.","Kiralık Yazlık","1 + 1","70 m²","1 Yaşında","·","Kat","Bahçe Katı","Muğla / Bodrum / Dirmil Mah.","https://www.hepsiemlak.com/_nuxt/8cafc93fb5c74c75e9e04e528e02ccdf.jpg","","WhatsApp","","",""
"https://www.hepsiemlak.com/mugla-milas-oren-kiralik/daire/0-39758466","1 / 20","40.000","02/09/2026","Yalıda(geniş)","Kiralık Daire","2 + 1","125 m²","10 Yaşında","·","Kat","Bahçe Katı","Muğla / Milas / Ören Mah.","https://www.hepsiemlak.com/_nuxt/8cafc93fb5c74c75e9e04e528e02ccdf.jpg","","WhatsApp","","",""
"https://www.hepsiemlak.com/mugla-dalaman-ege-kiralik/villa/0-39682167","1 / 22","14.500.000","03/07/2026","Satılık Villa Panoramik  Deniz Manzaralı","Kiralık Villa","5 + 1","220 m²","1 Yaşında","·","Kat","","Muğla / Dalaman / Ege Mah.","https://www.hepsiemlak.com/_nuxt/8cafc93fb5c74c75e9e04e528e02ccdf.jpg","","WhatsApp","","",""
"https://www.hepsiemlak.com/mugla-bodrum-akyarlar-kiralik/yazlik/0-38670713","1 / 26","50.000","21/07/2026","Bodrum Karaincir Tatil Keyfi","Kiralık Yazlık","3 + 1","100 m²","30 Yaşında","·","Kat","Villa Katı","Muğla / Bodrum / Akyarlar Mah.","https://www.hepsiemlak.com/_nuxt/8cafc93fb5c74c75e9e04e528e02ccdf.jpg","","WhatsApp","","",""
"https://www.hepsiemlak.com/mugla-bodrum-turkbuku-kiralik/villa/0-38588476","1 / 47","90.000","27/08/2026","Sahibinden Bodrum/türkbükü İskele-Plajı Havuzlu Sitede  3+1  Kiralıktır","Kiralık Villa","3 + 1","110 m²","15 Yaşında","·","Kat","","Muğla / Bodrum / Türkbükü Mah.","https://www.hepsiemlak.com/_nuxt/8cafc93fb5c74c75e9e04e528e02ccdf.jpg","","WhatsApp","","",""
"https://www.hepsiemlak.com/mugla-milas-meselik-kiralik/yazlik/0-30136577","1 / 26","300.000","24/06/2026","Bodrum Adabükü Doktorlar Sitesinde Kiralık Yazlık","Kiralık Yazlık","2 + 1","110 m²","10 Yaşında","·","Kat","Villa Katı","Muğla / Milas / Meşelik Mah.","https://www.hepsiemlak.com/_nuxt/8cafc93fb5c74c75e9e04e528e02ccdf.jpg","","WhatsApp","","",""
"https://www.hepsiemlak.com/mugla-ortaca-bahcelievler-kiralik/daire/168067-17","1 / 11","28.000","03/09/2026","Ortaca Bahçelievler Mahallesi'nde Kiralık 2+1 Daire","Kiralık Daire","2 + 1","95 m²","4 Yaşında","·","Kat","Zemin","Muğla / Ortaca / Bahçelievler Mah.","https://www.hepsiemlak.com/_nuxt/8cafc93fb5c74c75e9e04e528e02ccdf.jpg","Kalinda Yapı Emlak","WhatsApp","","","https://www.hepsiemlak.com/_nuxt/8cafc93fb5c74c75e9e04e528e02ccdf.jpg"
"https://www.hepsiemlak.com/mugla-bodrum-turkbuku-kiralik/villa/39495-583","1 / 34","290.000","28/08/2026","Türkbükü Merkez`de Site İçi Kiralık Dubleks Villa","Kiralık Villa","2 + 1","150 m²","26 Yaşında","·","Kat","","Muğla / Bodrum / Türkbükü Mah.","https://www.hepsiemlak.com/_nuxt/8cafc93fb5c74c75e9e04e528e02ccdf.jpg","Yazlık Gayrimenkul","WhatsApp","","","https://www.hepsiemlak.com/_nuxt/8cafc93fb5c74c75e9e04e528e02ccdf.jpg"
"https://www.hepsiemlak.com/mugla-ula-akyaka-kiralik/daire/110166-653","1 / 13","32.000","21/08/2026","Akyaka Merkezde Geniş , Bahçeli 1+1 Kiralık Daire","Kiralık Daire","1 + 1","50 m²","5 Yaşında","·","Kat","Zemin","Muğla / Ula / Akyaka Mah.","","Thera Emlak İnşaat","WhatsApp","","https://www.hepsiemlak.com/img/loadings/noImage55-55.png",""
"https://www.hepsiemlak.com/mugla-bodrum-gundogan-kiralik/daire/163846-76","1 / 10","30.000","23/08/2026","Gündoğan Site İçinde Eşyalı Stüdyo Kiralık","Kiralık Daire","Stüdyo","38 m²","11 Yaşında","·","Kat","Bahçe Katı","Muğla / Bodrum / Gündoğan Mah.","https://hecdnnw.hemlak.com/mncropresize/77/67/logo/6/4/8/3/6/1/43ce069b-aa30-4ac6-ab5d-005056998f6a.jpg","Aes Gayrimenkul","WhatsApp","","",""
"https://www.hepsiemlak.com/mugla-fethiye-cumhuriyet-kiralik/daire/159960-92","1 / 7","30.000","04/09/2026","Dy Gayrimenkul'den Şehrin Merkezinde Kiralık 1+1","Kiralık Daire","1 + 1","65 m²","26 Yaşında","·","Kat","Zemin","Muğla / Fethiye / Cumhuriyet Mah.","","Derya Yetkin Gayrimenkul Danışmanlık Ve Yatırım","WhatsApp","Derya
                  Yetkin","https://hecdnnw.hemlak.com/mncropresize/77/67/firmuser/0/9/2/2/7/4/4/bcee8b3c-102c-45d1-a72e-0d57da72b373.jpg",""
"https://www.hepsiemlak.com/mugla-ortaca-beskopru-kiralik/daire/165399-134","1 / 10","20.000","31/08/2026","Ortaca Merkez De Cadde Üzerin De Bulunan 1+1daire Kiralık Tır","Kiralık Daire","1 + 1","85 m²","2 Yaşında","·","Kat","2. Kat","Muğla / Ortaca / Beşköprü Mah.","https://hecdn01.hemlak.com/mncropresize/182/137/ds01/4/8/5/4/1/2/7/4/4a8944bd-8499-4bc8-a98c-a6f042ddb5cb.jpg","Safir Emlak Ortaca","WhatsApp","Aydın
                  Akdeniz","https://hecdnnw.hemlak.com/mncropresize/77/67/firmuser/7/8/6/4/1/6/4/1c8ecf21-46a3-41f8-baaa-725af8546a18.jpg","https://hecdnnw.hemlak.com/mncropresize/77/67/logo/9/9/3/5/6/1/fd40cbfa-b75d-4d6f-83d6-acd60cc65c80.jpg"
"https://www.hepsiemlak.com/mugla-ortaca-bahcelievler-kiralik/daire/82884-2023","1 / 51","70.000","27/08/2026","Bahçelievler Mah.Full Eşyalı 3+1 Ev","Kiralık Daire","3 + 1","155 m²","5 Yaşında","·","Kat","3. Kat","Muğla / Ortaca / Bahçelievler Mah.","https://www.hepsiemlak.com/_nuxt/8cafc93fb5c74c75e9e04e528e02ccdf.jpg","Elit Emlak","WhatsApp","","","https://www.hepsiemlak.com/_nuxt/8cafc93fb5c74c75e9e04e528e02ccdf.jpg"
"https://www.hepsiemlak.com/mugla-mentese-kotekli-kiralik/daire/143891-277","1 / 15","17.500","24/08/2026","Kötekli De Kiralık Stüdyo Çatı Katı Eşyalı Daire","Kiralık Daire","Stüdyo","40 m²","6 Yaşında","·","Kat","Çatı Katı","Muğla / Menteşe / Kötekli Mah.","https://www.hepsiemlak.com/_nuxt/8cafc93fb5c74c75e9e04e528e02ccdf.jpg","Konum Emlak","WhatsApp","","","https://www.hepsiemlak.com/_nuxt/8cafc93fb5c74c75e9e04e528e02ccdf.jpg"
"https://www.hepsiemlak.com/mugla-dalaman-akcatas-kiralik/daire/117249-506","1 / 40","38.000","01/09/2026","Ata Gayrimenkul'den Havuzlu Sitede Eşyalı Kiralık 2+1 Daire","Kiralık Daire","2 + 1","95 m²","4 Yaşında","·","Kat","Zemin","Muğla / Dalaman / Akçataş Mah.","https://www.hepsiemlak.com/_nuxt/8cafc93fb5c74c75e9e04e528e02ccdf.jpg","Ata Gayrimenkul","WhatsApp","","","https://www.hepsiemlak.com/_nuxt/8cafc93fb5c74c75e9e04e528e02ccdf.jpg"
"https://www.hepsiemlak.com/mugla-bodrum-konacik-kiralik/villa/170419-6","1 / 17","65.000","17/07/2026","Alt Konacık 3+1 Ebeveyn Banyolu Konut / İşyeri","Kiralık Villa","3 + 0","100 m²","15 Yaşında","·","Kat","","Muğla / Bodrum / Konacık Mah.","https://www.hepsiemlak.com/_nuxt/8cafc93fb5c74c75e9e04e528e02ccdf.jpg","Move Bodrum","WhatsApp","","","https://www.hepsiemlak.com/_nuxt/8cafc93fb5c74c75e9e04e528e02ccdf.jpg"
"https://www.hepsiemlak.com/mugla-fethiye-oludeniz-kiralik/villa/140611-211","1 / 40","33.000","30/07/2026","3+1 Müstakil Villa Tadında Ferah Ve Konforlu Yaşam Alanı","Kiralık Villa","3 + 1","160 m²","6 Yaşında","·","Kat","Bahçe Katı","Muğla / Fethiye / Ölüdeniz Mah.","https://www.hepsiemlak.com/_nuxt/8cafc93fb5c74c75e9e04e528e02ccdf.jpg","Golden Key Emlak","WhatsApp","","","https://www.hepsiemlak.com/_nuxt/8cafc93fb5c74c75e9e04e528e02ccdf.jpg"
"https://www.hepsiemlak.com/mugla-milas-haciabti-kiralik/daire/134152-536","1 / 5","22.000","02/09/2026","Şevketiye Mahallesinde Eşyalı Kiralık Daire","Kiralık Daire","Stüdyo","310 m²","25 Yaşında","·","Kat","Giriş Katı","Muğla / Milas / Hacıabti Mah.","https://www.hepsiemlak.com/_nuxt/8cafc93fb5c74c75e9e04e528e02ccdf.jpg","","WhatsApp","","",""
"https://www.hepsiemlak.com/mugla-koycegiz-ulucami-kiralik/daire/110504-354","1 / 10","35.000","29/08/2026","Ulucami Mahallesi 2+1 Eşyalı","Kiralık Daire","2 + 1","85 m²","4 Yaşında","·","Kat","1. Kat","Muğla / Köyceğiz / Ulucami Mah.","https://www.hepsiemlak.com/_nuxt/8cafc93fb5c74c75e9e04e528e02ccdf.jpg","Çınar Emlak","WhatsApp","","","https://www.hepsiemlak.com/_nuxt/8cafc93fb5c74c75e9e04e528e02ccdf.jpg"
"https://www.hepsiemlak.com/mugla-bodrum-bitez-kiralik/daire/64802-7399","1 / 19","32.500","08/09/2026","Bodrum Bitez Havuzlu Site Geniş 1+1 Eşyalı Giriş Kat","Kiralık Daire","1 + 1","55 m²","8 Yaşında","·","Kat","Bahçe Katı","Muğla / Bodrum / Bitez Mah.","https://www.hepsiemlak.com/_nuxt/8cafc93fb5c74c75e9e04e528e02ccdf.jpg","Hedef Gayrimenkul","WhatsApp","","","https://www.hepsiemlak.com/_nuxt/8cafc93fb5c74c75e9e04e528e02ccdf.jpg"
"https://www.hepsiemlak.com/mugla-bodrum-turgutreis-kiralik/daire/170427-178","1 / 23","150.000","29/08/2026","Turgutreis Site İçinde Denize Yüreme Mesafesinde Kiralık Daire","Kiralık Daire","2 + 1","75 m²","11 Yaşında","·","Kat","Giriş Katı","Muğla / Bodrum / Turgutreis Mah.","https://www.hepsiemlak.com/_nuxt/8cafc93fb5c74c75e9e04e528e02ccdf.jpg","Bodrum Zeytin Gayrimenkul Ticaret Anonim Şirketi","WhatsApp","","","https://www.hepsiemlak.com/_nuxt/8cafc93fb5c74c75e9e04e528e02ccdf.jpg"
"https://www.hepsiemlak.com/mugla-bodrum-dirmil-kiralik/daire/135522-481","1 / 32","300.000","09/09/2026","Bodrum Yalıkavak'ta Deniz Manzaralı Site İçersinde Kiralık","Kiralık Daire","3 + 1","160 m²","3 Yaşında","·","Kat","2. Kat","Muğla / Bodrum / Dirmil Mah.","https://www.hepsiemlak.com/_nuxt/8cafc93fb5c74c75e9e04e528e02ccdf.jpg","Yükselen Gayrimenkul","WhatsApp","","","https://www.hepsiemlak.com/_nuxt/8cafc93fb5c74c75e9e04e528e02ccdf.jpg"
"https://www.hepsiemlak.com/mugla-bodrum-mumcular-kiralik/daire/65421-1577","1 / 17","35.000","21/08/2026","Mumcular Havuzlu Site İçi Ferah 3+1 Üst Kat","Kiralık Daire","3 + 1","90 m²","15 Yaşında","·","Kat","En Üst Kat","Muğla / Bodrum / Mumcular Mah.","https://www.hepsiemlak.com/_nuxt/8cafc93fb5c74c75e9e04e528e02ccdf.jpg","Bodrum Kule Emlak","WhatsApp","Nihal
                  Sakarya","https://www.hepsiemlak.com/_nuxt/8cafc93fb5c74c75e9e04e528e02ccdf.jpg","https://www.hepsiemlak.com/_nuxt/8cafc93fb5c74c75e9e04e528e02ccdf.jpg"
"https://www.hepsiemlak.com/mugla-bodrum-akyarlar-kiralik/villa/6666-3172","1 / 32","45.000","11/07/2026","Bodrum Turgutreis Akyarlar Akçabük Umut Mercan Sitesinde Eşyalı Kısa Dönemde Kiralanabilir","Kiralık Villa","3 + 0","115 m²","19 Yaşında","·","Kat","","Muğla / Bodrum / Akyarlar Mah.","https://www.hepsiemlak.com/_nuxt/8cafc93fb5c74c75e9e04e528e02ccdf.jpg","Marjinal Gayrimenkul A.Ş.","WhatsApp","Hülya
                  Körükçü","https://www.hepsiemlak.com/_nuxt/8cafc93fb5c74c75e9e04e528e02ccdf.jpg","https://www.hepsiemlak.com/_nuxt/8cafc93fb5c74c75e9e04e528e02ccdf.jpg"
"https://www.hepsiemlak.com/mugla-mentese-bayir-kiralik/daire/104209-1220","1 / 11","36.000","21/08/2026","Muğla Bayır Kiralık Daire","Kiralık Daire","3 + 1","140 m²","6 Yaşında","·","Kat","3. Kat","Muğla / Menteşe / Bayır Mah.","https://www.hepsiemlak.com/_nuxt/8cafc93fb5c74c75e9e04e528e02ccdf.jpg","","WhatsApp","","",""
"https://www.hepsiemlak.com/mugla-bodrum-geris-kiralik/daire/5343-12133","1 / 11","180.000","15/08/2026","Yalıkavak Geriş Denize Sıfır Kiralık","Kiralık Daire","2 + 1","70 m²","12 Yaşında","·","Kat","En Üst Kat","Muğla / Bodrum / Geriş Mah.","https://www.hepsiemlak.com/_nuxt/8cafc93fb5c74c75e9e04e528e02ccdf.jpg","Keller Wıllıams Bodrum","WhatsApp","","","https://www.hepsiemlak.com/_nuxt/8cafc93fb5c74c75e9e04e528e02ccdf.jpg"
"https://www.hepsiemlak.com/mugla-milas-gumusluk-kiralik/daire/85840-901","1 / 11","25.000","31/08/2026","Muğla Milas Hacıilyas Mah Tam Merkezde 2+1 Kiralık Daire","Kiralık Daire","2 + 1","85 m²","8 Yaşında","·","Kat","3. Kat","Muğla / Milas / Gümüşlük Mah.","https://www.hepsiemlak.com/_nuxt/8cafc93fb5c74c75e9e04e528e02ccdf.jpg","","WhatsApp","","",""
"https://www.hepsiemlak.com/mugla-dalaman-bezkese-kiralik/daire/163824-147","1 / 6","20.000","10/09/2026","Poyraz Emlak|üniversiteye Yakın Eşyalı Kiralık 1+1","Kiralık Daire","1 + 1","60 m²","4 Yaşında","·","Kat","3. Kat","Muğla / Dalaman / Bezkese Mah.","https://www.hepsiemlak.com/_nuxt/8cafc93fb5c74c75e9e04e528e02ccdf.jpg","Poyraz Emlak","WhatsApp","Koray
                  Bütüner","https://www.hepsiemlak.com/_nuxt/img/no-image-user.6f6a83e.svg","https://www.hepsiemlak.com/_nuxt/8cafc93fb5c74c75e9e04e528e02ccdf.jpg"
"https://www.hepsiemlak.com/mugla-mentese-yenikoy-kiralik/daire/7027-1480","1 / 13","27.000","29/07/2026","Yeniköy - Kötekli Sınırında Kiralık 1+1 Doğalgazlı Daire","Kiralık Daire","1 + 1","50 m²","5 Yaşında","·","Kat","En Üst Kat","Muğla / Menteşe / Yeniköy Mah.","https://www.hepsiemlak.com/_nuxt/8cafc93fb5c74c75e9e04e528e02ccdf.jpg","Tunç Emlak","WhatsApp","","","https://www.hepsiemlak.com/_nuxt/8cafc93fb5c74c75e9e04e528e02ccdf.jpg"
"https://www.hepsiemlak.com/mugla-ula-gokova-kiralik/villa/94718-3297","1 / 19","46.000","31/08/2026","🌿 Muğla’nın İncisi Gökova’da Kiralık Müstakil Tripleks","Kiralık Villa","3 + 1","112 m²","Sıfır Bina","·","Kat","","Muğla / Ula / Gökova Mah.","https://www.hepsiemlak.com/_nuxt/8cafc93fb5c74c75e9e04e528e02ccdf.jpg","Kdm Gayrimenkul Muğla","WhatsApp","","","https://www.hepsiemlak.com/_nuxt/8cafc93fb5c74c75e9e04e528e02ccdf.jpg"
"https://www.hepsiemlak.com/mugla-milas-gumusluk-kiralik/daire/138867-2883","1 / 29","26.000","11/08/2026","Mustafa Kayaalp'ten Gümüşlük'te 3+1 Kiralık Daire","Kiralık Daire","3 + 1","105 m²","3 Yaşında","·","Kat","2. Kat","Muğla / Milas / Gümüşlük Mah.","https://www.hepsiemlak.com/_nuxt/8cafc93fb5c74c75e9e04e528e02ccdf.jpg","Mustafa Kayaalp Milas Bodrum Gayrimenkul","WhatsApp","","","https://www.hepsiemlak.com/_nuxt/8cafc93fb5c74c75e9e04e528e02ccdf.jpg"
"https://www.hepsiemlak.com/mugla-ortaca-bahcelievler-kiralik/daire/98723-113","1 / 20","17.000","01/09/2026","Ortaca Bahçelievler'de 2+1 Kiralık Daire","Kiralık Daire","2 + 1","100 m²","16 Yaşında","·","Kat","2. Kat","Muğla / Ortaca / Bahçelievler Mah.","https://www.hepsiemlak.com/_nuxt/8cafc93fb5c74c75e9e04e528e02ccdf.jpg","İlhan Emlak","WhatsApp","","","https://www.hepsiemlak.com/_nuxt/8cafc93fb5c74c75e9e04e528e02ccdf.jpg"
"https://www.hepsiemlak.com/mugla-dalaman-serefler-kiralik/daire/142656-312","1 / 18","40.000","22/07/2026","Dalaman Kırcagedre'de Kiralık Eşyalı 2+1 Köy Evi | Doğa İçinde","Kiralık Daire","2 + 1","105 m²","1 Yaşında","·","Kat","2. Kat","Muğla / Dalaman / Şerefler Mah.","","Evin Gayrimenkul","WhatsApp","","https://hecdnnw.hemlak.com/mncropresize/77/67/logo/6/5/6/2/4/1/cba43a6b-a230-43dd-8004-094b3c549e21.jpg",""
"https://www.hepsiemlak.com/mugla-bodrum-yahsi-kiralik/daire/161286-166","1 / 35","150.000","12/08/2026","Bodrum Yahşi Loft Sitesinde Bahçe Katı 3+1 Denize 50 Mt Kiralık","Kiralık Daire","3 + 1","150 m²","6 Yaşında","·","Kat","Bahçe Katı","Muğla / Bodrum / Yahşi Mah.","https://hecdnnw.hemlak.com/mncropresize/77/67/logo/6/8/2/1/6/1/cadbfd48-2dc2-43df-910e-6fb264eabf24.jpg","Mudi Gayrimenkul İstanbul - Bodrum","WhatsApp","","",""
"https://www.hepsiemlak.com/mugla-dalaman-hurriyet-kiralik/daire/136030-84","1 / 51","40.000","27/08/2026","4+1 Uzun Dönem Asansörülü Kiralık Dubleks Daire","Kiralık Daire","4 + 1","205 m²","3 Yaşında","·","Kat","3. Kat","Muğla / Dalaman / Hürriyet Mah.","https://hecdnnw.hemlak.com/mncropresize/77/67/logo/0/3/0/6/3/1/4d450862-3619-481a-ab0f-20c388e9f9ea.jpg","Ünaldı Gayrimenkul","WhatsApp","","",""
"https://www.hepsiemlak.com/mugla-bodrum-yalikavak-kiralik/villa/79583-1645","1 / 45","2.750.000","14/07/2026","Exper'den Tam Müstakil Deniz Manzaralı Özel Tasarım Lüks Villa","Kiralık Villa","3 + 1","600 m²","2 Yaşında","·","Kat","Bahçe Katı","Muğla / Bodrum / Yalıkavak Mah.","https://hecdn01.hemlak.com/mncropresize/182/137/ds01/9/3/9/4/9/7/6/4/1b430c1c-c3d1-4ffc-a00b-406a6367b050.jpg","Exper Gayrimenkul","WhatsApp","","","https://hecdnnw.hemlak.com/mncropresize/77/67/logo/3/8/5/9/7/0/fca09cc4-b36e-4250-966d-2b46b86fe6f3.jpg"
"https://www.hepsiemlak.com/mugla-ortaca-fevziye-kiralik/daire/169457-14","1 / 37","45.000","21/07/2026","Sarıgerme Akdeniz Evlerin De Havuzlu Site İçersinde Eşyalı 3+1 Dublex Kiralık","Kiralık Daire","3 + 1","135 m²","10 Yaşında","·","Kat","Villa Katı","Muğla / Ortaca / Fevziye Mah.","https://www.hepsiemlak.com/_nuxt/8cafc93fb5c74c75e9e04e528e02ccdf.jpg","Dalyan Port Gayrimenkul","WhatsApp","","","https://www.hepsiemlak.com/img/loadings/noImage55-55.png"
"https://www.hepsiemlak.com/mugla-dalaman-altintas-kiralik/daire/159309-50","1 / 26","18.000","03/08/2026","Günel Emlaktan Kiralık 1+1 Klimalı 3 Lü Set Üstü Dahil Daire","Kiralık Daire","1 + 1","75 m²","4 Yaşında","·","Kat","4. Kat","Muğla / Dalaman / Altıntas Mah.","https://www.hepsiemlak.com/_nuxt/8cafc93fb5c74c75e9e04e528e02ccdf.jpg","Günel Emlak Real Estate","WhatsApp","","","https://www.hepsiemlak.com/_nuxt/8cafc93fb5c74c75e9e04e528e02ccdf.jpg"
"https://www.hepsiemlak.com/mugla-milas-gulluk-kiralik/villa/135418-180","1 / 35","100.000","29/06/2026","Deniz Manzaralı Eşyalı  Tripleks Özel Havuzlu Villa","Kiralık Villa","4 + 2","250 m²","Sıfır Bina","·","Kat","","Muğla / Milas / Güllük Mah.","https://www.hepsiemlak.com/_nuxt/8cafc93fb5c74c75e9e04e528e02ccdf.jpg","","WhatsApp","","",""
"https://www.hepsiemlak.com/mugla-datca-iskele-kiralik/villa/159473-300","1 / 18","48.000","01/08/2026","Borsem Datça - Site İçinde Denize Yakın Eşyalı Kiralık Villa","Kiralık Villa","4 + 1","165 m²","26 Yaşında","·","Kat","Bahçe Katı","Muğla / Datça / İskele Mah.","https://www.hepsiemlak.com/_nuxt/8cafc93fb5c74c75e9e04e528e02ccdf.jpg","Borsem Datça Gayrimenkul","WhatsApp","","","https://www.hepsiemlak.com/_nuxt/8cafc93fb5c74c75e9e04e528e02ccdf.jpg"
"https://www.hepsiemlak.com/mugla-ortaca-bahcelievler-kiralik/daire/166963-32","1 / 31","18.000","01/08/2026","Muğla Ortaca Bahçelievler Mah Kiralık Havuzlu Daire","Kiralık Daire","1 + 1","60 m²","Sıfır Bina","·","Kat","Giriş Katı","Muğla / Ortaca / Bahçelievler Mah.","https://www.hepsiemlak.com/_nuxt/8cafc93fb5c74c75e9e04e528e02ccdf.jpg","Resul Daglayan Gayrimenkul Danışmanlığı","WhatsApp","","","https://www.hepsiemlak.com/_nuxt/8cafc93fb5c74c75e9e04e528e02ccdf.jpg"
"https://www.hepsiemlak.com/mugla-bodrum-geris-kiralik/daire/148553-16","1 / 18","65.000","12/08/2026","Eşyalı Kullanıma Hazır Kiralık","Kiralık Daire","2 + 1","90 m²","11 Yaşında","·","Kat","2. Kat","Muğla / Bodrum / Geriş Mah.","https://www.hepsiemlak.com/_nuxt/8cafc93fb5c74c75e9e04e528e02ccdf.jpg","","WhatsApp","","",""
"https://www.hepsiemlak.com/mugla-bodrum-yalikavak-kiralik/villa/144924-113","1 / 35","550.000","28/08/2026","Yalıkavak Küdürde Lüks Ve Panoramik Deniz Manzaralı Havuzlu 4+1","Kiralık Villa","4 + 1","240 m²","16 Yaşında","·","Kat","","Muğla / Bodrum / Yalıkavak Mah.","https://www.hepsiemlak.com/_nuxt/8cafc93fb5c74c75e9e04e528e02ccdf.jpg","","WhatsApp","","",""
"https://www.hepsiemlak.com/mugla-bodrum-torba-kiralik/daire/168947-8","1 / 21","75.000","07/07/2026","Bodrumda Denize Yürüme Mesafesi Sıfır Eşyalı Teraslı 2+1 Daire","Kiralık Daire","2 + 1","100 m²","Sıfır Bina","·","Kat","1. Kat","Muğla / Bodrum / Torba Mah.","https://www.hepsiemlak.com/_nuxt/8cafc93fb5c74c75e9e04e528e02ccdf.jpg","","WhatsApp","","",""
"https://www.hepsiemlak.com/mugla-bodrum-golkoy-kiralik/villa/91577-60","1 / 35","450.000","29/07/2026","Gölköyün En Prestijli Lokasyonunda Kiralık 5+1 Müstakil Villa","Kiralık Villa","5 + 1","500 m²","4 Yaşında","·","Kat","Bahçe Katı","Muğla / Bodrum / Gölköy Mah.","https://www.hepsiemlak.com/_nuxt/8cafc93fb5c74c75e9e04e528e02ccdf.jpg","","WhatsApp","","",""
"https://www.hepsiemlak.com/mugla-bodrum-kumbahce-kiralik/villa/112622-2101","1 / 35","80.000","14/08/2026","Kumbahçede Kiralık Villa Kale-Deniz Manzaralı Kumsal Plaja Yakın","Kiralık Villa","3 + 1","182 m²","16 Yaşında","·","Kat","Bahçe Katı","Muğla / Bodrum / Kumbahçe Mah.","https://www.hepsiemlak.com/_nuxt/8cafc93fb5c74c75e9e04e528e02ccdf.jpg","Bodrum Emlak","WhatsApp","","","https://www.hepsiemlak.com/_nuxt/8cafc93fb5c74c75e9e04e528e02ccdf.jpg"
"https://www.hepsiemlak.com/mugla-koycegiz-ulucami-kiralik/villa/134699-2338","1 / 15","58.000","24/07/2026","Ulucami Mah. Sahile  100m Modern 4+2 Lüks Tribleks  Kiralık  Villa","Kiralık Villa","4 + 2","185 m²","5 Yaşında","·","Kat","","Muğla / Köyceğiz / Ulucami Mah.","https://www.hepsiemlak.com/_nuxt/8cafc93fb5c74c75e9e04e528e02ccdf.jpg","","WhatsApp","","",""
"https://www.hepsiemlak.com/mugla-fethiye-gocek-kiralik/villa/105680-30","1 / 35","1.500.000","09/07/2026","Göcek Merkez De Müstakil Bahçe Ve Havuzlu 4+1 Villa","Kiralık Villa","4 + 1","220 m²","5 Yaşında","·","Kat","Bahçe Katı","Muğla / Fethiye / Göcek Mah.","https://www.hepsiemlak.com/_nuxt/8cafc93fb5c74c75e9e04e528e02ccdf.jpg","Devser İnşaat Emlak","WhatsApp","","","https://www.hepsiemlak.com/_nuxt/8cafc93fb5c74c75e9e04e528e02ccdf.jpg"
"https://www.hepsiemlak.com/mugla-bodrum-akyarlar-kiralik/mustakil-ev/146453-151","1 / 40","125.000","06/08/2026","Akyarlar' Da Plajlı Sitede Müstakil Bahçeli Villa","Kiralık Müstakil Ev","2 + 1","110 m²","16 Yaşında","·","Kat","Bahçe Katı","Muğla / Bodrum / Akyarlar Mah.","https://www.hepsiemlak.com/_nuxt/8cafc93fb5c74c75e9e04e528e02ccdf.jpg","","WhatsApp","","",""
"https://www.hepsiemlak.com/mugla-ortaca-arikbasi-kiralik/daire/167330-13","1 / 30","17.500","01/07/2026","Ortaca Merkeze Yakın 1+1 Havuzlu Sıfır Daire","Kiralık Daire","1 + 1","54 m²","Sıfır Bina","·","Kat","2. Kat","Muğla / Ortaca / Arıkbaşı Mah.","https://www.hepsiemlak.com/_nuxt/8cafc93fb5c74c75e9e04e528e02ccdf.jpg","Aty Akademi Ve Danışmanlık Turizm Ticaret Ve Sanay","WhatsApp","Aty Akademi Ve Danışmanlık Turizm Ticare
                  Şirketi","https://www.hepsiemlak.com/_nuxt/img/no-image-user.6f6a83e.svg",""
"https://www.hepsiemlak.com/mugla-bodrum-yahsi-kiralik/mustakil-ev/163917-36","1 / 29","400.000","10/07/2026","Yahşi Sahilde Denize Sıfır Müstakil 3+1 Bahçeli","Kiralık Müstakil Ev","3 + 1","240 m²","11 Yaşında","·","Kat","Bahçe Katı","Muğla / Bodrum / Yahşi Mah.","https://www.hepsiemlak.com/_nuxt/8cafc93fb5c74c75e9e04e528e02ccdf.jpg","Bodrum Arı Gayrimenkul","WhatsApp","","","https://www.hepsiemlak.com/_nuxt/8cafc93fb5c74c75e9e04e528e02ccdf.jpg"
"https://www.hepsiemlak.com/mugla-bodrum-umurca-kiralik/daire/8011-4956","1 / 35","55.000","09/09/2026","Bodrum Umurçada Kale Ve Deniz Manzaralı 2+1 140 M² Kiralık Daire","Kiralık Daire","2 + 1","140 m²","11 Yaşında","·","Kat","Zemin","Muğla / Bodrum / Umurca Mah.","https://www.hepsiemlak.com/_nuxt/8cafc93fb5c74c75e9e04e528e02ccdf.jpg","Can Can Emlak","WhatsApp","Can
                  Tayhan","https://www.hepsiemlak.com/_nuxt/8cafc93fb5c74c75e9e04e528e02ccdf.jpg",""
"https://www.hepsiemlak.com/mugla-bodrum-cumhuriyet-kiralik/villa/145322-73","1 / 35","65.000","20/08/2026","Bodrum Cumhuriyet Mah Ful Deniz Manz Kiralık Dublex Eşyalı Villa","Kiralık Villa","3 + 1","130 m²","16 Yaşında","·","Kat","Bahçe Katı","Muğla / Bodrum / Cumhuriyet Mah.","https://www.hepsiemlak.com/_nuxt/8cafc93fb5c74c75e9e04e528e02ccdf.jpg","Spice Properties","WhatsApp","","","https://www.hepsiemlak.com/_nuxt/8cafc93fb5c74c75e9e04e528e02ccdf.jpg"
"https://www.hepsiemlak.com/mugla-bodrum-koyunbaba-kiralik/villa/111248-502","1 / 52","175.000","02/08/2026","Bodrum Koyunbabada Full Deniz Manzaralı, Havuzlu Kiralık Villa","Kiralık Villa","2 + 1","130 m²","11 Yaşında","·","Kat","Bahçe Katı","Muğla / Bodrum / Koyunbaba Mah.","https://www.hepsiemlak.com/_nuxt/8cafc93fb5c74c75e9e04e528e02ccdf.jpg","","WhatsApp","","",""
"https://www.hepsiemlak.com/mugla-bodrum-dirmil-kiralik/villa/72817-755","1 / 58","100.000","27/06/2026","Bodrum Yalıkavak Plajlı Sitede 3+1,160 M2,Deniz Manzaralı,Bahçeli,Eşyalı Kiralık Lux Dubleks","Kiralık Villa","3 + 1","250 m²","10 Yaşında","·","Kat","","Muğla / Bodrum / Dirmil Mah.","https://www.hepsiemlak.com/_nuxt/8cafc93fb5c74c75e9e04e528e02ccdf.jpg","","WhatsApp","","",""
"https://www.hepsiemlak.com/mugla-fethiye-kesikkapi-kiralik/daire/148225-1607","1 / 21","45.000","24/08/2026","Goldhouse Dan Kiralık Daire Şehrin Merkezinde Modern Dubleks 2+1","Kiralık Daire","2 + 1","85 m²","2 Yaşında","·","Kat","2. Kat","Muğla / Fethiye / Kesikkapı Mah.","https://www.hepsiemlak.com/_nuxt/8cafc93fb5c74c75e9e04e528e02ccdf.jpg","Gold House Gayrimenkul Danışmanlık","WhatsApp","","","https://www.hepsiemlak.com/_nuxt/8cafc93fb5c74c75e9e04e528e02ccdf.jpg"
"https://www.hepsiemlak.com/mugla-milas-emek-kiralik/daire/166724-188","1 / 13","23.000","22/07/2026","Garipoğulları'ndan Emek Mah. Kiralık 1+1...","Kiralık Daire","1 + 1","50 m²","1 Yaşında","·","Kat","Yüksek Giriş","Muğla / Milas / Emek Mah.","","Garipoğulları Gayrimenkul","WhatsApp","","https://hecdnnw.hemlak.com/mncropresize/77/67/logo/4/2/7/6/6/1/e47b809b-d774-47a6-99c6-25d3b0c9f6fd.jpg",""
"https://www.hepsiemlak.com/mugla-milas-cumhuriyet-kiralik/daire/83524-831","1 / 13","40.000","07/08/2026","Milas Cumhuriyet 3+1 Eşyalı Kiralık Daire","Kiralık Daire","3 + 1","130 m²","16 Yaşında","·","Kat","Zemin","Muğla / Milas / Cumhuriyet Mah.","https://hecdnnw.hemlak.com/mncropresize/77/67/logo/4/2/5/3/8/0/e09119d7-389d-457e-914a-9afb3919884c.jpg","Akın Emlak Yapı Realty Milas Bodrum","WhatsApp","","",""
"https://www.hepsiemlak.com/mugla-mentese-kotekli-kiralik/daire/76834-3077","1 / 17","25.000","23/08/2026","Muğla Menteşe Kötekli'de Çoğu Konuma Yakın 1+1 Eşyalı Daire","Kiralık Daire","1 + 1","55 m²","6 Yaşında","·","Kat","4. Kat","Muğla / Menteşe / Kötekli Mah.","https://hecdnnw.hemlak.com/mncropresize/77/67/logo/4/3/8/6/7/0/380cf7e9-0a34-4ce4-8db3-253ee332464b.jpg","Muğla Kampüs Emlak","WhatsApp","İlker Barış
                  Kalaç","https://hecdnnw.hemlak.com/mncropresize/77/67/firmuser/0/5/0/1/5/4/1/29ee8973-816c-4938-a652-97e78e554801.jpg",""
"https://www.hepsiemlak.com/mugla-dalaman-altintas-kiralik/daire/135231-2905","1 / 10","25.000","26/08/2026","Stop’tan Altıntaş’ta Üniversite Karşısı Havuzlu Sitede Kiralık 1+1 Daire","Kiralık Daire","1 + 1","65 m²","1 Yaşında","·","Kat","2. Kat","Muğla / Dalaman / Altıntas Mah.","https://hecdn01.hemlak.com/mncropresize/182/137/ds01/1/0/5/5/9/1/7/4/dbe4234a-a24e-4ca2-b1cf-fccfba8b6bf4.jpg","Stop Gayrimenkul","WhatsApp","","","https://hecdnnw.hemlak.com/mncropresize/77/67/logo/1/3/2/5/3/1/b5b55884-530a-41f0-b554-f54b8c608367.jpg"
"https://www.hepsiemlak.com/mugla-koycegiz-beyobasi-kiralik/daire/0-46667821","1 / 12","27.000","29/08/2026","Beyobası Merkezde 2+1 Ful Eşyalı","Kiralık Daire","2 + 1","115 m²","15 Yaşında","·","Kat","2. Kat","Muğla / Köyceğiz / Beyobası Mah.","https://www.hepsiemlak.com/_nuxt/8cafc93fb5c74c75e9e04e528e02ccdf.jpg","","WhatsApp","","",""
"https://www.hepsiemlak.com/mugla-bodrum-islamhaneleri-kiralik/daire/0-39149858","1 / 12","85.000","10/08/2026","Bodrum Bankevlerde Eşyalı  Kiralık Yazlık  Açıklamaları  Okumadan Geçmeyin","Kiralık Daire","2 + 1","75 m²","25 Yaşında","·","Kat","Yüksek Giriş","Muğla / Bodrum / İslamhaneleri Mah.","https://www.hepsiemlak.com/_nuxt/8cafc93fb5c74c75e9e04e528e02ccdf.jpg","","WhatsApp","","",""
"https://www.hepsiemlak.com/mugla-datca-emecik-kiralik/mustakil-ev/0-6352827","1 / 12","350.000","14/06/2026","Datça-Karaincir De Denize Sıfır Kiralık Villa","Kiralık Müstakil Ev","3 + 1","120 m²","30 Yaşında","·","Kat","","Muğla / Datça / Emecik Mah.","https://www.hepsiemlak.com/_nuxt/8cafc93fb5c74c75e9e04e528e02ccdf.jpg","","WhatsApp","","",""
"https://www.hepsiemlak.com/mugla-mentese-bayir-kiralik/daire/110166-656","1 / 12","25.000","21/08/2026","Muğla Menteşe Bayırda Kiralık 2+1 Kapalı Mutfak Daire","Kiralık Daire","2 + 1","80 m²","6 Yaşında","·","Kat","2. Kat","Muğla / Menteşe / Bayır Mah.","https://www.hepsiemlak.com/_nuxt/8cafc93fb5c74c75e9e04e528e02ccdf.jpg","Thera Emlak İnşaat","WhatsApp","","","https://www.hepsiemlak.com/img/loadings/noImage55-55.png"
"https://www.hepsiemlak.com/mugla-mentese-kotekli-kiralik/daire/143891-274","1 / 20","28.000","20/08/2026","Kötekli De Kiralık 2+1 Eşyalı Daire","Kiralık Daire","2 + 1","60 m²","11 Yaşında","·","Kat","4. Kat","Muğla / Menteşe / Kötekli Mah.","https://www.hepsiemlak.com/_nuxt/8cafc93fb5c74c75e9e04e528e02ccdf.jpg","Konum Emlak","WhatsApp","","","https://www.hepsiemlak.com/_nuxt/8cafc93fb5c74c75e9e04e528e02ccdf.jpg"
"https://www.hepsiemlak.com/mugla-marmaris-siteler-kiralik/daire/104232-1871","1 / 23","30.000","28/08/2026","Vefa Gayrimenkul'den Denize Sıfır + Eşyalı Kiralık 1+1 Daire","Kiralık Daire","1 + 1","60 m²","16 Yaşında","·","Kat","1. Kat","Muğla / Marmaris / Siteler Mah.","https://www.hepsiemlak.com/_nuxt/8cafc93fb5c74c75e9e04e528e02ccdf.jpg","Vefa Gayrimenkul","WhatsApp","","","https://www.hepsiemlak.com/_nuxt/8cafc93fb5c74c75e9e04e528e02ccdf.jpg"
"https://www.hepsiemlak.com/mugla-bodrum-muskebi-kiralik/daire/64802-7388","1 / 19","63.000","20/08/2026","Ortakent Merkez Üst Kat 2+1, Şömineli Ve Balkonlu Kiralık Daire","Kiralık Daire","2 + 1","90 m²","7 Yaşında","·","Kat","En Üst Kat","Muğla / Bodrum / Müskebi Mah.","https://www.hepsiemlak.com/_nuxt/8cafc93fb5c74c75e9e04e528e02ccdf.jpg","Hedef Gayrimenkul","WhatsApp","","","https://www.hepsiemlak.com/_nuxt/8cafc93fb5c74c75e9e04e528e02ccdf.jpg"
"https://www.hepsiemlak.com/mugla-milas-bogazici-kiralik/daire/170427-171","1 / 31","30.000","29/08/2026","Boğaziçi Nde Eşyalı 2+1 Konforunda Kiralık Daire","Kiralık Daire","2 + 1","70 m²","11 Yaşında","·","Kat","Bahçe Katı","Muğla / Milas / Boğaziçi Mah.","https://www.hepsiemlak.com/_nuxt/8cafc93fb5c74c75e9e04e528e02ccdf.jpg","Bodrum Zeytin Gayrimenkul Ticaret Anonim Şirketi","WhatsApp","","","https://www.hepsiemlak.com/_nuxt/8cafc93fb5c74c75e9e04e528e02ccdf.jpg"
"https://www.hepsiemlak.com/mugla-bodrum-gundogan-kiralik/villa/135522-466","1 / 15","120.000","16/07/2026","Deniz Manzaralı 4+1 Site İçi Güvenlikli Sıfır Villa","Kiralık Villa","4 + 1","130 m²","Sıfır Bina","·","Kat","Bahçe Katı","Muğla / Bodrum / Gündoğan Mah.","https://www.hepsiemlak.com/_nuxt/8cafc93fb5c74c75e9e04e528e02ccdf.jpg","Yükselen Gayrimenkul","WhatsApp","","","https://www.hepsiemlak.com/_nuxt/8cafc93fb5c74c75e9e04e528e02ccdf.jpg"
"https://www.hepsiemlak.com/mugla-mentese-seyh-kiralik/daire/128524-411","1 / 11","25.000","30/08/2026","Merkezi Konumda Kiralık 1+1 Daire","Kiralık Daire","1 + 1","50 m²","21 Yaşında","·","Kat","4. Kat","Muğla / Menteşe / Şeyh Mah.","https://www.hepsiemlak.com/_nuxt/8cafc93fb5c74c75e9e04e528e02ccdf.jpg","","WhatsApp","","",""
"https://www.hepsiemlak.com/mugla-ortaca-beskopru-kiralik/daire/163462-245","1 / 12","20.000","26/08/2026","Egeport Emlaktan Merkezde Geniş Kiralık 1+1 Homeofice Daire","Kiralık Daire","1 + 1","55 m²","Sıfır Bina","·","Kat","5. Kat","Muğla / Ortaca / Beşköprü Mah.","https://www.hepsiemlak.com/_nuxt/8cafc93fb5c74c75e9e04e528e02ccdf.jpg","Egeport Emlak","WhatsApp","","","https://www.hepsiemlak.com/_nuxt/8cafc93fb5c74c75e9e04e528e02ccdf.jpg"
"https://www.hepsiemlak.com/mugla-milas-emek-kiralik/daire/85840-914","1 / 10","25.000","24/08/2026","Milas İsmet Paşa Mah De 2+1 Sıfır Kiralık Daire","Kiralık Daire","2 + 1","80 m²","Sıfır Bina","·","Kat","Yüksek Giriş","Muğla / Milas / Emek Mah.","https://www.hepsiemlak.com/_nuxt/8cafc93fb5c74c75e9e04e528e02ccdf.jpg","","WhatsApp","","",""
"https://www.hepsiemlak.com/mugla-ortaca-beskopru-kiralik/daire/164433-185","1 / 9","25.000","15/08/2026","Ortacada Merkezde Keyifle Yeşillikler İçinde 1+1 Eşyalı Daire","Kiralık Daire","1 + 1","55 m²","4 Yaşında","·","Kat","2. Kat","Muğla / Ortaca / Beşköprü Mah.","https://www.hepsiemlak.com/_nuxt/8cafc93fb5c74c75e9e04e528e02ccdf.jpg","Emlak Dünyası Ortaca","WhatsApp","Fatma
                  Muslu","https://www.hepsiemlak.com/_nuxt/img/no-image-user.6f6a83e.svg","https://www.hepsiemlak.com/_nuxt/8cafc93fb5c74c75e9e04e528e02ccdf.jpg"
"https://www.hepsiemlak.com/mugla-marmaris-siteler-kiralik/daire/154371-88","1 / 9","35.000","31/08/2026","Sky'dan Denize 100 Metre, Kendine Ait Plajı Olan Kiralık Daire","Kiralık Daire","1 + 1","55 m²","21 Yaşında","·","Kat","3. Kat","Muğla / Marmaris / Siteler Mah.","https://www.hepsiemlak.com/_nuxt/8cafc93fb5c74c75e9e04e528e02ccdf.jpg","Sky Gayrimenkul Marmaris","WhatsApp","Uluç Egemen
                  Taykurt","https://www.hepsiemlak.com/_nuxt/8cafc93fb5c74c75e9e04e528e02ccdf.jpg","https://www.hepsiemlak.com/_nuxt/8cafc93fb5c74c75e9e04e528e02ccdf.jpg"
"https://www.hepsiemlak.com/mugla-milas-haciabti-kiralik/daire/134152-537","1 / 4","15.000","02/09/2026","Şevketiye Mahallesinde Kiralık Daire 15 Bin Tl","Kiralık Daire","Stüdyo","310 m²","25 Yaşında","·","Kat","Zemin","Muğla / Milas / Hacıabti Mah.","https://www.hepsiemlak.com/_nuxt/8cafc93fb5c74c75e9e04e528e02ccdf.jpg","","WhatsApp","","",""
"https://www.hepsiemlak.com/mugla-bodrum-dirmil-kiralik/daire/56203-4916","1 / 32","200.000","25/08/2026","Bodrum Yalıkavakta Site İçinde Yazlık Kiralık Daireler","Kiralık Daire","2 + 1","95 m²","11 Yaşında","·","Kat","Giriş Katı","Muğla / Bodrum / Dirmil Mah.","https://www.hepsiemlak.com/_nuxt/8cafc93fb5c74c75e9e04e528e02ccdf.jpg","Yalıhan Emlak","WhatsApp","","","https://www.hepsiemlak.com/_nuxt/8cafc93fb5c74c75e9e04e528e02ccdf.jpg"
"https://www.hepsiemlak.com/mugla-bodrum-akyarlar-kiralik/daire/164640-60","1 / 23","38.000","30/08/2026","Bodrum Akyarlar Yıllık Kiralık 1+1 Daire","Kiralık Daire","1 + 1","70 m²","16 Yaşında","·","Kat","Bahçe Katı","Muğla / Bodrum / Akyarlar Mah.","https://www.hepsiemlak.com/_nuxt/8cafc93fb5c74c75e9e04e528e02ccdf.jpg","","WhatsApp","","",""
"https://www.hepsiemlak.com/mugla-bodrum-muskebi-kiralik/daire/136075-404","1 / 27","50.000","18/07/2026","Ortakent Merkezi Konum Kiralık Daire Geniş Ve Kullanışlı","Kiralık Daire","2 + 1","110 m²","6 Yaşında","·","Kat","2. Kat","Muğla / Bodrum / Müskebi Mah.","https://www.hepsiemlak.com/_nuxt/8cafc93fb5c74c75e9e04e528e02ccdf.jpg","İron Real Estate","WhatsApp","Fatma
                  Demir","https://www.hepsiemlak.com/_nuxt/8cafc93fb5c74c75e9e04e528e02ccdf.jpg",""
"https://www.hepsiemlak.com/mugla-milas-ismet-pasa-kiralik/daire/138867-2505","1 / 22","29.000","25/07/2026","Mustafa Kayaalp'ten İsmetpaşa'da 3+1 Arakat Daire","Kiralık Daire","3 + 1","130 m²","16 Yaşında","·","Kat","5. Kat","Muğla / Milas / İsmet Paşa Mah.","https://www.hepsiemlak.com/_nuxt/8cafc93fb5c74c75e9e04e528e02ccdf.jpg","Mustafa Kayaalp Milas Bodrum Gayrimenkul","WhatsApp","","","https://www.hepsiemlak.com/_nuxt/8cafc93fb5c74c75e9e04e528e02ccdf.jpg"
"https://www.hepsiemlak.com/mugla-fethiye-incirkoy-kiralik/villa/160235-137","1 / 34","1.000.000","10/08/2026","Fethiye İncirköy Mahallesi Nde Tek Arsa İçinde İki Adet Villa","Kiralık Villa","2 + 1","130 m²","2 Yaşında","·","Kat","Bahçe Katı","Muğla / Fethiye / İncirköy Mah.","https://www.hepsiemlak.com/_nuxt/8cafc93fb5c74c75e9e04e528e02ccdf.jpg","Mirsu Gayrimenkul Fethıye","WhatsApp","Hasan
                  Pekdağlı","https://www.hepsiemlak.com/_nuxt/8cafc93fb5c74c75e9e04e528e02ccdf.jpg",""
"https://www.hepsiemlak.com/mugla-koycegiz-dogusbelen-kiralik/mustakil-ev/161479-14","1 / 25","65.000","09/09/2026","Rüya Gibi Taş Ev","Kiralık Müstakil Ev","2 + 1","130 m²","Sıfır Bina","·","Kat","Bahçe Katı","Muğla / Köyceğiz / Döğüşbelen Mah.","https://www.hepsiemlak.com/_nuxt/img/no-image-user.6f6a83e.svg","Can Emlak","WhatsApp","İsa
                  Çakır","",""
"https://www.hepsiemlak.com/mugla-bodrum-dirmil-kiralik/villa/79583-1644","1 / 60","265.000","02/07/2026","Exper'den Müstakil Havuzlu Full Deniz Manzaralı Lüks Villa","Kiralık Villa","3 + 1","285 m²","4 Yaşında","·","Kat","Bahçe Katı","Muğla / Bodrum / Dirmil Mah.","https://hecdnnw.hemlak.com/mncropresize/77/67/logo/3/8/5/9/7/0/fca09cc4-b36e-4250-966d-2b46b86fe6f3.jpg","Exper Gayrimenkul","WhatsApp","","",""
"https://www.hepsiemlak.com/mugla-bodrum-torba-kiralik/mustakil-ev/103485-596","1 / 35","80.000","07/07/2026","Bodrum Torbada Harika Deniz Manzaralı Dublex Villa","Kiralık Müstakil Ev","3 + 1","190 m²","21 Yaşında","·","Kat","Bahçe Katı","Muğla / Bodrum / Torba Mah.","https://hecdnnw.hemlak.com/mncropresize/77/67/logo/5/8/4/3/0/1/b4ec55ab-a0bc-4711-abf0-7fbba50757fb.jpg","Bodrum Artemis Gayrimenkul","WhatsApp","Utku Erkan
                  Barış","https://hecdnnw.hemlak.com/mncropresize/77/67/firmuser/0/6/5/3/8/1/2/fc5ad4d4-daa2-4166-85a8-a424768a93df.jpg",""
"https://www.hepsiemlak.com/mugla-dalaman-hurriyet-kiralik/daire/145196-395","1 / 29","35.000","06/07/2026","Dalamanda 3+1 Kiralık Kaliteli Daire","Kiralık Daire","3 + 1","140 m²","5 Yaşında","·","Kat","2. Kat","Muğla / Dalaman / Hürriyet Mah.","https://hecdn01.hemlak.com/mncropresize/182/137/ds01/1/2/2/6/5/7/6/4/46c422f2-f3d6-4b8f-aee9-64f9b8256e85.jpg","Doğa Cıty Emlak","WhatsApp","Doğa Cıty Emlak
                  Doğa Cıty Emlak","https://hecdnnw.hemlak.com/mncropresize/77/67/firmuser/4/2/0/2/1/1/4/9eb13855-096f-4cc8-9d92-9ff1f22b6e0c.jpg",""
"https://www.hepsiemlak.com/mugla-ortaca-arikbasi-kiralik/daire/136030-77","1 / 53","25.000","15/08/2026","Ortaca'da Havuz Lüks Site İçinde 2+1 Uzun Dönem Kiralık Daireler","Kiralık Daire","2 + 1","95 m²","Sıfır Bina","·","Kat","Yüksek Giriş","Muğla / Ortaca / Arıkbaşı Mah.","https://hecdn01.hemlak.com/mncropresize/182/137/ds01/5/3/4/4/3/7/6/4/2e1a0254-f0f9-4326-a331-c318b397af4a.jpg","Ünaldı Gayrimenkul","WhatsApp","","","https://hecdnnw.hemlak.com/mncropresize/77/67/logo/0/3/0/6/3/1/4d450862-3619-481a-ab0f-20c388e9f9ea.jpg"
"https://www.hepsiemlak.com/mugla-bodrum-bitez-kiralik/daire/130965-41","1 / 35","125.000","27/06/2026","Bodrum Asarlık Plajlı Sitede Deniz Manzaralı Kiralık Ev","Kiralık Daire","4 + 1","180 m²","11 Yaşında","·","Kat","Bahçe Katı","Muğla / Bodrum / Bitez Mah.","https://hecdn01.hemlak.com/mncropresize/182/137/ds01/6/2/7/6/1/7/6/4/c02b98e9-95d1-4a3a-8a4d-90afaf83bae9.jpg","My Bodrum Gayrimenkul","WhatsApp","","","https://hecdnnw.hemlak.com/mncropresize/77/67/logo/5/6/9/0/3/1/d9949580-e809-4603-b2a6-de6d90f3455d.jpg"
"https://www.hepsiemlak.com/mugla-seydikemer-gerisburnu-kiralik/daire/146538-199","1 / 24","25.000","02/09/2026","Pınar Gayrimenkulden Seydikemer'de 3+1 Kiralık Dubleks Daire","Kiralık Daire","3 + 1","120 m²","Sıfır Bina","·","Kat","2. Kat","Muğla / Seydikemer / Gerişburnu Mah.","https://hecdn01.hemlak.com/mncropresize/182/137/ds01/9/1/5/4/9/6/6/4/870fcc13-6489-4eed-a153-5ddb25826b42.jpg","Pınar Gayrimenkul","WhatsApp","","","https://hecdnnw.hemlak.com/mncropresize/77/67/logo/8/3/5/6/4/1/860bfebc-fc7d-4f53-acd6-7b0c9d9262c4.jpg"
"https://www.hepsiemlak.com/mugla-bodrum-islamhaneleri-kiralik/daire/161286-156","1 / 35","140.000","31/07/2026","Bodrum Bankev Sitesi Kiralık Komple Yenilenmiş Alt Kat Dubleks","Kiralık Daire","2 + 1","105 m²","21 Yaşında","·","Kat","Giriş Katı","Muğla / Bodrum / İslamhaneleri Mah.","https://hecdn01.hemlak.com/mncropresize/182/137/ds01/9/5/9/3/9/6/6/4/caffeb66-90a7-4166-aa44-df3a5a5c9edf.jpg","Mudi Gayrimenkul İstanbul - Bodrum","WhatsApp","","","https://hecdnnw.hemlak.com/mncropresize/77/67/logo/6/8/2/1/6/1/cadbfd48-2dc2-43df-910e-6fb264eabf24.jpg"
"https://www.hepsiemlak.com/mugla-dalaman-atakent-kiralik/villa/158955-224","1 / 16","125.000","20/07/2026","Dalaman Akkayada 6+1 Müstakil Havuzlu Kiralık Lüks Villa","Kiralık Villa","6 + 1","250 m²","2 Yaşında","·","Kat","Bahçe Katı","Muğla / Dalaman / Atakent Mah.","https://hecdn01.hemlak.com/mncropresize/182/137/ds01/3/4/3/5/4/6/6/4/befbd437-3447-4d27-8947-e0e836cfa581.jpg","Golden Case Realty","WhatsApp","","","https://hecdnnw.hemlak.com/mncropresize/77/67/logo/5/5/9/8/5/1/ff6e1e6a-69c5-43d7-9919-bc53f62db3ef.jpg"
"https://www.hepsiemlak.com/mugla-ula-gokova-kiralik/daire/98517-50","1 / 28","35.000","10/09/2026","Muğla Ula Gökova 'da Kiralık Dublex Havuzlu Daire","Kiralık Daire","2 + 1","80 m²","Sıfır Bina","·","Kat","Giriş Katı","Muğla / Ula / Gökova Mah.","https://hecdn01.hemlak.com/mncropresize/182/137/ds01/5/6/3/6/7/5/6/4/6ff6700a-114a-4e06-8e84-f6a8d33b91d9.jpg","Gökova Emlak","WhatsApp","Yılmaz
                  Arslan","https://hecdnnw.hemlak.com/mncropresize/77/67/firmuser/6/1/5/3/8/0/2/5ee8911e-5cf3-4b30-8342-eb7393206f09.jpg",""
"https://www.hepsiemlak.com/mugla-milas-bogazici-kiralik/daire/129276-725","1 / 20","35.000","19/08/2026","Muğla Milas Boğaziçi Turkuise Sitesinde Kiralık 2+1 Daire","Kiralık Daire","2 + 1","85 m²","2 Yaşında","·","Kat","2. Kat","Muğla / Milas / Boğaziçi Mah.","https://hecdn01.hemlak.com/mncropresize/182/137/ds01/1/9/9/1/3/5/6/4/3b75738a-6c4f-44d3-b43f-f1b23073f860.jpg","Olea Emlak Danışmanlık","WhatsApp","","","https://hecdnnw.hemlak.com/mncropresize/77/67/logo/6/7/2/9/2/1/32324ba7-50e9-44c8-8a9b-ed06101cf92e.jpg"
"https://www.hepsiemlak.com/mugla-dalaman-sogutluyurt-kiralik/daire/167330-12","1 / 17","22.000","08/07/2026","Dalaman Site İçinde Havuzlu Full Eşyalı Fırsat Daire","Kiralık Daire","2 + 1","99 m²","6 Yaşında","·","Kat","2. Kat","Muğla / Dalaman / Söğütlüyurt Mah.","https://hecdn01.hemlak.com/mncropresize/182/137/ds01/9/5/0/5/5/4/6/4/9d7355f2-1211-4fe8-bf3f-f216e9359e12.jpg","Aty Akademi Ve Danışmanlık Turizm Ticaret Ve Sanay","WhatsApp","Aty Akademi Ve Danışmanlık Turizm Ticare
                  Şirketi","https://www.hepsiemlak.com/_nuxt/img/no-image-user.6f6a83e.svg",""
"https://www.hepsiemlak.com/mugla-bodrum-bitez-kiralik/daire/146453-150","1 / 35","50.000","30/06/2026","Kiralık Bodrum Bitez Adliyeye Yakın Eşyalı 2+1 Bahçe Katı Daire","Kiralık Daire","2 + 1","80 m²","11 Yaşında","·","Kat","Bahçe Katı","Muğla / Bodrum / Bitez Mah.","https://hecdn01.hemlak.com/mncropresize/182/137/ds01/8/6/8/6/3/4/6/4/2f225bd3-e40e-47c9-bc6d-1d1ec7a8b7db.jpg","","WhatsApp","","",""
"https://www.hepsiemlak.com/mugla-bodrum-yahsi-kiralik/mustakil-ev/163917-35","1 / 17","160.000","06/07/2026","Bodrum Yahşi De Denize Yürüme Mesafesinde Müstakil Havuzlu Villa","Kiralık Müstakil Ev","4 + 1","190 m²","2 Yaşında","·","Kat","Bahçe Katı","Muğla / Bodrum / Yahşi Mah.","https://hecdn01.hemlak.com/mncropresize/182/137/ds01/5/0/5/9/9/3/6/4/d54bc958-3156-474e-ae49-73e58704450c.jpg","Bodrum Arı Gayrimenkul","WhatsApp","","","https://hecdnnw.hemlak.com/mncropresize/77/67/logo/7/1/9/3/6/1/7256424a-f6b0-44e9-b0fe-5630ef819d8c.jpg"
"https://www.hepsiemlak.com/mugla-fethiye-oludeniz-kiralik/villa/52449-358","1 / 36","95.000","30/08/2026","Ovacık'ta Kiralık Tek Katlı Müstakil Villa","Kiralık Villa","3 + 1","120 m²","1 Yaşında","·","Kat","","Muğla / Fethiye / Ölüdeniz Mah.","https://hecdn01.hemlak.com/mncropresize/182/137/ds01/0/9/8/7/7/3/6/4/f4913afa-2ba4-40a0-bb5e-4490fd2f03d2.jpg","Gökçe Gayrimenkul","WhatsApp","Akın
                  Gökçe","https://hecdnnw.hemlak.com/mncropresize/77/67/firmuser/3/8/5/5/9/9/925044da-3737-4bbb-b846-f044550a087b.jpg","https://hecdnnw.hemlak.com/mncropresize/77/67/logo/9/4/4/2/5/0/3e57743e-c76d-4a7d-91b2-c18fcaf34b31.jpg"
"https://www.hepsiemlak.com/mugla-fethiye-gocek-kiralik/villa/105680-28","1 / 35","1.300.000","31/08/2026","Göcek De Full Eşyalı Müstakil Havuzlu Denız Manzaralı 4+1 Vılla","Kiralık Villa","4 + 1","220 m²","16 Yaşında","·","Kat","","Muğla / Fethiye / Göcek Mah.","https://hecdn01.hemlak.com/mncropresize/182/137/ds01/3/8/4/2/5/3/6/4/5d708df4-ce9d-4e23-be38-6472caa2dfa2.jpg","Devser İnşaat Emlak","WhatsApp","","","https://hecdnnw.hemlak.com/mncropresize/77/67/logo/0/8/6/5/0/1/377a7416-5bf0-4058-add1-35a36f20f93d.jpg"
"https://www.hepsiemlak.com/mugla-bodrum-dirmil-kiralik/villa/91577-44","1 / 60","200.000","12/08/2026","Yalıkavakta 1000 M² Bahçeli Özel Havuzlu Tek Kat Lüks 5+1 Villa","Kiralık Villa","5 + 1","350 m²","3 Yaşında","·","Kat","Bahçe Katı","Muğla / Bodrum / Dirmil Mah.","https://hecdn01.hemlak.com/mncropresize/182/137/ds01/4/4/4/4/4/3/6/4/003dd967-c4cd-4c59-8b4d-5ccc6a528829.jpg","","WhatsApp","","",""
"https://www.hepsiemlak.com/mugla-koycegiz-gelisim-kiralik/daire/134699-2319","1 / 20","45.000","03/08/2026","Köyceğiz Gelişim Mah.  3+1 Dubleks 135m2 Sıfır Kiralık Daire","Kiralık Daire","3 + 1","145 m²","Sıfır Bina","·","Kat","2. Kat","Muğla / Köyceğiz / Gelişim Mah.","https://hecdn01.hemlak.com/mncropresize/182/137/ds01/8/8/9/3/9/0/6/4/6a8459e4-2e80-4628-97f3-e656765fff6c.jpg","","WhatsApp","","",""
"https://www.hepsiemlak.com/mugla-seydikemer-gerisburnu-kiralik/daire/165249-14","1 / 20","18.000","16/06/2026","Ust'den Seydikemer Gerişburnun'da Kiralık Müstakil Girişli 2+1","Kiralık Daire","2 + 1","85 m²","Sıfır Bina","·","Kat","Yüksek Giriş","Muğla / Seydikemer / Gerişburnu Mah.","https://hecdn01.hemlak.com/mncropresize/182/137/ds01/3/9/8/6/9/9/5/4/ba9bae18-c145-4fd6-9b9a-9cdeac2507ec.jpg","Ust Gayrimenkul Danışmanlığı","WhatsApp","","","https://hecdnnw.hemlak.com/mncropresize/77/67/logo/9/4/2/5/6/1/1a5e2365-09f5-473a-8998-5c4bb577386c.jpg"
"https://www.hepsiemlak.com/mugla-datca-iskele-kiralik/daire/159473-157","1 / 20","55.000","03/08/2026","Borsem Datça Dönemsel Kiralık 2+1 Merkezde Daire","Kiralık Daire","2 + 1","85 m²","11 Yaşında","·","Kat","Yüksek Giriş","Muğla / Datça / İskele Mah.","https://hecdn01.hemlak.com/mncropresize/182/137/ds01/3/6/8/9/6/6/5/4/b6a850cb-7d89-4636-8ada-48d8a628f0a8.jpg","Borsem Datça Gayrimenkul","WhatsApp","","","https://hecdnnw.hemlak.com/mncropresize/77/67/logo/3/7/4/9/5/1/73d5f74d-a755-4889-9070-be5efcb11c72.jpg"
"https://www.hepsiemlak.com/mugla-bodrum-akyarlar-kiralik/yali-dairesi/111248-499","1 / 56","165.000","04/09/2026","Akyarlar Rüyakent Havuzlu Denize Sıfır Full Manzaralı Plajlı 3+1","Kiralık Yalı Dairesi","3 + 0","120 m²","20 Yaşında","·","Kat","2. Kat","Muğla / Bodrum / Akyarlar Mah.","https://hecdn01.hemlak.com/mncropresize/182/137/ds01/8/1/4/4/7/7/4/4/b1cba042f90a1f57c23624edbf6a34104a6b65727d74ec96a5470454cfb671542c17576c0b58bf278903e6c75864a407.jpg","","WhatsApp","","",""
"https://www.hepsiemlak.com/mugla-fethiye-patlangic-kiralik/daire/148225-1602","1 / 22","32.000","11/08/2026","Goldhouse Dan Kiralık Patlangıçta Site İçi Havuzlu 2+1 Daire","Kiralık Daire","2 + 1","85 m²","1 Yaşında","·","Kat","Yüksek Giriş","Muğla / Fethiye / Patlangıç Mah.","https://hecdn01.hemlak.com/mncropresize/182/137/ds01/4/2/6/4/0/1/7/4/78fa62eb-1420-49eb-9fa9-bc751e7e23b2.jpg","Gold House Gayrimenkul Danışmanlık","WhatsApp","","","https://hecdnnw.hemlak.com/mncropresize/77/67/logo/5/2/2/8/4/1/4f8ea576-51b4-46bd-b720-fdc14f8f889c.jpg"
"https://www.hepsiemlak.com/mugla-marmaris-icmeler-kiralik/daire/90448-2568","1 / 20","50.000","01/09/2026","İçmelerde Denize 150 Metre | 130 M² | 2+1 | 4 Balkon | Ferah","Kiralık Daire","2 + 1","140 m²","11 Yaşında","·","Kat","1. Kat","Muğla / Marmaris / İçmeler Mah.","https://hecdn01.hemlak.com/mncropresize/182/137/ds01/1/0/5/4/2/2/7/4/2544081e-8b28-418d-86a1-c30308e6aca4.jpg","Realty World Yalı Gayrimenkul","WhatsApp","","","https://hecdnnw.hemlak.com/mncropresize/77/67/logo/8/4/4/0/9/0/519ea66b-f940-4d90-989e-4de8065d111f.jpg"
"https://www.hepsiemlak.com/mugla-datca-iskele-kiralik/daire/18454-715","1 / 10","35.000","28/08/2026","Datça Merkezde 1+1 Eşyalı Kiralık Daire","Kiralık Daire","1 + 1","60 m²","6 Yaşında","·","Kat","1. Kat","Muğla / Datça / İskele Mah.","https://hecdn01.hemlak.com/mncropresize/182/137/ds01/1/3/8/1/4/8/6/4/53512d5e-476e-406f-b258-0e41e5c2b9f3.jpg","Canbey Emlak Datça","WhatsApp","","","https://hecdnnw.hemlak.com/mncropresize/77/67/logo/4/5/4/8/1/0/81ce76da-497f-43eb-8b58-6274c9b55a0f.jpg"
"https://www.hepsiemlak.com/mugla-seydikemer-zorlar-kiralik/daire/0-46967693","1 / 10","19.000","25/07/2026","Sahibinden Kiralık.","Kiralık Daire","4 + 1","156 m²","10 Yaşında","·","Kat","Zemin","Muğla / Seydikemer / Zorlar Mah.","","","WhatsApp","","",""
"https://www.hepsiemlak.com/mugla-fethiye-karagedik-kiralik/daire/4766-18614","1 / 20","200.000","01/07/2026","Sunset Beach Club’ta Denize Sıfır 2+1 Dubleks | Eşyalı | Jakuzi & Havuz Manzaralı Daire.","Kiralık Daire","2 + 1","90 m²","5 Yaşında","·","Kat","1. Kat","Muğla / Fethiye / Karagedik Mah.","","","WhatsApp","","",""
"https://www.hepsiemlak.com/mugla-bodrum-islamhaneleri-kiralik/daire/0-46799781","1 / 10","38.000","07/09/2026","Bodrum İslamhaneleri Sanatçılar Sitesi'nde 1+1 Eşyalı 0 Kiralık Daire","Kiralık Daire","1 + 1","55 m²","1 Yaşında","·","Kat","2. Kat","Muğla / Bodrum / İslamhaneleri Mah.","","","WhatsApp","","",""
"https://www.hepsiemlak.com/mugla-bodrum-akyarlar-kiralik/villa/8022-2687","1 / 29","100.000","27/08/2026","Nazar Emlak'tan Akyarlar Rüyakent Sitesinde Kiralık Villa","Kiralık Villa","4 + 1","180 m²","25 Yaşında","·","Kat","","Muğla / Bodrum / Akyarlar Mah.","https://hecdn01.hemlak.com/mncropresize/182/137/ds01/0/4/1/0/9/8/6/4/2a8968b5-d2c3-45bb-8264-eacc5251eb70.jpg","","WhatsApp","","",""
"https://www.hepsiemlak.com/mugla-bodrum-gundogan-kiralik/villa/51505-415","1 / 23","70.000","20/07/2026","Bodrum Gündoğan'da '' Özel Plajlı-Havuzlu-Yıllık '' Kiralık Villa","Kiralık Villa","3 + 1","142 m²","19 Yaşında","·","Kat","","Muğla / Bodrum / Gündoğan Mah.","https://www.hepsiemlak.com/_nuxt/8cafc93fb5c74c75e9e04e528e02ccdf.jpg","","WhatsApp","","",""
"https://www.hepsiemlak.com/mugla-fethiye-pazaryeri-kiralik/daire/135231-2900","1 / 10","25.000","24/08/2026","Stop’tan Menteşeoğlu’nda Bahçeli Eşyalı 2+1 Kiralık Daire","Kiralık Daire","2 + 1","85 m²","21 Yaşında","·","Kat","Zemin","Muğla / Fethiye / Pazaryeri Mah.","https://www.hepsiemlak.com/_nuxt/8cafc93fb5c74c75e9e04e528e02ccdf.jpg","Stop Gayrimenkul","WhatsApp","","","https://www.hepsiemlak.com/_nuxt/8cafc93fb5c74c75e9e04e528e02ccdf.jpg"
"https://www.hepsiemlak.com/mugla-datca-iskele-kiralik/daire/125843-612","1 / 24","140.000","07/08/2026","Datça Merkezde Kiralık 2+2 75 M² Deniz Manzaralı Tripleks Sezonluk Daire","Kiralık Daire","2 + 2","80 m²","1 Yaşında","·","Kat","Giriş Katı","Muğla / Datça / İskele Mah.","https://www.hepsiemlak.com/_nuxt/8cafc93fb5c74c75e9e04e528e02ccdf.jpg","Era Zeytin Gayrimenkul Datça","WhatsApp","","","https://www.hepsiemlak.com/_nuxt/8cafc93fb5c74c75e9e04e528e02ccdf.jpg"
"https://www.hepsiemlak.com/mugla-ortaca-dalyan-kiralik/daire/98449-1286","1 / 7","25.000","03/09/2026","Ortaca Dalyan Merkezde 1+1 Eşyalı 70 M2  Kiralık  Daire","Kiralık Daire","1 + 1","75 m²","25 Yaşında","·","Kat","2. Kat","Muğla / Ortaca / Dalyan Mah.","https://www.hepsiemlak.com/_nuxt/8cafc93fb5c74c75e9e04e528e02ccdf.jpg","Pikan Gayrimenkul","WhatsApp","","","https://www.hepsiemlak.com/_nuxt/8cafc93fb5c74c75e9e04e528e02ccdf.jpg"
"https://www.hepsiemlak.com/mugla-bodrum-bitez-kiralik/residence/128053-1369","1 / 10","75.000","31/08/2026","1+1 Kiralık Full Deniz Manzaralı Rezidans","Kiralık Residence","1 + 1","35 m²","1 Yaşında","·","Kat","2. Kat","Muğla / Bodrum / Bitez Mah.","https://www.hepsiemlak.com/_nuxt/8cafc93fb5c74c75e9e04e528e02ccdf.jpg","Global İpek Yapı A.Ş","WhatsApp","Ramazan
                  İpek","https://www.hepsiemlak.com/_nuxt/8cafc93fb5c74c75e9e04e528e02ccdf.jpg","https://www.hepsiemlak.com/_nuxt/8cafc93fb5c74c75e9e04e528e02ccdf.jpg"
"https://www.hepsiemlak.com/mugla-mentese-orhaniye-kiralik/daire/7027-1487","1 / 10","75.000","05/08/2026","Beyaz Rezidans’ta Kiralık 3+1 Daire","Kiralık Daire","3 + 1","160 m²","3 Yaşında","·","Kat","2. Kat","Muğla / Menteşe / Orhaniye Mah.","https://www.hepsiemlak.com/_nuxt/8cafc93fb5c74c75e9e04e528e02ccdf.jpg","Tunç Emlak","WhatsApp","","","https://www.hepsiemlak.com/_nuxt/8cafc93fb5c74c75e9e04e528e02ccdf.jpg"
"https://www.hepsiemlak.com/mugla-milas-gulluk-kiralik/daire/135418-174","1 / 14","33.000","15/08/2026","Güllük Merkezde 2+1 Kiralık Boş Daire","Kiralık Daire","2 + 1","100 m²","15 Yaşında","·","Kat","2. Kat","Muğla / Milas / Güllük Mah.","https://www.hepsiemlak.com/_nuxt/8cafc93fb5c74c75e9e04e528e02ccdf.jpg","","WhatsApp","","",""
"https://www.hepsiemlak.com/mugla-seydikemer-belen-kiralik/daire/150925-764","1 / 10","14.000","21/08/2026","🔥 Seydikemer Belen Mahallesi’nde Kaçırılmayacak Kiralık! 🔥","Kiralık Daire","3 + 1","140 m²","15 Yaşında","·","Kat","Giriş Katı","Muğla / Seydikemer / Belen Mah.","https://www.hepsiemlak.com/_nuxt/8cafc93fb5c74c75e9e04e528e02ccdf.jpg","Uğur Emlak Seydikemer","WhatsApp","","","https://www.hepsiemlak.com/_nuxt/8cafc93fb5c74c75e9e04e528e02ccdf.jpg"
"https://www.hepsiemlak.com/mugla-bodrum-turkbuku-kiralik/villa/28765-15990","1 / 35","110.000","08/08/2026","Bodrum Türkbükü Kiralık 5+1 Geniş Ve Ferah Tripleks Villa","Kiralık Villa","5 + 1","225 m²","16 Yaşında","·","Kat","Bahçe Katı","Muğla / Bodrum / Türkbükü Mah.","https://www.hepsiemlak.com/_nuxt/8cafc93fb5c74c75e9e04e528e02ccdf.jpg","Coldwell Banker Artemis","WhatsApp","","","https://www.hepsiemlak.com/_nuxt/8cafc93fb5c74c75e9e04e528e02ccdf.jpg"
"https://www.hepsiemlak.com/mugla-fethiye-oludeniz-kiralik/daire/163109-177","1 / 51","40.000","21/07/2026","Ölüdeniz De Otel Konforunda 1+1 Swim-Up Dubleks Daire Fırsat","Kiralık Daire","1 + 1","90 m²","2 Yaşında","·","Kat","1. Kat","Muğla / Fethiye / Ölüdeniz Mah.","https://www.hepsiemlak.com/_nuxt/8cafc93fb5c74c75e9e04e528e02ccdf.jpg","Prıvekey Gayrimenkul","WhatsApp","","","https://www.hepsiemlak.com/_nuxt/8cafc93fb5c74c75e9e04e528e02ccdf.jpg"
"https://www.hepsiemlak.com/mugla-milas-bogazici-kiralik/villa/1876-3589","1 / 27","80.000","27/08/2026","Bodrumda Sahile Yakın Lüks Eşyalı Kiralık Villa | Tekce","Kiralık Villa","3 + 1","110 m²","3 Yaşında","·","Kat","","Muğla / Milas / Boğaziçi Mah.","https://www.hepsiemlak.com/_nuxt/8cafc93fb5c74c75e9e04e528e02ccdf.jpg","Tekce Gayrimenkul","WhatsApp","","","https://www.hepsiemlak.com/_nuxt/8cafc93fb5c74c75e9e04e528e02ccdf.jpg"
"https://www.hepsiemlak.com/mugla-dalaman-hurriyet-kiralik/daire/10402-11594","1 / 23","35.000","25/08/2026","Cesur Emlak'tan | Dalaman Hürriyet Mahallesi Havuzlu, Tam Eşyalı","Kiralık Daire","2 + 1","110 m²","2 Yaşında","·","Kat","2. Kat","Muğla / Dalaman / Hürriyet Mah.","https://www.hepsiemlak.com/_nuxt/8cafc93fb5c74c75e9e04e528e02ccdf.jpg","","WhatsApp","","",""
"https://www.hepsiemlak.com/mugla-bodrum-yalikavak-kiralik/villa/170427-120","1 / 29","200.000","29/08/2026","Yalıkavak Marina Manzaralı Muhteşem Villa","Kiralık Villa","6 + 1","260 m²","11 Yaşında","·","Kat","Bahçe Katı","Muğla / Bodrum / Yalıkavak Mah.","https://www.hepsiemlak.com/_nuxt/8cafc93fb5c74c75e9e04e528e02ccdf.jpg","Bodrum Zeytin Gayrimenkul Ticaret Anonim Şirketi","WhatsApp","","","https://www.hepsiemlak.com/_nuxt/8cafc93fb5c74c75e9e04e528e02ccdf.jpg"
"https://www.hepsiemlak.com/mugla-bodrum-gundogan-kiralik/daire/135522-463","1 / 23","240.000","07/09/2026","Gündoğan Merkezi Lokasyon Personel Lojmanı","Kiralık Daire","4 + 1","180 m²","16 Yaşında","·","Kat","3. Kat","Muğla / Bodrum / Gündoğan Mah.","https://www.hepsiemlak.com/_nuxt/8cafc93fb5c74c75e9e04e528e02ccdf.jpg","Yükselen Gayrimenkul","WhatsApp","","","https://www.hepsiemlak.com/_nuxt/8cafc93fb5c74c75e9e04e528e02ccdf.jpg"
"https://www.hepsiemlak.com/mugla-bodrum-gumusluk-kiralik/mustakil-ev/82628-1087","1 / 56","70.000","05/09/2026","Fc Group Gümüşlük, Keyifli,Geniş Balkonlu Müstakil Dublex 3+1 Ev","Kiralık Müstakil Ev","3 + 1","210 m²","11 Yaşında","","","","Muğla / Bodrum / Gümüşlük Mah.","https://www.hepsiemlak.com/_nuxt/8cafc93fb5c74c75e9e04e528e02ccdf.jpg","Fc Group","WhatsApp","","","https://www.hepsiemlak.com/_nuxt/8cafc93fb5c74c75e9e04e528e02ccdf.jpg"
"https://www.hepsiemlak.com/mugla-ortaca-beskopru-kiralik/daire/163462-203","1 / 12","20.000","26/08/2026","Egeport Emlaktan Ortaca Merkezde Geniş Kiralık 1+1 Daire","Kiralık Daire","1 + 1","55 m²","Sıfır Bina","·","Kat","5. Kat","Muğla / Ortaca / Beşköprü Mah.","https://www.hepsiemlak.com/_nuxt/8cafc93fb5c74c75e9e04e528e02ccdf.jpg","Egeport Emlak","WhatsApp","","","https://www.hepsiemlak.com/_nuxt/8cafc93fb5c74c75e9e04e528e02ccdf.jpg"
"https://www.hepsiemlak.com/mugla-datca-kizlan-kiralik/daire/0-47188650","1 / 9","40.000","06/09/2026","Datça Billurkent 8 - 15 Eylül Kiralık En Ön Havuz Köşe Üst Kat","Kiralık Daire","1 + 1","65 m²","25 Yaşında","·","Kat","1. Kat","Muğla / Datça / Kızlan Mah.","https://www.hepsiemlak.com/_nuxt/8cafc93fb5c74c75e9e04e528e02ccdf.jpg","","WhatsApp","","",""
"https://www.hepsiemlak.com/mugla-dalaman-ege-kiralik/villa/13865-1594","1 / 18","30.000","28/08/2026","Havuzlu 2+1 Çift Banyolu Güvenlikli Site İçinde Uzun Dönem","Kiralık Villa","2 + 1","100 m²","2 Yaşında","·","Kat","","Muğla / Dalaman / Ege Mah.","https://www.hepsiemlak.com/_nuxt/8cafc93fb5c74c75e9e04e528e02ccdf.jpg","Evarsa","WhatsApp","","","https://www.hepsiemlak.com/_nuxt/8cafc93fb5c74c75e9e04e528e02ccdf.jpg"
"https://www.hepsiemlak.com/mugla-dalaman-altintas-kiralik/daire/146387-911","1 / 9","23.000","04/09/2026","Airport Emlaktan *üniversiteye Yakın* 1+1 Eşyalı Kiralık Daire","Kiralık Daire","1 + 1","55 m²","5 Yaşında","·","Kat","3. Kat","Muğla / Dalaman / Altıntas Mah.","https://www.hepsiemlak.com/_nuxt/8cafc93fb5c74c75e9e04e528e02ccdf.jpg","Dalaman Aırport Emlak","WhatsApp","","","https://www.hepsiemlak.com/_nuxt/8cafc93fb5c74c75e9e04e528e02ccdf.jpg"
"https://www.hepsiemlak.com/mugla-yatagan-dere-kiralik/daire/63424-1491","1 / 21","25.000","20/08/2026","Kiralık Eşyalı Daire 2+1 Doğal Gazlı  110 M2.Sifır","Kiralık Daire","2 + 1","120 m²","Sıfır Bina","·","Kat","Zemin","Muğla / Yatağan / Dere Mah.","https://www.hepsiemlak.com/_nuxt/8cafc93fb5c74c75e9e04e528e02ccdf.jpg","Eren Emlak","WhatsApp","Hüseyin
                  Eren","https://www.hepsiemlak.com/_nuxt/8cafc93fb5c74c75e9e04e528e02ccdf.jpg","https://www.hepsiemlak.com/_nuxt/8cafc93fb5c74c75e9e04e528e02ccdf.jpg"
"https://www.hepsiemlak.com/mugla-ortaca-cumhuriyet-kiralik/daire/168067-19","1 / 7","17.000","10/09/2026","Ortaca Cumhuriyet Mahallesinde Kiralık 1+1 Daire","Kiralık Daire","1 + 1","50 m²","3 Yaşında","·","Kat","3. Kat","Muğla / Ortaca / Cumhuriyet Mah.","","Kalinda Yapı Emlak","WhatsApp","","https://hecdnnw.hemlak.com/mncropresize/77/67/logo/7/6/0/8/6/1/f430fef0-1d3f-4453-986b-ec5e7fcd1312.jpg",""
"https://www.hepsiemlak.com/mugla-bodrum-peksimet-kiralik/daire/6449-2036","1 / 8","15.000","03/09/2026","S-A-K-A-L-L-I-Dan Kadıkalesinde Kiralık Eşyalı Stüdyo Daire","Kiralık Daire","Stüdyo","20 m²","26 Yaşında","·","Kat","2. Kat","Muğla / Bodrum / Peksimet Mah.","","","WhatsApp","","",""
"https://www.hepsiemlak.com/mugla-bodrum-akyarlar-kiralik/daire/148118-79","1 / 11","35.000","23/07/2026","Bodrum Akyarlar Kiralık 2+1 Daire","Kiralık Daire","1 + 1","120 m²","6 Yaşında","·","Kat","Zemin","Muğla / Bodrum / Akyarlar Mah.","","","WhatsApp","","",""
"https://www.hepsiemlak.com/mugla-bodrum-turgutreis-kiralik/daire/34403-3082","1 / 20","60.000","13/07/2026","Doğuş Emlak'tan Turgutreis En Merkezde Bahçeli Lüks Modern 2+1","Kiralık Daire","2 + 1","80 m²","3 Yaşında","·","Kat","Bahçe Katı","Muğla / Bodrum / Turgutreis Mah.","https://hecdn01.hemlak.com/mncropresize/182/137/ds01/5/8/5/9/1/7/6/4/87e79778-4bf4-4a05-9589-e538482dfb34.jpg","Doğuş Emlak","WhatsApp","Bedri Taşkın
                  İşcan","https://hecdnnw.hemlak.com/mncropresize/77/67/firmuser/3/5/4/7/0/7/18602e2c-68e8-4185-b499-38b05709c0f6.jpg","https://hecdnnw.hemlak.com/mncropresize/77/67/logo/3/0/4/4/3/0/545b9eb9-e609-4d22-a517-33667da86639.jpg"
"https://www.hepsiemlak.com/mugla-ortaca-eksiliyurt-kiralik/mustakil-ev/169457-3","1 / 13","30.000","21/07/2026","Kemaliye’de Müstakil Yaşam Kiralık 2+1 Daire","Kiralık Müstakil Ev","2 + 0","125 m²","6 Yaşında","·","Kat","","Muğla / Ortaca / Ekşiliyurt Mah.","https://www.hepsiemlak.com/_nuxt/8cafc93fb5c74c75e9e04e528e02ccdf.jpg","Dalyan Port Gayrimenkul","WhatsApp","","","https://www.hepsiemlak.com/img/loadings/noImage55-55.png"
"https://www.hepsiemlak.com/mugla-dalaman-karacali-kiralik/daire/158981-54","1 / 13","25.000","04/09/2026","Muğla Dalaman Merkezde Kiralık Havuzlu Uzun Dönem 1+1 Daire","Kiralık Daire","1 + 1","50 m²","1 Yaşında","·","Kat","Yüksek Giriş","Muğla / Dalaman / Karaçalı Mah.","https://www.hepsiemlak.com/_nuxt/8cafc93fb5c74c75e9e04e528e02ccdf.jpg","Velioğlu Gayrimenkul","WhatsApp","İbrahim
                  Polat","https://www.hepsiemlak.com/_nuxt/8cafc93fb5c74c75e9e04e528e02ccdf.jpg","https://www.hepsiemlak.com/_nuxt/8cafc93fb5c74c75e9e04e528e02ccdf.jpg"
"https://www.hepsiemlak.com/mugla-datca-mesudiye-kiralik/daire/162432-348","1 / 14","30.000","27/08/2026","Startkey Pelit Mesudiye'de Deniz Manzaralı 1+1 Kiralık Daire","Kiralık Daire","1 + 1","40 m²","16 Yaşında","·","Kat","2. Kat","Muğla / Datça / Mesudiye Mah.","https://www.hepsiemlak.com/_nuxt/8cafc93fb5c74c75e9e04e528e02ccdf.jpg","Startkey Pelit Gayrimenkul","WhatsApp","","","https://www.hepsiemlak.com/_nuxt/8cafc93fb5c74c75e9e04e528e02ccdf.jpg"
"https://www.hepsiemlak.com/mugla-bodrum-turkbuku-kiralik/daire/92704-80","1 / 17","200.000","27/07/2026","Türkbükü Merkezde Denize 200 Mt Kiralık Daire","Kiralık Daire","2 + 1","120 m²","6 Yaşında","·","Kat","2. Kat","Muğla / Bodrum / Türkbükü Mah.","https://www.hepsiemlak.com/_nuxt/8cafc93fb5c74c75e9e04e528e02ccdf.jpg","","WhatsApp","","",""
"https://www.hepsiemlak.com/mugla-bodrum-torba-kiralik/mustakil-ev/112622-2139","1 / 30","290.000","07/08/2026","Torbada Kiralık Komple Müstakil Bina 7 Daire Yıllık Kiralık","Kiralık Müstakil Ev","7 + 3","300 m²","6 Yaşında","·","Kat","Bahçe Katı","Muğla / Bodrum / Torba Mah.","https://www.hepsiemlak.com/_nuxt/8cafc93fb5c74c75e9e04e528e02ccdf.jpg","Bodrum Emlak","WhatsApp","","","https://www.hepsiemlak.com/_nuxt/8cafc93fb5c74c75e9e04e528e02ccdf.jpg"
"https://www.hepsiemlak.com/mugla-bodrum-geris-kiralik/villa/153968-259","1 / 31","550.000","06/08/2026","Bodrum, Yalıkavak'ta Denize Sıfır Plajlı Villa","Kiralık Villa","3 + 1","300 m²","11 Yaşında","·","Kat","Bahçe Katı","Muğla / Bodrum / Geriş Mah.","https://www.hepsiemlak.com/_nuxt/8cafc93fb5c74c75e9e04e528e02ccdf.jpg","Century21 Trio","WhatsApp","","","https://www.hepsiemlak.com/_nuxt/8cafc93fb5c74c75e9e04e528e02ccdf.jpg"
"https://www.hepsiemlak.com/mugla-bodrum-yahsi-kiralik/daire/166551-85","1 / 21","85.000","08/09/2026","Bodrum Yahşi Kiralık 2+1 Havuzlu Site İçerisinde Sahile 5 Dk","Kiralık Daire","2 + 1","120 m²","6 Yaşında","·","Kat","2. Kat","Muğla / Bodrum / Yahşi Mah.","https://www.hepsiemlak.com/_nuxt/8cafc93fb5c74c75e9e04e528e02ccdf.jpg","Duygu Akıncı Real Estate","WhatsApp","","","https://www.hepsiemlak.com/_nuxt/8cafc93fb5c74c75e9e04e528e02ccdf.jpg"
"https://www.hepsiemlak.com/mugla-bodrum-islamhaneleri-kiralik/villa/136075-401","1 / 35","50.000","02/08/2026","İslamhaneleri'nde Kiralık Villa Yahşi Koyu Deniz Manzaralı","Kiralık Villa","3 + 1","165 m²","11 Yaşında","·","Kat","Bahçe Katı","Muğla / Bodrum / İslamhaneleri Mah.","https://www.hepsiemlak.com/_nuxt/8cafc93fb5c74c75e9e04e528e02ccdf.jpg","İron Real Estate","WhatsApp","Fatma
                  Demir","https://www.hepsiemlak.com/_nuxt/8cafc93fb5c74c75e9e04e528e02ccdf.jpg",""
"https://www.hepsiemlak.com/mugla-dalaman-karacali-kiralik/villa/170150-31","1 / 40","48.000","02/09/2026","Yetkılı Ofis Karacalı Da Ultra Luks Uzun Donem Kiralık Villalar","Kiralık Villa","2 + 1","140 m²","Sıfır Bina","·","Kat","Bahçe Katı","Muğla / Dalaman / Karaçalı Mah.","https://www.hepsiemlak.com/_nuxt/8cafc93fb5c74c75e9e04e528e02ccdf.jpg","","WhatsApp","","",""
"https://www.hepsiemlak.com/mugla-bodrum-gurece-kiralik/villa/17216-4079","1 / 35","200.000","26/06/2026","Bodrum Gürecede Deniz Manzaralı Lüks 5+2 Müstakil Havuzlu Villa","Kiralık Villa","5 + 2","350 m²","Sıfır Bina","·","Kat","Bahçe Katı","Muğla / Bodrum / Gürece Mah.","https://www.hepsiemlak.com/_nuxt/8cafc93fb5c74c75e9e04e528e02ccdf.jpg","Amerıcana Realty Zemlak","WhatsApp","Uzay
                  Merttürk","https://www.hepsiemlak.com/_nuxt/8cafc93fb5c74c75e9e04e528e02ccdf.jpg","https://www.hepsiemlak.com/_nuxt/8cafc93fb5c74c75e9e04e528e02ccdf.jpg"
"https://www.hepsiemlak.com/mugla-fethiye-oludeniz-kiralik/daire/160235-136","1 / 35","400.000","05/08/2026","Fethiye Hisarönü Mevki Site İçi Havuzlu Kiralık Daire","Kiralık Daire","2 + 1","100 m²","6 Yaşında","·","Kat","3. Kat","Muğla / Fethiye / Ölüdeniz Mah.","https://www.hepsiemlak.com/_nuxt/8cafc93fb5c74c75e9e04e528e02ccdf.jpg","Mirsu Gayrimenkul Fethıye","WhatsApp","Hasan
                  Pekdağlı","https://www.hepsiemlak.com/_nuxt/8cafc93fb5c74c75e9e04e528e02ccdf.jpg",""
"https://www.hepsiemlak.com/mugla-bodrum-dirmil-kiralik/villa/79583-1643","1 / 50","1.850.000","11/07/2026","Exper'den Full Manzaralı İzole 6+1 Olimpik Havuz Geniş Bahçe","Kiralık Villa","6 + 1","600 m²","6 Yaşında","·","Kat","Bahçe Katı","Muğla / Bodrum / Dirmil Mah.","https://www.hepsiemlak.com/_nuxt/8cafc93fb5c74c75e9e04e528e02ccdf.jpg","Exper Gayrimenkul","WhatsApp","","","https://www.hepsiemlak.com/_nuxt/8cafc93fb5c74c75e9e04e528e02ccdf.jpg"
"https://www.hepsiemlak.com/mugla-bodrum-konacik-kiralik/daire/103485-595","1 / 35","70.000","26/08/2026","Modern Site İçerisinde Havuzlu,Full Deniz Manzaralı Lüx Rezidans","Kiralık Daire","2 + 1","105 m²","2 Yaşında","·","Kat","2. Kat","Muğla / Bodrum / Konacık Mah.","https://www.hepsiemlak.com/_nuxt/8cafc93fb5c74c75e9e04e528e02ccdf.jpg","Bodrum Artemis Gayrimenkul","WhatsApp","Utku Erkan
                  Barış","https://www.hepsiemlak.com/_nuxt/8cafc93fb5c74c75e9e04e528e02ccdf.jpg","https://www.hepsiemlak.com/_nuxt/8cafc93fb5c74c75e9e04e528e02ccdf.jpg"
"https://www.hepsiemlak.com/mugla-marmaris-orhaniye-kiralik/villa/149115-198","1 / 24","85.000","11/07/2026","Marmaris Orhaniye'de Martı Marinaya Yakın Kiralık Villa","Kiralık Villa","3 + 1","200 m²","11 Yaşında","·","Kat","Bahçe Katı","Muğla / Marmaris / Orhaniye Mah.","https://www.hepsiemlak.com/_nuxt/8cafc93fb5c74c75e9e04e528e02ccdf.jpg","Ahmet Ayar Real Estate","WhatsApp","","","https://www.hepsiemlak.com/_nuxt/8cafc93fb5c74c75e9e04e528e02ccdf.jpg"
"https://www.hepsiemlak.com/mugla-bodrum-cirkan-kiralik/daire/5343-12058","1 / 40","75.000","13/06/2026","Bodrum-Konacık'ta Ege Denizi Manzaralı 3+1 Flat Daire","Kiralık Daire","3 + 1","160 m²","7 Yaşında","·","Kat","En Üst Kat","Muğla / Bodrum / Çırkan Mah.","https://www.hepsiemlak.com/_nuxt/8cafc93fb5c74c75e9e04e528e02ccdf.jpg","Keller Wıllıams Bodrum","WhatsApp","","","https://www.hepsiemlak.com/_nuxt/8cafc93fb5c74c75e9e04e528e02ccdf.jpg"
"https://www.hepsiemlak.com/mugla-marmaris-turunc-kiralik/daire/47416-1003","1 / 35","100.000","27/07/2026","Havuzlu Site İçerisinde Uzun Dönem Kiralık Dubleks Ev.","Kiralık Daire","3 + 1","230 m²","11 Yaşında","·","Kat","Bahçe Katı","Muğla / Marmaris / Turunç Mah.","https://www.hepsiemlak.com/_nuxt/8cafc93fb5c74c75e9e04e528e02ccdf.jpg","Turunç Tuna Emlak","WhatsApp","Semih
                  Tuna","https://www.hepsiemlak.com/_nuxt/8cafc93fb5c74c75e9e04e528e02ccdf.jpg","https://www.hepsiemlak.com/_nuxt/8cafc93fb5c74c75e9e04e528e02ccdf.jpg"
"https://www.hepsiemlak.com/mugla-dalaman-atakent-kiralik/villa/158955-223","1 / 35","55.000","21/06/2026","Dalaman Akkayada Havuzlu Sitede 2+1 Full Eşyalı Kiralık Villa","Kiralık Villa","2 + 1","110 m²","2 Yaşında","·","Kat","Bahçe Katı","Muğla / Dalaman / Atakent Mah.","https://www.hepsiemlak.com/_nuxt/8cafc93fb5c74c75e9e04e528e02ccdf.jpg","Golden Case Realty","WhatsApp","","","https://www.hepsiemlak.com/_nuxt/8cafc93fb5c74c75e9e04e528e02ccdf.jpg"
"https://www.hepsiemlak.com/mugla-koycegiz-zeytinalani-kiralik/villa/145196-390","1 / 17","15.000","03/07/2026","Muğla/köyceğiz/zeytinalanı Günlük Havuzlumustakil Kiralık Villa","Kiralık Villa","5 + 1","200 m²","6 Yaşında","·","Kat","","Muğla / Köyceğiz / Zeytinalanı Mah.","https://www.hepsiemlak.com/_nuxt/8cafc93fb5c74c75e9e04e528e02ccdf.jpg","Doğa Cıty Emlak","WhatsApp","Doğa Cıty Emlak
                  Doğa Cıty Emlak","https://www.hepsiemlak.com/_nuxt/8cafc93fb5c74c75e9e04e528e02ccdf.jpg",""
"https://www.hepsiemlak.com/mugla-milas-haciabti-kiralik/daire/164974-267","1 / 17","25.500","16/07/2026","Milas Haciabdi Mahallesinde 3+1 Kiralık Daire","Kiralık Daire","3 + 1","115 m²","6 Yaşında","·","Kat","Yüksek Giriş","Muğla / Milas / Hacıabti Mah.","https://www.hepsiemlak.com/_nuxt/8cafc93fb5c74c75e9e04e528e02ccdf.jpg","Harmaya Gayrimenkul","WhatsApp","","","https://www.hepsiemlak.com/_nuxt/8cafc93fb5c74c75e9e04e528e02ccdf.jpg"
"https://www.hepsiemlak.com/mugla-bodrum-islamhaneleri-kiralik/daire/161286-108","1 / 35","120.000","31/07/2026","Bodrum Bankev Sitesi Migros Altında Kiralık Alt Dubleks Daire","Kiralık Daire","2 + 1","105 m²","21 Yaşında","·","Kat","Giriş Katı","Muğla / Bodrum / İslamhaneleri Mah.","https://www.hepsiemlak.com/_nuxt/8cafc93fb5c74c75e9e04e528e02ccdf.jpg","Mudi Gayrimenkul İstanbul - Bodrum","WhatsApp","","","https://www.hepsiemlak.com/_nuxt/8cafc93fb5c74c75e9e04e528e02ccdf.jpg"
"https://www.hepsiemlak.com/mugla-bodrum-golkoy-kiralik/daire/91577-43","1 / 36","85.000","07/08/2026","Gölköyde Huzurlu Yaşamortak Havuzlu Yıllık Kiralık 3+1 Daire","Kiralık Daire","3 + 1","110 m²","1 Yaşında","·","Kat","Bahçe Katı","Muğla / Bodrum / Gölköy Mah.","","","WhatsApp","","",""
"https://www.hepsiemlak.com/mugla-koycegiz-gelisim-kiralik/daire/134699-2316","1 / 20","40.000","03/08/2026","Köyceğiz Gelişim Mah. Sıfır  Merkezi Konumda Lüks  2+1 Kiralık  Daire","Kiralık Daire","2 + 1","100 m²","Sıfır Bina","·","Kat","2. Kat","Muğla / Köyceğiz / Gelişim Mah.","","","WhatsApp","","",""
"https://www.hepsiemlak.com/mugla-fethiye-gocek-kiralik/villa/105680-25","1 / 35","140.000","26/06/2026","Göcek Merkezde Müstakil Bahçe Ve Havuzlu Eşyalı Kiralık Villa","Kiralık Villa","4 + 1","240 m²","3 Yaşında","·","Kat","Bahçe Katı","Muğla / Fethiye / Göcek Mah.","https://hecdnnw.hemlak.com/mncropresize/77/67/logo/0/8/6/5/0/1/377a7416-5bf0-4058-add1-35a36f20f93d.jpg","Devser İnşaat Emlak","WhatsApp","","",""
"https://www.hepsiemlak.com/mugla-dalaman-merkez-kiralik/daire/140221-275","1 / 22","23.000","09/09/2026","Dalaman Merkez Mahallesinde 1+1 Eşyalı Kiralık Daire","Kiralık Daire","1 + 1","65 m²","2 Yaşında","·","Kat","2. Kat","Muğla / Dalaman / Merkez Mah.","https://hecdn01.hemlak.com/mncropresize/182/137/ds01/4/7/2/3/3/4/5/4/1927442a-5ce5-4e51-b7de-c7221c61a57f.jpg","Lider Emlak","WhatsApp","","","https://hecdnnw.hemlak.com/mncropresize/77/67/logo/1/2/2/0/4/1/1a8a70f1-5a79-4e7c-8322-226b08eafa04.jpg"
"https://www.hepsiemlak.com/mugla-bodrum-turgutreis-kiralik/daire/129045-719","1 / 19","300.000","22/07/2026","Turgutreis D-Marin'e Yakın Deniz Manzaralı 4+1 Kiralık Daire","Kiralık Daire","4 + 1","160 m²","11 Yaşında","·","Kat","1. Kat","Muğla / Bodrum / Turgutreis Mah.","https://www.hepsiemlak.com/_nuxt/8cafc93fb5c74c75e9e04e528e02ccdf.jpg","Coldwell Banker Erva","WhatsApp","","","https://www.hepsiemlak.com/_nuxt/8cafc93fb5c74c75e9e04e528e02ccdf.jpg"
"https://www.hepsiemlak.com/mugla-mentese-yenikoy-kiralik/daire/94718-3284","1 / 12","25.000","18/08/2026","Muğla Menteşe Yeniköy Mahallesi'nde Kiralık 2+1 Daire","Kiralık Daire","2 + 1","65 m²","8 Yaşında","·","Kat","Giriş Katı","Muğla / Menteşe / Yeniköy Mah.","https://www.hepsiemlak.com/_nuxt/8cafc93fb5c74c75e9e04e528e02ccdf.jpg","Kdm Gayrimenkul Muğla","WhatsApp","","","https://www.hepsiemlak.com/_nuxt/8cafc93fb5c74c75e9e04e528e02ccdf.jpg"
"https://www.hepsiemlak.com/mugla-bodrum-yokusbasi-kiralik/mustakil-ev/15227-3833","1 / 24","75.000","31/08/2026","Bodrum Merkez Yokuşbaşında Hikmet'ten Yola Sıfır   Üst Dublex","Kiralık Müstakil Ev","3 + 1","140 m²","15 Yaşında","·","Kat","","Muğla / Bodrum / Yokuşbaşı Mah.","https://www.hepsiemlak.com/_nuxt/8cafc93fb5c74c75e9e04e528e02ccdf.jpg","","WhatsApp","","",""
"https://www.hepsiemlak.com/mugla-dalaman-karacali-kiralik/daire/0-47109135","1 / 8","20.000","11/08/2026","Dalaman Pazar Yeri 2+1","Kiralık Daire","2 + 1","105 m²","25 Yaşında","·","Kat","2. Kat","Muğla / Dalaman / Karaçalı Mah.","https://www.hepsiemlak.com/_nuxt/8cafc93fb5c74c75e9e04e528e02ccdf.jpg","","WhatsApp","","",""
"https://www.hepsiemlak.com/mugla-mentese-kotekli-kiralik/daire/100858-734","1 / 8","25.000","09/09/2026","Muğla Kötekli De Full Eşyalı 1+1   Kiralık Daire","Kiralık Daire","1 + 1","45 m²","12 Yaşında","·","Kat","2. Kat","Muğla / Menteşe / Kötekli Mah.","https://www.hepsiemlak.com/_nuxt/8cafc93fb5c74c75e9e04e528e02ccdf.jpg","Tolga Emlak Muğla","WhatsApp","","","https://www.hepsiemlak.com/_nuxt/8cafc93fb5c74c75e9e04e528e02ccdf.jpg"
"https://www.hepsiemlak.com/mugla-dalaman-altintas-kiralik/daire/117249-500","1 / 21","24.000","04/09/2026","Havuzlu Sitede Bahçe Kullanımlı 1+1 Eşyalı Daire","Kiralık Daire","1 + 1","75 m²","6 Yaşında","·","Kat","Bahçe Katı","Muğla / Dalaman / Altıntas Mah.","https://www.hepsiemlak.com/_nuxt/8cafc93fb5c74c75e9e04e528e02ccdf.jpg","Ata Gayrimenkul","WhatsApp","","","https://www.hepsiemlak.com/_nuxt/8cafc93fb5c74c75e9e04e528e02ccdf.jpg"
"https://www.hepsiemlak.com/mugla-milas-aydinlikevler-kiralik/daire/61330-1115","1 / 23","25.000","29/06/2026","Muğla Milas Aydınlıkevler Mahallesi Kiralık Daire","Kiralık Daire","3 + 1","125 m²","25 Yaşında","·","Kat","1. Kat","Muğla / Milas / Aydınlıkevler Mah.","https://www.hepsiemlak.com/_nuxt/8cafc93fb5c74c75e9e04e528e02ccdf.jpg","Mehmet Emlak Milas","WhatsApp","Mehmet
                  Kırkık","https://www.hepsiemlak.com/_nuxt/8cafc93fb5c74c75e9e04e528e02ccdf.jpg","https://www.hepsiemlak.com/_nuxt/8cafc93fb5c74c75e9e04e528e02ccdf.jpg"
"https://www.hepsiemlak.com/mugla-ortaca-terzialiler-kiralik/daire/82884-2012","1 / 24","30.000","28/08/2026","Ortaca Terzialiler Mah.Kiralık 3+1 Geniş Daire Kapalı Mutfak","Kiralık Daire","3 + 1","145 m²","6 Yaşında","·","Kat","En Üst Kat","Muğla / Ortaca / Terzialiler Mah.","https://www.hepsiemlak.com/_nuxt/8cafc93fb5c74c75e9e04e528e02ccdf.jpg","Elit Emlak","WhatsApp","","","https://www.hepsiemlak.com/_nuxt/8cafc93fb5c74c75e9e04e528e02ccdf.jpg"
"https://www.hepsiemlak.com/mugla-bodrum-gundogan-kiralik/villa/7495-1378","1 / 15","875.000","18/07/2026","Gökçebelde Site İçinde Havuzlu Sezonluk Kiralık Villa","Kiralık Villa","3 + 1","120 m²","6 Yaşında","·","Kat","Bahçe Katı","Muğla / Bodrum / Gündoğan Mah.","https://www.hepsiemlak.com/_nuxt/8cafc93fb5c74c75e9e04e528e02ccdf.jpg","","WhatsApp","","",""
"https://www.hepsiemlak.com/mugla-milas-emek-kiralik/daire/129276-719","1 / 14","25.000","27/07/2026","Milas Emek Mahallesinde Kiralık 2+1","Kiralık Daire","2 + 1","80 m²","5 Yaşında","·","Kat","Zemin","Muğla / Milas / Emek Mah.","https://www.hepsiemlak.com/_nuxt/8cafc93fb5c74c75e9e04e528e02ccdf.jpg","Olea Emlak Danışmanlık","WhatsApp","","","https://www.hepsiemlak.com/_nuxt/8cafc93fb5c74c75e9e04e528e02ccdf.jpg"
"https://www.hepsiemlak.com/mugla-bodrum-turkbuku-kiralik/villa/39495-584","1 / 22","430.000","06/08/2026","Türkbükü`nde Denize Sıfır Site İçerisinde Kiralık Dubleks","Kiralık Villa","4 + 1","160 m²","26 Yaşında","·","Kat","Bahçe Katı","Muğla / Bodrum / Türkbükü Mah.","https://www.hepsiemlak.com/_nuxt/8cafc93fb5c74c75e9e04e528e02ccdf.jpg","Yazlık Gayrimenkul","WhatsApp","","","https://www.hepsiemlak.com/_nuxt/8cafc93fb5c74c75e9e04e528e02ccdf.jpg"
"https://www.hepsiemlak.com/mugla-mentese-kotekli-kiralik/daire/143891-269","1 / 23","23.500","20/08/2026","Kötekli De Kiralık 2+1 Eşyasız Daire","Kiralık Daire","2 + 1","60 m²","11 Yaşında","·","Kat","2. Kat","Muğla / Menteşe / Kötekli Mah.","https://www.hepsiemlak.com/_nuxt/8cafc93fb5c74c75e9e04e528e02ccdf.jpg","Konum Emlak","WhatsApp","","","https://www.hepsiemlak.com/_nuxt/8cafc93fb5c74c75e9e04e528e02ccdf.jpg"
"https://www.hepsiemlak.com/mugla-ortaca-terzialiler-kiralik/daire/159794-289","1 / 22","45.000","10/08/2026","Altın Emlak 3+1 Sakin Konum 160 M2 Sıfır Kiralık Daire","Kiralık Daire","3 + 1","180 m²","1 Yaşında","·","Kat","Ara Kat","Muğla / Ortaca / Terzialiler Mah.","https://www.hepsiemlak.com/_nuxt/8cafc93fb5c74c75e9e04e528e02ccdf.jpg","Altın Emlak.ortaca","WhatsApp","","","https://www.hepsiemlak.com/_nuxt/8cafc93fb5c74c75e9e04e528e02ccdf.jpg"
"https://www.hepsiemlak.com/mugla-dalaman-hurriyet-kiralik/daire/163824-133","1 / 22","17.000","29/08/2026","Poyraz Emlak|dalaman Hürriyette Asansörlü Geniş Kiralık 1+1","Kiralık Daire","1 + 1","60 m²","Sıfır Bina","·","Kat","3. Kat","Muğla / Dalaman / Hürriyet Mah.","https://www.hepsiemlak.com/_nuxt/8cafc93fb5c74c75e9e04e528e02ccdf.jpg","Poyraz Emlak","WhatsApp","Koray
                  Bütüner","https://www.hepsiemlak.com/_nuxt/img/no-image-user.6f6a83e.svg","https://www.hepsiemlak.com/_nuxt/8cafc93fb5c74c75e9e04e528e02ccdf.jpg"
"https://www.hepsiemlak.com/mugla-bodrum-muskebi-kiralik/villa/170427-114","1 / 28","125.000","29/08/2026","Ortakent'de Müstakil Havuzlu 4+2 Villa","Kiralık Villa","4 + 2","220 m²","4 Yaşında","·","Kat","Bahçe Katı","Muğla / Bodrum / Müskebi Mah.","https://www.hepsiemlak.com/_nuxt/8cafc93fb5c74c75e9e04e528e02ccdf.jpg","Bodrum Zeytin Gayrimenkul Ticaret Anonim Şirketi","WhatsApp","","","https://www.hepsiemlak.com/_nuxt/8cafc93fb5c74c75e9e04e528e02ccdf.jpg"
"https://www.hepsiemlak.com/mugla-bodrum-geris-kiralik/daire/135522-461","1 / 21","100.000","27/08/2026","Yalıkavak Marinaya Yürüme Mesafesinde Kiralık Daire","Kiralık Daire","3 + 1","150 m²","6 Yaşında","·","Kat","2. Kat","Muğla / Bodrum / Geriş Mah.","https://www.hepsiemlak.com/_nuxt/8cafc93fb5c74c75e9e04e528e02ccdf.jpg","Yükselen Gayrimenkul","WhatsApp","","","https://www.hepsiemlak.com/_nuxt/8cafc93fb5c74c75e9e04e528e02ccdf.jpg"
"https://www.hepsiemlak.com/mugla-bodrum-dirmil-kiralik/daire/65421-1382","1 / 35","50.000","24/08/2026","Yalıkavak Havuzlu Site’de  2+1 Üst Kat  Daire …","Kiralık Daire","2 + 1","145 m²","13 Yaşında","·","Kat","En Üst Kat","Muğla / Bodrum / Dirmil Mah.","https://www.hepsiemlak.com/_nuxt/8cafc93fb5c74c75e9e04e528e02ccdf.jpg","Bodrum Kule Emlak","WhatsApp","Nihal
                  Sakarya","https://www.hepsiemlak.com/_nuxt/8cafc93fb5c74c75e9e04e528e02ccdf.jpg","https://www.hepsiemlak.com/_nuxt/8cafc93fb5c74c75e9e04e528e02ccdf.jpg"
"https://www.hepsiemlak.com/mugla-marmaris-icmeler-kiralik/daire/90448-2564","1 / 17","42.000","01/09/2026","Marmaris İçmeler Merkezde Kiralık 2+1 Dubleks Daire","Kiralık Daire","2 + 1","95 m²","11 Yaşında","·","Kat","2. Kat","Muğla / Marmaris / İçmeler Mah.","https://www.hepsiemlak.com/_nuxt/8cafc93fb5c74c75e9e04e528e02ccdf.jpg","Realty World Yalı Gayrimenkul","WhatsApp","","","https://www.hepsiemlak.com/_nuxt/8cafc93fb5c74c75e9e04e528e02ccdf.jpg"
"https://www.hepsiemlak.com/mugla-marmaris-kemeralti-kiralik/daire/104232-2175","1 / 16","40.000","12/08/2026","Marmaris Kemeraltı, Merkezi Konum, 2+1 Düz Daire","Kiralık Daire","2 + 1","80 m²","26 Yaşında","·","Kat","2. Kat","Muğla / Marmaris / Kemeraltı Mah.","https://www.hepsiemlak.com/_nuxt/8cafc93fb5c74c75e9e04e528e02ccdf.jpg","Vefa Gayrimenkul","WhatsApp","","","https://www.hepsiemlak.com/_nuxt/8cafc93fb5c74c75e9e04e528e02ccdf.jpg"
"https://www.hepsiemlak.com/mugla-bodrum-turkkuyusu-kiralik/daire/28765-15965","1 / 33","70.000","21/08/2026","Bodrum Türkkuyusu Kiralık 2+1 Full Eşyalı Havuzlu Daire","Kiralık Daire","2 + 1","90 m²","11 Yaşında","·","Kat","Bahçe Katı","Muğla / Bodrum / Türkkuyusu Mah.","https://www.hepsiemlak.com/_nuxt/8cafc93fb5c74c75e9e04e528e02ccdf.jpg","Coldwell Banker Artemis","WhatsApp","","","https://www.hepsiemlak.com/_nuxt/8cafc93fb5c74c75e9e04e528e02ccdf.jpg"
"https://www.hepsiemlak.com/mugla-bodrum-akyarlar-kiralik/daire/164640-61","1 / 13","40.000","03/09/2026","Bodrum Karaincir Yıllık Kiralık Bahçe Katı 2+1 Daire","Kiralık Daire","2 + 1","65 m²","5 Yaşında","·","Kat","Bahçe Katı","Muğla / Bodrum / Akyarlar Mah.","","","WhatsApp","","",""
"https://www.hepsiemlak.com/mugla-bodrum-turgutreis-kiralik/daire/82628-1138","1 / 1","150.000","15/08/2026","Fc Group Turgutreis 2026 Yaz Sezonu Eşyalı 3+1 Kiralık Daire","Kiralık Daire","3 + 1","95 m²","26 Yaşında","·","Kat","2. Kat","Muğla / Bodrum / Turgutreis Mah.","https://hecdnnw.hemlak.com/mncropresize/77/67/logo/8/2/6/2/8/0/d8afa067-ec20-4fcd-801c-9b5920c40ba8.jpg","Fc Group","WhatsApp","","",""
"https://www.hepsiemlak.com/mugla-bodrum-turgutreis-kiralik/daire/142707-170","1 / 30","42.500","30/08/2026","Swissôtel Yanında Denize Sıfır Plajlı Sitede Şirin 1 Bodrum Evi","Kiralık Daire","1 + 1","60 m²","31 Yaşında","·","Kat","Giriş Katı","Muğla / Bodrum / Turgutreis Mah.","https://hecdnnw.hemlak.com/mncropresize/77/67/logo/7/0/7/2/4/1/33e071ed-e00f-44bb-ac8a-04d35f6d4462.jpg","Bodrum Bulut Gayrimenkul","WhatsApp","Metin
                  Sucu","https://hecdnnw.hemlak.com/mncropresize/77/67/firmuser/4/8/8/8/3/0/4/23224088-0ca1-4648-8f39-6f42c1de5132.jpg",""
"https://www.hepsiemlak.com/mugla-dalaman-karacali-kiralik/villa/170150-14","1 / 40","50.000","02/09/2026","Yetkılı Ofis Karacalı Da Ultra Luks Uzun Donem Kiralık Villalar","Kiralık Villa","2 + 1","140 m²","Sıfır Bina","·","Kat","Bahçe Katı","Muğla / Dalaman / Karaçalı Mah.","https://hecdn01.hemlak.com/mncropresize/182/137/ds01/6/1/2/0/5/8/6/4/6a2ddbc7-6151-4860-b8fb-dbd77fa814fc.jpg","Dalaman Vista Gayrimenkul Ve Emlak Danışmanlığı Ti","WhatsApp","Dalaman Vista Gayrimenkul Ve Emlak Danış
                  Şirketi","https://www.hepsiemlak.com/_nuxt/img/no-image-user.6f6a83e.svg",""
"https://www.hepsiemlak.com/mugla-dalaman-atakent-kiralik/daire/151003-222","1 / 27","22.000","24/07/2026","Rotam Emlaktan Dalaman'da 2+1 Kapalı Mutfak Kiralık Daire","Kiralık Daire","2 + 1","110 m²","11 Yaşında","·","Kat","2. Kat","Muğla / Dalaman / Atakent Mah.","https://www.hepsiemlak.com/_nuxt/8cafc93fb5c74c75e9e04e528e02ccdf.jpg","Rotam Emlak","WhatsApp","Hülya
                  Aşiroğlu","https://www.hepsiemlak.com/_nuxt/8cafc93fb5c74c75e9e04e528e02ccdf.jpg","https://www.hepsiemlak.com/_nuxt/8cafc93fb5c74c75e9e04e528e02ccdf.jpg"
"https://www.hepsiemlak.com/mugla-bodrum-geris-kiralik/villa/79583-1642","1 / 41","1.800.000","20/06/2026","Exper'den Yalıkavak Marınaya 5 Dakika Lüks Villa","Kiralık Villa","4 + 1","450 m²","5 Yaşında","·","Kat","Bahçe Katı","Muğla / Bodrum / Geriş Mah.","https://www.hepsiemlak.com/_nuxt/8cafc93fb5c74c75e9e04e528e02ccdf.jpg","Exper Gayrimenkul","WhatsApp","","","https://www.hepsiemlak.com/_nuxt/8cafc93fb5c74c75e9e04e528e02ccdf.jpg"
"https://www.hepsiemlak.com/mugla-bodrum-turkbuku-kiralik/daire/166551-79","1 / 18","125.000","16/08/2026","Bodrum Türkbükü 2+1 Bahçe Katı Kiralık Daire","Kiralık Daire","2 + 1","70 m²","11 Yaşında","·","Kat","Bahçe Katı","Muğla / Bodrum / Türkbükü Mah.","https://www.hepsiemlak.com/_nuxt/8cafc93fb5c74c75e9e04e528e02ccdf.jpg","Duygu Akıncı Real Estate","WhatsApp","","","https://www.hepsiemlak.com/_nuxt/8cafc93fb5c74c75e9e04e528e02ccdf.jpg"
"https://www.hepsiemlak.com/mugla-milas-dorttepe-kiralik/daire/158436-118","1 / 22","27.000","29/07/2026","Milas Bodrum Yoluna Yakın Dörttepe 1+1 Eşyalı Kiralık Bahçe Katı","Kiralık Daire","1 + 1","65 m²","1 Yaşında","·","Kat","Bahçe Katı","Muğla / Milas / Dörttepe Mah.","https://www.hepsiemlak.com/_nuxt/8cafc93fb5c74c75e9e04e528e02ccdf.jpg","Best Boğaziçi Gayrimenkul","WhatsApp","","","https://www.hepsiemlak.com/_nuxt/8cafc93fb5c74c75e9e04e528e02ccdf.jpg"
"https://www.hepsiemlak.com/mugla-koycegiz-ulucami-kiralik/daire/130154-689","1 / 15","26.000","07/09/2026","Feniks Cittaslow'dan Bulvar Üstü,Ayrı Mutfaklı Kiralık 2+1 Daire","Kiralık Daire","2 + 1","120 m²","21 Yaşında","·","Kat","2. Kat","Muğla / Köyceğiz / Ulucami Mah.","https://www.hepsiemlak.com/_nuxt/8cafc93fb5c74c75e9e04e528e02ccdf.jpg","Cittaslow Gayrimenkul","WhatsApp","","","https://www.hepsiemlak.com/_nuxt/8cafc93fb5c74c75e9e04e528e02ccdf.jpg"
"https://www.hepsiemlak.com/mugla-bodrum-konacik-kiralik/daire/136075-393","1 / 18","70.000","20/07/2026","Konacık'ta Kiralık 3+1 Daire","Kiralık Daire","3 + 1","107 m²","Sıfır Bina","·","Kat","2. Kat","Muğla / Bodrum / Konacık Mah.","https://www.hepsiemlak.com/_nuxt/8cafc93fb5c74c75e9e04e528e02ccdf.jpg","İron Real Estate","WhatsApp","Fatma
                  Demir","https://www.hepsiemlak.com/_nuxt/8cafc93fb5c74c75e9e04e528e02ccdf.jpg",""
"https://www.hepsiemlak.com/mugla-dalaman-merkez-kiralik/daire/141183-440","1 / 35","50.000","11/07/2026","Dalamanda Havuzlu Lüks Sitede 1+1 Eşyalı Kiralık Daire","Kiralık Daire","1 + 1","70 m²","1 Yaşında","·","Kat","1. Kat","Muğla / Dalaman / Merkez Mah.","https://www.hepsiemlak.com/_nuxt/8cafc93fb5c74c75e9e04e528e02ccdf.jpg","Hfz Gayrimenkul","WhatsApp","Hafize
                  Kuyucuoğlu","https://www.hepsiemlak.com/_nuxt/8cafc93fb5c74c75e9e04e528e02ccdf.jpg",""
"https://www.hepsiemlak.com/mugla-bodrum-umurca-kiralik/villa/103485-570","1 / 35","500.000","25/08/2026","Bodrum Umurça'da Özel Havuzlu, Tamamen Müstakil Muhteşem Villa","Kiralık Villa","4 + 1","375 m²","6 Yaşında","·","Kat","Bahçe Katı","Muğla / Bodrum / Umurca Mah.","https://www.hepsiemlak.com/_nuxt/8cafc93fb5c74c75e9e04e528e02ccdf.jpg","Bodrum Artemis Gayrimenkul","WhatsApp","","","https://www.hepsiemlak.com/_nuxt/8cafc93fb5c74c75e9e04e528e02ccdf.jpg"
"https://www.hepsiemlak.com/mugla-dalaman-merkez-kiralik/daire/145196-266","1 / 35","50.000","24/07/2026","Dalaman Merkezde Çift Havuzlu Sitede 2+1 Eşyalı Kiralık Daire","Kiralık Daire","2 + 1","80 m²","5 Yaşında","·","Kat","2. Kat","Muğla / Dalaman / Merkez Mah.","https://www.hepsiemlak.com/_nuxt/8cafc93fb5c74c75e9e04e528e02ccdf.jpg","Doğa Cıty Emlak","WhatsApp","Doğa Cıty Emlak
                  Doğa Cıty Emlak","https://www.hepsiemlak.com/_nuxt/8cafc93fb5c74c75e9e04e528e02ccdf.jpg",""
"https://www.hepsiemlak.com/mugla-fethiye-gocek-kiralik/villa/105680-4","1 / 33","140.000","31/08/2026","Göcek Merkez De Müstakil Havuzlu 4+1 Villa Kaan 1","Kiralık Villa","4 + 1","220 m²","1 Yaşında","·","Kat","","Muğla / Fethiye / Göcek Mah.","https://www.hepsiemlak.com/_nuxt/8cafc93fb5c74c75e9e04e528e02ccdf.jpg","Devser İnşaat Emlak","WhatsApp","","","https://www.hepsiemlak.com/_nuxt/8cafc93fb5c74c75e9e04e528e02ccdf.jpg"
"https://www.hepsiemlak.com/mugla-koycegiz-ulucami-kiralik/daire/134699-2276","1 / 55","40.000","25/06/2026","Köyceğiz Ulucami Çayiçi Mevkinde Sıfır  Modern Tasarımlı 3+1  Kiralık Daireler","Kiralık Daire","3 + 1","120 m²","Sıfır Bina","·","Kat","2. Kat","Muğla / Köyceğiz / Ulucami Mah.","https://www.hepsiemlak.com/_nuxt/8cafc93fb5c74c75e9e04e528e02ccdf.jpg","","WhatsApp","","",""
"https://www.hepsiemlak.com/mugla-bodrum-gumusluk-kiralik/villa/95135-1122","1 / 53","110.000","03/07/2026","Bodrum Gümüşlük' Kesintisiz Deniz Manzaralı,Bahçeli,Müstakil","Kiralık Villa","3 + 1","160 m²","16 Yaşında","·","Kat","","Muğla / Bodrum / Gümüşlük Mah.","https://www.hepsiemlak.com/_nuxt/8cafc93fb5c74c75e9e04e528e02ccdf.jpg","Orçun Turgun","WhatsApp","Orçun
                  Turgun","https://www.hepsiemlak.com/_nuxt/8cafc93fb5c74c75e9e04e528e02ccdf.jpg","https://www.hepsiemlak.com/_nuxt/8cafc93fb5c74c75e9e04e528e02ccdf.jpg"
"https://www.hepsiemlak.com/mugla-bodrum-turkbuku-kiralik/daire/54899-3975","1 / 34","120.000","15/08/2026","Bodrum Türkbükü Bo Viera'da Yıllık Kiralık Residence","Kiralık Daire","3 + 1","183 m²","3 Yaşında","·","Kat","2. Kat","Muğla / Bodrum / Türkbükü Mah.","https://www.hepsiemlak.com/_nuxt/8cafc93fb5c74c75e9e04e528e02ccdf.jpg","Gümüş Gayrimenkul Yatırım Danışmanlığı","WhatsApp","","","https://www.hepsiemlak.com/_nuxt/8cafc93fb5c74c75e9e04e528e02ccdf.jpg"
"https://www.hepsiemlak.com/mugla-bodrum-koyunbaba-kiralik/daire/144924-118","1 / 10","50.000","04/09/2026","Koyunbaba'da Full Eşyalı Bakımlı 120m² Bahçe Katı Daire","Kiralık Daire","2 + 1","120 m²","11 Yaşında","·","Kat","Bahçe Katı","Muğla / Bodrum / Koyunbaba Mah.","https://www.hepsiemlak.com/_nuxt/8cafc93fb5c74c75e9e04e528e02ccdf.jpg","","WhatsApp","","",""
"https://www.hepsiemlak.com/mugla-bodrum-dirmil-kiralik/villa/129045-511","1 / 18","70.000","09/08/2026","Yalıkavakta 2+1 Plajlı Deniz Manzaralı Eşyalı Kiralık Dubleks","Kiralık Villa","2 + 1","100 m²","26 Yaşında","·","Kat","Bahçe Katı","Muğla / Bodrum / Dirmil Mah.","https://www.hepsiemlak.com/_nuxt/8cafc93fb5c74c75e9e04e528e02ccdf.jpg","Coldwell Banker Erva","WhatsApp","","","https://www.hepsiemlak.com/_nuxt/8cafc93fb5c74c75e9e04e528e02ccdf.jpg"
"https://www.hepsiemlak.com/mugla-ortaca-terzialiler-kiralik/daire/169457-46","1 / 12","25.000","11/08/2026","Terzialiler'de 3+1 Klimalı Kapalı Mutfak Kiralık Daire","Kiralık Daire","3 + 1","130 m²","20 Yaşında","·","Kat","4. Kat","Muğla / Ortaca / Terzialiler Mah.","https://www.hepsiemlak.com/_nuxt/8cafc93fb5c74c75e9e04e528e02ccdf.jpg","Dalyan Port Gayrimenkul","WhatsApp","","","https://www.hepsiemlak.com/img/loadings/noImage55-55.png"
"https://www.hepsiemlak.com/mugla-ortaca-terzialiler-kiralik/daire/82884-1855","1 / 24","25.000","28/08/2026","Ortsca Merkezde Kiralık 3+1 Geniş Daire","Kiralık Daire","3 + 1","150 m²","12 Yaşında","·","Kat","Ara Kat","Muğla / Ortaca / Terzialiler Mah.","https://www.hepsiemlak.com/_nuxt/8cafc93fb5c74c75e9e04e528e02ccdf.jpg","Elit Emlak","WhatsApp","","","https://www.hepsiemlak.com/_nuxt/8cafc93fb5c74c75e9e04e528e02ccdf.jpg"
"https://www.hepsiemlak.com/mugla-ortaca-ataturk-kiralik/daire/37227-3125","1 / 33","24.000","24/08/2026","Ortaca Merkezde Kiralık 3+1 Kapalı Mutfak 145m2 Daire","Kiralık Daire","3 + 1","145 m²","15 Yaşında","·","Kat","Ara Kat","Muğla / Ortaca / Atatürk Mah.","https://www.hepsiemlak.com/_nuxt/8cafc93fb5c74c75e9e04e528e02ccdf.jpg","Çolakoğlu","WhatsApp","Cihangir
                  Dalgıç","https://www.hepsiemlak.com/_nuxt/8cafc93fb5c74c75e9e04e528e02ccdf.jpg",""
"https://www.hepsiemlak.com/mugla-fethiye-tuzla-kiralik/daire/52425-3758","1 / 18","46.000","31/08/2026","Tuzla Mahallesinde Eşyalı Kiralık Dubleks Daire","Kiralık Daire","2 + 1","90 m²","5 Yaşında","·","Kat","3. Kat","Muğla / Fethiye / Tuzla Mah.","https://www.hepsiemlak.com/_nuxt/8cafc93fb5c74c75e9e04e528e02ccdf.jpg","Vartur Emlak","WhatsApp","","","https://www.hepsiemlak.com/_nuxt/8cafc93fb5c74c75e9e04e528e02ccdf.jpg"
"https://www.hepsiemlak.com/mugla-milas-oren-kiralik/daire/140923-243","1 / 14","40.000","08/09/2026","Milas  Ören Ayris Apart Yanı 2+1 Eşyalı Denize 150 Metre Önü Verandalı Bahçeli Kaçmaz Fiyat Da","Kiralık Daire","2 + 0","96 m²","6 Yaşında","·","Kat","Bahçe Katı","Muğla / Milas / Ören Mah.","https://www.hepsiemlak.com/_nuxt/8cafc93fb5c74c75e9e04e528e02ccdf.jpg","","WhatsApp","","",""
"https://www.hepsiemlak.com/mugla-ula-koprubasi-kiralik/daire/97478-884","1 / 17","25.000","19/08/2026","Ula Girişinde Yerden Isıtmalı Kiralık Ters Dublex 2+2","Kiralık Daire","2 + 2","85 m²","6 Yaşında","·","Kat","Yüksek Giriş","Muğla / Ula / Köprübaşı Mah.","https://hecdnnw.hemlak.com/mncropresize/77/67/firmuser/3/3/5/1/5/0/2/a3df7e4b-73af-4cf1-af72-e69aa35cdfd3.jpg","Çiftçi Emlak","WhatsApp","Nazif
                  Çiftçi","",""
"https://www.hepsiemlak.com/mugla-mentese-kotekli-kiralik/daire/143891-266","1 / 19","24.000","20/08/2026","Kötekli De Kiralık 2+1 Eşyasız Daire","Kiralık Daire","2 + 1","60 m²","6 Yaşında","·","Kat","2. Kat","Muğla / Menteşe / Kötekli Mah.","https://hecdnnw.hemlak.com/mncropresize/77/67/logo/1/9/8/3/4/1/57762052-5883-49f7-9e15-4365e27f4626.jpg","Konum Emlak","WhatsApp","","",""
"https://www.hepsiemlak.com/mugla-datca-iskele-kiralik/daire/18454-755","1 / 31","40.000","07/09/2026","Datça İskele Mh 2+1 Bahçeli Eşyalı Yıllık Kiralık Daire","Kiralık Daire","2 + 1","100 m²","11 Yaşında","·","Kat","Bahçe Katı","Muğla / Datça / İskele Mah.","https://hecdnnw.hemlak.com/mncropresize/77/67/logo/4/5/4/8/1/0/81ce76da-497f-43eb-8b58-6274c9b55a0f.jpg","Canbey Emlak Datça","WhatsApp","","",""
"https://www.hepsiemlak.com/mugla-mentese-orhaniye-kiralik/daire/7027-1489","1 / 35","65.000","19/08/2026","Flora Park'ta Kiralık 3+1 Daire","Kiralık Daire","3 + 1","150 m²","6 Yaşında","·","Kat","4. Kat","Muğla / Menteşe / Orhaniye Mah.","https://hecdn01.hemlak.com/mncropresize/182/137/ds01/2/4/3/6/7/0/7/4/152c5229-6161-444f-9b45-223aa707388e.jpg","Tunç Emlak","WhatsApp","","","https://hecdnnw.hemlak.com/mncropresize/77/67/logo/7/2/0/7/0/0/78be80a5-8d5c-460a-a731-995bf16ef75e.jpg"
"https://www.hepsiemlak.com/mugla-bodrum-konacik-kiralik/mustakil-ev/112622-2118","1 / 27","100.000","28/08/2026","Bodrum Konacıkta Kiralık Müstakil Bahçeli Villa Özel Havuzlu Ev","Kiralık Müstakil Ev","5 + 1","220 m²","11 Yaşında","","","","Muğla / Bodrum / Konacık Mah.","https://www.hepsiemlak.com/_nuxt/8cafc93fb5c74c75e9e04e528e02ccdf.jpg","Bodrum Emlak","WhatsApp","","","https://www.hepsiemlak.com/_nuxt/8cafc93fb5c74c75e9e04e528e02ccdf.jpg"
"https://www.hepsiemlak.com/mugla-fethiye-tuzla-kiralik/daire/116316-335","1 / 27","47.500","31/08/2026","Fethiye Tuzlada Salı Pazarı Köşesinde 11 Ay Kiralık Daire","Kiralık Daire","2 + 1","80 m²","2 Yaşında","·","Kat","1. Kat","Muğla / Fethiye / Tuzla Mah.","https://www.hepsiemlak.com/_nuxt/8cafc93fb5c74c75e9e04e528e02ccdf.jpg","Cansoy Yatırım Emlak","WhatsApp","","","https://www.hepsiemlak.com/_nuxt/8cafc93fb5c74c75e9e04e528e02ccdf.jpg"
"https://www.hepsiemlak.com/mugla-bodrum-karabag-kiralik/villa/170427-104","1 / 30","100.000","07/09/2026","Turgutreis Karabağda Eşyalı Kiralık 3+1 Dubleks","Kiralık Villa","3 + 1","180 m²","6 Yaşında","·","Kat","","Muğla / Bodrum / Karabağ Mah.","https://www.hepsiemlak.com/_nuxt/8cafc93fb5c74c75e9e04e528e02ccdf.jpg","Bodrum Zeytin Gayrimenkul Ticaret Anonim Şirketi","WhatsApp","","","https://www.hepsiemlak.com/_nuxt/8cafc93fb5c74c75e9e04e528e02ccdf.jpg"
"https://www.hepsiemlak.com/mugla-bodrum-geris-kiralik/villa/135522-444","1 / 33","250.000","29/07/2026","Yalıkavak Geriş'te Site İçi Müstakil Havuzlu Kiralık Villa","Kiralık Villa","3 + 1","150 m²","11 Yaşında","·","Kat","Bahçe Katı","Muğla / Bodrum / Geriş Mah.","https://www.hepsiemlak.com/_nuxt/8cafc93fb5c74c75e9e04e528e02ccdf.jpg","Yükselen Gayrimenkul","WhatsApp","","","https://www.hepsiemlak.com/_nuxt/8cafc93fb5c74c75e9e04e528e02ccdf.jpg"
"https://www.hepsiemlak.com/mugla-bodrum-turkbuku-kiralik/residence/92704-76","1 / 14","460.000","27/07/2026","Türkbükü Denize Sıfır Kiralık Rezidans The Bo Viera","Kiralık Residence","2 + 1","120 m²","1 Yaşında","·","Kat","2. Kat","Muğla / Bodrum / Türkbükü Mah.","https://www.hepsiemlak.com/_nuxt/8cafc93fb5c74c75e9e04e528e02ccdf.jpg","","WhatsApp","","",""
"https://www.hepsiemlak.com/mugla-fethiye-kayakoy-kiralik/villa/121763-349","1 / 14","65.000","22/08/2026","Fethiye Kayaköyde 2+1 Müstakil Havuzlu Kiralık Villa","Kiralık Villa","2 + 1","350 m²","3 Yaşında","·","Kat","Bahçe Katı","Muğla / Fethiye / Kayaköy Mah.","https://www.hepsiemlak.com/_nuxt/8cafc93fb5c74c75e9e04e528e02ccdf.jpg","","WhatsApp","","",""
"https://www.hepsiemlak.com/mugla-datca-mesudiye-kiralik/daire/162432-349","1 / 12","30.000","27/08/2026","Startkey Pelit Datça Mesudiye'de Kiralık 1+1 Daire","Kiralık Daire","1 + 1","40 m²","16 Yaşında","·","Kat","1. Kat","Muğla / Datça / Mesudiye Mah.","https://www.hepsiemlak.com/_nuxt/8cafc93fb5c74c75e9e04e528e02ccdf.jpg","Startkey Pelit Gayrimenkul","WhatsApp","","","https://www.hepsiemlak.com/_nuxt/8cafc93fb5c74c75e9e04e528e02ccdf.jpg"
"https://www.hepsiemlak.com/mugla-milas-kiyikislacik-kiralik/yazlik/41169-995","1 / 21","35.000","19/06/2026","Yıldızemlaktan Kiralık Yazlık","Kiralık Yazlık","2 + 1","59 m²","25 Yaşında","·","Kat","Villa Katı","Muğla / Milas / Kıyıkışlacık Mah.","https://www.hepsiemlak.com/_nuxt/8cafc93fb5c74c75e9e04e528e02ccdf.jpg","","WhatsApp","","",""
"https://www.hepsiemlak.com/mugla-bodrum-bitez-kiralik/mustakil-ev/65421-662","1 / 34","250.000","29/07/2026","Bitez'de Yıllık Kiralık  Müstakil 5+2  Taş Ev….","Kiralık Müstakil Ev","5 + 2","545 m²","2 Yaşında","·","Kat","","Muğla / Bodrum / Bitez Mah.","https://www.hepsiemlak.com/_nuxt/8cafc93fb5c74c75e9e04e528e02ccdf.jpg","Bodrum Kule Emlak","WhatsApp","Nihal
                  Sakarya","https://www.hepsiemlak.com/_nuxt/8cafc93fb5c74c75e9e04e528e02ccdf.jpg","https://www.hepsiemlak.com/_nuxt/8cafc93fb5c74c75e9e04e528e02ccdf.jpg"
"https://www.hepsiemlak.com/mugla-milas-becin-kiralik/daire/94718-3288","1 / 8","26.000","24/08/2026","Milas Beçin Üniversite Yakınında Kiralık 1+1 Eşyalı Daire","Kiralık Daire","1 + 1","50 m²","5 Yaşında","·","Kat","Yüksek Giriş","Muğla / Milas / Beçin Mah.","https://www.hepsiemlak.com/_nuxt/8cafc93fb5c74c75e9e04e528e02ccdf.jpg","Kdm Gayrimenkul Muğla","WhatsApp","","","https://www.hepsiemlak.com/_nuxt/8cafc93fb5c74c75e9e04e528e02ccdf.jpg"
"https://www.hepsiemlak.com/mugla-bodrum-cirkan-kiralik/mustakil-ev/17216-4058","1 / 31","100.000","04/07/2026","Bodrum Konacık'ta Site İçinde Sezonluk Eşyalı Kiralık Dubleks","Kiralık Müstakil Ev","3 + 1","150 m²","11 Yaşında","·","Kat","Bahçe Katı","Muğla / Bodrum / Çırkan Mah.","https://www.hepsiemlak.com/_nuxt/8cafc93fb5c74c75e9e04e528e02ccdf.jpg","Amerıcana Realty Zemlak","WhatsApp","Uzay
                  Merttürk","https://www.hepsiemlak.com/_nuxt/8cafc93fb5c74c75e9e04e528e02ccdf.jpg","https://www.hepsiemlak.com/_nuxt/8cafc93fb5c74c75e9e04e528e02ccdf.jpg"
"https://www.hepsiemlak.com/mugla-datca-sindi-kiralik/daire/114781-925","1 / 45","22.500","04/08/2026","Datça Kiralık Bahçeli Ev Sındı Zeytincik'te","Kiralık Daire","2 + 1","80 m²","36 Yaşında","·","Kat","Bahçe Katı","Muğla / Datça / Sındı Mah.","https://www.hepsiemlak.com/_nuxt/8cafc93fb5c74c75e9e04e528e02ccdf.jpg","Remax Badem","WhatsApp","","","https://www.hepsiemlak.com/_nuxt/8cafc93fb5c74c75e9e04e528e02ccdf.jpg"
"https://www.hepsiemlak.com/mugla-bodrum-koyunbaba-kiralik/villa/79583-1641","1 / 40","500.000","11/07/2026","Gümüşlük Koyunbaba'da Muhteşem Manzaralı Villa","Kiralık Villa","4 + 2","250 m²","6 Yaşında","·","Kat","Bahçe Katı","Muğla / Bodrum / Koyunbaba Mah.","https://www.hepsiemlak.com/_nuxt/8cafc93fb5c74c75e9e04e528e02ccdf.jpg","Exper Gayrimenkul","WhatsApp","","","https://www.hepsiemlak.com/_nuxt/8cafc93fb5c74c75e9e04e528e02ccdf.jpg"
"https://www.hepsiemlak.com/mugla-bodrum-turgutreis-kiralik/mustakil-ev/142707-157","1 / 45","84.000","31/08/2026","Bodrum D-Marine+merkeze+denize Yürüme Mesafesi * Manzara *balkon","Kiralık Müstakil Ev","4 + 1","180 m²","5 Yaşında","","","","Muğla / Bodrum / Turgutreis Mah.","https://www.hepsiemlak.com/_nuxt/8cafc93fb5c74c75e9e04e528e02ccdf.jpg","Bodrum Bulut Gayrimenkul","WhatsApp","","","https://www.hepsiemlak.com/_nuxt/8cafc93fb5c74c75e9e04e528e02ccdf.jpg"
"https://www.hepsiemlak.com/mugla-bodrum-turkbuku-kiralik/villa/166551-75","1 / 33","200.000","28/08/2026","Bodrum Türkbükü Deniz Manzaralı 4+1 Kiralık Müstakil Villa","Kiralık Villa","4 + 1","280 m²","6 Yaşında","·","Kat","","Muğla / Bodrum / Türkbükü Mah.","https://www.hepsiemlak.com/_nuxt/8cafc93fb5c74c75e9e04e528e02ccdf.jpg","Duygu Akıncı Real Estate","WhatsApp","","","https://www.hepsiemlak.com/_nuxt/8cafc93fb5c74c75e9e04e528e02ccdf.jpg"
"https://www.hepsiemlak.com/mugla-fethiye-inlice-kiralik/villa/147812-166","1 / 28","250.000","20/08/2026","Göcek İnlice'de 101 Gün Kiralamaya Uygun 2,5 +1 Ful Eşyalı Villa","Kiralık Villa","2 + 1","110 m²","2 Yaşında","·","Kat","Bahçe Katı","Muğla / Fethiye / İnlice Mah.","https://www.hepsiemlak.com/_nuxt/8cafc93fb5c74c75e9e04e528e02ccdf.jpg","","WhatsApp","","",""
"https://www.hepsiemlak.com/mugla-fethiye-incirkoy-kiralik/villa/139822-253","1 / 27","60.000","03/07/2026","Fethiye İncirköy De 2+1 120m2 Havuzlu Müstakil Villa","Kiralık Villa","2 + 1","130 m²","1 Yaşında","·","Kat","Bahçe Katı","Muğla / Fethiye / İncirköy Mah.","https://www.hepsiemlak.com/_nuxt/8cafc93fb5c74c75e9e04e528e02ccdf.jpg","Fethiye Emlak","WhatsApp","İsa
                  Öztok","https://www.hepsiemlak.com/_nuxt/8cafc93fb5c74c75e9e04e528e02ccdf.jpg",""
"https://www.hepsiemlak.com/mugla-ortaca-karaburun-kiralik/daire/151003-177","1 / 24","17.500","12/08/2026","Rotam Emlaktan Muğla Ortaca'da Havuzlu Sitede 1+1 Kiralık Daire","Kiralık Daire","1 + 1","65 m²","1 Yaşında","·","Kat","1. Kat","Muğla / Ortaca / Karaburun Mah.","https://www.hepsiemlak.com/_nuxt/8cafc93fb5c74c75e9e04e528e02ccdf.jpg","Rotam Emlak","WhatsApp","Hülya
                  Aşiroğlu","https://www.hepsiemlak.com/_nuxt/8cafc93fb5c74c75e9e04e528e02ccdf.jpg","https://www.hepsiemlak.com/_nuxt/8cafc93fb5c74c75e9e04e528e02ccdf.jpg"
"https://www.hepsiemlak.com/mugla-fethiye-gocek-kiralik/villa/105680-2","1 / 32","140.000","03/09/2026","Göcek De Müstakil Bahçe Ve Havuzlu Kapalı Garajlı 4+1 Villa","Kiralık Villa","4 + 1","280 m²","4 Yaşında","·","Kat","","Muğla / Fethiye / Göcek Mah.","https://www.hepsiemlak.com/_nuxt/8cafc93fb5c74c75e9e04e528e02ccdf.jpg","Devser İnşaat Emlak","WhatsApp","","","https://www.hepsiemlak.com/_nuxt/8cafc93fb5c74c75e9e04e528e02ccdf.jpg"
"https://www.hepsiemlak.com/mugla-koycegiz-gulpinar-kiralik/daire/134699-2274","1 / 15","28.000","09/09/2026","Köyceğiz Merkezde Göl Manzaralı  1+1 Eşyalı Kiralık Daire","Kiralık Daire","1 + 1","85 m²","6 Yaşında","·","Kat","3. Kat","Muğla / Köyceğiz / Gülpınar Mah.","https://www.hepsiemlak.com/_nuxt/8cafc93fb5c74c75e9e04e528e02ccdf.jpg","","WhatsApp","","",""
"https://www.hepsiemlak.com/mugla-bodrum-torba-kiralik/villa/64802-7161","1 / 34","175.000","09/09/2026","Bodrum Torba Tek Katlı Özel Havuzlu 3+1+müştemilatlı Kiralık Villa","Kiralık Villa","4 + 1","200 m²","5 Yaşında","·","Kat","","Muğla / Bodrum / Torba Mah.","","Hedef Gayrimenkul","WhatsApp","","https://hecdnnw.hemlak.com/mncropresize/77/67/logo/2/0/8/4/6/0/174435d7-6f3a-4252-be86-4143e90e9fba.jpg",""
"https://www.hepsiemlak.com/mugla-bodrum-yalikavak-kiralik/daire/56203-4946","1 / 20","40.000","28/08/2026","Bodrum Yalıkavak'ta Denize Sıfır 1+0 Yıllık Kiralık Daire","Kiralık Daire","Stüdyo","45 m²","11 Yaşında","·","Kat","2. Kat","Muğla / Bodrum / Yalıkavak Mah.","https://hecdnnw.hemlak.com/mncropresize/77/67/logo/3/0/2/6/5/0/88e2fe86-2580-498e-bd11-a051e000e784.jpg","Yalıhan Emlak","WhatsApp","","",""
"https://www.hepsiemlak.com/mugla-bodrum-gundogan-kiralik/villa/67324-1891","1 / 34","65.000","28/06/2026","Bodrum Gündoğan Merkez Denize Ve Plaja Yakın Havuzlu Site Bahçeli Kiralık Dubleks Villa","Kiralık Villa","3 + 1","150 m²","17 Yaşında","·","Kat","","Muğla / Bodrum / Gündoğan Mah.","","Villabodrum Emlak Gündoğan","WhatsApp","Hüseyin
                  Guner","https://hecdnnw.hemlak.com/mncropresize/77/67/firmuser/3/4/0/5/8/2/1/cdcb3907-c4a9-48e8-b411-ac24c92bebc4.jpg",""
"https://www.hepsiemlak.com/mugla-ortaca-guzelyurt-kiralik/daire/161479-20","1 / 10","25.000","09/08/2026","Köyde Yaşamak İsteyenlere","Kiralık Daire","3 + 1","140 m²","11 Yaşında","·","Kat","1. Kat","Muğla / Ortaca / Güzelyurt Mah.","https://www.hepsiemlak.com/_nuxt/8cafc93fb5c74c75e9e04e528e02ccdf.jpg","Can Emlak","WhatsApp","İsa
                  Çakır","https://www.hepsiemlak.com/_nuxt/img/no-image-user.6f6a83e.svg",""
"https://www.hepsiemlak.com/mugla-milas-bogazici-kiralik/villa/134350-154","1 / 10","220.000","06/07/2026","Helis Göl Evleri 3+1 Villa | Havuz | Jakuzi | Göl Manzarası","Kiralık Villa","3 + 1","200 m²","3 Yaşında","·","Kat","Bahçe Katı","Muğla / Milas / Boğaziçi Mah.","https://www.hepsiemlak.com/_nuxt/8cafc93fb5c74c75e9e04e528e02ccdf.jpg","Rebodrum Gayrimenkul","WhatsApp","","","https://www.hepsiemlak.com/_nuxt/8cafc93fb5c74c75e9e04e528e02ccdf.jpg"
"https://www.hepsiemlak.com/mugla-bodrum-turkbuku-kiralik/daire/39495-582","1 / 18","130.000","27/06/2026","Türkbükü`nde Site İçi, Bahçe Katı, Kiralık Daire","Kiralık Daire","2 + 1","80 m²","26 Yaşında","·","Kat","Bahçe Katı","Muğla / Bodrum / Türkbükü Mah.","https://www.hepsiemlak.com/_nuxt/8cafc93fb5c74c75e9e04e528e02ccdf.jpg","Yazlık Gayrimenkul","WhatsApp","","","https://www.hepsiemlak.com/_nuxt/8cafc93fb5c74c75e9e04e528e02ccdf.jpg"
"https://www.hepsiemlak.com/mugla-milas-bogazici-kiralik/daire/61330-565","1 / 18","30.000","31/08/2026","Milas Boğaziçi Kiralık Bahçe Katı Daire","Kiralık Daire","2 + 1","100 m²","10 Yaşında","·","Kat","Bahçe Katı","Muğla / Milas / Boğaziçi Mah.","https://www.hepsiemlak.com/_nuxt/8cafc93fb5c74c75e9e04e528e02ccdf.jpg","Mehmet Emlak Milas","WhatsApp","","","https://www.hepsiemlak.com/_nuxt/8cafc93fb5c74c75e9e04e528e02ccdf.jpg"
"https://www.hepsiemlak.com/mugla-ortaca-karaburun-kiralik/daire/117249-502","1 / 16","28.000","25/08/2026","Ortaca Da Havuzlu Sitede 2+1 Eşyalı Kiralık Daire","Kiralık Daire","2 + 1","90 m²","2 Yaşında","·","Kat","2. Kat","Muğla / Ortaca / Karaburun Mah.","https://www.hepsiemlak.com/_nuxt/8cafc93fb5c74c75e9e04e528e02ccdf.jpg","Ata Gayrimenkul","WhatsApp","","","https://www.hepsiemlak.com/_nuxt/8cafc93fb5c74c75e9e04e528e02ccdf.jpg"
"https://www.hepsiemlak.com/mugla-bodrum-dirmil-kiralik/villa/111248-513","1 / 23","250.000","22/07/2026","Yalıkavak Seçkin Sitede Özel Plajlı Havuzlu Kiralık 3+1 Villa","Kiralık Villa","3 + 1","150 m²","11 Yaşında","·","Kat","Bahçe Katı","Muğla / Bodrum / Dirmil Mah.","https://www.hepsiemlak.com/_nuxt/8cafc93fb5c74c75e9e04e528e02ccdf.jpg","","WhatsApp","","",""
"https://www.hepsiemlak.com/mugla-milas-haci-ilyas-kiralik/daire/62045-1701","1 / 18","23.000","03/09/2026","Milas Merkezde Kiralık Daire","Kiralık Daire","1 + 1","60 m²","16 Yaşında","·","Kat","Yüksek Giriş","Muğla / Milas / Hacı İlyas Mah.","https://www.hepsiemlak.com/_nuxt/8cafc93fb5c74c75e9e04e528e02ccdf.jpg","","WhatsApp","","",""
"https://www.hepsiemlak.com/mugla-koycegiz-gelisim-kiralik/daire/130154-692","1 / 14","25.000","07/08/2026","Feniks Cittaslow'dan Gelişim'de Havuzlu Kiralık Büyük 1+1","Kiralık Daire","1 + 1","60 m²","Sıfır Bina","·","Kat","Giriş Katı","Muğla / Köyceğiz / Gelişim Mah.","https://www.hepsiemlak.com/_nuxt/8cafc93fb5c74c75e9e04e528e02ccdf.jpg","Cittaslow Gayrimenkul","WhatsApp","","","https://www.hepsiemlak.com/_nuxt/8cafc93fb5c74c75e9e04e528e02ccdf.jpg"
"https://www.hepsiemlak.com/mugla-milas-gulluk-kiralik/daire/120565-712","1 / 17","30.000","11/08/2026","Güllük Merkezde 2+1 Sıfır Kiralik Daire","Kiralık Daire","2 + 1","95 m²","1 Yaşında","·","Kat","1. Kat","Muğla / Milas / Güllük Mah.","https://www.hepsiemlak.com/_nuxt/8cafc93fb5c74c75e9e04e528e02ccdf.jpg","Mülk’edin Gayrimenkul","WhatsApp","","","https://www.hepsiemlak.com/_nuxt/8cafc93fb5c74c75e9e04e528e02ccdf.jpg"
"https://www.hepsiemlak.com/mugla-bodrum-yenikoy-kiralik/daire/3463-2351","1 / 22","50.000","31/07/2026","Bodrum Marinaya Yakın 2 Adet 1+0 Daire","Kiralık Daire","2 + 0","100 m²","11 Yaşında","·","Kat","1. Kat","Muğla / Bodrum / Yeniköy Mah.","https://www.hepsiemlak.com/_nuxt/8cafc93fb5c74c75e9e04e528e02ccdf.jpg","","WhatsApp","","",""
"https://www.hepsiemlak.com/mugla-bodrum-dirmil-kiralik/daire/140202-3054","1 / 15","37.000","02/09/2026","Bodrum Yalıkavak Gokcebel  Kiralık Eşyasız 2+1 Giriş Katı Daire","Kiralık Daire","2 + 1","65 m²","3 Yaşında","·","Kat","Giriş Katı","Muğla / Bodrum / Dirmil Mah.","https://www.hepsiemlak.com/_nuxt/8cafc93fb5c74c75e9e04e528e02ccdf.jpg","Century21 Begonvill Gayrimenkul","WhatsApp","","","https://www.hepsiemlak.com/_nuxt/8cafc93fb5c74c75e9e04e528e02ccdf.jpg"
"https://www.hepsiemlak.com/mugla-bodrum-karaova-kiralik/daire/140850-367","1 / 22","45.000","04/09/2026","Çınar Emlaktan Mumcularda Ara Kat 3+1 Eşyalı Kiralık Daire","Kiralık Daire","3 + 1","100 m²","5 Yaşında","·","Kat","2. Kat","Muğla / Bodrum / Karaova Mah.","https://www.hepsiemlak.com/_nuxt/8cafc93fb5c74c75e9e04e528e02ccdf.jpg","Bodrum Çınar Emlak","WhatsApp","Yıldıray
                  Çınar","https://www.hepsiemlak.com/_nuxt/8cafc93fb5c74c75e9e04e528e02ccdf.jpg",""
"https://www.hepsiemlak.com/mugla-ortaca-ataturk-kiralik/daire/82884-2020","1 / 23","5.550.000","27/08/2026","Ortaca Cumhuriyet Mah.Satılık 3+1 Geniş Daire","Kiralık Daire","3 + 1","160 m²","20 Yaşında","·","Kat","Ara Kat","Muğla / Ortaca / Atatürk Mah.","https://www.hepsiemlak.com/_nuxt/8cafc93fb5c74c75e9e04e528e02ccdf.jpg","Elit Emlak","WhatsApp","","","https://www.hepsiemlak.com/_nuxt/8cafc93fb5c74c75e9e04e528e02ccdf.jpg"
"https://www.hepsiemlak.com/mugla-ortaca-ataturk-kiralik/daire/126009-516","1 / 23","25.000","23/07/2026","Murat Çimen'den Ortaca Merkezde 3+1 Kiralık Daire","Kiralık Daire","3 + 1","125 m²","11 Yaşında","·","Kat","Bahçe Katı","Muğla / Ortaca / Atatürk Mah.","https://www.hepsiemlak.com/_nuxt/8cafc93fb5c74c75e9e04e528e02ccdf.jpg","Murat Çimen Gayrimenkul","WhatsApp","Murat
                  Çimen","https://www.hepsiemlak.com/_nuxt/8cafc93fb5c74c75e9e04e528e02ccdf.jpg","https://www.hepsiemlak.com/_nuxt/8cafc93fb5c74c75e9e04e528e02ccdf.jpg"
"https://www.hepsiemlak.com/mugla-marmaris-tepe-kiralik/daire/152133-182","1 / 5","26.000","01/09/2026","Marmaris Çarşı Sevgi Yolunda Kiralık Daire","Kiralık Daire","1 + 1","30 m²","26 Yaşında","·","Kat","2. Kat","Muğla / Marmaris / Tepe Mah.","https://www.hepsiemlak.com/_nuxt/8cafc93fb5c74c75e9e04e528e02ccdf.jpg","","WhatsApp","","",""
"https://www.hepsiemlak.com/mugla-bodrum-akcaalan-kiralik/daire/170427-103","1 / 33","42.000","29/08/2026","Turgutreis Akçaalanda Kiralık Bahçe Katı Daire","Kiralık Daire","2 + 1","90 m²","6 Yaşında","·","Kat","Bahçe Katı","Muğla / Bodrum / Akçaalan Mah.","https://www.hepsiemlak.com/_nuxt/8cafc93fb5c74c75e9e04e528e02ccdf.jpg","Bodrum Zeytin Gayrimenkul Ticaret Anonim Şirketi","WhatsApp","","","https://www.hepsiemlak.com/_nuxt/8cafc93fb5c74c75e9e04e528e02ccdf.jpg"
"https://www.hepsiemlak.com/mugla-bodrum-karabag-kiralik/daire/82628-1130","1 / 28","40.000","03/08/2026","Fc Group Turgutreis, Manzaralı, Ayrı Mutfaklı 2+1 Ara Kat Daire","Kiralık Daire","2 + 1","91 m²","11 Yaşında","·","Kat","2. Kat","Muğla / Bodrum / Karabağ Mah.","https://www.hepsiemlak.com/_nuxt/8cafc93fb5c74c75e9e04e528e02ccdf.jpg","Fc Group","WhatsApp","Emre
                  Özdemir","https://www.hepsiemlak.com/_nuxt/8cafc93fb5c74c75e9e04e528e02ccdf.jpg","https://www.hepsiemlak.com/_nuxt/8cafc93fb5c74c75e9e04e528e02ccdf.jpg"
"https://www.hepsiemlak.com/mugla-bodrum-akcaalan-kiralik/daire/152393-23","1 / 7","50.000","29/08/2026","Bodrum Turgutreiste Yıllık Kiralık 2+1 Daire Eşyasız","Kiralık Daire","2 + 1","70 m²","5 Yaşında","·","Kat","1. Kat","Muğla / Bodrum / Akçaalan Mah.","https://www.hepsiemlak.com/_nuxt/8cafc93fb5c74c75e9e04e528e02ccdf.jpg","","WhatsApp","","",""
"https://www.hepsiemlak.com/mugla-marmaris-hisaronu-kiralik/daire/90448-2526","1 / 11","35.000","24/08/2026","Hisarönünde Denize 5 Dk | 2+1 Eşyalı | Açık Mutfak | Bahçe Kat","Kiralık Daire","2 + 1","70 m²","5 Yaşında","·","Kat","Bahçe Katı","Muğla / Marmaris / Hisarönü Mah.","https://www.hepsiemlak.com/_nuxt/8cafc93fb5c74c75e9e04e528e02ccdf.jpg","Realty World Yalı Gayrimenkul","WhatsApp","","","https://www.hepsiemlak.com/_nuxt/8cafc93fb5c74c75e9e04e528e02ccdf.jpg"
"https://www.hepsiemlak.com/mugla-dalaman-hurriyet-kiralik/daire/159794-307","1 / 12","23.000","29/08/2026","Dalaman Da Full Eşyalı 1+1 Havuzlu Güvenli Site De Kiralık Daire","Kiralık Daire","1 + 1","57 m²","2 Yaşında","·","Kat","Bahçe Katı","Muğla / Dalaman / Hürriyet Mah.","https://www.hepsiemlak.com/_nuxt/8cafc93fb5c74c75e9e04e528e02ccdf.jpg","Altın Emlak.ortaca","WhatsApp","","","https://www.hepsiemlak.com/_nuxt/8cafc93fb5c74c75e9e04e528e02ccdf.jpg"
"https://www.hepsiemlak.com/mugla-milas-ismet-pasa-kiralik/daire/165966-35","1 / 9","25.000","25/08/2026","Ekr| İsmetpaşada Kiralık 2+1 Geniş Yeni Daire","Kiralık Daire","2 + 1","95 m²","5 Yaşında","·","Kat","Bahçe Katı","Muğla / Milas / İsmet Paşa Mah.","https://www.hepsiemlak.com/_nuxt/8cafc93fb5c74c75e9e04e528e02ccdf.jpg","","WhatsApp","","",""
"https://www.hepsiemlak.com/mugla-ula-gokova-kiralik/daire/170526-10","1 / 9","30.000","14/08/2026","Gökova Merkezde 1+1 Kiralık Boş Daire","Kiralık Daire","1 + 1","70 m²","10 Yaşında","·","Kat","1. Kat","Muğla / Ula / Gökova Mah.","","","WhatsApp","","",""
"https://www.hepsiemlak.com/mugla-bodrum-dirmil-kiralik/residence/34401-12150","1 / 5","1.200.000","29/07/2026","Yalıkavak Bodrum Bodrum Evlerinde 3+1 Kiralık Rezidans","Kiralık Residence","3 + 1","210 m²","6 Yaşında","·","Kat","1. Kat","Muğla / Bodrum / Dirmil Mah.","https://hecdnnw.hemlak.com/mncropresize/77/67/logo/1/0/4/4/3/0/838f4020-84c4-4dc4-8dda-1183370e1398.jpg","Net İstanbul Luxury","WhatsApp","","",""
"https://www.hepsiemlak.com/mugla-dalaman-atakent-kiralik/villa/158955-225","1 / 11","70.000","25/08/2026","Dalaman Kapalı Mutfak Ful Eşyalı 3+1 Havuzlu Kiralık İkiz Villa","Kiralık Villa","3 + 1","130 m²","2 Yaşında","·","Kat","","Muğla / Dalaman / Atakent Mah.","https://hecdnnw.hemlak.com/mncropresize/77/67/logo/5/5/9/8/5/1/ff6e1e6a-69c5-43d7-9919-bc53f62db3ef.jpg","Golden Case Realty","WhatsApp","","",""
"https://www.hepsiemlak.com/mugla-marmaris-cildir-kiralik/daire/104232-2158","1 / 10","30.000","28/08/2026","Vefa Gayrimenkul + Çıldır Mahallesi'nde + Geniş 1+1 Daire","Kiralık Daire","1 + 1","60 m²","18 Yaşında","·","Kat","Ara Kat","Muğla / Marmaris / Çıldır Mah.","https://hecdn01.hemlak.com/mncropresize/182/137/ds01/9/3/8/3/4/0/7/4/245d0a2b-0195-48a6-821d-ee6fec2ff5b2.jpg","Vefa Gayrimenkul","WhatsApp","","","https://hecdnnw.hemlak.com/mncropresize/77/67/logo/2/3/2/4/0/1/6d1c6ac9-f9be-4263-ba53-c14390247214.jpg"
"https://www.hepsiemlak.com/mugla-dalaman-karacali-kiralik/daire/10402-11591","1 / 10","23.000","19/08/2026","Pazaryerinin En İyi Konumu! Eşyalı, Güney Cephe 1+1 Daire","Kiralık Daire","1 + 1","65 m²","6 Yaşında","·","Kat","Zemin","Muğla / Dalaman / Karaçalı Mah.","https://www.hepsiemlak.com/_nuxt/8cafc93fb5c74c75e9e04e528e02ccdf.jpg","","WhatsApp","","",""
"https://www.hepsiemlak.com/mugla-bodrum-bitez-kiralik/mustakil-ev/77493-2440","1 / 20","55.000","25/08/2026","Bodrum Bitez Kiralık Müstakil Bahçeli Dubleks","Kiralık Müstakil Ev","3 + 1","100 m²","16 Yaşında","","","","Muğla / Bodrum / Bitez Mah.","https://www.hepsiemlak.com/_nuxt/8cafc93fb5c74c75e9e04e528e02ccdf.jpg","","WhatsApp","","",""
"https://www.hepsiemlak.com/mugla-bodrum-konacik-kiralik/mustakil-ev/112622-2144","1 / 25","100.000","12/06/2026","Müstakil Taş Ev Düzayak Konumlu 500 M2 Arsa İçinde Ortak Havuzlu","Kiralık Müstakil Ev","3 + 1","140 m²","11 Yaşında","·","Kat","Bahçe Katı","Muğla / Bodrum / Konacık Mah.","https://www.hepsiemlak.com/_nuxt/8cafc93fb5c74c75e9e04e528e02ccdf.jpg","Bodrum Emlak","WhatsApp","","","https://www.hepsiemlak.com/_nuxt/8cafc93fb5c74c75e9e04e528e02ccdf.jpg"
"https://www.hepsiemlak.com/mugla-bodrum-yalikavak-kiralik/villa/17216-4071","1 / 30","450.000","21/08/2026","Yalıkavak Merkezde Ultra Lüks 4+1 Villa","Kiralık Villa","4 + 1","433 m²","5 Yaşında","·","Kat","Bahçe Katı","Muğla / Bodrum / Yalıkavak Mah.","https://www.hepsiemlak.com/_nuxt/8cafc93fb5c74c75e9e04e528e02ccdf.jpg","Amerıcana Realty Zemlak","WhatsApp","Uzay
                  Merttürk","https://www.hepsiemlak.com/_nuxt/8cafc93fb5c74c75e9e04e528e02ccdf.jpg","https://www.hepsiemlak.com/_nuxt/8cafc93fb5c74c75e9e04e528e02ccdf.jpg"
"https://www.hepsiemlak.com/mugla-ortaca-bahcelievler-kiralik/daire/163837-649","1 / 34","21.000","03/08/2026","Adress Ailesi'nden Bahçelievler Mah. Site İçerisinde Kiralık 2+1","Kiralık Daire","2 + 1","125 m²","18 Yaşında","·","Kat","2. Kat","Muğla / Ortaca / Bahçelievler Mah.","https://www.hepsiemlak.com/_nuxt/8cafc93fb5c74c75e9e04e528e02ccdf.jpg","Adress Ailesi Emlak Danışmanlığı","WhatsApp","","","https://www.hepsiemlak.com/_nuxt/8cafc93fb5c74c75e9e04e528e02ccdf.jpg"
"https://www.hepsiemlak.com/mugla-fethiye-akarca-kiralik/daire/130116-577","1 / 15","40.000","23/07/2026","Akarca Mah'de Eşyalı Kiralık 3+ Daire","Kiralık Daire","3 + 1","118 m²","14 Yaşında","·","Kat","Çatı Katı","Muğla / Fethiye / Akarca Mah.","https://www.hepsiemlak.com/_nuxt/8cafc93fb5c74c75e9e04e528e02ccdf.jpg","Ladin Property","WhatsApp","","","https://www.hepsiemlak.com/_nuxt/8cafc93fb5c74c75e9e04e528e02ccdf.jpg"
"https://www.hepsiemlak.com/mugla-datca-sindi-kiralik/daire/114781-872","1 / 60","25.000","09/07/2026","Datça Kiralık 2+1 Eşyalı Bahçeli Daire - Yıllık Veya Dönemsel Kiralamaya Uygun","Kiralık Daire","2 + 1","70 m²","Sıfır Bina","·","Kat","En Üst Kat","Muğla / Datça / Sındı Mah.","https://www.hepsiemlak.com/_nuxt/8cafc93fb5c74c75e9e04e528e02ccdf.jpg","Remax Badem","WhatsApp","","","https://www.hepsiemlak.com/_nuxt/8cafc93fb5c74c75e9e04e528e02ccdf.jpg"
"https://www.hepsiemlak.com/mugla-bodrum-geris-kiralik/villa/110877-1627","1 / 60","100.000","05/09/2026","Bodrum Yalıkavak Geriş Denize Sıfır Kiralık Havuzlu Plajlı Sitede  Bahçe Dubleksi Villa","Kiralık Villa","3 + 1","135 m²","12 Yaşında","·","Kat","","Muğla / Bodrum / Geriş Mah.","https://www.hepsiemlak.com/_nuxt/8cafc93fb5c74c75e9e04e528e02ccdf.jpg","Vısıon Bodrum","WhatsApp","","","https://www.hepsiemlak.com/_nuxt/8cafc93fb5c74c75e9e04e528e02ccdf.jpg"
"https://www.hepsiemlak.com/mugla-dalaman-karacali-kiralik/daire/98471-293","1 / 35","23.000","19/08/2026","Asil Emlaktan Merkezde Geniş Arakat Eşyalı 1+1 Daire","Kiralık Daire","1 + 1","70 m²","6 Yaşında","·","Kat","2. Kat","Muğla / Dalaman / Karaçalı Mah.","https://www.hepsiemlak.com/_nuxt/8cafc93fb5c74c75e9e04e528e02ccdf.jpg","Asil Gayrimenkul","WhatsApp","","","https://www.hepsiemlak.com/_nuxt/8cafc93fb5c74c75e9e04e528e02ccdf.jpg"
"https://www.hepsiemlak.com/mugla-dalaman-altintas-kiralik/daire/156531-178","1 / 34","35.000","22/08/2026","Dalaman Havuzlu Sitede  Full Eşyalı 2+1 Kiralık Daire","Kiralık Daire","2 + 1","90 m²","5 Yaşında","·","Kat","Giriş Katı","Muğla / Dalaman / Altıntas Mah.","https://www.hepsiemlak.com/_nuxt/8cafc93fb5c74c75e9e04e528e02ccdf.jpg","Rocher Homes","WhatsApp","","","https://www.hepsiemlak.com/_nuxt/8cafc93fb5c74c75e9e04e528e02ccdf.jpg"
"https://www.hepsiemlak.com/mugla-bodrum-gumusluk-kiralik/villa/148665-192","1 / 27","100.000","25/08/2026","500m2 Arsa İçerisinde Ay'dan Aya Ödemeli Müstakil Havuzlu Villa","Kiralık Villa","3 + 1","200 m²","5 Yaşında","·","Kat","","Muğla / Bodrum / Gümüşlük Mah.","https://www.hepsiemlak.com/_nuxt/8cafc93fb5c74c75e9e04e528e02ccdf.jpg","Agr Group Gayrimenkul","WhatsApp","","","https://www.hepsiemlak.com/_nuxt/8cafc93fb5c74c75e9e04e528e02ccdf.jpg"
"https://www.hepsiemlak.com/mugla-marmaris-armutalan-kiralik/daire/154371-78","1 / 33","80.000","23/08/2026","Sky'dan Havuzlu Ve Güvenlikli Sitede Kiralık Lüks 4+1 Daire","Kiralık Daire","4 + 1","170 m²","16 Yaşında","·","Kat","1. Kat","Muğla / Marmaris / Armutalan Mah.","https://www.hepsiemlak.com/_nuxt/8cafc93fb5c74c75e9e04e528e02ccdf.jpg","Sky Gayrimenkul Marmaris","WhatsApp","Uluç Egemen
                  Taykurt","https://www.hepsiemlak.com/_nuxt/8cafc93fb5c74c75e9e04e528e02ccdf.jpg","https://www.hepsiemlak.com/_nuxt/8cafc93fb5c74c75e9e04e528e02ccdf.jpg"
"https://www.hepsiemlak.com/mugla-bodrum-geris-kiralik/villa/79583-1640","1 / 34","2.000.000","20/06/2026","Exper'den Yalıkavak'ta Deniz Manzaralı Ultra Lux Kiralık Villa","Kiralık Villa","4 + 1","390 m²","2 Yaşında","·","Kat","Bahçe Katı","Muğla / Bodrum / Geriş Mah.","https://www.hepsiemlak.com/_nuxt/8cafc93fb5c74c75e9e04e528e02ccdf.jpg","Exper Gayrimenkul","WhatsApp","","","https://www.hepsiemlak.com/_nuxt/8cafc93fb5c74c75e9e04e528e02ccdf.jpg"
"https://www.hepsiemlak.com/mugla-ortaca-dalyan-kiralik/daire/164433-157","1 / 24","26.500","20/07/2026","Huzur Arayanlara Dalyan'da Bahçeli Müstakil Tadında Geniş 2+1","Kiralık Daire","2 + 1","110 m²","11 Yaşında","·","Kat","2. Kat","Muğla / Ortaca / Dalyan Mah.","https://www.hepsiemlak.com/_nuxt/8cafc93fb5c74c75e9e04e528e02ccdf.jpg","Emlak Dünyası Ortaca","WhatsApp","","","https://www.hepsiemlak.com/_nuxt/8cafc93fb5c74c75e9e04e528e02ccdf.jpg"
"https://www.hepsiemlak.com/mugla-bodrum-geris-kiralik/villa/139386-725","1 / 16","106.000","26/08/2026","Bodrum Geriş Yalıkavak Holiday Gardensta Kiralık Eşyalı Villa","Kiralık Villa","3 + 1","165 m²","11 Yaşında","·","Kat","","Muğla / Bodrum / Geriş Mah.","https://www.hepsiemlak.com/_nuxt/8cafc93fb5c74c75e9e04e528e02ccdf.jpg","","WhatsApp","","",""
"https://www.hepsiemlak.com/mugla-bodrum-torba-kiralik/daire/69532-48","1 / 26","150.000","12/07/2026","Kiralık Torbada Full Deniz Manzaralı Eşyalı 2+1 Dubleks","Kiralık Daire","2 + 1","120 m²","11 Yaşında","·","Kat","Yüksek Giriş","Muğla / Bodrum / Torba Mah.","https://www.hepsiemlak.com/_nuxt/8cafc93fb5c74c75e9e04e528e02ccdf.jpg","Özaşkın Emlak","WhatsApp","Hürriyet
                  Günen","https://www.hepsiemlak.com/_nuxt/8cafc93fb5c74c75e9e04e528e02ccdf.jpg",""
"https://www.hepsiemlak.com/mugla-bodrum-bahcelievler-kiralik/daire/142707-146","1 / 60","263.000","23/06/2026","Bodrum Denize Sıfır * Ultra Lüks * Müthiş Manzara *ücretsiz Plaj","Kiralık Daire","2 + 1","95 m²","2 Yaşında","·","Kat","Bahçe Katı","Muğla / Bodrum / Bahçelievler Mah.","https://www.hepsiemlak.com/_nuxt/8cafc93fb5c74c75e9e04e528e02ccdf.jpg","Bodrum Bulut Gayrimenkul","WhatsApp","Metin
                  Sucu","https://www.hepsiemlak.com/_nuxt/8cafc93fb5c74c75e9e04e528e02ccdf.jpg","https://www.hepsiemlak.com/_nuxt/8cafc93fb5c74c75e9e04e528e02ccdf.jpg"
"https://www.hepsiemlak.com/mugla-ortaca-bahcelievler-kiralik/daire/153298-56","1 / 20","18.000","07/09/2026","Sedir' Den Bahçelievler Mh. 1+1 Kiralık Daire","Kiralık Daire","1 + 1","50 m²","2 Yaşında","·","Kat","2. Kat","Muğla / Ortaca / Bahçelievler Mah.","https://www.hepsiemlak.com/_nuxt/8cafc93fb5c74c75e9e04e528e02ccdf.jpg","Sedir Gayrimenkul Danışmanlığı","WhatsApp","Hidayi
                  Çatar","https://www.hepsiemlak.com/_nuxt/8cafc93fb5c74c75e9e04e528e02ccdf.jpg",""
"https://www.hepsiemlak.com/mugla-bodrum-bitez-kiralik/villa/166551-9","1 / 38","200.000","07/09/2026","Bodrum Bitez 4+1 Havuzlu Güvenlikli Site İçerisinde Villa","Kiralık Villa","4 + 1","175 m²","11 Yaşında","·","Kat","","Muğla / Bodrum / Bitez Mah.","https://www.hepsiemlak.com/_nuxt/8cafc93fb5c74c75e9e04e528e02ccdf.jpg","Duygu Akıncı Real Estate","WhatsApp","","","https://www.hepsiemlak.com/_nuxt/8cafc93fb5c74c75e9e04e528e02ccdf.jpg"
"https://www.hepsiemlak.com/mugla-fethiye-gocek-kiralik/villa/105680-1","1 / 18","140.000","10/08/2026","Göcek Merkezde 5+1 Müstakil Bahçe Ve Havuzlu Villa","Kiralık Villa","5 + 1","280 m²","4 Yaşında","·","Kat","Bahçe Katı","Muğla / Fethiye / Göcek Mah.","https://www.hepsiemlak.com/_nuxt/8cafc93fb5c74c75e9e04e528e02ccdf.jpg","Devser İnşaat Emlak","WhatsApp","","","https://www.hepsiemlak.com/_nuxt/8cafc93fb5c74c75e9e04e528e02ccdf.jpg"
"https://www.hepsiemlak.com/mugla-fethiye-incirkoy-kiralik/villa/139822-188","1 / 40","60.000","17/07/2026","Fethiye Üzümlü Mahallesi’nde 2+1 125m2 Havuzlu Bahçeli Villa","Kiralık Villa","2 + 1","130 m²","Sıfır Bina","·","Kat","","Muğla / Fethiye / İncirköy Mah.","https://hecdnnw.hemlak.com/mncropresize/77/67/firmuser/6/3/0/1/1/9/3/9d4ccb80-f4ab-4d57-bf90-0ee19d9e009b.jpg","Fethiye Emlak","WhatsApp","İsa
                  Öztok","",""
"https://www.hepsiemlak.com/mugla-koycegiz-yangi-kiralik/daire/134699-2221","1 / 19","28.000","30/06/2026","Doğayla İç İçe Şehirden Sadece 5 Dk. Uzaklıkta  2+1 Kiralık Daire","Kiralık Daire","2 + 1","100 m²","6 Yaşında","·","Kat","Bahçe Katı","Muğla / Köyceğiz / Yangı Mah.","","","WhatsApp","","",""
"https://www.hepsiemlak.com/mugla-mentese-emirbeyazit-kiralik/daire/100020-205","1 / 12","28.000","12/08/2026","Muğla Merkezde 2+0 Kiralık Daire","Kiralık Daire","2 + 0","55 m²","11 Yaşında","·","Kat","2. Kat","Muğla / Menteşe / Emirbeyazıt Mah.","","","WhatsApp","","",""
"https://www.hepsiemlak.com/mugla-bodrum-turkbuku-kiralik/residence/92704-75","1 / 12","460.000","27/07/2026","Türkbükü Denize Sıfır The Bo Viera Kiralık Rezidans","Kiralık Residence","2 + 1","120 m²","1 Yaşında","·","Kat","2. Kat","Muğla / Bodrum / Türkbükü Mah.","https://hecdn01.hemlak.com/mncropresize/182/137/ds01/3/4/7/5/5/7/6/4/0d0409f8-387b-4fdb-aae5-ff2d2d0042ec.jpg","","WhatsApp","","",""
"https://www.hepsiemlak.com/mugla-ula-koprubasi-kiralik/daire/97478-853","1 / 14","18.500","19/08/2026","Ula Girişinde 1 +1 Kiralık Lüx Yerden Isıtma Daire","Kiralık Daire","1 + 1","45 m²","6 Yaşında","·","Kat","2. Kat","Muğla / Ula / Köprübaşı Mah.","https://www.hepsiemlak.com/_nuxt/8cafc93fb5c74c75e9e04e528e02ccdf.jpg","Çiftçi Emlak","WhatsApp","Nazif
                  Çiftçi","https://www.hepsiemlak.com/_nuxt/8cafc93fb5c74c75e9e04e528e02ccdf.jpg",""
"https://www.hepsiemlak.com/mugla-bodrum-golkoy-kiralik/daire/6231-16526","1 / 9","35.000","03/09/2026","Türkbükü Gölköy Sporkent'te Mobilyalı Kiralık Daire","Kiralık Daire","1 + 1","70 m²","11 Yaşında","·","Kat","Bahçe Katı","Muğla / Bodrum / Gölköy Mah.","https://www.hepsiemlak.com/_nuxt/8cafc93fb5c74c75e9e04e528e02ccdf.jpg","Space İstanbul Gayrimenkul","WhatsApp","","","https://www.hepsiemlak.com/_nuxt/8cafc93fb5c74c75e9e04e528e02ccdf.jpg"
"https://www.hepsiemlak.com/mugla-fethiye-catalarik-kiralik/daire/52425-3760","1 / 14","35.000","31/08/2026","Çatalarık Mahallesinde Eşyalı Kiralık Sıfır Daire","Kiralık Daire","2 + 1","80 m²","Sıfır Bina","·","Kat","Yüksek Giriş","Muğla / Fethiye / Çatalarık Mah.","https://www.hepsiemlak.com/_nuxt/8cafc93fb5c74c75e9e04e528e02ccdf.jpg","Vartur Emlak","WhatsApp","","","https://www.hepsiemlak.com/_nuxt/8cafc93fb5c74c75e9e04e528e02ccdf.jpg"
"https://www.hepsiemlak.com/mugla-bodrum-kumbahce-kiralik/daire/103485-600","1 / 29","120.000","30/07/2026","Denize Yürüme Mesafesinde Çarşı İçi Bahçeli Daire","Kiralık Daire","2 + 1","110 m²","11 Yaşında","·","Kat","Bahçe Katı","Muğla / Bodrum / Kumbahçe Mah.","https://www.hepsiemlak.com/_nuxt/8cafc93fb5c74c75e9e04e528e02ccdf.jpg","Bodrum Artemis Gayrimenkul","WhatsApp","Utku Erkan
                  Barış","https://www.hepsiemlak.com/_nuxt/8cafc93fb5c74c75e9e04e528e02ccdf.jpg","https://www.hepsiemlak.com/_nuxt/8cafc93fb5c74c75e9e04e528e02ccdf.jpg"
"https://www.hepsiemlak.com/mugla-bodrum-dirmil-kiralik/daire/54899-3988","1 / 29","78.000","01/07/2026","Bodrum Yalıkavak’ta Denize Yürüme Mesafesinde Bahçe Katı","Kiralık Daire","3 + 1","115 m²","10 Yaşında","·","Kat","Bahçe Katı","Muğla / Bodrum / Dirmil Mah.","https://www.hepsiemlak.com/_nuxt/8cafc93fb5c74c75e9e04e528e02ccdf.jpg","Gümüş Gayrimenkul Yatırım Danışmanlığı","WhatsApp","","","https://www.hepsiemlak.com/_nuxt/8cafc93fb5c74c75e9e04e528e02ccdf.jpg"
"https://www.hepsiemlak.com/mugla-bodrum-koyunbaba-kiralik/residence/28765-16008","1 / 25","47.000","10/09/2026","Bodrum-Pera Gümüşlük'te Kiralık Flat 1+1 Daire","Kiralık Residence","1 + 1","60 m²","5 Yaşında","·","Kat","2. Kat","Muğla / Bodrum / Koyunbaba Mah.","https://www.hepsiemlak.com/_nuxt/8cafc93fb5c74c75e9e04e528e02ccdf.jpg","Coldwell Banker Artemis","WhatsApp","","","https://www.hepsiemlak.com/_nuxt/8cafc93fb5c74c75e9e04e528e02ccdf.jpg"
"https://www.hepsiemlak.com/mugla-fethiye-oludeniz-kiralik/villa/0-46981212","1 / 16","100.000","14/08/2026","Tam Korunaklı Tam Müstakil Sıfır Villa","Kiralık Villa","2 + 1","120 m²","1 Yaşında","·","Kat","","Muğla / Fethiye / Ölüdeniz Mah.","https://www.hepsiemlak.com/_nuxt/8cafc93fb5c74c75e9e04e528e02ccdf.jpg","","WhatsApp","","",""
"https://www.hepsiemlak.com/mugla-bodrum-akyarlar-kiralik/daire/0-46958346","1 / 19","160.000","17/07/2026","Bodrum Akyarlar Kiralık Daire Ev Denize Yürüyerek 45 Sn","Kiralık Daire","2 + 1","105 m²","12 Yaşında","·","Kat","1. Kat","Muğla / Bodrum / Akyarlar Mah.","https://www.hepsiemlak.com/_nuxt/8cafc93fb5c74c75e9e04e528e02ccdf.jpg","","","","",""
"https://www.hepsiemlak.com/mugla-datca-yazi-kiralik/daire/0-46948400","1 / 30","30.000","17/07/2026","Datça Palamutbükü – Belenköy’de Full Eşyalı Kiralık Klimalı 3+1 Daire","Kiralık Daire","3 + 1","100 m²","Sıfır Bina","·","Kat","1. Kat","Muğla / Datça / Yazı Mah.","https://www.hepsiemlak.com/_nuxt/8cafc93fb5c74c75e9e04e528e02ccdf.jpg","","WhatsApp","","",""
"https://www.hepsiemlak.com/mugla-dalaman-merkez-kiralik/daire/0-46921397","1 / 22","35.000","11/07/2026","Dalaman Merkez Lüks Geniş 3+1 Daire","Kiralık Daire","3 + 1","172 m²","8 Yaşında","·","Kat","2. Kat","Muğla / Dalaman / Merkez Mah.","https://www.hepsiemlak.com/_nuxt/8cafc93fb5c74c75e9e04e528e02ccdf.jpg","","WhatsApp","","",""
"https://www.hepsiemlak.com/mugla-bodrum-akcaalan-kiralik/daire/0-46891772","1 / 18","40.000","21/07/2026","Bodrum Turgutreis Akçaalan Mahallesinde 2+1 Kiralık Daire","Kiralık Daire","2 + 1","90 m²","20 Yaşında","·","Kat","1. Kat","Muğla / Bodrum / Akçaalan Mah.","https://www.hepsiemlak.com/_nuxt/8cafc93fb5c74c75e9e04e528e02ccdf.jpg","","WhatsApp","","",""
"https://www.hepsiemlak.com/mugla-bodrum-mumcular-kiralik/daire/146484-100","1 / 35","30.000","01/07/2026","Labris'ten Mumcular'da Göl Manzaralı Ara Kat Kiralık 2+1 Daire","Kiralık Daire","2 + 1","81 m²","11 Yaşında","·","Kat","2. Kat","Muğla / Bodrum / Mumcular Mah.","https://www.hepsiemlak.com/_nuxt/8cafc93fb5c74c75e9e04e528e02ccdf.jpg","","WhatsApp","","",""
"https://www.hepsiemlak.com/mugla-seydikemer-gerisburnu-kiralik/daire/159678-93","1 / 22","16.000","08/08/2026","Turpa Mavi Ege | Seydikemer Merkez'de Kiralık 2+1 Sıfır Daire","Kiralık Daire","2 + 1","80 m²","Sıfır Bina","·","Kat","1. Kat","Muğla / Seydikemer / Gerişburnu Mah.","https://www.hepsiemlak.com/_nuxt/8cafc93fb5c74c75e9e04e528e02ccdf.jpg","","WhatsApp","","",""
"https://www.hepsiemlak.com/mugla-marmaris-cildir-kiralik/daire/165393-35","1 / 22","80.000","01/09/2026","Çıldır Mahallesinde Açık Otoparklı Kiralık Düz Daire","Kiralık Daire","3 + 1","160 m²","16 Yaşında","·","Kat","1. Kat","Muğla / Marmaris / Çıldır Mah.","https://www.hepsiemlak.com/_nuxt/8cafc93fb5c74c75e9e04e528e02ccdf.jpg","Enver Uçar Gayrimenkul","WhatsApp","","","https://www.hepsiemlak.com/_nuxt/8cafc93fb5c74c75e9e04e528e02ccdf.jpg"
"https://www.hepsiemlak.com/mugla-fethiye-gocek-kiralik/daire/140372-179","1 / 27","70.000","22/08/2026","Göcek Merkezde 3+1 Kiralık Daire","Kiralık Daire","3 + 1","130 m²","11 Yaşında","·","Kat","2. Kat","Muğla / Fethiye / Göcek Mah.","https://www.hepsiemlak.com/_nuxt/8cafc93fb5c74c75e9e04e528e02ccdf.jpg","Caretta Villa Emlak","WhatsApp","","","https://www.hepsiemlak.com/_nuxt/8cafc93fb5c74c75e9e04e528e02ccdf.jpg"
"https://www.hepsiemlak.com/mugla-bodrum-gumusluk-kiralik/villa/3044-5467","1 / 48","200.000","15/08/2026","Bodrum Gümüşlük'te Özel Havuzlu, Deniz Manzaralı Kiralık Villa","Kiralık Villa","4 + 1","197 m²","Sıfır Bina","·","Kat","","Muğla / Bodrum / Gümüşlük Mah.","https://www.hepsiemlak.com/_nuxt/8cafc93fb5c74c75e9e04e528e02ccdf.jpg","Turyap Ankara Yaşamkent Temsilciliği","WhatsApp","Güray
                  Ocaklı","https://www.hepsiemlak.com/_nuxt/8cafc93fb5c74c75e9e04e528e02ccdf.jpg","https://www.hepsiemlak.com/_nuxt/8cafc93fb5c74c75e9e04e528e02ccdf.jpg"
"https://www.hepsiemlak.com/mugla-ula-akyaka-kiralik/mustakil-ev/155887-91","1 / 22","75.000","28/07/2026","Akyaka' Da Dubleks Müstakil Bahçeli Kiralık Villa","Kiralık Müstakil Ev","3 + 1","135 m²","26 Yaşında","·","Kat","","Muğla / Ula / Akyaka Mah.","https://www.hepsiemlak.com/_nuxt/8cafc93fb5c74c75e9e04e528e02ccdf.jpg","İsim","WhatsApp","","","https://www.hepsiemlak.com/_nuxt/8cafc93fb5c74c75e9e04e528e02ccdf.jpg"
"https://www.hepsiemlak.com/mugla-koycegiz-yesilkoy-kiralik/daire/167388-9","1 / 26","22.500","14/08/2026","Full Emlak'tan Köyceğiz Yeşilköy'de Kiralik Ev","Kiralık Daire","2 + 1","115 m²","11 Yaşında","·","Kat","Giriş Katı","Muğla / Köyceğiz / Yeşilköy Mah.","https://www.hepsiemlak.com/_nuxt/8cafc93fb5c74c75e9e04e528e02ccdf.jpg","Full Emlak Gayrimenkul","WhatsApp","","","https://www.hepsiemlak.com/img/loadings/noImage55-55.png"
"https://www.hepsiemlak.com/mugla-fethiye-tasyaka-kiralik/daire/167614-2","1 / 47","50.000","31/08/2026","Kiralık 3+1 Daire","Kiralık Daire","3 + 1","140 m²","16 Yaşında","·","Kat","Ara Kat","Muğla / Fethiye / Taşyaka Mah.","https://www.hepsiemlak.com/_nuxt/8cafc93fb5c74c75e9e04e528e02ccdf.jpg","Hzd Gayrimenkul İnşaat Turizm Lojistik LTD ŞTİ","WhatsApp","Mustafa
                  Doğan","https://www.hepsiemlak.com/_nuxt/8cafc93fb5c74c75e9e04e528e02ccdf.jpg",""
"https://www.hepsiemlak.com/mugla-koycegiz-beyobasi-kiralik/mustakil-ev/119841-116","1 / 34","50.000","14/08/2026","Yüksekkum'dan Beyobası'nda 4+1 Müstakil Lüks Villa Kiralık","Kiralık Müstakil Ev","4 + 1","160 m²","Sıfır Bina","·","Kat","Bahçe Katı","Muğla / Köyceğiz / Beyobası Mah.","https://www.hepsiemlak.com/_nuxt/8cafc93fb5c74c75e9e04e528e02ccdf.jpg","Yuksekkum Emlak","WhatsApp","","","https://www.hepsiemlak.com/_nuxt/8cafc93fb5c74c75e9e04e528e02ccdf.jpg"
"https://www.hepsiemlak.com/mugla-bodrum-akyarlar-kiralik/yazlik/0-44174808","1 / 35","125.000","13/08/2026","Akyarlarda Sahibinden Kiralık Villa","Kiralık Yazlık","2 + 1","140 m²","30 Yaşında","·","Kat","Villa Katı","Muğla / Bodrum / Akyarlar Mah.","","","WhatsApp","","",""
"https://www.hepsiemlak.com/mugla-bodrum-akyarlar-kiralik/yazlik/0-42943882","1 / 17","3.000","29/06/2026","Bodrum-Akyarlar Apart Günlük 2500-3000 Tl","Kiralık Yazlık","Stüdyo","45 m²","25 Yaşında","·","Kat","Zemin","Muğla / Bodrum / Akyarlar Mah.","","","WhatsApp","","",""
"https://www.hepsiemlak.com/mugla-bodrum-akyarlar-kiralik/villa/0-42828671","1 / 16","160.000","09/07/2026","Sahibinden Akyarlarda 3 Yatak Odalı Müstakil Kiralık Yazlık","Kiralık Villa","3 + 1","140 m²","26 Yaşında","·","Kat","","Muğla / Bodrum / Akyarlar Mah.","","","WhatsApp","","",""
"https://www.hepsiemlak.com/mugla-datca-kizlan-kiralik/daire/0-42504813","1 / 15","35.000","08/09/2026","Havuzlu Bahçe Katı 2+1","Kiralık Daire","2 + 1","75 m²","5 Yaşında","·","Kat","Bahçe Katı","Muğla / Datça / Kızlan Mah.","https://hecdn01.hemlak.com/mncropresize/182/137/ds01/3/1/8/4/0/5/2/4/1713429303832-42504813.jpg","","WhatsApp","","",""
"https://www.hepsiemlak.com/mugla-bodrum-cevat-sakir-kiralik/daire/8050-1557","1 / 8","60.000","22/08/2026","Bodrum Gümbet Ana Caddeye Cepeli Oasis Avm Karşısında Kiralık 3+1 Üst Kat Daire","Kiralık Daire","3 + 10","130 m²","16 Yaşında","·","Kat","2. Kat","Muğla / Bodrum / Cevat Şakir Mah.","https://www.hepsiemlak.com/_nuxt/8cafc93fb5c74c75e9e04e528e02ccdf.jpg","Gümbet Emlak","WhatsApp","","","https://www.hepsiemlak.com/_nuxt/8cafc93fb5c74c75e9e04e528e02ccdf.jpg"
"https://www.hepsiemlak.com/mugla-bodrum-eskicesme-kiralik/mustakil-ev/65421-1562","1 / 30","50.000","22/07/2026","Bodrum Eskiçeşme 2+1 Eşyalı Dublexs..","Kiralık Müstakil Ev","2 + 1","80 m²","25 Yaşında","·","Kat","","Muğla / Bodrum / Eskiçeşme Mah.","https://www.hepsiemlak.com/_nuxt/8cafc93fb5c74c75e9e04e528e02ccdf.jpg","Bodrum Kule Emlak","WhatsApp","Nihal
                  Sakarya","https://www.hepsiemlak.com/_nuxt/8cafc93fb5c74c75e9e04e528e02ccdf.jpg","https://www.hepsiemlak.com/_nuxt/8cafc93fb5c74c75e9e04e528e02ccdf.jpg"
"https://www.hepsiemlak.com/mugla-bodrum-gumusluk-kiralik/villa/95135-906","1 / 28","350.000","14/06/2026","Bodrum Balıkçılara Yürüme Mesafesinde Havuzlu Müstakil Villa","Kiralık Villa","3 + 1","160 m²","2 Yaşında","·","Kat","","Muğla / Bodrum / Gümüşlük Mah.","https://www.hepsiemlak.com/_nuxt/8cafc93fb5c74c75e9e04e528e02ccdf.jpg","Orçun Turgun","WhatsApp","Orçun
                  Turgun","https://www.hepsiemlak.com/_nuxt/8cafc93fb5c74c75e9e04e528e02ccdf.jpg","https://www.hepsiemlak.com/_nuxt/8cafc93fb5c74c75e9e04e528e02ccdf.jpg"
"https://www.hepsiemlak.com/mugla-bodrum-dirmil-kiralik/villa/56203-4923","1 / 18","145.000","09/09/2026","Yalıkavak Kızılburunda Deniz Manzaralı Kısa Dönem Dubleks Villa","Kiralık Villa","3 + 1","140 m²","3 Yaşında","·","Kat","","Muğla / Bodrum / Dirmil Mah.","https://www.hepsiemlak.com/_nuxt/8cafc93fb5c74c75e9e04e528e02ccdf.jpg","Yalıhan Emlak","WhatsApp","","","https://www.hepsiemlak.com/_nuxt/8cafc93fb5c74c75e9e04e528e02ccdf.jpg"
"https://www.hepsiemlak.com/mugla-koycegiz-gelisim-kiralik/daire/130154-672","1 / 14","28.000","22/06/2026","Cittaslow'dan Gelişim'de Sitede Havuzlu Bahçe Katı Kiralık 1+1","Kiralık Daire","1 + 1","65 m²","5 Yaşında","·","Kat","Bahçe Katı","Muğla / Köyceğiz / Gelişim Mah.","https://www.hepsiemlak.com/_nuxt/8cafc93fb5c74c75e9e04e528e02ccdf.jpg","Cittaslow Gayrimenkul","WhatsApp","","","https://www.hepsiemlak.com/_nuxt/8cafc93fb5c74c75e9e04e528e02ccdf.jpg"
"https://www.hepsiemlak.com/mugla-bodrum-muskebi-kiralik/daire/140202-3046","1 / 29","50.000","19/08/2026","Bodrum Ortakent  Kiralık Eşyasız 2+1 Giriş Katı Daire","Kiralık Daire","2 + 1","70 m²","8 Yaşında","·","Kat","1. Kat","Muğla / Bodrum / Müskebi Mah.","https://www.hepsiemlak.com/_nuxt/8cafc93fb5c74c75e9e04e528e02ccdf.jpg","Century21 Begonvill Gayrimenkul","WhatsApp","","","https://www.hepsiemlak.com/_nuxt/8cafc93fb5c74c75e9e04e528e02ccdf.jpg"
"https://www.hepsiemlak.com/mugla-fethiye-menteseoglu-kiralik/daire/135231-2869","1 / 19","45.000","09/09/2026","Stop’tan Menteşeoğlu’nda Onarılmış Masrafsız 5+1 Kiralık Dubleks","Kiralık Daire","5 + 0","170 m²","7 Yaşında","·","Kat","En Üst Kat","Muğla / Fethiye / Menteşeoğlu Mah.","https://www.hepsiemlak.com/_nuxt/8cafc93fb5c74c75e9e04e528e02ccdf.jpg","Stop Gayrimenkul","WhatsApp","","","https://www.hepsiemlak.com/_nuxt/8cafc93fb5c74c75e9e04e528e02ccdf.jpg"
"https://www.hepsiemlak.com/mugla-bodrum-muskebi-kiralik/daire/128053-1371","1 / 23","60.000","12/08/2026","Bodrum Ortakent Kiralık 2+1 Bahçe Katı Daire","Kiralık Daire","2 + 1","80 m²","6 Yaşında","·","Kat","Bahçe Katı","Muğla / Bodrum / Müskebi Mah.","https://www.hepsiemlak.com/_nuxt/8cafc93fb5c74c75e9e04e528e02ccdf.jpg","Global İpek Yapı A.Ş","WhatsApp","","","https://www.hepsiemlak.com/_nuxt/8cafc93fb5c74c75e9e04e528e02ccdf.jpg"
"https://www.hepsiemlak.com/mugla-bodrum-geris-kiralik/villa/170427-30","1 / 22","50.000","05/09/2026","Bodrum Yalıkavak Kıralık Denız Manzaralı Müstakıl Vılla","Kiralık Villa","2 + 1","100 m²","26 Yaşında","·","Kat","","Muğla / Bodrum / Geriş Mah.","https://www.hepsiemlak.com/_nuxt/8cafc93fb5c74c75e9e04e528e02ccdf.jpg","Bodrum Zeytin Gayrimenkul Ticaret Anonim Şirketi","WhatsApp","","","https://www.hepsiemlak.com/_nuxt/8cafc93fb5c74c75e9e04e528e02ccdf.jpg"
"https://www.hepsiemlak.com/mugla-dalaman-atakent-kiralik/daire/140221-398","1 / 9","16.000","20/08/2026","Panoramik Manzaralı. Hava Limanı Yolu Üzeri.","Kiralık Daire","1 + 1","58 m²","3 Yaşında","·","Kat","3. Kat","Muğla / Dalaman / Atakent Mah.","https://www.hepsiemlak.com/_nuxt/8cafc93fb5c74c75e9e04e528e02ccdf.jpg","Lider Emlak","WhatsApp","","","https://www.hepsiemlak.com/_nuxt/8cafc93fb5c74c75e9e04e528e02ccdf.jpg"
"https://www.hepsiemlak.com/mugla-milas-gunes-kiralik/daire/164974-463","1 / 9","25.000","31/08/2026","Milas Güneş Mahallesinde Kiralık 2+1 Daire Harmaya Real Estate","Kiralık Daire","2 + 1","80 m²","31 Yaşında","·","Kat","2. Kat","Muğla / Milas / Güneş Mah.","https://www.hepsiemlak.com/_nuxt/8cafc93fb5c74c75e9e04e528e02ccdf.jpg","Harmaya Gayrimenkul","WhatsApp","","","https://www.hepsiemlak.com/_nuxt/8cafc93fb5c74c75e9e04e528e02ccdf.jpg"
"https://www.hepsiemlak.com/mugla-bodrum-eskicesme-kiralik/daire/111248-522","1 / 21","60.000","17/08/2026","Bodrum Bardakçı'da Geniş 2+1 Full Eşyalı Bahçe Katı Kiralık","Kiralık Daire","2 + 1","95 m²","11 Yaşında","·","Kat","Bahçe Katı","Muğla / Bodrum / Eskiçeşme Mah.","https://www.hepsiemlak.com/_nuxt/8cafc93fb5c74c75e9e04e528e02ccdf.jpg","","WhatsApp","","",""
"https://www.hepsiemlak.com/mugla-mentese-kotekli-kiralik/daire/76834-3084","1 / 22","30.000","12/08/2026","Muğla Menteşe Yücelen Hastanesi Yanında 1+1 Kiralık Daire","Kiralık Daire","1 + 1","45 m²","6 Yaşında","·","Kat","1. Kat","Muğla / Menteşe / Kötekli Mah.","https://www.hepsiemlak.com/_nuxt/8cafc93fb5c74c75e9e04e528e02ccdf.jpg","Muğla Kampüs Emlak","WhatsApp","İlker Barış
                  Kalaç","https://www.hepsiemlak.com/_nuxt/8cafc93fb5c74c75e9e04e528e02ccdf.jpg","https://www.hepsiemlak.com/_nuxt/8cafc93fb5c74c75e9e04e528e02ccdf.jpg"
"https://www.hepsiemlak.com/mugla-koycegiz-toparlar-kiralik/daire/0-46864012","1 / 14","19.000","06/09/2026","Sahibinden 1+1  Kiralık Daireler Toparlar Okullar Bölgesinde","Kiralık Daire","1 + 1","60 m²","Sıfır Bina","·","Kat","Yüksek Giriş","Muğla / Köyceğiz / Toparlar Mah.","https://www.hepsiemlak.com/_nuxt/8cafc93fb5c74c75e9e04e528e02ccdf.jpg","","WhatsApp","","",""
"https://www.hepsiemlak.com/mugla-ortaca-sarigerme-kiralik/villa/90688-163","1 / 28","58.000","05/09/2026","Sarigerme'de Deniz Ve Golf Sahası Manzaralı Kiralık Villa","Kiralık Villa","2 + 1","130 m²","26 Yaşında","·","Kat","","Muğla / Ortaca / Sarıgerme Mah.","https://www.hepsiemlak.com/_nuxt/8cafc93fb5c74c75e9e04e528e02ccdf.jpg","Teryaki Emlak","WhatsApp","Muhammet
                  Teryaki","https://www.hepsiemlak.com/_nuxt/8cafc93fb5c74c75e9e04e528e02ccdf.jpg","https://www.hepsiemlak.com/_nuxt/8cafc93fb5c74c75e9e04e528e02ccdf.jpg"
"https://www.hepsiemlak.com/mugla-bodrum-konacik-kiralik/daire/154405-109","1 / 14","45.000","03/09/2026","Bodrum Yeni Köy Mah Kiralık 2+1 Bahçe Dubleks","Kiralık Daire","2 + 1","100 m²","21 Yaşında","·","Kat","Bahçe Katı","Muğla / Bodrum / Konacık Mah.","https://www.hepsiemlak.com/_nuxt/8cafc93fb5c74c75e9e04e528e02ccdf.jpg","Ozan Yuvacı Team","WhatsApp","Ozan
                  Yuvacı","https://www.hepsiemlak.com/_nuxt/8cafc93fb5c74c75e9e04e528e02ccdf.jpg","https://www.hepsiemlak.com/_nuxt/8cafc93fb5c74c75e9e04e528e02ccdf.jpg"
"https://www.hepsiemlak.com/mugla-bodrum-peksimet-kiralik/daire/82628-1127","1 / 27","40.000","01/09/2026","Fc Group Bodrum Deniz Ve Adalar Manzaralı Kiralık 2+1 Daire","Kiralık Daire","2 + 1","64 m²","16 Yaşında","·","Kat","3. Kat","Muğla / Bodrum / Peksimet Mah.","https://www.hepsiemlak.com/_nuxt/8cafc93fb5c74c75e9e04e528e02ccdf.jpg","Fc Group","WhatsApp","","","https://www.hepsiemlak.com/_nuxt/8cafc93fb5c74c75e9e04e528e02ccdf.jpg"
"https://www.hepsiemlak.com/mugla-marmaris-armutalan-kiralik/daire/90448-2498","1 / 10","35.000","24/08/2026","Armutalan Mahallesi'nde 2+1 Giyinme Odalı Daire","Kiralık Daire","2 + 1","105 m²","26 Yaşında","·","Kat","1. Kat","Muğla / Marmaris / Armutalan Mah.","https://www.hepsiemlak.com/_nuxt/8cafc93fb5c74c75e9e04e528e02ccdf.jpg","Realty World Yalı Gayrimenkul","WhatsApp","","","https://www.hepsiemlak.com/_nuxt/8cafc93fb5c74c75e9e04e528e02ccdf.jpg"
"https://www.hepsiemlak.com/mugla-ortaca-karaburun-kiralik/daire/151003-184","1 / 13","25.000","21/08/2026","Rotam Emlaktan Ortaca Havuzlu Sitede Eşyalı Ara Kat Kiralık Ev","Kiralık Daire","1 + 1","55 m²","1 Yaşında","·","Kat","2. Kat","Muğla / Ortaca / Karaburun Mah.","https://www.hepsiemlak.com/_nuxt/8cafc93fb5c74c75e9e04e528e02ccdf.jpg","Rotam Emlak","WhatsApp","Hülya
                  Aşiroğlu","https://www.hepsiemlak.com/_nuxt/8cafc93fb5c74c75e9e04e528e02ccdf.jpg","https://www.hepsiemlak.com/_nuxt/8cafc93fb5c74c75e9e04e528e02ccdf.jpg"
"https://www.hepsiemlak.com/mugla-bodrum-gundogan-kiralik/daire/17216-4057","1 / 30","200.000","24/06/2026","Gündoğan Sahil Sitesinde Kiralık Dubleks 2+ 1","Kiralık Daire","2 + 1","100 m²","16 Yaşında","·","Kat","2. Kat","Muğla / Bodrum / Gündoğan Mah.","https://www.hepsiemlak.com/_nuxt/8cafc93fb5c74c75e9e04e528e02ccdf.jpg","Amerıcana Realty Zemlak","WhatsApp","Uzay
                  Merttürk","https://www.hepsiemlak.com/_nuxt/8cafc93fb5c74c75e9e04e528e02ccdf.jpg","https://www.hepsiemlak.com/_nuxt/8cafc93fb5c74c75e9e04e528e02ccdf.jpg"
"https://www.hepsiemlak.com/mugla-bodrum-gundogan-kiralik/daire/135522-515","1 / 11","32.500","21/08/2026","Deniz Manzaralı Bahçeli 1+1 Eşyalı Daire","Kiralık Daire","1 + 1","65 m²","16 Yaşında","·","Kat","Bahçe Katı","Muğla / Bodrum / Gündoğan Mah.","","Yükselen Gayrimenkul","WhatsApp","","https://hecdnnw.hemlak.com/mncropresize/77/67/logo/2/2/5/5/3/1/f94a5eec-f7ad-49ae-9a52-caa38d66c4f9.jpg",""
"https://www.hepsiemlak.com/mugla-mentese-kotekli-kiralik/daire/100070-544","1 / 8","32.000","26/08/2026","Kötekli Pazaryeri Yanı 2+1 Kız Öğrenci Apartı","Kiralık Daire","2 + 1","75 m²","5 Yaşında","·","Kat","Zemin","Muğla / Menteşe / Kötekli Mah.","","","WhatsApp","","",""
"https://www.hepsiemlak.com/mugla-marmaris-hisaronu-kiralik/daire/26388-6183","1 / 34","22.000","06/08/2026","Tt Gayrimenkul’den Marmaris Değirmenyanı Çayırova Mahallesi’nde Kiralık 2+1 Daire","Kiralık Daire","2 + 1","120 m²","5 Yaşında","·","Kat","En Üst Kat","Muğla / Marmaris / Hisarönü Mah.","https://hecdnnw.hemlak.com/mncropresize/77/67/logo/8/8/3/6/2/0/467e8e89-bfc6-4c1c-acc4-e061f3a15164.jpg","Tt Emlak","WhatsApp","","",""
"https://www.hepsiemlak.com/mugla-seydikemer-menekse-kiralik/daire/150925-744","1 / 17","15.000","21/08/2026","🏡 Menekşe Mahallesi’nde Merkezi Konumda Ferah 2+1 Kiralık Daire","Kiralık Daire","2 + 1","85 m²","10 Yaşında","·","Kat","3. Kat","Muğla / Seydikemer / Menekşe Mah.","https://hecdn01.hemlak.com/mncropresize/182/137/ds01/2/0/9/5/2/0/7/4/1785263361704-47025902.jpg","Uğur Emlak Seydikemer","WhatsApp","","","https://hecdnnw.hemlak.com/mncropresize/77/67/logo/5/2/9/0/5/1/7249ba24-fe5f-4a33-8933-13a825d86e86.jpg"
"https://www.hepsiemlak.com/mugla-fethiye-catalarik-kiralik/daire/138314-919","1 / 25","28.000","31/07/2026","Remax Güvencesiyle Fethiye'de Kiralık 2+1 Daire","Kiralık Daire","2 + 1","120 m²","6 Yaşında","·","Kat","2. Kat","Muğla / Fethiye / Çatalarık Mah.","https://www.hepsiemlak.com/_nuxt/8cafc93fb5c74c75e9e04e528e02ccdf.jpg","Remax Badem 2","WhatsApp","","","https://www.hepsiemlak.com/_nuxt/8cafc93fb5c74c75e9e04e528e02ccdf.jpg"
"https://www.hepsiemlak.com/mugla-bodrum-yalikavak-kiralik/mustakil-ev/110877-1626","1 / 54","25.000","06/07/2026","Bodrum Yalıkavak Tilkicik Mega Lüks Tam Müstakil Günlük Kiralık Villa","Kiralık Müstakil Ev","3 + 1","220 m²","4 Yaşında","·","Kat","","Muğla / Bodrum / Yalıkavak Mah.","https://www.hepsiemlak.com/_nuxt/8cafc93fb5c74c75e9e04e528e02ccdf.jpg","Vısıon Bodrum","WhatsApp","","","https://www.hepsiemlak.com/_nuxt/8cafc93fb5c74c75e9e04e528e02ccdf.jpg"
"https://www.hepsiemlak.com/mugla-datca-iskele-kiralik/mustakil-ev/114781-863","1 / 39","40.000","09/07/2026","Datça Kiralık Deniz Manzaralı Eşyalı Bahçeli 2+1 Dubleks İkiz Müstakil Villa İskele Mahallesi Burgaz","Kiralık Müstakil Ev","2 + 1","100 m²","6 Yaşında","·","Kat","","Muğla / Datça / İskele Mah.","https://www.hepsiemlak.com/_nuxt/8cafc93fb5c74c75e9e04e528e02ccdf.jpg","Remax Badem","WhatsApp","","","https://www.hepsiemlak.com/_nuxt/8cafc93fb5c74c75e9e04e528e02ccdf.jpg"
"https://www.hepsiemlak.com/mugla-milas-gulluk-kiralik/daire/110753-714","1 / 57","70.000","02/07/2026","Muğla/milas/güllük Mahallesinde Deniz Manzarasına Hakim 2+1 Yazlık Site Konsepti Daire","Kiralık Daire","2 + 1","85 m²","15 Yaşında","·","Kat","3. Kat","Muğla / Milas / Güllük Mah.","https://www.hepsiemlak.com/_nuxt/8cafc93fb5c74c75e9e04e528e02ccdf.jpg","","WhatsApp","","",""
"https://www.hepsiemlak.com/mugla-dalaman-merkez-kiralik/daire/98471-292","1 / 40","25.000","19/08/2026","Asil Emlaktan Merkezde Kiralık 3+1 Daire","Kiralık Daire","3 + 1","150 m²","16 Yaşında","·","Kat","3. Kat","Muğla / Dalaman / Merkez Mah.","https://www.hepsiemlak.com/_nuxt/8cafc93fb5c74c75e9e04e528e02ccdf.jpg","Asil Gayrimenkul","WhatsApp","","","https://www.hepsiemlak.com/_nuxt/8cafc93fb5c74c75e9e04e528e02ccdf.jpg"
"https://www.hepsiemlak.com/mugla-bodrum-dirmil-kiralik/villa/79583-1639","1 / 46","1.850.000","14/07/2026","Exper'den Yalıkavak'ta Deniz Manzaralı Ultra Lüks 5+1 Villa","Kiralık Villa","5 + 1","500 m²","3 Yaşında","·","Kat","Bahçe Katı","Muğla / Bodrum / Dirmil Mah.","https://www.hepsiemlak.com/_nuxt/8cafc93fb5c74c75e9e04e528e02ccdf.jpg","Exper Gayrimenkul","WhatsApp","","","https://www.hepsiemlak.com/_nuxt/8cafc93fb5c74c75e9e04e528e02ccdf.jpg"
"https://www.hepsiemlak.com/mugla-marmaris-siteler-kiralik/daire/154371-74","1 / 18","120.000","15/06/2026","Marmaris Siteler'de Deniz Manzaralı, Asansörlü, Eşyalı 3+1 Daire","Kiralık Daire","3 + 1","170 m²","11 Yaşında","·","Kat","3. Kat","Muğla / Marmaris / Siteler Mah.","https://www.hepsiemlak.com/_nuxt/8cafc93fb5c74c75e9e04e528e02ccdf.jpg","Sky Gayrimenkul Marmaris","WhatsApp","Uluç Egemen
                  Taykurt","https://www.hepsiemlak.com/_nuxt/8cafc93fb5c74c75e9e04e528e02ccdf.jpg","https://www.hepsiemlak.com/_nuxt/8cafc93fb5c74c75e9e04e528e02ccdf.jpg"
"https://www.hepsiemlak.com/mugla-ortaca-beskopru-kiralik/daire/113143-90","1 / 24","40.000","08/07/2026","Bahçeli Havuzlu Butik Sitede Kiralık 3+1 Dubleks","Kiralık Daire","3 + 1","130 m²","16 Yaşında","·","Kat","Bahçe Katı","Muğla / Ortaca / Beşköprü Mah.","https://www.hepsiemlak.com/_nuxt/8cafc93fb5c74c75e9e04e528e02ccdf.jpg","Varlıklı Emlak","WhatsApp","","","https://www.hepsiemlak.com/_nuxt/8cafc93fb5c74c75e9e04e528e02ccdf.jpg"
"https://www.hepsiemlak.com/mugla-ortaca-ataturk-kiralik/daire/164433-150","1 / 17","32.000","10/07/2026","Ortaca Merkezde Servis Güzergahı Geniş 3+1 Kiralık Daire","Kiralık Daire","3 + 1","140 m²","11 Yaşında","·","Kat","2. Kat","Muğla / Ortaca / Atatürk Mah.","https://www.hepsiemlak.com/_nuxt/8cafc93fb5c74c75e9e04e528e02ccdf.jpg","Emlak Dünyası Ortaca","WhatsApp","Fatma
                  Muslu","https://www.hepsiemlak.com/_nuxt/img/no-image-user.6f6a83e.svg","https://www.hepsiemlak.com/_nuxt/8cafc93fb5c74c75e9e04e528e02ccdf.jpg"
"https://www.hepsiemlak.com/mugla-milas-bogazici-kiralik/mustakil-ev/166724-140","1 / 15","150.000","27/07/2026","Garipoğulları Gayrimenkul'den Kiralık Müstakil Ev","Kiralık Müstakil Ev","4 + 1","150 m²","11 Yaşında","·","Kat","Bahçe Katı","Muğla / Milas / Boğaziçi Mah.","https://www.hepsiemlak.com/_nuxt/8cafc93fb5c74c75e9e04e528e02ccdf.jpg","Garipoğulları Gayrimenkul","WhatsApp","","","https://www.hepsiemlak.com/_nuxt/8cafc93fb5c74c75e9e04e528e02ccdf.jpg"
"https://www.hepsiemlak.com/mugla-fethiye-karagozler-kiralik/daire/140611-216","1 / 39","57.500","08/09/2026","Karagözlerde Full Deniz Manzaralı 2+1 Kiralık Daire","Kiralık Daire","2 + 1","135 m²","6 Yaşında","·","Kat","2. Kat","Muğla / Fethiye / Karagözler Mah.","https://www.hepsiemlak.com/_nuxt/8cafc93fb5c74c75e9e04e528e02ccdf.jpg","Golden Key Emlak","WhatsApp","","","https://www.hepsiemlak.com/_nuxt/8cafc93fb5c74c75e9e04e528e02ccdf.jpg"
"https://www.hepsiemlak.com/mugla-fethiye-oludeniz-kiralik/daire/156531-148","1 / 22","34.000","29/07/2026","Rocherhomes Ovacık Mevkii Ful Eşyalı 2+1 Kiralık Daire","Kiralık Daire","2 + 1","75 m²","3 Yaşında","·","Kat","2. Kat","Muğla / Fethiye / Ölüdeniz Mah.","https://www.hepsiemlak.com/_nuxt/8cafc93fb5c74c75e9e04e528e02ccdf.jpg","Rocher Homes","WhatsApp","","","https://www.hepsiemlak.com/_nuxt/8cafc93fb5c74c75e9e04e528e02ccdf.jpg"
"https://www.hepsiemlak.com/mugla-bodrum-turgutreis-kiralik/villa/142707-145","1 / 26","115.000","01/08/2026","Bodrum 840 M² Bahçe İçinde * Harika Bir Manzara *yeni Eşyalı 3+1","Kiralık Villa","3 + 1","180 m²","11 Yaşında","·","Kat","Bahçe Katı","Muğla / Bodrum / Turgutreis Mah.","https://www.hepsiemlak.com/_nuxt/8cafc93fb5c74c75e9e04e528e02ccdf.jpg","Bodrum Bulut Gayrimenkul","WhatsApp","Metin
                  Sucu","https://www.hepsiemlak.com/_nuxt/8cafc93fb5c74c75e9e04e528e02ccdf.jpg","https://www.hepsiemlak.com/_nuxt/8cafc93fb5c74c75e9e04e528e02ccdf.jpg"
"https://www.hepsiemlak.com/mugla-bodrum-turgutreis-kiralik/mustakil-ev/69532-15","1 / 34","120.000","30/06/2026","Özel Havuzlu Deniz Manzaralı 4+2 Tripleks Villa Kiralık","Kiralık Müstakil Ev","4 + 2","240 m²","16 Yaşında","·","Kat","Bahçe Katı","Muğla / Bodrum / Turgutreis Mah.","https://www.hepsiemlak.com/_nuxt/8cafc93fb5c74c75e9e04e528e02ccdf.jpg","","WhatsApp","","",""
"https://www.hepsiemlak.com/mugla-fethiye-inlice-kiralik/mustakil-ev/147812-144","1 / 24","40.000","01/09/2026","Fethiye Göcek  İnlice'de Müstakil Kiralık Jakuzili Yaşam Alanı  2+1","Kiralık Müstakil Ev","2 + 1","85 m²","5 Yaşında","·","Kat","","Muğla / Fethiye / İnlice Mah.","https://www.hepsiemlak.com/_nuxt/8cafc93fb5c74c75e9e04e528e02ccdf.jpg","","WhatsApp","","",""
"https://www.hepsiemlak.com/mugla-bodrum-dirmil-kiralik/villa/166551-2","1 / 31","95.000","23/08/2026","Bodrum Yalıkavak 4+1 Plajlı Deniz Manzaralı Eşyalı Kiralık Villa","Kiralık Villa","4 + 1","120 m²","26 Yaşında","·","Kat","Bahçe Katı","Muğla / Bodrum / Dirmil Mah.","https://www.hepsiemlak.com/_nuxt/8cafc93fb5c74c75e9e04e528e02ccdf.jpg","Duygu Akıncı Real Estate","WhatsApp","","","https://www.hepsiemlak.com/_nuxt/8cafc93fb5c74c75e9e04e528e02ccdf.jpg"
"https://www.hepsiemlak.com/mugla-bodrum-bahcelievler-kiralik/daire/148665-130","1 / 26","50.000","24/08/2026","Bahçelievler'de Denize Sıfır 2+1 Aydan Aya Ödemeli 3 Banyo/wc","Kiralık Daire","2 + 1","110 m²","15 Yaşında","·","Kat","2. Kat","Muğla / Bodrum / Bahçelievler Mah.","https://www.hepsiemlak.com/_nuxt/8cafc93fb5c74c75e9e04e528e02ccdf.jpg","Agr Group Gayrimenkul","WhatsApp","","","https://www.hepsiemlak.com/_nuxt/8cafc93fb5c74c75e9e04e528e02ccdf.jpg"
"https://www.hepsiemlak.com/mugla-koycegiz-gulpinar-kiralik/daire/134699-1","1 / 31","45.000","26/08/2026","Köyceğiz Gülpınarında Orman Manzaralı  4+1 Kiralık Daire","Kiralık Daire","4 + 1","190 m²","5 Yaşında","·","Kat","2. Kat","Muğla / Köyceğiz / Gülpınar Mah.","https://www.hepsiemlak.com/_nuxt/8cafc93fb5c74c75e9e04e528e02ccdf.jpg","","WhatsApp","","",""
"https://www.hepsiemlak.com/mugla-ortaca-terzialiler-kiralik/daire/82884-1895","1 / 20","20.000","27/08/2026","Ortaca Meekezde Kiralık 3+1 Geniş Daire 168m²","Kiralık Daire","3 + 1","185 m²","15 Yaşında","·","Kat","En Üst Kat","Muğla / Ortaca / Terzialiler Mah.","https://www.hepsiemlak.com/_nuxt/8cafc93fb5c74c75e9e04e528e02ccdf.jpg","Elit Emlak","WhatsApp","","","https://www.hepsiemlak.com/_nuxt/8cafc93fb5c74c75e9e04e528e02ccdf.jpg"
"https://www.hepsiemlak.com/mugla-milas-gumusluk-kiralik/daire/120565-714","1 / 14","28.000","06/08/2026","Muğla Milas Gümüşlükde Kiralik 3+1 Doğalgazlı Daire","Kiralık Daire","3 + 1","130 m²","8 Yaşında","·","Kat","2. Kat","Muğla / Milas / Gümüşlük Mah.","https://www.hepsiemlak.com/_nuxt/8cafc93fb5c74c75e9e04e528e02ccdf.jpg","Mülk’edin Gayrimenkul","WhatsApp","","","https://www.hepsiemlak.com/_nuxt/8cafc93fb5c74c75e9e04e528e02ccdf.jpg"
"https://www.hepsiemlak.com/mugla-milas-becin-kiralik/daire/84548-461","1 / 14","24.500","09/08/2026","Eşyalı 1+1 Üniversite Bölgesi","Kiralık Daire","1 + 1","45 m²","5 Yaşında","·","Kat","1. Kat","Muğla / Milas / Beçin Mah.","","Emlak Dünyası","WhatsApp","","https://hecdnnw.hemlak.com/mncropresize/77/67/logo/8/4/5/4/8/0/de187df1-308b-4738-bd37-83220fcb1100.jpg",""
"https://www.hepsiemlak.com/mugla-bodrum-torba-kiralik/daire/112622-2126","1 / 24","45.000","29/07/2026","Bodrum Torbada Kiralık Daire Denize Sıfır Muhteşem Konum","Kiralık Daire","1 + 1","54 m²","6 Yaşında","·","Kat","Giriş Katı","Muğla / Bodrum / Torba Mah.","https://hecdnnw.hemlak.com/mncropresize/77/67/logo/2/2/6/2/1/1/07f0b9fe-22d3-4f19-acec-51eeb96e1556.jpg","Bodrum Emlak","WhatsApp","","",""
"https://www.hepsiemlak.com/mugla-mentese-gulagzi-kiralik/villa/94718-3263","1 / 31","70.000","20/08/2026","Muğla Menteşe Gülağzı'nda Kiralık Dubleks Villa","Kiralık Villa","4 + 1","120 m²","Sıfır Bina","·","Kat","","Muğla / Menteşe / Gülağzı Mah.","https://hecdnnw.hemlak.com/mncropresize/77/67/logo/8/1/7/4/9/0/3ce98b38-235d-40c2-9268-4a6731df2f0c.jpg","Kdm Gayrimenkul Muğla","WhatsApp","","",""
"https://www.hepsiemlak.com/mugla-dalaman-ege-kiralik/daire/10402-11600","1 / 8","20.000","28/07/2026","Dalaman Atatürk Caddesi'nde Kiralık 1+1 Daire / Ofis","Kiralık Daire","1 + 1","65 m²","26 Yaşında","·","Kat","Çatı Katı","Muğla / Dalaman / Ege Mah.","https://hecdn01.hemlak.com/mncropresize/182/137/ds01/5/8/8/1/2/0/7/4/0b9423a6-a63c-4a72-a639-42c461789b00.jpg","","WhatsApp","","",""
"https://www.hepsiemlak.com/mugla-ortaca-beskopru-kiralik/daire/100390-573","1 / 13","25.000","04/09/2026","Ortaca Merkezde Kiralık 1+1 Eşyalı Ofis / Büro / Konut","Kiralık Daire","1 + 1","65 m²","4 Yaşında","·","Kat","4. Kat","Muğla / Ortaca / Beşköprü Mah.","https://www.hepsiemlak.com/_nuxt/8cafc93fb5c74c75e9e04e528e02ccdf.jpg","Pi Emlak","WhatsApp","","","https://www.hepsiemlak.com/_nuxt/8cafc93fb5c74c75e9e04e528e02ccdf.jpg"
"https://www.hepsiemlak.com/mugla-bodrum-akyarlar-kiralik/daire/0-46668694","1 / 13","50.000","10/09/2026","Bodrum Akyarlarda 1+1 Full Eşyalı Lüks Süit Daire","Kiralık Daire","1 + 1","60 m²","5 Yaşında","·","Kat","Yüksek Giriş","Muğla / Bodrum / Akyarlar Mah.","https://www.hepsiemlak.com/_nuxt/8cafc93fb5c74c75e9e04e528e02ccdf.jpg","","WhatsApp","","",""
"https://www.hepsiemlak.com/mugla-dalaman-merkez-kiralik/daire/159130-221","1 / 21","28.000","11/08/2026","2+1 Kapalı Mutfaklı Kiralık Eşyalı Daire","Kiralık Daire","2 + 1","150 m²","5 Yaşında","·","Kat","1. Kat","Muğla / Dalaman / Merkez Mah.","https://www.hepsiemlak.com/_nuxt/8cafc93fb5c74c75e9e04e528e02ccdf.jpg","Öztülü Gayrimenkul Danışmanlığı","WhatsApp","","","https://www.hepsiemlak.com/_nuxt/8cafc93fb5c74c75e9e04e528e02ccdf.jpg"
"https://www.hepsiemlak.com/mugla-ortaca-dalyan-kiralik/villa/146294-195","1 / 24","60.000","13/08/2026","Nusa Emlak’tan  3+1 Havuzlu  Kiralık  Villa","Kiralık Villa","3 + 1","160 m²","8 Yaşında","·","Kat","","Muğla / Ortaca / Dalyan Mah.","https://www.hepsiemlak.com/_nuxt/8cafc93fb5c74c75e9e04e528e02ccdf.jpg","Nysa Emlak Danışmanlığı","WhatsApp","Sercan
                  Karakuş","https://www.hepsiemlak.com/_nuxt/8cafc93fb5c74c75e9e04e528e02ccdf.jpg",""
"https://www.hepsiemlak.com/mugla-ortaca-beskopru-kiralik/daire/164159-27","1 / 17","25.000","29/07/2026","Ortaca Merkez De Kiralık 2+1 Daire","Kiralık Daire","2 + 1","95 m²","3 Yaşında","·","Kat","2. Kat","Muğla / Ortaca / Beşköprü Mah.","https://www.hepsiemlak.com/_nuxt/8cafc93fb5c74c75e9e04e528e02ccdf.jpg","Aysu Emlak","WhatsApp","","","https://www.hepsiemlak.com/_nuxt/8cafc93fb5c74c75e9e04e528e02ccdf.jpg"
"https://www.hepsiemlak.com/mugla-fethiye-tuzla-kiralik/daire/154572-100","1 / 25","30.000","17/08/2026","Fethiye Tuzla Mahallesinde Kiralık 2+1 Ayrı Mutfak Daire","Kiralık Daire","3 + 1","110 m²","16 Yaşında","·","Kat","Giriş Katı","Muğla / Fethiye / Tuzla Mah.","https://www.hepsiemlak.com/_nuxt/8cafc93fb5c74c75e9e04e528e02ccdf.jpg","Aras Emlak","WhatsApp","Gizem
                  Kırımşelioğlu","https://www.hepsiemlak.com/_nuxt/img/no-image-user.6f6a83e.svg","https://www.hepsiemlak.com/_nuxt/8cafc93fb5c74c75e9e04e528e02ccdf.jpg"
"https://www.hepsiemlak.com/mugla-fethiye-patlangic-kiralik/daire/154337-92","1 / 15","25.000","31/08/2026","Fethiye Patlangıç Hıdırlık Mevki 2+1 Kiralık Daire","Kiralık Daire","2 + 1","90 m²","5 Yaşında","·","Kat","2. Kat","Muğla / Fethiye / Patlangıç Mah.","https://www.hepsiemlak.com/_nuxt/8cafc93fb5c74c75e9e04e528e02ccdf.jpg","Kuksa Emlak","WhatsApp","","","https://www.hepsiemlak.com/_nuxt/8cafc93fb5c74c75e9e04e528e02ccdf.jpg"
"https://www.hepsiemlak.com/mugla-ula-kizilagac-kiralik/villa/163124-34","1 / 32","50.000","08/09/2026","Müstakil Bahçeli, Eşyasız 5+1 Villa","Kiralık Villa","5 + 1","200 m²","11 Yaşında","·","Kat","Bahçe Katı","Muğla / Ula / Kızılağaç Mah.","https://www.hepsiemlak.com/_nuxt/8cafc93fb5c74c75e9e04e528e02ccdf.jpg","İmpera Gayrimenkul Ve Yatırım Danışmanlığı","WhatsApp","","","https://www.hepsiemlak.com/_nuxt/8cafc93fb5c74c75e9e04e528e02ccdf.jpg"
"https://www.hepsiemlak.com/mugla-bodrum-geris-kiralik/daire/164450-6","1 / 19","180.000","25/07/2026","Yalıkavak Merkezde Sozonluk Kiralik Lüks Daire","Kiralık Daire","2 + 1","95 m²","3 Yaşında","·","Kat","Giriş Katı","Muğla / Bodrum / Geriş Mah.","https://www.hepsiemlak.com/_nuxt/8cafc93fb5c74c75e9e04e528e02ccdf.jpg","","WhatsApp","","",""
"https://www.hepsiemlak.com/mugla-marmaris-cildir-kiralik/daire/142881-251","1 / 16","50.000","10/08/2026","Denize 300 Metre Eşyalı 2+1 Daire","Kiralık Daire","2 + 1","100 m²","16 Yaşında","·","Kat","2. Kat","Muğla / Marmaris / Çıldır Mah.","https://www.hepsiemlak.com/_nuxt/8cafc93fb5c74c75e9e04e528e02ccdf.jpg","S&d Gayrimenkul","WhatsApp","","","https://www.hepsiemlak.com/_nuxt/8cafc93fb5c74c75e9e04e528e02ccdf.jpg"
"https://www.hepsiemlak.com/mugla-fethiye-oludeniz-kiralik/mustakil-ev/165226-33","1 / 21","70.000","11/08/2026","Müstakil Havuzlu Villa 600m2 - Ölüdeniz Mh - Eşyalı - Yeni","Kiralık Müstakil Ev","3 + 1","260 m²","3 Yaşında","·","Kat","Bahçe Katı","Muğla / Fethiye / Ölüdeniz Mah.","https://www.hepsiemlak.com/_nuxt/8cafc93fb5c74c75e9e04e528e02ccdf.jpg","Sunport Real Estate","WhatsApp","","","https://www.hepsiemlak.com/_nuxt/8cafc93fb5c74c75e9e04e528e02ccdf.jpg"
"https://www.hepsiemlak.com/mugla-ortaca-terzialiler-kiralik/daire/126009-520","1 / 19","25.000","21/08/2026","Murat Çimen'den 3+1 Bahçeli Kiralık Daire","Kiralık Daire","2 + 1","110 m²","16 Yaşında","·","Kat","Giriş Katı","Muğla / Ortaca / Terzialiler Mah.","https://www.hepsiemlak.com/_nuxt/8cafc93fb5c74c75e9e04e528e02ccdf.jpg","Murat Çimen Gayrimenkul","WhatsApp","Murat
                  Çimen","https://www.hepsiemlak.com/_nuxt/8cafc93fb5c74c75e9e04e528e02ccdf.jpg","https://www.hepsiemlak.com/_nuxt/8cafc93fb5c74c75e9e04e528e02ccdf.jpg"
"https://www.hepsiemlak.com/mugla-bodrum-muskebi-kiralik/daire/77493-2430","1 / 18","60.000","13/06/2026","Bodrum Ortakent Kiralıkeşyalı Daire","Kiralık Daire","2 + 1","65 m²","6 Yaşında","·","Kat","2. Kat","Muğla / Bodrum / Müskebi Mah.","https://www.hepsiemlak.com/_nuxt/8cafc93fb5c74c75e9e04e528e02ccdf.jpg","","WhatsApp","","",""
"https://www.hepsiemlak.com/mugla-bodrum-gumbet-kiralik/residence/65421-1167","1 / 30","100.000","07/08/2026","Bodrum Asarlık Denize Sıfır Site İçi Elit Eşyalı Üst Kat…","Kiralık Residence","2 + 1","120 m²","12 Yaşında","·","Kat","2. Kat","Muğla / Bodrum / Gümbet Mah.","https://www.hepsiemlak.com/_nuxt/8cafc93fb5c74c75e9e04e528e02ccdf.jpg","Bodrum Kule Emlak","WhatsApp","Nihal
                  Sakarya","https://www.hepsiemlak.com/_nuxt/8cafc93fb5c74c75e9e04e528e02ccdf.jpg","https://www.hepsiemlak.com/_nuxt/8cafc93fb5c74c75e9e04e528e02ccdf.jpg"
"https://www.hepsiemlak.com/mugla-milas-becin-kiralik/daire/61330-1120","1 / 12","24.000","27/07/2026","Muğla Milas Beçin'de Kiralık Eşyalı Apart Daire","Kiralık Daire","1 + 1","55 m²","15 Yaşında","·","Kat","1. Kat","Muğla / Milas / Beçin Mah.","https://www.hepsiemlak.com/_nuxt/8cafc93fb5c74c75e9e04e528e02ccdf.jpg","Mehmet Emlak Milas","WhatsApp","Mehmet
                  Kırkık","https://www.hepsiemlak.com/_nuxt/8cafc93fb5c74c75e9e04e528e02ccdf.jpg","https://www.hepsiemlak.com/_nuxt/8cafc93fb5c74c75e9e04e528e02ccdf.jpg"
"https://www.hepsiemlak.com/mugla-ortaca-dalyan-kiralik/villa/159794-269","1 / 10","58.000","04/08/2026","Dalyan'da Müstakil 3+1 Kiralık Villa Full Eşyalı","Kiralık Villa","3 + 1","150 m²","4 Yaşında","·","Kat","","Muğla / Ortaca / Dalyan Mah.","https://www.hepsiemlak.com/_nuxt/8cafc93fb5c74c75e9e04e528e02ccdf.jpg","Altın Emlak.ortaca","WhatsApp","","","https://www.hepsiemlak.com/_nuxt/8cafc93fb5c74c75e9e04e528e02ccdf.jpg"
"https://www.hepsiemlak.com/mugla-bodrum-yalikavak-kiralik/daire/64802-7422","1 / 21","60.000","06/09/2026","Bodrum Yalıkavak Marina Civarında 2+1 Bahçe Katı Kiralık Daire","Kiralık Daire","2 + 1","90 m²","15 Yaşında","·","Kat","Bahçe Katı","Muğla / Bodrum / Yalıkavak Mah.","https://www.hepsiemlak.com/_nuxt/8cafc93fb5c74c75e9e04e528e02ccdf.jpg","Hedef Gayrimenkul","WhatsApp","","","https://www.hepsiemlak.com/_nuxt/8cafc93fb5c74c75e9e04e528e02ccdf.jpg"
"https://www.hepsiemlak.com/mugla-bodrum-gumusluk-kiralik/mustakil-ev/140202-3030","1 / 30","70.000","05/08/2026","Bodrum Gümüşlük Deniz Manzaralı, Eşyalı Kiralık Müstakil Ev","Kiralık Müstakil Ev","1 + 1","100 m²","25 Yaşında","·","Kat","","Muğla / Bodrum / Gümüşlük Mah.","https://www.hepsiemlak.com/_nuxt/8cafc93fb5c74c75e9e04e528e02ccdf.jpg","Century21 Begonvill Gayrimenkul","WhatsApp","","","https://www.hepsiemlak.com/_nuxt/8cafc93fb5c74c75e9e04e528e02ccdf.jpg"
"https://www.hepsiemlak.com/mugla-fethiye-akarca-kiralik/daire/97683-1424","1 / 35","42.000","25/07/2026","Fethiye Akarca Mah'de İlkon'dan Kiralık 2+1 Eşyasız Daire","Kiralık Daire","2 + 1","80 m²","11 Yaşında","·","Kat","Yüksek Giriş","Muğla / Fethiye / Akarca Mah.","https://www.hepsiemlak.com/_nuxt/8cafc93fb5c74c75e9e04e528e02ccdf.jpg","İlkon Gayrimenkul","WhatsApp","","","https://www.hepsiemlak.com/_nuxt/8cafc93fb5c74c75e9e04e528e02ccdf.jpg"
"https://www.hepsiemlak.com/mugla-bodrum-koyunbaba-kiralik/daire/170427-24","1 / 35","55.000","31/08/2026","Bodrum Gümüşlükte Denıze Sıfır Üst Kat Daıre","Kiralık Daire","2 + 1","120 m²","11 Yaşında","·","Kat","2. Kat","Muğla / Bodrum / Koyunbaba Mah.","https://www.hepsiemlak.com/_nuxt/8cafc93fb5c74c75e9e04e528e02ccdf.jpg","Bodrum Zeytin Gayrimenkul Ticaret Anonim Şirketi","WhatsApp","","","https://www.hepsiemlak.com/_nuxt/8cafc93fb5c74c75e9e04e528e02ccdf.jpg"
"https://www.hepsiemlak.com/mugla-fethiye-tasyaka-kiralik/daire/148225-1534","1 / 24","25.000","16/07/2026","Goldhouse Dan Kiralık Daire 2+1 Taşyaka Da Yeni Bina","Kiralık Daire","2 + 1","80 m²","1 Yaşında","·","Kat","Giriş Katı","Muğla / Fethiye / Taşyaka Mah.","","Gold House Gayrimenkul Danışmanlık","WhatsApp","","https://hecdnnw.hemlak.com/mncropresize/77/67/logo/5/2/2/8/4/1/4f8ea576-51b4-46bd-b720-fdc14f8f889c.jpg",""
"https://www.hepsiemlak.com/mugla-bodrum-gumusluk-kiralik/villa/5343-12028","1 / 16","55.000","02/07/2026","Gümüşlük Merkezde 2+1 Tam Müstakil Yıllık Kiralık","Kiralık Villa","2 + 1","125 m²","Sıfır Bina","·","Kat","","Muğla / Bodrum / Gümüşlük Mah.","https://hecdnnw.hemlak.com/mncropresize/77/67/logo/3/4/3/5/0/0/0a4ee8ff-e0bf-4ec8-9931-d41246fbb5f6.jpg","Keller Wıllıams Bodrum","WhatsApp","","",""
"https://www.hepsiemlak.com/mugla-bodrum-cevat-sakir-kiralik/daire/28765-16000","1 / 22","45.000","14/08/2026","Bodrum Gümbet Kiralık 2+1 Daire","Kiralık Daire","2 + 1","70 m²","16 Yaşında","·","Kat","Zemin","Muğla / Bodrum / Cevat Şakir Mah.","https://hecdnnw.hemlak.com/mncropresize/77/67/logo/5/6/7/8/2/0/58296d53-d3b6-485e-b2a1-6c0fc7f041b5.jpg","Coldwell Banker Artemis","WhatsApp","","",""
"https://www.hepsiemlak.com/mugla-mentese-kotekli-kiralik/daire/76834-3060","1 / 22","25.000","05/09/2026","Muğla Menteşe Kötekli'de Eşyasız 2+1 Kiralık Daire","Kiralık Daire","2 + 1","55 m²","6 Yaşında","·","Kat","Zemin","Muğla / Menteşe / Kötekli Mah.","https://hecdn01.hemlak.com/mncropresize/182/137/ds01/0/7/9/7/2/9/6/4/9ac12d42-1d61-4434-ae87-0897fb748821.jpg","Muğla Kampüs Emlak","WhatsApp","İlker Barış
                  Kalaç","https://hecdnnw.hemlak.com/mncropresize/77/67/firmuser/0/5/0/1/5/4/1/29ee8973-816c-4938-a652-97e78e554801.jpg","https://hecdnnw.hemlak.com/mncropresize/77/67/logo/4/3/8/6/7/0/380cf7e9-0a34-4ce4-8db3-253ee332464b.jpg"
"https://www.hepsiemlak.com/mugla-fethiye-kesikkapi-kiralik/daire/169793-20","1 / 12","50.000","28/07/2026","Fethiye Merkez De Süper Lüx Kiralık 2+1 Dublex Daire","Kiralık Daire","2 + 1","95 m²","5 Yaşında","·","Kat","1. Kat","Muğla / Fethiye / Kesikkapı Mah.","https://www.hepsiemlak.com/_nuxt/8cafc93fb5c74c75e9e04e528e02ccdf.jpg","Beta Emlak","WhatsApp","","","https://www.hepsiemlak.com/_nuxt/8cafc93fb5c74c75e9e04e528e02ccdf.jpg"
"https://www.hepsiemlak.com/mugla-marmaris-icmeler-kiralik/daire/90448-2491","1 / 10","35.000","24/08/2026","Realty World'den İçmeler'de Full Eşyalı 1+1 Daire","Kiralık Daire","1 + 1","55 m²","21 Yaşında","·","Kat","1. Kat","Muğla / Marmaris / İçmeler Mah.","https://www.hepsiemlak.com/_nuxt/8cafc93fb5c74c75e9e04e528e02ccdf.jpg","Realty World Yalı Gayrimenkul","WhatsApp","","","https://www.hepsiemlak.com/_nuxt/8cafc93fb5c74c75e9e04e528e02ccdf.jpg"
"https://www.hepsiemlak.com/mugla-ortaca-cayli-kiralik/daire/125597-194","1 / 32","35.000","28/06/2026","Kiralık Eşyalı Daire","Kiralık Daire","3 + 1","160 m²","15 Yaşında","·","Kat","Giriş Katı","Muğla / Ortaca / Çaylı Mah.","https://www.hepsiemlak.com/_nuxt/8cafc93fb5c74c75e9e04e528e02ccdf.jpg","","WhatsApp","","",""
"https://www.hepsiemlak.com/mugla-bodrum-yalikavak-kiralik/daire/129219-386","1 / 25","170.000","20/08/2026","Yalıkavak Varyap Da Kiralık 3 +1 Residance Bahçe Dublexi","Kiralık Daire","3 + 1","160 m²","4 Yaşında","·","Kat","Bahçe Katı","Muğla / Bodrum / Yalıkavak Mah.","https://www.hepsiemlak.com/_nuxt/8cafc93fb5c74c75e9e04e528e02ccdf.jpg","Bosel Gayrimenkul","WhatsApp","","","https://www.hepsiemlak.com/_nuxt/8cafc93fb5c74c75e9e04e528e02ccdf.jpg"
"https://www.hepsiemlak.com/mugla-bodrum-dirmil-kiralik/villa/34401-12105","1 / 30","1.100.000","02/08/2026","Seba Taşevler Yalıkavak 4+1 Deniz Manzaralı Kiralık Lüks Villa","Kiralık Villa","4 + 1","765 m²","2 Yaşında","·","Kat","Bahçe Katı","Muğla / Bodrum / Dirmil Mah.","https://www.hepsiemlak.com/_nuxt/8cafc93fb5c74c75e9e04e528e02ccdf.jpg","Net İstanbul Luxury","WhatsApp","","","https://www.hepsiemlak.com/_nuxt/8cafc93fb5c74c75e9e04e528e02ccdf.jpg"
"https://www.hepsiemlak.com/mugla-dalaman-karacali-kiralik/daire/142733-1387","1 / 26","32.500","17/08/2026","Mine Emlaktan Havuzlu Ful Eşyalı 2+1 Uzun Dönem Kiralık Daire","Kiralık Daire","2 + 1","110 m²","6 Yaşında","·","Kat","2. Kat","Muğla / Dalaman / Karaçalı Mah.","https://www.hepsiemlak.com/_nuxt/8cafc93fb5c74c75e9e04e528e02ccdf.jpg","Mine Emlak","WhatsApp","","","https://www.hepsiemlak.com/_nuxt/8cafc93fb5c74c75e9e04e528e02ccdf.jpg"
"https://www.hepsiemlak.com/mugla-fethiye-bozyer-kiralik/villa/156302-384","1 / 32","50.000","01/08/2026","Fethiye Bozyer Mevkii 2+1 Doğa İle İç İçe Özel Tasarım Villa","Kiralık Villa","2 + 1","120 m²","1 Yaşında","·","Kat","Bahçe Katı","Muğla / Fethiye / Bozyer Mah.","https://www.hepsiemlak.com/_nuxt/8cafc93fb5c74c75e9e04e528e02ccdf.jpg","","WhatsApp","","",""
"https://www.hepsiemlak.com/mugla-marmaris-hisaronu-kiralik/ciftlik-evi/26388-6042","1 / 35","155.000","07/07/2026","Tt Emlak'tan, Marmaris Hisarönünde Denize 500 Metre, Eşsiz Konumda Kiralık Çiftlik Evi","Kiralık Çiftlik Evi","5 + 4","400 m²","15 Yaşında","·","Kat","","Muğla / Marmaris / Hisarönü Mah.","https://www.hepsiemlak.com/_nuxt/8cafc93fb5c74c75e9e04e528e02ccdf.jpg","Tt Emlak","WhatsApp","Tolga
                  Turhan","https://www.hepsiemlak.com/_nuxt/8cafc93fb5c74c75e9e04e528e02ccdf.jpg","https://www.hepsiemlak.com/_nuxt/8cafc93fb5c74c75e9e04e528e02ccdf.jpg"
"https://www.hepsiemlak.com/mugla-bodrum-yalikavak-kiralik/villa/79583-1634","1 / 58","1.350.000","20/06/2026","Exper'den Yalıkavak'ta Deniz Manzaralı 4+2 Villa","Kiralık Villa","4 + 2","400 m²","4 Yaşında","·","Kat","Bahçe Katı","Muğla / Bodrum / Yalıkavak Mah.","https://www.hepsiemlak.com/_nuxt/8cafc93fb5c74c75e9e04e528e02ccdf.jpg","Exper Gayrimenkul","WhatsApp","","","https://www.hepsiemlak.com/_nuxt/8cafc93fb5c74c75e9e04e528e02ccdf.jpg"
"https://www.hepsiemlak.com/mugla-dalaman-merkez-kiralik/daire/98471-290","1 / 40","25.000","08/07/2026","Asil Emlaktan Merkezde Kiralık 3+1 Daire","Kiralık Daire","3 + 1","150 m²","16 Yaşında","·","Kat","3. Kat","Muğla / Dalaman / Merkez Mah.","https://www.hepsiemlak.com/_nuxt/8cafc93fb5c74c75e9e04e528e02ccdf.jpg","Asil Gayrimenkul","WhatsApp","","","https://www.hepsiemlak.com/_nuxt/8cafc93fb5c74c75e9e04e528e02ccdf.jpg"
"https://www.hepsiemlak.com/mugla-ortaca-arikbasi-kiralik/daire/164433-137","1 / 15","23.000","19/06/2026","Ortaca Site İçi Havuzlu Kiralık 2+1 Daire","Kiralık Daire","2 + 1","80 m²","Sıfır Bina","·","Kat","Yüksek Giriş","Muğla / Ortaca / Arıkbaşı Mah.","https://www.hepsiemlak.com/_nuxt/8cafc93fb5c74c75e9e04e528e02ccdf.jpg","Emlak Dünyası Ortaca","WhatsApp","Fatma
                  Muslu","https://www.hepsiemlak.com/_nuxt/img/no-image-user.6f6a83e.svg","https://www.hepsiemlak.com/_nuxt/8cafc93fb5c74c75e9e04e528e02ccdf.jpg"
"https://www.hepsiemlak.com/mugla-fethiye-inlice-kiralik/daire/147812-128","1 / 18","35.000","04/08/2026","Göcek İnlice 'de Kiralık Full Eşyalı 2+1 Daire","Kiralık Daire","2 + 1","135 m²","2 Yaşında","·","Kat","2. Kat","Muğla / Fethiye / İnlice Mah.","https://www.hepsiemlak.com/_nuxt/8cafc93fb5c74c75e9e04e528e02ccdf.jpg","","WhatsApp","","",""
"https://www.hepsiemlak.com/mugla-bodrum-yahsi-kiralik/mustakil-ev/110877-1615","1 / 56","90.000","08/07/2026","Bodrum Yahşi Yıllık Kiralık Yerden Isıtmalı Müstakil Havuzlu Sıfır Villa","Kiralık Müstakil Ev","3 + 1","150 m²","Sıfır Bina","·","Kat","","Muğla / Bodrum / Yahşi Mah.","https://www.hepsiemlak.com/_nuxt/8cafc93fb5c74c75e9e04e528e02ccdf.jpg","Vısıon Bodrum","WhatsApp","","","https://www.hepsiemlak.com/_nuxt/8cafc93fb5c74c75e9e04e528e02ccdf.jpg"
"https://www.hepsiemlak.com/mugla-bodrum-turgutreis-kiralik/daire/142707-128","1 / 42","84.000","31/08/2026","Marinaya+merkeze+denize Yürüme Mesafesi *manzara * Yerden Isıtma","Kiralık Daire","3 + 1","160 m²","5 Yaşında","·","Kat","2. Kat","Muğla / Bodrum / Turgutreis Mah.","https://www.hepsiemlak.com/_nuxt/8cafc93fb5c74c75e9e04e528e02ccdf.jpg","Bodrum Bulut Gayrimenkul","WhatsApp","Metin
                  Sucu","https://www.hepsiemlak.com/_nuxt/8cafc93fb5c74c75e9e04e528e02ccdf.jpg","https://www.hepsiemlak.com/_nuxt/8cafc93fb5c74c75e9e04e528e02ccdf.jpg"
"https://www.hepsiemlak.com/mugla-mentese-emirbeyazit-kiralik/daire/7027-1482","1 / 20","30.000","31/08/2026","Merkez’de Kiralık 2+1 Daire","Kiralık Daire","2 + 1","110 m²","15 Yaşında","·","Kat","4. Kat","Muğla / Menteşe / Emirbeyazıt Mah.","https://www.hepsiemlak.com/_nuxt/8cafc93fb5c74c75e9e04e528e02ccdf.jpg","Tunç Emlak","WhatsApp","","","https://www.hepsiemlak.com/_nuxt/8cafc93fb5c74c75e9e04e528e02ccdf.jpg"
"https://www.hepsiemlak.com/mugla-bodrum-yenikoy-kiralik/daire/103485-599","1 / 24","60.000","04/09/2026","Bodrum Merkez Marinada Full Sıfır Eşyalı Teraslı Üst Kat Daire","Kiralık Daire","2 + 1","82 m²","11 Yaşında","·","Kat","2. Kat","Muğla / Bodrum / Yeniköy Mah.","https://www.hepsiemlak.com/_nuxt/8cafc93fb5c74c75e9e04e528e02ccdf.jpg","Bodrum Artemis Gayrimenkul","WhatsApp","","","https://www.hepsiemlak.com/_nuxt/8cafc93fb5c74c75e9e04e528e02ccdf.jpg"
"https://www.hepsiemlak.com/mugla-milas-akyol-kiralik/daire/110753-710","1 / 34","40.000","16/06/2026","Bodrum&milas Havalimanına Çok Yakın 1+1 Kiralık Lüx Mobilyalı","Kiralık Daire","1 + 1","54 m²","Sıfır Bina","·","Kat","1. Kat","Muğla / Milas / Akyol Mah.","https://www.hepsiemlak.com/_nuxt/8cafc93fb5c74c75e9e04e528e02ccdf.jpg","","WhatsApp","","",""
"https://www.hepsiemlak.com/mugla-marmaris-camli-kiralik/daire/162476-46","1 / 13","25.000","31/07/2026","Emre Emlak Çamlıda Doğa İçinde Kiralık Daire","Kiralık Daire","2 + 13","100 m²","25 Yaşında","·","Kat","2. Kat","Muğla / Marmaris / Çamlı Mah.","https://www.hepsiemlak.com/_nuxt/8cafc93fb5c74c75e9e04e528e02ccdf.jpg","Emre Emlak Marmaris","WhatsApp","Necdet
                  Emre","https://www.hepsiemlak.com/_nuxt/8cafc93fb5c74c75e9e04e528e02ccdf.jpg",""
"https://www.hepsiemlak.com/mugla-bodrum-karabag-kiralik/daire/82628-1134","1 / 24","55.000","10/08/2026","Fc Group, Turgutreis Manzaralı Ve Sitede,Eşyalı Üstkat 3+1 Daire","Kiralık Daire","3 + 1","85 m²","16 Yaşında","·","Kat","3. Kat","Muğla / Bodrum / Karabağ Mah.","https://www.hepsiemlak.com/_nuxt/8cafc93fb5c74c75e9e04e528e02ccdf.jpg","Fc Group","WhatsApp","","","https://www.hepsiemlak.com/_nuxt/8cafc93fb5c74c75e9e04e528e02ccdf.jpg"
"https://www.hepsiemlak.com/mugla-bodrum-akyarlar-kiralik/daire/148553-24","1 / 22","35.000","31/08/2026","Akyarlar Site İçinde 2+1 Plajlı, Eşyalı, Deniz Manzaralı Dublex","Kiralık Daire","2 + 1","80 m²","16 Yaşında","·","Kat","2. Kat","Muğla / Bodrum / Akyarlar Mah.","https://www.hepsiemlak.com/_nuxt/8cafc93fb5c74c75e9e04e528e02ccdf.jpg","","WhatsApp","","",""
"https://www.hepsiemlak.com/mugla-milas-cumhuriyet-kiralik/daire/148115-82","1 / 19","28.000","22/08/2026","Ayaz'dan Cumhuriyet Mahallesinde Kiralık Daire","Kiralık Daire","3 + 1","145 m²","21 Yaşında","·","Kat","3. Kat","Muğla / Milas / Cumhuriyet Mah.","","Ayaz Gayrimenkul","WhatsApp","","https://www.hepsiemlak.com/img/loadings/noImage55-55.png",""
"https://www.hepsiemlak.com/mugla-ula-sirinkoy-kiralik/mustakil-ev/163124-32","1 / 31","175.000","08/09/2026","Akyaka Şirnköyde Kiralık Müstakil Villa","Kiralık Müstakil Ev","3 + 1","275 m²","11 Yaşında","·","Kat","Bahçe Katı","Muğla / Ula / Şirinköy Mah.","https://hecdnnw.hemlak.com/mncropresize/77/67/logo/4/2/1/3/6/1/ea8ad325-e49e-4322-a325-0d755864216e.jpg","İmpera Gayrimenkul Ve Yatırım Danışmanlığı","WhatsApp","","",""
"https://www.hepsiemlak.com/mugla-bodrum-torba-kiralik/daire/168947-12","1 / 17","35.000","21/07/2026","Bodrum Torbada Denize 150 M Mesafede 1+1 Daire","Kiralık Daire","1 + 1","55 m²","Sıfır Bina","·","Kat","Bahçe Katı","Muğla / Bodrum / Torba Mah.","","","WhatsApp","","",""
"https://www.hepsiemlak.com/mugla-bodrum-dirmil-kiralik/daire/146060-146","1 / 17","45.000","01/08/2026","Bodrum Yalıkavak Eşyasız Kiralık Daire","Kiralık Daire","2 + 1","90 m²","5 Yaşında","·","Kat","2. Kat","Muğla / Bodrum / Dirmil Mah.","https://hecdn01.hemlak.com/mncropresize/182/137/ds01/2/7/2/9/5/9/6/4/2630ae26-5ba6-48e2-a42a-37e89b32eb7d.jpg","Başak Emlak Bodrum","WhatsApp","","","https://hecdnnw.hemlak.com/mncropresize/77/67/logo/0/6/0/6/4/1/339d2d8c-4794-480d-9a1f-dccf535d095e.jpg"
"https://www.hepsiemlak.com/mugla-dalaman-atakent-kiralik/daire/159130-203","1 / 38","35.000","18/07/2026","Eşyalı Kiralık 2+1 Bahçe Dublexi","Kiralık Daire","2 + 1","100 m²","3 Yaşında","·","Kat","Bahçe Katı","Muğla / Dalaman / Atakent Mah.","https://www.hepsiemlak.com/_nuxt/8cafc93fb5c74c75e9e04e528e02ccdf.jpg","Öztülü Gayrimenkul Danışmanlığı","WhatsApp","","","https://www.hepsiemlak.com/_nuxt/8cafc93fb5c74c75e9e04e528e02ccdf.jpg"
"https://www.hepsiemlak.com/mugla-yatagan-cumhuriyet-kiralik/daire/147859-25","1 / 19","20.000","24/08/2026","🏡 Muğla Yatağan Çarşı Merkez'de 2+1 Bahçeli Müstakil Kiralık Ev","Kiralık Daire","4 + 1","140 m²","30 Yaşında","·","Kat","En Üst Kat","Muğla / Yatağan / Cumhuriyet Mah.","https://www.hepsiemlak.com/_nuxt/8cafc93fb5c74c75e9e04e528e02ccdf.jpg","Emlak Noktası Yatırım Ofisi","WhatsApp","","","https://www.hepsiemlak.com/_nuxt/8cafc93fb5c74c75e9e04e528e02ccdf.jpg"
"https://www.hepsiemlak.com/mugla-koycegiz-yayla-kiralik/daire/144090-221","1 / 17","25.000","03/08/2026","Muğla Köyceğiz Yayla Mh. Eşyalı Kiralık 2+1","Kiralık Daire","2 + 1","140 m²","6 Yaşında","·","Kat","1. Kat","Muğla / Köyceğiz / Yayla Mah.","https://www.hepsiemlak.com/_nuxt/8cafc93fb5c74c75e9e04e528e02ccdf.jpg","Flora Gayrimenkul","WhatsApp","","","https://www.hepsiemlak.com/_nuxt/8cafc93fb5c74c75e9e04e528e02ccdf.jpg"
"https://www.hepsiemlak.com/mugla-bodrum-umurca-kiralik/daire/145322-149","1 / 17","33.000","24/08/2026","Bodrum Umurca Yıllık Kiralık Bahçe Katı Daire","Kiralık Daire","1 + 1","55 m²","21 Yaşında","·","Kat","Bahçe Katı","Muğla / Bodrum / Umurca Mah.","https://www.hepsiemlak.com/_nuxt/8cafc93fb5c74c75e9e04e528e02ccdf.jpg","Spice Properties","WhatsApp","","","https://www.hepsiemlak.com/_nuxt/8cafc93fb5c74c75e9e04e528e02ccdf.jpg"
"https://www.hepsiemlak.com/mugla-ortaca-beskopru-kiralik/daire/166963-25","1 / 16","25.000","28/07/2026","Ortaca Merkezde Kapalı Mutfak Kiralık 2+1","Kiralık Daire","2 + 1","115 m²","13 Yaşında","·","Kat","1. Kat","Muğla / Ortaca / Beşköprü Mah.","https://www.hepsiemlak.com/_nuxt/8cafc93fb5c74c75e9e04e528e02ccdf.jpg","Resul Daglayan Gayrimenkul Danışmanlığı","WhatsApp","","","https://www.hepsiemlak.com/_nuxt/8cafc93fb5c74c75e9e04e528e02ccdf.jpg"
"https://www.hepsiemlak.com/mugla-ortaca-beskopru-kiralik/daire/82884-2025","1 / 19","30.000","27/08/2026","Ortaca Merkezde Full Eşyalı 2+1 Daire","Kiralık Daire","2 + 1","90 m²","10 Yaşında","·","Kat","Ara Kat","Muğla / Ortaca / Beşköprü Mah.","https://www.hepsiemlak.com/_nuxt/8cafc93fb5c74c75e9e04e528e02ccdf.jpg","Elit Emlak","WhatsApp","","","https://www.hepsiemlak.com/_nuxt/8cafc93fb5c74c75e9e04e528e02ccdf.jpg"
"https://www.hepsiemlak.com/mugla-mentese-kotekli-kiralik/daire/100070-545","1 / 7","23.000","26/08/2026","Kötekli Pazaryeri Yanı 1+1 Kiralık Daire","Kiralık Daire","1 + 1","50 m²","5 Yaşında","·","Kat","4. Kat","Muğla / Menteşe / Kötekli Mah.","https://www.hepsiemlak.com/_nuxt/8cafc93fb5c74c75e9e04e528e02ccdf.jpg","","WhatsApp","","",""
"https://www.hepsiemlak.com/mugla-mentese-yenikoy-kiralik/daire/139386-732","1 / 12","16.500","26/08/2026","Yeniköy Mahallesinde Kiralık 2+1 Bahçeli Daire","Kiralık Daire","2 + 1","100 m²","11 Yaşında","·","Kat","Bodrum","Muğla / Menteşe / Yeniköy Mah.","https://www.hepsiemlak.com/_nuxt/8cafc93fb5c74c75e9e04e528e02ccdf.jpg","","WhatsApp","","",""
"https://www.hepsiemlak.com/mugla-bodrum-dirmil-kiralik/villa/166551-74","1 / 14","85.000","16/08/2026","Bodrum Yalıkavak Akdeniz Tatil Sitesi Plajlı 3+1 Kiralık Villa","Kiralık Villa","3 + 1","120 m²","26 Yaşında","·","Kat","Bahçe Katı","Muğla / Bodrum / Dirmil Mah.","https://www.hepsiemlak.com/_nuxt/8cafc93fb5c74c75e9e04e528e02ccdf.jpg","Duygu Akıncı Real Estate","WhatsApp","","","https://www.hepsiemlak.com/_nuxt/8cafc93fb5c74c75e9e04e528e02ccdf.jpg"
"https://www.hepsiemlak.com/mugla-dalaman-ege-kiralik/villa/5973-16434","1 / 21","60.000","23/06/2026","Muğla Dalaman Eska Sitesinde Eşyalı Denize Sıfır 2+1 Kiralık Villa","Kiralık Villa","2 + 1","115 m²","30 Yaşında","·","Kat","","Muğla / Dalaman / Ege Mah.","https://www.hepsiemlak.com/_nuxt/8cafc93fb5c74c75e9e04e528e02ccdf.jpg","","WhatsApp","","",""
"https://www.hepsiemlak.com/mugla-bodrum-koyunbaba-kiralik/villa/140202-2885","1 / 39","700.000","16/07/2026","Bodrum Koyunbaba Deniz Manzaralı Özel Havuzlu 4+1 Kiralık Villa","Kiralık Villa","4 + 1","246 m²","1 Yaşında","·","Kat","","Muğla / Bodrum / Koyunbaba Mah.","https://www.hepsiemlak.com/_nuxt/8cafc93fb5c74c75e9e04e528e02ccdf.jpg","Century21 Begonvill Gayrimenkul","WhatsApp","","","https://www.hepsiemlak.com/_nuxt/8cafc93fb5c74c75e9e04e528e02ccdf.jpg"
"https://www.hepsiemlak.com/mugla-fethiye-tuzla-kiralik/daire/148225-1530","1 / 27","65.000","07/08/2026","Goldhouse Dan Kiralık Tuzla Mahallesinde Uzun Dönem  Full Eşyalı 3+1 Dubleks Daire","Kiralık Daire","3 + 1","140 m²","8 Yaşında","·","Kat","3. Kat","Muğla / Fethiye / Tuzla Mah.","https://www.hepsiemlak.com/_nuxt/8cafc93fb5c74c75e9e04e528e02ccdf.jpg","Gold House Gayrimenkul Danışmanlık","WhatsApp","","","https://www.hepsiemlak.com/_nuxt/8cafc93fb5c74c75e9e04e528e02ccdf.jpg"
"https://www.hepsiemlak.com/mugla-fethiye-foca-kiralik/villa/97683-1415","1 / 35","100.000","03/08/2026","İlkon'dan Foça'da Çalış Plajı Yakını Kiralık 4+1 Lüks Tripleks","Kiralık Villa","4 + 1","200 m²","Sıfır Bina","·","Kat","Bahçe Katı","Muğla / Fethiye / Foça Mah.","https://www.hepsiemlak.com/_nuxt/8cafc93fb5c74c75e9e04e528e02ccdf.jpg","İlkon Gayrimenkul","WhatsApp","","","https://www.hepsiemlak.com/_nuxt/8cafc93fb5c74c75e9e04e528e02ccdf.jpg"
"https://www.hepsiemlak.com/mugla-ortaca-eskikoy-kiralik/daire/126009-515","1 / 17","25.000","22/08/2026","Murat Çimen'den Eskiköy'de 2+1 Eşyalı Kiralık Daire","Kiralık Daire","2 + 1","110 m²","6 Yaşında","·","Kat","Bahçe Katı","Muğla / Ortaca / Eskiköy Mah.","https://www.hepsiemlak.com/_nuxt/8cafc93fb5c74c75e9e04e528e02ccdf.jpg","Murat Çimen Gayrimenkul","WhatsApp","Murat
                  Çimen","https://www.hepsiemlak.com/_nuxt/8cafc93fb5c74c75e9e04e528e02ccdf.jpg","https://www.hepsiemlak.com/_nuxt/8cafc93fb5c74c75e9e04e528e02ccdf.jpg"
"https://www.hepsiemlak.com/mugla-bodrum-turgutreis-kiralik/daire/6449-2048","1 / 11","35.000","03/09/2026","️s-A-K-A-L-L-I-Dan Turgutreiste Denize Sıfır Kiralık Daire","Kiralık Daire","1 + 1","45 m²","21 Yaşında","·","Kat","2. Kat","Muğla / Bodrum / Turgutreis Mah.","https://www.hepsiemlak.com/_nuxt/8cafc93fb5c74c75e9e04e528e02ccdf.jpg","","WhatsApp","","",""
"https://www.hepsiemlak.com/mugla-mentese-balibey-kiralik/mustakil-ev/153781-20","1 / 12","18.000","06/08/2026","Muğla Merkezde Kiralık 2+1 Eşyalı Daire","Kiralık Müstakil Ev","2 + 1","60 m²","20 Yaşında","·","Kat","","Muğla / Menteşe / Balıbey Mah.","https://www.hepsiemlak.com/_nuxt/8cafc93fb5c74c75e9e04e528e02ccdf.jpg","Md Duygu Emlak","WhatsApp","Muharrem
                  Duygu","https://www.hepsiemlak.com/_nuxt/img/no-image-user.6f6a83e.svg",""
"https://www.hepsiemlak.com/mugla-marmaris-sogut-kiralik/daire/138476-438","1 / 14","30.000","21/08/2026","Emlaksepeti48'den Söğüt Köyü Aylık Ödemeli Kiralık 2+1 125m²","Kiralık Daire","2 + 1","130 m²","6 Yaşında","·","Kat","Bahçe Katı","Muğla / Marmaris / Söğüt Mah.","https://www.hepsiemlak.com/_nuxt/8cafc93fb5c74c75e9e04e528e02ccdf.jpg","Emlak Sepeti 48","WhatsApp","","","https://www.hepsiemlak.com/_nuxt/8cafc93fb5c74c75e9e04e528e02ccdf.jpg"
"https://www.hepsiemlak.com/mugla-datca-iskele-kiralik/daire/164440-26","1 / 14","35.000","23/06/2026","Datça Merkezde Deniz Manzaralı Eşyalı Kiralık 1+1 Daire","Kiralık Daire","1 + 1","60 m²","6 Yaşında","·","Kat","3. Kat","Muğla / Datça / İskele Mah.","https://www.hepsiemlak.com/_nuxt/8cafc93fb5c74c75e9e04e528e02ccdf.jpg","Qality Life Gayrimenkul","WhatsApp","","","https://www.hepsiemlak.com/_nuxt/8cafc93fb5c74c75e9e04e528e02ccdf.jpg"
"https://www.hepsiemlak.com/mugla-bodrum-konacik-kiralik/daire/167882-18","1 / 10","34.000","05/08/2026","Üst Konacıkta Kiralık 2+1 Kiralık","Kiralık Daire","2 + 1","80 m²","20 Yaşında","·","Kat","2. Kat","Muğla / Bodrum / Konacık Mah.","https://www.hepsiemlak.com/_nuxt/8cafc93fb5c74c75e9e04e528e02ccdf.jpg","","WhatsApp","","",""
"https://www.hepsiemlak.com/mugla-ortaca-yesilyurt-kiralik/mustakil-ev/0-46769580","1 / 10","22.500","07/08/2026","Ortaca Yeşilyurt Da Müstakil Eşyalı 2 +1","Kiralık Müstakil Ev","2 + 1","140 m²","15 Yaşında","·","Kat","","Muğla / Ortaca / Yeşilyurt Mah.","https://www.hepsiemlak.com/_nuxt/8cafc93fb5c74c75e9e04e528e02ccdf.jpg","","WhatsApp","","",""
"https://www.hepsiemlak.com/mugla-koycegiz-gelisim-kiralik/daire/134699-2331","1 / 13","28.000","09/07/2026","Havuz Manzaralı Güvenlikli Site İçerisinde  1+1 Kiralık Daire","Kiralık Daire","1 + 1","60 m²","Sıfır Bina","·","Kat","Bahçe Katı","Muğla / Köyceğiz / Gelişim Mah.","","","WhatsApp","","",""
"https://www.hepsiemlak.com/mugla-bodrum-bitez-kiralik/daire/170427-175","1 / 14","90.000","02/09/2026","Bodrum Bitez Köyiçi Kiralık 3+1 Daire","Kiralık Daire","3 + 1","140 m²","6 Yaşında","·","Kat","2. Kat","Muğla / Bodrum / Bitez Mah.","https://hecdnnw.hemlak.com/mncropresize/77/67/logo/7/2/4/0/7/1/54805f14-ec55-4ce1-ae2a-c682910617ce.jpg","Bodrum Zeytin Gayrimenkul Ticaret Anonim Şirketi","WhatsApp","","",""
"https://www.hepsiemlak.com/mugla-fethiye-bozyer-kiralik/villa/156302-382","1 / 32","50.000","07/09/2026","Fethiye Bozyer Mevkii 2+1 Eşyalı Kiralık Tam Müstakil Villa","Kiralık Villa","2 + 1","120 m²","Sıfır Bina","·","Kat","","Muğla / Fethiye / Bozyer Mah.","","","WhatsApp","","",""
"https://www.hepsiemlak.com/mugla-bodrum-yalikavak-kiralik/villa/79583-1632","1 / 52","2.250.000","20/06/2026","Exper'den Yalıkavak'ta İzole Muhteşem Bali Esintili 6+2 Villa","Kiralık Villa","6 + 2","500 m²","3 Yaşında","·","Kat","Bahçe Katı","Muğla / Bodrum / Yalıkavak Mah.","https://hecdn01.hemlak.com/mncropresize/182/137/ds01/5/2/9/4/9/7/6/4/b729ee62-8518-4640-a34f-b84f2de8dd6f.jpg","Exper Gayrimenkul","WhatsApp","","","https://hecdnnw.hemlak.com/mncropresize/77/67/logo/3/8/5/9/7/0/fca09cc4-b36e-4250-966d-2b46b86fe6f3.jpg"
"https://www.hepsiemlak.com/mugla-bodrum-eskicesme-kiralik/daire/138060-517","1 / 15","30.000","07/09/2026","Bodrum Marina Yıllık Kiralık Eşyalı Modern Daire","Kiralık Daire","1 + 1","55 m²","6 Yaşında","·","Kat","Giriş Katı","Muğla / Bodrum / Eskiçeşme Mah.","https://www.hepsiemlak.com/_nuxt/8cafc93fb5c74c75e9e04e528e02ccdf.jpg","Bodrum’da Fırsat Gayrimenkul Danışmanlığı","WhatsApp","","","https://www.hepsiemlak.com/_nuxt/8cafc93fb5c74c75e9e04e528e02ccdf.jpg"
"https://www.hepsiemlak.com/mugla-fethiye-gocek-kiralik/mustakil-ev/142733-1334","1 / 55","40.000","26/08/2026","Mine Emlak'tan Dünyaca Ünlü Göcek'te Kiralık Bahçeli Müstakil Ev","Kiralık Müstakil Ev","2 + 1","110 m²","16 Yaşında","","","","Muğla / Fethiye / Göcek Mah.","https://www.hepsiemlak.com/_nuxt/8cafc93fb5c74c75e9e04e528e02ccdf.jpg","Mine Emlak","WhatsApp","","","https://www.hepsiemlak.com/_nuxt/8cafc93fb5c74c75e9e04e528e02ccdf.jpg"
"https://www.hepsiemlak.com/mugla-bodrum-turgutreis-kiralik/villa/142707-80","1 / 60","185.000","18/06/2026","Bodrum Büyülü Manzara * Özel Havuz * Tek Katlı Ultra Lüks Villa","Kiralık Villa","4 + 1","225 m²","4 Yaşında","·","Kat","Bahçe Katı","Muğla / Bodrum / Turgutreis Mah.","https://www.hepsiemlak.com/_nuxt/8cafc93fb5c74c75e9e04e528e02ccdf.jpg","Bodrum Bulut Gayrimenkul","WhatsApp","","","https://www.hepsiemlak.com/_nuxt/8cafc93fb5c74c75e9e04e528e02ccdf.jpg"
"https://www.hepsiemlak.com/mugla-bodrum-geris-kiralik/daire/110877-1596","1 / 60","80.000","08/09/2026","Bodrum Yalıkavak Denize Sıfır İskeleli Sitede Eşyalı Yenilenmiş Bahçeli Yıllık Kiralık Daire","Kiralık Daire","2 + 1","110 m²","13 Yaşında","·","Kat","Bahçe Katı","Muğla / Bodrum / Geriş Mah.","https://www.hepsiemlak.com/_nuxt/8cafc93fb5c74c75e9e04e528e02ccdf.jpg","Vısıon Bodrum","WhatsApp","","","https://www.hepsiemlak.com/_nuxt/8cafc93fb5c74c75e9e04e528e02ccdf.jpg"
"https://www.hepsiemlak.com/mugla-bodrum-turgutreis-kiralik/daire/28765-15974","1 / 20","65.000","31/08/2026","Bodrum Turgutreis Kiralık 2+1 Deniz Ve Günbatımı Manzaralı Daire","Kiralık Daire","2 + 1","110 m²","11 Yaşında","·","Kat","2. Kat","Muğla / Bodrum / Turgutreis Mah.","https://www.hepsiemlak.com/_nuxt/8cafc93fb5c74c75e9e04e528e02ccdf.jpg","Coldwell Banker Artemis","WhatsApp","","","https://www.hepsiemlak.com/_nuxt/8cafc93fb5c74c75e9e04e528e02ccdf.jpg"
"https://www.hepsiemlak.com/mugla-bodrum-yalikavak-kiralik/villa/34401-12153","1 / 29","550.000","14/07/2026","Yalıkavak Cennetköy Sitesinde Denize Sıfır Kiralık Villa","Kiralık Villa","4 + 1","400 m²","26 Yaşında","·","Kat","Bahçe Katı","Muğla / Bodrum / Yalıkavak Mah.","https://www.hepsiemlak.com/_nuxt/8cafc93fb5c74c75e9e04e528e02ccdf.jpg","Net İstanbul Luxury","WhatsApp","","","https://www.hepsiemlak.com/_nuxt/8cafc93fb5c74c75e9e04e528e02ccdf.jpg"
"https://www.hepsiemlak.com/mugla-fethiye-tuzla-kiralik/daire/160877-43","1 / 13","28.000","06/08/2026","Tuzla 2+1 Yeni İtfaiye Yanı","Kiralık Daire","2 + 0","95 m²","15 Yaşında","·","Kat","1. Kat","Muğla / Fethiye / Tuzla Mah.","https://www.hepsiemlak.com/_nuxt/8cafc93fb5c74c75e9e04e528e02ccdf.jpg","","WhatsApp","","",""
"https://www.hepsiemlak.com/mugla-bodrum-yenikoy-kiralik/mustakil-ev/65421-1559","1 / 24","190.000","14/07/2026","Bodrum Oasis Avm Civarı Elit Site İçinde Müstakil Eşyalı 4+1","Kiralık Müstakil Ev","4 + 1","215 m²","2 Yaşında","·","Kat","","Muğla / Bodrum / Yeniköy Mah.","https://www.hepsiemlak.com/_nuxt/8cafc93fb5c74c75e9e04e528e02ccdf.jpg","Bodrum Kule Emlak","WhatsApp","Nihal
                  Sakarya","https://www.hepsiemlak.com/_nuxt/8cafc93fb5c74c75e9e04e528e02ccdf.jpg","https://www.hepsiemlak.com/_nuxt/8cafc93fb5c74c75e9e04e528e02ccdf.jpg"
"https://www.hepsiemlak.com/mugla-bodrum-golbasi-kiralik/mustakil-ev/140273-366","1 / 37","50.000","07/09/2026","Mumcular Acrapol Da Kiralık 3+1 Müstakil","Kiralık Müstakil Ev","3 + 1","120 m²","Sıfır Bina","","","","Muğla / Bodrum / Gölbaşı Mah.","https://www.hepsiemlak.com/_nuxt/8cafc93fb5c74c75e9e04e528e02ccdf.jpg","Eylül Emlak","WhatsApp","","","https://www.hepsiemlak.com/img/loadings/noImage55-55.png"
"https://www.hepsiemlak.com/mugla-ula-akyaka-kiralik/villa/163124-29","1 / 19","60.000","08/09/2026","Müstakil Havuzlu Yeni Eşyalı Villa","Kiralık Villa","2 + 1","110 m²","Sıfır Bina","·","Kat","Bahçe Katı","Muğla / Ula / Akyaka Mah.","https://www.hepsiemlak.com/_nuxt/8cafc93fb5c74c75e9e04e528e02ccdf.jpg","İmpera Gayrimenkul Ve Yatırım Danışmanlığı","WhatsApp","","","https://www.hepsiemlak.com/_nuxt/8cafc93fb5c74c75e9e04e528e02ccdf.jpg"
"https://www.hepsiemlak.com/mugla-bodrum-golkoy-kiralik/mustakil-ev/146060-145","1 / 21","250.000","14/07/2026","Bodrum Gölköy De Kiralık Ev","Kiralık Müstakil Ev","4 + 1","250 m²","11 Yaşında","·","Kat","Bahçe Katı","Muğla / Bodrum / Gölköy Mah.","https://www.hepsiemlak.com/_nuxt/8cafc93fb5c74c75e9e04e528e02ccdf.jpg","Başak Emlak Bodrum","WhatsApp","","","https://www.hepsiemlak.com/_nuxt/8cafc93fb5c74c75e9e04e528e02ccdf.jpg"
"https://www.hepsiemlak.com/mugla-yatagan-konak-kiralik/daire/147859-23","1 / 26","17.000","24/08/2026","🔑 Merkezi Konumda Müstakil Kiralık Ev – Çarşı İçinde","Kiralık Daire","3 + 2","100 m²","25 Yaşında","·","Kat","Bahçe Katı","Muğla / Yatağan / Konak Mah.","https://www.hepsiemlak.com/_nuxt/8cafc93fb5c74c75e9e04e528e02ccdf.jpg","Emlak Noktası Yatırım Ofisi","WhatsApp","","","https://www.hepsiemlak.com/_nuxt/8cafc93fb5c74c75e9e04e528e02ccdf.jpg"
"https://www.hepsiemlak.com/mugla-ortaca-karaburun-kiralik/villa/151774-157","1 / 21","9.000","09/09/2026","Ortaca 'da Havuzlu, Eşyalı, Müstakil 5+1 Kiralık Villa","Kiralık Villa","5 + 1","200 m²","Sıfır Bina","·","Kat","Bahçe Katı","Muğla / Ortaca / Karaburun Mah.","https://www.hepsiemlak.com/_nuxt/8cafc93fb5c74c75e9e04e528e02ccdf.jpg","Adz Gayrimenkul","WhatsApp","","","https://www.hepsiemlak.com/_nuxt/8cafc93fb5c74c75e9e04e528e02ccdf.jpg"
"https://www.hepsiemlak.com/mugla-bodrum-umurca-kiralik/daire/146453-152","1 / 15","35.000","15/07/2026","Bodrum Umurca Kiralık Aylık Ödemeli 1+1 Deniz Manzaralı Daire","Kiralık Daire","1 + 1","65 m²","21 Yaşında","·","Kat","2. Kat","Muğla / Bodrum / Umurca Mah.","https://www.hepsiemlak.com/_nuxt/8cafc93fb5c74c75e9e04e528e02ccdf.jpg","","WhatsApp","","",""
"https://www.hepsiemlak.com/mugla-bodrum-konacik-kiralik/daire/170419-1","1 / 10","70.000","09/09/2026","Konacık'ta Nezih Site İçerisinde Kiralık 3+1 Konut / Ofis İçinde Uygun","Kiralık Daire","3 + 1","93 m²","20 Yaşında","·","Kat","En Üst Kat","Muğla / Bodrum / Konacık Mah.","https://www.hepsiemlak.com/_nuxt/8cafc93fb5c74c75e9e04e528e02ccdf.jpg","Move Bodrum","WhatsApp","","","https://www.hepsiemlak.com/_nuxt/8cafc93fb5c74c75e9e04e528e02ccdf.jpg"
"https://www.hepsiemlak.com/mugla-dalaman-altintas-kiralik/daire/151003-227","1 / 10","24.000","13/08/2026","Rotam Emlaktan Dalaman'da 1+1 Eşyalı Kiralık Daire","Kiralık Daire","1 + 1","50 m²","3 Yaşında","·","Kat","4. Kat","Muğla / Dalaman / Altıntas Mah.","https://www.hepsiemlak.com/_nuxt/8cafc93fb5c74c75e9e04e528e02ccdf.jpg","Rotam Emlak","WhatsApp","Hülya
                  Aşiroğlu","https://www.hepsiemlak.com/_nuxt/8cafc93fb5c74c75e9e04e528e02ccdf.jpg","https://www.hepsiemlak.com/_nuxt/8cafc93fb5c74c75e9e04e528e02ccdf.jpg"
"https://www.hepsiemlak.com/mugla-bodrum-gumbet-kiralik/daire/0-46912881","1 / 9","42.000","10/07/2026","Gümbet Bahçe Katı Loft Daire","Kiralık Daire","1 + 1","55 m²","15 Yaşında","·","Kat","Bahçe Katı","Muğla / Bodrum / Gümbet Mah.","https://www.hepsiemlak.com/_nuxt/8cafc93fb5c74c75e9e04e528e02ccdf.jpg","","WhatsApp","","",""
"https://www.hepsiemlak.com/mugla-mentese-muslihittin-kiralik/daire/94718-3275","1 / 24","35.000","05/08/2026","Muğla Menteşe Muslihittin Mahallesinde Kiralık 3+1 Daire","Kiralık Daire","3 + 1","110 m²","32 Yaşında","·","Kat","4. Kat","Muğla / Menteşe / Muslihittin Mah.","https://www.hepsiemlak.com/_nuxt/8cafc93fb5c74c75e9e04e528e02ccdf.jpg","Kdm Gayrimenkul Muğla","WhatsApp","","","https://www.hepsiemlak.com/_nuxt/8cafc93fb5c74c75e9e04e528e02ccdf.jpg"
"https://www.hepsiemlak.com/mugla-bodrum-gundogan-kiralik/daire/125876-3080","1 / 25","90.000","18/07/2026","Gündoğanda Kiralık 2+1 Dublex Özel & Site Havuzlu Seçenekler Eşyalı","Kiralık Daire","2 + 1","162 m²","4 Yaşında","·","Kat","Bahçe Katı","Muğla / Bodrum / Gündoğan Mah.","https://www.hepsiemlak.com/_nuxt/8cafc93fb5c74c75e9e04e528e02ccdf.jpg","Kw Alesta-viya-orsa 4","WhatsApp","","","https://www.hepsiemlak.com/_nuxt/8cafc93fb5c74c75e9e04e528e02ccdf.jpg"
"https://www.hepsiemlak.com/mugla-fethiye-babatasi-kiralik/villa/148225-1524","1 / 35","85.000","16/07/2026","Goldhouse Dan Kiralık Akarca Da Denize Yürüme Mesafesinde Köşe Konumda İkiz Villa","Kiralık Villa","3 + 1","155 m²","16 Yaşında","·","Kat","","Muğla / Fethiye / Babataşı Mah.","https://www.hepsiemlak.com/_nuxt/8cafc93fb5c74c75e9e04e528e02ccdf.jpg","Gold House Gayrimenkul Danışmanlık","WhatsApp","","","https://www.hepsiemlak.com/_nuxt/8cafc93fb5c74c75e9e04e528e02ccdf.jpg"
"https://www.hepsiemlak.com/mugla-ortaca-karaburun-kiralik/daire/82884-1844","1 / 17","20.000","28/08/2026","Ortaca Dalyan Anayolu Üstü Kiralık  2+1 Full Eşyalı Yarı Mustakil Ev","Kiralık Daire","2 + 1","110 m²","15 Yaşında","·","Kat","Yüksek Giriş","Muğla / Ortaca / Karaburun Mah.","","Elit Emlak","WhatsApp","","https://hecdnnw.hemlak.com/mncropresize/77/67/logo/4/8/8/2/8/0/b0b1033e-def7-4834-b768-b78c05536ebb.jpg",""
"https://www.hepsiemlak.com/mugla-ortaca-karaburun-kiralik/daire/142651-276","1 / 12","22.000","05/08/2026","Ortaca'da Kiralık 2+1 Daire","Kiralık Daire","2 + 1","85 m²","Sıfır Bina","·","Kat","Yüksek Giriş","Muğla / Ortaca / Karaburun Mah.","https://hecdnnw.hemlak.com/mncropresize/77/67/logo/1/5/6/2/4/1/30901ea6-a0aa-4ef0-bf39-331438516318.jpg","Birlik Emlak","WhatsApp","Evrim
                  Yörük","https://hecdnnw.hemlak.com/mncropresize/77/67/firmuser/6/4/9/6/3/0/4/5072d48b-f36d-46ad-a1da-b155b3c29eea.jpg",""
"https://www.hepsiemlak.com/mugla-ortaca-cumhuriyet-kiralik/daire/126009-514","1 / 16","20.000","18/08/2026","Murat Çimen'den Cumhuriyet Mah.2+1 Kiralık Daire","Kiralık Daire","2 + 1","75 m²","6 Yaşında","·","Kat","2. Kat","Muğla / Ortaca / Cumhuriyet Mah.","https://hecdnnw.hemlak.com/mncropresize/77/67/logo/9/0/0/6/2/1/ad36ec74-a175-4fc9-8e1c-c18c95e855c7.jpg","Murat Çimen Gayrimenkul","WhatsApp","Murat
                  Çimen","https://hecdnnw.hemlak.com/mncropresize/77/67/firmuser/7/9/1/2/3/0/3/76515a48-a734-49b6-aaf0-476129c3ab67.jpg",""
"https://www.hepsiemlak.com/mugla-milas-aydinlikevler-kiralik/daire/166724-186","1 / 11","30.000","11/07/2026","2+1 Eşyalı Geniş Daire...","Kiralık Daire","2 + 1","115 m²","11 Yaşında","·","Kat","2. Kat","Muğla / Milas / Aydınlıkevler Mah.","https://hecdn01.hemlak.com/mncropresize/182/137/ds01/4/9/1/4/2/9/6/4/7b903adb-7fd4-46c5-8f9f-be3eed12c4f5.jpg","Garipoğulları Gayrimenkul","WhatsApp","","","https://hecdnnw.hemlak.com/mncropresize/77/67/logo/4/2/7/6/6/1/e47b809b-d774-47a6-99c6-25d3b0c9f6fd.jpg"
"https://www.hepsiemlak.com/mugla-bodrum-golkoy-kiralik/daire/0-45460302","1 / 8","10.000","04/09/2026","Gölköy Türkbükü Gündoğan Yalıkavak Torba Yolu 80 Kişilik Lojman","Kiralık Daire","9 + 3","380 m²","3 Yaşında","·","Kat","1. Kat","Muğla / Bodrum / Gölköy Mah.","https://www.hepsiemlak.com/_nuxt/8cafc93fb5c74c75e9e04e528e02ccdf.jpg","","WhatsApp","","",""
"https://www.hepsiemlak.com/mugla-koycegiz-gulpinar-kiralik/daire/0-35700184","1 / 8","13.000","06/09/2026","Büyük Bahceli Ev","Kiralık Daire","2 + 1","75 m²","25 Yaşında","·","Kat","Bahçe Katı","Muğla / Köyceğiz / Gülpınar Mah.","https://www.hepsiemlak.com/_nuxt/8cafc93fb5c74c75e9e04e528e02ccdf.jpg","","WhatsApp","","",""
"https://www.hepsiemlak.com/mugla-marmaris-sinan-kiralik/daire/34923-1650","1 / 23","42.000","10/09/2026","Armutalan Uydu Kent 3 Sitesinde Kiralık Bakımlı Müstakil Ev","Kiralık Daire","3 + 1","125 m²","26 Yaşında","·","Kat","2. Kat","Muğla / Marmaris / Sinan Mah.","https://www.hepsiemlak.com/_nuxt/8cafc93fb5c74c75e9e04e528e02ccdf.jpg","","WhatsApp","","",""
"https://www.hepsiemlak.com/mugla-bodrum-gundogan-kiralik/villa/51505-437","1 / 23","150.000","18/07/2026","Bodrum Gündoğan'da ''özel Plajlı-Havuzlu-Güvenlıkli'' Kiralık Villa","Kiralık Villa","3 + 1","165 m²","15 Yaşında","·","Kat","","Muğla / Bodrum / Gündoğan Mah.","https://www.hepsiemlak.com/_nuxt/8cafc93fb5c74c75e9e04e528e02ccdf.jpg","","WhatsApp","","",""
"https://www.hepsiemlak.com/mugla-milas-ismet-pasa-kiralik/daire/4884-4945","1 / 15","20.000","24/06/2026","Milas Merkezde Kiralık Daire","Kiralık Daire","2 + 1","100 m²","26 Yaşında","·","Kat","1. Kat","Muğla / Milas / İsmet Paşa Mah.","https://www.hepsiemlak.com/_nuxt/8cafc93fb5c74c75e9e04e528e02ccdf.jpg","Milas Gayrimenkul","WhatsApp","Şenol
                  Sandal","https://www.hepsiemlak.com/_nuxt/8cafc93fb5c74c75e9e04e528e02ccdf.jpg","https://www.hepsiemlak.com/_nuxt/8cafc93fb5c74c75e9e04e528e02ccdf.jpg"
"https://www.hepsiemlak.com/mugla-koycegiz-toparlar-kiralik/daire/134699-2270","1 / 13","20.000","05/09/2026","Köyceğiz Toparlar Mah. Müstakil Girişli Bahçe Katı 1+1 Kiralık Daire","Kiralık Daire","1 + 1","75 m²","11 Yaşında","·","Kat","Bahçe Katı","Muğla / Köyceğiz / Toparlar Mah.","https://www.hepsiemlak.com/_nuxt/8cafc93fb5c74c75e9e04e528e02ccdf.jpg","","WhatsApp","","",""
"https://www.hepsiemlak.com/mugla-mentese-kotekli-kiralik/daire/76834-3142","1 / 15","45.000","01/09/2026","Muğla Menteşe Toki'de Eşyasız Dubleks 3+1 Kiralık Daire","Kiralık Daire","3 + 1","155 m²","11 Yaşında","·","Kat","2. Kat","Muğla / Menteşe / Kötekli Mah.","https://www.hepsiemlak.com/_nuxt/8cafc93fb5c74c75e9e04e528e02ccdf.jpg","Muğla Kampüs Emlak","WhatsApp","İlker Barış
                  Kalaç","https://www.hepsiemlak.com/_nuxt/8cafc93fb5c74c75e9e04e528e02ccdf.jpg","https://www.hepsiemlak.com/_nuxt/8cafc93fb5c74c75e9e04e528e02ccdf.jpg"
"https://www.hepsiemlak.com/mugla-mentese-orhaniye-kiralik/daire/26998-2604","1 / 27","30.000","01/09/2026","Muğla Merkez Orhaniye De 4+1 Sobalı ,Bahçeli Daire","Kiralık Daire","4 + 1","160 m²","55 Yaşında","·","Kat","1. Kat","Muğla / Menteşe / Orhaniye Mah.","https://www.hepsiemlak.com/_nuxt/8cafc93fb5c74c75e9e04e528e02ccdf.jpg","","WhatsApp","","",""
"https://www.hepsiemlak.com/mugla-marmaris-hisaronu-kiralik/villa/84388-1071","1 / 23","60.000","04/07/2026","Marmaris Değirmenyanı Kiralık Müstakil Villa","Kiralık Villa","4 + 1","215 m²","5 Yaşında","·","Kat","Bahçe Katı","Muğla / Marmaris / Hisarönü Mah.","https://www.hepsiemlak.com/_nuxt/8cafc93fb5c74c75e9e04e528e02ccdf.jpg","Step İn Gayrimenkul","WhatsApp","","","https://www.hepsiemlak.com/_nuxt/8cafc93fb5c74c75e9e04e528e02ccdf.jpg"
"https://www.hepsiemlak.com/mugla-datca-iskele-kiralik/daire/162432-289","1 / 20","35.000","19/08/2026","Startkey Pelit Datça Merkeze Yakın ,Ulaşımı Kolay Bahçe Katı 1+1","Kiralık Daire","1 + 1","55 m²","6 Yaşında","·","Kat","Bahçe Katı","Muğla / Datça / İskele Mah.","https://www.hepsiemlak.com/_nuxt/8cafc93fb5c74c75e9e04e528e02ccdf.jpg","Startkey Pelit Gayrimenkul","WhatsApp","","","https://www.hepsiemlak.com/_nuxt/8cafc93fb5c74c75e9e04e528e02ccdf.jpg"
"https://www.hepsiemlak.com/mugla-fethiye-esenkoy-kiralik/villa/156302-379","1 / 19","40.000","03/08/2026","Fethiye Esenköy Mevkii 1+1 Tek Katlı Full Eşyalı Villa","Kiralık Villa","1 + 1","65 m²","Sıfır Bina","·","Kat","Bahçe Katı","Muğla / Fethiye / Esenköy Mah.","https://www.hepsiemlak.com/_nuxt/8cafc93fb5c74c75e9e04e528e02ccdf.jpg","","WhatsApp","","",""
"https://www.hepsiemlak.com/mugla-bodrum-eskicesme-kiralik/villa/79583-1630","1 / 36","2.250.000","15/07/2026","Exper'den Dünyaca Ünlü Mett Otel'de Denize Sıfır Kiralık Villa","Kiralık Villa","6 + 1","500 m²","4 Yaşında","·","Kat","Bahçe Katı","Muğla / Bodrum / Eskiçeşme Mah.","https://www.hepsiemlak.com/_nuxt/8cafc93fb5c74c75e9e04e528e02ccdf.jpg","Exper Gayrimenkul","WhatsApp","","","https://www.hepsiemlak.com/_nuxt/8cafc93fb5c74c75e9e04e528e02ccdf.jpg"
"https://www.hepsiemlak.com/mugla-bodrum-geris-kiralik/villa/56203-4905","1 / 39","700.000","18/06/2026","Deniz Manzaralı, Akıllı Ev Sistemli, Eşyalı 4+1 Kiralık","Kiralık Villa","4 + 1","260 m²","3 Yaşında","·","Kat","Bahçe Katı","Muğla / Bodrum / Geriş Mah.","https://www.hepsiemlak.com/_nuxt/8cafc93fb5c74c75e9e04e528e02ccdf.jpg","Yalıhan Emlak","WhatsApp","Ayhan
                  Küçük","https://www.hepsiemlak.com/_nuxt/8cafc93fb5c74c75e9e04e528e02ccdf.jpg","https://www.hepsiemlak.com/_nuxt/8cafc93fb5c74c75e9e04e528e02ccdf.jpg"
"https://www.hepsiemlak.com/mugla-bodrum-gumbet-kiralik/residence/138060-507","1 / 28","125.000","24/08/2026","Bodrum Eskiçeşme 4+2 Denize 70 M Kiralık Bahçe Dubleksi","Kiralık Residence","4 + 2","290 m²","11 Yaşında","·","Kat","Bahçe Katı","Muğla / Bodrum / Gümbet Mah.","https://www.hepsiemlak.com/_nuxt/8cafc93fb5c74c75e9e04e528e02ccdf.jpg","Bodrum’da Fırsat Gayrimenkul Danışmanlığı","WhatsApp","","","https://www.hepsiemlak.com/_nuxt/8cafc93fb5c74c75e9e04e528e02ccdf.jpg"
"https://www.hepsiemlak.com/mugla-bodrum-turgutreis-kiralik/daire/142707-73","1 / 60","80.000","31/08/2026","Bodrum D-Marine+merkeze+denize Yürüme Mesafesi * Manzara *balkon","Kiralık Daire","4 + 1","150 m²","4 Yaşında","·","Kat","Bahçe Katı","Muğla / Bodrum / Turgutreis Mah.","https://www.hepsiemlak.com/_nuxt/8cafc93fb5c74c75e9e04e528e02ccdf.jpg","Bodrum Bulut Gayrimenkul","WhatsApp","","","https://www.hepsiemlak.com/_nuxt/8cafc93fb5c74c75e9e04e528e02ccdf.jpg"
"https://www.hepsiemlak.com/mugla-bodrum-geris-kiralik/villa/110877-1564","1 / 60","65.000","08/09/2026","Bodrum Yalıkavak Havuzlu Manzaralı Sitede Deniz Marina Manzaralı Yıllık Kiralık Eşyalı Villa","Kiralık Villa","3 + 2","140 m²","15 Yaşında","·","Kat","","Muğla / Bodrum / Geriş Mah.","https://www.hepsiemlak.com/_nuxt/8cafc93fb5c74c75e9e04e528e02ccdf.jpg","Vısıon Bodrum","WhatsApp","","","https://www.hepsiemlak.com/_nuxt/8cafc93fb5c74c75e9e04e528e02ccdf.jpg"
"https://www.hepsiemlak.com/mugla-bodrum-konacik-kiralik/daire/112622-2093","1 / 14","50.000","13/07/2026","Bodrum Konacik Merkezde Kiralik Eşyali Ev Üstkat Daire","Kiralık Daire","2 + 2","110 m²","11 Yaşında","·","Kat","3. Kat","Muğla / Bodrum / Konacık Mah.","https://www.hepsiemlak.com/_nuxt/8cafc93fb5c74c75e9e04e528e02ccdf.jpg","Bodrum Emlak","WhatsApp","","","https://www.hepsiemlak.com/_nuxt/8cafc93fb5c74c75e9e04e528e02ccdf.jpg"
"https://www.hepsiemlak.com/mugla-milas-ismet-pasa-kiralik/daire/148115-93","1 / 13","20.000","10/08/2026","Ayaz'dan İsmet Paşa Da Kiralık 1+1 Daire","Kiralık Daire","1 + 1","48 m²","Sıfır Bina","·","Kat","Zemin","Muğla / Milas / İsmet Paşa Mah.","https://www.hepsiemlak.com/_nuxt/8cafc93fb5c74c75e9e04e528e02ccdf.jpg","Ayaz Gayrimenkul","WhatsApp","","","https://www.hepsiemlak.com/img/loadings/noImage55-55.png"
"https://www.hepsiemlak.com/mugla-koycegiz-toparlar-kiralik/daire/167337-20","1 / 11","30.000","06/09/2026","Köyceğiz Toparlar'da Havuzlu, Eşyalı 1+1 Kiralık Daire","Kiralık Daire","1 + 1","55 m²","Sıfır Bina","·","Kat","Bahçe Katı","Muğla / Köyceğiz / Toparlar Mah.","https://www.hepsiemlak.com/_nuxt/8cafc93fb5c74c75e9e04e528e02ccdf.jpg","Bayındır Emlak Gayrimenkul Danışmanlık","WhatsApp","","","https://www.hepsiemlak.com/_nuxt/8cafc93fb5c74c75e9e04e528e02ccdf.jpg"
"https://www.hepsiemlak.com/mugla-bodrum-dirmil-kiralik/daire/153968-260","1 / 34","400.000","06/08/2026","Bodrum,Nef Yalıkavak'ta Deniz Manzaralı 2+1 Kiralık Daire","Kiralık Daire","2 + 1","100 m²","6 Yaşında","·","Kat","3. Kat","Muğla / Bodrum / Dirmil Mah.","https://www.hepsiemlak.com/_nuxt/8cafc93fb5c74c75e9e04e528e02ccdf.jpg","Century21 Trio","WhatsApp","","","https://www.hepsiemlak.com/_nuxt/8cafc93fb5c74c75e9e04e528e02ccdf.jpg"
"https://www.hepsiemlak.com/mugla-marmaris-beldibi-kiralik/villa/149115-214","1 / 15","70.000","30/08/2026","Orman Teknikerleri Sitesinde Kiralık 5+1 Tripleks Villa","Kiralık Villa","5 + 1","180 m²","26 Yaşında","·","Kat","","Muğla / Marmaris / Beldibi Mah.","","Ahmet Ayar Real Estate","WhatsApp","","https://hecdnnw.hemlak.com/mncropresize/77/67/logo/5/1/1/9/4/1/68a63d22-a5b3-4fd6-9e4e-23c666dba8b1.jpg",""
"https://www.hepsiemlak.com/mugla-ula-akyaka-kiralik/mustakil-ev/163124-28","1 / 16","40.000","08/09/2026","Müstakil Havuzlu 1+1 Eşyalı Ev","Kiralık Müstakil Ev","1 + 1","70 m²","5 Yaşında","·","Kat","Bahçe Katı","Muğla / Ula / Akyaka Mah.","https://hecdnnw.hemlak.com/mncropresize/77/67/logo/4/2/1/3/6/1/ea8ad325-e49e-4322-a325-0d755864216e.jpg","İmpera Gayrimenkul Ve Yatırım Danışmanlığı","WhatsApp","","",""
"https://www.hepsiemlak.com/mugla-ortaca-fevziye-kiralik/daire/169457-29","1 / 20","25.000","21/07/2026","Ortaca Fevziye'de Eşyalı Müstakil 3+1 Daire Kiralık","Kiralık Daire","3 + 1","135 m²","6 Yaşında","·","Kat","Kot 2","Muğla / Ortaca / Fevziye Mah.","https://www.hepsiemlak.com/img/loadings/noImage55-55.png","Dalyan Port Gayrimenkul","WhatsApp","","",""
"https://www.hepsiemlak.com/mugla-milas-bogazici-kiralik/daire/134350-135","1 / 26","35.000","16/06/2026","Boğaziçi Adabükü'nde 2+1 Bahçe Katı Kiralık","Kiralık Daire","2 + 1","100 m²","6 Yaşında","·","Kat","Bahçe Katı","Muğla / Milas / Boğaziçi Mah.","https://hecdn01.hemlak.com/mncropresize/182/137/ds01/8/3/1/1/7/7/6/4/539b5ed8-3c25-4972-99aa-0fbb9ed6beea.jpg","Rebodrum Gayrimenkul","WhatsApp","","","https://hecdnnw.hemlak.com/mncropresize/77/67/logo/0/5/3/4/3/1/87e4cc4b-d639-4e71-a46d-07a82d2287c4.jpg"
"https://www.hepsiemlak.com/mugla-bodrum-mumcular-kiralik/daire/121164-222","1 / 29","35.000","01/08/2026","Mumcularda Merkeze Yakın Esyalı Kıralık Daıre","Kiralık Daire","2 + 1","75 m²","6 Yaşında","·","Kat","3. Kat","Muğla / Bodrum / Mumcular Mah.","https://www.hepsiemlak.com/_nuxt/8cafc93fb5c74c75e9e04e528e02ccdf.jpg","","WhatsApp","","",""
"https://www.hepsiemlak.com/mugla-datca-iskele-kiralik/daire/114781-865","1 / 23","35.000","22/08/2026","Datça Kiralık Deniz Manzaralı Bahçeli 1+1 Boş Daire Tam Merkezde","Kiralık Daire","1 + 1","55 m²","3 Yaşında","·","Kat","Bahçe Katı","Muğla / Datça / İskele Mah.","https://www.hepsiemlak.com/_nuxt/8cafc93fb5c74c75e9e04e528e02ccdf.jpg","Remax Badem","WhatsApp","","","https://www.hepsiemlak.com/_nuxt/8cafc93fb5c74c75e9e04e528e02ccdf.jpg"
"https://www.hepsiemlak.com/mugla-fethiye-ciftlik-kiralik/villa/97683-1400","1 / 30","90.000","24/07/2026","İlkon'dan Fethiye/çiftlik'te Kiralık Lüks 5+1 Tripleks Villa","Kiralık Villa","5 + 1","300 m²","Sıfır Bina","·","Kat","Bahçe Katı","Muğla / Fethiye / Çiftlik Mah.","https://www.hepsiemlak.com/_nuxt/8cafc93fb5c74c75e9e04e528e02ccdf.jpg","İlkon Gayrimenkul","WhatsApp","","","https://www.hepsiemlak.com/_nuxt/8cafc93fb5c74c75e9e04e528e02ccdf.jpg"
"https://www.hepsiemlak.com/mugla-marmaris-tepe-kiralik/daire/25944-1584","1 / 14","47.000","28/08/2026","Atasoydan Merkez Tepede Kiralık 3+1 Geniş Dublex","Kiralık Daire","3 + 1","150 m²","21 Yaşında","·","Kat","2. Kat","Muğla / Marmaris / Tepe Mah.","https://www.hepsiemlak.com/_nuxt/8cafc93fb5c74c75e9e04e528e02ccdf.jpg","Marmaris Atasoy Emlak","WhatsApp","","","https://www.hepsiemlak.com/_nuxt/8cafc93fb5c74c75e9e04e528e02ccdf.jpg"
"https://www.hepsiemlak.com/mugla-dalaman-bezkese-kiralik/daire/164433-172","1 / 12","22.000","08/09/2026","Dalaman Gazi Bulvarında Bezkese Mahallesinde 1+1 Eşyalı Daire","Kiralık Daire","1 + 1","63 m²","2 Yaşında","·","Kat","2. Kat","Muğla / Dalaman / Bezkese Mah.","https://www.hepsiemlak.com/_nuxt/8cafc93fb5c74c75e9e04e528e02ccdf.jpg","Emlak Dünyası Ortaca","WhatsApp","Fatma
                  Muslu","https://www.hepsiemlak.com/_nuxt/img/no-image-user.6f6a83e.svg","https://www.hepsiemlak.com/_nuxt/8cafc93fb5c74c75e9e04e528e02ccdf.jpg"
"https://www.hepsiemlak.com/mugla-dalaman-merkez-kiralik/daire/10402-11554","1 / 28","20.000","19/08/2026","Merkezde Eşyalı 1+1 Dire Kiralık","Kiralık Daire","1 + 1","80 m²","4 Yaşında","·","Kat","1. Kat","Muğla / Dalaman / Merkez Mah.","https://www.hepsiemlak.com/_nuxt/8cafc93fb5c74c75e9e04e528e02ccdf.jpg","","WhatsApp","","",""
"https://www.hepsiemlak.com/mugla-fethiye-gocek-kiralik/daire/147812-168","1 / 12","45.000","08/08/2026","Göcek 'te Yolun Altında Kiralık Eşyalı 3+1 Ters Dubleks Daire","Kiralık Daire","3 + 1","120 m²","6 Yaşında","·","Kat","1. Kat","Muğla / Fethiye / Göcek Mah.","https://www.hepsiemlak.com/_nuxt/8cafc93fb5c74c75e9e04e528e02ccdf.jpg","","WhatsApp","","",""
"https://www.hepsiemlak.com/mugla-mentese-yenikoy-kiralik/villa/61413-3035","1 / 16","65.000","22/07/2026","Kiralık Mustakil Villa 3+1 Mustakil Bahceli Yeniköy Mahallesi","Kiralık Villa","3 + 1","160 m²","1 Yaşında","·","Kat","","Muğla / Menteşe / Yeniköy Mah.","https://www.hepsiemlak.com/_nuxt/8cafc93fb5c74c75e9e04e528e02ccdf.jpg","Elit Emlak","WhatsApp","Hamdi
                  Yanık","https://www.hepsiemlak.com/_nuxt/8cafc93fb5c74c75e9e04e528e02ccdf.jpg","https://www.hepsiemlak.com/_nuxt/8cafc93fb5c74c75e9e04e528e02ccdf.jpg"
"https://www.hepsiemlak.com/mugla-datca-iskele-kiralik/daire/113640-69","1 / 16","65.000","08/07/2026","Havuzlu Sitede 4 Aylık Ya Da Yıllık Kiralık","Kiralık Daire","2 + 1","79 m²","20 Yaşında","·","Kat","En Üst Kat","Muğla / Datça / İskele Mah.","https://www.hepsiemlak.com/_nuxt/8cafc93fb5c74c75e9e04e528e02ccdf.jpg","Ahmet Aytekin","WhatsApp","","","https://www.hepsiemlak.com/_nuxt/8cafc93fb5c74c75e9e04e528e02ccdf.jpg"
"https://www.hepsiemlak.com/mugla-bodrum-umurca-kiralik/daire/103485-585","1 / 17","38.000","09/09/2026","Merkezde Sahile Ve İşletmelere Yakın Bahçe Katı 1+1 Eşyalı Daire","Kiralık Daire","1 + 1","60 m²","11 Yaşında","·","Kat","Bahçe Katı","Muğla / Bodrum / Umurca Mah.","https://www.hepsiemlak.com/_nuxt/8cafc93fb5c74c75e9e04e528e02ccdf.jpg","Bodrum Artemis Gayrimenkul","WhatsApp","Utku Erkan
                  Barış","https://www.hepsiemlak.com/_nuxt/8cafc93fb5c74c75e9e04e528e02ccdf.jpg","https://www.hepsiemlak.com/_nuxt/8cafc93fb5c74c75e9e04e528e02ccdf.jpg"
"https://www.hepsiemlak.com/mugla-ula-citlik-kiralik/villa/170526-6","1 / 1","10.000","04/08/2026","Muğla Çıtlık’ta Kiralık Havuzlu Villa","Kiralık Villa","3 + 1","200 m²","1 Yaşında","·","Kat","","Muğla / Ula / Çıtlık Mah.","https://www.hepsiemlak.com/_nuxt/8cafc93fb5c74c75e9e04e528e02ccdf.jpg","","WhatsApp","","",""
"https://www.hepsiemlak.com/mugla-bodrum-golkoy-kiralik/daire/91577-45","1 / 29","350.000","06/09/2026","Bodrum Gölköyün En Seçkin Sitesinde Kiralık Elit Daire 3+1","Kiralık Daire","3 + 1","110 m²","2 Yaşında","·","Kat","Bahçe Katı","Muğla / Bodrum / Gölköy Mah.","https://www.hepsiemlak.com/_nuxt/8cafc93fb5c74c75e9e04e528e02ccdf.jpg","","WhatsApp","","",""
"https://www.hepsiemlak.com/mugla-fethiye-pazaryeri-kiralik/daire/148225-1504","1 / 15","47.000","19/08/2026","Goldhouse Dan Kiralık  Pazaryeri Nde Özel Havuzlu, Müstakil Ve Eşyalı 1+1 Bungalov","Kiralık Daire","1 + 1","55 m²","3 Yaşında","·","Kat","Zemin","Muğla / Fethiye / Pazaryeri Mah.","https://www.hepsiemlak.com/_nuxt/8cafc93fb5c74c75e9e04e528e02ccdf.jpg","Gold House Gayrimenkul Danışmanlık","WhatsApp","","","https://www.hepsiemlak.com/_nuxt/8cafc93fb5c74c75e9e04e528e02ccdf.jpg"
"https://www.hepsiemlak.com/mugla-dalaman-hurriyet-kiralik/daire/114249-155","1 / 13","17.500","25/07/2026","Kiralık Muğla Dalaman Havuzlu Site 1+1 Daire","Kiralık Daire","1 + 1","55 m²","Sıfır Bina","·","Kat","2. Kat","Muğla / Dalaman / Hürriyet Mah.","https://www.hepsiemlak.com/_nuxt/8cafc93fb5c74c75e9e04e528e02ccdf.jpg","Grow Emlak","WhatsApp","","","https://www.hepsiemlak.com/_nuxt/8cafc93fb5c74c75e9e04e528e02ccdf.jpg"
"https://www.hepsiemlak.com/mugla-bodrum-peksimet-kiralik/villa/170427-213","1 / 12","60.000","29/08/2026","Bodrum Kadıkalesi Plajlı Sıte Içınde Eşyalı 2+1 Villa","Kiralık Villa","2 + 1","120 m²","31 Yaşında","·","Kat","Bahçe Katı","Muğla / Bodrum / Peksimet Mah.","https://www.hepsiemlak.com/_nuxt/8cafc93fb5c74c75e9e04e528e02ccdf.jpg","Bodrum Zeytin Gayrimenkul Ticaret Anonim Şirketi","WhatsApp","","","https://www.hepsiemlak.com/_nuxt/8cafc93fb5c74c75e9e04e528e02ccdf.jpg"
"https://www.hepsiemlak.com/mugla-fethiye-patlangic-kiralik/daire/52425-3753","1 / 26","46.000","08/09/2026","Full Deniz Manzarasıyla Kiralık Enfes Daire","Kiralık Daire","2 + 1","120 m²","5 Yaşında","·","Kat","3. Kat","Muğla / Fethiye / Patlangıç Mah.","https://www.hepsiemlak.com/_nuxt/8cafc93fb5c74c75e9e04e528e02ccdf.jpg","Vartur Emlak","WhatsApp","","","https://www.hepsiemlak.com/_nuxt/8cafc93fb5c74c75e9e04e528e02ccdf.jpg"
"https://www.hepsiemlak.com/mugla-bodrum-golkoy-kiralik/daire/146060-138","1 / 14","225.000","30/07/2026","Bodrum Gölköy De Kiralık Daire","Kiralık Daire","2 + 1","80 m²","6 Yaşında","·","Kat","2. Kat","Muğla / Bodrum / Gölköy Mah.","https://www.hepsiemlak.com/_nuxt/8cafc93fb5c74c75e9e04e528e02ccdf.jpg","Başak Emlak Bodrum","WhatsApp","","","https://www.hepsiemlak.com/_nuxt/8cafc93fb5c74c75e9e04e528e02ccdf.jpg"
"https://www.hepsiemlak.com/mugla-mentese-yenikoy-kiralik/daire/115758-2761","1 / 16","25.000","27/07/2026","Lider'den Muğla Menteşe Yeniköy'de Kiralık 2+1 Daireler","Kiralık Daire","2 + 1","60 m²","15 Yaşında","·","Kat","Yüksek Giriş","Muğla / Menteşe / Yeniköy Mah.","https://www.hepsiemlak.com/_nuxt/8cafc93fb5c74c75e9e04e528e02ccdf.jpg","Lider Gayrimenkul","WhatsApp","","","https://www.hepsiemlak.com/_nuxt/8cafc93fb5c74c75e9e04e528e02ccdf.jpg"
"https://www.hepsiemlak.com/mugla-ortaca-beskopru-kiralik/daire/82884-2019","1 / 15","30.000","27/08/2026","Ortaca Merkezde Kiralık   2+1 Daire","Kiralık Daire","2 + 1","90 m²","1 Yaşında","·","Kat","3. Kat","Muğla / Ortaca / Beşköprü Mah.","https://www.hepsiemlak.com/_nuxt/8cafc93fb5c74c75e9e04e528e02ccdf.jpg","Elit Emlak","WhatsApp","","","https://www.hepsiemlak.com/_nuxt/8cafc93fb5c74c75e9e04e528e02ccdf.jpg"
"https://www.hepsiemlak.com/mugla-datca-yazi-kiralik/mustakil-ev/18454-720","1 / 60","45.000","19/08/2026","Datça Belenköy'de Kiralık Eşyasız 4+1 Dubleks Müstakil Ev","Kiralık Müstakil Ev","4 + 1","210 m²","2 Yaşında","·","Kat","Bahçe Katı","Muğla / Datça / Yazı Mah.","https://www.hepsiemlak.com/_nuxt/8cafc93fb5c74c75e9e04e528e02ccdf.jpg","Canbey Emlak Datça","WhatsApp","Kurtuluş
                  Canbey","https://www.hepsiemlak.com/_nuxt/8cafc93fb5c74c75e9e04e528e02ccdf.jpg","https://www.hepsiemlak.com/_nuxt/8cafc93fb5c74c75e9e04e528e02ccdf.jpg"
"https://www.hepsiemlak.com/mugla-fethiye-bozyer-kiralik/villa/156302-371","1 / 26","40.000","26/08/2026","Fethiye Bozyer Mevkii 3+1 Eşyalı Müstakil Villa","Kiralık Villa","3 + 1","120 m²","Sıfır Bina","·","Kat","","Muğla / Fethiye / Bozyer Mah.","","","WhatsApp","","",""
"https://www.hepsiemlak.com/mugla-bodrum-geris-kiralik/villa/79583-1629","1 / 50","1.350.000","20/06/2026","Exper'den Yalıkavak'ta Muhteşem Manzaralı Marakeş Esintili Villa","Kiralık Villa","6 + 1","350 m²","3 Yaşında","·","Kat","Bahçe Katı","Muğla / Bodrum / Geriş Mah.","https://hecdnnw.hemlak.com/mncropresize/77/67/logo/3/8/5/9/7/0/fca09cc4-b36e-4250-966d-2b46b86fe6f3.jpg","Exper Gayrimenkul","WhatsApp","","",""
"https://www.hepsiemlak.com/mugla-bodrum-ciftlik-kiralik/residence/138060-499","1 / 31","780.000","26/08/2026","Bodrum Barbaros Kempinski Deniz Manzaralı Kiralık 4+1 Villa","Kiralık Residence","4 + 1","240 m²","2 Yaşında","·","Kat","Bahçe Katı","Muğla / Bodrum / Çiftlik Mah.","https://hecdnnw.hemlak.com/mncropresize/77/67/logo/0/6/0/8/3/1/02ed33ca-4255-468e-aef6-9b6e3c13cabe.jpg","Bodrum’da Fırsat Gayrimenkul Danışmanlığı","WhatsApp","","",""
"https://www.hepsiemlak.com/mugla-bodrum-bahcelievler-kiralik/daire/142707-70","1 / 58","388.000","03/08/2026","Bodrum Denize Sıfır * Manzara * Özel Plaj * Havuz *lüks Rezidans","Kiralık Daire","2 + 1","135 m²","2 Yaşında","·","Kat","3. Kat","Muğla / Bodrum / Bahçelievler Mah.","https://hecdn01.hemlak.com/mncropresize/182/137/ds01/1/7/3/9/1/4/5/4/845bc116-d3cd-4c8d-a43b-7a1296d77f4e.jpg","Bodrum Bulut Gayrimenkul","WhatsApp","","","https://hecdnnw.hemlak.com/mncropresize/77/67/logo/7/0/7/2/4/1/33e071ed-e00f-44bb-ac8a-04d35f6d4462.jpg"
"https://www.hepsiemlak.com/mugla-milas-ahmet-cavus-hayitli-kiralik/daire/4884-4968","1 / 14","29.000","09/09/2026","Milas Hayıtlı Mahallesi Kiralık 3+1 Daire","Kiralık Daire","3 + 1","165 m²","21 Yaşında","·","Kat","2. Kat","Muğla / Milas / Ahmet Çavuş Hayıtlı Mah.","https://www.hepsiemlak.com/_nuxt/8cafc93fb5c74c75e9e04e528e02ccdf.jpg","Milas Gayrimenkul","WhatsApp","Şenol
                  Sandal","https://www.hepsiemlak.com/_nuxt/8cafc93fb5c74c75e9e04e528e02ccdf.jpg","https://www.hepsiemlak.com/_nuxt/8cafc93fb5c74c75e9e04e528e02ccdf.jpg"
"https://www.hepsiemlak.com/mugla-bodrum-yalikavak-kiralik/residence/34401-12169","1 / 24","1.000.000","27/07/2026","Bakraz Sitesi Yalıkavak Kiralık Bahçeli Daire Denize Sıfır","Kiralık Residence","2 + 1","250 m²","6 Yaşında","·","Kat","Bahçe Katı","Muğla / Bodrum / Yalıkavak Mah.","https://www.hepsiemlak.com/_nuxt/8cafc93fb5c74c75e9e04e528e02ccdf.jpg","Net İstanbul Luxury","WhatsApp","","","https://www.hepsiemlak.com/_nuxt/8cafc93fb5c74c75e9e04e528e02ccdf.jpg"
"https://www.hepsiemlak.com/mugla-bodrum-cevat-sakir-kiralik/daire/28765-15983","1 / 14","40.000","05/09/2026","Bodrum Gümbet Eşyalı Kiralık Daire","Kiralık Daire","2 + 1","55 m²","16 Yaşında","·","Kat","3. Kat","Muğla / Bodrum / Cevat Şakir Mah.","https://www.hepsiemlak.com/_nuxt/8cafc93fb5c74c75e9e04e528e02ccdf.jpg","Coldwell Banker Artemis","WhatsApp","","","https://www.hepsiemlak.com/_nuxt/8cafc93fb5c74c75e9e04e528e02ccdf.jpg"
"https://www.hepsiemlak.com/mugla-ortaca-eksiliyurt-kiralik/daire/170180-23","1 / 11","20.000","30/07/2026","İnvest48 Gayrimenkulden Ekşiliyurt Mahallesinde Eşyalı Ev","Kiralık Daire","2 + 1","100 m²","11 Yaşında","·","Kat","2. Kat","Muğla / Ortaca / Ekşiliyurt Mah.","https://www.hepsiemlak.com/_nuxt/8cafc93fb5c74c75e9e04e528e02ccdf.jpg","İnvest 48 Gayrimenkul","WhatsApp","","","https://www.hepsiemlak.com/_nuxt/8cafc93fb5c74c75e9e04e528e02ccdf.jpg"
"https://www.hepsiemlak.com/mugla-dalaman-merkez-kiralik/daire/140221-393","1 / 21","20.000","30/08/2026","Merkezi Lokasyonda Aile Apartmanında","Kiralık Daire","1 + 1","60 m²","6 Yaşında","·","Kat","3. Kat","Muğla / Dalaman / Merkez Mah.","https://www.hepsiemlak.com/_nuxt/8cafc93fb5c74c75e9e04e528e02ccdf.jpg","Lider Emlak","WhatsApp","","","https://www.hepsiemlak.com/_nuxt/8cafc93fb5c74c75e9e04e528e02ccdf.jpg"
"https://www.hepsiemlak.com/mugla-bodrum-gundogan-kiralik/villa/153968-256","1 / 35","300.000","06/08/2026","Bodrum,Gündoğan'da Deniz Manzaralı 3+1 Müstakil Kiralık Villa","Kiralık Villa","3 + 1","135 m²","6 Yaşında","·","Kat","Bahçe Katı","Muğla / Bodrum / Gündoğan Mah.","https://www.hepsiemlak.com/_nuxt/8cafc93fb5c74c75e9e04e528e02ccdf.jpg","Century21 Trio","WhatsApp","","","https://www.hepsiemlak.com/_nuxt/8cafc93fb5c74c75e9e04e528e02ccdf.jpg"
"https://www.hepsiemlak.com/mugla-milas-aydinlikevler-kiralik/daire/164974-434","1 / 19","27.000","03/09/2026","Milas Aydınlıkevler'de Kiralık Daire","Kiralık Daire","2 + 1","110 m²","6 Yaşında","·","Kat","4. Kat","Muğla / Milas / Aydınlıkevler Mah.","https://www.hepsiemlak.com/_nuxt/8cafc93fb5c74c75e9e04e528e02ccdf.jpg","Harmaya Gayrimenkul","WhatsApp","","","https://www.hepsiemlak.com/_nuxt/8cafc93fb5c74c75e9e04e528e02ccdf.jpg"
"https://www.hepsiemlak.com/mugla-bodrum-muskebi-kiralik/daire/136075-427","1 / 30","55.000","10/09/2026","Ortakent Merkez'de 2+1 90m2 Daire","Kiralık Daire","2 + 1","90 m²","6 Yaşında","·","Kat","2. Kat","Muğla / Bodrum / Müskebi Mah.","https://www.hepsiemlak.com/_nuxt/8cafc93fb5c74c75e9e04e528e02ccdf.jpg","İron Real Estate","WhatsApp","Fatma
                  Demir","https://www.hepsiemlak.com/_nuxt/8cafc93fb5c74c75e9e04e528e02ccdf.jpg",""
"https://www.hepsiemlak.com/mugla-ortaca-fevziye-kiralik/mustakil-ev/169457-28","1 / 23","22.000","21/07/2026","Ortaca Fevziye Mah.Eşyasız2+1 Bahçeli Müstakil Ev Kiralık","Kiralık Müstakil Ev","2 + 1","120 m²","10 Yaşında","·","Kat","","Muğla / Ortaca / Fevziye Mah.","https://www.hepsiemlak.com/_nuxt/8cafc93fb5c74c75e9e04e528e02ccdf.jpg","Dalyan Port Gayrimenkul","WhatsApp","","","https://www.hepsiemlak.com/img/loadings/noImage55-55.png"
"https://www.hepsiemlak.com/mugla-ortaca-cayli-kiralik/daire/165399-101","1 / 37","25.000","19/08/2026","Ortaca Çaylı Mahallesin De Kiralık 2+1 Daire","Kiralık Daire","2 + 1","85 m²","2 Yaşında","·","Kat","2. Kat","Muğla / Ortaca / Çaylı Mah.","https://www.hepsiemlak.com/_nuxt/8cafc93fb5c74c75e9e04e528e02ccdf.jpg","Safir Emlak Ortaca","WhatsApp","","","https://www.hepsiemlak.com/_nuxt/8cafc93fb5c74c75e9e04e528e02ccdf.jpg"
"https://www.hepsiemlak.com/mugla-marmaris-hisaronu-kiralik/villa/144778-241","1 / 17","40.000","18/08/2026","Marmaris Değirmenyanında Kiralık 4+1 Villa","Kiralık Villa","4 + 1","200 m²","11 Yaşında","·","Kat","Bahçe Katı","Muğla / Marmaris / Hisarönü Mah.","https://www.hepsiemlak.com/_nuxt/8cafc93fb5c74c75e9e04e528e02ccdf.jpg","Boss Keys Gayrimenkul Yatırım Danışmanlığı","WhatsApp","Suat
                  Demirel","https://www.hepsiemlak.com/_nuxt/8cafc93fb5c74c75e9e04e528e02ccdf.jpg",""
"https://www.hepsiemlak.com/mugla-ortaca-yerbelen-kiralik/daire/141183-431","1 / 28","27.500","16/07/2026","Ortaca Yerbelen' De Kiralık 2+1 Sıfır Daire","Kiralık Daire","2 + 1","110 m²","Sıfır Bina","·","Kat","1. Kat","Muğla / Ortaca / Yerbelen Mah.","https://www.hepsiemlak.com/_nuxt/8cafc93fb5c74c75e9e04e528e02ccdf.jpg","Hfz Gayrimenkul","WhatsApp","Hafize
                  Kuyucuoğlu","https://www.hepsiemlak.com/_nuxt/8cafc93fb5c74c75e9e04e528e02ccdf.jpg",""
"https://www.hepsiemlak.com/mugla-marmaris-cildir-kiralik/daire/26388-6156","1 / 20","60.000","21/07/2026","Tt Emlak Marmaris Çıldır Deniz E 150m Kiralık 3+1 Eşyalı Daire","Kiralık Daire","3 + 1","140 m²","25 Yaşında","·","Kat","2. Kat","Muğla / Marmaris / Çıldır Mah.","https://www.hepsiemlak.com/_nuxt/8cafc93fb5c74c75e9e04e528e02ccdf.jpg","Tt Emlak","WhatsApp","","","https://www.hepsiemlak.com/_nuxt/8cafc93fb5c74c75e9e04e528e02ccdf.jpg"
"https://www.hepsiemlak.com/mugla-bodrum-yalikavak-kiralik/daire/17216-4081","1 / 13","200.000","29/06/2026","Yalıkavak Merkezde Bakımlı 2+1 Daire","Kiralık Daire","2 + 1","110 m²","6 Yaşında","·","Kat","1. Kat","Muğla / Bodrum / Yalıkavak Mah.","https://www.hepsiemlak.com/_nuxt/8cafc93fb5c74c75e9e04e528e02ccdf.jpg","Amerıcana Realty Zemlak","WhatsApp","Uzay
                  Merttürk","https://www.hepsiemlak.com/_nuxt/8cafc93fb5c74c75e9e04e528e02ccdf.jpg","https://www.hepsiemlak.com/_nuxt/8cafc93fb5c74c75e9e04e528e02ccdf.jpg"
"https://www.hepsiemlak.com/mugla-marmaris-armutalan-kiralik/daire/34074-408","1 / 14","26.000","01/08/2026","Marmaris Armutalan Kiralık Çatı Kat Daire","Kiralık Daire","1 + 1","65 m²","21 Yaşında","·","Kat","Çatı Katı","Muğla / Marmaris / Armutalan Mah.","https://www.hepsiemlak.com/_nuxt/8cafc93fb5c74c75e9e04e528e02ccdf.jpg","","WhatsApp","","",""
"https://www.hepsiemlak.com/mugla-bodrum-gumusluk-kiralik/yazlik/0-46773405","1 / 5","50.000","09/07/2026","Bodrum Club Armonia 18-25 Temmuz Kiralık Devremülk","Kiralık Yazlık","1 + 1","55 m²","20 Yaşında","·","Kat","Bahçe Katı","Muğla / Bodrum / Gümüşlük Mah.","https://www.hepsiemlak.com/_nuxt/8cafc93fb5c74c75e9e04e528e02ccdf.jpg","","WhatsApp","","",""
"https://www.hepsiemlak.com/mugla-bodrum-akyarlar-kiralik/daire/135522-525","1 / 16","35.000","28/08/2026","Akyarlar Özel Plajlı Eşyalı Kiralık Daire","Kiralık Daire","2 + 1","80 m²","11 Yaşında","·","Kat","Bahçe Katı","Muğla / Bodrum / Akyarlar Mah.","https://www.hepsiemlak.com/_nuxt/8cafc93fb5c74c75e9e04e528e02ccdf.jpg","Yükselen Gayrimenkul","WhatsApp","","","https://www.hepsiemlak.com/_nuxt/8cafc93fb5c74c75e9e04e528e02ccdf.jpg"
"https://www.hepsiemlak.com/mugla-dalaman-atakent-kiralik/residence/10402-11451","1 / 27","25.000","03/08/2026","Dalaman Bezkesede Sosyal Donatılı Sitede Kiralık 2+1 Dubleks","Kiralık Residence","2 + 1","100 m²","3 Yaşında","·","Kat","Zemin","Muğla / Dalaman / Atakent Mah.","https://www.hepsiemlak.com/_nuxt/8cafc93fb5c74c75e9e04e528e02ccdf.jpg","","WhatsApp","","",""
"https://www.hepsiemlak.com/mugla-fethiye-karaculha-kiralik/daire/148225-1484","1 / 30","23.000","13/07/2026","Goldhouse Dan Kiralık Karaçulha Toki’de 2+1 Daire","Kiralık Daire","2 + 1","100 m²","Sıfır Bina","·","Kat","3. Kat","Muğla / Fethiye / Karaçulha Mah.","https://www.hepsiemlak.com/_nuxt/8cafc93fb5c74c75e9e04e528e02ccdf.jpg","Gold House Gayrimenkul Danışmanlık","WhatsApp","","","https://www.hepsiemlak.com/_nuxt/8cafc93fb5c74c75e9e04e528e02ccdf.jpg"
"https://www.hepsiemlak.com/mugla-datca-datca-kiralik/mustakil-ev/159473-340","1 / 10","34.000","08/09/2026","Borsem Datçadan | Eski Datçada Eşyalı Taş Ev Yıllık Kiralık","Kiralık Müstakil Ev","1 + 1","55 m²","31 Yaşında","","","","Muğla / Datça / Datça Mah.","https://www.hepsiemlak.com/_nuxt/8cafc93fb5c74c75e9e04e528e02ccdf.jpg","Borsem Datça Gayrimenkul","WhatsApp","","","https://www.hepsiemlak.com/_nuxt/8cafc93fb5c74c75e9e04e528e02ccdf.jpg"
"https://www.hepsiemlak.com/mugla-ortaca-ataturk-kiralik/daire/164433-179","1 / 11","24.000","01/08/2026","Ortaca Atatürk Mah.De Merkeze Çok Yakın Geniş 3+1 Kiralık Daire","Kiralık Daire","3 + 1","140 m²","11 Yaşında","·","Kat","2. Kat","Muğla / Ortaca / Atatürk Mah.","https://www.hepsiemlak.com/_nuxt/img/no-image-user.6f6a83e.svg","Emlak Dünyası Ortaca","WhatsApp","Fatma
                  Muslu","https://hecdnnw.hemlak.com/mncropresize/77/67/logo/3/3/4/4/6/1/57983f0f-6ff9-47b2-b0c6-7442152f5d8e.jpg",""
"https://www.hepsiemlak.com/mugla-koycegiz-yeni-kiralik/daire/134699-2272","1 / 11","35.000","09/09/2026","Köyceğiz Yenimahallede   Kiralık 3+1 Çatı Dubleks  Sıfır Daire","Kiralık Daire","3 + 1","130 m²","Sıfır Bina","·","Kat","2. Kat","Muğla / Köyceğiz / Yeni Mah.","","","WhatsApp","","",""
"https://www.hepsiemlak.com/mugla-bodrum-yokusbasi-kiralik/daire/8011-4965","1 / 18","38.000","28/08/2026","Bodrum Merkezde Eski Otogara Yakın 2+1 Giriş Katı Daire","Kiralık Daire","2 + 1","72 m²","11 Yaşında","·","Kat","Giriş Katı","Muğla / Bodrum / Yokuşbaşı Mah.","","Can Can Emlak","WhatsApp","Can
                  Tayhan","https://hecdnnw.hemlak.com/mncropresize/77/67/firmuser/1/1/0/8/0/0/31976d90-17ec-4202-b022-c08d8a8ce691.jpg",""
"https://www.hepsiemlak.com/mugla-bodrum-dirmil-kiralik/villa/170427-236","1 / 11","130.000","09/09/2026","Bodrum Dirmilde Eşyalı 3+1 Müstakil Villa | 3 Banyo, Vrv Isıtma","Kiralık Villa","3 + 1","200 m²","5 Yaşında","·","Kat","","Muğla / Bodrum / Dirmil Mah.","https://hecdn01.hemlak.com/mncropresize/182/137/ds01/1/7/0/5/9/0/7/4/ed257744-c7be-4c76-a197-83d306c7d792.jpg","Bodrum Zeytin Gayrimenkul Ticaret Anonim Şirketi","WhatsApp","","","https://hecdnnw.hemlak.com/mncropresize/77/67/logo/7/2/4/0/7/1/54805f14-ec55-4ce1-ae2a-c682910617ce.jpg"
"https://www.hepsiemlak.com/mugla-dalaman-merkez-kiralik/daire/146387-819","1 / 24","23.000","01/07/2026","Airport Emlaktan Temiz Kullanışlı 1. Sınıf Full Eşyalı 1+1","Kiralık Daire","1 + 1","60 m²","2 Yaşında","·","Kat","2. Kat","Muğla / Dalaman / Merkez Mah.","https://www.hepsiemlak.com/_nuxt/8cafc93fb5c74c75e9e04e528e02ccdf.jpg","Dalaman Aırport Emlak","WhatsApp","Hakan
                  Kılavuz","https://www.hepsiemlak.com/_nuxt/8cafc93fb5c74c75e9e04e528e02ccdf.jpg","https://www.hepsiemlak.com/_nuxt/8cafc93fb5c74c75e9e04e528e02ccdf.jpg"
"https://www.hepsiemlak.com/mugla-fethiye-bozyer-kiralik/villa/156302-353","1 / 35","55.000","21/08/2026","Fethiye Bozyer Mevkii 2+1 Lüks Taş Villa Aylık Ödeme İmkanı İle","Kiralık Villa","2 + 1","128 m²","1 Yaşında","·","Kat","Bahçe Katı","Muğla / Fethiye / Bozyer Mah.","https://www.hepsiemlak.com/_nuxt/8cafc93fb5c74c75e9e04e528e02ccdf.jpg","","WhatsApp","","",""
"https://www.hepsiemlak.com/mugla-bodrum-dirmil-kiralik/daire/138060-488","1 / 33","45.000","24/08/2026","Bodrum Yalıkavak Plajlı Bahçeli Deniz Manz Kiralık 2+1 Daire","Kiralık Daire","2 + 1","95 m²","6 Yaşında","·","Kat","Bahçe Katı","Muğla / Bodrum / Dirmil Mah.","https://www.hepsiemlak.com/_nuxt/8cafc93fb5c74c75e9e04e528e02ccdf.jpg","Bodrum’da Fırsat Gayrimenkul Danışmanlığı","WhatsApp","","","https://www.hepsiemlak.com/_nuxt/8cafc93fb5c74c75e9e04e528e02ccdf.jpg"
"https://www.hepsiemlak.com/mugla-bodrum-bahcelievler-kiralik/daire/142707-62","1 / 59","342.000","31/08/2026","Bodrum Denizin Tam Kıyısında Kıyısında * Yeni Gibi Lüks Rezidans","Kiralık Daire","3 + 1","135 m²","2 Yaşında","·","Kat","Bahçe Katı","Muğla / Bodrum / Bahçelievler Mah.","https://www.hepsiemlak.com/_nuxt/8cafc93fb5c74c75e9e04e528e02ccdf.jpg","Bodrum Bulut Gayrimenkul","WhatsApp","","","https://www.hepsiemlak.com/_nuxt/8cafc93fb5c74c75e9e04e528e02ccdf.jpg"
"https://www.hepsiemlak.com/mugla-ortaca-cumhuriyet-kiralik/daire/82884-2024","1 / 14","20.000","27/08/2026","Ortaca Cumhuriyet Mah.Kiralık 1+1 Geniş Daire","Kiralık Daire","1 + 1","70 m²","6 Yaşında","·","Kat","Yüksek Giriş","Muğla / Ortaca / Cumhuriyet Mah.","https://www.hepsiemlak.com/_nuxt/8cafc93fb5c74c75e9e04e528e02ccdf.jpg","Elit Emlak","WhatsApp","","","https://www.hepsiemlak.com/_nuxt/8cafc93fb5c74c75e9e04e528e02ccdf.jpg"
"https://www.hepsiemlak.com/mugla-fethiye-oludeniz-kiralik/daire/1876-3559","1 / 17","40.000","19/08/2026","Fethiye Ovacık Mahallesi'nde Kiralık 2+1 Eşyalı Daire | Tekce","Kiralık Daire","2 + 1","90 m²","5 Yaşında","·","Kat","2. Kat","Muğla / Fethiye / Ölüdeniz Mah.","https://www.hepsiemlak.com/_nuxt/8cafc93fb5c74c75e9e04e528e02ccdf.jpg","Tekce Gayrimenkul","WhatsApp","","","https://www.hepsiemlak.com/_nuxt/8cafc93fb5c74c75e9e04e528e02ccdf.jpg"
"https://www.hepsiemlak.com/mugla-bodrum-mumcular-kiralik/daire/140273-365","1 / 11","26.000","29/07/2026","Mumcular Da Eşyalı Kiralık 1+1 Bahçe Katı Daire","Kiralık Daire","1 + 1","65 m²","4 Yaşında","·","Kat","Bahçe Katı","Muğla / Bodrum / Mumcular Mah.","https://www.hepsiemlak.com/_nuxt/8cafc93fb5c74c75e9e04e528e02ccdf.jpg","Eylül Emlak","WhatsApp","","","https://www.hepsiemlak.com/img/loadings/noImage55-55.png"
"https://www.hepsiemlak.com/mugla-milas-emek-kiralik/daire/148115-84","1 / 11","25.000","17/08/2026","Ayaz 'dan Bodrum Yolu Üzeri Eşyalı 1+1 90 M2 Daire","Kiralık Daire","1 + 1","90 m²","6 Yaşında","·","Kat","3. Kat","Muğla / Milas / Emek Mah.","https://www.hepsiemlak.com/_nuxt/8cafc93fb5c74c75e9e04e528e02ccdf.jpg","Ayaz Gayrimenkul","WhatsApp","","","https://www.hepsiemlak.com/img/loadings/noImage55-55.png"
"https://www.hepsiemlak.com/mugla-milas-aydinlikevler-kiralik/daire/164974-418","1 / 19","28.000","03/08/2026","Milas Aydınlıkevler’de Kiralık 2+1 Daire","Kiralık Daire","2 + 1","140 m²","13 Yaşında","·","Kat","En Üst Kat","Muğla / Milas / Aydınlıkevler Mah.","https://www.hepsiemlak.com/_nuxt/8cafc93fb5c74c75e9e04e528e02ccdf.jpg","Harmaya Gayrimenkul","WhatsApp","","","https://www.hepsiemlak.com/_nuxt/8cafc93fb5c74c75e9e04e528e02ccdf.jpg"
"https://www.hepsiemlak.com/mugla-fethiye-tuzla-kiralik/daire/153705-245","1 / 26","42.000","15/07/2026","Fethiye Tuzla Merkezde Eşyalı 2+1 Kiralık Daire (155m²)","Kiralık Daire","2 + 1","170 m²","19 Yaşında","·","Kat","Ara Kat","Muğla / Fethiye / Tuzla Mah.","https://www.hepsiemlak.com/_nuxt/8cafc93fb5c74c75e9e04e528e02ccdf.jpg","Çarşı Emlak","WhatsApp","Kadir
                  Bülbül","https://www.hepsiemlak.com/_nuxt/8cafc93fb5c74c75e9e04e528e02ccdf.jpg","https://www.hepsiemlak.com/_nuxt/8cafc93fb5c74c75e9e04e528e02ccdf.jpg"
"https://www.hepsiemlak.com/mugla-dalaman-merkez-kiralik/daire/140221-380","1 / 22","22.000","10/08/2026","Nezih Sitede, Havuzlu 2+1","Kiralık Daire","2 + 1","80 m²","2 Yaşında","·","Kat","Giriş Katı","Muğla / Dalaman / Merkez Mah.","https://www.hepsiemlak.com/_nuxt/8cafc93fb5c74c75e9e04e528e02ccdf.jpg","Lider Emlak","WhatsApp","","","https://www.hepsiemlak.com/_nuxt/8cafc93fb5c74c75e9e04e528e02ccdf.jpg"
"https://www.hepsiemlak.com/mugla-ortaca-dalyan-kiralik/villa/169457-26","1 / 29","75.000","02/09/2026","Dalyan'da Havuzlu 3+1 Dubleks Eşyasız Kiralık","Kiralık Villa","3 + 1","200 m²","8 Yaşında","·","Kat","","Muğla / Ortaca / Dalyan Mah.","https://www.hepsiemlak.com/_nuxt/8cafc93fb5c74c75e9e04e528e02ccdf.jpg","Dalyan Port Gayrimenkul","WhatsApp","","","https://www.hepsiemlak.com/img/loadings/noImage55-55.png"
"https://www.hepsiemlak.com/mugla-dalaman-altintas-kiralik/daire/141183-408","1 / 31","60.000","30/08/2026","Dalaman Altıntas Mah Müstakil Tribleks Kiralık 5+1 Villa","Kiralık Daire","5 + 1","200 m²","11 Yaşında","·","Kat","2. Kat","Muğla / Dalaman / Altıntas Mah.","https://www.hepsiemlak.com/_nuxt/8cafc93fb5c74c75e9e04e528e02ccdf.jpg","Hfz Gayrimenkul","WhatsApp","Hafize
                  Kuyucuoğlu","https://www.hepsiemlak.com/_nuxt/8cafc93fb5c74c75e9e04e528e02ccdf.jpg",""
"https://www.hepsiemlak.com/mugla-bodrum-akyarlar-kiralik/villa/163846-66","1 / 10","225.000","10/07/2026","Bodrum Akyarlarda Tek Sitesinde Muhteşem Manzaralı Kiralık","Kiralık Villa","6 + 1","205 m²","Sıfır Bina","·","Kat","Bahçe Katı","Muğla / Bodrum / Akyarlar Mah.","https://www.hepsiemlak.com/_nuxt/8cafc93fb5c74c75e9e04e528e02ccdf.jpg","Aes Gayrimenkul","WhatsApp","","","https://www.hepsiemlak.com/_nuxt/8cafc93fb5c74c75e9e04e528e02ccdf.jpg"
"https://www.hepsiemlak.com/mugla-datca-iskele-kiralik/daire/18454-625","1 / 29","42.000","19/08/2026","Datça İskele Mahallesi Denize Yürüme Mesafesi 3+1 Bahçeli Eşyalı Kiralık (kısa/uzun Dönem)","Kiralık Daire","3 + 1","100 m²","40 Yaşında","·","Kat","Bahçe Katı","Muğla / Datça / İskele Mah.","https://www.hepsiemlak.com/_nuxt/8cafc93fb5c74c75e9e04e528e02ccdf.jpg","Canbey Emlak Datça","WhatsApp","","","https://www.hepsiemlak.com/_nuxt/8cafc93fb5c74c75e9e04e528e02ccdf.jpg"
"https://www.hepsiemlak.com/mugla-bodrum-gundogan-kiralik/daire/92704-78","1 / 18","45.000","29/07/2026","Gündoğan Emlaktan 3+1 Senelik Ve Aylık Ödeme","Kiralık Daire","3 + 1","110 m²","11 Yaşında","·","Kat","Bahçe Katı","Muğla / Bodrum / Gündoğan Mah.","https://www.hepsiemlak.com/_nuxt/8cafc93fb5c74c75e9e04e528e02ccdf.jpg","","WhatsApp","","",""
"https://www.hepsiemlak.com/mugla-fethiye-patlangic-kiralik/daire/52425-3754","1 / 23","32.000","06/08/2026","Havuzlu Ve Eşyalı Kiralık 1+1 Daire","Kiralık Daire","1 + 1","55 m²","6 Yaşında","·","Kat","Yüksek Giriş","Muğla / Fethiye / Patlangıç Mah.","https://www.hepsiemlak.com/_nuxt/8cafc93fb5c74c75e9e04e528e02ccdf.jpg","Vartur Emlak","WhatsApp","","","https://www.hepsiemlak.com/_nuxt/8cafc93fb5c74c75e9e04e528e02ccdf.jpg"
"https://www.hepsiemlak.com/mugla-bodrum-dirmil-kiralik/residence/34401-12166","1 / 23","435.000","29/07/2026","Nef Yalıkavak Denize Sıfırı Kiralık Rezidans","Kiralık Residence","2 + 1","125 m²","4 Yaşında","·","Kat","2. Kat","Muğla / Bodrum / Dirmil Mah.","https://www.hepsiemlak.com/_nuxt/8cafc93fb5c74c75e9e04e528e02ccdf.jpg","Net İstanbul Luxury","WhatsApp","","","https://www.hepsiemlak.com/_nuxt/8cafc93fb5c74c75e9e04e528e02ccdf.jpg"
"https://www.hepsiemlak.com/mugla-bodrum-yalikavak-kiralik/villa/56203-4910","1 / 28","1.850.000","18/06/2026","Yalıkavak Marina Ve Deniz Manzaralı Eşyalı Müstakil Villa","Kiralık Villa","5 + 1","450 m²","4 Yaşında","·","Kat","Bahçe Katı","Muğla / Bodrum / Yalıkavak Mah.","https://www.hepsiemlak.com/_nuxt/8cafc93fb5c74c75e9e04e528e02ccdf.jpg","Yalıhan Emlak","WhatsApp","Ayhan
                  Küçük","https://www.hepsiemlak.com/_nuxt/8cafc93fb5c74c75e9e04e528e02ccdf.jpg","https://www.hepsiemlak.com/_nuxt/8cafc93fb5c74c75e9e04e528e02ccdf.jpg"
"https://www.hepsiemlak.com/mugla-milas-haci-ilyas-kiralik/daire/83524-816","1 / 25","20.000","11/08/2026","Milas Merkez Hacıilyas Mh. Salı Pazarına Yakın Daire","Kiralık Daire","1 + 1","65 m²","21 Yaşında","·","Kat","2. Kat","Muğla / Milas / Hacı İlyas Mah.","https://www.hepsiemlak.com/_nuxt/8cafc93fb5c74c75e9e04e528e02ccdf.jpg","Akın Emlak Yapı Realty Milas Bodrum","WhatsApp","","","https://www.hepsiemlak.com/_nuxt/8cafc93fb5c74c75e9e04e528e02ccdf.jpg"
"https://www.hepsiemlak.com/mugla-bodrum-dirmil-kiralik/villa/91577-69","1 / 25","80.000","06/09/2026","Yalıkavak Gökçebel Bahçeli Havuzlu Site Yıllık Kiralık 3+1 Villa","Kiralık Villa","3 + 1","150 m²","4 Yaşında","·","Kat","","Muğla / Bodrum / Dirmil Mah.","","","WhatsApp","","",""
"https://www.hepsiemlak.com/mugla-bodrum-farilya-kiralik/daire/135522-480","1 / 19","50.000","06/09/2026","Gündoğanda Müstakil Tadında Bahçe Dubleks Yıllık Kiralık","Kiralık Daire","3 + 2","150 m²","4 Yaşında","·","Kat","Bahçe Katı","Muğla / Bodrum / Farilya Mah.","https://hecdnnw.hemlak.com/mncropresize/77/67/logo/2/2/5/5/3/1/f94a5eec-f7ad-49ae-9a52-caa38d66c4f9.jpg","Yükselen Gayrimenkul","WhatsApp","","",""
"https://www.hepsiemlak.com/mugla-fethiye-inlice-kiralik/villa/148225-1475","1 / 33","90.000","10/08/2026","Goldhouse Dan Kiralık İnlice’de 5+1 Müstakil Havuzlu Villa","Kiralık Villa","5 + 1","180 m²","3 Yaşında","·","Kat","","Muğla / Fethiye / İnlice Mah.","https://hecdnnw.hemlak.com/mncropresize/77/67/logo/5/2/2/8/4/1/4f8ea576-51b4-46bd-b720-fdc14f8f889c.jpg","Gold House Gayrimenkul Danışmanlık","WhatsApp","","",""
"https://www.hepsiemlak.com/mugla-bodrum-golkoy-kiralik/daire/146060-137","1 / 12","300.000","27/07/2026","Bodrum Gölköy De Havuzlu Site İçersinde Kiralık Daire","Kiralık Daire","2 + 1","80 m²","6 Yaşında","·","Kat","Bahçe Katı","Muğla / Bodrum / Gölköy Mah.","https://hecdn01.hemlak.com/mncropresize/182/137/ds01/1/8/0/5/2/7/6/4/78017da7-acf9-48c2-9863-fb626de3f905.jpg","Başak Emlak Bodrum","WhatsApp","","","https://hecdnnw.hemlak.com/mncropresize/77/67/logo/0/6/0/6/4/1/339d2d8c-4794-480d-9a1f-dccf535d095e.jpg"
"https://www.hepsiemlak.com/mugla-milas-emek-kiralik/daire/165966-28","1 / 10","32.500","22/07/2026","Ekr| Opet Arkasında 3+1 Kapalı Mutfak Kiralık Daire","Kiralık Daire","3 + 1","140 m²","16 Yaşında","·","Kat","1. Kat","Muğla / Milas / Emek Mah.","https://www.hepsiemlak.com/_nuxt/8cafc93fb5c74c75e9e04e528e02ccdf.jpg","","WhatsApp","","",""
"https://www.hepsiemlak.com/mugla-koycegiz-gelisim-kiralik/daire/72638-4528","1 / 10","45.000","10/08/2026","Köyceğiz Gelişim'de Sıfır 3+1 Kiralık Daire (140m²)","Kiralık Daire","3 + 1","150 m²","Sıfır Bina","·","Kat","2. Kat","Muğla / Köyceğiz / Gelişim Mah.","https://www.hepsiemlak.com/_nuxt/8cafc93fb5c74c75e9e04e528e02ccdf.jpg","Müjgan Emlak","WhatsApp","","","https://www.hepsiemlak.com/_nuxt/8cafc93fb5c74c75e9e04e528e02ccdf.jpg"
"https://www.hepsiemlak.com/mugla-dalaman-altintas-kiralik/daire/164433-158","1 / 11","21.000","23/07/2026","Dalaman Doğa Park Havuzlu Site İçi Yeni Eşyalı Kiralık 1+1 Daire","Kiralık Daire","1 + 1","55 m²","5 Yaşında","·","Kat","3. Kat","Muğla / Dalaman / Altıntas Mah.","https://www.hepsiemlak.com/_nuxt/8cafc93fb5c74c75e9e04e528e02ccdf.jpg","Emlak Dünyası Ortaca","WhatsApp","Fatma
                  Muslu","https://www.hepsiemlak.com/_nuxt/img/no-image-user.6f6a83e.svg","https://www.hepsiemlak.com/_nuxt/8cafc93fb5c74c75e9e04e528e02ccdf.jpg"
"https://www.hepsiemlak.com/mugla-dalaman-karacali-kiralik/daire/135231-2877","1 / 15","20.000","26/08/2026","Stop’tan Karaçalı’da Bahçe Kullanımlı Kiralık 1+1 Daire","Kiralık Daire","1 + 1","66 m²","7 Yaşında","·","Kat","Zemin","Muğla / Dalaman / Karaçalı Mah.","https://www.hepsiemlak.com/_nuxt/8cafc93fb5c74c75e9e04e528e02ccdf.jpg","Stop Gayrimenkul","WhatsApp","","","https://www.hepsiemlak.com/_nuxt/8cafc93fb5c74c75e9e04e528e02ccdf.jpg"
"https://www.hepsiemlak.com/mugla-dalaman-hurriyet-kiralik/daire/146387-818","1 / 31","19.000","31/08/2026","Airport Emlaktan Havuzlu Site İçerisinde Klimalı Kullanışlı 1+1","Kiralık Daire","1 + 1","60 m²","Sıfır Bina","·","Kat","Yüksek Giriş","Muğla / Dalaman / Hürriyet Mah.","https://www.hepsiemlak.com/_nuxt/8cafc93fb5c74c75e9e04e528e02ccdf.jpg","Dalaman Aırport Emlak","WhatsApp","Hakan
                  Kılavuz","https://www.hepsiemlak.com/_nuxt/8cafc93fb5c74c75e9e04e528e02ccdf.jpg","https://www.hepsiemlak.com/_nuxt/8cafc93fb5c74c75e9e04e528e02ccdf.jpg"
"https://www.hepsiemlak.com/mugla-fethiye-yeni-kiralik/daire/156302-341","1 / 18","30.000","10/08/2026","Fethiye Yeni Mahalle Mevkii Kiralık 2+1 Eşyasız Daire","Kiralık Daire","2 + 1","85 m²","6 Yaşında","·","Kat","3. Kat","Muğla / Fethiye / Yeni Mah.","https://www.hepsiemlak.com/_nuxt/8cafc93fb5c74c75e9e04e528e02ccdf.jpg","","WhatsApp","","",""
"https://www.hepsiemlak.com/mugla-ortaca-bahcelievler-kiralik/daire/126009-496","1 / 35","38.000","19/06/2026","Murat Çimen'den 3+1 Kiralık Daire","Kiralık Daire","3 + 1","190 m²","3 Yaşında","·","Kat","1. Kat","Muğla / Ortaca / Bahçelievler Mah.","https://www.hepsiemlak.com/_nuxt/8cafc93fb5c74c75e9e04e528e02ccdf.jpg","Murat Çimen Gayrimenkul","WhatsApp","Murat
                  Çimen","https://www.hepsiemlak.com/_nuxt/8cafc93fb5c74c75e9e04e528e02ccdf.jpg","https://www.hepsiemlak.com/_nuxt/8cafc93fb5c74c75e9e04e528e02ccdf.jpg"
"https://www.hepsiemlak.com/mugla-bodrum-gumusluk-kiralik/daire/28555-2092","1 / 19","35.000","07/09/2026","Sör Emlak'tan Gümüşlük Merkez'de İkinci Kat Kiralık Daire","Kiralık Daire","2 + 1","80 m²","12 Yaşında","·","Kat","2. Kat","Muğla / Bodrum / Gümüşlük Mah.","https://www.hepsiemlak.com/_nuxt/8cafc93fb5c74c75e9e04e528e02ccdf.jpg","Sör Emlak","WhatsApp","","","https://www.hepsiemlak.com/_nuxt/8cafc93fb5c74c75e9e04e528e02ccdf.jpg"
"https://www.hepsiemlak.com/mugla-ortaca-terzialiler-kiralik/daire/82884-1825","1 / 14","25.500","24/08/2026","Ortaca Merkezde Full Eşyalı Kiralık 1+1 Daire","Kiralık Daire","1 + 1","65 m²","10 Yaşında","·","Kat","En Üst Kat","Muğla / Ortaca / Terzialiler Mah.","https://www.hepsiemlak.com/_nuxt/8cafc93fb5c74c75e9e04e528e02ccdf.jpg","Elit Emlak","WhatsApp","","","https://www.hepsiemlak.com/_nuxt/8cafc93fb5c74c75e9e04e528e02ccdf.jpg"
"https://www.hepsiemlak.com/mugla-dalaman-altintas-kiralik/daire/117249-504","1 / 16","40.000","04/08/2026","Doğayla İç İçe, Havuzlu Sitede 2+1 Kiralık Daire","Kiralık Daire","2 + 1","105 m²","Sıfır Bina","·","Kat","2. Kat","Muğla / Dalaman / Altıntas Mah.","https://www.hepsiemlak.com/_nuxt/8cafc93fb5c74c75e9e04e528e02ccdf.jpg","Ata Gayrimenkul","WhatsApp","","","https://www.hepsiemlak.com/_nuxt/8cafc93fb5c74c75e9e04e528e02ccdf.jpg"
"https://www.hepsiemlak.com/mugla-bodrum-islamhaneleri-kiralik/daire/28765-16012","1 / 8","42.500","01/09/2026","Bağla Koyunda Yıllık Kiralık Eşyalı Fırsat Daire","Kiralık Daire","2 + 1","65 m²","Sıfır Bina","·","Kat","Bahçe Katı","Muğla / Bodrum / İslamhaneleri Mah.","https://www.hepsiemlak.com/_nuxt/8cafc93fb5c74c75e9e04e528e02ccdf.jpg","Coldwell Banker Artemis","WhatsApp","","","https://www.hepsiemlak.com/_nuxt/8cafc93fb5c74c75e9e04e528e02ccdf.jpg"
"https://www.hepsiemlak.com/mugla-bodrum-dirmil-kiralik/daire/153968-258","1 / 13","500.000","06/08/2026","Nef Yalıkavak'ta Dubleks 3+1 Deniz Manzaralı Daire","Kiralık Daire","3 + 1","112 m²","5 Yaşında","·","Kat","Bahçe Katı","Muğla / Bodrum / Dirmil Mah.","https://www.hepsiemlak.com/_nuxt/8cafc93fb5c74c75e9e04e528e02ccdf.jpg","Century21 Trio","WhatsApp","","","https://www.hepsiemlak.com/_nuxt/8cafc93fb5c74c75e9e04e528e02ccdf.jpg"
"https://www.hepsiemlak.com/mugla-dalaman-bezkese-kiralik/daire/163837-645","1 / 47","37.500","08/08/2026","Adress Ailesi'nden Dalaman'da Sitede Kiralık 2+1 Eşyalı Dublex","Kiralık Daire","2 + 0","90 m²","3 Yaşında","·","Kat","En Üst Kat","Muğla / Dalaman / Bezkese Mah.","https://www.hepsiemlak.com/_nuxt/8cafc93fb5c74c75e9e04e528e02ccdf.jpg","Adress Ailesi Emlak Danışmanlığı","WhatsApp","","","https://www.hepsiemlak.com/_nuxt/8cafc93fb5c74c75e9e04e528e02ccdf.jpg"
"https://www.hepsiemlak.com/mugla-ortaca-sarigerme-kiralik/villa/169457-17","1 / 25","40.000","21/07/2026","Sarıgerme Akdeniz Evlerin De Havuzlu Site İçersinde Eşyalı 3+1 Dublex Kiralık","Kiralık Villa","3 + 1","135 m²","10 Yaşında","·","Kat","","Muğla / Ortaca / Sarıgerme Mah.","https://www.hepsiemlak.com/_nuxt/8cafc93fb5c74c75e9e04e528e02ccdf.jpg","Dalyan Port Gayrimenkul","WhatsApp","","","https://www.hepsiemlak.com/img/loadings/noImage55-55.png"
"https://www.hepsiemlak.com/mugla-koycegiz-gelisim-kiralik/daire/130154-694","1 / 22","47.000","10/08/2026","Cittaslow Gayrimenkul'den Gelişim'de 4+1 Dublex Kiralık Daire","Kiralık Daire","4 + 1","145 m²","3 Yaşında","·","Kat","2. Kat","Muğla / Köyceğiz / Gelişim Mah.","https://www.hepsiemlak.com/_nuxt/8cafc93fb5c74c75e9e04e528e02ccdf.jpg","Cittaslow Gayrimenkul","WhatsApp","","","https://www.hepsiemlak.com/_nuxt/8cafc93fb5c74c75e9e04e528e02ccdf.jpg"
"https://www.hepsiemlak.com/mugla-dalaman-merkez-kiralik/daire/140221-370","1 / 22","23.000","10/08/2026","Dalaman Merkez Mahallesinde Kiralık Daire","Kiralık Daire","1 + 1","65 m²","2 Yaşında","·","Kat","2. Kat","Muğla / Dalaman / Merkez Mah.","https://www.hepsiemlak.com/_nuxt/8cafc93fb5c74c75e9e04e528e02ccdf.jpg","Lider Emlak","WhatsApp","","","https://www.hepsiemlak.com/_nuxt/8cafc93fb5c74c75e9e04e528e02ccdf.jpg"
"https://www.hepsiemlak.com/mugla-milas-gumusluk-kiralik/daire/164974-323","1 / 15","30.000","18/07/2026","Milas Gümüşlük'te Kiralık 3+1 Daire Harmaya Real Estate","Kiralık Daire","3 + 1","180 m²","6 Yaşında","·","Kat","Yüksek Giriş","Muğla / Milas / Gümüşlük Mah.","https://www.hepsiemlak.com/_nuxt/8cafc93fb5c74c75e9e04e528e02ccdf.jpg","Harmaya Gayrimenkul","WhatsApp","","","https://www.hepsiemlak.com/_nuxt/8cafc93fb5c74c75e9e04e528e02ccdf.jpg"
"https://www.hepsiemlak.com/mugla-fethiye-foca-kiralik/daire/130116-469","1 / 31","45.000","18/08/2026","Çalış'ta Deniz Manzaralı 2+1 Eşyalı Uzun Dönem Kiralık Dubleks","Kiralık Daire","2 + 1","85 m²","26 Yaşında","·","Kat","3. Kat","Muğla / Fethiye / Foça Mah.","https://www.hepsiemlak.com/_nuxt/8cafc93fb5c74c75e9e04e528e02ccdf.jpg","Ladin Property","WhatsApp","","","https://www.hepsiemlak.com/_nuxt/8cafc93fb5c74c75e9e04e528e02ccdf.jpg"
"https://www.hepsiemlak.com/mugla-koycegiz-gulpinar-kiralik/daire/134699-2343","1 / 10","25.000","26/08/2026","Köyceğiz Gülpınar Mahallesinde Merkezi Konumda Ev Ve  Ofis Kullanımına Uygun  Kiralık 1+1 Daire","Kiralık Daire","1 + 1","65 m²","Sıfır Bina","·","Kat","2. Kat","Muğla / Köyceğiz / Gülpınar Mah.","https://www.hepsiemlak.com/_nuxt/8cafc93fb5c74c75e9e04e528e02ccdf.jpg","","WhatsApp","","",""
"https://www.hepsiemlak.com/mugla-bodrum-yalikavak-kiralik/villa/34401-12161","1 / 23","1.250.000","24/06/2026","Yalıkavak Tilkicik Koyun Da Özel Havuzlu Kiralık Villa","Kiralık Villa","3 + 1","240 m²","6 Yaşında","·","Kat","Bahçe Katı","Muğla / Bodrum / Yalıkavak Mah.","https://www.hepsiemlak.com/_nuxt/8cafc93fb5c74c75e9e04e528e02ccdf.jpg","Net İstanbul Luxury","WhatsApp","","","https://www.hepsiemlak.com/_nuxt/8cafc93fb5c74c75e9e04e528e02ccdf.jpg"
"https://www.hepsiemlak.com/mugla-dalaman-atakent-kiralik/villa/161043-245","1 / 15","250.000","29/08/2026","Muğla Dalaman Havuzlu Müstakil Villalar","Kiralık Villa","3 + 1","145 m²","4 Yaşında","·","Kat","","Muğla / Dalaman / Atakent Mah.","","Century21 Prime","WhatsApp","","https://hecdnnw.hemlak.com/mncropresize/77/67/logo/3/4/0/1/6/1/4534a064-cb24-436f-ae21-7e4f35d623c6.jpg",""
"https://www.hepsiemlak.com/mugla-milas-bozalan-kiralik/mustakil-ev/0-46861458","1 / 23","22.000","01/07/2026","1+1 Müstakil Kiralık","Kiralık Müstakil Ev","2 + 1","55 m²","5 Yaşında","·","Kat","","Muğla / Milas / Bozalan Mah.","","","WhatsApp","","",""
"https://www.hepsiemlak.com/mugla-mentese-orhaniye-kiralik/daire/142354-129","1 / 19","55.000","26/08/2026","Merkezi Konumda Mükemmel Daire","Kiralık Daire","4 + 1","150 m²","16 Yaşında","·","Kat","1. Kat","Muğla / Menteşe / Orhaniye Mah.","https://hecdnnw.hemlak.com/mncropresize/77/67/logo/4/5/3/2/4/1/ecaef85f-a483-4588-9dde-642884665d69.jpg","Tunam Yapım İnşaat Emlak","WhatsApp","","",""
"https://www.hepsiemlak.com/mugla-ortaca-karaburun-kiralik/villa/0-46817493","1 / 32","7.500","03/09/2026","Günlük Kiralık Villa","Kiralık Villa","5 + 1","192 m²","Sıfır Bina","·","Kat","","Muğla / Ortaca / Karaburun Mah.","https://hecdn01.hemlak.com/mncropresize/182/137/ds01/3/9/4/7/1/8/6/4/1782297922-2998939-46817493.jpeg","","WhatsApp","","",""
"https://www.hepsiemlak.com/mugla-bodrum-golkoy-kiralik/villa/0-46679242","1 / 18","120.000","16/08/2026","Bodrum Türkbükü Gölköy Kiralık","Kiralık Villa","3 + 1","200 m²","12 Yaşında","·","Kat","","Muğla / Bodrum / Gölköy Mah.","https://www.hepsiemlak.com/_nuxt/8cafc93fb5c74c75e9e04e528e02ccdf.jpg","","WhatsApp","","",""
"https://www.hepsiemlak.com/mugla-ortaca-karaburun-kiralik/daire/164489-49","1 / 25","22.000","31/08/2026","Karaburunda Sıfır 2+1 Kiralık Daire | Üniversite Yakın","Kiralık Daire","2 + 1","80 m²","Sıfır Bina","·","Kat","1. Kat","Muğla / Ortaca / Karaburun Mah.","https://www.hepsiemlak.com/_nuxt/8cafc93fb5c74c75e9e04e528e02ccdf.jpg","Coldwell Banker Nish Ortaca","WhatsApp","Kaan
                  Coşkun","https://www.hepsiemlak.com/_nuxt/8cafc93fb5c74c75e9e04e528e02ccdf.jpg","https://www.hepsiemlak.com/_nuxt/8cafc93fb5c74c75e9e04e528e02ccdf.jpg"
"https://www.hepsiemlak.com/mugla-koycegiz-zeytinalani-kiralik/mustakil-ev/130464-361","1 / 29","25.000","02/09/2026","Atam Emlaktan Zeytinalanında Kiralık 3+1 Müstakil Ev","Kiralık Müstakil Ev","3 + 1","120 m²","11 Yaşında","·","Kat","Bahçe Katı","Muğla / Köyceğiz / Zeytinalanı Mah.","https://www.hepsiemlak.com/_nuxt/8cafc93fb5c74c75e9e04e528e02ccdf.jpg","Atam Emlak","WhatsApp","","","https://www.hepsiemlak.com/_nuxt/8cafc93fb5c74c75e9e04e528e02ccdf.jpg"
"https://www.hepsiemlak.com/mugla-seydikemer-seydiler-kiralik/villa/145962-257","1 / 23","8.000","31/08/2026","Salih Bilici Gayrimenkul'den Muğla Seydikemerde Kiralık Havuzlu Taş Villa","Kiralık Villa","2 + 1","90 m²","6 Yaşında","·","Kat","","Muğla / Seydikemer / Seydiler Mah.","https://www.hepsiemlak.com/_nuxt/8cafc93fb5c74c75e9e04e528e02ccdf.jpg","","WhatsApp","","",""
"https://www.hepsiemlak.com/mugla-ula-gokova-kiralik/daire/0-42756761","1 / 23","30.000","06/08/2026","Gökovada Akyakaya Yakın Eşyalı ,1+1  Kapalı Mutfak , 2 Balkonlu ,Bahçeli Zemin Kat,Güneş Enerji","Kiralık Daire","1 + 1","55 m²","7 Yaşında","·","Kat","Yüksek Giriş","Muğla / Ula / Gökova Mah.","https://www.hepsiemlak.com/_nuxt/8cafc93fb5c74c75e9e04e528e02ccdf.jpg","","WhatsApp","","",""
"https://www.hepsiemlak.com/mugla-dalaman-ege-kiralik/villa/0-41011065","1 / 17","65.000","24/08/2026","Lavanta Villari","Kiralık Villa","4 + 1","160 m²","3 Yaşında","·","Kat","","Muğla / Dalaman / Ege Mah.","https://www.hepsiemlak.com/_nuxt/8cafc93fb5c74c75e9e04e528e02ccdf.jpg","","WhatsApp","","",""
"https://www.hepsiemlak.com/mugla-bodrum-bitez-kiralik/daire/165793-44","","40.000","21/08/2026","Bodrum Bitez Köyiçinde Üstkat 2+1 Kapalı Mutfak Kiralık Daire","Kiralık Daire","2 + 1","100 m²","16 Yaşında","·","Kat","2. Kat","Muğla / Bodrum / Bitez Mah.","","","WhatsApp","","",""
"https://www.hepsiemlak.com/mugla-dalaman-altintas-kiralik/daire/10402-11511","1 / 22","50.000","12/08/2026","Botanic Gardenda Full Eşyalı 2+1 Kiralık | 2 Banyolu | Havuzlu","Kiralık Daire","2 + 1","95 m²","16 Yaşında","·","Kat","Zemin","Muğla / Dalaman / Altıntas Mah.","https://www.hepsiemlak.com/_nuxt/8cafc93fb5c74c75e9e04e528e02ccdf.jpg","","WhatsApp","","",""
"https://www.hepsiemlak.com/mugla-bodrum-kumbahce-kiralik/daire/135522-441","1 / 15","45.000","07/09/2026","Bodrum Merkez Kumbahçe De Denize 10m Eşyalı Yıllık Kiralık Daire","Kiralık Daire","1 + 1","55 m²","16 Yaşında","·","Kat","Giriş Katı","Muğla / Bodrum / Kumbahçe Mah.","https://www.hepsiemlak.com/_nuxt/8cafc93fb5c74c75e9e04e528e02ccdf.jpg","Yükselen Gayrimenkul","WhatsApp","","","https://www.hepsiemlak.com/_nuxt/8cafc93fb5c74c75e9e04e528e02ccdf.jpg"
"https://www.hepsiemlak.com/mugla-fethiye-oludeniz-kiralik/villa/148225-1220","1 / 33","75.000","13/07/2026","Goldhouse Dan Ovacık Ta Muhteşem Konumda Geniş 3+1 Müstakil Villa","Kiralık Villa","3 + 1","180 m²","10 Yaşında","·","Kat","","Muğla / Fethiye / Ölüdeniz Mah.","https://www.hepsiemlak.com/_nuxt/8cafc93fb5c74c75e9e04e528e02ccdf.jpg","Gold House Gayrimenkul Danışmanlık","WhatsApp","","","https://www.hepsiemlak.com/_nuxt/8cafc93fb5c74c75e9e04e528e02ccdf.jpg"
"https://www.hepsiemlak.com/mugla-bodrum-turgutreis-kiralik/mustakil-ev/117705-286","1 / 34","60.000","27/06/2026","Asya Gayrimenkul'den Kiralık Eşyalı Marinaya Sıfır Dubleks Ev","Kiralık Müstakil Ev","3 + 1","110 m²","16 Yaşında","·","Kat","Bahçe Katı","Muğla / Bodrum / Turgutreis Mah.","https://www.hepsiemlak.com/_nuxt/8cafc93fb5c74c75e9e04e528e02ccdf.jpg","Asya Gayrimenkul","WhatsApp","","","https://www.hepsiemlak.com/_nuxt/8cafc93fb5c74c75e9e04e528e02ccdf.jpg"
"https://www.hepsiemlak.com/mugla-mentese-kotekli-kiralik/daire/143891-265","1 / 9","16.000","20/08/2026","Kötekli De Kiralık Stüdyo Bodrum Kat Eşyalı Daire","Kiralık Daire","Stüdyo","30 m²","11 Yaşında","·","Kat","Bodrum","Muğla / Menteşe / Kötekli Mah.","https://www.hepsiemlak.com/_nuxt/8cafc93fb5c74c75e9e04e528e02ccdf.jpg","Konum Emlak","WhatsApp","","","https://www.hepsiemlak.com/_nuxt/8cafc93fb5c74c75e9e04e528e02ccdf.jpg"
"https://www.hepsiemlak.com/mugla-bodrum-bitez-kiralik/daire/64802-7340","1 / 18","55.000","30/07/2026","Bodrum Bitez 2+1 Eşyalı Müstakil Girişli Havuzlu Kiralık Daire","Kiralık Daire","2 + 1","75 m²","10 Yaşında","·","Kat","Ara Kat","Muğla / Bodrum / Bitez Mah.","https://www.hepsiemlak.com/_nuxt/8cafc93fb5c74c75e9e04e528e02ccdf.jpg","Hedef Gayrimenkul","WhatsApp","","","https://www.hepsiemlak.com/_nuxt/8cafc93fb5c74c75e9e04e528e02ccdf.jpg"
"https://www.hepsiemlak.com/mugla-fethiye-kesikkapi-kiralik/daire/98449-1255","1 / 19","40.000","24/07/2026","Fethiye Merkezde 3+1  Eşyalı Geniş  Daire Yıllık Kiralık","Kiralık Daire","3 + 1","150 m²","15 Yaşında","·","Kat","Giriş Katı","Muğla / Fethiye / Kesikkapı Mah.","https://www.hepsiemlak.com/_nuxt/8cafc93fb5c74c75e9e04e528e02ccdf.jpg","Pikan Gayrimenkul","WhatsApp","","","https://www.hepsiemlak.com/_nuxt/8cafc93fb5c74c75e9e04e528e02ccdf.jpg"
"https://www.hepsiemlak.com/mugla-fethiye-yeni-kiralik/daire/144026-395","1 / 14","22.000","07/08/2026","Caddeye Yakın Ayrı Mutfaklı 2+1 Daire","Kiralık Daire","2 + 1","85 m²","21 Yaşında","·","Kat","Giriş Katı","Muğla / Fethiye / Yeni Mah.","https://www.hepsiemlak.com/_nuxt/8cafc93fb5c74c75e9e04e528e02ccdf.jpg","Kaya Grup Fethiye","WhatsApp","Osman
                  Kaya","https://www.hepsiemlak.com/_nuxt/8cafc93fb5c74c75e9e04e528e02ccdf.jpg",""
"https://www.hepsiemlak.com/mugla-marmaris-siteler-kiralik/daire/149115-215","1 / 10","50.000","03/09/2026","Siteler 3+1 Kiralık Daire","Kiralık Daire","3 + 1","110 m²","31 Yaşında","·","Kat","Giriş Katı","Muğla / Marmaris / Siteler Mah.","https://www.hepsiemlak.com/_nuxt/8cafc93fb5c74c75e9e04e528e02ccdf.jpg","Ahmet Ayar Real Estate","WhatsApp","","","https://www.hepsiemlak.com/_nuxt/8cafc93fb5c74c75e9e04e528e02ccdf.jpg"
"https://www.hepsiemlak.com/mugla-dalaman-merkez-kiralik/daire/158955-218","1 / 10","17.000","25/06/2026","Muğla Dalaman Hürriyet Mahallesinde Kiralık 1+1 Fırsat Daire","Kiralık Daire","1 + 1","55 m²","3 Yaşında","·","Kat","2. Kat","Muğla / Dalaman / Merkez Mah.","https://www.hepsiemlak.com/_nuxt/8cafc93fb5c74c75e9e04e528e02ccdf.jpg","Golden Case Realty","WhatsApp","","","https://www.hepsiemlak.com/_nuxt/8cafc93fb5c74c75e9e04e528e02ccdf.jpg"
"https://www.hepsiemlak.com/mugla-bodrum-umurca-kiralik/daire/148553-15","1 / 6","35.000","04/09/2026","Kumbahçe Plaja 2 Dk","Kiralık Daire","1 + 1","50 m²","6 Yaşında","·","Kat","Bahçe Katı","Muğla / Bodrum / Umurca Mah.","https://www.hepsiemlak.com/_nuxt/8cafc93fb5c74c75e9e04e528e02ccdf.jpg","","WhatsApp","","",""
"https://www.hepsiemlak.com/mugla-bodrum-geris-kiralik/daire/128053-1348","1 / 20","58.000","07/07/2026","Yalıkavak Gerişte Deniz Manzaralı Full Eşyalı Dubleks Kiralık","Kiralık Daire","2 + 1","90 m²","21 Yaşında","·","Kat","1. Kat","Muğla / Bodrum / Geriş Mah.","https://www.hepsiemlak.com/_nuxt/8cafc93fb5c74c75e9e04e528e02ccdf.jpg","Global İpek Yapı A.Ş","WhatsApp","","","https://www.hepsiemlak.com/_nuxt/8cafc93fb5c74c75e9e04e528e02ccdf.jpg"
"https://www.hepsiemlak.com/mugla-bodrum-yalikavak-kiralik/daire/91577-68","1 / 23","200.000","06/09/2026","Yalıkavak Marina Havuzlu Site İçinde Kiralık 2+1 Eşyalı Daire","Kiralık Daire","2 + 1","80 m²","21 Yaşında","·","Kat","Bahçe Katı","Muğla / Bodrum / Yalıkavak Mah.","https://www.hepsiemlak.com/_nuxt/8cafc93fb5c74c75e9e04e528e02ccdf.jpg","","WhatsApp","","",""
"https://www.hepsiemlak.com/mugla-bodrum-yalikavak-kiralik/villa/79583-1647","1 / 21","6.500.000","20/06/2026","Exper'den Tilkicik'de Özel Tasarım Ultra Lüks Malikhane","Kiralık Villa","4 + 1","450 m²","1 Yaşında","·","Kat","Bahçe Katı","Muğla / Bodrum / Yalıkavak Mah.","","Exper Gayrimenkul","WhatsApp","","https://hecdnnw.hemlak.com/mncropresize/77/67/logo/3/8/5/9/7/0/fca09cc4-b36e-4250-966d-2b46b86fe6f3.jpg",""
"https://www.hepsiemlak.com/mugla-fethiye-pazaryeri-kiralik/daire/135231-2871","1 / 15","35.000","05/08/2026","Stop’tan Karapınar’da Deniz Manzaralı Eşyalı Kiralık 2+1 Daire","Kiralık Daire","2 + 1","90 m²","Sıfır Bina","·","Kat","1. Kat","Muğla / Fethiye / Pazaryeri Mah.","https://hecdnnw.hemlak.com/mncropresize/77/67/logo/1/3/2/5/3/1/b5b55884-530a-41f0-b554-f54b8c608367.jpg","Stop Gayrimenkul","WhatsApp","","",""
"https://www.hepsiemlak.com/mugla-dalaman-sogutluyurt-kiralik/daire/146387-809","1 / 21","40.000","02/09/2026","Airport Emlaktan Söğütlüyurt 2+1 Havuzlu Eşyalı Kiralık Daire!","Kiralık Daire","2 + 1","95 m²","5 Yaşında","·","Kat","Giriş Katı","Muğla / Dalaman / Söğütlüyurt Mah.","https://hecdnnw.hemlak.com/mncropresize/77/67/logo/7/8/3/6/4/1/6566958b-2854-48d4-b2e1-697ef665cd6f.jpg","Dalaman Aırport Emlak","WhatsApp","Hakan
                  Kılavuz","https://hecdnnw.hemlak.com/mncropresize/77/67/firmuser/1/7/5/0/5/1/4/20068ee2-5956-414a-b52b-bf17654a7bff.jpg",""
"https://www.hepsiemlak.com/mugla-bodrum-geris-kiralik/villa/56203-4911","1 / 24","1.350.000","21/08/2026","Yalıkavak Geriş'te 250m² Deniz Manzaralı Kapalı Garajlı Villa","Kiralık Villa","4 + 1","300 m²","5 Yaşında","·","Kat","Bahçe Katı","Muğla / Bodrum / Geriş Mah.","https://hecdn01.hemlak.com/mncropresize/182/137/ds01/6/2/6/2/8/7/6/4/42ace00d-72dd-46d4-aca5-c6d1efabca55.jpg","Yalıhan Emlak","WhatsApp","Ayhan
                  Küçük","https://hecdnnw.hemlak.com/mncropresize/77/67/firmuser/5/7/7/5/4/0/1/4d8c75eb-b0b7-4e24-a702-438e26fd489a.jpg","https://hecdnnw.hemlak.com/mncropresize/77/67/logo/3/0/2/6/5/0/88e2fe86-2580-498e-bd11-a051e000e784.jpg"
"https://www.hepsiemlak.com/mugla-fethiye-yeni-kiralik/daire/138314-927","1 / 30","45.000","27/07/2026","Remax'tan, Yeni Mahalle'de, 5+1 Eşyasız Uzun Dönem Kiralık Daire","Kiralık Daire","5 + 1","150 m²","15 Yaşında","·","Kat","2. Kat","Muğla / Fethiye / Yeni Mah.","https://www.hepsiemlak.com/_nuxt/8cafc93fb5c74c75e9e04e528e02ccdf.jpg","Remax Badem 2","WhatsApp","","","https://www.hepsiemlak.com/_nuxt/8cafc93fb5c74c75e9e04e528e02ccdf.jpg"
"https://www.hepsiemlak.com/mugla-fethiye-oludeniz-kiralik/daire/140611-246","1 / 33","40.000","19/08/2026","Ovacık Merkez'de 2+1 Müstakil Girişli | Aylık Ödemeye Uygun","Kiralık Daire","2 + 1","120 m²","11 Yaşında","·","Kat","1. Kat","Muğla / Fethiye / Ölüdeniz Mah.","https://www.hepsiemlak.com/_nuxt/8cafc93fb5c74c75e9e04e528e02ccdf.jpg","Golden Key Emlak","WhatsApp","","","https://www.hepsiemlak.com/_nuxt/8cafc93fb5c74c75e9e04e528e02ccdf.jpg"
"https://www.hepsiemlak.com/mugla-ortaca-eksiliyurt-kiralik/mustakil-ev/163837-626","1 / 44","30.000","20/07/2026","Adress Ailesi'nden 3+1 Müstakil Kiralık Daire","Kiralık Müstakil Ev","3 + 1","110 m²","8 Yaşında","·","Kat","","Muğla / Ortaca / Ekşiliyurt Mah.","https://www.hepsiemlak.com/_nuxt/8cafc93fb5c74c75e9e04e528e02ccdf.jpg","Adress Ailesi Emlak Danışmanlığı","WhatsApp","","","https://www.hepsiemlak.com/_nuxt/8cafc93fb5c74c75e9e04e528e02ccdf.jpg"
"https://www.hepsiemlak.com/mugla-dalaman-serefler-kiralik/daire/169457-11","1 / 28","40.000","21/07/2026","Dalaman'da Şerefler Mah.Bahçeli 3+1 Ful Eşyalı Kiralık Müstakil Ev","Kiralık Daire","3 + 0","130 m²","8 Yaşında","·","Kat","Kot 2","Muğla / Dalaman / Şerefler Mah.","https://www.hepsiemlak.com/_nuxt/8cafc93fb5c74c75e9e04e528e02ccdf.jpg","Dalyan Port Gayrimenkul","WhatsApp","","","https://www.hepsiemlak.com/img/loadings/noImage55-55.png"
"https://www.hepsiemlak.com/mugla-koycegiz-toparlar-kiralik/mustakil-ev/130154-687","1 / 18","75.000","24/08/2026","Toparlar'da Kiralık İster Komple Müstakil Ev İster Ayrı Daireler","Kiralık Müstakil Ev","3 + 2","180 m²","6 Yaşında","","","","Muğla / Köyceğiz / Toparlar Mah.","https://www.hepsiemlak.com/_nuxt/8cafc93fb5c74c75e9e04e528e02ccdf.jpg","Cittaslow Gayrimenkul","WhatsApp","","","https://www.hepsiemlak.com/_nuxt/8cafc93fb5c74c75e9e04e528e02ccdf.jpg"
"https://www.hepsiemlak.com/mugla-marmaris-siteler-kiralik/daire/154371-67","1 / 33","45.000","27/07/2026","Marmaris Sitelerde Denize Yakın Full Eşyalı 3+1 Daire","Kiralık Daire","3 + 1","120 m²","26 Yaşında","·","Kat","Giriş Katı","Muğla / Marmaris / Siteler Mah.","https://www.hepsiemlak.com/_nuxt/8cafc93fb5c74c75e9e04e528e02ccdf.jpg","Sky Gayrimenkul Marmaris","WhatsApp","","","https://www.hepsiemlak.com/_nuxt/8cafc93fb5c74c75e9e04e528e02ccdf.jpg"
"https://www.hepsiemlak.com/mugla-ortaca-cayli-kiralik/daire/151003-171","1 / 16","18.000","17/06/2026","Rotam Emlaktan Ortaca'da Havuzlu Geniş Kiralık Daire","Kiralık Daire","1 + 1","55 m²","Sıfır Bina","·","Kat","1. Kat","Muğla / Ortaca / Çaylı Mah.","https://www.hepsiemlak.com/_nuxt/8cafc93fb5c74c75e9e04e528e02ccdf.jpg","Rotam Emlak","WhatsApp","Hülya
                  Aşiroğlu","https://www.hepsiemlak.com/_nuxt/8cafc93fb5c74c75e9e04e528e02ccdf.jpg","https://www.hepsiemlak.com/_nuxt/8cafc93fb5c74c75e9e04e528e02ccdf.jpg"
"https://www.hepsiemlak.com/mugla-fethiye-catalarik-kiralik/daire/52425-3766","1 / 18","20.000","09/09/2026","Çatalarık Mahallesinde Kiralık Çatı Kat Daire","Kiralık Daire","1 + 1","75 m²","11 Yaşında","·","Kat","3. Kat","Muğla / Fethiye / Çatalarık Mah.","https://www.hepsiemlak.com/_nuxt/8cafc93fb5c74c75e9e04e528e02ccdf.jpg","Vartur Emlak","WhatsApp","","","https://www.hepsiemlak.com/_nuxt/8cafc93fb5c74c75e9e04e528e02ccdf.jpg"
"https://www.hepsiemlak.com/mugla-koycegiz-ulucami-kiralik/villa/162239-142","1 / 15","85.000","29/08/2026","Ersoy Emlaktan Köyceğiz Merkezde 3+1 Kiralık Villa","Kiralık Villa","3 + 1","160 m²","Sıfır Bina","·","Kat","Bahçe Katı","Muğla / Köyceğiz / Ulucami Mah.","https://www.hepsiemlak.com/_nuxt/8cafc93fb5c74c75e9e04e528e02ccdf.jpg","Ortaca Leon Gayrimenkul","WhatsApp","","","https://www.hepsiemlak.com/_nuxt/8cafc93fb5c74c75e9e04e528e02ccdf.jpg"
"https://www.hepsiemlak.com/mugla-datca-iskele-kiralik/daire/155992-161","1 / 33","28.000","06/09/2026","Datça Esinti Evlerinde Yıllık Kiralık, Eşyasız 1+1 Daire","Kiralık Daire","1 + 1","50 m²","5 Yaşında","·","Kat","2. Kat","Muğla / Datça / İskele Mah.","https://www.hepsiemlak.com/_nuxt/8cafc93fb5c74c75e9e04e528e02ccdf.jpg","Sinem Kabadayı Gayrimenkul","WhatsApp","","","https://www.hepsiemlak.com/_nuxt/8cafc93fb5c74c75e9e04e528e02ccdf.jpg"
"https://www.hepsiemlak.com/mugla-dalaman-atakent-kiralik/villa/161043-228","1 / 15","250.000","01/07/2026","Muğla Dalaman 3+1 Havuzlu Standart Villa","Kiralık Villa","3 + 1","145 m²","4 Yaşında","·","Kat","Bahçe Katı","Muğla / Dalaman / Atakent Mah.","https://www.hepsiemlak.com/_nuxt/8cafc93fb5c74c75e9e04e528e02ccdf.jpg","Century21 Prime","WhatsApp","","","https://www.hepsiemlak.com/_nuxt/8cafc93fb5c74c75e9e04e528e02ccdf.jpg"
"https://www.hepsiemlak.com/mugla-koycegiz-zeytinalani-kiralik/mustakil-ev/130464-360","1 / 25","25.000","02/09/2026","Atam Emlaktan Zeytinalanda Müstakil Eşyalı Kiralık 1+1 Ev","Kiralık Müstakil Ev","1 + 1","75 m²","6 Yaşında","·","Kat","Bahçe Katı","Muğla / Köyceğiz / Zeytinalanı Mah.","https://www.hepsiemlak.com/_nuxt/8cafc93fb5c74c75e9e04e528e02ccdf.jpg","Atam Emlak","WhatsApp","","","https://www.hepsiemlak.com/_nuxt/8cafc93fb5c74c75e9e04e528e02ccdf.jpg"
"https://www.hepsiemlak.com/mugla-ortaca-sarigerme-kiralik/villa/164489-23","1 / 35","43.000","31/08/2026","Sarıgermede Panoramik Deniz Manzaralı 3 Cepheli Kiralık Villa","Kiralık Villa","3 + 1","150 m²","16 Yaşında","·","Kat","","Muğla / Ortaca / Sarıgerme Mah.","https://www.hepsiemlak.com/_nuxt/8cafc93fb5c74c75e9e04e528e02ccdf.jpg","Coldwell Banker Nish Ortaca","WhatsApp","Kaan
                  Coşkun","https://www.hepsiemlak.com/_nuxt/8cafc93fb5c74c75e9e04e528e02ccdf.jpg","https://www.hepsiemlak.com/_nuxt/8cafc93fb5c74c75e9e04e528e02ccdf.jpg"
"https://www.hepsiemlak.com/mugla-bodrum-akyarlar-kiralik/daire/0-46921029","1 / 13","40.000","29/08/2026","Bodrum Akyarlar Karaincirde Eşyalı Kiralık Bahçe Katı","Kiralık Daire","2 + 1","70 m²","11 Yaşında","·","Kat","Bahçe Katı","Muğla / Bodrum / Akyarlar Mah.","https://www.hepsiemlak.com/_nuxt/8cafc93fb5c74c75e9e04e528e02ccdf.jpg","","WhatsApp","","",""
"https://www.hepsiemlak.com/mugla-bodrum-bitez-kiralik/mustakil-ev/135522-324","1 / 19","45.000","19/08/2026","Bitez Merkezi Lokasyanda 1+1 Bahçe Katı Kiralık Daire","Kiralık Müstakil Ev","1 + 1","55 m²","16 Yaşında","·","Kat","Bahçe Katı","Muğla / Bodrum / Bitez Mah.","https://www.hepsiemlak.com/_nuxt/8cafc93fb5c74c75e9e04e528e02ccdf.jpg","Yükselen Gayrimenkul","WhatsApp","","","https://www.hepsiemlak.com/_nuxt/8cafc93fb5c74c75e9e04e528e02ccdf.jpg"
"https://www.hepsiemlak.com/mugla-bodrum-islamhaneleri-kiralik/daire/163846-63","1 / 7","23.000","12/08/2026","İslamhaneleri Aydan Aya Ödemeli Kiralık Daire","Kiralık Daire","1 + 1","60 m²","11 Yaşında","·","Kat","Zemin","Muğla / Bodrum / İslamhaneleri Mah.","https://www.hepsiemlak.com/_nuxt/8cafc93fb5c74c75e9e04e528e02ccdf.jpg","Aes Gayrimenkul","WhatsApp","","","https://www.hepsiemlak.com/_nuxt/8cafc93fb5c74c75e9e04e528e02ccdf.jpg"
"https://www.hepsiemlak.com/mugla-milas-becin-kiralik/daire/84548-462","1 / 15","25.500","09/08/2026","Beçin Karayolları Bölgesi Eşyalı 1+1","Kiralık Daire","1 + 1","45 m²","5 Yaşında","·","Kat","1. Kat","Muğla / Milas / Beçin Mah.","https://www.hepsiemlak.com/_nuxt/8cafc93fb5c74c75e9e04e528e02ccdf.jpg","Emlak Dünyası","WhatsApp","","","https://www.hepsiemlak.com/_nuxt/8cafc93fb5c74c75e9e04e528e02ccdf.jpg"
"https://www.hepsiemlak.com/mugla-ortaca-cumhuriyet-kiralik/daire/82884-2016","1 / 11","30.000","20/08/2026","Cumhuriyet Mah.Kiralık 2+1 Daire","Kiralık Daire","2 + 1","120 m²","5 Yaşında","·","Kat","Bodrum","Muğla / Ortaca / Cumhuriyet Mah.","https://www.hepsiemlak.com/_nuxt/8cafc93fb5c74c75e9e04e528e02ccdf.jpg","Elit Emlak","WhatsApp","","","https://www.hepsiemlak.com/_nuxt/8cafc93fb5c74c75e9e04e528e02ccdf.jpg"
"https://www.hepsiemlak.com/mugla-dalaman-karacali-kiralik/daire/10402-11551","1 / 21","22.500","23/06/2026","Dalaman Pazaryerinde Teraslı Full Eşyalı 1+1 Kiralık Daire","Kiralık Daire","1 + 1","60 m²","6 Yaşında","·","Kat","1. Kat","Muğla / Dalaman / Karaçalı Mah.","https://www.hepsiemlak.com/_nuxt/8cafc93fb5c74c75e9e04e528e02ccdf.jpg","","WhatsApp","","",""
"https://www.hepsiemlak.com/mugla-dalaman-akcatas-kiralik/daire/117249-289","1 / 13","28.000","01/09/2026","Doğa İçerisinde Havuzlu Sitede 1+1 Kiralık Daireler","Kiralık Daire","1 + 1","65 m²","Sıfır Bina","·","Kat","En Üst Kat","Muğla / Dalaman / Akçataş Mah.","https://www.hepsiemlak.com/_nuxt/8cafc93fb5c74c75e9e04e528e02ccdf.jpg","Ata Gayrimenkul","WhatsApp","","","https://www.hepsiemlak.com/_nuxt/8cafc93fb5c74c75e9e04e528e02ccdf.jpg"
"https://www.hepsiemlak.com/mugla-bodrum-bitez-kiralik/villa/28765-15950","1 / 35","100.000","01/08/2026","Bitez Hisar Vilları Kiralık Dublex 3+1 Yazlık","Kiralık Villa","3 + 1","175 m²","26 Yaşında","·","Kat","Bahçe Katı","Muğla / Bodrum / Bitez Mah.","","Coldwell Banker Artemis","WhatsApp","","https://hecdnnw.hemlak.com/mncropresize/77/67/logo/5/6/7/8/2/0/58296d53-d3b6-485e-b2a1-6c0fc7f041b5.jpg",""
"https://www.hepsiemlak.com/mugla-bodrum-karabag-kiralik/daire/140202-3008","1 / 22","130.000","28/06/2026","Turgutreis De Havuzlu Sitede Eşyalı Kiralık 3+1 Daire","Kiralık Daire","3 + 1","120 m²","7 Yaşında","·","Kat","Bahçe Katı","Muğla / Bodrum / Karabağ Mah.","https://hecdnnw.hemlak.com/mncropresize/77/67/logo/2/0/2/0/4/1/b8b04b34-a3e6-4982-90d2-2304eafd1493.jpg","Century21 Begonvill Gayrimenkul","WhatsApp","","",""
"https://www.hepsiemlak.com/mugla-dalaman-ege-kiralik/daire/146387-808","1 / 20","26.000","23/08/2026","Airport Emlaktan Ege Mahallesinde Lüks Asansörlü Çift Banyo 2+1","Kiralık Daire","2 + 1","100 m²","1 Yaşında","·","Kat","1. Kat","Muğla / Dalaman / Ege Mah.","https://hecdnnw.hemlak.com/mncropresize/77/67/logo/7/8/3/6/4/1/6566958b-2854-48d4-b2e1-697ef665cd6f.jpg","Dalaman Aırport Emlak","WhatsApp","Hakan
                  Kılavuz","https://hecdnnw.hemlak.com/mncropresize/77/67/firmuser/1/7/5/0/5/1/4/20068ee2-5956-414a-b52b-bf17654a7bff.jpg",""
"https://www.hepsiemlak.com/mugla-bodrum-turkbuku-kiralik/villa/17216-4072","1 / 31","130.000","20/08/2026","Bodrum Türkbükü'nde Kiralık Villa","Kiralık Villa","4 + 1","200 m²","11 Yaşında","·","Kat","Bahçe Katı","Muğla / Bodrum / Türkbükü Mah.","https://hecdn01.hemlak.com/mncropresize/182/137/ds01/6/8/9/6/5/7/6/4/f4e1cb85-01d2-4471-8454-f5f9b98d7bf2.jpg","Amerıcana Realty Zemlak","WhatsApp","Uzay
                  Merttürk","https://hecdnnw.hemlak.com/mncropresize/77/67/firmuser/6/1/2/7/1/0/972044a9-9468-480c-99ca-9a8c0a3cb85e.jpg","https://hecdnnw.hemlak.com/mncropresize/77/67/logo/6/1/2/7/1/0/dd04d074-b5fd-450f-a57c-3d1b7ec4221d.jpg"
"https://www.hepsiemlak.com/mugla-ortaca-cumhuriyet-kiralik/daire/164433-169","1 / 8","17.000","13/07/2026","Ortaca Merkezde Servis Güzergahı Kiralık 1+1 Daire","Kiralık Daire","1 + 1","50 m²","3 Yaşında","·","Kat","3. Kat","Muğla / Ortaca / Cumhuriyet Mah.","https://www.hepsiemlak.com/_nuxt/8cafc93fb5c74c75e9e04e528e02ccdf.jpg","Emlak Dünyası Ortaca","WhatsApp","Fatma
                  Muslu","https://www.hepsiemlak.com/_nuxt/img/no-image-user.6f6a83e.svg","https://www.hepsiemlak.com/_nuxt/8cafc93fb5c74c75e9e04e528e02ccdf.jpg"
"https://www.hepsiemlak.com/mugla-milas-gumusluk-kiralik/daire/166724-189","1 / 27","25.500","13/08/2026","Garipoğulları'ndan Gümüşlük'te 2+1 Kiralık Sıfır Daire","Kiralık Daire","2 + 1","85 m²","Sıfır Bina","·","Kat","2. Kat","Muğla / Milas / Gümüşlük Mah.","https://www.hepsiemlak.com/_nuxt/8cafc93fb5c74c75e9e04e528e02ccdf.jpg","Garipoğulları Gayrimenkul","WhatsApp","","","https://www.hepsiemlak.com/_nuxt/8cafc93fb5c74c75e9e04e528e02ccdf.jpg"
"https://www.hepsiemlak.com/mugla-fethiye-cumhuriyet-kiralik/daire/163109-166","1 / 40","50.000","17/08/2026","Fethiye Merkez Kiralık Cumhuriyet De Geniş Ve Bakımlı 3+1 Daire","Kiralık Daire","3 + 1","135 m²","26 Yaşında","·","Kat","2. Kat","Muğla / Fethiye / Cumhuriyet Mah.","https://www.hepsiemlak.com/_nuxt/8cafc93fb5c74c75e9e04e528e02ccdf.jpg","Prıvekey Gayrimenkul","WhatsApp","","","https://www.hepsiemlak.com/_nuxt/8cafc93fb5c74c75e9e04e528e02ccdf.jpg"
"https://www.hepsiemlak.com/mugla-ortaca-fevziye-kiralik/daire/169457-7","1 / 17","23.000","21/07/2026","Ortaca /fevziye'de Eşyalı 3+1 Kiralık Müstakil Ev","Kiralık Daire","3 + 1","125 m²","15 Yaşında","·","Kat","Bahçe Katı","Muğla / Ortaca / Fevziye Mah.","https://www.hepsiemlak.com/_nuxt/8cafc93fb5c74c75e9e04e528e02ccdf.jpg","Dalyan Port Gayrimenkul","WhatsApp","","","https://www.hepsiemlak.com/img/loadings/noImage55-55.png"
"https://www.hepsiemlak.com/mugla-fethiye-kayakoy-kiralik/villa/140611-203","1 / 16","60.000","10/08/2026","Kayaköyde Doğa İçinde Kiralık Taş Villa","Kiralık Villa","2 + 1","110 m²","6 Yaşında","·","Kat","Bahçe Katı","Muğla / Fethiye / Kayaköy Mah.","https://www.hepsiemlak.com/_nuxt/8cafc93fb5c74c75e9e04e528e02ccdf.jpg","Golden Key Emlak","WhatsApp","","","https://www.hepsiemlak.com/_nuxt/8cafc93fb5c74c75e9e04e528e02ccdf.jpg"
"https://www.hepsiemlak.com/mugla-ortaca-terzialiler-kiralik/daire/163837-364","1 / 20","17.000","11/08/2026","Adress Ailesi'nden Ortaca Merkezde 2+1 Kiralık Daire","Kiralık Daire","2 + 1","100 m²","22 Yaşında","·","Kat","Ara Kat","Muğla / Ortaca / Terzialiler Mah.","https://www.hepsiemlak.com/_nuxt/8cafc93fb5c74c75e9e04e528e02ccdf.jpg","Adress Ailesi Emlak Danışmanlığı","WhatsApp","","","https://www.hepsiemlak.com/_nuxt/8cafc93fb5c74c75e9e04e528e02ccdf.jpg"
"https://www.hepsiemlak.com/mugla-ula-alparslan-kiralik/daire/97478-910","1 / 8","20.000","29/07/2026","Ula Üniversite Ve Geri Gönderme Yakını 2+1 Kiralık Daire","Kiralık Daire","2 + 1","70 m²","6 Yaşında","·","Kat","3. Kat","Muğla / Ula / Alparslan Mah.","https://www.hepsiemlak.com/_nuxt/8cafc93fb5c74c75e9e04e528e02ccdf.jpg","Çiftçi Emlak","WhatsApp","Nazif
                  Çiftçi","https://www.hepsiemlak.com/_nuxt/8cafc93fb5c74c75e9e04e528e02ccdf.jpg",""
"https://www.hepsiemlak.com/mugla-bodrum-peksimet-kiralik/villa/56203-4908","1 / 23","650.000","13/07/2026","Adıkalesi'nde Özel Havuzlu Deniz Sıfır Sitede Kiralık Villa","Kiralık Villa","3 + 1","140 m²","2 Yaşında","·","Kat","Bahçe Katı","Muğla / Bodrum / Peksimet Mah.","https://www.hepsiemlak.com/_nuxt/8cafc93fb5c74c75e9e04e528e02ccdf.jpg","Yalıhan Emlak","WhatsApp","Ayhan
                  Küçük","https://www.hepsiemlak.com/_nuxt/8cafc93fb5c74c75e9e04e528e02ccdf.jpg","https://www.hepsiemlak.com/_nuxt/8cafc93fb5c74c75e9e04e528e02ccdf.jpg"
"https://www.hepsiemlak.com/mugla-ula-akyaka-kiralik/villa/76834-2972","1 / 23","120.000","30/08/2026","Akyaka'da Deniz Manzaralı Havuzlu Kiralık 3+2 Tripleks Villa","Kiralık Villa","3 + 2","130 m²","6 Yaşında","·","Kat","","Muğla / Ula / Akyaka Mah.","https://www.hepsiemlak.com/_nuxt/8cafc93fb5c74c75e9e04e528e02ccdf.jpg","Muğla Kampüs Emlak","WhatsApp","İlker Barış
                  Kalaç","https://www.hepsiemlak.com/_nuxt/8cafc93fb5c74c75e9e04e528e02ccdf.jpg","https://www.hepsiemlak.com/_nuxt/8cafc93fb5c74c75e9e04e528e02ccdf.jpg"
"https://www.hepsiemlak.com/mugla-ortaca-karaburun-kiralik/daire/162239-138","1 / 20","20.000","29/08/2026","Ortaca Karaburun'da Full Eşyalı 1+1 Daire","Kiralık Daire","1 + 1","60 m²","2 Yaşında","·","Kat","3. Kat","Muğla / Ortaca / Karaburun Mah.","https://www.hepsiemlak.com/_nuxt/8cafc93fb5c74c75e9e04e528e02ccdf.jpg","Ortaca Leon Gayrimenkul","WhatsApp","","","https://www.hepsiemlak.com/_nuxt/8cafc93fb5c74c75e9e04e528e02ccdf.jpg"
"https://www.hepsiemlak.com/mugla-fethiye-babatasi-kiralik/daire/141778-18","1 / 30","50.000","07/08/2026","Kiralık Eşyalı 2+1babatası Mah Fethiye Ortaokulu Yanı","Kiralık Daire","2 + 1","120 m²","6 Yaşında","·","Kat","2. Kat","Muğla / Fethiye / Babataşı Mah.","https://www.hepsiemlak.com/_nuxt/8cafc93fb5c74c75e9e04e528e02ccdf.jpg","","WhatsApp","","",""
"https://www.hepsiemlak.com/mugla-fethiye-kayakoy-kiralik/villa/165226-31","1 / 19","65.000","12/08/2026","Kayaköy De 2+1 Havuzlu Müstakil Villa - Eşyalı - 2 Banyolu","Kiralık Villa","2 + 1","85 m²","5 Yaşında","·","Kat","Bahçe Katı","Muğla / Fethiye / Kayaköy Mah.","https://www.hepsiemlak.com/_nuxt/8cafc93fb5c74c75e9e04e528e02ccdf.jpg","Sunport Real Estate","WhatsApp","","","https://www.hepsiemlak.com/_nuxt/8cafc93fb5c74c75e9e04e528e02ccdf.jpg"
"https://www.hepsiemlak.com/mugla-fethiye-kesikkapi-kiralik/daire/156302-388","1 / 12","20.000","07/09/2026","Fethiye Kesikkapı Mevkii 1+1 Eşyasız Bahçeli Kiralık Daire","Kiralık Daire","1 + 1","65 m²","6 Yaşında","·","Kat","Bahçe Katı","Muğla / Fethiye / Kesikkapı Mah.","https://www.hepsiemlak.com/_nuxt/8cafc93fb5c74c75e9e04e528e02ccdf.jpg","","WhatsApp","","",""
"https://www.hepsiemlak.com/mugla-bodrum-bahcelievler-kiralik/daire/147434-7","1 / 24","55.000","23/07/2026","Turgutreis Çarşı İçerisinde,Günbatımı Plaj Cepheli 2+1 Daire.","Kiralık Daire","2 + 1","90 m²","21 Yaşında","·","Kat","2. Kat","Muğla / Bodrum / Bahçelievler Mah.","https://www.hepsiemlak.com/_nuxt/8cafc93fb5c74c75e9e04e528e02ccdf.jpg","","WhatsApp","","",""
"https://www.hepsiemlak.com/mugla-ortaca-arikbasi-kiralik/daire/126009-502","1 / 27","25.000","23/07/2026","Murat Çimen Den Vali Bahcesinde Havuzlu 2+1 Kiralık Daire","Kiralık Daire","2 + 1","80 m²","Sıfır Bina","·","Kat","Yüksek Giriş","Muğla / Ortaca / Arıkbaşı Mah.","https://www.hepsiemlak.com/_nuxt/8cafc93fb5c74c75e9e04e528e02ccdf.jpg","Murat Çimen Gayrimenkul","WhatsApp","Murat
                  Çimen","https://www.hepsiemlak.com/_nuxt/8cafc93fb5c74c75e9e04e528e02ccdf.jpg","https://www.hepsiemlak.com/_nuxt/8cafc93fb5c74c75e9e04e528e02ccdf.jpg"
"https://www.hepsiemlak.com/mugla-milas-oren-kiralik/yazlik/0-46845663","1 / 11","24.000","06/09/2026","Milas Örende 3+1 Dublex Yazlık","Kiralık Yazlık","3 + 1","95 m²","15 Yaşında","·","Kat","Bahçe Katı","Muğla / Milas / Ören Mah.","https://www.hepsiemlak.com/_nuxt/8cafc93fb5c74c75e9e04e528e02ccdf.jpg","","WhatsApp","","",""
"https://www.hepsiemlak.com/mugla-bodrum-dirmil-kiralik/daire/34401-12155","1 / 16","550.000","18/07/2026","Nef Reserve Yalıkavak Denize Sıfır 3+1 Kiralık Daire","Kiralık Daire","3 + 1","185 m²","4 Yaşında","·","Kat","1. Kat","Muğla / Bodrum / Dirmil Mah.","https://www.hepsiemlak.com/_nuxt/8cafc93fb5c74c75e9e04e528e02ccdf.jpg","Net İstanbul Luxury","WhatsApp","","","https://www.hepsiemlak.com/_nuxt/8cafc93fb5c74c75e9e04e528e02ccdf.jpg"
"https://www.hepsiemlak.com/mugla-bodrum-eskicesme-kiralik/daire/54899-4031","1 / 19","50.000","25/06/2026","Marina Da Bahçeli Ve Avlulu Şirin Bodrum Evi","Kiralık Daire","Stüdyo","70 m²","15 Yaşında","·","Kat","Bahçe Katı","Muğla / Bodrum / Eskiçeşme Mah.","https://www.hepsiemlak.com/_nuxt/8cafc93fb5c74c75e9e04e528e02ccdf.jpg","Gümüş Gayrimenkul Yatırım Danışmanlığı","WhatsApp","","","https://www.hepsiemlak.com/_nuxt/8cafc93fb5c74c75e9e04e528e02ccdf.jpg"
"https://www.hepsiemlak.com/mugla-milas-bogazici-kiralik/villa/134350-156","1 / 6","36.000","24/08/2026","Bodrum Milas Boğaziçi Gümüşkum 2+1 Kiralık Villa","Kiralık Villa","2 + 1","100 m²","21 Yaşında","·","Kat","","Muğla / Milas / Boğaziçi Mah.","https://www.hepsiemlak.com/_nuxt/8cafc93fb5c74c75e9e04e528e02ccdf.jpg","Rebodrum Gayrimenkul","WhatsApp","","","https://www.hepsiemlak.com/_nuxt/8cafc93fb5c74c75e9e04e528e02ccdf.jpg"
"https://www.hepsiemlak.com/mugla-mentese-yenikoy-kiralik/daire/128524-415","1 / 9","25.000","27/08/2026","Yeniköy'de Eşyalı Kiralık 1+1 Daire","Kiralık Daire","1 + 1","55 m²","6 Yaşında","·","Kat","1. Kat","Muğla / Menteşe / Yeniköy Mah.","https://www.hepsiemlak.com/_nuxt/8cafc93fb5c74c75e9e04e528e02ccdf.jpg","","WhatsApp","","",""
"https://www.hepsiemlak.com/mugla-bodrum-bahcelievler-kiralik/mustakil-ev/140202-246","1 / 18","60.000","08/09/2026","Bodrum Turgutreis Ortak Havuzlu Müstakil Kiralik Villa","Kiralık Müstakil Ev","3 + 1","220 m²","8 Yaşında","·","Kat","","Muğla / Bodrum / Bahçelievler Mah.","","Century21 Begonvill Gayrimenkul","WhatsApp","","https://hecdnnw.hemlak.com/mncropresize/77/67/logo/2/0/2/0/4/1/b8b04b34-a3e6-4982-90d2-2304eafd1493.jpg",""
"https://www.hepsiemlak.com/mugla-marmaris-sinan-kiralik/daire/26388-6167","1 / 22","48.500","30/07/2026","Tt Emlak Marmaris Armutalan Müstakil Kiralık 3+1 Tripleks Villa","Kiralık Daire","3 + 1","160 m²","25 Yaşında","·","Kat","Bahçe Katı","Muğla / Marmaris / Sinan Mah.","https://hecdnnw.hemlak.com/mncropresize/77/67/logo/8/8/3/6/2/0/467e8e89-bfc6-4c1c-acc4-e061f3a15164.jpg","Tt Emlak","WhatsApp","","",""
"https://www.hepsiemlak.com/mugla-ortaca-cayli-kiralik/daire/165399-121","1 / 18","26.000","30/07/2026","Çaylı Mahallesi Kiralık 3+1 Zemin Kat","Kiralık Daire","3 + 1","130 m²","3 Yaşında","·","Kat","1. Kat","Muğla / Ortaca / Çaylı Mah.","https://hecdnnw.hemlak.com/mncropresize/77/67/logo/9/9/3/5/6/1/fd40cbfa-b75d-4d6f-83d6-acd60cc65c80.jpg","Safir Emlak Ortaca","WhatsApp","Aydın
                  Akdeniz","https://hecdnnw.hemlak.com/mncropresize/77/67/firmuser/7/8/6/4/1/6/4/1c8ecf21-46a3-41f8-baaa-725af8546a18.jpg",""
"https://www.hepsiemlak.com/mugla-dalaman-altintas-kiralik/daire/170150-3","1 / 29","33.000","02/09/2026","Vistadan Tam.Mustakıl Bahce Nızam Kıralık 3+1","Kiralık Daire","3 + 1","200 m²","26 Yaşında","·","Kat","Giriş Katı","Muğla / Dalaman / Altıntas Mah.","https://hecdn01.hemlak.com/mncropresize/182/137/ds01/5/0/2/0/5/8/6/4/1d52d1c5-e3ca-4f06-aa69-e2e988b57ae5.jpg","Dalaman Vista Gayrimenkul Ve Emlak Danışmanlığı Ti","WhatsApp","Dalaman Vista Gayrimenkul Ve Emlak Danış
                  Şirketi","https://www.hepsiemlak.com/_nuxt/img/no-image-user.6f6a83e.svg",""
"https://www.hepsiemlak.com/mugla-milas-gumusluk-kiralik/daire/165164-65","1 / 22","49.000","30/06/2026","Novari'den Kiralık 4+1 Villa","Kiralık Daire","4 + 1","165 m²","1 Yaşında","·","Kat","Giriş Katı","Muğla / Milas / Gümüşlük Mah.","https://www.hepsiemlak.com/_nuxt/8cafc93fb5c74c75e9e04e528e02ccdf.jpg","Novari Gayrimenkul","WhatsApp","Veli
                  Zorlu","https://www.hepsiemlak.com/_nuxt/8cafc93fb5c74c75e9e04e528e02ccdf.jpg","https://www.hepsiemlak.com/_nuxt/8cafc93fb5c74c75e9e04e528e02ccdf.jpg"
"https://www.hepsiemlak.com/mugla-dalaman-bezkese-kiralik/daire/141183-443","1 / 33","15.400","19/08/2026","Dalaman Beskese Mahallesin'de Kiralık 2+1 Daire","Kiralık Daire","2 + 1","90 m²","6 Yaşında","·","Kat","2. Kat","Muğla / Dalaman / Bezkese Mah.","https://www.hepsiemlak.com/_nuxt/8cafc93fb5c74c75e9e04e528e02ccdf.jpg","Hfz Gayrimenkul","WhatsApp","Hafize
                  Kuyucuoğlu","https://www.hepsiemlak.com/_nuxt/8cafc93fb5c74c75e9e04e528e02ccdf.jpg",""
"https://www.hepsiemlak.com/mugla-milas-gumusluk-kiralik/daire/64802-7330","1 / 15","28.000","21/07/2026","Milas Burgaz Mahallesi'nde Kiralık Daire","Kiralık Daire","2 + 1","85 m²","Sıfır Bina","·","Kat","3. Kat","Muğla / Milas / Gümüşlük Mah.","https://www.hepsiemlak.com/_nuxt/8cafc93fb5c74c75e9e04e528e02ccdf.jpg","Hedef Gayrimenkul","WhatsApp","","","https://www.hepsiemlak.com/_nuxt/8cafc93fb5c74c75e9e04e528e02ccdf.jpg"
"https://www.hepsiemlak.com/mugla-fethiye-kizilbel-kiralik/villa/148225-1592","1 / 29","65.000","05/08/2026","Goldhouse Dan Kiralık 3+1 Kızılbel De Müstakil Taş Villa","Kiralık Villa","3 + 1","150 m²","3 Yaşında","·","Kat","","Muğla / Fethiye / Kızılbel Mah.","https://www.hepsiemlak.com/_nuxt/8cafc93fb5c74c75e9e04e528e02ccdf.jpg","Gold House Gayrimenkul Danışmanlık","WhatsApp","","","https://www.hepsiemlak.com/_nuxt/8cafc93fb5c74c75e9e04e528e02ccdf.jpg"
"https://www.hepsiemlak.com/mugla-dalaman-altintas-kiralik/daire/114249-205","1 / 9","18.000","25/07/2026","Grow Emlak Kiralık 1+1 Daire","Kiralık Daire","1 + 1","60 m²","4 Yaşında","·","Kat","Yüksek Giriş","Muğla / Dalaman / Altıntas Mah.","https://www.hepsiemlak.com/_nuxt/8cafc93fb5c74c75e9e04e528e02ccdf.jpg","Grow Emlak","WhatsApp","","","https://www.hepsiemlak.com/_nuxt/8cafc93fb5c74c75e9e04e528e02ccdf.jpg"
"https://www.hepsiemlak.com/mugla-dalaman-altintas-kiralik/daire/146387-893","1 / 9","23.000","31/08/2026","Airport Emlaktan *üniversiteye Yakın* 1+1 Eşyalı Kiralık Daire","Kiralık Daire","1 + 1","55 m²","5 Yaşında","·","Kat","3. Kat","Muğla / Dalaman / Altıntas Mah.","https://www.hepsiemlak.com/_nuxt/8cafc93fb5c74c75e9e04e528e02ccdf.jpg","Dalaman Aırport Emlak","WhatsApp","Hakan
                  Kılavuz","https://www.hepsiemlak.com/_nuxt/8cafc93fb5c74c75e9e04e528e02ccdf.jpg","https://www.hepsiemlak.com/_nuxt/8cafc93fb5c74c75e9e04e528e02ccdf.jpg"
"https://www.hepsiemlak.com/mugla-ortaca-ataturk-kiralik/daire/164433-164","1 / 12","25.500","08/09/2026","Ortaca Merkezde Servis Güzergahı Çokgeniş Kiralık 2+1 Daire","Kiralık Daire","2 + 1","140 m²","11 Yaşında","·","Kat","3. Kat","Muğla / Ortaca / Atatürk Mah.","https://www.hepsiemlak.com/_nuxt/8cafc93fb5c74c75e9e04e528e02ccdf.jpg","Emlak Dünyası Ortaca","WhatsApp","Fatma
                  Muslu","https://www.hepsiemlak.com/_nuxt/img/no-image-user.6f6a83e.svg","https://www.hepsiemlak.com/_nuxt/8cafc93fb5c74c75e9e04e528e02ccdf.jpg"
"https://www.hepsiemlak.com/mugla-bodrum-bitez-kiralik/daire/138060-520","1 / 14","50.000","08/09/2026","Bodrum Bitez Denize Yakın Yıllık Kiralık Bahçe Katı Daire","Kiralık Daire","1 + 1","50 m²","16 Yaşında","·","Kat","Giriş Katı","Muğla / Bodrum / Bitez Mah.","https://www.hepsiemlak.com/_nuxt/8cafc93fb5c74c75e9e04e528e02ccdf.jpg","Bodrum’da Fırsat Gayrimenkul Danışmanlığı","WhatsApp","","","https://www.hepsiemlak.com/_nuxt/8cafc93fb5c74c75e9e04e528e02ccdf.jpg"
"https://www.hepsiemlak.com/mugla-ortaca-dalyan-kiralik/daire/169457-4","1 / 8","60.000","21/07/2026","Dalyan'da Havuzlu 2+1 Kısa Ve Uzun Dönem Kiralık Eşyalı Daire","Kiralık Daire","2 + 1","110 m²","5 Yaşında","·","Kat","Giriş Katı","Muğla / Ortaca / Dalyan Mah.","https://www.hepsiemlak.com/_nuxt/8cafc93fb5c74c75e9e04e528e02ccdf.jpg","Dalyan Port Gayrimenkul","WhatsApp","","","https://www.hepsiemlak.com/img/loadings/noImage55-55.png"
"https://www.hepsiemlak.com/mugla-bodrum-eskicesme-kiralik/daire/111662-902","1 / 10","35.000","18/06/2026","Bodrum Eskiçeşme Marinaya 100mt 1+1 Üst Kat Kiralık Daire","Kiralık Daire","1 + 1","45 m²","16 Yaşında","·","Kat","1. Kat","Muğla / Bodrum / Eskiçeşme Mah.","https://www.hepsiemlak.com/_nuxt/8cafc93fb5c74c75e9e04e528e02ccdf.jpg","","WhatsApp","","",""
"https://www.hepsiemlak.com/mugla-mentese-kotekli-kiralik/mustakil-ev/7027-1472","1 / 32","57.000","12/08/2026","Doğayla İç İçe Kiralık 3+1 Müstakil Ev","Kiralık Müstakil Ev","3 + 1","130 m²","35 Yaşında","·","Kat","","Muğla / Menteşe / Kötekli Mah.","https://www.hepsiemlak.com/_nuxt/8cafc93fb5c74c75e9e04e528e02ccdf.jpg","Tunç Emlak","WhatsApp","","","https://www.hepsiemlak.com/_nuxt/8cafc93fb5c74c75e9e04e528e02ccdf.jpg"
"https://www.hepsiemlak.com/mugla-bodrum-kumbahce-kiralik/daire/28765-15955","1 / 30","35.000","04/09/2026","Kumbahçe Kiralık 2+1 Zemin Katı","Kiralık Daire","2 + 1","65 m²","26 Yaşında","·","Kat","Zemin","Muğla / Bodrum / Kumbahçe Mah.","https://www.hepsiemlak.com/_nuxt/8cafc93fb5c74c75e9e04e528e02ccdf.jpg","Coldwell Banker Artemis","WhatsApp","","","https://www.hepsiemlak.com/_nuxt/8cafc93fb5c74c75e9e04e528e02ccdf.jpg"
"https://www.hepsiemlak.com/mugla-bodrum-geris-kiralik/villa/135522-485","1 / 19","150.000","06/07/2026","Yalıkavak Gerişte Doğa İçerisinde Müstakil Taş Villa","Kiralık Villa","4 + 1","280 m²","1 Yaşında","·","Kat","","Muğla / Bodrum / Geriş Mah.","https://www.hepsiemlak.com/_nuxt/8cafc93fb5c74c75e9e04e528e02ccdf.jpg","Yükselen Gayrimenkul","WhatsApp","","","https://www.hepsiemlak.com/_nuxt/8cafc93fb5c74c75e9e04e528e02ccdf.jpg"
"https://www.hepsiemlak.com/mugla-fethiye-foca-kiralik/daire/97683-1374","1 / 35","35.000","16/07/2026","Fethiye Foça Mah.De İlkon'dan Kiralık 1+1 Eşyalı Daire","Kiralık Daire","1 + 1","80 m²","11 Yaşında","·","Kat","Yüksek Giriş","Muğla / Fethiye / Foça Mah.","https://www.hepsiemlak.com/_nuxt/8cafc93fb5c74c75e9e04e528e02ccdf.jpg","İlkon Gayrimenkul","WhatsApp","","","https://www.hepsiemlak.com/_nuxt/8cafc93fb5c74c75e9e04e528e02ccdf.jpg"
"https://www.hepsiemlak.com/mugla-milas-gumusluk-kiralik/daire/120565-704","1 / 20","20.000","16/06/2026","Muğla Milas Gümüşlükte 1+1 Ve 3+1 Kiralik Eşyalı Daireler","Kiralık Daire","1 + 1","60 m²","30 Yaşında","·","Kat","Bahçe Katı","Muğla / Milas / Gümüşlük Mah.","https://www.hepsiemlak.com/_nuxt/8cafc93fb5c74c75e9e04e528e02ccdf.jpg","Mülk’edin Gayrimenkul","WhatsApp","","","https://www.hepsiemlak.com/_nuxt/8cafc93fb5c74c75e9e04e528e02ccdf.jpg"
"https://www.hepsiemlak.com/mugla-fethiye-menteseoglu-kiralik/daire/156302-354","1 / 16","25.000","25/06/2026","Menteşeoğlu Mahallesi'nde Eşyalı 2+1 Çatı Katı Daire","Kiralık Daire","2 + 1","110 m²","26 Yaşında","·","Kat","Çatı Katı","Muğla / Fethiye / Menteşeoğlu Mah.","https://www.hepsiemlak.com/_nuxt/8cafc93fb5c74c75e9e04e528e02ccdf.jpg","","WhatsApp","","",""
"https://www.hepsiemlak.com/mugla-bodrum-akyarlar-kiralik/daire/0-47004787","1 / 2","75.000","26/07/2026","Bodrum Akyarlar Akçabük Daire","Kiralık Daire","1 + 1","55 m²","25 Yaşında","·","Kat","Zemin","Muğla / Bodrum / Akyarlar Mah.","https://www.hepsiemlak.com/_nuxt/8cafc93fb5c74c75e9e04e528e02ccdf.jpg","","WhatsApp","","",""
"https://www.hepsiemlak.com/mugla-milas-bogazici-kiralik/villa/54899-4038","1 / 35","350.000","29/08/2026","Shelton Magia 3+1 Eşyalı Kiralık Villa Bodrum Adabükü","Kiralık Villa","3 + 1","140 m²","Sıfır Bina","·","Kat","","Muğla / Milas / Boğaziçi Mah.","https://www.hepsiemlak.com/_nuxt/8cafc93fb5c74c75e9e04e528e02ccdf.jpg","Gümüş Gayrimenkul Yatırım Danışmanlığı","WhatsApp","","","https://www.hepsiemlak.com/_nuxt/8cafc93fb5c74c75e9e04e528e02ccdf.jpg"
"https://www.hepsiemlak.com/mugla-dalaman-atakent-kiralik/daire/165399-109","1 / 29","25.000","26/08/2026","Dalaman Atakent Mahallesin De Eşyalı Kiralık 3+1 Daire","Kiralık Daire","3 + 1","150 m²","21 Yaşında","·","Kat","2. Kat","Muğla / Dalaman / Atakent Mah.","https://www.hepsiemlak.com/_nuxt/8cafc93fb5c74c75e9e04e528e02ccdf.jpg","Safir Emlak Ortaca","WhatsApp","","","https://www.hepsiemlak.com/_nuxt/8cafc93fb5c74c75e9e04e528e02ccdf.jpg"
"https://www.hepsiemlak.com/mugla-bodrum-koyunbaba-kiralik/daire/69532-34","1 / 19","100.000","04/07/2026","Gümüşlükte Kiralık Daire","Kiralık Daire","2 + 1","120 m²","5 Yaşında","·","Kat","Bahçe Katı","Muğla / Bodrum / Koyunbaba Mah.","https://www.hepsiemlak.com/_nuxt/8cafc93fb5c74c75e9e04e528e02ccdf.jpg","","WhatsApp","","",""
"https://www.hepsiemlak.com/mugla-bodrum-eskicesme-kiralik/daire/22289-2152","1 / 8","35.000","02/07/2026","Bodrum Merkez Marinaya Yürüme Mesafesinde Stüdyo Ofis Ev","Kiralık Daire","Stüdyo","45 m²","3 Yaşında","·","Kat","Giriş Katı","Muğla / Bodrum / Eskiçeşme Mah.","","","WhatsApp","","",""
"https://www.hepsiemlak.com/mugla-marmaris-bayir-kiralik/daire/20802-926","1 / 15","30.000","20/06/2026","Marmaris Bayır Köyünde Kiralık Daire","Kiralık Daire","2 + 1","85 m²","Sıfır Bina","·","Kat","Bahçe Katı","Muğla / Marmaris / Bayır Mah.","https://hecdnnw.hemlak.com/mncropresize/77/67/logo/2/0/8/0/2/0/14415949-65e5-40a7-9205-5fae4be7e4c3.jpg","Cennet Emlak","WhatsApp","Ersin Birol
                  Ergün","https://hecdnnw.hemlak.com/mncropresize/77/67/firmuser/2/0/8/0/2/0/a3cc0ceb-5851-4748-9f39-6eebbc118919.jpg",""
"https://www.hepsiemlak.com/mugla-bodrum-dirmil-kiralik/mustakil-ev/128053-1347","1 / 20","80.000","07/07/2026","Yalıkavak Tilkicikte Özel Plajlı Deniz Manzaralı Eşyalı Villa","Kiralık Müstakil Ev","4 + 1","150 m²","11 Yaşında","·","Kat","Bahçe Katı","Muğla / Bodrum / Dirmil Mah.","https://hecdnnw.hemlak.com/mncropresize/77/67/logo/3/5/0/8/2/1/309ffe04-a95e-43da-a6b7-fb762a86ac93.jpg","Global İpek Yapı A.Ş","WhatsApp","","",""
"https://www.hepsiemlak.com/mugla-fethiye-tuzla-kiralik/daire/148225-1545","1 / 24","45.000","21/07/2026","Goldhouse Dan Kiralık Fethiye Tuzla Mh Merkezi Lokasyonda 3+1","Kiralık Daire","3 + 1","120 m²","11 Yaşında","·","Kat","1. Kat","Muğla / Fethiye / Tuzla Mah.","https://hecdn01.hemlak.com/mncropresize/182/137/ds01/8/3/1/3/8/9/6/4/de45fbcd-522b-4743-a942-24c636387528.jpg","Gold House Gayrimenkul Danışmanlık","WhatsApp","","","https://hecdnnw.hemlak.com/mncropresize/77/67/logo/5/2/2/8/4/1/4f8ea576-51b4-46bd-b720-fdc14f8f889c.jpg"
"https://www.hepsiemlak.com/mugla-bodrum-islamhaneleri-kiralik/mustakil-ev/65421-1374","1 / 27","400.000","14/08/2026","Sezonluk Yahşi Camel Beach Plajına Yakın Bahçeli Site İçi Müstakil Trikleps…..","Kiralık Müstakil Ev","3 + 1","100 m²","20 Yaşında","·","Kat","","Muğla / Bodrum / İslamhaneleri Mah.","https://www.hepsiemlak.com/_nuxt/8cafc93fb5c74c75e9e04e528e02ccdf.jpg","Bodrum Kule Emlak","WhatsApp","Nihal
                  Sakarya","https://www.hepsiemlak.com/_nuxt/8cafc93fb5c74c75e9e04e528e02ccdf.jpg","https://www.hepsiemlak.com/_nuxt/8cafc93fb5c74c75e9e04e528e02ccdf.jpg"
"https://www.hepsiemlak.com/mugla-marmaris-karsiyaka-kiralik/villa/0-46870969","1 / 25","175.000","02/07/2026","Marmaris Gökbel De Muhteşem Villa","Kiralık Villa","5 + 1","325 m²","20 Yaşında","·","Kat","","Muğla / Marmaris / Karşıyaka Mah.","https://www.hepsiemlak.com/_nuxt/8cafc93fb5c74c75e9e04e528e02ccdf.jpg","","","","",""
"https://www.hepsiemlak.com/mugla-fethiye-yaniklar-kiralik/mustakil-ev/0-46854790","1 / 17","27.000","18/08/2026","Fethiye Yanıklarda Müstakil Bahçeli Kiralık Ev","Kiralık Müstakil Ev","2 + 1","120 m²","8 Yaşında","·","Kat","","Muğla / Fethiye / Yanıklar Mah.","https://www.hepsiemlak.com/_nuxt/8cafc93fb5c74c75e9e04e528e02ccdf.jpg","","WhatsApp","","",""
"https://www.hepsiemlak.com/mugla-ula-akyaka-kiralik/daire/0-46764971","1 / 33","50.000","31/08/2026","Akyaka'da Kiralık  Yıllık 2+1 Daire Full Deniz Manzaralı Eşyalı","Kiralık Daire","2 + 1","90 m²","20 Yaşında","·","Kat","En Üst Kat","Muğla / Ula / Akyaka Mah.","https://www.hepsiemlak.com/_nuxt/8cafc93fb5c74c75e9e04e528e02ccdf.jpg","","WhatsApp","","",""
"https://www.hepsiemlak.com/mugla-milas-burgaz-kiralik/daire/165772-37","1 / 23","35.000","05/07/2026","Mivera'dan 4+1 240 M² Dublex Daire","Kiralık Daire","4 + 1","250 m²","5 Yaşında","·","Kat","3. Kat","Muğla / Milas / Burgaz Mah.","https://www.hepsiemlak.com/_nuxt/8cafc93fb5c74c75e9e04e528e02ccdf.jpg","","WhatsApp","","",""
"https://www.hepsiemlak.com/mugla-mentese-seyh-kiralik/daire/110093-717","1 / 35","45.000","26/06/2026","Muğla Merkez Kiralık Ev Ve Ofis Kullanıma Uygun 3+1 Daire","Kiralık Daire","3 + 1","160 m²","16 Yaşında","·","Kat","1. Kat","Muğla / Menteşe / Şeyh Mah.","https://www.hepsiemlak.com/_nuxt/8cafc93fb5c74c75e9e04e528e02ccdf.jpg","Mengenler Gayrimenkul","WhatsApp","","","https://www.hepsiemlak.com/_nuxt/8cafc93fb5c74c75e9e04e528e02ccdf.jpg"
"https://www.hepsiemlak.com/mugla-bodrum-gumbet-kiralik/yazlik/0-46667542","1 / 25","45.000","05/07/2026","Yıllık Bodrum Gümbet, Sahibinden Kiralık Müstakil 4+1 Trıplex Yazlık, Denıze 100m. Esyalı","Kiralık Yazlık","4 + 1","160 m²","30 Yaşında","·","Kat","Giriş Katı","Muğla / Bodrum / Gümbet Mah.","https://www.hepsiemlak.com/_nuxt/8cafc93fb5c74c75e9e04e528e02ccdf.jpg","","WhatsApp","","",""
"https://www.hepsiemlak.com/mugla-bodrum-gumbet-kiralik/yazlik/0-46658804","1 / 26","47.000","22/08/2026","Yıllık Ve 6 Ay Yaz Sezonu Bodrum Gümbet, Kiralık Müstakil 4+1 Trıplex Yazlık, Denıze 100 M, Esyalı","Kiralık Yazlık","4 + 1","160 m²","30 Yaşında","·","Kat","Villa Katı","Muğla / Bodrum / Gümbet Mah.","https://www.hepsiemlak.com/_nuxt/8cafc93fb5c74c75e9e04e528e02ccdf.jpg","","WhatsApp","","",""
"https://www.hepsiemlak.com/mugla-dalaman-ege-kiralik/daire/0-46619208","1 / 22","28.000","08/09/2026","Ege Mahallesi 3+1 Bakımlı 3 Balkonlu Havalimanına Yakın","Kiralık Daire","3 + 1","130 m²","25 Yaşında","·","Kat","En Üst Kat","Muğla / Dalaman / Ege Mah.","https://www.hepsiemlak.com/_nuxt/8cafc93fb5c74c75e9e04e528e02ccdf.jpg","","WhatsApp","","",""
"https://www.hepsiemlak.com/mugla-milas-bogazici-kiralik/villa/0-46441640","1 / 33","37.500","03/08/2026","Milas Boğaziçi Kiralık Yazlık Villa","Kiralık Villa","2 + 1","120 m²","17 Yaşında","·","Kat","","Muğla / Milas / Boğaziçi Mah.","https://www.hepsiemlak.com/_nuxt/8cafc93fb5c74c75e9e04e528e02ccdf.jpg","","WhatsApp","","",""
"https://www.hepsiemlak.com/mugla-fethiye-patlangic-kiralik/daire/0-45635499","1 / 24","25.000","23/08/2026","1+1 Eşyalı Kiralık Ev 25000tl","Kiralık Daire","1 + 1","110 m²","20 Yaşında","·","Kat","1. Kat","Muğla / Fethiye / Patlangıç Mah.","https://www.hepsiemlak.com/_nuxt/8cafc93fb5c74c75e9e04e528e02ccdf.jpg","","WhatsApp","","",""
"https://www.hepsiemlak.com/mugla-bodrum-geris-kiralik/mustakil-ev/119921-1040","1 / 60","200.000","02/09/2026","Yalıkavak Lalin Evleri'nde Sıfır 3+1 Eşyalı Dubleks Kiralık","Kiralık Müstakil Ev","3 + 1","200 m²","Sıfır Bina","","","","Muğla / Bodrum / Geriş Mah.","https://www.hepsiemlak.com/_nuxt/8cafc93fb5c74c75e9e04e528e02ccdf.jpg","","WhatsApp","","",""
"https://www.hepsiemlak.com/mugla-yatagan-yeni-kiralik/daire/0-44872456","1 / 39","25.000","04/09/2026","Sahibinden Kiralık 2+1 Geniş Daire(inönü Bulvarında)","Kiralık Daire","2 + 1","115 m²","5 Yaşında","·","Kat","3. Kat","Muğla / Yatağan / Yeni Mah.","https://www.hepsiemlak.com/_nuxt/8cafc93fb5c74c75e9e04e528e02ccdf.jpg","","WhatsApp","","",""
"https://www.hepsiemlak.com/mugla-milas-bogazici-kiralik/daire/0-36223195","1 / 27","45.000","12/08/2026","Bodrum Adabükü 'nde  Sezonluk , Yıllık Kiralık Eşyalı Havuz  Plaj Ve Manzaralı 2+1 Rezidans","Kiralık Daire","2 + 1","85 m²","15 Yaşında","·","Kat","En Üst Kat","Muğla / Milas / Boğaziçi Mah.","https://www.hepsiemlak.com/_nuxt/8cafc93fb5c74c75e9e04e528e02ccdf.jpg","","WhatsApp","","",""
"https://www.hepsiemlak.com/mugla-mentese-kotekli-kiralik/daire/76834-3070","1 / 1","35.000","20/07/2026","Muğla Kötekli Mah. İlkokul Karşısında 3+0 Eşyasız Kiralık Daire","Kiralık Daire","3 + 0","80 m²","11 Yaşında","·","Kat","1. Kat","Muğla / Menteşe / Kötekli Mah.","https://www.hepsiemlak.com/_nuxt/8cafc93fb5c74c75e9e04e528e02ccdf.jpg","Muğla Kampüs Emlak","WhatsApp","İlker Barış
                  Kalaç","https://www.hepsiemlak.com/_nuxt/8cafc93fb5c74c75e9e04e528e02ccdf.jpg","https://www.hepsiemlak.com/_nuxt/8cafc93fb5c74c75e9e04e528e02ccdf.jpg"
"https://www.hepsiemlak.com/mugla-milas-bogazici-kiralik/villa/28765-15850","1 / 30","200.000","21/08/2026","Adabükü Seba Solemar Sitesinde 5+2 Eşyalı Kiralık Villa","Kiralık Villa","5 + 2","250 m²","5 Yaşında","·","Kat","Bahçe Katı","Muğla / Milas / Boğaziçi Mah.","https://www.hepsiemlak.com/_nuxt/8cafc93fb5c74c75e9e04e528e02ccdf.jpg","Coldwell Banker Artemis","WhatsApp","","","https://www.hepsiemlak.com/_nuxt/8cafc93fb5c74c75e9e04e528e02ccdf.jpg"
"https://www.hepsiemlak.com/mugla-bodrum-dirmil-kiralik/daire/135522-483","1 / 26","150.000","21/07/2026","Yalıkavak Denize Yürüme Mesafesi Bahçe Katı Daire","Kiralık Daire","2 + 1","130 m²","10 Yaşında","·","Kat","Bahçe Katı","Muğla / Bodrum / Dirmil Mah.","https://www.hepsiemlak.com/_nuxt/8cafc93fb5c74c75e9e04e528e02ccdf.jpg","Yükselen Gayrimenkul","WhatsApp","","","https://www.hepsiemlak.com/_nuxt/8cafc93fb5c74c75e9e04e528e02ccdf.jpg"
"https://www.hepsiemlak.com/mugla-bodrum-eskicesme-kiralik/daire/111662-901","1 / 9","45.000","13/06/2026","Bodrum Eskiçeşme Marinaya 100mt 1+1 Eşyalı Üst Kat Kiralık Daire","Kiralık Daire","1 + 1","45 m²","16 Yaşında","·","Kat","1. Kat","Muğla / Bodrum / Eskiçeşme Mah.","https://www.hepsiemlak.com/_nuxt/8cafc93fb5c74c75e9e04e528e02ccdf.jpg","","WhatsApp","","",""
"https://www.hepsiemlak.com/mugla-ortaca-karaburun-kiralik/daire/82884-2028","1 / 9","16.000","02/09/2026","Ortaca Karaburun Mah.Kiralık 1+1 Havuzlu Daire","Kiralık Daire","1 + 1","70 m²","3 Yaşında","·","Kat","Yüksek Giriş","Muğla / Ortaca / Karaburun Mah.","https://www.hepsiemlak.com/_nuxt/8cafc93fb5c74c75e9e04e528e02ccdf.jpg","Elit Emlak","WhatsApp","","","https://www.hepsiemlak.com/_nuxt/8cafc93fb5c74c75e9e04e528e02ccdf.jpg"
"https://www.hepsiemlak.com/mugla-ortaca-cumhuriyet-kiralik/daire/164433-155","1 / 11","18.000","16/06/2026","Ortaca Emlak Dünyasından Kiralık 1+1 Daire","Kiralık Daire","1 + 1","55 m²","Sıfır Bina","·","Kat","3. Kat","Muğla / Ortaca / Cumhuriyet Mah.","https://www.hepsiemlak.com/_nuxt/8cafc93fb5c74c75e9e04e528e02ccdf.jpg","Emlak Dünyası Ortaca","WhatsApp","Fatma
                  Muslu","https://www.hepsiemlak.com/_nuxt/img/no-image-user.6f6a83e.svg","https://www.hepsiemlak.com/_nuxt/8cafc93fb5c74c75e9e04e528e02ccdf.jpg"
"https://www.hepsiemlak.com/mugla-dalaman-merkez-kiralik/daire/135231-2823","1 / 23","25.000","26/08/2026","Stop’tan Merkez’de *asansörlü Dubleks* 2+1 Kiralık Daire","Kiralık Daire","2 + 1","135 m²","6 Yaşında","·","Kat","4. Kat","Muğla / Dalaman / Merkez Mah.","","Stop Gayrimenkul","WhatsApp","","https://hecdnnw.hemlak.com/mncropresize/77/67/logo/1/3/2/5/3/1/b5b55884-530a-41f0-b554-f54b8c608367.jpg",""
"https://www.hepsiemlak.com/mugla-milas-gulluk-kiralik/daire/0-46272063","1 / 14","40.000","13/06/2026","Sahibinden Güllük Merkezde Deniz Manzaralı Bahçeli Kiralık Daire","Kiralık Daire","2 + 1","130 m²","3 Yaşında","·","Kat","Bahçe Katı","Muğla / Milas / Güllük Mah.","","","WhatsApp","","",""
"https://www.hepsiemlak.com/mugla-bodrum-turgutreis-kiralik/daire/6449-2004","1 / 12","40.000","03/09/2026","️s-A-K-A-L-L-I-Dan Turgutreis Merkezde Eşyalı Kiralık Daire","Kiralık Daire","2 + 1","70 m²","21 Yaşında","·","Kat","1. Kat","Muğla / Bodrum / Turgutreis Mah.","","","WhatsApp","","",""
"https://www.hepsiemlak.com/mugla-bodrum-mumcular-kiralik/daire/64802-7339","1 / 11","20.000","18/08/2026","Bodrum Mumcular Merkez De 2+1 Kiralık Daire","Kiralık Daire","2 + 1","70 m²","2 Yaşında","·","Kat","Ara Kat","Muğla / Bodrum / Mumcular Mah.","https://hecdn01.hemlak.com/mncropresize/182/137/ds01/4/0/4/0/1/0/7/4/1785036389-164906-47010404.jpeg","Hedef Gayrimenkul","WhatsApp","","","https://hecdnnw.hemlak.com/mncropresize/77/67/logo/2/0/8/4/6/0/174435d7-6f3a-4252-be86-4143e90e9fba.jpg"
"https://www.hepsiemlak.com/mugla-fethiye-catalarik-kiralik/daire/138314-903","1 / 25","30.000","01/07/2026","Remax Güvencesiyle Fethiye'de Kiralık 2+1 Daire","Kiralık Daire","2 + 1","120 m²","6 Yaşında","·","Kat","2. Kat","Muğla / Fethiye / Çatalarık Mah.","https://www.hepsiemlak.com/_nuxt/8cafc93fb5c74c75e9e04e528e02ccdf.jpg","Remax Badem 2","WhatsApp","","","https://www.hepsiemlak.com/_nuxt/8cafc93fb5c74c75e9e04e528e02ccdf.jpg"
"https://www.hepsiemlak.com/mugla-dalaman-atakent-kiralik/daire/146538-200","1 / 5","20.000","25/06/2026","Pınar Gayrimenkulden Atakent Mahallesi'nde Kiralık Eşyalı Daire","Kiralık Daire","1 + 1","45 m²","11 Yaşında","·","Kat","Yüksek Giriş","Muğla / Dalaman / Atakent Mah.","https://www.hepsiemlak.com/_nuxt/8cafc93fb5c74c75e9e04e528e02ccdf.jpg","Pınar Gayrimenkul","WhatsApp","İlhan
                  Ekin","https://www.hepsiemlak.com/_nuxt/8cafc93fb5c74c75e9e04e528e02ccdf.jpg","https://www.hepsiemlak.com/_nuxt/8cafc93fb5c74c75e9e04e528e02ccdf.jpg"
"https://www.hepsiemlak.com/mugla-ortaca-cayli-kiralik/daire/98449-1190","1 / 19","20.000","10/08/2026","Ortaca Çaylı Da 2+1 Sıfır Daire Kiralık","Kiralık Daire","2 + 1","85 m²","Sıfır Bina","·","Kat","Yüksek Giriş","Muğla / Ortaca / Çaylı Mah.","https://www.hepsiemlak.com/_nuxt/8cafc93fb5c74c75e9e04e528e02ccdf.jpg","Pikan Gayrimenkul","WhatsApp","","","https://www.hepsiemlak.com/_nuxt/8cafc93fb5c74c75e9e04e528e02ccdf.jpg"
"https://www.hepsiemlak.com/mugla-fethiye-karaculha-kiralik/villa/148225-769","1 / 33","65.000","27/07/2026","Goldhouse Dan Kiralık Karaçulhada  Bahçeli Havuzlu 4+1 Villa","Kiralık Villa","4 + 1","165 m²","4 Yaşında","·","Kat","","Muğla / Fethiye / Karaçulha Mah.","https://www.hepsiemlak.com/_nuxt/8cafc93fb5c74c75e9e04e528e02ccdf.jpg","Gold House Gayrimenkul Danışmanlık","WhatsApp","","","https://www.hepsiemlak.com/_nuxt/8cafc93fb5c74c75e9e04e528e02ccdf.jpg"
"https://www.hepsiemlak.com/mugla-yatagan-cumhuriyet-kiralik/daire/154296-146","1 / 21","27.000","09/08/2026","Cumhuriyet Mahallesi Otogar Yanı 3+1 140m2 Kiralık Daire","Kiralık Daire","3 + 1","150 m²","16 Yaşında","·","Kat","3. Kat","Muğla / Yatağan / Cumhuriyet Mah.","https://www.hepsiemlak.com/_nuxt/8cafc93fb5c74c75e9e04e528e02ccdf.jpg","Özkan Emlak","WhatsApp","","","https://www.hepsiemlak.com/_nuxt/8cafc93fb5c74c75e9e04e528e02ccdf.jpg"
"https://www.hepsiemlak.com/mugla-bodrum-akyarlar-kiralik/daire/136360-168","1 / 16","60.000","04/07/2026","Kiralık Daire","Kiralık Daire","2 + 1","55 m²","15 Yaşında","·","Kat","Çatı Katı","Muğla / Bodrum / Akyarlar Mah.","https://www.hepsiemlak.com/_nuxt/8cafc93fb5c74c75e9e04e528e02ccdf.jpg","","WhatsApp","","",""
"https://www.hepsiemlak.com/mugla-bodrum-bahcelievler-kiralik/villa/117705-289","1 / 36","66.000","27/06/2026","Asya Gayrimenkul'den Bahçelievler'de Müstakil Tek Katlı Villa","Kiralık Villa","2 + 1","105 m²","6 Yaşında","·","Kat","","Muğla / Bodrum / Bahçelievler Mah.","https://www.hepsiemlak.com/_nuxt/8cafc93fb5c74c75e9e04e528e02ccdf.jpg","Asya Gayrimenkul","WhatsApp","","","https://www.hepsiemlak.com/_nuxt/8cafc93fb5c74c75e9e04e528e02ccdf.jpg"
"https://www.hepsiemlak.com/mugla-yatagan-yeni-kiralik/daire/147966-320","1 / 16","30.000","10/08/2026","Yatağan Yeni Mahalle 3+1 Kiralık Daire","Kiralık Daire","3 + 1","130 m²","16 Yaşında","·","Kat","3. Kat","Muğla / Yatağan / Yeni Mah.","https://www.hepsiemlak.com/_nuxt/8cafc93fb5c74c75e9e04e528e02ccdf.jpg","İrem Karadağ Gayrimenkul","WhatsApp","","","https://www.hepsiemlak.com/_nuxt/8cafc93fb5c74c75e9e04e528e02ccdf.jpg"
"https://www.hepsiemlak.com/mugla-koycegiz-zeytinalani-kiralik/mustakil-ev/137192-179","1 / 30","35.000","28/08/2026","Rota'dan Zeytinalanı'nda Eşyalı Kiralık Geniş Bahçeli 2+1 Müstakil Ev","Kiralık Müstakil Ev","2 + 1","90 m²","9 Yaşında","·","Kat","","Muğla / Köyceğiz / Zeytinalanı Mah.","https://www.hepsiemlak.com/_nuxt/8cafc93fb5c74c75e9e04e528e02ccdf.jpg","Rota Köyceğiz Gayrimenkul","WhatsApp","Tansu
                  Aydın","https://www.hepsiemlak.com/_nuxt/8cafc93fb5c74c75e9e04e528e02ccdf.jpg","https://www.hepsiemlak.com/_nuxt/8cafc93fb5c74c75e9e04e528e02ccdf.jpg"
"https://www.hepsiemlak.com/mugla-marmaris-armutalan-kiralik/daire/138476-437","1 / 6","20.000","22/08/2026","Emlaksepeti48'den Kiralık Armutalan Mah. 1+1 Daire","Kiralık Daire","1 + 1","33 m²","11 Yaşında","·","Kat","Bodrum","Muğla / Marmaris / Armutalan Mah.","https://www.hepsiemlak.com/_nuxt/8cafc93fb5c74c75e9e04e528e02ccdf.jpg","Emlak Sepeti 48","WhatsApp","","","https://www.hepsiemlak.com/_nuxt/8cafc93fb5c74c75e9e04e528e02ccdf.jpg"
"https://www.hepsiemlak.com/mugla-marmaris-armutalan-kiralik/daire/120066-394","1 / 6","40.000","01/07/2026","Marmaris Armutalan Da Kiralık Düz 2+1 Daire","Kiralık Daire","2 + 1","95 m²","10 Yaşında","·","Kat","En Üst Kat","Muğla / Marmaris / Armutalan Mah.","https://www.hepsiemlak.com/_nuxt/8cafc93fb5c74c75e9e04e528e02ccdf.jpg","Gadıoğlu Gayrimenkul","WhatsApp","","","https://www.hepsiemlak.com/_nuxt/8cafc93fb5c74c75e9e04e528e02ccdf.jpg"
"https://www.hepsiemlak.com/mugla-bodrum-torba-kiralik/mustakil-ev/103485-581","1 / 1","200.000","29/06/2026","Torbada Deniz Manzaralı Bahçeli Teraslı 3+1 Müstakil Ev","Kiralık Müstakil Ev","3 + 1","125 m²","21 Yaşında","·","Kat","Bahçe Katı","Muğla / Bodrum / Torba Mah.","https://www.hepsiemlak.com/_nuxt/8cafc93fb5c74c75e9e04e528e02ccdf.jpg","Bodrum Artemis Gayrimenkul","WhatsApp","","","https://www.hepsiemlak.com/_nuxt/8cafc93fb5c74c75e9e04e528e02ccdf.jpg"
"https://www.hepsiemlak.com/mugla-datca-yaka-kiralik/daire/159036-132","1 / 13","33.000","25/06/2026","Marinden Palamutbükü'nde 3+1 Kiralık Bahçeli Daire","Kiralık Daire","3 + 1","95 m²","6 Yaşında","·","Kat","Bahçe Katı","Muğla / Datça / Yaka Mah.","https://www.hepsiemlak.com/_nuxt/8cafc93fb5c74c75e9e04e528e02ccdf.jpg","Marin Gayrimenkul","WhatsApp","","","https://www.hepsiemlak.com/_nuxt/8cafc93fb5c74c75e9e04e528e02ccdf.jpg"
"https://www.hepsiemlak.com/mugla-koycegiz-ekincik-kiralik/daire/138803-92","1 / 13","20.000","07/07/2026","Ekincik'de Kiralık Deniz Manzaralı Daire","Kiralık Daire","1 + 1","70 m²","6 Yaşında","·","Kat","Çatı Katı","Muğla / Köyceğiz / Ekincik Mah.","https://www.hepsiemlak.com/_nuxt/8cafc93fb5c74c75e9e04e528e02ccdf.jpg","","WhatsApp","","",""
"https://www.hepsiemlak.com/mugla-bodrum-yalikavak-kiralik/villa/135522-477","1 / 19","550.000","06/07/2026","Yalıkavak Marina İzole Flat Villa","Kiralık Villa","3 + 1","660 m²","3 Yaşında","·","Kat","","Muğla / Bodrum / Yalıkavak Mah.","https://www.hepsiemlak.com/_nuxt/8cafc93fb5c74c75e9e04e528e02ccdf.jpg","Yükselen Gayrimenkul","WhatsApp","","","https://www.hepsiemlak.com/_nuxt/8cafc93fb5c74c75e9e04e528e02ccdf.jpg"
"https://www.hepsiemlak.com/mugla-mentese-seyh-kiralik/daire/104209-1216","1 / 9","24.000","13/07/2026","Muğla Menteşe Kiralık Daire /işyeri","Kiralık Daire","1 + 1","65 m²","20 Yaşında","·","Kat","2. Kat","Muğla / Menteşe / Şeyh Mah.","https://www.hepsiemlak.com/_nuxt/8cafc93fb5c74c75e9e04e528e02ccdf.jpg","","WhatsApp","","",""
"https://www.hepsiemlak.com/mugla-bodrum-bitez-kiralik/daire/138060-519","1 / 11","25.000","28/08/2026","Bodrum Bitez Denize Yakın Yıllık Kiralık Bahçe Katı","Kiralık Daire","Stüdyo","25 m²","16 Yaşında","·","Kat","Giriş Katı","Muğla / Bodrum / Bitez Mah.","https://www.hepsiemlak.com/_nuxt/8cafc93fb5c74c75e9e04e528e02ccdf.jpg","Bodrum’da Fırsat Gayrimenkul Danışmanlığı","WhatsApp","","","https://www.hepsiemlak.com/_nuxt/8cafc93fb5c74c75e9e04e528e02ccdf.jpg"
"https://www.hepsiemlak.com/mugla-dalaman-hurriyet-kiralik/daire/135231-2822","1 / 31","40.000","26/08/2026","Stop’tan Hürriyet’te *kapalı Mutfak Dubleks* 4+1 Kiralık Daire","Kiralık Daire","4 + 1","160 m²","3 Yaşında","·","Kat","3. Kat","Muğla / Dalaman / Hürriyet Mah.","https://www.hepsiemlak.com/_nuxt/8cafc93fb5c74c75e9e04e528e02ccdf.jpg","Stop Gayrimenkul","WhatsApp","","","https://www.hepsiemlak.com/_nuxt/8cafc93fb5c74c75e9e04e528e02ccdf.jpg"
"https://www.hepsiemlak.com/mugla-ortaca-karaburun-kiralik/daire/82884-2014","1 / 8","15.500","24/08/2026","Karaburun Mah.Kiralık 1+1 Daireler","Kiralık Daire","1 + 1","65 m²","2 Yaşında","·","Kat","1. Kat","Muğla / Ortaca / Karaburun Mah.","https://www.hepsiemlak.com/_nuxt/8cafc93fb5c74c75e9e04e528e02ccdf.jpg","Elit Emlak","WhatsApp","","","https://www.hepsiemlak.com/_nuxt/8cafc93fb5c74c75e9e04e528e02ccdf.jpg"
"https://www.hepsiemlak.com/mugla-ortaca-terzialiler-kiralik/daire/154371-79","1 / 18","20.000","23/08/2026","Sky'dan Ortaca'da Merkezi Konumda Geniş Kiralık 3+1 Düz Daire","Kiralık Daire","3 + 1","140 m²","21 Yaşında","·","Kat","3. Kat","Muğla / Ortaca / Terzialiler Mah.","https://www.hepsiemlak.com/_nuxt/8cafc93fb5c74c75e9e04e528e02ccdf.jpg","Sky Gayrimenkul Marmaris","WhatsApp","Uluç Egemen
                  Taykurt","https://www.hepsiemlak.com/_nuxt/8cafc93fb5c74c75e9e04e528e02ccdf.jpg","https://www.hepsiemlak.com/_nuxt/8cafc93fb5c74c75e9e04e528e02ccdf.jpg"
"https://www.hepsiemlak.com/mugla-fethiye-karaculha-kiralik/daire/140611-226","1 / 38","19.000","01/09/2026","Karaçulha'da 2+1 Kiralık Boş Daire","Kiralık Daire","2 + 1","120 m²","5 Yaşında","·","Kat","1. Kat","Muğla / Fethiye / Karaçulha Mah.","","Golden Key Emlak","WhatsApp","","https://hecdnnw.hemlak.com/mncropresize/77/67/logo/1/1/6/0/4/1/f73a197e-e075-4293-a11d-e33660252aa4.jpg",""
"https://www.hepsiemlak.com/mugla-ortaca-beskopru-kiralik/daire/168067-10","1 / 8","22.000","10/09/2026","Ortaca Merkezin Tam Kalbinde Kiralık 3+1 Daire","Kiralık Daire","3 + 1","140 m²","16 Yaşında","·","Kat","4. Kat","Muğla / Ortaca / Beşköprü Mah.","https://hecdnnw.hemlak.com/mncropresize/77/67/logo/7/6/0/8/6/1/f430fef0-1d3f-4453-986b-ec5e7fcd1312.jpg","Kalinda Yapı Emlak","WhatsApp","","",""
"https://www.hepsiemlak.com/mugla-ortaca-yerbelen-kiralik/daire/165399-98","1 / 13","27.500","19/08/2026","Ortaca Merkezi Konuma Yakın Kiralık 2+1 Daire","Kiralık Daire","2 + 1","100 m²","Sıfır Bina","·","Kat","2. Kat","Muğla / Ortaca / Yerbelen Mah.","https://hecdnnw.hemlak.com/mncropresize/77/67/logo/9/9/3/5/6/1/fd40cbfa-b75d-4d6f-83d6-acd60cc65c80.jpg","Safir Emlak Ortaca","WhatsApp","","",""
"https://www.hepsiemlak.com/mugla-ortaca-ataturk-kiralik/daire/126009-503","1 / 29","32.500","26/06/2026","Murat Çimen'den Ortaca Merkezde 3+1 Kiralık Daire","Kiralık Daire","3 + 1","145 m²","6 Yaşında","·","Kat","1. Kat","Muğla / Ortaca / Atatürk Mah.","https://hecdn01.hemlak.com/mncropresize/182/137/ds01/8/6/5/9/4/6/6/4/ca592834-8fa1-41b1-880b-d8c9c83e6823.jpg","Murat Çimen Gayrimenkul","WhatsApp","Murat
                  Çimen","https://hecdnnw.hemlak.com/mncropresize/77/67/firmuser/7/9/1/2/3/0/3/76515a48-a734-49b6-aaf0-476129c3ab67.jpg","https://hecdnnw.hemlak.com/mncropresize/77/67/logo/9/0/0/6/2/1/ad36ec74-a175-4fc9-8e1c-c18c95e855c7.jpg"
"https://www.hepsiemlak.com/mugla-marmaris-tepe-kiralik/daire/152133-167","1 / 20","40.000","31/08/2026","Marmaris Sevgiyolu Üzerinde Memura Kiralık Daire","Kiralık Daire","2 + 1","110 m²","26 Yaşında","·","Kat","3. Kat","Muğla / Marmaris / Tepe Mah.","https://www.hepsiemlak.com/_nuxt/8cafc93fb5c74c75e9e04e528e02ccdf.jpg","","WhatsApp","","",""
"https://www.hepsiemlak.com/mugla-bodrum-turkbuku-kiralik/daire/6231-16456","1 / 50","250.000","23/06/2026","Türkbükü’nde Geniş Havuzlu Sıfır Villada 2+1 Ve 3+1 Daireler","Kiralık Daire","2 + 1","85 m²","2 Yaşında","·","Kat","Bahçe Katı","Muğla / Bodrum / Türkbükü Mah.","https://www.hepsiemlak.com/_nuxt/8cafc93fb5c74c75e9e04e528e02ccdf.jpg","Space İstanbul Gayrimenkul","WhatsApp","Can
                  Batukan","https://www.hepsiemlak.com/_nuxt/img/no-image-user.6f6a83e.svg","https://www.hepsiemlak.com/_nuxt/8cafc93fb5c74c75e9e04e528e02ccdf.jpg"
"https://www.hepsiemlak.com/mugla-ula-akyaka-kiralik/daire/0-46814915","1 / 12","270.000","23/06/2026","Deniz Ve Doğa Manzaralı Havuzlu Sitede Ferah Daire","Kiralık Daire","2 + 1","90 m²","11 Yaşında","·","Kat","2. Kat","Muğla / Ula / Akyaka Mah.","https://www.hepsiemlak.com/_nuxt/8cafc93fb5c74c75e9e04e528e02ccdf.jpg","","","","",""
"https://www.hepsiemlak.com/mugla-bodrum-bitez-kiralik/daire/65421-1552","1 / 21","60.000","28/06/2026","Bitez Ferah Site İçi Eşyasız Bahçe Katı…","Kiralık Daire","2 + 1","85 m²","20 Yaşında","·","Kat","Bahçe Katı","Muğla / Bodrum / Bitez Mah.","https://www.hepsiemlak.com/_nuxt/8cafc93fb5c74c75e9e04e528e02ccdf.jpg","Bodrum Kule Emlak","WhatsApp","Nihal
                  Sakarya","https://www.hepsiemlak.com/_nuxt/8cafc93fb5c74c75e9e04e528e02ccdf.jpg","https://www.hepsiemlak.com/_nuxt/8cafc93fb5c74c75e9e04e528e02ccdf.jpg"
"https://www.hepsiemlak.com/mugla-bodrum-gumusluk-kiralik/daire/135522-468","1 / 21","35.000","28/08/2026","Gümüşlük Merkezde Kiralık Bahçe Katı Daire","Kiralık Daire","2 + 1","80 m²","6 Yaşında","·","Kat","Bahçe Katı","Muğla / Bodrum / Gümüşlük Mah.","https://www.hepsiemlak.com/_nuxt/8cafc93fb5c74c75e9e04e528e02ccdf.jpg","Yükselen Gayrimenkul","WhatsApp","","","https://www.hepsiemlak.com/_nuxt/8cafc93fb5c74c75e9e04e528e02ccdf.jpg"
"https://www.hepsiemlak.com/mugla-bodrum-turkbuku-kiralik/daire/146060-147","1 / 7","110.000","27/07/2026","Bodrum Türkbükü Eşyalı Kiralık Daire","Kiralık Daire","2 + 1","75 m²","21 Yaşında","·","Kat","Zemin","Muğla / Bodrum / Türkbükü Mah.","https://www.hepsiemlak.com/_nuxt/8cafc93fb5c74c75e9e04e528e02ccdf.jpg","Başak Emlak Bodrum","WhatsApp","","","https://www.hepsiemlak.com/_nuxt/8cafc93fb5c74c75e9e04e528e02ccdf.jpg"
"https://www.hepsiemlak.com/mugla-bodrum-koyunbaba-kiralik/daire/128053-1326","1 / 13","55.000","30/07/2026","Gümüşlük Deniz Manzaralı Kiralık 2+1 Dubleks","Kiralık Daire","2 + 1","120 m²","21 Yaşında","·","Kat","Bahçe Katı","Muğla / Bodrum / Koyunbaba Mah.","https://www.hepsiemlak.com/_nuxt/8cafc93fb5c74c75e9e04e528e02ccdf.jpg","Global İpek Yapı A.Ş","WhatsApp","","","https://www.hepsiemlak.com/_nuxt/8cafc93fb5c74c75e9e04e528e02ccdf.jpg"
"https://www.hepsiemlak.com/mugla-bodrum-cevat-sakir-kiralik/daire/28765-15633","1 / 24","35.000","16/06/2026","Bodrum Gümbet Pazaryerine Yakın Kiralık 2+1 Boş Daire","Kiralık Daire","2 + 1","65 m²","21 Yaşında","·","Kat","Bahçe Katı","Muğla / Bodrum / Cevat Şakir Mah.","https://www.hepsiemlak.com/_nuxt/8cafc93fb5c74c75e9e04e528e02ccdf.jpg","Coldwell Banker Artemis","WhatsApp","","","https://www.hepsiemlak.com/_nuxt/8cafc93fb5c74c75e9e04e528e02ccdf.jpg"
"https://www.hepsiemlak.com/mugla-bodrum-yalikavak-kiralik/villa/56203-4927","1 / 26","750.000","19/08/2026","Yalıkavak Merkezde Müstakil Havuzlu 5+2 Lüks Villa","Kiralık Villa","5 + 2","300 m²","6 Yaşında","·","Kat","","Muğla / Bodrum / Yalıkavak Mah.","https://www.hepsiemlak.com/_nuxt/8cafc93fb5c74c75e9e04e528e02ccdf.jpg","Yalıhan Emlak","WhatsApp","","","https://www.hepsiemlak.com/_nuxt/8cafc93fb5c74c75e9e04e528e02ccdf.jpg"
"https://www.hepsiemlak.com/mugla-ortaca-okcular-kiralik/daire/98449-1241","1 / 16","25.000","04/07/2026","Ortaca Marmarlıda Eşyasız 150 M2, 2+1 Üst Kat Daire Kiralık.","Kiralık Daire","2 + 1","155 m²","15 Yaşında","·","Kat","2. Kat","Muğla / Ortaca / Okçular Mah.","https://www.hepsiemlak.com/_nuxt/8cafc93fb5c74c75e9e04e528e02ccdf.jpg","Pikan Gayrimenkul","WhatsApp","","","https://www.hepsiemlak.com/_nuxt/8cafc93fb5c74c75e9e04e528e02ccdf.jpg"
"https://www.hepsiemlak.com/mugla-dalaman-hurriyet-kiralik/daire/135231-2816","1 / 18","30.000","01/07/2026","Stop’tan Hürriyet’te *full Eşyalı* 1+1 Kiralık Daire","Kiralık Daire","1 + 1","60 m²","4 Yaşında","·","Kat","1. Kat","Muğla / Dalaman / Hürriyet Mah.","https://www.hepsiemlak.com/_nuxt/8cafc93fb5c74c75e9e04e528e02ccdf.jpg","Stop Gayrimenkul","WhatsApp","","","https://www.hepsiemlak.com/_nuxt/8cafc93fb5c74c75e9e04e528e02ccdf.jpg"
"https://www.hepsiemlak.com/mugla-ortaca-bahcelievler-kiralik/daire/82884-2005","1 / 8","4.000.000","27/08/2026","Bahçelievler Mah.Havuzlu Site İçinde 1+1satılık Daireler","Kiralık Daire","1 + 1","60 m²","Sıfır Bina","·","Kat","Ara Kat","Muğla / Ortaca / Bahçelievler Mah.","https://www.hepsiemlak.com/_nuxt/8cafc93fb5c74c75e9e04e528e02ccdf.jpg","Elit Emlak","WhatsApp","","","https://www.hepsiemlak.com/_nuxt/8cafc93fb5c74c75e9e04e528e02ccdf.jpg"
"https://www.hepsiemlak.com/mugla-dalaman-sogutluyurt-kiralik/daire/142733-1360","1 / 19","25.000","18/08/2026","Mine Emlak'tan Dalaman'da Full Eşyalı Kapalı Mutfak 1+1","Kiralık Daire","1 + 1","80 m²","5 Yaşında","·","Kat","1. Kat","Muğla / Dalaman / Söğütlüyurt Mah.","https://www.hepsiemlak.com/_nuxt/8cafc93fb5c74c75e9e04e528e02ccdf.jpg","Mine Emlak","WhatsApp","","","https://www.hepsiemlak.com/_nuxt/8cafc93fb5c74c75e9e04e528e02ccdf.jpg"
"https://www.hepsiemlak.com/mugla-milas-bogazici-kiralik/daire/166724-124","1 / 29","60.000","10/07/2026","Boğaziçi'nde Kiralık Eşyalı 2+1 Daire!","Kiralık Daire","2 + 1","90 m²","5 Yaşında","·","Kat","2. Kat","Muğla / Milas / Boğaziçi Mah.","https://www.hepsiemlak.com/_nuxt/8cafc93fb5c74c75e9e04e528e02ccdf.jpg","Garipoğulları Gayrimenkul","WhatsApp","","","https://www.hepsiemlak.com/_nuxt/8cafc93fb5c74c75e9e04e528e02ccdf.jpg"
"https://www.hepsiemlak.com/mugla-ula-akcapinar-kiralik/mustakil-ev/163124-30","1 / 5","45.000","08/09/2026","Akyaka Akçapınar'da 2+1 Müstakil Ev","Kiralık Müstakil Ev","2 + 1","120 m²","5 Yaşında","·","Kat","Bahçe Katı","Muğla / Ula / Akçapınar Mah.","https://www.hepsiemlak.com/_nuxt/8cafc93fb5c74c75e9e04e528e02ccdf.jpg","İmpera Gayrimenkul Ve Yatırım Danışmanlığı","WhatsApp","","","https://www.hepsiemlak.com/_nuxt/8cafc93fb5c74c75e9e04e528e02ccdf.jpg"
"https://www.hepsiemlak.com/mugla-milas-cumhuriyet-kiralik/daire/85840-912","1 / 8","30.000","10/08/2026","Milas Cumhuriyet Mah De 2+1 Kiralık Daire","Kiralık Daire","2 + 1","118 m²","12 Yaşında","·","Kat","4. Kat","Muğla / Milas / Cumhuriyet Mah.","https://www.hepsiemlak.com/_nuxt/8cafc93fb5c74c75e9e04e528e02ccdf.jpg","","WhatsApp","","",""
"https://www.hepsiemlak.com/mugla-bodrum-turgutreis-kiralik/mustakil-ev/117705-283","1 / 32","70.000","27/06/2026","Asya Gayrimenkul'den Kiralık Merkezde 2+1 Müstakil Dubleks","Kiralık Müstakil Ev","2 + 1","120 m²","6 Yaşında","·","Kat","Bahçe Katı","Muğla / Bodrum / Turgutreis Mah.","https://www.hepsiemlak.com/_nuxt/8cafc93fb5c74c75e9e04e528e02ccdf.jpg","Asya Gayrimenkul","WhatsApp","","","https://www.hepsiemlak.com/_nuxt/8cafc93fb5c74c75e9e04e528e02ccdf.jpg"
"https://www.hepsiemlak.com/mugla-fethiye-tuzla-kiralik/daire/140573-2360","1 / 16","35.000","26/07/2026","Fethiye Tuzla Mahallesi'nde Kiralık 3+1 Giriş Kat Daire","Kiralık Daire","3 + 1","135 m²","16 Yaşında","·","Kat","Yüksek Giriş","Muğla / Fethiye / Tuzla Mah.","https://www.hepsiemlak.com/_nuxt/8cafc93fb5c74c75e9e04e528e02ccdf.jpg","Baran Emlak Fethiye","WhatsApp","","","https://www.hepsiemlak.com/_nuxt/8cafc93fb5c74c75e9e04e528e02ccdf.jpg"
"https://www.hepsiemlak.com/mugla-milas-gumusluk-kiralik/daire/138867-2462","1 / 22","25.500","05/07/2026","Mustafa Kayaalp'ten Gümüşlük Mah 2+1 Kiralık Daire","Kiralık Daire","2 + 1","90 m²","Sıfır Bina","·","Kat","2. Kat","Muğla / Milas / Gümüşlük Mah.","https://www.hepsiemlak.com/_nuxt/8cafc93fb5c74c75e9e04e528e02ccdf.jpg","Mustafa Kayaalp Milas Bodrum Gayrimenkul","WhatsApp","","","https://www.hepsiemlak.com/_nuxt/8cafc93fb5c74c75e9e04e528e02ccdf.jpg"
"https://www.hepsiemlak.com/mugla-bodrum-turkbuku-kiralik/mustakil-ev/63618-2757","1 / 35","130.000","31/07/2026","Türkbükün'de  600 M2 Arsa İçinde Kiralık 180 M2 Müstakil Dubleks","Kiralık Müstakil Ev","3 + 1","200 m²","8 Yaşında","·","Kat","","Muğla / Bodrum / Türkbükü Mah.","https://www.hepsiemlak.com/_nuxt/8cafc93fb5c74c75e9e04e528e02ccdf.jpg","Yener Emlak","WhatsApp","Yener
                  Koçyiğit","https://www.hepsiemlak.com/_nuxt/8cafc93fb5c74c75e9e04e528e02ccdf.jpg","https://www.hepsiemlak.com/_nuxt/8cafc93fb5c74c75e9e04e528e02ccdf.jpg"
"https://www.hepsiemlak.com/mugla-fethiye-faralya-kiralik/villa/165226-34","1 / 21","60.000","28/08/2026","Faralya Da Doğa Ve Huzur Dolu Villa Uzun Dönem Kiralık 2+1","Kiralık Villa","2 + 1","140 m²","Sıfır Bina","·","Kat","","Muğla / Fethiye / Faralya Mah.","","Sunport Real Estate","WhatsApp","","https://hecdnnw.hemlak.com/mncropresize/77/67/logo/6/2/2/5/6/1/d03fa61a-8fc9-4a32-8fe8-6ed7acfe4174.jpg",""
"https://www.hepsiemlak.com/mugla-fethiye-yaniklar-kiralik/mustakil-ev/141778-14","1 / 19","29.000","01/08/2026","Müştakil Girişli Konut3+1 210 Metre Bahçeli Müştakil Konut","Kiralık Müstakil Ev","3 + 1","230 m²","6 Yaşında","·","Kat","Bahçe Katı","Muğla / Fethiye / Yanıklar Mah.","","","WhatsApp","","",""
"https://www.hepsiemlak.com/mugla-ortaca-cumhuriyet-kiralik/daire/167330-11","1 / 17","21.500","15/06/2026","Şehir Merkezinde, Manzaralı Geniş 3+1 Kapalı Mutfak Daire!","Kiralık Daire","3 + 1","140 m²","11 Yaşında","·","Kat","5. Kat","Muğla / Ortaca / Cumhuriyet Mah.","","Aty Akademi Ve Danışmanlık Turizm Ticaret Ve Sanay","WhatsApp","Aty Akademi Ve Danışmanlık Turizm Ticare
                  Şirketi","https://www.hepsiemlak.com/_nuxt/img/no-image-user.6f6a83e.svg",""
"https://www.hepsiemlak.com/mugla-ortaca-dalyan-kiralik/daire/100390-571","1 / 12","35.000","08/07/2026","Dalyanda Eşyalı Geniş 2+1 Kiralık Daire","Kiralık Daire","2 + 1","110 m²","5 Yaşında","·","Kat","3. Kat","Muğla / Ortaca / Dalyan Mah.","https://hecdn01.hemlak.com/mncropresize/182/137/ds01/1/6/4/5/0/9/6/4/bdc0194a-5e97-4b3e-a458-c2ea55d15015.jpg","Pi Emlak","WhatsApp","","","https://hecdnnw.hemlak.com/mncropresize/77/67/logo/0/9/3/0/0/1/fafbee7f-6cfd-4290-9347-93dbff39988c.png"
"https://www.hepsiemlak.com/mugla-ortaca-karaburun-kiralik/daire/164433-174","1 / 8","21.000","31/08/2026","Muğla Ortacada Havuzlu Sitede Kiralık 2+1 Daire","Kiralık Daire","2 + 1","65 m²","2 Yaşında","·","Kat","2. Kat","Muğla / Ortaca / Karaburun Mah.","https://hecdn01.hemlak.com/mncropresize/182/137/ds01/1/0/7/3/8/9/6/4/99c46a08-a995-401d-b782-134da9ba5db1.jpg","Emlak Dünyası Ortaca","WhatsApp","Fatma
                  Muslu","https://www.hepsiemlak.com/_nuxt/img/no-image-user.6f6a83e.svg","https://hecdnnw.hemlak.com/mncropresize/77/67/logo/3/3/4/4/6/1/57983f0f-6ff9-47b2-b0c6-7442152f5d8e.jpg"
"https://www.hepsiemlak.com/mugla-marmaris-orhaniye-kiralik/daire/154371-76","1 / 14","20.000","17/08/2026","Skydan Marmaris Orhaniye'de Müstakil Tadında Kiralık 2+1 Daire","Kiralık Daire","2 + 1","120 m²","21 Yaşında","·","Kat","Bahçe Katı","Muğla / Marmaris / Orhaniye Mah.","https://hecdn01.hemlak.com/mncropresize/182/137/ds01/0/5/0/8/7/7/6/4/78917642-ad54-4d83-9097-e5c55f9ba9cc.jpg","Sky Gayrimenkul Marmaris","WhatsApp","Uluç Egemen
                  Taykurt","https://hecdnnw.hemlak.com/mncropresize/77/67/firmuser/4/5/5/0/5/3/4/c69edd0b-6fee-4b55-b9ef-c80f24762b3e.jpg","https://hecdnnw.hemlak.com/mncropresize/77/67/logo/1/7/3/4/5/1/1efa0019-b74f-4f1f-a4ed-5c8a1176eeef.jpg"
"https://www.hepsiemlak.com/mugla-bodrum-mumcular-kiralik/daire/64802-7336","1 / 30","40.000","22/07/2026","Bodrum Mumcular 3+1 Eşyalı Kiralık Bahçe Katı Daire","Kiralık Daire","3 + 1","110 m²","6 Yaşında","·","Kat","Bahçe Katı","Muğla / Bodrum / Mumcular Mah.","https://hecdn01.hemlak.com/mncropresize/182/137/ds01/6/7/0/5/8/9/6/4/4f090087-5049-491f-9f2e-ec036128b3de.jpg","Hedef Gayrimenkul","WhatsApp","","","https://hecdnnw.hemlak.com/mncropresize/77/67/logo/2/0/8/4/6/0/174435d7-6f3a-4252-be86-4143e90e9fba.jpg"
"https://www.hepsiemlak.com/mugla-bodrum-koyunbaba-kiralik/villa/135522-465","1 / 25","150.000","27/08/2026","Gümüşlük Deniz Manzaralı Kiralık Tek Katlı Villa","Kiralık Villa","3 + 1","140 m²","4 Yaşında","·","Kat","","Muğla / Bodrum / Koyunbaba Mah.","https://hecdn01.hemlak.com/mncropresize/182/137/ds01/9/3/4/5/8/5/6/4/81eb92ae-9423-41f8-92ca-e5e1e0beaec8.jpg","Yükselen Gayrimenkul","WhatsApp","","","https://hecdnnw.hemlak.com/mncropresize/77/67/logo/2/2/5/5/3/1/f94a5eec-f7ad-49ae-9a52-caa38d66c4f9.jpg"
"https://www.hepsiemlak.com/mugla-mentese-yenikoy-kiralik/daire/76834-2985","1 / 22","20.000","06/09/2026","Muğla Menteşe Yeniköy'de Eşyasız 1+1 Kiralık Daire!","Kiralık Daire","1 + 1","50 m²","11 Yaşında","·","Kat","2. Kat","Muğla / Menteşe / Yeniköy Mah.","https://hecdn01.hemlak.com/mncropresize/182/137/ds01/6/8/9/1/3/6/6/4/003cb8ea-2d09-42cd-b573-1f227c263fad.jpg","Muğla Kampüs Emlak","WhatsApp","İlker Barış
                  Kalaç","https://hecdnnw.hemlak.com/mncropresize/77/67/firmuser/0/5/0/1/5/4/1/29ee8973-816c-4938-a652-97e78e554801.jpg","https://hecdnnw.hemlak.com/mncropresize/77/67/logo/4/3/8/6/7/0/380cf7e9-0a34-4ce4-8db3-253ee332464b.jpg"
"https://www.hepsiemlak.com/mugla-ortaca-dalyan-kiralik/villa/98449-1237","1 / 16","55.000","03/07/2026","Dalyan Da Ortak Yüzme Havuzlu 2+1, 110 M2 Eşyalı Dubleks Kiralık","Kiralık Villa","2 + 1","115 m²","10 Yaşında","·","Kat","","Muğla / Ortaca / Dalyan Mah.","https://www.hepsiemlak.com/_nuxt/8cafc93fb5c74c75e9e04e528e02ccdf.jpg","Pikan Gayrimenkul","WhatsApp","","","https://www.hepsiemlak.com/_nuxt/8cafc93fb5c74c75e9e04e528e02ccdf.jpg"
"https://www.hepsiemlak.com/mugla-dalaman-karacali-kiralik/daire/146387-852","1 / 15","27.000","30/07/2026","Airport Emlaktan Pazaryerinde 2+1 Kiralık Daire","Kiralık Daire","2 + 1","110 m²","6 Yaşında","·","Kat","2. Kat","Muğla / Dalaman / Karaçalı Mah.","https://www.hepsiemlak.com/_nuxt/8cafc93fb5c74c75e9e04e528e02ccdf.jpg","Dalaman Aırport Emlak","WhatsApp","Hakan
                  Kılavuz","https://www.hepsiemlak.com/_nuxt/8cafc93fb5c74c75e9e04e528e02ccdf.jpg","https://www.hepsiemlak.com/_nuxt/8cafc93fb5c74c75e9e04e528e02ccdf.jpg"
"https://www.hepsiemlak.com/mugla-fethiye-karaculha-kiralik/daire/135231-2800","1 / 26","19.000","04/09/2026","Stop’tan Karaçulha Çevreyolu Cadde Üzeri 3+1 Dubleks Daire","Kiralık Daire","2 + 1","120 m²","6 Yaşında","·","Kat","3. Kat","Muğla / Fethiye / Karaçulha Mah.","https://www.hepsiemlak.com/_nuxt/8cafc93fb5c74c75e9e04e528e02ccdf.jpg","Stop Gayrimenkul","WhatsApp","","","https://www.hepsiemlak.com/_nuxt/8cafc93fb5c74c75e9e04e528e02ccdf.jpg"
"https://www.hepsiemlak.com/mugla-datca-datca-kiralik/daire/114781-822","1 / 27","35.000","05/08/2026","Re/max Badem'den Datça Merkezde 2+1 12 Ay Kiralık Daire","Kiralık Daire","2 + 1","90 m²","5 Yaşında","·","Kat","Zemin","Muğla / Datça / Datça Mah.","https://www.hepsiemlak.com/_nuxt/8cafc93fb5c74c75e9e04e528e02ccdf.jpg","Remax Badem","WhatsApp","","","https://www.hepsiemlak.com/_nuxt/8cafc93fb5c74c75e9e04e528e02ccdf.jpg"
"https://www.hepsiemlak.com/mugla-ortaca-cumhuriyet-kiralik/daire/169457-32","1 / 21","35.000","10/08/2026","Ortaca Cumhuriyet Mahallesinde Klimalı  3+1 Kiralık Ev","Kiralık Daire","3 + 0","160 m²","15 Yaşında","·","Kat","2. Kat","Muğla / Ortaca / Cumhuriyet Mah.","https://www.hepsiemlak.com/_nuxt/8cafc93fb5c74c75e9e04e528e02ccdf.jpg","Dalyan Port Gayrimenkul","WhatsApp","","","https://www.hepsiemlak.com/img/loadings/noImage55-55.png"
"https://www.hepsiemlak.com/mugla-fethiye-gocek-kiralik/mustakil-ev/142733-1340","1 / 39","65.000","02/09/2026","Mine Emlak'tan Turizm Cenneti Göcekte Full Eşyalı Müstakil","Kiralık Müstakil Ev","2 + 1","110 m²","21 Yaşında","","","","Muğla / Fethiye / Göcek Mah.","https://www.hepsiemlak.com/_nuxt/8cafc93fb5c74c75e9e04e528e02ccdf.jpg","Mine Emlak","WhatsApp","","","https://www.hepsiemlak.com/_nuxt/8cafc93fb5c74c75e9e04e528e02ccdf.jpg"
"https://www.hepsiemlak.com/mugla-ortaca-bahcelievler-kiralik/daire/140372-184","1 / 11","34.000","29/06/2026","Muğla Ortaca Bahçelievler Mahallesi’nde Kiralık 3+1 Geniş Ve Konforlu Daire!","Kiralık Daire","3 + 1","140 m²","3 Yaşında","·","Kat","Yüksek Giriş","Muğla / Ortaca / Bahçelievler Mah.","https://www.hepsiemlak.com/_nuxt/8cafc93fb5c74c75e9e04e528e02ccdf.jpg","Caretta Villa Emlak","WhatsApp","","","https://www.hepsiemlak.com/_nuxt/8cafc93fb5c74c75e9e04e528e02ccdf.jpg"
"https://www.hepsiemlak.com/mugla-dalaman-ege-kiralik/daire/159774-26","1 / 11","25.000","14/07/2026","Ege Mahallesi'nde Sıfır Eşyalı Modern 1+1 Daire","Kiralık Daire","1 + 1","65 m²","3 Yaşında","·","Kat","3. Kat","Muğla / Dalaman / Ege Mah.","https://hecdn01.hemlak.com/mncropresize/182/137/ds01/7/7/0/6/4/6/6/4/07c31853-1c6b-4c19-a576-013cae6f25a2.jpg","Arif Ekin Ekinci Emlak","WhatsApp","","","https://hecdnnw.hemlak.com/mncropresize/77/67/logo/4/7/7/9/5/1/e3d25b9f-5527-4076-baf2-aadaa96d18c1.jpg"
"https://www.hepsiemlak.com/mugla-datca-yaka-kiralik/mustakil-ev/159036-53","1 / 11","240.000","24/08/2026","Palamutbükü'nde Müstakil Bahçeli Kiralık 1+1 Ev(gün,Ay)","Kiralık Müstakil Ev","1 + 1","85 m²","Sıfır Bina","","","","Muğla / Datça / Yaka Mah.","https://hecdn01.hemlak.com/mncropresize/182/137/ds01/2/1/7/1/7/9/5/4/c2a61e0b-9449-45a4-bd7e-85ae0a643e6e.jpg","Marin Gayrimenkul","WhatsApp","","","https://hecdnnw.hemlak.com/mncropresize/77/67/logo/6/3/0/9/5/1/c5ca32bf-7199-46f8-808e-fb40bc492bca.jpg"
"https://www.hepsiemlak.com/mugla-bodrum-yalikavak-kiralik/villa/56203-4928","1 / 25","750.000","19/08/2026","Bodrum Yalıkavak Merkezde 5 Oda, 2salon, 4 Banyolu Kiralık Lüks","Kiralık Villa","5 + 2","300 m²","6 Yaşında","·","Kat","Bahçe Katı","Muğla / Bodrum / Yalıkavak Mah.","https://hecdn01.hemlak.com/mncropresize/182/137/ds01/9/2/2/5/1/0/7/4/1f7d0bcd-8625-4fca-8e2f-d48e80421102.jpg","Yalıhan Emlak","WhatsApp","","","https://hecdnnw.hemlak.com/mncropresize/77/67/logo/3/0/2/6/5/0/88e2fe86-2580-498e-bd11-a051e000e784.jpg"
"https://www.hepsiemlak.com/mugla-bodrum-bitez-kiralik/daire/28765-15755","1 / 22","50.000","27/08/2026","Bodrum Bitez Kiralık 2+1 Dubleks Daire","Kiralık Daire","2 + 1","92 m²","16 Yaşında","·","Kat","Giriş Katı","Muğla / Bodrum / Bitez Mah.","https://hecdn01.hemlak.com/mncropresize/182/137/ds01/0/0/5/9/8/2/6/4/af9ff5cf-ac15-4b08-990c-d5bb68e18a90.jpg","Coldwell Banker Artemis","WhatsApp","","","https://hecdnnw.hemlak.com/mncropresize/77/67/logo/5/6/7/8/2/0/58296d53-d3b6-485e-b2a1-6c0fc7f041b5.jpg"
"https://www.hepsiemlak.com/mugla-mentese-kotekli-kiralik/daire/94718-2552","1 / 20","23.000","17/07/2026","Muğla Kötekli'de  Eşyalı 1+1 Kiralık Daire","Kiralık Daire","1 + 1","50 m²","10 Yaşında","·","Kat","Ara Kat","Muğla / Menteşe / Kötekli Mah.","https://hecdn01.hemlak.com/mncropresize/182/137/ds01/5/0/3/4/8/1/3/4/15c0263d-b980-4011-b3cd-48afb644a824.jpg","Kdm Gayrimenkul Muğla","WhatsApp","","","https://hecdnnw.hemlak.com/mncropresize/77/67/logo/8/1/7/4/9/0/3ce98b38-235d-40c2-9268-4a6731df2f0c.jpg"
"https://www.hepsiemlak.com/mugla-koycegiz-ulucami-kiralik/daire/162239-137","1 / 22","60.000","29/08/2026","Ersoy Emlaktan Köyceğizde 4+1 Dubleks Kiralık","Kiralık Daire","4 + 1","140 m²","5 Yaşında","·","Kat","1. Kat","Muğla / Köyceğiz / Ulucami Mah.","https://hecdn01.hemlak.com/mncropresize/182/137/ds01/4/5/1/8/3/8/6/4/81670214-2cd3-4675-864d-08b5d2b66d15.jpg","Ortaca Leon Gayrimenkul","WhatsApp","","","https://hecdnnw.hemlak.com/mncropresize/77/67/logo/9/3/2/2/6/1/5fc9f00f-b4e1-42a3-b126-e7f152034d09.jpg"
"https://www.hepsiemlak.com/mugla-fethiye-yeni-kiralik/mustakil-ev/140573-2345","1 / 28","5.000","31/08/2026","Fethiye Yenimahalle Kiralık 2+1 Havuzlu Müstakil Ev","Kiralık Müstakil Ev","2 + 1","90 m²","26 Yaşında","","","","Muğla / Fethiye / Yeni Mah.","https://hecdn01.hemlak.com/mncropresize/182/137/ds01/9/9/4/9/3/8/6/4/247c901b-dfad-4109-baae-223adabe0bd1.jpg","Baran Emlak Fethiye","WhatsApp","","","https://hecdnnw.hemlak.com/mncropresize/77/67/logo/3/7/5/0/4/1/cf04bd32-016c-48d1-bdb8-131632c67776.jpg"
"https://www.hepsiemlak.com/mugla-seydikemer-gerisburnu-kiralik/daire/160235-132","1 / 35","18.000","01/07/2026","Sıfır Dairemiz","Kiralık Daire","3 + 1","120 m²","Sıfır Bina","·","Kat","2. Kat","Muğla / Seydikemer / Gerişburnu Mah.","https://hecdn01.hemlak.com/mncropresize/182/137/ds01/7/0/7/5/1/4/6/4/75eb1dd2-4c5d-4aa2-b94c-d4c765ce2177.jpg","Mirsu Gayrimenkul Fethıye","WhatsApp","Hasan
                  Pekdağlı","https://hecdnnw.hemlak.com/mncropresize/77/67/firmuser/1/6/5/9/7/4/4/30a2f306-2876-4cc1-997b-a97f7d9e5370.jpg",""
"https://www.hepsiemlak.com/mugla-marmaris-sariana-kiralik/daire/162476-38","1 / 12","40.000","06/07/2026","Emre Emlak Sarıanada Ara Kat Kiralık Daire","Kiralık Daire","2 + 1","95 m²","25 Yaşında","·","Kat","1. Kat","Muğla / Marmaris / Sarıana Mah.","https://hecdnnw.hemlak.com/mncropresize/77/67/firmuser/2/4/9/1/4/5/4/aeeea066-2826-445c-8785-50939f3dd2ef.jpg","Emre Emlak Marmaris","WhatsApp","Necdet
                  Emre","",""
"https://www.hepsiemlak.com/mugla-fethiye-oludeniz-kiralik/daire/0-24674156","1 / 9","15.000","09/07/2026","Ölüdenizde Kiralık Müstakil Girişli Küçük Bahçeli Daire","Kiralık Daire","1 + 1","40 m²","10 Yaşında","·","Kat","Bahçe Katı","Muğla / Fethiye / Ölüdeniz Mah.","","","WhatsApp","","",""
"https://www.hepsiemlak.com/mugla-milas-ismet-pasa-kiralik/daire/166724-133","1 / 14","25.000","15/06/2026","Garipoğulları'ndan Merkezde 3+1 Kapalı Mutfak","Kiralık Daire","3 + 1","130 m²","11 Yaşında","·","Kat","2. Kat","Muğla / Milas / İsmet Paşa Mah.","https://hecdnnw.hemlak.com/mncropresize/77/67/logo/4/2/7/6/6/1/e47b809b-d774-47a6-99c6-25d3b0c9f6fd.jpg","Garipoğulları Gayrimenkul","WhatsApp","","",""
"https://www.hepsiemlak.com/mugla-bodrum-yokusbasi-kiralik/villa/64802-7300","1 / 34","240.000","08/09/2026","Bodrum Yokuşbaşı Kiralık Deniz Manzaralı Özel Havuzlu Tripleks","Kiralık Villa","3 + 1","150 m²","6 Yaşında","·","Kat","Bahçe Katı","Muğla / Bodrum / Yokuşbaşı Mah.","https://hecdn01.hemlak.com/mncropresize/182/137/ds01/2/4/6/9/8/8/6/4/50b5c475-7d56-4af8-911d-515ef74d4157.jpg","Hedef Gayrimenkul","WhatsApp","","","https://hecdnnw.hemlak.com/mncropresize/77/67/logo/2/0/8/4/6/0/174435d7-6f3a-4252-be86-4143e90e9fba.jpg"
"https://www.hepsiemlak.com/mugla-bodrum-bitez-kiralik/daire/135522-432","1 / 23","48.000","19/08/2026","Bitez Deniz Manzaralı Residance","Kiralık Daire","1 + 1","60 m²","6 Yaşında","·","Kat","2. Kat","Muğla / Bodrum / Bitez Mah.","https://www.hepsiemlak.com/_nuxt/8cafc93fb5c74c75e9e04e528e02ccdf.jpg","Yükselen Gayrimenkul","WhatsApp","","","https://www.hepsiemlak.com/_nuxt/8cafc93fb5c74c75e9e04e528e02ccdf.jpg"
"https://www.hepsiemlak.com/mugla-bodrum-eskicesme-kiralik/mustakil-ev/65421-1463","1 / 14","75.000","15/06/2026","Bodrum Merkez Alt Üst Müstakil Bahçeli İş Yeri ….","Kiralık Müstakil Ev","2 + 1","80 m²","30 Yaşında","·","Kat","","Muğla / Bodrum / Eskiçeşme Mah.","https://www.hepsiemlak.com/_nuxt/8cafc93fb5c74c75e9e04e528e02ccdf.jpg","Bodrum Kule Emlak","WhatsApp","Nihal
                  Sakarya","https://www.hepsiemlak.com/_nuxt/8cafc93fb5c74c75e9e04e528e02ccdf.jpg","https://www.hepsiemlak.com/_nuxt/8cafc93fb5c74c75e9e04e528e02ccdf.jpg"
"https://www.hepsiemlak.com/mugla-dalaman-sogutluyurt-kiralik/daire/146387-846","1 / 19","25.500","31/08/2026","Airport Emlaktan Eşyalı Havuzlu 1+1 Kiralık Daire","Kiralık Daire","1 + 1","60 m²","3 Yaşında","·","Kat","3. Kat","Muğla / Dalaman / Söğütlüyurt Mah.","https://www.hepsiemlak.com/_nuxt/8cafc93fb5c74c75e9e04e528e02ccdf.jpg","Dalaman Aırport Emlak","WhatsApp","Hakan
                  Kılavuz","https://www.hepsiemlak.com/_nuxt/8cafc93fb5c74c75e9e04e528e02ccdf.jpg","https://www.hepsiemlak.com/_nuxt/8cafc93fb5c74c75e9e04e528e02ccdf.jpg"
"https://www.hepsiemlak.com/mugla-fethiye-foca-kiralik/daire/135231-2799","1 / 44","55.000","24/08/2026","Stop'tan Çalış Plajına 200m.Mesafede 2+1 Eşyalı Kiralık Daire","Kiralık Daire","2 + 1","110 m²","21 Yaşında","·","Kat","Giriş Katı","Muğla / Fethiye / Foça Mah.","https://www.hepsiemlak.com/_nuxt/8cafc93fb5c74c75e9e04e528e02ccdf.jpg","Stop Gayrimenkul","WhatsApp","","","https://www.hepsiemlak.com/_nuxt/8cafc93fb5c74c75e9e04e528e02ccdf.jpg"
"https://www.hepsiemlak.com/mugla-ortaca-ataturk-kiralik/daire/126009-505","1 / 21","38.000","08/08/2026","Murat Çimen'den Ortaca Merkezde 3+1 Eşyalı Kiralık Daire","Kiralık Daire","3 + 1","135 m²","16 Yaşında","·","Kat","1. Kat","Muğla / Ortaca / Atatürk Mah.","https://www.hepsiemlak.com/_nuxt/8cafc93fb5c74c75e9e04e528e02ccdf.jpg","Murat Çimen Gayrimenkul","WhatsApp","Murat
                  Çimen","https://www.hepsiemlak.com/_nuxt/8cafc93fb5c74c75e9e04e528e02ccdf.jpg","https://www.hepsiemlak.com/_nuxt/8cafc93fb5c74c75e9e04e528e02ccdf.jpg"
"https://www.hepsiemlak.com/mugla-bodrum-turgutreis-kiralik/villa/142707-169","1 / 60","200.000","31/08/2026","Büyülü Doyumsuz Nefis Bir Manzara * Tek Kat * Özel Havuzlu Villa","Kiralık Villa","4 + 1","300 m²","4 Yaşında","·","Kat","","Muğla / Bodrum / Turgutreis Mah.","https://www.hepsiemlak.com/_nuxt/8cafc93fb5c74c75e9e04e528e02ccdf.jpg","Bodrum Bulut Gayrimenkul","WhatsApp","Metin
                  Sucu","https://www.hepsiemlak.com/_nuxt/8cafc93fb5c74c75e9e04e528e02ccdf.jpg","https://www.hepsiemlak.com/_nuxt/8cafc93fb5c74c75e9e04e528e02ccdf.jpg"
"https://www.hepsiemlak.com/mugla-bodrum-yalikavak-kiralik/villa/79583-1635","1 / 39","300.000","20/06/2026","Exper'den Yalıkavak'ın Prestijli Bölgesinde Yıllık Kiralık Villa","Kiralık Villa","5 + 2","670 m²","2 Yaşında","·","Kat","Bahçe Katı","Muğla / Bodrum / Yalıkavak Mah.","https://www.hepsiemlak.com/_nuxt/8cafc93fb5c74c75e9e04e528e02ccdf.jpg","Exper Gayrimenkul","WhatsApp","","","https://www.hepsiemlak.com/_nuxt/8cafc93fb5c74c75e9e04e528e02ccdf.jpg"
"https://www.hepsiemlak.com/mugla-dalaman-altintas-kiralik/daire/142733-1282","1 / 43","29.000","18/08/2026","Mine Emlaktan Doğa Park Sitesinde Eşyalı 2+1 Daire","Kiralık Daire","2 + 1","110 m²","5 Yaşında","·","Kat","3. Kat","Muğla / Dalaman / Altıntas Mah.","https://www.hepsiemlak.com/_nuxt/8cafc93fb5c74c75e9e04e528e02ccdf.jpg","Mine Emlak","WhatsApp","","","https://www.hepsiemlak.com/_nuxt/8cafc93fb5c74c75e9e04e528e02ccdf.jpg"
"https://www.hepsiemlak.com/mugla-koycegiz-gelisim-kiralik/daire/134699-2222","1 / 19","25.500","09/09/2026","Köyceğiz Gelişim Mahallesinde Eşyalı 2+1 Kiralık Daire","Kiralık Daire","2 + 1","90 m²","14 Yaşında","·","Kat","En Üst Kat","Muğla / Köyceğiz / Gelişim Mah.","https://www.hepsiemlak.com/_nuxt/8cafc93fb5c74c75e9e04e528e02ccdf.jpg","","WhatsApp","","",""
"https://www.hepsiemlak.com/mugla-dalaman-karacali-kiralik/daire/10402-11482","1 / 16","38.000","19/08/2026","Dalaman Merkez Pazaryeri Kiralık 2+1 Ofis / İşyeri Uygun","Kiralık Daire","2 + 1","100 m²","2 Yaşında","·","Kat","1. Kat","Muğla / Dalaman / Karaçalı Mah.","https://www.hepsiemlak.com/_nuxt/8cafc93fb5c74c75e9e04e528e02ccdf.jpg","","WhatsApp","","",""
"https://www.hepsiemlak.com/mugla-mentese-yenikoy-kiralik/daire/76834-3020","1 / 20","21.000","30/08/2026","Muğla Kötekli Mah. Özel Harekat Karşısında 1+1 Kiralık Daire","Kiralık Daire","1 + 1","50 m²","11 Yaşında","·","Kat","Yüksek Giriş","Muğla / Menteşe / Yeniköy Mah.","https://www.hepsiemlak.com/_nuxt/8cafc93fb5c74c75e9e04e528e02ccdf.jpg","Muğla Kampüs Emlak","WhatsApp","İlker Barış
                  Kalaç","https://www.hepsiemlak.com/_nuxt/8cafc93fb5c74c75e9e04e528e02ccdf.jpg","https://www.hepsiemlak.com/_nuxt/8cafc93fb5c74c75e9e04e528e02ccdf.jpg"
"https://www.hepsiemlak.com/mugla-datca-iskele-kiralik/daire/0-44609569","1 / 8","30.000","27/08/2026","İskele Mah Kiralık  Dönemsel","Kiralık Daire","1 + 1","70 m²","10 Yaşında","·","Kat","Giriş Katı","Muğla / Datça / İskele Mah.","https://www.hepsiemlak.com/_nuxt/8cafc93fb5c74c75e9e04e528e02ccdf.jpg","","WhatsApp","","",""
"https://www.hepsiemlak.com/mugla-bodrum-akyarlar-kiralik/daire/56203-4903","1 / 24","200.000","13/07/2026","Akyarlarda Denize Sıfır, Özel Plajlı 2+1 Kiralık Dubleks","Kiralık Daire","2 + 1","80 m²","26 Yaşında","·","Kat","Giriş Katı","Muğla / Bodrum / Akyarlar Mah.","https://www.hepsiemlak.com/_nuxt/8cafc93fb5c74c75e9e04e528e02ccdf.jpg","Yalıhan Emlak","WhatsApp","Ayhan
                  Küçük","https://www.hepsiemlak.com/_nuxt/8cafc93fb5c74c75e9e04e528e02ccdf.jpg","https://www.hepsiemlak.com/_nuxt/8cafc93fb5c74c75e9e04e528e02ccdf.jpg"
"https://www.hepsiemlak.com/mugla-ortaca-dalyan-kiralik/daire/162239-134","1 / 19","35.000","29/08/2026","Ersoy Emlaktan Dalyanda Eşyalı Geniş 2+1 Kiralık Daire","Kiralık Daire","2 + 1","120 m²","6 Yaşında","·","Kat","Yüksek Giriş","Muğla / Ortaca / Dalyan Mah.","https://www.hepsiemlak.com/_nuxt/8cafc93fb5c74c75e9e04e528e02ccdf.jpg","Ortaca Leon Gayrimenkul","WhatsApp","","","https://www.hepsiemlak.com/_nuxt/8cafc93fb5c74c75e9e04e528e02ccdf.jpg"
"https://www.hepsiemlak.com/mugla-milas-emek-kiralik/daire/148115-66","1 / 22","25.000","20/06/2026","Ayaz'dan Emek Mahallesinde Kiralık 2+1 Daire","Kiralık Daire","2 + 1","100 m²","16 Yaşında","·","Kat","Bahçe Katı","Muğla / Milas / Emek Mah.","https://www.hepsiemlak.com/_nuxt/8cafc93fb5c74c75e9e04e528e02ccdf.jpg","Ayaz Gayrimenkul","WhatsApp","","","https://www.hepsiemlak.com/img/loadings/noImage55-55.png"
"https://www.hepsiemlak.com/mugla-bodrum-mumcular-kiralik/daire/140273-334","1 / 17","27.000","08/07/2026","Mumcular Bayır Mahallesinde Kiralık 3+1 Daire","Kiralık Daire","3 + 1","100 m²","1 Yaşında","·","Kat","2. Kat","Muğla / Bodrum / Mumcular Mah.","https://www.hepsiemlak.com/_nuxt/8cafc93fb5c74c75e9e04e528e02ccdf.jpg","Eylül Emlak","WhatsApp","","","https://www.hepsiemlak.com/img/loadings/noImage55-55.png"
"https://www.hepsiemlak.com/mugla-bodrum-turgutreis-kiralik/daire/117705-295","1 / 28","60.000","27/06/2026","Asya Gayrimenkul'den Merkez'de Kiralık Lüks 2+1 Bahçe Kat Daire","Kiralık Daire","2 + 1","80 m²","3 Yaşında","·","Kat","Bahçe Katı","Muğla / Bodrum / Turgutreis Mah.","https://www.hepsiemlak.com/_nuxt/8cafc93fb5c74c75e9e04e528e02ccdf.jpg","Asya Gayrimenkul","WhatsApp","","","https://www.hepsiemlak.com/_nuxt/8cafc93fb5c74c75e9e04e528e02ccdf.jpg"
"https://www.hepsiemlak.com/mugla-bodrum-kumbahce-kiralik/villa/64802-7290","1 / 35","250.000","03/07/2026","Bodrum Kumbahçe Plaja Yürüme Mesafesinde Kiralık Villa","Kiralık Villa","2 + 1","185 m²","21 Yaşında","·","Kat","Bahçe Katı","Muğla / Bodrum / Kumbahçe Mah.","https://www.hepsiemlak.com/_nuxt/8cafc93fb5c74c75e9e04e528e02ccdf.jpg","Hedef Gayrimenkul","WhatsApp","","","https://www.hepsiemlak.com/_nuxt/8cafc93fb5c74c75e9e04e528e02ccdf.jpg"
"https://www.hepsiemlak.com/mugla-bodrum-yalikavak-kiralik/villa/135522-374","1 / 20","70.000","07/09/2026","Yalıkavak Deniz Manzaralı Tripleks Villa","Kiralık Villa","3 + 2","400 m²","6 Yaşında","·","Kat","","Muğla / Bodrum / Yalıkavak Mah.","https://www.hepsiemlak.com/_nuxt/8cafc93fb5c74c75e9e04e528e02ccdf.jpg","Yükselen Gayrimenkul","WhatsApp","","","https://www.hepsiemlak.com/_nuxt/8cafc93fb5c74c75e9e04e528e02ccdf.jpg"
"https://www.hepsiemlak.com/mugla-marmaris-hatipirimi-kiralik/daire/154371-63","1 / 12","35.000","07/09/2026","Sky'dan Güzel Konumda Aylık Ödemeli Temiz Eşyalı Kiralık Daire","Kiralık Daire","1 + 1","55 m²","16 Yaşında","·","Kat","2. Kat","Muğla / Marmaris / Hatipirimi Mah.","https://www.hepsiemlak.com/_nuxt/8cafc93fb5c74c75e9e04e528e02ccdf.jpg","Sky Gayrimenkul Marmaris","WhatsApp","Uluç Egemen
                  Taykurt","https://www.hepsiemlak.com/_nuxt/8cafc93fb5c74c75e9e04e528e02ccdf.jpg","https://www.hepsiemlak.com/_nuxt/8cafc93fb5c74c75e9e04e528e02ccdf.jpg"