"listingCard__media-link href","listingCard__photo-index","listingCard__price","listingCard__date","listingCard__title","listingCard__spec-item","listingCard__spec-item 2","listingCard__spec-item 3","listingCard__spec-item 4","listingCard__spec-item 5","listingCard__location","wp-btn-label","he-lazy-image src","listingCard__owner-firm","he-lazy-image src 2"
"https://www.hepsiemlak.com/manisa-sehzadeler-mimar-sinan-kiralik/daire/22228-11419","1 / 27","26.500","07/09/2026","Akdeniz Emlak'tan Kiralık Şehzadeler İlç Mimar Sinan Mah 2+1 2 Ara Kat Ful Eşyalı Daire","Kiralık Daire","2 + 1","100 m²","24 Yaşında","Ara Kat","Manisa / Şehzadeler / Mimar Sinan Mah.","WhatsApp","","",""
"https://www.hepsiemlak.com/manisa-yunusemre-ataturk-kiralik/daire/22228-11325","1 / 36","25.000","08/09/2026","Akdeniz Emlak'tan Kiralık Yunus Emre Atatürk Mah 2+1 Daire","Kiralık Daire","2 + 1","90 m²","9 Yaşında","En Üst Kat","Manisa / Yunusemre / Atatürk Mah.","WhatsApp","","",""
"https://www.hepsiemlak.com/manisa-yunusemre-karaali-kiralik/daire/134090-1299","1 / 30","35.000","08/09/2026","Göral Emlak'tan Villalar Bölgesinde 2+1 Eşyalı Kiralık Daire","Kiralık Daire","2 + 1","85 m²","5 Yaşında","2. Kat","Manisa / Yunusemre / Karaali Mah.","WhatsApp","https://hecdnnw.hemlak.com/mncropresize/77/67/logo/0/9/0/4/3/1/d6e5843a-7d62-43b8-970d-7a5a4d03b9ae.jpg","Göral Emlak",""
"https://www.hepsiemlak.com/manisa-akhisar-resat-bey-kiralik/daire/143974-467","1 / 18","16.000","07/09/2026","🏡 Manisa Akhisar Reşatbey Mah. ‼️kaçırılmaz Fırsat Kiralık 2+1 Ara Kat Doğal Gazlı Daire!","Kiralık Daire","2 + 1","115 m²","4 Yaşında","Ara Kat","Manisa / Akhisar / Reşat Bey Mah.","WhatsApp","https://hecdn01.hemlak.com/mncropresize/182/137/ds01/3/2/6/4/2/9/6/4/1785655014860-46924623.jpg","",""
"https://www.hepsiemlak.com/manisa-turgutlu-altay-kiralik/daire/159995-145","1 / 10","25.000","27/08/2026","Altay Mahallesinde Eşyalı Kiralık Daire","Kiralık Daire","2 + 1","85 m²","3 Yaşında","1. Kat","Manisa / Turgutlu / Altay Mah.","WhatsApp","https://hecdn01.hemlak.com/mncropresize/182/137/ds01/6/4/3/9/9/1/7/4/f0ab5fa2-7cdc-4a39-aaa7-a1a2cbe28919.jpg","Turgutlu Sinan Emlak","https://hecdnnw.hemlak.com/mncropresize/77/67/logo/5/9/9/9/5/1/0355cf6f-ebc3-4b06-9cfd-d9175425d129.jpg"
"https://www.hepsiemlak.com/manisa-yunusemre-cumhuriyet-kiralik/daire/143974-475","1 / 31","22.500","10/09/2026","🏕manisa Yunusemre Cumhuriyet Mah.❗️medikana Hast.Yakın Giriş Kat  Doğalgazlı  Kiralık 2+1 Daire","Kiralık Daire","2 + 1","110 m²","20 Yaşında","Yüksek Giriş","Manisa / Yunusemre / Cumhuriyet Mah.","WhatsApp","https://hecdn01.hemlak.com/mncropresize/182/137/ds01/2/4/9/9/6/2/7/4/1788943112216-47269942.jpg","",""
"https://www.hepsiemlak.com/manisa-yunusemre-muradiye-kiralik/daire/139321-807","1 / 25","16.500","10/09/2026","Cumhuriyet İlkokulu Yakınında Sessiz Ve Ferah Kiralık 2+1","Kiralık Daire","2 + 1","90 m²","6 Yaşında","Yüksek Giriş","Manisa / Yunusemre / Muradiye Mah.","WhatsApp","https://hecdn01.hemlak.com/mncropresize/182/137/ds01/0/7/4/8/7/2/7/4/9f9e9586-dc41-452b-95a0-bbf62a8ec32e.jpg","Okatan Gayrimenkul","https://hecdnnw.hemlak.com/mncropresize/77/67/logo/1/2/3/9/3/1/b09c279f-bbc1-422d-9535-979fba33016c.jpg"
"https://www.hepsiemlak.com/manisa-yunusemre-kuyualan-kiralik/daire/124272-625","1 / 17","25.000","10/09/2026","Manisa Yunus Emre Kuyualan Mah. Kiralık 3+1 Daire.","Kiralık Daire","3 + 1","117 m²","16 Yaşında","3. Kat","Manisa / Yunusemre / Kuyualan Mah.","WhatsApp","https://hecdn01.hemlak.com/mncropresize/182/137/ds01/4/3/1/7/7/2/7/4/985cdef9-c523-4afc-a5f1-a32633063381.jpg","Turpa Sılver Şirinyer",""
"https://www.hepsiemlak.com/manisa-yunusemre-muradiye-kiralik/daire/164466-17","1 / 35","16.500","10/09/2026","Manisa Yunusemre Muradiye Mahallesi'nde 2+1 Açık Mutfaklı Kiralık Arakat Daire 16500 Tl","Kiralık Daire","2 + 1","80 m²","6 Yaşında","Ara Kat","Manisa / Yunusemre / Muradiye Mah.","WhatsApp","https://hecdn01.hemlak.com/mncropresize/182/137/ds01/6/0/0/4/3/0/7/4/1785398938294-47034006.jpg","Bahadır Emlak","https://hecdnnw.hemlak.com/mncropresize/77/67/logo/6/6/4/4/6/1/c2b527c0-2edb-4776-8f35-22040ad41398.jpg"
"https://www.hepsiemlak.com/manisa-yunusemre-muradiye-kiralik/bina/164466-15","1 / 24","18.000","10/09/2026","Manisa Yunusemre Muradiye Mahallesi'nde Eşyalı 1+1 Arakat Daire 18000 Tl","Kiralık Bina","1 + 1","65 m²","5 Yaşında","","Manisa / Yunusemre / Muradiye Mah.","WhatsApp","https://hecdn01.hemlak.com/mncropresize/182/137/ds01/7/6/5/1/8/9/6/4/1784634876347-46981567.jpg","Bahadır Emlak","https://hecdnnw.hemlak.com/mncropresize/77/67/logo/6/6/4/4/6/1/c2b527c0-2edb-4776-8f35-22040ad41398.jpg"
"https://www.hepsiemlak.com/manisa-sehzadeler-peker-kiralik/daire/164179-121","1 / 22","30.000","09/09/2026","Peker Mah. 3+1 Eşyalı Kiralık Daire","Kiralık Daire","3 + 1","115 m²","21 Yaşında","4. Kat","Manisa / Şehzadeler / Peker Mah.","WhatsApp","https://hecdn01.hemlak.com/mncropresize/182/137/ds01/1/4/9/5/2/8/6/4/75846a70-67ae-47f6-874b-f107de449d93.jpg","Sel Emlak","https://hecdnnw.hemlak.com/mncropresize/77/67/logo/9/7/1/4/6/1/b45d98f5-a944-434d-abbd-77f000f1b2b3.jpg"
"https://www.hepsiemlak.com/manisa-yunusemre-guzelyurt-kiralik/daire/154167-596","1 / 34","70.000","10/09/2026","Güzelyurt'un Elit Sitelerinden Atlantis-4'te Lüks Kiralık 3+1 Daire","Kiralık Daire","3 + 1","145 m²","4 Yaşında","4. Kat","Manisa / Yunusemre / Güzelyurt Mah.","WhatsApp","https://hecdn01.hemlak.com/mncropresize/182/137/ds01/7/8/4/0/4/6/6/4/1782122699713-46640487.jpg","Remax İlyada 3","https://hecdnnw.hemlak.com/mncropresize/77/67/logo/7/6/1/4/5/1/d0e406aa-6799-4fd1-be5a-843336674d01.jpg"
"https://www.hepsiemlak.com/manisa-akhisar-ulu-camii-kiralik/daire/94137-1529","1 / 29","23.000","09/09/2026","Akhisar Ulucami Mahallesi'nde 2+1 Kiralık Daire","Kiralık Daire","2 + 1","100 m²","Sıfır Bina","3. Kat","Manisa / Akhisar / Ulu Camii Mah.","WhatsApp","https://hecdn01.hemlak.com/mncropresize/182/137/ds01/4/0/8/1/7/2/7/4/1788954425754-47271804.jpg","",""
"https://www.hepsiemlak.com/manisa-turgutlu-yildirim-kiralik/daire/107696-1763","1 / 23","18.500","09/09/2026","Eymen Emlaktan Yıldırım Mh. 3+1 Kiralık Doğalgazlı Daire 🏡","Kiralık Daire","3 + 1","125 m²","18 Yaşında","4. Kat","Manisa / Turgutlu / Yıldırım Mah.","WhatsApp","https://hecdn01.hemlak.com/mncropresize/182/137/ds01/9/7/0/6/0/0/7/4/1784969673125-47006079.jpg","Eymen Emlak","https://hecdnnw.hemlak.com/mncropresize/77/67/logo/6/9/6/7/0/1/58324a4a-6b71-44f1-95dc-de555770fe7c.jpg"
"https://www.hepsiemlak.com/manisa-yunusemre-muradiye-kiralik/daire/168486-6","1 / 10","20.000","10/09/2026","Manisa Muradiye 1+1 Eşyalı Kiralık Daire","Kiralık Daire","1 + 1","85 m²","4 Yaşında","3. Kat","Manisa / Yunusemre / Muradiye Mah.","WhatsApp","https://hecdn01.hemlak.com/mncropresize/182/137/ds01/9/7/9/4/7/2/7/4/1788987560165-47274979.jpg","Kaçmaz Yunusemre Temsilciliği","https://www.hepsiemlak.com/img/loadings/noImage55-55.png"
"https://www.hepsiemlak.com/manisa-yunusemre-muradiye-kiralik/daire/70124-4099","1 / 18","44.000","09/09/2026","Karaali Havuzlu Site İçinde Kiralık 2+1 Zemin Dublex","Kiralık Daire","2 + 1","90 m²","8 Yaşında","Bahçe Katı","Manisa / Yunusemre / Muradiye Mah.","WhatsApp","https://hecdn01.hemlak.com/mncropresize/182/137/ds01/5/4/4/8/5/0/7/4/1785759656-4004822-47058445.jpeg","",""
"https://www.hepsiemlak.com/manisa-akhisar-ulu-camii-kiralik/daire/94137-1528","1 / 25","21.000","09/09/2026","Akhisar Ulucami Mahallesi'nde 2+1 Kiralık Daire","Kiralık Daire","2 + 1","100 m²","Sıfır Bina","1. Kat","Manisa / Akhisar / Ulu Camii Mah.","WhatsApp","https://hecdn01.hemlak.com/mncropresize/182/137/ds01/1/4/1/9/6/2/7/4/1788936587080-47269141.jpg","",""
"https://www.hepsiemlak.com/manisa-salihli-cumhuriyet-kiralik/daire/0-47274039","1 / 18","26.500","09/09/2026","Sahıbinden Kiralık 3+1 Ara Kat Asansörlü Genış Daıre","Kiralık Daire","3 + 1","135 m²","18 Yaşında","3. Kat","Manisa / Salihli / Cumhuriyet Mah.","WhatsApp","https://hecdn01.hemlak.com/mncropresize/182/137/ds01/9/3/0/4/7/2/7/4/1788969047-7551441-47274039.jpeg","",""
"https://www.hepsiemlak.com/manisa-akhisar-kethuda-kiralik/daire/163781-79","1 / 23","16.000","09/09/2026","Ayverdi Emlak Dan Merkeze Yakın Geniş 2+1 Kiralık Daire","Kiralık Daire","2 + 1","120 m²","16 Yaşında","4. Kat","Manisa / Akhisar / Kethüda Mah.","WhatsApp","https://hecdn01.hemlak.com/mncropresize/182/137/ds01/4/4/2/5/5/2/6/4/1ca18305-3d0c-4a20-b635-ed46a0b75742.jpg","Ayverdi Emlak","https://hecdnnw.hemlak.com/mncropresize/77/67/logo/1/8/7/3/6/1/829a6d26-0698-41ff-a1eb-29d462199c2d.jpg"
"https://www.hepsiemlak.com/manisa-yunusemre-hafsa-sultan-kiralik/daire/70124-4114","1 / 13","35.000","10/09/2026","Merkezefendi Hastanesi Karşısı Kiralık 1+1 Arakat","Kiralık Daire","1 + 1","90 m²","8 Yaşında","3. Kat","Manisa / Yunusemre / Hafsa Sultan Mah.","WhatsApp","https://hecdn01.hemlak.com/mncropresize/182/137/ds01/8/3/9/5/0/2/7/4/1787918650-208983-47205938.jpeg","",""
"https://www.hepsiemlak.com/manisa-yunusemre-guzelyurt-kiralik/daire/164179-169","1 / 18","35.000","09/09/2026","Güzelyurt Ontan Sitesinde Kiralık 2+1 Daire","Kiralık Daire","2 + 1","75 m²","6 Yaşında","2. Kat","Manisa / Yunusemre / Güzelyurt Mah.","WhatsApp","https://hecdn01.hemlak.com/mncropresize/182/137/ds01/3/4/6/0/3/2/7/4/94fb7f1d-a388-48c5-aaa8-c82d93b03bbf.jpg","Sel Emlak","https://hecdnnw.hemlak.com/mncropresize/77/67/logo/9/7/1/4/6/1/b45d98f5-a944-434d-abbd-77f000f1b2b3.jpg"
"https://www.hepsiemlak.com/manisa-sehzadeler-peker-kiralik/daire/70124-4118","1 / 10","32.000","10/09/2026","Peker Mahallesi Kiralık 1+1 Eşyalı Daire","Kiralık Daire","1 + 1","55 m²","1 Yaşında","5. Kat","Manisa / Şehzadeler / Peker Mah.","WhatsApp","https://hecdn01.hemlak.com/mncropresize/182/137/ds01/5/7/5/5/7/2/7/4/1789024693-811132-47275575.jpeg","",""
"https://www.hepsiemlak.com/manisa-salihli-kurtulus-kiralik/daire/140101-62","1 / 9","22.000","10/09/2026","Salihli Kurtuluş Mahallesinde Kiralık 2+1 Daire","Kiralık Daire","2 + 1","95 m²","8 Yaşında","4. Kat","Manisa / Salihli / Kurtuluş Mah.","WhatsApp","https://hecdn01.hemlak.com/mncropresize/182/137/ds01/4/2/6/9/2/1/7/4/1786779487-098984-47129624.jpeg","",""
"https://www.hepsiemlak.com/manisa-akhisar-inonu-kiralik/daire/94137-1526","1 / 37","22.000","09/09/2026","Akhisar İnönü Mahallesi'nde 3+1 Kiralık Daire","Kiralık Daire","3 + 1","140 m²","25 Yaşında","4. Kat","Manisa / Akhisar / İnönü Mah.","WhatsApp","https://hecdn01.hemlak.com/mncropresize/182/137/ds01/7/1/8/5/4/2/7/4/1788521660695-47245817.jpg","",""
"https://www.hepsiemlak.com/manisa-sehzadeler-adakale-kiralik/daire/154167-845","1 / 21","30.000","08/09/2026","Sultan Parkı Yanında Tam Eşyalı 2+1 Kiralık Daire","Kiralık Daire","2 + 1","100 m²","48 Yaşında","6. Kat","Manisa / Şehzadeler / Adakale Mah.","WhatsApp","https://hecdnnw.hemlak.com/mncropresize/77/67/logo/7/6/1/4/5/1/d0e406aa-6799-4fd1-be5a-843336674d01.jpg","Remax İlyada 3",""
"https://www.hepsiemlak.com/manisa-akhisar-hurriyet-kiralik/daire/168888-28","1 / 21","24.000","04/09/2026","Benim Emlaktan Site İçerisinde 2+1kiralık Daire","Kiralık Daire","2 + 1","100 m²","6 Yaşında","7. Kat","Manisa / Akhisar / Hürriyet Mah.","WhatsApp","","",""
"https://www.hepsiemlak.com/manisa-yunusemre-muradiye-kiralik/daire/150932-109","1 / 26","18.000","03/09/2026","Manisa Muradiye Mah. 2+1 K. Mutfak Teraslı Kiralık Daire","Kiralık Daire","2 + 1","100 m²","6 Yaşında","2. Kat","Manisa / Yunusemre / Muradiye Mah.","WhatsApp","https://hecdnnw.hemlak.com/mncropresize/77/67/logo/2/3/9/0/5/1/3af6dab2-3190-4d0e-b0c8-9f5d23de1024.jpg","Ege Doğuş Gayrimenkul",""
"https://www.hepsiemlak.com/manisa-akhisar-efendi-kiralik/daire/162406-505","1 / 11","17.000","10/09/2026","Mustafa Başyiğit Emlak'tan Kiralık Daire Efendi Mahallesi","Kiralık Daire","2 + 1","85 m²","Sıfır Bina","1. Kat","Manisa / Akhisar / Efendi Mah.","WhatsApp","https://hecdn01.hemlak.com/mncropresize/182/137/ds01/0/4/9/5/7/2/7/4/6dafcf9e-7daf-4b6e-a92b-6766e6a9f2fd.jpg","Mustafa Başyiğit Emlak","https://hecdnnw.hemlak.com/mncropresize/77/67/logo/6/0/4/2/6/1/7352a193-bcd7-438c-979c-0eaa727111e3.jpg"
"https://www.hepsiemlak.com/manisa-saruhanli-cengiz-topel-kiralik/daire/166640-91","1 / 13","16.000","09/09/2026","Bütün Devlet Kurumlarına Yürüme Mesafesi 2+1 Sıfır Kiralık Daire","Kiralık Daire","2 + 1","70 m²","Sıfır Bina","Yüksek Giriş","Manisa / Saruhanlı / Cengiz Topel Mah.","WhatsApp","https://www.hepsiemlak.com/_nuxt/8cafc93fb5c74c75e9e04e528e02ccdf.jpg","",""
"https://www.hepsiemlak.com/manisa-turgutlu-selvilitepe-kiralik/daire/166851-97","1 / 9","26.000","09/09/2026","Çardak Evlerinde Eşyalı 1+1 Kiralık Daire","Kiralık Daire","1 + 1","60 m²","2 Yaşında","2. Kat","Manisa / Turgutlu / Selvilitepe Mah.","WhatsApp","https://www.hepsiemlak.com/_nuxt/8cafc93fb5c74c75e9e04e528e02ccdf.jpg","Century 21 Elit Turgutlu","https://www.hepsiemlak.com/_nuxt/8cafc93fb5c74c75e9e04e528e02ccdf.jpg"
"https://www.hepsiemlak.com/manisa-yunusemre-muradiye-kiralik/daire/64671-867","1 / 18","14.000","08/09/2026","Fiyat Düştü! Öz Elit Emlak'tan Muradiye'de Kiralık 1+1 Ara Kat Daire 14.000 Tl.","Kiralık Daire","1 + 1","70 m²","6 Yaşında","4. Kat","Manisa / Yunusemre / Muradiye Mah.","WhatsApp","https://www.hepsiemlak.com/_nuxt/8cafc93fb5c74c75e9e04e528e02ccdf.jpg","",""
"https://www.hepsiemlak.com/manisa-saruhanli-cengiz-topel-kiralik/daire/90814-481","1 / 17","17.500","06/09/2026","Cengiz Topel Mahallesi Atatürk Caddesi Üzerinde Kiralık Daire","Kiralık Daire","2 + 1","85 m²","Sıfır Bina","3. Kat","Manisa / Saruhanlı / Cengiz Topel Mah.","WhatsApp","https://www.hepsiemlak.com/_nuxt/8cafc93fb5c74c75e9e04e528e02ccdf.jpg","",""
"https://www.hepsiemlak.com/manisa-yunusemre-muradiye-kiralik/daire/159142-217","1 / 23","16.000","04/09/2026","Aras Yapı'dan Havuz Cepheli 1+1 Kiralık Daire","Kiralık Daire","1 + 1","50 m²","Sıfır Bina","2. Kat","Manisa / Yunusemre / Muradiye Mah.","WhatsApp","https://www.hepsiemlak.com/_nuxt/8cafc93fb5c74c75e9e04e528e02ccdf.jpg","",""
"https://www.hepsiemlak.com/manisa-akhisar-resat-bey-kiralik/daire/143974-473","1 / 27","16.000","05/09/2026","🏕🔥❗️manisa Akhisar Reşatbey Mah. ‼️pazarlık Payı Var Kiralık 2+1 Ara Kat Doğal Gazlı Daire!","Kiralık Daire","2 + 1","115 m²","5 Yaşında","Ara Kat","Manisa / Akhisar / Reşat Bey Mah.","WhatsApp","https://www.hepsiemlak.com/_nuxt/8cafc93fb5c74c75e9e04e528e02ccdf.jpg","",""
"https://www.hepsiemlak.com/manisa-yunusemre-muradiye-kiralik/daire/150932-107","1 / 12","18.000","03/09/2026","Manisa Muradiye'de 2+1 Açık Mutfak Ara Kat Kiralık Daire","Kiralık Daire","2 + 1","85 m²","5 Yaşında","2. Kat","Manisa / Yunusemre / Muradiye Mah.","WhatsApp","https://www.hepsiemlak.com/_nuxt/8cafc93fb5c74c75e9e04e528e02ccdf.jpg","Ege Doğuş Gayrimenkul","https://www.hepsiemlak.com/_nuxt/8cafc93fb5c74c75e9e04e528e02ccdf.jpg"
"https://www.hepsiemlak.com/manisa-akhisar-ataturk-kiralik/daire/94137-1325","1 / 14","13.000","09/09/2026","Akhisar Atatürk Mahallesi'nde 2+1 Kiralık Daire","Kiralık Daire","2 + 1","100 m²","30 Yaşında","2. Kat","Manisa / Akhisar / Atatürk Mah.","WhatsApp","https://www.hepsiemlak.com/_nuxt/8cafc93fb5c74c75e9e04e528e02ccdf.jpg","",""
"https://www.hepsiemlak.com/manisa-yunusemre-muradiye-kiralik/daire/159142-212","1 / 20","17.000","03/09/2026","Aras Yapı'dan Muradiye'de Havuzlu Site İçi Kiralık Daire","Kiralık Daire","1 + 1","60 m²","Sıfır Bina","3. Kat","Manisa / Yunusemre / Muradiye Mah.","WhatsApp","https://www.hepsiemlak.com/_nuxt/8cafc93fb5c74c75e9e04e528e02ccdf.jpg","",""
"https://www.hepsiemlak.com/manisa-yunusemre-mutlu-kiralik/daire/164179-146","1 / 19","16.500","09/09/2026","Mutlu Mahallesi Kiralık 2+1 Daire","Kiralık Daire","2 + 1","90 m²","21 Yaşında","5. Kat","Manisa / Yunusemre / Mutlu Mah.","WhatsApp","https://www.hepsiemlak.com/_nuxt/8cafc93fb5c74c75e9e04e528e02ccdf.jpg","Sel Emlak","https://www.hepsiemlak.com/_nuxt/8cafc93fb5c74c75e9e04e528e02ccdf.jpg"
"https://www.hepsiemlak.com/manisa-saruhanli-kurtulus-kiralik/daire/90814-482","1 / 16","16.000","03/09/2026","Kurtuluş Mahallesi Atatürk Caddesi Üzerinde Kiralık Açık Mutfaklı 2+1 Daire","Kiralık Daire","2 + 1","120 m²","7 Yaşında","2. Kat","Manisa / Saruhanlı / Kurtuluş Mah.","WhatsApp","https://www.hepsiemlak.com/_nuxt/8cafc93fb5c74c75e9e04e528e02ccdf.jpg","",""
"https://www.hepsiemlak.com/manisa-yunusemre-uncubozkoy-kiralik/daire/94966-886","1 / 12","43.000","09/09/2026","Manisa Cbü Tıp Fakültesi'ne 200 M Yürüme Mesafesinde 2+1 Daire","Kiralık Daire","2 + 1","85 m²","6 Yaşında","2. Kat","Manisa / Yunusemre / Uncubozköy Mah.","WhatsApp","https://www.hepsiemlak.com/_nuxt/8cafc93fb5c74c75e9e04e528e02ccdf.jpg","",""
"https://www.hepsiemlak.com/manisa-alasehir-fatih-kiralik/daire/155862-78","1 / 18","20.000","09/09/2026","Garanti Emlaktan Kiralık 2+1 Açık Mutfak","Kiralık Daire","2 + 1","110 m²","6 Yaşında","4. Kat","Manisa / Alaşehir / Fatih Mah.","WhatsApp","https://www.hepsiemlak.com/_nuxt/8cafc93fb5c74c75e9e04e528e02ccdf.jpg","",""
"https://www.hepsiemlak.com/manisa-salihli-gunes-kiralik/daire/146867-58","1 / 18","24.000","10/09/2026","Kiralık Yeni Daire","Kiralık Daire","2 + 1","90 m²","3 Yaşında","2. Kat","Manisa / Salihli / Güneş Mah.","WhatsApp","https://www.hepsiemlak.com/_nuxt/8cafc93fb5c74c75e9e04e528e02ccdf.jpg","",""
"https://www.hepsiemlak.com/manisa-akhisar-cumhuriyet-kiralik/daire/165672-184","1 / 16","19.500","06/09/2026","Cumhuriyet Mh. Ring Yolu Üzerinde 3+1-130 M² Kiralık Daire","Kiralık Daire","3 + 1","135 m²","6 Yaşında","1. Kat","Manisa / Akhisar / Cumhuriyet Mah.","WhatsApp","https://www.hepsiemlak.com/_nuxt/8cafc93fb5c74c75e9e04e528e02ccdf.jpg","Mutlu Yatırım & Gayrimenkul","https://www.hepsiemlak.com/_nuxt/8cafc93fb5c74c75e9e04e528e02ccdf.jpg"
"https://www.hepsiemlak.com/manisa-yunusemre-topcuasim-kiralik/daire/139321-801","1 / 24","21.500","04/09/2026","Okatandan 2+1 Ful.Öz Asansörlü Aradığınız Kiralık","Kiralık Daire","2 + 1","85 m²","26 Yaşında","6. Kat","Manisa / Yunusemre / Topçuasım Mah.","WhatsApp","https://www.hepsiemlak.com/_nuxt/8cafc93fb5c74c75e9e04e528e02ccdf.jpg","Okatan Gayrimenkul","https://www.hepsiemlak.com/_nuxt/8cafc93fb5c74c75e9e04e528e02ccdf.jpg"
"https://www.hepsiemlak.com/manisa-akhisar-resat-bey-kiralik/daire/169967-4","1 / 29","24.000","05/09/2026","Bk Gayrimenkul'den Reşatbey Mahallesinde Ful  Eşyalı Kiralık Daire","Kiralık Daire","2 + 1","110 m²","15 Yaşında","1. Kat","Manisa / Akhisar / Reşat Bey Mah.","WhatsApp","https://www.hepsiemlak.com/_nuxt/8cafc93fb5c74c75e9e04e528e02ccdf.jpg","Bk Gayrimenkul","https://www.hepsiemlak.com/_nuxt/8cafc93fb5c74c75e9e04e528e02ccdf.jpg"
"https://www.hepsiemlak.com/manisa-yunusemre-merkez-efendi-kiralik/daire/162359-214","1 / 17","29.000","09/09/2026","Merkezefendi Mah 3+1 Kiralık Daire","Kiralık Daire","3 + 1","120 m²","16 Yaşında","2. Kat","Manisa / Yunusemre / Merkez Efendi Mah.","WhatsApp","https://www.hepsiemlak.com/_nuxt/8cafc93fb5c74c75e9e04e528e02ccdf.jpg","Datam Group Gayrimenkul","https://www.hepsiemlak.com/_nuxt/8cafc93fb5c74c75e9e04e528e02ccdf.jpg"
"https://www.hepsiemlak.com/manisa-sehzadeler-mimar-sinan-kiralik/daire/159690-62","1 / 18","18.500","04/09/2026","Mimar Sinan Manisa Merkezinde Kiralık Daire","Kiralık Daire","2 + 1","100 m²","21 Yaşında","5. Kat","Manisa / Şehzadeler / Mimar Sinan Mah.","WhatsApp","https://www.hepsiemlak.com/_nuxt/8cafc93fb5c74c75e9e04e528e02ccdf.jpg","",""
"https://www.hepsiemlak.com/manisa-yunusemre-yeni-mahalle-kiralik/daire/143816-135","1 / 17","28.000","05/09/2026","Yenimahalle De Eşyalı Dgazlı Eşyalı 3+1 Kiralık Daire","Kiralık Daire","3 + 1","125 m²","21 Yaşında","4. Kat","Manisa / Yunusemre / Yeni Mahalle Mah.","WhatsApp","https://www.hepsiemlak.com/_nuxt/8cafc93fb5c74c75e9e04e528e02ccdf.jpg","Parisa Yapı Gayrimenkul","https://www.hepsiemlak.com/_nuxt/8cafc93fb5c74c75e9e04e528e02ccdf.jpg"
"https://www.hepsiemlak.com/manisa-sehzadeler-peker-kiralik/daire/22228-11340","1 / 42","21.000","07/09/2026","Akdeniz Emlak'tan Kiralık Şehzadeler İlç Peker Mah 2+1 90 M2 5 Kat Daire","Kiralık Daire","2 + 1","100 m²","33 Yaşında","En Üst Kat","Manisa / Şehzadeler / Peker Mah.","WhatsApp","","",""
"https://www.hepsiemlak.com/manisa-yunusemre-muradiye-kiralik/daire/156185-599","1 / 23","22.000","08/09/2026","Zeki Emlak'tan Muradiye'de Eşyalı Kiralık 2+1 Daire","Kiralık Daire","2 + 1","85 m²","5 Yaşında","4. Kat","Manisa / Yunusemre / Muradiye Mah.","WhatsApp","https://hecdnnw.hemlak.com/mncropresize/77/67/logo/5/8/1/6/5/1/757f0e6a-8743-4e28-b74d-f6900f5176db.jpg","Zeki Emlak",""
"https://www.hepsiemlak.com/manisa-salihli-kocacesme-kiralik/daire/37897-2663","1 / 34","19.000","08/09/2026","Salihli Cin Emlak'tan Kocaçeşme Mah Kiralık 2+1 Asansörlü,Doğalgazlı  Daire","Kiralık Daire","2 + 1","97 m²","4 Yaşında","2. Kat","Manisa / Salihli / Kocaçeşme Mah.","WhatsApp","https://hecdnnw.hemlak.com/mncropresize/77/67/logo/7/9/8/7/3/0/fa30c6d6-b3e2-4597-84a6-56eccddba05b.jpg","Cin Emlak",""
"https://www.hepsiemlak.com/manisa-turgutlu-sehitler-kiralik/daire/137655-361","1 / 14","25.000","07/09/2026","Şehitler Mahallesi Kiralık Eşyalı Daire","Kiralık Daire","2 + 1","110 m²","6 Yaşında","4. Kat","Manisa / Turgutlu / Şehitler Mah.","WhatsApp","https://hecdn01.hemlak.com/mncropresize/182/137/ds01/4/8/8/8/5/2/7/4/55bc945e-04cd-455d-9005-c57b75008faf.jpg","",""
"https://www.hepsiemlak.com/manisa-yunusemre-muradiye-kiralik/daire/159142-205","1 / 19","16.000","09/09/2026","Aras Yapı Gayrimenkul'den Havuz Cepheli 1+1 Kiralık Daire","Kiralık Daire","1 + 1","55 m²","Sıfır Bina","2. Kat","Manisa / Yunusemre / Muradiye Mah.","WhatsApp","https://www.hepsiemlak.com/_nuxt/8cafc93fb5c74c75e9e04e528e02ccdf.jpg","",""
"https://www.hepsiemlak.com/manisa-yunusemre-muradiye-kiralik/daire/167382-453","1 / 13","17.500","10/09/2026","Muradiye İstasyon Mevkiinde 2+1 Eşyalı Kiralık Daire","Kiralık Daire","2 + 1","75 m²","6 Yaşında","4. Kat","Manisa / Yunusemre / Muradiye Mah.","WhatsApp","https://www.hepsiemlak.com/_nuxt/8cafc93fb5c74c75e9e04e528e02ccdf.jpg","Lidya Emlak","https://www.hepsiemlak.com/_nuxt/8cafc93fb5c74c75e9e04e528e02ccdf.jpg"
"https://www.hepsiemlak.com/manisa-akhisar-ulu-camii-kiralik/daire/94123-2974","1 / 29","17.500","04/09/2026","Ulu Cami Mah. Gazi Okulu Yakını Açık Mutfaklı 3+1 Kiralık Daire.","Kiralık Daire","3 + 1","110 m²","11 Yaşında","Yüksek Giriş","Manisa / Akhisar / Ulu Camii Mah.","WhatsApp","https://www.hepsiemlak.com/_nuxt/8cafc93fb5c74c75e9e04e528e02ccdf.jpg","",""
"https://www.hepsiemlak.com/manisa-turgutlu-sehitler-kiralik/daire/164377-85","1 / 12","17.000","03/09/2026","Şehitler Mahallesinde Arakat Kiralık Daire","Kiralık Daire","3 + 1","110 m²","21 Yaşında","4. Kat","Manisa / Turgutlu / Şehitler Mah.","WhatsApp","https://www.hepsiemlak.com/_nuxt/8cafc93fb5c74c75e9e04e528e02ccdf.jpg","Başusta Gayrimenkul","https://www.hepsiemlak.com/_nuxt/8cafc93fb5c74c75e9e04e528e02ccdf.jpg"
"https://www.hepsiemlak.com/manisa-salihli-cumhuriyet-kiralik/daire/154501-149","1 / 25","19.500","06/09/2026","Hüseyin Emlak'tan Cumhuriyet Mah Eşyalı 45m2 1+1 Klimalı Daire","Kiralık Daire","1 + 1","45 m²","6 Yaşında","3. Kat","Manisa / Salihli / Cumhuriyet Mah.","WhatsApp","https://www.hepsiemlak.com/_nuxt/8cafc93fb5c74c75e9e04e528e02ccdf.jpg","",""
"https://www.hepsiemlak.com/manisa-yunusemre-muradiye-kiralik/daire/168770-77","1 / 23","24.000","03/09/2026","Lofça Gayrimenkulden Karaali Villalar Böl Eşyalı 1+1 Daire","Kiralık Daire","1 + 1","55 m²","6 Yaşında","3. Kat","Manisa / Yunusemre / Muradiye Mah.","WhatsApp","https://www.hepsiemlak.com/_nuxt/8cafc93fb5c74c75e9e04e528e02ccdf.jpg","",""
"https://www.hepsiemlak.com/manisa-alasehir-istasyon-kiralik/daire/161514-47","1 / 20","28.000","10/09/2026","İstasyon Mahallesinde Eksiksiz 2+1 Kapalı Mutfak Kiralık Daire","Kiralık Daire","2 + 1","120 m²","6 Yaşında","4. Kat","Manisa / Alaşehir / İstasyon Mah.","WhatsApp","https://www.hepsiemlak.com/_nuxt/8cafc93fb5c74c75e9e04e528e02ccdf.jpg","Alaşehir Efe Gayrimenkul","https://www.hepsiemlak.com/_nuxt/8cafc93fb5c74c75e9e04e528e02ccdf.jpg"
"https://www.hepsiemlak.com/manisa-salihli-kurtulus-kiralik/daire/37897-2664","1 / 33","20.000","08/09/2026","Salihli Cin Emlak'tan Kurtuluş Mah Kiralık 3+1 Jeotermali 4 Kat","Kiralık Daire","3 + 1","140 m²","20 Yaşında","4. Kat","Manisa / Salihli / Kurtuluş Mah.","WhatsApp","https://www.hepsiemlak.com/_nuxt/8cafc93fb5c74c75e9e04e528e02ccdf.jpg","Cin Emlak","https://www.hepsiemlak.com/_nuxt/8cafc93fb5c74c75e9e04e528e02ccdf.jpg"
"https://www.hepsiemlak.com/manisa-yunusemre-muradiye-kiralik/daire/159142-170","1 / 18","13.500","09/09/2026","Aras Yapı'dan İstasyon Civarı 1+1 Kiralık Daire","Kiralık Daire","1 + 1","50 m²","Sıfır Bina","4. Kat","Manisa / Yunusemre / Muradiye Mah.","WhatsApp","https://www.hepsiemlak.com/_nuxt/8cafc93fb5c74c75e9e04e528e02ccdf.jpg","",""
"https://www.hepsiemlak.com/manisa-akhisar-seyit-ahmet-kiralik/daire/171522-7","1 / 12","20.000","09/09/2026","Seydiahmet Mah 2+1 Kiralık Daire","Kiralık Daire","2 + 1","110 m²","3 Yaşında","2. Kat","Manisa / Akhisar / Seyit Ahmet Mah.","WhatsApp","https://www.hepsiemlak.com/_nuxt/8cafc93fb5c74c75e9e04e528e02ccdf.jpg","Bodur Gayrimenkul",""
"https://www.hepsiemlak.com/manisa-yunusemre-muradiye-kiralik/daire/64671-862","1 / 27","20.000","09/09/2026","Öz Elit Emlak'tan Muradiyede Kiralık Asansörlü, Doğalgazlı Dubleks 20.000 Tl.","Kiralık Daire","3 + 1","120 m²","14 Yaşında","En Üst Kat","Manisa / Yunusemre / Muradiye Mah.","WhatsApp","https://www.hepsiemlak.com/_nuxt/8cafc93fb5c74c75e9e04e528e02ccdf.jpg","",""
"https://www.hepsiemlak.com/manisa-akhisar-ataturk-kiralik/daire/94137-1514","1 / 29","30.000","08/09/2026","Akhisar Atatürk Mahallesi'nde 3+1 Kiralık Daire","Kiralık Daire","3 + 1","165 m²","7 Yaşında","2. Kat","Manisa / Akhisar / Atatürk Mah.","WhatsApp","https://www.hepsiemlak.com/_nuxt/8cafc93fb5c74c75e9e04e528e02ccdf.jpg","",""
"https://www.hepsiemlak.com/manisa-yunusemre-muradiye-kiralik/daire/70124-4116","1 / 10","17.500","08/09/2026","Muradiye Mahallesi Kiralık 1+1 Arakat","Kiralık Daire","1 + 1","55 m²","Sıfır Bina","4. Kat","Manisa / Yunusemre / Muradiye Mah.","WhatsApp","https://www.hepsiemlak.com/_nuxt/8cafc93fb5c74c75e9e04e528e02ccdf.jpg","",""
"https://www.hepsiemlak.com/manisa-yunusemre-uncubozkoy-kiralik/daire/22228-11434","1 / 30","28.000","05/09/2026","Akdeniz Emlak'tan Kiralık Yunus Emre İlç Uncu B Köy 3+1 135 M2 Daire","Kiralık Daire","3 + 1","135 m²","35 Yaşında","En Üst Kat","Manisa / Yunusemre / Uncubozköy Mah.","WhatsApp","https://www.hepsiemlak.com/_nuxt/8cafc93fb5c74c75e9e04e528e02ccdf.jpg","",""
"https://www.hepsiemlak.com/manisa-salihli-kurtulus-kiralik/daire/37897-2649","1 / 30","26.000","09/09/2026","Salihli Cin Emlak'tan Kurtuluş Mah Kiralık Eşyalı 2+1 110 M2 Doğalgazlı Yüksek Zemin","Kiralık Daire","2 + 1","110 m²","20 Yaşında","Yüksek Giriş","Manisa / Salihli / Kurtuluş Mah.","WhatsApp","https://www.hepsiemlak.com/_nuxt/8cafc93fb5c74c75e9e04e528e02ccdf.jpg","Cin Emlak","https://www.hepsiemlak.com/_nuxt/8cafc93fb5c74c75e9e04e528e02ccdf.jpg"
"https://www.hepsiemlak.com/manisa-sehzadeler-peker-kiralik/daire/46068-7641","1 / 19","23.000","08/09/2026","Emlak Center'dan Peker Mah. Kiralık 3+1 Daire","Kiralık Daire","3 + 1","140 m²","31 Yaşında","5. Kat","Manisa / Şehzadeler / Peker Mah.","WhatsApp","https://www.hepsiemlak.com/_nuxt/8cafc93fb5c74c75e9e04e528e02ccdf.jpg","Emlak Center","https://www.hepsiemlak.com/_nuxt/8cafc93fb5c74c75e9e04e528e02ccdf.jpg"
"https://www.hepsiemlak.com/manisa-turgutlu-bozkurt-kiralik/mustakil-ev/107696-1781","1 / 22","14.500","08/09/2026","Eymen Emlaktan Bozkurt Mh. Kiralık Müstakil 3+1 Daire 🏡","Kiralık Müstakil Ev","3 + 1","110 m²","25 Yaşında","","Manisa / Turgutlu / Bozkurt Mah.","WhatsApp","https://www.hepsiemlak.com/_nuxt/8cafc93fb5c74c75e9e04e528e02ccdf.jpg","Eymen Emlak","https://www.hepsiemlak.com/_nuxt/8cafc93fb5c74c75e9e04e528e02ccdf.jpg"
"https://www.hepsiemlak.com/manisa-yunusemre-kuyualan-kiralik/daire/124272-624","1 / 17","25.000","08/09/2026","Manisa  Yunus Emre Kuyualan Mah. Kiralık 3+1 Daire.","Kiralık Daire","3 + 1","117 m²","20 Yaşında","3. Kat","Manisa / Yunusemre / Kuyualan Mah.","WhatsApp","https://www.hepsiemlak.com/_nuxt/8cafc93fb5c74c75e9e04e528e02ccdf.jpg","Turpa Sılver Şirinyer",""
"https://www.hepsiemlak.com/manisa-sehzadeler-peker-kiralik/daire/64671-868","1 / 24","25.000","08/09/2026","Öz Elit Emlak'tan Peker Mahallesinde Kiralık Doğalgazlı, Klimalı Daire 25.000 Tl.","Kiralık Daire","3 + 1","130 m²","29 Yaşında","3. Kat","Manisa / Şehzadeler / Peker Mah.","WhatsApp","https://www.hepsiemlak.com/_nuxt/8cafc93fb5c74c75e9e04e528e02ccdf.jpg","",""
"https://www.hepsiemlak.com/manisa-akhisar-hurriyet-kiralik/daire/94137-1519","1 / 26","24.000","03/09/2026","Akhisar Hürriyet Mahallesi'nde 3+1 Kiralık Daire","Kiralık Daire","3 + 1","135 m²","8 Yaşında","2. Kat","Manisa / Akhisar / Hürriyet Mah.","WhatsApp","https://www.hepsiemlak.com/_nuxt/8cafc93fb5c74c75e9e04e528e02ccdf.jpg","",""
"https://www.hepsiemlak.com/manisa-salihli-yoruk-kiralik/daire/37897-2608","1 / 30","23.000","08/09/2026","Salihli Cin Emlak'tan Yörük Mah Kiralık 3+1 140 M2 Jeotermali 2 Kat Daire","Kiralık Daire","3 + 1","140 m²","20 Yaşında","2. Kat","Manisa / Salihli / Yörük Mah.","WhatsApp","https://hecdnnw.hemlak.com/mncropresize/77/67/logo/7/9/8/7/3/0/fa30c6d6-b3e2-4597-84a6-56eccddba05b.jpg","Cin Emlak",""
"https://www.hepsiemlak.com/manisa-yunusemre-muradiye-kiralik/daire/163565-526","1 / 16","15.000","07/09/2026","Emir Grup'tan Muradiye'de 1+1 Arakat Full Lüx Daire","Kiralık Daire","1 + 1","55 m²","5 Yaşında","2. Kat","Manisa / Yunusemre / Muradiye Mah.","WhatsApp","https://hecdnnw.hemlak.com/mncropresize/77/67/logo/5/6/5/3/6/1/e6051709-7d58-47e7-a669-1017abbece0f.jpg","Emir Grup Muradiye",""
"https://www.hepsiemlak.com/manisa-turgutlu-ergenekon-kiralik/villa/160009-103","1 / 24","57.000","07/09/2026","Konutlar (ergenekon Mh)de Kıralık Vılla.","Kiralık Villa","4 + 1","250 m²","20 Yaşında","","Manisa / Turgutlu / Ergenekon Mah.","WhatsApp","","",""
"https://www.hepsiemlak.com/manisa-yunusemre-guzelyurt-kiralik/daire/163160-53","1 / 16","37.500","06/09/2026","Noran 45'de 2+1 Kiralık Daire","Kiralık Daire","2 + 1","62 m²","Sıfır Bina","6. Kat","Manisa / Yunusemre / Güzelyurt Mah.","WhatsApp","https://hecdn01.hemlak.com/mncropresize/182/137/ds01/9/2/0/4/5/2/7/4/748eecdf-1d77-4d68-a6e2-3547d350a486.jpg","",""
"https://www.hepsiemlak.com/manisa-yunusemre-muradiye-kiralik/daire/170431-22","1 / 36","55.000","04/09/2026","Bahçeşehir Koleji Arkası Kiralık 3+1 Dairemiz","Kiralık Daire","3 + 1","148 m²","4 Yaşında","1. Kat","Manisa / Yunusemre / Muradiye Mah.","WhatsApp","https://www.hepsiemlak.com/_nuxt/8cafc93fb5c74c75e9e04e528e02ccdf.jpg","Riva Manisa Gayrimenkul","https://www.hepsiemlak.com/_nuxt/8cafc93fb5c74c75e9e04e528e02ccdf.jpg"
"https://www.hepsiemlak.com/manisa-yunusemre-topcuasim-kiralik/daire/164896-35","1 / 17","20.000","03/09/2026","Er Gayrimenkul 'den Kiralık Merkezi Konumda 3+1","Kiralık Daire","3 + 1","120 m²","26 Yaşında","5. Kat","Manisa / Yunusemre / Topçuasım Mah.","WhatsApp","https://www.hepsiemlak.com/_nuxt/8cafc93fb5c74c75e9e04e528e02ccdf.jpg","Er Gayrimenkul",""
"https://www.hepsiemlak.com/manisa-turgutlu-ergenekon-kiralik/villa/164247-276","1 / 23","66.000","01/09/2026","Turgutlu Ergenekon Mahallesi Eşyalı Esyasız Müstakil Tripleks","Kiralık Villa","6 + 1","295 m²","11 Yaşında","","Manisa / Turgutlu / Ergenekon Mah.","WhatsApp","https://www.hepsiemlak.com/_nuxt/8cafc93fb5c74c75e9e04e528e02ccdf.jpg","Güler Emlak","https://www.hepsiemlak.com/_nuxt/8cafc93fb5c74c75e9e04e528e02ccdf.jpg"
"https://www.hepsiemlak.com/manisa-turgutlu-ergenekon-kiralik/daire/158463-328","1 / 28","58.000","26/08/2026","Ergenekon Mahallesi Ketenci Sitesi Kiralik Kat Dubleksi","Kiralık Daire","4 + 1","240 m²","11 Yaşında","5. Kat","Manisa / Turgutlu / Ergenekon Mah.","WhatsApp","https://www.hepsiemlak.com/_nuxt/8cafc93fb5c74c75e9e04e528e02ccdf.jpg","Startkey Star","https://www.hepsiemlak.com/img/loadings/noImage55-55.png"
"https://www.hepsiemlak.com/manisa-soma-turgutalp-kiralik/daire/144448-544","1 / 27","16.000","04/09/2026","Manisa Soma Turgutalp Kiralık 1+1 Sıfır Daire","Kiralık Daire","1 + 1","45 m²","Sıfır Bina","1. Kat","Manisa / Soma / Turgutalp Mah.","WhatsApp","https://www.hepsiemlak.com/_nuxt/8cafc93fb5c74c75e9e04e528e02ccdf.jpg","Turyap Kemalpaşa Temsilciliği","https://www.hepsiemlak.com/_nuxt/8cafc93fb5c74c75e9e04e528e02ccdf.jpg"
"https://www.hepsiemlak.com/manisa-yunusemre-muradiye-kiralik/daire/164319-9","1 / 25","16.000","05/09/2026","Vendi'den Manisa Muradiyede Merkezi Konumda 2+1 Kiralık Daire","Kiralık Daire","2 + 1","90 m²","5 Yaşında","2. Kat","Manisa / Yunusemre / Muradiye Mah.","WhatsApp","https://www.hepsiemlak.com/_nuxt/8cafc93fb5c74c75e9e04e528e02ccdf.jpg","Vendi Gayrimenkul","https://www.hepsiemlak.com/img/loadings/noImage55-55.png"
"https://www.hepsiemlak.com/manisa-yunusemre-muradiye-kiralik/daire/169916-70","1 / 29","50.000","19/08/2026","Çözüm Emlak'tan Karaali Havuz Cepheli 3+1 Ara Kat Kiralık Daire","Kiralık Daire","3 + 1","135 m²","6 Yaşında","2. Kat","Manisa / Yunusemre / Muradiye Mah.","WhatsApp","https://www.hepsiemlak.com/_nuxt/8cafc93fb5c74c75e9e04e528e02ccdf.jpg","Çözüm Emlak","https://www.hepsiemlak.com/_nuxt/8cafc93fb5c74c75e9e04e528e02ccdf.jpg"
"https://www.hepsiemlak.com/manisa-yunusemre-uncubozkoy-kiralik/daire/2527-14307","1 / 36","52.000","02/09/2026","Manisa Meydan Sitesi Kiralık Eşyalı 2+1","Kiralık Daire","2 + 1","68 m²","4 Yaşında","5. Kat","Manisa / Yunusemre / Uncubozköy Mah.","WhatsApp","https://www.hepsiemlak.com/_nuxt/8cafc93fb5c74c75e9e04e528e02ccdf.jpg","Remax Adres","https://www.hepsiemlak.com/_nuxt/8cafc93fb5c74c75e9e04e528e02ccdf.jpg"
"https://www.hepsiemlak.com/manisa-akhisar-cumhuriyet-kiralik/daire/160552-80","1 / 24","18.000","03/09/2026","Cumhuriyet Ring Yolunda 2+1","Kiralık Daire","2 + 1","88 m²","Sıfır Bina","2. Kat","Manisa / Akhisar / Cumhuriyet Mah.","WhatsApp","https://www.hepsiemlak.com/_nuxt/8cafc93fb5c74c75e9e04e528e02ccdf.jpg","Eroğlu-taşkın Emlak Ofisi",""
"https://www.hepsiemlak.com/manisa-akhisar-ataturk-kiralik/daire/158829-74","1 / 35","35.000","31/08/2026","Çınar Gayrimenkulden Gölet Mevkiinde Kiralık Dubleks Daire","Kiralık Daire","5 + 1","220 m²","6 Yaşında","3. Kat","Manisa / Akhisar / Atatürk Mah.","WhatsApp","https://www.hepsiemlak.com/_nuxt/8cafc93fb5c74c75e9e04e528e02ccdf.jpg","Çınar Gayrimenkul",""
"https://www.hepsiemlak.com/manisa-akhisar-kethuda-kiralik/daire/143983-130","1 / 40","25.000","29/08/2026","Medigün Hast. Arkasında 3+1 150 Metrekare Kiralık Dubleks Daire","Kiralık Daire","3 + 1","149 m²","6 Yaşında","3. Kat","Manisa / Akhisar / Kethüda Mah.","WhatsApp","https://www.hepsiemlak.com/_nuxt/8cafc93fb5c74c75e9e04e528e02ccdf.jpg","",""
"https://www.hepsiemlak.com/manisa-sehzadeler-yarhasanlar-kiralik/daire/15578-342","1 / 36","26.000","17/08/2026","Kiralık Daire Yeni Cami Karşisi","Kiralık Daire","3 + 1","125 m²","25 Yaşında","Ara Kat","Manisa / Şehzadeler / Yarhasanlar Mah.","WhatsApp","https://www.hepsiemlak.com/_nuxt/8cafc93fb5c74c75e9e04e528e02ccdf.jpg","",""
"https://www.hepsiemlak.com/manisa-yunusemre-merkez-efendi-kiralik/daire/31220-11325","1 / 33","26.500","25/08/2026","Merkez Efendi Mahallesinde, Her Şey Elinizin Altında Bir Yaşam!","Kiralık Daire","3 + 1","120 m²","21 Yaşında","4. Kat","Manisa / Yunusemre / Merkez Efendi Mah.","WhatsApp","https://www.hepsiemlak.com/_nuxt/8cafc93fb5c74c75e9e04e528e02ccdf.jpg","Kw Alesta-viya-orsa 1","https://www.hepsiemlak.com/_nuxt/8cafc93fb5c74c75e9e04e528e02ccdf.jpg"
"https://www.hepsiemlak.com/manisa-akhisar-ataturk-kiralik/daire/124874-277","1 / 32","25.000","18/08/2026","Akhisar Manisa Atatürk Mh Kiralık","Kiralık Daire","2 + 1","65 m²","1 Yaşında","En Üst Kat","Manisa / Akhisar / Atatürk Mah.","WhatsApp","https://www.hepsiemlak.com/_nuxt/8cafc93fb5c74c75e9e04e528e02ccdf.jpg","",""
"https://www.hepsiemlak.com/manisa-sehzadeler-dilsikar-kiralik/daire/22228-11417","1 / 23","16.000","04/09/2026","Akdeniz Emlak'tan Kiralık Dilşeker Mah 2+1 90 M2 4 Son Kat Daire","Kiralık Daire","2 + 1","90 m²","45 Yaşında","En Üst Kat","Manisa / Şehzadeler / Dilşikar Mah.","WhatsApp","https://www.hepsiemlak.com/_nuxt/8cafc93fb5c74c75e9e04e528e02ccdf.jpg","",""
"https://www.hepsiemlak.com/manisa-akhisar-hurriyet-kiralik/daire/115104-394","1 / 28","20.000","09/09/2026","Akhisar Gürbüz Emlak Tan Hürriyet Mahallesi Eski Cuma Pazarı Yakını Bahçeli Zemin Doğalgaz Kiralık","Kiralık Daire","3 + 1","112 m²","11 Yaşında","Zemin","Manisa / Akhisar / Hürriyet Mah.","WhatsApp","https://www.hepsiemlak.com/_nuxt/8cafc93fb5c74c75e9e04e528e02ccdf.jpg","",""
"https://www.hepsiemlak.com/manisa-sehzadeler-2-anafartalar-kiralik/daire/163565-525","1 / 18","25.000","04/09/2026","Emir Grup'tan Ata Konutlarında 1+1 Full Eşyalı Arakat Daire","Kiralık Daire","1 + 1","55 m²","11 Yaşında","4. Kat","Manisa / Şehzadeler / 2. Anafartalar Mah.","WhatsApp","https://www.hepsiemlak.com/_nuxt/8cafc93fb5c74c75e9e04e528e02ccdf.jpg","Emir Grup Muradiye","https://www.hepsiemlak.com/_nuxt/8cafc93fb5c74c75e9e04e528e02ccdf.jpg"
"https://www.hepsiemlak.com/manisa-yunusemre-uncubozkoy-kiralik/daire/58372-6845","1 / 46","29.500","05/09/2026","Manisa Meydan Sitesi Kiralık 1+1 Daire","Kiralık Daire","1 + 1","45 m²","4 Yaşında","13. Kat","Manisa / Yunusemre / Uncubozköy Mah.","WhatsApp","https://www.hepsiemlak.com/_nuxt/8cafc93fb5c74c75e9e04e528e02ccdf.jpg","Coldwell Banker Plus","https://www.hepsiemlak.com/_nuxt/8cafc93fb5c74c75e9e04e528e02ccdf.jpg"
"https://www.hepsiemlak.com/manisa-akhisar-efendi-kiralik/daire/165672-182","1 / 19","17.500","02/09/2026","Efendi Mh. Ring Yolu Yakını 2+1-100m² Kiralık Arakat Daire","Kiralık Daire","2 + 1","100 m²","Sıfır Bina","3. Kat","Manisa / Akhisar / Efendi Mah.","WhatsApp","https://www.hepsiemlak.com/_nuxt/8cafc93fb5c74c75e9e04e528e02ccdf.jpg","Mutlu Yatırım & Gayrimenkul","https://www.hepsiemlak.com/_nuxt/8cafc93fb5c74c75e9e04e528e02ccdf.jpg"
"https://www.hepsiemlak.com/manisa-salihli-namik-kemal-kiralik/daire/57265-131","1 / 16","25.000","01/09/2026","Salihlili'de Kiralık Daire Ber","Kiralık Daire","2 + 1","90 m²","6 Yaşında","Ara Kat","Manisa / Salihli / Namık Kemal Mah.","WhatsApp","https://www.hepsiemlak.com/_nuxt/8cafc93fb5c74c75e9e04e528e02ccdf.jpg","",""
"https://www.hepsiemlak.com/manisa-yunusemre-karaali-kiralik/daire/164319-2","1 / 17","26.000","04/09/2026","Vendi Gayrimenkulden Havuzlu Sitede Sanayi Ve Cbü Yakını 1+1","Kiralık Daire","1 + 1","75 m²","Sıfır Bina","1. Kat","Manisa / Yunusemre / Karaali Mah.","WhatsApp","https://www.hepsiemlak.com/img/loadings/noImage55-55.png","Vendi Gayrimenkul",""
"https://www.hepsiemlak.com/manisa-akhisar-cumhuriyet-kiralik/daire/163781-133","1 / 18","19.500","27/08/2026","Cumhuriyet Mah. Ring Yolu Üzerinde Lüks 2+1","Kiralık Daire","2 + 1","85 m²","Sıfır Bina","5. Kat","Manisa / Akhisar / Cumhuriyet Mah.","WhatsApp","https://hecdnnw.hemlak.com/mncropresize/77/67/logo/1/8/7/3/6/1/829a6d26-0698-41ff-a1eb-29d462199c2d.jpg","Ayverdi Emlak",""
"https://www.hepsiemlak.com/manisa-salihli-kurtulus-kiralik/daire/37897-2653","1 / 28","20.000","09/09/2026","Salihli Cin Emlak'tan Kurtuluş Mah Kiralık 3+1 140 M2 1 Kat Doğalgazlı Daire","Kiralık Daire","3 + 1","140 m²","25 Yaşında","1. Kat","Manisa / Salihli / Kurtuluş Mah.","WhatsApp","https://hecdnnw.hemlak.com/mncropresize/77/67/logo/7/9/8/7/3/0/fa30c6d6-b3e2-4597-84a6-56eccddba05b.jpg","Cin Emlak",""
"https://www.hepsiemlak.com/manisa-sehzadeler-yarhasanlar-kiralik/daire/46068-7705","1 / 11","26.000","08/09/2026","Emlak Center'dan Yarhasanlar Mah 1+1 Kiralık Daire","Kiralık Daire","1 + 1","70 m²","31 Yaşında","1. Kat","Manisa / Şehzadeler / Yarhasanlar Mah.","WhatsApp","https://hecdn01.hemlak.com/mncropresize/182/137/ds01/8/6/8/6/6/2/7/4/906dddbd-4c74-4fc9-b20e-3e30c15d2556.jpg","Emlak Center","https://hecdnnw.hemlak.com/mncropresize/77/67/logo/8/6/0/6/4/0/f065ecde-38c2-4351-921b-b5abd84e4a72.jpg"
"https://www.hepsiemlak.com/manisa-sehzadeler-peker-kiralik/daire/0-47254954","1 / 11","29.000","06/09/2026","Merkezde Genıs Onu Acık Daıre","Kiralık Daire","3 + 1","130 m²","25 Yaşında","En Üst Kat","Manisa / Şehzadeler / Peker Mah.","WhatsApp","https://www.hepsiemlak.com/_nuxt/8cafc93fb5c74c75e9e04e528e02ccdf.jpg","",""
"https://www.hepsiemlak.com/manisa-yunusemre-merkez-efendi-kiralik/daire/31220-11320","1 / 33","26.500","23/08/2026","Merkez Efendi Mahallesi’nde, Her Şey Elinizin Altında Bir Yaşam!","Kiralık Daire","3 + 1","120 m²","24 Yaşında","En Üst Kat","Manisa / Yunusemre / Merkez Efendi Mah.","WhatsApp","https://www.hepsiemlak.com/_nuxt/8cafc93fb5c74c75e9e04e528e02ccdf.jpg","Kw Alesta-viya-orsa 1","https://www.hepsiemlak.com/_nuxt/8cafc93fb5c74c75e9e04e528e02ccdf.jpg"
"https://www.hepsiemlak.com/manisa-akhisar-hurriyet-kiralik/daire/72047-1591","1 / 25","25.000","08/09/2026","Akhisar Hürriyet Mh.Asansörlü, Kiralık Geniş 3+1 Arakat Daire","Kiralık Daire","3 + 0","160 m²","15 Yaşında","Ara Kat","Manisa / Akhisar / Hürriyet Mah.","WhatsApp","https://www.hepsiemlak.com/_nuxt/8cafc93fb5c74c75e9e04e528e02ccdf.jpg","",""
"https://www.hepsiemlak.com/manisa-turgutlu-irlamaz-kiralik/yazlik/160009-104","1 / 14","20.000","07/09/2026","Irlamaz Köyünde  Kıralık Yazlık","Kiralık Yazlık","1 + 1","50 m²","3 Yaşında","Zemin","Manisa / Turgutlu / Irlamaz Mah.","WhatsApp","https://www.hepsiemlak.com/_nuxt/8cafc93fb5c74c75e9e04e528e02ccdf.jpg","",""
"https://www.hepsiemlak.com/manisa-turgutlu-cumhuriyet-kiralik/daire/158463-339","1 / 12","45.000","03/09/2026","Startkey Star'dan Cumhuriyet Mh Kafeler Sokağında 4+1 Kiralık","Kiralık Daire","4 + 1","189 m²","11 Yaşında","4. Kat","Manisa / Turgutlu / Cumhuriyet Mah.","WhatsApp","https://www.hepsiemlak.com/_nuxt/8cafc93fb5c74c75e9e04e528e02ccdf.jpg","Startkey Star","https://www.hepsiemlak.com/img/loadings/noImage55-55.png"
"https://www.hepsiemlak.com/manisa-alasehir-istasyon-kiralik/daire/161514-71","1 / 35","29.000","09/09/2026","İstasyon Mah. Park Manzaralı Kiralık 3+1 Daire","Kiralık Daire","3 + 1","150 m²","6 Yaşında","5. Kat","Manisa / Alaşehir / İstasyon Mah.","WhatsApp","https://www.hepsiemlak.com/_nuxt/8cafc93fb5c74c75e9e04e528e02ccdf.jpg","Alaşehir Efe Gayrimenkul","https://www.hepsiemlak.com/_nuxt/8cafc93fb5c74c75e9e04e528e02ccdf.jpg"
"https://www.hepsiemlak.com/manisa-yunusemre-uncubozkoy-kiralik/daire/161221-226","1 / 23","55.000","01/09/2026","Beyazkule Den Uncubozköy De Geniş Lüks 3+1 Kiralık Daire","Kiralık Daire","3 + 1","150 m²","6 Yaşında","3. Kat","Manisa / Yunusemre / Uncubozköy Mah.","WhatsApp","https://www.hepsiemlak.com/_nuxt/8cafc93fb5c74c75e9e04e528e02ccdf.jpg","Beyaz Kule Gayrimenkul","https://www.hepsiemlak.com/_nuxt/8cafc93fb5c74c75e9e04e528e02ccdf.jpg"
"https://www.hepsiemlak.com/manisa-akhisar-ulu-camii-kiralik/daire/165672-180","1 / 22","18.250","08/09/2026","Ulucami Mh. Gaziokulu Mevkii 2+1 115m² Kiralık Arakat Daire","Kiralık Daire","2 + 1","115 m²","11 Yaşında","2. Kat","Manisa / Akhisar / Ulu Camii Mah.","WhatsApp","https://www.hepsiemlak.com/_nuxt/8cafc93fb5c74c75e9e04e528e02ccdf.jpg","Mutlu Yatırım & Gayrimenkul","https://www.hepsiemlak.com/_nuxt/8cafc93fb5c74c75e9e04e528e02ccdf.jpg"
"https://www.hepsiemlak.com/manisa-yunusemre-uncubozkoy-kiralik/daire/58372-6800","1 / 44","35.000","17/08/2026","Manisa Meydan Sitesi Üniversite Cephe Kiralık 1+1 Eşyalı Daire","Kiralık Daire","1 + 1","45 m²","4 Yaşında","6. Kat","Manisa / Yunusemre / Uncubozköy Mah.","WhatsApp","https://www.hepsiemlak.com/_nuxt/8cafc93fb5c74c75e9e04e528e02ccdf.jpg","Coldwell Banker Plus","https://www.hepsiemlak.com/_nuxt/8cafc93fb5c74c75e9e04e528e02ccdf.jpg"
"https://www.hepsiemlak.com/manisa-salihli-namik-kemal-kiralik/daire/57265-94","1 / 20","4.250.000","12/08/2026","Satılık 2 + 1 Daire","Kiralık Daire","2 + 1","90 m²","15 Yaşında","4. Kat","Manisa / Salihli / Namık Kemal Mah.","WhatsApp","https://www.hepsiemlak.com/_nuxt/8cafc93fb5c74c75e9e04e528e02ccdf.jpg","",""
"https://www.hepsiemlak.com/manisa-akhisar-resat-bey-kiralik/daire/163781-60","1 / 30","23.000","02/09/2026","Ayverdi Emlak Dan Otopark Üstü Lüks 2+1 Kiralık Daire","Kiralık Daire","2 + 1","100 m²","Sıfır Bina","1. Kat","Manisa / Akhisar / Reşat Bey Mah.","WhatsApp","https://www.hepsiemlak.com/_nuxt/8cafc93fb5c74c75e9e04e528e02ccdf.jpg","Ayverdi Emlak","https://www.hepsiemlak.com/_nuxt/8cafc93fb5c74c75e9e04e528e02ccdf.jpg"
"https://www.hepsiemlak.com/manisa-salihli-sehitler-kiralik/daire/37897-2640","1 / 28","23.000","08/09/2026","Salihli Cin Emlak'tan Şehitler Mah Kiralık 2+1 4 Kat Asansörlü Doğalgazlı Müşterek Otoparklı Daire","Kiralık Daire","2 + 1","90 m²","8 Yaşında","4. Kat","Manisa / Salihli / Şehitler Mah.","WhatsApp","https://www.hepsiemlak.com/_nuxt/8cafc93fb5c74c75e9e04e528e02ccdf.jpg","Cin Emlak","https://www.hepsiemlak.com/_nuxt/8cafc93fb5c74c75e9e04e528e02ccdf.jpg"
"https://www.hepsiemlak.com/manisa-yunusemre-muradiye-kiralik/daire/46068-7650","1 / 11","17.500","06/09/2026","Emlak Center'dan Muradiye Mah 1+1 Eşyalı Kiralık Daire","Kiralık Daire","1 + 1","60 m²","5 Yaşında","4. Kat","Manisa / Yunusemre / Muradiye Mah.","WhatsApp","https://www.hepsiemlak.com/_nuxt/8cafc93fb5c74c75e9e04e528e02ccdf.jpg","Emlak Center","https://www.hepsiemlak.com/_nuxt/8cafc93fb5c74c75e9e04e528e02ccdf.jpg"
"https://www.hepsiemlak.com/manisa-akhisar-inonu-kiralik/daire/94137-1525","1 / 13","16.000","08/09/2026","Akhisar İnönü Mahallesi'nde 3+1 Kiralık Daire","Kiralık Daire","3 + 1","125 m²","25 Yaşında","2. Kat","Manisa / Akhisar / İnönü Mah.","WhatsApp","https://www.hepsiemlak.com/_nuxt/8cafc93fb5c74c75e9e04e528e02ccdf.jpg","",""
"https://www.hepsiemlak.com/manisa-yunusemre-muradiye-kiralik/daire/159142-210","1 / 19","15.000","09/09/2026","Aras Yapı Gayrimenkul 'den Muradiye 'de 2+1 Kiralık Daire","Kiralık Daire","2 + 1","70 m²","6 Yaşında","Yüksek Giriş","Manisa / Yunusemre / Muradiye Mah.","WhatsApp","https://www.hepsiemlak.com/_nuxt/8cafc93fb5c74c75e9e04e528e02ccdf.jpg","",""
"https://www.hepsiemlak.com/manisa-akhisar-ulu-camii-kiralik/daire/86919-838","1 / 18","25.000","17/08/2026","Ulucamii Palmiyeli Yol Üzeri Eşyalı Kiralık 1+1 Arakat Daire","Kiralık Daire","1 + 1","70 m²","11 Yaşında","2. Kat","Manisa / Akhisar / Ulu Camii Mah.","WhatsApp","https://www.hepsiemlak.com/_nuxt/8cafc93fb5c74c75e9e04e528e02ccdf.jpg","Mkm Yatırım Gayrimenkul","https://www.hepsiemlak.com/_nuxt/8cafc93fb5c74c75e9e04e528e02ccdf.jpg"
"https://www.hepsiemlak.com/manisa-yunusemre-muradiye-kiralik/daire/31220-11351","1 / 32","33.000","08/09/2026","Uyp Lıfe 2de Geniş 1+1 | Eşyalı | Havuzlu Kiralık Daire","Kiralık Daire","1 + 1","45 m²","6 Yaşında","2. Kat","Manisa / Yunusemre / Muradiye Mah.","WhatsApp","https://www.hepsiemlak.com/_nuxt/8cafc93fb5c74c75e9e04e528e02ccdf.jpg","Kw Alesta-viya-orsa 1","https://www.hepsiemlak.com/_nuxt/8cafc93fb5c74c75e9e04e528e02ccdf.jpg"
"https://www.hepsiemlak.com/manisa-yunusemre-barbaros-kiralik/daire/22228-11346","1 / 16","16.000","07/09/2026","Akdeniz Emlak'tan Kiralık Yunus Emre İlç Barbaros Mah 2+1 90 M2 Zemin Daire","Kiralık Daire","2 + 1","90 m²","24 Yaşında","Yüksek Giriş","Manisa / Yunusemre / Barbaros Mah.","WhatsApp","https://www.hepsiemlak.com/_nuxt/8cafc93fb5c74c75e9e04e528e02ccdf.jpg","",""
"https://www.hepsiemlak.com/manisa-yunusemre-yeni-mahalle-kiralik/daire/106564-575","1 / 11","29.000","05/09/2026","Yeni Mahallede 2+1 Arakat Eşyalı Kiralık Daire","Kiralık Daire","2 + 1","105 m²","16 Yaşında","1. Kat","Manisa / Yunusemre / Yeni Mahalle Mah.","WhatsApp","https://www.hepsiemlak.com/_nuxt/8cafc93fb5c74c75e9e04e528e02ccdf.jpg","",""
"https://www.hepsiemlak.com/manisa-yunusemre-muradiye-kiralik/daire/54684-4695","1 / 12","23.000","08/09/2026","Villalar Bölgesi Manisa Ekmasda 1+1 Kiralık Havuz Cephe Daire","Kiralık Daire","1 + 1","43 m²","3 Yaşında","2. Kat","Manisa / Yunusemre / Muradiye Mah.","WhatsApp","https://www.hepsiemlak.com/_nuxt/8cafc93fb5c74c75e9e04e528e02ccdf.jpg","Startkey Altunsu","https://www.hepsiemlak.com/_nuxt/8cafc93fb5c74c75e9e04e528e02ccdf.jpg"
"https://www.hepsiemlak.com/manisa-akhisar-resat-bey-kiralik/daire/124874-275","1 / 19","22.000","17/08/2026","Manisa Akhisar Reşatbey Mh Kiralık","Kiralık Daire","2 + 1","105 m²","7 Yaşında","Ara Kat","Manisa / Akhisar / Reşat Bey Mah.","WhatsApp","","",""
"https://www.hepsiemlak.com/manisa-akhisar-resat-bey-kiralik/daire/72047-1622","1 / 19","26.000","02/09/2026","Akhisar Reşatbey Mh.Yerden Isıtma Asansörlü Kiralık 2+1 Sıfır Daire","Kiralık Daire","2 + 1","100 m²","Sıfır Bina","Ara Kat","Manisa / Akhisar / Reşat Bey Mah.","WhatsApp","","",""
"https://www.hepsiemlak.com/manisa-salihli-yoruk-kiralik/daire/37897-2651","1 / 27","20.000","09/09/2026","Salihli Cin Emlak'tan Yörük Mah Avar Cad Üzerinde Kiralık 2+1 Doğalgazlı Asansörlü 100 M2 1 Kat","Kiralık Daire","2 + 1","100 m²","13 Yaşında","1. Kat","Manisa / Salihli / Yörük Mah.","WhatsApp","https://hecdnnw.hemlak.com/mncropresize/77/67/logo/7/9/8/7/3/0/fa30c6d6-b3e2-4597-84a6-56eccddba05b.jpg","Cin Emlak",""
"https://www.hepsiemlak.com/manisa-akhisar-kethuda-kiralik/daire/115104-397","1 / 18","20.000","07/09/2026","Akhisar Gürbüz Emlak Tan Kethüda Mahallesi Eski Hastahane Mevkiinde Kiralık 10 Yaşında Daire","Kiralık Daire","2 + 0","92 m²","10 Yaşında","1. Kat","Manisa / Akhisar / Kethüda Mah.","WhatsApp","https://hecdn01.hemlak.com/mncropresize/182/137/ds01/9/0/5/6/0/2/7/4/424330b1-eb97-4411-9f4b-2c01fd49ded9.jpg","",""
"https://www.hepsiemlak.com/manisa-yunusemre-muradiye-kiralik/daire/46068-7680","1 / 39","23.500","28/08/2026","Emlak Center'dan Kiralık Muradiye'de 4+1 Dubleks Merkezi Konum","Kiralık Daire","4 + 1","165 m²","6 Yaşında","4. Kat","Manisa / Yunusemre / Muradiye Mah.","WhatsApp","https://www.hepsiemlak.com/_nuxt/8cafc93fb5c74c75e9e04e528e02ccdf.jpg","Emlak Center","https://www.hepsiemlak.com/_nuxt/8cafc93fb5c74c75e9e04e528e02ccdf.jpg"
"https://www.hepsiemlak.com/manisa-sehzadeler-peker-kiralik/daire/164179-101","1 / 22","28.000","20/08/2026","Peker Mah. 3+1 Eşyalı Kiralık Daire","Kiralık Daire","3 + 1","115 m²","21 Yaşında","4. Kat","Manisa / Şehzadeler / Peker Mah.","WhatsApp","https://www.hepsiemlak.com/_nuxt/8cafc93fb5c74c75e9e04e528e02ccdf.jpg","Sel Emlak","https://www.hepsiemlak.com/_nuxt/8cafc93fb5c74c75e9e04e528e02ccdf.jpg"
"https://www.hepsiemlak.com/manisa-akhisar-inonu-kiralik/daire/171522-3","1 / 8","15.000","10/09/2026","Akhisar İnönü Mah Kiralık 3+1","Kiralık Daire","3 + 1","145 m²","16 Yaşında","4. Kat","Manisa / Akhisar / İnönü Mah.","WhatsApp","https://www.hepsiemlak.com/_nuxt/8cafc93fb5c74c75e9e04e528e02ccdf.jpg","Bodur Gayrimenkul",""
"https://www.hepsiemlak.com/manisa-yunusemre-uncubozkoy-kiralik/daire/165180-121","1 / 16","40.000","08/09/2026","Uncubozkoy Mah Kiralık 3+1 Yeni Bina","Kiralık Daire","3 + 1","120 m²","15 Yaşında","Yüksek Giriş","Manisa / Yunusemre / Uncubozköy Mah.","WhatsApp","https://www.hepsiemlak.com/_nuxt/8cafc93fb5c74c75e9e04e528e02ccdf.jpg","Aykut Gayrimenkul","https://www.hepsiemlak.com/img/loadings/noImage55-55.png"
"https://www.hepsiemlak.com/manisa-akhisar-ragip-bey-kiralik/daire/165988-33","1 / 21","15.500","07/09/2026","Ege Gayrimenkulden Ragıpbey Tariş Işıklarında 3+1 Kiralık Daire","Kiralık Daire","3 + 1","130 m²","26 Yaşında","5. Kat","Manisa / Akhisar / Ragıp Bey Mah.","WhatsApp","https://www.hepsiemlak.com/_nuxt/8cafc93fb5c74c75e9e04e528e02ccdf.jpg","",""
"https://www.hepsiemlak.com/manisa-akhisar-ataturk-kiralik/daire/143910-328","1 / 20","40.000","05/09/2026","3 Adam Emlak'tan Prestıj Cd Cephe Ofise Uygun Kiralık 3+1 Daire","Kiralık Daire","3 + 1","165 m²","11 Yaşında","1. Kat","Manisa / Akhisar / Atatürk Mah.","WhatsApp","https://www.hepsiemlak.com/_nuxt/8cafc93fb5c74c75e9e04e528e02ccdf.jpg","3 Adam Gayrimenkul","https://www.hepsiemlak.com/_nuxt/8cafc93fb5c74c75e9e04e528e02ccdf.jpg"
"https://www.hepsiemlak.com/manisa-akhisar-ataturk-kiralik/daire/163257-99","1 / 22","19.000","09/09/2026","Atatürk Mah. Kiralık 2+1 Daire","Kiralık Daire","2 + 1","95 m²","6 Yaşında","2. Kat","Manisa / Akhisar / Atatürk Mah.","WhatsApp","https://www.hepsiemlak.com/_nuxt/8cafc93fb5c74c75e9e04e528e02ccdf.jpg","Burak Yatırım Gayrimenkul","https://www.hepsiemlak.com/_nuxt/8cafc93fb5c74c75e9e04e528e02ccdf.jpg"
"https://www.hepsiemlak.com/manisa-yunusemre-muradiye-kiralik/daire/163068-878","1 / 25","19.000","29/08/2026","Muradiye'de Bekara Ve Öğrenciye 1+1 Eşyalı Kiralık Daire","Kiralık Daire","1 + 1","50 m²","5 Yaşında","2. Kat","Manisa / Yunusemre / Muradiye Mah.","WhatsApp","https://www.hepsiemlak.com/_nuxt/8cafc93fb5c74c75e9e04e528e02ccdf.jpg","Coldwell Banker Evona","https://www.hepsiemlak.com/img/loadings/noImage55-55.png"
"https://www.hepsiemlak.com/manisa-sehzadeler-tunca-kiralik/daire/167894-215","1 / 35","18.000","04/09/2026","Tunca Mah. Cadde Üzeri 2+1 Kiralık Daire","Kiralık Daire","2 + 1","105 m²","31 Yaşında","2. Kat","Manisa / Şehzadeler / Tunca Mah.","WhatsApp","https://www.hepsiemlak.com/_nuxt/8cafc93fb5c74c75e9e04e528e02ccdf.jpg","",""
"https://www.hepsiemlak.com/manisa-akhisar-cumhuriyet-kiralik/daire/144740-368","1 / 36","18.500","25/08/2026","Akhisar Cumhuriyet Fahri Sertel Emlaktan Kiralık Daire","Kiralık Daire","2 + 1","95 m²","Sıfır Bina","1. Kat","Manisa / Akhisar / Cumhuriyet Mah.","WhatsApp","https://www.hepsiemlak.com/_nuxt/8cafc93fb5c74c75e9e04e528e02ccdf.jpg","Fahri Sertel Emlak","https://www.hepsiemlak.com/_nuxt/8cafc93fb5c74c75e9e04e528e02ccdf.jpg"
"https://www.hepsiemlak.com/manisa-salihli-beseylul-kiralik/daire/0-47178715","1 / 19","17.000","24/08/2026","​🌟 Lüks Ve Konforun Buluştuğu Noktada, Muhteşem Manzaralı 3+1 Kiralık Daire!","Kiralık Daire","3 + 1","185 m²","25 Yaşında","En Üst Kat","Manisa / Salihli / Beşeylül Mah.","WhatsApp","https://www.hepsiemlak.com/_nuxt/8cafc93fb5c74c75e9e04e528e02ccdf.jpg","",""
"https://www.hepsiemlak.com/manisa-yunusemre-uncubozkoy-kiralik/daire/164260-76","1 / 23","34.500","07/09/2026","Manisa Uncubozköy Mahallesi'nde Kiralık Daire","Kiralık Daire","3 + 1","115 m²","30 Yaşında","Yüksek Giriş","Manisa / Yunusemre / Uncubozköy Mah.","WhatsApp","https://www.hepsiemlak.com/_nuxt/8cafc93fb5c74c75e9e04e528e02ccdf.jpg","",""
"https://www.hepsiemlak.com/manisa-sehzadeler-goktasli-kiralik/daire/166581-113","1 / 24","22.000","15/08/2026","Göktaşlı Mahallesi Kiralık Dairemiz","Kiralık Daire","3 + 1","110 m²","25 Yaşında","Ara Kat","Manisa / Şehzadeler / Göktaşlı Mah.","WhatsApp","https://www.hepsiemlak.com/_nuxt/8cafc93fb5c74c75e9e04e528e02ccdf.jpg","Remzi Yıldız Gayrimenkul",""
"https://www.hepsiemlak.com/manisa-yunusemre-mesir-kiralik/daire/95753-2348","1 / 35","16.000","24/08/2026","Manisa Mesir Mh.Geniş Ara Kat 2+1 Otoparklı Bahçeli Kiralık","Kiralık Daire","2 + 1","120 m²","32 Yaşında","2. Kat","Manisa / Yunusemre / Mesir Mah.","WhatsApp","https://www.hepsiemlak.com/_nuxt/8cafc93fb5c74c75e9e04e528e02ccdf.jpg","Epa Rüzgar Gayrimenkul","https://www.hepsiemlak.com/_nuxt/8cafc93fb5c74c75e9e04e528e02ccdf.jpg"
"https://www.hepsiemlak.com/manisa-akhisar-resat-bey-kiralik/daire/163123-8","1 / 19","26.000","31/08/2026","Karakaş'tan Eşyalı Kiralık 2+1 Daire","Kiralık Daire","2 + 1","105 m²","26 Yaşında","3. Kat","Manisa / Akhisar / Reşat Bey Mah.","WhatsApp","https://www.hepsiemlak.com/_nuxt/8cafc93fb5c74c75e9e04e528e02ccdf.jpg","Karakaş Gayrimenkul","https://www.hepsiemlak.com/_nuxt/8cafc93fb5c74c75e9e04e528e02ccdf.jpg"
"https://www.hepsiemlak.com/manisa-saruhanli-cengiz-topel-kiralik/daire/9333-1778","1 / 36","13.000","04/09/2026","1+1 Değişik Konsepte Sıfır Daireler","Kiralık Daire","1 + 1","60 m²","1 Yaşında","Ara Kat","Manisa / Saruhanlı / Cengiz Topel Mah.","WhatsApp","https://www.hepsiemlak.com/_nuxt/8cafc93fb5c74c75e9e04e528e02ccdf.jpg","",""
"https://www.hepsiemlak.com/manisa-saruhanli-ataturk-kiralik/daire/114523-479","1 / 9","15.000","10/09/2026","Ersoy'dan Atatürk Mh 2+1 Açık Mutfak Ara Kat Sıfır Daire","Kiralık Daire","2 + 1","85 m²","Sıfır Bina","2. Kat","Manisa / Saruhanlı / Atatürk Mah.","WhatsApp","https://www.hepsiemlak.com/_nuxt/8cafc93fb5c74c75e9e04e528e02ccdf.jpg","",""
"https://www.hepsiemlak.com/manisa-turgutlu-yigitler-kiralik/daire/107696-1771","1 / 22","17.000","17/08/2026","Eymen Emlak'tan Yiğitler Mhde Kiralık Daire","Kiralık Daire","2 + 1","85 m²","6 Yaşında","5. Kat","Manisa / Turgutlu / Yiğitler Mah.","WhatsApp","https://www.hepsiemlak.com/_nuxt/8cafc93fb5c74c75e9e04e528e02ccdf.jpg","Eymen Emlak","https://www.hepsiemlak.com/_nuxt/8cafc93fb5c74c75e9e04e528e02ccdf.jpg"
"https://www.hepsiemlak.com/manisa-salihli-sehitler-kiralik/daire/37897-2514","1 / 26","20.000","08/09/2026","Salihli Cin Emlak'tan Şehitler Mah Park Cad Üzerinde Kiralık 2+1 Doğalgazlı Asansörlü Sıfır Daire","Kiralık Daire","2 + 1","100 m²","Sıfır Bina","2. Kat","Manisa / Salihli / Şehitler Mah.","WhatsApp","https://www.hepsiemlak.com/_nuxt/8cafc93fb5c74c75e9e04e528e02ccdf.jpg","Cin Emlak","https://www.hepsiemlak.com/_nuxt/8cafc93fb5c74c75e9e04e528e02ccdf.jpg"
"https://www.hepsiemlak.com/manisa-yunusemre-muradiye-kiralik/daire/64671-873","1 / 25","20.000","03/09/2026","Öz Elit Emlak'tan Muradiyede Kiralık Sıfır 2+1 Daireler 20.000 Tl.","Kiralık Daire","2 + 1","85 m²","Sıfır Bina","3. Kat","Manisa / Yunusemre / Muradiye Mah.","WhatsApp","https://www.hepsiemlak.com/_nuxt/8cafc93fb5c74c75e9e04e528e02ccdf.jpg","",""
"https://www.hepsiemlak.com/manisa-akhisar-ragip-bey-kiralik/daire/94137-1521","1 / 34","18.000","08/09/2026","Akhisar Ragıpbey Mahallesi'nde 3+1 Kiralık Daire","Kiralık Daire","3 + 1","115 m²","20 Yaşında","3. Kat","Manisa / Akhisar / Ragıp Bey Mah.","WhatsApp","","",""
"https://www.hepsiemlak.com/manisa-yunusemre-mesir-kiralik/daire/164657-20","1 / 14","27.000","12/08/2026","Yunusemre Mesir Mah. 3+1 Özellikli Daire","Kiralık Daire","3 + 1","135 m²","21 Yaşında","3. Kat","Manisa / Yunusemre / Mesir Mah.","WhatsApp","","",""
"https://www.hepsiemlak.com/manisa-sehzadeler-ibrahimcelebi-kiralik/daire/139321-804","1 / 23","24.500","08/09/2026","Manisa Ulupark Ve Cafe Sera Cvr Ful.Öz Bahçeli 2+1 Kiralık","Kiralık Daire","2 + 1","125 m²","31 Yaşında","Bahçe Katı","Manisa / Şehzadeler / İbrahimçelebi Mah.","WhatsApp","https://hecdnnw.hemlak.com/mncropresize/77/67/logo/1/2/3/9/3/1/b09c279f-bbc1-422d-9535-979fba33016c.jpg","Okatan Gayrimenkul",""
"https://www.hepsiemlak.com/manisa-yunusemre-kaynak-kiralik/daire/156185-823","1 / 36","25.000","08/09/2026","Zeki Emlak'tan Tevfikiye Mh. 3+1 Önü Açık Kiralık Daire","Kiralık Daire","3 + 1","120 m²","25 Yaşında","1. Kat","Manisa / Yunusemre / Kaynak Mah.","WhatsApp","https://hecdn01.hemlak.com/mncropresize/182/137/ds01/2/6/1/5/6/2/7/4/3bb28d79-94b9-48b5-9c53-454c5401da51.jpg","Zeki Emlak","https://hecdnnw.hemlak.com/mncropresize/77/67/logo/5/8/1/6/5/1/757f0e6a-8743-4e28-b74d-f6900f5176db.jpg"
"https://www.hepsiemlak.com/manisa-akhisar-inonu-kiralik/daire/162406-492","1 / 22","25.000","10/09/2026","Mustafa Başyiğit Emlak'tan Kiralık Daire İnönü Mahallesi'nde","Kiralık Daire","3 + 1","130 m²","6 Yaşında","1. Kat","Manisa / Akhisar / İnönü Mah.","WhatsApp","https://www.hepsiemlak.com/_nuxt/8cafc93fb5c74c75e9e04e528e02ccdf.jpg","Mustafa Başyiğit Emlak","https://www.hepsiemlak.com/_nuxt/8cafc93fb5c74c75e9e04e528e02ccdf.jpg"
"https://www.hepsiemlak.com/manisa-akhisar-resat-bey-kiralik/daire/158829-88","1 / 23","31.000","31/08/2026","Çınar Gayrimenkulden Reşatbey Mah. Kiralık Ultra Lüks Daire","Kiralık Daire","3 + 1","185 m²","Sıfır Bina","1. Kat","Manisa / Akhisar / Reşat Bey Mah.","WhatsApp","https://www.hepsiemlak.com/_nuxt/8cafc93fb5c74c75e9e04e528e02ccdf.jpg","Çınar Gayrimenkul",""
"https://www.hepsiemlak.com/manisa-yunusemre-muradiye-kiralik/daire/170431-20","1 / 21","60.000","03/09/2026","Noran Qualıte' De 2+1 Kiralık Dairemiz","Kiralık Daire","2 + 1","110 m²","4 Yaşında","3. Kat","Manisa / Yunusemre / Muradiye Mah.","WhatsApp","https://www.hepsiemlak.com/_nuxt/8cafc93fb5c74c75e9e04e528e02ccdf.jpg","Riva Manisa Gayrimenkul","https://www.hepsiemlak.com/_nuxt/8cafc93fb5c74c75e9e04e528e02ccdf.jpg"
"https://www.hepsiemlak.com/manisa-yunusemre-muradiye-kiralik/daire/162376-197","1 / 15","25.000","28/08/2026","Karaali Villalar Bölgesinde Kiralık 1+1 Eşyalı Daire","Kiralık Daire","1 + 1","55 m²","11 Yaşında","1. Kat","Manisa / Yunusemre / Muradiye Mah.","WhatsApp","https://www.hepsiemlak.com/_nuxt/8cafc93fb5c74c75e9e04e528e02ccdf.jpg","Hd Gayrimenkul","https://www.hepsiemlak.com/_nuxt/8cafc93fb5c74c75e9e04e528e02ccdf.jpg"
"https://www.hepsiemlak.com/manisa-yunusemre-ataturk-kiralik/daire/169916-66","1 / 35","21.500","19/08/2026","Çözüm Emlak'tan Atatürk Mah. 2+1 Kapalı Mutfak Çift Cephe Daire","Kiralık Daire","2 + 1","105 m²","11 Yaşında","2. Kat","Manisa / Yunusemre / Atatürk Mah.","WhatsApp","https://www.hepsiemlak.com/_nuxt/8cafc93fb5c74c75e9e04e528e02ccdf.jpg","Çözüm Emlak","https://www.hepsiemlak.com/_nuxt/8cafc93fb5c74c75e9e04e528e02ccdf.jpg"
"https://www.hepsiemlak.com/manisa-akhisar-ataturk-kiralik/daire/94123-2966","1 / 39","26.000","07/09/2026","Atatürk Mah. Birlik Camii Mevkii 3+1 Kiralık Daire","Kiralık Daire","3 + 1","140 m²","6 Yaşında","4. Kat","Manisa / Akhisar / Atatürk Mah.","WhatsApp","https://www.hepsiemlak.com/_nuxt/8cafc93fb5c74c75e9e04e528e02ccdf.jpg","Yaman Yatırım Gayrimenkul",""
"https://www.hepsiemlak.com/manisa-turgutlu-turan-kiralik/daire/166851-77","1 / 32","28.000","02/09/2026","Turan Mahallesinde Asansörlü 3+1 Kiralık Daire","Kiralık Daire","3 + 1","118 m²","5 Yaşında","2. Kat","Manisa / Turgutlu / Turan Mah.","WhatsApp","https://www.hepsiemlak.com/_nuxt/8cafc93fb5c74c75e9e04e528e02ccdf.jpg","Century 21 Elit Turgutlu","https://www.hepsiemlak.com/_nuxt/8cafc93fb5c74c75e9e04e528e02ccdf.jpg"
"https://www.hepsiemlak.com/manisa-akhisar-hurriyet-kiralik/daire/143983-72","1 / 35","13.500","11/08/2026","Manisa Akhisar Hürriyet Mahallesinde 3+1 120 Metrekare Kiralık Daire","Kiralık Daire","3 + 1","125 m²","30 Yaşında","3. Kat","Manisa / Akhisar / Hürriyet Mah.","WhatsApp","https://www.hepsiemlak.com/_nuxt/8cafc93fb5c74c75e9e04e528e02ccdf.jpg","",""
"https://www.hepsiemlak.com/manisa-salihli-sehitler-kiralik/daire/37897-2513","1 / 26","20.000","09/09/2026","Salihli Cin Emlak'tan Şehitler Mah Kiralık 2+1 100 M2 Doğalgazlı Asansörlü Daire","Kiralık Daire","2 + 1","100 m²","Sıfır Bina","1. Kat","Manisa / Salihli / Şehitler Mah.","WhatsApp","https://www.hepsiemlak.com/_nuxt/8cafc93fb5c74c75e9e04e528e02ccdf.jpg","Cin Emlak","https://www.hepsiemlak.com/_nuxt/8cafc93fb5c74c75e9e04e528e02ccdf.jpg"
"https://www.hepsiemlak.com/manisa-akhisar-hurriyet-kiralik/daire/99347-219","1 / 23","24.000","22/08/2026","Hürriyet Mah. Ticaret O. Okulu Yakını 2+1 100 M2 Kiralık Arakat","Kiralık Daire","2 + 1","100 m²","5 Yaşında","2. Kat","Manisa / Akhisar / Hürriyet Mah.","WhatsApp","https://www.hepsiemlak.com/_nuxt/8cafc93fb5c74c75e9e04e528e02ccdf.jpg","Akgün Emlak","https://www.hepsiemlak.com/_nuxt/8cafc93fb5c74c75e9e04e528e02ccdf.jpg"
"https://www.hepsiemlak.com/manisa-yunusemre-laleli-kiralik/daire/49173-219","1 / 26","21.000","08/09/2026","Manisa Yunusemre Laleli Mah.Kiralık Kombili 3+1 Daire","Kiralık Daire","3 + 1","120 m²","25 Yaşında","5. Kat","Manisa / Yunusemre / Laleli Mah.","WhatsApp","https://www.hepsiemlak.com/_nuxt/8cafc93fb5c74c75e9e04e528e02ccdf.jpg","",""
"https://www.hepsiemlak.com/manisa-turgutlu-yildirim-kiralik/daire/164247-278","1 / 14","18.500","06/09/2026","Dede Korkut Parkı Yakını 1+1 Ara Kat Asansörlü Kiralık Daire","Kiralık Daire","1 + 1","85 m²","5 Yaşında","3. Kat","Manisa / Turgutlu / Yıldırım Mah.","WhatsApp","https://www.hepsiemlak.com/_nuxt/8cafc93fb5c74c75e9e04e528e02ccdf.jpg","Güler Emlak","https://www.hepsiemlak.com/_nuxt/8cafc93fb5c74c75e9e04e528e02ccdf.jpg"
"https://www.hepsiemlak.com/manisa-alasehir-sakarya-kiralik/daire/155862-77","1 / 13","20.000","05/09/2026","Garanti Emlaktan Kiralık 3+1 Daire","Kiralık Daire","3 + 1","135 m²","11 Yaşında","1. Kat","Manisa / Alaşehir / Sakarya Mah.","WhatsApp","https://www.hepsiemlak.com/_nuxt/8cafc93fb5c74c75e9e04e528e02ccdf.jpg","",""
"https://www.hepsiemlak.com/manisa-akhisar-inonu-kiralik/daire/94137-1125","1 / 29","15.000","08/09/2026","Akhisar İnönü Mahallesi'nde Kiralık 3+1 Daire","Kiralık Daire","3 + 1","125 m²","30 Yaşında","3. Kat","Manisa / Akhisar / İnönü Mah.","WhatsApp","https://www.hepsiemlak.com/_nuxt/8cafc93fb5c74c75e9e04e528e02ccdf.jpg","",""
"https://www.hepsiemlak.com/manisa-yunusemre-muradiye-kiralik/daire/119471-391","1 / 22","20.000","18/08/2026","Muradiye'de Manisa Menemen Oto Yoluna Bakan 1+1 Kiralık Daire","Kiralık Daire","1 + 1","50 m²","Sıfır Bina","2. Kat","Manisa / Yunusemre / Muradiye Mah.","WhatsApp","https://www.hepsiemlak.com/_nuxt/8cafc93fb5c74c75e9e04e528e02ccdf.jpg","Mak Gayrimenkul","https://www.hepsiemlak.com/_nuxt/8cafc93fb5c74c75e9e04e528e02ccdf.jpg"
"https://www.hepsiemlak.com/manisa-turgutlu-cumhuriyet-kiralik/daire/137655-360","1 / 12","25.000","22/08/2026","Cumhuriyet Mahallesi Kiralık Eşyalı Daire","Kiralık Daire","3 + 1","130 m²","21 Yaşında","4. Kat","Manisa / Turgutlu / Cumhuriyet Mah.","WhatsApp","https://www.hepsiemlak.com/_nuxt/8cafc93fb5c74c75e9e04e528e02ccdf.jpg","",""
"https://www.hepsiemlak.com/manisa-yunusemre-muradiye-kiralik/daire/139321-794","1 / 22","25.000","01/09/2026","Şehrin Kalbinde Teras Keyfi: 4+1 Akıllı Düzenlenmiş Lüks Dubleks","Kiralık Daire","4 + 1","200 m²","6 Yaşında","4. Kat","Manisa / Yunusemre / Muradiye Mah.","WhatsApp","https://www.hepsiemlak.com/_nuxt/8cafc93fb5c74c75e9e04e528e02ccdf.jpg","Okatan Gayrimenkul","https://www.hepsiemlak.com/_nuxt/8cafc93fb5c74c75e9e04e528e02ccdf.jpg"
"https://www.hepsiemlak.com/manisa-turgutlu-yeni-kiralik/daire/158463-331","1 / 15","36.000","27/08/2026","Yeni Mahalle Son Sokak 'ta Eşyalı Kiralık 3+1 Köşe Daire","Kiralık Daire","3 + 1","120 m²","6 Yaşında","2. Kat","Manisa / Turgutlu / Yeni Mah.","WhatsApp","https://www.hepsiemlak.com/_nuxt/8cafc93fb5c74c75e9e04e528e02ccdf.jpg","Startkey Star","https://www.hepsiemlak.com/img/loadings/noImage55-55.png"
"https://www.hepsiemlak.com/manisa-yunusemre-muradiye-kiralik/daire/169916-60","1 / 35","21.000","27/08/2026","Çözüm Emlak'tan Muradiye İstasyon Bölgesi'nde 3+1 Ara Kat Daire","Kiralık Daire","3 + 1","130 m²","6 Yaşında","3. Kat","Manisa / Yunusemre / Muradiye Mah.","WhatsApp","https://www.hepsiemlak.com/_nuxt/8cafc93fb5c74c75e9e04e528e02ccdf.jpg","Çözüm Emlak","https://www.hepsiemlak.com/_nuxt/8cafc93fb5c74c75e9e04e528e02ccdf.jpg"
"https://www.hepsiemlak.com/manisa-yunusemre-guzelyurt-kiralik/daire/162376-192","1 / 26","40.000","26/08/2026","Güzelyurt Mah Grant Medical Mevki 3+1 Kiralık Daire","Kiralık Daire","3 + 1","145 m²","11 Yaşında","Giriş Katı","Manisa / Yunusemre / Güzelyurt Mah.","WhatsApp","https://www.hepsiemlak.com/_nuxt/8cafc93fb5c74c75e9e04e528e02ccdf.jpg","Hd Gayrimenkul","https://www.hepsiemlak.com/_nuxt/8cafc93fb5c74c75e9e04e528e02ccdf.jpg"
"https://www.hepsiemlak.com/manisa-yunusemre-muradiye-kiralik/daire/170431-10","1 / 31","60.000","01/09/2026","Koşarpark Evlerinde 3+1 Kiralık Dairemiz","Kiralık Daire","3 + 1","135 m²","4 Yaşında","3. Kat","Manisa / Yunusemre / Muradiye Mah.","WhatsApp","https://hecdnnw.hemlak.com/mncropresize/77/67/logo/1/3/4/0/7/1/17d21240-51f2-4345-ac7a-75024054682c.jpg","Riva Manisa Gayrimenkul",""
"https://www.hepsiemlak.com/manisa-salihli-kurtulus-kiralik/daire/37897-2652","1 / 25","19.000","08/09/2026","Salihli Cin Emlak'tan Kurtuluş Mah Kiralık 3+1 130 M2 Doğalgazlı  Yüksek Zemin Daire","Kiralık Daire","3 + 1","130 m²","25 Yaşında","Yüksek Giriş","Manisa / Salihli / Kurtuluş Mah.","WhatsApp","https://hecdnnw.hemlak.com/mncropresize/77/67/logo/7/9/8/7/3/0/fa30c6d6-b3e2-4597-84a6-56eccddba05b.jpg","Cin Emlak",""
"https://www.hepsiemlak.com/manisa-yunusemre-muradiye-kiralik/daire/0-47238843","1 / 8","20.000","03/09/2026","Temiz, Yeni, Eşyalı, Merkezi Konumda Sahibinden Kiralık 1+1","Kiralık Daire","1 + 1","52 m²","5 Yaşında","2. Kat","Manisa / Yunusemre / Muradiye Mah.","WhatsApp","","",""
"https://www.hepsiemlak.com/manisa-yunusemre-muradiye-kiralik/daire/156185-825","1 / 14","19.000","08/09/2026","Zeki Emlak'tan Muradiye Mh. Pazaryeri Civ. 1+1 Eşyalı Kiralık Daire","Kiralık Daire","1 + 1","55 m²","Sıfır Bina","Yüksek Giriş","Manisa / Yunusemre / Muradiye Mah.","WhatsApp","https://www.hepsiemlak.com/_nuxt/8cafc93fb5c74c75e9e04e528e02ccdf.jpg","Zeki Emlak","https://www.hepsiemlak.com/_nuxt/8cafc93fb5c74c75e9e04e528e02ccdf.jpg"
"https://www.hepsiemlak.com/manisa-akhisar-ataturk-kiralik/daire/94123-2972","1 / 32","24.000","04/09/2026","Akhisar Atatürk Mah. Gölet Mevki Geniş 2+1 Kiralık Daire","Kiralık Daire","2 + 1","115 m²","5 Yaşında","1. Kat","Manisa / Akhisar / Atatürk Mah.","WhatsApp","https://www.hepsiemlak.com/_nuxt/8cafc93fb5c74c75e9e04e528e02ccdf.jpg","",""
"https://www.hepsiemlak.com/manisa-yunusemre-muradiye-kiralik/daire/159142-211","1 / 18","13.500","07/09/2026","Aras Yapı'dan İstasyon Civarı 1+1 Kiralık Daire","Kiralık Daire","1 + 1","50 m²","Sıfır Bina","4. Kat","Manisa / Yunusemre / Muradiye Mah.","WhatsApp","https://www.hepsiemlak.com/_nuxt/8cafc93fb5c74c75e9e04e528e02ccdf.jpg","",""
"https://www.hepsiemlak.com/manisa-yunusemre-muradiye-kiralik/daire/164319-8","1 / 12","18.000","04/09/2026","Vendiden Karaali Villalar Bölgesinde Havuzlu 1+1 Kiralık Daire","Kiralık Daire","1 + 1","70 m²","6 Yaşında","3. Kat","Manisa / Yunusemre / Muradiye Mah.","WhatsApp","https://www.hepsiemlak.com/_nuxt/8cafc93fb5c74c75e9e04e528e02ccdf.jpg","Vendi Gayrimenkul","https://www.hepsiemlak.com/img/loadings/noImage55-55.png"
"https://www.hepsiemlak.com/manisa-yunusemre-uncubozkoy-kiralik/daire/161221-224","1 / 17","42.500","21/08/2026","Beyazkule Den Uncubozköy De Tadilatlı Kiralık 3+1 Daire","Kiralık Daire","3 + 1","130 m²","21 Yaşında","4. Kat","Manisa / Yunusemre / Uncubozköy Mah.","WhatsApp","https://www.hepsiemlak.com/_nuxt/8cafc93fb5c74c75e9e04e528e02ccdf.jpg","Beyaz Kule Gayrimenkul","https://www.hepsiemlak.com/_nuxt/8cafc93fb5c74c75e9e04e528e02ccdf.jpg"
"https://www.hepsiemlak.com/manisa-yunusemre-muradiye-kiralik/daire/169916-53","1 / 26","14.000","29/08/2026","Çözüm Emlak'tan Muradiye Belediye Civarında 1+1 Kiralık Daire","Kiralık Daire","1 + 1","45 m²","6 Yaşında","3. Kat","Manisa / Yunusemre / Muradiye Mah.","WhatsApp","https://www.hepsiemlak.com/_nuxt/8cafc93fb5c74c75e9e04e528e02ccdf.jpg","Çözüm Emlak","https://www.hepsiemlak.com/_nuxt/8cafc93fb5c74c75e9e04e528e02ccdf.jpg"
"https://www.hepsiemlak.com/manisa-akhisar-resat-bey-kiralik/daire/163781-138","1 / 30","15.500","26/08/2026","Medigün Karşısı Ara Kat Kiralık Daire","Kiralık Daire","2 + 1","110 m²","31 Yaşında","2. Kat","Manisa / Akhisar / Reşat Bey Mah.","WhatsApp","https://www.hepsiemlak.com/_nuxt/8cafc93fb5c74c75e9e04e528e02ccdf.jpg","Ayverdi Emlak","https://www.hepsiemlak.com/_nuxt/8cafc93fb5c74c75e9e04e528e02ccdf.jpg"
"https://www.hepsiemlak.com/manisa-yunusemre-muradiye-kiralik/daire/46068-7697","1 / 17","30.000","29/08/2026","Emlak Center’dan Muradiye Mah 2+1 Kiralık Daire","Kiralık Daire","2 + 1","80 m²","10 Yaşında","Bahçe Katı","Manisa / Yunusemre / Muradiye Mah.","WhatsApp","https://www.hepsiemlak.com/_nuxt/8cafc93fb5c74c75e9e04e528e02ccdf.jpg","Emlak Center","https://www.hepsiemlak.com/_nuxt/8cafc93fb5c74c75e9e04e528e02ccdf.jpg"
"https://www.hepsiemlak.com/manisa-akhisar-hurriyet-kiralik/daire/94137-1340","1 / 25","18.000","08/09/2026","Akhisar Hürriyet Mahallesi'nde 2+1 Kiralık Daire","Kiralık Daire","2 + 1","110 m²","15 Yaşında","2. Kat","Manisa / Akhisar / Hürriyet Mah.","WhatsApp","https://www.hepsiemlak.com/_nuxt/8cafc93fb5c74c75e9e04e528e02ccdf.jpg","",""
"https://www.hepsiemlak.com/manisa-yunusemre-muradiye-kiralik/daire/167382-445","1 / 8","21.000","30/08/2026","Öğrenciye Kiralık Villalar Bölgesinde 1+1 Eşyalı Dairemiz","Kiralık Daire","1 + 1","60 m²","6 Yaşında","3. Kat","Manisa / Yunusemre / Muradiye Mah.","WhatsApp","https://www.hepsiemlak.com/_nuxt/8cafc93fb5c74c75e9e04e528e02ccdf.jpg","Lidya Emlak","https://www.hepsiemlak.com/_nuxt/8cafc93fb5c74c75e9e04e528e02ccdf.jpg"
"https://www.hepsiemlak.com/manisa-yunusemre-muradiye-kiralik/daire/163565-527","1 / 11","20.000","08/09/2026","Emir Grup'tan Muradiye'de 1+1 65m² Full Eşyalı Arakat Daire","Kiralık Daire","1 + 1","65 m²","11 Yaşında","2. Kat","Manisa / Yunusemre / Muradiye Mah.","WhatsApp","https://www.hepsiemlak.com/_nuxt/8cafc93fb5c74c75e9e04e528e02ccdf.jpg","Emir Grup Muradiye","https://www.hepsiemlak.com/_nuxt/8cafc93fb5c74c75e9e04e528e02ccdf.jpg"
"https://www.hepsiemlak.com/manisa-salihli-gunes-kiralik/daire/37897-2657","1 / 24","31.000","08/09/2026","Salihli Cin Emlak'tan Güneş Mah Kiralık 3+1 140 M2 Doğalgazlı Dubleks","Kiralık Daire","3 + 1","140 m²","7 Yaşında","5. Kat","Manisa / Salihli / Güneş Mah.","WhatsApp","https://www.hepsiemlak.com/_nuxt/8cafc93fb5c74c75e9e04e528e02ccdf.jpg","Cin Emlak","https://www.hepsiemlak.com/_nuxt/8cafc93fb5c74c75e9e04e528e02ccdf.jpg"
"https://www.hepsiemlak.com/manisa-turgutlu-acarlar-kiralik/daire/126164-360","1 / 11","26.000","18/08/2026","Muratdağı Sokakta Kiralık Daire","Kiralık Daire","3 + 1","115 m²","15 Yaşında","Ara Kat","Manisa / Turgutlu / Acarlar Mah.","WhatsApp","https://www.hepsiemlak.com/_nuxt/8cafc93fb5c74c75e9e04e528e02ccdf.jpg","",""
"https://www.hepsiemlak.com/manisa-akhisar-ataturk-kiralik/daire/94123-2885","1 / 32","24.000","12/08/2026","Akhisar Atatürk Mah. Gölet Mevki Geniş 2+1 Kiralık Daire","Kiralık Daire","2 + 1","115 m²","5 Yaşında","1. Kat","Manisa / Akhisar / Atatürk Mah.","WhatsApp","https://www.hepsiemlak.com/_nuxt/8cafc93fb5c74c75e9e04e528e02ccdf.jpg","",""
"https://www.hepsiemlak.com/manisa-saruhanli-cengiz-topel-kiralik/daire/9333-1858","1 / 14","17.500","04/09/2026","Neval Yaralı İlköğretim Okulu Arkası Kiralık","Kiralık Daire","2 + 1","106 m²","7 Yaşında","3. Kat","Manisa / Saruhanlı / Cengiz Topel Mah.","WhatsApp","https://www.hepsiemlak.com/_nuxt/8cafc93fb5c74c75e9e04e528e02ccdf.jpg","",""
"https://www.hepsiemlak.com/manisa-yunusemre-75-yil-kiralik/daire/94966-867","1 / 18","26.000","04/09/2026","75. Yıl Mahallesinde 2+1 Eşyalı Teraslı Kiralık Daire","Kiralık Daire","2 + 1","110 m²","16 Yaşında","3. Kat","Manisa / Yunusemre / 75. Yıl Mah.","WhatsApp","https://hecdn01.hemlak.com/mncropresize/182/137/ds01/5/2/0/1/3/2/7/4/8d4aa85d-2309-4b1a-8ef6-4831e03762cc.jpg","",""
"https://www.hepsiemlak.com/manisa-akhisar-kethuda-kiralik/daire/72047-1615","1 / 21","16.000","01/09/2026","Akhisar Kethüda Mh.Kiralık 3+1 Bakımlı Daire","Kiralık Daire","3 + 1","125 m²","25 Yaşında","4. Kat","Manisa / Akhisar / Kethüda Mah.","WhatsApp","https://hecdn01.hemlak.com/mncropresize/182/137/ds01/4/8/7/0/2/6/6/4/1779018649-3239799-46620784.jpeg","",""
"https://www.hepsiemlak.com/manisa-yunusemre-muradiye-kiralik/daire/169916-27","1 / 24","18.000","19/08/2026","Çözüm Emlak'tan Muradiye'de Önü Açık 2+1 Karanlıksız Daire","Kiralık Daire","2 + 1","80 m²","4 Yaşında","4. Kat","Manisa / Yunusemre / Muradiye Mah.","WhatsApp","https://hecdn01.hemlak.com/mncropresize/182/137/ds01/1/2/1/2/9/7/6/4/23fcd07f-7dc5-483d-b747-ddfdf16279ea.jpg","Çözüm Emlak","https://hecdnnw.hemlak.com/mncropresize/77/67/logo/6/1/9/9/6/1/164ad9e8-bd01-4815-b4dd-4d6a968fbdf2.jpg"
"https://www.hepsiemlak.com/manisa-akhisar-hurriyet-kiralik/daire/163781-100","1 / 19","15.500","06/09/2026","Hürriyet Mah Site İçinde Geniş 3+1 Kiralık Daire","Kiralık Daire","3 + 1","165 m²","26 Yaşında","3. Kat","Manisa / Akhisar / Hürriyet Mah.","WhatsApp","https://hecdn01.hemlak.com/mncropresize/182/137/ds01/7/8/9/5/3/5/6/4/fc566316-694d-4f67-9c51-35e50c33b624.jpg","Ayverdi Emlak","https://hecdnnw.hemlak.com/mncropresize/77/67/logo/1/8/7/3/6/1/829a6d26-0698-41ff-a1eb-29d462199c2d.jpg"
"https://www.hepsiemlak.com/manisa-sehzadeler-guzelkoy-kiralik/daire/49173-218","1 / 11","15.000","04/09/2026","Manisa Şehzadeler Güzelköy Kiralık 1+1 Esyalı Daire.","Kiralık Daire","1 + 1","90 m²","25 Yaşında","3. Kat","Manisa / Şehzadeler / Güzelköy Mah.","WhatsApp","https://hecdn01.hemlak.com/mncropresize/182/137/ds01/2/9/2/8/4/2/7/4/1788537816345-47248292.jpg","",""
"https://www.hepsiemlak.com/manisa-alasehir-istasyon-kiralik/daire/156372-191","1 / 21","35.000","08/09/2026","Gökay Grup 'tan Kiralık Dubleks Daire","Kiralık Daire","5 + 1","300 m²","9 Yaşında","En Üst Kat","Manisa / Alaşehir / İstasyon Mah.","WhatsApp","https://hecdn01.hemlak.com/mncropresize/182/137/ds01/2/1/1/6/2/2/7/4/d010dd31-ecb7-4d43-8ce7-4cb42b122b02.jpg","",""
"https://www.hepsiemlak.com/manisa-alasehir-istasyon-kiralik/daire/167726-35","1 / 24","23.000","31/08/2026","Metin Emlak'tan İstasyon Mahallesinde 2+1 Eşyalı Kiralık Daire","Kiralık Daire","2 + 1","105 m²","26 Yaşında","2. Kat","Manisa / Alaşehir / İstasyon Mah.","WhatsApp","https://hecdnnw.hemlak.com/mncropresize/77/67/logo/6/2/7/7/6/1/2171b2d3-fa8f-4d44-900a-6722cad52084.jpg","Metin Emlak & Gayrimenkul",""
"https://www.hepsiemlak.com/manisa-yunusemre-karaali-kiralik/daire/166274-33","1 / 27","50.000","26/08/2026","Manisa Yunusemre Mah Karaalide Havuzlu Sitede Kiralık 3+1 Daire","Kiralık Daire","3 + 1","135 m²","6 Yaşında","2. Kat","Manisa / Yunusemre / Karaali Mah.","WhatsApp","https://hecdnnw.hemlak.com/mncropresize/77/67/logo/4/7/2/6/6/1/f690d8dd-ac33-416f-8ddc-2376c72be127.jpg","Çetin Group",""
"https://www.hepsiemlak.com/manisa-yunusemre-muradiye-kiralik/daire/162051-48","1 / 21","23.000","26/08/2026","Karaali Uyap Life 2 Kiralık 1+1 Daire","Kiralık Daire","1 + 1","65 m²","6 Yaşında","2. Kat","Manisa / Yunusemre / Muradiye Mah.","WhatsApp","","",""
"https://www.hepsiemlak.com/manisa-turgutlu-sehitler-kiralik/daire/165789-97","1 / 15","22.000","28/08/2026","Cumhuriyet Mahallesinde 3+1 Kiralık Daire","Kiralık Daire","3 + 1","135 m²","15 Yaşında","4. Kat","Manisa / Turgutlu / Şehitler Mah.","WhatsApp","https://hecdn01.hemlak.com/mncropresize/182/137/ds01/7/3/6/1/7/1/7/4/1787393388-084481-47171637.jpeg","Koçoğlu Gayrimenkul","https://hecdnnw.hemlak.com/mncropresize/77/67/logo/9/8/7/5/6/1/9ded28cd-6b8d-4dfb-84df-bc40c0a1eca4.jpg"
"https://www.hepsiemlak.com/manisa-akhisar-efendi-kiralik/daire/162211-291","1 / 24","18.000","04/09/2026","Efendı Mahallesı Cirit Alanı Mevkıı 2 + 1 Kıralık Daıre","Kiralık Daire","2 + 1","100 m²","1 Yaşında","1. Kat","Manisa / Akhisar / Efendi Mah.","WhatsApp","https://www.hepsiemlak.com/_nuxt/8cafc93fb5c74c75e9e04e528e02ccdf.jpg","Aras Gayrimenkul","https://www.hepsiemlak.com/_nuxt/8cafc93fb5c74c75e9e04e528e02ccdf.jpg"
"https://www.hepsiemlak.com/manisa-turgutlu-selvilitepe-kiralik/daire/160048-339","1 / 24","30.000","26/08/2026","Life City Geniş 2+1 Kiralık","Kiralık Daire","2 + 1","110 m²","4 Yaşında","6. Kat","Manisa / Turgutlu / Selvilitepe Mah.","WhatsApp","https://www.hepsiemlak.com/_nuxt/8cafc93fb5c74c75e9e04e528e02ccdf.jpg","Evin Burada Gayrimenkul","https://www.hepsiemlak.com/_nuxt/8cafc93fb5c74c75e9e04e528e02ccdf.jpg"
"https://www.hepsiemlak.com/manisa-turgutlu-selvilitepe-kiralik/daire/170685-2","1 / 23","38.000","04/09/2026","Selvilitepe Mahallesinde Kiralık 4+1","Kiralık Daire","4 + 1","165 m²","2 Yaşında","7. Kat","Manisa / Turgutlu / Selvilitepe Mah.","WhatsApp","https://www.hepsiemlak.com/_nuxt/8cafc93fb5c74c75e9e04e528e02ccdf.jpg","Via Gayrimenkul","https://www.hepsiemlak.com/_nuxt/8cafc93fb5c74c75e9e04e528e02ccdf.jpg"
"https://www.hepsiemlak.com/manisa-turgutlu-subasi-kiralik/daire/165699-6","1 / 35","33.000","21/08/2026","Ana Bulvar Girişinde | Önü Kapanmaz | Full Tadilatlı 3+1","Kiralık Daire","3 + 1","135 m²","6 Yaşında","2. Kat","Manisa / Turgutlu / Subaşı Mah.","WhatsApp","https://www.hepsiemlak.com/_nuxt/8cafc93fb5c74c75e9e04e528e02ccdf.jpg","",""
"https://www.hepsiemlak.com/manisa-yunusemre-uncubozkoy-kiralik/daire/150956-121","1 / 29","25.000","29/07/2026","Uncubozköy Satılık Özellikli Ara Kat","Kiralık Daire","2 + 1","100 m²","27 Yaşında","Ara Kat","Manisa / Yunusemre / Uncubozköy Mah.","WhatsApp","https://www.hepsiemlak.com/_nuxt/8cafc93fb5c74c75e9e04e528e02ccdf.jpg","",""
"https://www.hepsiemlak.com/manisa-akhisar-efendi-kiralik/daire/164685-76","1 / 20","17.500","15/08/2026","Efendi Mahallesi Kiralık Sıfır Arakat Daire","Kiralık Daire","2 + 1","100 m²","Sıfır Bina","2. Kat","Manisa / Akhisar / Efendi Mah.","WhatsApp","https://www.hepsiemlak.com/_nuxt/8cafc93fb5c74c75e9e04e528e02ccdf.jpg","Ayla Gayrimenkul","https://www.hepsiemlak.com/_nuxt/8cafc93fb5c74c75e9e04e528e02ccdf.jpg"
"https://www.hepsiemlak.com/manisa-yunusemre-muradiye-kiralik/daire/163401-46","1 / 19","14.000","26/07/2026","Dede Emlak'tan Muradiye'de Kiralık Daire","Kiralık Daire","1 + 1","65 m²","5 Yaşında","3. Kat","Manisa / Yunusemre / Muradiye Mah.","WhatsApp","https://www.hepsiemlak.com/_nuxt/8cafc93fb5c74c75e9e04e528e02ccdf.jpg","",""
"https://www.hepsiemlak.com/manisa-sehzadeler-2-anafartalar-kiralik/daire/4479-329","1 / 29","47.000","28/08/2026","Manisa 2.Anafartalar Kiralık 5+1 Dubleks,Teraslı","Kiralık Daire","5 + 1","260 m²","16 Yaşında","Çatı Katı","Manisa / Şehzadeler / 2. Anafartalar Mah.","WhatsApp","https://www.hepsiemlak.com/_nuxt/8cafc93fb5c74c75e9e04e528e02ccdf.jpg","Balaban Emlak","https://www.hepsiemlak.com/_nuxt/8cafc93fb5c74c75e9e04e528e02ccdf.jpg"
"https://www.hepsiemlak.com/manisa-akhisar-resat-bey-kiralik/daire/94137-1506","1 / 20","16.000","08/09/2026","Akhisar Reşatbey Mahallesi'nde 2+1 Kiralık Daire","Kiralık Daire","2 + 1","90 m²","20 Yaşında","3. Kat","Manisa / Akhisar / Reşat Bey Mah.","WhatsApp","https://www.hepsiemlak.com/_nuxt/8cafc93fb5c74c75e9e04e528e02ccdf.jpg","",""
"https://www.hepsiemlak.com/manisa-akhisar-hurriyet-kiralik/daire/170297-19","1 / 14","27.000","01/09/2026","Manisa Akhisar Hürriyet Mah. Eşyalı Kiralık Daire","Kiralık Daire","2 + 1","80 m²","10 Yaşında","Ara Kat","Manisa / Akhisar / Hürriyet Mah.","WhatsApp","https://www.hepsiemlak.com/_nuxt/8cafc93fb5c74c75e9e04e528e02ccdf.jpg","Osman Çelik Gayrimenkul","https://www.hepsiemlak.com/img/loadings/noImage55-55.png"
"https://www.hepsiemlak.com/manisa-salihli-eski-cami-kiralik/daire/152152-89","1 / 14","19.000","27/08/2026","Eskicami Mahallesi Kiralık 2+1 Ayrı Mutfak","Kiralık Daire","2 + 1","89 m²","11 Yaşında","1. Kat","Manisa / Salihli / Eski Cami Mah.","WhatsApp","https://www.hepsiemlak.com/_nuxt/8cafc93fb5c74c75e9e04e528e02ccdf.jpg","",""
"https://www.hepsiemlak.com/manisa-akhisar-ragip-bey-kiralik/daire/115104-389","1 / 14","14.000","05/09/2026","Akhisar Gürbüz Emlak Tan Tahirün Caddesinde 5.Kat (asansör Yok) Doğalgazlı Kiralık Daire","Kiralık Daire","3 + 0","135 m²","30 Yaşında","En Üst Kat","Manisa / Akhisar / Ragıp Bey Mah.","WhatsApp","https://www.hepsiemlak.com/_nuxt/8cafc93fb5c74c75e9e04e528e02ccdf.jpg","",""
"https://www.hepsiemlak.com/manisa-yunusemre-muradiye-kiralik/daire/169916-21","1 / 22","23.000","02/09/2026","Çözüm Emlak'tan Muradiye Site İçinde 2+1 K.Mutfak Kiralık Daire","Kiralık Daire","2 + 1","95 m²","4 Yaşında","3. Kat","Manisa / Yunusemre / Muradiye Mah.","WhatsApp","https://www.hepsiemlak.com/_nuxt/8cafc93fb5c74c75e9e04e528e02ccdf.jpg","Çözüm Emlak","https://www.hepsiemlak.com/_nuxt/8cafc93fb5c74c75e9e04e528e02ccdf.jpg"
"https://www.hepsiemlak.com/manisa-yunusemre-muradiye-kiralik/daire/22228-11292","1 / 34","16.000","28/08/2026","Akdeniz Emlaktan Kiralık Yunus Emre Muradiye Mah 2+1 90 M2 Son  Asansörlü Kat","Kiralık Daire","2 + 1","90 m²","12 Yaşında","En Üst Kat","Manisa / Yunusemre / Muradiye Mah.","WhatsApp","https://www.hepsiemlak.com/_nuxt/8cafc93fb5c74c75e9e04e528e02ccdf.jpg","",""
"https://www.hepsiemlak.com/manisa-yunusemre-guzelyurt-kiralik/daire/163068-876","1 / 20","27.000","07/09/2026","Evona'dan Güzelyurtda Eşyalı Özdamar Sitesinde Kiralık 1+1 Daire","Kiralık Daire","1 + 1","80 m²","6 Yaşında","Yüksek Giriş","Manisa / Yunusemre / Güzelyurt Mah.","WhatsApp","https://www.hepsiemlak.com/_nuxt/8cafc93fb5c74c75e9e04e528e02ccdf.jpg","Coldwell Banker Evona","https://www.hepsiemlak.com/img/loadings/noImage55-55.png"
"https://www.hepsiemlak.com/manisa-salihli-keli-kiralik/daire/146867-42","1 / 21","28.000","16/08/2026","Geniş Ara Kat Doğal Gazlı Kiralık","Kiralık Daire","3 + 1","150 m²","6 Yaşında","9. Kat","Manisa / Salihli / Keli Mah.","WhatsApp","https://www.hepsiemlak.com/_nuxt/8cafc93fb5c74c75e9e04e528e02ccdf.jpg","",""
"https://www.hepsiemlak.com/manisa-akhisar-resat-bey-kiralik/daire/162211-288","1 / 16","25.000","14/08/2026","Reşatbey Mahallesinde 2+1 100 M² Kiralık Daire","Kiralık Daire","2 + 1","100 m²","1 Yaşında","1. Kat","Manisa / Akhisar / Reşat Bey Mah.","WhatsApp","https://www.hepsiemlak.com/_nuxt/8cafc93fb5c74c75e9e04e528e02ccdf.jpg","Aras Gayrimenkul","https://www.hepsiemlak.com/_nuxt/8cafc93fb5c74c75e9e04e528e02ccdf.jpg"
"https://www.hepsiemlak.com/manisa-sehzadeler-dilsikar-kiralik/daire/95753-2337","1 / 35","25.000","02/08/2026","Manisa Şehzadeler Dilşikar Mh.Cadde Üzeri 2+1 Asansörlü Kiralık","Kiralık Daire","2 + 1","110 m²","30 Yaşında","6. Kat","Manisa / Şehzadeler / Dilşikar Mah.","WhatsApp","https://www.hepsiemlak.com/_nuxt/8cafc93fb5c74c75e9e04e528e02ccdf.jpg","Epa Rüzgar Gayrimenkul","https://www.hepsiemlak.com/_nuxt/8cafc93fb5c74c75e9e04e528e02ccdf.jpg"
"https://www.hepsiemlak.com/manisa-alasehir-kurtulus-kiralik/daire/170154-4","1 / 12","25.500","28/08/2026","Kurtuluş Mahallesinde 2+1 Kapalı Mutfak","Kiralık Daire","2 + 1","110 m²","2 Yaşında","2. Kat","Manisa / Alaşehir / Kurtuluş Mah.","WhatsApp","https://hecdn01.hemlak.com/mncropresize/182/137/ds01/6/7/4/8/0/2/7/4/e0d14feb-7ad5-4f07-b796-4c9fbf7fe28b.jpg","",""
"https://www.hepsiemlak.com/manisa-soma-kurtulus-kiralik/daire/0-47022499","1 / 12","19.000","29/07/2026","Antik Bahçe Civarı Sahibinden Kiralık Dubleks","Kiralık Daire","5 + 1","150 m²","15 Yaşında","Giriş Katı","Manisa / Soma / Kurtuluş Mah.","WhatsApp","https://hecdn01.hemlak.com/mncropresize/182/137/ds01/9/9/4/2/2/0/7/4/YlD5jzV9ZVzN4aa5jSSLQ.jpeg","",""
"https://www.hepsiemlak.com/manisa-salihli-eski-cami-kiralik/daire/57265-114","1 / 7","16.500","08/09/2026","Eşyalı Kiralık Daire","Kiralık Daire","1 + 1","40 m²","5 Yaşında","Ara Kat","Manisa / Salihli / Eski Cami Mah.","WhatsApp","","",""
"https://www.hepsiemlak.com/manisa-yunusemre-uncubozkoy-kiralik/daire/94966-848","1 / 12","32.000","04/09/2026","Manisa Uncubozköy'de Öğrenciye Full Eşyalı 3+1 Kiralık Daire","Kiralık Daire","3 + 1","120 m²","21 Yaşında","5. Kat","Manisa / Yunusemre / Uncubozköy Mah.","WhatsApp","","",""
"https://www.hepsiemlak.com/manisa-yunusemre-muradiye-kiralik/daire/169916-13","1 / 22","14.000","15/08/2026","Çözüm Emlak'tan Muradiye'de Sıfır 1+1 Ara Kat Kiralık Daire","Kiralık Daire","1 + 1","55 m²","Sıfır Bina","3. Kat","Manisa / Yunusemre / Muradiye Mah.","WhatsApp","https://hecdnnw.hemlak.com/mncropresize/77/67/logo/6/1/9/9/6/1/164ad9e8-bd01-4815-b4dd-4d6a968fbdf2.jpg","Çözüm Emlak",""
"https://www.hepsiemlak.com/manisa-akhisar-kethuda-kiralik/daire/115104-309","1 / 12","16.000","07/09/2026","Akhisar Rağıpbey Mah.Ara Kat Doğalgazlı Eşyalı Kiralık Daire.","Kiralık Daire","3 + 1","135 m²","31 Yaşında","3. Kat","Manisa / Akhisar / Kethüda Mah.","WhatsApp","https://hecdn01.hemlak.com/mncropresize/182/137/ds01/4/8/7/5/1/9/2/4/0e70c7df-6102-4d50-81d3-87f113145328.jpeg","",""
"https://www.hepsiemlak.com/manisa-akhisar-cumhuriyet-kiralik/daire/0-47010618","1 / 10","20.500","10/09/2026","Sahibinden Kiralık Ring Yolu Üzeri Ara Kat 0 Daire","Kiralık Daire","2 + 1","100 m²","Sıfır Bina","3. Kat","Manisa / Akhisar / Cumhuriyet Mah.","WhatsApp","https://www.hepsiemlak.com/_nuxt/8cafc93fb5c74c75e9e04e528e02ccdf.jpg","",""
"https://www.hepsiemlak.com/manisa-akhisar-hurriyet-kiralik/daire/94137-1527","1 / 16","16.000","08/09/2026","Akhisar Hürriyet Mahallesi'nde 3+1 Kiralık Daire","Kiralık Daire","3 + 1","125 m²","30 Yaşında","2. Kat","Manisa / Akhisar / Hürriyet Mah.","WhatsApp","https://www.hepsiemlak.com/_nuxt/8cafc93fb5c74c75e9e04e528e02ccdf.jpg","",""
"https://www.hepsiemlak.com/manisa-sehzadeler-yarhasanlar-kiralik/daire/31745-23118","1 / 23","15.500","01/09/2026","Kw,Den Çarsı Merkezde Uygun Kiralik 2+1 Daire","Kiralık Daire","2 + 1","90 m²","30 Yaşında","3. Kat","Manisa / Şehzadeler / Yarhasanlar Mah.","WhatsApp","https://www.hepsiemlak.com/_nuxt/8cafc93fb5c74c75e9e04e528e02ccdf.jpg","Kw Alesta-viya-orsa 5","https://www.hepsiemlak.com/_nuxt/8cafc93fb5c74c75e9e04e528e02ccdf.jpg"
"https://www.hepsiemlak.com/manisa-yunusemre-guzelyurt-kiralik/daire/163068-875","1 / 21","28.000","29/08/2026","Evona'dan Güzelyurtda Eşyalı Özdamar Sitesinde Kiralık 1+1 Daire","Kiralık Daire","1 + 1","80 m²","6 Yaşında","Yüksek Giriş","Manisa / Yunusemre / Güzelyurt Mah.","WhatsApp","https://www.hepsiemlak.com/_nuxt/8cafc93fb5c74c75e9e04e528e02ccdf.jpg","Coldwell Banker Evona","https://www.hepsiemlak.com/img/loadings/noImage55-55.png"
"https://www.hepsiemlak.com/manisa-yunusemre-cumhuriyet-kiralik/daire/168770-97","1 / 30","32.500","26/08/2026","Lofça Gayrimenkulden Cumhuriyet Mah Site İçerisinde Geniş 2+1 Açık Mutfaklı Ara Kat Daire","Kiralık Daire","2 + 1","120 m²","9 Yaşında","2. Kat","Manisa / Yunusemre / Cumhuriyet Mah.","WhatsApp","https://www.hepsiemlak.com/_nuxt/8cafc93fb5c74c75e9e04e528e02ccdf.jpg","",""
"https://www.hepsiemlak.com/manisa-turgutlu-altay-kiralik/daire/137655-359","1 / 16","23.000","09/09/2026","Altay Mahallesi Kiralık Daire","Kiralık Daire","3 + 1","145 m²","16 Yaşında","1. Kat","Manisa / Turgutlu / Altay Mah.","WhatsApp","https://www.hepsiemlak.com/_nuxt/8cafc93fb5c74c75e9e04e528e02ccdf.jpg","",""
"https://www.hepsiemlak.com/manisa-yunusemre-akgedik-kiralik/daire/95753-2318","1 / 31","24.000","05/08/2026","Manisa Karaali Villalar Bölgesi 1+1 Eşyalı Havuzlu Sitede","Kiralık Daire","1 + 1","60 m²","10 Yaşında","Yüksek Giriş","Manisa / Yunusemre / Akgedik Mah.","WhatsApp","https://www.hepsiemlak.com/_nuxt/8cafc93fb5c74c75e9e04e528e02ccdf.jpg","Epa Rüzgar Gayrimenkul","https://www.hepsiemlak.com/_nuxt/8cafc93fb5c74c75e9e04e528e02ccdf.jpg"
"https://www.hepsiemlak.com/manisa-yunusemre-karaali-kiralik/villa/167382-407","1 / 40","76.000","22/08/2026","Müstakil Havuz & Bahçeli Lüks, Karaali Sıfır Villa","Kiralık Villa","3 + 1","400 m²","Sıfır Bina","Bahçe Katı","Manisa / Yunusemre / Karaali Mah.","WhatsApp","https://www.hepsiemlak.com/_nuxt/8cafc93fb5c74c75e9e04e528e02ccdf.jpg","Lidya Emlak","https://www.hepsiemlak.com/_nuxt/8cafc93fb5c74c75e9e04e528e02ccdf.jpg"
"https://www.hepsiemlak.com/manisa-yunusemre-muradiye-kiralik/daire/22228-11359","1 / 31","17.000","03/09/2026","Akdeniz Emlak'tan Kiralık Yunus Emre Muradiye Mah 2+1 85 M Daire","Kiralık Daire","2 + 1","85 m²","14 Yaşında","Ara Kat","Manisa / Yunusemre / Muradiye Mah.","WhatsApp","https://www.hepsiemlak.com/_nuxt/8cafc93fb5c74c75e9e04e528e02ccdf.jpg","",""
"https://www.hepsiemlak.com/manisa-turgutlu-sehitler-kiralik/daire/165789-100","1 / 12","18.000","01/09/2026","Şehitler Mahallesinde Kiralık 3+1 Daire","Kiralık Daire","3 + 1","145 m²","35 Yaşında","3. Kat","Manisa / Turgutlu / Şehitler Mah.","WhatsApp","https://www.hepsiemlak.com/_nuxt/8cafc93fb5c74c75e9e04e528e02ccdf.jpg","Koçoğlu Gayrimenkul","https://www.hepsiemlak.com/_nuxt/8cafc93fb5c74c75e9e04e528e02ccdf.jpg"
"https://www.hepsiemlak.com/manisa-akhisar-cumhuriyet-kiralik/daire/143910-322","1 / 11","18.000","19/08/2026","3 Adam Gayrimenkulden Cumhuriyet Ring Yolunda 2+0 Kiralık Daire","Kiralık Daire","2 + 0","70 m²","Sıfır Bina","3. Kat","Manisa / Akhisar / Cumhuriyet Mah.","WhatsApp","https://www.hepsiemlak.com/_nuxt/8cafc93fb5c74c75e9e04e528e02ccdf.jpg","3 Adam Gayrimenkul","https://www.hepsiemlak.com/_nuxt/8cafc93fb5c74c75e9e04e528e02ccdf.jpg"
"https://www.hepsiemlak.com/manisa-yunusemre-yeni-mahalle-kiralik/daire/161221-227","1 / 6","18.000","03/09/2026","Beyaz Kuleden Kiralık 1+0 Stüdyo Kiralık Daire.","Kiralık Daire","Stüdyo","40 m²","5 Yaşında","5. Kat","Manisa / Yunusemre / Yeni Mahalle Mah.","WhatsApp","https://www.hepsiemlak.com/_nuxt/8cafc93fb5c74c75e9e04e528e02ccdf.jpg","Beyaz Kule Gayrimenkul","https://www.hepsiemlak.com/_nuxt/8cafc93fb5c74c75e9e04e528e02ccdf.jpg"
"https://www.hepsiemlak.com/manisa-sehzadeler-tunca-kiralik/daire/70124-4105","1 / 14","28.000","25/08/2026","Tunca Mahallesi Kiralık 3+1 Özellikli Arakat","Kiralık Daire","3 + 1","120 m²","25 Yaşında","3. Kat","Manisa / Şehzadeler / Tunca Mah.","WhatsApp","https://www.hepsiemlak.com/_nuxt/8cafc93fb5c74c75e9e04e528e02ccdf.jpg","",""
"https://www.hepsiemlak.com/manisa-turgutlu-yedi-eylul-kiralik/daire/160048-343","1 / 10","25.000","07/09/2026","Yedieylül Mahallesi Kiralık","Kiralık Daire","2 + 1","110 m²","Sıfır Bina","2. Kat","Manisa / Turgutlu / Yedi Eylül Mah.","WhatsApp","https://www.hepsiemlak.com/_nuxt/8cafc93fb5c74c75e9e04e528e02ccdf.jpg","Evin Burada Gayrimenkul","https://www.hepsiemlak.com/_nuxt/8cafc93fb5c74c75e9e04e528e02ccdf.jpg"
"https://www.hepsiemlak.com/manisa-yunusemre-muradiye-kiralik/daire/163565-524","1 / 21","24.000","02/09/2026","Emir Grup'tan Muradiye'de Cadde Üzerinde Lüx 2+1 Kiralık Daire","Kiralık Daire","2 + 1","115 m²","6 Yaşında","5. Kat","Manisa / Yunusemre / Muradiye Mah.","WhatsApp","https://www.hepsiemlak.com/_nuxt/8cafc93fb5c74c75e9e04e528e02ccdf.jpg","Emir Grup Muradiye","https://www.hepsiemlak.com/_nuxt/8cafc93fb5c74c75e9e04e528e02ccdf.jpg"
"https://www.hepsiemlak.com/manisa-yunusemre-muradiye-kiralik/daire/164319-10","1 / 36","30.000","04/09/2026","Vendiden Villalar Bölgesinde Kiralık Eşyalı Daire","Kiralık Daire","1 + 1","60 m²","5 Yaşında","Bahçe Katı","Manisa / Yunusemre / Muradiye Mah.","WhatsApp","https://www.hepsiemlak.com/_nuxt/8cafc93fb5c74c75e9e04e528e02ccdf.jpg","Vendi Gayrimenkul","https://www.hepsiemlak.com/img/loadings/noImage55-55.png"
"https://www.hepsiemlak.com/manisa-yunusemre-75-yil-kiralik/daire/162376-199","1 / 27","35.000","26/08/2026","75.Yıl Mahallesi Vestel Okulu Yanı 3+1 Kiralık Daire","Kiralık Daire","3 + 1","135 m²","26 Yaşında","3. Kat","Manisa / Yunusemre / 75. Yıl Mah.","WhatsApp","https://www.hepsiemlak.com/_nuxt/8cafc93fb5c74c75e9e04e528e02ccdf.jpg","Hd Gayrimenkul","https://www.hepsiemlak.com/_nuxt/8cafc93fb5c74c75e9e04e528e02ccdf.jpg"
"https://www.hepsiemlak.com/manisa-sehzadeler-sehitler-kiralik/daire/168770-96","1 / 21","25.000","25/08/2026","Lofça Gayrimenkulden Şehitler Mah Zeminden Asansörlü 2+1 Kapalı Mutfaklı Ara Kat Daire","Kiralık Daire","2 + 1","85 m²","9 Yaşında","5. Kat","Manisa / Şehzadeler / Şehitler Mah.","WhatsApp","https://www.hepsiemlak.com/_nuxt/8cafc93fb5c74c75e9e04e528e02ccdf.jpg","",""
"https://www.hepsiemlak.com/manisa-yunusemre-muradiye-kiralik/daire/156185-819","1 / 22","25.000","20/08/2026","Zeki Emlak'tan Manisa Yunusemre Muradiye Mahallesinde Kiralık 3+1 Geniş, Ebeveyn Banyolu Daire","Kiralık Daire","3 + 1","135 m²","8 Yaşında","Yüksek Giriş","Manisa / Yunusemre / Muradiye Mah.","WhatsApp","https://www.hepsiemlak.com/_nuxt/8cafc93fb5c74c75e9e04e528e02ccdf.jpg","Zeki Emlak","https://www.hepsiemlak.com/_nuxt/8cafc93fb5c74c75e9e04e528e02ccdf.jpg"
"https://www.hepsiemlak.com/manisa-yunusemre-muradiye-kiralik/daire/170431-13","1 / 36","55.000","01/09/2026","Bahçeşehir Koleji Arkası Kiralık 3+1 Dairemiz","Kiralık Daire","3 + 1","148 m²","4 Yaşında","1. Kat","Manisa / Yunusemre / Muradiye Mah.","WhatsApp","https://www.hepsiemlak.com/_nuxt/8cafc93fb5c74c75e9e04e528e02ccdf.jpg","Riva Manisa Gayrimenkul","https://www.hepsiemlak.com/_nuxt/8cafc93fb5c74c75e9e04e528e02ccdf.jpg"
"https://www.hepsiemlak.com/manisa-akhisar-efendi-kiralik/daire/165672-172","1 / 17","17.500","11/08/2026","Efendi Mh. Ring Yolu Üzerinde 2+1-95 M² Kiralık Daire","Kiralık Daire","2 + 1","95 m²","5 Yaşında","3. Kat","Manisa / Akhisar / Efendi Mah.","WhatsApp","https://hecdnnw.hemlak.com/mncropresize/77/67/logo/2/7/6/5/6/1/230b72e2-0e80-4b10-bc00-2f1e2e588678.jpg","Mutlu Yatırım & Gayrimenkul",""
"https://www.hepsiemlak.com/manisa-sehzadeler-tunca-kiralik/daire/139321-754","1 / 34","25.000","30/07/2026","Karaköy Bölgesi  Eşyalı Kiralık 2+1arakat","Kiralık Daire","2 + 1","80 m²","28 Yaşında","Ara Kat","Manisa / Şehzadeler / Tunca Mah.","WhatsApp","https://hecdnnw.hemlak.com/mncropresize/77/67/logo/1/2/3/9/3/1/b09c279f-bbc1-422d-9535-979fba33016c.jpg","Okatan Gayrimenkul",""
"https://www.hepsiemlak.com/manisa-yunusemre-guzelyurt-kiralik/daire/167382-376","1 / 35","37.000","24/08/2026","Noran45 'de En Güzel Planlı Ara Kat Sıfır Daire","Kiralık Daire","2 + 1","75 m²","Sıfır Bina","3. Kat","Manisa / Yunusemre / Güzelyurt Mah.","WhatsApp","https://hecdnnw.hemlak.com/mncropresize/77/67/logo/2/8/3/7/6/1/ca6e8931-82fe-462c-9bef-6e7f12737948.jpg","Lidya Emlak",""
"https://www.hepsiemlak.com/manisa-yunusemre-muradiye-kiralik/daire/95753-2245","1 / 42","18.000","02/08/2026","Manisa Yunusemre Muradiye Mh.2+1 Açık Mutfak Ara Kat Sıfır Daire","Kiralık Daire","2 + 1","90 m²","Sıfır Bina","1. Kat","Manisa / Yunusemre / Muradiye Mah.","WhatsApp","https://hecdn01.hemlak.com/mncropresize/182/137/ds01/3/8/5/9/7/5/6/4/a02467ea-d8d3-45dd-b28f-716980ab1bff.jpg","Epa Rüzgar Gayrimenkul","https://hecdnnw.hemlak.com/mncropresize/77/67/logo/3/5/7/5/9/0/35e521b5-b990-4541-88fe-de4e07d58850.jpg"
"https://www.hepsiemlak.com/manisa-yunusemre-mutlu-kiralik/daire/119726-1494","1 / 15","22.000","01/08/2026","T.Asım Da Eşyalı Kiralık 1+1 55 M2 Balkonlu Köşe Daire 22.000 Tl","Kiralık Daire","1 + 1","65 m²","28 Yaşında","Yüksek Giriş","Manisa / Yunusemre / Mutlu Mah.","WhatsApp","https://www.hepsiemlak.com/_nuxt/8cafc93fb5c74c75e9e04e528e02ccdf.jpg","",""
"https://www.hepsiemlak.com/manisa-akhisar-ragip-bey-kiralik/daire/86919-833","1 / 21","28.000","10/08/2026","Ragıpbey Şehir Merkezinde 120 M2 Eşyalı Kiralık Asansörlü 3+1","Kiralık Daire","3 + 1","120 m²","21 Yaşında","3. Kat","Manisa / Akhisar / Ragıp Bey Mah.","WhatsApp","https://www.hepsiemlak.com/_nuxt/8cafc93fb5c74c75e9e04e528e02ccdf.jpg","Mkm Yatırım Gayrimenkul","https://www.hepsiemlak.com/_nuxt/8cafc93fb5c74c75e9e04e528e02ccdf.jpg"
"https://www.hepsiemlak.com/manisa-salihli-aksoy-kiralik/daire/37897-2648","1 / 28","27.500","08/09/2026","Salihli Cin Emlak'tan Aksoy Mah Kiralık 3+1 Doğalgazlı Daire","Kiralık Daire","3 + 1","140 m²","20 Yaşında","Yüksek Giriş","Manisa / Salihli / Aksoy Mah.","WhatsApp","https://www.hepsiemlak.com/_nuxt/8cafc93fb5c74c75e9e04e528e02ccdf.jpg","Cin Emlak","https://www.hepsiemlak.com/_nuxt/8cafc93fb5c74c75e9e04e528e02ccdf.jpg"
"https://www.hepsiemlak.com/manisa-yunusemre-barbaros-kiralik/daire/159142-216","1 / 27","20.000","03/09/2026","Aras Yapı 'dan Barbaros Mah. 3+1 Kiralık Daire","Kiralık Daire","3 + 1","125 m²","21 Yaşında","Yüksek Giriş","Manisa / Yunusemre / Barbaros Mah.","WhatsApp","https://www.hepsiemlak.com/_nuxt/8cafc93fb5c74c75e9e04e528e02ccdf.jpg","",""
"https://www.hepsiemlak.com/manisa-turgutlu-selvilitepe-kiralik/daire/169654-13","1 / 5","23.000","08/09/2026","Mimar Sinan Caddesi’nde Kiralık 3+1 Daire","Kiralık Daire","3 + 1","110 m²","10 Yaşında","1. Kat","Manisa / Turgutlu / Selvilitepe Mah.","WhatsApp","https://www.hepsiemlak.com/_nuxt/8cafc93fb5c74c75e9e04e528e02ccdf.jpg","Z Prime Gayrimenkul","https://www.hepsiemlak.com/_nuxt/8cafc93fb5c74c75e9e04e528e02ccdf.jpg"
"https://www.hepsiemlak.com/manisa-turgutlu-ozyurt-kiralik/daire/164260-78","1 / 7","13.000","08/09/2026","Turgutlu Özyurtlar Mahallesi'nde Kiralık Daire","Kiralık Daire","2 + 1","95 m²","30 Yaşında","3. Kat","Manisa / Turgutlu / Özyurt Mah.","WhatsApp","https://www.hepsiemlak.com/_nuxt/8cafc93fb5c74c75e9e04e528e02ccdf.jpg","",""
"https://www.hepsiemlak.com/manisa-yunusemre-yeni-mahalle-kiralik/daire/162376-198","1 / 24","41.000","26/08/2026","Yenimahallede 2+1 Kapalı Mutfak Arakat Asansörlü Yeni Gelin Evi","Kiralık Daire","2 + 1","100 m²","2 Yaşında","3. Kat","Manisa / Yunusemre / Yeni Mahalle Mah.","WhatsApp","https://www.hepsiemlak.com/_nuxt/8cafc93fb5c74c75e9e04e528e02ccdf.jpg","Hd Gayrimenkul","https://www.hepsiemlak.com/_nuxt/8cafc93fb5c74c75e9e04e528e02ccdf.jpg"
"https://www.hepsiemlak.com/manisa-yunusemre-muradiye-kiralik/daire/164319-5","1 / 28","22.000","04/09/2026","Vendiden Karaali Villalar Bölgesinde Havuzlu Eşyalı 1+1 Kiralık","Kiralık Daire","1 + 1","60 m²","6 Yaşında","Yüksek Giriş","Manisa / Yunusemre / Muradiye Mah.","WhatsApp","https://www.hepsiemlak.com/_nuxt/8cafc93fb5c74c75e9e04e528e02ccdf.jpg","Vendi Gayrimenkul","https://www.hepsiemlak.com/img/loadings/noImage55-55.png"
"https://www.hepsiemlak.com/manisa-yunusemre-merkez-efendi-kiralik/daire/170431-7","1 / 28","40.000","01/09/2026","Merkezefendı De Cadde Üstünde 3+1 Kiralık Dairemiz","Kiralık Daire","3 + 1","175 m²","16 Yaşında","2. Kat","Manisa / Yunusemre / Merkez Efendi Mah.","WhatsApp","https://www.hepsiemlak.com/_nuxt/8cafc93fb5c74c75e9e04e528e02ccdf.jpg","Riva Manisa Gayrimenkul","https://www.hepsiemlak.com/_nuxt/8cafc93fb5c74c75e9e04e528e02ccdf.jpg"
"https://www.hepsiemlak.com/manisa-yunusemre-muradiye-kiralik/daire/168770-90","1 / 27","25.000","14/08/2026","Lofça Gayrimenkulden Karaali Villalar Böl. 1+1 Full Eşyalı Daire","Kiralık Daire","1 + 1","50 m²","6 Yaşında","3. Kat","Manisa / Yunusemre / Muradiye Mah.","WhatsApp","https://www.hepsiemlak.com/_nuxt/8cafc93fb5c74c75e9e04e528e02ccdf.jpg","",""
"https://www.hepsiemlak.com/manisa-salihli-mithatpasa-kiralik/daire/57265-102","1 / 22","18.000","25/08/2026","Salihlide Kiralık Daire","Kiralık Daire","3 + 1","160 m²","22 Yaşında","Ara Kat","Manisa / Salihli / Mithatpaşa Mah.","WhatsApp","https://www.hepsiemlak.com/_nuxt/8cafc93fb5c74c75e9e04e528e02ccdf.jpg","",""
"https://www.hepsiemlak.com/manisa-salihli-dedetasi-kiralik/daire/37897-2630","1 / 28","25.000","09/09/2026","Salihli Cin Emlak'tandedetaşı Mah Kiralık Eşyalı 2+1 100 M2 Asansörlü Doğalgazlı Daire","Kiralık Daire","2 + 1","100 m²","7 Yaşında","3. Kat","Manisa / Salihli / Dedetaşı Mah.","WhatsApp","https://www.hepsiemlak.com/_nuxt/8cafc93fb5c74c75e9e04e528e02ccdf.jpg","Cin Emlak","https://www.hepsiemlak.com/_nuxt/8cafc93fb5c74c75e9e04e528e02ccdf.jpg"
"https://www.hepsiemlak.com/manisa-akhisar-resat-bey-kiralik/daire/86919-827","1 / 20","32.000","02/09/2026","Reşatbey Ring Yolu Üzerinde 3+1 Fuul Eşyalı Kiralık Daire","Kiralık Daire","3 + 1","125 m²","2 Yaşında","1. Kat","Manisa / Akhisar / Reşat Bey Mah.","WhatsApp","https://www.hepsiemlak.com/_nuxt/8cafc93fb5c74c75e9e04e528e02ccdf.jpg","Mkm Yatırım Gayrimenkul","https://www.hepsiemlak.com/_nuxt/8cafc93fb5c74c75e9e04e528e02ccdf.jpg"
"https://www.hepsiemlak.com/manisa-sehzadeler-ibrahimcelebi-kiralik/daire/167382-433","1 / 14","30.000","01/09/2026","İbrahim Çelebi Mahallesinde Arak Kat Asansörlü 3+1 Yeni Daire","Kiralık Daire","3 + 1","125 m²","11 Yaşında","3. Kat","Manisa / Şehzadeler / İbrahimçelebi Mah.","WhatsApp","https://www.hepsiemlak.com/_nuxt/8cafc93fb5c74c75e9e04e528e02ccdf.jpg","Lidya Emlak","https://www.hepsiemlak.com/_nuxt/8cafc93fb5c74c75e9e04e528e02ccdf.jpg"
"https://www.hepsiemlak.com/manisa-akhisar-ataturk-kiralik/daire/94137-1456","1 / 41","30.000","22/08/2026","Akhisar Atatürk Mahallesi'nde 3+1 Lüks Kiralık Daire","Kiralık Daire","3 + 1","145 m²","5 Yaşında","9. Kat","Manisa / Akhisar / Atatürk Mah.","WhatsApp","https://www.hepsiemlak.com/_nuxt/8cafc93fb5c74c75e9e04e528e02ccdf.jpg","",""
"https://www.hepsiemlak.com/manisa-yunusemre-75-yil-kiralik/daire/70124-4108","1 / 7","27.500","20/08/2026","75. Yıl Mahallesi Mevki Yerde Kiralık 1+1 Eşyalı Yüksek Zemin","Kiralık Daire","1 + 1","60 m²","10 Yaşında","Yüksek Giriş","Manisa / Yunusemre / 75. Yıl Mah.","WhatsApp","https://www.hepsiemlak.com/_nuxt/8cafc93fb5c74c75e9e04e528e02ccdf.jpg","",""
"https://www.hepsiemlak.com/manisa-yunusemre-muradiye-kiralik/daire/159142-176","1 / 24","15.000","04/09/2026","Aras Yapı'dan Muradiye De 2+1 Geniş Kiralık Daire","Kiralık Daire","2 + 1","95 m²","6 Yaşında","Yüksek Giriş","Manisa / Yunusemre / Muradiye Mah.","WhatsApp","https://www.hepsiemlak.com/_nuxt/8cafc93fb5c74c75e9e04e528e02ccdf.jpg","",""
"https://www.hepsiemlak.com/manisa-turgutlu-acarlar-kiralik/daire/166851-82","1 / 8","22.000","26/08/2026","Şehir Merkezinde Üniversiteye Yakın 1+1 Eşyalı Kiralık Daire","Kiralık Daire","1 + 1","55 m²","6 Yaşında","2. Kat","Manisa / Turgutlu / Acarlar Mah.","WhatsApp","https://www.hepsiemlak.com/_nuxt/8cafc93fb5c74c75e9e04e528e02ccdf.jpg","Century 21 Elit Turgutlu","https://www.hepsiemlak.com/_nuxt/8cafc93fb5c74c75e9e04e528e02ccdf.jpg"
"https://www.hepsiemlak.com/manisa-yunusemre-muradiye-kiralik/daire/54684-4631","1 / 12","24.000","08/08/2026","Villalar Bölgesi Manisa Ekmasda 1+1 Kiralık Havuz Cephe Daire","Kiralık Daire","1 + 1","43 m²","3 Yaşında","2. Kat","Manisa / Yunusemre / Muradiye Mah.","WhatsApp","https://www.hepsiemlak.com/_nuxt/8cafc93fb5c74c75e9e04e528e02ccdf.jpg","Startkey Altunsu","https://www.hepsiemlak.com/_nuxt/8cafc93fb5c74c75e9e04e528e02ccdf.jpg"
"https://www.hepsiemlak.com/manisa-sehzadeler-yarhasanlar-kiralik/daire/95753-2305","1 / 26","28.000","06/09/2026","Manisa Şehzadeler Yarhasanlar Mh. 3+1 Eşyalı Kiralık Daire","Kiralık Daire","3 + 1","130 m²","30 Yaşında","2. Kat","Manisa / Şehzadeler / Yarhasanlar Mah.","WhatsApp","https://www.hepsiemlak.com/_nuxt/8cafc93fb5c74c75e9e04e528e02ccdf.jpg","Epa Rüzgar Gayrimenkul","https://www.hepsiemlak.com/_nuxt/8cafc93fb5c74c75e9e04e528e02ccdf.jpg"
"https://www.hepsiemlak.com/manisa-turgutlu-bozkurt-kiralik/daire/154871-118","1 / 16","18.000","29/08/2026","Bozkurt Mh Kiralık 3+1 D.Gazlı Daire","Kiralık Daire","3 + 1","125 m²","11 Yaşında","3. Kat","Manisa / Turgutlu / Bozkurt Mah.","WhatsApp","https://hecdnnw.hemlak.com/mncropresize/77/67/logo/1/7/8/4/5/1/8b500e3b-0aa5-4575-9481-2fb046b9e7a8.jpg","Dundarlar Emlak",""
"https://www.hepsiemlak.com/manisa-yunusemre-guzelyurt-kiralik/daire/0-47196488","1 / 15","25.500","26/08/2026","Güvenlikli Otoparklı Villalar Bölgesinde Sitede","Kiralık Daire","2 + 1","105 m²","26 Yaşında","5. Kat","Manisa / Yunusemre / Güzelyurt Mah.","WhatsApp","","",""
"https://www.hepsiemlak.com/manisa-sehzadeler-alaybey-kiralik/daire/0-47191615","1 / 25","28.000","26/08/2026","Merkezi Konumda 3+1 Doğalgazlı Kiralık Daire","Kiralık Daire","3 + 1","120 m²","30 Yaşında","1. Kat","Manisa / Şehzadeler / Alaybey Mah.","","","",""
"https://www.hepsiemlak.com/manisa-salihli-eski-cami-kiralik/daire/164777-35","1 / 26","30.000","25/08/2026","Salihli Eskicami Mh. Kiralık 3+1 Daire","Kiralık Daire","3 + 1","160 m²","25 Yaşında","1. Kat","Manisa / Salihli / Eski Cami Mah.","WhatsApp","https://hecdn01.hemlak.com/mncropresize/182/137/ds01/9/7/2/5/8/1/7/4/1787646921160-47185279.jpg","Ege Yaşam Gayrimenkul Yatırım Danışmanlık","https://hecdnnw.hemlak.com/mncropresize/77/67/logo/7/7/7/4/6/1/744eecce-93a8-4eea-883f-a98dc0a8b811.jpg"
"https://www.hepsiemlak.com/manisa-turgutlu-sehitler-kiralik/daire/171242-3","1 / 23","20.000","06/09/2026","Turgutlu Şehitler Mahallesi Kiralık Daire","Kiralık Daire","2 + 1","115 m²","8 Yaşında","4. Kat","Manisa / Turgutlu / Şehitler Mah.","WhatsApp","https://www.hepsiemlak.com/_nuxt/8cafc93fb5c74c75e9e04e528e02ccdf.jpg","",""
"https://www.hepsiemlak.com/manisa-sehzadeler-yarhasanlar-kiralik/daire/151967-40","1 / 29","26.000","20/08/2026","Bilginoğlu Emlaktan Yarhasanlar Mahallesi'nde 3+1 Ara Kat","Kiralık Daire","3 + 1","125 m²","20 Yaşında","1. Kat","Manisa / Şehzadeler / Yarhasanlar Mah.","WhatsApp","https://www.hepsiemlak.com/_nuxt/8cafc93fb5c74c75e9e04e528e02ccdf.jpg","Adem Bilgin","https://www.hepsiemlak.com/img/loadings/noImage55-55.png"
"https://www.hepsiemlak.com/manisa-yunusemre-muradiye-kiralik/daire/168844-38","1 / 26","27.000","09/09/2026","Villalar Bölgesinde Çok Güzel Lokasyonda Ara Kat Havuzlu","Kiralık Daire","1 + 1","70 m²","5 Yaşında","2. Kat","Manisa / Yunusemre / Muradiye Mah.","WhatsApp","https://www.hepsiemlak.com/_nuxt/8cafc93fb5c74c75e9e04e528e02ccdf.jpg","Kav Gayrimenkul",""
"https://www.hepsiemlak.com/manisa-akhisar-hurriyet-kiralik/daire/141484-90","1 / 28","30.000","19/08/2026","Emrah Emlaktan Hürriyet Mah Eşyalı Kiralık Daire","Kiralık Daire","2 + 1","80 m²","6 Yaşında","3. Kat","Manisa / Akhisar / Hürriyet Mah.","WhatsApp","https://www.hepsiemlak.com/_nuxt/8cafc93fb5c74c75e9e04e528e02ccdf.jpg","Emrah Emlak","https://www.hepsiemlak.com/_nuxt/8cafc93fb5c74c75e9e04e528e02ccdf.jpg"
"https://www.hepsiemlak.com/manisa-turgutlu-cumhuriyet-kiralik/daire/163190-79","1 / 35","23.000","07/09/2026","Cumhuriyet Mh.Kiralık 3+1 Temiz Tadilatlı Kiralık Daire","Kiralık Daire","3 + 1","160 m²","21 Yaşında","3. Kat","Manisa / Turgutlu / Cumhuriyet Mah.","WhatsApp","https://www.hepsiemlak.com/_nuxt/8cafc93fb5c74c75e9e04e528e02ccdf.jpg","Evren İnşaat Gayrimenkul","https://www.hepsiemlak.com/img/loadings/noImage55-55.png"
"https://www.hepsiemlak.com/manisa-akhisar-ataturk-kiralik/daire/160589-73","1 / 30","16.000","01/09/2026","Akhisar Atatürk Mahallesi Kiralık 3+1 Daire","Kiralık Daire","3 + 1","130 m²","20 Yaşında","Zemin","Manisa / Akhisar / Atatürk Mah.","WhatsApp","https://www.hepsiemlak.com/_nuxt/8cafc93fb5c74c75e9e04e528e02ccdf.jpg","Zambak Gayrimenkul","https://www.hepsiemlak.com/_nuxt/8cafc93fb5c74c75e9e04e528e02ccdf.jpg"
"https://www.hepsiemlak.com/manisa-sehzadeler-sehitler-kiralik/daire/162776-226","1 / 26","30.000","08/09/2026","Pex'ten Şehitler Mahallesi'nde Asansörlü 3+1 Kiralık Daire","Kiralık Daire","3 + 1","140 m²","11 Yaşında","4. Kat","Manisa / Şehzadeler / Şehitler Mah.","WhatsApp","https://www.hepsiemlak.com/_nuxt/8cafc93fb5c74c75e9e04e528e02ccdf.jpg","Realty Pex Gold","https://www.hepsiemlak.com/_nuxt/8cafc93fb5c74c75e9e04e528e02ccdf.jpg"
"https://www.hepsiemlak.com/manisa-salihli-saglik-kiralik/daire/155227-127","1 / 19","26.000","01/09/2026","Sağlık Mahallesinde Kiralık 3+1 Daire !!","Kiralık Daire","3 + 1","118 m²","Sıfır Bina","1. Kat","Manisa / Salihli / Sağlık Mah.","WhatsApp","https://www.hepsiemlak.com/_nuxt/8cafc93fb5c74c75e9e04e528e02ccdf.jpg","Lidyatürk Gayrimenkul","https://www.hepsiemlak.com/_nuxt/8cafc93fb5c74c75e9e04e528e02ccdf.jpg"
"https://www.hepsiemlak.com/manisa-akhisar-ataturk-kiralik/daire/147823-47","1 / 39","25.000","19/08/2026","Bahadır Şimşirli'den Tariş Mevkii Kiralık 4+1 Dubleks Daire","Kiralık Daire","4 + 1","260 m²","11 Yaşında","3. Kat","Manisa / Akhisar / Atatürk Mah.","WhatsApp","https://www.hepsiemlak.com/_nuxt/8cafc93fb5c74c75e9e04e528e02ccdf.jpg","",""
"https://www.hepsiemlak.com/manisa-turgutlu-cumhuriyet-kiralik/daire/156788-383","1 / 27","30.000","30/08/2026","Kafeler'de Köşe Konumda Kiralık Eşyalı Daire !","Kiralık Daire","2 + 1","100 m²","21 Yaşında","4. Kat","Manisa / Turgutlu / Cumhuriyet Mah.","WhatsApp","https://www.hepsiemlak.com/_nuxt/8cafc93fb5c74c75e9e04e528e02ccdf.jpg","Tam Nokta Zenginler","https://www.hepsiemlak.com/_nuxt/8cafc93fb5c74c75e9e04e528e02ccdf.jpg"
"https://www.hepsiemlak.com/manisa-turgutlu-ergenekon-kiralik/daire/161345-47","1 / 17","30.000","13/07/2026","Ergenekon Mh' De Kiralık 150 M2 3+1 Arakat Daire !!!!","Kiralık Daire","3 + 1","165 m²","11 Yaşında","3. Kat","Manisa / Turgutlu / Ergenekon Mah.","WhatsApp","https://www.hepsiemlak.com/_nuxt/8cafc93fb5c74c75e9e04e528e02ccdf.jpg","Değirmencioğlu Gayrimenkul","https://www.hepsiemlak.com/_nuxt/8cafc93fb5c74c75e9e04e528e02ccdf.jpg"
"https://www.hepsiemlak.com/manisa-yunusemre-muradiye-kiralik/daire/164179-166","1 / 18","15.000","31/08/2026","Muradiye Merkezde Site İçi Otoparklı Kiralık Daire","Kiralık Daire","2 + 1","80 m²","Sıfır Bina","Yüksek Giriş","Manisa / Yunusemre / Muradiye Mah.","WhatsApp","https://www.hepsiemlak.com/_nuxt/8cafc93fb5c74c75e9e04e528e02ccdf.jpg","Sel Emlak","https://www.hepsiemlak.com/_nuxt/8cafc93fb5c74c75e9e04e528e02ccdf.jpg"
"https://www.hepsiemlak.com/manisa-yunusemre-75-yil-kiralik/daire/162376-193","1 / 23","32.000","26/08/2026","75.Yıl Mahallesi Komple Eşyalı 1+1 Kiralık Daire","Kiralık Daire","1 + 1","65 m²","4 Yaşında","3. Kat","Manisa / Yunusemre / 75. Yıl Mah.","WhatsApp","https://www.hepsiemlak.com/_nuxt/8cafc93fb5c74c75e9e04e528e02ccdf.jpg","Hd Gayrimenkul","https://www.hepsiemlak.com/_nuxt/8cafc93fb5c74c75e9e04e528e02ccdf.jpg"
"https://www.hepsiemlak.com/manisa-yunusemre-uncubozkoy-kiralik/daire/161221-221","1 / 28","75.000","06/09/2026","Beyazkule Den Uncubozköy De Kiralık 4+1 Dubleks Lüks Daire","Kiralık Daire","4 + 1","205 m²","6 Yaşında","4. Kat","Manisa / Yunusemre / Uncubozköy Mah.","WhatsApp","https://www.hepsiemlak.com/_nuxt/8cafc93fb5c74c75e9e04e528e02ccdf.jpg","Beyaz Kule Gayrimenkul","https://www.hepsiemlak.com/_nuxt/8cafc93fb5c74c75e9e04e528e02ccdf.jpg"
"https://www.hepsiemlak.com/manisa-saruhanli-cengiz-topel-kiralik/daire/90814-480","1 / 15","14.000","26/08/2026","Cengiz Topel Mahallesinde Kiralık Yüksek Zemin Daire","Kiralık Daire","2 + 1","70 m²","Sıfır Bina","Zemin","Manisa / Saruhanlı / Cengiz Topel Mah.","WhatsApp","https://www.hepsiemlak.com/_nuxt/8cafc93fb5c74c75e9e04e528e02ccdf.jpg","",""
"https://www.hepsiemlak.com/manisa-turgutlu-yedi-eylul-kiralik/daire/126164-337","1 / 8","21.000","25/08/2026","Yedieulül Mahallesi Gürleyen Sokak","Kiralık Daire","4 + 1","130 m²","25 Yaşında","Kot 1","Manisa / Turgutlu / Yedi Eylül Mah.","WhatsApp","https://www.hepsiemlak.com/_nuxt/8cafc93fb5c74c75e9e04e528e02ccdf.jpg","",""
"https://www.hepsiemlak.com/manisa-turgutlu-turgutlar-kiralik/daire/107696-1769","1 / 23","20.000","10/08/2026","Turgutlar Mhde 2+1 Arakat Doğalgazlı Kiralık Daire","Kiralık Daire","2 + 1","100 m²","5 Yaşında","3. Kat","Manisa / Turgutlu / Turgutlar Mah.","WhatsApp","https://www.hepsiemlak.com/_nuxt/8cafc93fb5c74c75e9e04e528e02ccdf.jpg","Eymen Emlak","https://www.hepsiemlak.com/_nuxt/8cafc93fb5c74c75e9e04e528e02ccdf.jpg"
"https://www.hepsiemlak.com/manisa-salihli-beseylul-kiralik/daire/162626-47","1 / 14","26.500","25/08/2026","Salihli Çalışkan Emlaktan Kiralık 2+1 Eşyalı Daire","Kiralık Daire","2 + 0","95 m²","6 Yaşında","4. Kat","Manisa / Salihli / Beşeylül Mah.","WhatsApp","https://www.hepsiemlak.com/_nuxt/8cafc93fb5c74c75e9e04e528e02ccdf.jpg","Çalışkan Emlak Gayrimenkul Danışmanlık","https://www.hepsiemlak.com/_nuxt/8cafc93fb5c74c75e9e04e528e02ccdf.jpg"
"https://www.hepsiemlak.com/manisa-akhisar-inonu-kiralik/daire/94137-1208","1 / 36","22.000","29/08/2026","Akhisar İnönü Mahallesi'nde 2+1 Kiralık Daire","Kiralık Daire","2 + 1","115 m²","5 Yaşında","2. Kat","Manisa / Akhisar / İnönü Mah.","WhatsApp","https://www.hepsiemlak.com/_nuxt/8cafc93fb5c74c75e9e04e528e02ccdf.jpg","",""
"https://www.hepsiemlak.com/manisa-yunusemre-muradiye-kiralik/daire/102443-886","1 / 26","26.000","26/08/2026","Muradiye'de Kiralık Otoparklı Müstakil Bahçeli Daire","Kiralık Daire","3 + 1","110 m²","Sıfır Bina","Yüksek Giriş","Manisa / Yunusemre / Muradiye Mah.","WhatsApp","https://www.hepsiemlak.com/_nuxt/8cafc93fb5c74c75e9e04e528e02ccdf.jpg","Mavi Gayrimenkul","https://www.hepsiemlak.com/_nuxt/8cafc93fb5c74c75e9e04e528e02ccdf.jpg"
"https://www.hepsiemlak.com/manisa-yunusemre-muradiye-kiralik/daire/159142-167","1 / 14","14.500","05/09/2026","Aras Yapı Gayrimenkul'den Muradiye De 1+1 Kiralık Daire","Kiralık Daire","1 + 1","50 m²","Sıfır Bina","Yüksek Giriş","Manisa / Yunusemre / Muradiye Mah.","WhatsApp","","",""
"https://www.hepsiemlak.com/manisa-akhisar-efendi-kiralik/daire/144740-369","1 / 35","19.500","03/09/2026","Akhisar Efendi Fahri Sertel Emlaktan Kiralık 2+1","Kiralık Daire","2 + 1","110 m²","6 Yaşında","4. Kat","Manisa / Akhisar / Efendi Mah.","WhatsApp","https://hecdnnw.hemlak.com/mncropresize/77/67/logo/0/4/7/4/4/1/fe55adb6-335c-4f96-b000-aee02538db59.jpg","Fahri Sertel Emlak",""
"https://www.hepsiemlak.com/manisa-akhisar-hurriyet-kiralik/daire/99347-215","1 / 34","24.000","22/08/2026","Hürriyet Mahallesi Cadde Üzeri Kiralık 2+1 95 M2 Arakat Daire","Kiralık Daire","2 + 1","95 m²","Sıfır Bina","2. Kat","Manisa / Akhisar / Hürriyet Mah.","WhatsApp","https://hecdnnw.hemlak.com/mncropresize/77/67/logo/7/4/3/9/9/0/30f097fb-fa1c-41a7-9667-8271e1490060.jpg","Akgün Emlak",""
"https://www.hepsiemlak.com/manisa-akhisar-efendi-kiralik/daire/170297-15","1 / 23","17.000","27/08/2026","Manisa Akhisar Efendi Mahallesi'nde Kiralık Daire","Kiralık Daire","3 + 1","135 m²","8 Yaşında","1. Kat","Manisa / Akhisar / Efendi Mah.","WhatsApp","https://hecdn01.hemlak.com/mncropresize/182/137/ds01/2/7/2/8/1/1/7/4/1786615621326-47118272.jpg","Osman Çelik Gayrimenkul","https://www.hepsiemlak.com/img/loadings/noImage55-55.png"
"https://www.hepsiemlak.com/manisa-akhisar-hurriyet-kiralik/daire/165988-30","1 / 33","23.000","09/09/2026","Hürriyet Mh Olive Garden Sitesinde 2+1 Daire","Kiralık Daire","2 + 1","105 m²","3 Yaşında","9. Kat","Manisa / Akhisar / Hürriyet Mah.","WhatsApp","https://www.hepsiemlak.com/_nuxt/8cafc93fb5c74c75e9e04e528e02ccdf.jpg","",""
"https://www.hepsiemlak.com/manisa-sehzadeler-yarhasanlar-kiralik/daire/151967-38","1 / 32","18.000","07/09/2026","Bilginoğlu Emlaktan Yarhasanlar Mahallesi'nde 2+1 Zemin","Kiralık Daire","2 + 1","100 m²","20 Yaşında","Zemin","Manisa / Şehzadeler / Yarhasanlar Mah.","WhatsApp","https://www.hepsiemlak.com/_nuxt/8cafc93fb5c74c75e9e04e528e02ccdf.jpg","Adem Bilgin","https://www.hepsiemlak.com/img/loadings/noImage55-55.png"
"https://www.hepsiemlak.com/manisa-sehzadeler-1-anafartalar-kiralik/daire/167894-210","1 / 28","20.000","04/09/2026","8 Havuzu Mevkii 3+1 Geniş Kiralık Daire","Kiralık Daire","3 + 1","170 m²","31 Yaşında","5. Kat","Manisa / Şehzadeler / 1. Anafartalar Mah.","WhatsApp","https://www.hepsiemlak.com/_nuxt/8cafc93fb5c74c75e9e04e528e02ccdf.jpg","Alfa Yatırım Gayrimenkul",""
"https://www.hepsiemlak.com/manisa-sehzadeler-ibrahimcelebi-kiralik/daire/162776-218","1 / 33","25.000","13/08/2026","Pex'ten Manisa Şehzadeler İbrahim Çelebi'de Kiralık 3+1 Daire","Kiralık Daire","3 + 1","125 m²","26 Yaşında","3. Kat","Manisa / Şehzadeler / İbrahimçelebi Mah.","WhatsApp","https://www.hepsiemlak.com/_nuxt/8cafc93fb5c74c75e9e04e528e02ccdf.jpg","Realty Pex Gold","https://www.hepsiemlak.com/_nuxt/8cafc93fb5c74c75e9e04e528e02ccdf.jpg"
"https://www.hepsiemlak.com/manisa-yunusemre-muradiye-kiralik/daire/163401-57","1 / 35","26.000","29/07/2026","Muradiye'de Kiralık Daire","Kiralık Daire","4 + 1","180 m²","6 Yaşında","4. Kat","Manisa / Yunusemre / Muradiye Mah.","WhatsApp","https://www.hepsiemlak.com/_nuxt/8cafc93fb5c74c75e9e04e528e02ccdf.jpg","",""
"https://www.hepsiemlak.com/manisa-yunusemre-karaali-kiralik/daire/134090-1298","1 / 18","23.000","24/07/2026","Göral Emlaktan Muradiye İstasyon Karşısı 2+1 Eşyalı Kiralık","Kiralık Daire","2 + 1","85 m²","6 Yaşında","2. Kat","Manisa / Yunusemre / Karaali Mah.","WhatsApp","https://www.hepsiemlak.com/_nuxt/8cafc93fb5c74c75e9e04e528e02ccdf.jpg","Göral Emlak","https://www.hepsiemlak.com/_nuxt/8cafc93fb5c74c75e9e04e528e02ccdf.jpg"
"https://www.hepsiemlak.com/manisa-turgutlu-yedi-eylul-kiralik/daire/154871-109","1 / 22","17.000","29/08/2026","Çilek Mobilya Civarı Kiralık D.Gazlı Daire","Kiralık Daire","2 + 1","100 m²","21 Yaşında","4. Kat","Manisa / Turgutlu / Yedi Eylül Mah.","WhatsApp","https://www.hepsiemlak.com/_nuxt/8cafc93fb5c74c75e9e04e528e02ccdf.jpg","Dundarlar Emlak","https://www.hepsiemlak.com/_nuxt/8cafc93fb5c74c75e9e04e528e02ccdf.jpg"
"https://www.hepsiemlak.com/manisa-turgutlu-istiklal-kiralik/daire/159995-133","1 / 17","15.000","11/08/2026","Çarşı Merkezde Kiralık Daire","Kiralık Daire","1 + 1","70 m²","16 Yaşında","4. Kat","Manisa / Turgutlu / İstiklal Mah.","WhatsApp","https://www.hepsiemlak.com/_nuxt/8cafc93fb5c74c75e9e04e528e02ccdf.jpg","Turgutlu Sinan Emlak","https://www.hepsiemlak.com/_nuxt/8cafc93fb5c74c75e9e04e528e02ccdf.jpg"
"https://www.hepsiemlak.com/manisa-akhisar-hurriyet-kiralik/daire/160552-73","1 / 25","14.000","02/08/2026","Maski Yanında Kiralık 2+1","Kiralık Daire","2 + 1","90 m²","31 Yaşında","3. Kat","Manisa / Akhisar / Hürriyet Mah.","WhatsApp","https://www.hepsiemlak.com/_nuxt/8cafc93fb5c74c75e9e04e528e02ccdf.jpg","Eroğlu-taşkın Emlak Ofisi",""
"https://www.hepsiemlak.com/manisa-akhisar-resat-bey-kiralik/daire/160589-61","1 / 20","15.000","02/09/2026","Akhisar Reşatbey Mahallesi Kiralık 2+1 Daire989","Kiralık Daire","2 + 1","90 m²","7 Yaşında","1. Kat","Manisa / Akhisar / Reşat Bey Mah.","WhatsApp","https://www.hepsiemlak.com/_nuxt/8cafc93fb5c74c75e9e04e528e02ccdf.jpg","Zambak Gayrimenkul","https://www.hepsiemlak.com/_nuxt/8cafc93fb5c74c75e9e04e528e02ccdf.jpg"
"https://www.hepsiemlak.com/manisa-yunusemre-muradiye-kiralik/daire/162376-190","1 / 20","25.000","19/08/2026","Muradiyede 2+1 Full Eşyalı Arakat Asansörlü Kiralık Daire","Kiralık Daire","2 + 1","85 m²","4 Yaşında","3. Kat","Manisa / Yunusemre / Muradiye Mah.","WhatsApp","https://www.hepsiemlak.com/_nuxt/8cafc93fb5c74c75e9e04e528e02ccdf.jpg","Hd Gayrimenkul","https://www.hepsiemlak.com/_nuxt/8cafc93fb5c74c75e9e04e528e02ccdf.jpg"
"https://www.hepsiemlak.com/manisa-sehzadeler-peker-kiralik/daire/164179-159","1 / 22","26.000","09/09/2026","Peker Mah. 3+1 Eşyalı Kiralık Daire","Kiralık Daire","3 + 1","115 m²","21 Yaşında","4. Kat","Manisa / Şehzadeler / Peker Mah.","WhatsApp","https://www.hepsiemlak.com/_nuxt/8cafc93fb5c74c75e9e04e528e02ccdf.jpg","Sel Emlak","https://www.hepsiemlak.com/_nuxt/8cafc93fb5c74c75e9e04e528e02ccdf.jpg"
"https://www.hepsiemlak.com/manisa-yunusemre-guzelyurt-kiralik/daire/161221-216","1 / 15","69.000","22/08/2026","Beyazkule Den Güzelyurtta Havuzlu 4+1 Kiralık Lüks Daire","Kiralık Daire","4 + 1","190 m²","11 Yaşında","2. Kat","Manisa / Yunusemre / Güzelyurt Mah.","WhatsApp","https://www.hepsiemlak.com/_nuxt/8cafc93fb5c74c75e9e04e528e02ccdf.jpg","Beyaz Kule Gayrimenkul","https://www.hepsiemlak.com/_nuxt/8cafc93fb5c74c75e9e04e528e02ccdf.jpg"
"https://www.hepsiemlak.com/manisa-yunusemre-muradiye-kiralik/daire/169829-109","1 / 12","18.000","02/09/2026","Asil Emlak'tan Muradiye'de 2+1 Kapalı Mutfak Ara Kat Eşyalı","Kiralık Daire","2 + 1","90 m²","4 Yaşında","1. Kat","Manisa / Yunusemre / Muradiye Mah.","WhatsApp","https://www.hepsiemlak.com/_nuxt/8cafc93fb5c74c75e9e04e528e02ccdf.jpg","Asil Emlak",""
"https://www.hepsiemlak.com/manisa-selendi-yenicami-kiralik/daire/0-47180823","1 / 12","17.000","24/08/2026","Manisa Selendi Merkezde Kiralık Ev","Kiralık Daire","3 + 1","140 m²","7 Yaşında","3. Kat","Manisa / Selendi / Yenicami Mah.","","https://www.hepsiemlak.com/_nuxt/8cafc93fb5c74c75e9e04e528e02ccdf.jpg","",""
"https://www.hepsiemlak.com/manisa-sehzadeler-akincilar-kiralik/daire/0-47130563","1 / 12","21.000","15/08/2026","Sahibinden 3+1 Doğalgazlı Daire","Kiralık Daire","3 + 1","110 m²","20 Yaşında","4. Kat","Manisa / Şehzadeler / Akıncılar Mah.","WhatsApp","https://www.hepsiemlak.com/_nuxt/8cafc93fb5c74c75e9e04e528e02ccdf.jpg","",""
"https://www.hepsiemlak.com/manisa-alasehir-istasyon-kiralik/daire/170326-17","1 / 12","25.000","08/09/2026","Cnk Gayrimenkul'den","Kiralık Daire","3 + 1","135 m²","5 Yaşında","4. Kat","Manisa / Alaşehir / İstasyon Mah.","WhatsApp","https://www.hepsiemlak.com/_nuxt/8cafc93fb5c74c75e9e04e528e02ccdf.jpg","",""
"https://www.hepsiemlak.com/manisa-saruhanli-cengiz-topel-kiralik/daire/170527-8","1 / 12","17.000","02/09/2026","Cengiztopel De 2+1 Ebeveyn Banyolu Kiralık Daire","Kiralık Daire","2 + 1","100 m²","1 Yaşında","3. Kat","Manisa / Saruhanlı / Cengiz Topel Mah.","WhatsApp","https://www.hepsiemlak.com/_nuxt/8cafc93fb5c74c75e9e04e528e02ccdf.jpg","",""
"https://www.hepsiemlak.com/manisa-yunusemre-muradiye-kiralik/daire/95753-2340","1 / 23","23.000","06/09/2026","Manisa/yunusemre/muradiye Mah Eşyalı 1+1 Kiralık Daire","Kiralık Daire","1 + 1","65 m²","Sıfır Bina","3. Kat","Manisa / Yunusemre / Muradiye Mah.","WhatsApp","https://www.hepsiemlak.com/_nuxt/8cafc93fb5c74c75e9e04e528e02ccdf.jpg","Epa Rüzgar Gayrimenkul","https://www.hepsiemlak.com/_nuxt/8cafc93fb5c74c75e9e04e528e02ccdf.jpg"
"https://www.hepsiemlak.com/manisa-salihli-kocacesme-kiralik/daire/152152-86","1 / 14","20.000","09/09/2026","Kocaçeşme Mahallesi Kiralık 2+1 Amerikan Mutfak","Kiralık Daire","2 + 1","85 m²","6 Yaşında","3. Kat","Manisa / Salihli / Kocaçeşme Mah.","WhatsApp","https://www.hepsiemlak.com/_nuxt/8cafc93fb5c74c75e9e04e528e02ccdf.jpg","",""
"https://www.hepsiemlak.com/manisa-yunusemre-uncubozkoy-kiralik/daire/162359-217","1 / 13","30.000","02/09/2026","Manisa Meydanda Kiralık 1+1 Daire","Kiralık Daire","Stüdyo","40 m²","4 Yaşında","3. Kat","Manisa / Yunusemre / Uncubozköy Mah.","WhatsApp","https://hecdnnw.hemlak.com/mncropresize/77/67/logo/9/5/3/2/6/1/2c4c4f98-a302-448f-a27f-194dd9fcf84f.jpg","Datam Group Gayrimenkul",""
"https://www.hepsiemlak.com/manisa-yunusemre-yeni-mahalle-kiralik/daire/170431-17","1 / 10","42.000","01/09/2026","Yeni Mahalle' De 2+1 Kapalı Mutfak Kiralık Dairemiz","Kiralık Daire","2 + 1","100 m²","2 Yaşında","3. Kat","Manisa / Yunusemre / Yeni Mahalle Mah.","WhatsApp","https://hecdnnw.hemlak.com/mncropresize/77/67/logo/1/3/4/0/7/1/17d21240-51f2-4345-ac7a-75024054682c.jpg","Riva Manisa Gayrimenkul",""
"https://www.hepsiemlak.com/manisa-akhisar-resat-bey-kiralik/daire/94137-1516","1 / 31","25.000","21/08/2026","Akhisar Reşatbey Mahallesi'nde 3+1 Kiralık Daire","Kiralık Daire","3 + 1","130 m²","2 Yaşında","2. Kat","Manisa / Akhisar / Reşat Bey Mah.","WhatsApp","","",""
"https://www.hepsiemlak.com/manisa-alasehir-istasyon-kiralik/daire/167105-36","1 / 10","21.000","01/09/2026","Özbaydan İstasyonda Eşyalı Balkonlu 1+1 Kiralık","Kiralık Daire","1 + 1","50 m²","Sıfır Bina","2. Kat","Manisa / Alaşehir / İstasyon Mah.","WhatsApp","https://hecdn01.hemlak.com/mncropresize/182/137/ds01/2/1/6/4/2/2/7/4/a22e6500-eee1-43cc-b176-f91bd24cfb36.jpg","Özbay Gayrimenkul","https://www.hepsiemlak.com/img/loadings/noImage55-55.png"
"https://www.hepsiemlak.com/manisa-sehzadeler-dilsikar-kiralik/daire/0-47222132","1 / 10","23.000","01/09/2026","Sahibinden Kiralık 3+1","Kiralık Daire","3 + 1","120 m²","25 Yaşında","Ara Kat","Manisa / Şehzadeler / Dilşikar Mah.","WhatsApp","https://www.hepsiemlak.com/_nuxt/8cafc93fb5c74c75e9e04e528e02ccdf.jpg","",""
"https://www.hepsiemlak.com/manisa-turgutlu-ataturk-kiralik/daire/170301-26","1 / 10","20.000","31/08/2026","Manısa Turgutlu","Kiralık Daire","2 + 1","95 m²","Sıfır Bina","Ara Kat","Manisa / Turgutlu / Atatürk Mah.","WhatsApp","https://www.hepsiemlak.com/_nuxt/8cafc93fb5c74c75e9e04e528e02ccdf.jpg","",""
"https://www.hepsiemlak.com/manisa-akhisar-seyhisa-kiralik/daire/162211-304","1 / 16","13.250","31/08/2026","Aras Gayrimenkulden Çarşı Merkezde 2+1 Sobalı Temiz Daire","Kiralık Daire","2 + 1","100 m²","16 Yaşında","2. Kat","Manisa / Akhisar / Şeyhisa Mah.","WhatsApp","https://www.hepsiemlak.com/_nuxt/8cafc93fb5c74c75e9e04e528e02ccdf.jpg","Aras Gayrimenkul","https://www.hepsiemlak.com/_nuxt/8cafc93fb5c74c75e9e04e528e02ccdf.jpg"
"https://www.hepsiemlak.com/manisa-turgutlu-yeni-kiralik/daire/160009-102","1 / 24","26.000","02/09/2026","Turgutlu Yenı Mh De Kıralık 150 M2 Daıre .","Kiralık Daire","3 + 1","150 m²","10 Yaşında","1. Kat","Manisa / Turgutlu / Yeni Mah.","WhatsApp","https://www.hepsiemlak.com/_nuxt/8cafc93fb5c74c75e9e04e528e02ccdf.jpg","",""
"https://www.hepsiemlak.com/manisa-akhisar-inonu-kiralik/daire/162406-486","1 / 15","15.000","10/09/2026","Mustafa Başyiğit Emlaktan İnönü Mahallesi'nde 3+1 D.Gazlı Daire","Kiralık Daire","3 + 1","130 m²","21 Yaşında","5. Kat","Manisa / Akhisar / İnönü Mah.","WhatsApp","https://www.hepsiemlak.com/_nuxt/8cafc93fb5c74c75e9e04e528e02ccdf.jpg","Mustafa Başyiğit Emlak","https://www.hepsiemlak.com/_nuxt/8cafc93fb5c74c75e9e04e528e02ccdf.jpg"
"https://www.hepsiemlak.com/manisa-turgutlu-sehitler-kiralik/daire/160048-341","1 / 19","24.000","26/08/2026","Şehitler Mahallesi Kiralık Daire","Kiralık Daire","3 + 1","125 m²","6 Yaşında","4. Kat","Manisa / Turgutlu / Şehitler Mah.","WhatsApp","https://www.hepsiemlak.com/_nuxt/8cafc93fb5c74c75e9e04e528e02ccdf.jpg","Evin Burada Gayrimenkul","https://www.hepsiemlak.com/_nuxt/8cafc93fb5c74c75e9e04e528e02ccdf.jpg"
"https://www.hepsiemlak.com/manisa-akhisar-efendi-kiralik/daire/168888-44","1 / 16","15.000","26/08/2026","Benim Emlak'tan Efendi Mahallesinde 2+1 Kiralık Daire","Kiralık Daire","2 + 1","100 m²","6 Yaşında","3. Kat","Manisa / Akhisar / Efendi Mah.","WhatsApp","https://www.hepsiemlak.com/_nuxt/8cafc93fb5c74c75e9e04e528e02ccdf.jpg","Benim Emlak",""
"https://www.hepsiemlak.com/manisa-akhisar-hurriyet-kiralik/daire/99347-206","1 / 35","15.000","31/08/2026","Hürriyet Mah. Hisar Camii Yakını 3+1 120 M2 Kiralık Daire","Kiralık Daire","3 + 1","120 m²","16 Yaşında","2. Kat","Manisa / Akhisar / Hürriyet Mah.","WhatsApp","https://www.hepsiemlak.com/_nuxt/8cafc93fb5c74c75e9e04e528e02ccdf.jpg","Akgün Emlak","https://www.hepsiemlak.com/_nuxt/8cafc93fb5c74c75e9e04e528e02ccdf.jpg"
"https://www.hepsiemlak.com/manisa-turgutlu-selvilitepe-kiralik/daire/164247-249","1 / 22","19.000","15/08/2026","Çarşamba Pazarına Yakın Zeminüstü 2+1 D.Gazlı 100 M2 Daire","Kiralık Daire","2 + 1","100 m²","6 Yaşında","2. Kat","Manisa / Turgutlu / Selvilitepe Mah.","WhatsApp","https://www.hepsiemlak.com/_nuxt/8cafc93fb5c74c75e9e04e528e02ccdf.jpg","Güler Emlak","https://www.hepsiemlak.com/_nuxt/8cafc93fb5c74c75e9e04e528e02ccdf.jpg"
"https://www.hepsiemlak.com/manisa-saruhanli-cumhuriyet-kiralik/daire/154167-789","1 / 33","30.000","27/07/2026","Saruhanlı Zıraat Bankası Üstü Kıralık Lüx Daıre","Kiralık Daire","3 + 1","120 m²","7 Yaşında","Kot 2","Manisa / Saruhanlı / Cumhuriyet Mah.","WhatsApp","https://www.hepsiemlak.com/_nuxt/8cafc93fb5c74c75e9e04e528e02ccdf.jpg","Remax İlyada 3","https://www.hepsiemlak.com/_nuxt/8cafc93fb5c74c75e9e04e528e02ccdf.jpg"
"https://www.hepsiemlak.com/manisa-alasehir-istasyon-kiralik/daire/155862-73","1 / 16","15.000","28/08/2026","Garanti Emlaktan Kiralık 2+1 Açık Mutfak","Kiralık Daire","2 + 1","100 m²","5 Yaşında","Giriş Katı","Manisa / Alaşehir / İstasyon Mah.","WhatsApp","https://www.hepsiemlak.com/_nuxt/8cafc93fb5c74c75e9e04e528e02ccdf.jpg","",""
"https://www.hepsiemlak.com/manisa-yunusemre-muradiye-kiralik/daire/134090-1296","1 / 23","24.000","24/07/2026","Göral Emlak'tan Merkezi Konum'da 3+1 K.Mutfaklı Arakat Daire","Kiralık Daire","3 + 1","120 m²","6 Yaşında","2. Kat","Manisa / Yunusemre / Muradiye Mah.","WhatsApp","https://www.hepsiemlak.com/_nuxt/8cafc93fb5c74c75e9e04e528e02ccdf.jpg","Göral Emlak","https://www.hepsiemlak.com/_nuxt/8cafc93fb5c74c75e9e04e528e02ccdf.jpg"
"https://www.hepsiemlak.com/manisa-salihli-kocacesme-kiralik/daire/146867-34","1 / 15","25.000","07/09/2026","Cumhuriyet İ.Ö.O. Civarında Lux Eşyalı 1+1 Daire","Kiralık Daire","1 + 1","64 m²","6 Yaşında","3. Kat","Manisa / Salihli / Kocaçeşme Mah.","WhatsApp","https://www.hepsiemlak.com/_nuxt/8cafc93fb5c74c75e9e04e528e02ccdf.jpg","",""
"https://www.hepsiemlak.com/manisa-yunusemre-guzelyurt-kiralik/daire/161221-210","1 / 26","50.250","26/07/2026","Beyazkule Den Güzelyurt Da Site İçinde Havuzlu Kiralık Daire","Kiralık Daire","3 + 1","130 m²","11 Yaşında","1. Kat","Manisa / Yunusemre / Güzelyurt Mah.","WhatsApp","https://www.hepsiemlak.com/_nuxt/8cafc93fb5c74c75e9e04e528e02ccdf.jpg","Beyaz Kule Gayrimenkul","https://www.hepsiemlak.com/_nuxt/8cafc93fb5c74c75e9e04e528e02ccdf.jpg"
"https://www.hepsiemlak.com/manisa-saruhanli-cengiz-topel-kiralik/daire/170527-7","1 / 12","17.000","29/08/2026","Cengiz Topel Mh. 2+1 Ebeveyn Banyolu Kiralık Daire","Kiralık Daire","2 + 1","100 m²","Sıfır Bina","4. Kat","Manisa / Saruhanlı / Cengiz Topel Mah.","WhatsApp","https://www.hepsiemlak.com/_nuxt/8cafc93fb5c74c75e9e04e528e02ccdf.jpg","",""
"https://www.hepsiemlak.com/manisa-yunusemre-cumhuriyet-kiralik/daire/0-46997519","1 / 9","27.500","23/07/2026","Sahibinden Grandmedical Yanı 2+1 Mutlu Sitesinde Kiralık Daire","Kiralık Daire","2 + 1","90 m²","12 Yaşında","Yüksek Giriş","Manisa / Yunusemre / Cumhuriyet Mah.","WhatsApp","https://www.hepsiemlak.com/_nuxt/8cafc93fb5c74c75e9e04e528e02ccdf.jpg","",""
"https://www.hepsiemlak.com/manisa-yunusemre-maresal-fevzi-cakmak-kiralik/daire/95753-2330","1 / 22","20.000","31/07/2026","Manisa Yunusemre Mareşal Fevzi Çakmak Mah. 2+1 Full Lüks","Kiralık Daire","2 + 1","95 m²","2 Yaşında","2. Kat","Manisa / Yunusemre / Mareşal Fevzi Çakmak Mah.","WhatsApp","https://www.hepsiemlak.com/_nuxt/8cafc93fb5c74c75e9e04e528e02ccdf.jpg","Epa Rüzgar Gayrimenkul","https://www.hepsiemlak.com/_nuxt/8cafc93fb5c74c75e9e04e528e02ccdf.jpg"
"https://www.hepsiemlak.com/manisa-yunusemre-muradiye-kiralik/daire/169829-108","1 / 11","22.000","05/09/2026","Asil Emlak'tan Muradiye'de Sıfır 1+1 Klimalı Eşyalı Daire","Kiralık Daire","1 + 1","55 m²","Sıfır Bina","1. Kat","Manisa / Yunusemre / Muradiye Mah.","WhatsApp","https://www.hepsiemlak.com/_nuxt/8cafc93fb5c74c75e9e04e528e02ccdf.jpg","Asil Emlak",""
"https://www.hepsiemlak.com/manisa-akhisar-resat-bey-kiralik/daire/164685-81","1 / 11","19.000","24/08/2026","Ayla Gayrimekul Reşatbey Mh. Kiralık 2+1 Sıfır Daire","Kiralık Daire","2 + 1","100 m²","Sıfır Bina","1. Kat","Manisa / Akhisar / Reşat Bey Mah.","WhatsApp","https://www.hepsiemlak.com/_nuxt/8cafc93fb5c74c75e9e04e528e02ccdf.jpg","Ayla Gayrimenkul","https://www.hepsiemlak.com/_nuxt/8cafc93fb5c74c75e9e04e528e02ccdf.jpg"
"https://www.hepsiemlak.com/manisa-salihli-mithatpasa-kiralik/daire/37897-2659","1 / 9","19.000","09/09/2026","Salihli Cin Emlak'tan Mithatpaşa Mah Kiralık 1+1 Eşyalı Daire","Kiralık Daire","1 + 1","50 m²","5 Yaşında","1. Kat","Manisa / Salihli / Mithatpaşa Mah.","WhatsApp","https://www.hepsiemlak.com/_nuxt/8cafc93fb5c74c75e9e04e528e02ccdf.jpg","Cin Emlak","https://www.hepsiemlak.com/_nuxt/8cafc93fb5c74c75e9e04e528e02ccdf.jpg"
"https://www.hepsiemlak.com/manisa-akhisar-seyit-ahmet-kiralik/daire/94137-1422","1 / 31","18.000","25/08/2026","Akhisar Seyitahmet Mahallesi'nde 2+1 Kiralık Daire","Kiralık Daire","2 + 1","110 m²","Sıfır Bina","2. Kat","Manisa / Akhisar / Seyit Ahmet Mah.","WhatsApp","","",""
"https://www.hepsiemlak.com/manisa-yunusemre-muradiye-kiralik/daire/163068-877","1 / 15","16.000","29/08/2026","Evonadan Muradiye Pazar Yeri Karşısı Teraslı 3. Kat 1+1 Daire","Kiralık Daire","1 + 1","50 m²","6 Yaşında","3. Kat","Manisa / Yunusemre / Muradiye Mah.","WhatsApp","https://www.hepsiemlak.com/img/loadings/noImage55-55.png","Coldwell Banker Evona","https://hecdnnw.hemlak.com/mncropresize/77/67/firmuser/0/8/0/6/5/5/4/1ea9f44b-b129-46c6-8ae6-8927ae577cee.jpg"
"https://www.hepsiemlak.com/manisa-alasehir-istasyon-kiralik/daire/161514-69","1 / 22","27.000","25/08/2026","İstasyon Mh. Doğalgazlı , Kapalı Mutfaklı 3+1 Kiralık Daire","Kiralık Daire","3 + 1","130 m²","5 Yaşında","2. Kat","Manisa / Alaşehir / İstasyon Mah.","WhatsApp","https://hecdnnw.hemlak.com/mncropresize/77/67/logo/4/1/5/1/6/1/e7cc08af-fe57-4808-b885-8151988edc15.jpg","Alaşehir Efe Gayrimenkul",""
"https://www.hepsiemlak.com/manisa-akhisar-efendi-kiralik/daire/162211-297","1 / 19","19.500","24/08/2026","Aras Gayrimenkulden Kiralık 2+1 Daire!","Kiralık Daire","2 + 1","92 m²","Sıfır Bina","1. Kat","Manisa / Akhisar / Efendi Mah.","WhatsApp","https://hecdn01.hemlak.com/mncropresize/182/137/ds01/2/4/8/3/8/1/7/4/b657f376-e9b1-4a6e-bd84-197f7797037b.jpg","Aras Gayrimenkul","https://hecdnnw.hemlak.com/mncropresize/77/67/logo/1/1/2/2/6/1/a53a27b8-aed2-43d8-8a75-14ba6ee92a1d.jpg"
"https://www.hepsiemlak.com/manisa-turgutlu-selvilitepe-kiralik/daire/160048-340","1 / 20","33.000","26/08/2026","Life Cıty Yüksek Katta Kiralık Daire","Kiralık Daire","3 + 1","135 m²","4 Yaşında","15. Kat","Manisa / Turgutlu / Selvilitepe Mah.","WhatsApp","https://www.hepsiemlak.com/_nuxt/8cafc93fb5c74c75e9e04e528e02ccdf.jpg","Evin Burada Gayrimenkul","https://www.hepsiemlak.com/_nuxt/8cafc93fb5c74c75e9e04e528e02ccdf.jpg"
"https://www.hepsiemlak.com/manisa-turgutlu-ergenekon-kiralik/daire/158463-324","1 / 16","39.000","24/08/2026","Startkey Star Gayrimenkul'den Ergenekon Mh. Kiralık 4+1","Kiralık Daire","4 + 1","170 m²","6 Yaşında","3. Kat","Manisa / Turgutlu / Ergenekon Mah.","WhatsApp","https://www.hepsiemlak.com/_nuxt/8cafc93fb5c74c75e9e04e528e02ccdf.jpg","Startkey Star","https://www.hepsiemlak.com/img/loadings/noImage55-55.png"
"https://www.hepsiemlak.com/manisa-akhisar-ataturk-kiralik/daire/162406-485","1 / 15","23.000","23/08/2026","Mustafa Başyiğit Emlak'tan Atatürk Mahallesi'nde Arakat Daire","Kiralık Daire","3 + 1","140 m²","11 Yaşında","3. Kat","Manisa / Akhisar / Atatürk Mah.","WhatsApp","https://www.hepsiemlak.com/_nuxt/8cafc93fb5c74c75e9e04e528e02ccdf.jpg","Mustafa Başyiğit Emlak","https://www.hepsiemlak.com/_nuxt/8cafc93fb5c74c75e9e04e528e02ccdf.jpg"
"https://www.hepsiemlak.com/manisa-turgutlu-mustafa-kemal-kiralik/daire/160009-100","1 / 15","16.000","18/08/2026","130 M2 Geniş Bahçeli  2+1 Açık Mutfak","Kiralık Daire","2 + 1","130 m²","5 Yaşında","Zemin","Manisa / Turgutlu / Mustafa Kemal Mah.","WhatsApp","https://www.hepsiemlak.com/_nuxt/8cafc93fb5c74c75e9e04e528e02ccdf.jpg","",""
"https://www.hepsiemlak.com/manisa-yunusemre-muradiye-kiralik/daire/134090-1294","1 / 16","19.500","19/07/2026","Göral Emlak'tan Caddeye Yakın 1+1 Eşyalı Kiralık Daire","Kiralık Daire","1 + 1","60 m²","6 Yaşında","Zemin","Manisa / Yunusemre / Muradiye Mah.","WhatsApp","https://www.hepsiemlak.com/_nuxt/8cafc93fb5c74c75e9e04e528e02ccdf.jpg","Göral Emlak","https://www.hepsiemlak.com/_nuxt/8cafc93fb5c74c75e9e04e528e02ccdf.jpg"
"https://www.hepsiemlak.com/manisa-alasehir-istasyon-kiralik/daire/155862-70","1 / 19","18.000","28/08/2026","Alaşehir İstasyon Mah. Kiralık Eşyalı 1+1","Kiralık Daire","1 + 1","51 m²","Sıfır Bina","Yüksek Giriş","Manisa / Alaşehir / İstasyon Mah.","WhatsApp","https://www.hepsiemlak.com/_nuxt/8cafc93fb5c74c75e9e04e528e02ccdf.jpg","",""
"https://www.hepsiemlak.com/manisa-yunusemre-muradiye-kiralik/daire/46068-7601","1 / 22","21.000","24/08/2026","Emlak Center'dan Kiralık Arakat Muradiye'de 3+1 Açık Mutfak","Kiralık Daire","3 + 1","125 m²","5 Yaşında","3. Kat","Manisa / Yunusemre / Muradiye Mah.","WhatsApp","https://www.hepsiemlak.com/_nuxt/8cafc93fb5c74c75e9e04e528e02ccdf.jpg","Emlak Center","https://www.hepsiemlak.com/_nuxt/8cafc93fb5c74c75e9e04e528e02ccdf.jpg"
"https://www.hepsiemlak.com/manisa-yunusemre-karaali-kiralik/daire/161221-209","1 / 16","22.000","19/08/2026","Beyazkule Den , Karaali'de , Açık Mutfaklı 2+1 Kiralık Daire","Kiralık Daire","2 + 1","90 m²","5 Yaşında","2. Kat","Manisa / Yunusemre / Karaali Mah.","WhatsApp","https://www.hepsiemlak.com/_nuxt/8cafc93fb5c74c75e9e04e528e02ccdf.jpg","Beyaz Kule Gayrimenkul","https://www.hepsiemlak.com/_nuxt/8cafc93fb5c74c75e9e04e528e02ccdf.jpg"
"https://www.hepsiemlak.com/manisa-turgutlu-sehitler-kiralik/daire/165789-93","1 / 12","26.000","14/08/2026","Ergenekon Mahallesinde 135m2 3+1 Kiralık Sıfır Daire","Kiralık Daire","3 + 1","135 m²","Sıfır Bina","3. Kat","Manisa / Turgutlu / Şehitler Mah.","WhatsApp","https://www.hepsiemlak.com/_nuxt/8cafc93fb5c74c75e9e04e528e02ccdf.jpg","Koçoğlu Gayrimenkul","https://www.hepsiemlak.com/_nuxt/8cafc93fb5c74c75e9e04e528e02ccdf.jpg"
"https://www.hepsiemlak.com/manisa-yunusemre-kecili-koy-kiralik/daire/94966-839","1 / 6","22.000","04/09/2026","Keçiliköy De Full Eşyalı 1+1 Kiralık Daire","Kiralık Daire","1 + 1","74 m²","6 Yaşında","3. Kat","Manisa / Yunusemre / Keçili Köy Mah.","WhatsApp","https://www.hepsiemlak.com/_nuxt/8cafc93fb5c74c75e9e04e528e02ccdf.jpg","",""
"https://www.hepsiemlak.com/manisa-akhisar-hurriyet-kiralik/daire/125876-3179","1 / 15","17.000","17/07/2026","Akhisar Hürriyet Mahallesi 2+1 Kiralık Daire","Kiralık Daire","2 + 1","110 m²","31 Yaşında","4. Kat","Manisa / Akhisar / Hürriyet Mah.","WhatsApp","https://www.hepsiemlak.com/_nuxt/8cafc93fb5c74c75e9e04e528e02ccdf.jpg","Kw Alesta-viya-orsa 4","https://www.hepsiemlak.com/_nuxt/8cafc93fb5c74c75e9e04e528e02ccdf.jpg"
"https://www.hepsiemlak.com/manisa-yunusemre-muradiye-kiralik/daire/169829-101","1 / 11","14.000","19/08/2026","Asil Emlak'tan Muradiye Mah'sinde 1+1 Kiralık Sıfır Daire","Kiralık Daire","1 + 1","45 m²","1 Yaşında","Yüksek Giriş","Manisa / Yunusemre / Muradiye Mah.","WhatsApp","https://www.hepsiemlak.com/_nuxt/8cafc93fb5c74c75e9e04e528e02ccdf.jpg","",""
"https://www.hepsiemlak.com/manisa-yunusemre-75-yil-kiralik/daire/162105-46","1 / 6","55.000","05/08/2026","Manisa'nın Prestijli Projesi Corner & Poınt'te Kiralık 2+1","Kiralık Daire","2 + 1","77 m²","Sıfır Bina","4. Kat","Manisa / Yunusemre / 75. Yıl Mah.","WhatsApp","https://www.hepsiemlak.com/_nuxt/8cafc93fb5c74c75e9e04e528e02ccdf.jpg","Nar Realty","https://www.hepsiemlak.com/_nuxt/8cafc93fb5c74c75e9e04e528e02ccdf.jpg"
"https://www.hepsiemlak.com/manisa-akhisar-efendi-kiralik/daire/94137-1058","1 / 31","20.000","25/08/2026","Akhisar Efendi Mahallesi'nde 3+1 Kiralık Daire","Kiralık Daire","3 + 1","125 m²","2 Yaşında","3. Kat","Manisa / Akhisar / Efendi Mah.","WhatsApp","https://www.hepsiemlak.com/_nuxt/8cafc93fb5c74c75e9e04e528e02ccdf.jpg","",""
"https://www.hepsiemlak.com/manisa-yunusemre-muradiye-kiralik/daire/151967-48","1 / 10","19.000","20/08/2026","Bilginoğlu Emlaktan Muradiye Mahallesi'nde 2+1 Zemin","Kiralık Daire","2 + 1","70 m²","Sıfır Bina","Zemin","Manisa / Yunusemre / Muradiye Mah.","WhatsApp","https://www.hepsiemlak.com/_nuxt/8cafc93fb5c74c75e9e04e528e02ccdf.jpg","Adem Bilgin","https://www.hepsiemlak.com/img/loadings/noImage55-55.png"
"https://www.hepsiemlak.com/manisa-akhisar-ataturk-kiralik/daire/99347-221","1 / 25","23.000","22/08/2026","Atatürk Mahallesi Prestij Caddesi Yakını 2+1 110 M2 Daire","Kiralık Daire","2 + 1","110 m²","5 Yaşında","2. Kat","Manisa / Akhisar / Atatürk Mah.","WhatsApp","https://www.hepsiemlak.com/_nuxt/8cafc93fb5c74c75e9e04e528e02ccdf.jpg","Akgün Emlak","https://www.hepsiemlak.com/_nuxt/8cafc93fb5c74c75e9e04e528e02ccdf.jpg"
"https://www.hepsiemlak.com/manisa-sehzadeler-sehitler-kiralik/daire/139321-788","1 / 16","17.000","01/09/2026","Şehitler Mh 2+1 Kapalı Mutfak Zemin","Kiralık Daire","2 + 1","95 m²","30 Yaşında","Zemin","Manisa / Şehzadeler / Şehitler Mah.","WhatsApp","https://www.hepsiemlak.com/_nuxt/8cafc93fb5c74c75e9e04e528e02ccdf.jpg","Okatan Gayrimenkul","https://www.hepsiemlak.com/_nuxt/8cafc93fb5c74c75e9e04e528e02ccdf.jpg"
"https://www.hepsiemlak.com/manisa-saruhanli-cengiz-topel-kiralik/daire/163565-521","1 / 15","19.500","28/08/2026","Emir Grup'tan Cengiz Topel'de Kiralık Full Eşyalı 1+1 Daire","Kiralık Daire","1 + 1","50 m²","Sıfır Bina","3. Kat","Manisa / Saruhanlı / Cengiz Topel Mah.","WhatsApp","https://www.hepsiemlak.com/_nuxt/8cafc93fb5c74c75e9e04e528e02ccdf.jpg","Emir Grup Muradiye","https://www.hepsiemlak.com/_nuxt/8cafc93fb5c74c75e9e04e528e02ccdf.jpg"
"https://www.hepsiemlak.com/manisa-alasehir-soguksu-kiralik/daire/161514-66","1 / 17","9.500","19/08/2026","Çarşı İçinde Kiralık 1+0 İster İş Yeri İsterseniz Daire Olarak","Kiralık Daire","Stüdyo","45 m²","16 Yaşında","2. Kat","Manisa / Alaşehir / Soğuksu Mah.","WhatsApp","https://www.hepsiemlak.com/_nuxt/8cafc93fb5c74c75e9e04e528e02ccdf.jpg","Alaşehir Efe Gayrimenkul","https://www.hepsiemlak.com/_nuxt/8cafc93fb5c74c75e9e04e528e02ccdf.jpg"
"https://www.hepsiemlak.com/manisa-akhisar-cumhuriyet-kiralik/daire/165672-171","1 / 16","19.500","26/08/2026","Cumhuriyet Mh. Ring Yolu Üzerinde 3+1-130 M² Kiralık Daire","Kiralık Daire","3 + 1","135 m²","6 Yaşında","1. Kat","Manisa / Akhisar / Cumhuriyet Mah.","WhatsApp","https://www.hepsiemlak.com/_nuxt/8cafc93fb5c74c75e9e04e528e02ccdf.jpg","Mutlu Yatırım & Gayrimenkul","https://www.hepsiemlak.com/_nuxt/8cafc93fb5c74c75e9e04e528e02ccdf.jpg"
"https://www.hepsiemlak.com/manisa-turgutlu-altay-kiralik/daire/160009-94","1 / 22","18.000","27/08/2026","Altay Mh De Kıralık  Hesaplı Daire","Kiralık Daire","3 + 1","120 m²","15 Yaşında","3. Kat","Manisa / Turgutlu / Altay Mah.","WhatsApp","","",""
"https://www.hepsiemlak.com/manisa-yunusemre-muradiye-kiralik/daire/163068-847","1 / 21","17.000","08/09/2026","Evonadan Muradiyede Menemen Yoluna Cephe Kiralık 2+1 Açık Mutfak","Kiralık Daire","2 + 1","80 m²","Sıfır Bina","3. Kat","Manisa / Yunusemre / Muradiye Mah.","WhatsApp","https://www.hepsiemlak.com/img/loadings/noImage55-55.png","Coldwell Banker Evona","https://hecdnnw.hemlak.com/mncropresize/77/67/firmuser/0/8/0/6/5/5/4/1ea9f44b-b129-46c6-8ae6-8927ae577cee.jpg"
"https://www.hepsiemlak.com/manisa-yunusemre-muradiye-kiralik/daire/134090-1126","1 / 32","20.000","28/07/2026","Göral Emlak'tan Muradiye Pazar Yerinde Lüks Havuzlu 1+1","Kiralık Daire","1 + 1","65 m²","Sıfır Bina","2. Kat","Manisa / Yunusemre / Muradiye Mah.","WhatsApp","https://hecdnnw.hemlak.com/mncropresize/77/67/logo/0/9/0/4/3/1/d6e5843a-7d62-43b8-970d-7a5a4d03b9ae.jpg","Göral Emlak",""
"https://www.hepsiemlak.com/manisa-yunusemre-uncubozkoy-kiralik/daire/161221-204","1 / 25","65.000","05/08/2026","Beyazkule Den Uncubozköy De Noran Atrium Sitesinde Kiralık 3+1 Lüks Daire","Kiralık Daire","3 + 1","135 m²","Sıfır Bina","En Üst Kat","Manisa / Yunusemre / Uncubozköy Mah.","WhatsApp","https://hecdn01.hemlak.com/mncropresize/182/137/ds01/4/2/0/3/7/9/6/4/233f4750-698e-4371-aee9-33b3b9a99b57.jpg","Beyaz Kule Gayrimenkul","https://hecdnnw.hemlak.com/mncropresize/77/67/logo/1/2/2/1/6/1/aced4dca-ff04-40d7-852d-9f55058f2960.jpg"
"https://www.hepsiemlak.com/manisa-akhisar-pasa-kiralik/daire/125162-855","1 / 11","16.000","03/09/2026","Manisa Akhisarda 2+1 Kiralık Daire","Kiralık Daire","2 + 1","80 m²","31 Yaşında","1. Kat","Manisa / Akhisar / Paşa Mah.","WhatsApp","https://www.hepsiemlak.com/_nuxt/8cafc93fb5c74c75e9e04e528e02ccdf.jpg","Ayn & Ayn Gayrimenkul","https://www.hepsiemlak.com/_nuxt/8cafc93fb5c74c75e9e04e528e02ccdf.jpg"
"https://www.hepsiemlak.com/manisa-turgutlu-selvilitepe-kiralik/daire/165789-85","1 / 12","22.000","28/08/2026","Acarlar Mahallesinde 140m2 Kiralık Daire","Kiralık Daire","3 + 1","155 m²","25 Yaşında","5. Kat","Manisa / Turgutlu / Selvilitepe Mah.","WhatsApp","https://www.hepsiemlak.com/_nuxt/8cafc93fb5c74c75e9e04e528e02ccdf.jpg","Koçoğlu Gayrimenkul","https://www.hepsiemlak.com/_nuxt/8cafc93fb5c74c75e9e04e528e02ccdf.jpg"
"https://www.hepsiemlak.com/manisa-turgutlu-yilmazlar-kiralik/daire/164247-251","1 / 12","18.000","08/08/2026","Kiralık Asfalt Yakını Eşyalı 1+1 Daire","Kiralık Daire","1 + 1","70 m²","16 Yaşında","3. Kat","Manisa / Turgutlu / Yılmazlar Mah.","WhatsApp","https://www.hepsiemlak.com/_nuxt/8cafc93fb5c74c75e9e04e528e02ccdf.jpg","Güler Emlak","https://www.hepsiemlak.com/_nuxt/8cafc93fb5c74c75e9e04e528e02ccdf.jpg"
"https://www.hepsiemlak.com/manisa-yunusemre-akmescit-kiralik/daire/164179-171","1 / 9","22.000","05/09/2026","Akmescid Mahallesi Eşyalı Kiralık 2+1","Kiralık Daire","2 + 1","85 m²","26 Yaşında","Zemin","Manisa / Yunusemre / Akmescit Mah.","WhatsApp","https://www.hepsiemlak.com/_nuxt/8cafc93fb5c74c75e9e04e528e02ccdf.jpg","Sel Emlak","https://www.hepsiemlak.com/_nuxt/8cafc93fb5c74c75e9e04e528e02ccdf.jpg"
"https://www.hepsiemlak.com/manisa-akhisar-ragip-bey-kiralik/daire/162211-298","1 / 14","15.000","26/08/2026","Merkezi Konum 2+1 Kiralık Daire","Kiralık Daire","2 + 1","120 m²","21 Yaşında","4. Kat","Manisa / Akhisar / Ragıp Bey Mah.","WhatsApp","https://www.hepsiemlak.com/_nuxt/8cafc93fb5c74c75e9e04e528e02ccdf.jpg","Aras Gayrimenkul","https://www.hepsiemlak.com/_nuxt/8cafc93fb5c74c75e9e04e528e02ccdf.jpg"
"https://www.hepsiemlak.com/manisa-akhisar-hurriyet-kiralik/daire/168888-39","1 / 11","25.000","15/08/2026","Benim Emlak'tan Hürriyet Mahallesinde Eşyalı Kiralık Daire","Kiralık Daire","2 + 0","85 m²","6 Yaşında","2. Kat","Manisa / Akhisar / Hürriyet Mah.","WhatsApp","https://www.hepsiemlak.com/_nuxt/8cafc93fb5c74c75e9e04e528e02ccdf.jpg","Benim Emlak",""
"https://www.hepsiemlak.com/manisa-alasehir-istasyon-kiralik/daire/167105-33","1 / 6","28.000","30/08/2026","İstasyon Mahallesinde Park Manzaralı Lüks 2+1 Kiralık Daire","Kiralık Daire","2 + 1","110 m²","2 Yaşında","2. Kat","Manisa / Alaşehir / İstasyon Mah.","WhatsApp","https://www.hepsiemlak.com/_nuxt/8cafc93fb5c74c75e9e04e528e02ccdf.jpg","Özbay Gayrimenkul","https://www.hepsiemlak.com/img/loadings/noImage55-55.png"
"https://www.hepsiemlak.com/manisa-akhisar-ulu-camii-kiralik/daire/94123-2960","1 / 31","20.000","07/08/2026","Ulucami Mahallesi'nde Yerden Isıtmalı 2+1 Kiralık Daire","Kiralık Daire","2 + 1","100 m²","Sıfır Bina","3. Kat","Manisa / Akhisar / Ulu Camii Mah.","WhatsApp","https://www.hepsiemlak.com/_nuxt/8cafc93fb5c74c75e9e04e528e02ccdf.jpg","",""
"https://www.hepsiemlak.com/manisa-yunusemre-muradiye-kiralik/daire/46068-7654","1 / 17","20.000","21/07/2026","Emlak Center'dan Muradiye Mah 2+1 Kiralık Ara Kat Daire","Kiralık Daire","2 + 1","90 m²","5 Yaşında","3. Kat","Manisa / Yunusemre / Muradiye Mah.","WhatsApp","https://www.hepsiemlak.com/_nuxt/8cafc93fb5c74c75e9e04e528e02ccdf.jpg","Emlak Center","https://www.hepsiemlak.com/_nuxt/8cafc93fb5c74c75e9e04e528e02ccdf.jpg"
"https://www.hepsiemlak.com/manisa-akhisar-ataturk-kiralik/daire/86919-817","1 / 24","26.000","15/08/2026","Atatürk Mahallesi'nde 3+1 Bağımsız Otoparklı Sıfır Kiralık","Kiralık Daire","3 + 1","125 m²","Sıfır Bina","2. Kat","Manisa / Akhisar / Atatürk Mah.","WhatsApp","https://www.hepsiemlak.com/_nuxt/8cafc93fb5c74c75e9e04e528e02ccdf.jpg","Mkm Yatırım Gayrimenkul","https://www.hepsiemlak.com/_nuxt/8cafc93fb5c74c75e9e04e528e02ccdf.jpg"
"https://www.hepsiemlak.com/manisa-sehzadeler-sehitler-kiralik/daire/139321-787","1 / 15","17.000","01/09/2026","Şehitler Mah. 2+1 Kapalı Mutfak Zemin","Kiralık Daire","2 + 1","90 m²","26 Yaşında","Zemin","Manisa / Şehzadeler / Şehitler Mah.","WhatsApp","https://www.hepsiemlak.com/_nuxt/8cafc93fb5c74c75e9e04e528e02ccdf.jpg","Okatan Gayrimenkul","https://www.hepsiemlak.com/_nuxt/8cafc93fb5c74c75e9e04e528e02ccdf.jpg"
"https://www.hepsiemlak.com/manisa-yunusemre-uncubozkoy-kiralik/daire/167382-428","1 / 35","40.000","24/08/2026","Uncubozköy'de Cadde Üzeri Ara Kat Temiz 3+1 Süper Daire","Kiralık Daire","3 + 1","135 m²","21 Yaşında","3. Kat","Manisa / Yunusemre / Uncubozköy Mah.","WhatsApp","https://www.hepsiemlak.com/_nuxt/8cafc93fb5c74c75e9e04e528e02ccdf.jpg","Lidya Emlak","https://www.hepsiemlak.com/_nuxt/8cafc93fb5c74c75e9e04e528e02ccdf.jpg"
"https://www.hepsiemlak.com/manisa-akhisar-ulu-camii-kiralik/daire/165672-165","1 / 18","17.250","29/08/2026","Ulucamii Mh. Safa Camii Yanı 2+1 100m² Kiralık Ön Cephe Daire","Kiralık Daire","2 + 1","100 m²","6 Yaşında","1. Kat","Manisa / Akhisar / Ulu Camii Mah.","WhatsApp","https://www.hepsiemlak.com/_nuxt/8cafc93fb5c74c75e9e04e528e02ccdf.jpg","Mutlu Yatırım & Gayrimenkul","https://www.hepsiemlak.com/_nuxt/8cafc93fb5c74c75e9e04e528e02ccdf.jpg"
"https://www.hepsiemlak.com/manisa-yunusemre-guzelyurt-kiralik/daire/161221-194","1 / 17","50.000","20/07/2026","Beyazkule Den Güzelyurt Da Site İçinde Havuzlu Kiralık Daire","Kiralık Daire","3 + 1","130 m²","11 Yaşında","1. Kat","Manisa / Yunusemre / Güzelyurt Mah.","WhatsApp","https://www.hepsiemlak.com/_nuxt/8cafc93fb5c74c75e9e04e528e02ccdf.jpg","Beyaz Kule Gayrimenkul","https://www.hepsiemlak.com/_nuxt/8cafc93fb5c74c75e9e04e528e02ccdf.jpg"
"https://www.hepsiemlak.com/manisa-turgutlu-selvilitepe-kiralik/daire/158463-329","1 / 12","33.000","01/09/2026","Turgutlu Life City'de Kiralık 3+1 Daire","Kiralık Daire","3 + 1","160 m²","5 Yaşında","15. Kat","Manisa / Turgutlu / Selvilitepe Mah.","WhatsApp","https://www.hepsiemlak.com/_nuxt/8cafc93fb5c74c75e9e04e528e02ccdf.jpg","Startkey Star","https://www.hepsiemlak.com/img/loadings/noImage55-55.png"
"https://www.hepsiemlak.com/manisa-turgutlu-sehitler-kiralik/daire/160048-332","1 / 12","21.000","14/08/2026","Altay Mahalesi 2+1 Kiralık Daire","Kiralık Daire","2 + 1","110 m²","6 Yaşında","2. Kat","Manisa / Turgutlu / Şehitler Mah.","WhatsApp","https://www.hepsiemlak.com/_nuxt/8cafc93fb5c74c75e9e04e528e02ccdf.jpg","Evin Burada Gayrimenkul","https://www.hepsiemlak.com/_nuxt/8cafc93fb5c74c75e9e04e528e02ccdf.jpg"
"https://www.hepsiemlak.com/manisa-akhisar-hurriyet-kiralik/daire/115104-385","1 / 27","24.900","05/09/2026","Akhisar Gürbüz Emlak Tan Hürriyet Mahallesi Ssk.Hastahanesi Acil Karşısı 2.Kat Kiralık Daire","Kiralık Daire","3 + 1","132 m²","23 Yaşında","Ara Kat","Manisa / Akhisar / Hürriyet Mah.","WhatsApp","https://www.hepsiemlak.com/_nuxt/8cafc93fb5c74c75e9e04e528e02ccdf.jpg","",""
"https://www.hepsiemlak.com/manisa-turgutlu-ataturk-kiralik/mustakil-ev/107696-1770","1 / 28","22.000","05/08/2026","Eymen Emlaktan Atatürk Mh. Müstakil Kiralık Doğalgazlı Daire 🏡","Kiralık Müstakil Ev","4 + 1","130 m²","25 Yaşında","","Manisa / Turgutlu / Atatürk Mah.","WhatsApp","https://www.hepsiemlak.com/_nuxt/8cafc93fb5c74c75e9e04e528e02ccdf.jpg","Eymen Emlak","https://www.hepsiemlak.com/_nuxt/8cafc93fb5c74c75e9e04e528e02ccdf.jpg"
"https://www.hepsiemlak.com/manisa-yunusemre-yeni-mahalle-kiralik/daire/146843-111","1 / 15","19.000","28/07/2026","Manisa /yunusemre /yeni Mahallede Sıfır 1+1 Kiralık Ferah Daire","Kiralık Daire","1 + 1","55 m²","Sıfır Bina","Yüksek Giriş","Manisa / Yunusemre / Yeni Mahalle Mah.","WhatsApp","https://www.hepsiemlak.com/_nuxt/8cafc93fb5c74c75e9e04e528e02ccdf.jpg","Nova Gayrimenkul","https://www.hepsiemlak.com/_nuxt/8cafc93fb5c74c75e9e04e528e02ccdf.jpg"
"https://www.hepsiemlak.com/manisa-alasehir-sarisu-kiralik/daire/0-46885493","1 / 20","11.000","03/08/2026","Alaşehir Kiralık Daire 3+1 Sarısu Mahallesi","Kiralık Daire","3 + 1","110 m²","15 Yaşında","Kot 2","Manisa / Alaşehir / Sarısu Mah.","WhatsApp","https://www.hepsiemlak.com/_nuxt/8cafc93fb5c74c75e9e04e528e02ccdf.jpg","",""
"https://www.hepsiemlak.com/manisa-turgutlu-yeni-kiralik/daire/141770-181","1 / 44","21.000","28/08/2026","Turgutlu Yeni Mahalle’de Kiralık Temiz Eşyalı Stüdyo Daire(19)","Kiralık Daire","1 + 1","45 m²","5 Yaşında","5. Kat","Manisa / Turgutlu / Yeni Mah.","WhatsApp","https://hecdnnw.hemlak.com/mncropresize/77/67/logo/0/7/7/1/4/1/04d32387-118c-4827-b1b1-0146491c13c2.jpg","Rota Bostanlı Gayrimenkul",""
"https://www.hepsiemlak.com/manisa-yunusemre-muradiye-kiralik/daire/166335-14","1 / 22","30.000","27/07/2026","Muradiye Merkezli Daire","Kiralık Daire","2 + 1","105 m²","Sıfır Bina","3. Kat","Manisa / Yunusemre / Muradiye Mah.","WhatsApp","https://www.hepsiemlak.com/img/loadings/noImage55-55.png","Vizyon Gayrimenkul 2",""
"https://www.hepsiemlak.com/manisa-yunusemre-laleli-kiralik/daire/0-46226466","1 / 18","23.000","05/09/2026","Çalışana, Bekara, Öğrenciye Uygun Eşyalı 3+1 Daire","Kiralık Daire","3 + 1","105 m²","35 Yaşında","5. Kat","Manisa / Yunusemre / Laleli Mah.","WhatsApp","","",""
"https://www.hepsiemlak.com/manisa-turgutlu-cumhuriyet-kiralik/daire/0-44148596","1 / 27","34.000","09/09/2026","Sahibinden 210 Metrekare Zemin Üstü Çarşı Merkezde","Kiralık Daire","3 + 1","210 m²","15 Yaşında","Kot 1","Manisa / Turgutlu / Cumhuriyet Mah.","WhatsApp","https://hecdn01.hemlak.com/mncropresize/182/137/ds01/6/9/5/8/4/1/4/4/6XQ132-CLxpOp5U-c4N1H.jpeg","",""
"https://www.hepsiemlak.com/manisa-sehzadeler-peker-kiralik/daire/49173-217","1 / 14","20.000","26/08/2026","Manisa Peker Mah.8 Havuza Yakın Kombili Arakat 3.Kat Daire.","Kiralık Daire","2 + 1","88 m²","30 Yaşında","3. Kat","Manisa / Şehzadeler / Peker Mah.","WhatsApp","https://www.hepsiemlak.com/_nuxt/8cafc93fb5c74c75e9e04e528e02ccdf.jpg","",""
"https://www.hepsiemlak.com/manisa-yunusemre-muradiye-kiralik/daire/102443-898","1 / 7","21.000","22/08/2026","Muradiye Kiralık Ara Kat 2+1 Daire","Kiralık Daire","2 + 1","85 m²","5 Yaşında","2. Kat","Manisa / Yunusemre / Muradiye Mah.","WhatsApp","https://www.hepsiemlak.com/_nuxt/8cafc93fb5c74c75e9e04e528e02ccdf.jpg","Mavi Gayrimenkul","https://www.hepsiemlak.com/_nuxt/8cafc93fb5c74c75e9e04e528e02ccdf.jpg"
"https://www.hepsiemlak.com/manisa-yunusemre-muradiye-kiralik/daire/163565-522","1 / 13","18.000","28/08/2026","Emir Grup'tan Muradiye'de Kiralık 1+1 Eşyalı Arakat Daire","Kiralık Daire","1 + 1","55 m²","6 Yaşında","2. Kat","Manisa / Yunusemre / Muradiye Mah.","WhatsApp","https://www.hepsiemlak.com/_nuxt/8cafc93fb5c74c75e9e04e528e02ccdf.jpg","Emir Grup Muradiye","https://www.hepsiemlak.com/_nuxt/8cafc93fb5c74c75e9e04e528e02ccdf.jpg"
"https://www.hepsiemlak.com/manisa-turgutlu-cumhuriyet-kiralik/daire/126164-364","1 / 12","27.000","03/09/2026","Cumhuriyet Mah Eşyalı Kiralık Daire","Kiralık Daire","3 + 1","110 m²","30 Yaşında","En Üst Kat","Manisa / Turgutlu / Cumhuriyet Mah.","WhatsApp","https://www.hepsiemlak.com/_nuxt/8cafc93fb5c74c75e9e04e528e02ccdf.jpg","",""
"https://www.hepsiemlak.com/manisa-akhisar-resat-bey-kiralik/daire/168888-45","1 / 10","22.000","01/09/2026","Benim Emlak'tan Mehmetakif Ersoy Ortaokulu Yanı 2+0kiralık Daire","Kiralık Daire","2 + 1","80 m²","Sıfır Bina","1. Kat","Manisa / Akhisar / Reşat Bey Mah.","WhatsApp","https://www.hepsiemlak.com/_nuxt/8cafc93fb5c74c75e9e04e528e02ccdf.jpg","Benim Emlak",""
"https://www.hepsiemlak.com/manisa-yunusemre-muradiye-kiralik/daire/167382-421","1 / 28","35.000","20/08/2026","Cbü Tokide 4+1 Ebeveyn Banyolu Asansörlü Otoparklı","Kiralık Daire","4 + 1","180 m²","6 Yaşında","4. Kat","Manisa / Yunusemre / Muradiye Mah.","WhatsApp","https://www.hepsiemlak.com/_nuxt/8cafc93fb5c74c75e9e04e528e02ccdf.jpg","Lidya Emlak","https://www.hepsiemlak.com/_nuxt/8cafc93fb5c74c75e9e04e528e02ccdf.jpg"
"https://www.hepsiemlak.com/manisa-sehzadeler-mimar-sinan-kiralik/daire/139321-744","1 / 27","24.000","16/08/2026","Mimarsinan Mah.Sultan Cami Cvr 2+1 Fullüx Kiralık Daire","Kiralık Daire","2 + 1","90 m²","26 Yaşında","4. Kat","Manisa / Şehzadeler / Mimar Sinan Mah.","WhatsApp","https://www.hepsiemlak.com/_nuxt/8cafc93fb5c74c75e9e04e528e02ccdf.jpg","Okatan Gayrimenkul","https://www.hepsiemlak.com/_nuxt/8cafc93fb5c74c75e9e04e528e02ccdf.jpg"
"https://www.hepsiemlak.com/manisa-yunusemre-muradiye-kiralik/daire/159142-213","1 / 25","30.000","02/09/2026","Aras Yapı'dan Muradiye'de Ful Eşyalı 3+1 K. Mutfak Kiralık Daire","Kiralık Daire","3 + 1","140 m²","5 Yaşında","Yüksek Giriş","Manisa / Yunusemre / Muradiye Mah.","WhatsApp","https://www.hepsiemlak.com/_nuxt/8cafc93fb5c74c75e9e04e528e02ccdf.jpg","",""
"https://www.hepsiemlak.com/manisa-akhisar-efendi-kiralik/daire/94137-1498","1 / 21","18.000","18/08/2026","Akhisar Efendi Mahallesi'nde 2+1 Kiralık Daire","Kiralık Daire","2 + 1","100 m²","1 Yaşında","1. Kat","Manisa / Akhisar / Efendi Mah.","WhatsApp","https://www.hepsiemlak.com/_nuxt/8cafc93fb5c74c75e9e04e528e02ccdf.jpg","",""
"https://www.hepsiemlak.com/manisa-akhisar-ragip-bey-kiralik/daire/99347-220","1 / 18","18.000","22/08/2026","Ragıpbey Mah. Sevgi Yolu Yakını 3+1 110 M2 Arakat Daire","Kiralık Daire","3 + 1","110 m²","26 Yaşında","3. Kat","Manisa / Akhisar / Ragıp Bey Mah.","WhatsApp","https://www.hepsiemlak.com/_nuxt/8cafc93fb5c74c75e9e04e528e02ccdf.jpg","Akgün Emlak","https://www.hepsiemlak.com/_nuxt/8cafc93fb5c74c75e9e04e528e02ccdf.jpg"
"https://www.hepsiemlak.com/manisa-salihli-gunes-kiralik/daire/37897-2635","1 / 21","16.000","09/09/2026","Salihli Cin Emlak'tan Güneş Mah Kiralık 2+1 Doğal Gazlı Daire","Kiralık Daire","2 + 1","80 m²","30 Yaşında","Yüksek Giriş","Manisa / Salihli / Güneş Mah.","WhatsApp","https://www.hepsiemlak.com/_nuxt/8cafc93fb5c74c75e9e04e528e02ccdf.jpg","Cin Emlak","https://www.hepsiemlak.com/_nuxt/8cafc93fb5c74c75e9e04e528e02ccdf.jpg"
"https://www.hepsiemlak.com/manisa-akhisar-hurriyet-kiralik/daire/94123-2958","1 / 26","21.000","26/08/2026","Hürriyet Mahallesi'nde 3+1 Ferah Kiralık Daire","Kiralık Daire","3 + 1","130 m²","6 Yaşında","3. Kat","Manisa / Akhisar / Hürriyet Mah.","WhatsApp","https://www.hepsiemlak.com/_nuxt/8cafc93fb5c74c75e9e04e528e02ccdf.jpg","",""
"https://www.hepsiemlak.com/manisa-turgutlu-cumhuriyet-kiralik/daire/163190-76","1 / 16","30.000","26/08/2026","Cumhuriyet Mh.Türkmen Yolu Kiralık 3+1 Daire","Kiralık Daire","3 + 1","130 m²","11 Yaşında","3. Kat","Manisa / Turgutlu / Cumhuriyet Mah.","WhatsApp","https://www.hepsiemlak.com/_nuxt/8cafc93fb5c74c75e9e04e528e02ccdf.jpg","Evren İnşaat Gayrimenkul","https://www.hepsiemlak.com/img/loadings/noImage55-55.png"
"https://www.hepsiemlak.com/manisa-yunusemre-topcuasim-kiralik/daire/146843-106","1 / 30","29.000","17/08/2026","Karaköy İzmir Cad.Üzeri 3+1 2.Kat Asansörlü Önü Açık Ferah Daire","Kiralık Daire","3 + 1","125 m²","21 Yaşında","2. Kat","Manisa / Yunusemre / Topçuasım Mah.","WhatsApp","https://www.hepsiemlak.com/_nuxt/8cafc93fb5c74c75e9e04e528e02ccdf.jpg","Nova Gayrimenkul","https://www.hepsiemlak.com/_nuxt/8cafc93fb5c74c75e9e04e528e02ccdf.jpg"
"https://www.hepsiemlak.com/manisa-yunusemre-topcuasim-kiralik/daire/150956-115","1 / 15","15.000","24/06/2026","Cadde Üzeri Kiralık Sobalı Ara Kat","Kiralık Daire","2 + 1","75 m²","35 Yaşında","Ara Kat","Manisa / Yunusemre / Topçuasım Mah.","WhatsApp","https://www.hepsiemlak.com/_nuxt/8cafc93fb5c74c75e9e04e528e02ccdf.jpg","",""
"https://www.hepsiemlak.com/manisa-turgutlu-yeni-kiralik/daire/141770-180","1 / 42","23.000","28/08/2026","Turgutlu Yeni Mahalle’de Kiralık Temiz Eşyalı Stüdyo Daire(9)","Kiralık Daire","1 + 1","45 m²","5 Yaşında","3. Kat","Manisa / Turgutlu / Yeni Mah.","WhatsApp","https://www.hepsiemlak.com/_nuxt/8cafc93fb5c74c75e9e04e528e02ccdf.jpg","Rota Bostanlı Gayrimenkul","https://www.hepsiemlak.com/_nuxt/8cafc93fb5c74c75e9e04e528e02ccdf.jpg"
"https://www.hepsiemlak.com/manisa-akhisar-ataturk-kiralik/daire/147823-29","1 / 35","23.000","23/08/2026","Bahadır Şimşirli'den Prestij Caddesi Yakını Kiralık 3+1 Daire","Kiralık Daire","3 + 1","130 m²","5 Yaşında","2. Kat","Manisa / Akhisar / Atatürk Mah.","WhatsApp","https://www.hepsiemlak.com/_nuxt/8cafc93fb5c74c75e9e04e528e02ccdf.jpg","",""
"https://www.hepsiemlak.com/manisa-yunusemre-guzelyurt-kiralik/daire/168844-12","1 / 23","21.000","17/08/2026","Güzelyurtta 1+1 Havuzlu Sitede Kiralık Daireler Açıklamada","Kiralık Daire","1 + 1","70 m²","5 Yaşında","6. Kat","Manisa / Yunusemre / Güzelyurt Mah.","WhatsApp","https://www.hepsiemlak.com/_nuxt/8cafc93fb5c74c75e9e04e528e02ccdf.jpg","Kav Gayrimenkul",""
"https://www.hepsiemlak.com/manisa-sehzadeler-sehitler-kiralik/daire/0-46756855","1 / 12","16.000","13/06/2026","Kiralık Daire","Kiralık Daire","2 + 1","97 m²","20 Yaşında","Yüksek Giriş","Manisa / Şehzadeler / Şehitler Mah.","WhatsApp","https://www.hepsiemlak.com/_nuxt/8cafc93fb5c74c75e9e04e528e02ccdf.jpg","",""
"https://www.hepsiemlak.com/manisa-sehzadeler-2-anafartalar-kiralik/daire/159690-58","1 / 14","30.000","22/08/2026","Şehzadeler Merkezinde Eşyalı Kiralık Daire Yıllık Ve Dönemlik","Kiralık Daire","2 + 1","100 m²","16 Yaşında","5. Kat","Manisa / Şehzadeler / 2. Anafartalar Mah.","WhatsApp","https://www.hepsiemlak.com/_nuxt/8cafc93fb5c74c75e9e04e528e02ccdf.jpg","",""
"https://www.hepsiemlak.com/manisa-turgutlu-ergenekon-kiralik/daire/156788-358","1 / 14","28.000","12/08/2026","Zenginler'den Ergenekon'da Kiralık 3+1 140m2 Daire !","Kiralık Daire","3 + 1","140 m²","5 Yaşında","4. Kat","Manisa / Turgutlu / Ergenekon Mah.","WhatsApp","https://hecdnnw.hemlak.com/mncropresize/77/67/logo/8/8/7/6/5/1/a4bb71c3-cd0b-4c9f-a243-9eb24a5d4ace.jpg","Tam Nokta Zenginler",""
"https://www.hepsiemlak.com/manisa-akhisar-ataturk-kiralik/daire/168888-42","1 / 10","17.000","31/08/2026","Benim Emlak'tan Cumhuriyet Mahallesinde 2+1 Kiralık Daire","Kiralık Daire","2 + 1","90 m²","5 Yaşında","2. Kat","Manisa / Akhisar / Atatürk Mah.","WhatsApp","","",""
"https://www.hepsiemlak.com/manisa-sehzadeler-sancakliuzuncinar-kiralik/daire/162376-195","1 / 25","48.000","26/08/2026","* Şehrin Gürültüsünden Uzak, Doğa İçinde Dubleks Villa","Kiralık Daire","3 + 1","170 m²","Sıfır Bina","2. Kat","Manisa / Şehzadeler / Sancaklıuzunçınar Mah.","WhatsApp","https://hecdnnw.hemlak.com/mncropresize/77/67/logo/6/7/3/2/6/1/32a78b46-96d9-49a3-9c3a-b9eb8e03e9a8.jpg","Hd Gayrimenkul",""
"https://www.hepsiemlak.com/manisa-yunusemre-yeni-mahalle-kiralik/daire/167382-418","1 / 36","42.000","17/08/2026","Yeni Mh'de Yeni Gelin Dairesi Kapalı Mutfak 2+1","Kiralık Daire","2 + 1","100 m²","3 Yaşında","3. Kat","Manisa / Yunusemre / Yeni Mahalle Mah.","WhatsApp","https://hecdn01.hemlak.com/mncropresize/182/137/ds01/5/8/9/6/6/9/6/4/b763c92d-d42c-4425-8c5a-abced4bd9cf0.jpg","Lidya Emlak","https://hecdnnw.hemlak.com/mncropresize/77/67/logo/2/8/3/7/6/1/ca6e8931-82fe-462c-9bef-6e7f12737948.jpg"
"https://www.hepsiemlak.com/manisa-yunusemre-yeni-mahalle-kiralik/daire/139321-743","1 / 28","39.000","07/08/2026","Manisa Yeni Mah 2+1 100m2 Kapalı Otoparklı Fullüx","Kiralık Daire","2 + 1","100 m²","Sıfır Bina","4. Kat","Manisa / Yunusemre / Yeni Mahalle Mah.","WhatsApp","https://www.hepsiemlak.com/_nuxt/8cafc93fb5c74c75e9e04e528e02ccdf.jpg","Okatan Gayrimenkul","https://www.hepsiemlak.com/_nuxt/8cafc93fb5c74c75e9e04e528e02ccdf.jpg"
"https://www.hepsiemlak.com/manisa-yunusemre-akgedik-kiralik/daire/95753-2298","1 / 34","24.000","25/07/2026","Manisa Muradiye 1+1 Havuzlu  Site İçi Ara Kat Sıfır Eşyalı","Kiralık Daire","1 + 1","60 m²","Sıfır Bina","2. Kat","Manisa / Yunusemre / Akgedik Mah.","WhatsApp","https://www.hepsiemlak.com/_nuxt/8cafc93fb5c74c75e9e04e528e02ccdf.jpg","Epa Rüzgar Gayrimenkul","https://www.hepsiemlak.com/_nuxt/8cafc93fb5c74c75e9e04e528e02ccdf.jpg"
"https://www.hepsiemlak.com/manisa-sehzadeler-mimar-sinan-kiralik/daire/124110-678","1 / 26","23.000","30/07/2026","Manisa Şehzadeler Mimar Sinan Mahallesi 3+1 Kiralık Daire","Kiralık Daire","3 + 1","100 m²","30 Yaşında","Ara Kat","Manisa / Şehzadeler / Mimar Sinan Mah.","WhatsApp","https://www.hepsiemlak.com/_nuxt/8cafc93fb5c74c75e9e04e528e02ccdf.jpg","Özbek Gayrimenkul","https://www.hepsiemlak.com/_nuxt/8cafc93fb5c74c75e9e04e528e02ccdf.jpg"
"https://www.hepsiemlak.com/manisa-akhisar-ataturk-kiralik/daire/94137-1522","1 / 20","18.000","25/08/2026","Akhisar Atatürk Mahallesi'nde 2+1 Kiralık Daire","Kiralık Daire","2 + 1","95 m²","10 Yaşında","1. Kat","Manisa / Akhisar / Atatürk Mah.","WhatsApp","https://www.hepsiemlak.com/_nuxt/8cafc93fb5c74c75e9e04e528e02ccdf.jpg","",""
"https://www.hepsiemlak.com/manisa-akhisar-hurriyet-kiralik/daire/99347-216","1 / 18","24.000","06/09/2026","Hürriyet Mahallesi İlçe Jandarma Yakını 2+1 105 M2 Kiralık Daire","Kiralık Daire","2 + 1","105 m²","Sıfır Bina","3. Kat","Manisa / Akhisar / Hürriyet Mah.","WhatsApp","https://www.hepsiemlak.com/_nuxt/8cafc93fb5c74c75e9e04e528e02ccdf.jpg","Akgün Emlak","https://www.hepsiemlak.com/_nuxt/8cafc93fb5c74c75e9e04e528e02ccdf.jpg"
"https://www.hepsiemlak.com/manisa-akhisar-ragip-bey-kiralik/daire/143910-319","1 / 22","29.000","01/09/2026","3 Adam Emlak'tan Ragıpbey Mh Geniş 1+1 Eşyalı Kiralık Daire","Kiralık Daire","1 + 1","77 m²","21 Yaşında","1. Kat","Manisa / Akhisar / Ragıp Bey Mah.","WhatsApp","https://www.hepsiemlak.com/_nuxt/8cafc93fb5c74c75e9e04e528e02ccdf.jpg","3 Adam Gayrimenkul","https://www.hepsiemlak.com/_nuxt/8cafc93fb5c74c75e9e04e528e02ccdf.jpg"
"https://www.hepsiemlak.com/manisa-akhisar-ragip-bey-kiralik/daire/144740-360","1 / 27","16.250","24/07/2026","Akhisar Ragıpbey Fahri Sertel Emlaktan Kiralık 3+1 Daire","Kiralık Daire","3 + 0","130 m²","31 Yaşında","3. Kat","Manisa / Akhisar / Ragıp Bey Mah.","WhatsApp","https://www.hepsiemlak.com/_nuxt/8cafc93fb5c74c75e9e04e528e02ccdf.jpg","Fahri Sertel Emlak","https://www.hepsiemlak.com/_nuxt/8cafc93fb5c74c75e9e04e528e02ccdf.jpg"
"https://www.hepsiemlak.com/manisa-yunusemre-topcuasim-kiralik/daire/146843-105","1 / 31","26.000","13/08/2026","Karaköy'de Saruhanbey Okul Karşısı 3+1 Önü Açık Kiralık Daire","Kiralık Daire","3 + 1","115 m²","21 Yaşında","4. Kat","Manisa / Yunusemre / Topçuasım Mah.","WhatsApp","https://www.hepsiemlak.com/_nuxt/8cafc93fb5c74c75e9e04e528e02ccdf.jpg","Nova Gayrimenkul","https://www.hepsiemlak.com/_nuxt/8cafc93fb5c74c75e9e04e528e02ccdf.jpg"
"https://www.hepsiemlak.com/manisa-turgutlu-yeni-kiralik/daire/141770-179","1 / 44","21.000","28/08/2026","Turgutlu Yeni Mahallede Kiralık Temiz Eşyalı Stüdyo Daire","Kiralık Daire","1 + 1","45 m²","5 Yaşında","2. Kat","Manisa / Turgutlu / Yeni Mah.","WhatsApp","https://www.hepsiemlak.com/_nuxt/8cafc93fb5c74c75e9e04e528e02ccdf.jpg","Rota Bostanlı Gayrimenkul","https://www.hepsiemlak.com/_nuxt/8cafc93fb5c74c75e9e04e528e02ccdf.jpg"
"https://www.hepsiemlak.com/manisa-yunusemre-muradiye-kiralik/daire/168844-8","1 / 23","23.500","08/09/2026","Villalar Bölgesinin En Geniş 1+1 Dairesi Eşyalı Havuzlu","Kiralık Daire","1 + 1","88 m²","5 Yaşında","Bahçe Katı","Manisa / Yunusemre / Muradiye Mah.","WhatsApp","https://www.hepsiemlak.com/_nuxt/8cafc93fb5c74c75e9e04e528e02ccdf.jpg","Kav Gayrimenkul",""
"https://www.hepsiemlak.com/manisa-turgutlu-selvilitepe-kiralik/daire/163190-55","1 / 35","42.000","17/07/2026","Evren Emlak Kiralık 5+1 Süper Lüks Dublex Daire","Kiralık Daire","5 + 1","260 m²","Sıfır Bina","5. Kat","Manisa / Turgutlu / Selvilitepe Mah.","WhatsApp","https://www.hepsiemlak.com/_nuxt/8cafc93fb5c74c75e9e04e528e02ccdf.jpg","Evren İnşaat Gayrimenkul","https://www.hepsiemlak.com/img/loadings/noImage55-55.png"
"https://www.hepsiemlak.com/manisa-yunusemre-muradiye-kiralik/daire/164466-10","1 / 22","20.000","17/06/2026","Manisa Yunusemre Muradiye De Kiralık Sıfır Full Özellikli 2+1 Açık Mutfaklı Son Kat","Kiralık Daire","2 + 1","70 m²","Sıfır Bina","4. Kat","Manisa / Yunusemre / Muradiye Mah.","WhatsApp","https://www.hepsiemlak.com/_nuxt/8cafc93fb5c74c75e9e04e528e02ccdf.jpg","Bahadır Emlak","https://www.hepsiemlak.com/_nuxt/8cafc93fb5c74c75e9e04e528e02ccdf.jpg"
"https://www.hepsiemlak.com/manisa-yunusemre-yeni-mahalle-kiralik/daire/170431-18","1 / 10","39.000","01/09/2026","Açık Mutfak 2+1 Yeni Mahalle' De Kiralık Daire","Kiralık Daire","2 + 1","100 m²","2 Yaşında","2. Kat","Manisa / Yunusemre / Yeni Mahalle Mah.","WhatsApp","https://www.hepsiemlak.com/_nuxt/8cafc93fb5c74c75e9e04e528e02ccdf.jpg","Riva Manisa Gayrimenkul","https://www.hepsiemlak.com/_nuxt/8cafc93fb5c74c75e9e04e528e02ccdf.jpg"
"https://www.hepsiemlak.com/manisa-yunusemre-barbaros-kiralik/daire/162376-188","1 / 15","18.000","28/08/2026","Barbaros Mah 2+1 Kiralık Daire","Kiralık Daire","2 + 1","85 m²","16 Yaşında","3. Kat","Manisa / Yunusemre / Barbaros Mah.","WhatsApp","https://www.hepsiemlak.com/_nuxt/8cafc93fb5c74c75e9e04e528e02ccdf.jpg","Hd Gayrimenkul","https://www.hepsiemlak.com/_nuxt/8cafc93fb5c74c75e9e04e528e02ccdf.jpg"
"https://www.hepsiemlak.com/manisa-yunusemre-muradiye-kiralik/daire/164179-154","1 / 26","20.000","01/09/2026","Manisa Muradiye Aksakallar Sitesinde Kiralık 1+1 Daire!","Kiralık Daire","1 + 1","50 m²","Sıfır Bina","1. Kat","Manisa / Yunusemre / Muradiye Mah.","WhatsApp","https://www.hepsiemlak.com/_nuxt/8cafc93fb5c74c75e9e04e528e02ccdf.jpg","Sel Emlak","https://www.hepsiemlak.com/_nuxt/8cafc93fb5c74c75e9e04e528e02ccdf.jpg"
"https://www.hepsiemlak.com/manisa-salihli-gunes-kiralik/daire/37897-2665","1 / 16","17.000","09/09/2026","Salihli Cin Emlak'tan Güneş Mah Avar Cad Üzerinde Kiralık 2+0 Daire","Kiralık Daire","1 + 1","50 m²","15 Yaşında","1. Kat","Manisa / Salihli / Güneş Mah.","WhatsApp","https://www.hepsiemlak.com/_nuxt/8cafc93fb5c74c75e9e04e528e02ccdf.jpg","Cin Emlak","https://www.hepsiemlak.com/_nuxt/8cafc93fb5c74c75e9e04e528e02ccdf.jpg"
"https://www.hepsiemlak.com/manisa-akhisar-resat-bey-kiralik/daire/94137-1468","1 / 19","20.000","29/08/2026","Akhisar Reşatbey Mahallesi'nde 3+1 Kiralık Daire","Kiralık Daire","3 + 1","125 m²","10 Yaşında","2. Kat","Manisa / Akhisar / Reşat Bey Mah.","WhatsApp","https://www.hepsiemlak.com/_nuxt/8cafc93fb5c74c75e9e04e528e02ccdf.jpg","",""
"https://www.hepsiemlak.com/manisa-salihli-eski-cami-kiralik/daire/146867-31","1 / 24","32.500","17/08/2026","Merkezde Kiralık Çok Geniş Daire","Kiralık Daire","3 + 1","160 m²","11 Yaşında","3. Kat","Manisa / Salihli / Eski Cami Mah.","WhatsApp","https://www.hepsiemlak.com/_nuxt/8cafc93fb5c74c75e9e04e528e02ccdf.jpg","",""
"https://www.hepsiemlak.com/manisa-turgutlu-ergenekon-kiralik/daire/137655-350","1 / 24","30.000","12/08/2026","Ergenekon Mahallesi Kiralık Daire","Kiralık Daire","3 + 1","155 m²","6 Yaşında","2. Kat","Manisa / Turgutlu / Ergenekon Mah.","WhatsApp","https://www.hepsiemlak.com/_nuxt/8cafc93fb5c74c75e9e04e528e02ccdf.jpg","",""
"https://www.hepsiemlak.com/manisa-turgutlu-selvilitepe-kiralik/daire/166851-29","1 / 16","36.000","11/07/2026","Life City Sitesinde Eşyalı Kiralık Daire","Kiralık Daire","2 + 1","95 m²","4 Yaşında","6. Kat","Manisa / Turgutlu / Selvilitepe Mah.","WhatsApp","https://www.hepsiemlak.com/_nuxt/8cafc93fb5c74c75e9e04e528e02ccdf.jpg","Century 21 Elit Turgutlu","https://www.hepsiemlak.com/_nuxt/8cafc93fb5c74c75e9e04e528e02ccdf.jpg"
"https://www.hepsiemlak.com/manisa-turgutlu-yeni-kiralik/daire/141770-159","1 / 60","21.000","11/07/2026","Turgutlu Yeni Mahalle’de 1+0 Kiralık Temiz Eşyalı Daire","Kiralık Daire","1 + 1","45 m²","5 Yaşında","Ara Kat","Manisa / Turgutlu / Yeni Mah.","WhatsApp","https://hecdnnw.hemlak.com/mncropresize/77/67/logo/0/7/7/1/4/1/04d32387-118c-4827-b1b1-0146491c13c2.jpg","Rota Bostanlı Gayrimenkul",""
"https://www.hepsiemlak.com/manisa-yunusemre-cumhuriyet-kiralik/daire/0-47209915","1 / 8","19.000","05/09/2026","Kiralik 2+1 Daire 85 M2","Kiralık Daire","2 + 1","85 m²","15 Yaşında","Yüksek Giriş","Manisa / Yunusemre / Cumhuriyet Mah.","WhatsApp","","",""
"https://www.hepsiemlak.com/manisa-yunusemre-karaali-kiralik/daire/31220-11146","1 / 34","50.000","28/07/2026","Noran Style Sitesinde Kiralık 2+1 Manisa Karaali","Kiralık Daire","2 + 1","105 m²","4 Yaşında","2. Kat","Manisa / Yunusemre / Karaali Mah.","WhatsApp","https://hecdnnw.hemlak.com/mncropresize/77/67/logo/0/2/2/1/3/0/9d5f9d5b-1b38-4d3e-95fa-f8581a33ad55.jpg","Kw Alesta-viya-orsa 1",""
"https://www.hepsiemlak.com/manisa-saruhanli-ataturk-kiralik/daire/90814-466","1 / 34","13.500","26/08/2026","1+1 Kiralık Doğalgazlı Daire","Kiralık Daire","1 + 1","60 m²","Sıfır Bina","Zemin","Manisa / Saruhanlı / Atatürk Mah.","WhatsApp","https://hecdn01.hemlak.com/mncropresize/182/137/ds01/7/0/5/4/0/6/5/4/1763365981-89031-45604507.jpeg","",""
"https://www.hepsiemlak.com/manisa-akhisar-resat-bey-kiralik/daire/115104-381","1 / 12","13.500","02/09/2026","Akhisar Gürbüz Emlak Tan Reşatbey Mahallesi Millet Cami Yakını 4.Kat Doğalgazlı Kiralık Daire","Kiralık Daire","3 + 0","127 m²","35 Yaşında","En Üst Kat","Manisa / Akhisar / Reşat Bey Mah.","WhatsApp","https://www.hepsiemlak.com/_nuxt/8cafc93fb5c74c75e9e04e528e02ccdf.jpg","",""
"https://www.hepsiemlak.com/manisa-yunusemre-uncubozkoy-kiralik/daire/170431-16","1 / 10","27.000","01/09/2026","Meydan Karşısında 2+0 Eşyasız Kiralık Dairemiz","Kiralık Daire","1 + 1","55 m²","11 Yaşında","2. Kat","Manisa / Yunusemre / Uncubozköy Mah.","WhatsApp","https://www.hepsiemlak.com/_nuxt/8cafc93fb5c74c75e9e04e528e02ccdf.jpg","Riva Manisa Gayrimenkul","https://www.hepsiemlak.com/_nuxt/8cafc93fb5c74c75e9e04e528e02ccdf.jpg"
"https://www.hepsiemlak.com/manisa-akhisar-ataturk-kiralik/daire/99347-224","1 / 15","20.000","25/08/2026","Gölet Mevkiinde Aktaş Fırın Yakını 3+1 125 M2 Doğalgazlı Daire","Kiralık Daire","3 + 1","125 m²","16 Yaşında","3. Kat","Manisa / Akhisar / Atatürk Mah.","WhatsApp","https://www.hepsiemlak.com/_nuxt/8cafc93fb5c74c75e9e04e528e02ccdf.jpg","Akgün Emlak","https://www.hepsiemlak.com/_nuxt/8cafc93fb5c74c75e9e04e528e02ccdf.jpg"
"https://www.hepsiemlak.com/manisa-saruhanli-cengiz-topel-kiralik/daire/165180-116","1 / 9","15.000","12/08/2026","Saruhanlı Cengiztopel Mah Kiralık Eşyalı- Eşyasız Kiralık 1+1","Kiralık Daire","1 + 1","55 m²","1 Yaşında","4. Kat","Manisa / Saruhanlı / Cengiz Topel Mah.","WhatsApp","https://www.hepsiemlak.com/_nuxt/8cafc93fb5c74c75e9e04e528e02ccdf.jpg","Aykut Gayrimenkul","https://www.hepsiemlak.com/img/loadings/noImage55-55.png"
"https://www.hepsiemlak.com/manisa-yunusemre-muradiye-kiralik/daire/162105-48","1 / 9","22.000","10/08/2026","Muradiye Karaali'de Eşyalı 1+1 Kiralık Daire","Kiralık Daire","1 + 1","70 m²","6 Yaşında","1. Kat","Manisa / Yunusemre / Muradiye Mah.","WhatsApp","https://www.hepsiemlak.com/_nuxt/8cafc93fb5c74c75e9e04e528e02ccdf.jpg","Nar Realty","https://www.hepsiemlak.com/_nuxt/8cafc93fb5c74c75e9e04e528e02ccdf.jpg"
"https://www.hepsiemlak.com/manisa-sehzadeler-yarhasanlar-kiralik/daire/162376-189","1 / 14","20.000","24/08/2026","Yarhasanlar Mahallesi Kiralık","Kiralık Daire","3 + 1","130 m²","16 Yaşında","4. Kat","Manisa / Şehzadeler / Yarhasanlar Mah.","WhatsApp","https://www.hepsiemlak.com/_nuxt/8cafc93fb5c74c75e9e04e528e02ccdf.jpg","Hd Gayrimenkul","https://www.hepsiemlak.com/_nuxt/8cafc93fb5c74c75e9e04e528e02ccdf.jpg"
"https://www.hepsiemlak.com/manisa-turgutlu-cumhuriyet-kiralik/daire/164247-247","1 / 19","15.500","08/08/2026","Cumhuriyette Kervanyolu Üzerinde Kiralık 3+1 Daire","Kiralık Daire","3 + 1","125 m²","26 Yaşında","4. Kat","Manisa / Turgutlu / Cumhuriyet Mah.","WhatsApp","https://www.hepsiemlak.com/_nuxt/8cafc93fb5c74c75e9e04e528e02ccdf.jpg","Güler Emlak","https://www.hepsiemlak.com/_nuxt/8cafc93fb5c74c75e9e04e528e02ccdf.jpg"
"https://www.hepsiemlak.com/manisa-akhisar-medar-kiralik/villa/162406-467","1 / 33","37.000","10/09/2026","Mustafa Başyiğit Emlak'tan Kiralık Medar'da Villa","Kiralık Villa","4 + 1","250 m²","11 Yaşında","","Manisa / Akhisar / Medar Mah.","WhatsApp","https://www.hepsiemlak.com/_nuxt/8cafc93fb5c74c75e9e04e528e02ccdf.jpg","Mustafa Başyiğit Emlak","https://www.hepsiemlak.com/_nuxt/8cafc93fb5c74c75e9e04e528e02ccdf.jpg"
"https://www.hepsiemlak.com/manisa-akhisar-inonu-kiralik/daire/86919-797","1 / 34","35.000","13/07/2026","İnönü Cadde Üzeri Asansörlü 5+1 220 M2 Dubleks Daire","Kiralık Daire","5 + 1","220 m²","16 Yaşında","4. Kat","Manisa / Akhisar / İnönü Mah.","WhatsApp","https://www.hepsiemlak.com/_nuxt/8cafc93fb5c74c75e9e04e528e02ccdf.jpg","Mkm Yatırım Gayrimenkul","https://www.hepsiemlak.com/_nuxt/8cafc93fb5c74c75e9e04e528e02ccdf.jpg"
"https://www.hepsiemlak.com/manisa-akhisar-ulu-camii-kiralik/daire/94137-1495","1 / 16","18.000","12/08/2026","Akhisar Ulucami Mahallesi'nde 2+1 Kiralık Daire","Kiralık Daire","2 + 1","95 m²","10 Yaşında","1. Kat","Manisa / Akhisar / Ulu Camii Mah.","WhatsApp","https://www.hepsiemlak.com/_nuxt/8cafc93fb5c74c75e9e04e528e02ccdf.jpg","",""
"https://www.hepsiemlak.com/manisa-saruhanli-cengiz-topel-kiralik/daire/90814-448","1 / 33","20.000","04/09/2026","Hükümet Caddesi Üzerinde Kiralık 2 Oda 1 Salon Kapalı Mutfak Doğalgazlı","Kiralık Daire","2 + 1","116 m²","Sıfır Bina","4. Kat","Manisa / Saruhanlı / Cengiz Topel Mah.","WhatsApp","https://www.hepsiemlak.com/_nuxt/8cafc93fb5c74c75e9e04e528e02ccdf.jpg","",""
"https://www.hepsiemlak.com/manisa-sehzadeler-ege-kiralik/daire/74020-982","1 / 10","20.000","16/06/2026","Baraka Gayrimenkul’den Ege Mah Tadilatlı 2+1 Daire","Kiralık Daire","2 + 1","85 m²","25 Yaşında","Yüksek Giriş","Manisa / Şehzadeler / Ege Mah.","WhatsApp","https://www.hepsiemlak.com/_nuxt/8cafc93fb5c74c75e9e04e528e02ccdf.jpg","",""
"https://www.hepsiemlak.com/manisa-yunusemre-muradiye-kiralik/daire/164466-9","1 / 11","17.000","17/06/2026","Manisa Yunusemre Muradiye De Kiralık 1+1 Arakat Sıfır Full Özellikli Daire 17000 Tl","Kiralık Daire","1 + 1","55 m²","Sıfır Bina","3. Kat","Manisa / Yunusemre / Muradiye Mah.","WhatsApp","https://www.hepsiemlak.com/_nuxt/8cafc93fb5c74c75e9e04e528e02ccdf.jpg","Bahadır Emlak","https://www.hepsiemlak.com/_nuxt/8cafc93fb5c74c75e9e04e528e02ccdf.jpg"
"https://www.hepsiemlak.com/manisa-alasehir-kurtulus-kiralik/daire/161514-54","1 / 22","28.000","27/08/2026","Kurtuluş Mah. Büyük Site İçerisinde Kiralık 3+1 Daire","Kiralık Daire","3 + 1","160 m²","5 Yaşında","2. Kat","Manisa / Alaşehir / Kurtuluş Mah.","WhatsApp","https://www.hepsiemlak.com/_nuxt/8cafc93fb5c74c75e9e04e528e02ccdf.jpg","Alaşehir Efe Gayrimenkul","https://www.hepsiemlak.com/_nuxt/8cafc93fb5c74c75e9e04e528e02ccdf.jpg"
"https://www.hepsiemlak.com/manisa-turgutlu-ergenekon-kiralik/daire/158463-310","1 / 15","30.000","08/08/2026","Bülent Çoban'dan Ergenekon Mahallesinde Kiralik 2+1 Sıfır Daire","Kiralık Daire","2 + 1","105 m²","Sıfır Bina","6. Kat","Manisa / Turgutlu / Ergenekon Mah.","WhatsApp","https://www.hepsiemlak.com/_nuxt/8cafc93fb5c74c75e9e04e528e02ccdf.jpg","Startkey Star","https://www.hepsiemlak.com/img/loadings/noImage55-55.png"
"https://www.hepsiemlak.com/manisa-yunusemre-muradiye-kiralik/daire/168770-66","1 / 33","20.000","06/08/2026","Lofça Gayrimenkulden Muradiye Mah 2+1 Otoparklı Yüksek Zemın","Kiralık Daire","2 + 1","80 m²","4 Yaşında","Yüksek Giriş","Manisa / Yunusemre / Muradiye Mah.","WhatsApp","https://www.hepsiemlak.com/_nuxt/8cafc93fb5c74c75e9e04e528e02ccdf.jpg","",""
"https://www.hepsiemlak.com/manisa-salihli-yoruk-kiralik/daire/57265-97","1 / 34","30.000","28/08/2026","Salihli'de Kiralık Daire","Kiralık Daire","3 + 1","180 m²","15 Yaşında","4. Kat","Manisa / Salihli / Yörük Mah.","WhatsApp","https://www.hepsiemlak.com/_nuxt/8cafc93fb5c74c75e9e04e528e02ccdf.jpg","",""
"https://www.hepsiemlak.com/manisa-turgutlu-cumhuriyet-kiralik/daire/164247-197","1 / 19","15.500","24/07/2026","Cumhuriyette Kervanyolu Üzerinde Kiralık 3+1 Daire","Kiralık Daire","3 + 1","125 m²","26 Yaşında","4. Kat","Manisa / Turgutlu / Cumhuriyet Mah.","WhatsApp","https://www.hepsiemlak.com/_nuxt/8cafc93fb5c74c75e9e04e528e02ccdf.jpg","Güler Emlak","https://www.hepsiemlak.com/_nuxt/8cafc93fb5c74c75e9e04e528e02ccdf.jpg"
"https://www.hepsiemlak.com/manisa-sehzadeler-carsi-kiralik/daire/164179-155","1 / 10","25.000","09/09/2026","Şehzadeler Çarşı Mah. 2+1 Eşyalı Daire","Kiralık Daire","2 + 1","80 m²","26 Yaşında","Yüksek Giriş","Manisa / Şehzadeler / Çarşı Mah.","WhatsApp","https://www.hepsiemlak.com/_nuxt/8cafc93fb5c74c75e9e04e528e02ccdf.jpg","Sel Emlak","https://www.hepsiemlak.com/_nuxt/8cafc93fb5c74c75e9e04e528e02ccdf.jpg"
"https://www.hepsiemlak.com/manisa-turgutlu-selvilitepe-kiralik/daire/166913-38","1 / 3","30.000","07/09/2026","Arkadaş Emlaktan Mirnas 1+1 Havuz Cepheli Kiralık Daire","Kiralık Daire","1 + 1","67 m²","Sıfır Bina","1. Kat","Manisa / Turgutlu / Selvilitepe Mah.","WhatsApp","https://www.hepsiemlak.com/_nuxt/8cafc93fb5c74c75e9e04e528e02ccdf.jpg","Arkadaş Emlak",""
"https://www.hepsiemlak.com/manisa-sehzadeler-yarhasanlar-kiralik/daire/161221-202","1 / 18","25.000","29/08/2026","Beyazkule Den Yarhasanlar Mah. 3+1 Yeni Tadilatlı Kiralık Daire","Kiralık Daire","3 + 1","125 m²","21 Yaşında","5. Kat","Manisa / Şehzadeler / Yarhasanlar Mah.","WhatsApp","https://hecdnnw.hemlak.com/mncropresize/77/67/logo/1/2/2/1/6/1/aced4dca-ff04-40d7-852d-9f55058f2960.jpg","Beyaz Kule Gayrimenkul",""
"https://www.hepsiemlak.com/manisa-turgutlu-altay-kiralik/daire/165789-73","1 / 11","20.000","25/08/2026","Altay Mahallesinde Geniş 160m2 3+1 Kiralık Daire","Kiralık Daire","3 + 1","160 m²","6 Yaşında","4. Kat","Manisa / Turgutlu / Altay Mah.","WhatsApp","https://hecdnnw.hemlak.com/mncropresize/77/67/logo/9/8/7/5/6/1/9ded28cd-6b8d-4dfb-84df-bc40c0a1eca4.jpg","Koçoğlu Gayrimenkul",""
"https://www.hepsiemlak.com/manisa-yunusemre-muradiye-kiralik/daire/163565-509","1 / 22","23.000","23/07/2026","Emir Grup'tan Muradiye'de Cadde Üzerinde 3+1 Arakat Daire","Kiralık Daire","3 + 1","125 m²","6 Yaşında","3. Kat","Manisa / Yunusemre / Muradiye Mah.","WhatsApp","https://hecdnnw.hemlak.com/mncropresize/77/67/logo/5/6/5/3/6/1/e6051709-7d58-47e7-a669-1017abbece0f.jpg","Emir Grup Muradiye",""
"https://www.hepsiemlak.com/manisa-alasehir-kurtulus-kiralik/daire/161514-46","1 / 31","42.000","30/07/2026","Prestij Rezidansta C Blokta Kiralık 3+1 Daire","Kiralık Daire","3 + 1","204 m²","5 Yaşında","9. Kat","Manisa / Alaşehir / Kurtuluş Mah.","WhatsApp","https://hecdn01.hemlak.com/mncropresize/182/137/ds01/8/5/6/6/8/9/6/4/719c5bb2-326a-4eeb-9122-5b3e4b7d6439.jpg","Alaşehir Efe Gayrimenkul","https://hecdnnw.hemlak.com/mncropresize/77/67/logo/4/1/5/1/6/1/e7cc08af-fe57-4808-b885-8151988edc15.jpg"
"https://www.hepsiemlak.com/manisa-akhisar-ulu-camii-kiralik/daire/165672-158","1 / 18","17.500","09/09/2026","Ulucami Mahallesi Yeni Garaj Yakını 2+1 100 M2 Kiralık Daire","Kiralık Daire","2 + 1","100 m²","Sıfır Bina","1. Kat","Manisa / Akhisar / Ulu Camii Mah.","WhatsApp","https://www.hepsiemlak.com/_nuxt/8cafc93fb5c74c75e9e04e528e02ccdf.jpg","Mutlu Yatırım & Gayrimenkul","https://www.hepsiemlak.com/_nuxt/8cafc93fb5c74c75e9e04e528e02ccdf.jpg"
"https://www.hepsiemlak.com/manisa-akhisar-hurriyet-kiralik/daire/94123-2902","1 / 44","41.500","11/08/2026","Borsa Yolu Üzeri Site İçinde Kiralık 3+1 Geniş Dubleks","Kiralık Daire","3 + 1","155 m²","Sıfır Bina","3. Kat","Manisa / Akhisar / Hürriyet Mah.","WhatsApp","https://www.hepsiemlak.com/_nuxt/8cafc93fb5c74c75e9e04e528e02ccdf.jpg","",""
"https://www.hepsiemlak.com/manisa-turgutlu-cumhuriyet-kiralik/daire/163190-80","1 / 8","35.000","13/08/2026","Önü Açık Heykellere Bakan Kiralık Sıfır Daire","Kiralık Daire","2 + 1","85 m²","Sıfır Bina","3. Kat","Manisa / Turgutlu / Cumhuriyet Mah.","WhatsApp","https://www.hepsiemlak.com/_nuxt/8cafc93fb5c74c75e9e04e528e02ccdf.jpg","Evren İnşaat Gayrimenkul","https://www.hepsiemlak.com/img/loadings/noImage55-55.png"
"https://www.hepsiemlak.com/manisa-turgutlu-sehitler-kiralik/daire/0-47061599","1 / 19","20.000","04/08/2026","Sahibinden Kiralık","Kiralık Daire","3 + 1","135 m²","18 Yaşında","4. Kat","Manisa / Turgutlu / Şehitler Mah.","WhatsApp","https://www.hepsiemlak.com/_nuxt/8cafc93fb5c74c75e9e04e528e02ccdf.jpg","",""
"https://www.hepsiemlak.com/manisa-turgutlu-sehitler-kiralik/daire/164007-102","1 / 15","23.000","25/08/2026","Manisa Turgutlu Şehitler M Kiralık 2+1 Asansörlü Daire","Kiralık Daire","2 + 1","110 m²","3 Yaşında","3. Kat","Manisa / Turgutlu / Şehitler Mah.","WhatsApp","https://www.hepsiemlak.com/_nuxt/8cafc93fb5c74c75e9e04e528e02ccdf.jpg","Rota Emlak",""
"https://www.hepsiemlak.com/manisa-akhisar-seyit-ahmet-kiralik/daire/168888-34","1 / 14","18.000","09/09/2026","Benim Emlaktan Seyitahmet Mahallesinde Kiralık Daire","Kiralık Daire","2 + 1","100 m²","Sıfır Bina","1. Kat","Manisa / Akhisar / Seyit Ahmet Mah.","WhatsApp","https://www.hepsiemlak.com/_nuxt/8cafc93fb5c74c75e9e04e528e02ccdf.jpg","Benim Emlak",""
"https://www.hepsiemlak.com/manisa-yunusemre-muradiye-kiralik/daire/159142-209","1 / 31","21.000","23/08/2026","Aras Yapı'dan Muradiye De Ara Kat Kiralık 3+1 Geniş Daire","Kiralık Daire","3 + 1","140 m²","6 Yaşında","2. Kat","Manisa / Yunusemre / Muradiye Mah.","WhatsApp","https://www.hepsiemlak.com/_nuxt/8cafc93fb5c74c75e9e04e528e02ccdf.jpg","",""
"https://www.hepsiemlak.com/manisa-sehzadeler-yarhasanlar-kiralik/daire/161221-200","1 / 15","20.000","29/08/2026","Beyazkule Den Yarhasanlar Mah. 2+1 Kiralık Daire","Kiralık Daire","2 + 1","90 m²","26 Yaşında","1. Kat","Manisa / Şehzadeler / Yarhasanlar Mah.","WhatsApp","https://www.hepsiemlak.com/_nuxt/8cafc93fb5c74c75e9e04e528e02ccdf.jpg","Beyaz Kule Gayrimenkul","https://www.hepsiemlak.com/_nuxt/8cafc93fb5c74c75e9e04e528e02ccdf.jpg"
"https://www.hepsiemlak.com/manisa-yunusemre-muradiye-kiralik/daire/46068-7668","1 / 11","18.000","07/09/2026","Emlak Center'dan Muradiye 23 Nisan Parkı Civ. 2+1 Kiralık Daire","Kiralık Daire","2 + 1","85 m²","6 Yaşında","2. Kat","Manisa / Yunusemre / Muradiye Mah.","WhatsApp","https://www.hepsiemlak.com/_nuxt/8cafc93fb5c74c75e9e04e528e02ccdf.jpg","Emlak Center","https://www.hepsiemlak.com/_nuxt/8cafc93fb5c74c75e9e04e528e02ccdf.jpg"
"https://www.hepsiemlak.com/manisa-yunusemre-muradiye-kiralik/daire/0-47004231","1 / 14","27.000","24/07/2026","Cbu Toki Sahibinden Arakat 2+1 Daire","Kiralık Daire","2 + 1","96 m²","7 Yaşında","3. Kat","Manisa / Yunusemre / Muradiye Mah.","WhatsApp","https://www.hepsiemlak.com/_nuxt/8cafc93fb5c74c75e9e04e528e02ccdf.jpg","",""
"https://www.hepsiemlak.com/manisa-yunusemre-muradiye-kiralik/daire/164179-158","1 / 9","17.000","07/09/2026","Sel Emlak'tan 2+1 Açık Mutfak Yüksek Zemin Kiralık Daire","Kiralık Daire","2 + 1","43 m²","Sıfır Bina","1. Kat","Manisa / Yunusemre / Muradiye Mah.","WhatsApp","https://www.hepsiemlak.com/_nuxt/8cafc93fb5c74c75e9e04e528e02ccdf.jpg","Sel Emlak","https://www.hepsiemlak.com/_nuxt/8cafc93fb5c74c75e9e04e528e02ccdf.jpg"
"https://www.hepsiemlak.com/manisa-akhisar-efendi-kiralik/daire/86919-612","1 / 25","20.000","13/08/2026","Nur Camii Karşısında Arakat Bakımlı 120 M2 Kiralık 3+1 Daire","Kiralık Daire","3 + 1","120 m²","6 Yaşında","2. Kat","Manisa / Akhisar / Efendi Mah.","WhatsApp","https://www.hepsiemlak.com/_nuxt/8cafc93fb5c74c75e9e04e528e02ccdf.jpg","Mkm Yatırım Gayrimenkul","https://www.hepsiemlak.com/_nuxt/8cafc93fb5c74c75e9e04e528e02ccdf.jpg"
"https://www.hepsiemlak.com/manisa-yunusemre-muradiye-kiralik/daire/163401-50","1 / 4","17.000","02/09/2026","Dede Emlak'tan Muradiyede Eşyalı Kiralık Arakat Daire","Kiralık Daire","1 + 1","55 m²","Sıfır Bina","2. Kat","Manisa / Yunusemre / Muradiye Mah.","WhatsApp","https://www.hepsiemlak.com/_nuxt/8cafc93fb5c74c75e9e04e528e02ccdf.jpg","",""
"https://www.hepsiemlak.com/manisa-alasehir-kurtulus-kiralik/daire/161514-42","1 / 35","29.000","23/07/2026","Kurtuluş Mah. Büyük Site İçerisinde Kiralık 3+1 Daire","Kiralık Daire","3 + 1","160 m²","5 Yaşında","2. Kat","Manisa / Alaşehir / Kurtuluş Mah.","WhatsApp","https://www.hepsiemlak.com/_nuxt/8cafc93fb5c74c75e9e04e528e02ccdf.jpg","Alaşehir Efe Gayrimenkul","https://www.hepsiemlak.com/_nuxt/8cafc93fb5c74c75e9e04e528e02ccdf.jpg"
"https://www.hepsiemlak.com/manisa-yunusemre-muradiye-kiralik/daire/163565-483","1 / 18","18.000","28/08/2026","Emir Grup'tan Muradiye Mahallesinde 1+1 Havuzlu Kiralık Daire","Kiralık Daire","1 + 1","65 m²","Sıfır Bina","3. Kat","Manisa / Yunusemre / Muradiye Mah.","WhatsApp","https://www.hepsiemlak.com/_nuxt/8cafc93fb5c74c75e9e04e528e02ccdf.jpg","Emir Grup Muradiye","https://www.hepsiemlak.com/_nuxt/8cafc93fb5c74c75e9e04e528e02ccdf.jpg"
"https://www.hepsiemlak.com/manisa-akhisar-resat-bey-kiralik/daire/165672-148","1 / 17","18.500","08/09/2026","Reşatbey Mh. Yırcalı Anaokulu Yakını 2+1-100 M² Kiralık Daire","Kiralık Daire","2 + 1","105 m²","Sıfır Bina","1. Kat","Manisa / Akhisar / Reşat Bey Mah.","WhatsApp","https://www.hepsiemlak.com/_nuxt/8cafc93fb5c74c75e9e04e528e02ccdf.jpg","Mutlu Yatırım & Gayrimenkul","https://www.hepsiemlak.com/_nuxt/8cafc93fb5c74c75e9e04e528e02ccdf.jpg"
"https://www.hepsiemlak.com/manisa-akhisar-kethuda-kiralik/daire/94137-1280","1 / 36","20.000","21/08/2026","Akhisar Kethüda Mahallesi'nde 3+1 Kiralık Daire","Kiralık Daire","3 + 1","140 m²","6 Yaşında","2. Kat","Manisa / Akhisar / Kethüda Mah.","WhatsApp","https://www.hepsiemlak.com/_nuxt/8cafc93fb5c74c75e9e04e528e02ccdf.jpg","",""
"https://www.hepsiemlak.com/manisa-alasehir-fatih-kiralik/daire/155862-74","1 / 8","18.000","21/08/2026","Garanti Emlaktan 1+1 Eşyalı Kiralık Daire","Kiralık Daire","1 + 1","40 m²","Sıfır Bina","3. Kat","Manisa / Alaşehir / Fatih Mah.","WhatsApp","https://www.hepsiemlak.com/_nuxt/8cafc93fb5c74c75e9e04e528e02ccdf.jpg","",""
"https://www.hepsiemlak.com/manisa-alasehir-istasyon-kiralik/daire/0-47044988","1 / 13","20.000","06/09/2026","Sahibinden 2+1 Doğalgazlı Eşyalı Daire","Kiralık Daire","2 + 1","80 m²","7 Yaşında","2. Kat","Manisa / Alaşehir / İstasyon Mah.","WhatsApp","https://www.hepsiemlak.com/_nuxt/8cafc93fb5c74c75e9e04e528e02ccdf.jpg","",""
"https://www.hepsiemlak.com/manisa-yunusemre-yeni-mahalle-kiralik/daire/163160-50","1 / 15","35.000","30/07/2026","Çizgi Gayrimenkul Den Yeni Mahalle De 2+1 100 M2 Ara Kat Daire","Kiralık Daire","2 + 1","100 m²","5 Yaşında","1. Kat","Manisa / Yunusemre / Yeni Mahalle Mah.","WhatsApp","https://www.hepsiemlak.com/_nuxt/8cafc93fb5c74c75e9e04e528e02ccdf.jpg","",""
"https://www.hepsiemlak.com/manisa-yunusemre-muradiye-kiralik/daire/166335-23","1 / 19","18.000","28/07/2026","Muradiyede Kiralık Daire","Kiralık Daire","2 + 1","100 m²","6 Yaşında","1. Kat","Manisa / Yunusemre / Muradiye Mah.","WhatsApp","https://www.hepsiemlak.com/img/loadings/noImage55-55.png","Vizyon Gayrimenkul 2",""
"https://www.hepsiemlak.com/manisa-salihli-cumhuriyet-kiralik/daire/162626-48","1 / 16","26.000","27/07/2026","Salihli Çalışkan Emlaktan Kiralık 3+1 Daire","Kiralık Daire","3 + 1","130 m²","21 Yaşında","1. Kat","Manisa / Salihli / Cumhuriyet Mah.","WhatsApp","https://hecdnnw.hemlak.com/mncropresize/77/67/logo/6/2/6/2/6/1/cd072c0c-46c1-469a-8a10-a5b2db01fddf.jpg","Çalışkan Emlak Gayrimenkul Danışmanlık",""
"https://www.hepsiemlak.com/manisa-salihli-aksoy-kiralik/daire/164777-28","1 / 16","16.500","28/07/2026","Salihli Aksoy Mahallesi Kiralık Daire","Kiralık Daire","3 + 0","110 m²","35 Yaşında","Zemin","Manisa / Salihli / Aksoy Mah.","WhatsApp","https://hecdnnw.hemlak.com/mncropresize/77/67/logo/7/7/7/4/6/1/744eecce-93a8-4eea-883f-a98dc0a8b811.jpg","Ege Yaşam Gayrimenkul Yatırım Danışmanlık",""
"https://www.hepsiemlak.com/manisa-alasehir-istasyon-kiralik/daire/170326-12","1 / 18","30.000","08/09/2026","Cnk Gayrimenkul'den İstasyon Mahallesinde Kiralık 3+1 Daire","Kiralık Daire","3 + 1","140 m²","11 Yaşında","2. Kat","Manisa / Alaşehir / İstasyon Mah.","WhatsApp","https://hecdn01.hemlak.com/mncropresize/182/137/ds01/5/2/9/6/6/9/6/4/84c474e7-84d7-45f7-8b55-b4de19c1316e.jpg","",""
"https://www.hepsiemlak.com/manisa-turgutlu-kurtulus-kiralik/daire/164007-99","1 / 17","16.000","31/07/2026","Manisa Turgutlu Kurtuluş M Kiralık 2+0 Daire Doğalgazlı","Kiralık Daire","2 + 0","75 m²","6 Yaşında","4. Kat","Manisa / Turgutlu / Kurtuluş Mah.","WhatsApp","https://www.hepsiemlak.com/_nuxt/8cafc93fb5c74c75e9e04e528e02ccdf.jpg","Rota Emlak",""
"https://www.hepsiemlak.com/manisa-salihli-kocacesme-kiralik/daire/155227-98","1 / 18","16.000","31/07/2026","Acısu Caddesi Kiralık 1+1 Daire !!","Kiralık Daire","1 + 1","47 m²","Sıfır Bina","1. Kat","Manisa / Salihli / Kocaçeşme Mah.","WhatsApp","https://www.hepsiemlak.com/_nuxt/8cafc93fb5c74c75e9e04e528e02ccdf.jpg","Lidyatürk Gayrimenkul","https://www.hepsiemlak.com/_nuxt/8cafc93fb5c74c75e9e04e528e02ccdf.jpg"
"https://www.hepsiemlak.com/manisa-akhisar-ataturk-kiralik/daire/163257-70","1 / 18","20.000","18/08/2026","Atatürk Mah. Kiralık 3+1,Bahçeli Zemin Kat Daire","Kiralık Daire","3 + 1","120 m²","16 Yaşında","Zemin","Manisa / Akhisar / Atatürk Mah.","WhatsApp","https://www.hepsiemlak.com/_nuxt/8cafc93fb5c74c75e9e04e528e02ccdf.jpg","Burak Yatırım Gayrimenkul","https://www.hepsiemlak.com/_nuxt/8cafc93fb5c74c75e9e04e528e02ccdf.jpg"
"https://www.hepsiemlak.com/manisa-yunusemre-muradiye-kiralik/daire/159142-202","1 / 17","16.000","03/09/2026","Aras Yapı'dan Muradiye Mahallesinde 1+1 Eşyalı Kiralık Daire","Kiralık Daire","1 + 1","45 m²","6 Yaşında","Yüksek Giriş","Manisa / Yunusemre / Muradiye Mah.","WhatsApp","https://www.hepsiemlak.com/_nuxt/8cafc93fb5c74c75e9e04e528e02ccdf.jpg","",""
"https://www.hepsiemlak.com/manisa-salihli-cumhuriyet-kiralik/daire/146867-46","1 / 7","15.500","28/08/2026","Kiralık Eşyasız 1+1 Daire","Kiralık Daire","1 + 1","50 m²","5 Yaşında","1. Kat","Manisa / Salihli / Cumhuriyet Mah.","WhatsApp","https://www.hepsiemlak.com/_nuxt/8cafc93fb5c74c75e9e04e528e02ccdf.jpg","",""
"https://www.hepsiemlak.com/manisa-sehzadeler-1-anafartalar-kiralik/daire/163068-859","1 / 9","32.000","03/09/2026","Evonadan Çarşı Emekliler Parkı Karşısında Kiralık 2+1 Daire","Kiralık Daire","2 + 1","80 m²","4 Yaşında","5. Kat","Manisa / Şehzadeler / 1. Anafartalar Mah.","WhatsApp","https://www.hepsiemlak.com/_nuxt/8cafc93fb5c74c75e9e04e528e02ccdf.jpg","Coldwell Banker Evona","https://www.hepsiemlak.com/img/loadings/noImage55-55.png"
"https://www.hepsiemlak.com/manisa-saruhanli-kurtulus-kiralik/daire/90814-472","1 / 20","16.000","04/09/2026","Kiralık 3 Oda 1 Salon Doğalgazlı Kapalı  Mutfak Arakat Köşe Daire","Kiralık Daire","3 + 1","120 m²","7 Yaşında","2. Kat","Manisa / Saruhanlı / Kurtuluş Mah.","WhatsApp","https://www.hepsiemlak.com/_nuxt/8cafc93fb5c74c75e9e04e528e02ccdf.jpg","",""
"https://www.hepsiemlak.com/manisa-yunusemre-merkez-efendi-kiralik/daire/167382-429","1 / 26","33.000","27/08/2026","Merkez Efendi Mah.Hastane Yakını 3+1 Cambalkon Asansörlü Arakat","Kiralık Daire","3 + 1","135 m²","16 Yaşında","5. Kat","Manisa / Yunusemre / Merkez Efendi Mah.","WhatsApp","https://www.hepsiemlak.com/_nuxt/8cafc93fb5c74c75e9e04e528e02ccdf.jpg","Lidya Emlak","https://www.hepsiemlak.com/_nuxt/8cafc93fb5c74c75e9e04e528e02ccdf.jpg"
"https://www.hepsiemlak.com/manisa-yunusemre-muradiye-kiralik/daire/95753-2300","1 / 32","22.000","25/07/2026","Manisa Yunusemre Muradiye 1+1 Kiralık Daire Site İçi Havuzlu","Kiralık Daire","1 + 1","60 m²","Sıfır Bina","4. Kat","Manisa / Yunusemre / Muradiye Mah.","WhatsApp","https://www.hepsiemlak.com/_nuxt/8cafc93fb5c74c75e9e04e528e02ccdf.jpg","Epa Rüzgar Gayrimenkul","https://www.hepsiemlak.com/_nuxt/8cafc93fb5c74c75e9e04e528e02ccdf.jpg"
"https://www.hepsiemlak.com/manisa-alasehir-fatih-kiralik/daire/161514-17","1 / 29","21.000","23/07/2026","Fatih Mh Full Yeni Eşyalı Asansörlü Doğalgazlı 2+1 Kiralık Daire","Kiralık Daire","2 + 1","90 m²","3 Yaşında","4. Kat","Manisa / Alaşehir / Fatih Mah.","WhatsApp","https://www.hepsiemlak.com/_nuxt/8cafc93fb5c74c75e9e04e528e02ccdf.jpg","Alaşehir Efe Gayrimenkul","https://www.hepsiemlak.com/_nuxt/8cafc93fb5c74c75e9e04e528e02ccdf.jpg"
"https://www.hepsiemlak.com/manisa-akhisar-efendi-kiralik/daire/165672-147","1 / 22","19.000","17/08/2026","Efendi Mh. Çınarlıkapı Meydan Yakını 3+1 125m² Kiralık Daire","Kiralık Daire","3 + 1","125 m²","11 Yaşında","1. Kat","Manisa / Akhisar / Efendi Mah.","WhatsApp","https://www.hepsiemlak.com/_nuxt/8cafc93fb5c74c75e9e04e528e02ccdf.jpg","Mutlu Yatırım & Gayrimenkul","https://www.hepsiemlak.com/_nuxt/8cafc93fb5c74c75e9e04e528e02ccdf.jpg"
"https://www.hepsiemlak.com/manisa-yunusemre-muradiye-kiralik/daire/163565-419","1 / 27","22.000","08/09/2026","Emir Grup'tan Muradiye Villalar Bölgesinde 1+1 Kiralık Daire","Kiralık Daire","1 + 1","60 m²","Sıfır Bina","3. Kat","Manisa / Yunusemre / Muradiye Mah.","WhatsApp","https://www.hepsiemlak.com/_nuxt/8cafc93fb5c74c75e9e04e528e02ccdf.jpg","Emir Grup Muradiye","https://www.hepsiemlak.com/_nuxt/8cafc93fb5c74c75e9e04e528e02ccdf.jpg"
"https://www.hepsiemlak.com/manisa-sehzadeler-peker-kiralik/daire/102443-884","1 / 35","25.000","24/08/2026","Peker Mh. Kiralık 3+1 Arakat Daire","Kiralık Daire","3 + 1","125 m²","26 Yaşında","3. Kat","Manisa / Şehzadeler / Peker Mah.","WhatsApp","https://www.hepsiemlak.com/_nuxt/8cafc93fb5c74c75e9e04e528e02ccdf.jpg","Mavi Gayrimenkul","https://www.hepsiemlak.com/_nuxt/8cafc93fb5c74c75e9e04e528e02ccdf.jpg"
"https://www.hepsiemlak.com/manisa-yunusemre-muradiye-kiralik/daire/166335-20","1 / 19","25.000","27/07/2026","Muradiyede Çatı Katı 3+1 Kiralık Daire","Kiralık Daire","3 + 1","160 m²","6 Yaşında","4. Kat","Manisa / Yunusemre / Muradiye Mah.","WhatsApp","https://www.hepsiemlak.com/_nuxt/8cafc93fb5c74c75e9e04e528e02ccdf.jpg","Vizyon Gayrimenkul 2","https://www.hepsiemlak.com/img/loadings/noImage55-55.png"
"https://www.hepsiemlak.com/manisa-sehzadeler-ege-kiralik/daire/165180-110","1 / 35","19.000","27/07/2026","Ege Mahallesinde 2+1 Kiralık Daire","Kiralık Daire","2 + 1","85 m²","21 Yaşında","1. Kat","Manisa / Şehzadeler / Ege Mah.","WhatsApp","https://www.hepsiemlak.com/_nuxt/8cafc93fb5c74c75e9e04e528e02ccdf.jpg","Aykut Gayrimenkul","https://www.hepsiemlak.com/img/loadings/noImage55-55.png"
"https://www.hepsiemlak.com/manisa-alasehir-kurtulus-kiralik/daire/170326-9","1 / 26","36.000","08/09/2026","Cnk Gayrimenkul'den Kurtuluş Mh Kiralık Daire","Kiralık Daire","4 + 1","200 m²","6 Yaşında","5. Kat","Manisa / Alaşehir / Kurtuluş Mah.","WhatsApp","https://www.hepsiemlak.com/_nuxt/8cafc93fb5c74c75e9e04e528e02ccdf.jpg","",""
"https://www.hepsiemlak.com/manisa-sehzadeler-peker-kiralik/daire/167073-24","1 / 11","14.000","10/09/2026","Cafeler Caddesinde Kiralık 1+1 Daire","Kiralık Daire","1 + 1","60 m²","21 Yaşında","5. Kat","Manisa / Şehzadeler / Peker Mah.","WhatsApp","https://www.hepsiemlak.com/_nuxt/8cafc93fb5c74c75e9e04e528e02ccdf.jpg","New Era 0f Real Estate","https://www.hepsiemlak.com/_nuxt/8cafc93fb5c74c75e9e04e528e02ccdf.jpg"
"https://www.hepsiemlak.com/manisa-akhisar-ragip-bey-kiralik/daire/147823-34","1 / 37","18.000","11/08/2026","Bahadır Şimşirli'den Sevgi Yolunda Kiralık 3+1 Daire","Kiralık Daire","3 + 1","150 m²","31 Yaşında","3. Kat","Manisa / Akhisar / Ragıp Bey Mah.","WhatsApp","https://www.hepsiemlak.com/_nuxt/8cafc93fb5c74c75e9e04e528e02ccdf.jpg","",""
"https://www.hepsiemlak.com/manisa-akhisar-hurriyet-kiralik/daire/143983-118","1 / 20","14.000","11/07/2026","Belediyeye Yürüme Mesafesinde 3+1 Ara Kat Sobalı Kiralık Daire","Kiralık Daire","3 + 1","110 m²","30 Yaşında","2. Kat","Manisa / Akhisar / Hürriyet Mah.","WhatsApp","https://www.hepsiemlak.com/_nuxt/8cafc93fb5c74c75e9e04e528e02ccdf.jpg","",""
"https://www.hepsiemlak.com/manisa-yunusemre-uncubozkoy-kiralik/daire/162359-94","1 / 15","25.000","10/08/2026","Noran Officium'da Kiralık Ofis","Kiralık Daire","1 + 1","50 m²","1 Yaşında","4. Kat","Manisa / Yunusemre / Uncubozköy Mah.","WhatsApp","https://www.hepsiemlak.com/_nuxt/8cafc93fb5c74c75e9e04e528e02ccdf.jpg","Datam Group Gayrimenkul","https://www.hepsiemlak.com/_nuxt/8cafc93fb5c74c75e9e04e528e02ccdf.jpg"
"https://www.hepsiemlak.com/manisa-yunusemre-lalapasa-kiralik/daire/150956-86","1 / 17","22.000","27/08/2026","Topcuasım Mah Kiralık 3+1 Düşük Zemin","Kiralık Daire","3 + 0","105 m²","19 Yaşında","Yarı Bodrum","Manisa / Yunusemre / Lalapaşa Mah.","WhatsApp","","",""
"https://www.hepsiemlak.com/manisa-akhisar-pasa-kiralik/daire/163257-9","1 / 21","14.000","07/07/2026","Paşa Mah. Kiralık 3+1, 140 M2 Daire","Kiralık Daire","3 + 1","150 m²","21 Yaşında","3. Kat","Manisa / Akhisar / Paşa Mah.","WhatsApp","https://hecdnnw.hemlak.com/mncropresize/77/67/logo/7/5/2/3/6/1/b36c5b07-47ef-487b-9360-263948ea3360.jpg","Burak Yatırım Gayrimenkul",""
"https://www.hepsiemlak.com/manisa-akhisar-efendi-kiralik/daire/86919-807","1 / 23","20.000","31/08/2026","Efendi Çınarlı Kapı Mevkii Önü Park Asansörlü 100 M2 2+1 Daire","Kiralık Daire","2 + 1","100 m²","6 Yaşında","2. Kat","Manisa / Akhisar / Efendi Mah.","WhatsApp","https://hecdnnw.hemlak.com/mncropresize/77/67/logo/9/1/9/6/8/0/52d36fa8-d178-48ad-bc61-44546c157712.jpg","Mkm Yatırım Gayrimenkul",""
"https://www.hepsiemlak.com/manisa-salihli-mithatpasa-kiralik/daire/164777-29","1 / 14","15.000","07/08/2026","Salihli Turan Caddesi Üzeri Kiralık 1+1 Daire","Kiralık Daire","2 + 1","60 m²","30 Yaşında","3. Kat","Manisa / Salihli / Mithatpaşa Mah.","WhatsApp","https://hecdn01.hemlak.com/mncropresize/182/137/ds01/2/9/7/2/8/0/7/4/1786090359856-47082792.jpg","Ege Yaşam Gayrimenkul Yatırım Danışmanlık","https://hecdnnw.hemlak.com/mncropresize/77/67/logo/7/7/7/4/6/1/744eecce-93a8-4eea-883f-a98dc0a8b811.jpg"
"https://www.hepsiemlak.com/manisa-sehzadeler-peker-kiralik/daire/111103-158","1 / 23","20.000","22/07/2026","Avşar Emlak'tan Çarşı Merkezde 2+1","Kiralık Daire","2 + 1","100 m²","31 Yaşında","1. Kat","Manisa / Şehzadeler / Peker Mah.","WhatsApp","https://www.hepsiemlak.com/_nuxt/8cafc93fb5c74c75e9e04e528e02ccdf.jpg","",""
"https://www.hepsiemlak.com/manisa-yunusemre-yeni-mahalle-kiralik/daire/167382-420","1 / 16","25.000","20/08/2026","Yeni Mahallede 2+1 Ayrı Mutfaklı Yeni Daire","Kiralık Daire","2 + 1","95 m²","6 Yaşında","Yüksek Giriş","Manisa / Yunusemre / Yeni Mahalle Mah.","WhatsApp","https://www.hepsiemlak.com/_nuxt/8cafc93fb5c74c75e9e04e528e02ccdf.jpg","Lidya Emlak","https://www.hepsiemlak.com/_nuxt/8cafc93fb5c74c75e9e04e528e02ccdf.jpg"
"https://www.hepsiemlak.com/manisa-yunusemre-guzelyurt-kiralik/daire/95753-2199","1 / 33","35.000","25/07/2026","Manisa Yunusemre Güzelyurt Mh.3+1 Asansörlü Arakat Kiralık Daire","Kiralık Daire","3 + 1","120 m²","6 Yaşında","2. Kat","Manisa / Yunusemre / Güzelyurt Mah.","WhatsApp","https://www.hepsiemlak.com/_nuxt/8cafc93fb5c74c75e9e04e528e02ccdf.jpg","Epa Rüzgar Gayrimenkul","https://www.hepsiemlak.com/_nuxt/8cafc93fb5c74c75e9e04e528e02ccdf.jpg"
"https://www.hepsiemlak.com/manisa-akhisar-efendi-kiralik/daire/164685-80","1 / 13","20.000","07/09/2026","Ayla Gayrimenkul Efendi Mh. 120m2 Kiralık 3+1 Daire","Kiralık Daire","3 + 1","130 m²","3 Yaşında","3. Kat","Manisa / Akhisar / Efendi Mah.","WhatsApp","https://www.hepsiemlak.com/_nuxt/8cafc93fb5c74c75e9e04e528e02ccdf.jpg","Ayla Gayrimenkul","https://www.hepsiemlak.com/_nuxt/8cafc93fb5c74c75e9e04e528e02ccdf.jpg"
"https://www.hepsiemlak.com/manisa-salihli-namik-kemal-kiralik/daire/155227-92","1 / 13","18.000","01/07/2026","Namık Kemal Mahallesinde Kiralık Eşyalı Otoparklı 1+1 Daire !!","Kiralık Daire","1 + 1","45 m²","6 Yaşında","2. Kat","Manisa / Salihli / Namık Kemal Mah.","WhatsApp","https://www.hepsiemlak.com/_nuxt/8cafc93fb5c74c75e9e04e528e02ccdf.jpg","Lidyatürk Gayrimenkul","https://www.hepsiemlak.com/_nuxt/8cafc93fb5c74c75e9e04e528e02ccdf.jpg"
"https://www.hepsiemlak.com/manisa-sehzadeler-dilsikar-kiralik/daire/146843-112","1 / 21","23.000","31/08/2026","Manisa Alaybeyde Cadde Üzerinde 2+1 Asansörlü Kiralık Daire","Kiralık Daire","2 + 1","85 m²","26 Yaşında","6. Kat","Manisa / Şehzadeler / Dilşikar Mah.","WhatsApp","https://www.hepsiemlak.com/_nuxt/8cafc93fb5c74c75e9e04e528e02ccdf.jpg","Nova Gayrimenkul","https://www.hepsiemlak.com/_nuxt/8cafc93fb5c74c75e9e04e528e02ccdf.jpg"
"https://www.hepsiemlak.com/manisa-yunusemre-yeni-mahalle-kiralik/daire/151967-36","1 / 25","25.000","31/07/2026","Bilginoğlu Emlaktan Yeni Mahallede 2+1 Ara Kat Kiralik Daire","Kiralık Daire","2 + 1","84 m²","13 Yaşında","2. Kat","Manisa / Yunusemre / Yeni Mahalle Mah.","WhatsApp","https://www.hepsiemlak.com/_nuxt/8cafc93fb5c74c75e9e04e528e02ccdf.jpg","Adem Bilgin","https://www.hepsiemlak.com/img/loadings/noImage55-55.png"
"https://www.hepsiemlak.com/manisa-yunusemre-muradiye-kiralik/daire/163401-55","1 / 19","16.000","29/08/2026","Muradiyede 2+1 Kiralık Daire","Kiralık Daire","2 + 1","85 m²","6 Yaşında","Yüksek Giriş","Manisa / Yunusemre / Muradiye Mah.","WhatsApp","https://www.hepsiemlak.com/_nuxt/8cafc93fb5c74c75e9e04e528e02ccdf.jpg","",""
"https://www.hepsiemlak.com/manisa-turgutlu-ergenekon-kiralik/daire/154167-640","1 / 37","50.000","22/07/2026","Turgutlu Ketenci Sitesi’nde Kiralık Lüks 3+1 Daire","Kiralık Daire","3 + 1","150 m²","11 Yaşında","3. Kat","Manisa / Turgutlu / Ergenekon Mah.","WhatsApp","https://www.hepsiemlak.com/_nuxt/8cafc93fb5c74c75e9e04e528e02ccdf.jpg","Remax İlyada 3","https://www.hepsiemlak.com/_nuxt/8cafc93fb5c74c75e9e04e528e02ccdf.jpg"
"https://www.hepsiemlak.com/manisa-yunusemre-kecili-koy-kiralik/daire/168844-25","1 / 27","32.500","18/08/2026","Anemon Otel Arkası Dubleks Teraslı Fırsat Daire","Kiralık Daire","3 + 1","175 m²","11 Yaşında","2. Kat","Manisa / Yunusemre / Keçili Köy Mah.","WhatsApp","https://www.hepsiemlak.com/_nuxt/8cafc93fb5c74c75e9e04e528e02ccdf.jpg","Kav Gayrimenkul",""
"https://www.hepsiemlak.com/manisa-akhisar-ragip-bey-kiralik/daire/147823-24","1 / 28","17.000","08/07/2026","Bahadır Şimşirli'den Anayol Üzeri 4.Kat Kiralık 2+1 Daire","Kiralık Daire","2 + 1","110 m²","31 Yaşında","4. Kat","Manisa / Akhisar / Ragıp Bey Mah.","WhatsApp","https://www.hepsiemlak.com/_nuxt/8cafc93fb5c74c75e9e04e528e02ccdf.jpg","",""
"https://www.hepsiemlak.com/manisa-yunusemre-muradiye-kiralik/daire/166335-13","1 / 16","30.000","27/07/2026","Muradiye Merkez Konumlu Lüks Daire","Kiralık Daire","2 + 1","105 m²","Sıfır Bina","3. Kat","Manisa / Yunusemre / Muradiye Mah.","WhatsApp","https://www.hepsiemlak.com/_nuxt/8cafc93fb5c74c75e9e04e528e02ccdf.jpg","Vizyon Gayrimenkul 2","https://www.hepsiemlak.com/img/loadings/noImage55-55.png"
"https://www.hepsiemlak.com/manisa-akhisar-ulu-camii-kiralik/daire/144740-296","1 / 31","20.000","20/07/2026","Akhisar Ulucami Fahri Sertel Emlaktan Kiralık 3 Cepheli 3+1daire","Kiralık Daire","3 + 1","132 m²","6 Yaşında","3. Kat","Manisa / Akhisar / Ulu Camii Mah.","WhatsApp","https://www.hepsiemlak.com/_nuxt/8cafc93fb5c74c75e9e04e528e02ccdf.jpg","Fahri Sertel Emlak","https://www.hepsiemlak.com/_nuxt/8cafc93fb5c74c75e9e04e528e02ccdf.jpg"
"https://www.hepsiemlak.com/manisa-akhisar-hurriyet-kiralik/daire/143910-192","1 / 21","35.000","10/09/2026","3 Adam Emlaktan İşyeri Ofis Hürriyet Mh 3+1 Geniş Kiralık Daire","Kiralık Daire","3 + 1","165 m²","11 Yaşında","3. Kat","Manisa / Akhisar / Hürriyet Mah.","WhatsApp","https://www.hepsiemlak.com/_nuxt/8cafc93fb5c74c75e9e04e528e02ccdf.jpg","3 Adam Gayrimenkul","https://www.hepsiemlak.com/_nuxt/8cafc93fb5c74c75e9e04e528e02ccdf.jpg"
"https://www.hepsiemlak.com/manisa-akhisar-inonu-kiralik/daire/94137-1518","1 / 26","25.000","22/08/2026","Akhisar İnönü Mahallesi'nde 3+1 Kiralık Daire","Kiralık Daire","3 + 1","165 m²","22 Yaşında","1. Kat","Manisa / Akhisar / İnönü Mah.","WhatsApp","https://www.hepsiemlak.com/_nuxt/8cafc93fb5c74c75e9e04e528e02ccdf.jpg","",""
"https://www.hepsiemlak.com/manisa-alasehir-istasyon-kiralik/daire/170326-15","1 / 14","20.000","08/09/2026","Cnk Gayrimenkul'den","Kiralık Daire","2 + 1","100 m²","5 Yaşında","3. Kat","Manisa / Alaşehir / İstasyon Mah.","WhatsApp","https://www.hepsiemlak.com/_nuxt/8cafc93fb5c74c75e9e04e528e02ccdf.jpg","",""
"https://www.hepsiemlak.com/manisa-sehzadeler-sancaklicesmebasi-kiralik/villa/167382-38","1 / 35","45.000","13/07/2026","Şehirden Uzaklaşmadan Huzur Bulun Manzaralı, Bahçeli, Tam Eşyalı","Kiralık Villa","3 + 1","550 m²","6 Yaşında","Bahçe Katı","Manisa / Şehzadeler / Sancaklıçeşmebaşı Mah.","WhatsApp","https://www.hepsiemlak.com/_nuxt/8cafc93fb5c74c75e9e04e528e02ccdf.jpg","Lidya Emlak","https://www.hepsiemlak.com/_nuxt/8cafc93fb5c74c75e9e04e528e02ccdf.jpg"
"https://www.hepsiemlak.com/manisa-yunusemre-muradiye-kiralik/daire/156185-818","1 / 16","17.500","10/08/2026","Zeki Emlak'tan Manisa Yunusemre Muradiye Mh. Cadde Üzerinde Eşyalı 1+1 Kiralık Daire","Kiralık Daire","1 + 1","55 m²","7 Yaşında","2. Kat","Manisa / Yunusemre / Muradiye Mah.","WhatsApp","https://www.hepsiemlak.com/_nuxt/8cafc93fb5c74c75e9e04e528e02ccdf.jpg","Zeki Emlak","https://www.hepsiemlak.com/_nuxt/8cafc93fb5c74c75e9e04e528e02ccdf.jpg"
"https://www.hepsiemlak.com/manisa-turgutlu-yeni-kiralik/daire/163190-78","1 / 33","30.000","03/09/2026","Hastahaneye Yakın Kiralık 3+1 Daire","Kiralık Daire","3 + 1","140 m²","11 Yaşında","2. Kat","Manisa / Turgutlu / Yeni Mah.","WhatsApp","https://www.hepsiemlak.com/_nuxt/8cafc93fb5c74c75e9e04e528e02ccdf.jpg","Evren İnşaat Gayrimenkul","https://www.hepsiemlak.com/img/loadings/noImage55-55.png"
"https://www.hepsiemlak.com/manisa-yunusemre-muradiye-kiralik/daire/151967-35","1 / 18","19.500","01/08/2026","Bilginoğlu Emlaktan Muradiye Mahallesi'nde Site İçerisinde 1+1 Kiralık Daire","Kiralık Daire","1 + 1","55 m²","Sıfır Bina","2. Kat","Manisa / Yunusemre / Muradiye Mah.","WhatsApp","https://www.hepsiemlak.com/_nuxt/8cafc93fb5c74c75e9e04e528e02ccdf.jpg","Adem Bilgin","https://www.hepsiemlak.com/img/loadings/noImage55-55.png"
"https://www.hepsiemlak.com/manisa-yunusemre-kaynak-kiralik/daire/146843-110","1 / 18","20.000","27/07/2026","Manisa Kaynak Mah. 2+1 85m2 Köşe Çift Cepheli Kiralık Daire","Kiralık Daire","2 + 1","85 m²","16 Yaşında","Giriş Katı","Manisa / Yunusemre / Kaynak Mah.","WhatsApp","https://hecdnnw.hemlak.com/mncropresize/77/67/logo/3/4/8/6/4/1/76aa9042-ea11-4ae2-9d62-f6de4e135685.jpg","Nova Gayrimenkul",""
"https://www.hepsiemlak.com/manisa-turgutlu-acarlar-kiralik/daire/166851-52","1 / 19","20.000","29/08/2026","Çarşı Merkezde 1+1 Kiralık Daire","Kiralık Daire","1 + 1","60 m²","Sıfır Bina","3. Kat","Manisa / Turgutlu / Acarlar Mah.","WhatsApp","https://hecdnnw.hemlak.com/mncropresize/77/67/logo/1/5/8/6/6/1/a8357e4e-5e0a-4f0f-9554-2c37489b10d0.jpg","Century 21 Elit Turgutlu",""
"https://www.hepsiemlak.com/manisa-sehzadeler-arda-kiralik/daire/168844-18","1 / 35","25.900","07/09/2026","Şehrin Göbeğinde Ara Kat 3+1","Kiralık Daire","3 + 1","125 m²","16 Yaşında","2. Kat","Manisa / Şehzadeler / Arda Mah.","WhatsApp","","Kav Gayrimenkul","https://hecdnnw.hemlak.com/mncropresize/77/67/firmuser/1/2/1/6/0/7/4/baa3876a-6b05-4aea-a4e8-7b5eb2f959a0.jpg"
"https://www.hepsiemlak.com/manisa-yunusemre-muradiye-kiralik/daire/154167-598","1 / 27","20.000","22/07/2026","Manisa Muradiye Site İçinde Kiralık 2+1 Daire","Kiralık Daire","2 + 1","75 m²","5 Yaşında","3. Kat","Manisa / Yunusemre / Muradiye Mah.","WhatsApp","https://hecdn01.hemlak.com/mncropresize/182/137/ds01/1/0/3/2/5/6/6/4/01bb599d-810d-442f-93f7-e678bcca3fa7.jpg","Remax İlyada 3","https://hecdnnw.hemlak.com/mncropresize/77/67/logo/7/6/1/4/5/1/d0e406aa-6799-4fd1-be5a-843336674d01.jpg"
"https://www.hepsiemlak.com/manisa-yunusemre-muradiye-kiralik/daire/163401-44","1 / 19","21.000","01/07/2026","Dede Emlak'tan Kiralık Daire","Kiralık Daire","3 + 1","130 m²","6 Yaşında","2. Kat","Manisa / Yunusemre / Muradiye Mah.","WhatsApp","https://www.hepsiemlak.com/_nuxt/8cafc93fb5c74c75e9e04e528e02ccdf.jpg","",""
"https://www.hepsiemlak.com/manisa-akhisar-ragip-bey-kiralik/daire/147823-15","1 / 35","19.500","15/07/2026","Bahadır Şimşirli'den Ragıpbey Mahallesinde Kiralık 4+1 Daire","Kiralık Daire","4 + 1","157 m²","31 Yaşında","1. Kat","Manisa / Akhisar / Ragıp Bey Mah.","WhatsApp","https://www.hepsiemlak.com/_nuxt/8cafc93fb5c74c75e9e04e528e02ccdf.jpg","",""
"https://www.hepsiemlak.com/manisa-akhisar-haci-ishak-kiralik/daire/144740-281","1 / 32","14.250","20/07/2026","Akhisar Hacıishak Toki Fahri Sertel Emlaktan Kiralık 3+1 Daire","Kiralık Daire","3 + 1","135 m²","18 Yaşında","En Üst Kat","Manisa / Akhisar / Hacı İshak Mah.","WhatsApp","https://www.hepsiemlak.com/_nuxt/8cafc93fb5c74c75e9e04e528e02ccdf.jpg","Fahri Sertel Emlak","https://www.hepsiemlak.com/_nuxt/8cafc93fb5c74c75e9e04e528e02ccdf.jpg"
"https://www.hepsiemlak.com/manisa-turgutlu-yedi-eylul-kiralik/daire/170301-25","1 / 9","20.000","03/09/2026","Manısa Turgutlu","Kiralık Daire","2 + 1","95 m²","Sıfır Bina","1. Kat","Manisa / Turgutlu / Yedi Eylül Mah.","WhatsApp","https://www.hepsiemlak.com/_nuxt/8cafc93fb5c74c75e9e04e528e02ccdf.jpg","",""
"https://www.hepsiemlak.com/manisa-yunusemre-muradiye-kiralik/daire/0-46524275","1 / 7","18.000","18/08/2026","Sahibinden Havuzlu 1+1 Villalar Bölgesi Karaali Muradiye","Kiralık Daire","1 + 1","65 m²","3 Yaşında","3. Kat","Manisa / Yunusemre / Muradiye Mah.","WhatsApp","https://www.hepsiemlak.com/_nuxt/8cafc93fb5c74c75e9e04e528e02ccdf.jpg","",""
"https://www.hepsiemlak.com/manisa-akhisar-inonu-kiralik/daire/94137-1416","1 / 25","16.000","17/08/2026","Akhisar İnönü Mahallesi'nde 3+1 Satılık Daire","Kiralık Daire","3 + 1","150 m²","20 Yaşında","3. Kat","Manisa / Akhisar / İnönü Mah.","WhatsApp","https://www.hepsiemlak.com/_nuxt/8cafc93fb5c74c75e9e04e528e02ccdf.jpg","",""
"https://www.hepsiemlak.com/manisa-yunusemre-muradiye-kiralik/daire/162376-172","1 / 14","25.000","15/06/2026","Muradiye Mah. 1+1 Full Eşyalı Havuzlu Site İçi Kiralık Daire","Kiralık Daire","1 + 1","65 m²","Sıfır Bina","1. Kat","Manisa / Yunusemre / Muradiye Mah.","WhatsApp","https://www.hepsiemlak.com/_nuxt/8cafc93fb5c74c75e9e04e528e02ccdf.jpg","Hd Gayrimenkul","https://www.hepsiemlak.com/_nuxt/8cafc93fb5c74c75e9e04e528e02ccdf.jpg"
"https://www.hepsiemlak.com/manisa-akhisar-ataturk-kiralik/daire/124874-260","1 / 24","25.000","08/08/2026","Kiralık Daire Atatürk Te","Kiralık Daire","3 + 1","120 m²","6 Yaşında","Ara Kat","Manisa / Akhisar / Atatürk Mah.","WhatsApp","https://www.hepsiemlak.com/_nuxt/8cafc93fb5c74c75e9e04e528e02ccdf.jpg","",""
"https://www.hepsiemlak.com/manisa-akhisar-cumhuriyet-kiralik/daire/143910-279","1 / 14","19.000","29/07/2026","3 Adam Emlak'tan Cumhuriyet Mh Ring Yolu Ön Cephe 2+1 Kiralık","Kiralık Daire","2 + 1","85 m²","Sıfır Bina","1. Kat","Manisa / Akhisar / Cumhuriyet Mah.","WhatsApp","https://www.hepsiemlak.com/_nuxt/8cafc93fb5c74c75e9e04e528e02ccdf.jpg","3 Adam Gayrimenkul","https://www.hepsiemlak.com/_nuxt/8cafc93fb5c74c75e9e04e528e02ccdf.jpg"
"https://www.hepsiemlak.com/manisa-yunusemre-uncubozkoy-kiralik/daire/0-36243284","1 / 6","20.500","23/07/2026","Uncubozköy De Tıp Öğrencileri Ve Sağlık Fakültesi Öğrencilerine Kira+aidat+internet+su= 21.000₺","Kiralık Daire","Stüdyo","25 m²","4 Yaşında","Yüksek Giriş","Manisa / Yunusemre / Uncubozköy Mah.","WhatsApp","https://www.hepsiemlak.com/_nuxt/8cafc93fb5c74c75e9e04e528e02ccdf.jpg","",""
"https://www.hepsiemlak.com/manisa-alasehir-kurtulus-kiralik/daire/170326-16","1 / 13","18.000","08/09/2026","Cnk Gayrimenkul'den","Kiralık Daire","1 + 1","50 m²","5 Yaşında","2. Kat","Manisa / Alaşehir / Kurtuluş Mah.","WhatsApp","https://www.hepsiemlak.com/_nuxt/8cafc93fb5c74c75e9e04e528e02ccdf.jpg","",""
"https://www.hepsiemlak.com/manisa-yunusemre-evrenos-kiralik/daire/156185-816","1 / 19","17.000","04/08/2026","Zeki Emlak'tan Muradiye Mh. 1+1 Eşyalı Kiralık Daire","Kiralık Daire","1 + 1","55 m²","5 Yaşında","2. Kat","Manisa / Yunusemre / Evrenos Mah.","WhatsApp","https://www.hepsiemlak.com/_nuxt/8cafc93fb5c74c75e9e04e528e02ccdf.jpg","Zeki Emlak","https://www.hepsiemlak.com/_nuxt/8cafc93fb5c74c75e9e04e528e02ccdf.jpg"
"https://www.hepsiemlak.com/manisa-turgutlu-selvilitepe-kiralik/daire/163190-77","1 / 21","35.000","02/09/2026","Selvitepe De Eşyalı Kiralık 2+1 Daire","Kiralık Daire","2 + 1","130 m²","5 Yaşında","2. Kat","Manisa / Turgutlu / Selvilitepe Mah.","WhatsApp","https://www.hepsiemlak.com/_nuxt/8cafc93fb5c74c75e9e04e528e02ccdf.jpg","Evren İnşaat Gayrimenkul","https://www.hepsiemlak.com/img/loadings/noImage55-55.png"
"https://www.hepsiemlak.com/manisa-yunusemre-tevfikiye-kiralik/daire/146843-109","1 / 21","29.000","26/07/2026","Manisa Yunusemre Tevfikiye Mahallesi'nde 2+1 Kiralık Sıfır Daire","Kiralık Daire","2 + 1","85 m²","Sıfır Bina","Yüksek Giriş","Manisa / Yunusemre / Tevfikiye Mah.","WhatsApp","https://www.hepsiemlak.com/_nuxt/8cafc93fb5c74c75e9e04e528e02ccdf.jpg","Nova Gayrimenkul","https://www.hepsiemlak.com/_nuxt/8cafc93fb5c74c75e9e04e528e02ccdf.jpg"
"https://www.hepsiemlak.com/manisa-akhisar-kethuda-kiralik/daire/162406-462","1 / 22","16.000","10/09/2026","Mustafa Başyiğit Emlak'tan Ali Şefik Ortaokulu Karşısı 3+1 Daire","Kiralık Daire","3 + 1","130 m²","26 Yaşında","3. Kat","Manisa / Akhisar / Kethüda Mah.","WhatsApp","https://www.hepsiemlak.com/_nuxt/8cafc93fb5c74c75e9e04e528e02ccdf.jpg","Mustafa Başyiğit Emlak","https://www.hepsiemlak.com/_nuxt/8cafc93fb5c74c75e9e04e528e02ccdf.jpg"
"https://www.hepsiemlak.com/manisa-salihli-kocacesme-kiralik/daire/146867-36","1 / 25","25.000","19/08/2026","Cumhuriyet İlkokulu Civarında Eşyaları Tamamen Yenilenmiş Harika Kiralık Net 53 M2 1+1 Daire","Kiralık Daire","1 + 1","64 m²","8 Yaşında","3. Kat","Manisa / Salihli / Kocaçeşme Mah.","WhatsApp","https://www.hepsiemlak.com/_nuxt/8cafc93fb5c74c75e9e04e528e02ccdf.jpg","",""
"https://www.hepsiemlak.com/manisa-yunusemre-muradiye-kiralik/daire/134090-1256","1 / 24","15.000","21/07/2026","Göral Emlaktan Açık Mutfaklı 2+1 Geniş Kiralık Daire","Kiralık Daire","2 + 1","118 m²","6 Yaşında","Yüksek Giriş","Manisa / Yunusemre / Muradiye Mah.","WhatsApp","https://www.hepsiemlak.com/_nuxt/8cafc93fb5c74c75e9e04e528e02ccdf.jpg","Göral Emlak","https://www.hepsiemlak.com/_nuxt/8cafc93fb5c74c75e9e04e528e02ccdf.jpg"
"https://www.hepsiemlak.com/manisa-yunusemre-75-yil-kiralik/daire/168844-17","1 / 18","23.500","01/09/2026","Aydınlık Ferah 1+1 Daire","Kiralık Daire","1 + 1","60 m²","11 Yaşında","2. Kat","Manisa / Yunusemre / 75. Yıl Mah.","WhatsApp","https://www.hepsiemlak.com/_nuxt/8cafc93fb5c74c75e9e04e528e02ccdf.jpg","Kav Gayrimenkul",""
"https://www.hepsiemlak.com/manisa-akhisar-ragip-bey-kiralik/daire/147823-12","1 / 35","15.000","10/07/2026","B.Ş.Den Ragıpbey Mahallesi Anayol Üzeri Kiralık 3+1 Daire","Kiralık Daire","3 + 1","140 m²","31 Yaşında","4. Kat","Manisa / Akhisar / Ragıp Bey Mah.","WhatsApp","https://www.hepsiemlak.com/_nuxt/8cafc93fb5c74c75e9e04e528e02ccdf.jpg","",""
"https://www.hepsiemlak.com/manisa-yunusemre-muradiye-kiralik/daire/162776-183","1 / 9","14.000","20/08/2026","Pex'ten Muradiye'de Merkezi Sıfır Doğalgazlı Kiralık 1+1 Daire","Kiralık Daire","1 + 1","55 m²","Sıfır Bina","Yüksek Giriş","Manisa / Yunusemre / Muradiye Mah.","WhatsApp","https://www.hepsiemlak.com/_nuxt/8cafc93fb5c74c75e9e04e528e02ccdf.jpg","Realty Pex Gold","https://www.hepsiemlak.com/_nuxt/8cafc93fb5c74c75e9e04e528e02ccdf.jpg"
"https://www.hepsiemlak.com/manisa-yunusemre-muradiye-kiralik/daire/46068-7584","1 / 23","17.000","02/09/2026","Emlak Center'dan Kiralık 2+1 Açık Mutfak Muradiye İstasyon","Kiralık Daire","2 + 1","80 m²","6 Yaşında","4. Kat","Manisa / Yunusemre / Muradiye Mah.","WhatsApp","https://hecdnnw.hemlak.com/mncropresize/77/67/logo/8/6/0/6/4/0/f065ecde-38c2-4351-921b-b5abd84e4a72.jpg","Emlak Center",""
"https://www.hepsiemlak.com/manisa-sehzadeler-yarhasanlar-kiralik/daire/70672-445","1 / 11","26.000","07/08/2026","Kiralık Daire","Kiralık Daire","3 + 1","125 m²","35 Yaşında","2. Kat","Manisa / Şehzadeler / Yarhasanlar Mah.","WhatsApp","","",""
"https://www.hepsiemlak.com/manisa-akhisar-efendi-kiralik/daire/165672-173","1 / 9","16.000","26/08/2026","Efendi Mahallesinde Kiralık 3+1 125 M2 Daire","Kiralık Daire","3 + 1","125 m²","4 Yaşında","3. Kat","Manisa / Akhisar / Efendi Mah.","WhatsApp","https://hecdnnw.hemlak.com/mncropresize/77/67/logo/2/7/6/5/6/1/230b72e2-0e80-4b10-bc00-2f1e2e588678.jpg","Mutlu Yatırım & Gayrimenkul",""
"https://www.hepsiemlak.com/manisa-akhisar-inonu-kiralik/daire/94137-1478","1 / 23","16.000","03/09/2026","Akhisar İnönü Mahallesi'nde 3+1 Kiralık Daire","Kiralık Daire","3 + 1","135 m²","30 Yaşında","4. Kat","Manisa / Akhisar / İnönü Mah.","WhatsApp","https://hecdn01.hemlak.com/mncropresize/182/137/ds01/9/9/0/3/7/6/6/4/1780297243354-46673099.jpg","",""
"https://www.hepsiemlak.com/manisa-akhisar-ataturk-kiralik/daire/162211-278","1 / 14","25.000","01/08/2026","Akhisar Atatürk Mahallesinde Kiralık Eşyalı 1+1 Daire","Kiralık Daire","1 + 1","55 m²","2 Yaşında","1. Kat","Manisa / Akhisar / Atatürk Mah.","WhatsApp","https://www.hepsiemlak.com/_nuxt/8cafc93fb5c74c75e9e04e528e02ccdf.jpg","Aras Gayrimenkul","https://www.hepsiemlak.com/_nuxt/8cafc93fb5c74c75e9e04e528e02ccdf.jpg"
"https://www.hepsiemlak.com/manisa-turgutlu-yilmazlar-kiralik/daire/137655-346","1 / 12","20.000","15/08/2026","Garanti Emlak Yılmazlar Mahallesi Kiralık Daire","Kiralık Daire","3 + 1","125 m²","26 Yaşında","3. Kat","Manisa / Turgutlu / Yılmazlar Mah.","WhatsApp","https://www.hepsiemlak.com/_nuxt/8cafc93fb5c74c75e9e04e528e02ccdf.jpg","",""
"https://www.hepsiemlak.com/manisa-akhisar-pasa-kiralik/daire/125162-830","1 / 14","19.000","03/09/2026","Manisa Akhisar 3+1 Kiralık Daire","Kiralık Daire","3 + 1","135 m²","26 Yaşında","3. Kat","Manisa / Akhisar / Paşa Mah.","WhatsApp","https://www.hepsiemlak.com/_nuxt/8cafc93fb5c74c75e9e04e528e02ccdf.jpg","Ayn & Ayn Gayrimenkul","https://www.hepsiemlak.com/_nuxt/8cafc93fb5c74c75e9e04e528e02ccdf.jpg"
"https://www.hepsiemlak.com/manisa-akhisar-ataturk-kiralik/daire/143910-320","1 / 13","25.000","02/09/2026","3 Adam Emlak'tan Atatürk Mh. Prestij Caddesi Kiralık 2+1 Daire","Kiralık Daire","2 + 1","80 m²","Sıfır Bina","2. Kat","Manisa / Akhisar / Atatürk Mah.","WhatsApp","https://www.hepsiemlak.com/_nuxt/8cafc93fb5c74c75e9e04e528e02ccdf.jpg","3 Adam Gayrimenkul","https://www.hepsiemlak.com/_nuxt/8cafc93fb5c74c75e9e04e528e02ccdf.jpg"
"https://www.hepsiemlak.com/manisa-yunusemre-muradiye-kiralik/daire/156185-813","1 / 16","19.500","04/08/2026","Zeki Emlak'tan Muradiye Mh. Cadde Üstünde Kiralık 1+1 Eşyalı Daire","Kiralık Daire","1 + 1","55 m²","1 Yaşında","1. Kat","Manisa / Yunusemre / Muradiye Mah.","WhatsApp","https://www.hepsiemlak.com/_nuxt/8cafc93fb5c74c75e9e04e528e02ccdf.jpg","Zeki Emlak","https://www.hepsiemlak.com/_nuxt/8cafc93fb5c74c75e9e04e528e02ccdf.jpg"
"https://www.hepsiemlak.com/manisa-turgutlu-acarlar-kiralik/daire/164247-224","1 / 18","19.000","17/07/2026","Karpuz Kaldıran Parkı Yakını 3+1 Ara Kat Kiralık Daire","Kiralık Daire","3 + 1","125 m²","21 Yaşında","3. Kat","Manisa / Turgutlu / Acarlar Mah.","WhatsApp","https://www.hepsiemlak.com/_nuxt/8cafc93fb5c74c75e9e04e528e02ccdf.jpg","Güler Emlak","https://www.hepsiemlak.com/_nuxt/8cafc93fb5c74c75e9e04e528e02ccdf.jpg"
"https://www.hepsiemlak.com/manisa-yunusemre-muradiye-kiralik/daire/134090-1254","1 / 18","17.000","06/07/2026","Göral Emlaktan Muradiyede 2+1 Açık Mutfaklı Kiralık Daire","Kiralık Daire","2 + 1","85 m²","5 Yaşında","2. Kat","Manisa / Yunusemre / Muradiye Mah.","WhatsApp","https://www.hepsiemlak.com/_nuxt/8cafc93fb5c74c75e9e04e528e02ccdf.jpg","Göral Emlak","https://www.hepsiemlak.com/_nuxt/8cafc93fb5c74c75e9e04e528e02ccdf.jpg"
"https://www.hepsiemlak.com/manisa-sehzadeler-utku-kiralik/daire/163068-771","1 / 19","55.000","26/07/2026","Evona'dan Çarşı Sevgi Yolunda Sıfır Ara Kat 2+1 Lüks Dairemiz","Kiralık Daire","2 + 1","100 m²","Sıfır Bina","2. Kat","Manisa / Şehzadeler / Utku Mah.","WhatsApp","https://www.hepsiemlak.com/_nuxt/8cafc93fb5c74c75e9e04e528e02ccdf.jpg","Coldwell Banker Evona","https://www.hepsiemlak.com/img/loadings/noImage55-55.png"
"https://www.hepsiemlak.com/manisa-saruhanli-kurtulus-kiralik/daire/90814-372","1 / 52","16.000","03/09/2026","Saruhanlı Yılmaz Düğün Salonu Yanında Kiralık Sıfır Daire","Kiralık Daire","2 + 1","120 m²","7 Yaşında","3. Kat","Manisa / Saruhanlı / Kurtuluş Mah.","WhatsApp","https://www.hepsiemlak.com/_nuxt/8cafc93fb5c74c75e9e04e528e02ccdf.jpg","",""
"https://www.hepsiemlak.com/manisa-yunusemre-yeni-mahalle-kiralik/daire/74020-981","1 / 10","26.000","13/06/2026","Baraka Gayrimenkul’den Yeni Mah 2+1 Eşyalı Kiralık Daire","Kiralık Daire","2 + 1","80 m²","5 Yaşında","Ara Kat","Manisa / Yunusemre / Yeni Mahalle Mah.","WhatsApp","https://www.hepsiemlak.com/_nuxt/8cafc93fb5c74c75e9e04e528e02ccdf.jpg","",""
"https://www.hepsiemlak.com/manisa-yunusemre-muradiye-kiralik/daire/46068-7655","1 / 21","18.500","20/08/2026","Emlak Center'dan Muradiye'de Kiralık 2+1 Açık Mutfaklı Arakat","Kiralık Daire","2 + 1","70 m²","5 Yaşında","4. Kat","Manisa / Yunusemre / Muradiye Mah.","WhatsApp","https://www.hepsiemlak.com/_nuxt/8cafc93fb5c74c75e9e04e528e02ccdf.jpg","Emlak Center","https://www.hepsiemlak.com/_nuxt/8cafc93fb5c74c75e9e04e528e02ccdf.jpg"
"https://www.hepsiemlak.com/manisa-akhisar-ataturk-kiralik/daire/125876-3167","1 / 10","22.000","08/08/2026","Atatürk Mahallesinde Kiralık Sıfır Daire","Kiralık Daire","2 + 1","90 m²","Sıfır Bina","2. Kat","Manisa / Akhisar / Atatürk Mah.","WhatsApp","https://www.hepsiemlak.com/_nuxt/8cafc93fb5c74c75e9e04e528e02ccdf.jpg","Kw Alesta-viya-orsa 4","https://www.hepsiemlak.com/_nuxt/8cafc93fb5c74c75e9e04e528e02ccdf.jpg"
"https://www.hepsiemlak.com/manisa-sehzadeler-tunca-kiralik/daire/102443-893","1 / 16","27.000","10/09/2026","Mavi Emlak'tan Tunca Mahallesi'nde Kiralik Arakat","Kiralık Daire","3 + 1","135 m²","26 Yaşında","3. Kat","Manisa / Şehzadeler / Tunca Mah.","WhatsApp","https://www.hepsiemlak.com/_nuxt/8cafc93fb5c74c75e9e04e528e02ccdf.jpg","Mavi Gayrimenkul","https://www.hepsiemlak.com/_nuxt/8cafc93fb5c74c75e9e04e528e02ccdf.jpg"
"https://www.hepsiemlak.com/manisa-akhisar-ragip-bey-kiralik/daire/94137-1351","1 / 21","15.000","12/08/2026","Akhisar Ragıpbey Mahallesi'nde 2+1 Kiralık Daire","Kiralık Daire","2 + 1","95 m²","30 Yaşında","3. Kat","Manisa / Akhisar / Ragıp Bey Mah.","WhatsApp","https://www.hepsiemlak.com/_nuxt/8cafc93fb5c74c75e9e04e528e02ccdf.jpg","",""
"https://www.hepsiemlak.com/manisa-yunusemre-karaali-kiralik/daire/161221-189","1 / 16","22.000","20/07/2026","Beyazkule Den , Karaali'de , Açık Mutfaklı 2+1 Kiralık Daire","Kiralık Daire","2 + 1","90 m²","5 Yaşında","2. Kat","Manisa / Yunusemre / Karaali Mah.","WhatsApp","https://www.hepsiemlak.com/_nuxt/8cafc93fb5c74c75e9e04e528e02ccdf.jpg","Beyaz Kule Gayrimenkul","https://www.hepsiemlak.com/_nuxt/8cafc93fb5c74c75e9e04e528e02ccdf.jpg"
"https://www.hepsiemlak.com/manisa-akhisar-ragip-bey-kiralik/daire/94123-2931","1 / 42","25.000","07/09/2026","Ragıpbey Mahallesi'nde Kiralık 3+1 Ara Kat Daire | 135 M²","Kiralık Daire","3 + 1","135 m²","21 Yaşında","2. Kat","Manisa / Akhisar / Ragıp Bey Mah.","WhatsApp","https://www.hepsiemlak.com/_nuxt/8cafc93fb5c74c75e9e04e528e02ccdf.jpg","",""
"https://www.hepsiemlak.com/manisa-turgutlu-selvilitepe-kiralik/daire/164247-214","1 / 22","20.000","16/07/2026","Çarşamba Pazarına Yakın Zeminüstü 2+1 D.Gazlı 100 M2 Daire","Kiralık Daire","2 + 1","100 m²","6 Yaşında","2. Kat","Manisa / Turgutlu / Selvilitepe Mah.","WhatsApp","https://www.hepsiemlak.com/_nuxt/8cafc93fb5c74c75e9e04e528e02ccdf.jpg","Güler Emlak","https://www.hepsiemlak.com/_nuxt/8cafc93fb5c74c75e9e04e528e02ccdf.jpg"
"https://www.hepsiemlak.com/manisa-sehzadeler-utku-kiralik/daire/163068-747","1 / 15","20.000","02/08/2026","Evonadan Utku Mh Merkezi Konumda Kiralık 2+1 Kapalı Mutfak Daire","Kiralık Daire","2 + 1","85 m²","26 Yaşında","6. Kat","Manisa / Şehzadeler / Utku Mah.","WhatsApp","https://www.hepsiemlak.com/_nuxt/8cafc93fb5c74c75e9e04e528e02ccdf.jpg","Coldwell Banker Evona","https://www.hepsiemlak.com/img/loadings/noImage55-55.png"
"https://www.hepsiemlak.com/manisa-yunusemre-muradiye-kiralik/daire/134090-1245","1 / 30","21.500","06/07/2026","Göral Emlak'tan Muradiye Site De Lüks 2+1 K.Mutfaklı Arakat","Kiralık Daire","2 + 1","95 m²","Sıfır Bina","2. Kat","Manisa / Yunusemre / Muradiye Mah.","WhatsApp","https://www.hepsiemlak.com/_nuxt/8cafc93fb5c74c75e9e04e528e02ccdf.jpg","Göral Emlak","https://www.hepsiemlak.com/_nuxt/8cafc93fb5c74c75e9e04e528e02ccdf.jpg"
"https://www.hepsiemlak.com/manisa-yunusemre-tevfikiye-kiralik/daire/167382-405","1 / 10","20.000","12/08/2026","Teyvikiye Mah.Kiralık 1+1 Zemin Kat Daire Merkezi Konumda","Kiralık Daire","1 + 1","75 m²","16 Yaşında","Giriş Katı","Manisa / Yunusemre / Tevfikiye Mah.","WhatsApp","https://www.hepsiemlak.com/_nuxt/8cafc93fb5c74c75e9e04e528e02ccdf.jpg","Lidya Emlak","https://www.hepsiemlak.com/_nuxt/8cafc93fb5c74c75e9e04e528e02ccdf.jpg"
"https://www.hepsiemlak.com/manisa-sehzadeler-mimar-sinan-kiralik/daire/168273-15","1 / 28","28.000","24/08/2026","Yıldıra Yapı Gayrımenkulden Kıralık Mimarsinan Mh 3.Kat 3+1 120","Kiralık Daire","3 + 1","125 m²","26 Yaşında","3. Kat","Manisa / Şehzadeler / Mimar Sinan Mah.","WhatsApp","","",""
"https://www.hepsiemlak.com/manisa-alasehir-fatih-kiralik/daire/170326-14","1 / 10","20.000","08/09/2026","Fatih Mh. 2+1 Açık Mutfak Kiralık Daire","Kiralık Daire","2 + 1","90 m²","Sıfır Bina","5. Kat","Manisa / Alaşehir / Fatih Mah.","WhatsApp","","",""
"https://www.hepsiemlak.com/manisa-yunusemre-muradiye-kiralik/daire/46068-7569","1 / 20","18.000","10/08/2026","Emlak Center'dan Muradiye Mah 2+1 Kiralık Daire","Kiralık Daire","2 + 1","75 m²","1 Yaşında","2. Kat","Manisa / Yunusemre / Muradiye Mah.","WhatsApp","https://hecdnnw.hemlak.com/mncropresize/77/67/logo/8/6/0/6/4/0/f065ecde-38c2-4351-921b-b5abd84e4a72.jpg","Emlak Center",""
"https://www.hepsiemlak.com/manisa-yunusemre-guzelyurt-kiralik/daire/161221-186","1 / 23","47.000","10/09/2026","Beyazkule Den Güzelyurt' Da Havuzlu Doğalgazlı 3+1 Kiralık Daire","Kiralık Daire","3 + 1","135 m²","11 Yaşında","Yüksek Giriş","Manisa / Yunusemre / Güzelyurt Mah.","WhatsApp","https://hecdn01.hemlak.com/mncropresize/182/137/ds01/6/9/8/5/6/7/6/4/e8141926-2cd6-4c6a-ad1c-db9203b7cb12.jpg","Beyaz Kule Gayrimenkul","https://hecdnnw.hemlak.com/mncropresize/77/67/logo/1/2/2/1/6/1/aced4dca-ff04-40d7-852d-9f55058f2960.jpg"
"https://www.hepsiemlak.com/manisa-yunusemre-50-yil-kiralik/daire/139321-762","1 / 19","16.500","03/09/2026","50.Yıl Mahallesinde 3 Yıllık Yeni Binada Kiralık 1+1 Daire","Kiralık Daire","1 + 1","55 m²","3 Yaşında","3. Kat","Manisa / Yunusemre / 50. Yıl Mah.","WhatsApp","https://www.hepsiemlak.com/_nuxt/8cafc93fb5c74c75e9e04e528e02ccdf.jpg","Okatan Gayrimenkul","https://www.hepsiemlak.com/_nuxt/8cafc93fb5c74c75e9e04e528e02ccdf.jpg"
"https://www.hepsiemlak.com/manisa-yunusemre-muradiye-kiralik/daire/134090-1232","1 / 18","19.000","06/07/2026","Göral Emlak'tan Muradiye İstasyon Mevkisinde 3+1 Daire","Kiralık Daire","3 + 1","100 m²","6 Yaşında","Yüksek Giriş","Manisa / Yunusemre / Muradiye Mah.","WhatsApp","https://www.hepsiemlak.com/_nuxt/8cafc93fb5c74c75e9e04e528e02ccdf.jpg","Göral Emlak","https://www.hepsiemlak.com/_nuxt/8cafc93fb5c74c75e9e04e528e02ccdf.jpg"
"https://www.hepsiemlak.com/manisa-yunusemre-muradiye-kiralik/daire/168273-14","1 / 17","18.000","18/06/2026","Yıldıra Yapı Gayrımenkulden Kıralık Muradiye Mh 4.Kat","Kiralık Daire","2 + 1","70 m²","4 Yaşında","4. Kat","Manisa / Yunusemre / Muradiye Mah.","WhatsApp","https://www.hepsiemlak.com/_nuxt/8cafc93fb5c74c75e9e04e528e02ccdf.jpg","",""
"https://www.hepsiemlak.com/manisa-turgutlu-sehitler-kiralik/daire/164377-59","1 / 17","20.000","09/08/2026","Şehitler Mahallesi'nde Kiralık 3+1 Daire","Kiralık Daire","3 + 1","125 m²","11 Yaşında","5. Kat","Manisa / Turgutlu / Şehitler Mah.","WhatsApp","https://www.hepsiemlak.com/_nuxt/8cafc93fb5c74c75e9e04e528e02ccdf.jpg","Başusta Gayrimenkul","https://www.hepsiemlak.com/_nuxt/8cafc93fb5c74c75e9e04e528e02ccdf.jpg"
"https://www.hepsiemlak.com/manisa-turgutlu-ergenekon-kiralik/daire/0-46904590","1 / 13","40.000","15/07/2026","Ergenekon Mahallesinde Sahibinden Kiralık 3+1 Daire","Kiralık Daire","3 + 1","150 m²","2 Yaşında","Kot 1","Manisa / Turgutlu / Ergenekon Mah.","WhatsApp","https://www.hepsiemlak.com/_nuxt/8cafc93fb5c74c75e9e04e528e02ccdf.jpg","",""
"https://www.hepsiemlak.com/manisa-yunusemre-muradiye-kiralik/daire/0-46884682","1 / 13","16.000","09/09/2026","1+1 0 Daire","Kiralık Daire","1 + 1","55 m²","Sıfır Bina","Yüksek Giriş","Manisa / Yunusemre / Muradiye Mah.","WhatsApp","https://www.hepsiemlak.com/_nuxt/8cafc93fb5c74c75e9e04e528e02ccdf.jpg","",""
"https://www.hepsiemlak.com/manisa-akhisar-pasa-kiralik/daire/86919-714","1 / 29","20.000","14/06/2026","Nakliye Caddesi Üzeri 120m2 Ofis Amaçlı Bakımlı Doğalgazlı Daire","Kiralık Daire","2 + 1","120 m²","31 Yaşında","2. Kat","Manisa / Akhisar / Paşa Mah.","WhatsApp","https://www.hepsiemlak.com/_nuxt/8cafc93fb5c74c75e9e04e528e02ccdf.jpg","Mkm Yatırım Gayrimenkul","https://www.hepsiemlak.com/_nuxt/8cafc93fb5c74c75e9e04e528e02ccdf.jpg"
"https://www.hepsiemlak.com/manisa-turgutlu-yeni-kiralik/daire/163190-71","1 / 10","25.000","19/07/2026","Evren Emlak Hastane Yakını Yenimahalle Kiralık Sıfır 2+1 Daire","Kiralık Daire","2 + 1","115 m²","Sıfır Bina","2. Kat","Manisa / Turgutlu / Yeni Mah.","WhatsApp","https://www.hepsiemlak.com/_nuxt/8cafc93fb5c74c75e9e04e528e02ccdf.jpg","Evren İnşaat Gayrimenkul","https://www.hepsiemlak.com/img/loadings/noImage55-55.png"
"https://www.hepsiemlak.com/manisa-yunusemre-uncubozkoy-kiralik/daire/161221-132","1 / 18","25.000","09/09/2026","Beyazkule Den Uncubozköy De Kiralık Sıfır 1+1 Daıre","Kiralık Daire","1 + 1","60 m²","Sıfır Bina","2. Kat","Manisa / Yunusemre / Uncubozköy Mah.","WhatsApp","https://www.hepsiemlak.com/_nuxt/8cafc93fb5c74c75e9e04e528e02ccdf.jpg","Beyaz Kule Gayrimenkul","https://www.hepsiemlak.com/_nuxt/8cafc93fb5c74c75e9e04e528e02ccdf.jpg"
"https://www.hepsiemlak.com/manisa-yunusemre-muradiye-kiralik/daire/163565-514","1 / 29","19.000","07/08/2026","Emir Grup'tan Muradiye'de 1+1 Full Eşyalı Kiralık Daire","Kiralık Daire","1 + 1","55 m²","5 Yaşında","Yüksek Giriş","Manisa / Yunusemre / Muradiye Mah.","WhatsApp","https://www.hepsiemlak.com/_nuxt/8cafc93fb5c74c75e9e04e528e02ccdf.jpg","Emir Grup Muradiye","https://www.hepsiemlak.com/_nuxt/8cafc93fb5c74c75e9e04e528e02ccdf.jpg"
"https://www.hepsiemlak.com/manisa-alasehir-yenice-kiralik/daire/161514-58","1 / 17","17.500","05/08/2026","Merkezi Konumda Doğalgazlı , Klimalı Kiralık Eşyalı 1+1 Daire","Kiralık Daire","1 + 1","55 m²","3 Yaşında","2. Kat","Manisa / Alaşehir / Yenice Mah.","WhatsApp","https://www.hepsiemlak.com/_nuxt/8cafc93fb5c74c75e9e04e528e02ccdf.jpg","Alaşehir Efe Gayrimenkul","https://www.hepsiemlak.com/_nuxt/8cafc93fb5c74c75e9e04e528e02ccdf.jpg"
"https://www.hepsiemlak.com/manisa-akhisar-resat-bey-kiralik/daire/168888-18","1 / 11","2.650.000","29/07/2026","Benim Emlak'tan Atatürk Mahallesi'nde Satılık 2+1 Daire","Kiralık Daire","2 + 1","120 m²","26 Yaşında","2. Kat","Manisa / Akhisar / Reşat Bey Mah.","WhatsApp","https://www.hepsiemlak.com/_nuxt/8cafc93fb5c74c75e9e04e528e02ccdf.jpg","Benim Emlak",""
"https://www.hepsiemlak.com/manisa-akhisar-hurriyet-kiralik/daire/115104-387","1 / 21","19.000","21/07/2026","Akhisar Gürbüz Emlak Tan Hürriyet Mahallesi Emek Sitesi Arkası Bahçeli Kiralık Doğalgazlı Daire","Kiralık Daire","3 + 1","118 m²","21 Yaşında","Zemin","Manisa / Akhisar / Hürriyet Mah.","WhatsApp","https://www.hepsiemlak.com/_nuxt/8cafc93fb5c74c75e9e04e528e02ccdf.jpg","",""
"https://www.hepsiemlak.com/manisa-turgutlu-sehitler-kiralik/daire/156788-369","1 / 18","21.000","09/08/2026","Altay Meydanı Yakını Kiralık 2+1 Daire","Kiralık Daire","2 + 1","115 m²","6 Yaşında","2. Kat","Manisa / Turgutlu / Şehitler Mah.","WhatsApp","https://www.hepsiemlak.com/_nuxt/8cafc93fb5c74c75e9e04e528e02ccdf.jpg","Tam Nokta Zenginler","https://www.hepsiemlak.com/_nuxt/8cafc93fb5c74c75e9e04e528e02ccdf.jpg"
"https://www.hepsiemlak.com/manisa-sehzadeler-dilsikar-kiralik/daire/168273-12","1 / 25","20.000","24/06/2026","Yıldıra Yapı Gayrımenkul Den Kıralık Sehzdeler Dilşikar Mh 4.Kat","Kiralık Daire","2 + 1","95 m²","21 Yaşında","4. Kat","Manisa / Şehzadeler / Dilşikar Mah.","WhatsApp","https://www.hepsiemlak.com/_nuxt/8cafc93fb5c74c75e9e04e528e02ccdf.jpg","",""
"https://www.hepsiemlak.com/manisa-yunusemre-guzelyurt-kiralik/daire/163160-36","1 / 16","40.000","10/07/2026","Noran 45'de 2+1 Kiralık Daire","Kiralık Daire","2 + 1","62 m²","Sıfır Bina","6. Kat","Manisa / Yunusemre / Güzelyurt Mah.","WhatsApp","https://www.hepsiemlak.com/_nuxt/8cafc93fb5c74c75e9e04e528e02ccdf.jpg","Çizgi Gayrimenkul",""
"https://www.hepsiemlak.com/manisa-turgutlu-yilmazlar-kiralik/daire/164247-219","1 / 12","18.000","20/07/2026","Kiralık Asfalt Yakını Eşyalı 1+1 Daire","Kiralık Daire","1 + 1","70 m²","16 Yaşında","3. Kat","Manisa / Turgutlu / Yılmazlar Mah.","WhatsApp","https://www.hepsiemlak.com/_nuxt/8cafc93fb5c74c75e9e04e528e02ccdf.jpg","Güler Emlak","https://www.hepsiemlak.com/_nuxt/8cafc93fb5c74c75e9e04e528e02ccdf.jpg"
"https://www.hepsiemlak.com/manisa-yunusemre-yeni-mahalle-kiralik/daire/163565-513","1 / 15","19.000","18/08/2026","Emir Grup'tan Yeni Mahallede Kiralık 1+1 Full Eşyalı Daire","Kiralık Daire","1 + 1","55 m²","5 Yaşında","3. Kat","Manisa / Yunusemre / Yeni Mahalle Mah.","WhatsApp","https://www.hepsiemlak.com/_nuxt/8cafc93fb5c74c75e9e04e528e02ccdf.jpg","Emir Grup Muradiye","https://www.hepsiemlak.com/_nuxt/8cafc93fb5c74c75e9e04e528e02ccdf.jpg"
"https://www.hepsiemlak.com/manisa-alasehir-kurtulus-kiralik/daire/161514-53","1 / 45","53.000","27/08/2026","Prestij Rezidansta Kiralık Hastane Cepheli Sıfır 3+1","Kiralık Daire","3 + 1","204 m²","5 Yaşında","1. Kat","Manisa / Alaşehir / Kurtuluş Mah.","WhatsApp","https://www.hepsiemlak.com/_nuxt/8cafc93fb5c74c75e9e04e528e02ccdf.jpg","Alaşehir Efe Gayrimenkul","https://www.hepsiemlak.com/_nuxt/8cafc93fb5c74c75e9e04e528e02ccdf.jpg"
"https://www.hepsiemlak.com/manisa-akhisar-efendi-kiralik/daire/165672-156","1 / 16","19.250","21/08/2026","Efendi Mah.Eski İstanbul Yolu Yakını 2+1 100 M2 Kiralık Daire","Kiralık Daire","2 + 1","100 m²","Sıfır Bina","1. Kat","Manisa / Akhisar / Efendi Mah.","WhatsApp","https://www.hepsiemlak.com/_nuxt/8cafc93fb5c74c75e9e04e528e02ccdf.jpg","Mutlu Yatırım & Gayrimenkul","https://www.hepsiemlak.com/_nuxt/8cafc93fb5c74c75e9e04e528e02ccdf.jpg"
"https://www.hepsiemlak.com/manisa-akhisar-hurriyet-kiralik/daire/0-46875309","1 / 10","18.000","03/07/2026","Sahibinden Kamu Personeline Kiralıktır","Kiralık Daire","2 + 1","80 m²","30 Yaşında","Ara Kat","Manisa / Akhisar / Hürriyet Mah.","WhatsApp","","",""
"https://www.hepsiemlak.com/manisa-yunusemre-akgedik-kiralik/daire/168273-6","1 / 22","18.000","30/08/2026","Yıldıra Yapı Gayrımenkulden Kiralık Yunusemre Akgedik Toki2.Etap","Kiralık Daire","2 + 1","90 m²","3 Yaşında","2. Kat","Manisa / Yunusemre / Akgedik Mah.","WhatsApp","","",""
"https://www.hepsiemlak.com/manisa-turgutlu-cumhuriyet-kiralik/daire/164007-94","1 / 13","19.000","04/08/2026","Manisa Turgutlu Cumhuriyet M Kiralık 3+1 Daire","Kiralık Daire","3 + 1","135 m²","21 Yaşında","3. Kat","Manisa / Turgutlu / Cumhuriyet Mah.","WhatsApp","","Rota Emlak","https://www.hepsiemlak.com/_nuxt/img/no-image-user.6f6a83e.svg"
"https://www.hepsiemlak.com/manisa-akhisar-resat-bey-kiralik/daire/94137-1511","1 / 36","25.000","05/08/2026","Akhisar Reşatbey Mahallesi'nde 2+1 Kiralık Daire","Kiralık Daire","2 + 1","118 m²","2 Yaşında","2. Kat","Manisa / Akhisar / Reşat Bey Mah.","WhatsApp","https://hecdn01.hemlak.com/mncropresize/182/137/ds01/9/9/6/9/3/0/7/4/1785481850424-47039699.jpg","",""
"https://www.hepsiemlak.com/manisa-yunusemre-barbaros-kiralik/daire/167073-30","1 / 11","21.000","20/08/2026","Barbaros Mh. Ara Kat Tadilatlı Kiralık 2+1 Daire","Kiralık Daire","2 + 1","100 m²","4 Yaşında","2. Kat","Manisa / Yunusemre / Barbaros Mah.","WhatsApp","https://www.hepsiemlak.com/_nuxt/8cafc93fb5c74c75e9e04e528e02ccdf.jpg","New Era 0f Real Estate","https://www.hepsiemlak.com/_nuxt/8cafc93fb5c74c75e9e04e528e02ccdf.jpg"
"https://www.hepsiemlak.com/manisa-yunusemre-akmescit-kiralik/daire/163068-863","1 / 10","25.000","09/09/2026","Evonadan Kapalı Mutfak 70 M2 2+1 Kiralık Daire","Kiralık Daire","2 + 1","80 m²","6 Yaşında","4. Kat","Manisa / Yunusemre / Akmescit Mah.","WhatsApp","https://www.hepsiemlak.com/_nuxt/8cafc93fb5c74c75e9e04e528e02ccdf.jpg","Coldwell Banker Evona","https://www.hepsiemlak.com/img/loadings/noImage55-55.png"
"https://www.hepsiemlak.com/manisa-akhisar-resat-bey-kiralik/daire/94123-2935","1 / 23","20.000","29/07/2026","Reşatbey Mahallesi'nde 3+1 Geniş Kiralık Daire","Kiralık Daire","3 + 1","135 m²","21 Yaşında","4. Kat","Manisa / Akhisar / Reşat Bey Mah.","WhatsApp","https://www.hepsiemlak.com/_nuxt/8cafc93fb5c74c75e9e04e528e02ccdf.jpg","",""
"https://www.hepsiemlak.com/manisa-yunusemre-muradiye-kiralik/daire/163374-87","1 / 9","19.000","10/08/2026","Cıty Gayrimenkul Den Kiralık Daire Muradiye Mah","Kiralık Daire","2 + 1","85 m²","5 Yaşında","2. Kat","Manisa / Yunusemre / Muradiye Mah.","WhatsApp","https://www.hepsiemlak.com/_nuxt/8cafc93fb5c74c75e9e04e528e02ccdf.jpg","Cıty Gayrımenkul","https://www.hepsiemlak.com/_nuxt/8cafc93fb5c74c75e9e04e528e02ccdf.jpg"
"https://www.hepsiemlak.com/manisa-alasehir-kurtulus-kiralik/daire/0-46787638","1 / 9","18.500","19/06/2026","Eşyalı 1+1 Ev","Kiralık Daire","1 + 1","46 m²","1 Yaşında","1. Kat","Manisa / Alaşehir / Kurtuluş Mah.","WhatsApp","https://www.hepsiemlak.com/_nuxt/8cafc93fb5c74c75e9e04e528e02ccdf.jpg","",""
"https://www.hepsiemlak.com/manisa-turgutlu-yeni-kiralik/daire/164247-262","1 / 11","26.000","15/08/2026","Hastane Yakını Memura Kiralık Eşyalı Daire","Kiralık Daire","2 + 1","90 m²","6 Yaşında","2. Kat","Manisa / Turgutlu / Yeni Mah.","WhatsApp","https://www.hepsiemlak.com/_nuxt/8cafc93fb5c74c75e9e04e528e02ccdf.jpg","Güler Emlak","https://www.hepsiemlak.com/_nuxt/8cafc93fb5c74c75e9e04e528e02ccdf.jpg"
"https://www.hepsiemlak.com/manisa-alasehir-kurtulus-kiralik/daire/161514-51","1 / 27","55.000","23/08/2026","Alaşehir Efe Gayrimenkulden Prestij Rezidansta Kiralık 3+1 Daire","Kiralık Daire","3 + 1","204 m²","6 Yaşında","11. Kat","Manisa / Alaşehir / Kurtuluş Mah.","WhatsApp","https://www.hepsiemlak.com/_nuxt/8cafc93fb5c74c75e9e04e528e02ccdf.jpg","Alaşehir Efe Gayrimenkul","https://www.hepsiemlak.com/_nuxt/8cafc93fb5c74c75e9e04e528e02ccdf.jpg"
"https://www.hepsiemlak.com/manisa-sehzadeler-1-anafartalar-kiralik/daire/163565-506","1 / 29","30.000","08/07/2026","Emir Grup'tan 1.Anafartalar'da 3+1 Eşyalı Önü Açık Kiralık Daire","Kiralık Daire","3 + 1","120 m²","26 Yaşında","6. Kat","Manisa / Şehzadeler / 1. Anafartalar Mah.","WhatsApp","https://www.hepsiemlak.com/_nuxt/8cafc93fb5c74c75e9e04e528e02ccdf.jpg","Emir Grup Muradiye","https://www.hepsiemlak.com/_nuxt/8cafc93fb5c74c75e9e04e528e02ccdf.jpg"
"https://www.hepsiemlak.com/manisa-yunusemre-muradiye-kiralik/daire/164179-124","1 / 16","18.000","02/09/2026","Muradiye İstasyon Civarı Kiralık Arakat 2+1","Kiralık Daire","2 + 1","85 m²","5 Yaşında","3. Kat","Manisa / Yunusemre / Muradiye Mah.","WhatsApp","https://www.hepsiemlak.com/_nuxt/8cafc93fb5c74c75e9e04e528e02ccdf.jpg","Sel Emlak","https://www.hepsiemlak.com/_nuxt/8cafc93fb5c74c75e9e04e528e02ccdf.jpg"
"https://www.hepsiemlak.com/manisa-akhisar-medar-kiralik/villa/94137-1279","1 / 36","42.000","17/07/2026","Akhisar Medar Mahallesi'nde Kiralık 3+1 Dubleks Villa","Kiralık Villa","3 + 1","250 m²","Sıfır Bina","","Manisa / Akhisar / Medar Mah.","WhatsApp","https://www.hepsiemlak.com/_nuxt/8cafc93fb5c74c75e9e04e528e02ccdf.jpg","",""
"https://www.hepsiemlak.com/manisa-akhisar-has-hoca-kiralik/daire/165672-145","1 / 14","14.500","01/07/2026","Hashoca Mah Köylü Parkı Yakını 2+1 100 M2 Teraslı Kiralık Ev","Kiralık Daire","2 + 1","100 m²","26 Yaşında","1. Kat","Manisa / Akhisar / Has Hoca Mah.","WhatsApp","https://www.hepsiemlak.com/_nuxt/8cafc93fb5c74c75e9e04e528e02ccdf.jpg","Mutlu Yatırım & Gayrimenkul","https://www.hepsiemlak.com/_nuxt/8cafc93fb5c74c75e9e04e528e02ccdf.jpg"
"https://www.hepsiemlak.com/manisa-alasehir-sakarya-kiralik/daire/156372-183","1 / 9","15.000","08/09/2026","Gökay Grup'tan Kiralık 2+1 Daire","Kiralık Daire","2 + 1","90 m²","21 Yaşında","1. Kat","Manisa / Alaşehir / Sakarya Mah.","WhatsApp","https://www.hepsiemlak.com/_nuxt/8cafc93fb5c74c75e9e04e528e02ccdf.jpg","",""
"https://www.hepsiemlak.com/manisa-turgutlu-ataturk-kiralik/daire/164247-246","1 / 11","12.000","21/08/2026","Pazartesi Pazarı Yakını Uygun Fiyatlı Kiralık Daire","Kiralık Daire","2 + 1","80 m²","6 Yaşında","4. Kat","Manisa / Turgutlu / Atatürk Mah.","WhatsApp","https://www.hepsiemlak.com/_nuxt/8cafc93fb5c74c75e9e04e528e02ccdf.jpg","Güler Emlak","https://www.hepsiemlak.com/_nuxt/8cafc93fb5c74c75e9e04e528e02ccdf.jpg"
"https://www.hepsiemlak.com/manisa-sehzadeler-dincer-kiralik/daire/167382-414","1 / 27","21.000","21/08/2026","Manisa Merkez Sekiz Eylül Caddesi'nde Geniş 2+1 Kiralık Daire","Kiralık Daire","2 + 1","105 m²","26 Yaşında","3. Kat","Manisa / Şehzadeler / Dinçer Mah.","WhatsApp","https://www.hepsiemlak.com/_nuxt/8cafc93fb5c74c75e9e04e528e02ccdf.jpg","Lidya Emlak","https://www.hepsiemlak.com/_nuxt/8cafc93fb5c74c75e9e04e528e02ccdf.jpg"
"https://www.hepsiemlak.com/manisa-alasehir-istasyon-kiralik/daire/161514-38","1 / 27","19.000","29/07/2026","Alaşehir Efe Gayrimenkul'den İstasyon Mah. Eşyalı 2+1 Daire","Kiralık Daire","2 + 1","90 m²","5 Yaşında","7. Kat","Manisa / Alaşehir / İstasyon Mah.","WhatsApp","https://www.hepsiemlak.com/_nuxt/8cafc93fb5c74c75e9e04e528e02ccdf.jpg","Alaşehir Efe Gayrimenkul","https://www.hepsiemlak.com/_nuxt/8cafc93fb5c74c75e9e04e528e02ccdf.jpg"
"https://www.hepsiemlak.com/manisa-yunusemre-muradiye-kiralik/daire/163565-497","1 / 21","18.000","09/07/2026","Emir Grup'tan Muradiye Mahallesinde 2+1 Sıfır Kiralık Köşe Daire","Kiralık Daire","2 + 1","85 m²","Sıfır Bina","2. Kat","Manisa / Yunusemre / Muradiye Mah.","WhatsApp","https://www.hepsiemlak.com/_nuxt/8cafc93fb5c74c75e9e04e528e02ccdf.jpg","Emir Grup Muradiye","https://www.hepsiemlak.com/_nuxt/8cafc93fb5c74c75e9e04e528e02ccdf.jpg"
"https://www.hepsiemlak.com/manisa-sehzadeler-utku-kiralik/daire/164179-120","1 / 18","20.000","09/09/2026","Utku Mah. İzmir Cad. Kiralık 2+1 Daire & Ofis","Kiralık Daire","2 + 1","100 m²","31 Yaşında","1. Kat","Manisa / Şehzadeler / Utku Mah.","WhatsApp","https://www.hepsiemlak.com/_nuxt/8cafc93fb5c74c75e9e04e528e02ccdf.jpg","Sel Emlak","https://www.hepsiemlak.com/_nuxt/8cafc93fb5c74c75e9e04e528e02ccdf.jpg"
"https://www.hepsiemlak.com/manisa-yunusemre-muradiye-kiralik/daire/163068-858","1 / 9","25.000","03/09/2026","Evonadan Muradiye Havuzlu Site İçerisinde Kiralık 2+1 Daire","Kiralık Daire","2 + 1","90 m²","1 Yaşında","Zemin","Manisa / Yunusemre / Muradiye Mah.","WhatsApp","https://www.hepsiemlak.com/_nuxt/8cafc93fb5c74c75e9e04e528e02ccdf.jpg","Coldwell Banker Evona","https://www.hepsiemlak.com/img/loadings/noImage55-55.png"
"https://www.hepsiemlak.com/manisa-akhisar-ragip-bey-kiralik/daire/144740-351","1 / 40","22.200","13/08/2026","Akhisar Ragıpbey Fahri Sertel Emlaktan Kiralık 3+1 Daire","Kiralık Daire","3 + 1","115 m²","16 Yaşında","3. Kat","Manisa / Akhisar / Ragıp Bey Mah.","WhatsApp","https://www.hepsiemlak.com/_nuxt/8cafc93fb5c74c75e9e04e528e02ccdf.jpg","Fahri Sertel Emlak","https://www.hepsiemlak.com/_nuxt/8cafc93fb5c74c75e9e04e528e02ccdf.jpg"
"https://www.hepsiemlak.com/manisa-yunusemre-muradiye-kiralik/daire/163401-24","1 / 26","20.000","02/07/2026","Muradiye Villalar Bölgesinde 1+1 Kiralık Daire","Kiralık Daire","1 + 1","65 m²","6 Yaşında","1. Kat","Manisa / Yunusemre / Muradiye Mah.","WhatsApp","https://www.hepsiemlak.com/_nuxt/8cafc93fb5c74c75e9e04e528e02ccdf.jpg","",""
"https://www.hepsiemlak.com/manisa-akhisar-ataturk-kiralik/daire/94137-1507","1 / 32","24.000","28/08/2026","Akhisar Atatürk Mahallesi'nde 2+1 Kiralık Daire","Kiralık Daire","2 + 1","100 m²","5 Yaşında","2. Kat","Manisa / Akhisar / Atatürk Mah.","WhatsApp","","",""
"https://www.hepsiemlak.com/manisa-yunusemre-muradiye-kiralik/daire/164179-117","1 / 32","22.000","09/09/2026","Muradiye Karaali Bölgesi Kiralık","Kiralık Daire","3 + 1","120 m²","5 Yaşında","1. Kat","Manisa / Yunusemre / Muradiye Mah.","WhatsApp","https://hecdnnw.hemlak.com/mncropresize/77/67/logo/9/7/1/4/6/1/b45d98f5-a944-434d-abbd-77f000f1b2b3.jpg","Sel Emlak",""
"https://www.hepsiemlak.com/manisa-yunusemre-muradiye-kiralik/daire/163565-471","1 / 16","14.000","03/08/2026","Emir Grup'tan Muradiye Mah. Ana Cadde Üzerinde 1+1 Kiralık Daire","Kiralık Daire","1 + 1","60 m²","5 Yaşında","5. Kat","Manisa / Yunusemre / Muradiye Mah.","WhatsApp","https://hecdnnw.hemlak.com/mncropresize/77/67/logo/5/6/5/3/6/1/e6051709-7d58-47e7-a669-1017abbece0f.jpg","Emir Grup Muradiye",""
"https://www.hepsiemlak.com/manisa-alasehir-kurtulus-kiralik/daire/161514-22","1 / 32","52.000","15/07/2026","Prestij Rezidansta Kiralık 3+1 Daire","Kiralık Daire","3 + 1","204 m²","5 Yaşında","9. Kat","Manisa / Alaşehir / Kurtuluş Mah.","WhatsApp","https://hecdn01.hemlak.com/mncropresize/182/137/ds01/6/7/4/5/4/6/6/4/e4c79b84-e414-46b5-94b5-776031df8eba.jpg","Alaşehir Efe Gayrimenkul","https://hecdnnw.hemlak.com/mncropresize/77/67/logo/4/1/5/1/6/1/e7cc08af-fe57-4808-b885-8151988edc15.jpg"
"https://www.hepsiemlak.com/manisa-salihli-mithatpasa-kiralik/daire/146867-27","1 / 35","32.500","31/08/2026","Merkezde Çok Geniş Süper Kiralık Daire","Kiralık Daire","3 + 1","200 m²","21 Yaşında","2. Kat","Manisa / Salihli / Mithatpaşa Mah.","WhatsApp","https://www.hepsiemlak.com/_nuxt/8cafc93fb5c74c75e9e04e528e02ccdf.jpg","",""
"https://www.hepsiemlak.com/manisa-akhisar-ataturk-kiralik/daire/144740-334","1 / 34","22.250","18/08/2026","Akhisar Atatürk Pazar Pazarında Fahri Sertel Emlakta Kiralık 3+1","Kiralık Daire","3 + 1","150 m²","11 Yaşında","2. Kat","Manisa / Akhisar / Atatürk Mah.","WhatsApp","https://www.hepsiemlak.com/_nuxt/8cafc93fb5c74c75e9e04e528e02ccdf.jpg","Fahri Sertel Emlak","https://www.hepsiemlak.com/_nuxt/8cafc93fb5c74c75e9e04e528e02ccdf.jpg"
"https://www.hepsiemlak.com/manisa-yunusemre-kaynak-kiralik/daire/146843-71","1 / 25","22.500","06/07/2026","Manisa Kaynak Mah. 2+1 95m2 Asansörlü Kiralık Arakat Daire","Kiralık Daire","2 + 1","95 m²","16 Yaşında","4. Kat","Manisa / Yunusemre / Kaynak Mah.","WhatsApp","https://www.hepsiemlak.com/_nuxt/8cafc93fb5c74c75e9e04e528e02ccdf.jpg","Nova Gayrimenkul","https://www.hepsiemlak.com/_nuxt/8cafc93fb5c74c75e9e04e528e02ccdf.jpg"
"https://www.hepsiemlak.com/manisa-akhisar-ragip-bey-kiralik/daire/143910-233","1 / 16","23.000","12/08/2026","3 Adam Emlak`tan Hürriyet Mah Ön Cephe 3+1 Geniş Kiralık Daire","Kiralık Daire","3 + 1","155 m²","6 Yaşında","Zemin","Manisa / Akhisar / Ragıp Bey Mah.","WhatsApp","https://www.hepsiemlak.com/_nuxt/8cafc93fb5c74c75e9e04e528e02ccdf.jpg","3 Adam Gayrimenkul","https://www.hepsiemlak.com/_nuxt/8cafc93fb5c74c75e9e04e528e02ccdf.jpg"
"https://www.hepsiemlak.com/manisa-yunusemre-muradiye-kiralik/daire/169829-92","1 / 9","20.000","22/08/2026","Asil Emlak'tan Muradiye'de Havuzlu Sitede 1+1 Kiralık Daire","Kiralık Daire","1 + 1","50 m²","Sıfır Bina","1. Kat","Manisa / Yunusemre / Muradiye Mah.","WhatsApp","https://www.hepsiemlak.com/_nuxt/8cafc93fb5c74c75e9e04e528e02ccdf.jpg","Asil Emlak",""
"https://www.hepsiemlak.com/manisa-yunusemre-karaali-kiralik/daire/46068-7635","1 / 27","22.000","25/06/2026","Emlak Center'dan Kiralık Muradiye Mah. 2+1 Açık Mutfak Arakat","Kiralık Daire","2 + 1","80 m²","6 Yaşında","2. Kat","Manisa / Yunusemre / Karaali Mah.","WhatsApp","https://www.hepsiemlak.com/_nuxt/8cafc93fb5c74c75e9e04e528e02ccdf.jpg","Emlak Center","https://www.hepsiemlak.com/_nuxt/8cafc93fb5c74c75e9e04e528e02ccdf.jpg"
"https://www.hepsiemlak.com/manisa-yunusemre-muradiye-kiralik/daire/119471-362","1 / 13","15.000","08/09/2026","Manisa Muradiye Merkezde Cadde Üstü 2+1 Kiralık","Kiralık Daire","2 + 1","75 m²","5 Yaşında","2. Kat","Manisa / Yunusemre / Muradiye Mah.","WhatsApp","https://www.hepsiemlak.com/_nuxt/8cafc93fb5c74c75e9e04e528e02ccdf.jpg","Mak Gayrimenkul","https://www.hepsiemlak.com/_nuxt/8cafc93fb5c74c75e9e04e528e02ccdf.jpg"
"https://www.hepsiemlak.com/manisa-soma-kurtulus-kiralik/daire/130508-172","1 / 4","12.500","09/09/2026","Soma Merkezde 1+0 Eşyalı Stüdyo Daire","Kiralık Daire","Stüdyo","30 m²","6 Yaşında","1. Kat","Manisa / Soma / Kurtuluş Mah.","WhatsApp","https://www.hepsiemlak.com/_nuxt/8cafc93fb5c74c75e9e04e528e02ccdf.jpg","",""
"https://www.hepsiemlak.com/manisa-turgutlu-cumhuriyet-kiralik/daire/137655-17","1 / 12","25.000","14/08/2026","Garanti Emlak Cumhuriyet Mahallesi Eşyalı Kiralık Daire","Kiralık Daire","3 + 1","130 m²","25 Yaşında","En Üst Kat","Manisa / Turgutlu / Cumhuriyet Mah.","WhatsApp","https://www.hepsiemlak.com/_nuxt/8cafc93fb5c74c75e9e04e528e02ccdf.jpg","",""
"https://www.hepsiemlak.com/manisa-yunusemre-muradiye-kiralik/daire/159142-203","1 / 21","19.000","29/08/2026","Aras Yapı Gayrimenkul'den 1+1 Eşyalı Kiralık Daire","Kiralık Daire","1 + 1","50 m²","6 Yaşında","2. Kat","Manisa / Yunusemre / Muradiye Mah.","WhatsApp","https://www.hepsiemlak.com/_nuxt/8cafc93fb5c74c75e9e04e528e02ccdf.jpg","",""
"https://www.hepsiemlak.com/manisa-sehzadeler-peker-kiralik/daire/163565-446","1 / 23","25.000","29/08/2026","Emir Grup'tan Peker Mh. Kafeler Sokağında 3+1 Kiralık Daire","Kiralık Daire","3 + 1","140 m²","31 Yaşında","5. Kat","Manisa / Şehzadeler / Peker Mah.","WhatsApp","https://www.hepsiemlak.com/_nuxt/8cafc93fb5c74c75e9e04e528e02ccdf.jpg","Emir Grup Muradiye","https://www.hepsiemlak.com/_nuxt/8cafc93fb5c74c75e9e04e528e02ccdf.jpg"
"https://www.hepsiemlak.com/manisa-turgutlu-acarlar-kiralik/daire/166851-39","1 / 11","25.000","09/09/2026","Atatürk Bulvarında 2+1 Teraslı Kiralık Daire","Kiralık Daire","2 + 1","120 m²","26 Yaşında","1. Kat","Manisa / Turgutlu / Acarlar Mah.","WhatsApp","https://www.hepsiemlak.com/_nuxt/8cafc93fb5c74c75e9e04e528e02ccdf.jpg","Century 21 Elit Turgutlu","https://www.hepsiemlak.com/_nuxt/8cafc93fb5c74c75e9e04e528e02ccdf.jpg"
"https://www.hepsiemlak.com/manisa-akhisar-ataturk-kiralik/daire/94137-1220","1 / 27","32.000","19/07/2026","Akhisar Atatürk Mahallesi'nde 3+1 Kiralık Daire","Kiralık Daire","3 + 1","145 m²","5 Yaşında","2. Kat","Manisa / Akhisar / Atatürk Mah.","WhatsApp","https://www.hepsiemlak.com/_nuxt/8cafc93fb5c74c75e9e04e528e02ccdf.jpg","",""
"https://www.hepsiemlak.com/manisa-yunusemre-guzelyurt-kiralik/daire/70672-441","1 / 10","50.000","17/06/2026","Kiralık Daire","Kiralık Daire","3 + 1","140 m²","15 Yaşında","4. Kat","Manisa / Yunusemre / Güzelyurt Mah.","WhatsApp","https://www.hepsiemlak.com/_nuxt/8cafc93fb5c74c75e9e04e528e02ccdf.jpg","",""
"https://www.hepsiemlak.com/manisa-akhisar-cumhuriyet-kiralik/daire/162211-242","1 / 12","15.200","08/07/2026","Aras'dan Cumhuriyet Ring Yolu Üzeri Asansörlü 2+1 Kiralık Daire","Kiralık Daire","2 + 1","100 m²","6 Yaşında","4. Kat","Manisa / Akhisar / Cumhuriyet Mah.","WhatsApp","https://www.hepsiemlak.com/_nuxt/8cafc93fb5c74c75e9e04e528e02ccdf.jpg","Aras Gayrimenkul","https://www.hepsiemlak.com/_nuxt/8cafc93fb5c74c75e9e04e528e02ccdf.jpg"
"https://www.hepsiemlak.com/manisa-yunusemre-muradiye-kiralik/daire/164179-140","1 / 13","24.000","01/09/2026","Muradiye Merkezde Kiralık Arakat 2+1 Açık Mutfak","Kiralık Daire","2 + 1","90 m²","5 Yaşında","3. Kat","Manisa / Yunusemre / Muradiye Mah.","WhatsApp","https://www.hepsiemlak.com/_nuxt/8cafc93fb5c74c75e9e04e528e02ccdf.jpg","Sel Emlak","https://www.hepsiemlak.com/_nuxt/8cafc93fb5c74c75e9e04e528e02ccdf.jpg"
"https://www.hepsiemlak.com/manisa-yunusemre-muradiye-kiralik/daire/159142-178","1 / 19","16.500","09/09/2026","Aras Yapı'dan İstasyon Caddesinde Eşyalı 1+1 Kiralık Daire","Kiralık Daire","1 + 1","50 m²","3 Yaşında","1. Kat","Manisa / Yunusemre / Muradiye Mah.","WhatsApp","https://www.hepsiemlak.com/_nuxt/8cafc93fb5c74c75e9e04e528e02ccdf.jpg","",""
"https://www.hepsiemlak.com/manisa-yunusemre-muradiye-kiralik/daire/163565-413","1 / 15","13.500","07/07/2026","Emir Grup'tan Muradiye Mahallesinde 1+1 Sıfır Kiralık Daire","Kiralık Daire","1 + 1","65 m²","Sıfır Bina","2. Kat","Manisa / Yunusemre / Muradiye Mah.","WhatsApp","https://www.hepsiemlak.com/_nuxt/8cafc93fb5c74c75e9e04e528e02ccdf.jpg","Emir Grup Muradiye","https://www.hepsiemlak.com/_nuxt/8cafc93fb5c74c75e9e04e528e02ccdf.jpg"
"https://www.hepsiemlak.com/manisa-sehzadeler-peker-kiralik/daire/46068-7644","1 / 25","22.000","09/09/2026","Emlak Center'dan Kiralık Peker Mah Geniş 2+1 Açık Mutfaklı Daire","Kiralık Daire","2 + 1","120 m²","26 Yaşında","5. Kat","Manisa / Şehzadeler / Peker Mah.","WhatsApp","https://www.hepsiemlak.com/_nuxt/8cafc93fb5c74c75e9e04e528e02ccdf.jpg","Emlak Center","https://www.hepsiemlak.com/_nuxt/8cafc93fb5c74c75e9e04e528e02ccdf.jpg"
"https://www.hepsiemlak.com/manisa-yunusemre-tevfikiye-kiralik/daire/168762-10","1 / 15","21.000","05/07/2026","Tevfikiye Mah. 2+1 Kapalı Mutfak 90m2 Kiralık Ferah Daire","Kiralık Daire","2 + 1","95 m²","21 Yaşında","4. Kat","Manisa / Yunusemre / Tevfikiye Mah.","WhatsApp","https://www.hepsiemlak.com/_nuxt/8cafc93fb5c74c75e9e04e528e02ccdf.jpg","Sd Gayrimenkul","https://www.hepsiemlak.com/img/loadings/noImage55-55.png"
"https://www.hepsiemlak.com/manisa-saruhanli-ataturk-kiralik/daire/137495-230","1 / 29","16.000","07/07/2026","Yeni Kiralık Daireler Eşyalı, Eşyasız 2+1 3+1 1+1","Kiralık Daire","2 + 1","80 m²","1 Yaşında","3. Kat","Manisa / Saruhanlı / Atatürk Mah.","WhatsApp","https://hecdnnw.hemlak.com/mncropresize/77/67/firmuser/4/0/3/3/6/7/3/5a679dfe-148c-426a-8647-12a9b327dfed.jpg","Mekan Emlak Ofisi",""
"https://www.hepsiemlak.com/manisa-akhisar-ragip-bey-kiralik/daire/94137-1510","1 / 26","30.000","30/07/2026","Akhisar Ragıpbey Mahallesi'nde 2+1 Kiralık Daire","Kiralık Daire","2 + 1","115 m²","5 Yaşında","2. Kat","Manisa / Akhisar / Ragıp Bey Mah.","WhatsApp","","",""
"https://www.hepsiemlak.com/manisa-sehzadeler-peker-kiralik/daire/70672-444","1 / 9","20.000","30/07/2026","Kiralık Daire","Kiralık Daire","3 + 1","130 m²","30 Yaşında","4. Kat","Manisa / Şehzadeler / Peker Mah.","WhatsApp","","",""
"https://www.hepsiemlak.com/manisa-yunusemre-muradiye-kiralik/daire/163565-392","1 / 15","15.000","27/06/2026","Emir Grup'tan Muradiye Mahallesi Merkezi Yerde 1+1 Kiralık Daire","Kiralık Daire","1 + 1","65 m²","Sıfır Bina","Yüksek Giriş","Manisa / Yunusemre / Muradiye Mah.","WhatsApp","https://hecdn01.hemlak.com/mncropresize/182/137/ds01/7/1/0/7/5/2/6/4/a1cae37f-d86f-4713-b4a3-852b784c93ba.jpg","Emir Grup Muradiye","https://hecdnnw.hemlak.com/mncropresize/77/67/logo/5/6/5/3/6/1/e6051709-7d58-47e7-a669-1017abbece0f.jpg"
"https://www.hepsiemlak.com/manisa-saruhanli-ataturk-kiralik/daire/143904-34","1 / 14","22.000","27/08/2026","Çarşı Merkezde Eşyalı 3+1 Kiralık","Kiralık Daire","2 + 1","100 m²","1 Yaşında","2. Kat","Manisa / Saruhanlı / Atatürk Mah.","WhatsApp","https://www.hepsiemlak.com/_nuxt/8cafc93fb5c74c75e9e04e528e02ccdf.jpg","",""
"https://www.hepsiemlak.com/manisa-yunusemre-muradiye-kiralik/daire/134090-1284","1 / 20","20.500","08/07/2026","Göral Emlak'tan Arakat Eşyalı Klimalı 1+1 Kiralık Daire","Kiralık Daire","1 + 1","65 m²","5 Yaşında","2. Kat","Manisa / Yunusemre / Muradiye Mah.","WhatsApp","https://www.hepsiemlak.com/_nuxt/8cafc93fb5c74c75e9e04e528e02ccdf.jpg","Göral Emlak","https://www.hepsiemlak.com/_nuxt/8cafc93fb5c74c75e9e04e528e02ccdf.jpg"
"https://www.hepsiemlak.com/manisa-yunusemre-muradiye-kiralik/daire/139321-711","1 / 23","18.000","21/06/2026","Muradiye Mh Belediye Arkası Eşyalı Kiralık","Kiralık Daire","1 + 1","65 m²","1 Yaşında","2. Kat","Manisa / Yunusemre / Muradiye Mah.","WhatsApp","https://www.hepsiemlak.com/_nuxt/8cafc93fb5c74c75e9e04e528e02ccdf.jpg","Okatan Gayrimenkul","https://www.hepsiemlak.com/_nuxt/8cafc93fb5c74c75e9e04e528e02ccdf.jpg"
"https://www.hepsiemlak.com/manisa-akhisar-cumhuriyet-kiralik/daire/141484-70","1 / 27","18.000","13/08/2026","Emrah Emlaktan Cumhuriyet Mahallesinde Kiralık Daire","Kiralık Daire","2 + 1","100 m²","Sıfır Bina","3. Kat","Manisa / Akhisar / Cumhuriyet Mah.","WhatsApp","https://www.hepsiemlak.com/_nuxt/8cafc93fb5c74c75e9e04e528e02ccdf.jpg","Emrah Emlak","https://www.hepsiemlak.com/_nuxt/8cafc93fb5c74c75e9e04e528e02ccdf.jpg"
"https://www.hepsiemlak.com/manisa-yunusemre-muradiye-kiralik/daire/163565-389","1 / 20","19.000","22/07/2026","Emir Grup'tan Muradiye Mah. Karaali Bölgesinde 2+1 Kiralık Daire","Kiralık Daire","2 + 1","95 m²","5 Yaşında","Zemin","Manisa / Yunusemre / Muradiye Mah.","WhatsApp","https://www.hepsiemlak.com/_nuxt/8cafc93fb5c74c75e9e04e528e02ccdf.jpg","Emir Grup Muradiye","https://www.hepsiemlak.com/_nuxt/8cafc93fb5c74c75e9e04e528e02ccdf.jpg"
"https://www.hepsiemlak.com/manisa-yunusemre-muradiye-kiralik/daire/134090-1273","1 / 20","20.000","26/07/2026","Göral Emlak'tan Kiralık Havuzlu Sitede Fırsat Daire","Kiralık Daire","2 + 1","85 m²","4 Yaşında","Yüksek Giriş","Manisa / Yunusemre / Muradiye Mah.","WhatsApp","https://www.hepsiemlak.com/_nuxt/8cafc93fb5c74c75e9e04e528e02ccdf.jpg","Göral Emlak","https://www.hepsiemlak.com/_nuxt/8cafc93fb5c74c75e9e04e528e02ccdf.jpg"
"https://www.hepsiemlak.com/manisa-sehzadeler-alaybey-kiralik/daire/139321-710","1 / 24","26.000","22/06/2026","Alaybey'de Full Eşyalı Cadde Üzeri Asansörlü 2+1 Kiralık Daire","Kiralık Daire","2 + 1","95 m²","31 Yaşında","2. Kat","Manisa / Şehzadeler / Alaybey Mah.","WhatsApp","https://www.hepsiemlak.com/_nuxt/8cafc93fb5c74c75e9e04e528e02ccdf.jpg","Okatan Gayrimenkul","https://www.hepsiemlak.com/_nuxt/8cafc93fb5c74c75e9e04e528e02ccdf.jpg"
"https://www.hepsiemlak.com/manisa-alasehir-istasyon-kiralik/daire/156372-166","1 / 17","20.000","08/09/2026","İstasyonda Kiralık 3+1","Kiralık Daire","3 + 1","140 m²","16 Yaşında","1. Kat","Manisa / Alaşehir / İstasyon Mah.","WhatsApp","https://www.hepsiemlak.com/_nuxt/8cafc93fb5c74c75e9e04e528e02ccdf.jpg","",""
"https://www.hepsiemlak.com/manisa-alasehir-kurtulus-kiralik/daire/167105-24","1 / 21","18.500","30/07/2026","Özbay'dan Kurtuluş Mahallesinde Kiralık 1+1 Eşyalı Daire","Kiralık Daire","1 + 1","55 m²","2 Yaşında","4. Kat","Manisa / Alaşehir / Kurtuluş Mah.","WhatsApp","https://www.hepsiemlak.com/_nuxt/8cafc93fb5c74c75e9e04e528e02ccdf.jpg","Özbay Gayrimenkul","https://www.hepsiemlak.com/img/loadings/noImage55-55.png"
"https://www.hepsiemlak.com/manisa-akhisar-kethuda-kiralik/daire/141484-33","1 / 26","22.000","01/07/2026","Emrah Emlaktan Kethüda Mah Eşyalı Kiralık Daire","Kiralık Daire","2 + 1","120 m²","21 Yaşında","3. Kat","Manisa / Akhisar / Kethüda Mah.","WhatsApp","https://www.hepsiemlak.com/_nuxt/8cafc93fb5c74c75e9e04e528e02ccdf.jpg","Emrah Emlak","https://www.hepsiemlak.com/_nuxt/8cafc93fb5c74c75e9e04e528e02ccdf.jpg"
"https://www.hepsiemlak.com/manisa-yunusemre-muradiye-kiralik/daire/152164-131","1 / 12","16.000","03/07/2026","Sağlık Ocağı Civarı Kiralık 1+1 Sıfır Daire","Kiralık Daire","1 + 1","55 m²","Sıfır Bina","1. Kat","Manisa / Yunusemre / Muradiye Mah.","WhatsApp","https://www.hepsiemlak.com/_nuxt/8cafc93fb5c74c75e9e04e528e02ccdf.jpg","",""
"https://www.hepsiemlak.com/manisa-yunusemre-yeni-mahalle-kiralik/daire/166648-9","1 / 12","25.000","06/08/2026","Nil Den Y.Mah Kiralık 2+1 Ve 1+1 Daireler","Kiralık Daire","2 + 1","65 m²","Sıfır Bina","2. Kat","Manisa / Yunusemre / Yeni Mahalle Mah.","WhatsApp","https://www.hepsiemlak.com/_nuxt/8cafc93fb5c74c75e9e04e528e02ccdf.jpg","Nil Gayrimenkul Manisa","https://www.hepsiemlak.com/_nuxt/8cafc93fb5c74c75e9e04e528e02ccdf.jpg"
"https://www.hepsiemlak.com/manisa-yunusemre-uncubozkoy-kiralik/daire/167382-319","1 / 6","65.000","20/06/2026","Uncubozköyün En Prestijli Sitesinde 2+1 Dairemiz","Kiralık Daire","2 + 1","107 m²","4 Yaşında","1. Kat","Manisa / Yunusemre / Uncubozköy Mah.","WhatsApp","https://www.hepsiemlak.com/_nuxt/8cafc93fb5c74c75e9e04e528e02ccdf.jpg","Lidya Emlak","https://www.hepsiemlak.com/_nuxt/8cafc93fb5c74c75e9e04e528e02ccdf.jpg"
"https://www.hepsiemlak.com/manisa-saruhanli-cengiz-topel-kiralik/daire/163565-217","1 / 24","18.500","01/08/2026","Emir Grup'tan Saruhanlı Cengiz Topelde Eşyalı 1+1 Kiralık Daire","Kiralık Daire","1 + 1","60 m²","Sıfır Bina","Yüksek Giriş","Manisa / Saruhanlı / Cengiz Topel Mah.","WhatsApp","https://www.hepsiemlak.com/_nuxt/8cafc93fb5c74c75e9e04e528e02ccdf.jpg","Emir Grup Muradiye","https://www.hepsiemlak.com/_nuxt/8cafc93fb5c74c75e9e04e528e02ccdf.jpg"
"https://www.hepsiemlak.com/manisa-turgutlu-ergenekon-kiralik/daire/164247-216","1 / 19","25.000","17/06/2026","Ergenekon Mahallesı'nde Asansörlü Otoparklı Kıralık 2 + 1 Daıre","Kiralık Daire","2 + 1","100 m²","Sıfır Bina","3. Kat","Manisa / Turgutlu / Ergenekon Mah.","WhatsApp","https://www.hepsiemlak.com/_nuxt/8cafc93fb5c74c75e9e04e528e02ccdf.jpg","Güler Emlak","https://www.hepsiemlak.com/_nuxt/8cafc93fb5c74c75e9e04e528e02ccdf.jpg"
"https://www.hepsiemlak.com/manisa-yunusemre-muradiye-kiralik/daire/134090-1265","1 / 19","16.000","16/07/2026","Göral Emlak'tan Açık Mutfaklı 2+1 Kiralık Daire","Kiralık Daire","2 + 1","80 m²","5 Yaşında","Yüksek Giriş","Manisa / Yunusemre / Muradiye Mah.","WhatsApp","https://www.hepsiemlak.com/_nuxt/8cafc93fb5c74c75e9e04e528e02ccdf.jpg","Göral Emlak","https://www.hepsiemlak.com/_nuxt/8cafc93fb5c74c75e9e04e528e02ccdf.jpg"
"https://www.hepsiemlak.com/manisa-akhisar-efendi-kiralik/daire/162211-266","1 / 8","18.500","22/07/2026","Efendi Mahallesinde 2+1 Kiralık 100m2 Daire","Kiralık Daire","2 + 1","100 m²","5 Yaşında","3. Kat","Manisa / Akhisar / Efendi Mah.","WhatsApp","https://www.hepsiemlak.com/_nuxt/8cafc93fb5c74c75e9e04e528e02ccdf.jpg","Aras Gayrimenkul","https://www.hepsiemlak.com/_nuxt/8cafc93fb5c74c75e9e04e528e02ccdf.jpg"
"https://www.hepsiemlak.com/manisa-alasehir-beseylul-kiralik/daire/167105-17","1 / 17","25.000","30/06/2026","Özbay Gayrimenkulden Şehir Merkezinde Eşyalı 3+1 Kiralık Daire","Kiralık Daire","3 + 1","115 m²","16 Yaşında","2. Kat","Manisa / Alaşehir / Beşeylül Mah.","WhatsApp","https://www.hepsiemlak.com/_nuxt/8cafc93fb5c74c75e9e04e528e02ccdf.jpg","Özbay Gayrimenkul","https://www.hepsiemlak.com/img/loadings/noImage55-55.png"
"https://www.hepsiemlak.com/manisa-turgutlu-acarlar-kiralik/daire/164007-100","1 / 23","21.000","12/06/2026","Manisa Turgutlu Acarlar M Kiralık Asansörlü 3+1 Daire","Kiralık Daire","3 + 1","135 m²","16 Yaşında","5. Kat","Manisa / Turgutlu / Acarlar Mah.","WhatsApp","https://www.hepsiemlak.com/_nuxt/8cafc93fb5c74c75e9e04e528e02ccdf.jpg","Rota Emlak",""
"https://www.hepsiemlak.com/manisa-turgutlu-ergenekon-kiralik/daire/156788-350","1 / 20","30.000","08/07/2026","Ergenekon Mahallesinde 3+1 Eşyalı Kiralık Daire","Kiralık Daire","3 + 1","150 m²","6 Yaşında","2. Kat","Manisa / Turgutlu / Ergenekon Mah.","WhatsApp","https://www.hepsiemlak.com/_nuxt/8cafc93fb5c74c75e9e04e528e02ccdf.jpg","Tam Nokta Zenginler","https://www.hepsiemlak.com/_nuxt/8cafc93fb5c74c75e9e04e528e02ccdf.jpg"
"https://www.hepsiemlak.com/manisa-yunusemre-muradiye-kiralik/daire/134090-1282","1 / 15","16.000","06/07/2026","Göral Emlaktan Muradiye İstasyonda Kiralık 1+1 Arakat","Kiralık Daire","1 + 1","55 m²","1 Yaşında","1. Kat","Manisa / Yunusemre / Muradiye Mah.","WhatsApp","https://hecdnnw.hemlak.com/mncropresize/77/67/logo/0/9/0/4/3/1/d6e5843a-7d62-43b8-970d-7a5a4d03b9ae.jpg","Göral Emlak",""
"https://www.hepsiemlak.com/manisa-sehzadeler-dere-kiralik/daire/139321-694","1 / 17","25.000","14/06/2026","Karaköyde Yeni Gelin Evi Olabilecek 3+1 Arakat","Kiralık Daire","3 + 1","135 m²","21 Yaşında","3. Kat","Manisa / Şehzadeler / Dere Mah.","WhatsApp","https://hecdnnw.hemlak.com/mncropresize/77/67/logo/1/2/3/9/3/1/b09c279f-bbc1-422d-9535-979fba33016c.jpg","Okatan Gayrimenkul",""
"https://www.hepsiemlak.com/manisa-akhisar-hurriyet-kiralik/daire/94123-2869","1 / 16","19.500","25/06/2026","Akhisar Hürriyet Mahallesinde Kiralık 80 M² 2+1 Sıfır Daire","Kiralık Daire","2 + 1","80 m²","Sıfır Bina","3. Kat","Manisa / Akhisar / Hürriyet Mah.","WhatsApp","","",""
"https://www.hepsiemlak.com/manisa-yunusemre-muradiye-kiralik/daire/134090-1280","1 / 16","21.000","06/07/2026","Göral Emlak'tan Havuzlu Site'de Kiralık 1+1 Daire","Kiralık Daire","1 + 1","55 m²","Sıfır Bina","Yüksek Giriş","Manisa / Yunusemre / Muradiye Mah.","WhatsApp","https://hecdn01.hemlak.com/mncropresize/182/137/ds01/8/7/4/8/4/8/6/4/e6953af7-c5e9-4e77-b0f3-0ccffa06d254.jpg","Göral Emlak","https://hecdnnw.hemlak.com/mncropresize/77/67/logo/0/9/0/4/3/1/d6e5843a-7d62-43b8-970d-7a5a4d03b9ae.jpg"
"https://www.hepsiemlak.com/manisa-yunusemre-barbaros-kiralik/daire/139321-689","1 / 17","21.000","17/06/2026","Okatan Gayrimenkulden Barboros Mah Bahçe Zemini","Kiralık Daire","2 + 1","95 m²","21 Yaşında","Bahçe Katı","Manisa / Yunusemre / Barbaros Mah.","WhatsApp","https://www.hepsiemlak.com/_nuxt/8cafc93fb5c74c75e9e04e528e02ccdf.jpg","Okatan Gayrimenkul","https://www.hepsiemlak.com/_nuxt/8cafc93fb5c74c75e9e04e528e02ccdf.jpg"
"https://www.hepsiemlak.com/manisa-turgutlu-albayrak-kiralik/daire/164247-211","1 / 10","16.000","12/07/2026","Albayrak Mahallesi 2+1-115m2","Kiralık Daire","2 + 1","120 m²","5 Yaşında","2. Kat","Manisa / Turgutlu / Albayrak Mah.","WhatsApp","https://www.hepsiemlak.com/_nuxt/8cafc93fb5c74c75e9e04e528e02ccdf.jpg","Güler Emlak","https://www.hepsiemlak.com/_nuxt/8cafc93fb5c74c75e9e04e528e02ccdf.jpg"
"https://www.hepsiemlak.com/manisa-yunusemre-muradiye-kiralik/daire/159142-199","1 / 22","22.000","29/08/2026","Aras Yapı'dan Muradiye De Havuzlu Eşyalı 1+1 Kiralık Daire","Kiralık Daire","1 + 1","60 m²","Sıfır Bina","3. Kat","Manisa / Yunusemre / Muradiye Mah.","WhatsApp","https://www.hepsiemlak.com/_nuxt/8cafc93fb5c74c75e9e04e528e02ccdf.jpg","",""
"https://www.hepsiemlak.com/manisa-yunusemre-50-yil-kiralik/daire/139321-679","1 / 19","16.500","08/07/2026","50.Yıl Mahallesinde 3 Yıllık Yeni Binada Kiralık 1+1 Daire","Kiralık Daire","1 + 1","55 m²","3 Yaşında","3. Kat","Manisa / Yunusemre / 50. Yıl Mah.","WhatsApp","https://www.hepsiemlak.com/_nuxt/8cafc93fb5c74c75e9e04e528e02ccdf.jpg","Okatan Gayrimenkul","https://www.hepsiemlak.com/_nuxt/8cafc93fb5c74c75e9e04e528e02ccdf.jpg"
"https://www.hepsiemlak.com/manisa-akhisar-resat-bey-kiralik/daire/94137-1397","1 / 24","25.000","09/08/2026","Akhisar Reşatbey Mahallesi'nde 2+1 Kiralık Daire","Kiralık Daire","2 + 1","85 m²","Sıfır Bina","2. Kat","Manisa / Akhisar / Reşat Bey Mah.","WhatsApp","https://www.hepsiemlak.com/_nuxt/8cafc93fb5c74c75e9e04e528e02ccdf.jpg","",""
"https://www.hepsiemlak.com/manisa-yunusemre-muradiye-kiralik/daire/159142-191","1 / 28","18.000","29/08/2026","Aras Yapı'dan Muradiye Mahallesinde 3+1 Kiralık Daire","Kiralık Daire","3 + 1","115 m²","5 Yaşında","2. Kat","Manisa / Yunusemre / Muradiye Mah.","WhatsApp","https://www.hepsiemlak.com/_nuxt/8cafc93fb5c74c75e9e04e528e02ccdf.jpg","",""
"https://www.hepsiemlak.com/manisa-yunusemre-muradiye-kiralik/daire/163068-767","1 / 9","14.000","23/07/2026","Evona'dan Muradiye Merkezde Kiralık 1+1 Daire","Kiralık Daire","1 + 1","50 m²","6 Yaşında","2. Kat","Manisa / Yunusemre / Muradiye Mah.","WhatsApp","https://www.hepsiemlak.com/_nuxt/8cafc93fb5c74c75e9e04e528e02ccdf.jpg","Coldwell Banker Evona","https://www.hepsiemlak.com/img/loadings/noImage55-55.png"
"https://www.hepsiemlak.com/manisa-sehzadeler-dilsikar-kiralik/daire/167382-390","1 / 11","20.000","31/08/2026","Dilşikar Mh 2+1 Kısmı Eşyalı","Kiralık Daire","2 + 1","90 m²","21 Yaşında","4. Kat","Manisa / Şehzadeler / Dilşikar Mah.","WhatsApp","https://www.hepsiemlak.com/_nuxt/8cafc93fb5c74c75e9e04e528e02ccdf.jpg","Lidya Emlak","https://www.hepsiemlak.com/_nuxt/8cafc93fb5c74c75e9e04e528e02ccdf.jpg"
"https://www.hepsiemlak.com/manisa-akhisar-resat-bey-kiralik/daire/94137-1285","1 / 22","20.000","09/08/2026","Akhisar Reşatbey Mahallesi'nde 2+1 Kiralık Daire","Kiralık Daire","2 + 1","80 m²","Sıfır Bina","2. Kat","Manisa / Akhisar / Reşat Bey Mah.","WhatsApp","https://www.hepsiemlak.com/_nuxt/8cafc93fb5c74c75e9e04e528e02ccdf.jpg","",""
"https://www.hepsiemlak.com/manisa-alasehir-seyh-sinan-kiralik/daire/161514-41","1 / 24","22.000","30/06/2026","Kiralık 3+1 Zemin Kat , Bahçeli Aile Apartmanı","Kiralık Daire","3 + 1","150 m²","16 Yaşında","Bahçe Katı","Manisa / Alaşehir / Şeyh Sinan Mah.","WhatsApp","https://www.hepsiemlak.com/_nuxt/8cafc93fb5c74c75e9e04e528e02ccdf.jpg","Alaşehir Efe Gayrimenkul","https://www.hepsiemlak.com/_nuxt/8cafc93fb5c74c75e9e04e528e02ccdf.jpg"
"https://www.hepsiemlak.com/manisa-yunusemre-muradiye-kiralik/daire/159142-174","1 / 16","16.000","03/09/2026","Aras Yapı'dan İstasyon Caddesinde 2+1 K.Mutfak Kiralık Daire","Kiralık Daire","2 + 1","90 m²","2 Yaşında","3. Kat","Manisa / Yunusemre / Muradiye Mah.","WhatsApp","https://www.hepsiemlak.com/_nuxt/8cafc93fb5c74c75e9e04e528e02ccdf.jpg","",""
"https://www.hepsiemlak.com/manisa-yunusemre-muradiye-kiralik/daire/139321-703","1 / 13","18.000","10/09/2026","Havuzlu Sitede | Yerden Isıtmalı | Sıfır & Masrafsız Lüks 1+1!","Kiralık Daire","1 + 1","55 m²","Sıfır Bina","1. Kat","Manisa / Yunusemre / Muradiye Mah.","WhatsApp","https://www.hepsiemlak.com/_nuxt/8cafc93fb5c74c75e9e04e528e02ccdf.jpg","Okatan Gayrimenkul","https://www.hepsiemlak.com/_nuxt/8cafc93fb5c74c75e9e04e528e02ccdf.jpg"
"https://www.hepsiemlak.com/manisa-alasehir-kurtulus-kiralik/daire/161514-40","1 / 27","15.500","29/06/2026","Doğalgazlı Kurtuluş Mah. Kiralık 1+1 Daire","Kiralık Daire","1 + 1","60 m²","4 Yaşında","Bahçe Katı","Manisa / Alaşehir / Kurtuluş Mah.","WhatsApp","https://www.hepsiemlak.com/_nuxt/8cafc93fb5c74c75e9e04e528e02ccdf.jpg","Alaşehir Efe Gayrimenkul","https://www.hepsiemlak.com/_nuxt/8cafc93fb5c74c75e9e04e528e02ccdf.jpg"
"https://www.hepsiemlak.com/manisa-yunusemre-akgedik-kiralik/daire/159142-173","1 / 30","17.500","01/09/2026","Aras Yapı Gayrimenkul'den Akgedik Toki 3.Etap 3+1 Kiralık Daire","Kiralık Daire","3 + 1","110 m²","Sıfır Bina","2. Kat","Manisa / Yunusemre / Akgedik Mah.","WhatsApp","https://www.hepsiemlak.com/_nuxt/8cafc93fb5c74c75e9e04e528e02ccdf.jpg","",""
"https://www.hepsiemlak.com/manisa-alasehir-fatih-kiralik/daire/167105-23","1 / 9","16.000","26/06/2026","Özbay Gayrimenkul / Fatih Mahallesinde Kiralık 1+1 Eşyalı Daire","Kiralık Daire","1 + 1","48 m²","5 Yaşında","Yüksek Giriş","Manisa / Alaşehir / Fatih Mah.","WhatsApp","https://www.hepsiemlak.com/_nuxt/8cafc93fb5c74c75e9e04e528e02ccdf.jpg","Özbay Gayrimenkul","https://www.hepsiemlak.com/img/loadings/noImage55-55.png"
"https://www.hepsiemlak.com/manisa-akhisar-resat-bey-kiralik/daire/94137-1417","1 / 20","20.000","28/07/2026","Akhisar Reşatbey Mahallesi'nde 2+1 Kiralık Daire","Kiralık Daire","2 + 1","110 m²","Sıfır Bina","4. Kat","Manisa / Akhisar / Reşat Bey Mah.","WhatsApp","https://www.hepsiemlak.com/_nuxt/8cafc93fb5c74c75e9e04e528e02ccdf.jpg","",""
"https://www.hepsiemlak.com/manisa-yunusemre-yeni-mahalle-kiralik/daire/167382-303","1 / 10","39.000","22/08/2026","Yeni Mahallede Yeni Gelinlere Özel 2+1","Kiralık Daire","2 + 1","95 m²","4 Yaşında","2. Kat","Manisa / Yunusemre / Yeni Mahalle Mah.","WhatsApp","https://www.hepsiemlak.com/_nuxt/8cafc93fb5c74c75e9e04e528e02ccdf.jpg","Lidya Emlak","https://www.hepsiemlak.com/_nuxt/8cafc93fb5c74c75e9e04e528e02ccdf.jpg"
"https://www.hepsiemlak.com/manisa-yunusemre-muradiye-kiralik/daire/159142-172","1 / 22","18.500","28/08/2026","Aras Yapı Gayrimenkul'den Muradiye De 1+1 Eşyalı Kiralık Daire","Kiralık Daire","1 + 1","50 m²","Sıfır Bina","Yüksek Giriş","Manisa / Yunusemre / Muradiye Mah.","WhatsApp","https://www.hepsiemlak.com/_nuxt/8cafc93fb5c74c75e9e04e528e02ccdf.jpg","",""
"https://www.hepsiemlak.com/manisa-alasehir-kurtulus-kiralik/daire/161514-14","1 / 20","15.000","03/07/2026","Kurtuluş Mah. Kiralık 1+1 Daire","Kiralık Daire","1 + 1","45 m²","1 Yaşında","2. Kat","Manisa / Alaşehir / Kurtuluş Mah.","WhatsApp","https://www.hepsiemlak.com/_nuxt/8cafc93fb5c74c75e9e04e528e02ccdf.jpg","Alaşehir Efe Gayrimenkul","https://www.hepsiemlak.com/_nuxt/8cafc93fb5c74c75e9e04e528e02ccdf.jpg"
"https://www.hepsiemlak.com/manisa-yunusemre-karaali-kiralik/daire/139321-712","1 / 12","15.000","22/06/2026","Karaalide Fırsat Kiralık Daire","Kiralık Daire","1 + 1","55 m²","6 Yaşında","Zemin","Manisa / Yunusemre / Karaali Mah.","WhatsApp","https://www.hepsiemlak.com/_nuxt/8cafc93fb5c74c75e9e04e528e02ccdf.jpg","Okatan Gayrimenkul","https://www.hepsiemlak.com/_nuxt/8cafc93fb5c74c75e9e04e528e02ccdf.jpg"
"https://www.hepsiemlak.com/manisa-akhisar-ataturk-kiralik/daire/94137-1497","1 / 19","21.000","09/07/2026","Akhisar Atatürk Mahallesi'nde 1+1 Kiralık Daire","Kiralık Daire","1 + 1","65 m²","6 Yaşında","3. Kat","Manisa / Akhisar / Atatürk Mah.","WhatsApp","","",""
"https://www.hepsiemlak.com/manisa-salihli-yesilyurt-kiralik/daire/164777-17","1 / 6","12.500","28/07/2026","Salihli Yeşilyurt Mh. Kiralık 1+1 Daire","Kiralık Daire","1 + 1","55 m²","Sıfır Bina","2. Kat","Manisa / Salihli / Yeşilyurt Mah.","WhatsApp","https://hecdnnw.hemlak.com/mncropresize/77/67/logo/7/7/7/4/6/1/744eecce-93a8-4eea-883f-a98dc0a8b811.jpg","Ege Yaşam Gayrimenkul Yatırım Danışmanlık",""
"https://www.hepsiemlak.com/manisa-yunusemre-muradiye-kiralik/daire/169829-63","1 / 9","18.000","24/07/2026","Asil Emlak'tan Muradiye'de 1+1 Eşyalı Daire","Kiralık Daire","1 + 1","55 m²","5 Yaşında","5. Kat","Manisa / Yunusemre / Muradiye Mah.","WhatsApp","","",""
"https://www.hepsiemlak.com/manisa-alasehir-kurtulus-kiralik/daire/156372-132","1 / 9","17.500","08/09/2026","Gökay Grup'tan 1+1 Full Eşyalı Kiralık Daire","Kiralık Daire","1 + 1","50 m²","1 Yaşında","4. Kat","Manisa / Alaşehir / Kurtuluş Mah.","WhatsApp","https://hecdn01.hemlak.com/mncropresize/182/137/ds01/6/1/4/6/7/2/6/4/6ea8c614-3e3a-4020-9d5e-be86959f4aac.jpg","",""
"https://www.hepsiemlak.com/manisa-akhisar-seyit-ahmet-kiralik/daire/94137-1488","1 / 19","17.000","23/06/2026","Akhisar Seyitahmet Mahallesi'nde Kiralık 2+1 Daire","Kiralık Daire","2 + 1","90 m²","Sıfır Bina","2. Kat","Manisa / Akhisar / Seyit Ahmet Mah.","WhatsApp","https://www.hepsiemlak.com/_nuxt/8cafc93fb5c74c75e9e04e528e02ccdf.jpg","",""
"https://www.hepsiemlak.com/manisa-akhisar-resat-bey-kiralik/daire/94137-1467","1 / 18","18.000","09/08/2026","Akhisar Reşatbey Mahallesi'nde 1+1 Kiralık Daire","Kiralık Daire","1 + 1","74 m²","Sıfır Bina","2. Kat","Manisa / Akhisar / Reşat Bey Mah.","WhatsApp","https://www.hepsiemlak.com/_nuxt/8cafc93fb5c74c75e9e04e528e02ccdf.jpg","",""
"https://www.hepsiemlak.com/manisa-alasehir-kurtulus-kiralik/daire/161514-34","1 / 10","13.500","17/06/2026","Meydana Çok Yakın 1+1 Eşyalı Kiralık Daire","Kiralık Daire","1 + 1","55 m²","5 Yaşında","Yüksek Giriş","Manisa / Alaşehir / Kurtuluş Mah.","WhatsApp","https://www.hepsiemlak.com/_nuxt/8cafc93fb5c74c75e9e04e528e02ccdf.jpg","Alaşehir Efe Gayrimenkul","https://www.hepsiemlak.com/_nuxt/8cafc93fb5c74c75e9e04e528e02ccdf.jpg"
"https://www.hepsiemlak.com/manisa-turgutlu-yigitler-kiralik/daire/164247-174","1 / 8","15.000","23/07/2026","Üniversiteye Yakın Kiralık 1+1 Eşyalı Daire Yiğitler Mahallesi","Kiralık Daire","1 + 1","80 m²","5 Yaşında","1. Kat","Manisa / Turgutlu / Yiğitler Mah.","WhatsApp","https://www.hepsiemlak.com/_nuxt/8cafc93fb5c74c75e9e04e528e02ccdf.jpg","Güler Emlak","https://www.hepsiemlak.com/_nuxt/8cafc93fb5c74c75e9e04e528e02ccdf.jpg"
"https://www.hepsiemlak.com/manisa-turgutlu-albayrak-kiralik/daire/164247-213","1 / 6","13.000","12/07/2026","Albayrak Mahallesi Toki 2+1 Açık Mutfak","Kiralık Daire","2 + 1","80 m²","6 Yaşında","3. Kat","Manisa / Turgutlu / Albayrak Mah.","WhatsApp","https://www.hepsiemlak.com/_nuxt/8cafc93fb5c74c75e9e04e528e02ccdf.jpg","Güler Emlak","https://www.hepsiemlak.com/_nuxt/8cafc93fb5c74c75e9e04e528e02ccdf.jpg"
"https://www.hepsiemlak.com/manisa-akhisar-inonu-kiralik/daire/94137-1275","1 / 33","15.000","22/08/2026","Akhisar İnönü Mahallesi'nde 3+1 Kiralık Daire","Kiralık Daire","3 + 1","125 m²","35 Yaşında","2. Kat","Manisa / Akhisar / İnönü Mah.","WhatsApp","https://www.hepsiemlak.com/_nuxt/8cafc93fb5c74c75e9e04e528e02ccdf.jpg","",""
"https://www.hepsiemlak.com/manisa-akhisar-hurriyet-kiralik/daire/94137-1431","1 / 24","16.000","28/07/2026","Akhisar Hürriyet Mahallesi'nde 3+1 Kiralık Daire","Kiralık Daire","3 + 1","130 m²","30 Yaşında","2. Kat","Manisa / Akhisar / Hürriyet Mah.","WhatsApp","https://www.hepsiemlak.com/_nuxt/8cafc93fb5c74c75e9e04e528e02ccdf.jpg","",""