"listingCard__media-link href","listingCard__photo-index","listingCard__price","listingCard__date","listingCard__title","listingCard__spec-item","listingCard__spec-item 2","listingCard__spec-item 3","listingCard__spec-item 4","listingCard__spec-item 5","listingCard__location","he-lazy-image src","listingCard__owner-firm","wp-btn-label","he-lazy-image src 2"
"https://www.hepsiemlak.com/denizli-pamukkale-feslegen-kiralik/daire/165637-65","1 / 10","14.250","10/09/2026","Çınar'a Yakın Cadde Üzeri Kiralık 1+1 Arakat Klimalı Apart","Kiralık Daire","1 + 1","55 m²","7 Yaşında","Ara Kat","Denizli / Pamukkale / Fesleğen Mah.","https://hecdnnw.hemlak.com/mncropresize/77/67/logo/7/3/6/5/6/1/94aa593d-3cc2-41bd-a083-49d4d5f9102c.jpg","Nestway Office İnşaat Emlak Galeri","WhatsApp",""
"https://www.hepsiemlak.com/denizli-merkezefendi-karaman-kiralik/daire/120473-377","1 / 34","25.500","10/09/2026","Kiremitçi Mahallesi Su Deposu Karşısı 1.Arakat *açık Mutfak 3+1*","Kiralık Daire","3 + 1","140 m²","11 Yaşında","1. Kat","Denizli / Merkezefendi / Karaman Mah.","https://www.hepsiemlak.com/img/loadings/noImage55-55.png","Luin Zera Gayrimenkul","WhatsApp",""
"https://www.hepsiemlak.com/denizli-pamukkale-asmalievler-kiralik/daire/150342-44","1 / 17","15.000","10/09/2026","Asmalıevler Mahallesi Kiralık 1+1 Full Eşyalı Apart","Kiralık Daire","1 + 1","50 m²","8 Yaşında","Ara Kat","Denizli / Pamukkale / Asmalıevler Mah.","","","WhatsApp",""
"https://www.hepsiemlak.com/denizli-pamukkale-mehmetcik-kiralik/daire/152590-37","1 / 28","25.000","10/09/2026","Yükseller'den Mehmetçik'te 2+1 Full Eşyalı Balkonlu Daire","Kiralık Daire","2 + 1","80 m²","6 Yaşında","3. Kat","Denizli / Pamukkale / Mehmetçik Mah.","https://hecdn01.hemlak.com/mncropresize/182/137/ds01/1/8/5/2/6/2/7/4/c9b679da-09ef-458e-b638-4db416d1e07a.jpg","","WhatsApp",""
"https://www.hepsiemlak.com/denizli-merkezefendi-selcuk-bey-kiralik/daire/151247-99","1 / 18","20.000","10/09/2026","Albayrak Meydanı Üstünde Kiralık Daire","Kiralık Daire","3 + 1","160 m²","18 Yaşında","Yüksek Giriş","Denizli / Merkezefendi / Selçuk Bey Mah.","https://hecdn01.hemlak.com/mncropresize/182/137/ds01/9/7/2/9/6/0/7/4/dfd2d397-d189-46c7-ae09-38f775186cfe.jpg","","WhatsApp",""
"https://www.hepsiemlak.com/denizli-pamukkale-mehmetcik-kiralik/daire/113603-249","1 / 27","31.000","10/09/2026","Mehmetçik Forum'a Ve Jandarma'ya Yakın Balkonlu Asansörlü 3+1 Kiralık Daire","Kiralık Daire","3 + 1","170 m²","30 Yaşında","4. Kat","Denizli / Pamukkale / Mehmetçik Mah.","https://www.hepsiemlak.com/_nuxt/8cafc93fb5c74c75e9e04e528e02ccdf.jpg","","WhatsApp",""
"https://www.hepsiemlak.com/denizli-merkezefendi-kayalar-kiralik/daire/134013-267","1 / 34","30.000","10/09/2026","Sinpaş Aquacityde Kiralık 2,5+1 Ara Kat Konfor Ve Sessizlik","Kiralık Daire","2 + 1","120 m²","6 Yaşında","4. Kat","Denizli / Merkezefendi / Kayalar Mah.","https://www.hepsiemlak.com/_nuxt/8cafc93fb5c74c75e9e04e528e02ccdf.jpg","","WhatsApp",""
"https://www.hepsiemlak.com/denizli-pamukkale-siteler-kiralik/daire/152590-18","1 / 31","32.500","10/09/2026","Ulus Caddesinde 2+1 Lüks Eşyalı Amerikan Mutfak Soft Daire","Kiralık Daire","2 + 1","90 m²","5 Yaşında","3. Kat","Denizli / Pamukkale / Siteler Mah.","https://www.hepsiemlak.com/_nuxt/8cafc93fb5c74c75e9e04e528e02ccdf.jpg","","WhatsApp",""
"https://www.hepsiemlak.com/denizli-merkezefendi-adalet-kiralik/daire/92159-120","1 / 14","32.000","10/09/2026","Adalet Mahallesi Sgk Karşısı 160m2 3+1 Kiralık Daire İlan Görselleri Videolu","Kiralık Daire","3 + 1","170 m²","20 Yaşında","Ara Kat","Denizli / Merkezefendi / Adalet Mah.","https://www.hepsiemlak.com/_nuxt/8cafc93fb5c74c75e9e04e528e02ccdf.jpg","","WhatsApp",""
"https://www.hepsiemlak.com/denizli-pamukkale-15-mayis-kiralik/daire/128169-669","1 / 12","21.000","10/09/2026","Gülceden, Çınara Yürüme Mesafesinde, Eşyalı,Kiralık 2+1 Apart","Kiralık Daire","2 + 1","65 m²","16 Yaşında","2. Kat","Denizli / Pamukkale / 15 Mayıs Mah.","https://www.hepsiemlak.com/_nuxt/8cafc93fb5c74c75e9e04e528e02ccdf.jpg","Gülce Emlak","WhatsApp","https://www.hepsiemlak.com/_nuxt/8cafc93fb5c74c75e9e04e528e02ccdf.jpg"
"https://www.hepsiemlak.com/denizli-merkezefendi-yenisafak-kiralik/daire/150342-54","1 / 26","40.000","10/09/2026","Yenişafak Mah. Kiralık 3,5+1 Daire // Arakat// Havuzlu Site","Kiralık Daire","3 + 1","200 m²","6 Yaşında","2. Kat","Denizli / Merkezefendi / Yenişafak Mah.","https://www.hepsiemlak.com/_nuxt/8cafc93fb5c74c75e9e04e528e02ccdf.jpg","","WhatsApp",""
"https://www.hepsiemlak.com/denizli-merkezefendi-gultepe-kiralik/daire/102131-54588","1 / 22","27.500","10/09/2026","Denizli Tuik Yakını Cadde Üzeri 3+1 135 M2 Önü Açık Kiralık Daire","Kiralık Daire","3 + 1","135 m²","12 Yaşında","1. Kat","Denizli / Merkezefendi / Gültepe Mah.","https://www.hepsiemlak.com/_nuxt/8cafc93fb5c74c75e9e04e528e02ccdf.jpg","Yüksel Gayrimenkul","WhatsApp","https://www.hepsiemlak.com/_nuxt/8cafc93fb5c74c75e9e04e528e02ccdf.jpg"
"https://www.hepsiemlak.com/denizli-pamukkale-incilipinar-kiralik/daire/129038-803","1 / 18","15.250","10/09/2026","İncilipınar/salı Pazarına Yakın 1+1 Arakat Eşyalı Balkonlu Apart Kiralıktır","Kiralık Daire","1 + 1","60 m²","16 Yaşında","1. Kat","Denizli / Pamukkale / İncilipınar Mah.","https://www.hepsiemlak.com/_nuxt/8cafc93fb5c74c75e9e04e528e02ccdf.jpg","Neslihan Emlak & Yatırım Danışmanlığı","WhatsApp","https://www.hepsiemlak.com/_nuxt/8cafc93fb5c74c75e9e04e528e02ccdf.jpg"
"https://www.hepsiemlak.com/denizli-pamukkale-istiklal-kiralik/daire/120473-376","1 / 1","5.250.000","10/09/2026","İstiklal Cadde Arkası 3+1* Teraslı Bakımlı Dubleks Daire","Kiralık Daire","3 + 1","240 m²","11 Yaşında","3. Kat","Denizli / Pamukkale / İstiklal Mah.","https://www.hepsiemlak.com/_nuxt/8cafc93fb5c74c75e9e04e528e02ccdf.jpg","Luin Zera Gayrimenkul","WhatsApp","https://www.hepsiemlak.com/img/loadings/noImage55-55.png"
"https://www.hepsiemlak.com/denizli-pamukkale-bagbasi-kiralik/daire/170982-30","1 / 10","20.000","10/09/2026","Zeytinköy Mahallesi 2+1 Kiralık Apart","Kiralık Daire","2 + 1","60 m²","5 Yaşında","En Üst Kat","Denizli / Pamukkale / Bağbaşı Mah.","https://www.hepsiemlak.com/_nuxt/8cafc93fb5c74c75e9e04e528e02ccdf.jpg","Polat Grup  Gayrimenkul Mimarlık","WhatsApp","https://www.hepsiemlak.com/_nuxt/8cafc93fb5c74c75e9e04e528e02ccdf.jpg"
"https://www.hepsiemlak.com/denizli-merkezefendi-servergazi-kiralik/daire/150342-17","1 / 35","52.000","10/09/2026","Servergazi Mah. Kiralık 3,5+1 Daire 200m2 / Havuzlu","Kiralık Daire","3 + 1","220 m²","6 Yaşında","1. Kat","Denizli / Merkezefendi / Servergazi Mah.","https://www.hepsiemlak.com/_nuxt/8cafc93fb5c74c75e9e04e528e02ccdf.jpg","","WhatsApp",""
"https://www.hepsiemlak.com/denizli-pamukkale-incilipinar-kiralik/daire/170982-21","1 / 7","16.000","10/09/2026","İncilipınar Parkına Yürüme Mesafesinde Kiralık 1+1 Arakat Apart","Kiralık Daire","1 + 1","45 m²","11 Yaşında","2. Kat","Denizli / Pamukkale / İncilipınar Mah.","https://www.hepsiemlak.com/_nuxt/8cafc93fb5c74c75e9e04e528e02ccdf.jpg","Polat Grup  Gayrimenkul Mimarlık","WhatsApp","https://www.hepsiemlak.com/_nuxt/8cafc93fb5c74c75e9e04e528e02ccdf.jpg"
"https://www.hepsiemlak.com/denizli-merkezefendi-gultepe-kiralik/daire/170013-25","1 / 20","24.000","10/09/2026","Denizli Gültepe Mahallesinde Kiralık 3+1 Daire","Kiralık Daire","3 + 1","160 m²","5 Yaşında","1. Kat","Denizli / Merkezefendi / Gültepe Mah.","https://www.hepsiemlak.com/_nuxt/8cafc93fb5c74c75e9e04e528e02ccdf.jpg","","WhatsApp",""
"https://www.hepsiemlak.com/denizli-pamukkale-kuspinar-kiralik/daire/129038-882","1 / 18","16.000","10/09/2026","Kuşpınar'da Saadet Erikoğlu İlköğretim Okulu Yanı Arakat Kiralık","Kiralık Daire","2 + 1","105 m²","31 Yaşında","2. Kat","Denizli / Pamukkale / Kuşpınar Mah.","https://www.hepsiemlak.com/_nuxt/8cafc93fb5c74c75e9e04e528e02ccdf.jpg","Neslihan Emlak & Yatırım Danışmanlığı","WhatsApp","https://www.hepsiemlak.com/_nuxt/8cafc93fb5c74c75e9e04e528e02ccdf.jpg"
"https://www.hepsiemlak.com/denizli-pamukkale-kuspinar-kiralik/daire/129038-834","1 / 15","26.000","10/09/2026","Kuşpınar Çamlık Bulvarı Bir Arkası Arakat 2+1 Ful Eşyalı Kiralık","Kiralık Daire","2 + 1","110 m²","21 Yaşında","2. Kat","Denizli / Pamukkale / Kuşpınar Mah.","https://www.hepsiemlak.com/_nuxt/8cafc93fb5c74c75e9e04e528e02ccdf.jpg","Neslihan Emlak & Yatırım Danışmanlığı","WhatsApp","https://www.hepsiemlak.com/_nuxt/8cafc93fb5c74c75e9e04e528e02ccdf.jpg"
"https://www.hepsiemlak.com/denizli-pamukkale-topraklik-kiralik/daire/94227-41","1 / 12","16.000","10/09/2026","Balaman Gayrimenkul Topraklık Mahallesi Arakat Kiralık Daire....","Kiralık Daire","2 + 1","105 m²","26 Yaşında","3. Kat","Denizli / Pamukkale / Topraklık Mah.","https://www.hepsiemlak.com/_nuxt/8cafc93fb5c74c75e9e04e528e02ccdf.jpg","","WhatsApp",""
"https://www.hepsiemlak.com/denizli-pamukkale-asmalievler-kiralik/daire/49011-11431","1 / 12","19.000","10/09/2026","Binyapıdan Asmalıevler Paü Yakını Full Eşyalı Lüks Apart !!","Kiralık Daire","1 + 1","60 m²","10 Yaşında","Çatı Katı","Denizli / Pamukkale / Asmalıevler Mah.","https://www.hepsiemlak.com/_nuxt/8cafc93fb5c74c75e9e04e528e02ccdf.jpg","","WhatsApp",""
"https://www.hepsiemlak.com/denizli-pamukkale-mehmetcik-kiralik/daire/129038-869","1 / 12","25.000","10/09/2026","Mehmetçik Forum Ve Ulusun Arası 3+1 Arakat Daire Kiralıktır","Kiralık Daire","3 + 1","150 m²","21 Yaşında","4. Kat","Denizli / Pamukkale / Mehmetçik Mah.","https://www.hepsiemlak.com/_nuxt/8cafc93fb5c74c75e9e04e528e02ccdf.jpg","Neslihan Emlak & Yatırım Danışmanlığı","WhatsApp","https://www.hepsiemlak.com/_nuxt/8cafc93fb5c74c75e9e04e528e02ccdf.jpg"
"https://www.hepsiemlak.com/denizli-pamukkale-zeytinkoy-kiralik/daire/165637-67","1 / 9","15.250","10/09/2026","Cerrah Hastanesi Yakını Üniversiteye Yürüme Mesafesinde 1+1 Apart","Kiralık Daire","1 + 1","55 m²","8 Yaşında","Ara Kat","Denizli / Pamukkale / Zeytinköy Mah.","https://www.hepsiemlak.com/_nuxt/8cafc93fb5c74c75e9e04e528e02ccdf.jpg","Nestway Office İnşaat Emlak Galeri","WhatsApp","https://www.hepsiemlak.com/_nuxt/8cafc93fb5c74c75e9e04e528e02ccdf.jpg"
"https://www.hepsiemlak.com/denizli-merkezefendi-saraylar-kiralik/daire/140658-259","1 / 29","18.000","10/09/2026","Kiralık Geniş 2+1 Ara Kat Daire Denizli Devlet Hastanesi Yakını","Kiralık Daire","2 + 1","115 m²","11 Yaşında","2. Kat","Denizli / Merkezefendi / Saraylar Mah.","https://hecdnnw.hemlak.com/mncropresize/77/67/logo/8/5/6/0/4/1/d4d8686a-14ca-433a-a6b9-ce35b69893cf.jpg","Pars Gayrimenkul","WhatsApp",""
"https://www.hepsiemlak.com/denizli-merkezefendi-karahasanli-kiralik/daire/136930-486","1 / 18","21.500","07/09/2026","Karahasanlı Hastane Dibi 2+1 Sıfır Arakat Kiralık","Kiralık Daire","2 + 0","65 m²","Sıfır Bina","3. Kat","Denizli / Merkezefendi / Karahasanlı Mah.","https://hecdnnw.hemlak.com/mncropresize/77/67/logo/0/3/9/6/3/1/7b1beb00-b779-49dc-989b-ac89d9d86f3c.jpg","Ys-lıfe Gayrimenkul","WhatsApp",""
"https://www.hepsiemlak.com/denizli-merkezefendi-gultepe-kiralik/daire/137304-915","1 / 24","21.000","09/09/2026","Gültepe Mah.Kaynarca Restoran Yakını 3+1 Kiralık Daire.","Kiralık Daire","3 + 1","145 m²","15 Yaşında","3. Kat","Denizli / Merkezefendi / Gültepe Mah.","https://hecdnnw.hemlak.com/mncropresize/77/67/logo/4/0/3/7/3/1/50f54546-0415-42cd-a660-0b6a5f498816.jpg","Şahin Gayrimenkul","WhatsApp","https://hecdnnw.hemlak.com/mncropresize/77/67/firmuser/2/2/5/1/5/7/3/4dbe7e62-f13b-4472-8f1a-a3695090a274.jpg"
"https://www.hepsiemlak.com/denizli-merkezefendi-kayalar-kiralik/daire/134013-261","1 / 14","21.000","03/09/2026","Sinpaş Aquacity 1+1 Eşyasız Daire Pamukkale Manzaralı","Kiralık Daire","1 + 1","80 m²","6 Yaşında","17. Kat","Denizli / Merkezefendi / Kayalar Mah.","https://hecdn01.hemlak.com/mncropresize/182/137/ds01/7/3/7/7/6/1/7/4/5d93a5ae-0355-4380-b351-16fdf859561d.jpg","","WhatsApp",""
"https://www.hepsiemlak.com/denizli-merkezefendi-1200-evler-kiralik/daire/121853-1789","1 / 30","38.000","05/09/2026","Özyapı'dan 1200 Evler'de 3+1 E.Banyolu Önü Açık Kiralık Daire","Kiralık Daire","3 + 1","150 m²","Sıfır Bina","Yüksek Giriş","Denizli / Merkezefendi / 1200 Evler Mah.","https://www.hepsiemlak.com/_nuxt/8cafc93fb5c74c75e9e04e528e02ccdf.jpg","Özyapı İnşaat Gayrimenkul","WhatsApp","https://www.hepsiemlak.com/_nuxt/8cafc93fb5c74c75e9e04e528e02ccdf.jpg"
"https://www.hepsiemlak.com/denizli-pamukkale-asmalievler-kiralik/daire/4766-18841","1 / 12","13.000","09/09/2026","Ender Uysal Gayrimenkulden Asmalıevlerde 1+1 Çatı Katı Kiralık Daire Yetki No 40615115","Kiralık Daire","1 + 1","45 m²","5 Yaşında","Çatı Katı","Denizli / Pamukkale / Asmalıevler Mah.","https://www.hepsiemlak.com/_nuxt/8cafc93fb5c74c75e9e04e528e02ccdf.jpg","","WhatsApp",""
"https://www.hepsiemlak.com/denizli-merkezefendi-akcesme-kiralik/daire/141511-1078","1 / 60","33.000","07/09/2026","Denizli Şemikler De Yaşam Parkı Yürüme Mesafesinde Fırsat 3+1 150 M2 Daire","Kiralık Daire","3 + 1","150 m²","1 Yaşında","4. Kat","Denizli / Merkezefendi / Akçeşme Mah.","https://www.hepsiemlak.com/_nuxt/8cafc93fb5c74c75e9e04e528e02ccdf.jpg","Re Life Gayrimenkul","WhatsApp","https://www.hepsiemlak.com/_nuxt/8cafc93fb5c74c75e9e04e528e02ccdf.jpg"
"https://www.hepsiemlak.com/denizli-pamukkale-feslegen-kiralik/daire/151247-97","1 / 15","15.000","09/09/2026","Kıbrısşehitler De  Kiralık  Daireler","Kiralık Daire","2 + 1","120 m²","29 Yaşında","Ara Kat","Denizli / Pamukkale / Fesleğen Mah.","https://www.hepsiemlak.com/_nuxt/8cafc93fb5c74c75e9e04e528e02ccdf.jpg","","WhatsApp",""
"https://www.hepsiemlak.com/denizli-pamukkale-asmalievler-kiralik/daire/76333-136","1 / 19","9.000","09/09/2026","Sahibinden  Kiralık Eşyalı Stüdyo Apart(1+0 )  Daire  Üniversite Yakını   Balkonlu Ön Cephe  Kombili","Kiralık Daire","1 + 1","45 m²","4 Yaşında","Bahçe Katı","Denizli / Pamukkale / Asmalıevler Mah.","https://www.hepsiemlak.com/_nuxt/8cafc93fb5c74c75e9e04e528e02ccdf.jpg","","WhatsApp",""
"https://www.hepsiemlak.com/denizli-pamukkale-asmalievler-kiralik/daire/122348-344","1 / 9","24.000","09/09/2026","Denizli Zeytinköy Mahallesi Ultra Lüks Kiralik Apart","Kiralık Daire","1 + 1","50 m²","Sıfır Bina","1. Kat","Denizli / Pamukkale / Asmalıevler Mah.","https://www.hepsiemlak.com/_nuxt/8cafc93fb5c74c75e9e04e528e02ccdf.jpg","Eva Port Gayrimenkul","WhatsApp","https://www.hepsiemlak.com/_nuxt/8cafc93fb5c74c75e9e04e528e02ccdf.jpg"
"https://www.hepsiemlak.com/denizli-pamukkale-incilipinar-kiralik/daire/136159-1482","1 / 12","18.000","05/09/2026","Mira Gayrimenkul İncilipınar Mevkisinde Kiralık 2+1 Daire","Kiralık Daire","2 + 1","90 m²","30 Yaşında","Zemin","Denizli / Pamukkale / İncilipınar Mah.","https://www.hepsiemlak.com/_nuxt/8cafc93fb5c74c75e9e04e528e02ccdf.jpg","Mira Gayrimenkul","WhatsApp","https://www.hepsiemlak.com/_nuxt/8cafc93fb5c74c75e9e04e528e02ccdf.jpg"
"https://www.hepsiemlak.com/denizli-pamukkale-atalar-kiralik/daire/54626-5856","1 / 26","24.000","08/09/2026","Kaan Emlaktan Şehir Merkezinde Arakat Bakımlı 2+1 Kiralık Daire","Kiralık Daire","2 + 1","125 m²","25 Yaşında","2. Kat","Denizli / Pamukkale / Atalar Mah.","https://www.hepsiemlak.com/_nuxt/8cafc93fb5c74c75e9e04e528e02ccdf.jpg","","WhatsApp",""
"https://www.hepsiemlak.com/denizli-pamukkale-mehmetcik-kiralik/daire/4766-18847","1 / 11","13.000","09/09/2026","Ender Uysal Gayrimenkulden Foruma Ve İl Jandarmaya Yakın 1+1 Kiralık Balkonlu Apart..","Kiralık Daire","1 + 1","45 m²","4 Yaşında","1. Kat","Denizli / Pamukkale / Mehmetçik Mah.","https://www.hepsiemlak.com/_nuxt/8cafc93fb5c74c75e9e04e528e02ccdf.jpg","","WhatsApp",""
"https://www.hepsiemlak.com/denizli-merkezefendi-yenisafak-kiralik/daire/154136-135","1 / 32","40.000","08/09/2026","Yenişafak Mah. Havuzlu , 7/24 Güvenlik Kamera , Arakat Kiralık Daire","Kiralık Daire","3 + 1","165 m²","5 Yaşında","3. Kat","Denizli / Merkezefendi / Yenişafak Mah.","https://www.hepsiemlak.com/_nuxt/8cafc93fb5c74c75e9e04e528e02ccdf.jpg","Horizon Gayrimenkul","WhatsApp","https://www.hepsiemlak.com/_nuxt/8cafc93fb5c74c75e9e04e528e02ccdf.jpg"
"https://www.hepsiemlak.com/denizli-pamukkale-siteler-kiralik/daire/152590-26","1 / 25","27.500","09/09/2026","Ulus Caddesinde 2+1 Sıfır Beyaz Eşyalı Ayrı Mutfak / Salon Daire","Kiralık Daire","1 + 1","80 m²","6 Yaşında","2. Kat","Denizli / Pamukkale / Siteler Mah.","https://www.hepsiemlak.com/_nuxt/8cafc93fb5c74c75e9e04e528e02ccdf.jpg","","WhatsApp",""
"https://www.hepsiemlak.com/denizli-pamukkale-kuspinar-kiralik/daire/60626-1288","1 / 16","19.000","09/09/2026","Kuşpınar Önü Yeşil Alan 3+1 Asansörlü Kiralık Daire","Kiralık Daire","3 + 1","135 m²","31 Yaşında","6. Kat","Denizli / Pamukkale / Kuşpınar Mah.","https://www.hepsiemlak.com/_nuxt/8cafc93fb5c74c75e9e04e528e02ccdf.jpg","Denizli Evim Gayrimenkul","WhatsApp",""
"https://www.hepsiemlak.com/denizli-pamukkale-siteler-kiralik/daire/120473-375","1 / 14","12.000","05/09/2026","Bursa Caddesi Üzerinde Unicity'de Kiralık Eşyalı Apart","Kiralık Daire","1 + 1","50 m²","6 Yaşında","Bahçe Katı","Denizli / Pamukkale / Siteler Mah.","https://www.hepsiemlak.com/_nuxt/8cafc93fb5c74c75e9e04e528e02ccdf.jpg","Luin Zera Gayrimenkul","WhatsApp","https://www.hepsiemlak.com/img/loadings/noImage55-55.png"
"https://www.hepsiemlak.com/denizli-pamukkale-kocadere-kiralik/daire/113603-256","1 / 13","13.500","05/09/2026","Kocadere Toki'de Sıfır Daire Önü Açık Ferah Arakat Asansörlü 2+1 Kiralık Daire","Kiralık Daire","2 + 1","100 m²","Sıfır Bina","3. Kat","Denizli / Pamukkale / Kocadere Mah.","https://www.hepsiemlak.com/_nuxt/8cafc93fb5c74c75e9e04e528e02ccdf.jpg","","WhatsApp",""
"https://www.hepsiemlak.com/denizli-pamukkale-karahayit-kiralik/daire/76333-23","1 / 13","15.000","08/09/2026","Kiralık  Eşyalı Daire Karahayıt  Toki  Evlerinde Hastaya Engelliye Uygun  85m2  1+1 Bahçe Katı","Kiralık Daire","1 + 1","95 m²","8 Yaşında","Bahçe Katı","Denizli / Pamukkale / Karahayıt Mah.","https://www.hepsiemlak.com/_nuxt/8cafc93fb5c74c75e9e04e528e02ccdf.jpg","","WhatsApp",""
"https://www.hepsiemlak.com/denizli-pamukkale-feslegen-kiralik/daire/122348-283","1 / 8","13.000","10/09/2026","Denizli Fesleğen Mahallesi Kiralık Apart","Kiralık Daire","1 + 1","40 m²","8 Yaşında","2. Kat","Denizli / Pamukkale / Fesleğen Mah.","https://www.hepsiemlak.com/_nuxt/8cafc93fb5c74c75e9e04e528e02ccdf.jpg","Eva Port Gayrimenkul","WhatsApp","https://www.hepsiemlak.com/_nuxt/8cafc93fb5c74c75e9e04e528e02ccdf.jpg"
"https://www.hepsiemlak.com/denizli-merkezefendi-selcuk-bey-kiralik/daire/91390-2682","1 / 30","18.000","07/09/2026","Şehzade'den Selçuk Bey Mah. Umutkent 2'de 3+1 Kiralık Daire","Kiralık Daire","3 + 1","120 m²","21 Yaşında","3. Kat","Denizli / Merkezefendi / Selçuk Bey Mah.","https://www.hepsiemlak.com/_nuxt/8cafc93fb5c74c75e9e04e528e02ccdf.jpg","Şehzade Gayrimenkul","WhatsApp","https://www.hepsiemlak.com/_nuxt/8cafc93fb5c74c75e9e04e528e02ccdf.jpg"
"https://www.hepsiemlak.com/denizli-merkezefendi-sirakapilar-kiralik/daire/102793-2773","1 / 12","14.000","09/09/2026","Fark20 Gayrimenkul'den Sırakapılar'da Kiralık 1+1 Apart","Kiralık Daire","1 + 1","65 m²","6 Yaşında","1. Kat","Denizli / Merkezefendi / Sırakapılar Mah.","https://www.hepsiemlak.com/_nuxt/8cafc93fb5c74c75e9e04e528e02ccdf.jpg","Fark 20 Emlak","WhatsApp",""
"https://www.hepsiemlak.com/denizli-merkezefendi-akkonak-kiralik/daire/121853-1783","1 / 20","16.000","05/09/2026","Özyapı'dan Akkonak'ta 1+1 Full Eşyalı Arakat Kiralık Apart","Kiralık Daire","1 + 1","50 m²","5 Yaşında","2. Kat","Denizli / Merkezefendi / Akkonak Mah.","https://www.hepsiemlak.com/_nuxt/8cafc93fb5c74c75e9e04e528e02ccdf.jpg","Özyapı İnşaat Gayrimenkul","WhatsApp","https://www.hepsiemlak.com/_nuxt/8cafc93fb5c74c75e9e04e528e02ccdf.jpg"
"https://www.hepsiemlak.com/denizli-merkezefendi-degirmenonu-kiralik/daire/128169-649","1 / 29","13.000","07/09/2026","Mimar Sinan Cad. Üzeri Eşyalı 1+1 Kiralık Apart","Kiralık Daire","1 + 1","50 m²","10 Yaşında","4. Kat","Denizli / Merkezefendi / Değirmenönü Mah.","https://www.hepsiemlak.com/_nuxt/8cafc93fb5c74c75e9e04e528e02ccdf.jpg","Gülce Emlak","WhatsApp","https://www.hepsiemlak.com/_nuxt/8cafc93fb5c74c75e9e04e528e02ccdf.jpg"
"https://www.hepsiemlak.com/denizli-pamukkale-kuspinar-kiralik/daire/69820-1422","1 / 8","16.000","10/09/2026","Kuşpınar'da Okula Yakın 1+1 Eşyalı Apart","Kiralık Daire","1 + 1","45 m²","26 Yaşında","Bahçe Katı","Denizli / Pamukkale / Kuşpınar Mah.","","","WhatsApp",""
"https://www.hepsiemlak.com/denizli-merkezefendi-hallaclar-kiralik/daire/64407-3661","1 / 27","25.000","05/09/2026","Hallaçlarda Kiralık Çok Temiz Çift Yalıtımlı Teras Daire Villa Kıvamında","Kiralık Daire","4 + 1","180 m²","13 Yaşında","Teras Katı","Denizli / Merkezefendi / Hallaçlar Mah.","","","WhatsApp",""
"https://www.hepsiemlak.com/denizli-pamukkale-siteler-kiralik/daire/4766-18844","1 / 11","15.000","09/09/2026","Ender Uysal Gayrimenkulden Kınıklıda Foruma Yakın Klimalı Balkonlu Lüks Eşyalı 1+1 Apart..","Kiralık Daire","1 + 1","45 m²","3 Yaşında","3. Kat","Denizli / Pamukkale / Siteler Mah.","","","WhatsApp",""
"https://www.hepsiemlak.com/denizli-pamukkale-atalar-kiralik/daire/150342-40","1 / 18","25.000","05/09/2026","Atalar Mahallesi Kiralık 3+1 Daire","Kiralık Daire","3 + 1","160 m²","16 Yaşında","2. Kat","Denizli / Pamukkale / Atalar Mah.","https://hecdn01.hemlak.com/mncropresize/182/137/ds01/5/8/2/5/4/2/7/4/1788518370-939065-47245285.jpeg","","WhatsApp",""
"https://www.hepsiemlak.com/denizli-pamukkale-mehmetcik-kiralik/daire/54626-5854","1 / 22","29.500","05/09/2026","Kaan Emlaktan Forum Çamlığa Yürüme Mesafesinde 2,5+1 Lüks Apart","Kiralık Daire","2 + 1","85 m²","3 Yaşında","2. Kat","Denizli / Pamukkale / Mehmetçik Mah.","https://www.hepsiemlak.com/_nuxt/8cafc93fb5c74c75e9e04e528e02ccdf.jpg","","WhatsApp",""
"https://www.hepsiemlak.com/denizli-merkezefendi-degirmenonu-kiralik/daire/170767-23","1 / 24","15.000","08/09/2026","Değirmenönü Mh. Asansör Klima Balkonlu Çok İyi Konumda Kiralık","Kiralık Daire","1 + 1","50 m²","6 Yaşında","4. Kat","Denizli / Merkezefendi / Değirmenönü Mah.","https://www.hepsiemlak.com/_nuxt/8cafc93fb5c74c75e9e04e528e02ccdf.jpg","","WhatsApp",""
"https://www.hepsiemlak.com/denizli-pamukkale-kuspinar-kiralik/daire/164043-116","1 / 35","20.000","09/09/2026","Stadyum Yakını 3+1 Arakat Asansörlü Kiralık Daire..","Kiralık Daire","3 + 1","145 m²","21 Yaşında","3. Kat","Denizli / Pamukkale / Kuşpınar Mah.","https://www.hepsiemlak.com/_nuxt/8cafc93fb5c74c75e9e04e528e02ccdf.jpg","Next Home's Gayrimenkul","WhatsApp","https://www.hepsiemlak.com/_nuxt/8cafc93fb5c74c75e9e04e528e02ccdf.jpg"
"https://www.hepsiemlak.com/denizli-pamukkale-hacikaplanlar-kiralik/daire/150371-230","1 / 22","15.500","03/09/2026","Ayşahtan Denizlide Ful Eşyalı Sırakapılarda Kiralık 1+1 Apart","Kiralık Daire","1 + 1","60 m²","6 Yaşında","Yüksek Giriş","Denizli / Pamukkale / Hacıkaplanlar Mah.","https://www.hepsiemlak.com/_nuxt/8cafc93fb5c74c75e9e04e528e02ccdf.jpg","","WhatsApp",""
"https://www.hepsiemlak.com/denizli-merkezefendi-yenisafak-kiralik/daire/137436-1231","1 / 33","54.000","07/09/2026","Ergün Aydında Havuzlu Site İçi Cam Balkonlu Ankastre Setli Daire","Kiralık Daire","3 + 1","210 m²","Sıfır Bina","2. Kat","Denizli / Merkezefendi / Yenişafak Mah.","https://www.hepsiemlak.com/_nuxt/8cafc93fb5c74c75e9e04e528e02ccdf.jpg","","WhatsApp",""
"https://www.hepsiemlak.com/denizli-pamukkale-kuspinar-kiralik/daire/67388-1074","1 / 35","14.750","08/09/2026","Arevtürk'den Kuşpınar'da Kiralık 95 M2 2+1 Daire","Kiralık Daire","2 + 1","95 m²","26 Yaşında","1. Kat","Denizli / Pamukkale / Kuşpınar Mah.","https://www.hepsiemlak.com/_nuxt/8cafc93fb5c74c75e9e04e528e02ccdf.jpg","","WhatsApp",""
"https://www.hepsiemlak.com/denizli-merkezefendi-altintop-kiralik/daire/138610-67","1 / 17","20.000","10/09/2026","Park Emlak'tan Mimar Sinan Caddesinde  Kiralık Daire","Kiralık Daire","3 + 1","155 m²","35 Yaşında","5. Kat","Denizli / Merkezefendi / Altıntop Mah.","https://www.hepsiemlak.com/_nuxt/8cafc93fb5c74c75e9e04e528e02ccdf.jpg","","WhatsApp",""
"https://www.hepsiemlak.com/denizli-pamukkale-topraklik-kiralik/daire/109302-137","1 / 14","13.500","08/09/2026","Denizli Kayalık Mevkii 1+1 Apartımız Kiralıktır","Kiralık Daire","1 + 1","50 m²","6 Yaşında","Ara Kat","Denizli / Pamukkale / Topraklık Mah.","https://www.hepsiemlak.com/_nuxt/8cafc93fb5c74c75e9e04e528e02ccdf.jpg","Çivrilli Emlak","WhatsApp","https://www.hepsiemlak.com/_nuxt/8cafc93fb5c74c75e9e04e528e02ccdf.jpg"
"https://www.hepsiemlak.com/denizli-pamukkale-siteler-kiralik/daire/94398-5989","1 / 9","14.000","10/09/2026","+1'den Üniversite Yakını 1+1 50 M2 Klimalı Apartlar","Kiralık Daire","1 + 1","55 m²","5 Yaşında","1. Kat","Denizli / Pamukkale / Siteler Mah.","https://www.hepsiemlak.com/_nuxt/8cafc93fb5c74c75e9e04e528e02ccdf.jpg","Artı 1 Gayrimenkul","WhatsApp","https://www.hepsiemlak.com/_nuxt/8cafc93fb5c74c75e9e04e528e02ccdf.jpg"
"https://www.hepsiemlak.com/denizli-pamukkale-yunusemre-kiralik/daire/4766-18829","1 / 11","11.000","09/09/2026","Ender Uysal Gayrimenkulden Yunusemre De 1+1 Kiralık Balkonlu Arakat Apart...","Kiralık Daire","1 + 1","45 m²","3 Yaşında","2. Kat","Denizli / Pamukkale / Yunusemre Mah.","https://www.hepsiemlak.com/_nuxt/8cafc93fb5c74c75e9e04e528e02ccdf.jpg","","WhatsApp",""
"https://www.hepsiemlak.com/denizli-merkezefendi-semikler-kiralik/daire/121853-1796","1 / 13","20.000","05/09/2026","Özyapı'dan 1+1 55m² Full Eşyalı Hamam Saunalı Kiralık Lüks Apart","Kiralık Daire","1 + 1","55 m²","1 Yaşında","2. Kat","Denizli / Merkezefendi / Şemikler Mah.","https://www.hepsiemlak.com/_nuxt/8cafc93fb5c74c75e9e04e528e02ccdf.jpg","Özyapı İnşaat Gayrimenkul","WhatsApp","https://www.hepsiemlak.com/_nuxt/8cafc93fb5c74c75e9e04e528e02ccdf.jpg"
"https://www.hepsiemlak.com/denizli-pamukkale-kuspinar-kiralik/daire/164043-115","1 / 35","18.500","09/09/2026","Kuşpınarda 2+1 Eşyalı Balkonlu Asansörlü Kiralık Apart..","Kiralık Daire","2 + 1","70 m²","5 Yaşında","1. Kat","Denizli / Pamukkale / Kuşpınar Mah.","https://www.hepsiemlak.com/_nuxt/8cafc93fb5c74c75e9e04e528e02ccdf.jpg","Next Home's Gayrimenkul","WhatsApp","https://www.hepsiemlak.com/_nuxt/8cafc93fb5c74c75e9e04e528e02ccdf.jpg"
"https://www.hepsiemlak.com/denizli-pamukkale-istiklal-kiralik/daire/140658-323","1 / 18","14.000","10/09/2026","Kiralık 2+1 Daire","Kiralık Daire","2 + 1","105 m²","25 Yaşında","Yüksek Giriş","Denizli / Pamukkale / İstiklal Mah.","https://www.hepsiemlak.com/_nuxt/8cafc93fb5c74c75e9e04e528e02ccdf.jpg","Pars Gayrimenkul","WhatsApp","https://www.hepsiemlak.com/_nuxt/8cafc93fb5c74c75e9e04e528e02ccdf.jpg"
"https://www.hepsiemlak.com/denizli-pamukkale-pelitlibag-kiralik/daire/147054-33","1 / 11","14.000","08/09/2026","Pelitlibağ Mevki Kiralık Apart","Kiralık Daire","1 + 1","50 m²","5 Yaşında","2. Kat","Denizli / Pamukkale / Pelitlibağ Mah.","https://www.hepsiemlak.com/_nuxt/8cafc93fb5c74c75e9e04e528e02ccdf.jpg","Uzman Gayrimenkul İnşaat","WhatsApp","https://www.hepsiemlak.com/_nuxt/8cafc93fb5c74c75e9e04e528e02ccdf.jpg"
"https://www.hepsiemlak.com/denizli-merkezefendi-karahasanli-kiralik/daire/167635-48","1 / 11","20.000","10/09/2026","Nüans'tan Bölge Hastnesi Karşısı 1+1balkonlu Sıfır Kiralık Apart","Kiralık Daire","1 + 1","45 m²","Sıfır Bina","1. Kat","Denizli / Merkezefendi / Karahasanlı Mah.","https://www.hepsiemlak.com/_nuxt/8cafc93fb5c74c75e9e04e528e02ccdf.jpg","Nüans Gayrimenkul","WhatsApp","https://www.hepsiemlak.com/_nuxt/8cafc93fb5c74c75e9e04e528e02ccdf.jpg"
"https://www.hepsiemlak.com/denizli-pamukkale-15-mayis-kiralik/daire/94398-5979","1 / 9","10.000","10/09/2026","+1'den Çınar Belediye Yakını 50 M2 1+1 Eşyalı Kiralık","Kiralık Daire","1 + 1","55 m²","11 Yaşında","3. Kat","Denizli / Pamukkale / 15 Mayıs Mah.","https://www.hepsiemlak.com/_nuxt/8cafc93fb5c74c75e9e04e528e02ccdf.jpg","Artı 1 Gayrimenkul","WhatsApp","https://www.hepsiemlak.com/_nuxt/8cafc93fb5c74c75e9e04e528e02ccdf.jpg"
"https://www.hepsiemlak.com/denizli-pamukkale-istiklal-kiralik/daire/102793-2771","1 / 31","2.550.000","07/09/2026","Fark20'den İstiklal Mahallesi'nde Tek Tapu Çift Apart","Kiralık Daire","1 + 1","75 m²","6 Yaşında","3. Kat","Denizli / Pamukkale / İstiklal Mah.","https://www.hepsiemlak.com/_nuxt/8cafc93fb5c74c75e9e04e528e02ccdf.jpg","Fark 20 Emlak","WhatsApp",""
"https://www.hepsiemlak.com/denizli-merkezefendi-bahcelievler-kiralik/daire/137436-1223","1 / 12","32.000","09/09/2026","Ergün Aydından Denipol Hastane Yakın 3+1 160m2 E.Banyolu Daire","Kiralık Daire","3 + 1","160 m²","11 Yaşında","1. Kat","Denizli / Merkezefendi / Bahçelievler Mah.","https://www.hepsiemlak.com/_nuxt/8cafc93fb5c74c75e9e04e528e02ccdf.jpg","","WhatsApp",""
"https://www.hepsiemlak.com/denizli-merkezefendi-degirmenonu-kiralik/daire/109302-131","1 / 12","13.000","07/09/2026","Denizli Karaman Pazarı Çıtır Mevkii 1+1 Apartımız Kiralıktır","Kiralık Daire","1 + 1","50 m²","5 Yaşında","Yüksek Giriş","Denizli / Merkezefendi / Değirmenönü Mah.","https://www.hepsiemlak.com/_nuxt/8cafc93fb5c74c75e9e04e528e02ccdf.jpg","Çivrilli Emlak","WhatsApp","https://www.hepsiemlak.com/_nuxt/8cafc93fb5c74c75e9e04e528e02ccdf.jpg"
"https://www.hepsiemlak.com/denizli-merkezefendi-akkonak-kiralik/daire/140658-308","1 / 46","22.000","04/09/2026","Akkonak Mah. Kiralık 2+1 Daire (eşyasız)","Kiralık Daire","2 + 1","95 m²","6 Yaşında","Yüksek Giriş","Denizli / Merkezefendi / Akkonak Mah.","https://www.hepsiemlak.com/_nuxt/8cafc93fb5c74c75e9e04e528e02ccdf.jpg","Pars Gayrimenkul","WhatsApp","https://www.hepsiemlak.com/_nuxt/8cafc93fb5c74c75e9e04e528e02ccdf.jpg"
"https://www.hepsiemlak.com/denizli-pamukkale-mehmetcik-kiralik/daire/164043-98","1 / 35","17.500","07/09/2026","Kıbrısşehitler Caddesinde Asansörlü 3+1 Arakat Kiralık Daire..","Kiralık Daire","3 + 1","170 m²","21 Yaşında","4. Kat","Denizli / Pamukkale / Mehmetçik Mah.","https://hecdnnw.hemlak.com/mncropresize/77/67/logo/3/4/0/4/6/1/080dd538-49c6-4dc8-8aa6-407d11ca4e9e.jpg","Next Home's Gayrimenkul","WhatsApp",""
"https://www.hepsiemlak.com/denizli-merkezefendi-selcuk-bey-kiralik/daire/122348-269","1 / 21","40.000","10/09/2026","Denizli Selçukbey Mh. Kiralık Daire","Kiralık Daire","4 + 1","215 m²","6 Yaşında","1. Kat","Denizli / Merkezefendi / Selçuk Bey Mah.","https://hecdnnw.hemlak.com/mncropresize/77/67/logo/8/4/3/2/2/1/2df81c90-4464-4d92-880c-f3252495f7a8.jpg","Eva Port Gayrimenkul","WhatsApp",""
"https://www.hepsiemlak.com/denizli-pamukkale-incilipinar-kiralik/daire/94398-5985","1 / 8","11.000","10/09/2026","+1'den İncilipınarda Paü Ye 10 Dk Mesafe Eşyalı Arkat 1+1","Kiralık Daire","1 + 1","50 m²","6 Yaşında","2. Kat","Denizli / Pamukkale / İncilipınar Mah.","https://hecdnnw.hemlak.com/mncropresize/77/67/logo/8/9/3/4/9/0/1c30e048-c87e-4aa4-8855-f77710d5daf1.jpg","Artı 1 Gayrimenkul","WhatsApp",""
"https://www.hepsiemlak.com/denizli-pamukkale-incilipinar-kiralik/daire/140742-985","1 / 6","18.000","07/09/2026","Remax Model Den Forum Çamlık Yakınında 1+1 Eşyalı Kıralık Apart","Kiralık Daire","1 + 1","65 m²","13 Yaşında","4. Kat","Denizli / Pamukkale / İncilipınar Mah.","https://hecdn01.hemlak.com/mncropresize/182/137/ds01/6/3/2/0/6/2/7/4/0c74c64c-c6e2-482b-a98f-bda462332207.jpg","Remax Model 2","WhatsApp","https://hecdnnw.hemlak.com/mncropresize/77/67/logo/2/4/7/0/4/1/53e0ba3f-4b66-4917-976e-f0430701af7b.jpg"
"https://www.hepsiemlak.com/denizli-pamukkale-yunusemre-kiralik/daire/46851-952","1 / 12","20.000","08/09/2026","Yunus Emre Mahallesi ‘nde 2+1,55m2.,Eşyalı,Kombi Doğalgaz Kaloriferli,Asansörlü Ara Kat Kiralık","Kiralık Daire","2 + 1","55 m²","14 Yaşında","2. Kat","Denizli / Pamukkale / Yunusemre Mah.","https://www.hepsiemlak.com/_nuxt/8cafc93fb5c74c75e9e04e528e02ccdf.jpg","","WhatsApp",""
"https://www.hepsiemlak.com/denizli-pamukkale-mehmetcik-kiralik/daire/15694-4036","1 / 12","17.000","07/09/2026","Laodikya Dan Mehmetçik Mh. Kiralık 1+1 Apart","Kiralık Daire","1 + 1","50 m²","6 Yaşında","Çatı Katı","Denizli / Pamukkale / Mehmetçik Mah.","https://www.hepsiemlak.com/_nuxt/8cafc93fb5c74c75e9e04e528e02ccdf.jpg","Laodikya Emlak","WhatsApp","https://www.hepsiemlak.com/_nuxt/8cafc93fb5c74c75e9e04e528e02ccdf.jpg"
"https://www.hepsiemlak.com/denizli-merkezefendi-bereketler-kiralik/daire/86543-2370","1 / 11","9.500","08/09/2026","Aybars'tan Bereketler'de Kiralık 1+0 Apart","Kiralık Daire","1 + 1","35 m²","6 Yaşında","Zemin","Denizli / Merkezefendi / Bereketler Mah.","https://www.hepsiemlak.com/_nuxt/8cafc93fb5c74c75e9e04e528e02ccdf.jpg","Aybars Gayrimenkul","WhatsApp","https://www.hepsiemlak.com/_nuxt/8cafc93fb5c74c75e9e04e528e02ccdf.jpg"
"https://www.hepsiemlak.com/denizli-merkezefendi-semikler-kiralik/daire/102131-54586","1 / 18","28.000","07/09/2026","Denizli Şemikler Mahallesinde 2+1 Kiralık Arakat Daire","Kiralık Daire","2 + 1","120 m²","Sıfır Bina","2. Kat","Denizli / Merkezefendi / Şemikler Mah.","https://www.hepsiemlak.com/_nuxt/8cafc93fb5c74c75e9e04e528e02ccdf.jpg","Yüksel Gayrimenkul","WhatsApp","https://www.hepsiemlak.com/_nuxt/8cafc93fb5c74c75e9e04e528e02ccdf.jpg"
"https://www.hepsiemlak.com/denizli-pamukkale-zeytinkoy-kiralik/daire/140658-311","1 / 14","12.500","10/09/2026","Abonelikleri Açık Balkonlu Kiralık Apart Üniversitesi Yakını","Kiralık Daire","1 + 1","55 m²","6 Yaşında","2. Kat","Denizli / Pamukkale / Zeytinköy Mah.","https://www.hepsiemlak.com/_nuxt/8cafc93fb5c74c75e9e04e528e02ccdf.jpg","Pars Gayrimenkul","WhatsApp","https://www.hepsiemlak.com/_nuxt/8cafc93fb5c74c75e9e04e528e02ccdf.jpg"
"https://www.hepsiemlak.com/denizli-merkezefendi-akkonak-kiralik/daire/122348-325","1 / 17","16.000","10/09/2026","Denizli Akkonak Mh. Kiralık Apart","Kiralık Daire","1 + 1","55 m²","5 Yaşında","1. Kat","Denizli / Merkezefendi / Akkonak Mah.","https://www.hepsiemlak.com/_nuxt/8cafc93fb5c74c75e9e04e528e02ccdf.jpg","Eva Port Gayrimenkul","WhatsApp","https://www.hepsiemlak.com/_nuxt/8cafc93fb5c74c75e9e04e528e02ccdf.jpg"
"https://www.hepsiemlak.com/denizli-pamukkale-istiklal-kiralik/daire/46851-950","1 / 10","7.000","06/09/2026","İstiklal Mahallesi ‘nde 1+1+teras,Doğalgaz Kombi Kaloriferli Kiralık Çatı Katı","Kiralık Daire","1 + 1","80 m²","15 Yaşında","Çatı Katı","Denizli / Pamukkale / İstiklal Mah.","https://www.hepsiemlak.com/_nuxt/8cafc93fb5c74c75e9e04e528e02ccdf.jpg","","WhatsApp",""
"https://www.hepsiemlak.com/denizli-pamukkale-asmalievler-kiralik/daire/167359-190","1 / 16","16.000","07/09/2026","Asmalıevler Mahallesinde Paüye Yakın Kiralık Apart","Kiralık Daire","1 + 1","55 m²","6 Yaşında","5. Kat","Denizli / Pamukkale / Asmalıevler Mah.","https://www.hepsiemlak.com/_nuxt/8cafc93fb5c74c75e9e04e528e02ccdf.jpg","Akkonak Gayrimenkul","WhatsApp","https://www.hepsiemlak.com/_nuxt/8cafc93fb5c74c75e9e04e528e02ccdf.jpg"
"https://www.hepsiemlak.com/denizli-merkezefendi-karaman-kiralik/daire/0-47253463","1 / 22","22.750","06/09/2026","Sahibinden Fırsat Daire","Kiralık Daire","2 + 1","120 m²","16 Yaşında","6. Kat","Denizli / Merkezefendi / Karaman Mah.","https://www.hepsiemlak.com/_nuxt/8cafc93fb5c74c75e9e04e528e02ccdf.jpg","","WhatsApp",""
"https://www.hepsiemlak.com/denizli-merkezefendi-semikler-kiralik/daire/171341-45","1 / 60","28.000","05/09/2026","Pare'den Aydem Fen Lisesi Yakını 3+1 Kiralık Daire","Kiralık Daire","3 + 1","150 m²","16 Yaşında","1. Kat","Denizli / Merkezefendi / Şemikler Mah.","https://www.hepsiemlak.com/_nuxt/8cafc93fb5c74c75e9e04e528e02ccdf.jpg","Pare Gayrimenkul","WhatsApp","https://www.hepsiemlak.com/_nuxt/8cafc93fb5c74c75e9e04e528e02ccdf.jpg"
"https://www.hepsiemlak.com/denizli-pamukkale-istiklal-kiralik/daire/0-47183174","1 / 18","18.000","05/09/2026","Sahibinden Kiralık Sıfır","Kiralık Daire","1 + 1","70 m²","5 Yaşında","Ara Kat","Denizli / Pamukkale / İstiklal Mah.","https://www.hepsiemlak.com/_nuxt/8cafc93fb5c74c75e9e04e528e02ccdf.jpg","","WhatsApp",""
"https://www.hepsiemlak.com/denizli-merkezefendi-gumuscay-kiralik/daire/0-47172735","1 / 49","22.000","22/08/2026","Gümüşçay Kaymakamlığa Yakın 2+1 Daire","Kiralık Daire","3 + 1","90 m²","3 Yaşında","Yüksek Giriş","Denizli / Merkezefendi / Gümüşçay Mah.","https://www.hepsiemlak.com/_nuxt/8cafc93fb5c74c75e9e04e528e02ccdf.jpg","","WhatsApp",""
"https://www.hepsiemlak.com/denizli-pamukkale-asmalievler-kiralik/daire/166616-132","1 / 15","19.000","23/08/2026","Pamukkale Üni Yakını 1+1 Klimalı Balkonlu Kiralık Apart Daire","Kiralık Daire","1 + 1","55 m²","11 Yaşında","3. Kat","Denizli / Pamukkale / Asmalıevler Mah.","https://www.hepsiemlak.com/_nuxt/8cafc93fb5c74c75e9e04e528e02ccdf.jpg","Nova Terra Gayrimenkul","WhatsApp","https://www.hepsiemlak.com/_nuxt/8cafc93fb5c74c75e9e04e528e02ccdf.jpg"
"https://www.hepsiemlak.com/denizli-merkezefendi-cakmak-kiralik/daire/134619-924","1 / 27","40.000","30/08/2026","Ateş 20 Offıce’den  Çakmakda 3+1  Muhteşem Bir Park Cepheli Kiralık Fırsat Daire…","Kiralık Daire","3 + 1","160 m²","5 Yaşında","1. Kat","Denizli / Merkezefendi / Çakmak Mah.","https://www.hepsiemlak.com/_nuxt/8cafc93fb5c74c75e9e04e528e02ccdf.jpg","Ateş 20 Offıce","WhatsApp","https://www.hepsiemlak.com/_nuxt/8cafc93fb5c74c75e9e04e528e02ccdf.jpg"
"https://www.hepsiemlak.com/denizli-merkezefendi-akkonak-kiralik/daire/160241-176","1 / 20","18.500","18/08/2026","Vera'dan Akkonak Mevki Sıfır Bina, Sıfır Eşya, Balkonlu 1+1","Kiralık Daire","1 + 1","55 m²","Sıfır Bina","1. Kat","Denizli / Merkezefendi / Akkonak Mah.","https://www.hepsiemlak.com/_nuxt/8cafc93fb5c74c75e9e04e528e02ccdf.jpg","Vera Gayrimenkul","WhatsApp","https://www.hepsiemlak.com/_nuxt/8cafc93fb5c74c75e9e04e528e02ccdf.jpg"
"https://www.hepsiemlak.com/denizli-merkezefendi-karahasanli-kiralik/daire/162589-564","1 / 18","25.000","18/08/2026","Karahasanlı Şehir Hastanesi Yakını 3+1 Kiralık Daire","Kiralık Daire","3 + 1","135 m²","16 Yaşında","7. Kat","Denizli / Merkezefendi / Karahasanlı Mah.","https://www.hepsiemlak.com/_nuxt/8cafc93fb5c74c75e9e04e528e02ccdf.jpg","Toprak Dünyası Gayrimenkul","WhatsApp","https://www.hepsiemlak.com/_nuxt/8cafc93fb5c74c75e9e04e528e02ccdf.jpg"
"https://www.hepsiemlak.com/denizli-pamukkale-mehmetcik-kiralik/daire/159501-224","1 / 20","15.000","23/08/2026","Forum Çamlık Tugay Yakını Aidat Net Dahil Apartlar","Kiralık Daire","1 + 1","55 m²","5 Yaşında","2. Kat","Denizli / Pamukkale / Mehmetçik Mah.","https://www.hepsiemlak.com/_nuxt/8cafc93fb5c74c75e9e04e528e02ccdf.jpg","","WhatsApp",""
"https://www.hepsiemlak.com/denizli-pamukkale-kervansaray-kiralik/daire/0-47128586","1 / 17","40.500","27/08/2026","Sahibinden Kiralık 3+1, 130 M2 Daire, Yeni Yol Üzeri, Arakat, Otoparklı, Manzaralı, Kervansaray Mah.","Kiralık Daire","3 + 1","155 m²","4 Yaşında","Ara Kat","Denizli / Pamukkale / Kervansaray Mah.","https://www.hepsiemlak.com/_nuxt/8cafc93fb5c74c75e9e04e528e02ccdf.jpg","","",""
"https://www.hepsiemlak.com/denizli-merkezefendi-karahasanli-kiralik/daire/151348-524","1 / 35","42.000","12/08/2026","Karahasanlı 3+1 Ebeveyn Bany. Giyinme Odalı Sıfır Lüks Kiralık","Kiralık Daire","3 + 1","170 m²","Sıfır Bina","2. Kat","Denizli / Merkezefendi / Karahasanlı Mah.","https://www.hepsiemlak.com/_nuxt/8cafc93fb5c74c75e9e04e528e02ccdf.jpg","Blue Sky Gayrimenkul","WhatsApp","https://www.hepsiemlak.com/_nuxt/8cafc93fb5c74c75e9e04e528e02ccdf.jpg"
"https://www.hepsiemlak.com/denizli-pamukkale-kinikli-kiralik/daire/134506-1062","1 / 23","28.000","03/09/2026","Kınıklı Mahallesi’nde Site İçerisinde Kiralık 3+1 Daire","Kiralık Daire","3 + 1","150 m²","31 Yaşında","Ara Kat","Denizli / Pamukkale / Kınıklı Mah.","https://www.hepsiemlak.com/_nuxt/8cafc93fb5c74c75e9e04e528e02ccdf.jpg","","WhatsApp",""
"https://www.hepsiemlak.com/denizli-merkezefendi-cakmak-kiralik/daire/91580-1764","1 / 43","27.000","25/08/2026","Çakmak'ta Park Karşısı Kiralık 3+1 3.Kat Daire","Kiralık Daire","3 + 1","155 m²","10 Yaşında","3. Kat","Denizli / Merkezefendi / Çakmak Mah.","https://hecdnnw.hemlak.com/mncropresize/77/67/logo/0/8/5/1/9/0/c6b3a76c-fe03-4149-aa31-baae00f78c57.jpg","Orden Gayrimenkul","WhatsApp",""
"https://www.hepsiemlak.com/denizli-merkezefendi-karahasanli-kiralik/daire/132069-272","1 / 27","18.000","05/09/2026","Karahasanlı Da Şehir Hastanesine Yakın 1+1 Kiralık Apart/ofis","Kiralık Daire","1 + 1","55 m²","Sıfır Bina","2. Kat","Denizli / Merkezefendi / Karahasanlı Mah.","","","WhatsApp",""
"https://www.hepsiemlak.com/denizli-pamukkale-kinikli-kiralik/daire/148515-921","1 / 42","16.000","07/09/2026","H~k Gyo Kınıklı Bursa Cd Üst Tarafında Migros Market Arkası Arakat Güzel Kullanışlı Eşyalı Balkonlu","Kiralık Daire","1 + 1","50 m²","10 Yaşında","2. Kat","Denizli / Pamukkale / Kınıklı Mah.","","","WhatsApp",""
"https://www.hepsiemlak.com/denizli-merkezefendi-adalet-kiralik/daire/170982-14","1 / 8","19.000","08/09/2026","Adalet Mahallesinde Ultra Lüks Kiralık 1+1 Apart","Kiralık Daire","1 + 1","55 m²","Sıfır Bina","3. Kat","Denizli / Merkezefendi / Adalet Mah.","https://hecdn01.hemlak.com/mncropresize/182/137/ds01/7/5/4/3/1/1/7/4/d1dbe5d5-4273-48e1-932d-f6ceaad24b59.jpg","Polat Grup  Gayrimenkul Mimarlık","WhatsApp","https://hecdnnw.hemlak.com/mncropresize/77/67/logo/2/8/9/0/7/1/efcf563b-9eb6-4054-8176-aec73d165c08.jpg"
"https://www.hepsiemlak.com/denizli-merkezefendi-mehmet-akif-ersoy-kiralik/daire/150342-35","1 / 19","28.000","08/09/2026","Denipol Hastanesi Arkası Kiralık 2,5+1 Daire","Kiralık Daire","2 + 1","100 m²","Sıfır Bina","2. Kat","Denizli / Merkezefendi / Mehmet Akif Ersoy Mah.","https://www.hepsiemlak.com/_nuxt/8cafc93fb5c74c75e9e04e528e02ccdf.jpg","","WhatsApp",""
"https://www.hepsiemlak.com/denizli-pamukkale-feslegen-kiralik/daire/54417-814","1 / 28","15.000","09/09/2026","Fesleğen Mevki Arakat Asansörlü 2+1 Kiralık Apart","Kiralık Daire","2 + 1","60 m²","10 Yaşında","Ara Kat","Denizli / Pamukkale / Fesleğen Mah.","https://www.hepsiemlak.com/_nuxt/8cafc93fb5c74c75e9e04e528e02ccdf.jpg","","WhatsApp",""
"https://www.hepsiemlak.com/denizli-merkezefendi-akkonak-kiralik/daire/102793-2769","1 / 16","18.000","07/09/2026","Fark20'den Akkonak'ta Klimalı Arakat Kiralık 2+1 Daire","Kiralık Daire","2 + 1","90 m²","11 Yaşında","2. Kat","Denizli / Merkezefendi / Akkonak Mah.","https://www.hepsiemlak.com/_nuxt/8cafc93fb5c74c75e9e04e528e02ccdf.jpg","Fark 20 Emlak","WhatsApp",""
"https://www.hepsiemlak.com/denizli-pamukkale-15-mayis-kiralik/daire/110125-637","1 / 13","15.500","03/09/2026","Çınar Mevkinde Kiralık 1+1 Balkonlu Klimalı Apart","Kiralık Daire","1 + 1","50 m²","11 Yaşında","Yüksek Giriş","Denizli / Pamukkale / 15 Mayıs Mah.","https://www.hepsiemlak.com/_nuxt/8cafc93fb5c74c75e9e04e528e02ccdf.jpg","","WhatsApp",""
"https://www.hepsiemlak.com/denizli-merkezefendi-yenisafak-kiralik/daire/167868-15","1 / 13","57.000","24/08/2026","Denizli Merkezefendi Yenişafak Mh.Kiralık 3,5 +1","Kiralık Daire","3 + 1","220 m²","Sıfır Bina","3. Kat","Denizli / Merkezefendi / Yenişafak Mah.","https://www.hepsiemlak.com/_nuxt/8cafc93fb5c74c75e9e04e528e02ccdf.jpg","","WhatsApp",""
"https://www.hepsiemlak.com/denizli-merkezefendi-gerzele-kiralik/daire/131665-165","1 / 12","25.000","27/08/2026","Servergazi Başak Üstünde**sıfır Lüx Apart**sıfır Eşyalı**1+1","Kiralık Daire","1 + 1","50 m²","Sıfır Bina","3. Kat","Denizli / Merkezefendi / Gerzele Mah.","https://www.hepsiemlak.com/_nuxt/8cafc93fb5c74c75e9e04e528e02ccdf.jpg","","WhatsApp",""
"https://www.hepsiemlak.com/denizli-pamukkale-asmalievler-kiralik/daire/4766-18839","1 / 12","11.000","09/09/2026","Ender Uysal Gayrimenkulden Asmalıevlerde Klimalı Balkonlu 1+1 Kiralık Apart...","Kiralık Daire","1 + 1","45 m²","4 Yaşında","2. Kat","Denizli / Pamukkale / Asmalıevler Mah.","https://www.hepsiemlak.com/_nuxt/8cafc93fb5c74c75e9e04e528e02ccdf.jpg","","WhatsApp",""
"https://www.hepsiemlak.com/denizli-merkezefendi-kayalar-kiralik/daire/134013-266","1 / 43","30.000","02/09/2026","Aquamall’a Komşu Sinpaş Aquacity’de Kiralık Ara Kat Konfor Ve Sessizlik","Kiralık Daire","2 + 1","120 m²","9 Yaşında","4. Kat","Denizli / Merkezefendi / Kayalar Mah.","https://www.hepsiemlak.com/_nuxt/8cafc93fb5c74c75e9e04e528e02ccdf.jpg","","WhatsApp",""
"https://www.hepsiemlak.com/denizli-pamukkale-bagbasi-kiralik/daire/167359-181","1 / 16","18.000","04/09/2026","Bağbaşı'nda Paü Yakını Sıfır 1+1 Arakat Balkonlu Suıt Daire","Kiralık Daire","1 + 1","55 m²","Sıfır Bina","2. Kat","Denizli / Pamukkale / Bağbaşı Mah.","https://www.hepsiemlak.com/_nuxt/8cafc93fb5c74c75e9e04e528e02ccdf.jpg","Akkonak Gayrimenkul","WhatsApp","https://www.hepsiemlak.com/_nuxt/8cafc93fb5c74c75e9e04e528e02ccdf.jpg"
"https://www.hepsiemlak.com/denizli-merkezefendi-bereketler-kiralik/daire/171341-38","1 / 18","17.000","29/08/2026","Pare'den Servergazide Lüx 1+1 Rezidance","Kiralık Daire","1 + 1","60 m²","3 Yaşında","1. Kat","Denizli / Merkezefendi / Bereketler Mah.","https://www.hepsiemlak.com/_nuxt/8cafc93fb5c74c75e9e04e528e02ccdf.jpg","Pare Gayrimenkul","WhatsApp","https://www.hepsiemlak.com/_nuxt/8cafc93fb5c74c75e9e04e528e02ccdf.jpg"
"https://www.hepsiemlak.com/denizli-pamukkale-kuspinar-kiralik/daire/165959-117","1 / 17","20.000","27/08/2026","Kuşpınar Mahallesi 2+1 130 M2 İnönü Caddesi Üzeri 3 Kat Çarşamba Pazarı Dibinde Kiralık Daire","Kiralık Daire","2 + 1","140 m²","25 Yaşında","3. Kat","Denizli / Pamukkale / Kuşpınar Mah.","https://www.hepsiemlak.com/_nuxt/8cafc93fb5c74c75e9e04e528e02ccdf.jpg","","WhatsApp",""
"https://www.hepsiemlak.com/denizli-merkezefendi-karahasanli-kiralik/daire/163090-78","1 / 18","23.000","25/08/2026","Mimardan Karahasanlı Yeni Hastane Karşısı Kiralık Apart Fırsatı.","Kiralık Daire","2 + 1","75 m²","2 Yaşında","4. Kat","Denizli / Merkezefendi / Karahasanlı Mah.","https://www.hepsiemlak.com/_nuxt/8cafc93fb5c74c75e9e04e528e02ccdf.jpg","Mimar Gayrimenkul","WhatsApp","https://www.hepsiemlak.com/_nuxt/8cafc93fb5c74c75e9e04e528e02ccdf.jpg"
"https://www.hepsiemlak.com/denizli-merkezefendi-degirmenonu-kiralik/daire/77841-340","1 / 56","37.500","25/08/2026","Karar Emlaktan Değirmenönünde 4+1 300m2 Lüx Asansörlü Dublex","Kiralık Daire","4 + 1","300 m²","6 Yaşında","4. Kat","Denizli / Merkezefendi / Değirmenönü Mah.","https://www.hepsiemlak.com/_nuxt/8cafc93fb5c74c75e9e04e528e02ccdf.jpg","Karar Emlak","WhatsApp","https://www.hepsiemlak.com/_nuxt/8cafc93fb5c74c75e9e04e528e02ccdf.jpg"
"https://www.hepsiemlak.com/denizli-pamukkale-istiklal-kiralik/daire/150371-225","1 / 18","24.000","15/08/2026","Ayşah Tan Pamukkale İstiklal Mahallesinde Kiralık Ferah Daire","Kiralık Daire","2 + 1","125 m²","11 Yaşında","Yüksek Giriş","Denizli / Pamukkale / İstiklal Mah.","https://www.hepsiemlak.com/_nuxt/8cafc93fb5c74c75e9e04e528e02ccdf.jpg","","WhatsApp",""
"https://www.hepsiemlak.com/denizli-merkezefendi-karahasanli-kiralik/daire/134619-921","1 / 26","13.000","02/09/2026","Karahasanlı,Da Kiralık 2+1 Asansörlü Masrafsız Arakat Ön Cephe Fırsat Daire …","Kiralık Daire","2 + 1","85 m²","7 Yaşında","2. Kat","Denizli / Merkezefendi / Karahasanlı Mah.","https://www.hepsiemlak.com/_nuxt/8cafc93fb5c74c75e9e04e528e02ccdf.jpg","Ateş 20 Offıce","WhatsApp","https://www.hepsiemlak.com/_nuxt/8cafc93fb5c74c75e9e04e528e02ccdf.jpg"
"https://www.hepsiemlak.com/denizli-pamukkale-incilipinar-kiralik/daire/140742-957","1 / 16","35.000","19/08/2026","Remax Model Den Ulus Caddesınde İçi Yenılenmış 3+1 Kiralık Daıre","Kiralık Daire","3 + 1","160 m²","18 Yaşında","1. Kat","Denizli / Pamukkale / İncilipınar Mah.","https://www.hepsiemlak.com/_nuxt/8cafc93fb5c74c75e9e04e528e02ccdf.jpg","Remax Model 2","WhatsApp","https://www.hepsiemlak.com/_nuxt/8cafc93fb5c74c75e9e04e528e02ccdf.jpg"
"https://www.hepsiemlak.com/denizli-merkezefendi-yeni-kiralik/daire/161737-140","1 / 60","15.000","18/08/2026","İyi-Ki''den Kocadere Tokilerde Sıfır Hiç Kullanılmamış 3+1 Kiralık Daire","Kiralık Daire","3 + 1","120 m²","Sıfır Bina","4. Kat","Denizli / Merkezefendi / Yeni Mah.","https://www.hepsiemlak.com/_nuxt/8cafc93fb5c74c75e9e04e528e02ccdf.jpg","","WhatsApp",""
"https://www.hepsiemlak.com/denizli-merkezefendi-karahasanli-kiralik/daire/151348-518","1 / 29","22.500","15/08/2026","*şehir Hastanesinin Dibinde Arakat Balkonlu Lüks 2+1 Kiralık Apart","Kiralık Daire","2 + 1","65 m²","Sıfır Bina","Ara Kat","Denizli / Merkezefendi / Karahasanlı Mah.","https://www.hepsiemlak.com/_nuxt/8cafc93fb5c74c75e9e04e528e02ccdf.jpg","Blue Sky Gayrimenkul","WhatsApp","https://www.hepsiemlak.com/_nuxt/8cafc93fb5c74c75e9e04e528e02ccdf.jpg"
"https://www.hepsiemlak.com/denizli-pamukkale-kuspinar-kiralik/daire/159501-216","1 / 48","14.500","09/09/2026","Depozitosuz Tugay Mehmetçik Balkonlu Klimalı Apartlar","Kiralık Daire","1 + 1","55 m²","5 Yaşında","1. Kat","Denizli / Pamukkale / Kuşpınar Mah.","https://www.hepsiemlak.com/_nuxt/8cafc93fb5c74c75e9e04e528e02ccdf.jpg","","WhatsApp",""
"https://www.hepsiemlak.com/denizli-merkezefendi-adalet-kiralik/daire/166616-92","1 / 24","28.000","18/08/2026","Nova Terra Adalet Te 1+1 Full Eşyalı Kiralık Suit Daire","Kiralık Daire","1 + 1","60 m²","Sıfır Bina","3. Kat","Denizli / Merkezefendi / Adalet Mah.","https://www.hepsiemlak.com/_nuxt/8cafc93fb5c74c75e9e04e528e02ccdf.jpg","Nova Terra Gayrimenkul","WhatsApp","https://www.hepsiemlak.com/_nuxt/8cafc93fb5c74c75e9e04e528e02ccdf.jpg"
"https://www.hepsiemlak.com/denizli-merkezefendi-akkonak-kiralik/daire/82422-353","1 / 23","14.000","11/08/2026","Denizli Kiralık Apart  Akkonak Mahallesi Bulaşık Makinesi Mevcut Aile Binası","Kiralık Daire","1 + 1","55 m²","5 Yaşında","1. Kat","Denizli / Merkezefendi / Akkonak Mah.","","İlkim Gayrimenkul","WhatsApp","https://hecdnnw.hemlak.com/mncropresize/77/67/firmuser/8/4/9/2/1/6/1/aa365016-4341-41fa-bffe-0edb0cd85077.jpg"
"https://www.hepsiemlak.com/denizli-pamukkale-bagbasi-kiralik/daire/115985-376","1 / 26","32.000","09/09/2026","Yeniyol Migros Karşısı Ana Yolda","Kiralık Daire","3 + 1","160 m²","11 Yaşında","3. Kat","Denizli / Pamukkale / Bağbaşı Mah.","https://hecdnnw.hemlak.com/mncropresize/77/67/logo/5/8/9/5/1/1/07ea99a4-b9c0-473b-8394-82b1023df47a.jpg","Kaplan İnşaat Gayrimenkul","WhatsApp",""
"https://www.hepsiemlak.com/denizli-pamukkale-atalar-kiralik/daire/136370-142","1 / 11","18.000","08/09/2026","Atalar Mah.2+1 Kiralık Eşyalı Apart","Kiralık Daire","2 + 1","75 m²","8 Yaşında","Yüksek Giriş","Denizli / Pamukkale / Atalar Mah.","","","WhatsApp",""
"https://www.hepsiemlak.com/denizli-merkezefendi-sirakapilar-kiralik/daire/122348-333","1 / 12","15.000","08/09/2026","Denizli Sırakapılar Mahallesi Kiralık Apart","Kiralık Daire","1 + 1","50 m²","10 Yaşında","5. Kat","Denizli / Merkezefendi / Sırakapılar Mah.","https://hecdn01.hemlak.com/mncropresize/182/137/ds01/3/1/3/8/3/2/7/4/1788429084316-47238313.jpg","Eva Port Gayrimenkul","WhatsApp","https://hecdnnw.hemlak.com/mncropresize/77/67/logo/8/4/3/2/2/1/2df81c90-4464-4d92-880c-f3252495f7a8.jpg"
"https://www.hepsiemlak.com/denizli-pamukkale-kervansaray-kiralik/daire/147054-32","1 / 14","18.000","05/09/2026","Yeni Yolda Trabzon Ekmek Fırını Yakını Kiralık Daire","Kiralık Daire","3 + 1","145 m²","31 Yaşında","1. Kat","Denizli / Pamukkale / Kervansaray Mah.","https://www.hepsiemlak.com/_nuxt/8cafc93fb5c74c75e9e04e528e02ccdf.jpg","Uzman Gayrimenkul İnşaat","WhatsApp","https://www.hepsiemlak.com/_nuxt/8cafc93fb5c74c75e9e04e528e02ccdf.jpg"
"https://www.hepsiemlak.com/denizli-merkezefendi-bahcelievler-kiralik/daire/0-47224205","1 / 10","24.000","01/09/2026","Adliyeye Sgk Ya Emniyet Çevik Kuvvete Yürüme Mesafesinde Kiralık Daire","Kiralık Daire","3 + 1","115 m²","15 Yaşında","Bahçe Katı","Denizli / Merkezefendi / Bahçelievler Mah.","https://www.hepsiemlak.com/_nuxt/8cafc93fb5c74c75e9e04e528e02ccdf.jpg","","WhatsApp",""
"https://www.hepsiemlak.com/denizli-honaz-cumhuriyet-kiralik/daire/119640-3730","1 / 22","25.000","04/09/2026","Honaz Merkezde Kiralık Sıfır 3+1 Geniş Daire","Kiralık Daire","3 + 1","130 m²","Sıfır Bina","1. Kat","Denizli / Honaz / Cumhuriyet Mah.","https://www.hepsiemlak.com/_nuxt/8cafc93fb5c74c75e9e04e528e02ccdf.jpg","Startkey Ege Gayrimenkul","WhatsApp","https://www.hepsiemlak.com/_nuxt/8cafc93fb5c74c75e9e04e528e02ccdf.jpg"
"https://www.hepsiemlak.com/denizli-pamukkale-asmalievler-kiralik/daire/150198-168","1 / 9","20.000","10/09/2026","Denizli Pamukkale Üniversitesi Yürüme Mesafesinde Kiralık Eşyalı 2+1 Apart","Kiralık Daire","2 + 1","60 m²","10 Yaşında","Çatı Katı","Denizli / Pamukkale / Asmalıevler Mah.","https://www.hepsiemlak.com/_nuxt/8cafc93fb5c74c75e9e04e528e02ccdf.jpg","Bsm Gayrimenkul","WhatsApp","https://www.hepsiemlak.com/_nuxt/8cafc93fb5c74c75e9e04e528e02ccdf.jpg"
"https://www.hepsiemlak.com/denizli-merkezefendi-semikler-kiralik/daire/137436-1237","1 / 23","25.000","03/09/2026","Ergün Aydından Şemikler'de 2+1 100m2 Sıfır Kiralık Daire","Kiralık Daire","2 + 1","100 m²","Sıfır Bina","1. Kat","Denizli / Merkezefendi / Şemikler Mah.","https://www.hepsiemlak.com/_nuxt/8cafc93fb5c74c75e9e04e528e02ccdf.jpg","","WhatsApp",""
"https://www.hepsiemlak.com/denizli-merkezefendi-semikler-kiralik/daire/134013-265","1 / 35","65.000","04/09/2026","Cinkaya Prime Tower 4 + 1 Kiralık Ferah Geniş Arakat Daire","Kiralık Daire","4 + 1","200 m²","6 Yaşında","4. Kat","Denizli / Merkezefendi / Şemikler Mah.","https://www.hepsiemlak.com/_nuxt/8cafc93fb5c74c75e9e04e528e02ccdf.jpg","","WhatsApp",""
"https://www.hepsiemlak.com/denizli-merkezefendi-karahasanli-kiralik/daire/171341-34","1 / 57","22.000","29/08/2026","Pare'den Şehir Hastanesinin Dibinde Kiralık 1+1 Suit Daire","Kiralık Daire","1 + 1","50 m²","Sıfır Bina","5. Kat","Denizli / Merkezefendi / Karahasanlı Mah.","https://www.hepsiemlak.com/_nuxt/8cafc93fb5c74c75e9e04e528e02ccdf.jpg","Pare Gayrimenkul","WhatsApp","https://www.hepsiemlak.com/_nuxt/8cafc93fb5c74c75e9e04e528e02ccdf.jpg"
"https://www.hepsiemlak.com/denizli-merkezefendi-karahasanli-kiralik/daire/165959-109","1 / 54","30.000","22/08/2026","Karahsanlı Şehir Hastanesi Karşısı  Kiralık Daire  -65 M2 2+1 Kullanışlı Odalar Asonsörlü Balkonlu","Kiralık Daire","2 + 1","75 m²","Sıfır Bina","5. Kat","Denizli / Merkezefendi / Karahasanlı Mah.","https://www.hepsiemlak.com/_nuxt/8cafc93fb5c74c75e9e04e528e02ccdf.jpg","","WhatsApp",""
"https://www.hepsiemlak.com/denizli-pamukkale-kinikli-kiralik/daire/140742-952","1 / 17","39.000","13/08/2026","Remax Model Den Çamlık Selın Sıtesınde 3+1 160 M² Kıralık Daıre","Kiralık Daire","3 + 1","160 m²","33 Yaşında","3. Kat","Denizli / Pamukkale / Kınıklı Mah.","https://www.hepsiemlak.com/_nuxt/8cafc93fb5c74c75e9e04e528e02ccdf.jpg","Remax Model 2","WhatsApp","https://www.hepsiemlak.com/_nuxt/8cafc93fb5c74c75e9e04e528e02ccdf.jpg"
"https://www.hepsiemlak.com/denizli-pamukkale-zeytinkoy-kiralik/daire/134619-916","1 / 34","13.000","01/09/2026","Zeytinköyde  Eşyalı Kiralık 1+1 Fırsat Apart Yüksek Tepe Marketin 200 Metre Altında","Kiralık Daire","1 + 1","55 m²","8 Yaşında","3. Kat","Denizli / Pamukkale / Zeytinköy Mah.","https://www.hepsiemlak.com/_nuxt/8cafc93fb5c74c75e9e04e528e02ccdf.jpg","Ateş 20 Offıce","WhatsApp","https://www.hepsiemlak.com/_nuxt/8cafc93fb5c74c75e9e04e528e02ccdf.jpg"
"https://www.hepsiemlak.com/denizli-merkezefendi-karahasanli-kiralik/daire/141511-1066","1 / 15","35.000","18/08/2026","Karahasanlı Bölge Hastanesi Yakını Kiralık Eşyalı Apart","Kiralık Daire","2 + 1","75 m²","Sıfır Bina","Ara Kat","Denizli / Merkezefendi / Karahasanlı Mah.","https://www.hepsiemlak.com/_nuxt/8cafc93fb5c74c75e9e04e528e02ccdf.jpg","Re Life Gayrimenkul","WhatsApp","https://www.hepsiemlak.com/_nuxt/8cafc93fb5c74c75e9e04e528e02ccdf.jpg"
"https://www.hepsiemlak.com/denizli-pamukkale-asmalievler-kiralik/daire/77841-333","1 / 39","14.000","29/08/2026","Asmalıevlerde 1+1 65m2 Lüx Full Eşyalı Yerden Isıtmalı Balkonlu","Kiralık Daire","2 + 1","65 m²","6 Yaşında","2. Kat","Denizli / Pamukkale / Asmalıevler Mah.","https://www.hepsiemlak.com/_nuxt/8cafc93fb5c74c75e9e04e528e02ccdf.jpg","Karar Emlak","WhatsApp","https://www.hepsiemlak.com/_nuxt/8cafc93fb5c74c75e9e04e528e02ccdf.jpg"
"https://www.hepsiemlak.com/denizli-merkezefendi-degirmenonu-kiralik/daire/114443-1192","1 / 19","17.000","26/08/2026","Değirmenönü Mah.1+1 Full Eşyalı Yeni Apart","Kiralık Daire","1 + 1","65 m²","6 Yaşında","3. Kat","Denizli / Merkezefendi / Değirmenönü Mah.","https://www.hepsiemlak.com/_nuxt/8cafc93fb5c74c75e9e04e528e02ccdf.jpg","","WhatsApp",""
"https://www.hepsiemlak.com/denizli-pamukkale-incilipinar-kiralik/daire/102793-2770","1 / 10","14.999","09/09/2026","Fark20'den İncilipınar Yüzme Havuzu Karşısı Eşyalı Arakat Apart","Kiralık Daire","1 + 1","50 m²","21 Yaşında","3. Kat","Denizli / Pamukkale / İncilipınar Mah.","https://www.hepsiemlak.com/_nuxt/8cafc93fb5c74c75e9e04e528e02ccdf.jpg","Fark 20 Emlak","WhatsApp",""
"https://www.hepsiemlak.com/denizli-merkezefendi-gumuscay-kiralik/daire/122348-328","1 / 10","21.000","06/09/2026","Denizli Gümüşay Mahallesi Kiralık Daire","Kiralık Daire","2 + 1","120 m²","Sıfır Bina","2. Kat","Denizli / Merkezefendi / Gümüşçay Mah.","https://www.hepsiemlak.com/_nuxt/8cafc93fb5c74c75e9e04e528e02ccdf.jpg","Eva Port Gayrimenkul","WhatsApp","https://www.hepsiemlak.com/_nuxt/8cafc93fb5c74c75e9e04e528e02ccdf.jpg"
"https://www.hepsiemlak.com/denizli-pamukkale-asmalievler-kiralik/daire/54626-5857","1 / 8","18.000","08/09/2026","Kaan Emlaktan Asmalıevlerde Ünüversiteye Yakın 2+1 Kiralık Apart","Kiralık Daire","2 + 1","65 m²","15 Yaşında","3. Kat","Denizli / Pamukkale / Asmalıevler Mah.","https://www.hepsiemlak.com/_nuxt/8cafc93fb5c74c75e9e04e528e02ccdf.jpg","","WhatsApp",""
"https://www.hepsiemlak.com/denizli-merkezefendi-karahasanli-kiralik/daire/163090-61","1 / 13","26.000","25/08/2026","Mimardan Yeni Hastaneler Mevkii Konforlu Ve Eşyalı Yaşam","Kiralık Daire","2 + 1","75 m²","1 Yaşında","3. Kat","Denizli / Merkezefendi / Karahasanlı Mah.","https://www.hepsiemlak.com/_nuxt/8cafc93fb5c74c75e9e04e528e02ccdf.jpg","Mimar Gayrimenkul","WhatsApp","https://www.hepsiemlak.com/_nuxt/8cafc93fb5c74c75e9e04e528e02ccdf.jpg"
"https://www.hepsiemlak.com/denizli-merkezefendi-saraylar-kiralik/daire/109302-118","1 / 13","20.000","17/08/2026","Denizli Devlet Has Yanı 2+1 Eşyalı Apartımız Kiralıktır","Kiralık Daire","2 + 1","65 m²","1 Yaşında","Ara Kat","Denizli / Merkezefendi / Saraylar Mah.","https://www.hepsiemlak.com/_nuxt/8cafc93fb5c74c75e9e04e528e02ccdf.jpg","Çivrilli Emlak","WhatsApp","https://www.hepsiemlak.com/_nuxt/8cafc93fb5c74c75e9e04e528e02ccdf.jpg"
"https://www.hepsiemlak.com/denizli-merkezefendi-sirakapilar-kiralik/daire/94398-5991","1 / 13","15.000","09/09/2026","+1'den Çınarda 65 M2 1+1 Eşyalı Geniş Apart","Kiralık Daire","1 + 1","65 m²","6 Yaşında","Yüksek Giriş","Denizli / Merkezefendi / Sırakapılar Mah.","https://www.hepsiemlak.com/_nuxt/8cafc93fb5c74c75e9e04e528e02ccdf.jpg","Artı 1 Gayrimenkul","WhatsApp","https://www.hepsiemlak.com/_nuxt/8cafc93fb5c74c75e9e04e528e02ccdf.jpg"
"https://www.hepsiemlak.com/denizli-pamukkale-asmalievler-kiralik/daire/166616-133","1 / 12","9.000","20/08/2026","Asmalıevler De Paü Mevki 1+0 Kiralık Apart Daire Eşyalı Balkonlu","Kiralık Daire","Stüdyo","40 m²","6 Yaşında","2. Kat","Denizli / Pamukkale / Asmalıevler Mah.","https://www.hepsiemlak.com/_nuxt/8cafc93fb5c74c75e9e04e528e02ccdf.jpg","Nova Terra Gayrimenkul","WhatsApp","https://www.hepsiemlak.com/_nuxt/8cafc93fb5c74c75e9e04e528e02ccdf.jpg"
"https://www.hepsiemlak.com/denizli-pamukkale-15-mayis-kiralik/daire/159501-189","1 / 12","14.000","03/09/2026","Depozitosuz Sıfır Ayarında Yeni Eşyalı Çınar Meydana 2 Dk Fırsat","Kiralık Daire","1 + 1","50 m²","5 Yaşında","2. Kat","Denizli / Pamukkale / 15 Mayıs Mah.","","","WhatsApp",""
"https://www.hepsiemlak.com/denizli-merkezefendi-kayalar-kiralik/daire/120473-372","1 / 35","25.000","04/09/2026","Kayaköy Toki Ga Blok 2.Arakat *2+1* 106m2 *kiralık Daire","Kiralık Daire","2 + 1","106 m²","4 Yaşında","2. Kat","Denizli / Merkezefendi / Kayalar Mah.","https://www.hepsiemlak.com/img/loadings/noImage55-55.png","Luin Zera Gayrimenkul","WhatsApp",""
"https://www.hepsiemlak.com/denizli-merkezefendi-baskarci-kiralik/daire/137436-1225","1 / 31","22.000","07/09/2026","Ergün Aydın'dan Site İçi Arakat Çift Balkonlu 3+1 140m2 Daire","Kiralık Daire","3 + 1","140 m²","16 Yaşında","2. Kat","Denizli / Merkezefendi / Başkarcı Mah.","","","WhatsApp",""
"https://www.hepsiemlak.com/denizli-merkezefendi-karahasanli-kiralik/daire/171341-30","1 / 56","20.000","29/08/2026","Pare'den Şehir Hastanesine Yakın Kiralık 1+1 Suit Daire","Kiralık Daire","1 + 1","50 m²","Sıfır Bina","3. Kat","Denizli / Merkezefendi / Karahasanlı Mah.","https://hecdn01.hemlak.com/mncropresize/182/137/ds01/9/6/3/1/1/2/7/4/69783ef4-7d4e-4a68-b980-3191b99e1d6a.jpg","Pare Gayrimenkul","WhatsApp","https://hecdnnw.hemlak.com/mncropresize/77/67/logo/1/4/3/1/7/1/2917c18a-3e5d-4e5a-945b-c011a252b1f4.jpg"
"https://www.hepsiemlak.com/denizli-pamukkale-zeytinkoy-kiralik/daire/152590-35","1 / 18","13.000","17/08/2026","Havuzlu Site İçerisinde Kiralık 1+1 Apart | City Light","Kiralık Daire","1 + 1","55 m²","6 Yaşında","2. Kat","Denizli / Pamukkale / Zeytinköy Mah.","https://www.hepsiemlak.com/_nuxt/8cafc93fb5c74c75e9e04e528e02ccdf.jpg","","WhatsApp",""
"https://www.hepsiemlak.com/denizli-merkezefendi-karahasanli-kiralik/daire/170982-22","1 / 16","15.000","31/08/2026","Karahasanlı Erdoğan Sitesi Kiralık 2+1 Daire","Kiralık Daire","2 + 1","75 m²","11 Yaşında","3. Kat","Denizli / Merkezefendi / Karahasanlı Mah.","https://www.hepsiemlak.com/_nuxt/8cafc93fb5c74c75e9e04e528e02ccdf.jpg","Polat Grup  Gayrimenkul Mimarlık","WhatsApp","https://www.hepsiemlak.com/_nuxt/8cafc93fb5c74c75e9e04e528e02ccdf.jpg"
"https://www.hepsiemlak.com/denizli-pamukkale-istiklal-kiralik/daire/134619-915","1 / 17","18.000","30/08/2026","İstiklalde Fırsat 3+1 Geniş Daire","Kiralık Daire","3 + 1","150 m²","25 Yaşında","1. Kat","Denizli / Pamukkale / İstiklal Mah.","https://www.hepsiemlak.com/_nuxt/8cafc93fb5c74c75e9e04e528e02ccdf.jpg","Ateş 20 Offıce","WhatsApp","https://www.hepsiemlak.com/_nuxt/8cafc93fb5c74c75e9e04e528e02ccdf.jpg"
"https://www.hepsiemlak.com/denizli-pamukkale-kinikli-kiralik/daire/140742-930","1 / 20","60.000","19/08/2026","Remax Model Den Çamlık Dılek Evler Sıtesınde 3+1 Sıfır Kıralık Daıre","Kiralık Daire","3 + 1","150 m²","Sıfır Bina","5. Kat","Denizli / Pamukkale / Kınıklı Mah.","https://www.hepsiemlak.com/_nuxt/8cafc93fb5c74c75e9e04e528e02ccdf.jpg","Remax Model 2","WhatsApp","https://www.hepsiemlak.com/_nuxt/8cafc93fb5c74c75e9e04e528e02ccdf.jpg"
"https://www.hepsiemlak.com/denizli-merkezefendi-semikler-kiralik/daire/77841-329","1 / 56","40.000","29/08/2026","Karar Emlaktan Şemiklerde 3+1 150m2 Mükemmel Ultra Lüx Daire","Kiralık Daire","3 + 1","150 m²","6 Yaşında","9. Kat","Denizli / Merkezefendi / Şemikler Mah.","https://www.hepsiemlak.com/_nuxt/8cafc93fb5c74c75e9e04e528e02ccdf.jpg","Karar Emlak","WhatsApp","https://www.hepsiemlak.com/_nuxt/8cafc93fb5c74c75e9e04e528e02ccdf.jpg"
"https://www.hepsiemlak.com/denizli-merkezefendi-goveclik-kiralik/daire/91390-2586","1 / 35","79.000","24/08/2026","Şehzade'den Selvi Rezidans Konsept Kiralık Ultra Lüks Daire","Kiralık Daire","3 + 1","210 m²","Sıfır Bina","5. Kat","Denizli / Merkezefendi / Göveçlik Mah.","https://www.hepsiemlak.com/_nuxt/8cafc93fb5c74c75e9e04e528e02ccdf.jpg","Şehzade Gayrimenkul","WhatsApp","https://www.hepsiemlak.com/_nuxt/8cafc93fb5c74c75e9e04e528e02ccdf.jpg"
"https://www.hepsiemlak.com/denizli-merkezefendi-kayalar-kiralik/daire/76333-18","1 / 16","23.000","27/08/2026","Sahibinden Kiralık  Eşyalı Daire Kayaköy Toki- Acil Durum Hast Yakın 2+1 Engelliye Uygun İki Banyolu","Kiralık Daire","1 + 1","110 m²","4 Yaşında","Zemin","Denizli / Merkezefendi / Kayalar Mah.","https://www.hepsiemlak.com/_nuxt/8cafc93fb5c74c75e9e04e528e02ccdf.jpg","","WhatsApp",""
"https://www.hepsiemlak.com/denizli-pamukkale-mehmetcik-kiralik/daire/165959-115","1 / 13","42.000","03/09/2026","Mehmetçik Mahallesi - Çamlık Işıklarında Kiralık İş Yeri 180 M2 3+1 Dükkan Üstü 1 Kat İşyeri Uygun","Kiralık Daire","3 + 1","190 m²","30 Yaşında","1. Kat","Denizli / Pamukkale / Mehmetçik Mah.","https://www.hepsiemlak.com/_nuxt/8cafc93fb5c74c75e9e04e528e02ccdf.jpg","","WhatsApp",""
"https://www.hepsiemlak.com/denizli-merkezefendi-sirinkoy-kiralik/daire/102131-54535","1 / 22","33.000","24/08/2026","Denizli Şirinköy'de Havuzlu Site İçi 1+1 Full Eşyalı Dağ Manzaralı Lüks Kiralık Daire","Kiralık Daire","1 + 1","75 m²","Sıfır Bina","3. Kat","Denizli / Merkezefendi / Şirinköy Mah.","https://www.hepsiemlak.com/_nuxt/8cafc93fb5c74c75e9e04e528e02ccdf.jpg","Yüksel Gayrimenkul","WhatsApp","https://www.hepsiemlak.com/_nuxt/8cafc93fb5c74c75e9e04e528e02ccdf.jpg"
"https://www.hepsiemlak.com/denizli-pamukkale-zeytinkoy-kiralik/daire/111300-637","1 / 6","18.000","09/09/2026","Kiralık Apart Asmalıevler De Kiralık 2+1 Klimalı","Kiralık Daire","2 + 1","65 m²","8 Yaşında","Ara Kat","Denizli / Pamukkale / Zeytinköy Mah.","https://www.hepsiemlak.com/_nuxt/8cafc93fb5c74c75e9e04e528e02ccdf.jpg","","WhatsApp",""
"https://www.hepsiemlak.com/denizli-pamukkale-feslegen-kiralik/daire/165637-63","1 / 9","20.500","09/09/2026","Çınar'a Yakın Cadde Üzeri Kiralık 2+1 Klimalı Apart","Kiralık Daire","2 + 1","70 m²","7 Yaşında","Ara Kat","Denizli / Pamukkale / Fesleğen Mah.","https://www.hepsiemlak.com/_nuxt/8cafc93fb5c74c75e9e04e528e02ccdf.jpg","Nestway Office İnşaat Emlak Galeri","WhatsApp","https://www.hepsiemlak.com/_nuxt/8cafc93fb5c74c75e9e04e528e02ccdf.jpg"
"https://www.hepsiemlak.com/denizli-merkezefendi-adalet-kiralik/daire/102793-2762","1 / 35","37.000","01/09/2026","Fark20'den Adalet'te 165m2 3+1 Arakat 3 Balkonlu Kiralık Daire","Kiralık Daire","3 + 1","175 m²","21 Yaşında","2. Kat","Denizli / Merkezefendi / Adalet Mah.","https://www.hepsiemlak.com/_nuxt/8cafc93fb5c74c75e9e04e528e02ccdf.jpg","Fark 20 Emlak","WhatsApp",""
"https://www.hepsiemlak.com/denizli-merkezefendi-karahasanli-kiralik/daire/171341-29","1 / 60","20.000","29/08/2026","Pare'den Karahasanlıda Kendine Ait Bahçeli Kiralık Suit Daire","Kiralık Daire","1 + 1","50 m²","Sıfır Bina","Bahçe Katı","Denizli / Merkezefendi / Karahasanlı Mah.","https://www.hepsiemlak.com/_nuxt/8cafc93fb5c74c75e9e04e528e02ccdf.jpg","Pare Gayrimenkul","WhatsApp","https://www.hepsiemlak.com/_nuxt/8cafc93fb5c74c75e9e04e528e02ccdf.jpg"
"https://www.hepsiemlak.com/denizli-pamukkale-asmalievler-kiralik/daire/140658-319","1 / 40","21.000","03/09/2026","2+1 Arakat Üniversite Yakını Eşyalı Apart","Kiralık Daire","2 + 1","65 m²","2 Yaşında","2. Kat","Denizli / Pamukkale / Asmalıevler Mah.","https://www.hepsiemlak.com/_nuxt/8cafc93fb5c74c75e9e04e528e02ccdf.jpg","Pars Gayrimenkul","WhatsApp","https://www.hepsiemlak.com/_nuxt/8cafc93fb5c74c75e9e04e528e02ccdf.jpg"
"https://www.hepsiemlak.com/denizli-merkezefendi-karahasanli-kiralik/daire/120473-363","1 / 28","18.500","19/08/2026","*son Fiyattır* *havuzlu Site İçi*arakat *eşyasız 1+1* Balkonlu","Kiralık Daire","1 + 1","50 m²","Sıfır Bina","3. Kat","Denizli / Merkezefendi / Karahasanlı Mah.","https://www.hepsiemlak.com/_nuxt/8cafc93fb5c74c75e9e04e528e02ccdf.jpg","Luin Zera Gayrimenkul","WhatsApp","https://www.hepsiemlak.com/img/loadings/noImage55-55.png"
"https://www.hepsiemlak.com/denizli-merkezefendi-sirinkoy-kiralik/villa/54626-5812","1 / 35","350.000","03/09/2026","Kaan Emlak Sinpaş Şubesinden Şirinköyde Emsalsiz Bir Villa","Kiralık Villa","7 + 1","950 m²","4 Yaşında","","Denizli / Merkezefendi / Şirinköy Mah.","https://www.hepsiemlak.com/_nuxt/8cafc93fb5c74c75e9e04e528e02ccdf.jpg","","WhatsApp",""
"https://www.hepsiemlak.com/denizli-merkezefendi-bereketler-kiralik/daire/140742-921","1 / 16","30.000","28/08/2026","Remax Model Servergazı Hastanesı Karşısı Kıralık Eşyalı Apartlar","Kiralık Daire","1 + 1","55 m²","Sıfır Bina","1. Kat","Denizli / Merkezefendi / Bereketler Mah.","https://www.hepsiemlak.com/_nuxt/8cafc93fb5c74c75e9e04e528e02ccdf.jpg","Remax Model 2","WhatsApp","https://www.hepsiemlak.com/_nuxt/8cafc93fb5c74c75e9e04e528e02ccdf.jpg"
"https://www.hepsiemlak.com/denizli-merkezefendi-karahasanli-kiralik/daire/134619-872","1 / 25","13.000","01/09/2026","Karahasanlıda,  2+1 Kiralık Asansörlü Fırsat Daire.","Kiralık Daire","2 + 1","90 m²","6 Yaşında","3. Kat","Denizli / Merkezefendi / Karahasanlı Mah.","https://www.hepsiemlak.com/_nuxt/8cafc93fb5c74c75e9e04e528e02ccdf.jpg","Ateş 20 Offıce","WhatsApp","https://www.hepsiemlak.com/_nuxt/8cafc93fb5c74c75e9e04e528e02ccdf.jpg"
"https://www.hepsiemlak.com/denizli-pamukkale-kinikli-kiralik/daire/4766-18842","1 / 24","35.000","07/09/2026","Ender Uysal Gayrimenkulden Kınıklıda Klimalı Asansörlü 3+1 Kiralık Daire....","Kiralık Daire","3 + 1","155 m²","15 Yaşında","2. Kat","Denizli / Pamukkale / Kınıklı Mah.","https://www.hepsiemlak.com/_nuxt/8cafc93fb5c74c75e9e04e528e02ccdf.jpg","","WhatsApp",""
"https://www.hepsiemlak.com/denizli-pamukkale-dokuzkavaklar-kiralik/daire/64407-3653","1 / 27","15.000","17/08/2026","Dokuzkavaklar'da Kiralık Geniş Teraslı Kombili Dubleks Daire","Kiralık Daire","2 + 1","100 m²","9 Yaşında","2. Kat","Denizli / Pamukkale / Dokuzkavaklar Mah.","https://www.hepsiemlak.com/_nuxt/8cafc93fb5c74c75e9e04e528e02ccdf.jpg","","WhatsApp",""
"https://www.hepsiemlak.com/denizli-merkezefendi-gultepe-kiralik/daire/0-47268764","1 / 34","45.000","08/09/2026","Sahibinden,Kiralık,Site İçi,Havuzlu,Ara Kat-3,5+1","Kiralık Daire","3 + 1","185 m²","1 Yaşında","3. Kat","Denizli / Merkezefendi / Gültepe Mah.","","","WhatsApp",""
"https://www.hepsiemlak.com/denizli-merkezefendi-degirmenonu-kiralik/daire/0-47262201","1 / 31","20.000","08/09/2026","Sahibinden Değirmenönü'nde Kiralık Geniş Balkonlu 3+1 Daire","Kiralık Daire","3 + 1","150 m²","25 Yaşında","Ara Kat","Denizli / Merkezefendi / Değirmenönü Mah.","","","WhatsApp",""
"https://www.hepsiemlak.com/denizli-pamukkale-topraklik-kiralik/daire/159533-119","1 / 28","25.000","29/08/2026","Halk Caddesi 3 + 1 İçi Kople Yenilenmiş Kiralık","Kiralık Daire","3 + 1","135 m²","26 Yaşında","4. Kat","Denizli / Pamukkale / Topraklık Mah.","","","WhatsApp",""
"https://www.hepsiemlak.com/denizli-pamukkale-hacikaplanlar-kiralik/daire/166502-47","1 / 16","20.000","31/08/2026","Denizli Hacıkaplanlar Kiralık Daire","Kiralık Daire","3 + 1","120 m²","18 Yaşında","Yüksek Giriş","Denizli / Pamukkale / Hacıkaplanlar Mah.","https://hecdn01.hemlak.com/mncropresize/182/137/ds01/0/1/9/1/0/2/7/4/1787842966995-47201910.jpg","","WhatsApp",""
"https://www.hepsiemlak.com/denizli-pamukkale-15-mayis-kiralik/daire/0-47174161","1 / 15","18.000","22/08/2026","Çınar'da Sahibinden Kiralık 1+1 Daire","Kiralık Daire","1 + 1","75 m²","30 Yaşında","Yüksek Giriş","Denizli / Pamukkale / 15 Mayıs Mah.","https://www.hepsiemlak.com/_nuxt/8cafc93fb5c74c75e9e04e528e02ccdf.jpg","","WhatsApp",""
"https://www.hepsiemlak.com/denizli-pamukkale-feslegen-kiralik/daire/0-47142435","1 / 19","25.500","17/08/2026","Sahibinden Kiralık 2+1 Daire | Fesleğen Mahallesi","Kiralık Daire","2 + 1","100 m²","4 Yaşında","Yüksek Giriş","Denizli / Pamukkale / Fesleğen Mah.","https://www.hepsiemlak.com/_nuxt/8cafc93fb5c74c75e9e04e528e02ccdf.jpg","","WhatsApp",""
"https://www.hepsiemlak.com/denizli-merkezefendi-gumuscay-kiralik/daire/163480-231","1 / 18","19.450","20/08/2026","Gümüşçayda Kiralık 2+1 120 M2 Geniş Daire Arakat Daire","Kiralık Daire","2 + 1","120 m²","4 Yaşında","1. Kat","Denizli / Merkezefendi / Gümüşçay Mah.","https://www.hepsiemlak.com/_nuxt/8cafc93fb5c74c75e9e04e528e02ccdf.jpg","","WhatsApp",""
"https://www.hepsiemlak.com/denizli-pamukkale-zeytinkoy-kiralik/daire/133232-687","1 / 17","13.000","08/09/2026","Koza'dan Üniversiteye Yürüme Mesafesinde Kiralık Balkonlu Apart","Kiralık Daire","1 + 1","55 m²","10 Yaşında","2. Kat","Denizli / Pamukkale / Zeytinköy Mah.","https://www.hepsiemlak.com/_nuxt/8cafc93fb5c74c75e9e04e528e02ccdf.jpg","","WhatsApp",""
"https://www.hepsiemlak.com/denizli-merkezefendi-bahcelievler-kiralik/daire/169124-31","1 / 35","18.000","23/08/2026","Nexus Point'ten Bahçelievler'de 3+1 Kiralık Daire","Kiralık Daire","3 + 1","140 m²","26 Yaşında","4. Kat","Denizli / Merkezefendi / Bahçelievler Mah.","https://www.hepsiemlak.com/_nuxt/8cafc93fb5c74c75e9e04e528e02ccdf.jpg","","WhatsApp",""
"https://www.hepsiemlak.com/denizli-pamukkale-mehmetcik-kiralik/daire/159501-225","1 / 11","15.000","01/09/2026","Forum Çamlık İl Jandarma Tugay 2 Dk Mesafe Lüks Apartlar","Kiralık Daire","1 + 1","55 m²","5 Yaşında","1. Kat","Denizli / Pamukkale / Mehmetçik Mah.","https://www.hepsiemlak.com/_nuxt/8cafc93fb5c74c75e9e04e528e02ccdf.jpg","","WhatsApp",""
"https://www.hepsiemlak.com/denizli-merkezefendi-karahasanli-kiralik/daire/91390-2669","1 / 33","22.000","19/08/2026","Şehzade'den Yeni Eşyalı Kiralık Apart","Kiralık Daire","1 + 1","50 m²","Sıfır Bina","1. Kat","Denizli / Merkezefendi / Karahasanlı Mah.","https://www.hepsiemlak.com/_nuxt/8cafc93fb5c74c75e9e04e528e02ccdf.jpg","Şehzade Gayrimenkul","WhatsApp","https://www.hepsiemlak.com/_nuxt/8cafc93fb5c74c75e9e04e528e02ccdf.jpg"
"https://www.hepsiemlak.com/denizli-pamukkale-pelitlibag-kiralik/daire/125019-716","1 / 34","19.000","02/09/2026","Pelitlibağ Mh 110m2 2+1 Geniş Teraslı Dubleks Kiralık","Kiralık Daire","2 + 1","110 m²","16 Yaşında","2. Kat","Denizli / Pamukkale / Pelitlibağ Mah.","https://www.hepsiemlak.com/_nuxt/8cafc93fb5c74c75e9e04e528e02ccdf.jpg","","WhatsApp",""
"https://www.hepsiemlak.com/denizli-merkezefendi-saraylar-kiralik/daire/153882-393","1 / 14","20.000","04/09/2026","Denizli Sırakapılarda Lüx Kiralık  2+1 Apart","Kiralık Daire","2 + 1","60 m²","4 Yaşında","4. Kat","Denizli / Merkezefendi / Saraylar Mah.","https://www.hepsiemlak.com/_nuxt/8cafc93fb5c74c75e9e04e528e02ccdf.jpg","Türkalp Gayrimenkul","WhatsApp","https://www.hepsiemlak.com/_nuxt/8cafc93fb5c74c75e9e04e528e02ccdf.jpg"
"https://www.hepsiemlak.com/denizli-pamukkale-15-mayis-kiralik/daire/131323-580","1 / 13","18.000","09/09/2026","Kiralık 2+1 Daire","Kiralık Daire","2 + 1","120 m²","20 Yaşında","3. Kat","Denizli / Pamukkale / 15 Mayıs Mah.","https://www.hepsiemlak.com/_nuxt/8cafc93fb5c74c75e9e04e528e02ccdf.jpg","Ulaman Gayrimenkul","WhatsApp","https://www.hepsiemlak.com/_nuxt/8cafc93fb5c74c75e9e04e528e02ccdf.jpg"
"https://www.hepsiemlak.com/denizli-merkezefendi-mehmet-akif-ersoy-kiralik/daire/170982-25","1 / 12","25.000","21/08/2026","Polat Gayrimenkulden Adalet Bölgesinde Kiralık Herşey Dahil Lüks","Kiralık Daire","1 + 1","50 m²","4 Yaşında","1. Kat","Denizli / Merkezefendi / Mehmet Akif Ersoy Mah.","https://www.hepsiemlak.com/_nuxt/8cafc93fb5c74c75e9e04e528e02ccdf.jpg","Polat Grup  Gayrimenkul Mimarlık","WhatsApp","https://www.hepsiemlak.com/_nuxt/8cafc93fb5c74c75e9e04e528e02ccdf.jpg"
"https://www.hepsiemlak.com/denizli-merkezefendi-yenisafak-kiralik/daire/171341-23","1 / 57","28.000","08/09/2026","Pare'den Yenişafakta Kiralık Önü Açık 2+1 Suit Daire","Kiralık Daire","2 + 1","90 m²","Sıfır Bina","5. Kat","Denizli / Merkezefendi / Yenişafak Mah.","https://www.hepsiemlak.com/_nuxt/8cafc93fb5c74c75e9e04e528e02ccdf.jpg","Pare Gayrimenkul","WhatsApp","https://www.hepsiemlak.com/_nuxt/8cafc93fb5c74c75e9e04e528e02ccdf.jpg"
"https://www.hepsiemlak.com/denizli-pamukkale-atalar-kiralik/daire/140658-318","1 / 40","25.000","05/09/2026","Atalar Mahallesi 2+1 Arakat Çift Cephe Asansörlü Kiralık Daire","Kiralık Daire","2 + 1","120 m²","6 Yaşında","2. Kat","Denizli / Pamukkale / Atalar Mah.","https://www.hepsiemlak.com/_nuxt/8cafc93fb5c74c75e9e04e528e02ccdf.jpg","Pars Gayrimenkul","WhatsApp","https://www.hepsiemlak.com/_nuxt/8cafc93fb5c74c75e9e04e528e02ccdf.jpg"
"https://www.hepsiemlak.com/denizli-pamukkale-15-mayis-kiralik/daire/120473-362","1 / 31","12.500","10/09/2026","Çınar""da Bez Bebek Arkası 1+1* Eşyalı Eşyasız Apart Daire","Kiralık Daire","1 + 1","50 m²","6 Yaşında","1. Kat","Denizli / Pamukkale / 15 Mayıs Mah.","https://www.hepsiemlak.com/_nuxt/8cafc93fb5c74c75e9e04e528e02ccdf.jpg","Luin Zera Gayrimenkul","WhatsApp","https://www.hepsiemlak.com/img/loadings/noImage55-55.png"
"https://www.hepsiemlak.com/denizli-merkezefendi-selcuk-bey-kiralik/villa/54626-5772","1 / 35","75.000","26/08/2026","Üçler Sürücü Pistine Cephe 6 + 1 Lüks Kiralık Villa","Kiralık Villa","6 + 1","350 m²","16 Yaşında","","Denizli / Merkezefendi / Selçuk Bey Mah.","https://www.hepsiemlak.com/_nuxt/8cafc93fb5c74c75e9e04e528e02ccdf.jpg","","WhatsApp",""
"https://www.hepsiemlak.com/denizli-pamukkale-15-mayis-kiralik/daire/134619-836","1 / 25","25.000","31/08/2026","15 Mayıs Mahallesinde  3+1 Ebeveyn Banyolu Arakat Kiralık Fırsat Daire..","Kiralık Daire","3 + 1","160 m²","20 Yaşında","2. Kat","Denizli / Pamukkale / 15 Mayıs Mah.","https://www.hepsiemlak.com/_nuxt/8cafc93fb5c74c75e9e04e528e02ccdf.jpg","Ateş 20 Offıce","WhatsApp","https://www.hepsiemlak.com/_nuxt/8cafc93fb5c74c75e9e04e528e02ccdf.jpg"
"https://www.hepsiemlak.com/denizli-pamukkale-zeytinkoy-kiralik/daire/46851-949","1 / 10","12.000","29/08/2026","Zeytinköy Mahallesi (cerrahi Hastanesi Arkası)’nde 1+1,35m2.,Eşyalı,Balkonlu,Apart Daire Kiralık","Kiralık Daire","2 + 1","37 m²","14 Yaşında","2. Kat","Denizli / Pamukkale / Zeytinköy Mah.","https://www.hepsiemlak.com/_nuxt/8cafc93fb5c74c75e9e04e528e02ccdf.jpg","","WhatsApp",""
"https://www.hepsiemlak.com/denizli-merkezefendi-muratdede-kiralik/daire/130692-1162","1 / 12","16.500","30/08/2026","Gülemden Bayramyeri Ve Devlet Hastanesine Yakın Kiralık 1+1 Daire","Kiralık Daire","1 + 1","60 m²","5 Yaşında","Yüksek Giriş","Denizli / Merkezefendi / Muratdede Mah.","https://www.hepsiemlak.com/_nuxt/8cafc93fb5c74c75e9e04e528e02ccdf.jpg","","WhatsApp",""
"https://www.hepsiemlak.com/denizli-merkezefendi-gerzele-kiralik/daire/162589-590","1 / 15","23.000","08/09/2026","Gerzelede Depozitosuz Kiralık 1+1 Daire","Kiralık Daire","1 + 1","55 m²","6 Yaşında","Bahçe Katı","Denizli / Merkezefendi / Gerzele Mah.","https://www.hepsiemlak.com/_nuxt/8cafc93fb5c74c75e9e04e528e02ccdf.jpg","Toprak Dünyası Gayrimenkul","WhatsApp","https://www.hepsiemlak.com/_nuxt/8cafc93fb5c74c75e9e04e528e02ccdf.jpg"
"https://www.hepsiemlak.com/denizli-pamukkale-cumhuriyet-kiralik/daire/110125-638","1 / 17","11.500","06/09/2026","Ulus Grand Otel Kiralık 1+1 Apart","Kiralık Daire","1 + 1","50 m²","11 Yaşında","Bodrum","Denizli / Pamukkale / Cumhuriyet Mah.","https://www.hepsiemlak.com/_nuxt/8cafc93fb5c74c75e9e04e528e02ccdf.jpg","","WhatsApp",""
"https://www.hepsiemlak.com/denizli-pamukkale-topraklik-kiralik/daire/131665-166","1 / 16","18.000","27/08/2026","Ticaret Lisesi Yanı--Çınar*bayramyeri*garaj Yakını","Kiralık Daire","2 + 1","130 m²","11 Yaşında","4. Kat","Denizli / Pamukkale / Topraklık Mah.","","","WhatsApp",""
"https://www.hepsiemlak.com/denizli-pamukkale-feslegen-kiralik/daire/148515-935","1 / 56","15.000","31/08/2026","H~k Gyo Fesleğen Mh Kıbrıs Şehitler Cd Altı Kombili Köşe Bina En Üst Kat  3+1 Kiralık Daire","Kiralık Daire","3 + 1","130 m²","30 Yaşında","4. Kat","Denizli / Pamukkale / Fesleğen Mah.","","","WhatsApp",""
"https://www.hepsiemlak.com/denizli-pamukkale-mehmetcik-kiralik/daire/133232-685","1 / 16","12.000","08/09/2026","Forum Çamlık/tugay Yakını Eşyalı Arakat Apart(elektrik+su Dahil)","Kiralık Daire","1 + 1","55 m²","10 Yaşında","3. Kat","Denizli / Pamukkale / Mehmetçik Mah.","","","WhatsApp",""
"https://www.hepsiemlak.com/denizli-merkezefendi-yenisafak-kiralik/daire/132069-296","1 / 20","32.000","08/09/2026","Yenişafakta Önü Açık Arakat Kiralık Daire","Kiralık Daire","2 + 1","80 m²","Sıfır Bina","2. Kat","Denizli / Merkezefendi / Yenişafak Mah.","https://hecdn01.hemlak.com/mncropresize/182/137/ds01/5/9/4/3/5/9/6/4/9a9900db-8043-451b-bc20-1a44dd1680ad.jpg","","WhatsApp",""
"https://www.hepsiemlak.com/denizli-pamukkale-kinikli-kiralik/daire/98862-179","1 / 23","35.000","07/09/2026","Denizli Pamukkale Mehmetcik Kiralık Daire","Kiralık Daire","3 + 1","136 m²","30 Yaşında","2. Kat","Denizli / Pamukkale / Kınıklı Mah.","https://www.hepsiemlak.com/_nuxt/8cafc93fb5c74c75e9e04e528e02ccdf.jpg","","WhatsApp",""
"https://www.hepsiemlak.com/denizli-pamukkale-asmalievler-kiralik/daire/140742-970","1 / 14","24.000","09/09/2026","Remax Model Den Ünıversıte Yakını Terrace Sıtesınde 2+1 Eşyalı Daıre","Kiralık Daire","2 + 1","70 m²","5 Yaşında","3. Kat","Denizli / Pamukkale / Asmalıevler Mah.","https://www.hepsiemlak.com/_nuxt/8cafc93fb5c74c75e9e04e528e02ccdf.jpg","Remax Model 2","WhatsApp","https://www.hepsiemlak.com/_nuxt/8cafc93fb5c74c75e9e04e528e02ccdf.jpg"
"https://www.hepsiemlak.com/denizli-merkezefendi-1200-evler-kiralik/daire/102131-54510","1 / 17","24.000","09/09/2026","Denizli 1200 Evler De 1+1 50 M2 Eşyalı Kiralık Arakat Apart","Kiralık Daire","1 + 1","50 m²","Sıfır Bina","3. Kat","Denizli / Merkezefendi / 1200 Evler Mah.","https://www.hepsiemlak.com/_nuxt/8cafc93fb5c74c75e9e04e528e02ccdf.jpg","Yüksel Gayrimenkul","WhatsApp","https://www.hepsiemlak.com/_nuxt/8cafc93fb5c74c75e9e04e528e02ccdf.jpg"
"https://www.hepsiemlak.com/denizli-merkezefendi-selcuk-bey-kiralik/daire/91390-2665","1 / 32","34.000","13/08/2026","Şehzade Gayrimenkul'den Selçuk Bey Mah. 3+1 Kiralık Daire","Kiralık Daire","3 + 1","175 m²","16 Yaşında","1. Kat","Denizli / Merkezefendi / Selçuk Bey Mah.","https://www.hepsiemlak.com/_nuxt/8cafc93fb5c74c75e9e04e528e02ccdf.jpg","Şehzade Gayrimenkul","WhatsApp","https://www.hepsiemlak.com/_nuxt/8cafc93fb5c74c75e9e04e528e02ccdf.jpg"
"https://www.hepsiemlak.com/denizli-merkezefendi-degirmenonu-kiralik/daire/122219-664","1 / 11","25.000","05/09/2026","Çizim'den Eşyalı 2+1 Daire Akkonak Mah. De","Kiralık Daire","2 + 1","90 m²","21 Yaşında","2. Kat","Denizli / Merkezefendi / Değirmenönü Mah.","https://www.hepsiemlak.com/_nuxt/8cafc93fb5c74c75e9e04e528e02ccdf.jpg","","WhatsApp",""
"https://www.hepsiemlak.com/denizli-pamukkale-bagbasi-kiralik/daire/0-47198918","1 / 11","22.500","29/08/2026","Sahibinden Kiralık Daire","Kiralık Daire","2 + 1","115 m²","9 Yaşında","Ara Kat","Denizli / Pamukkale / Bağbaşı Mah.","https://www.hepsiemlak.com/_nuxt/8cafc93fb5c74c75e9e04e528e02ccdf.jpg","","WhatsApp",""
"https://www.hepsiemlak.com/denizli-merkezefendi-ilbade-kiralik/daire/136930-509","1 / 14","17.000","07/09/2026","İbade Mah Kiralık Daire","Kiralık Daire","2 + 1","110 m²","6 Yaşında","4. Kat","Denizli / Merkezefendi / İlbade Mah.","https://www.hepsiemlak.com/_nuxt/8cafc93fb5c74c75e9e04e528e02ccdf.jpg","Ys-lıfe Gayrimenkul","WhatsApp","https://www.hepsiemlak.com/_nuxt/8cafc93fb5c74c75e9e04e528e02ccdf.jpg"
"https://www.hepsiemlak.com/denizli-merkezefendi-mehmet-akif-ersoy-kiralik/daire/102793-2757","1 / 30","25.000","21/08/2026","Fark20'den Tapu Müd.Yakını Kiralık Eşyalı Daire","Kiralık Daire","2 + 1","125 m²","21 Yaşında","Yüksek Giriş","Denizli / Merkezefendi / Mehmet Akif Ersoy Mah.","https://www.hepsiemlak.com/_nuxt/8cafc93fb5c74c75e9e04e528e02ccdf.jpg","Fark 20 Emlak","WhatsApp",""
"https://www.hepsiemlak.com/denizli-merkezefendi-cakmak-kiralik/daire/127829-411","1 / 24","27.000","07/09/2026","Çakmak'ta Güzel Lokasyonda Kiralık Dubleks Geniş 2+1 Daire","Kiralık Daire","2 + 1","130 m²","11 Yaşında","2. Kat","Denizli / Merkezefendi / Çakmak Mah.","https://www.hepsiemlak.com/_nuxt/8cafc93fb5c74c75e9e04e528e02ccdf.jpg","","WhatsApp",""
"https://www.hepsiemlak.com/denizli-merkezefendi-yenisafak-kiralik/daire/124405-282","1 / 24","41.000","09/09/2026","Yenişafak Site İçi Kiralık Daıre","Kiralık Daire","3 + 1","160 m²","1 Yaşında","2. Kat","Denizli / Merkezefendi / Yenişafak Mah.","https://www.hepsiemlak.com/_nuxt/8cafc93fb5c74c75e9e04e528e02ccdf.jpg","Demirtaş Gayrimenkul","WhatsApp","https://www.hepsiemlak.com/_nuxt/8cafc93fb5c74c75e9e04e528e02ccdf.jpg"
"https://www.hepsiemlak.com/denizli-pamukkale-zeytinkoy-kiralik/daire/109302-136","1 / 6","13.000","07/09/2026","Denizli Bağbaşı Dönerci Yaşar Arkası 1+1 Apartımız Kiralıktır","Kiralık Daire","1 + 1","45 m²","Sıfır Bina","Çatı Katı","Denizli / Pamukkale / Zeytinköy Mah.","https://www.hepsiemlak.com/_nuxt/8cafc93fb5c74c75e9e04e528e02ccdf.jpg","Çivrilli Emlak","WhatsApp","https://www.hepsiemlak.com/_nuxt/8cafc93fb5c74c75e9e04e528e02ccdf.jpg"
"https://www.hepsiemlak.com/denizli-merkezefendi-altintop-kiralik/daire/0-47208520","1 / 10","25.000","29/08/2026","Altıntop Mah.Kiralik Daire 3+1 2.Kat","Kiralık Daire","3 + 1","465 m²","30 Yaşında","2. Kat","Denizli / Merkezefendi / Altıntop Mah.","https://www.hepsiemlak.com/_nuxt/8cafc93fb5c74c75e9e04e528e02ccdf.jpg","","WhatsApp",""
"https://www.hepsiemlak.com/denizli-honaz-afsin-bey-kiralik/daire/153882-178","1 / 13","11.000","04/09/2026","Denizli Honaz Apart","Kiralık Daire","1 + 1","60 m²","5 Yaşında","3. Kat","Denizli / Honaz / Afşın Bey Mah.","https://www.hepsiemlak.com/_nuxt/8cafc93fb5c74c75e9e04e528e02ccdf.jpg","Türkalp Gayrimenkul","WhatsApp","https://www.hepsiemlak.com/_nuxt/8cafc93fb5c74c75e9e04e528e02ccdf.jpg"
"https://www.hepsiemlak.com/denizli-pamukkale-kinikli-kiralik/daire/4766-18830","1 / 18","30.000","08/09/2026","Ender Uysal Gayrimenkulden Kiralık 2+1 Balkonlu Ev Gibi Eşyalı Lüx Apart.","Kiralık Daire","2 + 1","85 m²","3 Yaşında","2. Kat","Denizli / Pamukkale / Kınıklı Mah.","https://www.hepsiemlak.com/_nuxt/8cafc93fb5c74c75e9e04e528e02ccdf.jpg","","WhatsApp",""
"https://www.hepsiemlak.com/denizli-merkezefendi-karahasanli-kiralik/daire/171341-1","1 / 31","19.500","29/08/2026","Pare'den Şehir Hastanesine Komşu 1+1 Ultra Lüks Apart","Kiralık Daire","1 + 1","50 m²","Sıfır Bina","5. Kat","Denizli / Merkezefendi / Karahasanlı Mah.","https://www.hepsiemlak.com/_nuxt/8cafc93fb5c74c75e9e04e528e02ccdf.jpg","Pare Gayrimenkul","WhatsApp","https://www.hepsiemlak.com/_nuxt/8cafc93fb5c74c75e9e04e528e02ccdf.jpg"
"https://www.hepsiemlak.com/denizli-pamukkale-asmalievler-kiralik/daire/140658-315","1 / 40","19.000","07/09/2026","Cadde Üzeri Sıfır Bina Sıfır Eşya Asanasörlü Eşyalı Balkonlu","Kiralık Daire","1 + 1","50 m²","Sıfır Bina","2. Kat","Denizli / Pamukkale / Asmalıevler Mah.","https://www.hepsiemlak.com/_nuxt/8cafc93fb5c74c75e9e04e528e02ccdf.jpg","Pars Gayrimenkul","WhatsApp","https://www.hepsiemlak.com/_nuxt/8cafc93fb5c74c75e9e04e528e02ccdf.jpg"
"https://www.hepsiemlak.com/denizli-merkezefendi-bereketler-kiralik/daire/54626-5713","1 / 35","75.000","13/08/2026","Kaaan Emlaktan Bereketlerde Kiralık Lüx Villa","Kiralık Daire","6 + 2","500 m²","3 Yaşında","2. Kat","Denizli / Merkezefendi / Bereketler Mah.","https://www.hepsiemlak.com/_nuxt/8cafc93fb5c74c75e9e04e528e02ccdf.jpg","","WhatsApp",""
"https://www.hepsiemlak.com/denizli-pamukkale-topraklik-kiralik/daire/120473-181","1 / 30","17.500","27/08/2026","Şehrin Merkezinde Konservatuar Yanı Arakat 2+1*eşyalı Apart","Kiralık Daire","2 + 1","60 m²","6 Yaşında","4. Kat","Denizli / Pamukkale / Topraklık Mah.","https://www.hepsiemlak.com/_nuxt/8cafc93fb5c74c75e9e04e528e02ccdf.jpg","Luin Zera Gayrimenkul","WhatsApp","https://www.hepsiemlak.com/img/loadings/noImage55-55.png"
"https://www.hepsiemlak.com/denizli-pamukkale-siteler-kiralik/daire/134619-599","1 / 15","19.000","13/08/2026","Bursa Caddesi Kiralık 1+1 Apart  Panjurlu  Cam Balkonlu  Klimalı  Ön Cephe  1+1 55m2","Kiralık Daire","1 + 1","60 m²","6 Yaşında","Yüksek Giriş","Denizli / Pamukkale / Siteler Mah.","https://www.hepsiemlak.com/_nuxt/8cafc93fb5c74c75e9e04e528e02ccdf.jpg","Ateş 20 Offıce","WhatsApp","https://www.hepsiemlak.com/_nuxt/8cafc93fb5c74c75e9e04e528e02ccdf.jpg"
"https://www.hepsiemlak.com/denizli-pamukkale-istiklal-kiralik/daire/54417-815","1 / 24","12.000","09/09/2026","Diş Hastanesi ‘ Ne Yakın Balkonlu Eşyalı 1+1 Kiralık Apart","Kiralık Daire","1 + 1","50 m²","6 Yaşında","Yüksek Giriş","Denizli / Pamukkale / İstiklal Mah.","https://www.hepsiemlak.com/_nuxt/8cafc93fb5c74c75e9e04e528e02ccdf.jpg","","WhatsApp",""
"https://www.hepsiemlak.com/denizli-merkezefendi-merkez-efendi-kiralik/daire/131665-156","1 / 16","25.000","09/09/2026","İçi Yenilenmiş **bahçeli**denipol Karşısı**ataş Halı Saha Arkası","Kiralık Daire","3 + 1","135 m²","16 Yaşında","2. Kat","Denizli / Merkezefendi / Merkez Efendi Mah.","","","WhatsApp",""
"https://www.hepsiemlak.com/denizli-pamukkale-yunusemre-kiralik/daire/88741-209","1 / 17","18.000","07/09/2026","Kınıklı Bursa Caddesınde 75m² Ful Esyalı Kiralık Apart","Kiralık Daire","2 + 1","75 m²","6 Yaşında","2. Kat","Denizli / Pamukkale / Yunusemre Mah.","","","WhatsApp",""
"https://www.hepsiemlak.com/denizli-merkezefendi-hallaclar-kiralik/daire/86543-2363","1 / 25","25.000","01/09/2026","Aybars'tan Hallaçlar'da Kiralık 2+1 Ara Kat Sıfır Daire","Kiralık Daire","2 + 1","90 m²","Sıfır Bina","2. Kat","Denizli / Merkezefendi / Hallaçlar Mah.","https://hecdnnw.hemlak.com/mncropresize/77/67/logo/3/4/5/6/8/0/20a201fc-b46b-418a-bd4e-a451e17f3456.jpg","Aybars Gayrimenkul","WhatsApp",""
"https://www.hepsiemlak.com/denizli-merkezefendi-selcuk-bey-kiralik/daire/140742-967","1 / 13","25.000","28/08/2026","Remax Model Den Selçukbey Cuma Pazarı Yanında 2+1 Eşyalı Daıre","Kiralık Daire","2 + 1","70 m²","1 Yaşında","1. Kat","Denizli / Merkezefendi / Selçuk Bey Mah.","https://hecdn01.hemlak.com/mncropresize/182/137/ds01/1/7/4/8/9/1/7/4/24ac0e9a-517f-4b92-9f66-9a912dc1ef70.jpg","Remax Model 2","WhatsApp","https://hecdnnw.hemlak.com/mncropresize/77/67/logo/2/4/7/0/4/1/53e0ba3f-4b66-4917-976e-f0430701af7b.jpg"
"https://www.hepsiemlak.com/denizli-pamukkale-asmalievler-kiralik/daire/76333-149","1 / 6","13.000","09/09/2026","Kiralık Sahibinden  Komisyonsuz  Eşyalı 1+1  Arakat  Kombili  Üniversiteye-Ciğerci Bahattine Yakın","Kiralık Daire","1 + 1","60 m²","11 Yaşında","2. Kat","Denizli / Pamukkale / Asmalıevler Mah.","https://www.hepsiemlak.com/_nuxt/8cafc93fb5c74c75e9e04e528e02ccdf.jpg","","WhatsApp",""
"https://www.hepsiemlak.com/denizli-merkezefendi-cakmak-kiralik/daire/167868-13","1 / 10","30.000","23/08/2026","Çakmak Da Kiralık 2+1","Kiralık Daire","3 + 1","155 m²","5 Yaşında","2. Kat","Denizli / Merkezefendi / Çakmak Mah.","https://www.hepsiemlak.com/_nuxt/8cafc93fb5c74c75e9e04e528e02ccdf.jpg","","WhatsApp",""
"https://www.hepsiemlak.com/denizli-merkezefendi-karahasanli-kiralik/daire/132528-9","1 / 7","22.500","26/08/2026","🏡 Şehir Hastanesi Yanı | Sıfır Bina | Park Manzaralı Lüks 1+1 Apart","Kiralık Daire","1 + 1","50 m²","Sıfır Bina","2. Kat","Denizli / Merkezefendi / Karahasanlı Mah.","https://www.hepsiemlak.com/_nuxt/8cafc93fb5c74c75e9e04e528e02ccdf.jpg","","WhatsApp",""
"https://www.hepsiemlak.com/denizli-pamukkale-zeytinkoy-kiralik/daire/162589-551","1 / 13","18.000","20/08/2026","Zeytinköy’de Bahçe Kullanımlı Tam Eşyalı 1+1 Kiralık Apart","Kiralık Daire","1 + 1","65 m²","5 Yaşında","Bahçe Katı","Denizli / Pamukkale / Zeytinköy Mah.","https://www.hepsiemlak.com/_nuxt/8cafc93fb5c74c75e9e04e528e02ccdf.jpg","Toprak Dünyası Gayrimenkul","WhatsApp","https://www.hepsiemlak.com/_nuxt/8cafc93fb5c74c75e9e04e528e02ccdf.jpg"
"https://www.hepsiemlak.com/denizli-pamukkale-incilipinar-kiralik/daire/94398-5978","1 / 21","15.000","18/08/2026","+1'den Forum Çamlık Yakını 1+1 55 M2 Eşyalı Klimalı Balkonlu","Kiralık Daire","1 + 1","55 m²","11 Yaşında","1. Kat","Denizli / Pamukkale / İncilipınar Mah.","https://www.hepsiemlak.com/_nuxt/8cafc93fb5c74c75e9e04e528e02ccdf.jpg","Artı 1 Gayrimenkul","WhatsApp","https://www.hepsiemlak.com/_nuxt/8cafc93fb5c74c75e9e04e528e02ccdf.jpg"
"https://www.hepsiemlak.com/denizli-pamukkale-topraklik-kiralik/daire/127829-406","1 / 23","16.000","07/09/2026","Topraklık'ta Kiralık 2+1 Yalıtımlı Çatı Katı Eşyalı Apart","Kiralık Daire","2 + 1","80 m²","16 Yaşında","4. Kat","Denizli / Pamukkale / Topraklık Mah.","https://www.hepsiemlak.com/_nuxt/8cafc93fb5c74c75e9e04e528e02ccdf.jpg","","WhatsApp",""
"https://www.hepsiemlak.com/denizli-merkezefendi-yenisafak-kiralik/daire/91390-2671","1 / 28","60.000","19/08/2026","Şehzade'den Yenişafak'ta Site Konsepti 3+1 Geniş Daire","Kiralık Daire","3 + 1","207 m²","4 Yaşında","4. Kat","Denizli / Merkezefendi / Yenişafak Mah.","https://www.hepsiemlak.com/_nuxt/8cafc93fb5c74c75e9e04e528e02ccdf.jpg","Şehzade Gayrimenkul","WhatsApp","https://www.hepsiemlak.com/_nuxt/8cafc93fb5c74c75e9e04e528e02ccdf.jpg"
"https://www.hepsiemlak.com/denizli-pamukkale-pelitlibag-kiralik/daire/125019-681","1 / 22","19.000","31/08/2026","City20'den Pelitlibağ Mh 110m2 2+1 Geniş Teraslı Dubleks Kiralık","Kiralık Daire","2 + 1","110 m²","16 Yaşında","2. Kat","Denizli / Pamukkale / Pelitlibağ Mah.","https://www.hepsiemlak.com/_nuxt/8cafc93fb5c74c75e9e04e528e02ccdf.jpg","","WhatsApp",""
"https://www.hepsiemlak.com/denizli-merkezefendi-karahasanli-kiralik/daire/140658-307","1 / 40","30.000","16/08/2026","Şehir Hastanesi Yanı 2+1 Arakat Asansörlü Balkonllu Otoparklı","Kiralık Daire","2 + 1","75 m²","1 Yaşında","1. Kat","Denizli / Merkezefendi / Karahasanlı Mah.","https://www.hepsiemlak.com/_nuxt/8cafc93fb5c74c75e9e04e528e02ccdf.jpg","Pars Gayrimenkul","WhatsApp","https://www.hepsiemlak.com/_nuxt/8cafc93fb5c74c75e9e04e528e02ccdf.jpg"
"https://www.hepsiemlak.com/denizli-merkezefendi-goveclik-kiralik/villa/54626-5557","1 / 35","249.000","31/08/2026","Kaan Emlaktan Göveçlikte Ultra Lüks Kiralık Villa","Kiralık Villa","6 + 2","1.300 m²","3 Yaşında","","Denizli / Merkezefendi / Göveçlik Mah.","https://www.hepsiemlak.com/_nuxt/8cafc93fb5c74c75e9e04e528e02ccdf.jpg","","WhatsApp",""
"https://www.hepsiemlak.com/denizli-pamukkale-15-mayis-kiralik/daire/147054-30","1 / 12","12.500","02/09/2026","15 Mayıs Mahallesin De Kiralık Apart","Kiralık Daire","1 + 1","50 m²","6 Yaşında","3. Kat","Denizli / Pamukkale / 15 Mayıs Mah.","https://www.hepsiemlak.com/_nuxt/8cafc93fb5c74c75e9e04e528e02ccdf.jpg","Uzman Gayrimenkul İnşaat","WhatsApp","https://www.hepsiemlak.com/_nuxt/8cafc93fb5c74c75e9e04e528e02ccdf.jpg"
"https://www.hepsiemlak.com/denizli-merkezefendi-1200-evler-kiralik/daire/154136-134","1 / 26","28.000","20/08/2026","1200 Evler Mah. Nevzat Karalp Yakını 3+1 Kiralık Arakat Daire","Kiralık Daire","3 + 1","150 m²","16 Yaşında","2. Kat","Denizli / Merkezefendi / 1200 Evler Mah.","https://www.hepsiemlak.com/_nuxt/8cafc93fb5c74c75e9e04e528e02ccdf.jpg","Horizon Gayrimenkul","WhatsApp","https://www.hepsiemlak.com/_nuxt/8cafc93fb5c74c75e9e04e528e02ccdf.jpg"
"https://www.hepsiemlak.com/denizli-pamukkale-feslegen-kiralik/daire/164043-104","1 / 35","32.000","02/09/2026","Fesleğende 3+1 Arakat Tertemiz Kiralık Daire...","Kiralık Daire","3 + 1","145 m²","6 Yaşında","2. Kat","Denizli / Pamukkale / Fesleğen Mah.","https://www.hepsiemlak.com/_nuxt/8cafc93fb5c74c75e9e04e528e02ccdf.jpg","Next Home's Gayrimenkul","WhatsApp","https://www.hepsiemlak.com/_nuxt/8cafc93fb5c74c75e9e04e528e02ccdf.jpg"
"https://www.hepsiemlak.com/denizli-merkezefendi-adalet-kiralik/daire/166616-3","1 / 16","16.000","18/08/2026","Nova Terra Dan Servergazi Hastanesi Mevki 1+1 Eşyalı Kiralık","Kiralık Daire","1 + 1","50 m²","3 Yaşında","1. Kat","Denizli / Merkezefendi / Adalet Mah.","https://www.hepsiemlak.com/_nuxt/8cafc93fb5c74c75e9e04e528e02ccdf.jpg","Nova Terra Gayrimenkul","WhatsApp","https://www.hepsiemlak.com/_nuxt/8cafc93fb5c74c75e9e04e528e02ccdf.jpg"
"https://www.hepsiemlak.com/denizli-pamukkale-siteler-kiralik/daire/4766-18826","1 / 15","15.000","07/09/2026","Ender Uysal Gayrimenkulden Sitelerde 1+1 Eşyalı Kiralık Daire Yetki No:102964168","Kiralık Daire","1 + 1","65 m²","10 Yaşında","4. Kat","Denizli / Pamukkale / Siteler Mah.","https://www.hepsiemlak.com/_nuxt/8cafc93fb5c74c75e9e04e528e02ccdf.jpg","","WhatsApp",""
"https://www.hepsiemlak.com/denizli-pamukkale-atalar-kiralik/daire/150198-172","1 / 8","26.000","29/08/2026","Denizli Diş Hastanesi Yakını Kiralık Eşyalı Arakat Daire","Kiralık Daire","2 + 1","110 m²","2 Yaşında","2. Kat","Denizli / Pamukkale / Atalar Mah.","https://www.hepsiemlak.com/_nuxt/8cafc93fb5c74c75e9e04e528e02ccdf.jpg","Bsm Gayrimenkul","WhatsApp","https://www.hepsiemlak.com/_nuxt/8cafc93fb5c74c75e9e04e528e02ccdf.jpg"
"https://www.hepsiemlak.com/denizli-pamukkale-istiklal-kiralik/daire/122348-341","1 / 7","15.000","09/09/2026","Denizli İstiklal Mahallesi Kiralık Apart","Kiralık Daire","2 + 1","65 m²","7 Yaşında","Yüksek Giriş","Denizli / Pamukkale / İstiklal Mah.","https://www.hepsiemlak.com/_nuxt/8cafc93fb5c74c75e9e04e528e02ccdf.jpg","Eva Port Gayrimenkul","WhatsApp","https://www.hepsiemlak.com/_nuxt/8cafc93fb5c74c75e9e04e528e02ccdf.jpg"
"https://www.hepsiemlak.com/denizli-merkezefendi-sirinkoy-kiralik/daire/120473-355","1 / 13","32.000","27/08/2026","***bavulunu Al Gel! Sıfır, Full Eşyalı,Havuzlu* Lüks 1+1 Suid","Kiralık Daire","1 + 1","50 m²","Sıfır Bina","1. Kat","Denizli / Merkezefendi / Şirinköy Mah.","https://www.hepsiemlak.com/_nuxt/8cafc93fb5c74c75e9e04e528e02ccdf.jpg","Luin Zera Gayrimenkul","WhatsApp","https://www.hepsiemlak.com/img/loadings/noImage55-55.png"
"https://www.hepsiemlak.com/denizli-pamukkale-siteler-kiralik/daire/88741-208","1 / 14","12.000","07/09/2026","Kınıklıda 50m² 1+1 Klımalı Balkonlu Klımalı Kiralık Apart","Kiralık Daire","1 + 1","50 m²","16 Yaşında","3. Kat","Denizli / Pamukkale / Siteler Mah.","https://www.hepsiemlak.com/_nuxt/8cafc93fb5c74c75e9e04e528e02ccdf.jpg","","WhatsApp",""
"https://www.hepsiemlak.com/denizli-pamukkale-zeytinkoy-kiralik/daire/54417-811","1 / 20","12.500","08/09/2026","Balkonlu Arakat Zeytinköy Mevki 1+1 Kiralık Apart","Kiralık Daire","1 + 1","50 m²","6 Yaşında","Yüksek Giriş","Denizli / Pamukkale / Zeytinköy Mah.","https://www.hepsiemlak.com/_nuxt/8cafc93fb5c74c75e9e04e528e02ccdf.jpg","","WhatsApp",""
"https://www.hepsiemlak.com/denizli-pamukkale-15-mayis-kiralik/daire/110125-631","1 / 10","15.500","10/09/2026","Denizli Merkez Kiralık Eşyalı Daire","Kiralık Daire","1 + 1","50 m²","13 Yaşında","Yüksek Giriş","Denizli / Pamukkale / 15 Mayıs Mah.","","","WhatsApp",""
"https://www.hepsiemlak.com/denizli-pamukkale-zeytinkoy-kiralik/daire/148515-928","1 / 10","13.000","06/09/2026","H-K Gyo Zeytinköy Mh Yeniyol Üstünde  Öğretmen Evi Yanı Paü Ye Yürüme Mesafesinde Eşylı Balkonlu 1+1","Kiralık Daire","1 + 1","50 m²","15 Yaşında","Yüksek Giriş","Denizli / Pamukkale / Zeytinköy Mah.","","","WhatsApp",""
"https://www.hepsiemlak.com/denizli-merkezefendi-karahasanli-kiralik/daire/102793-2748","1 / 21","16.000","12/08/2026","Fark20 Gayrimenkul'den Şehir Hastanesi Yakını 1+1 Sıfır Balkonlu","Kiralık Daire","1 + 1","50 m²","Sıfır Bina","Yüksek Giriş","Denizli / Merkezefendi / Karahasanlı Mah.","","Fark 20 Emlak","WhatsApp","https://hecdnnw.hemlak.com/mncropresize/77/67/firmuser/2/2/1/7/6/1/2/8e7eed90-b4b3-4bd8-9223-e421d337b327.jpg"
"https://www.hepsiemlak.com/denizli-merkezefendi-degirmenonu-kiralik/daire/128169-650","1 / 29","13.000","07/09/2026","Gülceden, Mimar Sinanda Cadde Üstü Eşyalı 1+1 Kiralık Apart","Kiralık Daire","1 + 1","50 m²","6 Yaşında","4. Kat","Denizli / Merkezefendi / Değirmenönü Mah.","https://hecdn01.hemlak.com/mncropresize/182/137/ds01/2/9/9/8/8/8/6/4/eda1fe26-af2d-4759-8d94-951acace836d.jpg","Gülce Emlak","WhatsApp","https://hecdnnw.hemlak.com/mncropresize/77/67/logo/9/6/1/8/2/1/80634bc6-cc08-4066-8733-52307f63c332.jpg"
"https://www.hepsiemlak.com/denizli-merkezefendi-merkez-efendi-kiralik/daire/137436-1253","1 / 16","17.000","09/09/2026","Ergün Aydından Denipol Yakını 2+1 Eşyalı Klimalı Daire","Kiralık Daire","2 + 1","65 m²","11 Yaşında","2. Kat","Denizli / Merkezefendi / Merkez Efendi Mah.","https://www.hepsiemlak.com/_nuxt/8cafc93fb5c74c75e9e04e528e02ccdf.jpg","","WhatsApp",""
"https://www.hepsiemlak.com/denizli-pamukkale-mehmetcik-kiralik/daire/129038-877","1 / 16","26.000","09/09/2026","Mehmetçik'te Muhteşem Manzara Ve Konuma Sahip 2+1 Daire Kiralık","Kiralık Daire","2 + 1","125 m²","21 Yaşında","4. Kat","Denizli / Pamukkale / Mehmetçik Mah.","https://www.hepsiemlak.com/_nuxt/8cafc93fb5c74c75e9e04e528e02ccdf.jpg","Neslihan Emlak & Yatırım Danışmanlığı","WhatsApp","https://www.hepsiemlak.com/_nuxt/8cafc93fb5c74c75e9e04e528e02ccdf.jpg"
"https://www.hepsiemlak.com/denizli-merkezefendi-merkez-efendi-kiralik/daire/77841-345","1 / 25","20.000","29/08/2026","Karar Emlaktan Merkezefendide 2+1 120m2 Kombili Teraslı Önü Açık","Kiralık Daire","2 + 1","120 m²","11 Yaşında","Çatı Katı","Denizli / Merkezefendi / Merkez Efendi Mah.","https://www.hepsiemlak.com/_nuxt/8cafc93fb5c74c75e9e04e528e02ccdf.jpg","Karar Emlak","WhatsApp","https://www.hepsiemlak.com/_nuxt/8cafc93fb5c74c75e9e04e528e02ccdf.jpg"
"https://www.hepsiemlak.com/denizli-pamukkale-asmalievler-kiralik/daire/165959-120","1 / 19","17.000","06/09/2026","Asmalıevler  Desen Kristal Arkası 2+1 65 M2 Balkonlu 3 Kat Asonsörlü","Kiralık Daire","2 + 1","75 m²","10 Yaşında","3. Kat","Denizli / Pamukkale / Asmalıevler Mah.","https://www.hepsiemlak.com/_nuxt/8cafc93fb5c74c75e9e04e528e02ccdf.jpg","","WhatsApp",""
"https://www.hepsiemlak.com/denizli-pamukkale-bagbasi-kiralik/daire/152590-33","1 / 20","35.000","27/08/2026","Yükseller'den Bağbaşı Vatan Caddesinde Kiralık 3+1 Ara Kat Daire","Kiralık Daire","3 + 1","140 m²","5 Yaşında","2. Kat","Denizli / Pamukkale / Bağbaşı Mah.","https://www.hepsiemlak.com/_nuxt/8cafc93fb5c74c75e9e04e528e02ccdf.jpg","","WhatsApp",""
"https://www.hepsiemlak.com/denizli-pamukkale-feslegen-kiralik/daire/164043-100","1 / 35","25.500","08/09/2026","Fesleğende 3+1 Çok Geniş Kiralık Daire...","Kiralık Daire","3 + 1","175 m²","21 Yaşında","3. Kat","Denizli / Pamukkale / Fesleğen Mah.","https://www.hepsiemlak.com/_nuxt/8cafc93fb5c74c75e9e04e528e02ccdf.jpg","Next Home's Gayrimenkul","WhatsApp","https://www.hepsiemlak.com/_nuxt/8cafc93fb5c74c75e9e04e528e02ccdf.jpg"
"https://www.hepsiemlak.com/denizli-pamukkale-incilipinar-kiralik/daire/140742-965","1 / 10","15.000","19/08/2026","Remax Model Den Ulus Caddesıne Yakın 1+1 Eşyalı Kıralık Apart","Kiralık Daire","1 + 1","41 m²","11 Yaşında","1. Kat","Denizli / Pamukkale / İncilipınar Mah.","https://www.hepsiemlak.com/_nuxt/8cafc93fb5c74c75e9e04e528e02ccdf.jpg","Remax Model 2","WhatsApp","https://www.hepsiemlak.com/_nuxt/8cafc93fb5c74c75e9e04e528e02ccdf.jpg"
"https://www.hepsiemlak.com/denizli-merkezefendi-servergazi-kiralik/villa/54626-5832","1 / 31","150.000","03/09/2026","Kaan Emlaktan Servergazide Ultra Lüks Havuzlu Villa","Kiralık Villa","9 + 1","900 m²","6 Yaşında","Bahçe Katı","Denizli / Merkezefendi / Servergazi Mah.","https://www.hepsiemlak.com/_nuxt/8cafc93fb5c74c75e9e04e528e02ccdf.jpg","","WhatsApp",""
"https://www.hepsiemlak.com/denizli-merkezefendi-akkonak-kiralik/daire/114443-1162","1 / 11","15.500","21/08/2026","Akkonak Mahallesinde 2+1 Kiralık Kaçmaz Daire","Kiralık Daire","2 + 1","110 m²","31 Yaşında","2. Kat","Denizli / Merkezefendi / Akkonak Mah.","https://www.hepsiemlak.com/_nuxt/8cafc93fb5c74c75e9e04e528e02ccdf.jpg","","WhatsApp",""
"https://www.hepsiemlak.com/denizli-merkezefendi-yenisafak-kiralik/daire/170689-17","1 / 28","30.000","05/09/2026","Pargos' Tan 2+1 100m² Kapalı Otoparklı Havuzlu Kiralık Daireler","Kiralık Daire","2 + 1","100 m²","Sıfır Bina","4. Kat","Denizli / Merkezefendi / Yenişafak Mah.","https://www.hepsiemlak.com/_nuxt/8cafc93fb5c74c75e9e04e528e02ccdf.jpg","Pargos Gayrimenkul","WhatsApp","https://www.hepsiemlak.com/_nuxt/8cafc93fb5c74c75e9e04e528e02ccdf.jpg"
"https://www.hepsiemlak.com/denizli-pamukkale-zeytinkoy-kiralik/daire/54417-810","1 / 20","12.500","08/09/2026","Arakat Balkonlu Zeytinköy Mevki Öğretmen Evine Yakın 1+1 Kiralık Apart","Kiralık Daire","1 + 1","50 m²","7 Yaşında","Ara Kat","Denizli / Pamukkale / Zeytinköy Mah.","https://www.hepsiemlak.com/_nuxt/8cafc93fb5c74c75e9e04e528e02ccdf.jpg","","WhatsApp",""
"https://www.hepsiemlak.com/denizli-pamukkale-zeytinkoy-kiralik/daire/162589-575","1 / 10","13.000","28/08/2026","Zeytinköy De Caddeye 50m Mesafede Kiralık Eşyalı 1+1 Arakat","Kiralık Daire","1 + 1","38 m²","6 Yaşında","2. Kat","Denizli / Pamukkale / Zeytinköy Mah.","https://www.hepsiemlak.com/_nuxt/8cafc93fb5c74c75e9e04e528e02ccdf.jpg","Toprak Dünyası Gayrimenkul","WhatsApp","https://www.hepsiemlak.com/_nuxt/8cafc93fb5c74c75e9e04e528e02ccdf.jpg"
"https://www.hepsiemlak.com/denizli-merkezefendi-karahasanli-kiralik/daire/125019-702","1 / 16","40.000","01/09/2026","City20’den Karahasanlı’da Havuzlu Sitede 3+1 Lüks Kiralık Daire !","Kiralık Daire","3 + 1","155 m²","2 Yaşında","1. Kat","Denizli / Merkezefendi / Karahasanlı Mah.","https://www.hepsiemlak.com/_nuxt/8cafc93fb5c74c75e9e04e528e02ccdf.jpg","","WhatsApp",""
"https://www.hepsiemlak.com/denizli-pamukkale-mehmetcik-kiralik/daire/60626-1289","1 / 8","25.500","09/09/2026","Denizli Mehmetçik Forum Çamlık Yakını 2+1 Lüks Kiralık Apart","Kiralık Daire","2 + 1","65 m²","5 Yaşında","2. Kat","Denizli / Pamukkale / Mehmetçik Mah.","https://www.hepsiemlak.com/_nuxt/8cafc93fb5c74c75e9e04e528e02ccdf.jpg","Denizli Evim Gayrimenkul","WhatsApp",""
"https://www.hepsiemlak.com/denizli-merkezefendi-sumer-kiralik/daire/0-47215789","1 / 14","14.000","30/08/2026","Mükemmel Daire 122 Metrekare 3+1","Kiralık Daire","3 + 1","122 m²","30 Yaşında","3. Kat","Denizli / Merkezefendi / Sümer Mah.","https://www.hepsiemlak.com/_nuxt/8cafc93fb5c74c75e9e04e528e02ccdf.jpg","","WhatsApp",""
"https://www.hepsiemlak.com/denizli-pamukkale-zeytinkoy-kiralik/daire/91390-2662","1 / 19","17.000","13/08/2026","Şehzade Gayrimenkul'den Zeytinköy Mah. Kiralık Lüks Apart","Kiralık Daire","2 + 1","65 m²","6 Yaşında","3. Kat","Denizli / Pamukkale / Zeytinköy Mah.","https://www.hepsiemlak.com/_nuxt/8cafc93fb5c74c75e9e04e528e02ccdf.jpg","Şehzade Gayrimenkul","WhatsApp","https://www.hepsiemlak.com/_nuxt/8cafc93fb5c74c75e9e04e528e02ccdf.jpg"
"https://www.hepsiemlak.com/denizli-merkezefendi-adalet-kiralik/daire/137436-1252","1 / 19","25.000","09/09/2026","Ergün Aydından Adliye Ve Sgk Yakını • Sıfır • Full Eşyalı Kiralık Apart","Kiralık Daire","1 + 1","50 m²","Sıfır Bina","2. Kat","Denizli / Merkezefendi / Adalet Mah.","https://www.hepsiemlak.com/_nuxt/8cafc93fb5c74c75e9e04e528e02ccdf.jpg","","WhatsApp",""
"https://www.hepsiemlak.com/denizli-pamukkale-atalar-kiralik/daire/165959-114","1 / 16","14.000","26/08/2026","Atalarda Kiralık Teraslı Balkonlu Eşyalı Apart 1+1 55 M2 Yerden Isıtma Çınara Tugaya Yürüme Mesafesi","Kiralık Daire","1 + 1","60 m²","7 Yaşında","4. Kat","Denizli / Pamukkale / Atalar Mah.","https://www.hepsiemlak.com/_nuxt/8cafc93fb5c74c75e9e04e528e02ccdf.jpg","","WhatsApp",""
"https://www.hepsiemlak.com/denizli-pamukkale-incilipinar-kiralik/daire/77841-343","1 / 18","12.000","03/09/2026","Karar Emlaktan İncilipınarda 1+1 60m2 Full Eşyalı Kombili Arakat","Kiralık Daire","1 + 1","60 m²","6 Yaşında","1. Kat","Denizli / Pamukkale / İncilipınar Mah.","https://www.hepsiemlak.com/_nuxt/8cafc93fb5c74c75e9e04e528e02ccdf.jpg","Karar Emlak","WhatsApp","https://www.hepsiemlak.com/_nuxt/8cafc93fb5c74c75e9e04e528e02ccdf.jpg"
"https://www.hepsiemlak.com/denizli-pamukkale-mehmetcik-kiralik/daire/76333-147","1 / 18","15.000","03/09/2026","Sahibinden  Komisyonsuz Kiralık  2+1 Kombil  110  M2  Eşyalı  Daire(apart Değildir.Aile  Apartmanı )","Kiralık Daire","2 + 1","125 m²","29 Yaşında","Bahçe Katı","Denizli / Pamukkale / Mehmetçik Mah.","https://www.hepsiemlak.com/_nuxt/8cafc93fb5c74c75e9e04e528e02ccdf.jpg","","WhatsApp",""
"https://www.hepsiemlak.com/denizli-pamukkale-mehmetcik-kiralik/daire/152590-30","1 / 39","17.000","03/09/2026","Yükseller'den Mehmetçik'te Forum Çamlık Yanı Kiralık Daire","Kiralık Daire","2 + 1","130 m²","26 Yaşında","Yüksek Giriş","Denizli / Pamukkale / Mehmetçik Mah.","","","WhatsApp",""
"https://www.hepsiemlak.com/denizli-pamukkale-zeytinkoy-kiralik/daire/129038-776","1 / 15","13.750","06/09/2026","Zeytinköy Cerrah Hastanesi Yanı 2+1 Bahçe Katı Kiralıktır","Kiralık Daire","2 + 1","75 m²","16 Yaşında","Bodrum","Denizli / Pamukkale / Zeytinköy Mah.","https://hecdnnw.hemlak.com/mncropresize/77/67/logo/8/3/0/9/2/1/5e526d6d-0be4-404b-9f28-56797991b81e.jpg","Neslihan Emlak & Yatırım Danışmanlığı","WhatsApp","https://hecdnnw.hemlak.com/mncropresize/77/67/firmuser/8/6/3/6/4/2/3/640e5edf-f7d4-42bd-87af-1b3b586f4e24.jpg"
"https://www.hepsiemlak.com/denizli-merkezefendi-sirakapilar-kiralik/daire/120473-373","1 / 11","14.500","09/09/2026","Devlet Hastanesi Karşısı Arakat 1+1* Eşyalı Apart Daire","Kiralık Daire","1 + 1","50 m²","6 Yaşında","3. Kat","Denizli / Merkezefendi / Sırakapılar Mah.","https://www.hepsiemlak.com/img/loadings/noImage55-55.png","Luin Zera Gayrimenkul","WhatsApp",""
"https://www.hepsiemlak.com/denizli-merkezefendi-saraylar-kiralik/daire/164536-70","1 / 13","15.500","25/08/2026","Bayramyerinde | Balkonlu | Geniş Kiralık 1+1 Apart","Kiralık Daire","1 + 1","65 m²","6 Yaşında","3. Kat","Denizli / Merkezefendi / Saraylar Mah.","https://hecdn01.hemlak.com/mncropresize/182/137/ds01/3/7/1/9/4/1/7/4/46d28f57-6659-42c1-8c44-220d7590dd89.jpg","","WhatsApp",""
"https://www.hepsiemlak.com/denizli-pamukkale-feslegen-kiralik/daire/0-47147903","1 / 13","15.000","23/08/2026","Pamukkale Fesleğen De Sahibinden Kiralık 1+1lüks Apart","Kiralık Daire","1 + 1","50 m²","11 Yaşında","Kot 1","Denizli / Pamukkale / Fesleğen Mah.","https://www.hepsiemlak.com/_nuxt/8cafc93fb5c74c75e9e04e528e02ccdf.jpg","","WhatsApp",""
"https://www.hepsiemlak.com/denizli-merkezefendi-semikler-kiralik/daire/150941-874","1 / 13","26.500","31/08/2026","Şemikler De Sıfır Daire Kiralık","Kiralık Daire","2 + 1","95 m²","Sıfır Bina","Ara Kat","Denizli / Merkezefendi / Şemikler Mah.","https://www.hepsiemlak.com/_nuxt/8cafc93fb5c74c75e9e04e528e02ccdf.jpg","","WhatsApp",""
"https://www.hepsiemlak.com/denizli-merkezefendi-kayalar-kiralik/daire/98859-526","1 / 30","25.000","28/08/2026","| Kiralık | Sinpaş | Aqua Cıty | 1 + 1 | Daire | Balkonlu","Kiralık Daire","1 + 1","70 m²","6 Yaşında","21 ve üzeri","Denizli / Merkezefendi / Kayalar Mah.","https://www.hepsiemlak.com/_nuxt/8cafc93fb5c74c75e9e04e528e02ccdf.jpg","Mülk Gayrimenkul Yatırım","WhatsApp","https://www.hepsiemlak.com/_nuxt/8cafc93fb5c74c75e9e04e528e02ccdf.jpg"
"https://www.hepsiemlak.com/denizli-pamukkale-siteler-kiralik/daire/4766-18850","1 / 7","7.500","09/09/2026","Ender Uysal Gayrimenkul Den Siteler Mahallesinde Klimalı 1+0 Kiralık Eşyalı Apart...Apartımız Üniver","Kiralık Daire","Stüdyo","30 m²","3 Yaşında","Çatı Katı","Denizli / Pamukkale / Siteler Mah.","https://www.hepsiemlak.com/_nuxt/8cafc93fb5c74c75e9e04e528e02ccdf.jpg","","WhatsApp",""
"https://www.hepsiemlak.com/denizli-merkezefendi-gerzele-kiralik/daire/167635-109","1 / 35","39.000","03/09/2026","Nüans Gyo'dan Gerzele'de 3+1 Tertemiz Kiralık Dubleks Daire","Kiralık Daire","3 + 1","175 m²","11 Yaşında","5. Kat","Denizli / Merkezefendi / Gerzele Mah.","https://www.hepsiemlak.com/_nuxt/8cafc93fb5c74c75e9e04e528e02ccdf.jpg","Nüans Gayrimenkul","WhatsApp","https://www.hepsiemlak.com/_nuxt/8cafc93fb5c74c75e9e04e528e02ccdf.jpg"
"https://www.hepsiemlak.com/denizli-tavas-yaka-kiralik/daire/135212-567","1 / 29","15.000","10/08/2026","Denizli/tavas Yaka Mahallesinde 3+1 Kiralık Daire","Kiralık Daire","3 + 1","140 m²","30 Yaşında","3. Kat","Denizli / Tavas / Yaka Mah.","https://www.hepsiemlak.com/_nuxt/8cafc93fb5c74c75e9e04e528e02ccdf.jpg","Bahar Gayrimenkul","WhatsApp","https://www.hepsiemlak.com/_nuxt/8cafc93fb5c74c75e9e04e528e02ccdf.jpg"
"https://www.hepsiemlak.com/denizli-merkezefendi-karaman-kiralik/daire/160241-166","1 / 17","18.500","03/08/2026","Vera'dan Karaman Mevki Kiralık Eşyalı Balkonlu Sıfır 1+1 Daire","Kiralık Daire","1 + 1","55 m²","Sıfır Bina","1. Kat","Denizli / Merkezefendi / Karaman Mah.","https://www.hepsiemlak.com/_nuxt/8cafc93fb5c74c75e9e04e528e02ccdf.jpg","Vera Gayrimenkul","WhatsApp","https://www.hepsiemlak.com/_nuxt/8cafc93fb5c74c75e9e04e528e02ccdf.jpg"
"https://www.hepsiemlak.com/denizli-merkezefendi-selcuk-bey-kiralik/daire/159533-104","1 / 21","24.000","19/08/2026","Senfoni'den Selçukbey De 2+1 Açık Mutfak Dubleks Kiralık Daire","Kiralık Daire","2 + 1","60 m²","3 Yaşında","2. Kat","Denizli / Merkezefendi / Selçuk Bey Mah.","https://www.hepsiemlak.com/_nuxt/8cafc93fb5c74c75e9e04e528e02ccdf.jpg","","WhatsApp",""
"https://www.hepsiemlak.com/denizli-pamukkale-asmalievler-kiralik/daire/170013-5","1 / 18","13.500","28/08/2026","Denizli Asmalıevler Mahallesi'nde Kiralık 1+1 Daire","Kiralık Daire","1 + 1","55 m²","5 Yaşında","3. Kat","Denizli / Pamukkale / Asmalıevler Mah.","https://www.hepsiemlak.com/_nuxt/8cafc93fb5c74c75e9e04e528e02ccdf.jpg","","WhatsApp",""
"https://www.hepsiemlak.com/denizli-pamukkale-incilipinar-kiralik/daire/140742-977","1 / 9","18.000","03/09/2026","Remax Model Den Forum Çamlık Yakını 1.5+1 Full Eşyalı Kiralık Apart","Kiralık Daire","1 + 1","75 m²","14 Yaşında","2. Kat","Denizli / Pamukkale / İncilipınar Mah.","https://www.hepsiemlak.com/_nuxt/8cafc93fb5c74c75e9e04e528e02ccdf.jpg","Remax Model 2","WhatsApp","https://www.hepsiemlak.com/_nuxt/8cafc93fb5c74c75e9e04e528e02ccdf.jpg"
"https://www.hepsiemlak.com/denizli-pamukkale-zeytinkoy-kiralik/daire/117872-1364","1 / 27","28.000","26/08/2026","Üniversiteye Yakın Kiralık Eşyalı Stüdyo 2+1 Açık Mutfak Daire","Kiralık Daire","2 + 1","75 m²","6 Yaşında","2. Kat","Denizli / Pamukkale / Zeytinköy Mah.","https://www.hepsiemlak.com/_nuxt/8cafc93fb5c74c75e9e04e528e02ccdf.jpg","Aybüke Gayrimenkul","WhatsApp","https://www.hepsiemlak.com/_nuxt/8cafc93fb5c74c75e9e04e528e02ccdf.jpg"
"https://www.hepsiemlak.com/denizli-merkezefendi-gultepe-kiralik/daire/116362-480","1 / 11","16.000","22/08/2026","Kocakaya Emlaktan Kiralik Gultepede Müstakil Ev","Kiralık Daire","1 + 1","200 m²","6 Yaşında","1. Kat","Denizli / Merkezefendi / Gültepe Mah.","https://www.hepsiemlak.com/_nuxt/8cafc93fb5c74c75e9e04e528e02ccdf.jpg","","WhatsApp",""
"https://www.hepsiemlak.com/denizli-merkezefendi-saraylar-kiralik/daire/54417-812","1 / 18","14.000","08/09/2026","Bayramyeri Mevki Arakat Asansörlü Lüx Eşyalı 1+1 Kiralık Apart","Kiralık Daire","1 + 1","50 m²","16 Yaşında","3. Kat","Denizli / Merkezefendi / Saraylar Mah.","https://www.hepsiemlak.com/_nuxt/8cafc93fb5c74c75e9e04e528e02ccdf.jpg","","WhatsApp",""
"https://www.hepsiemlak.com/denizli-merkezefendi-karahasanli-kiralik/daire/163090-79","1 / 6","26.000","10/09/2026","Mimardan Yeni Hastane Mevkii Full Eşyalı Lüx Apart Fırsatı","Kiralık Daire","2 + 1","75 m²","1 Yaşında","3. Kat","Denizli / Merkezefendi / Karahasanlı Mah.","https://www.hepsiemlak.com/_nuxt/8cafc93fb5c74c75e9e04e528e02ccdf.jpg","Mimar Gayrimenkul","WhatsApp","https://www.hepsiemlak.com/_nuxt/8cafc93fb5c74c75e9e04e528e02ccdf.jpg"
"https://www.hepsiemlak.com/denizli-merkezefendi-merkez-efendi-kiralik/daire/137436-1251","1 / 20","12.000","08/09/2026","Ergün Aydından Denipol'e Yakın Ana Yola Yakın 1+1 Eşyalı Klimalı Apartlar","Kiralık Daire","1 + 1","60 m²","12 Yaşında","Çatı Katı","Denizli / Merkezefendi / Merkez Efendi Mah.","https://www.hepsiemlak.com/_nuxt/8cafc93fb5c74c75e9e04e528e02ccdf.jpg","","WhatsApp",""
"https://www.hepsiemlak.com/denizli-merkezefendi-karahasanli-kiralik/daire/165959-108","1 / 25","30.000","22/08/2026","Daire Özellikleri Karahasanlı Şehir Hastanesi Karşısı 2+1 65 M2 Kiralık Balkonlu Lüx Apartlar","Kiralık Daire","2 + 1","75 m²","Sıfır Bina","5. Kat","Denizli / Merkezefendi / Karahasanlı Mah.","https://www.hepsiemlak.com/_nuxt/8cafc93fb5c74c75e9e04e528e02ccdf.jpg","","WhatsApp",""
"https://www.hepsiemlak.com/denizli-merkezefendi-merkez-efendi-kiralik/daire/77841-336","1 / 26","13.000","29/08/2026","Karar Emlaktan Akkonak Parkı Yakını 2+1 120 M2 Kombili Uygun","Kiralık Daire","2 + 1","120 m²","11 Yaşında","Bahçe Katı","Denizli / Merkezefendi / Merkez Efendi Mah.","https://www.hepsiemlak.com/_nuxt/8cafc93fb5c74c75e9e04e528e02ccdf.jpg","Karar Emlak","WhatsApp","https://www.hepsiemlak.com/_nuxt/8cafc93fb5c74c75e9e04e528e02ccdf.jpg"
"https://www.hepsiemlak.com/denizli-merkezefendi-merkez-efendi-kiralik/daire/129038-768","1 / 18","20.250","07/09/2026","Akkonak'ta/nostaji Müstakil Tadında Arakat 2+1 Kiralıktır","Kiralık Daire","2 + 1","120 m²","21 Yaşında","3. Kat","Denizli / Merkezefendi / Merkez Efendi Mah.","https://www.hepsiemlak.com/_nuxt/8cafc93fb5c74c75e9e04e528e02ccdf.jpg","Neslihan Emlak & Yatırım Danışmanlığı","WhatsApp","https://www.hepsiemlak.com/_nuxt/8cafc93fb5c74c75e9e04e528e02ccdf.jpg"
"https://www.hepsiemlak.com/denizli-merkezefendi-sirakapilar-kiralik/daire/122348-273","1 / 25","24.000","03/09/2026","Denizli Sırakapılar Mh. Eşyalı Daire","Kiralık Daire","2 + 1","130 m²","15 Yaşında","6. Kat","Denizli / Merkezefendi / Sırakapılar Mah.","https://www.hepsiemlak.com/_nuxt/8cafc93fb5c74c75e9e04e528e02ccdf.jpg","Eva Port Gayrimenkul","WhatsApp","https://www.hepsiemlak.com/_nuxt/8cafc93fb5c74c75e9e04e528e02ccdf.jpg"
"https://www.hepsiemlak.com/denizli-merkezefendi-muratdede-kiralik/daire/102131-54584","1 / 19","18.000","07/09/2026","Denizli Muratdede Mahallesinde Cadde Üstü 2+1 Acil Kiralık Daire","Kiralık Daire","2 + 1","120 m²","4 Yaşında","2. Kat","Denizli / Merkezefendi / Muratdede Mah.","https://www.hepsiemlak.com/_nuxt/8cafc93fb5c74c75e9e04e528e02ccdf.jpg","Yüksel Gayrimenkul","WhatsApp","https://www.hepsiemlak.com/_nuxt/8cafc93fb5c74c75e9e04e528e02ccdf.jpg"
"https://www.hepsiemlak.com/denizli-pamukkale-asmalievler-kiralik/daire/54626-5843","1 / 23","20.000","28/08/2026","Kaan Emlaktan Asmalıevlerde Üniversiteye Yakın Full Eşyalı 1+1 Lüks Apart.","Kiralık Daire","1 + 1","50 m²","5 Yaşında","3. Kat","Denizli / Pamukkale / Asmalıevler Mah.","","","WhatsApp",""
"https://www.hepsiemlak.com/denizli-pamukkale-hacikaplanlar-kiralik/daire/81242-410","1 / 19","28.000","19/08/2026","Hacıkaplanlarda 3+1 140 M2 Köşe Daire Asansörlü Kiralık Daire","Kiralık Daire","3 + 1","143 m²","5 Yaşında","2. Kat","Denizli / Pamukkale / Hacıkaplanlar Mah.","https://hecdnnw.hemlak.com/mncropresize/77/67/logo/2/4/2/1/8/0/854a31c2-06c0-4e36-a120-4437835299f4.jpeg","Mk Gayrımenkul","WhatsApp",""
"https://www.hepsiemlak.com/denizli-pamukkale-kinikli-kiralik/daire/150371-222","1 / 28","16.000","02/08/2026","Ayşahtan Denizli Çamlık Mahallesinde Kiralık Apart","Kiralık Daire","Stüdyo","50 m²","1 Yaşında","3. Kat","Denizli / Pamukkale / Kınıklı Mah.","","","WhatsApp",""
"https://www.hepsiemlak.com/denizli-merkezefendi-karahasanli-kiralik/daire/151348-517","1 / 18","25.000","20/07/2026","Şehir Hastanesi Yakını Kiralık Lüx Apart","Kiralık Daire","1 + 1","50 m²","Sıfır Bina","2. Kat","Denizli / Merkezefendi / Karahasanlı Mah.","https://hecdn01.hemlak.com/mncropresize/182/137/ds01/0/9/3/3/7/9/6/4/1784545612035-46973390.jpg","Blue Sky Gayrimenkul","WhatsApp","https://hecdnnw.hemlak.com/mncropresize/77/67/logo/8/4/3/1/5/1/e7ab3ede-f3ba-4edd-a1fd-b07ae92d5895.jpg"
"https://www.hepsiemlak.com/denizli-pamukkale-15-mayis-kiralik/daire/160241-122","1 / 21","13.000","21/07/2026","Vera'dan 1+1 Çınar Yakını Arakat Klimalı Apart","Kiralık Daire","1 + 1","50 m²","4 Yaşında","2. Kat","Denizli / Pamukkale / 15 Mayıs Mah.","https://www.hepsiemlak.com/_nuxt/8cafc93fb5c74c75e9e04e528e02ccdf.jpg","Vera Gayrimenkul","WhatsApp","https://www.hepsiemlak.com/_nuxt/8cafc93fb5c74c75e9e04e528e02ccdf.jpg"
"https://www.hepsiemlak.com/denizli-pamukkale-yunusemre-kiralik/daire/94398-5987","1 / 31","15.000","13/08/2026","+1'den Kınıklıda 85m2 1+1 120 M2 2+1 175 M2 3+1 Kiralıklar","Kiralık Daire","3 + 1","175 m²","16 Yaşında","4. Kat","Denizli / Pamukkale / Yunusemre Mah.","https://www.hepsiemlak.com/_nuxt/8cafc93fb5c74c75e9e04e528e02ccdf.jpg","Artı 1 Gayrimenkul","WhatsApp","https://www.hepsiemlak.com/_nuxt/8cafc93fb5c74c75e9e04e528e02ccdf.jpg"
"https://www.hepsiemlak.com/denizli-pamukkale-gokpinar-kiralik/daire/88741-205","1 / 28","40.000","31/08/2026","Bağbaşı Yenıyol Üstünde 3+1 170m² Kiralık Daıre","Kiralık Daire","3 + 1","170 m²","6 Yaşında","2. Kat","Denizli / Pamukkale / Gökpınar Mah.","https://www.hepsiemlak.com/_nuxt/8cafc93fb5c74c75e9e04e528e02ccdf.jpg","","WhatsApp",""
"https://www.hepsiemlak.com/denizli-merkezefendi-adalet-kiralik/daire/134506-1068","1 / 11","35.000","03/09/2026","Adalet Mahallesi’nde Kiralık 3+1 Ara Kat Daire","Kiralık Daire","3 + 1","165 m²","18 Yaşında","Ara Kat","Denizli / Merkezefendi / Adalet Mah.","https://www.hepsiemlak.com/_nuxt/8cafc93fb5c74c75e9e04e528e02ccdf.jpg","","WhatsApp",""
"https://www.hepsiemlak.com/denizli-merkezefendi-semikler-kiralik/daire/69820-1394","1 / 22","28.000","19/08/2026","Şemiklerde Kiralık 3+1 Daire","Kiralık Daire","3 + 1","145 m²","6 Yaşında","2. Kat","Denizli / Merkezefendi / Şemikler Mah.","https://www.hepsiemlak.com/_nuxt/8cafc93fb5c74c75e9e04e528e02ccdf.jpg","","WhatsApp",""
"https://www.hepsiemlak.com/denizli-merkezefendi-saraylar-kiralik/daire/54417-809","1 / 18","14.000","08/09/2026","Bayramyeri Mevki Arakat Asansörlü Lüx Eşyalı 1+1 Kiralık Apart","Kiralık Daire","1 + 1","50 m²","15 Yaşında","3. Kat","Denizli / Merkezefendi / Saraylar Mah.","https://www.hepsiemlak.com/_nuxt/8cafc93fb5c74c75e9e04e528e02ccdf.jpg","","WhatsApp",""
"https://www.hepsiemlak.com/denizli-merkezefendi-degirmenonu-kiralik/daire/76333-143","1 / 12","9.000","25/08/2026","Sırakapılar Mah  Lozan Caddesine Ve Mimarsinan Caddesine  Yakın 2+1 Şömineli 3.Kat 100 M2  Balkonlu","Kiralık Daire","2 + 1","100 m²","28 Yaşında","3. Kat","Denizli / Merkezefendi / Değirmenönü Mah.","https://www.hepsiemlak.com/_nuxt/8cafc93fb5c74c75e9e04e528e02ccdf.jpg","","WhatsApp",""
"https://www.hepsiemlak.com/denizli-merkezefendi-adalet-kiralik/daire/137436-1250","1 / 25","40.000","08/09/2026","Ergün Aydından Site İçi 2,5+1 Eşyalı Eşyasız Suit Daireler","Kiralık Daire","2 + 1","85 m²","Sıfır Bina","1. Kat","Denizli / Merkezefendi / Adalet Mah.","https://www.hepsiemlak.com/_nuxt/8cafc93fb5c74c75e9e04e528e02ccdf.jpg","","WhatsApp",""
"https://www.hepsiemlak.com/denizli-merkezefendi-semikler-kiralik/daire/171341-36","1 / 60","30.000","29/08/2026","Pare'den Şemiklerde Asansörlü 3+1 Kiralık Daire","Kiralık Daire","3 + 1","130 m²","4 Yaşında","3. Kat","Denizli / Merkezefendi / Şemikler Mah.","https://www.hepsiemlak.com/_nuxt/8cafc93fb5c74c75e9e04e528e02ccdf.jpg","Pare Gayrimenkul","WhatsApp","https://www.hepsiemlak.com/_nuxt/8cafc93fb5c74c75e9e04e528e02ccdf.jpg"
"https://www.hepsiemlak.com/denizli-pamukkale-mehmetcik-kiralik/daire/77841-334","1 / 35","30.000","29/08/2026","Karar Emlaktan Forum Yakını 3+1 170m2 Kombili Lüx Arakat Daire","Kiralık Daire","3 + 1","170 m²","11 Yaşında","2. Kat","Denizli / Pamukkale / Mehmetçik Mah.","https://www.hepsiemlak.com/_nuxt/8cafc93fb5c74c75e9e04e528e02ccdf.jpg","Karar Emlak","WhatsApp","https://www.hepsiemlak.com/_nuxt/8cafc93fb5c74c75e9e04e528e02ccdf.jpg"
"https://www.hepsiemlak.com/denizli-merkezefendi-muratdede-kiralik/daire/165959-93","1 / 25","27.000","19/08/2026","Devlet Hastane Karşısı 3+1 145 M2 Kiralık Daire 7 Katlı Binanın 1 Katı","Kiralık Daire","3 + 1","155 m²","18 Yaşında","1. Kat","Denizli / Merkezefendi / Muratdede Mah.","https://www.hepsiemlak.com/_nuxt/8cafc93fb5c74c75e9e04e528e02ccdf.jpg","","WhatsApp",""
"https://www.hepsiemlak.com/denizli-pamukkale-hacikaplanlar-kiralik/daire/0-47256347","1 / 8","17.000","08/09/2026","Hacıkaplanlarda 2+1 Kiralık Daire","Kiralık Daire","2 + 1","140 m²","30 Yaşında","6. Kat","Denizli / Pamukkale / Hacıkaplanlar Mah.","https://www.hepsiemlak.com/_nuxt/8cafc93fb5c74c75e9e04e528e02ccdf.jpg","","WhatsApp",""
"https://www.hepsiemlak.com/denizli-pamukkale-incilipinar-kiralik/daire/0-47167057","1 / 8","9.000","21/08/2026","1+0,Geniş Ayrı Mutfak, Forum Çamlık, Yerden Isıtmalı, Sahibinden","Kiralık Daire","Stüdyo","40 m²","9 Yaşında","Çatı Katı","Denizli / Pamukkale / İncilipınar Mah.","https://www.hepsiemlak.com/_nuxt/8cafc93fb5c74c75e9e04e528e02ccdf.jpg","","WhatsApp",""
"https://www.hepsiemlak.com/denizli-merkezefendi-ilbade-kiralik/daire/102131-54583","1 / 19","18.000","07/09/2026","Denizli İlbade De Kiralık 2+1 Arakat Daire","Kiralık Daire","2 + 1","120 m²","5 Yaşında","2. Kat","Denizli / Merkezefendi / İlbade Mah.","https://www.hepsiemlak.com/_nuxt/8cafc93fb5c74c75e9e04e528e02ccdf.jpg","Yüksel Gayrimenkul","WhatsApp","https://www.hepsiemlak.com/_nuxt/8cafc93fb5c74c75e9e04e528e02ccdf.jpg"
"https://www.hepsiemlak.com/denizli-merkezefendi-saraylar-kiralik/daire/150941-885","1 / 10","12.500","27/07/2026","Kiralık Eşyalı Apart","Kiralık Daire","1 + 1","45 m²","6 Yaşında","Ara Kat","Denizli / Merkezefendi / Saraylar Mah.","https://www.hepsiemlak.com/_nuxt/8cafc93fb5c74c75e9e04e528e02ccdf.jpg","","WhatsApp",""
"https://www.hepsiemlak.com/denizli-pamukkale-kuspinar-kiralik/daire/129038-867","1 / 14","11.000","09/09/2026","Kuşpınar'da Çarşamba Pazarı Yanı 2+1 Bodrum Kat Kiralıktır","Kiralık Daire","2 + 1","120 m²","21 Yaşında","Bodrum","Denizli / Pamukkale / Kuşpınar Mah.","https://www.hepsiemlak.com/_nuxt/8cafc93fb5c74c75e9e04e528e02ccdf.jpg","Neslihan Emlak & Yatırım Danışmanlığı","WhatsApp","https://www.hepsiemlak.com/_nuxt/8cafc93fb5c74c75e9e04e528e02ccdf.jpg"
"https://www.hepsiemlak.com/denizli-merkezefendi-yenisehir-kiralik/daire/141511-1062","1 / 19","23.000","09/09/2026","Yenişehir Güventur Sitesinde 3+1 Kiralık Daire","Kiralık Daire","3 + 1","120 m²","25 Yaşında","1. Kat","Denizli / Merkezefendi / Yenişehir Mah.","https://www.hepsiemlak.com/_nuxt/8cafc93fb5c74c75e9e04e528e02ccdf.jpg","Re Life Gayrimenkul","WhatsApp","https://www.hepsiemlak.com/_nuxt/8cafc93fb5c74c75e9e04e528e02ccdf.jpg"
"https://www.hepsiemlak.com/denizli-merkezefendi-cakmak-kiralik/daire/151348-515","1 / 19","45.000","31/07/2026","Çakmak Üçler İlkokulu Yakını 3+1 Geniş Sıfır  Kiralık Daire","Kiralık Daire","3 + 1","200 m²","Sıfır Bina","1. Kat","Denizli / Merkezefendi / Çakmak Mah.","https://www.hepsiemlak.com/_nuxt/8cafc93fb5c74c75e9e04e528e02ccdf.jpg","Blue Sky Gayrimenkul","WhatsApp","https://www.hepsiemlak.com/_nuxt/8cafc93fb5c74c75e9e04e528e02ccdf.jpg"
"https://www.hepsiemlak.com/denizli-merkezefendi-karahasanli-kiralik/daire/126156-925","1 / 15","22.000","01/09/2026","Denizli Karahasanlı'da Şehir Hastanesine Yakın Sıfır 2+1 Daire","Kiralık Daire","2 + 1","90 m²","Sıfır Bina","1. Kat","Denizli / Merkezefendi / Karahasanlı Mah.","https://www.hepsiemlak.com/_nuxt/8cafc93fb5c74c75e9e04e528e02ccdf.jpg","Blokyapı Gayrimenkul","WhatsApp","https://www.hepsiemlak.com/_nuxt/8cafc93fb5c74c75e9e04e528e02ccdf.jpg"
"https://www.hepsiemlak.com/denizli-pamukkale-incilipinar-kiralik/daire/49011-11417","1 / 21","24.000","22/08/2026","Binyapıdan Acıpayam Yolu, Ulus Işıklarında Ara Kat Daire !","Kiralık Daire","2 + 1","115 m²","21 Yaşında","3. Kat","Denizli / Pamukkale / İncilipınar Mah.","https://www.hepsiemlak.com/_nuxt/8cafc93fb5c74c75e9e04e528e02ccdf.jpg","","WhatsApp",""
"https://www.hepsiemlak.com/denizli-saraykoy-cumhuriyet-kiralik/daire/117049-6243","1 / 14","12.000","27/08/2026","Gho Panayır'dan Sarayköy Turan Mah.'de Kiralık 3+1 Daire","Kiralık Daire","3 + 1","162 m²","25 Yaşında","2. Kat","Denizli / Sarayköy / Cumhuriyet Mah.","https://hecdnnw.hemlak.com/mncropresize/77/67/logo/9/4/0/7/1/1/8af9a162-90c0-4976-83a7-d100ab9508ab.jpg","Gho Adalılar Gayrimenkul","WhatsApp",""
"https://www.hepsiemlak.com/denizli-merkezefendi-karahasanli-kiralik/daire/137436-1238","1 / 30","35.000","04/09/2026","Ergün Aydından Şehir Hastanesi'ne Yakın 2+1 Sıfır Arakat Daire","Kiralık Daire","2 + 1","75 m²","Sıfır Bina","3. Kat","Denizli / Merkezefendi / Karahasanlı Mah.","","","WhatsApp",""
"https://www.hepsiemlak.com/denizli-pamukkale-kocadere-kiralik/daire/91390-2661","1 / 39","16.000","11/08/2026","Şehzade Gayrimenkul'den Kocadere Toki'de 2+1 Kiralık Daire","Kiralık Daire","2 + 1","100 m²","Sıfır Bina","2. Kat","Denizli / Pamukkale / Kocadere Mah.","https://hecdnnw.hemlak.com/mncropresize/77/67/logo/0/9/3/1/9/0/bfee13a9-551f-449b-af4e-f8c151ea47a9.jpg","Şehzade Gayrimenkul","WhatsApp",""
"https://www.hepsiemlak.com/denizli-pamukkale-mehmetcik-kiralik/daire/77841-320","1 / 30","15.000","29/08/2026","Karar Emlaktan Mehmetçikte 2+1 85m2 Full Eşyalı Kombili Bahçeli","Kiralık Daire","2 + 1","85 m²","16 Yaşında","Bahçe Katı","Denizli / Pamukkale / Mehmetçik Mah.","https://hecdn01.hemlak.com/mncropresize/182/137/ds01/2/7/4/0/9/7/6/4/9b21d1a0-8276-4f2f-b478-ed7c6ff92481.jpg","Karar Emlak","WhatsApp","https://hecdnnw.hemlak.com/mncropresize/77/67/logo/1/4/8/7/7/0/732d6ddd-3c03-494c-9e2b-a0f258c952c4.jpg"
"https://www.hepsiemlak.com/denizli-merkezefendi-muratdede-kiralik/daire/102793-2764","1 / 27","20.000","02/09/2026","Fark20'den İlbade'de 2+1 110 M² Asansörlü Lüks Kiralık Daire","Kiralık Daire","2 + 1","100 m²","6 Yaşında","4. Kat","Denizli / Merkezefendi / Muratdede Mah.","https://www.hepsiemlak.com/_nuxt/8cafc93fb5c74c75e9e04e528e02ccdf.jpg","Fark 20 Emlak","WhatsApp",""
"https://www.hepsiemlak.com/denizli-pamukkale-zeytinkoy-kiralik/daire/54417-813","1 / 16","16.000","08/09/2026","Üniversiteye ‘ Ye Yakın Arakat Balkonlu Sıfır Eşyalı 1+1 Kiralık Apart","Kiralık Daire","1 + 1","50 m²","9 Yaşında","Ara Kat","Denizli / Pamukkale / Zeytinköy Mah.","https://www.hepsiemlak.com/_nuxt/8cafc93fb5c74c75e9e04e528e02ccdf.jpg","","WhatsApp",""
"https://www.hepsiemlak.com/denizli-merkezefendi-karahasanli-kiralik/daire/159501-222","1 / 27","20.000","24/08/2026","Denizli Karahasanlı Mh. Kiralık Apart","Kiralık Daire","2 + 1","65 m²","Sıfır Bina","2. Kat","Denizli / Merkezefendi / Karahasanlı Mah.","https://www.hepsiemlak.com/_nuxt/8cafc93fb5c74c75e9e04e528e02ccdf.jpg","","WhatsApp",""
"https://www.hepsiemlak.com/denizli-merkezefendi-karahasanli-kiralik/daire/162589-497","1 / 24","35.000","19/08/2026","Şehir Hastane Yakını Lüks Konsept 2+1 Kiralık Suit Apartlar","Kiralık Daire","2 + 1","80 m²","Sıfır Bina","1. Kat","Denizli / Merkezefendi / Karahasanlı Mah.","https://www.hepsiemlak.com/_nuxt/8cafc93fb5c74c75e9e04e528e02ccdf.jpg","Toprak Dünyası Gayrimenkul","WhatsApp","https://www.hepsiemlak.com/_nuxt/8cafc93fb5c74c75e9e04e528e02ccdf.jpg"
"https://www.hepsiemlak.com/denizli-pamukkale-atalar-kiralik/daire/113603-246","1 / 12","16.000","28/07/2026","Atalar'da Balkonlu Klimalı Asansörlü Arakat Full Eşyalı 1+1 Apart","Kiralık Daire","1 + 1","60 m²","7 Yaşında","3. Kat","Denizli / Pamukkale / Atalar Mah.","https://www.hepsiemlak.com/_nuxt/8cafc93fb5c74c75e9e04e528e02ccdf.jpg","","WhatsApp",""
"https://www.hepsiemlak.com/denizli-merkezefendi-cakmak-kiralik/daire/167868-5","1 / 9","32.000","15/08/2026","Merkezefendi Çakmak Mahallesi Kiralık 3+1","Kiralık Daire","3 + 1","155 m²","5 Yaşında","Ara Kat","Denizli / Merkezefendi / Çakmak Mah.","https://www.hepsiemlak.com/_nuxt/8cafc93fb5c74c75e9e04e528e02ccdf.jpg","","WhatsApp",""
"https://www.hepsiemlak.com/denizli-merkezefendi-karahasanli-kiralik/daire/94398-5993","1 / 23","22.000","04/09/2026","+1'den Umutkent3 2+1 120 M2 Kiralık Daire","Kiralık Daire","2 + 1","125 m²","16 Yaşında","2. Kat","Denizli / Merkezefendi / Karahasanlı Mah.","https://www.hepsiemlak.com/_nuxt/8cafc93fb5c74c75e9e04e528e02ccdf.jpg","Artı 1 Gayrimenkul","WhatsApp","https://www.hepsiemlak.com/_nuxt/8cafc93fb5c74c75e9e04e528e02ccdf.jpg"
"https://www.hepsiemlak.com/denizli-merkezefendi-karahasanli-kiralik/daire/122348-317","1 / 12","21.000","19/08/2026","Denizli Karahasanlı Mh. Ultra Lüks Apart","Kiralık Daire","1 + 1","55 m²","Sıfır Bina","3. Kat","Denizli / Merkezefendi / Karahasanlı Mah.","https://www.hepsiemlak.com/_nuxt/8cafc93fb5c74c75e9e04e528e02ccdf.jpg","Eva Port Gayrimenkul","WhatsApp","https://www.hepsiemlak.com/_nuxt/8cafc93fb5c74c75e9e04e528e02ccdf.jpg"
"https://www.hepsiemlak.com/denizli-merkezefendi-adalet-kiralik/daire/54626-5615","1 / 11","23.000","02/09/2026","Kaan Emlaktan Adliye Ve Sgk Karşısı Lüks Apart Ve Ofisler","Kiralık Daire","1 + 1","110 m²","5 Yaşında","3. Kat","Denizli / Merkezefendi / Adalet Mah.","https://www.hepsiemlak.com/_nuxt/8cafc93fb5c74c75e9e04e528e02ccdf.jpg","","WhatsApp",""
"https://www.hepsiemlak.com/denizli-merkezefendi-bahcelievler-kiralik/daire/137436-1230","1 / 18","25.000","08/09/2026","Ergün Aydından Özel Sağlık Hastanesi'ne Yakın 2+1 Eşyalı Daire","Kiralık Daire","2 + 1","65 m²","2 Yaşında","2. Kat","Denizli / Merkezefendi / Bahçelievler Mah.","https://www.hepsiemlak.com/_nuxt/8cafc93fb5c74c75e9e04e528e02ccdf.jpg","","WhatsApp",""
"https://www.hepsiemlak.com/denizli-merkezefendi-karahasanli-kiralik/daire/140742-951","1 / 16","33.000","28/08/2026","Remax Model Den Karahasanlı Da Lüks 2+1 Kıralık Daıre","Kiralık Daire","2 + 1","88 m²","3 Yaşında","4. Kat","Denizli / Merkezefendi / Karahasanlı Mah.","https://www.hepsiemlak.com/_nuxt/8cafc93fb5c74c75e9e04e528e02ccdf.jpg","Remax Model 2","WhatsApp","https://www.hepsiemlak.com/_nuxt/8cafc93fb5c74c75e9e04e528e02ccdf.jpg"
"https://www.hepsiemlak.com/denizli-pamukkale-yunusemre-kiralik/daire/77841-318","1 / 23","9.000","29/08/2026","Karar Emlaktan Yunusemrede 1+1 60m2 Full Eşyalı Kombili Teraslı","Kiralık Daire","1 + 1","60 m²","16 Yaşında","4. Kat","Denizli / Pamukkale / Yunusemre Mah.","https://www.hepsiemlak.com/_nuxt/8cafc93fb5c74c75e9e04e528e02ccdf.jpg","Karar Emlak","WhatsApp","https://www.hepsiemlak.com/_nuxt/8cafc93fb5c74c75e9e04e528e02ccdf.jpg"
"https://www.hepsiemlak.com/denizli-merkezefendi-degirmenonu-kiralik/daire/120473-368","1 / 14","11.500","27/08/2026","Merkezde Çaybaşı Saltak* Bizimkasap Mevkide 1+1 Eşyalı Apart","Kiralık Daire","1 + 1","50 m²","6 Yaşında","Yüksek Giriş","Denizli / Merkezefendi / Değirmenönü Mah.","https://www.hepsiemlak.com/_nuxt/8cafc93fb5c74c75e9e04e528e02ccdf.jpg","Luin Zera Gayrimenkul","WhatsApp","https://www.hepsiemlak.com/img/loadings/noImage55-55.png"
"https://www.hepsiemlak.com/denizli-merkezefendi-akkonak-kiralik/daire/134506-1064","1 / 7","16.000","03/09/2026","Reallife Office'den Akkonak Parkı Üstünde Sıfır Kiralık Daireler","Kiralık Daire","2 + 0","85 m²","Sıfır Bina","Yüksek Giriş","Denizli / Merkezefendi / Akkonak Mah.","https://www.hepsiemlak.com/_nuxt/8cafc93fb5c74c75e9e04e528e02ccdf.jpg","","WhatsApp",""
"https://www.hepsiemlak.com/denizli-pamukkale-siteler-kiralik/daire/4766-18846","1 / 13","17.000","07/09/2026","Ender Uysal Gayrimenkulden Siteler De Kiralık Eşyalı 2+1 Bahçekatı Apart..  95 M2 Bireysel Kombi.. B","Kiralık Daire","2 + 1","95 m²","10 Yaşında","Bahçe Katı","Denizli / Pamukkale / Siteler Mah.","https://www.hepsiemlak.com/_nuxt/8cafc93fb5c74c75e9e04e528e02ccdf.jpg","","WhatsApp",""
"https://www.hepsiemlak.com/denizli-pamukkale-kocadere-kiralik/daire/0-47232174","1 / 20","13.000","05/09/2026","Sahibinden Kiralık 2+1 Sıfır Daire (toki Kocadere Denizli Osb Yanı)","Kiralık Daire","2 + 1","86 m²","Sıfır Bina","2. Kat","Denizli / Pamukkale / Kocadere Mah.","https://www.hepsiemlak.com/_nuxt/8cafc93fb5c74c75e9e04e528e02ccdf.jpg","","WhatsApp",""
"https://www.hepsiemlak.com/denizli-pamukkale-dokuzkavaklar-kiralik/daire/131207-544","1 / 20","18.000","05/09/2026","Dokuzkavaklar Kiralık Daire","Kiralık Daire","3 + 1","125 m²","10 Yaşında","1. Kat","Denizli / Pamukkale / Dokuzkavaklar Mah.","https://www.hepsiemlak.com/_nuxt/8cafc93fb5c74c75e9e04e528e02ccdf.jpg","","WhatsApp",""
"https://www.hepsiemlak.com/denizli-merkezefendi-karaman-kiralik/daire/0-47185332","1 / 17","19.000","25/08/2026","Kiralık Daire Çatı Katı","Kiralık Daire","3 + 1","145 m²","30 Yaşında","Çatı Katı","Denizli / Merkezefendi / Karaman Mah.","https://www.hepsiemlak.com/_nuxt/8cafc93fb5c74c75e9e04e528e02ccdf.jpg","","WhatsApp",""
"https://www.hepsiemlak.com/denizli-pamukkale-topraklik-kiralik/daire/0-47175699","1 / 16","18.000","31/08/2026","Sahibinden Boyalı-Temiz Kullanılmış Daire","Kiralık Daire","2 + 1","100 m²","11 Yaşında","Yüksek Giriş","Denizli / Pamukkale / Topraklık Mah.","https://www.hepsiemlak.com/_nuxt/8cafc93fb5c74c75e9e04e528e02ccdf.jpg","","WhatsApp",""
"https://www.hepsiemlak.com/denizli-pamukkale-bagbasi-kiralik/daire/170281-50","1 / 16","26.500","02/09/2026","Optimum'dan Bağbaşı Mah.De Kiralık 3+1 Daire","Kiralık Daire","3 + 1","160 m²","13 Yaşında","2. Kat","Denizli / Pamukkale / Bağbaşı Mah.","https://www.hepsiemlak.com/_nuxt/8cafc93fb5c74c75e9e04e528e02ccdf.jpg","","WhatsApp",""
"https://www.hepsiemlak.com/denizli-pamukkale-incilipinar-kiralik/daire/137549-2006","1 / 20","23.000","18/08/2026","İncilipınar Yüzme Havuzu Yani Mega Kiralık Apart","Kiralık Daire","1 + 1","65 m²","12 Yaşında","2. Kat","Denizli / Pamukkale / İncilipınar Mah.","https://hecdnnw.hemlak.com/mncropresize/77/67/logo/9/4/5/7/3/1/9d1bce6e-852e-4c9b-97f8-695cbe0e038d.jpg","Tercih Gayrimenkul","WhatsApp",""
"https://www.hepsiemlak.com/denizli-merkezefendi-karahasanli-kiralik/daire/152880-90","1 / 15","23.000","30/08/2026","Karahasanlı 800.Yıl Konutları 3+1 Kiralık","Kiralık Daire","3 + 1","150 m²","11 Yaşında","1. Kat","Denizli / Merkezefendi / Karahasanlı Mah.","https://hecdnnw.hemlak.com/mncropresize/77/67/logo/0/8/8/2/5/1/4cae8274-6f2c-4a2c-aec0-9081a38a9da6.jpg","Yaylalı Gayrimenkul","WhatsApp","https://hecdnnw.hemlak.com/mncropresize/77/67/firmuser/0/5/5/2/1/3/4/68fe0c36-2fa3-4051-9a5b-56bfdcfa7d1b.jpg"
"https://www.hepsiemlak.com/denizli-merkezefendi-semikler-kiralik/daire/164617-54","1 / 20","28.000","21/08/2026","Şemikler Cinkaya Sağlık Ocağı Yakını Kiralık Daire","Kiralık Daire","2 + 1","125 m²","5 Yaşında","2. Kat","Denizli / Merkezefendi / Şemikler Mah.","https://hecdnnw.hemlak.com/mncropresize/77/67/logo/7/1/6/4/6/1/843c186e-9550-4581-9fbd-fd63c5cfc7fa.jpg","Meuz Gayrimenkul","WhatsApp","https://hecdnnw.hemlak.com/mncropresize/77/67/firmuser/6/1/4/2/9/5/4/462b0d1d-0cea-4b0c-8c89-96fca750aebe.jpg"
"https://www.hepsiemlak.com/denizli-pamukkale-incilipinar-kiralik/daire/0-47088258","1 / 19","14.000","08/08/2026","Sahibinden İncilipınar' Da Kiralık Daire","Kiralık Daire","3 + 1","120 m²","29 Yaşında","3. Kat","Denizli / Pamukkale / İncilipınar Mah.","https://hecdn01.hemlak.com/mncropresize/182/137/ds01/8/5/2/8/8/0/7/4/YoavJ0LrREpEVpHrw_I8g.jpg","","WhatsApp",""
"https://www.hepsiemlak.com/denizli-pamukkale-cumhuriyet-kiralik/daire/0-47021850","1 / 18","20.000","03/08/2026","Sahibinden... Eşyalı... Kiralık Daire...","Kiralık Daire","2 + 1","115 m²","15 Yaşında","1. Kat","Denizli / Pamukkale / Cumhuriyet Mah.","https://www.hepsiemlak.com/_nuxt/8cafc93fb5c74c75e9e04e528e02ccdf.jpg","","WhatsApp",""
"https://www.hepsiemlak.com/denizli-pamukkale-mehmetcik-kiralik/daire/164830-108","1 / 21","21.000","09/09/2026","Birikimden Forum Yakını Kiralık Arakat Daire","Kiralık Daire","2 + 1","118 m²","26 Yaşında","3. Kat","Denizli / Pamukkale / Mehmetçik Mah.","https://www.hepsiemlak.com/_nuxt/8cafc93fb5c74c75e9e04e528e02ccdf.jpg","Birikim Gayrimenkul","WhatsApp","https://www.hepsiemlak.com/_nuxt/8cafc93fb5c74c75e9e04e528e02ccdf.jpg"
"https://www.hepsiemlak.com/denizli-merkezefendi-1200-evler-kiralik/daire/98828-10","1 / 34","80.000","17/08/2026","Açık Ve Kapalı Havuzlu Lüks 4+1 Site İçi Daire","Kiralık Daire","4 + 1","225 m²","6 Yaşında","4. Kat","Denizli / Merkezefendi / 1200 Evler Mah.","https://www.hepsiemlak.com/_nuxt/8cafc93fb5c74c75e9e04e528e02ccdf.jpg","","WhatsApp",""
"https://www.hepsiemlak.com/denizli-merkezefendi-saraylar-kiralik/daire/125019-696","1 / 22","12.000","09/09/2026","Saraylar Mh De 1+1,45 M2 Eşyalı Apart (kat Değişebilir..)","Kiralık Daire","1 + 1","45 m²","6 Yaşında","1. Kat","Denizli / Merkezefendi / Saraylar Mah.","https://www.hepsiemlak.com/_nuxt/8cafc93fb5c74c75e9e04e528e02ccdf.jpg","","WhatsApp",""
"https://www.hepsiemlak.com/denizli-pamukkale-mehmetcik-kiralik/daire/159501-220","1 / 20","20.000","24/08/2026","Denizli Mehmetçik Mh. Ultra Lüks Kiralık Apart","Kiralık Daire","2 + 1","65 m²","8 Yaşında","2. Kat","Denizli / Pamukkale / Mehmetçik Mah.","https://www.hepsiemlak.com/_nuxt/8cafc93fb5c74c75e9e04e528e02ccdf.jpg","","WhatsApp",""
"https://www.hepsiemlak.com/denizli-merkezefendi-yenisafak-kiralik/daire/151348-519","1 / 12","28.500","29/07/2026","Yenişafak'ta Ferhatlar Koleji Mevkisinde 2+1 Kiralık Daire","Kiralık Daire","2 + 1","110 m²","4 Yaşında","2. Kat","Denizli / Merkezefendi / Yenişafak Mah.","https://www.hepsiemlak.com/_nuxt/8cafc93fb5c74c75e9e04e528e02ccdf.jpg","Blue Sky Gayrimenkul","WhatsApp","https://www.hepsiemlak.com/_nuxt/8cafc93fb5c74c75e9e04e528e02ccdf.jpg"
"https://www.hepsiemlak.com/denizli-pamukkale-kuspinar-kiralik/daire/113603-218","1 / 12","14.000","28/07/2026","Atalar'da Arakat Klimalı Asansörlü 1+1 Full Eşyalı Daire","Kiralık Daire","1 + 1","60 m²","5 Yaşında","2. Kat","Denizli / Pamukkale / Kuşpınar Mah.","https://www.hepsiemlak.com/_nuxt/8cafc93fb5c74c75e9e04e528e02ccdf.jpg","","WhatsApp",""
"https://www.hepsiemlak.com/denizli-pamukkale-anafartalar-kiralik/daire/129038-515","1 / 10","13.500","07/09/2026","Anafartalar Şeyhbedrettin Caddesi Servis Güzergahı Bahçe Katı Daire Kiralıktır","Kiralık Daire","2 + 1","110 m²","25 Yaşında","Bahçe Katı","Denizli / Pamukkale / Anafartalar Mah.","https://www.hepsiemlak.com/_nuxt/8cafc93fb5c74c75e9e04e528e02ccdf.jpg","Neslihan Emlak & Yatırım Danışmanlığı","WhatsApp","https://www.hepsiemlak.com/_nuxt/8cafc93fb5c74c75e9e04e528e02ccdf.jpg"
"https://www.hepsiemlak.com/denizli-pamukkale-atalar-kiralik/daire/15694-4020","1 / 8","15.000","15/08/2026","Laodikya Dan Atalarda Kiralık 1+1 Eşyalı Apart","Kiralık Daire","1 + 1","55 m²","11 Yaşında","2. Kat","Denizli / Pamukkale / Atalar Mah.","https://www.hepsiemlak.com/_nuxt/8cafc93fb5c74c75e9e04e528e02ccdf.jpg","Laodikya Emlak","WhatsApp","https://www.hepsiemlak.com/_nuxt/8cafc93fb5c74c75e9e04e528e02ccdf.jpg"
"https://www.hepsiemlak.com/denizli-merkezefendi-karahasanli-kiralik/daire/69820-1408","1 / 12","26.000","19/08/2026","Karahasanlı'da Kiralık 2+1 Ultra Lüks Sıfır Apart","Kiralık Daire","2 + 1","70 m²","Sıfır Bina","4. Kat","Denizli / Merkezefendi / Karahasanlı Mah.","https://www.hepsiemlak.com/_nuxt/8cafc93fb5c74c75e9e04e528e02ccdf.jpg","","WhatsApp",""
"https://www.hepsiemlak.com/denizli-pamukkale-15-mayis-kiralik/daire/122348-293","1 / 12","29.000","30/08/2026","Denizli 15 Mayıs Mahallesi Herşey Dahil  Apart","Kiralık Daire","2 + 1","130 m²","5 Yaşında","3. Kat","Denizli / Pamukkale / 15 Mayıs Mah.","https://www.hepsiemlak.com/_nuxt/8cafc93fb5c74c75e9e04e528e02ccdf.jpg","Eva Port Gayrimenkul","WhatsApp","https://www.hepsiemlak.com/_nuxt/8cafc93fb5c74c75e9e04e528e02ccdf.jpg"
"https://www.hepsiemlak.com/denizli-merkezefendi-saraylar-kiralik/daire/0-47135770","1 / 14","24.000","17/08/2026","Sahibinden 2+1 Eşyalı Kiralık Apart","Kiralık Daire","2 + 1","98 m²","10 Yaşında","4. Kat","Denizli / Merkezefendi / Saraylar Mah.","https://www.hepsiemlak.com/_nuxt/8cafc93fb5c74c75e9e04e528e02ccdf.jpg","","",""
"https://www.hepsiemlak.com/denizli-merkezefendi-yenisafak-kiralik/daire/137436-1222","1 / 32","30.000","07/09/2026","Ergün Aydın'dan Yenişafak Full Eşyalı 2+1 Arakat Balkonlu Daire","Kiralık Daire","2 + 1","60 m²","Sıfır Bina","1. Kat","Denizli / Merkezefendi / Yenişafak Mah.","https://www.hepsiemlak.com/_nuxt/8cafc93fb5c74c75e9e04e528e02ccdf.jpg","","WhatsApp",""
"https://www.hepsiemlak.com/denizli-pamukkale-yunusemre-kiralik/daire/77841-316","1 / 44","24.000","29/08/2026","Karardan Yunusemrede 2+1 150m2 Kombili Terasında Havuzlu Arakat","Kiralık Daire","2 + 1","150 m²","16 Yaşında","3. Kat","Denizli / Pamukkale / Yunusemre Mah.","https://www.hepsiemlak.com/_nuxt/8cafc93fb5c74c75e9e04e528e02ccdf.jpg","Karar Emlak","WhatsApp","https://www.hepsiemlak.com/_nuxt/8cafc93fb5c74c75e9e04e528e02ccdf.jpg"
"https://www.hepsiemlak.com/denizli-merkezefendi-akkonak-kiralik/daire/114443-1161","1 / 12","19.000","20/08/2026","Akkonak Mahallesin'de Kiralık Geniş 3+1 Daire","Kiralık Daire","3 + 1","150 m²","31 Yaşında","3. Kat","Denizli / Merkezefendi / Akkonak Mah.","https://www.hepsiemlak.com/_nuxt/8cafc93fb5c74c75e9e04e528e02ccdf.jpg","","WhatsApp",""
"https://www.hepsiemlak.com/denizli-merkezefendi-ilbade-kiralik/daire/102793-2747","1 / 20","13.000","12/08/2026","Fark20 Gayrimenkul'den İlbade Mahallesi'nde Kiralık 2+1 Daire","Kiralık Daire","2 + 1","120 m²","31 Yaşında","4. Kat","Denizli / Merkezefendi / İlbade Mah.","https://www.hepsiemlak.com/_nuxt/8cafc93fb5c74c75e9e04e528e02ccdf.jpg","Fark 20 Emlak","WhatsApp",""
"https://www.hepsiemlak.com/denizli-pamukkale-atalar-kiralik/daire/150342-25","1 / 13","14.000","02/09/2026","Çınar'da Kiralık 1+1 Full Eşyalı Apart","Kiralık Daire","1 + 1","45 m²","11 Yaşında","2. Kat","Denizli / Pamukkale / Atalar Mah.","https://www.hepsiemlak.com/_nuxt/8cafc93fb5c74c75e9e04e528e02ccdf.jpg","","WhatsApp",""
"https://www.hepsiemlak.com/denizli-merkezefendi-sirakapilar-kiralik/daire/168383-7","1 / 13","10.000","05/09/2026","Sırakapılarda Çınara Bayramyerine 5 Dak 1+1 Eşyasız Balkonlu Yerden Isıtmalı Abonelikleri Açık","Kiralık Daire","1 + 1","50 m²","8 Yaşında","Ara Kat","Denizli / Merkezefendi / Sırakapılar Mah.","https://www.hepsiemlak.com/_nuxt/8cafc93fb5c74c75e9e04e528e02ccdf.jpg","","WhatsApp",""
"https://www.hepsiemlak.com/denizli-pamukkale-istiklal-kiralik/daire/54417-816","1 / 10","18.000","09/09/2026","Arakat Balkonlu Asansörlü Eşyalı 2+1 Kiralık Apart","Kiralık Daire","1 + 1","60 m²","7 Yaşında","Ara Kat","Denizli / Pamukkale / İstiklal Mah.","https://www.hepsiemlak.com/_nuxt/8cafc93fb5c74c75e9e04e528e02ccdf.jpg","","WhatsApp",""
"https://www.hepsiemlak.com/denizli-pamukkale-topraklik-kiralik/daire/167868-14","1 / 7","15.250","23/08/2026","1+1 Kiralık Apart","Kiralık Daire","1 + 1","60 m²","6 Yaşında","2. Kat","Denizli / Pamukkale / Topraklık Mah.","https://www.hepsiemlak.com/_nuxt/8cafc93fb5c74c75e9e04e528e02ccdf.jpg","","WhatsApp",""
"https://www.hepsiemlak.com/denizli-pamukkale-kayihan-kiralik/daire/46851-948","1 / 14","14.000","10/09/2026","Kayıhan Mahallesi ‘nde 3+1,120m2., Doğalgaz Kombi Kaloriferli,Kiralık Bahçe Katı","Kiralık Daire","4 + 1","120 m²","30 Yaşında","Bahçe Katı","Denizli / Pamukkale / Kayıhan Mah.","","","WhatsApp",""
"https://www.hepsiemlak.com/denizli-merkezefendi-semikler-kiralik/daire/130692-1165","1 / 35","45.000","30/08/2026","Gülemden 3,5+1 Site İçi Full Konsept Kiralık Lüks Daire","Kiralık Daire","3 + 1","185 m²","1 Yaşında","3. Kat","Denizli / Merkezefendi / Şemikler Mah.","","","WhatsApp",""
"https://www.hepsiemlak.com/denizli-merkezefendi-mehmet-akif-ersoy-kiralik/daire/163480-228","1 / 18","26.500","18/08/2026","Denipol Hastanesi Arkası Cadde Üzeri 3+1 150 M2 İçi Sıfır Daire","Kiralık Daire","3 + 1","150 m²","Sıfır Bina","Bahçe Katı","Denizli / Merkezefendi / Mehmet Akif Ersoy Mah.","","","WhatsApp",""
"https://www.hepsiemlak.com/denizli-merkezefendi-cakmak-kiralik/daire/152880-84","1 / 26","68.000","11/08/2026","Göveçlik Selvi Rezidansta 3.5+1 | Çift Havuzlu Sosyal Tesisli","Kiralık Daire","3 + 1","210 m²","Sıfır Bina","5. Kat","Denizli / Merkezefendi / Çakmak Mah.","https://hecdn01.hemlak.com/mncropresize/182/137/ds01/7/7/7/3/0/1/7/4/b590e1b94628d4870244b7a2db35fb857f4e47409d1bfdd97f38ab604ecbc3290e5dbca91b86ee1102d45d4b31041b8f.jpg","Yaylalı Gayrimenkul","WhatsApp","https://hecdnnw.hemlak.com/mncropresize/77/67/logo/0/8/8/2/5/1/4cae8274-6f2c-4a2c-aec0-9081a38a9da6.jpg"
"https://www.hepsiemlak.com/denizli-pamukkale-hacikaplanlar-kiralik/daire/170767-11","1 / 15","15.000","09/08/2026","Çınar'da 1+1 Klimalı Geniş Ferah Kiralık Daire","Kiralık Daire","2 + 1","60 m²","9 Yaşında","Yüksek Giriş","Denizli / Pamukkale / Hacıkaplanlar Mah.","https://www.hepsiemlak.com/_nuxt/8cafc93fb5c74c75e9e04e528e02ccdf.jpg","","WhatsApp",""
"https://www.hepsiemlak.com/denizli-pamukkale-feslegen-kiralik/daire/164536-63","1 / 36","14.900","09/09/2026","1,5+1 Kiralık Apart Emek Caddesine Çınara Yakın Kiralık","Kiralık Daire","1 + 1","60 m²","6 Yaşında","4. Kat","Denizli / Pamukkale / Fesleğen Mah.","https://www.hepsiemlak.com/_nuxt/8cafc93fb5c74c75e9e04e528e02ccdf.jpg","","WhatsApp",""
"https://www.hepsiemlak.com/denizli-pamukkale-kuspinar-kiralik/daire/67388-1077","1 / 35","15.500","04/09/2026","Arevtürk'den Kuşpınar'da Kiralık 135 M2 3+1'den 2adet Daire","Kiralık Daire","3 + 1","135 m²","26 Yaşında","1. Kat","Denizli / Pamukkale / Kuşpınar Mah.","https://www.hepsiemlak.com/_nuxt/8cafc93fb5c74c75e9e04e528e02ccdf.jpg","","WhatsApp",""
"https://www.hepsiemlak.com/denizli-merkezefendi-kayalar-kiralik/daire/98859-464","1 / 38","39.500","28/08/2026","| Kiralık | Denizli | Aqua Cıty | 3 + 1 | Daire |","Kiralık Daire","3 + 1","160 m²","6 Yaşında","2. Kat","Denizli / Merkezefendi / Kayalar Mah.","https://www.hepsiemlak.com/_nuxt/8cafc93fb5c74c75e9e04e528e02ccdf.jpg","Mülk Gayrimenkul Yatırım","WhatsApp","https://www.hepsiemlak.com/_nuxt/8cafc93fb5c74c75e9e04e528e02ccdf.jpg"
"https://www.hepsiemlak.com/denizli-merkezefendi-karahasanli-kiralik/daire/159501-215","1 / 15","18.000","24/08/2026","Denizli Karahasanlı Mh. Ultra Lüks Kiralık Apart","Kiralık Daire","1 + 1","55 m²","Sıfır Bina","2. Kat","Denizli / Merkezefendi / Karahasanlı Mah.","https://www.hepsiemlak.com/_nuxt/8cafc93fb5c74c75e9e04e528e02ccdf.jpg","","WhatsApp",""
"https://www.hepsiemlak.com/denizli-pamukkale-15-mayis-kiralik/daire/0-47228453","1 / 12","10.000","01/09/2026","Sahibinden 1+0 Arakat Kiralık Apart","Kiralık Daire","1 + 1","35 m²","30 Yaşında","3. Kat","Denizli / Pamukkale / 15 Mayıs Mah.","https://www.hepsiemlak.com/_nuxt/8cafc93fb5c74c75e9e04e528e02ccdf.jpg","","WhatsApp",""
"https://www.hepsiemlak.com/denizli-pamukkale-incilipinar-kiralik/daire/0-47179642","1 / 12","10.000","24/08/2026","Sahibinden İncilipınarda Abonelikleri Açık 1+1 Apart","Kiralık Daire","1 + 1","50 m²","10 Yaşında","2. Kat","Denizli / Pamukkale / İncilipınar Mah.","https://www.hepsiemlak.com/_nuxt/8cafc93fb5c74c75e9e04e528e02ccdf.jpg","","WhatsApp",""
"https://www.hepsiemlak.com/denizli-merkezefendi-cakmak-kiralik/daire/124405-296","1 / 33","35.000","24/08/2026","Çakmakta Arakat Kıralık Daire","Kiralık Daire","3 + 1","155 m²","5 Yaşında","2. Kat","Denizli / Merkezefendi / Çakmak Mah.","https://www.hepsiemlak.com/_nuxt/8cafc93fb5c74c75e9e04e528e02ccdf.jpg","Demirtaş Gayrimenkul","WhatsApp","https://www.hepsiemlak.com/_nuxt/8cafc93fb5c74c75e9e04e528e02ccdf.jpg"
"https://www.hepsiemlak.com/denizli-pamukkale-feslegen-kiralik/daire/137549-2009","1 / 14","20.000","21/08/2026","Fesleğen Atatürk İlkokulu Yani Kiralık Daire","Kiralık Daire","3 + 1","150 m²","35 Yaşında","Ara Kat","Denizli / Pamukkale / Fesleğen Mah.","https://www.hepsiemlak.com/_nuxt/8cafc93fb5c74c75e9e04e528e02ccdf.jpg","Tercih Gayrimenkul","WhatsApp","https://www.hepsiemlak.com/_nuxt/8cafc93fb5c74c75e9e04e528e02ccdf.jpg"
"https://www.hepsiemlak.com/denizli-pamukkale-feslegen-kiralik/daire/162875-33","1 / 11","19.500","07/09/2026","Denizli Suluköprüde 3. Katta, Sadece Bayan Kiracıya Uygun Apart","Kiralık Daire","1 + 1","40 m²","11 Yaşında","3. Kat","Denizli / Pamukkale / Fesleğen Mah.","https://www.hepsiemlak.com/_nuxt/8cafc93fb5c74c75e9e04e528e02ccdf.jpg","","WhatsApp",""
"https://www.hepsiemlak.com/denizli-pamukkale-yunusemre-kiralik/daire/0-47174394","1 / 11","11.000","22/08/2026","Sahibinden Kiralık","Kiralık Daire","Stüdyo","40 m²","5 Yaşında","Zemin","Denizli / Pamukkale / Yunusemre Mah.","https://www.hepsiemlak.com/_nuxt/8cafc93fb5c74c75e9e04e528e02ccdf.jpg","","WhatsApp",""
"https://www.hepsiemlak.com/denizli-pamukkale-asmalievler-kiralik/daire/4766-18838","1 / 9","12.000","05/09/2026","Ender Uysal Gayrimenkulden Asmalıevler De Kiralık Asansörlü Balkonlu 1+1 Kiralık Apart..","Kiralık Daire","1 + 1","45 m²","4 Yaşında","3. Kat","Denizli / Pamukkale / Asmalıevler Mah.","https://www.hepsiemlak.com/_nuxt/8cafc93fb5c74c75e9e04e528e02ccdf.jpg","","WhatsApp",""
"https://www.hepsiemlak.com/denizli-merkezefendi-degirmenonu-kiralik/daire/91390-2663","1 / 20","25.000","06/09/2026","Şehzade'den Değirmenönü Mahallesinde 2+1 Kiralık Daire","Kiralık Daire","2 + 1","120 m²","26 Yaşında","3. Kat","Denizli / Merkezefendi / Değirmenönü Mah.","https://www.hepsiemlak.com/_nuxt/8cafc93fb5c74c75e9e04e528e02ccdf.jpg","Şehzade Gayrimenkul","WhatsApp","https://www.hepsiemlak.com/_nuxt/8cafc93fb5c74c75e9e04e528e02ccdf.jpg"
"https://www.hepsiemlak.com/denizli-merkezefendi-bahcelievler-kiralik/daire/122348-327","1 / 10","23.000","05/09/2026","Denizli Bahçelievler Nh. Kiralık Apart","Kiralık Daire","2 + 1","60 m²","Sıfır Bina","2. Kat","Denizli / Merkezefendi / Bahçelievler Mah.","https://www.hepsiemlak.com/_nuxt/8cafc93fb5c74c75e9e04e528e02ccdf.jpg","Eva Port Gayrimenkul","WhatsApp","https://www.hepsiemlak.com/_nuxt/8cafc93fb5c74c75e9e04e528e02ccdf.jpg"
"https://www.hepsiemlak.com/denizli-merkezefendi-sirakapilar-kiralik/daire/102793-2703","1 / 19","13.000","25/08/2026","Fark20'den Bayramyeri Yakını 1+1 Eşyalı Kiralık Apart","Kiralık Daire","1 + 1","50 m²","6 Yaşında","Bahçe Katı","Denizli / Merkezefendi / Sırakapılar Mah.","https://www.hepsiemlak.com/_nuxt/8cafc93fb5c74c75e9e04e528e02ccdf.jpg","Fark 20 Emlak","WhatsApp",""
"https://www.hepsiemlak.com/denizli-merkezefendi-sirakapilar-kiralik/daire/132528-8","1 / 13","17.500","31/07/2026","Mimarsinan'da Kiralık Daire","Kiralık Daire","3 + 1","130 m²","25 Yaşında","Ara Kat","Denizli / Merkezefendi / Sırakapılar Mah.","https://www.hepsiemlak.com/_nuxt/8cafc93fb5c74c75e9e04e528e02ccdf.jpg","","WhatsApp",""
"https://www.hepsiemlak.com/denizli-merkezefendi-karahasanli-kiralik/daire/125019-694","1 / 16","25.000","24/08/2026","City20'den Karahasanlı'da Hastaneye Yakın 1+1 Sıfır Eşyalı Apart","Kiralık Daire","1 + 1","50 m²","Sıfır Bina","4. Kat","Denizli / Merkezefendi / Karahasanlı Mah.","https://www.hepsiemlak.com/_nuxt/8cafc93fb5c74c75e9e04e528e02ccdf.jpg","","WhatsApp",""
"https://www.hepsiemlak.com/denizli-pamukkale-asmalievler-kiralik/daire/133492-293","1 / 10","13.500","21/08/2026","Asmalıevler De Kiralık 2+1 Eşyalı Apart Daire","Kiralık Daire","2 + 1","70 m²","5 Yaşında","1. Kat","Denizli / Pamukkale / Asmalıevler Mah.","https://www.hepsiemlak.com/_nuxt/8cafc93fb5c74c75e9e04e528e02ccdf.jpg","","WhatsApp",""
"https://www.hepsiemlak.com/denizli-merkezefendi-semikler-kiralik/daire/130692-1164","1 / 28","28.000","30/08/2026","Gülem’den Şemiklerde Ara Kat Geniş 2+1 Çocuk Oyun Parklı Kiralık Daire","Kiralık Daire","2 + 1","120 m²","Sıfır Bina","3. Kat","Denizli / Merkezefendi / Şemikler Mah.","https://www.hepsiemlak.com/_nuxt/8cafc93fb5c74c75e9e04e528e02ccdf.jpg","","WhatsApp",""
"https://www.hepsiemlak.com/denizli-pamukkale-incilipinar-kiralik/daire/167359-178","1 / 19","16.000","27/08/2026","Forum Avm Altında Forum Avm'ye 600m Mesafede 1+1 Apart","Kiralık Daire","1 + 1","50 m²","8 Yaşında","1. Kat","Denizli / Pamukkale / İncilipınar Mah.","https://www.hepsiemlak.com/_nuxt/8cafc93fb5c74c75e9e04e528e02ccdf.jpg","Akkonak Gayrimenkul","WhatsApp","https://www.hepsiemlak.com/_nuxt/8cafc93fb5c74c75e9e04e528e02ccdf.jpg"
"https://www.hepsiemlak.com/denizli-merkezefendi-gerzele-kiralik/daire/135212-596","1 / 17","38.000","27/08/2026","Servergazi Gerzele’de Geniş 3+1 Manzaralı","Kiralık Daire","3 + 1","165 m²","14 Yaşında","Ara Kat","Denizli / Merkezefendi / Gerzele Mah.","https://hecdnnw.hemlak.com/mncropresize/77/67/logo/2/1/2/5/3/1/a0a92a80-f152-4984-b4aa-9bf7616ff34d.jpg","Bahar Gayrimenkul","WhatsApp",""
"https://www.hepsiemlak.com/denizli-merkezefendi-servergazi-kiralik/daire/133232-692","1 / 36","33.000","29/08/2026","Koza'dan Merkezefendi-Servergazi Belkon Sitesi Kiralık Arakat Daire","Kiralık Daire","2 + 1","134 m²","20 Yaşında","2. Kat","Denizli / Merkezefendi / Servergazi Mah.","","","WhatsApp",""
"https://www.hepsiemlak.com/denizli-merkezefendi-gumuscay-kiralik/daire/136930-503","1 / 17","19.000","14/07/2026","Gümüşçayda 2+1 120 M2 Kiralık Daire","Kiralık Daire","2 + 1","120 m²","5 Yaşında","2. Kat","Denizli / Merkezefendi / Gümüşçay Mah.","https://hecdnnw.hemlak.com/mncropresize/77/67/logo/0/3/9/6/3/1/7b1beb00-b779-49dc-989b-ac89d9d86f3c.jpg","Ys-lıfe Gayrimenkul","WhatsApp",""
"https://www.hepsiemlak.com/denizli-merkezefendi-yenisafak-kiralik/daire/132069-264","1 / 23","41.000","07/08/2026","Safir'den Ferhatlar Kolejine Yakın Sıfır 3+1 Kiralık Daire","Kiralık Daire","3 + 1","150 m²","Sıfır Bina","4. Kat","Denizli / Merkezefendi / Yenişafak Mah.","https://hecdn01.hemlak.com/mncropresize/182/137/ds01/7/2/6/0/0/9/6/4/259c50e5-1020-48d3-8336-5d0e169327d0.jpg","","WhatsApp",""
"https://www.hepsiemlak.com/denizli-pamukkale-zeytinkoy-kiralik/daire/164536-44","1 / 17","13.500","27/08/2026","Kiralık 1+1 Apart (videolu)asmalıevlerde Paü Yakını","Kiralık Daire","1 + 1","55 m²","11 Yaşında","Bahçe Katı","Denizli / Pamukkale / Zeytinköy Mah.","https://www.hepsiemlak.com/_nuxt/8cafc93fb5c74c75e9e04e528e02ccdf.jpg","","WhatsApp",""
"https://www.hepsiemlak.com/denizli-merkezefendi-selcuk-bey-kiralik/daire/159501-208","1 / 21","30.000","24/08/2026","Denizli Selçukbey Mh. Kiralık Daire","Kiralık Daire","4 + 1","215 m²","5 Yaşında","1. Kat","Denizli / Merkezefendi / Selçuk Bey Mah.","https://www.hepsiemlak.com/_nuxt/8cafc93fb5c74c75e9e04e528e02ccdf.jpg","","WhatsApp",""
"https://www.hepsiemlak.com/denizli-merkezefendi-degirmenonu-kiralik/daire/134619-894","1 / 29","22.000","07/09/2026","Çınar Eflatunda Fırsat Lüx Kiralık Apart","Kiralık Daire","1 + 1","60 m²","5 Yaşında","1. Kat","Denizli / Merkezefendi / Değirmenönü Mah.","https://www.hepsiemlak.com/_nuxt/8cafc93fb5c74c75e9e04e528e02ccdf.jpg","Ateş 20 Offıce","WhatsApp","https://www.hepsiemlak.com/_nuxt/8cafc93fb5c74c75e9e04e528e02ccdf.jpg"
"https://www.hepsiemlak.com/denizli-merkezefendi-cakmak-kiralik/daire/64407-3640","1 / 14","11.000","23/07/2026","Çakmak'da Minübüs Durağına 50metre Mesafede 1+1 Daire Geniş Balkonlu Abonelikleri Açık+otoparklı","Kiralık Daire","1 + 1","63 m²","14 Yaşında","Giriş Katı","Denizli / Merkezefendi / Çakmak Mah.","https://www.hepsiemlak.com/_nuxt/8cafc93fb5c74c75e9e04e528e02ccdf.jpg","","WhatsApp",""
"https://www.hepsiemlak.com/denizli-merkezefendi-bereketler-kiralik/daire/170281-58","1 / 11","30.000","02/09/2026","Adalet Mahallesinde Havuzlu Sitede Kiralık 1+1 Ve 2+1 Daireler","Kiralık Daire","2 + 1","70 m²","Sıfır Bina","Ara Kat","Denizli / Merkezefendi / Bereketler Mah.","https://www.hepsiemlak.com/_nuxt/8cafc93fb5c74c75e9e04e528e02ccdf.jpg","","WhatsApp",""
"https://www.hepsiemlak.com/denizli-pamukkale-yunusemre-kiralik/daire/4766-18837","1 / 9","20.000","08/09/2026","Ender Uysal Gayrimenkulden Yunusemre De Kiralık 3+1 Eşyallı Daire","Kiralık Daire","3 + 1","150 m²","11 Yaşında","1. Kat","Denizli / Pamukkale / Yunusemre Mah.","https://www.hepsiemlak.com/_nuxt/8cafc93fb5c74c75e9e04e528e02ccdf.jpg","","WhatsApp",""
"https://www.hepsiemlak.com/denizli-pamukkale-kuspinar-kiralik/daire/143948-150","1 / 8","20.000","20/07/2026","Forum Yakını Kiralık 2+1","Kiralık Daire","2 + 1","70 m²","6 Yaşında","3. Kat","Denizli / Pamukkale / Kuşpınar Mah.","https://www.hepsiemlak.com/_nuxt/8cafc93fb5c74c75e9e04e528e02ccdf.jpg","","WhatsApp",""
"https://www.hepsiemlak.com/denizli-pamukkale-zumrut-kiralik/daire/0-46972039","1 / 8","16.500","30/08/2026","Sahibinden Bağbaşı Zümrütte Mükemmel Konum Kiralık Daire","Kiralık Daire","1 + 1","55 m²","5 Yaşında","Kot 1","Denizli / Pamukkale / Zümrüt Mah.","https://www.hepsiemlak.com/_nuxt/8cafc93fb5c74c75e9e04e528e02ccdf.jpg","","WhatsApp",""
"https://www.hepsiemlak.com/denizli-pamukkale-zeytinkoy-kiralik/daire/164830-92","1 / 10","16.000","31/08/2026","Asmalıevlerde Kiralık Arakat 2+1 Apart","Kiralık Daire","2 + 1","70 m²","6 Yaşında","2. Kat","Denizli / Pamukkale / Zeytinköy Mah.","https://www.hepsiemlak.com/_nuxt/8cafc93fb5c74c75e9e04e528e02ccdf.jpg","Birikim Gayrimenkul","WhatsApp","https://www.hepsiemlak.com/_nuxt/8cafc93fb5c74c75e9e04e528e02ccdf.jpg"
"https://www.hepsiemlak.com/denizli-merkezefendi-semikler-kiralik/daire/130692-1163","1 / 31","36.000","30/08/2026","Gülemden Naz Bayrakta 3+1 Kiralık Lüks Daire","Kiralık Daire","3 + 1","150 m²","5 Yaşında","2. Kat","Denizli / Merkezefendi / Şemikler Mah.","https://www.hepsiemlak.com/_nuxt/8cafc93fb5c74c75e9e04e528e02ccdf.jpg","","WhatsApp",""
"https://www.hepsiemlak.com/denizli-pamukkale-asmalievler-kiralik/daire/167359-176","1 / 16","16.000","28/08/2026","Asmalıevler Mahallesinde Paüye Yakın Kiralık Apart","Kiralık Daire","1 + 1","50 m²","6 Yaşında","6. Kat","Denizli / Pamukkale / Asmalıevler Mah.","https://www.hepsiemlak.com/_nuxt/8cafc93fb5c74c75e9e04e528e02ccdf.jpg","Akkonak Gayrimenkul","WhatsApp","https://www.hepsiemlak.com/_nuxt/8cafc93fb5c74c75e9e04e528e02ccdf.jpg"
"https://www.hepsiemlak.com/denizli-merkezefendi-karahasanli-kiralik/daire/160241-179","1 / 16","14.750","20/08/2026","Vera'dan Karahasanlı Mevki 2+1 Amerikan Mutfak Asansörlü Arakat","Kiralık Daire","2 + 1","80 m²","6 Yaşında","2. Kat","Denizli / Merkezefendi / Karahasanlı Mah.","https://www.hepsiemlak.com/_nuxt/8cafc93fb5c74c75e9e04e528e02ccdf.jpg","Vera Gayrimenkul","WhatsApp","https://www.hepsiemlak.com/_nuxt/8cafc93fb5c74c75e9e04e528e02ccdf.jpg"
"https://www.hepsiemlak.com/denizli-pamukkale-asmalievler-kiralik/daire/133232-689","1 / 19","15.000","26/08/2026","Denizli Pamukkale Asmalıevler- Üniversiteye Yürüme Mesafesinde Balkonlu/klimalı Arakat Apart","Kiralık Daire","1 + 1","55 m²","5 Yaşında","2. Kat","Denizli / Pamukkale / Asmalıevler Mah.","https://www.hepsiemlak.com/_nuxt/8cafc93fb5c74c75e9e04e528e02ccdf.jpg","","WhatsApp",""
"https://www.hepsiemlak.com/denizli-pamukkale-15-mayis-kiralik/daire/131665-163","1 / 19","25.000","27/08/2026","Kayalık Cad. Üzeri **ara Kat**3+1**140 M2","Kiralık Daire","3 + 1","140 m²","26 Yaşında","5. Kat","Denizli / Pamukkale / 15 Mayıs Mah.","https://www.hepsiemlak.com/_nuxt/8cafc93fb5c74c75e9e04e528e02ccdf.jpg","","WhatsApp",""
"https://www.hepsiemlak.com/denizli-pamukkale-kinikli-kiralik/daire/134506-984","1 / 18","30.000","03/09/2026","Çamlık – Çamlaraltı Mahallesi'nde Kiralık Masrafsız 3+1 Daire","Kiralık Daire","3 + 1","155 m²","28 Yaşında","4. Kat","Denizli / Pamukkale / Kınıklı Mah.","https://www.hepsiemlak.com/_nuxt/8cafc93fb5c74c75e9e04e528e02ccdf.jpg","","WhatsApp",""
"https://www.hepsiemlak.com/denizli-pamukkale-kuspinar-kiralik/daire/148515-918","1 / 24","24.000","30/08/2026","H~k Gyo Kuşpınar Mh İnönü Cd Üzerinde Arakat Kocaman Kullanışlı Kombili 3+1 Kiralık Daire Arayanlar","Kiralık Daire","3 + 1","170 m²","30 Yaşında","3. Kat","Denizli / Pamukkale / Kuşpınar Mah.","https://www.hepsiemlak.com/_nuxt/8cafc93fb5c74c75e9e04e528e02ccdf.jpg","","WhatsApp",""
"https://www.hepsiemlak.com/denizli-merkezefendi-karahasanli-kiralik/daire/102131-54463","1 / 22","30.000","20/08/2026","Denizli Karahasanlı Mahallesinde Şehir Hastanesinin Karşısında Kiralık 2+1 Suit Eşyalı Daireler","Kiralık Daire","2 + 1","100 m²","Sıfır Bina","3. Kat","Denizli / Merkezefendi / Karahasanlı Mah.","https://www.hepsiemlak.com/_nuxt/8cafc93fb5c74c75e9e04e528e02ccdf.jpg","Yüksel Gayrimenkul","WhatsApp","https://www.hepsiemlak.com/_nuxt/8cafc93fb5c74c75e9e04e528e02ccdf.jpg"
"https://www.hepsiemlak.com/denizli-merkezefendi-selcuk-bey-kiralik/daire/171341-2","1 / 36","21.000","07/09/2026","Pare'den Evora Yanı Umut 2 Lerde Kiralık 3+1 Daire","Kiralık Daire","3 + 1","135 m²","11 Yaşında","3. Kat","Denizli / Merkezefendi / Selçuk Bey Mah.","https://www.hepsiemlak.com/_nuxt/8cafc93fb5c74c75e9e04e528e02ccdf.jpg","Pare Gayrimenkul","WhatsApp","https://www.hepsiemlak.com/_nuxt/8cafc93fb5c74c75e9e04e528e02ccdf.jpg"
"https://www.hepsiemlak.com/denizli-pamukkale-yunusemre-kiralik/daire/94398-5988","1 / 40","15.000","26/08/2026","+1'den Kınıklıda 120 M2 2+1/85 M2 1+1 Kiralık Daireler","Kiralık Daire","2 + 1","120 m²","6 Yaşında","Bodrum","Denizli / Pamukkale / Yunusemre Mah.","https://www.hepsiemlak.com/_nuxt/8cafc93fb5c74c75e9e04e528e02ccdf.jpg","Artı 1 Gayrimenkul","WhatsApp","https://www.hepsiemlak.com/_nuxt/8cafc93fb5c74c75e9e04e528e02ccdf.jpg"
"https://www.hepsiemlak.com/denizli-pamukkale-mehmetcik-kiralik/daire/140658-297","1 / 40","13.000","01/09/2026","Cerrahi Hastanesi Arkası 1+1 Eşyalı Depozito Yok","Kiralık Daire","1 + 1","50 m²","1 Yaşında","2. Kat","Denizli / Pamukkale / Mehmetçik Mah.","https://www.hepsiemlak.com/_nuxt/8cafc93fb5c74c75e9e04e528e02ccdf.jpg","Pars Gayrimenkul","WhatsApp","https://www.hepsiemlak.com/_nuxt/8cafc93fb5c74c75e9e04e528e02ccdf.jpg"
"https://www.hepsiemlak.com/denizli-pamukkale-hacikaplanlar-kiralik/daire/159501-188","1 / 34","17.000","05/09/2026","Depozitosuz Çınar'da Fırsat 3+1 Kiralık Daire","Kiralık Daire","3 + 1","140 m²","21 Yaşında","3. Kat","Denizli / Pamukkale / Hacıkaplanlar Mah.","","","WhatsApp",""
"https://www.hepsiemlak.com/denizli-pamukkale-atalar-kiralik/daire/15694-3983","1 / 28","16.000","15/08/2026","Laodikya Gayrimenkul'den Atalar Mahallesinde 4+1 Kiralık Daire","Kiralık Daire","4 + 1","130 m²","26 Yaşında","1. Kat","Denizli / Pamukkale / Atalar Mah.","https://hecdnnw.hemlak.com/mncropresize/77/67/logo/4/9/6/5/1/0/33193458-39d7-4838-ad1c-8e7fb7dc36a7.jpg","Laodikya Emlak","WhatsApp",""
"https://www.hepsiemlak.com/denizli-merkezefendi-merkez-efendi-kiralik/daire/133343-991","1 / 7","22.000","25/08/2026","Tekden Hastanesi Yanı 2+1","Kiralık Daire","2 + 1","90 m²","15 Yaşında","Bahçe Katı","Denizli / Merkezefendi / Merkez Efendi Mah.","https://hecdnnw.hemlak.com/mncropresize/77/67/logo/3/4/3/3/3/1/4de97290-5be1-4753-b608-9c8975b2e2d7.jpg","Frezya","WhatsApp",""
"https://www.hepsiemlak.com/denizli-pamukkale-feslegen-kiralik/daire/54417-799","1 / 28","15.000","01/09/2026","Fesleğen Mevki Arakat Asansörlü 2+1 Kiralık Apart","Kiralık Daire","2 + 1","60 m²","13 Yaşında","Ara Kat","Denizli / Pamukkale / Fesleğen Mah.","https://hecdn01.hemlak.com/mncropresize/182/137/ds01/4/7/1/6/8/1/7/4/45df6b1a-ba1f-4740-b03a-d9953d598916.jpg","","WhatsApp",""
"https://www.hepsiemlak.com/denizli-merkezefendi-sirakapilar-kiralik/daire/102793-2746","1 / 14","15.000","12/08/2026","Fark20'den Sırakapılar'da Kiralık 2,5+1 Daire","Kiralık Daire","2 + 1","145 m²","26 Yaşında","3. Kat","Denizli / Merkezefendi / Sırakapılar Mah.","https://www.hepsiemlak.com/_nuxt/8cafc93fb5c74c75e9e04e528e02ccdf.jpg","Fark 20 Emlak","WhatsApp",""
"https://www.hepsiemlak.com/denizli-merkezefendi-karahasanli-kiralik/daire/86543-2262","1 / 26","28.000","13/07/2026","Aybars'tan Yeni Hastane Karşısında Kiralık 2+1 Sıfır Daire","Kiralık Daire","2 + 1","90 m²","Sıfır Bina","2. Kat","Denizli / Merkezefendi / Karahasanlı Mah.","https://www.hepsiemlak.com/_nuxt/8cafc93fb5c74c75e9e04e528e02ccdf.jpg","Aybars Gayrimenkul","WhatsApp","https://www.hepsiemlak.com/_nuxt/8cafc93fb5c74c75e9e04e528e02ccdf.jpg"
"https://www.hepsiemlak.com/denizli-merkezefendi-kayalar-kiralik/daire/98859-528","1 / 26","40.000","28/08/2026","| Kiralık | Denizli | Aqua Cıty | 3 + 1 | Daire |","Kiralık Daire","3 + 1","160 m²","6 Yaşında","5. Kat","Denizli / Merkezefendi / Kayalar Mah.","https://www.hepsiemlak.com/_nuxt/8cafc93fb5c74c75e9e04e528e02ccdf.jpg","Mülk Gayrimenkul Yatırım","WhatsApp","https://www.hepsiemlak.com/_nuxt/8cafc93fb5c74c75e9e04e528e02ccdf.jpg"
"https://www.hepsiemlak.com/denizli-pamukkale-pelitlibag-kiralik/daire/81242-417","1 / 17","23.000","02/09/2026","Pelitlibağda 2+1 110 M2 5 Yıllık Yerden Isıtmalı Kiralık Daire","Kiralık Daire","2 + 1","120 m²","5 Yaşında","1. Kat","Denizli / Pamukkale / Pelitlibağ Mah.","https://www.hepsiemlak.com/_nuxt/8cafc93fb5c74c75e9e04e528e02ccdf.jpg","Mk Gayrımenkul","WhatsApp","https://www.hepsiemlak.com/_nuxt/8cafc93fb5c74c75e9e04e528e02ccdf.jpg"
"https://www.hepsiemlak.com/denizli-pamukkale-kinikli-kiralik/daire/54626-5835","1 / 20","30.000","22/08/2026","Kaan Emlaktan Kınıklıda 2+1 Arakat Full Eşyalı Apart.","Kiralık Daire","2 + 1","90 m²","6 Yaşında","1. Kat","Denizli / Pamukkale / Kınıklı Mah.","https://www.hepsiemlak.com/_nuxt/8cafc93fb5c74c75e9e04e528e02ccdf.jpg","","WhatsApp",""
"https://www.hepsiemlak.com/denizli-pamukkale-zumrut-kiralik/daire/127829-407","1 / 25","25.000","07/09/2026","Zümrüt Mahallesinde Kiralık 2+1 Asansörlü Daire","Kiralık Daire","2 + 1","100 m²","6 Yaşında","3. Kat","Denizli / Pamukkale / Zümrüt Mah.","https://www.hepsiemlak.com/_nuxt/8cafc93fb5c74c75e9e04e528e02ccdf.jpg","","WhatsApp",""
"https://www.hepsiemlak.com/denizli-pamukkale-asmalievler-kiralik/daire/4766-18849","1 / 8","14.000","08/09/2026","Ender Uysal Gayrimenkulden Asmalıevler De Klimalı Balkonlu 1+1 Kiralık Apart...","Kiralık Daire","1 + 1","45 m²","5 Yaşında","2. Kat","Denizli / Pamukkale / Asmalıevler Mah.","https://www.hepsiemlak.com/_nuxt/8cafc93fb5c74c75e9e04e528e02ccdf.jpg","","WhatsApp",""
"https://www.hepsiemlak.com/denizli-merkezefendi-semikler-kiralik/daire/152880-91","1 / 10","22.000","18/08/2026","Şemikler Doğal Yaşam Parkı Karşısı","Kiralık Daire","2 + 1","85 m²","Sıfır Bina","2. Kat","Denizli / Merkezefendi / Şemikler Mah.","https://www.hepsiemlak.com/_nuxt/8cafc93fb5c74c75e9e04e528e02ccdf.jpg","Yaylalı Gayrimenkul","WhatsApp","https://www.hepsiemlak.com/_nuxt/8cafc93fb5c74c75e9e04e528e02ccdf.jpg"
"https://www.hepsiemlak.com/denizli-pamukkale-zeytinkoy-kiralik/daire/159533-99","1 / 10","23.000","18/07/2026","Üniversite Karşısı Zeytinköyde 1+1 Lüxs Apart","Kiralık Daire","1 + 1","55 m²","1 Yaşında","2. Kat","Denizli / Pamukkale / Zeytinköy Mah.","https://www.hepsiemlak.com/_nuxt/8cafc93fb5c74c75e9e04e528e02ccdf.jpg","","WhatsApp",""
"https://www.hepsiemlak.com/denizli-pamukkale-asmalievler-kiralik/daire/133232-688","1 / 16","13.500","31/08/2026","Denizli Asmalıevler Üniversiteye Yürüme Mesafesinde Balkonlu Arakat Apart-Aidat Dahil","Kiralık Daire","1 + 1","55 m²","10 Yaşında","3. Kat","Denizli / Pamukkale / Asmalıevler Mah.","https://www.hepsiemlak.com/_nuxt/8cafc93fb5c74c75e9e04e528e02ccdf.jpg","","WhatsApp",""
"https://www.hepsiemlak.com/denizli-pamukkale-siteler-kiralik/daire/166616-121","1 / 16","20.000","05/08/2026","Ulus Caddesinde Form Çamlık Avm Yakını Kiralık Ofis & Daire","Kiralık Daire","2 + 1","130 m²","26 Yaşında","2. Kat","Denizli / Pamukkale / Siteler Mah.","https://www.hepsiemlak.com/_nuxt/8cafc93fb5c74c75e9e04e528e02ccdf.jpg","Nova Terra Gayrimenkul","WhatsApp","https://www.hepsiemlak.com/_nuxt/8cafc93fb5c74c75e9e04e528e02ccdf.jpg"
"https://www.hepsiemlak.com/denizli-merkezefendi-degirmenonu-kiralik/daire/140658-287","1 / 40","25.000","25/07/2026","Karaman Pazar Yeri Yakını 3+1 Arakat 150 M2 Ön Cephe","Kiralık Daire","3 + 1","160 m²","16 Yaşında","3. Kat","Denizli / Merkezefendi / Değirmenönü Mah.","https://www.hepsiemlak.com/_nuxt/8cafc93fb5c74c75e9e04e528e02ccdf.jpg","Pars Gayrimenkul","WhatsApp","https://www.hepsiemlak.com/_nuxt/8cafc93fb5c74c75e9e04e528e02ccdf.jpg"
"https://www.hepsiemlak.com/denizli-pamukkale-zeytinkoy-kiralik/daire/88741-199","1 / 23","12.000","19/08/2026","Zeytınkoy Cerrahı Hastahaesı Arkası 50m² 1+1 Esyalı Kıralık Apar","Kiralık Daire","1 + 1","50 m²","6 Yaşında","2. Kat","Denizli / Pamukkale / Zeytinköy Mah.","https://www.hepsiemlak.com/_nuxt/8cafc93fb5c74c75e9e04e528e02ccdf.jpg","","WhatsApp",""
"https://www.hepsiemlak.com/denizli-pamukkale-mehmetcik-kiralik/daire/49011-11427","1 / 21","27.000","04/09/2026","Binyapıdan Mehmetçikte Ara Kat İçi Yeni 3+1 Kiralık Daire Fırsat","Kiralık Daire","3 + 1","150 m²","21 Yaşında","2. Kat","Denizli / Pamukkale / Mehmetçik Mah.","https://www.hepsiemlak.com/_nuxt/8cafc93fb5c74c75e9e04e528e02ccdf.jpg","","WhatsApp",""
"https://www.hepsiemlak.com/denizli-merkezefendi-mehmet-akif-ersoy-kiralik/daire/137549-1997","1 / 9","21.000","11/08/2026","Tercih'ten Denipol Hastanesi Arkasında 2.5+1 Özel Bahçeli","Kiralık Daire","2 + 1","80 m²","Sıfır Bina","Bahçe Katı","Denizli / Merkezefendi / Mehmet Akif Ersoy Mah.","https://www.hepsiemlak.com/_nuxt/8cafc93fb5c74c75e9e04e528e02ccdf.jpg","Tercih Gayrimenkul","WhatsApp","https://www.hepsiemlak.com/_nuxt/8cafc93fb5c74c75e9e04e528e02ccdf.jpg"
"https://www.hepsiemlak.com/denizli-merkezefendi-karahasanli-kiralik/daire/124405-281","1 / 21","23.000","24/08/2026","Karahasanlı Sehır Hastanesı Yanı Kiralık Suıt Daıre","Kiralık Daire","2 + 1","60 m²","Sıfır Bina","2. Kat","Denizli / Merkezefendi / Karahasanlı Mah.","https://www.hepsiemlak.com/_nuxt/8cafc93fb5c74c75e9e04e528e02ccdf.jpg","Demirtaş Gayrimenkul","WhatsApp","https://www.hepsiemlak.com/_nuxt/8cafc93fb5c74c75e9e04e528e02ccdf.jpg"
"https://www.hepsiemlak.com/denizli-pamukkale-feslegen-kiralik/daire/165637-47","1 / 11","15.250","01/09/2026","Çınar'a Yakın Suluköprü Işıklarında 1+1 Balkonlu Kiralık Apart","Kiralık Daire","1 + 1","55 m²","4 Yaşında","4. Kat","Denizli / Pamukkale / Fesleğen Mah.","https://www.hepsiemlak.com/_nuxt/8cafc93fb5c74c75e9e04e528e02ccdf.jpg","Nestway Office İnşaat Emlak Galeri","WhatsApp","https://www.hepsiemlak.com/_nuxt/8cafc93fb5c74c75e9e04e528e02ccdf.jpg"
"https://www.hepsiemlak.com/denizli-pamukkale-kinikli-kiralik/daire/127829-398","1 / 25","13.500","01/09/2026","Kınıklı Kampüs Mevki Kiralık 1+1 Fırsat Bahçe Katı Apart","Kiralık Daire","1 + 1","45 m²","6 Yaşında","Bahçe Katı","Denizli / Pamukkale / Kınıklı Mah.","https://www.hepsiemlak.com/_nuxt/8cafc93fb5c74c75e9e04e528e02ccdf.jpg","","WhatsApp",""
"https://www.hepsiemlak.com/denizli-pamukkale-feslegen-kiralik/daire/150941-882","1 / 8","14.000","17/07/2026","Çınar A  Yürüme Mesafesinde Fırsat Kiralık","Kiralık Daire","1 + 1","45 m²","15 Yaşında","5. Kat","Denizli / Pamukkale / Fesleğen Mah.","https://www.hepsiemlak.com/_nuxt/8cafc93fb5c74c75e9e04e528e02ccdf.jpg","","WhatsApp",""
"https://www.hepsiemlak.com/denizli-pamukkale-feslegen-kiralik/daire/82422-337","1 / 11","15.000","27/07/2026","Fesleğen Mah'de 1+1 Full Eşyalı Teraslı Kiralık Dubleks Apart","Kiralık Daire","1 + 1","65 m²","5 Yaşında","2. Kat","Denizli / Pamukkale / Fesleğen Mah.","https://www.hepsiemlak.com/_nuxt/8cafc93fb5c74c75e9e04e528e02ccdf.jpg","İlkim Gayrimenkul","WhatsApp",""
"https://www.hepsiemlak.com/denizli-merkezefendi-gerzele-kiralik/daire/162589-545","1 / 18","23.000","12/08/2026","🏡 Gerzele'de Kiralık 1+1 Geniş Bahçeli Daire","Kiralık Daire","1 + 1","58 m²","4 Yaşında","Bahçe Katı","Denizli / Merkezefendi / Gerzele Mah.","https://hecdnnw.hemlak.com/mncropresize/77/67/logo/9/8/5/2/6/1/cbd6fba6-5d34-4967-b1fa-9e85247a0811.jpg","Toprak Dünyası Gayrimenkul","WhatsApp",""
"https://www.hepsiemlak.com/denizli-merkezefendi-karahasanli-kiralik/daire/151348-387","1 / 23","20.000","31/07/2026","Şehir Hastanesi Yakını Balkonlu Full Eşyalı 1+1 Apart","Kiralık Daire","1 + 1","50 m²","1 Yaşında","3. Kat","Denizli / Merkezefendi / Karahasanlı Mah.","https://hecdnnw.hemlak.com/mncropresize/77/67/logo/8/4/3/1/5/1/e7ab3ede-f3ba-4edd-a1fd-b07ae92d5895.jpg","Blue Sky Gayrimenkul","WhatsApp",""
"https://www.hepsiemlak.com/denizli-merkezefendi-gultepe-kiralik/daire/140742-918","1 / 26","27.000","01/08/2026","Remax Model Den Albayrak Meydanında Site İçerisinde 150m2 3+1 Kıralık Daire","Kiralık Daire","3 + 1","150 m²","16 Yaşında","4. Kat","Denizli / Merkezefendi / Gültepe Mah.","https://hecdnnw.hemlak.com/mncropresize/77/67/logo/2/4/7/0/4/1/53e0ba3f-4b66-4917-976e-f0430701af7b.jpg","Remax Model 2","WhatsApp","https://hecdnnw.hemlak.com/mncropresize/77/67/firmuser/2/3/7/9/4/9/3/fab70014-e97a-4447-a762-d1b523a9f9a7.jpg"
"https://www.hepsiemlak.com/denizli-merkezefendi-merkez-efendi-kiralik/daire/140658-276","1 / 40","15.000","15/07/2026","Denipol Hastanesi Yakını 2+1 Sıfır Eşyalı Apart","Kiralık Daire","2 + 1","65 m²","Sıfır Bina","Bahçe Katı","Denizli / Merkezefendi / Merkez Efendi Mah.","https://hecdn01.hemlak.com/mncropresize/182/137/ds01/5/1/1/4/4/9/6/4/c339f3ce-afb8-4a0f-ab52-41eac8535d77.jpg","Pars Gayrimenkul","WhatsApp","https://hecdnnw.hemlak.com/mncropresize/77/67/logo/8/5/6/0/4/1/d4d8686a-14ca-433a-a6b9-ce35b69893cf.jpg"
"https://www.hepsiemlak.com/denizli-merkezefendi-karahasanli-kiralik/daire/120473-327","1 / 19","19.500","08/09/2026","Hastaneye 100metre *arakat*1+1*sıfır Eşyalı Apart","Kiralık Daire","1 + 1","50 m²","Sıfır Bina","1. Kat","Denizli / Merkezefendi / Karahasanlı Mah.","https://www.hepsiemlak.com/_nuxt/8cafc93fb5c74c75e9e04e528e02ccdf.jpg","Luin Zera Gayrimenkul","WhatsApp","https://www.hepsiemlak.com/img/loadings/noImage55-55.png"
"https://www.hepsiemlak.com/denizli-merkezefendi-selcuk-bey-kiralik/daire/91390-2559","1 / 35","42.000","12/08/2026","Şehzade'den Selçukbey Mah.Geniş,Ferah 4+1 Kiralık Daire","Kiralık Daire","4 + 1","235 m²","11 Yaşında","3. Kat","Denizli / Merkezefendi / Selçuk Bey Mah.","https://www.hepsiemlak.com/_nuxt/8cafc93fb5c74c75e9e04e528e02ccdf.jpg","Şehzade Gayrimenkul","WhatsApp","https://www.hepsiemlak.com/_nuxt/8cafc93fb5c74c75e9e04e528e02ccdf.jpg"
"https://www.hepsiemlak.com/denizli-merkezefendi-akkonak-kiralik/daire/159501-209","1 / 12","19.000","24/08/2026","Denizli Akkonak Mh. Kiralık Daire","Kiralık Daire","2 + 1","125 m²","10 Yaşında","Ara Kat","Denizli / Merkezefendi / Akkonak Mah.","https://www.hepsiemlak.com/_nuxt/8cafc93fb5c74c75e9e04e528e02ccdf.jpg","","WhatsApp",""
"https://www.hepsiemlak.com/denizli-pamukkale-yunusemre-kiralik/daire/134506-1010","1 / 12","21.000","03/09/2026","Yunusemre Mahallesi’nde Kiralık 1+1 Apart","Kiralık Daire","1 + 1","55 m²","Sıfır Bina","En Üst Kat","Denizli / Pamukkale / Yunusemre Mah.","https://www.hepsiemlak.com/_nuxt/8cafc93fb5c74c75e9e04e528e02ccdf.jpg","","WhatsApp",""
"https://www.hepsiemlak.com/denizli-pamukkale-atalar-kiralik/daire/15694-4007","1 / 22","13.500","15/08/2026","Laodikya Gayrimenkulden Atalar Mh 2+1 120 M2 Kiralık Daire","Kiralık Daire","2 + 1","125 m²","26 Yaşında","2. Kat","Denizli / Pamukkale / Atalar Mah.","https://www.hepsiemlak.com/_nuxt/8cafc93fb5c74c75e9e04e528e02ccdf.jpg","Laodikya Emlak","WhatsApp","https://www.hepsiemlak.com/_nuxt/8cafc93fb5c74c75e9e04e528e02ccdf.jpg"
"https://www.hepsiemlak.com/denizli-merkezefendi-kayalar-kiralik/daire/98859-492","1 / 22","20.500","28/08/2026","| Kiralık | Sinpaş | Aqua Cıty | 1 + 1 | Daire |","Kiralık Daire","1 + 1","80 m²","6 Yaşında","21 ve üzeri","Denizli / Merkezefendi / Kayalar Mah.","https://www.hepsiemlak.com/_nuxt/8cafc93fb5c74c75e9e04e528e02ccdf.jpg","Mülk Gayrimenkul Yatırım","WhatsApp","https://www.hepsiemlak.com/_nuxt/8cafc93fb5c74c75e9e04e528e02ccdf.jpg"
"https://www.hepsiemlak.com/denizli-merkezefendi-selcuk-bey-kiralik/daire/49011-11419","1 / 21","25.000","26/08/2026","Binyapıdan Selçukbey K.Arslan Parkı Yakını Ara Kat Kiralık Daire","Kiralık Daire","3 + 1","135 m²","21 Yaşında","2. Kat","Denizli / Merkezefendi / Selçuk Bey Mah.","https://www.hepsiemlak.com/_nuxt/8cafc93fb5c74c75e9e04e528e02ccdf.jpg","","WhatsApp",""
"https://www.hepsiemlak.com/denizli-pamukkale-15-mayis-kiralik/daire/81242-424","1 / 13","13.000","01/09/2026","Çınar Ptt Altı Kiralıkapart","Kiralık Daire","1 + 1","60 m²","6 Yaşında","2. Kat","Denizli / Pamukkale / 15 Mayıs Mah.","https://www.hepsiemlak.com/_nuxt/8cafc93fb5c74c75e9e04e528e02ccdf.jpg","Mk Gayrımenkul","WhatsApp","https://www.hepsiemlak.com/_nuxt/8cafc93fb5c74c75e9e04e528e02ccdf.jpg"
"https://www.hepsiemlak.com/denizli-merkezefendi-karahasanli-kiralik/daire/137257-2453","1 / 26","55.000","16/07/2026","Demirler'den Karahasanlı'da Havuzlu Ebv.Banyolu 3.5+1 Kiralık","Kiralık Daire","3 + 1","190 m²","Sıfır Bina","1. Kat","Denizli / Merkezefendi / Karahasanlı Mah.","https://www.hepsiemlak.com/_nuxt/8cafc93fb5c74c75e9e04e528e02ccdf.jpg","","WhatsApp",""
"https://www.hepsiemlak.com/denizli-honaz-gurleyik-kiralik/daire/0-46840628","1 / 20","17.000","28/06/2026","Sahibinden, Sıfır, 3+1, Ara Kat, Güney Cephe","Kiralık Daire","3 + 1","106 m²","Sıfır Bina","2. Kat","Denizli / Honaz / Gürleyik Mah.","https://www.hepsiemlak.com/_nuxt/8cafc93fb5c74c75e9e04e528e02ccdf.jpg","","WhatsApp",""
"https://www.hepsiemlak.com/denizli-merkezefendi-karahasanli-kiralik/daire/79583-1654","1 / 37","35.000","24/08/2026","Exper'den Şehir Hastahanesinde Ultra Lüx 2+1 Kiralık Rezidans","Kiralık Daire","2 + 1","77 m²","Sıfır Bina","4. Kat","Denizli / Merkezefendi / Karahasanlı Mah.","https://www.hepsiemlak.com/_nuxt/8cafc93fb5c74c75e9e04e528e02ccdf.jpg","Exper Gayrimenkul","WhatsApp","https://www.hepsiemlak.com/_nuxt/8cafc93fb5c74c75e9e04e528e02ccdf.jpg"
"https://www.hepsiemlak.com/denizli-merkezefendi-semikler-kiralik/daire/168983-29","1 / 57","25.000","08/07/2026","Arakat Balkonlu 55-60 M² Butik Suit Daireler │ Egǝ Yatırım","Kiralık Daire","1 + 1","55 m²","Sıfır Bina","2. Kat","Denizli / Merkezefendi / Şemikler Mah.","https://www.hepsiemlak.com/_nuxt/8cafc93fb5c74c75e9e04e528e02ccdf.jpg","","WhatsApp",""
"https://www.hepsiemlak.com/denizli-pamukkale-atalar-kiralik/daire/154395-4","1 / 26","18.000","11/08/2026","Atalar’da Temiz Kiralık Daire","Kiralık Daire","3 + 1","130 m²","20 Yaşında","Ara Kat","Denizli / Pamukkale / Atalar Mah.","https://www.hepsiemlak.com/_nuxt/8cafc93fb5c74c75e9e04e528e02ccdf.jpg","Çağatay Emlak","WhatsApp","https://www.hepsiemlak.com/_nuxt/8cafc93fb5c74c75e9e04e528e02ccdf.jpg"
"https://www.hepsiemlak.com/denizli-pamukkale-atalar-kiralik/daire/109302-127","1 / 11","13.000","19/07/2026","Denizli Atalar Mevki 1+1 Apartımız Kiralıktır","Kiralık Daire","1 + 1","55 m²","5 Yaşında","2. Kat","Denizli / Pamukkale / Atalar Mah.","https://www.hepsiemlak.com/_nuxt/8cafc93fb5c74c75e9e04e528e02ccdf.jpg","Çivrilli Emlak","WhatsApp","https://www.hepsiemlak.com/_nuxt/8cafc93fb5c74c75e9e04e528e02ccdf.jpg"
"https://www.hepsiemlak.com/denizli-pamukkale-yunusemre-kiralik/daire/88741-203","1 / 21","20.000","02/09/2026","Kınıklı Bursa Caddesınde 75m² 2+1 Ful Eşyalı Kıralık Apart","Kiralık Daire","2 + 1","75 m²","6 Yaşında","3. Kat","Denizli / Pamukkale / Yunusemre Mah.","https://www.hepsiemlak.com/_nuxt/8cafc93fb5c74c75e9e04e528e02ccdf.jpg","","WhatsApp",""
"https://www.hepsiemlak.com/denizli-merkezefendi-cakmak-kiralik/daire/127829-391","1 / 24","28.000","01/09/2026","Denizli Çakmak'ta Güzel Lokasyonda Kiralık Dubleks Geniş 2+1 Daire","Kiralık Daire","2 + 1","130 m²","13 Yaşında","2. Kat","Denizli / Merkezefendi / Çakmak Mah.","https://www.hepsiemlak.com/_nuxt/8cafc93fb5c74c75e9e04e528e02ccdf.jpg","","WhatsApp",""
"https://www.hepsiemlak.com/denizli-merkezefendi-bahcelievler-kiralik/daire/150342-30","1 / 16","25.000","02/09/2026","29 Ekim Bulvarında Kiralık 1+1 Ada Mutfaklı Eşyalı Apart","Kiralık Daire","1 + 1","60 m²","6 Yaşında","5. Kat","Denizli / Merkezefendi / Bahçelievler Mah.","https://www.hepsiemlak.com/_nuxt/8cafc93fb5c74c75e9e04e528e02ccdf.jpg","","WhatsApp",""
"https://www.hepsiemlak.com/denizli-merkezefendi-kayalar-kiralik/daire/120473-323","1 / 18","25.000","09/09/2026","Kayaköy Toki Ga Blok Arakat*2+1* Ebebeyn Banyolu Daire","Kiralık Daire","2 + 1","106 m²","5 Yaşında","4. Kat","Denizli / Merkezefendi / Kayalar Mah.","https://www.hepsiemlak.com/_nuxt/8cafc93fb5c74c75e9e04e528e02ccdf.jpg","Luin Zera Gayrimenkul","WhatsApp","https://www.hepsiemlak.com/img/loadings/noImage55-55.png"
"https://www.hepsiemlak.com/denizli-merkezefendi-saraylar-kiralik/daire/129038-855","1 / 9","20.000","07/09/2026","Saraylar'da Ofis/yaşam Alanına Çok Uygun 1+1 /0 Apart Kiralıktır","Kiralık Daire","1 + 1","50 m²","Sıfır Bina","4. Kat","Denizli / Merkezefendi / Saraylar Mah.","https://www.hepsiemlak.com/_nuxt/8cafc93fb5c74c75e9e04e528e02ccdf.jpg","Neslihan Emlak & Yatırım Danışmanlığı","WhatsApp","https://www.hepsiemlak.com/_nuxt/8cafc93fb5c74c75e9e04e528e02ccdf.jpg"
"https://www.hepsiemlak.com/denizli-merkezefendi-adalet-kiralik/daire/91390-2622","1 / 33","48.000","28/07/2026","Şehzade'den Adalet'te 3+1 Kullanışlı Lüks Kiralık Daire","Kiralık Daire","3 + 1","190 m²","3 Yaşında","4. Kat","Denizli / Merkezefendi / Adalet Mah.","https://www.hepsiemlak.com/_nuxt/8cafc93fb5c74c75e9e04e528e02ccdf.jpg","Şehzade Gayrimenkul","WhatsApp","https://www.hepsiemlak.com/_nuxt/8cafc93fb5c74c75e9e04e528e02ccdf.jpg"
"https://www.hepsiemlak.com/denizli-pamukkale-mehmetcik-kiralik/daire/140742-932","1 / 14","27.000","29/08/2026","Remax Model Den Mehmetçik Mahallesınde 3+1 Kıralık Dubleks Daire","Kiralık Daire","3 + 1","160 m²","9 Yaşında","Zemin","Denizli / Pamukkale / Mehmetçik Mah.","https://hecdnnw.hemlak.com/mncropresize/77/67/logo/2/4/7/0/4/1/53e0ba3f-4b66-4917-976e-f0430701af7b.jpg","Remax Model 2","WhatsApp","https://hecdnnw.hemlak.com/mncropresize/77/67/firmuser/2/3/7/9/4/9/3/fab70014-e97a-4447-a762-d1b523a9f9a7.jpg"
"https://www.hepsiemlak.com/denizli-merkezefendi-muratdede-kiralik/daire/159501-207","1 / 11","13.000","13/08/2026","Denizli Muratdede Mh. Kiralık Apart","Kiralık Daire","1 + 1","50 m²","5 Yaşında","3. Kat","Denizli / Merkezefendi / Muratdede Mah.","","","WhatsApp",""
"https://www.hepsiemlak.com/denizli-merkezefendi-gumuscay-kiralik/daire/94398-5965","1 / 19","27.000","31/08/2026","+1'den Gümüşler Bulvarına Yakın Kiralık Arakat 3+1 Daire","Kiralık Daire","3 + 1","170 m²","6 Yaşında","2. Kat","Denizli / Merkezefendi / Gümüşçay Mah.","https://hecdnnw.hemlak.com/mncropresize/77/67/logo/8/9/3/4/9/0/1c30e048-c87e-4aa4-8855-f77710d5daf1.jpg","Artı 1 Gayrimenkul","WhatsApp",""
"https://www.hepsiemlak.com/denizli-pamukkale-zeytinkoy-kiralik/daire/133343-961","1 / 35","10.000","18/07/2026","Zeytinköy Mahallesinde Kiralık Bahçe Katı 2+1 Daire","Kiralık Daire","2 + 1","110 m²","20 Yaşında","Bahçe Katı","Denizli / Pamukkale / Zeytinköy Mah.","https://hecdn01.hemlak.com/mncropresize/182/137/ds01/7/7/8/1/3/9/6/4/d29ba7ab-19e4-4749-854a-104df1043150.jpg","Frezya","WhatsApp","https://hecdnnw.hemlak.com/mncropresize/77/67/logo/3/4/3/3/3/1/4de97290-5be1-4753-b608-9c8975b2e2d7.jpg"
"https://www.hepsiemlak.com/denizli-merkezefendi-kayalar-kiralik/daire/122219-658","1 / 17","19.000","10/08/2026","Çizim'den Kayaköy Tokilerde 2+1 Ara Kat Kiralık Daire","Kiralık Daire","2 + 1","100 m²","6 Yaşında","2. Kat","Denizli / Merkezefendi / Kayalar Mah.","https://www.hepsiemlak.com/_nuxt/8cafc93fb5c74c75e9e04e528e02ccdf.jpg","","WhatsApp",""
"https://www.hepsiemlak.com/denizli-merkezefendi-selcuk-bey-kiralik/daire/79583-1651","1 / 53","70.000","20/06/2026","Selçukbey'de 3.5+1 Konsept Sitede Kiralık Önü Açık Sıfır Daire","Kiralık Daire","3 + 1","220 m²","Sıfır Bina","4. Kat","Denizli / Merkezefendi / Selçuk Bey Mah.","https://www.hepsiemlak.com/_nuxt/8cafc93fb5c74c75e9e04e528e02ccdf.jpg","Exper Gayrimenkul","WhatsApp","https://www.hepsiemlak.com/_nuxt/8cafc93fb5c74c75e9e04e528e02ccdf.jpg"
"https://www.hepsiemlak.com/denizli-merkezefendi-selcuk-bey-kiralik/daire/168983-28","1 / 60","28.000","08/07/2026","Bahçeli Ve Balkonlu 55-60 M² Butik Suit Daireler │ Egǝ Yatırım","Kiralık Daire","1 + 1","65 m²","Sıfır Bina","Bahçe Katı","Denizli / Merkezefendi / Selçuk Bey Mah.","https://www.hepsiemlak.com/_nuxt/8cafc93fb5c74c75e9e04e528e02ccdf.jpg","","WhatsApp",""
"https://www.hepsiemlak.com/denizli-pamukkale-hacikaplanlar-kiralik/daire/109302-122","1 / 11","16.000","19/07/2026","Denizli Hacıkaplanlar Mevki 3+1 Dairemiz Kiralık","Kiralık Daire","3 + 1","135 m²","31 Yaşında","6. Kat","Denizli / Pamukkale / Hacıkaplanlar Mah.","https://www.hepsiemlak.com/_nuxt/8cafc93fb5c74c75e9e04e528e02ccdf.jpg","Çivrilli Emlak","WhatsApp","https://www.hepsiemlak.com/_nuxt/8cafc93fb5c74c75e9e04e528e02ccdf.jpg"
"https://www.hepsiemlak.com/denizli-pamukkale-mehmetcik-kiralik/daire/46851-944","1 / 17","15.000","28/08/2026","Mehmetçik Mah.Kıbrıs Şeh.Cad.'nde 2+1+teras,100m2.,Doğalgaz Kombi Kaloriferli Asansörlü Eşyalı","Kiralık Daire","2 + 1","100 m²","20 Yaşında","Çatı Katı","Denizli / Pamukkale / Mehmetçik Mah.","https://www.hepsiemlak.com/_nuxt/8cafc93fb5c74c75e9e04e528e02ccdf.jpg","","WhatsApp",""
"https://www.hepsiemlak.com/denizli-merkezefendi-karahasanli-kiralik/daire/124405-298","1 / 13","27.000","24/08/2026","Karahasanlıda Kiralık Arakat Daıre","Kiralık Daire","2 + 1","95 m²","3 Yaşında","2. Kat","Denizli / Merkezefendi / Karahasanlı Mah.","https://www.hepsiemlak.com/_nuxt/8cafc93fb5c74c75e9e04e528e02ccdf.jpg","Demirtaş Gayrimenkul","WhatsApp","https://www.hepsiemlak.com/_nuxt/8cafc93fb5c74c75e9e04e528e02ccdf.jpg"
"https://www.hepsiemlak.com/denizli-pamukkale-pelitlibag-kiralik/daire/0-46404732","1 / 12","19.500","10/07/2026","Sahibinden Kiralık Daire","Kiralık Daire","2 + 1","100 m²","7 Yaşında","Yüksek Giriş","Denizli / Pamukkale / Pelitlibağ Mah.","https://www.hepsiemlak.com/_nuxt/8cafc93fb5c74c75e9e04e528e02ccdf.jpg","","WhatsApp",""
"https://www.hepsiemlak.com/denizli-pamukkale-topraklik-kiralik/daire/49011-11426","1 / 18","19.000","02/09/2026","Binyapıdan Topraklık Konservatuar Yakını Ara Kat Asansörlü Daire","Kiralık Daire","2 + 1","95 m²","6 Yaşında","3. Kat","Denizli / Pamukkale / Topraklık Mah.","https://www.hepsiemlak.com/_nuxt/8cafc93fb5c74c75e9e04e528e02ccdf.jpg","","WhatsApp",""
"https://www.hepsiemlak.com/denizli-merkezefendi-karahasanli-kiralik/daire/102131-54571","1 / 60","20.000","30/08/2026","Denizli Karahasanlı Da 2+1 Eşyalı Eşyasız Şehir Hastanesine 1 Dk Mesafede Fırsat Kiralık Apartlar","Kiralık Daire","2 + 1","80 m²","Sıfır Bina","1. Kat","Denizli / Merkezefendi / Karahasanlı Mah.","https://www.hepsiemlak.com/_nuxt/8cafc93fb5c74c75e9e04e528e02ccdf.jpg","Yüksel Gayrimenkul","WhatsApp","https://www.hepsiemlak.com/_nuxt/8cafc93fb5c74c75e9e04e528e02ccdf.jpg"
"https://www.hepsiemlak.com/denizli-merkezefendi-degirmenonu-kiralik/daire/127829-402","1 / 23","17.500","06/09/2026","Denizli Değirmenönü Mah.'de 2+1 100 M2 Kiralık Daire","Kiralık Daire","2 + 1","110 m²","16 Yaşında","2. Kat","Denizli / Merkezefendi / Değirmenönü Mah.","https://www.hepsiemlak.com/_nuxt/8cafc93fb5c74c75e9e04e528e02ccdf.jpg","","WhatsApp",""
"https://www.hepsiemlak.com/denizli-pamukkale-15-mayis-kiralik/daire/125019-689","1 / 23","20.000","10/09/2026","City20'den 15 Mayıs'ta Lüks Konsept! 110m² Geniş 2+0 Dubleks","Kiralık Daire","2 + 0","110 m²","5 Yaşında","4. Kat","Denizli / Pamukkale / 15 Mayıs Mah.","https://www.hepsiemlak.com/_nuxt/8cafc93fb5c74c75e9e04e528e02ccdf.jpg","","WhatsApp",""
"https://www.hepsiemlak.com/denizli-pamukkale-atalar-kiralik/daire/54626-5806","1 / 35","16.500","09/09/2026","Kaan Emlaktan Delikliçınara Yakın 3+1 Masrafsız Kiralık Daire","Kiralık Daire","3 + 1","165 m²","21 Yaşında","4. Kat","Denizli / Pamukkale / Atalar Mah.","https://www.hepsiemlak.com/_nuxt/8cafc93fb5c74c75e9e04e528e02ccdf.jpg","","WhatsApp",""
"https://www.hepsiemlak.com/denizli-merkezefendi-gultepe-kiralik/daire/120473-318","1 / 31","26.000","28/07/2026","Gültepe Albayrak /naz Bayrak Ortasında Site İçinde Kiralık Daire","Kiralık Daire","3 + 1","160 m²","21 Yaşında","4. Kat","Denizli / Merkezefendi / Gültepe Mah.","https://www.hepsiemlak.com/_nuxt/8cafc93fb5c74c75e9e04e528e02ccdf.jpg","Luin Zera Gayrimenkul","WhatsApp","https://www.hepsiemlak.com/img/loadings/noImage55-55.png"
"https://www.hepsiemlak.com/denizli-merkezefendi-karaman-kiralik/daire/162589-566","1 / 12","20.000","09/09/2026","Karamanda Kiralık 2+1 Eşyalı Daire","Kiralık Daire","2 + 1","75 m²","5 Yaşında","Yüksek Giriş","Denizli / Merkezefendi / Karaman Mah.","https://www.hepsiemlak.com/_nuxt/8cafc93fb5c74c75e9e04e528e02ccdf.jpg","Toprak Dünyası Gayrimenkul","WhatsApp","https://www.hepsiemlak.com/_nuxt/8cafc93fb5c74c75e9e04e528e02ccdf.jpg"
"https://www.hepsiemlak.com/denizli-pamukkale-15-mayis-kiralik/daire/122348-284","1 / 9","17.000","03/09/2026","Denizli 15 Mayıs Mh. Kiralık Apart","Kiralık Daire","1 + 1","50 m²","3 Yaşında","2. Kat","Denizli / Pamukkale / 15 Mayıs Mah.","https://www.hepsiemlak.com/_nuxt/8cafc93fb5c74c75e9e04e528e02ccdf.jpg","Eva Port Gayrimenkul","WhatsApp","https://www.hepsiemlak.com/_nuxt/8cafc93fb5c74c75e9e04e528e02ccdf.jpg"
"https://www.hepsiemlak.com/denizli-merkezefendi-goveclik-kiralik/mustakil-ev/159501-206","1 / 11","20.000","24/08/2026","Denizli Göveçlik Mh. Kiralık Müstakil Ev","Kiralık Müstakil Ev","1 + 1","75 m²","2 Yaşında","","Denizli / Merkezefendi / Göveçlik Mah.","https://www.hepsiemlak.com/_nuxt/8cafc93fb5c74c75e9e04e528e02ccdf.jpg","","WhatsApp",""
"https://www.hepsiemlak.com/denizli-pamukkale-zeytinkoy-kiralik/daire/4766-18820","1 / 18","20.000","01/09/2026","Ender Uysaldan Zeytinköy De 2+1 Klimalı Asansörlü Lüx Eşyalı Apart..","Kiralık Daire","2 + 1","65 m²","2 Yaşında","3. Kat","Denizli / Pamukkale / Zeytinköy Mah.","https://www.hepsiemlak.com/_nuxt/8cafc93fb5c74c75e9e04e528e02ccdf.jpg","","WhatsApp",""
"https://www.hepsiemlak.com/denizli-pamukkale-zeytinkoy-kiralik/daire/164830-112","1 / 29","37.500","08/09/2026","Zeytinköy Mah. Paü - Öğretmenevi Yakını 3+1 Lüks Daire","Kiralık Daire","3 + 1","150 m²","3 Yaşında","3. Kat","Denizli / Pamukkale / Zeytinköy Mah.","https://www.hepsiemlak.com/_nuxt/8cafc93fb5c74c75e9e04e528e02ccdf.jpg","Birikim Gayrimenkul","WhatsApp","https://www.hepsiemlak.com/_nuxt/8cafc93fb5c74c75e9e04e528e02ccdf.jpg"
"https://www.hepsiemlak.com/denizli-pamukkale-asmalievler-kiralik/daire/168983-2","1 / 54","18.500","19/08/2026","Pamukkale Üni. Yürüyüş Mesafesinde 2+1 Bahçe Katı Kiralık","Kiralık Daire","2 + 1","120 m²","6 Yaşında","Bahçe Katı","Denizli / Pamukkale / Asmalıevler Mah.","https://www.hepsiemlak.com/_nuxt/8cafc93fb5c74c75e9e04e528e02ccdf.jpg","","WhatsApp",""
"https://www.hepsiemlak.com/denizli-merkezefendi-mehmet-akif-ersoy-kiralik/daire/133343-922","1 / 31","17.000","10/09/2026","Tapu & Adliye Binalarına Yakın Kiralık 1+1 Eşyalı Apart","Kiralık Daire","1 + 1","45 m²","5 Yaşında","1. Kat","Denizli / Merkezefendi / Mehmet Akif Ersoy Mah.","https://www.hepsiemlak.com/_nuxt/8cafc93fb5c74c75e9e04e528e02ccdf.jpg","Frezya","WhatsApp","https://www.hepsiemlak.com/_nuxt/8cafc93fb5c74c75e9e04e528e02ccdf.jpg"
"https://www.hepsiemlak.com/denizli-merkezefendi-mehmet-akif-ersoy-kiralik/daire/163480-146","1 / 24","23.500","13/06/2026","29ekim Bulvarı Cd Üzeri Denipol,Tekden,Tapu,Adliye Yakını Apart","Kiralık Daire","2 + 1","120 m²","4 Yaşında","2. Kat","Denizli / Merkezefendi / Mehmet Akif Ersoy Mah.","","","WhatsApp",""
"https://www.hepsiemlak.com/denizli-merkezefendi-karahasanli-kiralik/daire/161737-87","1 / 30","25.000","07/09/2026","İyi-Ki""den Kiralık Yeşil Alan Cepheli Şehir Hastanesi 50 Mtr","Kiralık Daire","2 + 1","85 m²","Sıfır Bina","4. Kat","Denizli / Merkezefendi / Karahasanlı Mah.","","","WhatsApp",""
"https://www.hepsiemlak.com/denizli-merkezefendi-akkonak-kiralik/daire/64407-3638","1 / 20","18.000","07/08/2026","Akkonak'da Kiralık 3+1 Yüksek Giriş Ferah Daire Aileye Göre Nezih Bir Yaşam","Kiralık Daire","3 + 1","145 m²","22 Yaşında","Yüksek Giriş","Denizli / Merkezefendi / Akkonak Mah.","","","WhatsApp",""
"https://www.hepsiemlak.com/denizli-merkezefendi-karahasanli-kiralik/daire/91390-2612","1 / 31","22.000","13/07/2026","Şehzade'den Karahasanlı Şehir Hastanesi Yakını 1+1 Eşyalı Daire","Kiralık Daire","1 + 1","55 m²","Sıfır Bina","4. Kat","Denizli / Merkezefendi / Karahasanlı Mah.","https://hecdn01.hemlak.com/mncropresize/182/137/ds01/8/5/2/8/2/9/6/4/afafb15e-6d57-4806-978e-ed1185a0b6d0.jpg","Şehzade Gayrimenkul","WhatsApp","https://hecdnnw.hemlak.com/mncropresize/77/67/logo/0/9/3/1/9/0/bfee13a9-551f-449b-af4e-f8c151ea47a9.jpg"
"https://www.hepsiemlak.com/denizli-pamukkale-hacikaplanlar-kiralik/daire/0-46919164","1 / 10","14.000","31/08/2026","Sahibinden Çınara Yakın Eşyalı Kiralık 1+1 Kombili Ara Kat Daire","Kiralık Daire","1 + 1","65 m²","5 Yaşında","2. Kat","Denizli / Pamukkale / Hacıkaplanlar Mah.","https://www.hepsiemlak.com/_nuxt/8cafc93fb5c74c75e9e04e528e02ccdf.jpg","","WhatsApp",""
"https://www.hepsiemlak.com/denizli-merkezefendi-degirmenonu-kiralik/mustakil-ev/0-42852743","1 / 10","13.000","06/09/2026","Sahibinden Lisede Eşyalı Bakımlı  Doğalgazlı Müstakil Daire","Kiralık Müstakil Ev","2 + 2","250 m²","55 Yaşında","","Denizli / Merkezefendi / Değirmenönü Mah.","https://www.hepsiemlak.com/_nuxt/8cafc93fb5c74c75e9e04e528e02ccdf.jpg","","WhatsApp",""
"https://www.hepsiemlak.com/denizli-merkezefendi-degirmenonu-kiralik/daire/140742-934","1 / 13","30.000","04/08/2026","Remax Model Den Çaybaşı Camii Yakınında 3+1 Eşyalı Kiralık Daire","Kiralık Daire","3 + 1","140 m²","28 Yaşında","2. Kat","Denizli / Merkezefendi / Değirmenönü Mah.","https://www.hepsiemlak.com/_nuxt/8cafc93fb5c74c75e9e04e528e02ccdf.jpg","Remax Model 2","WhatsApp","https://www.hepsiemlak.com/_nuxt/8cafc93fb5c74c75e9e04e528e02ccdf.jpg"
"https://www.hepsiemlak.com/denizli-merkezefendi-adalet-kiralik/daire/150342-31","1 / 13","30.000","02/09/2026","Adalet Mahallesi Kiralık 2+1 Full Eşyalı Apart","Kiralık Daire","2 + 1","70 m²","Sıfır Bina","1. Kat","Denizli / Merkezefendi / Adalet Mah.","https://www.hepsiemlak.com/_nuxt/8cafc93fb5c74c75e9e04e528e02ccdf.jpg","","WhatsApp",""
"https://www.hepsiemlak.com/denizli-pamukkale-atalar-kiralik/daire/113603-247","1 / 8","12.000","31/07/2026","Atalar'da Arakat Klimalı Asansörlü Ön Cephe Full Eşyalı 1+1 Apart","Kiralık Daire","1 + 1","45 m²","7 Yaşında","3. Kat","Denizli / Pamukkale / Atalar Mah.","https://www.hepsiemlak.com/_nuxt/8cafc93fb5c74c75e9e04e528e02ccdf.jpg","","WhatsApp",""
"https://www.hepsiemlak.com/denizli-pamukkale-zeytinkoy-kiralik/daire/137304-1206","1 / 12","12.000","10/09/2026","Bağbaşı Zeytinköy Mah.Ful Eşyalı 1+1 Kiralık Apart.","Kiralık Daire","1 + 1","50 m²","6 Yaşında","2. Kat","Denizli / Pamukkale / Zeytinköy Mah.","https://www.hepsiemlak.com/_nuxt/8cafc93fb5c74c75e9e04e528e02ccdf.jpg","Şahin Gayrimenkul","WhatsApp","https://www.hepsiemlak.com/_nuxt/8cafc93fb5c74c75e9e04e528e02ccdf.jpg"
"https://www.hepsiemlak.com/denizli-pamukkale-zeytinkoy-kiralik/daire/114846-899","1 / 22","18.000","13/06/2026","Üniversite Yakını Ara Kat Balkonlu -Klimalı-Lüx Eşyalı 1+1 Apart","Kiralık Daire","1 + 1","55 m²","4 Yaşında","2. Kat","Denizli / Pamukkale / Zeytinköy Mah.","https://www.hepsiemlak.com/_nuxt/8cafc93fb5c74c75e9e04e528e02ccdf.jpg","Emlaxstore","WhatsApp","https://www.hepsiemlak.com/_nuxt/8cafc93fb5c74c75e9e04e528e02ccdf.jpg"
"https://www.hepsiemlak.com/denizli-merkezefendi-karahasanli-kiralik/daire/102131-54570","1 / 59","18.000","30/08/2026","Denizli Karahasanlı Da 1+1 Eşyalı-Eşyasız Şehir Hastanesine Yakın Fırsat Kiralık Apartlar","Kiralık Daire","1 + 1","70 m²","Sıfır Bina","1. Kat","Denizli / Merkezefendi / Karahasanlı Mah.","https://www.hepsiemlak.com/_nuxt/8cafc93fb5c74c75e9e04e528e02ccdf.jpg","Yüksel Gayrimenkul","WhatsApp","https://www.hepsiemlak.com/_nuxt/8cafc93fb5c74c75e9e04e528e02ccdf.jpg"
"https://www.hepsiemlak.com/denizli-merkezefendi-sirakapilar-kiralik/daire/102793-2739","1 / 22","18.000","05/08/2026","Fark20'den Sırakapılar'da 1+1 Kiralık Apart","Kiralık Daire","1 + 1","75 m²","6 Yaşında","3. Kat","Denizli / Merkezefendi / Sırakapılar Mah.","https://www.hepsiemlak.com/_nuxt/8cafc93fb5c74c75e9e04e528e02ccdf.jpg","Fark 20 Emlak","WhatsApp",""
"https://www.hepsiemlak.com/denizli-pamukkale-anafartalar-kiralik/daire/127829-322","1 / 23","15.000","19/08/2026","Anafartalar Mahallesindekiralık 3+1 Doğalgazlı Daire","Kiralık Daire","3 + 1","120 m²","20 Yaşında","1. Kat","Denizli / Pamukkale / Anafartalar Mah.","https://www.hepsiemlak.com/_nuxt/8cafc93fb5c74c75e9e04e528e02ccdf.jpg","","WhatsApp",""
"https://www.hepsiemlak.com/denizli-pamukkale-mehmetcik-kiralik/daire/49011-11423","1 / 17","27.000","31/08/2026","Binyapıdan Mehmetçikte Ara Kat İçi Yeni 3+1 Kiralık Daire Fırsatı !!","Kiralık Daire","3 + 1","150 m²","24 Yaşında","2. Kat","Denizli / Pamukkale / Mehmetçik Mah.","https://www.hepsiemlak.com/_nuxt/8cafc93fb5c74c75e9e04e528e02ccdf.jpg","","WhatsApp",""
"https://www.hepsiemlak.com/denizli-pamukkale-yunusemre-kiralik/daire/88741-198","1 / 14","15.000","19/08/2026","Kınıklı Yunus Emre De 50m² 1+1 Ful Eşyalı Kıralık Apart","Kiralık Daire","1 + 1","50 m²","6 Yaşında","3. Kat","Denizli / Pamukkale / Yunusemre Mah.","https://www.hepsiemlak.com/_nuxt/8cafc93fb5c74c75e9e04e528e02ccdf.jpg","","WhatsApp",""
"https://www.hepsiemlak.com/denizli-merkezefendi-adalet-kiralik/daire/54626-5816","1 / 33","47.000","07/08/2026","Kaan Emlaktan Ultra Lüx Adalet Mahallesinde 3+1 Kiralık Daire","Kiralık Daire","3 + 1","180 m²","5 Yaşında","En Üst Kat","Denizli / Merkezefendi / Adalet Mah.","https://www.hepsiemlak.com/_nuxt/8cafc93fb5c74c75e9e04e528e02ccdf.jpg","","WhatsApp",""
"https://www.hepsiemlak.com/denizli-pamukkale-hacikaplanlar-kiralik/daire/122348-306","1 / 8","14.000","28/08/2026","Denizli Hacıkaplanlar Mh. Kiralık Apart","Kiralık Daire","1 + 1","55 m²","10 Yaşında","2. Kat","Denizli / Pamukkale / Hacıkaplanlar Mah.","https://www.hepsiemlak.com/_nuxt/8cafc93fb5c74c75e9e04e528e02ccdf.jpg","Eva Port Gayrimenkul","WhatsApp","https://www.hepsiemlak.com/_nuxt/8cafc93fb5c74c75e9e04e528e02ccdf.jpg"
"https://www.hepsiemlak.com/denizli-pamukkale-mehmetcik-kiralik/daire/159501-196","1 / 11","16.000","24/08/2026","Denizli Mehmetçik Mh. Kiralık Apart","Kiralık Daire","2 + 1","65 m²","8 Yaşında","1. Kat","Denizli / Pamukkale / Mehmetçik Mah.","https://www.hepsiemlak.com/_nuxt/8cafc93fb5c74c75e9e04e528e02ccdf.jpg","","WhatsApp",""
"https://www.hepsiemlak.com/denizli-pamukkale-zumrut-kiralik/daire/4766-18801","1 / 18","29.000","29/08/2026","Ender Uysal Gayrimenkulden Bağbaşında Kiralık 3+1 Geniş Daire..","Kiralık Daire","3 + 1","170 m²","15 Yaşında","3. Kat","Denizli / Pamukkale / Zümrüt Mah.","https://www.hepsiemlak.com/_nuxt/8cafc93fb5c74c75e9e04e528e02ccdf.jpg","","WhatsApp",""
"https://www.hepsiemlak.com/denizli-merkezefendi-semikler-kiralik/daire/132069-287","1 / 60","25.000","30/07/2026","Şemiklerde Sıfır, Eşyalı, Ön Cephe 1+1 İlk Kiracısı Siz Olun","Kiralık Daire","1 + 1","45 m²","Sıfır Bina","3. Kat","Denizli / Merkezefendi / Şemikler Mah.","https://www.hepsiemlak.com/_nuxt/8cafc93fb5c74c75e9e04e528e02ccdf.jpg","","WhatsApp",""
"https://www.hepsiemlak.com/denizli-merkezefendi-saraylar-kiralik/daire/136930-497","1 / 15","16.500","19/07/2026","Bayramyeri 1+1 Arakat Geniş Apart","Kiralık Daire","1 + 1","65 m²","5 Yaşında","6. Kat","Denizli / Merkezefendi / Saraylar Mah.","https://www.hepsiemlak.com/_nuxt/8cafc93fb5c74c75e9e04e528e02ccdf.jpg","Ys-lıfe Gayrimenkul","WhatsApp","https://www.hepsiemlak.com/_nuxt/8cafc93fb5c74c75e9e04e528e02ccdf.jpg"
"https://www.hepsiemlak.com/denizli-merkezefendi-mehmet-akif-ersoy-kiralik/daire/163480-145","1 / 24","17.000","13/06/2026","29ekim Bulvarı Cd Üzeri Denipol,Tekden,Tapu,Adliye Yakını Apart","Kiralık Daire","1 + 1","50 m²","Sıfır Bina","2. Kat","Denizli / Merkezefendi / Mehmet Akif Ersoy Mah.","https://www.hepsiemlak.com/_nuxt/8cafc93fb5c74c75e9e04e528e02ccdf.jpg","","WhatsApp",""
"https://www.hepsiemlak.com/denizli-merkezefendi-kayalar-kiralik/daire/140742-816","1 / 13","26.000","31/08/2026","Remax Model Den Sınpaş Aqua Cıty De 1+1 Muhteşem Manzaralı Daıre","Kiralık Daire","1 + 1","85 m²","8 Yaşında","6. Kat","Denizli / Merkezefendi / Kayalar Mah.","https://www.hepsiemlak.com/_nuxt/8cafc93fb5c74c75e9e04e528e02ccdf.jpg","Remax Model 2","WhatsApp","https://www.hepsiemlak.com/_nuxt/8cafc93fb5c74c75e9e04e528e02ccdf.jpg"
"https://www.hepsiemlak.com/denizli-merkezefendi-adalet-kiralik/daire/102131-54550","1 / 60","40.000","25/08/2026","Denizli Adalette Kiralık 3+1 210 M2 E.Banyolu G.Odalı Ultra Lüks Daire","Kiralık Daire","3 + 1","210 m²","14 Yaşında","3. Kat","Denizli / Merkezefendi / Adalet Mah.","https://hecdnnw.hemlak.com/mncropresize/77/67/logo/1/3/1/2/0/1/05c7a126-eeaf-4326-a0d0-31feaa0f046a.jpg","Yüksel Gayrimenkul","WhatsApp",""
"https://www.hepsiemlak.com/denizli-merkezefendi-semikler-kiralik/daire/91390-2629","1 / 28","20.000","12/08/2026","Şehzade'den Şemiklerde Kiralık Daire","Kiralık Daire","3 + 1","140 m²","11 Yaşında","Giriş Katı","Denizli / Merkezefendi / Şemikler Mah.","https://hecdnnw.hemlak.com/mncropresize/77/67/logo/0/9/3/1/9/0/bfee13a9-551f-449b-af4e-f8c151ea47a9.jpg","Şehzade Gayrimenkul","WhatsApp",""
"https://www.hepsiemlak.com/denizli-pamukkale-kinikli-kiralik/daire/159143-89","1 / 7","17.000","27/08/2026","Arel'den Kampüs Kafeler Bölgesinde Üniversiteye Sadece 1 Dk","Kiralık Daire","1 + 1","55 m²","6 Yaşında","2. Kat","Denizli / Pamukkale / Kınıklı Mah.","https://hecdnnw.hemlak.com/mncropresize/77/67/logo/3/4/1/9/5/1/36531983-651a-4cf5-a825-cbc42d873653.jpg","Arel Gayrimenkul","WhatsApp",""
"https://www.hepsiemlak.com/denizli-pamukkale-yunusemre-kiralik/daire/170350-7","1 / 7","18.000","29/07/2026","Yunusemre Mahallesi 2+1 Kiralık Asansörlü Eşyalı Apart","Kiralık Daire","2 + 1","60 m²","10 Yaşında","Ara Kat","Denizli / Pamukkale / Yunusemre Mah.","https://hecdn01.hemlak.com/mncropresize/182/137/ds01/5/5/7/8/2/0/7/4/1785320844-040277-47028755.jpeg","İstanbullu İnşaat Gayrimenkul","WhatsApp","https://hecdnnw.hemlak.com/mncropresize/77/67/logo/0/5/3/0/7/1/bdd39ed4-26a5-4912-b456-a0f1f0508998.jpg"
"https://www.hepsiemlak.com/denizli-pamukkale-hacikaplanlar-kiralik/daire/81242-413","1 / 27","20.000","04/09/2026","Hacikaplanlar Da Kiralik 3+1 Arakat","Kiralık Daire","3 + 1","170 m²","16 Yaşında","3. Kat","Denizli / Pamukkale / Hacıkaplanlar Mah.","https://www.hepsiemlak.com/_nuxt/8cafc93fb5c74c75e9e04e528e02ccdf.jpg","Mk Gayrımenkul","WhatsApp","https://www.hepsiemlak.com/_nuxt/8cafc93fb5c74c75e9e04e528e02ccdf.jpg"
"https://www.hepsiemlak.com/denizli-pamukkale-incilipinar-kiralik/daire/94398-5980","1 / 8","11.500","13/08/2026","+1'den İncilipınarda 50 M2 1+1 Eşyalı Kiralık Apart","Kiralık Daire","1 + 1","50 m²","6 Yaşında","2. Kat","Denizli / Pamukkale / İncilipınar Mah.","https://www.hepsiemlak.com/_nuxt/8cafc93fb5c74c75e9e04e528e02ccdf.jpg","Artı 1 Gayrimenkul","WhatsApp","https://www.hepsiemlak.com/_nuxt/8cafc93fb5c74c75e9e04e528e02ccdf.jpg"
"https://www.hepsiemlak.com/denizli-pamukkale-istiklal-kiralik/daire/46851-932","1 / 8","7.000","31/08/2026","İstiklal Mah.’de  2 Oda+mutfak+banyo,60m2.,Bireyseldoğalgaz Kombi Kaloriferli","Kiralık Daire","2 + 0","60 m²","18 Yaşında","Yarı Bodrum","Denizli / Pamukkale / İstiklal Mah.","https://www.hepsiemlak.com/_nuxt/8cafc93fb5c74c75e9e04e528e02ccdf.jpg","","WhatsApp",""
"https://www.hepsiemlak.com/denizli-pamukkale-incilipinar-kiralik/daire/54626-5823","1 / 32","16.000","11/08/2026","Kiracı Dostu Kaan Emlaktan Depozitosuz Kiralık 3+1 Daire","Kiralık Daire","3 + 1","130 m²","26 Yaşında","1. Kat","Denizli / Pamukkale / İncilipınar Mah.","https://www.hepsiemlak.com/_nuxt/8cafc93fb5c74c75e9e04e528e02ccdf.jpg","","WhatsApp",""
"https://www.hepsiemlak.com/denizli-pamukkale-siteler-kiralik/daire/0-47219103","1 / 6","13.000","31/08/2026","Sahibinden 1+1 Apart Dairele","Kiralık Daire","1 + 1","55 m²","8 Yaşında","Yarı Bodrum","Denizli / Pamukkale / Siteler Mah.","https://www.hepsiemlak.com/_nuxt/8cafc93fb5c74c75e9e04e528e02ccdf.jpg","","WhatsApp",""
"https://www.hepsiemlak.com/denizli-pamukkale-topraklik-kiralik/daire/49011-11424","1 / 14","19.000","31/08/2026","Binyapıdan Topraklık Konservatuar Yakını Ara Kat Asansörlü Daire !","Kiralık Daire","2 + 1","100 m²","10 Yaşında","3. Kat","Denizli / Pamukkale / Topraklık Mah.","https://www.hepsiemlak.com/_nuxt/8cafc93fb5c74c75e9e04e528e02ccdf.jpg","","WhatsApp",""
"https://www.hepsiemlak.com/denizli-pamukkale-siteler-kiralik/daire/4766-18816","1 / 17","23.000","01/09/2026","Ender Uysal Gayrimenkulden Foruma Yakın 3+1 Asansörlü Kiralık Daire..","Kiralık Daire","3 + 11","140 m²","11 Yaşında","2. Kat","Denizli / Pamukkale / Siteler Mah.","https://www.hepsiemlak.com/_nuxt/8cafc93fb5c74c75e9e04e528e02ccdf.jpg","","WhatsApp",""
"https://www.hepsiemlak.com/denizli-pamukkale-mehmetcik-kiralik/daire/122348-297","1 / 6","30.000","04/09/2026","Denizli Mehmetçik Mahallesi Kiralık Apart","Kiralık Daire","2 + 1","70 m²","6 Yaşında","3. Kat","Denizli / Pamukkale / Mehmetçik Mah.","https://www.hepsiemlak.com/_nuxt/8cafc93fb5c74c75e9e04e528e02ccdf.jpg","Eva Port Gayrimenkul","WhatsApp","https://www.hepsiemlak.com/_nuxt/8cafc93fb5c74c75e9e04e528e02ccdf.jpg"
"https://www.hepsiemlak.com/denizli-pamukkale-mehmetcik-kiralik/daire/159501-217","1 / 10","14.000","13/08/2026","Denizli Mehmetçik Mh.Kiralik Apart","Kiralık Daire","1 + 1","55 m²","12 Yaşında","2. Kat","Denizli / Pamukkale / Mehmetçik Mah.","https://www.hepsiemlak.com/_nuxt/8cafc93fb5c74c75e9e04e528e02ccdf.jpg","","WhatsApp",""
"https://www.hepsiemlak.com/denizli-pamukkale-zeytinkoy-kiralik/daire/130692-986","1 / 14","19.500","21/08/2026","Gülem'den 1+1 Arakat Şiir Otel Arkası Sıfır Kiralık Apart","Kiralık Daire","1 + 1","50 m²","Sıfır Bina","2. Kat","Denizli / Pamukkale / Zeytinköy Mah.","https://www.hepsiemlak.com/_nuxt/8cafc93fb5c74c75e9e04e528e02ccdf.jpg","","WhatsApp",""
"https://www.hepsiemlak.com/denizli-merkezefendi-akkonak-kiralik/daire/102793-2696","1 / 16","15.000","30/07/2026","Fark20'den Akkonak'ta Kiralık Asansörlü Balkonlu 1+1 Apart","Kiralık Daire","1 + 1","50 m²","6 Yaşında","3. Kat","Denizli / Merkezefendi / Akkonak Mah.","https://www.hepsiemlak.com/_nuxt/8cafc93fb5c74c75e9e04e528e02ccdf.jpg","Fark 20 Emlak","WhatsApp",""
"https://www.hepsiemlak.com/denizli-merkezefendi-karahasanli-kiralik/daire/102131-54539","1 / 59","30.000","28/08/2026","Denizli Karahasanlı Mahallesinde Şehir Hastanesinin Karşısında Kiralık 2+1 Suit Eşyalı Daireler","Kiralık Daire","2 + 1","100 m²","Sıfır Bina","3. Kat","Denizli / Merkezefendi / Karahasanlı Mah.","https://www.hepsiemlak.com/_nuxt/8cafc93fb5c74c75e9e04e528e02ccdf.jpg","Yüksel Gayrimenkul","WhatsApp","https://www.hepsiemlak.com/_nuxt/8cafc93fb5c74c75e9e04e528e02ccdf.jpg"
"https://www.hepsiemlak.com/denizli-civril-kizilcasogut-kiralik/daire/0-47148696","1 / 5","23.000","18/08/2026","Ultra Lux 2+1 Balkonlu Kişi Ayırt Etmeden Kiraliktir","Kiralık Daire","2 + 1","65 m²","3 Yaşında","En Üst Kat","Denizli / Çivril / Kızılcasöğüt Mah.","https://www.hepsiemlak.com/_nuxt/8cafc93fb5c74c75e9e04e528e02ccdf.jpg","","WhatsApp",""
"https://www.hepsiemlak.com/denizli-merkezefendi-karahasanli-kiralik/daire/125019-714","1 / 11","30.000","28/08/2026","Karahasanlı Mahallesinde Bölge Hastanesine Yürüme Mesafesi Kiralık 2+1 Apart !!!","Kiralık Daire","2 + 1","70 m²","Sıfır Bina","Ara Kat","Denizli / Merkezefendi / Karahasanlı Mah.","https://www.hepsiemlak.com/_nuxt/8cafc93fb5c74c75e9e04e528e02ccdf.jpg","","WhatsApp",""
"https://www.hepsiemlak.com/denizli-pamukkale-zeytinkoy-kiralik/daire/94398-5500","1 / 8","12.000","12/08/2026","+1'den Paü Yakını 1+1 50 M2 Balkonlu Eşyalı Apart","Kiralık Daire","1 + 1","55 m²","8 Yaşında","Giriş Katı","Denizli / Pamukkale / Zeytinköy Mah.","https://www.hepsiemlak.com/_nuxt/8cafc93fb5c74c75e9e04e528e02ccdf.jpg","Artı 1 Gayrimenkul","WhatsApp","https://www.hepsiemlak.com/_nuxt/8cafc93fb5c74c75e9e04e528e02ccdf.jpg"
"https://www.hepsiemlak.com/denizli-pamukkale-bagbasi-kiralik/daire/150941-860","1 / 11","20.000","26/06/2026","Bağbaşı Zafer Gazoz Yakını Kiralık 3+1","Kiralık Daire","3 + 1","150 m²","6 Yaşında","3. Kat","Denizli / Pamukkale / Bağbaşı Mah.","https://www.hepsiemlak.com/_nuxt/8cafc93fb5c74c75e9e04e528e02ccdf.jpg","","WhatsApp",""
"https://www.hepsiemlak.com/denizli-pamukkale-kinikli-kiralik/daire/134619-907","1 / 9","19.000","27/07/2026","Bursa Caddesi Kiralık 1+1 Apart  Panjurlu  Cam Balkonlu  Klimalı  Ön Cephe  1+1 55m2","Kiralık Daire","1 + 1","60 m²","6 Yaşında","1. Kat","Denizli / Pamukkale / Kınıklı Mah.","https://www.hepsiemlak.com/_nuxt/8cafc93fb5c74c75e9e04e528e02ccdf.jpg","Ateş 20 Offıce","WhatsApp","https://www.hepsiemlak.com/_nuxt/8cafc93fb5c74c75e9e04e528e02ccdf.jpg"
"https://www.hepsiemlak.com/denizli-merkezefendi-adalet-kiralik/daire/79583-1670","1 / 17","25.000","31/07/2026","Adalet'te Cadde Üzeri Ultra Lüx 1+1 50 M2 Residence","Kiralık Daire","1 + 1","53 m²","5 Yaşında","4. Kat","Denizli / Merkezefendi / Adalet Mah.","https://www.hepsiemlak.com/_nuxt/8cafc93fb5c74c75e9e04e528e02ccdf.jpg","Exper Gayrimenkul","WhatsApp","https://www.hepsiemlak.com/_nuxt/8cafc93fb5c74c75e9e04e528e02ccdf.jpg"
"https://www.hepsiemlak.com/denizli-merkezefendi-selcuk-bey-kiralik/daire/133232-677","1 / 36","40.000","22/07/2026","Koza'dan Evora Yakını Kiralık Asansörlü Geniş Arakat Daire","Kiralık Daire","4 + 1","230 m²","14 Yaşında","3. Kat","Denizli / Merkezefendi / Selçuk Bey Mah.","https://www.hepsiemlak.com/_nuxt/8cafc93fb5c74c75e9e04e528e02ccdf.jpg","","WhatsApp",""
"https://www.hepsiemlak.com/denizli-pamukkale-mehmetcik-kiralik/daire/166616-108","1 / 18","18.000","24/06/2026","Nova Terra Avm Karşısı 1+1 Klimalı Eşyalı Kiralık Apart Daire","Kiralık Daire","1 + 1","55 m²","6 Yaşında","1. Kat","Denizli / Pamukkale / Mehmetçik Mah.","https://www.hepsiemlak.com/_nuxt/8cafc93fb5c74c75e9e04e528e02ccdf.jpg","Nova Terra Gayrimenkul","WhatsApp","https://www.hepsiemlak.com/_nuxt/8cafc93fb5c74c75e9e04e528e02ccdf.jpg"
"https://www.hepsiemlak.com/denizli-merkezefendi-selcuk-bey-kiralik/daire/134506-981","1 / 17","35.000","03/09/2026","Reallıfe Offıce’den Selçukbey’de Kiralık Geniş 3+1 Daire","Kiralık Daire","3 + 1","195 m²","15 Yaşında","5. Kat","Denizli / Merkezefendi / Selçuk Bey Mah.","","","WhatsApp",""
"https://www.hepsiemlak.com/denizli-merkezefendi-sirakapilar-kiralik/daire/153882-388","1 / 8","14.000","21/08/2026","Denizli Sırakapılarda 1+1 Kiralık Apart","Kiralık Daire","1 + 1","55 m²","8 Yaşında","2. Kat","Denizli / Merkezefendi / Sırakapılar Mah.","https://hecdnnw.hemlak.com/mncropresize/77/67/logo/2/8/8/3/5/1/52be8a93-4c47-4727-a5bb-36848a14ac6b.jpg","Türkalp Gayrimenkul","WhatsApp","https://hecdnnw.hemlak.com/mncropresize/77/67/firmuser/8/1/5/4/3/3/4/859756a1-e656-45ec-b9f6-342017a215dc.jpg"
"https://www.hepsiemlak.com/denizli-merkezefendi-kayalar-kiralik/daire/54626-5813","1 / 31","30.000","18/08/2026","Kaangayrimenkul Sinpaş Aquaacity De 1+1 Full Eşyalı Lüksdaireler","Kiralık Daire","1 + 1","85 m²","Sıfır Bina","21 ve üzeri","Denizli / Merkezefendi / Kayalar Mah.","","","WhatsApp",""
"https://www.hepsiemlak.com/denizli-pamukkale-zeytinkoy-kiralik/daire/114846-937","1 / 13","15.000","13/06/2026","Üniversite Yakını Ara Kat Abonelikleri Açık 2+1 Depozitosuz Aprt","Kiralık Daire","2 + 1","65 m²","6 Yaşında","1. Kat","Denizli / Pamukkale / Zeytinköy Mah.","https://hecdn01.hemlak.com/mncropresize/182/137/ds01/9/2/2/0/3/5/6/4/e5641055-0fa9-4d2b-9893-47d60ccd756d.jpg","Emlaxstore","WhatsApp","https://hecdnnw.hemlak.com/mncropresize/77/67/logo/6/4/8/4/1/1/3066ff7d-9d45-4c8d-9745-aa17348d4e7b.jpg"
"https://www.hepsiemlak.com/denizli-pamukkale-kinikli-kiralik/daire/4766-18757","1 / 16","22.000","20/08/2026","Ender Uysal Gayrimenkulden Kınıklı Da Foruma 1 Dakika Kiralık 2+1 Asansörlü Arakat Daire....","Kiralık Daire","2 + 1","130 m²","10 Yaşında","3. Kat","Denizli / Pamukkale / Kınıklı Mah.","https://www.hepsiemlak.com/_nuxt/8cafc93fb5c74c75e9e04e528e02ccdf.jpg","","WhatsApp",""
"https://www.hepsiemlak.com/denizli-merkezefendi-akkonak-kiralik/daire/159501-199","1 / 10","12.000","13/08/2026","Denizli Akkonak Mh. Kiralık Apart","Kiralık Daire","1 + 1","65 m²","10 Yaşında","3. Kat","Denizli / Merkezefendi / Akkonak Mah.","https://www.hepsiemlak.com/_nuxt/8cafc93fb5c74c75e9e04e528e02ccdf.jpg","","WhatsApp",""
"https://www.hepsiemlak.com/denizli-merkezefendi-adalet-kiralik/daire/122348-315","1 / 4","20.000","29/08/2026","Denizli Adalet Mh.Kiralik Apart","Kiralık Daire","1 + 1","50 m²","4 Yaşında","1. Kat","Denizli / Merkezefendi / Adalet Mah.","https://www.hepsiemlak.com/_nuxt/8cafc93fb5c74c75e9e04e528e02ccdf.jpg","Eva Port Gayrimenkul","WhatsApp","https://www.hepsiemlak.com/_nuxt/8cafc93fb5c74c75e9e04e528e02ccdf.jpg"
"https://www.hepsiemlak.com/denizli-merkezefendi-adalet-kiralik/daire/102131-54538","1 / 60","40.000","24/08/2026","Denizli Adalet Te Kiralık 3+1 210 M2 Ebeveyn Banyolu Giyinme Odalı Ultra Lüks Daire","Kiralık Daire","3 + 1","210 m²","12 Yaşında","Ara Kat","Denizli / Merkezefendi / Adalet Mah.","https://www.hepsiemlak.com/_nuxt/8cafc93fb5c74c75e9e04e528e02ccdf.jpg","Yüksel Gayrimenkul","WhatsApp","https://www.hepsiemlak.com/_nuxt/8cafc93fb5c74c75e9e04e528e02ccdf.jpg"
"https://www.hepsiemlak.com/denizli-pamukkale-asmalievler-kiralik/daire/133492-223","1 / 5","7.500","21/08/2026","Asmalıevler De 1+0 Kiralık Apart Daire","Kiralık Daire","1 + 1","50 m²","7 Yaşında","Ara Kat","Denizli / Pamukkale / Asmalıevler Mah.","https://www.hepsiemlak.com/_nuxt/8cafc93fb5c74c75e9e04e528e02ccdf.jpg","","WhatsApp",""
"https://www.hepsiemlak.com/denizli-merkezefendi-saraylar-kiralik/daire/170013-19","1 / 7","12.500","12/08/2026","Denizli Saraylar'da Kiralık 1+1 Apart","Kiralık Daire","1 + 1","45 m²","15 Yaşında","1. Kat","Denizli / Merkezefendi / Saraylar Mah.","https://www.hepsiemlak.com/_nuxt/8cafc93fb5c74c75e9e04e528e02ccdf.jpg","","WhatsApp",""
"https://www.hepsiemlak.com/denizli-pamukkale-hurriyet-kiralik/daire/132528-11","1 / 7","11.000","27/08/2026","Eskiyol'da Uygun Fiyatlı Kiralık Apart","Kiralık Daire","1 + 1","50 m²","8 Yaşında","2. Kat","Denizli / Pamukkale / Hürriyet Mah.","https://www.hepsiemlak.com/_nuxt/8cafc93fb5c74c75e9e04e528e02ccdf.jpg","","WhatsApp",""
"https://www.hepsiemlak.com/denizli-pamukkale-zeytinkoy-kiralik/daire/164830-114","1 / 9","17.500","12/08/2026","Paü Yakını 1+1 Klimalı Bulaşık Makineli Apart","Kiralık Daire","1 + 1","50 m²","6 Yaşında","2. Kat","Denizli / Pamukkale / Zeytinköy Mah.","https://www.hepsiemlak.com/_nuxt/8cafc93fb5c74c75e9e04e528e02ccdf.jpg","Birikim Gayrimenkul","WhatsApp","https://www.hepsiemlak.com/_nuxt/8cafc93fb5c74c75e9e04e528e02ccdf.jpg"
"https://www.hepsiemlak.com/denizli-merkezefendi-alpaslan-kiralik/daire/126156-973","1 / 10","13.000","01/08/2026","Denizli Alparslan Mh. Kaynarca Cd. Üzeri A101 Yakını Müstakil Avluya Sahip 2+1 Daire","Kiralık Daire","2 + 1","100 m²","25 Yaşında","Kot 1","Denizli / Merkezefendi / Alpaslan Mah.","https://www.hepsiemlak.com/_nuxt/8cafc93fb5c74c75e9e04e528e02ccdf.jpg","Blokyapı Gayrimenkul","WhatsApp","https://www.hepsiemlak.com/_nuxt/8cafc93fb5c74c75e9e04e528e02ccdf.jpg"
"https://www.hepsiemlak.com/denizli-merkezefendi-akkonak-kiralik/daire/94398-5984","1 / 7","13.000","01/09/2026","+1'den Akkonakta 1+1 50 M2 Eşyalı Klimalı Kiralık Apart","Kiralık Daire","1 + 1","55 m²","6 Yaşında","2. Kat","Denizli / Merkezefendi / Akkonak Mah.","https://www.hepsiemlak.com/_nuxt/8cafc93fb5c74c75e9e04e528e02ccdf.jpg","Artı 1 Gayrimenkul","WhatsApp","https://www.hepsiemlak.com/_nuxt/8cafc93fb5c74c75e9e04e528e02ccdf.jpg"
"https://www.hepsiemlak.com/denizli-pamukkale-feslegen-kiralik/daire/88741-194","1 / 33","18.000","19/08/2026","İstiklal Caddesınde 120m² 3+1 Kıralık Dubleks Daıre","Kiralık Daire","3 + 1","120 m²","6 Yaşında","2. Kat","Denizli / Pamukkale / Fesleğen Mah.","https://www.hepsiemlak.com/_nuxt/8cafc93fb5c74c75e9e04e528e02ccdf.jpg","","WhatsApp",""
"https://www.hepsiemlak.com/denizli-pamukkale-asmalievler-kiralik/daire/91390-2649","1 / 18","13.000","06/08/2026","Şehzade'den Asmalıevler'de 1+1 Eşyalı Ara Kat Kiralık Apart","Kiralık Daire","1 + 1","45 m²","11 Yaşında","2. Kat","Denizli / Pamukkale / Asmalıevler Mah.","https://www.hepsiemlak.com/_nuxt/8cafc93fb5c74c75e9e04e528e02ccdf.jpg","Şehzade Gayrimenkul","WhatsApp","https://www.hepsiemlak.com/_nuxt/8cafc93fb5c74c75e9e04e528e02ccdf.jpg"
"https://www.hepsiemlak.com/denizli-pamukkale-yunusemre-kiralik/daire/165209-43","1 / 15","20.000","24/07/2026","Gezegen'den Yunus Emre Caddesinde Kiralık Suit Apart","Kiralık Daire","1 + 1","55 m²","21 Yaşında","3. Kat","Denizli / Pamukkale / Yunusemre Mah.","https://www.hepsiemlak.com/_nuxt/8cafc93fb5c74c75e9e04e528e02ccdf.jpg","Gezegen Gayrimenkul","WhatsApp","https://www.hepsiemlak.com/_nuxt/8cafc93fb5c74c75e9e04e528e02ccdf.jpg"
"https://www.hepsiemlak.com/denizli-pamukkale-mehmetcik-kiralik/daire/57871-160","1 / 27","25.000","09/09/2026","Denizli Çamlık Da 120 M2 2+1 Arakat Kiralık Daire","Kiralık Daire","2 + 1","120 m²","26 Yaşında","3. Kat","Denizli / Pamukkale / Mehmetçik Mah.","https://www.hepsiemlak.com/_nuxt/8cafc93fb5c74c75e9e04e528e02ccdf.jpg","Saygın Emlak","WhatsApp","https://www.hepsiemlak.com/_nuxt/8cafc93fb5c74c75e9e04e528e02ccdf.jpg"
"https://www.hepsiemlak.com/denizli-pamukkale-kocadere-kiralik/daire/0-46928672","1 / 24","15.000","13/07/2026","Sahibinden Kocadere Toki En İyi Konumda Kiralık Daire","Kiralık Daire","2 + 1","90 m²","Sıfır Bina","Ara Kat","Denizli / Pamukkale / Kocadere Mah.","https://www.hepsiemlak.com/_nuxt/8cafc93fb5c74c75e9e04e528e02ccdf.jpg","","WhatsApp",""
"https://www.hepsiemlak.com/denizli-merkezefendi-selcuk-bey-kiralik/daire/133566-460","1 / 35","34.000","10/07/2026","Selçukbey De Kiralık Muteşem Geniş Daire","Kiralık Daire","3 + 1","190 m²","11 Yaşında","Yüksek Giriş","Denizli / Merkezefendi / Selçuk Bey Mah.","https://www.hepsiemlak.com/_nuxt/8cafc93fb5c74c75e9e04e528e02ccdf.jpg","Ey&su Karaca Gayrimenkul","WhatsApp","https://www.hepsiemlak.com/_nuxt/8cafc93fb5c74c75e9e04e528e02ccdf.jpg"
"https://www.hepsiemlak.com/denizli-merkezefendi-gumuscay-kiralik/daire/139845-1246","1 / 34","27.000","10/08/2026","Gümüşçay Mahallesinde 3+1 Ara Kat Ön Cephe 170m2 Sıfır Daire","Kiralık Daire","3 + 1","180 m²","6 Yaşında","2. Kat","Denizli / Merkezefendi / Gümüşçay Mah.","https://www.hepsiemlak.com/_nuxt/8cafc93fb5c74c75e9e04e528e02ccdf.jpg","","WhatsApp",""
"https://www.hepsiemlak.com/denizli-merkezefendi-semikler-kiralik/daire/132069-295","1 / 10","16.500","25/08/2026","Şemikler'de Kiralık 3+1 Daire: 110 M2 Net, Çift Balkonlu","Kiralık Daire","3 + 1","140 m²","21 Yaşında","4. Kat","Denizli / Merkezefendi / Şemikler Mah.","https://www.hepsiemlak.com/_nuxt/8cafc93fb5c74c75e9e04e528e02ccdf.jpg","","WhatsApp",""
"https://www.hepsiemlak.com/denizli-pamukkale-fatih-kiralik/daire/109302-125","","14.000","19/07/2026","Denizli Fatih Pazaryeri Yanı Cadde Üzeri 1+1 Apartımız Kiralık","Kiralık Daire","1 + 1","55 m²","5 Yaşında","2. Kat","Denizli / Pamukkale / Fatih Mah.","","Çivrilli Emlak","WhatsApp","https://www.hepsiemlak.com/_nuxt/8cafc93fb5c74c75e9e04e528e02ccdf.jpg"
"https://www.hepsiemlak.com/denizli-pamukkale-zeytinkoy-kiralik/daire/54417-807","1 / 16","16.000","02/09/2026","Üniversiteye ‘ Ye Yakın Arakat Balkonlu Sıfır Eşyalı 1+1 Kiralık Apart","Kiralık Daire","1 + 1","55 m²","9 Yaşında","2. Kat","Denizli / Pamukkale / Zeytinköy Mah.","https://www.hepsiemlak.com/_nuxt/8cafc93fb5c74c75e9e04e528e02ccdf.jpg","","WhatsApp",""
"https://www.hepsiemlak.com/denizli-pamukkale-kinikli-kiralik/daire/159501-192","1 / 10","13.500","13/08/2026","Forum Çamlık Ve İl Jandarma Tugay Karşısı Lüks Apart","Kiralık Daire","1 + 1","55 m²","6 Yaşında","1. Kat","Denizli / Pamukkale / Kınıklı Mah.","","","WhatsApp",""
"https://www.hepsiemlak.com/denizli-pamukkale-siteler-kiralik/daire/54626-5794","1 / 29","30.000","15/08/2026","Kaan Emlaktan Forum Çamlık Yakını 3+1 Geniş Kiralık Daire","Kiralık Daire","3 + 1","190 m²","11 Yaşında","1. Kat","Denizli / Pamukkale / Siteler Mah.","","","WhatsApp",""
"https://www.hepsiemlak.com/denizli-tavas-samanlik-kiralik/daire/0-47173338","1 / 1","15.000","09/09/2026","Kiralık Daire 3+1 Cadde Üzerinde Doğalgazlı","Kiralık Daire","3 + 1","140 m²","20 Yaşında","2. Kat","Denizli / Tavas / Samanlık Mah.","","","WhatsApp",""
"https://www.hepsiemlak.com/denizli-pamukkale-yunusemre-kiralik/daire/4766-18818","1 / 15","25.000","01/09/2026","Ender Uysal Gayrimenkulden Yunusemre De Geniş Lüks 2+1 Klimalı Apart...","Kiralık Daire","2 + 1","80 m²","4 Yaşında","3. Kat","Denizli / Pamukkale / Yunusemre Mah.","https://hecdn01.hemlak.com/mncropresize/182/137/ds01/5/6/7/7/2/2/7/4/e47c42be-04dc-4403-8ab6-3331d4e43573.jpg","","WhatsApp",""
"https://www.hepsiemlak.com/denizli-merkezefendi-1200-evler-kiralik/daire/102131-54537","1 / 57","22.000","24/08/2026","Denizli 1200 Evler De  Cadde Üstü 1+1 50 M2 Kiralık Kaçırılmayacak Arakat Apart","Kiralık Daire","1 + 1","50 m²","Sıfır Bina","3. Kat","Denizli / Merkezefendi / 1200 Evler Mah.","https://www.hepsiemlak.com/_nuxt/8cafc93fb5c74c75e9e04e528e02ccdf.jpg","Yüksel Gayrimenkul","WhatsApp","https://www.hepsiemlak.com/_nuxt/8cafc93fb5c74c75e9e04e528e02ccdf.jpg"
"https://www.hepsiemlak.com/denizli-merkezefendi-merkez-efendi-kiralik/daire/134247-37","1 / 14","20.000","04/08/2026","Gold Prestıge Gayrımenkul Denızlı Akkonak Kıralık 2+1 Daıre","Kiralık Daire","2 + 1","100 m²","21 Yaşında","1. Kat","Denizli / Merkezefendi / Merkez Efendi Mah.","https://www.hepsiemlak.com/_nuxt/8cafc93fb5c74c75e9e04e528e02ccdf.jpg","Gold Prestige Makro Kent","WhatsApp","https://www.hepsiemlak.com/_nuxt/8cafc93fb5c74c75e9e04e528e02ccdf.jpg"
"https://www.hepsiemlak.com/denizli-pamukkale-guzelkoy-kiralik/daire/150198-167","1 / 4","11.000","19/08/2026","Denizli Güzelköy Mah. Kiralık Geniş 2+1","Kiralık Daire","2 + 1","120 m²","20 Yaşında","Yüksek Giriş","Denizli / Pamukkale / Güzelköy Mah.","https://www.hepsiemlak.com/_nuxt/8cafc93fb5c74c75e9e04e528e02ccdf.jpg","Bsm Gayrimenkul","WhatsApp","https://www.hepsiemlak.com/_nuxt/8cafc93fb5c74c75e9e04e528e02ccdf.jpg"
"https://www.hepsiemlak.com/denizli-pamukkale-karahayit-kiralik/daire/76333-133","1 / 19","20.000","16/08/2026","Kiralık Dublex Karahayıt Tokide 4+1 İki Balkon Ve Teraslı","Kiralık Daire","4 + 1","230 m²","9 Yaşında","2. Kat","Denizli / Pamukkale / Karahayıt Mah.","https://www.hepsiemlak.com/_nuxt/8cafc93fb5c74c75e9e04e528e02ccdf.jpg","","WhatsApp",""
"https://www.hepsiemlak.com/denizli-merkezefendi-karahasanli-kiralik/daire/162589-392","1 / 29","26.500","08/08/2026","Şehir Hastanesine 3 Dk Yürüme Mesafesinde 1+1 Klimalı Apart","Kiralık Daire","1 + 1","50 m²","Sıfır Bina","3. Kat","Denizli / Merkezefendi / Karahasanlı Mah.","https://www.hepsiemlak.com/_nuxt/8cafc93fb5c74c75e9e04e528e02ccdf.jpg","Toprak Dünyası Gayrimenkul","WhatsApp","https://www.hepsiemlak.com/_nuxt/8cafc93fb5c74c75e9e04e528e02ccdf.jpg"
"https://www.hepsiemlak.com/denizli-pamukkale-15-mayis-kiralik/daire/137549-2013","1 / 6","18.000","07/09/2026","Merkezde Full Dizayn Dolu Kiralık Apart","Kiralık Daire","1 + 1","60 m²","30 Yaşında","2. Kat","Denizli / Pamukkale / 15 Mayıs Mah.","https://www.hepsiemlak.com/_nuxt/8cafc93fb5c74c75e9e04e528e02ccdf.jpg","Tercih Gayrimenkul","WhatsApp","https://www.hepsiemlak.com/_nuxt/8cafc93fb5c74c75e9e04e528e02ccdf.jpg"
"https://www.hepsiemlak.com/denizli-pamukkale-feslegen-kiralik/daire/165637-66","1 / 8","15.250","31/08/2026","Suluköprü Işıkların’da Cadde Üstü 1+1 Kiralık Apart","Kiralık Daire","1 + 1","55 m²","8 Yaşında","Ara Kat","Denizli / Pamukkale / Fesleğen Mah.","https://www.hepsiemlak.com/_nuxt/8cafc93fb5c74c75e9e04e528e02ccdf.jpg","Nestway Office İnşaat Emlak Galeri","WhatsApp","https://www.hepsiemlak.com/_nuxt/8cafc93fb5c74c75e9e04e528e02ccdf.jpg"
"https://www.hepsiemlak.com/denizli-merkezefendi-karahasanli-kiralik/daire/126156-970","1 / 8","19.000","20/08/2026","Denizli'de Şehir Hastanesi Karşısında Kiralık 1+1 Eşyalı Apart","Kiralık Daire","1 + 1","45 m²","2 Yaşında","1. Kat","Denizli / Merkezefendi / Karahasanlı Mah.","https://www.hepsiemlak.com/_nuxt/8cafc93fb5c74c75e9e04e528e02ccdf.jpg","Blokyapı Gayrimenkul","WhatsApp","https://www.hepsiemlak.com/_nuxt/8cafc93fb5c74c75e9e04e528e02ccdf.jpg"
"https://www.hepsiemlak.com/denizli-merkezefendi-goveclik-kiralik/daire/151348-522","1 / 12","55.000","29/07/2026","Göveçlikte , Havuzlu Site İçerisinde, Lüx, Manzarlı, Sıfır 3,5+1","Kiralık Daire","3 + 1","160 m²","Sıfır Bina","4. Kat","Denizli / Merkezefendi / Göveçlik Mah.","https://www.hepsiemlak.com/_nuxt/8cafc93fb5c74c75e9e04e528e02ccdf.jpg","Blue Sky Gayrimenkul","WhatsApp","https://www.hepsiemlak.com/_nuxt/8cafc93fb5c74c75e9e04e528e02ccdf.jpg"
"https://www.hepsiemlak.com/denizli-pamukkale-asmalievler-kiralik/daire/113603-244","1 / 12","15.500","10/07/2026","Asmalıevler Üniversiteye Yakın Isınma Dahil Balkonlu Klimalı Kiralık 1+1 Apart","Kiralık Daire","1 + 1","55 m²","10 Yaşında","1. Kat","Denizli / Pamukkale / Asmalıevler Mah.","https://www.hepsiemlak.com/_nuxt/8cafc93fb5c74c75e9e04e528e02ccdf.jpg","","WhatsApp",""
"https://www.hepsiemlak.com/denizli-merkezefendi-yeni-kiralik/daire/134619-895","1 / 5","14.000","02/09/2026","Karahasanlı Şehir Hastanesi Yakını Fırsat Kiralık Daire","Kiralık Daire","2 + 1","90 m²","8 Yaşında","2. Kat","Denizli / Merkezefendi / Yeni Mah.","https://www.hepsiemlak.com/_nuxt/8cafc93fb5c74c75e9e04e528e02ccdf.jpg","Ateş 20 Offıce","WhatsApp","https://www.hepsiemlak.com/_nuxt/8cafc93fb5c74c75e9e04e528e02ccdf.jpg"
"https://www.hepsiemlak.com/denizli-pamukkale-yunusemre-kiralik/daire/4766-18810","1 / 14","37.500","29/08/2026","Ender Uysal Gayrimenkulden Yunus Emre Mahallesinde Asansörlü Üniversiteye Yakın 3+1 Kombili Daire","Kiralık Daire","3 + 1","180 m²","7 Yaşında","2. Kat","Denizli / Pamukkale / Yunusemre Mah.","https://www.hepsiemlak.com/_nuxt/8cafc93fb5c74c75e9e04e528e02ccdf.jpg","","WhatsApp",""
"https://www.hepsiemlak.com/denizli-pamukkale-siteler-kiralik/daire/15694-4025","1 / 16","23.000","04/09/2026","Laodikya Emlak Tan Sitelerde Kiralık Kat Dubleks Daire","Kiralık Daire","2 + 1","130 m²","26 Yaşında","1. Kat","Denizli / Pamukkale / Siteler Mah.","https://www.hepsiemlak.com/_nuxt/8cafc93fb5c74c75e9e04e528e02ccdf.jpg","Laodikya Emlak","WhatsApp","https://www.hepsiemlak.com/_nuxt/8cafc93fb5c74c75e9e04e528e02ccdf.jpg"
"https://www.hepsiemlak.com/denizli-pamukkale-hacikaplanlar-kiralik/daire/164617-50","1 / 14","23.000","09/08/2026","Hacikaplanlar Çınara Yürüme Mesafesinde Kiralık 2+1 Apart","Kiralık Daire","2 + 1","80 m²","6 Yaşında","4. Kat","Denizli / Pamukkale / Hacıkaplanlar Mah.","https://www.hepsiemlak.com/_nuxt/8cafc93fb5c74c75e9e04e528e02ccdf.jpg","Meuz Gayrimenkul","WhatsApp","https://www.hepsiemlak.com/_nuxt/8cafc93fb5c74c75e9e04e528e02ccdf.jpg"
"https://www.hepsiemlak.com/denizli-pamukkale-feslegen-kiralik/daire/117872-1307","1 / 32","15.500","02/07/2026","Suluköprüde Emek Caddesinde Kiralık","Kiralık Daire","2 + 1","105 m²","26 Yaşında","5. Kat","Denizli / Pamukkale / Fesleğen Mah.","https://www.hepsiemlak.com/_nuxt/8cafc93fb5c74c75e9e04e528e02ccdf.jpg","Aybüke Gayrimenkul","WhatsApp","https://www.hepsiemlak.com/_nuxt/8cafc93fb5c74c75e9e04e528e02ccdf.jpg"
"https://www.hepsiemlak.com/denizli-pamukkale-incilipinar-kiralik/daire/165959-88","1 / 26","12.000","19/08/2026","İncilipınar Kiralık Eşyalı Apart 1+1 Çatı Kat 3 Kat Parka Yakın Yürüme Mesafesinde Tarıma Pamukkale","Kiralık Daire","1 + 1","45 m²","8 Yaşında","3. Kat","Denizli / Pamukkale / İncilipınar Mah.","https://www.hepsiemlak.com/_nuxt/8cafc93fb5c74c75e9e04e528e02ccdf.jpg","","WhatsApp",""
"https://www.hepsiemlak.com/denizli-pamukkale-zeytinkoy-kiralik/daire/162589-346","1 / 22","25.000","07/09/2026","Zeytinköy Ün En Lüks Projesinde Kiralık Sıfır 1+1 Eşyalı Daire","Kiralık Daire","1 + 1","45 m²","Sıfır Bina","3. Kat","Denizli / Pamukkale / Zeytinköy Mah.","https://www.hepsiemlak.com/_nuxt/8cafc93fb5c74c75e9e04e528e02ccdf.jpg","Toprak Dünyası Gayrimenkul","WhatsApp","https://www.hepsiemlak.com/_nuxt/8cafc93fb5c74c75e9e04e528e02ccdf.jpg"
"https://www.hepsiemlak.com/denizli-merkezefendi-karahasanli-kiralik/daire/76333-24","1 / 19","30.000","06/09/2026","Sahibinden Acil Durum Hastanesi Yakını 800.Yılda 140 M2 3.Kat 3+1 Asansörlü  Eşyalı Daire  Arakat","Kiralık Daire","3 + 1","140 m²","19 Yaşında","3. Kat","Denizli / Merkezefendi / Karahasanlı Mah.","https://www.hepsiemlak.com/_nuxt/8cafc93fb5c74c75e9e04e528e02ccdf.jpg","","WhatsApp",""
"https://www.hepsiemlak.com/denizli-pamukkale-15-mayis-kiralik/daire/122348-275","1 / 25","16.000","25/08/2026","Denizli 15.Mayis Mh. Kiralık Apart","Kiralık Daire","1 + 1","50 m²","6 Yaşında","2. Kat","Denizli / Pamukkale / 15 Mayıs Mah.","https://www.hepsiemlak.com/_nuxt/8cafc93fb5c74c75e9e04e528e02ccdf.jpg","Eva Port Gayrimenkul","WhatsApp","https://www.hepsiemlak.com/_nuxt/8cafc93fb5c74c75e9e04e528e02ccdf.jpg"
"https://www.hepsiemlak.com/denizli-pamukkale-15-mayis-kiralik/daire/137549-2008","1 / 6","22.000","19/08/2026","Çınar'da Lüks Fırsat Kiralik","Kiralık Daire","2 + 1","65 m²","25 Yaşında","Ara Kat","Denizli / Pamukkale / 15 Mayıs Mah.","https://www.hepsiemlak.com/_nuxt/8cafc93fb5c74c75e9e04e528e02ccdf.jpg","Tercih Gayrimenkul","WhatsApp","https://www.hepsiemlak.com/_nuxt/8cafc93fb5c74c75e9e04e528e02ccdf.jpg"
"https://www.hepsiemlak.com/denizli-merkezefendi-baskarci-kiralik/daire/49011-11413","1 / 29","24.000","05/09/2026","Binyapıdan Site İçerisinde Ara Kat Asansörlü Geniş Daire !!","Kiralık Daire","3 + 1","150 m²","16 Yaşında","3. Kat","Denizli / Merkezefendi / Başkarcı Mah.","","","WhatsApp",""
"https://www.hepsiemlak.com/denizli-merkezefendi-yenisafak-kiralik/daire/122219-654","1 / 32","37.000","10/07/2026","Yenışafak Mah. De Kiralık 3+1 Daire","Kiralık Daire","3 + 1","140 m²","4 Yaşında","Zemin","Denizli / Merkezefendi / Yenişafak Mah.","","","WhatsApp",""
"https://www.hepsiemlak.com/denizli-pamukkale-istiklal-kiralik/daire/54417-795","1 / 11","18.000","17/08/2026","İstiklal Mevki Eşyalı Balkonlu 2+1 Kiralık Apart","Kiralık Daire","2 + 1","55 m²","15 Yaşında","Ara Kat","Denizli / Pamukkale / İstiklal Mah.","","","WhatsApp",""
"https://www.hepsiemlak.com/denizli-pamukkale-kuspinar-kiralik/daire/140742-935","1 / 16","22.000","04/08/2026","Remax Model Den Kuşpınar Da Çarşamba Pazarına Yürüme Mesafesinde 2+1 Kiralık Daire","Kiralık Daire","2 + 1","110 m²","30 Yaşında","3. Kat","Denizli / Pamukkale / Kuşpınar Mah.","https://hecdn01.hemlak.com/mncropresize/182/137/ds01/6/4/6/5/6/0/7/4/04542c3e-137f-4a22-8ea1-c0c3d7747ebe.jpg","Remax Model 2","WhatsApp","https://hecdnnw.hemlak.com/mncropresize/77/67/logo/2/4/7/0/4/1/53e0ba3f-4b66-4917-976e-f0430701af7b.jpg"
"https://www.hepsiemlak.com/denizli-pamukkale-siteler-kiralik/daire/4766-18737","1 / 14","21.000","13/08/2026","Ender Uysal Gayrimenkulden Sitelerde Foruma Yakın 2+1 Geniş Klimalı Kiralık Apart...","Kiralık Daire","2 + 1","70 m²","10 Yaşında","1. Kat","Denizli / Pamukkale / Siteler Mah.","https://www.hepsiemlak.com/_nuxt/8cafc93fb5c74c75e9e04e528e02ccdf.jpg","","WhatsApp",""
"https://www.hepsiemlak.com/denizli-merkezefendi-semikler-kiralik/daire/102131-54536","1 / 28","25.000","24/08/2026","Denizli Şemikler Mahallesinde Albayrak Meydanı Altında 2+1 120m2 Kiralık Fırsat Ara Kat Daire","Kiralık Daire","2 + 1","120 m²","10 Yaşında","Ara Kat","Denizli / Merkezefendi / Şemikler Mah.","https://www.hepsiemlak.com/_nuxt/8cafc93fb5c74c75e9e04e528e02ccdf.jpg","Yüksel Gayrimenkul","WhatsApp","https://www.hepsiemlak.com/_nuxt/8cafc93fb5c74c75e9e04e528e02ccdf.jpg"
"https://www.hepsiemlak.com/denizli-merkezefendi-karaman-kiralik/daire/0-47102521","1 / 10","25.000","10/08/2026","Sahibinden Kiralık","Kiralık Daire","3 + 1","150 m²","25 Yaşında","2. Kat","Denizli / Merkezefendi / Karaman Mah.","https://www.hepsiemlak.com/_nuxt/8cafc93fb5c74c75e9e04e528e02ccdf.jpg","","WhatsApp",""
"https://www.hepsiemlak.com/denizli-buldan-cumhuriyet-kiralik/daire/0-45427381","1 / 10","25.000","16/07/2026","Sahibinden 3+1 Kiralık Daire","Kiralık Daire","3 + 1","160 m²","10 Yaşında","3. Kat","Denizli / Buldan / Cumhuriyet Mah.","https://www.hepsiemlak.com/_nuxt/8cafc93fb5c74c75e9e04e528e02ccdf.jpg","","WhatsApp",""
"https://www.hepsiemlak.com/denizli-pamukkale-topraklik-kiralik/daire/165959-85","1 / 21","17.000","19/08/2026","Kayalık Caddesinde Kiralık Esyalı 1+1 65 M2  Dublex Daire Ferah Geniş Teraslı Keyifli Yaşam Alanı M","Kiralık Daire","1 + 1","75 m²","6 Yaşında","6. Kat","Denizli / Pamukkale / Topraklık Mah.","https://www.hepsiemlak.com/_nuxt/8cafc93fb5c74c75e9e04e528e02ccdf.jpg","","WhatsApp",""
"https://www.hepsiemlak.com/denizli-merkezefendi-yenisehir-kiralik/daire/162589-264","1 / 23","28.000","16/07/2026","Yenişehir Ihlamur Konaklarında Kiralık Lüks 1+1 Arakat","Kiralık Daire","1 + 1","90 m²","11 Yaşında","3. Kat","Denizli / Merkezefendi / Yenişehir Mah.","https://www.hepsiemlak.com/_nuxt/8cafc93fb5c74c75e9e04e528e02ccdf.jpg","Toprak Dünyası Gayrimenkul","WhatsApp","https://www.hepsiemlak.com/_nuxt/8cafc93fb5c74c75e9e04e528e02ccdf.jpg"
"https://www.hepsiemlak.com/denizli-merkezefendi-yenisafak-kiralik/daire/130692-1161","1 / 6","18.000","30/08/2026","Gülemden Kiralık Geniş 1+1 Balkonlu Daire","Kiralık Daire","1 + 1","62 m²","Sıfır Bina","Yüksek Giriş","Denizli / Merkezefendi / Yenişafak Mah.","https://www.hepsiemlak.com/_nuxt/8cafc93fb5c74c75e9e04e528e02ccdf.jpg","","WhatsApp",""
"https://www.hepsiemlak.com/denizli-pamukkale-bagbasi-kiralik/daire/134506-1060","1 / 8","17.500","03/09/2026","Bağbaşında 1+1 Bahçeli Kiralık Apart","Kiralık Daire","1 + 1","65 m²","17 Yaşında","Bahçe Katı","Denizli / Pamukkale / Bağbaşı Mah.","https://www.hepsiemlak.com/_nuxt/8cafc93fb5c74c75e9e04e528e02ccdf.jpg","","WhatsApp",""
"https://www.hepsiemlak.com/denizli-merkezefendi-gumuscay-kiralik/daire/153882-382","1 / 17","22.000","01/08/2026","Denizli Gümüşçay Kaymakamlık Yanı 2+1 Geniş Kiralık Daire","Kiralık Daire","2 + 1","130 m²","1 Yaşında","3. Kat","Denizli / Merkezefendi / Gümüşçay Mah.","https://www.hepsiemlak.com/_nuxt/8cafc93fb5c74c75e9e04e528e02ccdf.jpg","Türkalp Gayrimenkul","WhatsApp","https://www.hepsiemlak.com/_nuxt/8cafc93fb5c74c75e9e04e528e02ccdf.jpg"
"https://www.hepsiemlak.com/denizli-pamukkale-kinikli-kiralik/daire/133343-968","1 / 18","8.000","29/07/2026","Kınıklıda Kiralık Apart","Kiralık Daire","1 + 1","40 m²","29 Yaşında","Yarı Bodrum","Denizli / Pamukkale / Kınıklı Mah.","https://www.hepsiemlak.com/_nuxt/8cafc93fb5c74c75e9e04e528e02ccdf.jpg","Frezya","WhatsApp","https://www.hepsiemlak.com/_nuxt/8cafc93fb5c74c75e9e04e528e02ccdf.jpg"
"https://www.hepsiemlak.com/denizli-pamukkale-zeytinkoy-kiralik/daire/94398-5944","1 / 24","15.000","23/07/2026","+1'den Cerrahi Hastanesi 2+1 70 M2 Eşyalı Balkonlu Apart","Kiralık Daire","2 + 1","70 m²","2 Yaşında","1. Kat","Denizli / Pamukkale / Zeytinköy Mah.","https://www.hepsiemlak.com/_nuxt/8cafc93fb5c74c75e9e04e528e02ccdf.jpg","Artı 1 Gayrimenkul","WhatsApp","https://www.hepsiemlak.com/_nuxt/8cafc93fb5c74c75e9e04e528e02ccdf.jpg"
"https://www.hepsiemlak.com/denizli-pamukkale-kinikli-kiralik/daire/140742-913","1 / 16","30.000","24/07/2026","Remax  Model Den Kınıklı Mahallesınde Sıte Icerısınde 3+1 Kıralık Daıre","Kiralık Daire","3 + 1","145 m²","26 Yaşında","4. Kat","Denizli / Pamukkale / Kınıklı Mah.","https://www.hepsiemlak.com/_nuxt/8cafc93fb5c74c75e9e04e528e02ccdf.jpg","Remax Model 2","WhatsApp","https://www.hepsiemlak.com/_nuxt/8cafc93fb5c74c75e9e04e528e02ccdf.jpg"
"https://www.hepsiemlak.com/denizli-merkezefendi-semikler-kiralik/daire/102131-54487","1 / 28","25.000","20/08/2026","Denizli Şemikler Mahallesinde 2+1 120 M2 Naz Bayrak Üstü Kiralık Arakat Daire","Kiralık Daire","2 + 1","120 m²","10 Yaşında","2. Kat","Denizli / Merkezefendi / Şemikler Mah.","https://www.hepsiemlak.com/_nuxt/8cafc93fb5c74c75e9e04e528e02ccdf.jpg","Yüksel Gayrimenkul","WhatsApp","https://www.hepsiemlak.com/_nuxt/8cafc93fb5c74c75e9e04e528e02ccdf.jpg"
"https://www.hepsiemlak.com/denizli-merkezefendi-ilbade-kiralik/daire/124405-295","1 / 6","15.000","20/08/2026","Meska Sıtelerınde Kıralık Daıre","Kiralık Daire","2 + 1","80 m²","31 Yaşında","5. Kat","Denizli / Merkezefendi / İlbade Mah.","https://www.hepsiemlak.com/_nuxt/8cafc93fb5c74c75e9e04e528e02ccdf.jpg","Demirtaş Gayrimenkul","WhatsApp","https://www.hepsiemlak.com/_nuxt/8cafc93fb5c74c75e9e04e528e02ccdf.jpg"
"https://www.hepsiemlak.com/denizli-merkezefendi-adalet-kiralik/daire/57871-100","1 / 10","15.000","27/07/2026","Saygın Dan Adalet De 1+1 Lüks Kiralık Apart Daire","Kiralık Daire","1 + 1","65 m²","5 Yaşında","3. Kat","Denizli / Merkezefendi / Adalet Mah.","https://www.hepsiemlak.com/_nuxt/8cafc93fb5c74c75e9e04e528e02ccdf.jpg","Saygın Emlak","WhatsApp","https://www.hepsiemlak.com/_nuxt/8cafc93fb5c74c75e9e04e528e02ccdf.jpg"
"https://www.hepsiemlak.com/denizli-pamukkale-kinikli-kiralik/daire/4766-18828","1 / 13","18.000","02/09/2026","Ender Uysal Gayrimenkulden Kiralık Çamlıkta 2+1 Kiralık Daire.","Kiralık Daire","2 + 1","125 m²","35 Yaşında","1. Kat","Denizli / Pamukkale / Kınıklı Mah.","https://www.hepsiemlak.com/_nuxt/8cafc93fb5c74c75e9e04e528e02ccdf.jpg","","WhatsApp",""
"https://www.hepsiemlak.com/denizli-merkezefendi-cakmak-kiralik/daire/54626-5821","1 / 13","35.000","14/08/2026","Kaan Emlaktan Depozitosuz 112 Acil Yakını 3+1 Lüx Daire","Kiralık Daire","3 + 1","160 m²","6 Yaşında","2. Kat","Denizli / Merkezefendi / Çakmak Mah.","https://www.hepsiemlak.com/_nuxt/8cafc93fb5c74c75e9e04e528e02ccdf.jpg","","WhatsApp",""
"https://www.hepsiemlak.com/denizli-merkezefendi-karahasanli-kiralik/daire/134619-825","1 / 28","15.000","20/07/2026","Karahasanlıda Yeni Yapılan Şehir Hastanesine Yakın Kiralık 2+1 Fırsatdaire..","Kiralık Daire","2 + 1","90 m²","7 Yaşında","En Üst Kat","Denizli / Merkezefendi / Karahasanlı Mah.","https://www.hepsiemlak.com/_nuxt/8cafc93fb5c74c75e9e04e528e02ccdf.jpg","Ateş 20 Offıce","WhatsApp","https://www.hepsiemlak.com/_nuxt/8cafc93fb5c74c75e9e04e528e02ccdf.jpg"
"https://www.hepsiemlak.com/denizli-merkezefendi-sirinkoy-kiralik/daire/86543-2322","1 / 31","15.000","28/07/2026","Aybars'tan Şirinköy'de Kiralık 2+1 Daire","Kiralık Daire","2 + 1","120 m²","25 Yaşında","Bahçe Katı","Denizli / Merkezefendi / Şirinköy Mah.","https://www.hepsiemlak.com/_nuxt/8cafc93fb5c74c75e9e04e528e02ccdf.jpg","Aybars Gayrimenkul","WhatsApp","https://www.hepsiemlak.com/_nuxt/8cafc93fb5c74c75e9e04e528e02ccdf.jpg"
"https://www.hepsiemlak.com/denizli-merkezefendi-gultepe-kiralik/daire/163480-218","1 / 23","34.999","01/08/2026","Albayrak Altı Cadde Üzeri 3+1 170m2 Arakat Ön Cephe Giyinme O- Ebeveyn Banyolu Daire","Kiralık Daire","3 + 1","170 m²","Sıfır Bina","Ara Kat","Denizli / Merkezefendi / Gültepe Mah.","https://www.hepsiemlak.com/_nuxt/8cafc93fb5c74c75e9e04e528e02ccdf.jpg","","WhatsApp",""
"https://www.hepsiemlak.com/denizli-merkezefendi-gerzele-kiralik/daire/110125-603","1 / 35","43.000","01/09/2026","Gerzele Mh Kiralık Site İçi Giyinme Odalı Ebeveyn Banyolu Daire","Kiralık Daire","3 + 1","185 m²","11 Yaşında","4. Kat","Denizli / Merkezefendi / Gerzele Mah.","","","WhatsApp",""
"https://www.hepsiemlak.com/denizli-merkezefendi-karahasanli-kiralik/daire/153882-377","1 / 22","21.000","11/08/2026","Karahasanlı Şehir Hastanesi Dibi 2+1 Kiralık Apart","Kiralık Daire","2 + 1","60 m²","Sıfır Bina","Ara Kat","Denizli / Merkezefendi / Karahasanlı Mah.","https://hecdnnw.hemlak.com/mncropresize/77/67/logo/2/8/8/3/5/1/52be8a93-4c47-4727-a5bb-36848a14ac6b.jpg","Türkalp Gayrimenkul","WhatsApp","https://hecdnnw.hemlak.com/mncropresize/77/67/firmuser/8/1/5/4/3/3/4/859756a1-e656-45ec-b9f6-342017a215dc.jpg"
"https://www.hepsiemlak.com/denizli-merkezefendi-saraylar-kiralik/residence/133343-935","1 / 35","20.000","10/09/2026","Bayramyeri Rezidans: Full Eşyalı 1+1/2+1 İster Ofis İster Konut","Kiralık Residence","1 + 1","50 m²","Sıfır Bina","2. Kat","Denizli / Merkezefendi / Saraylar Mah.","https://hecdnnw.hemlak.com/mncropresize/77/67/logo/3/4/3/3/3/1/4de97290-5be1-4753-b608-9c8975b2e2d7.jpg","Frezya","WhatsApp",""
"https://www.hepsiemlak.com/denizli-pamukkale-kinikli-kiralik/daire/0-39375992","1 / 7","19.000","29/08/2026","Paü Unıversıte 1+1 Apart Kompüs","Kiralık Daire","1 + 1","45 m²","5 Yaşında","En Üst Kat","Denizli / Pamukkale / Kınıklı Mah.","https://hecdn01.hemlak.com/mncropresize/182/137/ds01/2/9/9/5/7/3/9/3/huwyS710YcoCczSCaMHQC.jpg","","WhatsApp",""
"https://www.hepsiemlak.com/denizli-pamukkale-mehmetcik-kiralik/daire/165959-86","1 / 14","16.000","19/08/2026","Mehmetçik Mahallesi'nin En Nezih Konumunda Yer Alan Eşyalı 2+1 65 M2 Bahçe Kat Apartımız Kiralıktır","Kiralık Daire","2 + 1","75 m²","10 Yaşında","Bahçe Katı","Denizli / Pamukkale / Mehmetçik Mah.","https://www.hepsiemlak.com/_nuxt/8cafc93fb5c74c75e9e04e528e02ccdf.jpg","","WhatsApp",""
"https://www.hepsiemlak.com/denizli-merkezefendi-karahasanli-kiralik/daire/163090-80","","30.000","31/08/2026","Mimardan Yeni Hastane Karşısında Sıfır Eşyalı Apart Fırsatı","Kiralık Daire","2 + 1","75 m²","Sıfır Bina","4. Kat","Denizli / Merkezefendi / Karahasanlı Mah.","","Mimar Gayrimenkul","WhatsApp","https://www.hepsiemlak.com/_nuxt/8cafc93fb5c74c75e9e04e528e02ccdf.jpg"
"https://www.hepsiemlak.com/denizli-pamukkale-mehmetcik-kiralik/daire/140742-729","1 / 26","22.500","05/08/2026","Remax Model Den Mehmetçıkte 2+1 Eşyalı Kıralık Daıre","Kiralık Daire","2 + 1","70 m²","5 Yaşında","Bahçe Katı","Denizli / Pamukkale / Mehmetçik Mah.","https://www.hepsiemlak.com/_nuxt/8cafc93fb5c74c75e9e04e528e02ccdf.jpg","Remax Model 2","WhatsApp","https://www.hepsiemlak.com/_nuxt/8cafc93fb5c74c75e9e04e528e02ccdf.jpg"
"https://www.hepsiemlak.com/denizli-pamukkale-asmalievler-kiralik/daire/91390-2621","1 / 29","17.000","24/08/2026","Şehzade Gayrimenkul'den Asmalıevler Mah. 1+1 Kiralık Apart","Kiralık Daire","1 + 1","50 m²","6 Yaşında","2. Kat","Denizli / Pamukkale / Asmalıevler Mah.","https://www.hepsiemlak.com/_nuxt/8cafc93fb5c74c75e9e04e528e02ccdf.jpg","Şehzade Gayrimenkul","WhatsApp","https://www.hepsiemlak.com/_nuxt/8cafc93fb5c74c75e9e04e528e02ccdf.jpg"
"https://www.hepsiemlak.com/denizli-pamukkale-atalar-kiralik/daire/49011-11411","1 / 21","27.000","03/08/2026","Binyapıdan Atalarda Emek Caddesinde Eşyalı 2+1 Lüks Daire","Kiralık Daire","2 + 1","100 m²","5 Yaşında","2. Kat","Denizli / Pamukkale / Atalar Mah.","https://www.hepsiemlak.com/_nuxt/8cafc93fb5c74c75e9e04e528e02ccdf.jpg","","WhatsApp",""
"https://www.hepsiemlak.com/denizli-pamukkale-atalar-kiralik/daire/131665-152","1 / 14","17.000","27/08/2026","Denizli Lisesi**kıbrıs Şehitlere Yakın**yüksek Zemin","Kiralık Daire","2 + 1","120 m²","31 Yaşında","Yüksek Giriş","Denizli / Pamukkale / Atalar Mah.","https://www.hepsiemlak.com/_nuxt/8cafc93fb5c74c75e9e04e528e02ccdf.jpg","","WhatsApp",""
"https://www.hepsiemlak.com/denizli-merkezefendi-ilbade-kiralik/daire/164617-55","1 / 10","15.000","02/09/2026","Bakırlıda İlbadı Pazar Yerine Yakın Eşyalı 2+1 Fırsat Apart","Kiralık Daire","2 + 1","65 m²","Sıfır Bina","3. Kat","Denizli / Merkezefendi / İlbade Mah.","https://www.hepsiemlak.com/_nuxt/8cafc93fb5c74c75e9e04e528e02ccdf.jpg","Meuz Gayrimenkul","WhatsApp","https://www.hepsiemlak.com/_nuxt/8cafc93fb5c74c75e9e04e528e02ccdf.jpg"
"https://www.hepsiemlak.com/denizli-pamukkale-asmalievler-kiralik/daire/4766-18794","1 / 13","18.000","28/08/2026","Ender Uysal Gayrimenkulden Asmalıevlerde Kiralık 2+1 Lüx Apart...","Kiralık Daire","2 + 1","65 m²","5 Yaşında","3. Kat","Denizli / Pamukkale / Asmalıevler Mah.","https://www.hepsiemlak.com/_nuxt/8cafc93fb5c74c75e9e04e528e02ccdf.jpg","","WhatsApp",""
"https://www.hepsiemlak.com/denizli-merkezefendi-karahasanli-kiralik/daire/140658-260","1 / 59","20.000","03/09/2026","Sıfır Arakat Asansörlü Balkonlu Klimalı","Kiralık Daire","1 + 1","55 m²","Sıfır Bina","2. Kat","Denizli / Merkezefendi / Karahasanlı Mah.","https://www.hepsiemlak.com/_nuxt/8cafc93fb5c74c75e9e04e528e02ccdf.jpg","Pars Gayrimenkul","WhatsApp","https://www.hepsiemlak.com/_nuxt/8cafc93fb5c74c75e9e04e528e02ccdf.jpg"
"https://www.hepsiemlak.com/denizli-pamukkale-istiklal-kiralik/daire/134619-573","1 / 17","13.000","07/09/2026","İncilipınar,Da Eşyalı Kiralık 1+1 60 M2 Depozitosuz Kiralık Apart…","Kiralık Daire","1 + 1","60 m²","6 Yaşında","1. Kat","Denizli / Pamukkale / İstiklal Mah.","https://www.hepsiemlak.com/_nuxt/8cafc93fb5c74c75e9e04e528e02ccdf.jpg","Ateş 20 Offıce","WhatsApp","https://www.hepsiemlak.com/_nuxt/8cafc93fb5c74c75e9e04e528e02ccdf.jpg"
"https://www.hepsiemlak.com/denizli-merkezefendi-adalet-kiralik/daire/122348-303","1 / 12","30.000","30/08/2026","Denizli Adalet Mahallesi Kiralık Apart","Kiralık Daire","2 + 1","70 m²","5 Yaşında","3. Kat","Denizli / Merkezefendi / Adalet Mah.","https://www.hepsiemlak.com/_nuxt/8cafc93fb5c74c75e9e04e528e02ccdf.jpg","Eva Port Gayrimenkul","WhatsApp","https://www.hepsiemlak.com/_nuxt/8cafc93fb5c74c75e9e04e528e02ccdf.jpg"
"https://www.hepsiemlak.com/denizli-merkezefendi-cakmak-kiralik/daire/102131-54528","1 / 25","6.250.000","21/08/2026","Çakmak’ta 3+1 Panjurlu Ebeveyn Banyolu Özel Otopark Alanı Olan Satılık Ultra Lüks Daireler","Kiralık Daire","3 + 1","150 m²","Sıfır Bina","1. Kat","Denizli / Merkezefendi / Çakmak Mah.","https://www.hepsiemlak.com/_nuxt/8cafc93fb5c74c75e9e04e528e02ccdf.jpg","Yüksel Gayrimenkul","WhatsApp","https://www.hepsiemlak.com/_nuxt/8cafc93fb5c74c75e9e04e528e02ccdf.jpg"
"https://www.hepsiemlak.com/denizli-merkezefendi-akkonak-kiralik/daire/132069-288","1 / 60","11.500","25/07/2026","Şehir Merkezinde Eşyalı Kiralık 1+1 Teraslı Akkonak / Günbattı","Kiralık Daire","1 + 1","40 m²","2 Yaşında","2. Kat","Denizli / Merkezefendi / Akkonak Mah.","https://www.hepsiemlak.com/_nuxt/8cafc93fb5c74c75e9e04e528e02ccdf.jpg","","WhatsApp",""
"https://www.hepsiemlak.com/denizli-pamukkale-incilipinar-kiralik/daire/54626-5840","1 / 11","15.000","27/08/2026","Kaan Emlak'tan İncilpınar'da Yse Kavşağına Yakın 1+1 Eşyalı Apart","Kiralık Daire","1 + 1","50 m²","10 Yaşında","2. Kat","Denizli / Pamukkale / İncilipınar Mah.","https://www.hepsiemlak.com/_nuxt/8cafc93fb5c74c75e9e04e528e02ccdf.jpg","","WhatsApp",""
"https://www.hepsiemlak.com/denizli-merkezefendi-degirmenonu-kiralik/daire/102793-2745","1 / 13","13.000","11/08/2026","Fark 20 Gayrimenkul'den Kiralık Teraslı 1+1 Apart","Kiralık Daire","1 + 1","45 m²","6 Yaşında","3. Kat","Denizli / Merkezefendi / Değirmenönü Mah.","https://www.hepsiemlak.com/_nuxt/8cafc93fb5c74c75e9e04e528e02ccdf.jpg","Fark 20 Emlak","WhatsApp",""
"https://www.hepsiemlak.com/denizli-pamukkale-kinikli-kiralik/daire/94398-5983","1 / 18","22.500","09/09/2026","+1'den Kınıklı Kampüs Anfi De90 M2 2+1 Amerikan Mutfak Kiralık","Kiralık Daire","2 + 1","95 m²","11 Yaşında","2. Kat","Denizli / Pamukkale / Kınıklı Mah.","https://www.hepsiemlak.com/_nuxt/8cafc93fb5c74c75e9e04e528e02ccdf.jpg","Artı 1 Gayrimenkul","WhatsApp","https://www.hepsiemlak.com/_nuxt/8cafc93fb5c74c75e9e04e528e02ccdf.jpg"
"https://www.hepsiemlak.com/denizli-merkezefendi-gumuscay-kiralik/daire/163480-210","1 / 14","18.000","29/07/2026","Gümüşçayda 2+1 120 M2 Cam Balkonlu 2 Yıllık Bina","Kiralık Daire","2 + 1","120 m²","2 Yaşında","Bahçe Katı","Denizli / Merkezefendi / Gümüşçay Mah.","https://www.hepsiemlak.com/_nuxt/8cafc93fb5c74c75e9e04e528e02ccdf.jpg","","WhatsApp",""
"https://www.hepsiemlak.com/denizli-pamukkale-incilipinar-kiralik/daire/164617-51","1 / 10","16.000","02/09/2026","Grant İtimat Otel Yanı Cadde Üstü Eşyalı 2+1 Kiralık Apart","Kiralık Daire","2 + 1","70 m²","6 Yaşında","3. Kat","Denizli / Pamukkale / İncilipınar Mah.","https://www.hepsiemlak.com/_nuxt/8cafc93fb5c74c75e9e04e528e02ccdf.jpg","Meuz Gayrimenkul","WhatsApp","https://www.hepsiemlak.com/_nuxt/8cafc93fb5c74c75e9e04e528e02ccdf.jpg"
"https://www.hepsiemlak.com/denizli-pamukkale-kinikli-kiralik/daire/4766-18748","1 / 13","12.000","18/08/2026","Ender Uysal Gayrimenkulden Kampüste Kiralık 1+1 Balkonlu Apart....","Kiralık Daire","1 + 1","40 m²","5 Yaşında","1. Kat","Denizli / Pamukkale / Kınıklı Mah.","https://www.hepsiemlak.com/_nuxt/8cafc93fb5c74c75e9e04e528e02ccdf.jpg","","WhatsApp",""
"https://www.hepsiemlak.com/denizli-pamukkale-istiklal-kiralik/daire/49011-11401","1 / 19","28.000","07/09/2026","Binyapıdan Kıbrıs Şehitler Caddesi Yakını Kiralık Lüks Daire !","Kiralık Daire","3 + 1","200 m²","16 Yaşında","Yüksek Giriş","Denizli / Pamukkale / İstiklal Mah.","https://www.hepsiemlak.com/_nuxt/8cafc93fb5c74c75e9e04e528e02ccdf.jpg","","WhatsApp",""
"https://www.hepsiemlak.com/denizli-pamukkale-mehmetcik-kiralik/daire/122348-278","1 / 12","18.000","09/09/2026","Denizli Mehmetçik Mh Kiralık Apart","Kiralık Daire","2 + 1","65 m²","8 Yaşında","1. Kat","Denizli / Pamukkale / Mehmetçik Mah.","https://hecdnnw.hemlak.com/mncropresize/77/67/logo/8/4/3/2/2/1/2df81c90-4464-4d92-880c-f3252495f7a8.jpg","Eva Port Gayrimenkul","WhatsApp",""
"https://www.hepsiemlak.com/denizli-pamukkale-atalar-kiralik/daire/133232-680","1 / 33","25.000","29/07/2026","Koza'dan Çınar Meydanda Kiralık 4+1 Arakat Daire","Kiralık Daire","4 + 1","200 m²","25 Yaşında","2. Kat","Denizli / Pamukkale / Atalar Mah.","","","WhatsApp",""
"https://www.hepsiemlak.com/denizli-merkezefendi-gumuscay-kiralik/daire/163480-206","1 / 14","17.500","26/07/2026","Gümüşçayda Kiralık Bahçe Katı 2+1 115 M2 Daire","Kiralık Daire","2 + 1","115 m²","2 Yaşında","Bahçe Katı","Denizli / Merkezefendi / Gümüşçay Mah.","","","WhatsApp",""
"https://www.hepsiemlak.com/denizli-pamukkale-kinikli-kiralik/daire/165959-83","1 / 11","27.000","19/08/2026","Huzur Gayrimenkulkınıklı' Cafeler Sokağında 2+1 75 M2 Kiralık İster Daire İster  Ofis Isyeri","Kiralık Daire","2 + 1","85 m²","15 Yaşında","2. Kat","Denizli / Pamukkale / Kınıklı Mah.","https://hecdn01.hemlak.com/mncropresize/182/137/ds01/0/7/8/1/2/8/6/4/1782326496749-46821870.jpg","","WhatsApp",""
"https://www.hepsiemlak.com/denizli-merkezefendi-akkonak-kiralik/daire/159501-193","1 / 9","15.000","24/08/2026","Depozitosuz Lozan'da Cadde Üstü Lüks Daire Fırsatı","Kiralık Daire","2 + 0","110 m²","11 Yaşında","4. Kat","Denizli / Merkezefendi / Akkonak Mah.","https://www.hepsiemlak.com/_nuxt/8cafc93fb5c74c75e9e04e528e02ccdf.jpg","","WhatsApp",""
"https://www.hepsiemlak.com/denizli-pamukkale-mehmetcik-kiralik/daire/4766-18811","1 / 12","25.000","01/09/2026","Ender Uysal Gayrimenkulden Mehmetçikte Boyalı Arakat 3+1 Kiralık Daire Yetki No:20534901","Kiralık Daire","3 + 1","130 m²","10 Yaşında","3. Kat","Denizli / Pamukkale / Mehmetçik Mah.","https://www.hepsiemlak.com/_nuxt/8cafc93fb5c74c75e9e04e528e02ccdf.jpg","","WhatsApp",""
"https://www.hepsiemlak.com/denizli-pamukkale-yunusemre-kiralik/daire/120473-326","1 / 20","15.500","29/06/2026","Kınıklı Karakolu Paü Kampüs Antalya Asfaltı Üstünde 1+1* 45m2","Kiralık Daire","1 + 1","55 m²","6 Yaşında","4. Kat","Denizli / Pamukkale / Yunusemre Mah.","https://www.hepsiemlak.com/_nuxt/8cafc93fb5c74c75e9e04e528e02ccdf.jpg","Luin Zera Gayrimenkul","WhatsApp","https://www.hepsiemlak.com/img/loadings/noImage55-55.png"
"https://www.hepsiemlak.com/denizli-pamukkale-siteler-kiralik/daire/94398-5967","1 / 14","7.000","03/09/2026","+1'den Forum Yakını 1+0 30 M2 Klimalı Eşyalı Apart","Kiralık Daire","Stüdyo","35 m²","6 Yaşında","Bodrum","Denizli / Pamukkale / Siteler Mah.","https://www.hepsiemlak.com/_nuxt/8cafc93fb5c74c75e9e04e528e02ccdf.jpg","Artı 1 Gayrimenkul","WhatsApp","https://www.hepsiemlak.com/_nuxt/8cafc93fb5c74c75e9e04e528e02ccdf.jpg"
"https://www.hepsiemlak.com/denizli-merkezefendi-cakmak-kiralik/daire/151348-502","1 / 15","29.000","18/06/2026","Çakmak Mahallesin'de Geniş Ve Ferah Kiralık Daire","Kiralık Daire","2 + 1","125 m²","6 Yaşında","3. Kat","Denizli / Merkezefendi / Çakmak Mah.","https://www.hepsiemlak.com/_nuxt/8cafc93fb5c74c75e9e04e528e02ccdf.jpg","Blue Sky Gayrimenkul","WhatsApp","https://www.hepsiemlak.com/_nuxt/8cafc93fb5c74c75e9e04e528e02ccdf.jpg"
"https://www.hepsiemlak.com/denizli-pamukkale-asmalievler-kiralik/daire/133232-646","1 / 17","13.000","18/08/2026","Koza'dan Ulus Kavşağında Kiralık Balkonlu 2+1 Arakat Apart","Kiralık Daire","2 + 1","60 m²","10 Yaşında","3. Kat","Denizli / Pamukkale / Asmalıevler Mah.","https://www.hepsiemlak.com/_nuxt/8cafc93fb5c74c75e9e04e528e02ccdf.jpg","","WhatsApp",""
"https://www.hepsiemlak.com/denizli-pamukkale-atalar-kiralik/daire/109302-94","1 / 15","12.000","29/06/2026","Denizli Çınar Mevki Atalar Okulu Yanı 1+1 Apartımız Kiralıktır","Kiralık Daire","1 + 1","55 m²","5 Yaşında","En Üst Kat","Denizli / Pamukkale / Atalar Mah.","https://www.hepsiemlak.com/_nuxt/8cafc93fb5c74c75e9e04e528e02ccdf.jpg","Çivrilli Emlak","WhatsApp","https://www.hepsiemlak.com/_nuxt/8cafc93fb5c74c75e9e04e528e02ccdf.jpg"
"https://www.hepsiemlak.com/denizli-pamukkale-topraklik-kiralik/daire/81242-415","1 / 18","25.000","21/08/2026","Topraklıkta Kiralik Arakat","Kiralık Daire","3 + 1","155 m²","6 Yaşında","2. Kat","Denizli / Pamukkale / Topraklık Mah.","https://www.hepsiemlak.com/_nuxt/8cafc93fb5c74c75e9e04e528e02ccdf.jpg","Mk Gayrımenkul","WhatsApp","https://www.hepsiemlak.com/_nuxt/8cafc93fb5c74c75e9e04e528e02ccdf.jpg"
"https://www.hepsiemlak.com/denizli-merkezefendi-karahasanli-kiralik/daire/134619-702","1 / 12","15.000","06/08/2026","Karahasanlıda, Eşyalı 2+1 Kiralık Arakat Asansörlü Fırsat Daire.","Kiralık Daire","2 + 1","90 m²","6 Yaşında","2. Kat","Denizli / Merkezefendi / Karahasanlı Mah.","https://www.hepsiemlak.com/_nuxt/8cafc93fb5c74c75e9e04e528e02ccdf.jpg","Ateş 20 Offıce","WhatsApp","https://www.hepsiemlak.com/_nuxt/8cafc93fb5c74c75e9e04e528e02ccdf.jpg"
"https://www.hepsiemlak.com/denizli-merkezefendi-adalet-kiralik/daire/91390-2668","1 / 18","27.500","19/08/2026","Şehzade'den Şirinköy'de Bahçe Kat Sıfır Kiralık Apart","Kiralık Daire","1 + 1","65 m²","1 Yaşında","Bahçe Katı","Denizli / Merkezefendi / Adalet Mah.","https://www.hepsiemlak.com/_nuxt/8cafc93fb5c74c75e9e04e528e02ccdf.jpg","Şehzade Gayrimenkul","WhatsApp","https://www.hepsiemlak.com/_nuxt/8cafc93fb5c74c75e9e04e528e02ccdf.jpg"
"https://www.hepsiemlak.com/denizli-merkezefendi-yenisafak-kiralik/daire/102131-54492","1 / 18","35.000","20/08/2026","Denizli Yenişafak Gül Meyd. Yakın Arakat Site İçi E. Banyolu 3+1 200 M2 Kiralık Daire","Kiralık Daire","3 + 10","200 m²","14 Yaşında","4. Kat","Denizli / Merkezefendi / Yenişafak Mah.","https://www.hepsiemlak.com/_nuxt/8cafc93fb5c74c75e9e04e528e02ccdf.jpg","Yüksel Gayrimenkul","WhatsApp","https://www.hepsiemlak.com/_nuxt/8cafc93fb5c74c75e9e04e528e02ccdf.jpg"
"https://www.hepsiemlak.com/denizli-merkezefendi-akkonak-kiralik/daire/114443-1176","1 / 15","22.000","19/08/2026","Akkonak Mahallesinde 2+1 Kiralık Daire","Kiralık Daire","2 + 1","120 m²","55 Yaşında","Ara Kat","Denizli / Merkezefendi / Akkonak Mah.","https://www.hepsiemlak.com/_nuxt/8cafc93fb5c74c75e9e04e528e02ccdf.jpg","","WhatsApp",""
"https://www.hepsiemlak.com/denizli-merkezefendi-akkonak-kiralik/daire/159501-186","1 / 9","15.000","24/08/2026","Denizli Akkonak Mahallesinde Depozitosuz Lozan'da Cadde Üstü Lüks Daire Fırsatı","Kiralık Daire","2 + 0","110 m²","11 Yaşında","4. Kat","Denizli / Merkezefendi / Akkonak Mah.","https://www.hepsiemlak.com/_nuxt/8cafc93fb5c74c75e9e04e528e02ccdf.jpg","","WhatsApp",""
"https://www.hepsiemlak.com/denizli-pamukkale-kinikli-kiralik/daire/4766-18791","1 / 12","16.000","27/08/2026","Ender Uysal Gayrimenkulden Yunusemre Mahallesin De Kiralık Arakat 2+1 Apart...","Kiralık Daire","2 + 1","60 m²","4 Yaşında","2. Kat","Denizli / Pamukkale / Kınıklı Mah.","https://www.hepsiemlak.com/_nuxt/8cafc93fb5c74c75e9e04e528e02ccdf.jpg","","WhatsApp",""
"https://www.hepsiemlak.com/denizli-merkezefendi-gumuscay-kiralik/daire/133232-606","1 / 31","15.000","25/07/2026","Koza'dan Gümüşçayda Cadde Cepheli Kiralık Geniş Daire","Kiralık Daire","3 + 1","185 m²","10 Yaşında","3. Kat","Denizli / Merkezefendi / Gümüşçay Mah.","https://www.hepsiemlak.com/_nuxt/8cafc93fb5c74c75e9e04e528e02ccdf.jpg","","WhatsApp",""
"https://www.hepsiemlak.com/denizli-pamukkale-atalar-kiralik/daire/133566-463","1 / 35","15.000","29/07/2026","Çınarda Atalar M.Muhteşem Konumda Sıfır Eşya Geniş Kiralık Apart","Kiralık Daire","1 + 1","55 m²","6 Yaşında","Bahçe Katı","Denizli / Pamukkale / Atalar Mah.","https://www.hepsiemlak.com/_nuxt/8cafc93fb5c74c75e9e04e528e02ccdf.jpg","Ey&su Karaca Gayrimenkul","WhatsApp","https://www.hepsiemlak.com/_nuxt/8cafc93fb5c74c75e9e04e528e02ccdf.jpg"
"https://www.hepsiemlak.com/denizli-merkezefendi-saraylar-kiralik/daire/109302-130","","20.000","19/07/2026","Denizli Devlet Hastanesi Yanı 2+1 Ful Eşyalı Apartımız Kiralık","Kiralık Daire","2 + 1","65 m²","1 Yaşında","2. Kat","Denizli / Merkezefendi / Saraylar Mah.","","Çivrilli Emlak","WhatsApp","https://www.hepsiemlak.com/_nuxt/8cafc93fb5c74c75e9e04e528e02ccdf.jpg"
"https://www.hepsiemlak.com/denizli-merkezefendi-karahasanli-kiralik/daire/124405-292","1 / 20","25.000","25/07/2026","Karahasanlı Sehir Hastanesi Yanı Kıralık Daire","Kiralık Daire","2 + 1","95 m²","4 Yaşında","1. Kat","Denizli / Merkezefendi / Karahasanlı Mah.","https://www.hepsiemlak.com/_nuxt/8cafc93fb5c74c75e9e04e528e02ccdf.jpg","Demirtaş Gayrimenkul","WhatsApp","https://www.hepsiemlak.com/_nuxt/8cafc93fb5c74c75e9e04e528e02ccdf.jpg"
"https://www.hepsiemlak.com/denizli-merkezefendi-adalet-kiralik/daire/86543-2205","1 / 15","17.000","07/09/2026","Aybars'tan Adalet'te Kiralık 1+1 Ara Kat Balkonlu Apart","Kiralık Daire","1 + 1","45 m²","6 Yaşında","2. Kat","Denizli / Merkezefendi / Adalet Mah.","https://www.hepsiemlak.com/_nuxt/8cafc93fb5c74c75e9e04e528e02ccdf.jpg","Aybars Gayrimenkul","WhatsApp","https://www.hepsiemlak.com/_nuxt/8cafc93fb5c74c75e9e04e528e02ccdf.jpg"
"https://www.hepsiemlak.com/denizli-merkezefendi-semikler-kiralik/daire/102131-54483","1 / 15","25.000","20/08/2026","Denizli Şemikler De Kiralık 2+1 120 M2 Arakat Daire","Kiralık Daire","2 + 1","120 m²","10 Yaşında","3. Kat","Denizli / Merkezefendi / Şemikler Mah.","https://www.hepsiemlak.com/_nuxt/8cafc93fb5c74c75e9e04e528e02ccdf.jpg","Yüksel Gayrimenkul","WhatsApp","https://www.hepsiemlak.com/_nuxt/8cafc93fb5c74c75e9e04e528e02ccdf.jpg"
"https://www.hepsiemlak.com/denizli-merkezefendi-adalet-kiralik/daire/4766-18783","1 / 12","25.000","27/08/2026","Ender Uysal Gayrimenkulden Adalet Mahallesinde 3+1 Arakat Asansörlü Manzaralı Kiralık Daire","Kiralık Daire","3 + 1","148 m²","10 Yaşında","Ara Kat","Denizli / Merkezefendi / Adalet Mah.","","","WhatsApp",""
"https://www.hepsiemlak.com/denizli-pamukkale-asmalievler-kiralik/daire/54626-5800","1 / 25","13.000","29/07/2026","Kaan Emlak'tan Asmalıevler'de 1+1 Full Eşyalı Apart.","Kiralık Daire","1 + 1","55 m²","6 Yaşında","4. Kat","Denizli / Pamukkale / Asmalıevler Mah.","","","WhatsApp",""
"https://www.hepsiemlak.com/denizli-pamukkale-pelitlibag-kiralik/daire/94398-5977","1 / 8","11.000","01/09/2026","+1'den Emniyet Müdürlüğü Karşısı 50 M2 1+1 Eşyalı Kiralık Apart","Kiralık Daire","1 + 1","55 m²","6 Yaşında","3. Kat","Denizli / Pamukkale / Pelitlibağ Mah.","https://hecdnnw.hemlak.com/mncropresize/77/67/logo/8/9/3/4/9/0/1c30e048-c87e-4aa4-8855-f77710d5daf1.jpg","Artı 1 Gayrimenkul","WhatsApp",""
"https://www.hepsiemlak.com/denizli-pamukkale-mehmetcik-kiralik/daire/76333-142","1 / 31","25.000","20/08/2026","Sahibinden Kiralık Eşyalı Daire Apart Değildir100 M2 2+1 Daire  Kombili Klimalı Forum Çamlık  Yakın","Kiralık Daire","Stüdyo","120 m²","25 Yaşında","1. Kat","Denizli / Pamukkale / Mehmetçik Mah.","https://hecdn01.hemlak.com/mncropresize/182/137/ds01/2/9/9/1/2/8/6/4/a2e03210-dda2-421c-9c67-4d8681f5769c.jpg","","WhatsApp",""
"https://www.hepsiemlak.com/denizli-pamukkale-15-mayis-kiralik/daire/159501-200","1 / 8","13.000","13/08/2026","Denizli Altıntop Mh. Kiralık Apart","Kiralık Daire","1 + 1","50 m²","12 Yaşında","3. Kat","Denizli / Pamukkale / 15 Mayıs Mah.","https://www.hepsiemlak.com/_nuxt/8cafc93fb5c74c75e9e04e528e02ccdf.jpg","","WhatsApp",""
"https://www.hepsiemlak.com/denizli-merkezefendi-karahasanli-kiralik/daire/57871-154","1 / 20","25.000","24/06/2026","Şehirhastanesi Karşısı 1+1 Balkonlu Sıfır Kiralık Apart","Kiralık Daire","1 + 1","55 m²","Sıfır Bina","1. Kat","Denizli / Merkezefendi / Karahasanlı Mah.","https://www.hepsiemlak.com/_nuxt/8cafc93fb5c74c75e9e04e528e02ccdf.jpg","Saygın Emlak","WhatsApp","https://www.hepsiemlak.com/_nuxt/8cafc93fb5c74c75e9e04e528e02ccdf.jpg"
"https://www.hepsiemlak.com/denizli-merkezefendi-ilbade-kiralik/daire/133566-446","1 / 23","20.000","11/07/2026","İlbade Mahallesinde 2+1 Kiralık Daire Cadde Üzeri","Kiralık Daire","2 + 1","85 m²","Sıfır Bina","2. Kat","Denizli / Merkezefendi / İlbade Mah.","https://www.hepsiemlak.com/_nuxt/8cafc93fb5c74c75e9e04e528e02ccdf.jpg","Ey&su Karaca Gayrimenkul","WhatsApp","https://www.hepsiemlak.com/_nuxt/8cafc93fb5c74c75e9e04e528e02ccdf.jpg"
"https://www.hepsiemlak.com/denizli-pamukkale-15-mayis-kiralik/daire/81242-414","1 / 13","13.000","19/08/2026","Çınar Ptt Altı Kiralık Apart 1+1 2.Kat Arakat","Kiralık Daire","1 + 1","50 m²","6 Yaşında","2. Kat","Denizli / Pamukkale / 15 Mayıs Mah.","https://www.hepsiemlak.com/_nuxt/8cafc93fb5c74c75e9e04e528e02ccdf.jpg","Mk Gayrımenkul","WhatsApp","https://www.hepsiemlak.com/_nuxt/8cafc93fb5c74c75e9e04e528e02ccdf.jpg"
"https://www.hepsiemlak.com/denizli-kale-toki-kiralik/daire/0-44752235","1 / 11","18.000","02/09/2026","Kale Toki Evlerinde Kiralık Daire","Kiralık Daire","2 + 1","90 m²","14 Yaşında","Ara Kat","Denizli / Kale / Toki Mah.","https://www.hepsiemlak.com/_nuxt/8cafc93fb5c74c75e9e04e528e02ccdf.jpg","","WhatsApp",""
"https://www.hepsiemlak.com/denizli-pamukkale-incilipinar-kiralik/daire/114443-1179","1 / 10","16.000","07/08/2026","İncilipınarda 2+1 Kiralık Daire","Kiralık Daire","2 + 1","75 m²","20 Yaşında","Bahçe Katı","Denizli / Pamukkale / İncilipınar Mah.","https://www.hepsiemlak.com/_nuxt/8cafc93fb5c74c75e9e04e528e02ccdf.jpg","","WhatsApp",""
"https://www.hepsiemlak.com/denizli-merkezefendi-selcuk-bey-kiralik/daire/125019-683","1 / 23","40.000","13/08/2026","City20'den Selçuk Mh 4+1 230 M2 Genişlikte Kiralık Daire","Kiralık Daire","4 + 1","230 m²","11 Yaşında","3. Kat","Denizli / Merkezefendi / Selçuk Bey Mah.","https://www.hepsiemlak.com/_nuxt/8cafc93fb5c74c75e9e04e528e02ccdf.jpg","","WhatsApp",""
"https://www.hepsiemlak.com/denizli-pamukkale-siteler-kiralik/daire/4766-18789","1 / 11","18.000","27/08/2026","Ender Uysal Gayrimenkulden Sitelerde Kiralık 2+1 Eşyalı Daire..","Kiralık Daire","2 + 1","75 m²","15 Yaşında","Yüksek Giriş","Denizli / Pamukkale / Siteler Mah.","https://www.hepsiemlak.com/_nuxt/8cafc93fb5c74c75e9e04e528e02ccdf.jpg","","WhatsApp",""
"https://www.hepsiemlak.com/denizli-merkezefendi-yeni-kiralik/daire/134013-249","1 / 33","10.000","12/06/2026","Bakırlı Mahallesi Hüdai Oral Cad. Yakın 2+1 Kiralık Daire","Kiralık Daire","2 + 1","72 m²","35 Yaşında","En Üst Kat","Denizli / Merkezefendi / Yeni Mah.","https://www.hepsiemlak.com/_nuxt/8cafc93fb5c74c75e9e04e528e02ccdf.jpg","","WhatsApp",""
"https://www.hepsiemlak.com/denizli-pamukkale-bagbasi-kiralik/daire/133566-397","1 / 35","15.000","03/09/2026","Eysu Karaca'dan Bagbaşı Mah. Doga Manzaralı Kiralık 1+1 Apart..","Kiralık Daire","1 + 1","65 m²","11 Yaşında","5. Kat","Denizli / Pamukkale / Bağbaşı Mah.","https://www.hepsiemlak.com/_nuxt/8cafc93fb5c74c75e9e04e528e02ccdf.jpg","Ey&su Karaca Gayrimenkul","WhatsApp","https://www.hepsiemlak.com/_nuxt/8cafc93fb5c74c75e9e04e528e02ccdf.jpg"
"https://www.hepsiemlak.com/denizli-merkezefendi-bereketler-kiralik/daire/162589-508","1 / 14","25.000","20/07/2026","Denizli Bereketler Mahallesi'nde 1 + 1 Kiralık Lüks Apart","Kiralık Daire","1 + 1","50 m²","Sıfır Bina","2. Kat","Denizli / Merkezefendi / Bereketler Mah.","https://www.hepsiemlak.com/_nuxt/8cafc93fb5c74c75e9e04e528e02ccdf.jpg","Toprak Dünyası Gayrimenkul","WhatsApp","https://www.hepsiemlak.com/_nuxt/8cafc93fb5c74c75e9e04e528e02ccdf.jpg"
"https://www.hepsiemlak.com/denizli-pamukkale-zeytinkoy-kiralik/daire/88741-197","1 / 16","17.000","19/08/2026","Zeytınköyde 80m² 2+1 Dubleks Ful Eşyalı Klımalı Balkonlu Teraslı","Kiralık Daire","2 + 1","80 m²","11 Yaşında","4. Kat","Denizli / Pamukkale / Zeytinköy Mah.","https://www.hepsiemlak.com/_nuxt/8cafc93fb5c74c75e9e04e528e02ccdf.jpg","","WhatsApp",""
"https://www.hepsiemlak.com/denizli-pamukkale-zeytinkoy-kiralik/daire/0-47088683","1 / 9","18.000","08/08/2026","Kiralık 2+1 Eşyalı","Kiralık Daire","2 + 1","65 m²","7 Yaşında","Ara Kat","Denizli / Pamukkale / Zeytinköy Mah.","https://www.hepsiemlak.com/_nuxt/8cafc93fb5c74c75e9e04e528e02ccdf.jpg","","WhatsApp",""
"https://www.hepsiemlak.com/denizli-pamukkale-zeytinkoy-kiralik/daire/54626-5820","1 / 21","18.000","10/08/2026","Kaan Emlak Üniversite Ve Cerrahi Hastane Yakını 2+1 Eşyalı Apart","Kiralık Daire","2 + 1","70 m²","10 Yaşında","Çatı Katı","Denizli / Pamukkale / Zeytinköy Mah.","https://www.hepsiemlak.com/_nuxt/8cafc93fb5c74c75e9e04e528e02ccdf.jpg","","WhatsApp",""
"https://www.hepsiemlak.com/denizli-merkezefendi-karahasanli-kiralik/daire/91390-2609","1 / 40","35.000","13/07/2026","Şehzade'den Karahasanlı'da Kullanışlı 3+1 Kiralık Daire","Kiralık Daire","3 + 1","190 m²","3 Yaşında","1. Kat","Denizli / Merkezefendi / Karahasanlı Mah.","https://www.hepsiemlak.com/_nuxt/8cafc93fb5c74c75e9e04e528e02ccdf.jpg","Şehzade Gayrimenkul","WhatsApp","https://www.hepsiemlak.com/_nuxt/8cafc93fb5c74c75e9e04e528e02ccdf.jpg"
"https://www.hepsiemlak.com/denizli-merkezefendi-kayalar-kiralik/daire/140742-859","1 / 24","45.000","18/06/2026","Remax Model Den Sınpaş Aqua Cıty B3 Blokta 3+1 Eşyalı Kıralık Daıre","Kiralık Daire","3 + 1","155 m²","9 Yaşında","9. Kat","Denizli / Merkezefendi / Kayalar Mah.","https://www.hepsiemlak.com/_nuxt/8cafc93fb5c74c75e9e04e528e02ccdf.jpg","Remax Model 2","WhatsApp","https://www.hepsiemlak.com/_nuxt/8cafc93fb5c74c75e9e04e528e02ccdf.jpg"
"https://www.hepsiemlak.com/denizli-pamukkale-kuspinar-kiralik/daire/94398-5962","1 / 39","27.000","07/09/2026","+1'den Kıbrısşehitleri Halıcı Gölcükler Üzeri 160 M2 3+1 Kiralık","Kiralık Daire","3 + 1","160 m²","26 Yaşında","4. Kat","Denizli / Pamukkale / Kuşpınar Mah.","https://www.hepsiemlak.com/_nuxt/8cafc93fb5c74c75e9e04e528e02ccdf.jpg","Artı 1 Gayrimenkul","WhatsApp","https://www.hepsiemlak.com/_nuxt/8cafc93fb5c74c75e9e04e528e02ccdf.jpg"
"https://www.hepsiemlak.com/denizli-merkezefendi-karahasanli-kiralik/daire/137436-1204","1 / 29","45.000","05/08/2026","Ergün Aydından Karahasanlı'da 3+1 160m2 Ebeveyn Banyolu Giyinme Odalı Arakat Daire","Kiralık Daire","3 + 1","160 m²","Sıfır Bina","3. Kat","Denizli / Merkezefendi / Karahasanlı Mah.","https://www.hepsiemlak.com/_nuxt/8cafc93fb5c74c75e9e04e528e02ccdf.jpg","","WhatsApp",""
"https://www.hepsiemlak.com/denizli-merkezefendi-karahasanli-kiralik/daire/125019-691","1 / 21","35.000","17/08/2026","City20'den Karahasanlı Mahallesin'de 2+1 Lüks Apart.","Kiralık Daire","2 + 1","57 m²","Sıfır Bina","1. Kat","Denizli / Merkezefendi / Karahasanlı Mah.","https://www.hepsiemlak.com/_nuxt/8cafc93fb5c74c75e9e04e528e02ccdf.jpg","","WhatsApp",""
"https://www.hepsiemlak.com/denizli-pamukkale-asmalievler-kiralik/daire/4766-18819","1 / 10","12.000","01/09/2026","Ender Uysal Gayrimenkulden Asmalıevler De Kiralık Asansörlü Klimalı 1+1 Arakat Apart...","Kiralık Daire","1 + 1","45 m²","4 Yaşında","2. Kat","Denizli / Pamukkale / Asmalıevler Mah.","https://www.hepsiemlak.com/_nuxt/8cafc93fb5c74c75e9e04e528e02ccdf.jpg","","WhatsApp",""
"https://www.hepsiemlak.com/denizli-pamukkale-kinikli-kiralik/daire/165209-45","1 / 9","17.000","03/08/2026","Gezegen'den Kyk Karşısında Kiralık 1+1 Apartlar","Kiralık Daire","1 + 1","60 m²","11 Yaşında","1. Kat","Denizli / Pamukkale / Kınıklı Mah.","https://hecdnnw.hemlak.com/mncropresize/77/67/logo/9/0/2/5/6/1/337a1f4d-ca00-4cd0-bb2d-f6be0dd8943a.jpg","Gezegen Gayrimenkul","WhatsApp","https://hecdnnw.hemlak.com/mncropresize/77/67/firmuser/7/2/4/7/0/6/4/8acbaee6-0f3a-47b7-9b91-44d3ed7e4c7c.jpg"
"https://www.hepsiemlak.com/denizli-pamukkale-15-mayis-kiralik/daire/138610-75","1 / 9","15.000","08/09/2026","Park Emlak'tan Delikli Çınar Garanti Bankası Arkasında Kiralık Daire","Kiralık Daire","1 + 1","60 m²","12 Yaşında","2. Kat","Denizli / Pamukkale / 15 Mayıs Mah.","","","WhatsApp",""
"https://www.hepsiemlak.com/denizli-pamukkale-zeytinkoy-kiralik/daire/54626-5819","1 / 21","17.500","01/09/2026","Kaan Emlak Üniversite Ve Cerrahi Hastane Yakını 2+1 Eşyalı Apart","Kiralık Daire","2 + 1","70 m²","5 Yaşında","4. Kat","Denizli / Pamukkale / Zeytinköy Mah.","","","WhatsApp",""
"https://www.hepsiemlak.com/denizli-merkezefendi-goveclik-kiralik/daire/91390-2589","1 / 40","79.000","27/06/2026","Şehzade'den Selvi Rezidans Konsept Kiralık Ultra Lüks Daire","Kiralık Daire","3 + 1","210 m²","Sıfır Bina","7. Kat","Denizli / Merkezefendi / Göveçlik Mah.","https://hecdn01.hemlak.com/mncropresize/182/137/ds01/6/5/9/5/3/8/6/4/1428caad-bb62-4434-a0a8-6b1fff59dd20.jpg","Şehzade Gayrimenkul","WhatsApp","https://hecdnnw.hemlak.com/mncropresize/77/67/logo/0/9/3/1/9/0/bfee13a9-551f-449b-af4e-f8c151ea47a9.jpg"
"https://www.hepsiemlak.com/denizli-merkezefendi-altintop-kiralik/daire/140742-844","1 / 18","25.000","19/06/2026","Remax Model Den Lıse Caddesınde 3+1 Kıralık Daıre","Kiralık Daire","3 + 1","170 m²","31 Yaşında","6. Kat","Denizli / Merkezefendi / Altıntop Mah.","https://www.hepsiemlak.com/_nuxt/8cafc93fb5c74c75e9e04e528e02ccdf.jpg","Remax Model 2","WhatsApp","https://www.hepsiemlak.com/_nuxt/8cafc93fb5c74c75e9e04e528e02ccdf.jpg"
"https://www.hepsiemlak.com/denizli-merkezefendi-semikler-kiralik/daire/165959-56","1 / 45","35.000","19/08/2026","Şemikler Cinkaya Bulvarında Cadde Üzeri 3+1 155 M2 Asonsörlü Yerden Isıtmalı  Site İçi Kiralık Daire","Kiralık Daire","3 + 1","175 m²","Sıfır Bina","3. Kat","Denizli / Merkezefendi / Şemikler Mah.","https://www.hepsiemlak.com/_nuxt/8cafc93fb5c74c75e9e04e528e02ccdf.jpg","","WhatsApp",""
"https://www.hepsiemlak.com/denizli-pamukkale-mehmetcik-kiralik/daire/4766-18786","1 / 10","18.000","27/08/2026","Ender Uysal Gayrimenkulden Mehmetçikte 1+1 Klimalı Balkonlu Geniş Lüx Apart...","Kiralık Daire","1 + 1","50 m²","3 Yaşında","1. Kat","Denizli / Pamukkale / Mehmetçik Mah.","https://www.hepsiemlak.com/_nuxt/8cafc93fb5c74c75e9e04e528e02ccdf.jpg","","WhatsApp",""
"https://www.hepsiemlak.com/denizli-pamukkale-kinikli-kiralik/daire/0-47033297","1 / 6","13.500","30/07/2026","Kafeler Sokağı Eşyalı 1+1","Kiralık Daire","1 + 1","55 m²","10 Yaşında","2. Kat","Denizli / Pamukkale / Kınıklı Mah.","https://www.hepsiemlak.com/_nuxt/8cafc93fb5c74c75e9e04e528e02ccdf.jpg","","WhatsApp",""
"https://www.hepsiemlak.com/denizli-merkezefendi-muratdede-kiralik/daire/125019-685","1 / 19","23.000","10/09/2026","City20 Emlak Kiralık Eşyalı 2+1 Suit Daire","Kiralık Daire","2 + 1","75 m²","2 Yaşında","3. Kat","Denizli / Merkezefendi / Muratdede Mah.","https://www.hepsiemlak.com/_nuxt/8cafc93fb5c74c75e9e04e528e02ccdf.jpg","","WhatsApp",""
"https://www.hepsiemlak.com/denizli-merkezefendi-adalet-kiralik/daire/159501-191","1 / 35","30.000","09/09/2026","Adliye Servergazi Hastanesi 2 Dk Ultra Lüks Daireler","Kiralık Daire","1 + 1","80 m²","6 Yaşında","2. Kat","Denizli / Merkezefendi / Adalet Mah.","https://www.hepsiemlak.com/_nuxt/8cafc93fb5c74c75e9e04e528e02ccdf.jpg","","WhatsApp",""
"https://www.hepsiemlak.com/denizli-merkezefendi-kayalar-kiralik/daire/140742-725","1 / 20","37.000","22/08/2026","Remax Model Den Sınpaş Aqua Cıty De  2,5+1 Kıralık Daıre","Kiralık Daire","2 + 1","120 m²","6 Yaşında","16. Kat","Denizli / Merkezefendi / Kayalar Mah.","https://www.hepsiemlak.com/_nuxt/8cafc93fb5c74c75e9e04e528e02ccdf.jpg","Remax Model 2","WhatsApp","https://www.hepsiemlak.com/_nuxt/8cafc93fb5c74c75e9e04e528e02ccdf.jpg"
"https://www.hepsiemlak.com/denizli-merkezefendi-karahasanli-kiralik/daire/132069-294","1 / 15","21.000","02/08/2026","Karahasanlıda Bahçeli Kiralık 1+1 Suit Daire","Kiralık Daire","1 + 1","50 m²","Sıfır Bina","Bahçe Katı","Denizli / Merkezefendi / Karahasanlı Mah.","https://www.hepsiemlak.com/_nuxt/8cafc93fb5c74c75e9e04e528e02ccdf.jpg","","WhatsApp",""
"https://www.hepsiemlak.com/denizli-pamukkale-siteler-kiralik/daire/4766-18759","1 / 10","9.000","20/08/2026","Ender Uysal Gayrimenkulden Foruma Yakın 2+1 Kiralık Bodrum Katı Apart..","Kiralık Daire","2 + 1","55 m²","10 Yaşında","Bodrum","Denizli / Pamukkale / Siteler Mah.","https://www.hepsiemlak.com/_nuxt/8cafc93fb5c74c75e9e04e528e02ccdf.jpg","","WhatsApp",""
"https://www.hepsiemlak.com/denizli-pamukkale-zeytinkoy-kiralik/daire/88741-195","1 / 10","13.000","19/08/2026","Zeytınköyde 60m² 1+1 Ful Eşyalı Klımalı Balkonlu Kiralık Apart","Kiralık Daire","1 + 1","60 m²","6 Yaşında","2. Kat","Denizli / Pamukkale / Zeytinköy Mah.","https://www.hepsiemlak.com/_nuxt/8cafc93fb5c74c75e9e04e528e02ccdf.jpg","","WhatsApp",""
"https://www.hepsiemlak.com/denizli-pamukkale-asmalievler-kiralik/daire/133492-278","1 / 8","12.500","10/08/2026","Asmalıevler De 1+1 Eşyalı Apart Daireler","Kiralık Daire","1 + 1","60 m²","6 Yaşında","Ara Kat","Denizli / Pamukkale / Asmalıevler Mah.","https://www.hepsiemlak.com/_nuxt/8cafc93fb5c74c75e9e04e528e02ccdf.jpg","","WhatsApp",""
"https://www.hepsiemlak.com/denizli-merkezefendi-gultepe-kiralik/daire/54626-5803","1 / 17","21.000","02/09/2026","Kaan Emlaktan Gültepe' De Site İçinde 3+1 Kiralık Daire.","Kiralık Daire","3 + 1","140 m²","11 Yaşında","1. Kat","Denizli / Merkezefendi / Gültepe Mah.","https://www.hepsiemlak.com/_nuxt/8cafc93fb5c74c75e9e04e528e02ccdf.jpg","","WhatsApp",""
"https://www.hepsiemlak.com/denizli-pamukkale-feslegen-kiralik/daire/49011-11410","1 / 18","16.500","24/08/2026","Binyapıdan Kıbrıs Şehitler Yakını Kiralk 1+1 Balkonlu Lüks Apart","Kiralık Daire","1 + 1","55 m²","6 Yaşında","2. Kat","Denizli / Pamukkale / Fesleğen Mah.","https://www.hepsiemlak.com/_nuxt/8cafc93fb5c74c75e9e04e528e02ccdf.jpg","","WhatsApp",""
"https://www.hepsiemlak.com/denizli-merkezefendi-sirakapilar-kiralik/daire/159501-190","1 / 24","13.500","13/08/2026","Semtin En Genişi Saltak Bizim Kasap Yakını Apart Fırsatı","Kiralık Daire","1 + 1","65 m²","5 Yaşında","1. Kat","Denizli / Merkezefendi / Sırakapılar Mah.","https://www.hepsiemlak.com/_nuxt/8cafc93fb5c74c75e9e04e528e02ccdf.jpg","","WhatsApp",""
"https://www.hepsiemlak.com/denizli-pamukkale-asmalievler-kiralik/daire/91390-2582","1 / 29","40.000","20/06/2026","Şehzade'den 2+1 Lüks Eşyalı Dairemiz Kiralıktır","Kiralık Daire","2 + 1","65 m²","2 Yaşında","3. Kat","Denizli / Pamukkale / Asmalıevler Mah.","https://www.hepsiemlak.com/_nuxt/8cafc93fb5c74c75e9e04e528e02ccdf.jpg","Şehzade Gayrimenkul","WhatsApp","https://www.hepsiemlak.com/_nuxt/8cafc93fb5c74c75e9e04e528e02ccdf.jpg"
"https://www.hepsiemlak.com/denizli-pamukkale-kinikli-kiralik/daire/125019-659","1 / 17","22.000","13/08/2026","Çamlık'ta Önü Kapanmaz Manzaralı, Ferah 3+1 Kiralık Daire!!!!!","Kiralık Daire","3 + 1","120 m²","26 Yaşında","2. Kat","Denizli / Pamukkale / Kınıklı Mah.","https://www.hepsiemlak.com/_nuxt/8cafc93fb5c74c75e9e04e528e02ccdf.jpg","","WhatsApp",""
"https://www.hepsiemlak.com/denizli-merkezefendi-akkonak-kiralik/daire/134619-887","1 / 13","20.000","23/06/2026","Akkonakk'ta 2 +1 120 Metrekare Acil Kiralık","Kiralık Daire","2 + 1","130 m²","25 Yaşında","6. Kat","Denizli / Merkezefendi / Akkonak Mah.","https://www.hepsiemlak.com/_nuxt/8cafc93fb5c74c75e9e04e528e02ccdf.jpg","Ateş 20 Offıce","WhatsApp","https://www.hepsiemlak.com/_nuxt/8cafc93fb5c74c75e9e04e528e02ccdf.jpg"
"https://www.hepsiemlak.com/denizli-pamukkale-istiklal-kiralik/daire/54417-780","1 / 18","12.000","02/09/2026","Hastaneye Yakın Balkonlu Eşyalı 1+1 Kiralık Apart","Kiralık Daire","1 + 1","55 m²","10 Yaşında","Yüksek Giriş","Denizli / Pamukkale / İstiklal Mah.","https://www.hepsiemlak.com/_nuxt/8cafc93fb5c74c75e9e04e528e02ccdf.jpg","","WhatsApp",""
"https://www.hepsiemlak.com/denizli-pamukkale-yunusemre-kiralik/daire/4766-18831","1 / 9","17.000","04/09/2026","Ender Uysal Gayrimenkulden Üniversiteye Yakın 1+1 Klimalı Lüx Arakat Apart.","Kiralık Daire","1 + 1","55 m²","15 Yaşında","2. Kat","Denizli / Pamukkale / Yunusemre Mah.","https://www.hepsiemlak.com/_nuxt/8cafc93fb5c74c75e9e04e528e02ccdf.jpg","","WhatsApp",""
"https://www.hepsiemlak.com/denizli-pamukkale-pamukkale-kiralik/daire/0-46911390","1 / 3","18.000","12/08/2026","Sıfır Eşyalı Zeytinköyde 1+1 Kiralık Daire.","Kiralık Daire","1 + 1","60 m²","6 Yaşında","3. Kat","Denizli / Pamukkale / Pamukkale Mah.","https://www.hepsiemlak.com/_nuxt/8cafc93fb5c74c75e9e04e528e02ccdf.jpg","","WhatsApp",""
"https://www.hepsiemlak.com/denizli-pamukkale-zeytinkoy-kiralik/daire/164830-109","1 / 9","11.000","13/07/2026","Bağbaşı Yeniyol Üstünde Kiralık 1+1 Apart","Kiralık Daire","1 + 1","45 m²","5 Yaşında","Bodrum","Denizli / Pamukkale / Zeytinköy Mah.","https://hecdnnw.hemlak.com/mncropresize/77/67/logo/0/3/8/4/6/1/ec531e2b-bdf0-4c24-9b25-e83c73ae7126.jpg","Birikim Gayrimenkul","WhatsApp",""
"https://www.hepsiemlak.com/denizli-pamukkale-kuspinar-kiralik/daire/54626-5804","1 / 15","18.000","27/07/2026","Kaan Emlaktan Kuşpınarda Arakat 2+1 Kiralık Daire","Kiralık Daire","2 + 1","120 m²","25 Yaşında","3. Kat","Denizli / Pamukkale / Kuşpınar Mah.","","","WhatsApp",""
"https://www.hepsiemlak.com/denizli-pamukkale-zeytinkoy-kiralik/daire/117872-1318","1 / 13","15.000","04/07/2026","Zeytinköy'de Cerrahiye'ye Yakın 1+1 Balkonlu Apart","Kiralık Daire","1 + 1","50 m²","5 Yaşında","2. Kat","Denizli / Pamukkale / Zeytinköy Mah.","https://hecdnnw.hemlak.com/mncropresize/77/67/logo/2/7/8/7/1/1/b4229171-3452-43ca-928b-3e98a5d6f19d.jpg","Aybüke Gayrimenkul","WhatsApp",""
"https://www.hepsiemlak.com/denizli-pamukkale-zeytinkoy-kiralik/daire/159501-187","1 / 31","13.000","13/08/2026","Denizli Zeytinköy Üniversite Yakını Ultra Lüks Aidat+net Dahil Apartlar","Kiralık Daire","1 + 1","55 m²","6 Yaşında","1. Kat","Denizli / Pamukkale / Zeytinköy Mah.","https://hecdn01.hemlak.com/mncropresize/182/137/ds01/4/8/4/6/8/7/6/4/ae064090-f116-42a8-9285-071897ddf224.jpg","","WhatsApp",""
"https://www.hepsiemlak.com/denizli-pamukkale-asmalievler-kiralik/daire/133492-277","1 / 7","14.000","08/08/2026","Asmalıevler De 2+1 Eşyalı Apart Daireler","Kiralık Daire","2 + 1","60 m²","7 Yaşında","Ara Kat","Denizli / Pamukkale / Asmalıevler Mah.","https://www.hepsiemlak.com/_nuxt/8cafc93fb5c74c75e9e04e528e02ccdf.jpg","","WhatsApp",""
"https://www.hepsiemlak.com/denizli-pamukkale-zeytinkoy-kiralik/daire/94398-5556","1 / 18","12.000","31/08/2026","+1'den City Lights Da 1+1 60 M2 Balkonlu Klimalı Eşyalı Apart","Kiralık Daire","1 + 1","60 m²","8 Yaşında","3. Kat","Denizli / Pamukkale / Zeytinköy Mah.","https://www.hepsiemlak.com/_nuxt/8cafc93fb5c74c75e9e04e528e02ccdf.jpg","Artı 1 Gayrimenkul","WhatsApp","https://www.hepsiemlak.com/_nuxt/8cafc93fb5c74c75e9e04e528e02ccdf.jpg"
"https://www.hepsiemlak.com/denizli-merkezefendi-cakmak-kiralik/daire/151348-506","1 / 35","35.000","18/06/2026","Çakmak Pazara Yakın Geniş Ebeveyn Banyolu 3+1 Kiralık Daire","Kiralık Daire","3 + 1","175 m²","Sıfır Bina","Yüksek Giriş","Denizli / Merkezefendi / Çakmak Mah.","https://www.hepsiemlak.com/_nuxt/8cafc93fb5c74c75e9e04e528e02ccdf.jpg","Blue Sky Gayrimenkul","WhatsApp","https://www.hepsiemlak.com/_nuxt/8cafc93fb5c74c75e9e04e528e02ccdf.jpg"
"https://www.hepsiemlak.com/denizli-merkezefendi-selcuk-bey-kiralik/daire/140742-696","1 / 12","20.000","30/07/2026","Remax Model Den Evora C1 Blokta 1+1 Klımalı Kıralık Daıre","Kiralık Daire","1 + 1","63 m²","4 Yaşında","8. Kat","Denizli / Merkezefendi / Selçuk Bey Mah.","https://www.hepsiemlak.com/_nuxt/8cafc93fb5c74c75e9e04e528e02ccdf.jpg","Remax Model 2","WhatsApp","https://www.hepsiemlak.com/_nuxt/8cafc93fb5c74c75e9e04e528e02ccdf.jpg"
"https://www.hepsiemlak.com/denizli-merkezefendi-yenisafak-kiralik/daire/134506-986","1 / 13","40.000","03/09/2026","Reallıfe Ofis’ten Kiralık Lüks Daire","Kiralık Daire","4 + 1","230 m²","15 Yaşında","3. Kat","Denizli / Merkezefendi / Yenişafak Mah.","https://www.hepsiemlak.com/_nuxt/8cafc93fb5c74c75e9e04e528e02ccdf.jpg","","WhatsApp",""
"https://www.hepsiemlak.com/denizli-pamukkale-istiklal-kiralik/daire/49011-11412","1 / 15","16.500","04/09/2026","Binyapıdan Kıbrıs Şehitler Yakını Kiralk 1+1 Balkonlu Lüks Apart","Kiralık Daire","1 + 1","50 m²","6 Yaşında","2. Kat","Denizli / Pamukkale / İstiklal Mah.","https://www.hepsiemlak.com/_nuxt/8cafc93fb5c74c75e9e04e528e02ccdf.jpg","","WhatsApp",""
"https://www.hepsiemlak.com/denizli-merkezefendi-gumuscay-kiralik/daire/0-46924653","1 / 17","24.000","11/07/2026","Merkezefendi Gümüşçay Mahallesinde Orta Katta Bahçeli Kiralık Daire","Kiralık Daire","2 + 1","150 m²","15 Yaşında","Ara Kat","Denizli / Merkezefendi / Gümüşçay Mah.","https://www.hepsiemlak.com/_nuxt/8cafc93fb5c74c75e9e04e528e02ccdf.jpg","","WhatsApp",""
"https://www.hepsiemlak.com/denizli-merkezefendi-adalet-kiralik/daire/169570-18","1 / 23","25.000","06/07/2026","Adalet Mahallesinde Kiralık 3+1 Ara Kat Daire","Kiralık Daire","3 + 1","160 m²","16 Yaşında","Yarı Bodrum","Denizli / Merkezefendi / Adalet Mah.","https://www.hepsiemlak.com/_nuxt/8cafc93fb5c74c75e9e04e528e02ccdf.jpg","My Bartal Gayrimenkul","WhatsApp","https://www.hepsiemlak.com/img/loadings/noImage55-55.png"
"https://www.hepsiemlak.com/denizli-merkezefendi-degirmenonu-kiralik/daire/0-46747064","1 / 15","22.000","12/06/2026","Denizli Değirmenönü 140 M2  Kiralık Bahçeli 3+1 Yüksek Giriş Katı","Kiralık Daire","3 + 1","140 m²","15 Yaşında","Yüksek Giriş","Denizli / Merkezefendi / Değirmenönü Mah.","https://www.hepsiemlak.com/_nuxt/8cafc93fb5c74c75e9e04e528e02ccdf.jpg","","WhatsApp",""
"https://www.hepsiemlak.com/denizli-pamukkale-hacikaplanlar-kiralik/daire/111300-634","1 / 7","18.000","05/08/2026","Kiralık Daire","Kiralık Daire","2 + 1","120 m²","30 Yaşında","3. Kat","Denizli / Pamukkale / Hacıkaplanlar Mah.","https://www.hepsiemlak.com/_nuxt/8cafc93fb5c74c75e9e04e528e02ccdf.jpg","","WhatsApp",""
"https://www.hepsiemlak.com/denizli-pamukkale-kinikli-kiralik/daire/159501-170","1 / 43","17.000","14/08/2026","Kampüste Ultra Lüks Apartlar","Kiralık Daire","1 + 1","60 m²","3 Yaşında","2. Kat","Denizli / Pamukkale / Kınıklı Mah.","https://www.hepsiemlak.com/_nuxt/8cafc93fb5c74c75e9e04e528e02ccdf.jpg","","WhatsApp",""
"https://www.hepsiemlak.com/denizli-pamukkale-yunusemre-kiralik/daire/54626-5808","1 / 14","25.000","09/09/2026","Kaan Emlaktan Kınıklıda Full Eşyalı 2+1 Apart.","Kiralık Daire","2 + 1","85 m²","5 Yaşında","3. Kat","Denizli / Pamukkale / Yunusemre Mah.","https://www.hepsiemlak.com/_nuxt/8cafc93fb5c74c75e9e04e528e02ccdf.jpg","","WhatsApp",""
"https://www.hepsiemlak.com/denizli-merkezefendi-cakmak-kiralik/daire/151348-497","1 / 27","30.000","18/06/2026","Üçler İlkokulu Yürüme Mes. 2+1 Cam Balkonlu Geniş Kiralık Daire","Kiralık Daire","2 + 1","120 m²","6 Yaşında","3. Kat","Denizli / Merkezefendi / Çakmak Mah.","https://www.hepsiemlak.com/_nuxt/8cafc93fb5c74c75e9e04e528e02ccdf.jpg","Blue Sky Gayrimenkul","WhatsApp","https://www.hepsiemlak.com/_nuxt/8cafc93fb5c74c75e9e04e528e02ccdf.jpg"
"https://www.hepsiemlak.com/denizli-merkezefendi-saraylar-kiralik/daire/94398-5972","1 / 17","10.000","18/08/2026","+1'den Saraylarda 2+1 110 M2 Kiralık Daire","Kiralık Daire","2 + 1","115 m²","31 Yaşında","4. Kat","Denizli / Merkezefendi / Saraylar Mah.","https://www.hepsiemlak.com/_nuxt/8cafc93fb5c74c75e9e04e528e02ccdf.jpg","Artı 1 Gayrimenkul","WhatsApp","https://www.hepsiemlak.com/_nuxt/8cafc93fb5c74c75e9e04e528e02ccdf.jpg"
"https://www.hepsiemlak.com/denizli-merkezefendi-selcuk-bey-kiralik/daire/91390-2531","1 / 22","20.000","14/06/2026","Şehzade'den Selçukbey 'de Tank Meydanı Yakını 3+1 Kiralık Daire","Kiralık Daire","3 + 1","155 m²","11 Yaşında","2. Kat","Denizli / Merkezefendi / Selçuk Bey Mah.","https://www.hepsiemlak.com/_nuxt/8cafc93fb5c74c75e9e04e528e02ccdf.jpg","Şehzade Gayrimenkul","WhatsApp","https://www.hepsiemlak.com/_nuxt/8cafc93fb5c74c75e9e04e528e02ccdf.jpg"
"https://www.hepsiemlak.com/denizli-pamukkale-kuspinar-kiralik/daire/157998-53","1 / 33","19.000","03/08/2026","Lise Caddesi Stadyum Önü.. Ordu Evi Karşısı.. 3 Kat 175 Metrekare Daire Kiralıktır","Kiralık Daire","3 + 1","190 m²","35 Yaşında","Ara Kat","Denizli / Pamukkale / Kuşpınar Mah.","https://www.hepsiemlak.com/_nuxt/8cafc93fb5c74c75e9e04e528e02ccdf.jpg","Orev Gayrimenkul İnşaat","WhatsApp","https://www.hepsiemlak.com/_nuxt/8cafc93fb5c74c75e9e04e528e02ccdf.jpg"
"https://www.hepsiemlak.com/denizli-pamukkale-kinikli-kiralik/daire/131323-571","1 / 21","32.000","15/06/2026","Ulaman Gayrimenkul’den Çamlık Caddesi Yakını Ön Cephe Kiralık Daire205","Kiralık Daire","3 + 1","140 m²","30 Yaşında","5. Kat","Denizli / Pamukkale / Kınıklı Mah.","https://www.hepsiemlak.com/_nuxt/8cafc93fb5c74c75e9e04e528e02ccdf.jpg","Ulaman Gayrimenkul","WhatsApp","https://www.hepsiemlak.com/_nuxt/8cafc93fb5c74c75e9e04e528e02ccdf.jpg"
"https://www.hepsiemlak.com/denizli-pamukkale-kuspinar-kiralik/daire/49011-11403","1 / 14","16.000","17/07/2026","Binyapıdan Kuşpınar Çarş. Pazarı Yakını Kiralık Eşyalı Daire !","Kiralık Daire","2 + 1","100 m²","31 Yaşında","Çatı Katı","Denizli / Pamukkale / Kuşpınar Mah.","https://www.hepsiemlak.com/_nuxt/8cafc93fb5c74c75e9e04e528e02ccdf.jpg","","WhatsApp",""
"https://www.hepsiemlak.com/denizli-pamukkale-incilipinar-kiralik/daire/111300-591","1 / 6","10.500","16/07/2026","Herşey Dahil Kiralık Apart 10.500 Tl","Kiralık Daire","1 + 1","45 m²","25 Yaşında","Bahçe Katı","Denizli / Pamukkale / İncilipınar Mah.","https://www.hepsiemlak.com/_nuxt/8cafc93fb5c74c75e9e04e528e02ccdf.jpg","","WhatsApp",""
"https://www.hepsiemlak.com/denizli-pamukkale-asmalievler-kiralik/daire/133492-273","1 / 5","7.500","04/09/2026","Asmalıevler De 1+0 Eşyalı Apart Daireler","Kiralık Daire","Stüdyo","50 m²","5 Yaşında","Ara Kat","Denizli / Pamukkale / Asmalıevler Mah.","https://www.hepsiemlak.com/_nuxt/8cafc93fb5c74c75e9e04e528e02ccdf.jpg","","WhatsApp",""
"https://www.hepsiemlak.com/denizli-merkezefendi-sirakapilar-kiralik/daire/126156-935","1 / 8","18.000","02/09/2026","Denizli Sırakapılar Mh. Hastane Cd. Öğrt.Sitesi 3+1 Ofis & Daire","Kiralık Daire","3 + 1","105 m²","31 Yaşında","1. Kat","Denizli / Merkezefendi / Sırakapılar Mah.","https://hecdnnw.hemlak.com/mncropresize/77/67/logo/6/5/1/6/2/1/04e33710-19c9-4b23-b8db-e89991d095cb.jpeg","Blokyapı Gayrimenkul","WhatsApp",""
"https://www.hepsiemlak.com/denizli-merkezefendi-bahcelievler-kiralik/daire/167635-81","1 / 24","16.000","07/08/2026","Nüans'tan Ö.Sağlık Hast.Yanı Cadde Üzeri 2+1 Kiralık Apart","Kiralık Daire","2 + 1","65 m²","5 Yaşında","Giriş Katı","Denizli / Merkezefendi / Bahçelievler Mah.","https://hecdnnw.hemlak.com/mncropresize/77/67/logo/5/3/6/7/6/1/27d6d749-22c4-4bb1-8a7a-41aa20dce906.jpg","Nüans Gayrimenkul","WhatsApp",""
"https://www.hepsiemlak.com/denizli-pamukkale-karsiyaka-kiralik/daire/131323-554","1 / 23","15.000","25/06/2026","Akvadi Tokilerde Kiralık Daire","Kiralık Daire","2 + 1","110 m²","13 Yaşında","Ara Kat","Denizli / Pamukkale / Karşıyaka Mah.","https://hecdnnw.hemlak.com/mncropresize/77/67/logo/3/2/3/1/3/1/ab74ae87-2049-454a-b012-1d7ef79cdbda.jpg","Ulaman Gayrimenkul","WhatsApp",""
"https://www.hepsiemlak.com/denizli-merkezefendi-karahasanli-kiralik/daire/124405-262","1 / 18","25.000","25/06/2026","Karahasanlı Sehir Hastanesı Yakını Arakat Kiralık Daire","Kiralık Daire","2 + 1","100 m²","4 Yaşında","4. Kat","Denizli / Merkezefendi / Karahasanlı Mah.","https://hecdn01.hemlak.com/mncropresize/182/137/ds01/1/4/8/4/5/4/6/4/c0acd36d-73d1-4ec1-a1ab-fbf272b71ff7.jpg","Demirtaş Gayrimenkul","WhatsApp","https://hecdnnw.hemlak.com/mncropresize/77/67/logo/5/0/4/4/2/1/b94b2ec4-6e6e-49c5-b6c9-564e92c5649b.jpg"
"https://www.hepsiemlak.com/denizli-merkezefendi-karahasanli-kiralik/daire/162589-434","1 / 19","30.000","25/06/2026","Karahasanlı Mahallesinde Kiralık Fırsat Daire","Kiralık Daire","2 + 1","120 m²","16 Yaşında","2. Kat","Denizli / Merkezefendi / Karahasanlı Mah.","https://www.hepsiemlak.com/_nuxt/8cafc93fb5c74c75e9e04e528e02ccdf.jpg","Toprak Dünyası Gayrimenkul","WhatsApp","https://www.hepsiemlak.com/_nuxt/8cafc93fb5c74c75e9e04e528e02ccdf.jpg"
"https://www.hepsiemlak.com/denizli-merkezefendi-bereketler-kiralik/daire/126156-914","1 / 8","16.000","02/08/2026","Denizli'de Servergazi Hastanesi Karşısında Kiralık 1+1 Apart","Kiralık Daire","1 + 1","55 m²","11 Yaşında","2. Kat","Denizli / Merkezefendi / Bereketler Mah.","https://www.hepsiemlak.com/_nuxt/8cafc93fb5c74c75e9e04e528e02ccdf.jpg","Blokyapı Gayrimenkul","WhatsApp","https://www.hepsiemlak.com/_nuxt/8cafc93fb5c74c75e9e04e528e02ccdf.jpg"
"https://www.hepsiemlak.com/denizli-tavas-samanlik-kiralik/daire/0-44850502","1 / 11","12.950","27/07/2026","Sahibinden Kiralık Daire","Kiralık Daire","3 + 1","119 m²","29 Yaşında","2. Kat","Denizli / Tavas / Samanlık Mah.","https://www.hepsiemlak.com/_nuxt/8cafc93fb5c74c75e9e04e528e02ccdf.jpg","","WhatsApp",""
"https://www.hepsiemlak.com/denizli-pamukkale-kuspinar-kiralik/daire/163480-202","1 / 8","18.000","04/08/2026","Foruma Yakın Kiralık 2+1 Balkonlu Eşyalı Asansörlü Daire","Kiralık Daire","2 + 1","70 m²","5 Yaşında","3. Kat","Denizli / Pamukkale / Kuşpınar Mah.","https://www.hepsiemlak.com/_nuxt/8cafc93fb5c74c75e9e04e528e02ccdf.jpg","","WhatsApp",""
"https://www.hepsiemlak.com/denizli-merkezefendi-karaman-kiralik/daire/122219-656","1 / 16","25.000","07/07/2026","Karaman Da Kiralık Daire Askeriye Ye Yakın","Kiralık Daire","3 + 1","115 m²","11 Yaşında","2. Kat","Denizli / Merkezefendi / Karaman Mah.","https://www.hepsiemlak.com/_nuxt/8cafc93fb5c74c75e9e04e528e02ccdf.jpg","","WhatsApp",""
"https://www.hepsiemlak.com/denizli-merkezefendi-saraylar-kiralik/daire/170013-1","1 / 22","22.000","23/06/2026","Denizli Devlet Hastanesi Karşısı Kiralık Daire","Kiralık Daire","2 + 1","120 m²","16 Yaşında","3. Kat","Denizli / Merkezefendi / Saraylar Mah.","https://www.hepsiemlak.com/_nuxt/8cafc93fb5c74c75e9e04e528e02ccdf.jpg","","WhatsApp",""
"https://www.hepsiemlak.com/denizli-merkezefendi-adalet-kiralik/daire/57871-80","1 / 35","28.000","25/06/2026","Denizli Adalet De 70 M2 2+1 Ultra Lüks Kiralık Daire","Kiralık Daire","2 + 1","75 m²","4 Yaşında","2. Kat","Denizli / Merkezefendi / Adalet Mah.","https://www.hepsiemlak.com/_nuxt/8cafc93fb5c74c75e9e04e528e02ccdf.jpg","Saygın Emlak","WhatsApp","https://www.hepsiemlak.com/_nuxt/8cafc93fb5c74c75e9e04e528e02ccdf.jpg"
"https://www.hepsiemlak.com/denizli-pamukkale-siteler-kiralik/daire/4766-18823","1 / 18","25.000","02/09/2026","Ender Uysal Gayrimenkuldeen Siteler' De 3+1 Asansörlü Kiralık Daire..","Kiralık Daire","3 + 1","140 m²","15 Yaşında","3. Kat","Denizli / Pamukkale / Siteler Mah.","https://www.hepsiemlak.com/_nuxt/8cafc93fb5c74c75e9e04e528e02ccdf.jpg","","WhatsApp",""
"https://www.hepsiemlak.com/denizli-merkezefendi-kayalar-kiralik/daire/54626-5787","1 / 35","45.000","09/09/2026","Kaan Emlak Selçukbey Şubesinden Sinpaşta Emsalsiz Ara Kat Daire","Kiralık Daire","3 + 1","165 m²","6 Yaşında","5. Kat","Denizli / Merkezefendi / Kayalar Mah.","https://www.hepsiemlak.com/_nuxt/8cafc93fb5c74c75e9e04e528e02ccdf.jpg","","WhatsApp",""
"https://www.hepsiemlak.com/denizli-merkezefendi-karahasanli-kiralik/daire/132069-292","1 / 7","23.500","07/09/2026","Karahasanlı'da Hastaneye Yakın Eşyalı 1+1 Kiralık Apart","Kiralık Daire","1 + 1","55 m²","Sıfır Bina","3. Kat","Denizli / Merkezefendi / Karahasanlı Mah.","https://www.hepsiemlak.com/_nuxt/8cafc93fb5c74c75e9e04e528e02ccdf.jpg","","WhatsApp",""
"https://www.hepsiemlak.com/denizli-pamukkale-guzelkoy-kiralik/daire/0-46836972","1 / 10","9.000","20/07/2026","2+1 Kiralık Daire Güzelköy","Kiralık Daire","2 + 1","155 m²","20 Yaşında","3. Kat","Denizli / Pamukkale / Güzelköy Mah.","https://www.hepsiemlak.com/_nuxt/8cafc93fb5c74c75e9e04e528e02ccdf.jpg","","WhatsApp",""
"https://www.hepsiemlak.com/denizli-merkezefendi-karahasanli-kiralik/daire/167635-76","1 / 14","22.500","26/08/2026","Nüans'tan Çakmak'ta Park Cepheli Geniş 2+1 Sıfır Kiralık Daire","Kiralık Daire","2 + 1","70 m²","Sıfır Bina","2. Kat","Denizli / Merkezefendi / Karahasanlı Mah.","https://www.hepsiemlak.com/_nuxt/8cafc93fb5c74c75e9e04e528e02ccdf.jpg","Nüans Gayrimenkul","WhatsApp","https://www.hepsiemlak.com/_nuxt/8cafc93fb5c74c75e9e04e528e02ccdf.jpg"
"https://www.hepsiemlak.com/denizli-pamukkale-incilipinar-kiralik/daire/94398-5604","1 / 8","11.000","11/08/2026","+1'den İncilipınarda 50 M2 1+1 Eşyalı  Kiralık Apart","Kiralık Daire","1 + 1","55 m²","8 Yaşında","2. Kat","Denizli / Pamukkale / İncilipınar Mah.","https://www.hepsiemlak.com/_nuxt/8cafc93fb5c74c75e9e04e528e02ccdf.jpg","Artı 1 Gayrimenkul","WhatsApp","https://www.hepsiemlak.com/_nuxt/8cafc93fb5c74c75e9e04e528e02ccdf.jpg"
"https://www.hepsiemlak.com/denizli-merkezefendi-adalet-kiralik/daire/162589-381","1 / 15","19.500","10/07/2026","Depozitosuz Klimalı Adliye Sgk Yakını 1+1 Eşyalı Asansörlü Apart","Kiralık Daire","1 + 1","55 m²","11 Yaşında","2. Kat","Denizli / Merkezefendi / Adalet Mah.","https://www.hepsiemlak.com/_nuxt/8cafc93fb5c74c75e9e04e528e02ccdf.jpg","Toprak Dünyası Gayrimenkul","WhatsApp","https://www.hepsiemlak.com/_nuxt/8cafc93fb5c74c75e9e04e528e02ccdf.jpg"
"https://www.hepsiemlak.com/denizli-merkezefendi-karahasanli-kiralik/daire/133566-468","1 / 29","23.000","07/09/2026","Karahasanlı Da Şehir Hastanesi Karşısı Sıfır 2+1 Kiralık Daire","Kiralık Daire","2 + 1","70 m²","Sıfır Bina","5. Kat","Denizli / Merkezefendi / Karahasanlı Mah.","https://www.hepsiemlak.com/_nuxt/8cafc93fb5c74c75e9e04e528e02ccdf.jpg","Ey&su Karaca Gayrimenkul","WhatsApp","https://www.hepsiemlak.com/_nuxt/8cafc93fb5c74c75e9e04e528e02ccdf.jpg"
"https://www.hepsiemlak.com/denizli-merkezefendi-akkonak-kiralik/daire/122219-653","1 / 25","32.000","10/07/2026","Karaman Da Kiralık 3+1 155 M2 Daire","Kiralık Daire","3 + 1","155 m²","6 Yaşında","2. Kat","Denizli / Merkezefendi / Akkonak Mah.","https://www.hepsiemlak.com/_nuxt/8cafc93fb5c74c75e9e04e528e02ccdf.jpg","","WhatsApp",""
"https://www.hepsiemlak.com/denizli-merkezefendi-karahasanli-kiralik/daire/126156-796","1 / 7","24.000","02/08/2026","Denizli'de Şehir Hastanesi Karşısında Kiralık 2+1 Eşyalı Apart","Kiralık Daire","2 + 1","70 m²","1 Yaşında","Ara Kat","Denizli / Merkezefendi / Karahasanlı Mah.","https://www.hepsiemlak.com/_nuxt/8cafc93fb5c74c75e9e04e528e02ccdf.jpg","Blokyapı Gayrimenkul","WhatsApp","https://www.hepsiemlak.com/_nuxt/8cafc93fb5c74c75e9e04e528e02ccdf.jpg"
"https://www.hepsiemlak.com/denizli-pamukkale-yunusemre-kiralik/daire/0-44473335","1 / 9","22.000","10/09/2026","Migros Arkası Kiralık Daire","Kiralık Daire","2 + 0","90 m²","1 Yaşında","En Üst Kat","Denizli / Pamukkale / Yunusemre Mah.","https://www.hepsiemlak.com/_nuxt/8cafc93fb5c74c75e9e04e528e02ccdf.jpg","","WhatsApp",""
"https://www.hepsiemlak.com/denizli-merkezefendi-servergazi-kiralik/daire/54626-5779","1 / 35","45.000","05/08/2026","Servergazide Başağa Yakın Lüks Ara Kat Daire","Kiralık Daire","3 + 1","180 m²","1 Yaşında","3. Kat","Denizli / Merkezefendi / Servergazi Mah.","https://www.hepsiemlak.com/_nuxt/8cafc93fb5c74c75e9e04e528e02ccdf.jpg","","WhatsApp",""
"https://www.hepsiemlak.com/denizli-merkezefendi-karahasanli-kiralik/daire/132069-291","1 / 7","31.500","07/09/2026","Karahasanlı'da Hastaneye Yakın Eşyalı 2+1 Kiralık Apart","Kiralık Daire","2 + 1","75 m²","Sıfır Bina","3. Kat","Denizli / Merkezefendi / Karahasanlı Mah.","https://www.hepsiemlak.com/_nuxt/8cafc93fb5c74c75e9e04e528e02ccdf.jpg","","WhatsApp",""
"https://www.hepsiemlak.com/denizli-pamukkale-asmalievler-kiralik/daire/170013-4","1 / 14","14.000","24/06/2026","Denizli Asmalıevlerde Kiralık Apart","Kiralık Daire","1 + 1","55 m²","6 Yaşında","3. Kat","Denizli / Pamukkale / Asmalıevler Mah.","","","WhatsApp",""
"https://www.hepsiemlak.com/denizli-pamukkale-kinikli-kiralik/daire/4766-18796","1 / 14","14.500","28/08/2026","Ender Uysal Gayrimenkulden Üniversiteye Çok Yakın 1+1 Bolkonlu Kiralık Apart","Kiralık Daire","1 + 1","45 m²","4 Yaşında","1. Kat","Denizli / Pamukkale / Kınıklı Mah.","","","WhatsApp",""
"https://www.hepsiemlak.com/denizli-pamukkale-yunusemre-kiralik/daire/0-46524972","1 / 8","15.000","19/08/2026","Eşyalı Kiralık Apart","Kiralık Daire","1 + 1","45 m²","12 Yaşında","Bahçe Katı","Denizli / Pamukkale / Yunusemre Mah.","","","WhatsApp",""
"https://www.hepsiemlak.com/denizli-merkezefendi-karaman-kiralik/daire/133566-458","1 / 21","30.000","23/06/2026","Eysu Karaca'dan Tugayın Karşısında Kiralık 3+1 Daire ..","Kiralık Daire","3 + 1","200 m²","21 Yaşında","3. Kat","Denizli / Merkezefendi / Karaman Mah.","https://hecdn01.hemlak.com/mncropresize/182/137/ds01/2/6/8/2/1/8/6/4/9cdae9fb-09ee-4387-952c-f38124b46e44.jpg","Ey&su Karaca Gayrimenkul","WhatsApp","https://hecdnnw.hemlak.com/mncropresize/77/67/logo/6/6/5/3/3/1/747b4586-85ba-44f1-859a-432f3e4d3590.jpg"
"https://www.hepsiemlak.com/denizli-pamukkale-hacikaplanlar-kiralik/daire/164830-25","1 / 36","15.000","10/07/2026","Şehir Merkezinde 2+1 Arakat Masrafsız Daire","Kiralık Daire","2 + 1","115 m²","26 Yaşında","2. Kat","Denizli / Pamukkale / Hacıkaplanlar Mah.","https://www.hepsiemlak.com/_nuxt/8cafc93fb5c74c75e9e04e528e02ccdf.jpg","Birikim Gayrimenkul","WhatsApp","https://www.hepsiemlak.com/_nuxt/8cafc93fb5c74c75e9e04e528e02ccdf.jpg"
"https://www.hepsiemlak.com/denizli-merkezefendi-selcuk-bey-kiralik/daire/54626-5755","1 / 35","40.000","05/09/2026","Kaan Emlaktan Arakat Lüx 4+1 Selçukbeyde Kiralık Daire","Kiralık Daire","4 + 1","230 m²","11 Yaşında","3. Kat","Denizli / Merkezefendi / Selçuk Bey Mah.","https://www.hepsiemlak.com/_nuxt/8cafc93fb5c74c75e9e04e528e02ccdf.jpg","","WhatsApp",""
"https://www.hepsiemlak.com/denizli-merkezefendi-selcuk-bey-kiralik/daire/91390-2508","1 / 38","37.000","26/06/2026","Şehzade'den Kazım Arslan Parkı Yanında 3+1 Kiralık Daire","Kiralık Daire","3 + 1","175 m²","14 Yaşında","2. Kat","Denizli / Merkezefendi / Selçuk Bey Mah.","https://www.hepsiemlak.com/_nuxt/8cafc93fb5c74c75e9e04e528e02ccdf.jpg","Şehzade Gayrimenkul","WhatsApp","https://www.hepsiemlak.com/_nuxt/8cafc93fb5c74c75e9e04e528e02ccdf.jpg"
"https://www.hepsiemlak.com/denizli-pamukkale-kinikli-kiralik/daire/4766-18755","1 / 14","15.000","20/08/2026","Ender Uysal Gayrimenkulden Kınıklı Da 3+1 Balkonlu Kombili Daire....","Kiralık Daire","3 + 1","150 m²","31 Yaşında","5. Kat","Denizli / Pamukkale / Kınıklı Mah.","https://www.hepsiemlak.com/_nuxt/8cafc93fb5c74c75e9e04e528e02ccdf.jpg","","WhatsApp",""
"https://www.hepsiemlak.com/denizli-pamukkale-15-mayis-kiralik/daire/164617-44","1 / 12","16.500","10/07/2026","15 Mayıs Mahallesi Sıfır Eşyalı Kiralık Apart","Kiralık Daire","1 + 1","55 m²","6 Yaşında","1. Kat","Denizli / Pamukkale / 15 Mayıs Mah.","https://www.hepsiemlak.com/_nuxt/8cafc93fb5c74c75e9e04e528e02ccdf.jpg","Meuz Gayrimenkul","WhatsApp","https://www.hepsiemlak.com/_nuxt/8cafc93fb5c74c75e9e04e528e02ccdf.jpg"
"https://www.hepsiemlak.com/denizli-merkezefendi-karahasanli-kiralik/daire/167635-47","1 / 12","20.000","06/07/2026","Nüans'tan Bölge Hastanesi Yanında 2+1 Balkonlu Kiralık Apart","Kiralık Daire","2 + 1","65 m²","Sıfır Bina","5. Kat","Denizli / Merkezefendi / Karahasanlı Mah.","https://www.hepsiemlak.com/_nuxt/8cafc93fb5c74c75e9e04e528e02ccdf.jpg","Nüans Gayrimenkul","WhatsApp","https://www.hepsiemlak.com/_nuxt/8cafc93fb5c74c75e9e04e528e02ccdf.jpg"
"https://www.hepsiemlak.com/denizli-pamukkale-feslegen-kiralik/daire/49011-11392","1 / 29","21.000","05/09/2026","Binyapıdan Feslikan Atatürk Okulu Yakını Kiralık 3+1 Daire !!","Kiralık Daire","3 + 1","135 m²","16 Yaşında","3. Kat","Denizli / Pamukkale / Fesleğen Mah.","https://www.hepsiemlak.com/_nuxt/8cafc93fb5c74c75e9e04e528e02ccdf.jpg","","WhatsApp",""
"https://www.hepsiemlak.com/denizli-pamukkale-cumhuriyet-kiralik/daire/137549-1946","1 / 13","14.450","11/08/2026","Üniversite Mevki Event Düğün Salonu Arkası Kiralık 1+1 Apart Full Eşyalı Klimalı","Kiralık Daire","1 + 1","55 m²","9 Yaşında","Ara Kat","Denizli / Pamukkale / Cumhuriyet Mah.","https://www.hepsiemlak.com/_nuxt/8cafc93fb5c74c75e9e04e528e02ccdf.jpg","Tercih Gayrimenkul","WhatsApp","https://www.hepsiemlak.com/_nuxt/8cafc93fb5c74c75e9e04e528e02ccdf.jpg"
"https://www.hepsiemlak.com/denizli-pamukkale-asmalievler-kiralik/daire/54626-5664","1 / 34","13.000","03/08/2026","Kaan Emlaktan Paü Ye Yakın Lüks Apartlar","Kiralık Daire","1 + 1","55 m²","5 Yaşında","3. Kat","Denizli / Pamukkale / Asmalıevler Mah.","https://www.hepsiemlak.com/_nuxt/8cafc93fb5c74c75e9e04e528e02ccdf.jpg","","WhatsApp",""
"https://www.hepsiemlak.com/denizli-pamukkale-asmalievler-kiralik/daire/91390-2413","1 / 35","17.000","02/09/2026","Şehzade Gayrimenkul'den Asmalıevler Mah. 2+1 Kiralık Daire","Kiralık Daire","2 + 1","100 m²","21 Yaşında","Çatı Katı","Denizli / Pamukkale / Asmalıevler Mah.","https://www.hepsiemlak.com/_nuxt/8cafc93fb5c74c75e9e04e528e02ccdf.jpg","Şehzade Gayrimenkul","WhatsApp","https://www.hepsiemlak.com/_nuxt/8cafc93fb5c74c75e9e04e528e02ccdf.jpg"
"https://www.hepsiemlak.com/denizli-pamukkale-kuspinar-kiralik/daire/164830-103","1 / 14","14.000","23/06/2026","Kuşpınar Çarşamba Pazarı Yanı 3+1 Kiralik","Kiralık Daire","3 + 1","140 m²","26 Yaşında","1. Kat","Denizli / Pamukkale / Kuşpınar Mah.","https://www.hepsiemlak.com/_nuxt/8cafc93fb5c74c75e9e04e528e02ccdf.jpg","Birikim Gayrimenkul","WhatsApp","https://www.hepsiemlak.com/_nuxt/8cafc93fb5c74c75e9e04e528e02ccdf.jpg"
"https://www.hepsiemlak.com/denizli-pamukkale-zeytinkoy-kiralik/daire/4766-18795","1 / 13","15.000","28/08/2026","Ender Uysal Gayrimenkulden Zeytinköy De Kiralık 2+1 Apart...","Kiralık Daire","2 + 1","65 m²","15 Yaşında","2. Kat","Denizli / Pamukkale / Zeytinköy Mah.","https://www.hepsiemlak.com/_nuxt/8cafc93fb5c74c75e9e04e528e02ccdf.jpg","","WhatsApp",""
"https://www.hepsiemlak.com/denizli-merkezefendi-karahasanli-kiralik/daire/122219-655","1 / 12","22.000","14/07/2026","Karahasanlı Da Kiralık 2+1 Daıre","Kiralık Daire","2 + 1","85 m²","Sıfır Bina","4. Kat","Denizli / Merkezefendi / Karahasanlı Mah.","https://www.hepsiemlak.com/_nuxt/8cafc93fb5c74c75e9e04e528e02ccdf.jpg","","WhatsApp",""
"https://www.hepsiemlak.com/denizli-pamukkale-15-mayis-kiralik/daire/0-46700262","1 / 5","15.000","05/07/2026","1+1 Esyali Daire","Kiralık Daire","1 + 1","45 m²","8 Yaşında","Ara Kat","Denizli / Pamukkale / 15 Mayıs Mah.","https://www.hepsiemlak.com/_nuxt/8cafc93fb5c74c75e9e04e528e02ccdf.jpg","","WhatsApp",""
"https://www.hepsiemlak.com/denizli-pamukkale-atalar-kiralik/daire/159501-176","1 / 15","13.000","13/08/2026","Çınar'da Geniş Ultra Lüks Ara Kat Apart","Kiralık Daire","1 + 1","60 m²","6 Yaşında","2. Kat","Denizli / Pamukkale / Atalar Mah.","https://www.hepsiemlak.com/_nuxt/8cafc93fb5c74c75e9e04e528e02ccdf.jpg","","WhatsApp",""
"https://www.hepsiemlak.com/denizli-pamukkale-zeytinkoy-kiralik/daire/117872-1336","1 / 19","13.000","02/07/2026","Havuzlu Sitede 1+1 Lüks Kiralık Apart","Kiralık Daire","1 + 1","55 m²","6 Yaşında","5. Kat","Denizli / Pamukkale / Zeytinköy Mah.","https://www.hepsiemlak.com/_nuxt/8cafc93fb5c74c75e9e04e528e02ccdf.jpg","Aybüke Gayrimenkul","WhatsApp","https://www.hepsiemlak.com/_nuxt/8cafc93fb5c74c75e9e04e528e02ccdf.jpg"
"https://www.hepsiemlak.com/denizli-pamukkale-kinikli-kiralik/daire/4766-18739","1 / 12","18.000","13/08/2026","Ender Uysal Gayrimenkulden Kınıklı Da Kampüse Yakın 3+1 Eşyalı Daire.","Kiralık Daire","3 + 1","100 m²","10 Yaşında","Bahçe Katı","Denizli / Pamukkale / Kınıklı Mah.","https://www.hepsiemlak.com/_nuxt/8cafc93fb5c74c75e9e04e528e02ccdf.jpg","","WhatsApp",""
"https://www.hepsiemlak.com/denizli-pamukkale-asmalievler-kiralik/daire/164830-49","1 / 13","17.000","28/08/2026","Birikimden Paü Yakını Kiralık Arakat Apart","Kiralık Daire","3 + 1","50 m²","5 Yaşında","2. Kat","Denizli / Pamukkale / Asmalıevler Mah.","https://www.hepsiemlak.com/_nuxt/8cafc93fb5c74c75e9e04e528e02ccdf.jpg","Birikim Gayrimenkul","WhatsApp","https://www.hepsiemlak.com/_nuxt/8cafc93fb5c74c75e9e04e528e02ccdf.jpg"
"https://www.hepsiemlak.com/denizli-pamukkale-atalar-kiralik/daire/15694-3982","1 / 23","12.000","22/06/2026","Laodikya Gayrimenkul'den Atalar Mh. 2+1 Kiralık Daire","Kiralık Daire","2 + 1","100 m²","26 Yaşında","Yüksek Giriş","Denizli / Pamukkale / Atalar Mah.","https://www.hepsiemlak.com/_nuxt/8cafc93fb5c74c75e9e04e528e02ccdf.jpg","Laodikya Emlak","WhatsApp","https://www.hepsiemlak.com/_nuxt/8cafc93fb5c74c75e9e04e528e02ccdf.jpg"
"https://www.hepsiemlak.com/denizli-pamukkale-mehmetcik-kiralik/daire/159501-149","1 / 31","14.000","13/08/2026","Mehmetçik Forum Çamlık Dibinde İnternet Dahil Ferah Lüks Apart","Kiralık Daire","1 + 1","55 m²","5 Yaşında","2. Kat","Denizli / Pamukkale / Mehmetçik Mah.","https://www.hepsiemlak.com/_nuxt/8cafc93fb5c74c75e9e04e528e02ccdf.jpg","","WhatsApp",""
"https://www.hepsiemlak.com/denizli-merkezefendi-selcuk-bey-kiralik/daire/54626-5773","1 / 27","38.000","25/07/2026","Kaan Emlak'tan Evorada Ara Kat Lüks Kiralık Daire","Kiralık Daire","2 + 1","140 m²","6 Yaşında","6. Kat","Denizli / Merkezefendi / Selçuk Bey Mah.","","","WhatsApp",""
"https://www.hepsiemlak.com/denizli-pamukkale-mehmetcik-kiralik/daire/133232-671","1 / 32","23.000","18/08/2026","Koza'dan Forum Çamlık-Tugay Yakını Mantolamalı Kiralık Arakat Daire","Kiralık Daire","3 + 1","150 m²","25 Yaşında","2. Kat","Denizli / Pamukkale / Mehmetçik Mah.","","","WhatsApp",""
"https://www.hepsiemlak.com/denizli-pamukkale-zumrut-kiralik/daire/127829-390","1 / 28","28.000","03/07/2026","Denizli Bağbaşı Zümrüt Mahallesinde Eski Yol İle Yeni Yol Arasındakiralık Eşyalı Daire","Kiralık Daire","2 + 1","100 m²","9 Yaşında","3. Kat","Denizli / Pamukkale / Zümrüt Mah.","","","WhatsApp",""
"https://www.hepsiemlak.com/denizli-pamukkale-kuspinar-kiralik/daire/4766-18724","1 / 12","19.000","06/08/2026","Ender Uysal Gayrimenkulden Kuşpınar Mahallesin De Asansörlü 2+1 Arakat Lüx Apart...Apartımız Da Bula","Kiralık Daire","2 + 1","75 m²","5 Yaşında","3. Kat","Denizli / Pamukkale / Kuşpınar Mah.","https://hecdn01.hemlak.com/mncropresize/182/137/ds01/8/8/3/8/7/0/7/4/938b64c0-259f-4d6e-95a8-9c487c56727c.jpg","","WhatsApp",""
"https://www.hepsiemlak.com/denizli-merkezefendi-karahasanli-kiralik/daire/91390-2591","1 / 26","24.000","15/07/2026","Şehzade Gayrimenkul'den Karahasanlı Mah. 2+1 Kiralık Apart","Kiralık Daire","2 + 1","70 m²","1 Yaşında","2. Kat","Denizli / Merkezefendi / Karahasanlı Mah.","https://www.hepsiemlak.com/_nuxt/8cafc93fb5c74c75e9e04e528e02ccdf.jpg","Şehzade Gayrimenkul","WhatsApp","https://www.hepsiemlak.com/_nuxt/8cafc93fb5c74c75e9e04e528e02ccdf.jpg"
"https://www.hepsiemlak.com/denizli-merkezefendi-adalet-kiralik/daire/133232-670","1 / 33","50.000","03/07/2026","Koza'dan Adalette Resmi Kurumlara Yakın Asansörlü Sıfır Daire","Kiralık Daire","3 + 1","185 m²","Sıfır Bina","4. Kat","Denizli / Merkezefendi / Adalet Mah.","https://www.hepsiemlak.com/_nuxt/8cafc93fb5c74c75e9e04e528e02ccdf.jpg","","WhatsApp",""
"https://www.hepsiemlak.com/denizli-pamukkale-asmalievler-kiralik/daire/164830-107","1 / 12","13.500","10/08/2026","Paü Yakını 2+1 Balkonlu Asansörlü Apart","Kiralık Daire","2 + 1","65 m²","5 Yaşında","Çatı Katı","Denizli / Pamukkale / Asmalıevler Mah.","https://www.hepsiemlak.com/_nuxt/8cafc93fb5c74c75e9e04e528e02ccdf.jpg","Birikim Gayrimenkul","WhatsApp","https://www.hepsiemlak.com/_nuxt/8cafc93fb5c74c75e9e04e528e02ccdf.jpg"
"https://www.hepsiemlak.com/denizli-pamukkale-kuspinar-kiralik/daire/49011-11294","1 / 17","13.000","02/08/2026","Binyapıdan Kuşpınar Tugay Yakını Kiralık Ara Kat Asansörlü Daire","Kiralık Daire","2 + 1","110 m²","31 Yaşında","2. Kat","Denizli / Pamukkale / Kuşpınar Mah.","https://www.hepsiemlak.com/_nuxt/8cafc93fb5c74c75e9e04e528e02ccdf.jpg","","WhatsApp",""
"https://www.hepsiemlak.com/denizli-pamukkale-asmalievler-kiralik/daire/4766-18797","1 / 11","13.000","28/08/2026","Ender Uysal Gayrimenkulden Asmalıevler De 2+1 Arakat Apart.","Kiralık Daire","2 + 1","60 m²","4 Yaşında","3. Kat","Denizli / Pamukkale / Asmalıevler Mah.","https://www.hepsiemlak.com/_nuxt/8cafc93fb5c74c75e9e04e528e02ccdf.jpg","","WhatsApp",""
"https://www.hepsiemlak.com/denizli-pamukkale-asmalievler-kiralik/daire/117872-1293","1 / 14","13.000","20/08/2026","Paü'ye Yakın 1+1 Sıfır Eşyalı Balkonlu Apart","Kiralık Daire","1 + 1","45 m²","11 Yaşında","3. Kat","Denizli / Pamukkale / Asmalıevler Mah.","https://www.hepsiemlak.com/_nuxt/8cafc93fb5c74c75e9e04e528e02ccdf.jpg","Aybüke Gayrimenkul","WhatsApp","https://www.hepsiemlak.com/_nuxt/8cafc93fb5c74c75e9e04e528e02ccdf.jpg"
"https://www.hepsiemlak.com/denizli-pamukkale-topraklik-kiralik/daire/127829-314","1 / 26","17.500","02/07/2026","Denizli Topraklık'ta Kiralık 2+1 Teraslı Yalıtımlı Çatı Katı Eşyalı Apart","Kiralık Daire","2 + 1","80 m²","16 Yaşında","Çatı Katı","Denizli / Pamukkale / Topraklık Mah.","https://www.hepsiemlak.com/_nuxt/8cafc93fb5c74c75e9e04e528e02ccdf.jpg","","WhatsApp",""
"https://www.hepsiemlak.com/denizli-pamukkale-asmalievler-kiralik/daire/133492-229","1 / 7","7.500","04/09/2026","Asmalıevler De 1+0 Eşyalı Apart Daire","Kiralık Daire","Stüdyo","60 m²","5 Yaşında","Ara Kat","Denizli / Pamukkale / Asmalıevler Mah.","https://www.hepsiemlak.com/_nuxt/8cafc93fb5c74c75e9e04e528e02ccdf.jpg","","WhatsApp",""
"https://www.hepsiemlak.com/denizli-merkezefendi-goveclik-kiralik/daire/151348-512","1 / 14","55.000","03/07/2026","Göveçlikte , Havuzlu Site İçerisinde, Lüx, Manzarlı, Sıfır 3,5+1","Kiralık Daire","3 + 1","160 m²","Sıfır Bina","4. Kat","Denizli / Merkezefendi / Göveçlik Mah.","https://www.hepsiemlak.com/_nuxt/8cafc93fb5c74c75e9e04e528e02ccdf.jpg","Blue Sky Gayrimenkul","WhatsApp","https://www.hepsiemlak.com/_nuxt/8cafc93fb5c74c75e9e04e528e02ccdf.jpg"
"https://www.hepsiemlak.com/denizli-pamukkale-asmalievler-kiralik/daire/133232-645","1 / 15","11.000","06/08/2026","Denizli Pamukkale Asmalıevler- Ulus Kavşağında Kiralık Balkonlu Arakat Apart","Kiralık Daire","1 + 1","50 m²","10 Yaşında","2. Kat","Denizli / Pamukkale / Asmalıevler Mah.","https://www.hepsiemlak.com/_nuxt/8cafc93fb5c74c75e9e04e528e02ccdf.jpg","","WhatsApp",""
"https://www.hepsiemlak.com/denizli-merkezefendi-mehmet-akif-ersoy-kiralik/daire/164830-102","1 / 12","18.000","19/06/2026","Adliye-Hastaneler Bölgesi 1+1 Balkonlu Apart","Kiralık Daire","1 + 1","50 m²","6 Yaşında","1. Kat","Denizli / Merkezefendi / Mehmet Akif Ersoy Mah.","https://www.hepsiemlak.com/_nuxt/8cafc93fb5c74c75e9e04e528e02ccdf.jpg","Birikim Gayrimenkul","WhatsApp","https://www.hepsiemlak.com/_nuxt/8cafc93fb5c74c75e9e04e528e02ccdf.jpg"
"https://www.hepsiemlak.com/denizli-pamukkale-mehmetcik-kiralik/daire/49011-11377","1 / 16","23.000","02/09/2026","Binyapıdan Mehmetçikte İl Jand. Yakını 3+1 Kiralık Daire !","Kiralık Daire","3 + 1","145 m²","26 Yaşında","4. Kat","Denizli / Pamukkale / Mehmetçik Mah.","https://www.hepsiemlak.com/_nuxt/8cafc93fb5c74c75e9e04e528e02ccdf.jpg","","WhatsApp",""
"https://www.hepsiemlak.com/denizli-merkezefendi-karahasanli-kiralik/daire/91390-2581","1 / 21","18.000","17/06/2026","Şehzade'den Karahasanlı'da 2+1 Kiralık Daire","Kiralık Daire","2 + 1","100 m²","6 Yaşında","Yüksek Giriş","Denizli / Merkezefendi / Karahasanlı Mah.","https://www.hepsiemlak.com/_nuxt/8cafc93fb5c74c75e9e04e528e02ccdf.jpg","Şehzade Gayrimenkul","WhatsApp","https://www.hepsiemlak.com/_nuxt/8cafc93fb5c74c75e9e04e528e02ccdf.jpg"
"https://www.hepsiemlak.com/denizli-pamukkale-mehmetcik-kiralik/daire/4766-18802","1 / 9","10.000","29/08/2026","Ender Uysaldan Forum Çamlığa Çok Yakın 1+1 Kiralık Apart","Kiralık Daire","1 + 1","45 m²","3 Yaşında","Bodrum","Denizli / Pamukkale / Mehmetçik Mah.","https://www.hepsiemlak.com/_nuxt/8cafc93fb5c74c75e9e04e528e02ccdf.jpg","","WhatsApp",""
"https://www.hepsiemlak.com/denizli-pamukkale-bagbasi-kiralik/daire/54626-5732","1 / 16","21.000","03/07/2026","Kaan Emlaktan Bağbaşı Eski Yolda 4+1 Kiralık Lüx Daire","Kiralık Daire","4 + 1","200 m²","11 Yaşında","Bahçe Katı","Denizli / Pamukkale / Bağbaşı Mah.","https://www.hepsiemlak.com/_nuxt/8cafc93fb5c74c75e9e04e528e02ccdf.jpg","","WhatsApp",""
"https://www.hepsiemlak.com/denizli-merkezefendi-gultepe-kiralik/daire/134506-982","1 / 9","16.000","03/09/2026","Reallife Office'den Gültepe De Kiralık Daire","Kiralık Daire","3 + 1","150 m²","20 Yaşında","Yüksek Giriş","Denizli / Merkezefendi / Gültepe Mah.","https://www.hepsiemlak.com/_nuxt/8cafc93fb5c74c75e9e04e528e02ccdf.jpg","","WhatsApp",""
"https://www.hepsiemlak.com/denizli-merkezefendi-yenisafak-kiralik/daire/151348-491","1 / 13","47.998","18/06/2026","Yenişafak Mahallesinde 4+1 235 M2 Kiralık Daire","Kiralık Daire","4 + 1","235 m²","11 Yaşında","3. Kat","Denizli / Merkezefendi / Yenişafak Mah.","https://www.hepsiemlak.com/_nuxt/8cafc93fb5c74c75e9e04e528e02ccdf.jpg","Blue Sky Gayrimenkul","WhatsApp","https://www.hepsiemlak.com/_nuxt/8cafc93fb5c74c75e9e04e528e02ccdf.jpg"
"https://www.hepsiemlak.com/denizli-pamukkale-pelitlibag-kiralik/daire/81242-388","1 / 12","20.000","19/08/2026","Mk Dan Kiralık","Kiralık Daire","2 + 1","80 m²","5 Yaşında","Yüksek Giriş","Denizli / Pamukkale / Pelitlibağ Mah.","https://www.hepsiemlak.com/_nuxt/8cafc93fb5c74c75e9e04e528e02ccdf.jpg","Mk Gayrımenkul","WhatsApp","https://www.hepsiemlak.com/_nuxt/8cafc93fb5c74c75e9e04e528e02ccdf.jpg"
"https://www.hepsiemlak.com/denizli-pamukkale-zeytinkoy-kiralik/daire/4766-18792","1 / 9","12.000","27/08/2026","Ender Uysal Gayrimenkulden Üniversiteye Yakın 1+1 Kiralık Balkonlu Eşyalı Apart...","Kiralık Daire","1 + 1","45 m²","2 Yaşında","2. Kat","Denizli / Pamukkale / Zeytinköy Mah.","https://www.hepsiemlak.com/_nuxt/8cafc93fb5c74c75e9e04e528e02ccdf.jpg","","WhatsApp",""
"https://www.hepsiemlak.com/denizli-pamukkale-zeytinkoy-kiralik/daire/164830-97","1 / 11","15.000","21/08/2026","Paü Yakını Geniş 1+1 Sıfır Eşyalı Apart","Kiralık Daire","1 + 1","50 m²","6 Yaşında","2. Kat","Denizli / Pamukkale / Zeytinköy Mah.","https://www.hepsiemlak.com/_nuxt/8cafc93fb5c74c75e9e04e528e02ccdf.jpg","Birikim Gayrimenkul","WhatsApp","https://www.hepsiemlak.com/_nuxt/8cafc93fb5c74c75e9e04e528e02ccdf.jpg"
"https://www.hepsiemlak.com/denizli-merkezefendi-gerzele-kiralik/daire/162589-431","1 / 17","23.000","03/07/2026","Gerzelede Depozitosuz Kiralık 1+1 Daire","Kiralık Daire","1 + 1","55 m²","5 Yaşında","Bahçe Katı","Denizli / Merkezefendi / Gerzele Mah.","https://hecdnnw.hemlak.com/mncropresize/77/67/logo/9/8/5/2/6/1/cbd6fba6-5d34-4967-b1fa-9e85247a0811.jpg","Toprak Dünyası Gayrimenkul","WhatsApp",""
"https://www.hepsiemlak.com/denizli-pamukkale-yunusemre-kiralik/daire/88741-172","1 / 18","15.000","07/09/2026","Kınıklı Yunus Emre De 90m² 3+1 Ful Eşyalı Kiralık","Kiralık Daire","3 + 1","90 m²","6 Yaşında","4. Kat","Denizli / Pamukkale / Yunusemre Mah.","","","WhatsApp",""
"https://www.hepsiemlak.com/denizli-merkezefendi-gumuscay-kiralik/daire/91390-2608","1 / 18","24.000","09/07/2026","Şehzade'den Gümüşler Bulvarı Yakını 2+1 Kiralık Daire","Kiralık Daire","2 + 1","100 m²","5 Yaşında","3. Kat","Denizli / Merkezefendi / Gümüşçay Mah.","https://hecdnnw.hemlak.com/mncropresize/77/67/logo/0/9/3/1/9/0/bfee13a9-551f-449b-af4e-f8c151ea47a9.jpg","Şehzade Gayrimenkul","WhatsApp",""
"https://www.hepsiemlak.com/denizli-pamukkale-mehmetcik-kiralik/daire/4766-18790","1 / 9","10.000","27/08/2026","Ender Uysaldan Forum Çamlığa Çok Yakın 1+1 Kiralık Apart","Kiralık Daire","1 + 1","45 m²","3 Yaşında","Bodrum","Denizli / Pamukkale / Mehmetçik Mah.","https://hecdn01.hemlak.com/mncropresize/182/137/ds01/5/6/8/1/0/2/7/4/37333aa0-bd5a-4bcb-a716-7922ba401c2c.jpg","","WhatsApp",""
"https://www.hepsiemlak.com/denizli-pamukkale-yunusemre-kiralik/daire/134506-995","1 / 8","21.000","03/09/2026","Yunusemre Mahallesi’nde Kiralık 1+1 Apart","Kiralık Daire","1 + 1","55 m²","Sıfır Bina","En Üst Kat","Denizli / Pamukkale / Yunusemre Mah.","https://www.hepsiemlak.com/_nuxt/8cafc93fb5c74c75e9e04e528e02ccdf.jpg","","WhatsApp",""
"https://www.hepsiemlak.com/denizli-pamukkale-hacikaplanlar-kiralik/daire/134619-119","1 / 15","8.000","21/07/2026","Çınar Horozunun Karşısında Reklam Değeri Yüksek  Kiralık Ofis....","Kiralık Daire","1 + 1","28 m²","9 Yaşında","2. Kat","Denizli / Pamukkale / Hacıkaplanlar Mah.","https://www.hepsiemlak.com/_nuxt/8cafc93fb5c74c75e9e04e528e02ccdf.jpg","Ateş 20 Offıce","WhatsApp","https://www.hepsiemlak.com/_nuxt/8cafc93fb5c74c75e9e04e528e02ccdf.jpg"
"https://www.hepsiemlak.com/denizli-merkezefendi-yenisafak-kiralik/daire/151348-513","1 / 12","35.000","03/07/2026","Yenişafak Masal Parkı Yakını , Cam Balkonlu , 3+1 Kiralık Daire","Kiralık Daire","3 + 1","140 m²","8 Yaşında","5. Kat","Denizli / Merkezefendi / Yenişafak Mah.","https://www.hepsiemlak.com/_nuxt/8cafc93fb5c74c75e9e04e528e02ccdf.jpg","Blue Sky Gayrimenkul","WhatsApp","https://www.hepsiemlak.com/_nuxt/8cafc93fb5c74c75e9e04e528e02ccdf.jpg"
"https://www.hepsiemlak.com/denizli-merkezefendi-karahasanli-kiralik/daire/124405-279","1 / 12","19.000","25/07/2026","Karahasanli Kiralik Daire","Kiralık Daire","2 + 1","60 m²","1 Yaşında","2. Kat","Denizli / Merkezefendi / Karahasanlı Mah.","https://www.hepsiemlak.com/_nuxt/8cafc93fb5c74c75e9e04e528e02ccdf.jpg","Demirtaş Gayrimenkul","WhatsApp","https://www.hepsiemlak.com/_nuxt/8cafc93fb5c74c75e9e04e528e02ccdf.jpg"
"https://www.hepsiemlak.com/denizli-pamukkale-kinikli-kiralik/daire/127829-301","1 / 17","13.500","18/07/2026","Kınıklı Kampüs Mevki Kiralık 1+1 Fırsat Bahçe Katı Apart","Kiralık Daire","1 + 1","46 m²","4 Yaşında","Bahçe Katı","Denizli / Pamukkale / Kınıklı Mah.","https://www.hepsiemlak.com/_nuxt/8cafc93fb5c74c75e9e04e528e02ccdf.jpg","","WhatsApp",""
"https://www.hepsiemlak.com/denizli-pamukkale-kinikli-kiralik/daire/88741-189","1 / 17","21.000","16/07/2026","Kınıklı K A M P U S T E 75m² 2+1 Ful Eşyalı Ara Kat Kıralık Apar","Kiralık Daire","2 + 1","75 m²","11 Yaşında","2. Kat","Denizli / Pamukkale / Kınıklı Mah.","https://www.hepsiemlak.com/_nuxt/8cafc93fb5c74c75e9e04e528e02ccdf.jpg","","WhatsApp",""
"https://www.hepsiemlak.com/denizli-merkezefendi-karaman-kiralik/daire/162589-435","1 / 14","20.000","03/08/2026","Karaman'da Cadde Üstü Kiralık Daire","Kiralık Daire","2 + 1","120 m²","6 Yaşında","2. Kat","Denizli / Merkezefendi / Karaman Mah.","https://www.hepsiemlak.com/_nuxt/8cafc93fb5c74c75e9e04e528e02ccdf.jpg","Toprak Dünyası Gayrimenkul","WhatsApp","https://www.hepsiemlak.com/_nuxt/8cafc93fb5c74c75e9e04e528e02ccdf.jpg"
"https://www.hepsiemlak.com/denizli-pamukkale-kinikli-kiralik/daire/4766-18772","1 / 9","14.000","22/08/2026","Ender Uysal Gayrimenkulden Kınıklıda 1+1 Kiralık Balkonlu Apart...","Kiralık Daire","1 + 1","45 m²","10 Yaşında","2. Kat","Denizli / Pamukkale / Kınıklı Mah.","https://www.hepsiemlak.com/_nuxt/8cafc93fb5c74c75e9e04e528e02ccdf.jpg","","WhatsApp",""
"https://www.hepsiemlak.com/denizli-pamukkale-zumrut-kiralik/daire/0-45851172","1 / 9","15.500","19/07/2026","Sahibinden Kiralık Bahçe Katı Daire","Kiralık Daire","3 + 1","130 m²","15 Yaşında","Bahçe Katı","Denizli / Pamukkale / Zümrüt Mah.","https://www.hepsiemlak.com/_nuxt/8cafc93fb5c74c75e9e04e528e02ccdf.jpg","","WhatsApp",""
"https://www.hepsiemlak.com/denizli-merkezefendi-bahcelievler-kiralik/daire/91390-2517","1 / 14","18.000","10/08/2026","Şehzade'den Bahçelivler Mh.Özel Okullar Bölgesinde Kiralık Apart","Kiralık Daire","1 + 1","55 m²","6 Yaşında","1. Kat","Denizli / Merkezefendi / Bahçelievler Mah.","https://www.hepsiemlak.com/_nuxt/8cafc93fb5c74c75e9e04e528e02ccdf.jpg","Şehzade Gayrimenkul","WhatsApp","https://www.hepsiemlak.com/_nuxt/8cafc93fb5c74c75e9e04e528e02ccdf.jpg"
"https://www.hepsiemlak.com/denizli-merkezefendi-gultepe-kiralik/daire/162589-388","1 / 14","29.000","21/07/2026","Albayrak Meydanı Lüks 2+1 Daire","Kiralık Daire","2 + 1","90 m²","4 Yaşında","2. Kat","Denizli / Merkezefendi / Gültepe Mah.","https://www.hepsiemlak.com/_nuxt/8cafc93fb5c74c75e9e04e528e02ccdf.jpg","Toprak Dünyası Gayrimenkul","WhatsApp","https://www.hepsiemlak.com/_nuxt/8cafc93fb5c74c75e9e04e528e02ccdf.jpg"
"https://www.hepsiemlak.com/denizli-pamukkale-siteler-kiralik/daire/4766-18809","1 / 8","12.000","29/08/2026","Ender Uysal Gayrimenkulden Foruma Yakın İnternet Dahil Klimalı 1+1 Kiralık Daire","Kiralık Daire","1 + 1","47 m²","3 Yaşında","2. Kat","Denizli / Pamukkale / Siteler Mah.","https://www.hepsiemlak.com/_nuxt/8cafc93fb5c74c75e9e04e528e02ccdf.jpg","","WhatsApp",""
"https://www.hepsiemlak.com/denizli-saraykoy-bala-kiralik/daire/167408-15","1 / 8","18.750","10/08/2026","Denizli Sarayköyde Kiralık 2+1 Eşyalı Daire","Kiralık Daire","2 + 1","90 m²","6 Yaşında","3. Kat","Denizli / Sarayköy / Bala Mah.","https://www.hepsiemlak.com/_nuxt/8cafc93fb5c74c75e9e04e528e02ccdf.jpg","","WhatsApp",""
"https://www.hepsiemlak.com/denizli-merkezefendi-akkonak-kiralik/daire/0-39064418","1 / 8","18.000","19/08/2026","29 Ekim Bulvarında Sahibinden Devlet Hastanesi Yakınında. Kazım Kaynak Lisesi Yaninda","Kiralık Daire","3 + 1","135 m²","25 Yaşında","4. Kat","Denizli / Merkezefendi / Akkonak Mah.","https://www.hepsiemlak.com/_nuxt/8cafc93fb5c74c75e9e04e528e02ccdf.jpg","","WhatsApp",""
"https://www.hepsiemlak.com/denizli-merkezefendi-karahasanli-kiralik/daire/151348-514","1 / 10","40.000","03/07/2026","Karahasanlı Havuzlu Site İçerisinde 2,5+1 , Ara Kat, Lüx Daire","Kiralık Daire","2 + 1","130 m²","7 Yaşında","2. Kat","Denizli / Merkezefendi / Karahasanlı Mah.","https://www.hepsiemlak.com/_nuxt/8cafc93fb5c74c75e9e04e528e02ccdf.jpg","Blue Sky Gayrimenkul","WhatsApp","https://www.hepsiemlak.com/_nuxt/8cafc93fb5c74c75e9e04e528e02ccdf.jpg"
"https://www.hepsiemlak.com/denizli-pamukkale-mehmetcik-kiralik/daire/88741-158","1 / 14","11.000","14/07/2026","Mehmetcıkte 60m² Ful Esyalı Teraslı Kıralık Apart","Kiralık Daire","1 + 1","60 m²","6 Yaşında","3. Kat","Denizli / Pamukkale / Mehmetçik Mah.","https://www.hepsiemlak.com/_nuxt/8cafc93fb5c74c75e9e04e528e02ccdf.jpg","","WhatsApp",""
"https://www.hepsiemlak.com/denizli-merkezefendi-servergazi-kiralik/daire/94398-5939","1 / 19","20.000","24/08/2026","+1'den Servergazide 120 M2 2+1 Kiralık Daire","Kiralık Daire","2 + 1","125 m²","26 Yaşında","4. Kat","Denizli / Merkezefendi / Servergazi Mah.","https://www.hepsiemlak.com/_nuxt/8cafc93fb5c74c75e9e04e528e02ccdf.jpg","Artı 1 Gayrimenkul","WhatsApp","https://www.hepsiemlak.com/_nuxt/8cafc93fb5c74c75e9e04e528e02ccdf.jpg"
"https://www.hepsiemlak.com/denizli-pamukkale-yunusemre-kiralik/daire/4766-18751","1 / 8","13.000","18/08/2026","Ender Uysal Gayrimenkulden Yunusemre De Üniversiteye Yakın Balkonlu Asansörlü 1+1 Eşyalı Apart ..","Kiralık Daire","1 + 1","45 m²","4 Yaşında","3. Kat","Denizli / Pamukkale / Yunusemre Mah.","https://www.hepsiemlak.com/_nuxt/8cafc93fb5c74c75e9e04e528e02ccdf.jpg","","WhatsApp",""
"https://www.hepsiemlak.com/denizli-pamukkale-siteler-kiralik/daire/4766-18740","1 / 8","13.500","14/08/2026","Ender Uysaldan Kınıklıda Klimalı Balkonlu Eşyalı Arakat 1+1 Kiralık Apart...Dairemiz Üniversite Ye F","Kiralık Daire","1 + 1","49 m²","3 Yaşında","Ara Kat","Denizli / Pamukkale / Siteler Mah.","https://www.hepsiemlak.com/_nuxt/8cafc93fb5c74c75e9e04e528e02ccdf.jpg","","WhatsApp",""
"https://www.hepsiemlak.com/denizli-merkezefendi-karahasanli-kiralik/daire/162589-353","1 / 12","25.000","01/07/2026","Karahasanlı Şehir Hastanesi Yakını Kiralık Apart","Kiralık Daire","1 + 1","55 m²","Sıfır Bina","3. Kat","Denizli / Merkezefendi / Karahasanlı Mah.","https://www.hepsiemlak.com/_nuxt/8cafc93fb5c74c75e9e04e528e02ccdf.jpg","Toprak Dünyası Gayrimenkul","WhatsApp","https://www.hepsiemlak.com/_nuxt/8cafc93fb5c74c75e9e04e528e02ccdf.jpg"
"https://www.hepsiemlak.com/denizli-pamukkale-yunusemre-kiralik/daire/88741-185","1 / 11","20.000","07/08/2026","Kınıklı Bursa Caddesınde 75m² 2+1 Ful Eşyalı Kiralık Apart","Kiralık Daire","2 + 1","75 m²","6 Yaşında","2. Kat","Denizli / Pamukkale / Yunusemre Mah.","","","WhatsApp",""
"https://www.hepsiemlak.com/denizli-merkezefendi-akkonak-kiralik/daire/0-46284205","1 / 5","13.500","18/07/2026","Sahibinden 1+1","Kiralık Daire","1 + 1","35 m²","5 Yaşında","4. Kat","Denizli / Merkezefendi / Akkonak Mah.","","","WhatsApp",""
"https://www.hepsiemlak.com/denizli-pamukkale-zeytinkoy-kiralik/daire/0-43407854","1 / 5","12.000","24/08/2026","Üniversite Hastanesi'ne Yürüyerek 5 Dk. Mesafede 80. Yıl Öğretmenevi Alt Sokağında Apart Daire","Kiralık Daire","1 + 1","45 m²","3 Yaşında","Ara Kat","Denizli / Pamukkale / Zeytinköy Mah.","","","WhatsApp",""
"https://www.hepsiemlak.com/denizli-pamukkale-asmalievler-kiralik/daire/4766-18813","1 / 7","9.000","01/09/2026","Ender Uysal Gayrimenkulden Asmalıevler De 1+1 Balkonlu Kiralık Apart...","Kiralık Daire","1 + 1","45 m²","4 Yaşında","1. Kat","Denizli / Pamukkale / Asmalıevler Mah.","https://hecdn01.hemlak.com/mncropresize/182/137/ds01/9/0/4/5/2/2/7/4/60f8625b-0108-4eb7-a83b-90311248c537.jpg","","WhatsApp",""
"https://www.hepsiemlak.com/denizli-pamukkale-hacikaplanlar-kiralik/daire/54626-5756","1 / 18","20.000","03/08/2026","Kaan Emlak İstiklal Şubesinden Hacıkaplanlarda 2+1 Kiralık Daire","Kiralık Daire","2 + 1","135 m²","11 Yaşında","4. Kat","Denizli / Pamukkale / Hacıkaplanlar Mah.","https://www.hepsiemlak.com/_nuxt/8cafc93fb5c74c75e9e04e528e02ccdf.jpg","","WhatsApp",""
"https://www.hepsiemlak.com/denizli-merkezefendi-akkonak-kiralik/daire/49011-11394","1 / 23","18.000","24/08/2026","Binyapıdan Akkonakta Kiralık 2+1 Daire Fırsatı !!","Kiralık Daire","2 + 1","110 m²","26 Yaşında","4. Kat","Denizli / Merkezefendi / Akkonak Mah.","https://www.hepsiemlak.com/_nuxt/8cafc93fb5c74c75e9e04e528e02ccdf.jpg","","WhatsApp",""
"https://www.hepsiemlak.com/denizli-pamukkale-zeytinkoy-kiralik/daire/159143-87","1 / 5","12.500","15/08/2026","Arel'den Cerrahi Hastanesi Arkası 1+1 Kiralık Apart","Kiralık Daire","1 + 1","50 m²","6 Yaşında","2. Kat","Denizli / Pamukkale / Zeytinköy Mah.","https://www.hepsiemlak.com/_nuxt/8cafc93fb5c74c75e9e04e528e02ccdf.jpg","Arel Gayrimenkul","WhatsApp","https://www.hepsiemlak.com/_nuxt/8cafc93fb5c74c75e9e04e528e02ccdf.jpg"
"https://www.hepsiemlak.com/denizli-pamukkale-kinikli-kiralik/daire/88741-188","1 / 10","18.000","20/08/2026","Kınıklı K A M P U S T E 75m² 2+1 Ful Eşyalı Kıralık Apart","Kiralık Daire","2 + 1","75 m²","11 Yaşında","1. Kat","Denizli / Pamukkale / Kınıklı Mah.","https://www.hepsiemlak.com/_nuxt/8cafc93fb5c74c75e9e04e528e02ccdf.jpg","","WhatsApp",""
"https://www.hepsiemlak.com/denizli-pamukkale-pelitlibag-kiralik/daire/159501-9","1 / 9","13.500","14/08/2026","Çınar'da Depozitosuz Ultra Lüks Apart","Kiralık Daire","1 + 1","55 m²","6 Yaşında","2. Kat","Denizli / Pamukkale / Pelitlibağ Mah.","https://www.hepsiemlak.com/_nuxt/8cafc93fb5c74c75e9e04e528e02ccdf.jpg","","WhatsApp",""
"https://www.hepsiemlak.com/denizli-pamukkale-kinikli-kiralik/daire/54626-5558","1 / 18","25.000","01/09/2026","Kaan Emlaktan Kınıklıda 2+1 Kiralık Daire","Kiralık Daire","2 + 1","150 m²","21 Yaşında","2. Kat","Denizli / Pamukkale / Kınıklı Mah.","https://www.hepsiemlak.com/_nuxt/8cafc93fb5c74c75e9e04e528e02ccdf.jpg","","WhatsApp",""
"https://www.hepsiemlak.com/denizli-pamukkale-siteler-kiralik/daire/49011-11395","1 / 22","36.000","02/09/2026","Binyapıdan Forum Ve Ulus Cad. Yakını Kiralık Lüks Daire !","Kiralık Daire","3 + 1","135 m²","6 Yaşında","Yüksek Giriş","Denizli / Pamukkale / Siteler Mah.","https://www.hepsiemlak.com/_nuxt/8cafc93fb5c74c75e9e04e528e02ccdf.jpg","","WhatsApp",""
"https://www.hepsiemlak.com/denizli-merkezefendi-sirakapilar-kiralik/daire/167635-68","1 / 8","12.000","07/08/2026","Nüans'tan Mimar Sinan Cd. 1+1 Yönetimli Kiralık Apart","Kiralık Daire","1 + 1","40 m²","6 Yaşında","6. Kat","Denizli / Merkezefendi / Sırakapılar Mah.","https://www.hepsiemlak.com/_nuxt/8cafc93fb5c74c75e9e04e528e02ccdf.jpg","Nüans Gayrimenkul","WhatsApp","https://www.hepsiemlak.com/_nuxt/8cafc93fb5c74c75e9e04e528e02ccdf.jpg"
"https://www.hepsiemlak.com/denizli-merkezefendi-sirinkoy-kiralik/daire/166616-19","1 / 9","19.000","13/08/2026","Şirinköy'de 1+1 Kiralık Lux Apart","Kiralık Daire","1 + 1","80 m²","16 Yaşında","1. Kat","Denizli / Merkezefendi / Şirinköy Mah.","https://www.hepsiemlak.com/_nuxt/8cafc93fb5c74c75e9e04e528e02ccdf.jpg","Nova Terra Gayrimenkul","WhatsApp","https://www.hepsiemlak.com/_nuxt/8cafc93fb5c74c75e9e04e528e02ccdf.jpg"
"https://www.hepsiemlak.com/denizli-pamukkale-topraklik-kiralik/daire/54626-5771","1 / 17","21.000","08/09/2026","Kaan Emlak Tan 3 + 1 Ara Kat Yeni Evleneceklere Kiralık Daire","Kiralık Daire","3 + 1","130 m²","6 Yaşında","2. Kat","Denizli / Pamukkale / Topraklık Mah.","https://www.hepsiemlak.com/_nuxt/8cafc93fb5c74c75e9e04e528e02ccdf.jpg","","WhatsApp",""
"https://www.hepsiemlak.com/denizli-merkezefendi-karahasanli-kiralik/daire/167635-67","1 / 8","19.000","26/08/2026","Nüans'tan Ş.Hastanesi Yanında 1+1 Lüks Balknlu Kiralık Apart","Kiralık Daire","1 + 1","45 m²","Sıfır Bina","3. Kat","Denizli / Merkezefendi / Karahasanlı Mah.","https://www.hepsiemlak.com/_nuxt/8cafc93fb5c74c75e9e04e528e02ccdf.jpg","Nüans Gayrimenkul","WhatsApp","https://www.hepsiemlak.com/_nuxt/8cafc93fb5c74c75e9e04e528e02ccdf.jpg"
"https://www.hepsiemlak.com/denizli-pamukkale-asmalievler-kiralik/daire/133492-295","1 / 8","7.500","04/09/2026","Asmalıevler Kiralık Apart","Kiralık Daire","Stüdyo","50 m²","5 Yaşında","1. Kat","Denizli / Pamukkale / Asmalıevler Mah.","https://www.hepsiemlak.com/_nuxt/8cafc93fb5c74c75e9e04e528e02ccdf.jpg","","WhatsApp",""
"https://www.hepsiemlak.com/denizli-pamukkale-gokpinar-kiralik/daire/49011-11367","1 / 21","19.500","31/08/2026","Binyapıdan Bağbaşı Gökpınarda Müstakil Tadında Zemin Dubleks !","Kiralık Daire","4 + 1","180 m²","11 Yaşında","Yüksek Giriş","Denizli / Pamukkale / Gökpınar Mah.","https://www.hepsiemlak.com/_nuxt/8cafc93fb5c74c75e9e04e528e02ccdf.jpg","","WhatsApp",""
"https://www.hepsiemlak.com/denizli-pamukkale-siteler-kiralik/daire/4766-18662","1 / 20","25.000","17/07/2026","Ender Uysal Gayrimenkulden Sitelerde Foruma Yakın 2+1 Eşyalı Daire..","Kiralık Daire","2 + 1","120 m²","10 Yaşında","1. Kat","Denizli / Pamukkale / Siteler Mah.","https://www.hepsiemlak.com/_nuxt/8cafc93fb5c74c75e9e04e528e02ccdf.jpg","","WhatsApp",""
"https://www.hepsiemlak.com/denizli-merkezefendi-karahasanli-kiralik/daire/167635-66","1 / 8","23.000","07/09/2026","Nüans'tan Ş.Hastanesi Yanında 2+1 Lüks Balknlu Kiralık Apart","Kiralık Daire","2 + 1","65 m²","Sıfır Bina","3. Kat","Denizli / Merkezefendi / Karahasanlı Mah.","https://www.hepsiemlak.com/_nuxt/8cafc93fb5c74c75e9e04e528e02ccdf.jpg","Nüans Gayrimenkul","WhatsApp","https://www.hepsiemlak.com/_nuxt/8cafc93fb5c74c75e9e04e528e02ccdf.jpg"
"https://www.hepsiemlak.com/denizli-pamukkale-asmalievler-kiralik/daire/133492-274","1 / 8","7.500","21/08/2026","Asmalıevler De 1+0 Eşyalı Kiralık Daireler","Kiralık Daire","Stüdyo","55 m²","5 Yaşında","Ara Kat","Denizli / Pamukkale / Asmalıevler Mah.","https://www.hepsiemlak.com/_nuxt/8cafc93fb5c74c75e9e04e528e02ccdf.jpg","","WhatsApp",""
"https://www.hepsiemlak.com/denizli-pamukkale-zeytinkoy-kiralik/daire/49011-11396","1 / 20","17.000","02/08/2026","Binyapıdan Zeytinköyde Paü Yaknı Yeni Yol Üstü 1+1 Kiralık Apart","Kiralık Daire","1 + 1","55 m²","6 Yaşında","Yarı Bodrum","Denizli / Pamukkale / Zeytinköy Mah.","https://www.hepsiemlak.com/_nuxt/8cafc93fb5c74c75e9e04e528e02ccdf.jpg","","WhatsApp",""
"https://www.hepsiemlak.com/denizli-pamukkale-hurriyet-kiralik/daire/4766-18784","1 / 17","12.500","27/08/2026","Ender Uysal Gayrimenkulden Kayhanda Kiralık Sobalı 3+1 Arakat Geniş Daire...","Kiralık Daire","3 + 1","150 m²","15 Yaşında","2. Kat","Denizli / Pamukkale / Hürriyet Mah.","https://www.hepsiemlak.com/_nuxt/8cafc93fb5c74c75e9e04e528e02ccdf.jpg","","WhatsApp",""
"https://www.hepsiemlak.com/denizli-pamukkale-incilipinar-kiralik/daire/49011-11388","1 / 19","23.000","13/08/2026","Binyapıdan İncilipınarda 2+1 Full Eşyalı Kiralık Apart !","Kiralık Daire","2 + 1","75 m²","6 Yaşında","1. Kat","Denizli / Pamukkale / İncilipınar Mah.","https://www.hepsiemlak.com/_nuxt/8cafc93fb5c74c75e9e04e528e02ccdf.jpg","","WhatsApp",""
"https://www.hepsiemlak.com/denizli-pamukkale-siteler-kiralik/daire/4766-18669","1 / 17","18.000","23/07/2026","Ender Uysal Gayrimenkulden Sitelerde Teraslı Eşyalı Geniş 3+1 Daire…  90 M2 Bireysel Kombi ..   3 Od","Kiralık Daire","3 + 1","90 m²","10 Yaşında","4. Kat","Denizli / Pamukkale / Siteler Mah.","https://www.hepsiemlak.com/_nuxt/8cafc93fb5c74c75e9e04e528e02ccdf.jpg","","WhatsApp",""
"https://www.hepsiemlak.com/denizli-pamukkale-zeytinkoy-kiralik/daire/117872-1332","1 / 8","14.000","07/07/2026","Cerrahi Altında 1+1 Lüks Apart","Kiralık Daire","1 + 1","50 m²","4 Yaşında","2. Kat","Denizli / Pamukkale / Zeytinköy Mah.","https://hecdnnw.hemlak.com/mncropresize/77/67/logo/2/7/8/7/1/1/b4229171-3452-43ca-928b-3e98a5d6f19d.jpg","Aybüke Gayrimenkul","WhatsApp",""
"https://www.hepsiemlak.com/denizli-pamukkale-asmalievler-kiralik/daire/133492-289","1 / 6","7.500","04/09/2026","Asmalıevler Eşyalı Apart Daire","Kiralık Daire","Stüdyo","50 m²","5 Yaşında","Ara Kat","Denizli / Pamukkale / Asmalıevler Mah.","","","WhatsApp",""
"https://www.hepsiemlak.com/denizli-pamukkale-zeytinkoy-kiralik/daire/159501-184","1 / 22","14.000","13/08/2026","Denizli Zeytinköy Mahallesi Üniversite'ye 5 Dk Depozitosuz 2+1 Sıfır Eşyalı Apart","Kiralık Daire","2 + 1","60 m²","11 Yaşında","1. Kat","Denizli / Pamukkale / Zeytinköy Mah.","","","WhatsApp",""
"https://www.hepsiemlak.com/denizli-pamukkale-asmalievler-kiralik/daire/164830-101","1 / 9","13.500","18/08/2026","Asmalıevlerde 1+1 Arakat Balkonlu Daire","Kiralık Daire","1 + 1","45 m²","6 Yaşında","2. Kat","Denizli / Pamukkale / Asmalıevler Mah.","https://hecdn01.hemlak.com/mncropresize/182/137/ds01/9/8/8/6/8/7/6/4/72ae7359-2797-4e0b-ba56-6a8b1320b567.jpg","Birikim Gayrimenkul","WhatsApp","https://hecdnnw.hemlak.com/mncropresize/77/67/logo/0/3/8/4/6/1/ec531e2b-bdf0-4c24-9b25-e83c73ae7126.jpg"
"https://www.hepsiemlak.com/denizli-pamukkale-zeytinkoy-kiralik/daire/133492-285","1 / 6","13.000","20/08/2026","Zeytinköy De 1+1 Eşyalı Apart","Kiralık Daire","1 + 1","50 m²","5 Yaşında","1. Kat","Denizli / Pamukkale / Zeytinköy Mah.","https://www.hepsiemlak.com/_nuxt/8cafc93fb5c74c75e9e04e528e02ccdf.jpg","","WhatsApp",""
"https://www.hepsiemlak.com/denizli-pamukkale-incilipinar-kiralik/daire/4766-18700","1 / 10","10.000","14/08/2026","Ender Uysal Gayrimenkulden İncilipınar Da 1+1 Geniş Bahçekatı Apart..","Kiralık Daire","1 + 1","55 m²","4 Yaşında","Bahçe Katı","Denizli / Pamukkale / İncilipınar Mah.","https://www.hepsiemlak.com/_nuxt/8cafc93fb5c74c75e9e04e528e02ccdf.jpg","","WhatsApp",""
"https://www.hepsiemlak.com/denizli-pamukkale-asmalievler-kiralik/daire/133492-279","1 / 6","12.500","21/08/2026","Asmalıevler De Kiralık 2+1 Eşyalı Apart","Kiralık Daire","2 + 1","60 m²","6 Yaşında","Ara Kat","Denizli / Pamukkale / Asmalıevler Mah.","https://www.hepsiemlak.com/_nuxt/8cafc93fb5c74c75e9e04e528e02ccdf.jpg","","WhatsApp",""
"https://www.hepsiemlak.com/denizli-pamukkale-asmalievler-kiralik/daire/133492-275","1 / 6","14.000","21/08/2026","Asmalıevler De Kiralık 2+1 Eşyalı Apart Daireler","Kiralık Daire","2 + 1","60 m²","6 Yaşında","Ara Kat","Denizli / Pamukkale / Asmalıevler Mah.","https://www.hepsiemlak.com/_nuxt/8cafc93fb5c74c75e9e04e528e02ccdf.jpg","","WhatsApp",""
"https://www.hepsiemlak.com/denizli-pamukkale-kinikli-kiralik/daire/4766-18821","1 / 8","16.000","02/09/2026","Ender Uysal Gayrimenkulden Kınıklıda Kiralık Klimalı Arakat Apart...19666003...Yetki Belge No 204708","Kiralık Daire","1 + 1","45 m²","15 Yaşında","2. Kat","Denizli / Pamukkale / Kınıklı Mah.","https://www.hepsiemlak.com/_nuxt/8cafc93fb5c74c75e9e04e528e02ccdf.jpg","","WhatsApp",""
"https://www.hepsiemlak.com/denizli-pamukkale-mehmetcik-kiralik/daire/4766-18817","1 / 8","15.000","01/09/2026","Ender Uysal Gayrimenkulden Foruma Yakın 1+1 Balkonlu Kiralık Apart.","Kiralık Daire","1 + 1","45 m²","3 Yaşında","1. Kat","Denizli / Pamukkale / Mehmetçik Mah.","https://www.hepsiemlak.com/_nuxt/8cafc93fb5c74c75e9e04e528e02ccdf.jpg","","WhatsApp",""
"https://www.hepsiemlak.com/denizli-merkezefendi-sirakapilar-kiralik/daire/164830-106","1 / 5","9.000","10/07/2026","Devlet Hastanesi Karşısı 1+0 Klimalı Yerden Isıtma Apart","Kiralık Daire","Stüdyo","35 m²","6 Yaşında","1. Kat","Denizli / Merkezefendi / Sırakapılar Mah.","https://www.hepsiemlak.com/_nuxt/8cafc93fb5c74c75e9e04e528e02ccdf.jpg","Birikim Gayrimenkul","WhatsApp","https://www.hepsiemlak.com/_nuxt/8cafc93fb5c74c75e9e04e528e02ccdf.jpg"
"https://www.hepsiemlak.com/denizli-merkezefendi-karahasanli-kiralik/daire/91390-2515","1 / 21","22.000","26/06/2026","Şehzade Gayrimenkul'den Karahasanlı Mah. 1+1 Kiralık Apart","Kiralık Daire","1 + 1","50 m²","2 Yaşında","1. Kat","Denizli / Merkezefendi / Karahasanlı Mah.","https://www.hepsiemlak.com/_nuxt/8cafc93fb5c74c75e9e04e528e02ccdf.jpg","Şehzade Gayrimenkul","WhatsApp","https://www.hepsiemlak.com/_nuxt/8cafc93fb5c74c75e9e04e528e02ccdf.jpg"
"https://www.hepsiemlak.com/denizli-pamukkale-yunusemre-kiralik/daire/4766-18808","1 / 8","13.000","29/08/2026","Ender Uysal Gayrimenkulden Yunusemrede 1+1 Asansörlü Yakıt Aidat İnternet Dahil Kiralık Daire Yetki","Kiralık Daire","1 + 1","47 m²","5 Yaşında","1. Kat","Denizli / Pamukkale / Yunusemre Mah.","https://www.hepsiemlak.com/_nuxt/8cafc93fb5c74c75e9e04e528e02ccdf.jpg","","WhatsApp",""
"https://www.hepsiemlak.com/denizli-pamukkale-hacikaplanlar-kiralik/daire/151348-492","1 / 6","16.000","18/06/2026","Hacıkaplanlar Emniyet Karşısı 1+1 Kiralık Apart","Kiralık Daire","1 + 1","65 m²","6 Yaşında","4. Kat","Denizli / Pamukkale / Hacıkaplanlar Mah.","https://www.hepsiemlak.com/_nuxt/8cafc93fb5c74c75e9e04e528e02ccdf.jpg","Blue Sky Gayrimenkul","WhatsApp","https://www.hepsiemlak.com/_nuxt/8cafc93fb5c74c75e9e04e528e02ccdf.jpg"
"https://www.hepsiemlak.com/denizli-merkezefendi-semikler-kiralik/daire/91390-2594","1 / 20","24.000","29/06/2026","Şehzade'den șemikler Geniș Ve Kullanıșlı Kiralık Daire","Kiralık Daire","4 + 1","250 m²","16 Yaşında","4. Kat","Denizli / Merkezefendi / Şemikler Mah.","https://www.hepsiemlak.com/_nuxt/8cafc93fb5c74c75e9e04e528e02ccdf.jpg","Şehzade Gayrimenkul","WhatsApp","https://www.hepsiemlak.com/_nuxt/8cafc93fb5c74c75e9e04e528e02ccdf.jpg"
"https://www.hepsiemlak.com/denizli-pamukkale-yunusemre-kiralik/daire/88741-183","1 / 8","23.000","19/08/2026","Kınıklı Yunus Emre De 70m² 2+1 Luks Kiralık Apart","Kiralık Daire","2 + 1","70 m²","6 Yaşında","2. Kat","Denizli / Pamukkale / Yunusemre Mah.","https://www.hepsiemlak.com/_nuxt/8cafc93fb5c74c75e9e04e528e02ccdf.jpg","","WhatsApp",""
"https://www.hepsiemlak.com/denizli-merkezefendi-karahasanli-kiralik/daire/162589-398","1 / 7","13.000","12/07/2026","Karahasanlı Erdoğan Toki'lerde Kiralık Daire","Kiralık Daire","2 + 1","80 m²","11 Yaşında","2. Kat","Denizli / Merkezefendi / Karahasanlı Mah.","https://www.hepsiemlak.com/_nuxt/8cafc93fb5c74c75e9e04e528e02ccdf.jpg","Toprak Dünyası Gayrimenkul","WhatsApp","https://www.hepsiemlak.com/_nuxt/8cafc93fb5c74c75e9e04e528e02ccdf.jpg"
"https://www.hepsiemlak.com/denizli-pamukkale-zeytinkoy-kiralik/daire/4766-18699","1 / 15","23.000","08/08/2026","Ender Uysal Gayrimenkulden Zeytinköy De 1.5+1 Lüx Eşyalı Balkonlu Klimalı Kiralık Apart.","Kiralık Daire","1 + 1","60 m²","2 Yaşında","2. Kat","Denizli / Pamukkale / Zeytinköy Mah.","https://www.hepsiemlak.com/_nuxt/8cafc93fb5c74c75e9e04e528e02ccdf.jpg","","WhatsApp",""
"https://www.hepsiemlak.com/denizli-pamukkale-yunusemre-kiralik/daire/4766-18718","1 / 14","30.000","05/08/2026","Ender Uysal Gayrimenkulden Üniversiteye Çok Yakın 2+1 Klimalı Asansörlü Lüx Kiralık Apart..","Kiralık Daire","2 + 1","75 m²","4 Yaşında","2. Kat","Denizli / Pamukkale / Yunusemre Mah.","https://www.hepsiemlak.com/_nuxt/8cafc93fb5c74c75e9e04e528e02ccdf.jpg","","WhatsApp",""
"https://www.hepsiemlak.com/denizli-pamukkale-asmalievler-kiralik/daire/4766-18731","1 / 11","14.500","08/08/2026","Ender Uysal Gayrimenkulden Asmalıevler De 2+1 Kiralık Bahçe Katı Apart...","Kiralık Daire","2 + 1","70 m²","15 Yaşında","Bahçe Katı","Denizli / Pamukkale / Asmalıevler Mah.","https://www.hepsiemlak.com/_nuxt/8cafc93fb5c74c75e9e04e528e02ccdf.jpg","","WhatsApp",""
"https://www.hepsiemlak.com/denizli-merkezefendi-degirmenonu-kiralik/daire/4766-18722","1 / 11","10.000","06/08/2026","Ender Uysal Gayrimenkulden Kiralık Değirmenönü Eşyalı Apart..","Kiralık Daire","1 + 1","45 m²","3 Yaşında","Bahçe Katı","Denizli / Merkezefendi / Değirmenönü Mah.","https://www.hepsiemlak.com/_nuxt/8cafc93fb5c74c75e9e04e528e02ccdf.jpg","","WhatsApp",""
"https://www.hepsiemlak.com/denizli-pamukkale-siteler-kiralik/daire/4766-18693","1 / 10","9.000","08/08/2026","Ender Uysal Gayrimenkulden Sitelerde Sıfır Eşyalı 60 M2 Geniş 1+0 Kiralık Apart..","Kiralık Daire","Stüdyo","55 m²","5 Yaşında","Bahçe Katı","Denizli / Pamukkale / Siteler Mah.","https://www.hepsiemlak.com/_nuxt/8cafc93fb5c74c75e9e04e528e02ccdf.jpg","","WhatsApp",""
"https://www.hepsiemlak.com/denizli-pamukkale-yunusemre-kiralik/daire/4766-18690","1 / 10","26.000","28/07/2026","Ender Uysal Gayrimenkulden Üniversiteye Yakın 2+1 Lüx Arakat Balkonlu Apart.","Kiralık Daire","2 + 1","75 m²","10 Yaşında","3. Kat","Denizli / Pamukkale / Yunusemre Mah.","https://www.hepsiemlak.com/_nuxt/8cafc93fb5c74c75e9e04e528e02ccdf.jpg","","WhatsApp",""
"https://www.hepsiemlak.com/denizli-pamukkale-kayihan-kiralik/daire/4766-18658","1 / 10","20.000","17/07/2026","Ender Uysal Gayrimenkulden Kayıhan Da 2+1 Kiralık Daire","Kiralık Daire","2 + 1","100 m²","10 Yaşında","1. Kat","Denizli / Pamukkale / Kayıhan Mah.","https://www.hepsiemlak.com/_nuxt/8cafc93fb5c74c75e9e04e528e02ccdf.jpg","","WhatsApp",""
"https://www.hepsiemlak.com/denizli-pamukkale-siteler-kiralik/daire/4766-18732","1 / 9","12.000","08/08/2026","Ender Uysal Gayrimenkulden Siteler De Kiralık 2+0 Geniş Apart...","Kiralık Daire","1 + 1","55 m²","10 Yaşında","3. Kat","Denizli / Pamukkale / Siteler Mah.","","","WhatsApp",""
"https://www.hepsiemlak.com/denizli-pamukkale-yunusemre-kiralik/daire/4766-18713","1 / 9","19.000","03/08/2026","Ender Uysal Gayrimenkulden Yunusemre De 2+1 Klimalı Asansörlü Kiralık Eşyalı Daire","Kiralık Daire","2 + 1","130 m²","10 Yaşında","4. Kat","Denizli / Pamukkale / Yunusemre Mah.","","","WhatsApp",""
"https://www.hepsiemlak.com/denizli-pamukkale-mehmetcik-kiralik/daire/4766-18708","1 / 9","12.000","01/08/2026","Ender Uysal Gayrimenkulden İstiklal De İncilipınar Parkına Çok Yakın 1+1 Geniş Kiralık Apart","Kiralık Daire","1 + 1","45 m²","4 Yaşında","1. Kat","Denizli / Pamukkale / Mehmetçik Mah.","","","WhatsApp",""
"https://www.hepsiemlak.com/denizli-pamukkale-siteler-kiralik/daire/4766-18610","1 / 13","15.000","26/06/2026","Ender Uysal Gayrimenkulden Sitelerde 3+1 Kiralık Daire...","Kiralık Daire","3 + 1","140 m²","15 Yaşında","3. Kat","Denizli / Pamukkale / Siteler Mah.","https://hecdn01.hemlak.com/mncropresize/182/137/ds01/3/7/7/3/3/8/6/4/4be8ee72-cb4e-4292-965e-af8d2e416144.jpg","","WhatsApp",""
"https://www.hepsiemlak.com/denizli-pamukkale-kinikli-kiralik/daire/4766-18665","1 / 11","18.000","18/07/2026","Ender Uysal Gayrimenkulden Kınıklı Da 2+1 Eşyalı Kiralık Daire...","Kiralık Daire","2 + 1","130 m²","25 Yaşında","Çatı Katı","Denizli / Pamukkale / Kınıklı Mah.","https://www.hepsiemlak.com/_nuxt/8cafc93fb5c74c75e9e04e528e02ccdf.jpg","","WhatsApp",""
"https://www.hepsiemlak.com/denizli-pamukkale-yunusemre-kiralik/daire/4766-18591","1 / 9","16.500","19/06/2026","Ender Uysal Gayrimenkulden Yunusemre De 1+1 Klimalı Kiralık Apart..","Kiralık Daire","1 + 1","45 m²","3 Yaşında","2. Kat","Denizli / Pamukkale / Yunusemre Mah.","https://www.hepsiemlak.com/_nuxt/8cafc93fb5c74c75e9e04e528e02ccdf.jpg","","WhatsApp",""
"https://www.hepsiemlak.com/denizli-pamukkale-15-mayis-kiralik/daire/4766-18675","1 / 8","10.000","24/07/2026","15 Mayıs Mahallesi'nde Merkezi Konumda Kiralık 2+1 Daire","Kiralık Daire","2 + 1","135 m²","35 Yaşında","Bodrum","Denizli / Pamukkale / 15 Mayıs Mah.","https://www.hepsiemlak.com/_nuxt/8cafc93fb5c74c75e9e04e528e02ccdf.jpg","","WhatsApp",""
"https://www.hepsiemlak.com/denizli-pamukkale-istiklal-kiralik/daire/4766-18609","1 / 8","12.000","27/08/2026","Ender Uysal Gayrimenkulden İstiklal De İncilipınar Parkına Çok Yakın 1+1 Geniş Kiralık Apart","Kiralık Daire","1 + 1","45 m²","4 Yaşında","1. Kat","Denizli / Pamukkale / İstiklal Mah.","https://www.hepsiemlak.com/_nuxt/8cafc93fb5c74c75e9e04e528e02ccdf.jpg","","WhatsApp",""
"https://www.hepsiemlak.com/denizli-pamukkale-kinikli-kiralik/daire/4766-18577","1 / 7","3.100.000","21/08/2026","🏠 İncilipınar’ın Kalbinde | Cam Balkonlu, Masrafsız Satılık Ara Kat 2+1","Kiralık Daire","2 + 1","85 m²","3 Yaşında","2. Kat","Denizli / Pamukkale / Kınıklı Mah.","https://www.hepsiemlak.com/_nuxt/8cafc93fb5c74c75e9e04e528e02ccdf.jpg","","WhatsApp",""
"https://www.hepsiemlak.com/denizli-pamukkale-siteler-kiralik/daire/4766-18599","1 / 9","11.000","24/06/2026","Ender Uysal Gayrimenkulden Siteler De 1+1 Kiralık Eşyalı Çatı Katı....","Kiralık Daire","1 + 1","40 m²","25 Yaşında","Çatı Katı","Denizli / Pamukkale / Siteler Mah.","https://www.hepsiemlak.com/_nuxt/8cafc93fb5c74c75e9e04e528e02ccdf.jpg","","WhatsApp",""
"https://www.hepsiemlak.com/denizli-pamukkale-kinikli-kiralik/daire/4766-18629","1 / 8","14.000","04/07/2026","Ender Uysal Gayrimenkulden Kınıklıda Kiralık Klimalı Arakat Apart.","Kiralık Daire","1 + 1","45 m²","15 Yaşında","2. Kat","Denizli / Pamukkale / Kınıklı Mah.","https://www.hepsiemlak.com/_nuxt/8cafc93fb5c74c75e9e04e528e02ccdf.jpg","","WhatsApp",""